site_name,sensor_X,sensor_Y,wavelength,var_name,n_clean,n_no_out,n_w_nm,n_w_nm_clean,Slope,Slope_log,Slope_II_low,Slope_II,Slope_II_high,Slope_II_int_low,Slope_II_int,Slope_II_int_high,Slope_II_p,Slope_II_slope_bias_sig,Slope_II_int_bias_sig,RMSE,MSA,MAPE,MRD_25,MRD_50,MRD_75,MARD_25,MARD_50,MARD_75,Bias_25,Bias_50,Bias_75,Error_25,Error_50,Error_75
MAFR,HYPERNETS,AQUA,412,RHOW,3,3,2,2,0.4092,0.7445,NA,NA,NA,NA,NA,NA,NA,NA,NA,0.011739,0.011126,44.6256,-0.465024,-0.446256,-0.427487,0.427487,0.446256,0.465024,-87.2549,-81.0051,-74.9639,74.9639,81.0051,87.2549
MAFR,HYPERNETS,AQUA,443,RHOW,3,3,2,2,0.5857,0.8075,NA,NA,NA,NA,NA,NA,NA,NA,NA,0.010585,0.009877,27.0657,-0.289391,-0.270657,-0.251924,0.251924,0.270657,0.289391,-40.8663,-37.291,-33.8065,33.8065,37.291,40.8663
MAFR,HYPERNETS,AQUA,469,RHOW,3,3,2,2,0.7296,0.9072,NA,NA,NA,NA,NA,NA,NA,NA,NA,0.009004,0.008574,19.4194,-0.20316,-0.194194,-0.185228,0.185228,0.194194,0.20316,-25.5191,-24.13,-22.7563,22.7563,24.13,25.5191
MAFR,HYPERNETS,AQUA,488,RHOW,3,3,2,2,0.7253,0.8806,NA,NA,NA,NA,NA,NA,NA,NA,NA,0.009522,0.00906,17.4697,-0.185245,-0.174697,-0.16415,0.16415,0.174697,0.185245,-22.7667,-21.2073,-19.6677,19.6677,21.2073,22.7667
MAFR,HYPERNETS,AQUA,531,RHOW,3,3,2,2,0.8204,0.9124,NA,NA,NA,NA,NA,NA,NA,NA,NA,0.007412,0.006937,9.9378,-0.108051,-0.099378,-0.090705,0.090705,0.099378,0.108051,-12.1297,-11.0549,-9.9905,9.9905,11.0549,12.1297
MAFR,HYPERNETS,AQUA,547,RHOW,3,3,2,2,0.797,0.9263,NA,NA,NA,NA,NA,NA,NA,NA,NA,0.011468,0.010836,13.8223,-0.146079,-0.138223,-0.130366,0.130366,0.138223,0.146079,-17.1216,-16.0585,-15.0051,15.0051,16.0585,17.1216
MAFR,HYPERNETS,AQUA,645,RHOW,3,3,2,2,0.7246,0.9372,NA,NA,NA,NA,NA,NA,NA,NA,NA,0.017567,0.014553,21.9218,-0.235655,-0.219218,-0.20278,0.20278,0.219218,0.235655,-30.9194,-28.1903,-25.5182,25.5182,28.1903,30.9194
MAFR,HYPERNETS,AQUA,667,RHOW,3,3,2,2,0.7192,0.8997,NA,NA,NA,NA,NA,NA,NA,NA,NA,0.016059,0.012468,18.3382,-0.214963,-0.183382,-0.151801,0.151801,0.183382,0.214963,-27.6772,-22.8242,-18.1557,18.1557,22.8242,27.6772
MAFR_pixel,HYPERNETS,AQUA,412,RHOW,5,5,2,2,0.0937,0.1171,NA,NA,NA,NA,NA,NA,NA,NA,NA,0.00554,0.004564,30.2254,-0.27533,-0.124204,0.026923,0.240152,0.302254,0.364356,-45.6414,-21.6565,-1.6215,29.9366,43.3175,58.0763
MAFR_pixel,HYPERNETS,AQUA,443,RHOW,5,5,2,2,-0.0042,-0.0039,NA,NA,NA,NA,NA,NA,NA,NA,NA,0.00671,0.006684,40.3057,-0.032346,0.169183,0.370711,0.318465,0.403057,0.487648,-9.0549,9.7512,31.3603,36.7428,43.2548,50.0769
MAFR_pixel,HYPERNETS,AQUA,469,RHOW,5,5,2,2,-0.0118,-0.0104,NA,NA,NA,NA,NA,NA,NA,NA,NA,0.008278,0.007949,38.1303,0.019999,0.210651,0.401303,0.275978,0.381303,0.486629,-2.4389,14.9036,35.2484,29.2499,38.547,48.5128
MAFR_pixel,HYPERNETS,AQUA,488,RHOW,5,5,2,2,0.023,0.0204,NA,NA,NA,NA,NA,NA,NA,NA,NA,0.00922,0.008757,33.8356,0.022031,0.191209,0.360387,0.242751,0.338356,0.43396,-1.3217,14.2145,32.1735,25.3101,33.9204,43.1223
MAFR_pixel,HYPERNETS,AQUA,531,RHOW,5,5,2,2,0.1187,0.0997,NA,NA,NA,NA,NA,NA,NA,NA,NA,0.012361,0.010629,33.7218,0.086697,0.255306,0.423915,0.209565,0.337218,0.464871,5.3621,20.9164,38.7668,19.7729,31.7046,44.825
MAFR_pixel,HYPERNETS,AQUA,547,RHOW,5,5,2,2,0.1305,0.1122,NA,NA,NA,NA,NA,NA,NA,NA,NA,0.012665,0.011404,33.0739,0.061182,0.226551,0.391921,0.217464,0.330739,0.444015,2.862,18.1118,35.6224,21.3192,31.8489,43.2924
MAFR_pixel,HYPERNETS,AQUA,555,RHOW,5,5,2,2,0.1084,0.0978,NA,NA,NA,NA,NA,NA,NA,NA,NA,0.012468,0.012037,32.4398,0.010074,0.172273,0.334472,0.238261,0.324398,0.410534,-2.3221,12.6494,29.8457,25.1793,32.8609,41.0138
MAFR_pixel,HYPERNETS,AQUA,645,RHOW,5,5,2,2,0.0882,0.0604,NA,NA,NA,NA,NA,NA,NA,NA,NA,0.009648,0.008819,116.4766,0.388551,0.970934,1.553317,0.679299,1.164766,1.650233,13.2147,58.9937,123.2838,56.41,97.2216,148.6821
MAFR_pixel,HYPERNETS,AQUA,667,RHOW,5,5,2,2,0.0886,0.0563,NA,NA,NA,NA,NA,NA,NA,NA,NA,0.008424,0.007596,150.1536,0.559445,1.310213,2.060981,0.84643,1.501536,2.156643,19.155,75.5697,158.6943,63.8514,117.1075,187.6733
MAFR_pixel,HYPERNETS,AQUA,678,RHOW,5,5,2,2,0.0735,0.0449,NA,NA,NA,NA,NA,NA,NA,NA,NA,0.008343,0.00733,161.3135,0.63529,1.441858,2.248426,0.892206,1.613135,2.334064,23.255,83.3157,172.6434,63.3768,121.2027,199.4955
MAFR_raw,HYPERNETS,AQUA,412,RHOW,5,5,2,2,0.0937,0.1171,NA,NA,NA,NA,NA,NA,NA,NA,NA,0.00554,0.004564,30.2254,-0.27533,-0.124204,0.026923,0.240152,0.302254,0.364356,-45.6414,-21.6565,-1.6215,29.9366,43.3175,58.0763
MAFR_raw,HYPERNETS,AQUA,443,RHOW,5,5,2,2,-0.0042,-0.0039,NA,NA,NA,NA,NA,NA,NA,NA,NA,0.00671,0.006684,40.3057,-0.032346,0.169183,0.370711,0.318465,0.403057,0.487648,-9.0549,9.7512,31.3603,36.7428,43.2548,50.0769
MAFR_raw,HYPERNETS,AQUA,469,RHOW,5,5,2,2,-0.0118,-0.0104,NA,NA,NA,NA,NA,NA,NA,NA,NA,0.008278,0.007949,38.1303,0.019999,0.210651,0.401303,0.275978,0.381303,0.486629,-2.4389,14.9036,35.2484,29.2499,38.547,48.5128
MAFR_raw,HYPERNETS,AQUA,488,RHOW,5,5,2,2,0.023,0.0204,NA,NA,NA,NA,NA,NA,NA,NA,NA,0.00922,0.008757,33.8356,0.022031,0.191209,0.360387,0.242751,0.338356,0.43396,-1.3217,14.2145,32.1735,25.3101,33.9204,43.1223
MAFR_raw,HYPERNETS,AQUA,531,RHOW,5,5,2,2,0.1187,0.0997,NA,NA,NA,NA,NA,NA,NA,NA,NA,0.012361,0.010629,33.7218,0.086697,0.255306,0.423915,0.209565,0.337218,0.464871,5.3621,20.9164,38.7668,19.7729,31.7046,44.825
MAFR_raw,HYPERNETS,AQUA,547,RHOW,5,5,2,2,0.1305,0.1122,NA,NA,NA,NA,NA,NA,NA,NA,NA,0.012665,0.011404,33.0739,0.061182,0.226551,0.391921,0.217464,0.330739,0.444015,2.862,18.1118,35.6224,21.3192,31.8489,43.2924
MAFR_raw,HYPERNETS,AQUA,555,RHOW,5,5,2,2,0.1084,0.0978,NA,NA,NA,NA,NA,NA,NA,NA,NA,0.012468,0.012037,32.4398,0.010074,0.172273,0.334472,0.238261,0.324398,0.410534,-2.3221,12.6494,29.8457,25.1793,32.8609,41.0138
MAFR_raw,HYPERNETS,AQUA,645,RHOW,5,5,2,2,0.0882,0.0604,NA,NA,NA,NA,NA,NA,NA,NA,NA,0.009648,0.008819,116.4766,0.388551,0.970934,1.553317,0.679299,1.164766,1.650233,13.2147,58.9937,123.2838,56.41,97.2216,148.6821
MAFR_raw,HYPERNETS,AQUA,667,RHOW,5,5,2,2,0.0886,0.0563,NA,NA,NA,NA,NA,NA,NA,NA,NA,0.008424,0.007596,150.1536,0.559445,1.310213,2.060981,0.84643,1.501536,2.156643,19.155,75.5697,158.6943,63.8514,117.1075,187.6733
MAFR_raw,HYPERNETS,AQUA,678,RHOW,5,5,2,2,0.0735,0.0449,NA,NA,NA,NA,NA,NA,NA,NA,NA,0.008343,0.00733,161.3135,0.63529,1.441858,2.248426,0.892206,1.613135,2.334064,23.255,83.3157,172.6434,63.3768,121.2027,199.4955
THFR,HYPERNETS,AQUA,412,RHOW,103,17,4,4,0.8821,0.8542,0.5989,3.6342,22.051,-0.080541,-0.010948,5.22e-4,NA,FALSE,FALSE,0.002002,0.001746,46.5716,-0.565913,-0.322058,-0.024483,0.337125,0.437322,0.565913,-152.0824,-51.6728,-5.2714,34.2308,63.7571,152.0824
THFR,HYPERNETS,AQUA,443,RHOW,103,17,4,4,-2.1183,-2.337,-34.4039,-5.8833,-1.0061,0.009554,0.032797,0.168715,NA,TRUE,TRUE,0.001707,0.00127,26.4047,-0.137565,-0.028838,0.117145,0.030531,0.242904,0.47642,-19.2033,-2.97,9.3529,3.1498,26.3477,61.1761
THFR,HYPERNETS,AQUA,469,RHOW,103,17,4,4,-4.7006,-5.2718,-14.228,-5.1223,-1.8441,0.016804,0.036714,0.092018,NA,TRUE,TRUE,0.001853,0.001539,25.2049,-0.254935,-0.091061,0.100101,0.148518,0.279337,0.382869,-35.7551,-10.7314,9.0474,17.9113,30.1224,45.7969
THFR,HYPERNETS,AQUA,488,RHOW,103,17,4,4,-2.8646,-2.8814,-5.4327,-2.9336,-1.5841,0.019022,0.029041,0.047594,NA,TRUE,TRUE,0.001855,0.001631,22.1452,-0.180942,-0.033035,0.14201,0.118017,0.227349,0.330784,-22.733,-3.9909,13.5444,13.3059,25.4778,38.895
THFR,HYPERNETS,AQUA,531,RHOW,103,17,4,4,-0.5485,-0.497,-4.9174,-0.9518,-0.1842,0.013028,0.020793,0.060913,NA,TRUE,TRUE,0.002625,0.002207,23.3916,-0.065669,0.090697,0.291806,0.131282,0.189172,0.291806,-7.2367,8.3676,28.5321,15.3473,20.5244,28.5321
THFR,HYPERNETS,AQUA,547,RHOW,103,17,4,4,-0.0842,-0.0783,-5.0052,-0.8057,-0.1297,0.013636,0.021354,0.069303,NA,TRUE,TRUE,0.002716,0.002369,22.2579,-0.091859,0.048129,0.239407,0.132752,0.17129,0.261117,-10.3214,4.2478,23.1797,13.3002,19.1946,28.8332
THFR,HYPERNETS,AQUA,645,RHOW,103,17,4,4,0.1775,0.1313,0.1614,0.9922,6.1014,-0.017047,5.58e-4,0.003421,NA,FALSE,FALSE,0.001278,0.001118,35.6746,-0.028212,0.186802,0.444031,0.203477,0.290762,0.444031,-3.9682,17.8602,43.0925,25.0162,33.4559,44.4692
THFR,HYPERNETS,AQUA,667,RHOW,103,17,4,4,0.0537,0.023,0.1086,0.6762,4.2099,-0.009807,0.001803,0.003668,NA,FALSE,FALSE,0.001207,8.72e-4,34.4577,0.041265,0.148504,0.418169,0.074912,0.148504,0.418169,3.9285,14.6304,38.2505,7.6123,14.6304,38.2505
THFR_pixel,HYPERNETS,AQUA,469,RHOW,44,9,1,1,NA,NA,NA,NA,NA,NA,NA,NA,NA,NA,NA,NA,NA,NA,NA,NA,NA,NA,NA,NA,NA,NA,NA,NA,NA,NA
THFR_pixel,HYPERNETS,AQUA,488,RHOW,44,9,1,1,NA,NA,NA,NA,NA,NA,NA,NA,NA,NA,NA,NA,NA,NA,NA,NA,NA,NA,NA,NA,NA,NA,NA,NA,NA,NA
THFR_pixel,HYPERNETS,AQUA,531,RHOW,44,9,2,2,7.113,7.7195,NA,NA,NA,NA,NA,NA,NA,NA,NA,0.00106,8.92e-4,11.4414,-0.131739,-0.074532,-0.017325,0.077148,0.114414,0.15168,-15.8689,-8.8888,-2.3292,8.5114,13.2314,18.1568
THFR_pixel,HYPERNETS,AQUA,547,RHOW,44,9,2,2,29.604,30.758,NA,NA,NA,NA,NA,NA,NA,NA,NA,0.001179,0.001153,14.0728,-0.101262,-0.030898,0.039466,0.125279,0.140728,0.156177,-12.206,-4.2938,3.157,13.3407,15.7484,18.2073
THFR_pixel,HYPERNETS,AQUA,555,RHOW,44,9,2,2,-107.5441,-115.0519,NA,NA,NA,NA,NA,NA,NA,NA,NA,0.001256,0.00116,14.0722,-0.128505,-0.058144,0.012217,0.11165,0.140722,0.169794,-15.7727,-7.3786,0.4085,12.1807,16.2457,20.458
THFR_pixel,HYPERNETS,AQUA,645,RHOW,44,9,1,1,NA,NA,NA,NA,NA,NA,NA,NA,NA,NA,NA,NA,NA,NA,NA,NA,NA,NA,NA,NA,NA,NA,NA,NA,NA,NA
THFR_pixel,HYPERNETS,AQUA,667,RHOW,44,9,1,1,NA,NA,NA,NA,NA,NA,NA,NA,NA,NA,NA,NA,NA,NA,NA,NA,NA,NA,NA,NA,NA,NA,NA,NA,NA,NA
THFR_pixel,HYPERNETS,AQUA,678,RHOW,44,9,1,1,NA,NA,NA,NA,NA,NA,NA,NA,NA,NA,NA,NA,NA,NA,NA,NA,NA,NA,NA,NA,NA,NA,NA,NA,NA,NA
THFR_NE,HYPERNETS,AQUA,531,RHOW,4,4,1,1,NA,NA,NA,NA,NA,NA,NA,NA,NA,NA,NA,NA,NA,NA,NA,NA,NA,NA,NA,NA,NA,NA,NA,NA,NA,NA
THFR_NE,HYPERNETS,AQUA,547,RHOW,4,4,1,1,NA,NA,NA,NA,NA,NA,NA,NA,NA,NA,NA,NA,NA,NA,NA,NA,NA,NA,NA,NA,NA,NA,NA,NA,NA,NA
THFR_NE,HYPERNETS,AQUA,555,RHOW,4,4,1,1,NA,NA,NA,NA,NA,NA,NA,NA,NA,NA,NA,NA,NA,NA,NA,NA,NA,NA,NA,NA,NA,NA,NA,NA,NA,NA
THFR_poly,HYPERNETS,AQUA,443,RHOW,11,11,2,2,-3.3924,-26.5342,NA,NA,NA,NA,NA,NA,NA,NA,NA,0.003702,0.003685,85.9908,-0.893933,-0.859908,-0.825882,0.825882,0.859908,0.893933,-964.685,-716.6329,-526.3724,526.3724,716.6329,964.685
THFR_poly,HYPERNETS,AQUA,469,RHOW,11,11,2,2,-0.763,-2.9474,NA,NA,NA,NA,NA,NA,NA,NA,NA,0.004457,0.004359,72.7698,-0.773753,-0.727698,-0.681643,0.681643,0.727698,0.773753,-365.3707,-290.2433,-227.2441,227.2441,290.2433,365.3707
THFR_poly,HYPERNETS,AQUA,488,RHOW,11,11,2,2,-0.8008,-2.0441,NA,NA,NA,NA,NA,NA,NA,NA,NA,0.004996,0.004521,56.8038,-0.664325,-0.568038,-0.471751,0.471751,0.568038,0.664325,-228.6875,-158.6245,-103.4962,103.4962,158.6245,228.6875
THFR_poly,HYPERNETS,AQUA,531,RHOW,11,11,3,3,0.3438,0.8748,0.0392,0.9257,21.8792,-0.178713,-0.002101,0.005371,NA,FALSE,FALSE,0.003845,0.003098,35.5601,-0.498873,-0.476748,-0.203846,0.272902,0.476748,0.498873,-99.7448,-91.1126,-33.704,42.9371,91.1126,99.7448
THFR_poly,HYPERNETS,AQUA,547,RHOW,11,11,3,3,0.1392,0.3669,0.0307,0.7682,19.2301,-0.160757,-2.4e-5,0.006397,NA,FALSE,FALSE,0.003722,0.002868,28.7143,-0.355535,-0.202789,-0.026214,0.176574,0.202789,0.355535,-59.7183,-25.4373,-4.4231,20.1241,25.4373,59.7183
THFR_poly,HYPERNETS,AQUA,555,RHOW,11,11,3,3,0.098,0.425,0.0347,0.8777,22.2001,-0.188534,-0.00193,0.005448,NA,FALSE,FALSE,0.004548,0.003534,37.0228,-0.506671,-0.405575,-0.154117,0.251458,0.405575,0.506671,-107.0998,-68.2298,-23.8171,35.8696,68.2298,107.0998
THFR_poly,HYPERNETS,AQUA,645,RHOW,11,11,1,1,NA,NA,NA,NA,NA,NA,NA,NA,NA,NA,NA,NA,NA,NA,NA,NA,NA,NA,NA,NA,NA,NA,NA,NA,NA,NA
THFR_poly,HYPERNETS,AQUA,667,RHOW,11,11,2,2,-1.7047,-2.8514,NA,NA,NA,NA,NA,NA,NA,NA,NA,0.001494,0.001271,50.5817,-0.492169,-0.239261,0.013648,0.386186,0.505817,0.625447,-162.7467,-75.9881,-17.8771,68.022,122.8988,195.6988
THFR_poly,HYPERNETS,AQUA,678,RHOW,11,11,2,2,-1.9468,-3.6552,NA,NA,NA,NA,NA,NA,NA,NA,NA,0.001943,0.001669,57.0882,-0.536223,-0.250782,0.034659,0.445491,0.570882,0.696273,-239.9534,-106.0997,-24.9497,89.5159,172.0723,290.5916
THFR_raw,HYPERNETS,AQUA,412,RHOW,46,5,1,0,NA,NA,NA,NA,NA,NA,NA,NA,NA,NA,NA,NA,NA,NA,NA,NA,NA,NA,NA,NA,NA,NA,NA,NA,NA,NA
THFR_raw,HYPERNETS,AQUA,443,RHOW,46,5,1,1,NA,NA,NA,NA,NA,NA,NA,NA,NA,NA,NA,NA,NA,NA,NA,NA,NA,NA,NA,NA,NA,NA,NA,NA,NA,NA
THFR_raw,HYPERNETS,AQUA,469,RHOW,46,5,1,1,NA,NA,NA,NA,NA,NA,NA,NA,NA,NA,NA,NA,NA,NA,NA,NA,NA,NA,NA,NA,NA,NA,NA,NA,NA,NA
THFR_raw,HYPERNETS,AQUA,488,RHOW,46,5,1,1,NA,NA,NA,NA,NA,NA,NA,NA,NA,NA,NA,NA,NA,NA,NA,NA,NA,NA,NA,NA,NA,NA,NA,NA,NA,NA
THFR_raw,HYPERNETS,AQUA,531,RHOW,46,5,1,1,NA,NA,NA,NA,NA,NA,NA,NA,NA,NA,NA,NA,NA,NA,NA,NA,NA,NA,NA,NA,NA,NA,NA,NA,NA,NA
THFR_raw,HYPERNETS,AQUA,547,RHOW,46,5,1,1,NA,NA,NA,NA,NA,NA,NA,NA,NA,NA,NA,NA,NA,NA,NA,NA,NA,NA,NA,NA,NA,NA,NA,NA,NA,NA
THFR_raw,HYPERNETS,AQUA,555,RHOW,46,5,1,1,NA,NA,NA,NA,NA,NA,NA,NA,NA,NA,NA,NA,NA,NA,NA,NA,NA,NA,NA,NA,NA,NA,NA,NA,NA,NA
THFR_raw,HYPERNETS,AQUA,645,RHOW,46,5,1,1,NA,NA,NA,NA,NA,NA,NA,NA,NA,NA,NA,NA,NA,NA,NA,NA,NA,NA,NA,NA,NA,NA,NA,NA,NA,NA
THFR_raw,HYPERNETS,AQUA,667,RHOW,46,5,1,1,NA,NA,NA,NA,NA,NA,NA,NA,NA,NA,NA,NA,NA,NA,NA,NA,NA,NA,NA,NA,NA,NA,NA,NA,NA,NA
THFR_raw,HYPERNETS,AQUA,678,RHOW,46,5,1,1,NA,NA,NA,NA,NA,NA,NA,NA,NA,NA,NA,NA,NA,NA,NA,NA,NA,NA,NA,NA,NA,NA,NA,NA,NA,NA
MAFR,HYPERNETS,S3A,400,RHOW,209,122,69,46,-0.0409,-0.0619,-6.7541,-5.007,-3.7117,0.119134,0.152132,0.196646,NA,TRUE,TRUE,0.028123,0.017523,68.1499,-0.579741,-0.38881,0.139036,0.282386,0.511368,0.724492,-138.138,-63.688,13.7503,31.894,84.688,189.3105
MAFR,HYPERNETS,S3A,412,RHOW,209,122,69,55,0.1653,0.6626,3.1328,4.1118,5.3967,-0.132616,-0.09518,-0.066658,NA,TRUE,TRUE,0.027049,0.018084,62.2229,-0.65011,-0.372146,3.28e-4,0.288073,0.473506,0.770453,-185.8047,-59.2726,-0.0017,37.876,81.0207,207.9841
MAFR,HYPERNETS,S3A,442,RHOW,209,122,69,63,0.087,0.1006,1.9058,2.4548,3.1619,-0.104799,-0.073481,-0.049168,NA,TRUE,TRUE,0.027461,0.020048,55.9213,-0.512464,-0.296271,-0.066171,0.221198,0.375708,0.568293,-105.1576,-42.1001,-7.1168,28.4026,60.1815,124.5652
MAFR,HYPERNETS,S3A,490,RHOW,209,122,69,68,0.0434,0.1702,1.5019,1.9156,2.4432,-0.108114,-0.073709,-0.046734,NA,TRUE,TRUE,0.029667,0.022596,34.926,-0.389733,-0.253813,-0.111844,0.16839,0.299082,0.42481,-63.8634,-34.0162,-12.5957,19.5728,42.692,72.1396
MAFR,HYPERNETS,S3A,510,RHOW,209,122,69,69,0.2375,0.6109,1.3321,1.692,2.1492,-0.100955,-0.066427,-0.039243,NA,TRUE,TRUE,0.029441,0.022342,29.7719,-0.322902,-0.229657,-0.119645,0.135539,0.25974,0.362895,-47.6892,-29.8123,-13.5905,15.6791,35.0877,56.96
MAFR,HYPERNETS,S3A,560,RHOW,209,122,69,69,0.446,0.784,1.0145,1.2723,1.5956,-0.077272,-0.043446,-0.016474,NA,TRUE,TRUE,0.029677,0.022355,21.2573,-0.236132,-0.15907,-0.078204,0.09309,0.18508,0.263788,-30.9127,-18.916,-8.4839,9.9434,22.7114,34.9088
MAFR,HYPERNETS,S3A,620,RHOW,209,122,69,68,0.7007,0.9766,0.9181,1.1095,1.3409,-0.047046,-0.024657,-0.006131,NA,FALSE,TRUE,0.029544,0.021791,23.9648,-0.263154,-0.161456,-0.094484,0.109264,0.185856,0.277417,-35.7139,-19.256,-10.4346,12.2667,22.3217,37.9624
MAFR,HYPERNETS,S3A,665,RHOW,209,122,69,68,0.7679,1.0443,0.9314,1.1115,1.3263,-0.040557,-0.021813,-0.006107,NA,FALSE,TRUE,0.0285,0.020293,26.6045,-0.273883,-0.163227,-0.080405,0.104236,0.178213,0.312585,-37.7191,-19.5077,-8.7444,11.6366,21.6021,45.4752
MAFR,HYPERNETS,S3A,673,RHOW,209,122,69,68,0.7769,1.0607,0.9353,1.1145,1.328,-0.040286,-0.021925,-0.006516,NA,FALSE,TRUE,0.028482,0.020266,27.3138,-0.286633,-0.16714,-0.083188,0.107549,0.1818,0.31626,-40.1804,-20.0682,-9.0736,12.051,21.4919,46.2563
MAFR,HYPERNETS,S3A,681,RHOW,209,122,69,68,0.7783,1.0541,0.9338,1.112,1.3242,-0.039562,-0.02149,-0.006315,NA,FALSE,TRUE,0.02843,0.02017,27.4885,-0.281973,-0.167632,-0.085,0.10705,0.181641,0.317449,-39.2727,-20.1391,-9.2897,11.9884,21.6038,46.5119
MAFR,HYPERNETS,S3A,709,RHOW,209,122,69,68,0.8342,1.0412,0.9901,1.1764,1.3978,-0.033127,-0.01825,-0.00573,NA,FALSE,TRUE,0.026393,0.016512,31.4689,-0.28096,-0.152196,-0.061551,0.095766,0.181959,0.306254,-39.0743,-17.9521,-6.5592,10.591,21.8441,44.1486
MAFR,HYPERNETS,S3A,754,RHOW,209,122,69,68,0.8176,0.8843,1.348,1.6673,2.0623,-0.027265,-0.016482,-0.007765,NA,TRUE,TRUE,0.025878,0.011199,66.0356,-0.27052,-0.173006,0.058648,0.11245,0.212815,0.349945,-37.0849,-20.9212,5.8624,11.9788,25.6391,51.9967
MAFR,HYPERNETS,S3A,779,RHOW,209,122,69,69,0.8249,0.9394,1.3898,1.7186,2.1251,-0.028827,-0.01747,-0.008285,NA,TRUE,TRUE,0.02819,0.011917,70.6762,-0.274643,-0.157228,0.067103,0.115245,0.214162,0.331167,-37.8631,-18.6561,6.7103,11.5245,27.237,46.0312
MAFR,HYPERNETS,S3A,865,RHOW,209,122,69,69,0.9377,0.9547,2.2239,2.7926,3.5068,-0.033737,-0.022805,-0.014099,NA,TRUE,TRUE,0.02721,0.009546,101.7748,-0.25184,-0.135857,0.096567,0.131456,0.210874,0.378448,-33.6612,-15.7216,9.6567,14.6208,26.7225,59.8004
MAFR,HYPERNETS,S3A,885,RHOW,209,122,69,69,1.0152,1.0047,2.7801,3.5037,4.4155,-0.037565,-0.026157,-0.017105,NA,TRUE,TRUE,0.027028,0.009064,112.8562,-0.295397,-0.157524,0.092996,0.129182,0.231924,0.415246,-41.924,-18.6977,9.2996,14.8346,29.3859,62.5637
MAFR,HYPERNETS,S3A,1020,RHOW,209,122,69,57,2.1327,0.4704,16.5829,21.6313,28.2166,-0.064589,-0.046671,-0.032935,NA,TRUE,TRUE,0.028605,0.009584,444.3733,0.579166,1.075933,2.596068,0.579166,1.075933,2.596068,57.9166,107.5933,259.6068,57.9166,107.5933,259.6068
MAFR,HYPERNETS,S3B,400,RHOW,169,96,53,33,-0.5513,-0.4971,-2.1009,-1.5036,-1.0761,0.040725,0.050337,0.063766,NA,TRUE,TRUE,0.015533,0.013114,69.2087,-0.657956,-0.315365,-0.014588,0.263467,0.593258,0.768703,-192.3599,-46.0632,-1.4804,35.7712,129.1092,250.8173
MAFR,HYPERNETS,S3B,412,RHOW,169,96,53,39,-0.5067,-0.2653,-1.5249,-1.1365,-0.8471,0.040899,0.048097,0.057754,NA,TRUE,TRUE,0.018258,0.015401,181.6988,-0.581911,-0.373807,0.045895,0.288034,0.544477,0.814902,-139.676,-59.6951,4.5798,40.516,100.6563,212.1113
MAFR,HYPERNETS,S3B,442,RHOW,169,96,53,49,-0.1116,0.0396,-1.4557,-1.0915,-0.8185,0.062381,0.073082,0.087353,NA,TRUE,TRUE,0.020535,0.017928,55.5077,-0.463052,-0.300629,0.011268,0.219886,0.435722,0.675053,-86.2378,-42.9857,1.1268,28.1864,68.9964,143.784
MAFR,HYPERNETS,S3B,490,RHOW,169,96,53,52,-0.0711,-0.0364,-1.5028,-1.136,-0.8587,0.098029,0.11444,0.136151,NA,TRUE,TRUE,0.02315,0.019608,33.7232,-0.349224,-0.244704,-0.030425,0.20833,0.306098,0.44084,-53.7057,-32.4025,-3.1447,26.3235,40.5454,67.4454
MAFR,HYPERNETS,S3B,510,RHOW,169,96,53,52,0.069,0.1676,0.8349,1.1045,1.4611,-0.04359,-0.018768,-4e-6,NA,FALSE,TRUE,0.022669,0.019119,27.5786,-0.303531,-0.211591,-0.01186,0.165851,0.246417,0.357625,-43.5816,-26.8398,-1.2026,19.8833,30.2325,52.9887
MAFR,HYPERNETS,S3B,560,RHOW,169,96,53,53,0.5781,1.1561,0.9293,1.1849,1.5108,-0.062706,-0.030867,-0.005897,NA,FALSE,TRUE,0.023961,0.019711,20.4295,-0.238193,-0.155427,0.004145,0.105652,0.171298,0.255404,-31.2668,-18.403,0.4145,10.7019,20.5778,31.9481
MAFR,HYPERNETS,S3B,620,RHOW,169,96,53,52,0.8594,1.1231,0.907,1.0749,1.2738,-0.037668,-0.018926,-0.00311,NA,FALSE,TRUE,0.022725,0.01816,19.783,-0.25562,-0.142153,0.009391,0.098093,0.176535,0.263574,-34.3402,-16.5751,0.9236,10.0152,20.9966,34.6402
MAFR,HYPERNETS,S3B,665,RHOW,169,96,53,52,0.928,1.21,0.9389,1.0887,1.2624,-0.033722,-0.018534,-0.005436,NA,FALSE,TRUE,0.021713,0.017126,21.1527,-0.298996,-0.132548,0.028353,0.107952,0.168651,0.312956,-42.6618,-15.2809,2.8353,11.5732,19.5159,42.6618
MAFR,HYPERNETS,S3B,673,RHOW,169,96,53,52,0.9355,1.2289,0.9432,1.0912,1.2624,-0.033473,-0.018655,-0.005846,NA,FALSE,TRUE,0.021646,0.017128,21.5603,-0.302163,-0.129912,0.027038,0.11455,0.171413,0.312142,-43.3029,-14.9321,2.7029,12.3781,19.5743,43.3029
MAFR,HYPERNETS,S3B,681,RHOW,169,96,53,52,0.9404,1.2254,0.9449,1.0905,1.2586,-0.032893,-0.018417,-0.005873,NA,FALSE,TRUE,0.021479,0.016931,21.4137,-0.307923,-0.131184,0.027421,0.108103,0.172379,0.310711,-44.4927,-15.0992,2.742,11.8156,18.8199,44.4927
MAFR,HYPERNETS,S3B,709,RHOW,169,96,53,52,1.0145,1.315,1.0019,1.1401,1.2974,-0.027504,-0.016228,-0.006319,NA,TRUE,TRUE,0.018843,0.014358,22.265,-0.284059,-0.108989,0.048797,0.098036,0.155739,0.328636,-39.6787,-12.2325,4.8797,9.994,17.7964,42.3669
MAFR,HYPERNETS,S3B,754,RHOW,169,96,53,52,1.1625,1.0509,1.1592,1.3303,1.5266,-0.017136,-0.010604,-0.004912,NA,TRUE,TRUE,0.014913,0.009465,30.7134,-0.261028,-0.065884,0.177339,0.11503,0.232514,0.452395,-35.3325,-7.0534,17.7333,12.8861,29.2867,52.2776
MAFR,HYPERNETS,S3B,779,RHOW,169,96,53,53,1.1592,1.0919,1.1618,1.335,1.5342,-0.017562,-0.010787,-0.004891,NA,TRUE,TRUE,0.016028,0.009839,32.3612,-0.26617,-0.062159,0.193048,0.115449,0.244599,0.481412,-36.2714,-6.6279,19.3048,13.0517,29.4275,55.3384
MAFR,HYPERNETS,S3B,865,RHOW,169,96,53,53,1.5164,1.1101,1.571,1.8413,2.1583,-0.018066,-0.012118,-0.007043,NA,TRUE,TRUE,0.015748,0.008597,39.9787,-0.30745,-0.047226,0.320728,0.154558,0.316757,0.528728,-44.3939,-4.9567,32.0728,16.4801,38.6477,73.4561
MAFR,HYPERNETS,S3B,885,RHOW,169,96,53,53,1.7534,1.19,1.873,2.225,2.6431,-0.019838,-0.013601,-0.008351,NA,TRUE,TRUE,0.016123,0.008663,47.5951,-0.318123,-0.056348,0.316468,0.156375,0.318123,0.5932,-46.6541,-5.9713,31.6468,17.914,43.0586,84.2186
MAFR,HYPERNETS,S3B,1020,RHOW,169,96,53,37,-0.2259,0.4238,-15.7718,-11.2631,-8.0434,0.026665,0.033916,0.044069,NA,TRUE,TRUE,0.014695,0.00631,456.7232,0.771303,1.766388,3.833555,0.771303,1.766388,3.833555,77.1303,176.6388,383.3555,77.1303,176.6388,383.3555
MAFR_pixel,HYPERNETS,S3A,400,RHOW,221,172,54,54,0.0183,0.2704,2.25,2.9616,3.8983,-0.077123,-0.053695,-0.035896,NA,TRUE,TRUE,0.019599,0.013594,53.772,-0.553402,-0.382612,-0.107506,0.246253,0.444153,0.594856,-123.9387,-62.0628,-12.053,32.6715,74.7262,142.752
MAFR_pixel,HYPERNETS,S3A,412,RHOW,221,172,70,70,0.1513,0.4943,1.9194,2.4381,3.0971,-0.068509,-0.049269,-0.034123,NA,TRUE,TRUE,0.018673,0.013932,47.4638,-0.521958,-0.369505,-0.165734,0.263154,0.403614,0.569227,-109.1872,-58.6055,-19.8662,32.0985,64.31,127.3604
MAFR_pixel,HYPERNETS,S3A,442,RHOW,221,172,89,89,0.3148,0.3994,1.1336,1.3931,1.712,-0.041671,-0.027875,-0.016647,NA,TRUE,TRUE,0.019677,0.015965,43.6772,-0.427523,-0.309117,-0.178421,0.212217,0.335656,0.445527,-74.6794,-44.7423,-21.7168,23.9995,50.0807,80.3516
MAFR_pixel,HYPERNETS,S3A,490,RHOW,221,172,94,94,0.2424,0.1737,0.8348,1.0195,1.2449,-0.028141,-0.014,-0.002421,NA,FALSE,TRUE,0.022617,0.018236,45.4466,-0.329601,-0.238222,-0.124292,0.145576,0.261408,0.350572,-49.1648,-31.2808,-14.1938,17.0379,35.3927,53.4761
MAFR_pixel,HYPERNETS,S3A,510,RHOW,221,172,94,94,0.3229,0.3868,0.7715,0.9359,1.1353,-0.022183,-0.00762,0.004386,NA,FALSE,FALSE,0.02236,0.017693,26.9322,-0.280596,-0.196599,-0.087979,0.118394,0.224381,0.294799,-39.0041,-24.4709,-9.6472,13.4296,28.8413,41.5273
MAFR_pixel,HYPERNETS,S3A,560,RHOW,221,172,94,94,0.5005,0.6648,0.7134,0.8421,0.9939,-0.012658,0.002707,0.015726,NA,TRUE,FALSE,0.023478,0.018122,17.7529,-0.209813,-0.151237,-0.063836,0.086577,0.156543,0.217108,-26.5523,-17.8186,-6.8189,9.4783,18.5175,27.7318
MAFR_pixel,HYPERNETS,S3A,620,RHOW,221,172,94,94,0.7122,0.9156,0.7851,0.8883,1.005,-0.014319,-0.003563,0.005943,NA,FALSE,FALSE,0.024456,0.018934,21.3174,-0.24927,-0.157805,-0.081056,0.109105,0.169965,0.259191,-33.2052,-18.738,-8.8207,12.247,20.2885,34.9883
MAFR_pixel,HYPERNETS,S3A,665,RHOW,221,172,94,94,0.7591,0.9488,0.8145,0.9137,1.0251,-0.014629,-0.005372,0.002879,NA,FALSE,FALSE,0.023406,0.017645,23.4,-0.261511,-0.160881,-0.077856,0.122389,0.184519,0.266436,-35.4117,-19.1733,-8.4431,13.76,22.5396,36.3209
MAFR_pixel,HYPERNETS,S3A,673,RHOW,221,172,94,94,0.7628,0.9553,0.8163,0.915,1.0256,-0.014707,-0.005641,0.002447,NA,FALSE,FALSE,0.023356,0.017588,23.7405,-0.265855,-0.161695,-0.079693,0.125307,0.181654,0.279861,-36.2131,-19.2884,-8.6594,14.1216,22.2,38.8653
MAFR_pixel,HYPERNETS,S3A,681,RHOW,221,172,94,94,0.7665,0.9593,0.8186,0.9169,1.027,-0.014789,-0.005842,0.002146,NA,FALSE,FALSE,0.023294,0.017508,23.876,-0.265917,-0.165688,-0.080388,0.129814,0.185739,0.282785,-36.2243,-19.8592,-8.7416,14.5534,22.8109,39.4305
MAFR_pixel,HYPERNETS,S3A,709,RHOW,221,172,94,94,0.8112,0.9438,0.8628,0.965,1.0792,-0.013294,-0.005927,6.6e-4,NA,FALSE,FALSE,0.020213,0.014202,27.2223,-0.255732,-0.16453,-0.036431,0.105557,0.184002,0.310616,-34.3601,-19.6931,-3.7813,11.5888,22.2125,43.4767
MAFR_pixel,HYPERNETS,S3A,754,RHOW,221,172,92,92,0.783,0.7781,0.9828,1.1443,1.3323,-0.010329,-0.005227,-8.45e-4,NA,FALSE,TRUE,0.016066,0.008692,55.9521,-0.268505,-0.168526,0.159929,0.161682,0.245391,0.415676,-36.7067,-20.2791,15.9928,16.8076,31.8231,55.443600000000004
MAFR_pixel,HYPERNETS,S3A,779,RHOW,221,172,94,94,0.7885,0.7963,1.0204,1.191,1.3901,-0.011678,-0.00617,-0.001451,NA,TRUE,TRUE,0.017898,0.009026,57.5336,-0.271037,-0.129459,0.106126,0.119729,0.252172,0.3979,-37.1827,-14.8998,10.6106,13.6226,31.8766,55.1447
MAFR_pixel,HYPERNETS,S3A,865,RHOW,221,172,93,93,0.8875,0.8489,1.4049,1.6747,1.9963,-0.013745,-0.008863,-0.004768,NA,TRUE,TRUE,0.015436,0.006511,75.2261,-0.273256,-0.108117,0.221307,0.14456,0.247862,0.404905,-37.6001,-12.1223,22.1307,16.3913,29.732,59.9783
MAFR_pixel,HYPERNETS,S3A,885,RHOW,221,172,90,90,0.9298,0.9015,1.6845,2.0314,2.4497,-0.01619,-0.010923,-0.006556,NA,TRUE,TRUE,0.015218,0.006106,80.3854,-0.270975,-0.105772,0.181948,0.134333,0.254856,0.405168,-37.1697,-11.8284,18.1945,15.5187,32.0967,55.0837
MAFR_pixel,HYPERNETS,S3A,1020,RHOW,221,172,79,79,0.659,0.2353,7.5295,9.4244,11.7963,-0.024631,-0.017673,-0.012114,NA,TRUE,TRUE,0.016496,0.007099,417.6273,0.59812,1.427333,4.116651,0.59812,1.427333,4.116651,59.8119,142.7333,411.3147,59.8119,142.7333,411.3147
MAFR_pixel,HYPERNETS,S3B,400,RHOW,189,140,44,44,-0.4527,-0.2692,-2.302,-1.7122,-1.2735,0.04843,0.058776,0.072685,NA,TRUE,TRUE,0.016112,0.012806,64.8099,-0.553337,-0.384484,-0.01391,0.324631,0.505815,0.633014,-123.891,-62.6061,-1.4165,44.0932,90.3457,140.8745
MAFR_pixel,HYPERNETS,S3B,412,RHOW,189,140,51,51,-0.3689,-0.1585,-1.7289,-1.3169,-1.0031,0.047441,0.055603,0.066317,NA,TRUE,TRUE,0.017539,0.014471,154.1719,-0.50751,-0.384525,0.040997,0.335923,0.436967,0.65398,-103.093,-62.4762,4.0974,50.6525,74.7808,149.2221
MAFR_pixel,HYPERNETS,S3B,442,RHOW,189,140,68,68,-0.1223,-0.0416,-1.3508,-1.0607,-0.8329,0.065486,0.074709,0.086455,NA,TRUE,TRUE,0.02077,0.017982,64.3541,-0.448197,-0.303379,-0.112733,0.280759,0.396293,0.561803,-81.2263,-43.5514,-12.714,36.9868,63.6185,114.608
MAFR_pixel,HYPERNETS,S3B,490,RHOW,189,140,74,74,0.0739,0.2131,0.7868,0.9924,1.2518,-0.026147,-0.010588,0.001747,NA,FALSE,FALSE,0.021906,0.019077,34.0515,-0.346688,-0.239843,-0.12263,0.193727,0.281982,0.404278,-53.0666,-31.5518,-13.9794,24.0283,36.5572,62.3498
MAFR_pixel,HYPERNETS,S3B,510,RHOW,189,140,75,75,0.2419,0.4237,0.7962,0.9965,1.2472,-0.027872,-0.010282,0.003772,NA,FALSE,FALSE,0.021509,0.018627,27.7286,-0.296682,-0.203244,-0.081338,0.148626,0.251928,0.334847,-42.1833,-25.509,-8.854,17.4574,30.0852,48.1422
MAFR_pixel,HYPERNETS,S3B,560,RHOW,189,140,75,75,0.5506,0.7707,0.8297,1.0074,1.2233,-0.033169,-0.011847,0.005712,NA,FALSE,FALSE,0.022233,0.01873,19.0722,-0.221236,-0.143459,-0.017826,0.119352,0.182476,0.249637,-28.4101,-16.7486,-1.815,12.0671,22.3206,30.3655
MAFR_pixel,HYPERNETS,S3B,620,RHOW,189,140,75,75,0.8693,1.108,0.9126,1.0356,1.1752,-0.027867,-0.014905,-0.003483,NA,FALSE,TRUE,0.021939,0.018156,20.2489,-0.251159,-0.168532,-0.03812,0.098673,0.189608,0.276602,-33.5401,-20.2692,-3.9656,10.2994,21.8604,38.2367
MAFR_pixel,HYPERNETS,S3B,665,RHOW,189,140,74,74,0.9138,1.1233,0.9332,1.0459,1.1723,-0.025399,-0.014504,-0.004784,NA,FALSE,TRUE,0.020852,0.017018,20.818,-0.267585,-0.161798,-0.019688,0.10391,0.189943,0.297519,-36.5347,-19.3041,-2.0257,11.5264,22.8758,39.5694
MAFR_pixel,HYPERNETS,S3B,673,RHOW,189,140,74,74,0.9198,1.1323,0.9364,1.0475,1.1719,-0.025239,-0.014633,-0.005153,NA,FALSE,TRUE,0.020742,0.016947,21.1258,-0.271839,-0.163431,-0.049447,0.108914,0.189659,0.299947,-37.3324,-19.5359,-5.2019,12.1102,23.4049,40.4632
MAFR_pixel,HYPERNETS,S3B,681,RHOW,189,140,74,74,0.9233,1.1283,0.938,1.048,1.1709,-0.025014,-0.014595,-0.005269,NA,FALSE,TRUE,0.020649,0.016824,21.0719,-0.27488,-0.161184,-0.037024,0.109575,0.188249,0.301344,-37.9108,-19.2156,-3.8456,11.931,23.1907,40.3973
MAFR_pixel,HYPERNETS,S3B,709,RHOW,189,140,74,74,0.9892,1.1123,0.9902,1.095,1.2108,-0.021321,-0.013227,-0.005908,NA,FALSE,TRUE,0.017688,0.013794,21.4246,-0.296127,-0.145685,0.002667,0.086614,0.186025,0.304556,-42.072,-17.0534,0.2666,9.4833,20.5539,42.6613
MAFR_pixel,HYPERNETS,S3B,754,RHOW,189,140,73,73,1.1058,0.9697,1.1378,1.2823,1.4451,-0.01481,-0.009589,-0.004956,NA,TRUE,TRUE,0.014246,0.008705,28.4145,-0.265438,-0.117583,0.08857,0.096395,0.22758,0.3693,-36.1355,-13.3251,8.857,10.6481,25.7033,57.3163
MAFR_pixel,HYPERNETS,S3B,779,RHOW,189,140,75,75,1.0961,0.9568,1.1315,1.2739,1.4343,-0.014185,-0.008978,-0.004352,NA,TRUE,TRUE,0.01493,0.008954,30.0538,-0.266002,-0.092895,0.160006,0.129177,0.193048,0.370445,-36.2416,-10.2408,15.9984,14.076,22.4712,56.8027
MAFR_pixel,HYPERNETS,S3B,865,RHOW,189,140,74,74,1.405,1.0249,1.524,1.7531,2.0166,-0.015323,-0.010583,-0.006463,NA,TRUE,TRUE,0.014625,0.007448,36.2544,-0.264575,-0.034442,0.20797,0.132715,0.25306,0.444512,-35.9762,-3.5676,20.7935,14.2945,29.9758,56.5227
MAFR_pixel,HYPERNETS,S3B,885,RHOW,189,140,72,72,1.623,1.1043,1.8382,2.1474,2.5086,-0.018247,-0.012936,-0.00839,NA,TRUE,TRUE,0.015206,0.007584,42.2042,-0.283709,-0.05966,0.268671,0.139161,0.28549,0.483849,-39.6094,-6.3469,26.8345,15.7319,37.112,67.0855
MAFR_pixel,HYPERNETS,S3B,1020,RHOW,189,140,58,58,1.0397,0.1941,5.4369,7.0638,9.1776,-0.014509,-0.008927,-0.004631,NA,TRUE,TRUE,0.013059,0.007104,534.2344,0.986517,2.711764,4.344474,0.986517,2.711764,4.344474,98.6517,271.146,434.4467,98.6517,271.146,434.4467
MAFR_raw,HYPERNETS,S3A,400,RHOW,221,148,81,61,-0.1714,-0.2043,-3.4648,-2.6792,-2.0717,0.06905,0.08469,0.104915,NA,TRUE,TRUE,0.019774,0.015661,59.7321,-0.685022,-0.499717,-0.263357,0.35606,0.525706,0.72185,-217.4826,-99.8867,-35.7509,48.4001,107.8711,227.1323
MAFR_raw,HYPERNETS,S3A,412,RHOW,221,148,81,70,0.0201,0.1476,1.8392,2.3374,2.9704,-0.069109,-0.050454,-0.035774,NA,TRUE,TRUE,0.019908,0.015893,53.1217,-0.620467,-0.428908,-0.235349,0.292706,0.482691,0.640164,-163.6014,-75.1032,-30.7786,39.3793,88.2097,174.3599
MAFR_raw,HYPERNETS,S3A,442,RHOW,221,148,81,79,0.2422,0.346,1.1468,1.4316,1.7871,-0.047193,-0.031607,-0.019123,NA,TRUE,TRUE,0.021149,0.017352,47.2584,-0.46687,-0.335656,-0.18822,0.214753,0.357358,0.478215,-87.5858,-50.5245,-23.1867,25.4604,54.5934,91.6502
MAFR_raw,HYPERNETS,S3A,490,RHOW,221,148,81,81,0.1348,0.0896,0.8039,1.0018,1.2485,-0.028956,-0.013246,-6.39e-4,NA,FALSE,TRUE,0.023499,0.018834,48.5758,-0.32994,-0.255087,-0.119335,0.143034,0.262217,0.351031,-49.2404,-34.2439,-13.5505,16.6907,35.5412,54.0907
MAFR_raw,HYPERNETS,S3A,510,RHOW,221,148,81,81,0.2094,0.2593,0.7384,0.9167,1.1381,-0.022867,-0.006417,0.006832,NA,FALSE,FALSE,0.023283,0.018337,27.8522,-0.280974,-0.206096,-0.086095,0.113425,0.224604,0.294068,-39.077,-25.9598,-9.4206,12.7936,28.8922,41.6567
MAFR_raw,HYPERNETS,S3A,560,RHOW,221,148,81,81,0.3877,0.5361,0.6759,0.8225,1.0008,-0.013476,0.004983,0.020154,NA,FALSE,FALSE,0.024535,0.018936,18.2357,-0.20959,-0.150709,-0.060979,0.086135,0.156504,0.217986,-26.5166,-17.7453,-6.4938,9.4253,18.4808,27.8749
MAFR_raw,HYPERNETS,S3A,620,RHOW,221,148,81,81,0.6585,0.8458,0.7632,0.8861,1.0288,-0.017133,-0.003403,0.008423,NA,FALSE,FALSE,0.025696,0.01992,21.4114,-0.251322,-0.154992,-0.080312,0.106918,0.161604,0.266931,-33.5688,-18.3421,-8.7325,11.9718,19.2753,36.4128
MAFR_raw,HYPERNETS,S3A,665,RHOW,221,148,81,81,0.7235,0.8965,0.8012,0.9196,1.0555,-0.017936,-0.006057,0.004293,NA,FALSE,FALSE,0.024682,0.01871,23.5487,-0.261839,-0.156419,-0.077168,0.120907,0.172745,0.268455,-35.4719,-18.5422,-8.362,13.2765,19.6204,36.697
MAFR_raw,HYPERNETS,S3A,673,RHOW,221,148,81,81,0.7303,0.9083,0.8049,0.9226,1.0574,-0.018129,-0.006492,0.003661,NA,FALSE,FALSE,0.024634,0.018689,23.9959,-0.266733,-0.156065,-0.079672,0.123277,0.174697,0.283107,-36.376,-18.4925,-8.6569,14.057,20.5401,39.4907
MAFR_raw,HYPERNETS,S3A,681,RHOW,221,148,81,81,0.7359,0.9143,0.8082,0.9254,1.0595,-0.018252,-0.006771,0.003255,NA,FALSE,FALSE,0.024573,0.018611,24.1351,-0.266045,-0.15891,-0.079734,0.126308,0.171266,0.285156,-36.2482,-18.8933,-8.6643,14.2131,20.666,39.8907
MAFR_raw,HYPERNETS,S3A,709,RHOW,221,148,81,81,0.7902,0.8984,0.8563,0.9763,1.113,-0.016376,-0.007017,0.001191,NA,FALSE,FALSE,0.021417,0.015135,27.6034,-0.255081,-0.155875,-0.034897,0.094026,0.181152,0.311265,-34.2428,-18.4659,-3.6159,10.2283,21.3933,45.1937
MAFR_raw,HYPERNETS,S3A,754,RHOW,221,148,81,81,0.7632,0.7529,0.9788,1.1574,1.3685,-0.012121,-0.006066,-9.46e-4,NA,FALSE,TRUE,0.016913,0.009213,57.9344,-0.271354,-0.182869,0.099715,0.162559,0.243996,0.375892,-37.2408,-22.3793,9.9715,16.9921,31.3734,48.7278
MAFR_raw,HYPERNETS,S3A,779,RHOW,221,148,81,81,0.7558,0.7556,1.0173,1.2107,1.4409,-0.014232,-0.007379,-0.001622,NA,TRUE,TRUE,0.019067,0.009735,60.1252,-0.258614,-0.153423,0.092326,0.148917,0.239605,0.359623,-34.8824,-18.1228,9.2326,17.4974,30.2444,52.6564
MAFR_raw,HYPERNETS,S3A,865,RHOW,221,148,81,81,0.8428,0.8127,1.4248,1.7305,2.1018,-0.016671,-0.010614,-0.005627,NA,TRUE,TRUE,0.016377,0.006999,79.6298,-0.273256,-0.131916,0.156457,0.14083,0.24369,0.377091,-37.6001,-15.1963,15.6457,15.6457,29.5933,57.2448
MAFR_raw,HYPERNETS,S3A,885,RHOW,221,148,81,81,0.8863,0.8905,1.7168,2.1003,2.5696,-0.018799,-0.012599,-0.007532,NA,TRUE,TRUE,0.015889,0.006412,84.7692,-0.292101,-0.139953,0.058615,0.13246,0.259637,0.39868,-41.2631,-16.2727,5.8615,15.2685,33.3467,53.3995
MAFR_raw,HYPERNETS,S3A,1020,RHOW,221,148,81,67,0.2624,0.2181,8.2277,10.5137,13.4348,-0.031443,-0.022446,-0.015405,NA,TRUE,TRUE,0.017284,0.006927,353.5419,0.585753,1.208634,3.233001,0.585753,1.208634,3.233001,58.5753,120.8634,322.7164,58.5753,120.8634,322.7164
MAFR_raw,HYPERNETS,S3B,400,RHOW,190,118,63,45,-0.5915,-0.6277,-2.4782,-1.8588,-1.3943,0.048951,0.059974,0.07467,NA,TRUE,TRUE,0.018174,0.014984,72.457,-0.65469,-0.506475,-0.022625,0.353014,0.583259,0.732512,-189.5951,-102.6241,-2.3148,54.5628,127.3157,226.8809
MAFR_raw,HYPERNETS,S3B,412,RHOW,190,118,63,53,-0.5037,-0.3313,-1.9068,-1.4687,-1.1312,0.048472,0.057315,0.068797,NA,TRUE,TRUE,0.01974,0.016656,157.1958,-0.587064,-0.430345,0.034045,0.384525,0.563823,0.772108,-142.1683,-75.5448,3.4045,61.9652,119.0689,239.423
MAFR_raw,HYPERNETS,S3B,442,RHOW,190,118,63,63,-0,-0.0054,-0,-0,-0,0.032746,0.033143,0.033655,NA,TRUE,TRUE,12560023973398924e20,1582414280696328e20,68.7267,-0.465328,-0.306457,-0.062532,0.278555,0.406953,0.608827,-87.0826,-44.1872,-6.7301,35.9581,64.7398,130.9457
MAFR_raw,HYPERNETS,S3B,490,RHOW,190,118,63,63,-0,-0.0022,-0,-0,-0,0.052056,0.052444,0.052943,NA,TRUE,TRUE,12560023973398929e20,15824142806963283e19,34.8452,-0.339947,-0.212551,-0.046848,0.183812,0.279149,0.389223,-51.5034,-26.9924,-5.0658,22.5209,34.6097,58.8027
MAFR_raw,HYPERNETS,S3B,510,RHOW,190,118,63,63,-0,-6e-4,-0,-0,-0,0.063464,0.063872,0.064397,NA,TRUE,TRUE,12560023973398924e20,1582414280696328e20,28.3373,-0.26965,-0.165517,-0.020523,0.147299,0.237328,0.32497,-36.921,-19.8347,-2.1565,17.1422,28.3018,45.5295
MAFR_raw,HYPERNETS,S3B,560,RHOW,190,118,63,63,0,0.001,0,0,0,0.08815,0.088819,0.089339,NA,TRUE,TRUE,12560023973398924e20,1582414280696328e20,19.7148,-0.201139,-0.133579,-0.009831,0.115062,0.165844,0.229973,-25.1783,-15.4173,-0.9928,11.6251,19.8816,27.5242
MAFR_raw,HYPERNETS,S3B,620,RHOW,190,118,63,63,0,0.0037,0,0,0,0.081808,0.082918,0.08378,NA,TRUE,TRUE,12560023973398924e20,1582414280696328e20,20.8844,-0.245942,-0.149376,-0.013689,0.087981,0.179389,0.280911,-32.6162,-17.5608,-1.4042,9.6469,21.0994,38.5958
MAFR_raw,HYPERNETS,S3B,665,RHOW,190,118,63,63,0,0.0054,0,0,0,0.075025,0.076279,0.077252,NA,TRUE,TRUE,12560023973398924e20,1582414280696328e20,21.9713,-0.279835,-0.15603,-0.008518,0.10147,0.173896,0.316739,-38.8641,-18.4876,-0.8591,11.293,20.2382,42.5703
MAFR_raw,HYPERNETS,S3B,673,RHOW,190,118,63,63,0,0.0056,0,0,0,0.074013,0.075281,0.076265,NA,TRUE,TRUE,12560023973398924e20,1582414280696328e20,22.1544,-0.286263,-0.156986,-0.007671,0.108243,0.178822,0.314968,-40.1112,-18.6221,-0.7744,11.9862,19.919,42.2697
MAFR_raw,HYPERNETS,S3B,681,RHOW,190,118,63,63,0,0.0057,0,0,0,0.073541,0.074824,0.07582,NA,TRUE,TRUE,12560023973398929e20,15824142806963283e19,22.144,-0.290259,-0.154881,-0.011946,0.107089,0.176386,0.318145,-40.9066,-18.3265,-1.2102,11.8592,20.1894,42.9555
MAFR_raw,HYPERNETS,S3B,709,RHOW,190,118,63,63,0,0.0075,0,0,0,0.062058,0.063415,0.064469,NA,TRUE,TRUE,12560023973398924e20,1582414280696328e20,22.6417,-0.299499,-0.139167,0.004711,0.083741,0.176001,0.32749,-42.7555,-16.1665,0.471,9.0392,20.384,43.4286
MAFR_raw,HYPERNETS,S3B,754,RHOW,190,118,63,63,-0,0.0095,-0,-0,-0,0.036773,0.037581,0.038622,NA,TRUE,TRUE,12560023973398924e20,1582414280696328e20,29.1925,-0.28411,-0.117583,0.082537,0.096314,0.228422,0.380915,-39.6885,-13.3251,8.252,10.1854,28.1438,57.934
MAFR_raw,HYPERNETS,S3B,779,RHOW,190,118,63,63,-0,0.0085,-0,-0,-0,0.038538,0.039379,0.040463,NA,TRUE,TRUE,12560023973398924e20,1582414280696328e20,31.1072,-0.28086,-0.124277,0.113901,0.122565,0.1919,0.370445,-39.0646,-14.1914,11.3879,13.1335,21.4777,56.8027
MAFR_raw,HYPERNETS,S3B,865,RHOW,190,118,63,63,-0,0.0081,-0,-0,-0,0.025181,0.02584,0.026689,NA,TRUE,TRUE,12560023973398929e20,15824142806963283e19,39.6866,-0.304509,-0.099345,0.197788,0.134033,0.279278,0.491092,-43.8145,-11.0303,19.7687,15.142,31.1542,61.7234
MAFR_raw,HYPERNETS,S3B,885,RHOW,190,118,63,63,-0,0.0077,-0,-0,-0,0.022023,0.022626,0.023404,NA,TRUE,TRUE,12560023973398924e20,1582414280696328e20,46.2463,-0.327197,-0.081427,0.261099,0.141268,0.31887,0.545963,-48.6455,-8.8645,25.9775,16.1252,39.2619,77.4445
MAFR_raw,HYPERNETS,S3B,1020,RHOW,190,118,63,46,-0,0.003,-0,-0,-0,0.010753,0.011207,0.01182,NA,TRUE,TRUE,14698798190578602e20,21672195583449712e19,480.8948,0.863366,1.594309,3.245762,0.891373,1.594309,3.245762,86.3334,159.3599,324.4585,89.1309,185.254,333.5187
THFR,HYPERNETS,S3A,400,RHOW,251,21,6,3,62.5846,4.826,4.9165,86.2378,1512.6508,-6.572821,-0.295668,0.062198,NA,TRUE,FALSE,0.097265,0.079434,1717.9863,12.65389,24.158663,25.195236,12.65389,24.158663,25.195236,635.3156,2415.8663,2517.4719,635.3156,2415.8663,2517.4719
THFR,HYPERNETS,S3A,412,RHOW,251,21,6,3,67.4313,5.1223,5.2907,95.4478,1721.9556,-7.83156,-0.35149,0.063129,NA,TRUE,FALSE,0.100251,0.082861,1727.756,12.897463,24.198789,25.118272,12.897463,24.198789,25.118272,708.8231,2419.8789,2510.2082,708.8231,2419.8789,2510.2082
THFR,HYPERNETS,S3A,442,RHOW,251,21,6,3,69.2258,6.4983,5.6361,114.1772,2313.0238,-12.623632,-0.536229,0.060439,NA,TRUE,FALSE,0.104831,0.085924,1518.778,11.243071,21.86617,22.471684,11.243071,21.86617,22.471684,508.6259,2186.617,2246.3873,508.6259,2186.617,2246.3873
THFR,HYPERNETS,S3A,490,RHOW,251,21,6,3,51.1797,7.0379,4.1431,83.2396,1672.3804,-12.887573,-0.54988,0.064205,NA,TRUE,FALSE,0.108154,0.088608,1107.5372,8.325212,16.361136,16.468414,8.325212,16.361136,16.468414,373.1119,1636.1136,1646.8085,373.1119,1636.1136,1646.8085
THFR,HYPERNETS,S3A,510,RHOW,251,21,6,3,36.6937,6.0409,2.883,53.2448,983.3472,-8.555269,-0.369885,0.073325,NA,TRUE,FALSE,0.109745,0.089896,975.9006,7.024361,13.820932,14.524614,7.024361,13.820932,14.524614,326.5791,1382.0932,1450.8658,326.5791,1382.0932,1450.8658
THFR,HYPERNETS,S3A,560,RHOW,251,21,6,4,9.3779,0.8892,4.8956,29.0163,171.9803,-1.952165,-0.264208,0.020582,NA,TRUE,FALSE,0.097814,0.072058,584.4917,-0.058462,5.101854,10.606297,0.645405,5.406785,10.606297,-31.0624,261.7559,1056.3987,246.3243,638.2296,1056.3987
THFR,HYPERNETS,S3A,620,RHOW,251,21,6,3,35.7187,4.0906,2.8032,49.868,887.1355,-3.599366,-0.108448,0.087784,NA,TRUE,FALSE,0.116707,0.095303,2115.7377,12.390769,24.649738,31.670165,12.390769,24.649738,31.670165,438.7984,2464.9738,3090.6948,438.7984,2464.9738,3090.6948
THFR,HYPERNETS,S3A,665,RHOW,251,21,6,3,49.5684,4.8409,3.8891,70.1732,1266.1585,-3.61397,-0.10592,0.088504,NA,TRUE,FALSE,0.11916,0.097408,3080.8758,17.474449,35.266197,46.054487,17.791748,35.266197,46.054487,397.5839,3526.6197,4480.1065,628.8459,3526.6197,4480.1065
THFR,HYPERNETS,S3A,673,RHOW,251,21,6,3,41.7933,4.4971,3.2798,59.6649,1085.3878,-3.400359,-0.092536,0.089298,NA,TRUE,FALSE,0.118773,0.097135,2802.5786,15.418265,31.172182,41.870854,15.753917,31.172182,41.870854,362.3151,3117.2182,4051.4437,595.893,3117.2182,4051.4437
THFR,HYPERNETS,S3A,681,RHOW,251,21,6,3,35.5603,4.0532,2.7959,51.9294,964.4903,-3.202955,-0.077498,0.090781,NA,TRUE,FALSE,0.119183,0.097494,2681.8348,14.13297,28.641271,40.039857,14.508301,28.641271,40.039857,330.3021,2864.1271,3842.5146,588.848,2864.1271,3842.5146
THFR,HYPERNETS,S3A,709,RHOW,251,21,6,3,64.791,3.6897,5.2078,103.4035,2053.1392,-3.387665,-0.073655,0.093251,NA,TRUE,FALSE,0.123089,0.100406,5735.8429,29.363824,58.731319,86.035809,29.367495,58.731319,86.035809,671.4405,5873.1319,8164.198,674.2829,5873.1319,8164.198
THFR,HYPERNETS,S3A,754,RHOW,251,21,6,5,152.3228,2.1039,118.0308,438.4965,1629.0595,-0.956157,-0.209723,-0.008804,NA,TRUE,TRUE,0.100271,0.064569,10428.0424,2.993726,4.685678,180.923546,2.993726,4.685678,180.923546,299.3726,468.5678,18092.3546,299.3726,468.5678,18092.3546
THFR,HYPERNETS,S3A,779,RHOW,251,21,6,5,132.2373,4.0295,128.8616,489.855,1862.1362,-1.109574,-0.241422,-0.013045,NA,TRUE,TRUE,0.104687,0.06796,10917.2083,4.415727,9.094678,191.509554,4.415727,9.094678,191.509554,441.5727,909.4678,19150.9554,441.5727,909.4678,19150.9554
THFR,HYPERNETS,S3A,865,RHOW,251,21,6,5,194.1578,4.7336,236.4073,910.1515,3504.0189,-1.341707,-0.299104,-0.028293,NA,TRUE,TRUE,0.103371,0.066418,16679.4601,3.847551,9.084207,324.345609,3.847551,9.084207,324.345609,384.7551,908.4207,32434.5609,384.7551,908.4207,32434.5609
THFR,HYPERNETS,S3A,885,RHOW,251,21,6,4,-109.5698,-2.6168,-7249.7454,-1165.7903,-187.4641,0.159452,0.558899,3.042955,NA,TRUE,TRUE,0.115386,0.082503,21507.9692,6.045978,179.661973,388.695686,6.045978,179.661973,388.695686,575.1132,5243.7292,38411.5694,575.1132,5243.7292,38411.5694
THFR,HYPERNETS,S3A,1020,RHOW,251,21,6,5,-433.9836,-2.6238,-5904.2277,-1556.7159,-410.4456,0.133233,0.325587,1.055133,NA,TRUE,TRUE,0.099351,0.06419,53736.2924,13.148437,28.637829,797.27,13.148437,28.637829,797.27,1314.8437,2863.7829,79727,1314.8437,2863.7829,79727
THFR,HYPERNETS,S3B,400,RHOW,230,8,2,2,-30.715,-6.0583,NA,NA,NA,NA,NA,NA,NA,NA,NA,0.018568,0.015459,497.281,3.192095,4.97281,6.753526,3.192095,4.97281,6.753526,240.0328,379.4859,576.1312,240.0328,379.4859,576.1312
THFR,HYPERNETS,S3B,412,RHOW,230,8,2,2,-36.1113,-7.7104,NA,NA,NA,NA,NA,NA,NA,NA,NA,0.017364,0.014876,425.7335,2.889228,4.257335,5.625442,2.889228,4.257335,5.625442,236.4188,348.9176,499.0363,236.4188,348.9176,499.0363
THFR,HYPERNETS,S3B,442,RHOW,230,8,2,2,91.0018,43.0835,NA,NA,NA,NA,NA,NA,NA,NA,NA,0.008113,0.006432,125.1453,0.773276,1.251453,1.729629,0.773276,1.251453,1.729629,62.4723,103.8241,155.7007,62.4723,103.8241,155.7007
THFR,HYPERNETS,S3B,490,RHOW,230,8,2,2,6.8844,5.3601,NA,NA,NA,NA,NA,NA,NA,NA,NA,0.003946,0.002911,33.9974,0.137525,0.307512,0.477499,0.186218,0.339974,0.49373,10.524,26.254,44.2226,16.1326,30.4899,46.6221
THFR,HYPERNETS,S3B,510,RHOW,230,8,2,2,5.5753,5.1513,NA,NA,NA,NA,NA,NA,NA,NA,NA,0.002535,0.002329,25.5601,-0.030208,0.097592,0.225393,0.206805,0.255601,0.304397,-5.4822,6.7416,20.184,22.7041,26.7728,30.9764
THFR,HYPERNETS,S3B,560,RHOW,230,8,2,2,4.7212,4.7744,NA,NA,NA,NA,NA,NA,NA,NA,NA,0.001242,0.001241,11.9838,-0.067504,-0.007585,0.052334,0.116046,0.119838,0.123631,-7.8565,-1.5071,4.6776,12.0603,12.9016,13.7492
THFR,HYPERNETS,S3B,620,RHOW,230,8,2,2,-2.6603,-2.6341,NA,NA,NA,NA,NA,NA,NA,NA,NA,6.07e-4,6.05e-4,17.4033,-0.064383,0.022634,0.109651,0.162716,0.174033,0.18535,-8.1382,0.7717,9.8135,18.2948,18.7504,19.2077
THFR,HYPERNETS,S3B,665,RHOW,230,8,2,2,-3.8103,-5.7602,NA,NA,NA,NA,NA,NA,NA,NA,NA,0.001144,8.78e-4,33.8339,-0.443399,-0.274229,-0.10506,0.201225,0.338339,0.475454,-100.4966,-55.7432,-20.9794,32.7979,65.7279,106.8237
THFR,HYPERNETS,S3B,673,RHOW,230,8,2,2,-0.4489,-0.7017,NA,NA,NA,NA,NA,NA,NA,NA,NA,0.001082,9.87e-4,34.7734,-0.409447,-0.347734,-0.286022,0.286022,0.347734,0.409447,-71.8243,-56.1325,-41.8738,41.8738,56.1325,71.8243
THFR,HYPERNETS,S3B,681,RHOW,230,8,2,2,0.177,0.3011,NA,NA,NA,NA,NA,NA,NA,NA,NA,0.001242,0.001195,40.7182,-0.437124,-0.407182,-0.377241,0.377241,0.407182,0.437124,-78.3677,-69.5532,-61.1743,61.1743,69.5532,78.3677
THFR,HYPERNETS,S3B,709,RHOW,230,8,2,2,-1.4898,-1.5211,NA,NA,NA,NA,NA,NA,NA,NA,NA,3.37e-4,3.37e-4,24.6246,-0.115246,0.007877,0.131,0.242308,0.246246,0.250184,-15.9062,-2.3193,10.7111,26.8583,28.321,29.8006
THFR,HYPERNETS,S3B,754,RHOW,230,8,2,2,-14.673400000000001,-3.8921,NA,NA,NA,NA,NA,NA,NA,NA,NA,0.001249,0.001199,287.1338,2.381358,2.871338,3.361318,2.381358,2.871338,3.361318,229.0737,274.5255,326.2552,229.0737,274.5255,326.2552
THFR,HYPERNETS,S3B,779,RHOW,230,8,2,2,1.4372,2.1494,NA,NA,NA,NA,NA,NA,NA,NA,NA,1.33e-4,1.33e-4,33.1317,-0.343523,-0.331317,-0.31911,0.31911,0.331317,0.343523,-52.4054,-49.6473,-46.9392,46.9392,49.6473,52.4054
THFR,HYPERNETS,S3B,865,RHOW,230,8,2,2,30.8103,32.4659,NA,NA,NA,NA,NA,NA,NA,NA,NA,1.92e-4,1.86e-4,86.9168,-0.240109,0.194475,0.629059,0.771931,0.869168,0.966406,-93.6962,-22.0495,30.0317,127.9831,151.8666,178.2521
THFR,HYPERNETS,S3B,885,RHOW,230,8,2,0,NA,NA,NA,NA,NA,NA,NA,NA,NA,NA,NA,NA,NA,NA,NA,NA,NA,NA,NA,NA,NA,NA,NA,NA,NA,NA
THFR,HYPERNETS,S3B,1020,RHOW,230,8,2,2,-144.1594,-4.3018,NA,NA,NA,NA,NA,NA,NA,NA,NA,0.001783,0.001631,3666.6507,27.100423,36.666507,46.232591,27.100423,36.666507,46.232591,2352.2649,3144.5738,4192.8719,2352.2649,3144.5738,4192.8719
THFR_pixel,HYPERNETS,S3A,400,RHOW,228,101,25,25,0.1928,-0.0402,4.1385,6.2911,9.5632,-0.017651,-0.007409,-6.72e-4,NA,TRUE,TRUE,0.012162,0.009199,490.8616,1.13696,1.924162,4.628322,1.13696,1.924162,4.628322,113.696,192.4162,462.8322,113.696,192.4162,462.8322
THFR_pixel,HYPERNETS,S3A,412,RHOW,228,101,25,25,0.5967,0.042,3.9139,5.9388,9.0113,-0.019475,-0.008655,-0.001525,NA,TRUE,TRUE,0.011208,0.008736,321.9265,1.114326,1.512812,4.104259,1.114326,1.512812,4.104259,111.4326,151.2812,410.4259,111.4326,151.2812,410.4259
THFR_pixel,HYPERNETS,S3A,442,RHOW,228,101,25,25,1.2538,0.4763,2.7293,4.0703,6.07,-0.022236,-0.012075,-0.005261,NA,TRUE,TRUE,0.005633,0.003978,83.0944,0.114442,0.435102,1.338423,0.270196,0.435102,1.338423,11.4442,43.5102,133.8423,27.2815,52.1684,133.8423
THFR_pixel,HYPERNETS,S3A,490,RHOW,228,101,26,26,1.3243,1.4664,1.7008,2.4003,3.3875,-0.019088,-0.011118,-0.005471,NA,TRUE,TRUE,0.003059,0.002187,27.6404,-0.196235,-0.077329,0.197354,0.088903,0.218708,0.321086,-24.571,-8.3814,19.6836,9.7577,23.1877,41.548
THFR_pixel,HYPERNETS,S3A,510,RHOW,228,101,26,26,0.9695,1.0415,1.1734,1.6375,2.2853,-0.012096,-0.006335,-0.002206,NA,TRUE,TRUE,0.002354,0.001947,22.8528,-0.215088,-0.130146,0.056383,0.112931,0.18412,0.263556,-27.4256,-14.9621,5.6032,11.7513,20.8892,35.797
THFR_pixel,HYPERNETS,S3A,560,RHOW,228,101,27,27,0.6176,0.6265,0.7667,1.0661,1.4826,-0.006926,-0.002513,6.59e-4,NA,FALSE,FALSE,0.00295,0.002258,21.8017,-0.258607,-0.150222,-0.062509,0.112254,0.193034,0.266078,-34.8813,-17.6778,-6.669,12.6529,23.7111,36.2594
THFR_pixel,HYPERNETS,S3A,620,RHOW,228,101,24,24,0.6235,0.6692,0.7285,1.0284,1.4517,-0.002428,-9.01e-4,1.81e-4,NA,FALSE,FALSE,0.001344,0.001082,34.0967,-0.355827,-0.238126,-0.082084,0.153006,0.273569,0.38029,-55.2525,-31.3123,-9.0462,15.6798,37.6815,61.4195
THFR_pixel,HYPERNETS,S3A,665,RHOW,228,101,22,22,0.6923,0.5082,0.8102,1.1703,1.6905,-0.002643,-0.00132,-4.04e-4,NA,FALSE,TRUE,0.001179,0.001035,44.9609,-0.51343,-0.379612,-0.231321,0.253992,0.448707,0.522333,-105.5584,-61.5879,-30.1028,34.0633,81.5868,109.3528
THFR_pixel,HYPERNETS,S3A,673,RHOW,228,101,21,21,0.6132,0.5859,0.6698,0.962,1.3817,-0.002096,-9.35e-4,-1.27e-4,NA,FALSE,TRUE,0.001259,0.001148,44.2444,-0.524241,-0.396406,-0.302617,0.306476,0.433397,0.527632,-110.1906,-65.6743,-43.3932,44.1911,76.4903,110.1906
THFR_pixel,HYPERNETS,S3A,681,RHOW,228,101,22,22,0.5957,0.6311,0.6701,0.9581,1.3701,-0.002248,-0.00106,-2.3e-4,NA,FALSE,TRUE,0.001401,0.00127,46.1613,-0.520254,-0.438101,-0.309187,0.327573,0.456468,0.536555,-108.4916,-78.0031,-44.7635,48.7394,80.8378,108.4916
THFR_pixel,HYPERNETS,S3A,709,RHOW,228,101,22,22,0.8144,0.6779,0.9359,1.3458,1.9354,-0.001195,-4.22e-4,1.16e-4,NA,FALSE,FALSE,5.72e-4,4.23e-4,44.6913,-0.250457,-0.079271,0.227178,0.124948,0.262952,0.367207,-33.468,-8.6208,22.5536,13.0603,27.5741,49.4876
THFR_pixel,HYPERNETS,S3A,754,RHOW,228,101,27,27,2.5706,0.023,3.5114,4.9598,7.0058,-0.001318,-5.15e-4,5.4e-5,NA,TRUE,FALSE,0.001303,0.001039,4593.1353,1.68151,2.508962,3.218016,1.68151,2.508962,3.218016,168.1504,250.8962,321.7827,168.1504,250.8962,321.7827
THFR_pixel,HYPERNETS,S3A,779,RHOW,228,101,27,27,3.4171,0.3097,5.2742000000000004,7.5566,10.8265,-0.003556,-0.002275,-0.001381,NA,TRUE,TRUE,0.001245,5.32e-4,170.6456,-0.48501,-0.273993,0.154338,0.265594,0.472072,0.652869,-94.2398,-37.7397,14.9746,34.5763,89.4198,129.8019
THFR_pixel,HYPERNETS,S3A,865,RHOW,228,101,6,6,5.4671,1.1105,4.1715,11.7307,32.9879,-0.009783,-0.002651,-1.15e-4,NA,TRUE,TRUE,0.001531,0.001084,321.9132,-0.452872,2.304415,5.652368,0.52991,2.709739,5.652368,-86.4398,109.4695,563.5734,112.869,264.6951,563.5734
THFR_pixel,HYPERNETS,S3A,885,RHOW,228,101,4,4,6.8579,2.2425,2.529,7.648,23.128,-0.005432,-8.59e-4,6.53e-4,NA,TRUE,FALSE,0.001402,0.001165,359.8843,2.805323,4.200516,4.667417,3.131942,4.200516,4.667417,154.9761,419.4866,465.4722,332.9956,419.4866,465.4722
THFR_pixel,HYPERNETS,S3A,1020,RHOW,228,101,25,25,4.0831,0.0305,10.9046,16.3727,24.5828,2.84e-4,9.93e-4,0.001466,NA,TRUE,TRUE,0.002521,0.002322,6176.8207,21.148568,29.950665,41.84565,21.148568,29.950665,41.84565,2114.8568,2995.0665,4184.565,2114.8568,2995.0665,4184.565
THFR_pixel,HYPERNETS,S3B,400,RHOW,225,83,20,20,0.8734,-0.1484,4.6757,7.5103,12.0633,-0.019531,-0.004784,0.004397,NA,TRUE,FALSE,0.019514,0.016303,1470.6289,2.594455,4.622162,7.508165,2.594455,4.622162,7.508165,259.1507,461.7565,749.9308,259.1507,461.7565,749.9308
THFR_pixel,HYPERNETS,S3B,412,RHOW,225,83,20,20,1.7846,-0.0677,4.6181,7.3415,11.6709,-0.023485,-0.007956,0.001811,NA,TRUE,FALSE,0.017845,0.014788,660.6851,1.953694,3.939133,6.332858,1.953694,3.939133,6.332858,195.369,393.9093,633.2553,195.369,393.9093,633.2553
THFR_pixel,HYPERNETS,S3B,442,RHOW,225,83,21,21,0.5763,-0.1484,2.7935,4.4239,7.0059,-0.022963,-0.010075,-0.001938,NA,TRUE,TRUE,0.009333,0.007342,182.6448,0.297924,1.302847,2.295563,0.535224,1.302847,2.295563,29.7924,130.2847,229.5563,53.5224,141.9809,229.5563
THFR_pixel,HYPERNETS,S3B,490,RHOW,225,83,21,21,0.7613,0.2963,1.5977,2.4871,3.8715,-0.019131,-0.008551,-0.001754,NA,TRUE,TRUE,0.005219,0.003776,54.4286,-0.041268,0.364003,0.681712,0.052294,0.464087,0.681712,-4.3044,36.4003,68.1712,5.518,52.474,82.7012
THFR_pixel,HYPERNETS,S3B,510,RHOW,225,83,21,21,0.5856,0.2927,1.0954,1.6951,2.6232,-0.012054,-0.004269,7.62e-4,NA,TRUE,FALSE,0.003668,0.002827,38.387,-0.069629,0.217928,0.522787,0.088363,0.299698,0.544288,-7.484,21.7928,52.2787,9.6928,29.9698,55.5149
THFR_pixel,HYPERNETS,S3B,560,RHOW,225,83,23,23,0.505,0.3055,0.9035,1.3612,2.0508,-0.010908,-0.004164,3.13e-4,NA,FALSE,FALSE,0.003212,0.002423,27.2177,-0.175477,-0.02959,0.142336,0.113502,0.163344,0.368991,-21.2954,-3.0493,14.233,12.509,19.5234,41.8438
THFR_pixel,HYPERNETS,S3B,620,RHOW,225,83,20,20,0.6438,0.5271,0.8024,1.2059,1.8123,-0.002566,-5.76e-4,7.49e-4,NA,FALSE,FALSE,0.00118,9.68e-4,34.4043,-0.129274,0.105053,0.393158,0.127496,0.306985,0.527971,-14.8577,10.4789,39.2876,13.6849,30.6891,61.0777
THFR_pixel,HYPERNETS,S3B,665,RHOW,225,83,18,18,0.219,0.1434,0.6159,1.0122,1.6634,-0.002253,-7.29e-4,1.99e-4,NA,FALSE,FALSE,0.00114,8.36e-4,33.3444,-0.541407,-0.165929,0.05969,0.087875,0.270093,0.541407,-118.9002,-20.6834,5.955,9.1567,35.6325,118.9002
THFR_pixel,HYPERNETS,S3B,673,RHOW,225,83,16,16,0.4739,0.5513,0.5628,0.9003,1.4404,-0.001759,-4.33e-4,3.96e-4,NA,FALSE,FALSE,0.001,7.07e-4,25.7524,-0.35769,-0.166411,-0.032345,0.076317,0.166411,0.35769,-55.9453,-20.0076,-3.346,7.6247,20.0076,55.9453
THFR_pixel,HYPERNETS,S3B,681,RHOW,225,83,16,16,0.5359,0.6769,0.5509,0.8473,1.3033,-0.001513,-3.38e-4,4.26e-4,NA,FALSE,FALSE,0.001008,7.56e-4,26.8931,-0.324042,-0.245892,-0.110762,0.122474,0.245892,0.324042,-48.0081,-32.6133,-12.5094,13.6172,32.6133,48.0081
THFR_pixel,HYPERNETS,S3B,709,RHOW,225,83,17,17,0.324,0.1517,0.615,1.0143,1.6729,-5.53e-4,2.91e-4,8.03e-4,NA,FALSE,FALSE,6.17e-4,5.45e-4,61.1972,-0.03832,0.314072,0.806174,0.226211,0.391963,0.806174,-3.9847,31.4072,80.6174,29.2342,39.1963,86.2904
THFR_pixel,HYPERNETS,S3B,754,RHOW,225,83,23,23,4.5391,0.5066,4.7447,6.5423,9.021,-0.001612,-6.39e-4,6.6e-5,NA,TRUE,FALSE,0.001992,0.001536,519.8346,2.39118,3.674439,5.166808,2.39118,3.674439,5.166808,239.0588,367.4439,516.6665,239.0588,367.4439,516.6665
THFR_pixel,HYPERNETS,S3B,779,RHOW,225,83,23,23,0.7213,0.4495,3.7166,5.7492,8.8935,-0.002682,-0.001482,-7.06e-4,NA,TRUE,TRUE,0.001155,5.9e-4,150.5123,-0.487303,-0.212126,1.584861,0.361309,0.499269,1.584861,-95.0728,-26.9238,157.2227,49.5518,99.7078,212.2882
THFR_pixel,HYPERNETS,S3B,865,RHOW,225,83,5,5,-3.0016,-1.127,-20.91,-6.0202,-1.7333,0.001838,0.00324,0.008111,NA,TRUE,TRUE,0.001401,0.001091,422.428,0.059716,4.357852,4.758487,0.577514,4.357852,4.758487,5.9716,435.7852,475.8487,136.6944,435.7852,475.8487
THFR_pixel,HYPERNETS,S3B,885,RHOW,225,83,5,5,-1.4461,-0.0155,-16.0496,-4.3037,-1.154,0.001306,0.002207,0.005569,NA,TRUE,TRUE,0.001022,8.08e-4,349.0435,0.204806,3.598861,3.743727,0.505608,3.598861,3.743727,20.4806,359.8861,374.3727,102.2688,359.8861,374.3727
THFR_pixel,HYPERNETS,S3B,1020,RHOW,225,83,18,18,-8.9067,-0.0875,-43.8157,-27.0684,-16.7222,0.003248,0.003865,0.004863,NA,TRUE,TRUE,0.002408,0.002191,29128.643,22.455942,38.667341,71.300532,22.455942,38.667341,71.300532,2240.1793,3865.0327,7081.8607,2240.1793,3865.0327,7081.8607
THFR_NE,HYPERNETS,S3A,400,RHOW,69,27,5,5,-3.4964,-0.8521,-45.7331,-12.0917,-3.197,0.023523,0.057099,0.184086,NA,TRUE,TRUE,0.010425,0.007681,220.6611,0.938265,1.216899,2.235737,0.938265,1.216899,2.235737,93.8265,121.6899,223.5737,93.8265,121.6899,223.5737
THFR_NE,HYPERNETS,S3A,412,RHOW,69,27,5,5,-1.7206,-0.2668,-46.4748,-11.9373,-3.0661,0.02405,0.059704,0.198515,NA,TRUE,TRUE,0.00993,0.007708,200.0168,0.975029,1.506003,2.05544,0.975029,1.506003,2.05544,97.5029,150.6003,205.544,97.5029,150.6003,205.544
THFR_NE,HYPERNETS,S3A,442,RHOW,69,27,4,4,3.52,2.4834,1.1349,5.6027,27.6581,-0.133852,-0.019906,0.003176,NA,TRUE,FALSE,0.0048,0.003873,72.3891,0.441525,0.581252,0.863618,0.441525,0.581252,0.863618,43.0412,58.0708,82.3274,43.0412,58.0708,82.3274
THFR_NE,HYPERNETS,S3A,490,RHOW,69,27,6,6,-0.4275,-0.823,-7.39,-2.4154,-0.7895,0.014077,0.027291,0.067718,NA,TRUE,TRUE,0.003215,0.002527,28.7713,-0.229351,0.09136,0.253419,0.203163,0.289902,0.305837,-31.5568,8.7913,25.2642,20.2397,28.9852,40.6733
THFR_NE,HYPERNETS,S3A,510,RHOW,69,27,6,6,-0.295,-0.3475,-3.7376,-1.235,-0.4081,0.011873,0.019362,0.042027,NA,TRUE,TRUE,0.002776,0.001907,19.0872,-0.194379,0.018668,0.063121,0.047255,0.164603,0.25842,-25.2093,1.8458,6.3031,4.7166,16.084,32.5422
THFR_NE,HYPERNETS,S3A,560,RHOW,69,27,6,6,0.3359,0.3732,0.2019,0.3907,0.7562,0.001871,0.005986,0.008113,NA,TRUE,TRUE,0.00225,0.001724,14.0981,-0.130522,-0.070166,0.033615,0.068698,0.12838,0.223883,-15.0126,-7.7275,3.3205,7.2383,14.7303,22.8151
THFR_NE,HYPERNETS,S3A,620,RHOW,69,27,5,5,-0.1725,-0.2636,-0.5854,-0.2202,-0.0828,0.003342,0.003918,0.005447,NA,TRUE,TRUE,0.002181,0.001437,26.7318,-0.272988,-0.193837,0.03635,0.175652,0.193837,0.272988,-37.5493,-24.0445,3.635,17.5652,24.0445,37.5493
THFR_NE,HYPERNETS,S3A,665,RHOW,69,27,3,3,-0.553,-0.9265,-10.5587,-0.6906,-0.0452,0.001552,0.002993,0.025021,NA,TRUE,TRUE,9.64e-4,7.81e-4,32.2366,-0.415126,-0.254379,-0.195613,0.195613,0.254379,0.415126,-77.8249,-34.1164,-24.6514,24.6514,34.1164,77.8249
THFR_NE,HYPERNETS,S3A,673,RHOW,69,27,3,3,-0.4598,-0.8383,-2.1878,-0.4671,-0.0997,0.001719,0.002618,0.006832,NA,TRUE,TRUE,0.001125,9.74e-4,37.3752,-0.439249,-0.287919,-0.265338,0.265338,0.287919,0.439249,-85.204,-40.4334,-36.1814,36.1814,40.4334,85.204
THFR_NE,HYPERNETS,S3A,681,RHOW,69,27,3,3,-0.4264,-0.7709,-8.9179,-0.5514,-0.0341,0.001611,0.002936,0.024365,NA,TRUE,TRUE,0.001201,0.001037,38.0873,-0.467858,-0.338665,-0.272784,0.272784,0.338665,0.467858,-93.7152,-51.2094,-38.0786,38.0786,51.2094,93.7152
THFR_NE,HYPERNETS,S3A,709,RHOW,69,27,3,3,-0.4335,-0.4425,-8.0329,-0.5357,-0.0357,0.001338,0.001967,0.011387,NA,TRUE,TRUE,3.26e-4,3.17e-4,25.0015,-0.015241,0.238398,0.240582,0.240582,0.242765,0.255823,-5.0934,23.8398,24.058,24.058,24.2765,30.3768
THFR_NE,HYPERNETS,S3A,754,RHOW,69,27,7,7,-0.5925,-0.1345,-4.8165,-1.8739,-0.729,0.001966,0.002452,0.003701,NA,TRUE,TRUE,0.001281,0.001233,421.7943,1.954217,2.34273,3.486964,1.954217,2.34273,3.486964,194.6952,234.273,348.6708,194.6952,234.273,348.6708
THFR_NE,HYPERNETS,S3A,779,RHOW,69,27,6,6,-2.6544,-0.9887,-19.9899,-6.8797,-2.3677,0.002033,0.003926,0.009426,NA,TRUE,TRUE,0.001264,8.18e-4,371.8875,-0.376456,0.009212,2.019673,0.355114,0.456841,2.06405,-60.5583,-4.9631,180.0639,51.9818,85.3516,212.5486
THFR_NE,HYPERNETS,S3A,865,RHOW,69,27,4,4,-4.0384,-0.9457,-22.0245,-5.2862,-1.2688,9.65e-4,0.00189,0.005743,NA,TRUE,TRUE,7.48e-4,5.32e-4,595.8525,-0.293661,0.818086,6.755918,0.335047,1.13244,6.755918,-41.7652,45.4317,384.0403,50.5967,112.4964,384.0403
THFR_NE,HYPERNETS,S3A,885,RHOW,69,27,2,2,-2.6109,-0.4702,NA,NA,NA,NA,NA,NA,NA,NA,NA,7.2e-4,6.41e-4,777.9259,4.512231,7.779259,11.046287,4.512231,7.779259,11.046287,262.8349,486.3575,847.5799,262.8349,486.3575,847.5799
THFR_NE,HYPERNETS,S3A,1020,RHOW,69,27,7,7,-5.4973,-0.2135,-54.1605,-20.8157,-8.0002,0.003894,0.004931,0.007628,NA,TRUE,TRUE,0.003329,0.003166,5741.3241,24.284691,41.149325,72.883614,24.284691,41.149325,72.883614,2340.3505,4114.9325,7275.87,2340.3505,4114.9325,7275.87
THFR_NE,HYPERNETS,S3B,400,RHOW,71,14,1,1,NA,NA,NA,NA,NA,NA,NA,NA,NA,NA,NA,NA,NA,NA,NA,NA,NA,NA,NA,NA,NA,NA,NA,NA,NA,NA
THFR_NE,HYPERNETS,S3B,412,RHOW,71,14,1,1,NA,NA,NA,NA,NA,NA,NA,NA,NA,NA,NA,NA,NA,NA,NA,NA,NA,NA,NA,NA,NA,NA,NA,NA,NA,NA
THFR_NE,HYPERNETS,S3B,442,RHOW,71,14,1,1,NA,NA,NA,NA,NA,NA,NA,NA,NA,NA,NA,NA,NA,NA,NA,NA,NA,NA,NA,NA,NA,NA,NA,NA,NA,NA
THFR_NE,HYPERNETS,S3B,490,RHOW,71,14,3,3,-19.4853,-31.685,-260.8979,-21.9906,-1.8536,0.02083,0.182694,2.103062,NA,TRUE,TRUE,0.006599,0.00656,81.5732,-0.790719,-0.701581,0.082088,0.783669,0.865757,0.872807,-428.125,-235.0994,-34.0168,150.0428,235.0994,428.125
THFR_NE,HYPERNETS,S3B,510,RHOW,71,14,3,3,-4.6974,-6.5038,-122.9562,-6.7332,-0.36870000000000003,0.009795,0.067267,1.116778,NA,TRUE,TRUE,0.00563,0.005542,60.9123,-0.647543,-0.606492,-0.037105,0.569386,0.606492,0.647543,-185.6673,-154.1242,-28.7816,97.3296,154.1242,185.6673
THFR_NE,HYPERNETS,S3B,560,RHOW,71,14,4,4,0.7166,1.2297,0.2399,1.236,6.3676,-0.067553,-0.007312,0.004381,NA,FALSE,FALSE,0.005214,0.004542,38.8109,-0.492979,-0.36835,-0.26348,0.26348,0.36835,0.492979,-108.2452,-58.6689,-37.1213,37.1213,58.6689,108.2452
THFR_NE,HYPERNETS,S3B,620,RHOW,71,14,2,2,0.0225,0.0313,NA,NA,NA,NA,NA,NA,NA,NA,NA,0.001895,0.001474,25.1044,-0.339456,-0.251044,-0.162632,0.162632,0.251044,0.339456,-54.9711,-37.4035,-21.8274,21.8274,37.4035,54.9711
THFR_NE,HYPERNETS,S3B,665,RHOW,71,14,1,1,NA,NA,NA,NA,NA,NA,NA,NA,NA,NA,NA,NA,NA,NA,NA,NA,NA,NA,NA,NA,NA,NA,NA,NA,NA,NA
THFR_NE,HYPERNETS,S3B,673,RHOW,71,14,1,1,NA,NA,NA,NA,NA,NA,NA,NA,NA,NA,NA,NA,NA,NA,NA,NA,NA,NA,NA,NA,NA,NA,NA,NA,NA,NA
THFR_NE,HYPERNETS,S3B,681,RHOW,71,14,1,1,NA,NA,NA,NA,NA,NA,NA,NA,NA,NA,NA,NA,NA,NA,NA,NA,NA,NA,NA,NA,NA,NA,NA,NA,NA,NA
THFR_NE,HYPERNETS,S3B,709,RHOW,71,14,2,2,0.4954,0.8695,NA,NA,NA,NA,NA,NA,NA,NA,NA,8.69e-4,8.51e-4,42.9397,-0.436098,-0.429397,-0.422696,0.422696,0.429397,0.436098,-77.3728,-75.3016,-73.2546,73.2546,75.3016,77.3728
THFR_NE,HYPERNETS,S3B,754,RHOW,71,14,4,4,-15.0893,-3.3217,-82.9015,-19.8167,-4.737,0.004798,0.013405,0.049413,NA,TRUE,TRUE,0.00251,0.001693,366.5984,-0.058645,1.275722,4.709802,0.464699,1.508517,4.709802,-14.5164,95.7756,374.8253,97.3706,186.3952,374.8253
THFR_NE,HYPERNETS,S3B,779,RHOW,71,14,3,3,-18.3215,-4.3938,-92.7122,-18.6529,-3.7528,0.00415,0.0124,0.053409,NA,TRUE,TRUE,0.002519,0.00156,371.2857,0.153909,0.412042,5.517175,0.258133,0.412042,5.517175,12.4666,41.2042,305.1072,25.5521,41.2042,305.1072
THFR_NE,HYPERNETS,S3B,865,RHOW,71,14,3,3,-16.668,-4.3138,-43.2944,-16.7308,-6.4655,0.003159,0.006413,0.014834,NA,TRUE,TRUE,0.001416,8.42e-4,372.2006,-0.101442,-0.075248,5.443943,0.101442,0.127636,5.545385,-11.3367,-8.1371,232.6099,11.3367,14.631,270.3169
THFR_NE,HYPERNETS,S3B,885,RHOW,71,14,2,2,-17.925,-5.7084,NA,NA,NA,NA,NA,NA,NA,NA,NA,0.001174,8.72e-4,442.508,1.916817,4.129357,6.341897,2.360401,4.42508,6.489758,35.1634,159.4026,397.8399,128.6881,268.3246,493.2229
THFR_NE,HYPERNETS,S3B,1020,RHOW,71,14,4,4,-7.3643,-0.3616,-138.3418,-23.2864,-3.9197,0.002508,0.004387,0.015555,NA,TRUE,TRUE,0.002226,0.00203,2580.2308,15.317379,26.082383,36.567312,15.317379,26.082383,36.567312,1422.0871,2492.4279,3630.9971,1422.0871,2492.4279,3630.9971
THFR_poly,HYPERNETS,S3A,400,RHOW,236,88,14,14,2.5905,0.3667,4.8573,8.5759,15.1413,-0.039084,-0.015082,-0.001487,NA,TRUE,TRUE,0.016034,0.012617,392.5129,1.276862,2.223833,5.005038,1.276862,2.223833,5.005038,127.3445,220.1512,499.3843,127.3445,220.1512,499.3843
THFR_poly,HYPERNETS,S3A,412,RHOW,236,88,14,14,3.0792,0.5951,4.8246,8.4144,14.6753,-0.043238,-0.017841,-0.003279,NA,TRUE,TRUE,0.01521,0.012235,319.2121,1.388653,1.898204,4.305716,1.388653,1.898204,4.305716,138.8196,188.5093,430.5518,138.8196,188.5093,430.5518
THFR_poly,HYPERNETS,S3A,442,RHOW,236,88,16,16,2.3887,1.0899,4.1294,6.91,11.5629,-0.05552,-0.028962,-0.013091,NA,TRUE,TRUE,0.008145,0.006305,107.9719,0.22343,0.457769,1.671886,0.360624,0.668726,1.671886,22.3388,45.7286,167.0815,40.5651,101.7899,227.1668
THFR_poly,HYPERNETS,S3A,490,RHOW,236,88,17,17,2.273,3.8265,2.5957,4.031,6.2598,-0.044616,-0.025171,-0.01265,NA,TRUE,TRUE,0.00486,0.00387,44.3762,-0.184884,-0.02906,0.502957,0.159678,0.468561,0.548435,-22.6819,-2.9929,50.2957,19.0021,50.2957,92.7616
THFR_poly,HYPERNETS,S3A,510,RHOW,236,88,17,17,1.9962,3.1648,2.0722,3.1286,4.7237,-0.035471,-0.020044,-0.009826,NA,TRUE,TRUE,0.003838,0.003219,33.6578,-0.249116,-0.065085,0.316174,0.17351,0.282356,0.364997,-33.1763,-6.9616,31.6174,20.9936,33.1763,57.1927
THFR_poly,HYPERNETS,S3A,560,RHOW,236,88,21,21,1.1205,1.852,1.287,1.8744,2.7301,-0.02175,-0.011945,-0.005213,NA,TRUE,TRUE,0.004288,0.003194,29.4698,-0.358217,-0.104006,0.037126,0.100647,0.191372,0.448753,-55.816,-11.6078,3.7126,11.191,22.5507,55.816
THFR_poly,HYPERNETS,S3A,620,RHOW,236,88,16,16,1.0204,1.5105,1.0393,1.5931,2.442,-0.005935,-0.002424,-1.33e-4,NA,TRUE,TRUE,0.001734,0.0014,35.3454,-0.292541,-0.004904,0.251315,0.122045,0.292964,0.513766,-41.3596,-0.7087,25.1031,13.661,37.9194,57.6729
THFR_poly,HYPERNETS,S3A,665,RHOW,236,88,15,15,0.7412,1.0085,0.927,1.5331,2.5352,-0.00508,-0.00217,-4.1e-4,NA,FALSE,TRUE,0.001442,0.001175,40.5691,-0.515995,-0.261205,0.011142,0.145387,0.449887,0.5845,-107.563,-35.3555,0.6776,16.565,44.9887,107.563
THFR_poly,HYPERNETS,S3A,673,RHOW,236,88,15,15,0.6851,0.9164,0.8522,1.408,2.3263,-0.005011,-0.002168,-4.47e-4,NA,FALSE,TRUE,0.001529,0.00124,40.2308,-0.620709,-0.320453,-0.124762,0.207078,0.359554,0.620709,-164.3181,-47.1569,-14.2744,22.7553,56.1412,164.3181
THFR_poly,HYPERNETS,S3A,681,RHOW,236,88,15,15,0.7111,1.0426,0.8499,1.3941,2.2868,-0.00511,-0.002254,-5.12e-4,NA,FALSE,TRUE,0.001592,0.001324,42.1838,-0.548751,-0.305893,-0.100536,0.265417,0.430878,0.592819,-125.2784,-44.0699,-11.1877,31.0338,55.5754,125.2784
THFR_poly,HYPERNETS,S3A,709,RHOW,236,88,15,15,1.0962,0.8019,1.3685,2.2624,3.7401,-0.004006,-0.001691,-2.91e-4,NA,TRUE,TRUE,0.001104,8.3e-4,51.6949,-0.225404,0.148779,0.499524,0.225404,0.406525,0.623511,-29.1308,14.8779,49.6638,28.8973,40.6525,100.2749
THFR_poly,HYPERNETS,S3A,754,RHOW,236,88,24,24,2.0216,0.3708,3.4661,5.1514,7.6561,-0.001297,-1.73e-4,5.84e-4,NA,TRUE,FALSE,0.001977,0.001691,455.4855,2.426141,3.665757,5.136808,2.426141,3.665757,5.136808,242.5837,366.5713,513.5903,242.5837,366.5713,513.5903
THFR_poly,HYPERNETS,S3A,779,RHOW,236,88,24,24,1.9328,0.4347,6.5762,10.0215,15.2718,-0.005111,-0.002766,-0.001227,NA,TRUE,TRUE,0.002355,0.001381,379.7865,-0.233074,0.792278,3.930939,0.422413,0.792278,3.930939,-30.3916,78.5955,376.6146,54.5588,132.2852,376.6146
THFR_poly,HYPERNETS,S3A,865,RHOW,236,88,22,22,2.0713,0.3238,6.5945,10.2626,15.9712,-0.003303,-0.001784,-8.08e-4,NA,TRUE,TRUE,0.00143,8.11e-4,380.8828,-0.437817,0.611065,4.478352,0.485421,1.003326,4.478352,-78.5024,52.1706,447.2135,93.5732,223.6367,531.5553
THFR_poly,HYPERNETS,S3A,885,RHOW,236,88,15,15,1.0717,0.1685,4.7951,8.4278,14.8126,-0.002946,-0.001271,-3.18e-4,NA,TRUE,TRUE,0.001237,8.11e-4,421.8136,-0.546969,1.060708,4.363491,0.600949,1.060708,4.363491,-120.9135,106.0708,433.1728,120.9135,243.6292,583.0273
THFR_poly,HYPERNETS,S3A,1020,RHOW,236,88,22,22,1.0254,-0.0534,18.2496,28.6417,44.9515,-9.27e-4,9e-4,0.002064,NA,TRUE,FALSE,0.004505,0.003996,10183.8134,27.171785,37.635804,55.32209,27.171785,37.635804,55.32209,2714.604,3761.3281,5520.9895,2714.604,3761.3281,5520.9895
THFR_poly,HYPERNETS,S3B,400,RHOW,237,89,17,17,1.1973,-0.0617,4.322,7.2636,12.2075,-0.023417,-0.006138,0.004143,NA,TRUE,FALSE,0.018779,0.015753,581.6178,1.875826,6.314977,7.628571,1.875826,6.314977,7.628571,187.5826,631.4977,762.8571,187.5826,631.4977,762.8571
THFR_poly,HYPERNETS,S3B,412,RHOW,237,89,17,17,2.075,0.089,4.5548,7.5638,12.5606,-0.03021,-0.010944,6.58e-4,NA,TRUE,FALSE,0.017412,0.014364,424.9925,1.400983,4.343012,5.993056,1.400983,4.343012,5.993056,140.0983,434.3012,599.3056,140.0983,434.3012,599.3056
THFR_poly,HYPERNETS,S3B,442,RHOW,237,89,18,18,1.7727,0.3497,3.2217,5.2049,8.4089,-0.032746,-0.015742,-0.005217,NA,TRUE,TRUE,0.008822,0.00721,141.1944,0.491174,1.256731,2.122103,0.559455,1.256731,2.122103,49.1039,124.9838,212.2028,65.5078,144.9039,212.2028
THFR_poly,HYPERNETS,S3B,490,RHOW,237,89,18,18,1.5331,0.844,2.1383,3.3742,5.3243,-0.032583,-0.01667,-0.006586,NA,TRUE,TRUE,0.005296,0.003969,48.5738,0.034479,0.308068,0.714147,0.080634,0.492544,0.714147,3.4478,30.6794,71.3989,8.549,48.9881,88.4438
THFR_poly,HYPERNETS,S3B,510,RHOW,237,89,20,20,1.4549,1.024,1.8018,2.7046,4.0598,-0.026185,-0.014238,-0.006279,NA,TRUE,TRUE,0.004347,0.003267,36.89,-0.081394,0.018427,0.43679,0.068244,0.38774,0.563207,-8.8672,1.8047,43.5325,7.2767,38.9015,62.2938
THFR_poly,HYPERNETS,S3B,560,RHOW,237,89,25,25,1.169,0.8278,1.575,2.2603,3.2439,-0.025621,-0.015328,-0.008156,NA,TRUE,TRUE,0.005003,0.003836,37.3172,-0.620397,-0.14059,0.090976,0.125481,0.303023,0.620397,-163.433,-16.3589,9.0976,12.5481,32.3189,163.433
THFR_poly,HYPERNETS,S3B,620,RHOW,237,89,16,16,1.6792,0.9745,1.6561,2.5037,3.7852,-0.010198,-0.005279,-0.002025,NA,TRUE,TRUE,0.002427,0.001643,44.447,-0.231436,0.036359,0.445639,0.154793,0.383722,0.620248,-30.9488,3.6322,44.2821,16.3525,49.2722,101.1986
THFR_poly,HYPERNETS,S3B,665,RHOW,237,89,14,14,1.7581,0.4849,2.0125,3.3624,5.618,-0.012904,-0.006689,-0.002969,NA,TRUE,TRUE,0.002579,0.001651,54.7583,-0.68579,-0.171281,0.296364,0.235039,0.4082,0.793753,-247.5253,-20.79,29.4368,28.1418,43.7667,293.3581
THFR_poly,HYPERNETS,S3B,673,RHOW,237,89,13,13,1.6523,0.7344,1.7956,3.0596,5.2134,-0.012626,-0.006266,-0.002534,NA,TRUE,TRUE,0.002612,0.001639,49.647,-0.556863,-0.182218,0.176078,0.182218,0.297009,0.76715,-125.6638,-22.282,17.6078,19.2692,32.2557,181.6644
THFR_poly,HYPERNETS,S3B,681,RHOW,237,89,14,14,1.4034,1.266,1.4948,2.453,4.0256,-0.009197,-0.004582,-0.00177,NA,TRUE,TRUE,0.002447,0.001519,47.6486,-0.643399,-0.220928,0.049789,0.126017,0.295912,0.778447,-191.2982,-28.5756,4.8919,14.2956,42.1539,220.6958
THFR_poly,HYPERNETS,S3B,709,RHOW,237,89,16,16,2.6775,0.5645,3.2446,5.2113,8.3702,-0.009534,-0.005036,-0.002235,NA,TRUE,TRUE,0.003013,0.001395,99.4136,-0.187398,0.2768,1.014946,0.278763,0.526232,1.014946,-24.0438,27.6794,100.769,27.8759,84.7339,133.0993
THFR_poly,HYPERNETS,S3B,754,RHOW,237,89,25,25,5.7965,0.6436,8.7199,12.6853,18.454,-0.005844,-0.003058,-0.001143,NA,TRUE,TRUE,0.004014,0.002585,576.957,2.098771,3.900278,6.765074,2.098771,3.900278,6.765074,209.8771,390.0278,676.5074,209.8771,390.0278,676.5074
THFR_poly,HYPERNETS,S3B,779,RHOW,237,89,26,26,4.3255,0.7713,10.3869,15.4037,22.8435,-0.008798,-0.00519,-0.002757,NA,TRUE,TRUE,0.004037,0.001907,393.3418,-0.09963,0.753214,5.765855,0.268306,0.825404,5.765855,-11.2408,74.9437,571.7202,34.3352,114.7271,571.7202
THFR_poly,HYPERNETS,S3B,865,RHOW,237,89,25,25,4.0382,1.0736,11.0303,16.571,24.895,-0.005687,-0.003336,-0.00177,NA,TRUE,TRUE,0.002573,0.001155,422.9634,-0.38441,0.502411,5.273816,0.47147,0.704325,5.273816,-62.4459,50.2411,527.3816,62.4459,166.6117,553.9282
THFR_poly,HYPERNETS,S3B,885,RHOW,237,89,21,21,3.2412,0.9381,11.9183,18.8216,29.7234,-0.006395,-0.003469,-0.001616,NA,TRUE,TRUE,0.003004,0.001425,550.823,-0.388063,0.698751,5.348498,0.563944,0.943639,5.348498,-63.4155,69.8751,534.8498,69.8751,143.709,1073.6071
THFR_poly,HYPERNETS,S3B,1020,RHOW,237,89,25,25,23.051,0.0812,54.4454,81.4453,121.8346,-0.006033,-0.002484,-1.11e-4,NA,TRUE,TRUE,0.006662,0.004585,33175.6691,29.02717,52.920425,91.566842,29.02717,52.920425,91.566842,2902.717,5292.0425,9156.6842,2902.717,5292.0425,9156.6842
THFR_raw,HYPERNETS,S3A,400,RHOW,251,54,15,10,8.5639,0.1538,12.6763,25.7357,52.2492,-0.123667,-0.04762,-0.010163,NA,TRUE,TRUE,0.040675,0.023381,943.5971,1.23185,6.14233,19.281855,1.23185,6.14233,19.281855,123.0046,476.3674,1882.401,123.0046,476.3674,1882.401
THFR_raw,HYPERNETS,S3A,412,RHOW,251,54,15,10,9.8349,0.3727,14.9769,30.475,62.0104,-0.172274,-0.070478,-0.02045,NA,TRUE,TRUE,0.043508,0.024667,750.4199,1.310361,4.468379,8.219712,1.310361,4.468379,8.219712,131.0252,371.7517,821.8945,131.0252,371.7517,821.8945
THFR_raw,HYPERNETS,S3A,442,RHOW,251,54,15,10,6.2806,0.3379,21.4881,44.964,94.0873,-0.406969,-0.179734,-0.071139,NA,TRUE,TRUE,0.047842,0.02427,510.1671,0.335032,1.031898,2.476762,0.390048,1.031898,2.476762,33.093,99.1931,242.3101,52.3621,99.1931,242.3101
THFR_raw,HYPERNETS,S3A,490,RHOW,251,54,15,11,-3.3197,0.932,-76.6827,-38.3041,-19.1334,0.168381,0.308752,0.589768,NA,TRUE,TRUE,0.049758,0.023075,329.0776,-0.198438,0.136997,0.593161,0.177235,0.301345,0.937054,-25.7975,13.6997,55.4977,17.6547,43.1322,443.1255
THFR_raw,HYPERNETS,S3A,510,RHOW,251,54,15,11,0.3857,0.9626,18.1741,36.4648,73.1637,-0.560017,-0.264362,-0.117007,NA,TRUE,TRUE,0.05153,0.023675,297.3968,-0.214369,0.009688,0.510728,0.127172,0.268554,0.811837,-27.5901,0.9688,47.8323,14.6522,36.7155,203.1295
THFR_raw,HYPERNETS,S3A,560,RHOW,251,54,15,12,7.0404,1.2278,12.4253,23.3143,43.746,-0.404392,-0.201772,-0.093787,NA,TRUE,TRUE,0.051791,0.023418,211.0788,-0.214938,-0.098929,0.291348,0.182331,0.229849,0.615256,-27.4493,-11.1593,28.1592,19.0786,29.9421,154.13
THFR_raw,HYPERNETS,S3A,620,RHOW,251,54,15,10,28.1983,2.546,32.5021,64.0763,126.3232,-0.362464,-0.169372,-0.071428,NA,TRUE,TRUE,0.059573,0.027392,733.0816,-0.281044,0.005914,1.31078,0.085327,0.32672,1.542722,-39.5981,0.5762,115.2597,9.2343,48.5402,1752.4794
THFR_raw,HYPERNETS,S3A,665,RHOW,251,54,15,9,37.2897,1.721,44.0506,92.9983,196.3354,-0.391455,-0.168518,-0.062919,NA,TRUE,TRUE,0.064524,0.031005,1199.3573,-0.318104,-0.187048,1.354539,0.274192,0.523481,1.354539,-46.6498,-23.0086,135.4539,37.7774,109.8553,135.4539
THFR_raw,HYPERNETS,S3A,673,RHOW,251,54,15,9,36.9426,2.0085,38.7775,80.2702,166.161,-0.363993,-0.159159,-0.060206,NA,TRUE,TRUE,0.064694,0.031173,1061.7866,-0.380808,-0.302617,0.946746,0.368497,0.517447,0.946746,-61.5008,-43.3932,94.6746,58.3524,94.6746,110.1906
THFR_raw,HYPERNETS,S3A,681,RHOW,251,54,15,9,34.7824,2.042,36.1687,74.7268,154.3901,-0.352635,-0.153964,-0.057805,NA,TRUE,TRUE,0.064871,0.031297,1017.1998,-0.426934,-0.305379,0.801021,0.416756,0.46774,0.801021,-74.5,-43.9635,80.1021,71.455,80.1021,111.0837
THFR_raw,HYPERNETS,S3A,709,RHOW,251,54,15,9,53.3154,1.2036,76.9058,165.8351,357.5968,-0.366615,-0.152511,-0.05322,NA,TRUE,TRUE,0.066553,0.031675,2419.9479,-0.042445,0.263082,4.340602,0.119463,0.310793,4.340602,-4.4327,26.3082,434.0602,11.9463,45.0943,434.0602
THFR_raw,HYPERNETS,S3A,754,RHOW,251,54,15,14,47.8635,0.2212,153.0882,274.8897,493.6003,-0.139527,-0.067825,-0.027894,NA,TRUE,TRUE,0.054884,0.021967,14014.9055,3.133046,4.076909,14.538989,3.133046,4.076909,14.538989,313.2965,402.892,1338.8353,313.2965,402.892,1338.8353
THFR_raw,HYPERNETS,S3A,779,RHOW,251,54,15,14,48.7171,0.809,162.5511,292.0795,524.8223,-0.151833,-0.074076,-0.030802,NA,TRUE,TRUE,0.058808,0.023255,6149.931,0.102909,3.299289,14.859344,0.49486,3.299289,14.859344,9.9516,271.9531,1419.5385,94.5922,282.5995,1419.5385
THFR_raw,HYPERNETS,S3A,865,RHOW,251,54,15,9,-27.8406,1.037,-730.4026,-327.6018,-146.9367,0.073796,0.12243,0.230862,NA,TRUE,TRUE,0.070413,0.034075,15989.1674,-0.176747,5.916464,25.295799,0.882374,5.916464,25.295799,-21.4694,591.6464,2529.5799,486.0077,720.7524,2529.5799
THFR_raw,HYPERNETS,S3A,885,RHOW,251,54,15,7,-99.153,-0.6596,-949.9315,-365.6444,-140.7426,0.086678,0.155874,0.335641,NA,TRUE,TRUE,0.079246,0.043205,21286.8401,4.200516,5.341102,235.854135,4.200516,5.341102,235.854135,419.4866,534.1102,9090.1287,419.4866,534.1102,9090.1287
THFR_raw,HYPERNETS,S3A,1020,RHOW,251,54,15,14,-102.2591,-0.1407,-1152.0625,-640.7498,-356.3698,0.054006,0.079493,0.125319,NA,TRUE,TRUE,0.052882,0.021977,61177.5868,21.754707,28.145772,150.86139,21.754707,28.145772,150.86139,2175.2418,2806.5825,14186.3154,2175.2418,2806.5825,14186.3154
THFR_raw,HYPERNETS,S3B,400,RHOW,229,63,17,14,1.7682,-0.0165,3.8786,6.8972,12.2648,-0.021472,-0.003965,0.00588,NA,TRUE,FALSE,0.01803,0.015269,633.5499,2.679521,4.622162,7.917308,2.679521,4.622162,7.917308,263.8855,461.7565,790.403,263.8855,461.7565,790.403
THFR_raw,HYPERNETS,S3B,412,RHOW,229,63,17,14,2.7293,0.1477,4.0552,7.0384,12.2163,-0.026729,-0.007954,0.002863,NA,TRUE,FALSE,0.016773,0.013941,453.1696,2.201094,3.939133,6.245242,2.201094,3.939133,6.245242,217.3464,393.9093,624.4743,217.3464,393.9093,624.4743
THFR_raw,HYPERNETS,S3B,442,RHOW,229,63,17,15,1.5356,0.2024,2.6806,4.5921,7.8668,-0.028462,-0.011726,-0.001957,NA,TRUE,TRUE,0.008897,0.007143,148.8695,0.416574,1.302847,2.183707,0.607202,1.302847,2.183707,41.1596,130.2847,218.1741,74.8745,157.1353,220.5043
THFR_raw,HYPERNETS,S3B,490,RHOW,229,63,17,15,1.1629,0.6877,1.6479,2.7723,4.6637,-0.026028,-0.011149,-0.002305,NA,TRUE,TRUE,0.005236,0.003648,47.5108,-0.023653,0.364003,0.663531,0.072125,0.464087,0.663531,-2.4392,36.4003,66.3528,7.6927,46.4087,74.5201
THFR_raw,HYPERNETS,S3B,510,RHOW,229,63,17,15,0.8424,0.5742,1.1652,1.9547,3.2789,-0.017842,-0.006445,3.49e-4,NA,TRUE,FALSE,0.003827,0.002885,35.1441,-0.064377,0.265906,0.533537,0.109907,0.299698,0.548545,-6.8824,26.5906,53.35,11.6514,29.9698,54.9709
THFR_raw,HYPERNETS,S3B,560,RHOW,229,63,17,16,0.5378,0.3579,0.8966,1.4963,2.4974,-0.0151,-0.005133,8.39e-4,NA,FALSE,FALSE,0.003203,0.002353,23.9414,-0.120841,0.047028,0.182624,0.11363,0.144766,0.324158,-13.758,4.4899,18.098,12.6398,15.676,32.3958
THFR_raw,HYPERNETS,S3B,620,RHOW,229,63,17,14,0.6303,0.4787,0.593,0.9263,1.4468,-9.33e-4,7.87e-4,0.001889,NA,FALSE,FALSE,0.001006,8.96e-4,33.885,-0.086781,0.239069,0.496645,0.13442,0.249994,0.496645,-9.5269,23.7966,49.6308,14.8577,27.7423,49.6308
THFR_raw,HYPERNETS,S3B,665,RHOW,229,63,17,14,0.3074,0.3342,0.4269,0.7357,1.2678,-0.001083,1.25e-4,8.25e-4,NA,FALSE,FALSE,8.99e-4,6.43e-4,26.253,-0.289743,-0.070488,0.121996,0.087875,0.221569,0.34269,-40.7995,-7.5833,12.158,9.1567,26.4829,40.7995
THFR_raw,HYPERNETS,S3B,673,RHOW,229,63,17,14,0.3408,0.2529,0.4801,0.8286,1.4302,-0.001744,-2.71e-4,5.82e-4,NA,FALSE,FALSE,0.001108,7.24e-4,24.9105,-0.319942,-0.166411,-0.04031,0.088751,0.166411,0.319942,-47.1788,-20.0076,-4.2815,9.1727,20.0076,47.1788
THFR_raw,HYPERNETS,S3B,681,RHOW,229,63,17,13,0.5983,0.7907,0.501,0.7155,1.0218,-6.05e-4,1.57e-4,6.9e-4,NA,FALSE,FALSE,7.57e-4,5.81e-4,21.1212,-0.287106,-0.238521,-0.062716,0.109561,0.238521,0.287106,-40.2733,-31.3233,-6.6913,10.9561,31.3233,40.2733
THFR_raw,HYPERNETS,S3B,709,RHOW,229,63,17,14,0.4335,0.2502,0.4779,0.7916,1.3111,3.5e-5,6.8e-4,0.001069,NA,FALSE,TRUE,5.99e-4,5.19e-4,64.4631,-4e-4,0.353018,0.848722,0.198245,0.353018,0.848722,-0.2161,35.2457,84.8557,24.7521,35.2457,84.8557
THFR_raw,HYPERNETS,S3B,754,RHOW,229,63,17,16,4.9991,0.3464,4.6313,6.7443,9.8213,-0.001639,-4.42e-4,3.79e-4,NA,TRUE,FALSE,0.002274,0.001792,610.4098,2.541068,4.371413,5.723121,2.541068,4.371413,5.723121,254.0712,436.3511,566.9323,254.0712,436.3511,566.9323
THFR_raw,HYPERNETS,S3B,779,RHOW,229,63,17,17,0.1449,-0.0817,3.4649,5.8609,9.9139,-0.003232,-0.001668,-7.44e-4,NA,TRUE,TRUE,0.001232,5.84e-4,141.1695,-0.523722,-0.431571,-0.126686,0.431571,0.499269,0.91518,-109.9612,-75.9234,-14.5064,48.7139,99.7078,205.1498
THFR_raw,HYPERNETS,S3B,865,RHOW,229,63,17,8,-0.2784,1.8989,-15.6646,-6.4975,-2.6951,0.001297,0.002307,0.004742,NA,TRUE,TRUE,0.001011,6.18e-4,261.1885,-0.886124,-0.727926,0.756486,0.801042,0.897275,1.89526,-793.1054,-335.8529,-23.1867,362.2299,697.2358,1138.4328
THFR_raw,HYPERNETS,S3B,885,RHOW,229,63,17,6,-0.494,1.7971,-14.6276,-4.7409,-1.5365,0.001001,0.001826,0.00437,NA,TRUE,TRUE,8.36e-4,5.47e-4,258.2836,-0.540449,-0.407743,2.730326,0.517222,0.769317,3.054438,-117.8055,-71.199,192.9688,107.3205,225.425,754.6317
THFR_raw,HYPERNETS,S3B,1020,RHOW,229,63,17,14,-8.7735,-0.1451,-66.1635,-37.106,-20.8099,0.002628,0.003449,0.004913,NA,TRUE,TRUE,0.001811,0.001529,34904.8655,9.803818,30.634685,48.54128,9.803818,30.634685,48.54128,977.8096,3017.9507,4831.7265,977.8096,3017.9507,4831.7265
MAFR,HYPERNETS,S3_all,400,RHOW,378,218,112,75,-0.1296,-0.1629,-4.5464,-3.6085,-2.864,0.091325,0.109483,0.13236,NA,TRUE,TRUE,0.024113,0.015854,69.2148,-0.631633,-0.370603,0.034127,0.268608,0.538311,0.745558,-171.637,-58.8821,3.4117,35.4708,100.988,229.3213
MAFR,HYPERNETS,S3_all,412,RHOW,378,218,112,87,-0.1496,-0.1272,-3.2455,-2.6211,-2.1168,0.081545,0.095401,0.112557,NA,TRUE,TRUE,0.024106,0.016899,115.3965,-0.581911,-0.356572,0.030548,0.272244,0.472299,0.737974,-139.676,-55.4175,3.0547,37.0418,85.7988,203.0371
MAFR,HYPERNETS,S3_all,442,RHOW,378,218,112,103,0.0301,0.1438,1.6015,1.9485,2.3707,-0.067538,-0.049535,-0.034738,NA,TRUE,TRUE,0.024921,0.019108,49.4379,-0.485431,-0.292449,-0.038009,0.218694,0.408271,0.60864,-94.3591,-41.3325,-3.9529,27.9909,60.3654,128.7341
MAFR,HYPERNETS,S3_all,490,RHOW,378,218,112,110,0.016,0.0888,1.3629,1.6474,1.9913,-0.07591,-0.054174,-0.036192,NA,TRUE,TRUE,0.027313,0.021363,33.7539,-0.375112,-0.246577,-0.074389,0.16698,0.304975,0.431976,-60.029,-32.7292,-8.0423,20.0458,39.5303,68.0583
MAFR,HYPERNETS,S3_all,510,RHOW,378,218,112,111,0.1765,0.422,1.2504,1.5082,1.8191,-0.073468,-0.050586,-0.031614,NA,TRUE,TRUE,0.027091,0.021097,28.5909,-0.312664,-0.21602,-0.072479,0.1378,0.24761,0.353528,-45.4901,-27.5542,-7.8158,15.9827,31.2267,52.9627
MAFR,HYPERNETS,S3_all,560,RHOW,378,218,112,112,0.4939,0.9666,1.0526,1.2511,1.487,-0.063997,-0.039887,-0.019601,NA,TRUE,TRUE,0.027875,0.021517,21.0569,-0.236574,-0.157007,-0.054206,0.100403,0.175652,0.255455,-30.9885,-18.6252,-5.7316,10.5191,20.8818,32.5376
MAFR,HYPERNETS,S3_all,620,RHOW,378,218,112,110,0.7522,1.0276,0.9583,1.101,1.2649,-0.038713,-0.022946,-0.009223,NA,FALSE,TRUE,0.027467,0.02059,22.3828,-0.261356,-0.151225,-0.0511,0.10278,0.179422,0.28344,-35.3837,-17.8168,-5.3862,11.0402,21.3254,38.016
MAFR,HYPERNETS,S3_all,665,RHOW,378,218,112,110,0.8265,1.109,0.9757,1.1074,1.2569,-0.034117,-0.021016,-0.009473,NA,FALSE,TRUE,0.026475,0.019272,24.4976,-0.290222,-0.152642,-0.039071,0.103725,0.169979,0.318135,-40.8965,-18.0139,-4.0677,11.5516,19.9887,45.625
MAFR,HYPERNETS,S3_all,673,RHOW,378,218,112,110,0.8355,1.1258,0.9795,1.1102,1.2584,-0.033913,-0.021092,-0.009781,NA,FALSE,TRUE,0.02643,0.019234,25.0388,-0.297383,-0.158206,-0.045805,0.107508,0.17171,0.321414,-42.3272,-18.7944,-4.8004,12.0459,20.1822,46.5715
MAFR,HYPERNETS,S3_all,681,RHOW,378,218,112,110,0.8395,1.1218,0.9792,1.1088,1.2555,-0.033358,-0.020761,-0.009636,NA,FALSE,TRUE,0.026353,0.019114,25.1148,-0.303121,-0.154245,-0.043979,0.106289,0.173454,0.322293,-43.5054,-18.2394,-4.6003,11.6946,20.4477,46.0429
MAFR,HYPERNETS,S3_all,709,RHOW,378,218,112,110,0.9119,1.1755,1.036,1.1666,1.3136,-0.027992,-0.017819,-0.008784,NA,TRUE,TRUE,0.024161,0.015965,28.1086,-0.285685,-0.142827,-0.003249,0.094469,0.174313,0.31783,-39.9949,-16.6639,-0.3265,9.8396,20.543,46.2021
MAFR,HYPERNETS,S3_all,754,RHOW,378,218,112,110,0.9889,0.9657,1.3065,1.5082,1.7409,-0.020658,-0.013739,-0.007745,NA,TRUE,TRUE,0.022609,0.010802,53.0533,-0.273809,-0.107383,0.109952,0.110599,0.230104,0.408003,-37.7059,-12.0308,10.9951,11.5545,27.9263,52.8642
MAFR,HYPERNETS,S3_all,779,RHOW,378,218,112,112,0.9867,1.03,1.3283,1.5343,1.7723,-0.021512,-0.014289,-0.008036,NA,TRUE,TRUE,0.024512,0.011364,56.1873,-0.277666,-0.085737,0.115262,0.114035,0.219974,0.377668,-38.4401,-9.3785,11.5262,11.4033,27.2625,54.2487
MAFR,HYPERNETS,S3_all,865,RHOW,378,218,112,112,1.2224,1.041,1.9959,2.3434,2.7515,-0.024884,-0.018076,-0.012277,NA,TRUE,TRUE,0.023657,0.009372,78.6355,-0.298832,-0.095366,0.171021,0.130481,0.251057,0.477155,-42.6227,-10.5448,17.0972,14.4753,31.5018,62.5603
MAFR,HYPERNETS,S3_all,885,RHOW,378,218,112,112,1.372,1.1071,2.4813,2.9299,3.4596,-0.028117,-0.020978,-0.014932,NA,TRUE,TRUE,0.023584,0.009098,88.3824,-0.307928,-0.102716,0.170923,0.146507,0.28736,0.524205,-44.4946,-11.4496,17.092,15.0685,36.1003,71.5855
MAFR,HYPERNETS,S3_all,1020,RHOW,378,218,112,87,1.506,0.415,15.4461,19.1197,23.6671,-0.049376,-0.037729,-0.028319,NA,TRUE,TRUE,0.025026,0.008732,462.0079,0.649182,1.536972,3.248482,0.649182,1.536972,3.248482,64.9128,153.6972,324.8481,64.9128,153.6972,324.8481
MAFR_pixel,HYPERNETS,S3_all,400,RHOW,410,312,91,91,-0.2117,-0.0112,-3.0032,-2.4385,-1.9799,0.068303,0.079522,0.093338,NA,TRUE,TRUE,0.018497,0.013415,59.7634,-0.554122,-0.358868,-0.02134,0.265189,0.447996,0.635361,-124.2819,-55.974,-2.1806,33.0699,78.2844,145.9532
MAFR_pixel,HYPERNETS,S3_all,412,RHOW,410,312,111,111,-0.1212,-0.039,-2.2371,-1.8531,-1.535,0.064852,0.073698,0.084377,NA,TRUE,TRUE,0.018451,0.014188,96.5289,-0.50751,-0.369017,-0.076983,0.28744,0.410556,0.598526,-103.093,-58.483,-8.3922,39.3511,68.9401,137.1225
MAFR_pixel,HYPERNETS,S3_all,442,RHOW,410,312,142,142,0.1535,0.3079,1.1351,1.3391,1.5797,-0.034718,-0.024505,-0.015848,NA,TRUE,TRUE,0.020022,0.016625,44.4471,-0.43218,-0.304917,-0.169032,0.234679,0.35525,0.478974,-76.1123,-43.8681,-20.3416,30.6641,52.6665,90.9091
MAFR_pixel,HYPERNETS,S3_all,490,RHOW,410,312,148,148,0.2394,0.4504,0.9548,1.1194,1.3125,-0.032055,-0.020001,-0.009721,NA,FALSE,TRUE,0.021783,0.018177,29.2647,-0.342252,-0.233587,-0.121925,0.158181,0.266491,0.362685,-52.0341,-30.48,-13.8857,18.4448,35.1314,55.2848
MAFR_pixel,HYPERNETS,S3_all,510,RHOW,410,312,149,149,0.3565,0.5911,0.8964,1.0442,1.2164,-0.027795,-0.015288,-0.004551,NA,FALSE,TRUE,0.021516,0.017724,24.2776,-0.28981,-0.199673,-0.086166,0.131494,0.228084,0.30145,-40.8074,-24.949,-9.4291,14.7262,28.7257,42.2804
MAFR_pixel,HYPERNETS,S3_all,560,RHOW,410,312,149,149,0.5597,0.7778,0.8299,0.9461,1.0785,-0.020888,-0.007522,0.004203,NA,FALSE,FALSE,0.022749,0.018199,17.6262,-0.213021,-0.151409,-0.060979,0.091195,0.162935,0.226402,-27.0682,-17.8424,-6.4938,10.0347,19.3168,28.0547
MAFR_pixel,HYPERNETS,S3_all,620,RHOW,410,312,149,149,0.7814,0.9953,0.8666,0.9508,1.0432,-0.017308,-0.008738,-9.27e-4,NA,FALSE,TRUE,0.023347,0.018378,20.5,-0.251322,-0.160476,-0.071572,0.107807,0.17419,0.260637,-33.5688,-19.1152,-7.7089,11.2618,21.0732,35.2515
MAFR_pixel,HYPERNETS,S3_all,665,RHOW,410,312,148,148,0.8226,1.0164,0.887,0.9664,1.0529,-0.016505,-0.009184,-0.002465,NA,FALSE,TRUE,0.022348,0.017157,22.0414,-0.262497,-0.161022,-0.057597,0.111085,0.183934,0.267948,-35.5928,-19.1934,-6.1117,12.3792,21.6279,36.6024
MAFR_pixel,HYPERNETS,S3_all,673,RHOW,410,312,148,148,0.827,1.0232,0.8892,0.9679,1.0537,-0.016534,-0.009373,-0.002794,NA,FALSE,TRUE,0.022282,0.017084,22.3495,-0.270503,-0.16243,-0.059865,0.113914,0.18244,0.281549,-37.0807,-19.393,-6.3677,12.2885,21.6066,39.1884
MAFR_pixel,HYPERNETS,S3_all,681,RHOW,410,312,148,148,0.8308,1.0249,0.8911,0.9694,1.0546,-0.016537,-0.009479,-0.002992,NA,FALSE,TRUE,0.022222,0.016994,22.4392,-0.268932,-0.16443,-0.062246,0.116427,0.181654,0.282615,-36.7875,-19.6787,-6.6378,12.9023,22.0328,39.3954
MAFR_pixel,HYPERNETS,S3_all,709,RHOW,410,312,148,148,0.8855,1.0083,0.9398,1.0189,1.1046,-0.014653,-0.008938,-0.003666,NA,FALSE,TRUE,0.019251,0.013857,24.7473,-0.274202,-0.153626,-0.029457,0.094677,0.181753,0.305699,-37.78,-18.1511,-3.0376,10.0738,20.8974,42.8628
MAFR_pixel,HYPERNETS,S3_all,754,RHOW,410,312,145,145,0.945,0.8559,1.1077,1.2313,1.3687,-0.011499,-0.007514,-0.003928,NA,TRUE,TRUE,0.015842,0.008781,45.5401,-0.264668,-0.111416,0.099715,0.111284,0.233819,0.40985,-35.993,-12.5385,9.9715,11.1284,28.5816,58.515
MAFR_pixel,HYPERNETS,S3_all,779,RHOW,410,312,149,149,0.9422,0.8657,1.1244,1.2515,1.393,-0.0119,-0.007746,-0.004014,NA,TRUE,TRUE,0.017304,0.009114,47.4059,-0.272425,-0.092895,0.120853,0.11,0.220583,0.393919,-37.4429,-10.2408,12.0853,12.0853,27.7944,56.885
MAFR_pixel,HYPERNETS,S3_all,865,RHOW,410,312,147,147,1.1539,0.9259,1.5503,1.7537,1.9838,-0.013719,-0.009994,-0.006701,NA,TRUE,TRUE,0.015694,0.007022,61.1877,-0.271985,-0.072494,0.208975,0.131656,0.24369,0.411729,-37.3598,-7.816,20.8967,15.142,29.4426,58.6056
MAFR_pixel,HYPERNETS,S3_all,885,RHOW,410,312,142,142,1.2785,0.9821,1.871,2.1383,2.4438,-0.016397,-0.012296,-0.008707,NA,TRUE,TRUE,0.015791,0.006871,67.1549,-0.275687,-0.072479,0.202457,0.13391,0.259659,0.436532,-38.0638,-7.8144,20.2456,14.9172,32.8386,63.4845
MAFR_pixel,HYPERNETS,S3_all,1020,RHOW,410,312,123,123,0.7211,0.2117,7.4059,8.8526,10.5819,-0.019858,-0.014984,-0.010907,NA,TRUE,TRUE,0.015712,0.007194,470.5705,0.767736,1.895909,4.182606,0.767736,1.895909,4.182606,76.7541,189.5909,418.1137,76.7541,189.5909,418.1137
MAFR_raw,HYPERNETS,S3_all,400,RHOW,411,266,130,99,-0.3846,-0.3689,-2.7993,-2.2978,-1.8862,0.063336,0.073656,0.086227,NA,TRUE,TRUE,0.019429,0.01556,65.8749,-0.680238,-0.499717,-0.22893,0.351121,0.560083,0.731905,-212.7677,-99.8867,-29.7197,51.4966,117.7841,227.1873
MAFR_raw,HYPERNETS,S3_all,412,RHOW,411,266,130,114,-0.2794,-0.2203,-2.1898,-1.8218,-1.5157,0.061781,0.070414,0.080791,NA,TRUE,TRUE,0.020031,0.016297,101.2813,-0.599526,-0.419094,-0.20922,0.318324,0.520155,0.702013,-149.706,-72.1657,-26.4588,46.6998,94.6207,201.5681
MAFR_raw,HYPERNETS,S3_all,442,RHOW,411,266,130,129,0.0695,0.2015,1.1573,1.378,1.6407,-0.038691,-0.027446,-0.018001,NA,TRUE,TRUE,0.021379,0.017772,47.2641,-0.460307,-0.323939,-0.169052,0.234808,0.377306,0.507075,-85.2904,-47.9156,-20.3445,30.6861,58.762,95.1049
MAFR_raw,HYPERNETS,S3_all,490,RHOW,411,266,130,130,0.1465,0.3366,0.941,1.1182,1.3287,-0.033124,-0.019836,-0.008653,NA,FALSE,TRUE,0.022284,0.018398,29.3204,-0.34069,-0.228861,-0.114145,0.152247,0.263737,0.361053,-51.674,-29.6783,-12.8859,17.8777,34.7665,54.6928
MAFR_raw,HYPERNETS,S3_all,510,RHOW,411,266,130,130,0.2369,0.4496,0.8702,1.0308,1.2211,-0.02813,-0.014099,-0.002255,NA,FALSE,TRUE,0.022071,0.017972,24.1774,-0.280596,-0.196599,-0.079718,0.125688,0.224381,0.299125,-39.0041,-24.4709,-8.6623,14.2736,28.1196,42.1409
MAFR_raw,HYPERNETS,S3_all,560,RHOW,411,266,130,130,0.4436,0.6605,0.7971,0.9289,1.0826,-0.021053,-0.005218,0.008369,NA,FALSE,FALSE,0.023335,0.018496,17.4631,-0.207663,-0.141504,-0.049877,0.088991,0.158002,0.216599,-26.21,-16.4828,-5.2496,9.7686,18.5157,27.0447
MAFR_raw,HYPERNETS,S3_all,620,RHOW,411,266,130,130,0.7364,0.9439,0.8575,0.9589,1.0723,-0.020473,-0.00947,3.7e-4,NA,FALSE,FALSE,0.024292,0.019074,20.0885,-0.244137,-0.15407,-0.063346,0.091511,0.165182,0.265357,-32.2991,-18.2132,-6.7632,10.0183,19.3135,36.1215
MAFR_raw,HYPERNETS,S3_all,665,RHOW,411,266,130,130,0.8005,0.9913,0.8881,0.9828,1.0876,-0.020111,-0.010807,-0.0024,NA,FALSE,TRUE,0.023346,0.017989,21.8505,-0.263782,-0.156221,-0.055335,0.104436,0.166882,0.271518,-35.8294,-18.5145,-5.8577,11.5264,19.6114,37.2721
MAFR_raw,HYPERNETS,S3_all,673,RHOW,411,266,130,130,0.8072,1.0012,0.8913,0.9851,1.0888,-0.020161,-0.011065,-0.002835,NA,FALSE,TRUE,0.023282,0.017939,22.2023,-0.269812,-0.156526,-0.057197,0.108021,0.167847,0.28262,-36.9511,-18.5573,-6.0668,11.9381,19.8154,39.3963
MAFR_raw,HYPERNETS,S3_all,681,RHOW,411,266,130,130,0.8127,1.0042,0.8941,0.9872,1.0901,-0.020192,-0.011231,-0.003114,NA,FALSE,TRUE,0.023226,0.017854,22.2965,-0.272634,-0.15768,-0.060647,0.108083,0.168409,0.284309,-37.4837,-18.7198,-6.4563,11.8544,19.9741,39.7254
MAFR_raw,HYPERNETS,S3_all,709,RHOW,411,266,130,130,0.8761,0.982,0.9447,1.0373000000000001,1.1389,-0.017744,-0.010572,-0.004039,NA,FALSE,TRUE,0.020228,0.014667,24.6363,-0.255732,-0.148887,-0.014256,0.086614,0.16868,0.30768,-34.3601,-17.4932,-1.4464,9.4026,19.954,43.5636
MAFR_raw,HYPERNETS,S3_all,754,RHOW,411,266,130,130,0.939,0.8386,1.1138,1.2498,1.4023,-0.013214,-0.008556,-0.004404,NA,TRUE,TRUE,0.016575,0.009285,46.4914,-0.263006,-0.114499,0.086304,0.102607,0.231121,0.377986,-35.6874,-12.9312,8.6297,10.7679,28.0602,56.1649
MAFR_raw,HYPERNETS,S3_all,779,RHOW,411,266,130,130,0.9285,0.8316,1.134,1.2786,1.4415,-0.014475,-0.009317,-0.004742,NA,TRUE,TRUE,0.018357,0.009824,48.9513,-0.26355,-0.101447,0.103293,0.107711,0.216269,0.374372,-35.7877,-11.2951,10.3275,10.7711,26.8769,55.4133
MAFR_raw,HYPERNETS,S3_all,865,RHOW,411,266,130,130,1.1479,0.9031,1.5914,1.8221,2.0864,-0.016727,-0.012129,-0.008114,NA,TRUE,TRUE,0.01658,0.007581,64.3663,-0.273844,-0.100965,0.175837,0.129502,0.239276,0.414326,-37.7118,-11.2331,17.5783,14.2945,27.8966,59.3389
MAFR_raw,HYPERNETS,S3_all,885,RHOW,411,266,130,130,1.2765,0.9786,1.9203,2.2142,2.5531,-0.018886,-0.014129,-0.010004,NA,TRUE,TRUE,0.016396,0.007199,69.8045,-0.286274,-0.105772,0.168814,0.13039799999999999,0.254856,0.436532,-40.1106,-11.8284,16.8719,14.4304,32.8386,63.5894
MAFR_raw,HYPERNETS,S3_all,1020,RHOW,411,266,130,105,0.0966,0.1562,8.0505,9.7759,11.8711,-0.025498,-0.019251,-0.014107,NA,TRUE,TRUE,0.016372,0.006968,422.8778,0.623825,1.426389,3.345977,0.623825,1.426389,3.345977,62.3825,142.6389,334.5977,62.3825,142.6389,334.5977
THFR,HYPERNETS,S3_all,400,RHOW,481,29,8,5,55.1239,3.2692,26.364,72.2644,198.0781,-0.729886,-0.229556,-0.047023,NA,TRUE,TRUE,0.076251,0.053844,1229.7042,1.41138,8.534241,24.158663,1.41138,8.534241,24.158663,141.138,853.4241,2415.8663,141.138,853.4241,2415.8663
THFR,HYPERNETS,S3_all,412,RHOW,481,29,8,5,64.5676,4.2976,30.954,82.8951,221.9939,-0.876706,-0.289849,-0.070709,NA,TRUE,TRUE,0.078427,0.055667,1206.947,1.596136,6.993549,24.198789,1.596136,6.993549,24.198789,159.6136,699.3549,2419.8789,159.6136,699.3549,2419.8789
THFR,HYPERNETS,S3_all,442,RHOW,481,29,8,5,93.5147,9.8048,45.1471,134.1328,398.5107,-2.067545,-0.656455,-0.181503,NA,TRUE,TRUE,0.081364,0.054127,961.3249,0.619972,2.207806,21.86617,0.619972,2.207806,21.86617,61.9972,220.7806,2186.617,61.9972,220.7806,2186.617
THFR,HYPERNETS,S3_all,490,RHOW,481,29,8,5,23.0888,3.5448,24.5581,93.8976,359.0164,-2.775675,-0.68007,-0.131983,NA,TRUE,TRUE,0.083813,0.054329,678.1213,0.289287,0.647486,16.361136,0.289287,0.647486,16.361136,28.9287,64.7486,1636.1136,28.9287,64.7486,1636.1136
THFR,HYPERNETS,S3_all,510,RHOW,481,29,8,5,30.6457,5.1297,18.8606,66.9315,237.5223,-2.038302,-0.528993,-0.103685,NA,TRUE,TRUE,0.085023,0.054869,595.7644,0.227789,0.353193,13.820932,0.227789,0.353193,13.820932,22.7789,35.3193,1382.0932,22.7789,35.3193,1382.0932
THFR,HYPERNETS,S3_all,560,RHOW,481,29,8,6,13.0759,1.5373000000000001,10.8796,31.2208,89.5935,-0.959457,-0.298052,-0.067571,NA,TRUE,TRUE,0.079868,0.048452,393.6558,-0.067504,0.150131,7.558776,0.142569,0.492939,7.711242,-7.8565,14.9507,531.2681,15.6384,142.4349,801.7824
THFR,HYPERNETS,S3_all,620,RHOW,481,29,8,5,44.7022,4.9398,21.5251,63.3996,186.7354,-0.667167,-0.186157,-0.022846,NA,TRUE,TRUE,0.090401,0.057423,1276.4039,0.1318,0.196667,24.649738,0.151399,0.196667,24.649738,13.18,19.6667,2464.9738,17.841,19.6667,2464.9738
THFR,HYPERNETS,S3_all,665,RHOW,481,29,8,5,61.4608,5.5734,29.727,88.7941,265.227,-0.665888,-0.182596,-0.020796,NA,TRUE,TRUE,0.092304,0.058796,1862.059,-0.317299,0.06411,35.266197,0.317299,0.612568,35.266197,-46.477,6.411,3526.6197,46.477,158.11,3526.6197
THFR,HYPERNETS,S3_all,673,RHOW,481,29,8,5,50.0922,4.9817,24.557,75.5148,232.2143,-0.642228,-0.167941,-0.013705,NA,TRUE,TRUE,0.092004,0.058676,1695.4566,-0.335652,-0.224309,31.172182,0.335652,0.47116,31.172182,-50.5235,-28.9173,3117.2182,50.5235,89.0931,3117.2182
THFR,HYPERNETS,S3_all,681,RHOW,481,29,8,5,42.0479,4.4387,20.8661,65.372,204.8059,-0.595363,-0.148583,-0.005975,NA,TRUE,TRUE,0.092322,0.058975,1625.3882,-0.375331,-0.347299,28.641271,0.375331,0.467066,28.641271,-60.0847,-53.2095,2864.1271,60.0847,87.6404,2864.1271
THFR,HYPERNETS,S3_all,709,RHOW,481,29,8,5,82.7828,4.421,41.4092,131.0489,414.7344,-0.588668,-0.143736,-0.003145,NA,TRUE,TRUE,0.095344,0.060378,3451.3556,-0.003671,0.254123,58.731319,0.238369,0.254123,58.731319,-0.3685,25.4123,5873.1319,25.4123,31.2972,5873.1319
THFR,HYPERNETS,S3_all,754,RHOW,481,29,8,7,196.0716,3.305,167.7873,407.2506,988.4721,-0.515682,-0.184806,-0.048485,NA,TRUE,TRUE,0.084747,0.046463,7530.6399,2.835562,3.851298,92.804612,2.835562,3.851298,92.804612,283.2299,385.1298,3116.1447,283.2299,385.1298,3116.1447
THFR,HYPERNETS,S3_all,779,RHOW,481,29,8,7,191.3938,6.0587,173.9762,428.5243,1055.5066,-0.548956,-0.19377,-0.049568,NA,TRUE,TRUE,0.088476,0.04858,7807.4721,-0.331317,4.415727,100.302116,0.487036,4.415727,100.302116,-49.6473,441.5727,4308.3125,101.6646,441.5727,4308.3125
THFR,HYPERNETS,S3_all,865,RHOW,481,29,8,7,284.0659,5.7349,263.0489,650.4573,1608.4262,-0.511765,-0.178528,-0.043765,NA,TRUE,TRUE,0.087364,0.047495,11938.7335,0.194475,3.847551,166.714908,0.893466,3.847551,166.714908,-22.0495,384.7551,5627.8726,233.3038,384.7551,5627.8726
THFR,HYPERNETS,S3_all,885,RHOW,481,29,8,4,-109.5698,-2.6168,-7249.7454,-1165.7903,-187.4641,0.159452,0.558899,3.042955,NA,TRUE,TRUE,0.115386,0.082503,21507.9692,6.045978,179.661973,388.695686,6.045978,179.661973,388.695686,575.1132,5243.7292,38411.5694,575.1132,5243.7292,38411.5694
THFR,HYPERNETS,S3_all,1020,RHOW,481,29,8,7,172.8054,0.5959,387.4195,1024.4965,2709.1902,-0.314723,-0.09013,-0.005199,NA,TRUE,TRUE,0.083972,0.046316,39430.6805,15.341388,28.637829,426.534338,15.341388,28.637829,426.534338,1519.3577,2863.7829,21193.3507,1519.3577,2863.7829,21193.3507
THFR_pixel,HYPERNETS,S3_all,400,RHOW,453,184,45,45,0.6463,-0.0998,5.4971,7.4335,10.052,-0.016441,-0.008118,-0.001964,NA,TRUE,TRUE,0.015856,0.012356,926.3138,1.227106,3.679341,7.092365,1.227106,3.679341,7.092365,122.7106,367.9341,709.2365,122.7106,367.9341,709.2365
THFR_pixel,HYPERNETS,S3_all,412,RHOW,453,184,45,45,1.2797,-0.0209,5.2818,7.1161,9.5874,-0.019063,-0.010289,-0.003776,NA,TRUE,TRUE,0.014537,0.011426,472.4859,1.198144,2.965272,6.098569,1.198144,2.965272,6.098569,119.8144,296.5272,609.8569,119.8144,296.5272,609.8569
THFR_pixel,HYPERNETS,S3_all,442,RHOW,453,184,46,46,0.8247,0.0839,3.3345,4.4758,6.0077,-0.020121,-0.0124,-0.006648,NA,TRUE,TRUE,0.007551,0.005514,128.5413,0.184168,0.690149,1.847647,0.279092,0.690149,1.847647,18.4154,68.9109,184.2973,31.2083,82.225,184.2973
THFR_pixel,HYPERNETS,S3_all,490,RHOW,453,184,47,47,0.9161,0.676,1.9074,2.5139,3.3132,-0.016869,-0.01057,-0.00579,NA,TRUE,TRUE,0.004165,0.002897,39.6096,-0.096342,-0.006037,0.50741,0.084301,0.253331,0.642986,-10.6614,-0.6074,50.6787,9.2075,28.1956,66.3528
THFR_pixel,HYPERNETS,S3_all,510,RHOW,453,184,47,47,0.6911,0.5321,1.3075,1.7152,2.2501,-0.010506,-0.005869,-0.002335,NA,TRUE,TRUE,0.003013,0.00234,29.7936,-0.165143,-0.057414,0.241948,0.10101,0.21283,0.392937,-19.7832,-6.0911,24.1717,10.5902,21.799,47.5343
THFR_pixel,HYPERNETS,S3_all,560,RHOW,453,184,50,50,0.5403,0.4384,0.9201,1.1882,1.5343,-0.00673,-0.003192,-4.53e-4,NA,FALSE,TRUE,0.003073,0.002334,24.2931,-0.212625,-0.12395,0.017866,0.113374,0.189637,0.304034,-27.0058,-14.1488,1.7631,12.3784,21.3085,37.1971
THFR_pixel,HYPERNETS,S3_all,620,RHOW,453,184,44,44,0.5852,0.5547,0.8617,1.1204,1.4567,-0.00197,-8.06e-4,8.9e-5,NA,FALSE,FALSE,0.001272,0.00103,34.2365,-0.32215,-0.119692,0.138158,0.127496,0.288963,0.444071,-47.5354,-13.5971,13.8053,13.7687,33.7416,61.4195
THFR_pixel,HYPERNETS,S3_all,665,RHOW,453,184,40,40,0.4929,0.3148,0.8229,1.0992,1.4682,-0.001951,-0.001046,-3.69e-4,NA,FALSE,TRUE,0.001161,9.46e-4,39.7335,-0.520037,-0.290804,-0.056964,0.185776,0.327087,0.528502,-108.3512,-41.0056,-6.0717,20.5549,44.0556,112.1268
THFR_pixel,HYPERNETS,S3_all,673,RHOW,453,184,37,37,0.5333,0.5439,0.6998,0.9227,1.2166,-0.001453,-6.8e-4,-9.3e-5,NA,FALSE,TRUE,0.001154,9.57e-4,36.2479,-0.517447,-0.325706,-0.118554,0.143728,0.336869,0.523253,-107.2312,-48.3032,-13.4499,16.7854,50.7997,107.2312
THFR_pixel,HYPERNETS,S3_all,681,RHOW,453,184,38,38,0.541,0.6014,0.6921,0.9044,1.182,-0.001493,-7.28e-4,-1.43e-4,NA,FALSE,TRUE,0.001251,0.001053,38.0483,-0.498941,-0.334538,-0.19991,0.239248,0.354034,0.512072,-99.5904,-50.3045,-25.0355,31.449,54.8127,99.5904
THFR_pixel,HYPERNETS,S3_all,709,RHOW,453,184,39,39,0.6266,0.4888,0.9464,1.2586,1.6736,-7.22e-4,-1.83e-4,2.22e-4,NA,FALSE,FALSE,5.92e-4,4.76e-4,51.8862,-0.201142,-0.035386,0.445889,0.148255,0.295832,0.517468,-25.1933,-3.6685,44.4883,17.4098,32.2237,68.6558
THFR_pixel,HYPERNETS,S3_all,754,RHOW,453,184,50,50,3.687,0.1638,4.8131,6.0457,7.5941,-0.00132,-7.12e-4,-2.29e-4,NA,TRUE,TRUE,0.001656,0.001267,2719.417,1.847984,2.765642,4.557979,1.847984,2.765642,4.557979,184.6295,276.5198,455.4944,184.6295,276.5198,455.4944
THFR_pixel,HYPERNETS,S3_all,779,RHOW,453,184,50,50,1.9888,0.3661,5.0665,6.6605,8.7561,-0.002692,-0.00188,-0.001263,NA,TRUE,TRUE,0.001204,5.59e-4,161.3843,-0.491476,-0.256727,0.941459,0.278722,0.496798,1.037363,-96.6672,-34.5763,92.1539,38.6457,98.728,182.0525
THFR_pixel,HYPERNETS,S3_all,865,RHOW,453,184,11,11,-0.0057,-0.0741,-17.0274,-8.4862,-4.2294,0.002681,0.004093,0.006926,NA,TRUE,TRUE,0.001473,0.001087,367.6017,-0.385664,4.357852,5.388271,0.53974,4.357852,5.388271,-66.8193,435.7852,536.6398,117.4672,435.7852,536.6398
THFR_pixel,HYPERNETS,S3_all,885,RHOW,453,184,9,9,1.4153,0.8879,2.667,5.8426,12.7995,-0.002552,-5.32e-4,3.9e-4,NA,TRUE,FALSE,0.001205,9.67e-4,353.8616,0.204806,3.743727,4.442855,0.653238,3.743727,4.442855,20.4806,374.3727,444.2855,188.382,374.3727,444.2855
THFR_pixel,HYPERNETS,S3_all,1020,RHOW,453,184,43,43,1.6872,-0.0297,13.6062,18.5351,25.2496,4.43e-4,9.48e-4,0.001319,NA,TRUE,TRUE,0.002474,0.002267,15784.5602,21.330317,32.436274,54.330114,21.330317,32.436274,54.330114,2132.9577,3243.6274,5423.9205,2132.9577,3243.6274,5423.9205
THFR_NE,HYPERNETS,S3_all,400,RHOW,140,41,6,6,-1.0984,-0.247,-57.0448,-18.4334,-5.9565,0.03747,0.085048,0.232283,NA,TRUE,TRUE,0.014642,0.010943,297.2919,1.007924,1.726318,5.497437,1.007924,1.726318,5.497437,100.4455,167.8302,512.9793,100.4455,167.8302,512.9793
THFR_NE,HYPERNETS,S3_all,412,RHOW,140,41,6,6,0.6483,0.3521,5.9262,18.3568,56.8612,-0.215799,-0.059688,-0.009289,NA,TRUE,TRUE,0.013823,0.010684,267.381,1.107773,1.780722,4.515343,1.107773,1.780722,4.515343,109.6165,176.7118,427.9519,109.6165,176.7118,427.9519
THFR_NE,HYPERNETS,S3_all,442,RHOW,140,41,5,5,4.4044,2.8769,2.5465,8.8492,30.7515,-0.14916,-0.035236,-0.002453,NA,TRUE,TRUE,0.007035,0.005591,104.5718,0.539795,0.622708,1.586346,0.539795,0.622708,1.586346,53.9795,62.2708,158.6346,53.9795,62.2708,158.6346
THFR_NE,HYPERNETS,S3_all,490,RHOW,140,41,9,9,-0.9138,-1.6621,-9.7827,-4.4404,-2.0155,0.023404,0.043039,0.086297,NA,TRUE,TRUE,0.004627,0.003871,46.3719,-0.656392,0.004685,0.278547,0.278547,0.307363,0.701581,-191.0291,0.4685,27.8547,27.8547,44.3758,191.0291
THFR_NE,HYPERNETS,S3_all,510,RHOW,140,41,9,9,-0.6936,-0.9397,-5.3032,-2.4396,-1.1223,0.017761,0.02968,0.055589,NA,TRUE,TRUE,0.003962,0.003118,33.0289,-0.516209,-0.001987,0.071054,0.071054,0.258509,0.532281,-106.7007,-0.1991,7.1054,7.1054,34.8634,106.7007
THFR_NE,HYPERNETS,S3_all,560,RHOW,140,41,10,10,0.4035,0.4847,0.4757,0.9411,1.862,-0.012213,-0.001667,0.003663,NA,FALSE,FALSE,0.00373,0.002851,23.9832,-0.311747,-0.12838,-0.031002,0.087493,0.193477,0.311747,-45.3892,-14.7303,-3.2361,9.6182,20.2556,45.3892
THFR_NE,HYPERNETS,S3_all,620,RHOW,140,41,7,7,-0.0856,-0.1239,-0.6401,-0.2507,-0.0982,0.003585,0.004259,0.005981,NA,TRUE,TRUE,0.002103,0.001447,26.2668,-0.350428,-0.193837,-0.018935,0.124936,0.193837,0.350428,-55.0532,-24.0445,-2.0923,12.69,24.0445,55.0532
THFR_NE,HYPERNETS,S3_all,665,RHOW,140,41,4,4,0.1872,0.2602,0.0667,0.3588,1.9293,-0.003644,6.16e-4,0.001408,NA,FALSE,FALSE,0.001362,0.001123,37.1282,-0.53249,-0.386204,-0.224996,0.224996,0.386204,0.53249,-114.2202,-66.8133,-29.2973,29.2973,66.8133,114.2202
THFR_NE,HYPERNETS,S3_all,673,RHOW,140,41,4,4,0.2715,0.407,0.0848,0.3758,1.6656,-0.003314,5.47e-4,0.001418,NA,FALSE,FALSE,0.001531,0.001321,40.7948,-0.530547,-0.399228,-0.276629,0.276629,0.399228,0.530547,-113.6325,-69.3851,-38.2911,38.2911,69.3851,113.6325
THFR_NE,HYPERNETS,S3_all,681,RHOW,140,41,4,4,0.3883,0.5774,0.1234,0.4918,1.9604,-0.004383,2.6e-4,0.001424,NA,FALSE,FALSE,0.001541,0.001347,40.0289,-0.493165,-0.398601,-0.305725,0.305725,0.398601,0.493165,-98.8432,-67.111,-44.4949,44.4949,67.111,98.8432
THFR_NE,HYPERNETS,S3_all,709,RHOW,140,41,5,5,-0.0893,-0.1613,-1.4207,-0.3711,-0.097,0.001374,0.001797,0.003415,NA,TRUE,TRUE,6.05e-4,5.31e-4,32.1768,-0.415995,-0.26888,0.238398,0.242765,0.26888,0.415995,-71.2315,-36.7765,23.8398,24.2765,36.7765,71.2315
THFR_NE,HYPERNETS,S3_all,754,RHOW,140,41,11,11,-2.0412,-0.4602,-15.9078,-8.0853,-4.1094,0.003779,0.005678,0.009414,NA,TRUE,TRUE,0.001826,0.0014,401.7231,1.678734,2.34273,3.486964,1.678734,2.34273,3.486964,167.786,234.273,348.6708,167.786,234.273,348.6708
THFR_NE,HYPERNETS,S3_all,779,RHOW,140,41,9,9,-3.2443,-0.7722,-21.0712,-9.7942,-4.5525,0.003497,0.005931,0.011166,NA,TRUE,TRUE,0.001783,0.001065,371.6869,-0.323716,0.34214,2.578851,0.34214,0.412042,2.578851,-47.8669,34.214,257.8851,41.2042,65.0263,257.8851
THFR_NE,HYPERNETS,S3_all,865,RHOW,140,41,7,7,-4.7869,-0.9067,-20.8374,-8.84,-3.7503,0.001863,0.003224,0.006432,NA,TRUE,TRUE,0.001086,6.65e-4,500.0017,-0.200302,-0.075248,6.436137,0.200302,0.35574,6.436137,-25.5667,-8.1371,489.9359,25.5667,55.2167,489.9359
THFR_NE,HYPERNETS,S3_all,885,RHOW,140,41,4,4,-3.6832,-0.7536,-40.8638,-7.4637,-1.3632,0.001185,0.002402,0.009063,NA,TRUE,TRUE,9.74e-4,7.56e-4,610.217,0.859972,4.89982,9.994157,1.007833,4.89982,9.994157,68.0265,363.1593,975.0314,100.2193,363.1593,975.0314
THFR_NE,HYPERNETS,S3_all,1020,RHOW,140,41,11,11,-7.7989,-0.3372,-47.0224,-24.2072,-12.4619,0.003921,0.00494,0.00692,NA,TRUE,TRUE,0.002976,0.002753,4591.8356,17.957543,33.917381,56.553117,17.957543,33.917381,56.553117,1795.5327,3391.7381,5528.0509,1795.5327,3391.7381,5528.0509
THFR_poly,HYPERNETS,S3_all,400,RHOW,473,177,31,31,1.6303,0.0607,5.4459,7.8324,11.2649,-0.022286,-0.01004,-0.001525,NA,TRUE,TRUE,0.017592,0.014336,496.2156,1.419928,4.261861,7.021665,1.419928,4.261861,7.021665,141.8687,426.1861,702.0233,141.8687,426.1861,702.0233
THFR_poly,HYPERNETS,S3_all,412,RHOW,473,177,31,31,2.3629,0.2447,5.5371,7.896,11.2599,-0.027087,-0.013812,-0.004503,NA,TRUE,TRUE,0.016454,0.013403,377.2207,1.381232,3.546101,5.733769,1.381232,3.546101,5.733769,138.115,354.6101,572.889,138.115,354.6101,572.889
THFR_poly,HYPERNETS,S3_all,442,RHOW,473,177,34,34,1.8336,0.4139,4.1871,5.8571,8.1931,-0.033805,-0.020967,-0.01179,NA,TRUE,TRUE,0.00851,0.006784,125.5603,0.252736,0.841446,2.014524,0.435081,0.945524,2.014524,25.2666,83.977,201.2002,50.2906,144.9039,220.7377
THFR_poly,HYPERNETS,S3_all,490,RHOW,473,177,35,35,1.7162,1.8129,2.6551,3.608,4.9031,-0.030911,-0.019989,-0.011951,NA,TRUE,TRUE,0.005089,0.003921,46.5349,-0.112063,0.060682,0.627896,0.112063,0.468561,0.700809,-12.6784,6.0682,62.7239,12.6784,50.2957,91.6143
THFR_poly,HYPERNETS,S3_all,510,RHOW,473,177,37,37,1.5867,1.6058,2.1026,2.7765,3.6663,-0.023877,-0.015683,-0.009478,NA,TRUE,TRUE,0.004121,0.003245,35.4049,-0.17351,-0.018263,0.379409,0.098845,0.309724,0.559085,-20.9936,-1.8603,37.9409,10.9687,34.7837,57.5572
THFR_poly,HYPERNETS,S3_all,560,RHOW,473,177,45,45,1.1388,1.2921,1.5532,1.994,2.5599,-0.018918,-0.012734,-0.007917,NA,TRUE,TRUE,0.004522,0.003409,32.4759,-0.366397,-0.10646,0.090976,0.104006,0.254756,0.462867,-57.8275,-11.9144,9.0976,11.6078,30.3023,57.8275
THFR_poly,HYPERNETS,S3_all,620,RHOW,473,177,32,32,1.2726,1.2017,1.5137,2.0128,2.6766,-0.006424,-0.003777,-0.001787,NA,TRUE,TRUE,0.002109,0.001521,39.8962,-0.292541,0.036359,0.336012,0.122045,0.311645,0.564965,-41.3596,3.6322,33.5624,13.661,39.8419,72.8957
THFR_poly,HYPERNETS,S3_all,665,RHOW,473,177,29,29,1.1646,0.7164,1.7742,2.4993,3.5207,-0.007547,-0.004655,-0.002601,NA,TRUE,TRUE,0.002071,0.001405,47.419,-0.56234,-0.208492,0.106784,0.18399,0.416478,0.754683,-128.4877,-26.3412,10.6784,22.5475,44.9887,154.233
THFR_poly,HYPERNETS,S3_all,673,RHOW,473,177,28,28,1.1116,0.7993,1.6567,2.3461,3.3224,-0.007606,-0.004649,-0.00256,NA,TRUE,TRUE,0.002102,0.001425,44.6026,-0.607234,-0.247335,0.032892,0.180683,0.328846,0.656179,-155.0772,-32.8627,3.227,19.4631,49.0086,182.2009
THFR_poly,HYPERNETS,S3_all,681,RHOW,473,177,29,29,1.0619,1.1899,1.4718,2.0506,2.8572,-0.006372,-0.003894,-0.002116,NA,TRUE,TRUE,0.00205,0.001418,44.822,-0.629885,-0.305591,-0.058553,0.175602,0.325571,0.705168,-170.1861,-44.0073,-6.2195,20.5139,48.2735,171.0795
THFR_poly,HYPERNETS,S3_all,709,RHOW,473,177,31,31,1.9066,0.605,3.0084,4.1935,5.8454,-0.0066,-0.004133,-0.002364,NA,TRUE,TRUE,0.002297,0.001121,76.3239,-0.225404,0.272873,0.70693,0.262334,0.496936,0.84421,-29.1308,27.2873,70.5195,27.6794,59.2524,123.611
THFR_poly,HYPERNETS,S3_all,754,RHOW,473,177,48,48,4.4017,0.5299,8.013,10.4555,13.6423,-0.003715,-0.002231,-0.001094,NA,TRUE,TRUE,0.003213,0.002171,524.1183,2.367817,3.809309,6.261827,2.367817,3.809309,6.261827,236.7797,380.8992,626.1345,236.7797,380.8992,626.1345
THFR_poly,HYPERNETS,S3_all,779,RHOW,473,177,49,49,3.4753,0.627,10.2288,13.5332,17.9049,-0.006319,-0.004282,-0.002742,NA,TRUE,TRUE,0.00337,0.001674,391.9365,-0.134167,0.641862,6.212117,0.329195,0.782572,6.212117,-15.4958,64.1862,621.2117,37.9902,125.3415,621.2117
THFR_poly,HYPERNETS,S3_all,865,RHOW,473,177,46,46,3.3426,0.7114,10.7895,14.4401,19.3258,-0.004135,-0.002795,-0.001794,NA,TRUE,TRUE,0.002137,0.001003,407.9704,-0.445467,0.383037,5.111922,0.467232,0.777646,5.111922,-80.6803,37.7876,510.525,63.5251,167.8912,555.7516
THFR_poly,HYPERNETS,S3_all,885,RHOW,473,177,36,36,2.5457,0.6317,11.552,16.1933,22.6992,-0.00472,-0.00299,-0.001756,NA,TRUE,TRUE,0.002429,0.00117,497.0691,-0.535297,0.87973,5.046885,0.564858,1.002174,5.046885,-115.2559,87.0997,504.4431,110.6601,192.7565,689.2469
THFR_poly,HYPERNETS,S3_all,1020,RHOW,473,177,46,46,8.7035,0.0227,42.5967,57.2677,76.9915,-0.003175,-0.001249,1.85e-4,NA,TRUE,FALSE,0.00572,0.004248,22808.2489,27.105621,44.011056,77.654457,27.105621,44.011056,77.654457,2708.4361,4393.7332,7737.1243,2708.4361,4393.7332,7737.1243
THFR_raw,HYPERNETS,S3_all,400,RHOW,480,117,32,24,3.8591,0.1015,11.0232,16.7429,25.4303,-0.05705,-0.030139,-0.012422,NA,TRUE,TRUE,0.029648,0.018649,762.7362,1.398876,4.622162,10.884334,1.398876,4.622162,10.884334,139.887,461.7565,1085.1567,139.887,461.7565,1085.1567
THFR_raw,HYPERNETS,S3_all,412,RHOW,480,117,32,24,4.4841,0.2574,12.4712,18.9304,28.7349,-0.077557,-0.043632,-0.021282,NA,TRUE,TRUE,0.030868,0.01841,577.0239,1.355015,3.939133,7.427711,1.355015,3.939133,7.427711,135.5012,393.9093,742.1222,135.5012,393.9093,742.1222
THFR_raw,HYPERNETS,S3_all,442,RHOW,480,117,32,25,1.287,0.1812,15.0049,22.7991,34.642,-0.151977,-0.093748,-0.055425,NA,TRUE,TRUE,0.031033,0.013994,293.3886,0.297924,1.302847,2.295563,0.521684,1.302847,2.295563,29.7924,130.2847,229.5563,52.9447,143.2923,229.5563
THFR_raw,HYPERNETS,S3_all,490,RHOW,480,117,32,26,-0.9074,0.7367,-29.6808,-19.7111,-13.0902,0.118075,0.168633,0.244764,NA,TRUE,TRUE,0.032608,0.011867,166.6352,-0.042272,0.231962,0.665292,0.107113,0.345835,0.787022,-4.4138,23.1877,66.5289,11.4882,44.7612,86.2126
THFR_raw,HYPERNETS,S3_all,510,RHOW,480,117,32,26,-0.1733,0.6304,-28.3917,-18.8476,-12.5118,0.123196,0.176249,0.256167,NA,TRUE,TRUE,0.033643,0.011681,146.0972,-0.092036,0.10588,0.538913,0.104157,0.284126,0.554562,-10.1375,10.536,53.8884,11.2807,33.3,55.5387
THFR_raw,HYPERNETS,S3_all,560,RHOW,480,117,32,28,3.1468,0.7066,10.6204,15.6117,22.9489,-0.209912,-0.136982,-0.087369,NA,TRUE,TRUE,0.033991,0.011381,104.1431,-0.188966,-0.032876,0.219815,0.129866,0.194263,0.416152,-23.2999,-3.4004,21.9107,13.3349,23.5065,50.012
THFR_raw,HYPERNETS,S3_all,620,RHOW,480,117,32,24,7.4514,1.137,24.2397,36.9119,56.209,-0.166513,-0.104372,-0.063565,NA,TRUE,TRUE,0.038462,0.011936,325.2169,-0.129274,0.092918,0.5285,0.127496,0.304465,0.612432,-14.8577,9.2315,52.8319,13.6849,33.3411,61.0777
THFR_raw,HYPERNETS,S3_all,665,RHOW,480,117,32,23,9.1047,0.7407,34.4297,53.1073,81.9172,-0.168636,-0.104524,-0.06296,NA,TRUE,TRUE,0.040368,0.012524,485.2938,-0.305713,-0.171942,0.145841,0.16208,0.279007,0.533524,-44.0556,-20.7644,14.5824,16.6994,37.7774,114.4228
THFR_raw,HYPERNETS,S3_all,673,RHOW,480,117,32,23,10.9041,0.8176,31.3736,48.17,73.9586,-0.165521,-0.103029,-0.062328,NA,TRUE,TRUE,0.040478,0.012639,430.6446,-0.374653,-0.215538,0.001956,0.127775,0.302617,0.515081,-59.9189,-27.4758,0.1741,14.6685,43.3932,99.8771
THFR_raw,HYPERNETS,S3_all,681,RHOW,480,117,32,22,11.8622,1.2499,29.8045,46.1266,71.3874,-0.163333,-0.100443,-0.059806,NA,TRUE,TRUE,0.041496,0.013146,428.6079,-0.347748,-0.255703,-0.030524,0.19991,0.296243,0.457539,-53.3891,-34.3556,-3.1678,25.0355,42.1064,78.6849
THFR_raw,HYPERNETS,S3_all,709,RHOW,480,117,32,23,8.8265,0.4885,57.5194,89.0865,137.978,-0.150785,-0.09247,-0.054819,NA,TRUE,TRUE,0.041635,0.01271,986.1746,-0.036853,0.314072,1.044686,0.154193,0.314072,1.044686,-3.8264,31.4072,103.6589,17.4827,39.1963,103.6589
THFR_raw,HYPERNETS,S3_all,754,RHOW,480,117,32,30,12.961,0.197,115.5774,168.4963,245.6449,-0.076967,-0.049162,-0.030089,NA,TRUE,TRUE,0.03753,0.011207,6865.8411,2.736728,4.371413,6.908133,2.736728,4.371413,6.908133,273.6396,436.3511,688.2247,273.6396,436.3511,688.2247
THFR_raw,HYPERNETS,S3_all,779,RHOW,480,117,32,31,11.8547,0.3214,132.8305,192.4055,278.7001,-0.090057,-0.058785,-0.037196,NA,TRUE,TRUE,0.039531,0.010823,2854.8037,-0.477318,-0.126686,5.203541,0.471338,0.601311,5.203541,-91.3218,-14.5064,519.8425,82.0519,114.314,660.2388
THFR_raw,HYPERNETS,S3_all,865,RHOW,480,117,32,17,-17.2606,0.9121,-478.2677,-282.9562,-167.4046,0.063184,0.094095,0.146343,NA,TRUE,TRUE,0.051238,0.018331,8587.7656,-0.874158,-0.176747,7.207524,0.874158,0.940851,7.207524,-694.6449,-21.4694,720.7524,475.8487,699.8351,1143.396
THFR_raw,HYPERNETS,S3_all,885,RHOW,480,117,32,13,-42.1245,0.2294,-576.6074,-310.9574,-167.6956,0.071334,0.112082,0.18764,NA,TRUE,TRUE,0.058154,0.023517,11581.3525,-0.505608,3.958177,9.399173,0.764835,3.958177,9.399173,-102.2688,395.8177,939.9173,325.2331,444.2855,1755.6094
THFR_raw,HYPERNETS,S3_all,1020,RHOW,480,117,32,28,-25.4297,-0.0195,-884.2683,-597.1491,-403.2566,0.040053,0.053627,0.073727,NA,TRUE,TRUE,0.037415,0.011753,48041.2262,16.477841,28.145772,61.415096,16.477841,28.145772,61.415096,1630.3716,2806.5825,6107.4118,1630.3716,2806.5825,6107.4118
MAFR,HYPERNETS,SNPP,410,RHOW,18,18,8,8,0.2728,0.2322,0.6699,1.5992,3.8181,-0.086697,-0.020973,0.006555,NA,FALSE,FALSE,0.006993,0.004889,16.1263,-0.15871,-0.082094,0.026191,0.043971,0.137392,0.168656,-18.8652,-9.0222,2.6181,4.5708,15.9601,19.1226
MAFR,HYPERNETS,SNPP,443,RHOW,18,18,8,8,0.4803,0.5364,0.4929,1.1068,2.4853,-0.072968,-0.010344,0.017547,NA,FALSE,FALSE,0.0077210000000000004,0.006257,13.4695,-0.164093,-0.095604,-0.072002,0.080846,0.095604,0.164093,-19.6313,-10.5738,-7.7811,8.6452,10.5738,19.6313
MAFR,HYPERNETS,SNPP,486,RHOW,18,18,8,8,0.6099,0.7399,0.4823,0.9952,2.0535,-0.075814,-0.008833,0.023629,NA,FALSE,FALSE,0.010444,0.009238,14.4049,-0.180844,-0.174008,-0.088714,0.088714,0.174008,0.180844,-22.0831,-21.0667,-9.7387,9.7387,21.0667,22.0831
MAFR,HYPERNETS,SNPP,551,RHOW,18,18,8,8,0.821,1.0083,0.5847,0.9559,1.5626,-0.068146,-0.009832,0.025839,NA,FALSE,FALSE,0.015242,0.014075,14.6293,-0.185427,-0.173687,-0.098632,0.098632,0.173687,0.185427,-22.7643,-21.0261,-10.9438,10.9438,21.0261,22.7643
MAFR,HYPERNETS,SNPP,671,RHOW,18,18,8,8,0.8093,0.966,0.6497,0.8373,1.0792,-0.0139,0.00292,0.01597,NA,FALSE,FALSE,0.010185,0.008878,12.7302,-0.175641,-0.12425,-0.071576,0.071576,0.12425,0.175641,-21.3273,-14.2767,-7.7128,7.7128,14.2767,21.3273
MAFR,HYPERNETS,JPSS1,411,RHOW,65,58,33,32,0.3516,0.434,0.9261,1.3169,1.8725,-0.032834,-0.017259,-0.006306,NA,FALSE,TRUE,0.012713,0.010084,35.2087,-0.481832,-0.312317,-0.084691,0.120382,0.354098,0.538929,-93.3237,-45.4177,-9.2875,12.9503,48.6681,93.3237
MAFR,HYPERNETS,JPSS1,445,RHOW,65,58,33,33,0.3602,0.4418,0.657,0.9145,1.2729,-0.022465,-0.006684,0.004654,NA,FALSE,FALSE,0.015256,0.011588,24.3865,-0.302122,-0.196827,-0.069876,0.10719,0.196827,0.302122,-43.2916,-24.5062,-7.5125,10.719,24.5062,43.2916
MAFR,HYPERNETS,JPSS1,489,RHOW,65,58,33,33,0.3037,0.4148,0.5321,0.7387,1.0254,-0.015866,0.002005,0.014878,NA,FALSE,FALSE,0.019827,0.015327,22.7753,-0.270839,-0.190537,-0.095019,0.10288,0.225135,0.270839,-37.144,-23.5386,-10.4996,11.4678,24.2497,37.144
MAFR,HYPERNETS,JPSS1,556,RHOW,65,58,33,33,0.2897,0.4326,0.4619,0.6365,0.877,-0.009713,0.013134,0.029713,NA,TRUE,FALSE,0.029994,0.022993,22.1848,-0.289881,-0.226532,-0.090728,0.09902,0.230215,0.289881,-40.8216,-29.2879,-9.978,10.9902,29.2879,40.8216
MAFR,HYPERNETS,JPSS1,667,RHOW,65,58,33,33,0.4628,0.7845,0.4752,0.598,0.7527,-0.002898,0.007489,0.015742,NA,TRUE,FALSE,0.028345,0.019985,26.3158,-0.342519,-0.213948,-0.16279,0.163608,0.213948,0.342519,-52.0957,-27.2181,-19.4443,19.4443,27.2181,52.0957
MAFR,HYPERNETS,JPSS2,411,RHOW,76,70,36,36,0.6329,1.1154,1.2374,1.7008,2.3378,-0.042723,-0.02543,-0.012849,NA,TRUE,TRUE,0.012606,0.010813,40.7764,-0.535124,-0.347495,0.034453,0.168004,0.411677,0.55193,-115.1149,-53.262,3.4451,18.1068,58.0026,115.1149
MAFR,HYPERNETS,JPSS2,445,RHOW,76,70,36,36,0.5657,0.6881,0.7967,1.0661,1.4266,-0.023669,-0.00852,0.002801,NA,FALSE,FALSE,0.01202,0.0102,24.8388,-0.307666,-0.215227,0.013236,0.097975,0.242613,0.336821,-44.4403,-27.4256,1.3234,10.8661,29.7657,46.4125
MAFR,HYPERNETS,JPSS2,489,RHOW,76,70,36,36,0.4694,0.525,0.6395,0.852,1.1351,-0.016082,4.52e-4,0.012862,NA,FALSE,FALSE,0.014942,0.013072,23.6923,-0.255597,-0.190455,-0.074836,0.147656,0.212987,0.308321,-34.3377,-23.5261,-8.0944,16.9798,26.6479,44.3499
MAFR,HYPERNETS,JPSS2,556,RHOW,76,70,36,36,0.4926,0.5825,0.5696,0.7359,0.9507,-0.010238,0.008672,0.023309,NA,TRUE,FALSE,0.023203,0.0207,24.7013,-0.26343,-0.195196,-0.11857,0.153484,0.244987,0.286459,-35.7665,-24.2567,-13.4527,18.1333,32.4493,39.5687
MAFR,HYPERNETS,JPSS2,667,RHOW,76,70,36,36,0.6208,0.8643,0.5991,0.7077,0.8359,-0.002835,0.00526,0.012112,NA,TRUE,FALSE,0.022952,0.018012,29.5269,-0.349156,-0.232479,-0.079055,0.151084,0.268746,0.39233,-53.6534,-30.295,-8.5845,17.8019,36.7525,57.5908
MAFR_pixel,HYPERNETS,SNPP,410,RHOW,14,14,7,7,1.3071,1.9665,0.9144,1.4256,2.2226,-0.034467,-0.013219,4.1e-4,NA,FALSE,FALSE,0.004569,0.003549,17.467,-0.166688,-0.065245,0.007437,0.036705,0.07016,0.233124,-20.8164,-6.9799,0.7437,3.8525,7.5453,27.7817
MAFR_pixel,HYPERNETS,SNPP,443,RHOW,14,14,7,7,1.0551,1.2975,0.7851,1.1082,1.5642,-0.02698,-0.008316,0.004907,NA,FALSE,FALSE,0.005126,0.004783,13.2731,-0.157585,-0.100922,-0.070266,0.081973,0.100922,0.157585,-18.928,-11.2251,-7.5783,8.6213,11.2251,18.928
MAFR_pixel,HYPERNETS,SNPP,486,RHOW,14,14,7,7,0.9307,1.0995,0.6915,0.9781,1.3836,-0.029791,-0.006299,0.010309,NA,FALSE,FALSE,0.008486,0.007664,13.6907,-0.183656,-0.161584,-0.113357,0.113357,0.161584,0.183656,-22.4977,-19.2725,-12.828,12.828,19.2725,22.4977
MAFR_pixel,HYPERNETS,SNPP,551,RHOW,14,14,7,7,0.9059,1.0153,0.6992,0.938,1.2585,-0.034174,-0.006449,0.014217,NA,FALSE,FALSE,0.012983,0.01181,13.8288,-0.182537,-0.14473,-0.103101,0.103101,0.14473,0.182537,-22.3509,-16.9222,-11.5062,11.5062,16.9222,22.3509
MAFR_pixel,HYPERNETS,SNPP,671,RHOW,14,14,7,7,0.9262,0.9767,0.8048,0.9342,1.0843,-0.011538,-0.00302,0.00432,NA,FALSE,FALSE,0.007742,0.006755,12.0086,-0.183225,-0.096707,-0.069101,0.069101,0.096707,0.183225,-22.4858,-10.706,-7.4327,7.4327,10.706,22.4858
MAFR_pixel,HYPERNETS,JPSS1,411,RHOW,60,58,28,28,0.7944,1.2459,0.8737,1.1696,1.5658,-0.019744,-0.009882,-0.002515,NA,FALSE,TRUE,0.00997,0.007758,33.8718,-0.506361,-0.253922,-0.091276,0.163386,0.281365,0.52165,-102.601,-34.0345,-10.1255,18.8042,39.1625,102.601
MAFR_pixel,HYPERNETS,JPSS1,445,RHOW,60,58,31,31,0.6824,1.0637,0.7063,0.9038,1.1565,-0.013166,-0.00367,0.003752,NA,FALSE,FALSE,0.012502,0.009087,25.2356,-0.285983,-0.156377,-0.050405,0.117102,0.1988,0.303226,-40.0699,-18.5363,-5.3501,13.2858,22.3238,41.073
MAFR_pixel,HYPERNETS,JPSS1,489,RHOW,60,58,31,31,0.5764,0.7874,0.5933,0.7572,0.9664,-0.008594,0.002673,0.011502,NA,TRUE,FALSE,0.017048,0.012485,23.7269,-0.244748,-0.177263,-0.074055,0.119971,0.20643,0.297422,-32.4083,-21.5456,-7.9978,13.6368,22.5808,39.9153
MAFR_pixel,HYPERNETS,JPSS1,556,RHOW,60,58,31,31,0.5262,0.7329,0.5312,0.6708,0.8471,-0.003544,0.010798,0.022154,NA,TRUE,FALSE,0.026752,0.019276,23.3444,-0.256552,-0.193812,-0.082956,0.100419,0.210162,0.271733,-34.5349,-24.0406,-9.0487,11.1641,26.6082,37.3122
MAFR_pixel,HYPERNETS,JPSS1,667,RHOW,60,58,31,31,0.5443,0.9462,0.5204,0.6285,0.7591,-0.001208,0.005773,0.011554,NA,TRUE,FALSE,0.02512,0.015639,31.8331,-0.32857,-0.211829,-0.137713,0.161536,0.242231,0.355933,-48.9387,-26.876,-15.9708,18.0896,31.9664,55.271
MAFR_pixel,HYPERNETS,JPSS2,411,RHOW,65,60,25,25,1.0002,1.3579,1.1633,1.6239,2.2669,-0.039068,-0.022228,-0.010164,NA,TRUE,TRUE,0.01158,0.009555,37.7632,-0.542512,-0.320716,-0.084884,0.15737400000000001,0.361402,0.548008,-118.5848,-47.2137,-9.2757,18.6767,56.1635,118.5848
MAFR_pixel,HYPERNETS,JPSS2,445,RHOW,65,60,29,29,0.8125,0.968,0.8184,1.0474,1.3405,-0.018406,-0.007211,0.001536,NA,FALSE,FALSE,0.01059,0.008813,23.986,-0.307045,-0.167764,-0.011802,0.11914,0.247343,0.339665,-44.3095,-20.1582,-1.1942,13.5254,26.6379,44.3095
MAFR_pixel,HYPERNETS,JPSS2,489,RHOW,65,60,29,29,0.6744,0.724,0.6659,0.8415,1.0634,-0.010095,0.00173,0.011087,NA,FALSE,FALSE,0.012376,0.010878,21.7478,-0.252576,-0.164882,-0.024616,0.125716,0.211779,0.277776,-33.7929,-19.7435,-2.5237,14.3794,22.0347,38.4613
MAFR_pixel,HYPERNETS,JPSS2,556,RHOW,65,60,29,29,0.597,0.6587,0.5685,0.6948,0.8492,6.69e-4,0.013116,0.023299,NA,TRUE,TRUE,0.019352,0.016759,21.4808,-0.247243,-0.147091,-0.062872,0.130005,0.218782,0.266459,-32.845,-17.2458,-6.709,14.9432,28.0052,35.3851
MAFR_pixel,HYPERNETS,JPSS2,667,RHOW,65,60,29,29,0.6315,0.7422,0.5876,0.6797,0.7863,4.56e-4,0.006682,0.012064,NA,TRUE,TRUE,0.021587,0.016571,34.6543,-0.339552,-0.163499,-0.045021,0.13248,0.280229,0.404669,-51.4124,-19.5455,-4.7143,15.2711,38.933,64.2466
MAFR_raw,HYPERNETS,SNPP,410,RHOW,14,14,7,7,1.3071,1.9665,0.9144,1.4256,2.2226,-0.034467,-0.013219,4.1e-4,NA,FALSE,FALSE,0.004569,0.003549,17.467,-0.166688,-0.065245,0.007437,0.036705,0.07016,0.233124,-20.8164,-6.9799,0.7437,3.8525,7.5453,27.7817
MAFR_raw,HYPERNETS,SNPP,443,RHOW,14,14,7,7,1.0551,1.2975,0.7851,1.1082,1.5642,-0.02698,-0.008316,0.004907,NA,FALSE,FALSE,0.005126,0.004783,13.2731,-0.157585,-0.100922,-0.070266,0.081973,0.100922,0.157585,-18.928,-11.2251,-7.5783,8.6213,11.2251,18.928
MAFR_raw,HYPERNETS,SNPP,486,RHOW,14,14,7,7,0.9307,1.0995,0.6915,0.9781,1.3836,-0.029791,-0.006299,0.010309,NA,FALSE,FALSE,0.008486,0.007664,13.6907,-0.183656,-0.161584,-0.113357,0.113357,0.161584,0.183656,-22.4977,-19.2725,-12.828,12.828,19.2725,22.4977
MAFR_raw,HYPERNETS,SNPP,551,RHOW,14,14,7,7,0.9059,1.0153,0.6992,0.938,1.2585,-0.034174,-0.006449,0.014217,NA,FALSE,FALSE,0.012983,0.01181,13.8288,-0.182537,-0.14473,-0.103101,0.103101,0.14473,0.182537,-22.3509,-16.9222,-11.5062,11.5062,16.9222,22.3509
MAFR_raw,HYPERNETS,SNPP,671,RHOW,14,14,7,7,0.9262,0.9767,0.8048,0.9342,1.0843,-0.011538,-0.00302,0.00432,NA,FALSE,FALSE,0.007742,0.006755,12.0086,-0.183225,-0.096707,-0.069101,0.069101,0.096707,0.183225,-22.4858,-10.706,-7.4327,7.4327,10.706,22.4858
MAFR_raw,HYPERNETS,JPSS1,411,RHOW,60,58,31,29,0.8268,1.3263,0.9123,1.2133,1.6135,-0.021193,-0.011318,-0.003892,NA,FALSE,TRUE,0.010302,0.008083,35.9092,-0.519426,-0.255135,-0.111698,0.166089,0.289843,0.52832,-108.0846,-34.2525,-12.5743,19.9168,40.814,108.0846
MAFR_raw,HYPERNETS,JPSS1,445,RHOW,60,58,31,31,0.6824,1.0637,0.7063,0.9038,1.1565,-0.013166,-0.00367,0.003752,NA,FALSE,FALSE,0.012502,0.009087,25.2356,-0.285983,-0.156377,-0.050405,0.117102,0.1988,0.303226,-40.0699,-18.5363,-5.3501,13.2858,22.3238,41.073
MAFR_raw,HYPERNETS,JPSS1,489,RHOW,60,58,31,31,0.5764,0.7874,0.5933,0.7572,0.9664,-0.008594,0.002673,0.011502,NA,TRUE,FALSE,0.017048,0.012485,23.7269,-0.244748,-0.177263,-0.074055,0.119971,0.20643,0.297422,-32.4083,-21.5456,-7.9978,13.6368,22.5808,39.9153
MAFR_raw,HYPERNETS,JPSS1,556,RHOW,60,58,31,31,0.5262,0.7329,0.5312,0.6708,0.8471,-0.003544,0.010798,0.022154,NA,TRUE,FALSE,0.026752,0.019276,23.3444,-0.256552,-0.193812,-0.082956,0.100419,0.210162,0.271733,-34.5349,-24.0406,-9.0487,11.1641,26.6082,37.3122
MAFR_raw,HYPERNETS,JPSS1,667,RHOW,60,58,31,31,0.5443,0.9462,0.5204,0.6285,0.7591,-0.001208,0.005773,0.011554,NA,TRUE,FALSE,0.02512,0.015639,31.8331,-0.32857,-0.211829,-0.137713,0.161536,0.242231,0.355933,-48.9387,-26.876,-15.9708,18.0896,31.9664,55.271
MAFR_raw,HYPERNETS,JPSS2,411,RHOW,65,60,29,27,0.9541,1.2881,1.1812,1.6417,2.2818,-0.040226,-0.023555,-0.011561,NA,TRUE,TRUE,0.012459,0.010238,40.4554,-0.552132,-0.359645,-0.109453,0.177696,0.430863,0.557482,-123.2897,-56.1635,-12.3333,21.6467,56.5931,123.2897
MAFR_raw,HYPERNETS,JPSS2,445,RHOW,65,60,29,29,0.8125,0.968,0.8184,1.0474,1.3405,-0.018406,-0.007211,0.001536,NA,FALSE,FALSE,0.01059,0.008813,23.986,-0.307045,-0.167764,-0.011802,0.11914,0.247343,0.339665,-44.3095,-20.1582,-1.1942,13.5254,26.6379,44.3095
MAFR_raw,HYPERNETS,JPSS2,489,RHOW,65,60,29,29,0.6744,0.724,0.6659,0.8415,1.0634,-0.010095,0.00173,0.011087,NA,FALSE,FALSE,0.012376,0.010878,21.7478,-0.252576,-0.164882,-0.024616,0.125716,0.211779,0.277776,-33.7929,-19.7435,-2.5237,14.3794,22.0347,38.4613
MAFR_raw,HYPERNETS,JPSS2,556,RHOW,65,60,29,29,0.597,0.6587,0.5685,0.6948,0.8492,6.69e-4,0.013116,0.023299,NA,TRUE,TRUE,0.019352,0.016759,21.4808,-0.247243,-0.147091,-0.062872,0.130005,0.218782,0.266459,-32.845,-17.2458,-6.709,14.9432,28.0052,35.3851
MAFR_raw,HYPERNETS,JPSS2,667,RHOW,65,60,29,29,0.6315,0.7422,0.5876,0.6797,0.7863,4.56e-4,0.006682,0.012064,NA,TRUE,TRUE,0.021587,0.016571,34.6543,-0.339552,-0.163499,-0.045021,0.13248,0.280229,0.404669,-51.4124,-19.5455,-4.7143,15.2711,38.933,64.2466
THFR,HYPERNETS,SNPP,410,RHOW,305,37,9,6,0.15,-0.0355,0.5907,1.8256,5.6422,-0.016786,-0.002832,0.001683,NA,FALSE,FALSE,0.002567,0.002495,95.6666,-0.472107,-0.009685,0.844322,0.453993,0.606582,0.92093,-89.5143,-12.4177,82.6576,83.2252,95.5446,214.8436
THFR,HYPERNETS,SNPP,443,RHOW,305,37,9,8,0.5206,0.5422,0.7047,1.6382,3.8079,-0.01407,-0.003681,7.88e-4,NA,FALSE,FALSE,0.002162,0.001946,43.029,-0.349965,-0.254181,0.259023,0.305562,0.35902,0.480734,-53.9452,-34.8696,25.7106,33.8977,50.4752,66.8921
THFR,HYPERNETS,SNPP,486,RHOW,305,37,9,9,0.4266,0.7068,0.6527,1.4137,3.062,-0.016753,-0.005022,3.95e-4,NA,FALSE,FALSE,0.002971,0.002429,32.8913,-0.5408,-0.292725,-0.080948,0.185893,0.292725,0.5408,-117.7701,-41.3877,-8.8078,19.6427,41.3877,117.7701
THFR,HYPERNETS,SNPP,551,RHOW,305,37,9,9,0.9606,0.9491,0.7484,1.3581,2.4646,-0.015619,-0.004812,0.001143,NA,FALSE,FALSE,0.002378,0.001835,18.2515,-0.229566,-0.154942,-0.033377,0.083674,0.154942,0.229566,-29.7971,-18.3351,-3.453,9.1315,18.3351,29.7971
THFR,HYPERNETS,SNPP,671,RHOW,305,37,9,7,1.4394,1.4289,1.0507,1.5261,2.2165,-0.002898,-0.00119,-1.4e-5,NA,TRUE,TRUE,6.05e-4,5.62e-4,23.5413,-0.26515,0.133582,0.185115,0.185115,0.246056,0.290984,-36.1281,13.3582,18.432,18.432,31.6058,36.1281
THFR,HYPERNETS,JPSS1,411,RHOW,224,17,5,2,16.0215,21.4444,NA,NA,NA,NA,NA,NA,NA,NA,NA,0.003071,0.003043,60.0365,-0.404944,-0.104762,0.195421,0.547984,0.600365,0.652746,-125.9795,-50.5823,-0.3411,83.5284,125.2113,176.3613
THFR,HYPERNETS,JPSS1,445,RHOW,224,17,5,3,6.5059,6.3578,1.4598,6.6011,29.8507,-0.164174,-0.031242,-0.001845,NA,TRUE,TRUE,0.003231,0.002533,43.2592,-0.260092,-0.010986,0.383304,0.260092,0.509197,0.643396,-43.5309,-1.1108,32.592,34.0649,77.7594,90.3105
THFR,HYPERNETS,JPSS1,489,RHOW,224,17,5,4,2.9594,3.6843,0.9246,4.0172,17.4547,-0.129313,-0.023945,3.06e-4,NA,FALSE,FALSE,0.003385,0.003145,40.6394,-0.431596,-0.118431,0.239512,0.32393,0.451172,0.533635,-78.1413,-18.9221,22.9908,41.5904,56.9336,78.1413
THFR,HYPERNETS,JPSS1,556,RHOW,224,17,5,5,1.9443,2.2772,1.2757,2.0116,3.172,-0.024089,-0.011715,-0.003867,NA,TRUE,TRUE,0.002853,0.002798,28.609,-0.304111,-0.277158,0.167105,0.184616,0.277158,0.304111,-43.7011,-38.3429,16.7105,18.4616,38.3429,43.7011
THFR,HYPERNETS,JPSS1,667,RHOW,224,17,5,4,3.2059,4.1632,1.7214,3.293,6.2991,-0.015502,-0.006308,-0.001501,NA,TRUE,TRUE,0.001829,0.001583,51.2295,-0.183394,0.316188,0.608595,0.462117,0.609144,0.659321,-48.0932,28.3421,60.8595,43.6593,60.9143,115.5425
THFR,HYPERNETS,JPSS2,411,RHOW,301,8,2,1,NA,NA,NA,NA,NA,NA,NA,NA,NA,NA,NA,NA,NA,NA,NA,NA,NA,NA,NA,NA,NA,NA,NA,NA,NA,NA
THFR,HYPERNETS,JPSS2,445,RHOW,301,8,2,2,-277095.5508,-474600.9046,NA,NA,NA,NA,NA,NA,NA,NA,NA,0.002663,0.001894,34.9529,-0.522292,-0.349529,-0.176765,0.176765,0.349529,0.522292,-143.9326,-81.4514,-34.9742,34.9742,81.4514,143.9326
THFR,HYPERNETS,JPSS2,489,RHOW,301,8,2,2,-9.7372,-11.368,NA,NA,NA,NA,NA,NA,NA,NA,NA,0.001752,0.001476,20.1255,-0.227132,-0.126504,-0.025877,0.138002,0.201255,0.264507,-32.2907,-17.6478,-4.6256,16.5734,26.442,37.146
THFR,HYPERNETS,JPSS2,556,RHOW,301,8,2,2,-0.3592,-0.3591,NA,NA,NA,NA,NA,NA,NA,NA,NA,0.001177,0.001177,11.3859,-0.049246,0.007683,0.064613,0.110017,0.113859,0.1177,-5.7077,0.123,5.968,11.9476,12.0164,12.0853
THFR,HYPERNETS,JPSS2,667,RHOW,301,8,2,2,-4.4272,-3.6993,NA,NA,NA,NA,NA,NA,NA,NA,NA,0.001424,0.001252,43.7331,0.041548,0.260213,0.478879,0.307224,0.437331,0.567438,-1.4008,18.1897,41.6447,32.115,43.6289,56.1462
THFR_pixel,HYPERNETS,SNPP,410,RHOW,253,96,4,4,0.9234,0.4091,0.291,1.3688,6.4391,-0.015931,6.24e-4,0.004143,NA,FALSE,FALSE,0.002334,0.001983,95.3585,0.239208,0.665509,1.335789,0.283304,0.665509,1.335789,22.2716,63.503,126.8051,28.0484,63.503,126.8051
THFR_pixel,HYPERNETS,SNPP,443,RHOW,253,96,14,14,0.7098,0.4935,1.3821,2.445,4.3252,-0.016816,-0.008029,-0.003063,NA,TRUE,TRUE,0.002257,0.002013,44.9053,-0.582128,-0.395403,-0.051619,0.267046,0.400307,0.626158,-139.6089,-65.3994,-5.8098,32.2221,66.7572,139.6089
THFR_pixel,HYPERNETS,SNPP,486,RHOW,253,96,19,19,0.7029,0.9156,1.3465,2.1467,3.4223,-0.019656,-0.010592,-0.004906,NA,TRUE,TRUE,0.002956,0.002607,36.4206,-0.523673,-0.357578,-0.195194,0.20103,0.357578,0.523673,-109.9608,-55.6609,-24.2758,24.2758,55.6609,109.9608
THFR_pixel,HYPERNETS,SNPP,551,RHOW,253,96,24,24,0.526,0.6752,0.7036,1.0189,1.4753,-0.005952,-0.001477,0.001614,NA,FALSE,FALSE,0.002371,0.001787,17.3382,-0.212694,-0.125539,-0.052219,0.096647,0.15418,0.212694,-27.0485,-14.3958,-5.5139,10.6987,18.2312,27.0485
THFR_pixel,HYPERNETS,SNPP,671,RHOW,253,96,16,16,1.1952,1.1427,1.083,1.5464,2.2081,-0.002932,-0.001348,-2.38e-4,NA,TRUE,TRUE,6.18e-4,5.45e-4,23.0908,-0.2566,-0.099463,0.208371,0.163156,0.258537,0.307549,-34.5272,-11.1906,20.7927,18.4506,30.8548,37.698
THFR_pixel,HYPERNETS,JPSS1,411,RHOW,147,31,1,1,NA,NA,NA,NA,NA,NA,NA,NA,NA,NA,NA,NA,NA,NA,NA,NA,NA,NA,NA,NA,NA,NA,NA,NA,NA,NA
THFR_pixel,HYPERNETS,JPSS1,445,RHOW,147,31,2,2,-4.5046,-4.4023,NA,NA,NA,NA,NA,NA,NA,NA,NA,3.19e-4,2.89e-4,5.1136,-0.001334,0.024234,0.049802,0.039018,0.051136,0.063253,-0.2289,2.2957,4.8836,3.9374,5.1237,6.3235
THFR_pixel,HYPERNETS,JPSS1,489,RHOW,147,31,6,6,1.7248000000000001,2.7496,1.0226,2.4312,5.7797,-0.037062,-0.013048,-0.002947,NA,TRUE,TRUE,0.003368,0.00314,45.687,-0.562283,-0.541441,-0.319972,0.319972,0.541441,0.562283,-128.4802,-118.1288,-49.8881,49.8881,118.1288,128.4802
THFR_pixel,HYPERNETS,JPSS1,556,RHOW,147,31,8,8,1.1929,1.1785,0.8698,1.6685,3.2004,-0.023936,-0.00874,-8.17e-4,NA,FALSE,TRUE,0.002913,0.002763,27.6384,-0.309999,-0.24885,-0.205803,0.220789,0.24885,0.309999,-45.4272,-33.1951,-25.9844,26.7684,33.1951,45.4272
THFR_pixel,HYPERNETS,JPSS1,667,RHOW,147,31,1,1,NA,NA,NA,NA,NA,NA,NA,NA,NA,NA,NA,NA,NA,NA,NA,NA,NA,NA,NA,NA,NA,NA,NA,NA,NA,NA
THFR_pixel,HYPERNETS,JPSS2,445,RHOW,254,38,2,2,-5.7006,-9.2876,NA,NA,NA,NA,NA,NA,NA,NA,NA,0.00219,0.001971,36.8981,-0.454333,-0.368981,-0.28363,0.28363,0.368981,0.454333,-89.1049,-64.6117,-43.2908,43.2908,64.6117,89.1049
THFR_pixel,HYPERNETS,JPSS2,489,RHOW,254,38,8,8,1.2392,2.7635,1.2107,2.6918,5.9848,-0.038614,-0.014991,-0.004366,NA,TRUE,TRUE,0.003315,0.002866,40.6709,-0.627672,-0.509886,-0.178618,0.178618,0.509886,0.627672,-168.6442,-104.1016,-21.9245,21.9245,104.1016,168.6442
THFR_pixel,HYPERNETS,JPSS2,556,RHOW,254,38,12,12,0.1773,0.0045,0.577,1.104,2.1125,-0.01065,-0.00157,0.003176,NA,FALSE,FALSE,0.003492,0.002718,49.9338,-0.321679,-0.175541,0.082244,0.125772,0.230822,0.37362,-47.5546,-21.5147,8.1957,13.1478,30.0121,59.6535
THFR_pixel,HYPERNETS,JPSS2,667,RHOW,254,38,5,5,0.3563,0.1563,0.8818,3.4487,13.4871,-0.032784,-0.005571,0.001387,NA,FALSE,FALSE,0.00207,0.001581,59.1548,-0.016626,0.433927,0.749632,0.396186,0.433927,0.749632,-1.6908,43.3927,74.9632,43.3927,65.6139,74.9632
THFR_NE,HYPERNETS,SNPP,410,RHOW,132,129,12,12,-0.431,-0.8596,-3.2931,-1.7393,-0.9186,0.005731,0.008801,0.014612,NA,TRUE,TRUE,0.003035,0.0028,85.7115,-0.825942,-0.537142,-0.004624,0.55533,0.778232,0.930877,-477.3265,-116.7194,-7.2847,86.133,191.6889,477.3265
THFR_NE,HYPERNETS,SNPP,443,RHOW,132,129,20,20,-0.3795,-1.3322,-2.61,-1.6397,-1.0302,0.007533,0.010616,0.015524,NA,TRUE,TRUE,0.003632,0.003292,64.6284,-0.861518,-0.59486000000000006,-0.33496,0.514949,0.637952,0.861518,-622.9546,-147.0677,-50.3668,71.3731,147.0677,622.9546
THFR_NE,HYPERNETS,SNPP,486,RHOW,132,129,29,29,-0.041,0.208,-1.6843,-1.146,-0.7798,0.009144,0.01188,0.015901,NA,TRUE,TRUE,0.004741,0.00426,55.6554,-0.722606,-0.603837,-0.317492,0.317492,0.603837,0.722606,-260.4976,-152.4212,-46.5184,46.5184,152.4212,260.4976
THFR_NE,HYPERNETS,SNPP,551,RHOW,132,129,35,35,0.4045,0.6193,0.863,1.1973,1.6612,-0.00923,-0.004658,-0.001363,NA,FALSE,TRUE,0.003655,0.002899,28.758,-0.393807,-0.270045,-0.113068,0.121585,0.270045,0.393807,-64.9694,-36.9948,-12.7485,13.1378,36.9948,64.9694
THFR_NE,HYPERNETS,SNPP,671,RHOW,132,129,26,26,0.364,0.3519,0.8083,1.1953,1.7676,-0.002665,-0.001268,-3.24e-4,NA,FALSE,TRUE,0.00123,9.59e-4,38.1357,-0.548673,-0.318121,-0.124065,0.224035,0.339635,0.553623,-121.7083,-46.6851,-14.3264,26.2879,51.441,121.7083
THFR_NE,HYPERNETS,JPSS1,411,RHOW,82,75,3,3,0.2944,2.1404,0.0232,0.3983,6.8389,-0.028818,-9.37e-4,6.87e-4,NA,FALSE,FALSE,0.003588,0.003541,82.2153,-0.854647,-0.809477,-0.783321,0.783321,0.809477,0.854647,-623.8176,-424.871,-364.9121,364.9121,424.871,623.8176
THFR_NE,HYPERNETS,JPSS1,445,RHOW,82,75,4,4,0.7641,1.1048,0.2598,1.356,7.0758,-0.035095,-0.003423,0.002647,NA,FALSE,FALSE,0.001764,0.00151,27.4345,-0.405505,-0.303801,-0.161256,0.172641,0.303801,0.405505,-68.5254,-44.6242,-20.1079,21.4676,44.6242,68.5254
THFR_NE,HYPERNETS,JPSS1,489,RHOW,82,75,15,15,-0.0797,-0.5245,-2.7508,-1.5596,-0.8843,0.010355,0.01592,0.025737,NA,TRUE,TRUE,0.00589,0.005257,62.6181,-0.846638,-0.653285,-0.463602,0.463602,0.653285,0.846638,-552.1088,-188.421,-92.6868,92.6868,188.421,552.1088
THFR_NE,HYPERNETS,JPSS1,556,RHOW,82,75,23,23,0.6623,1.4011,0.9,1.3201,1.9364,-0.012946,-0.006903,-0.002783,NA,FALSE,TRUE,0.004443,0.003987,41.3861,-0.575667,-0.470904,-0.275542,0.275542,0.470904,0.575667,-135.7105,-89.0015,-38.043,38.043,89.0015,135.7105
THFR_NE,HYPERNETS,JPSS1,667,RHOW,82,75,5,5,-0.4083,0.8856,-8.818,-2.2766,-0.5878,0.003494,0.008477,0.027779,NA,TRUE,TRUE,0.001753,0.001614,55.4856,-0.754087,-0.392379,-0.291174,0.392379,0.446741,0.754087,-306.6473,-64.5764,-41.0784,44.6741,64.5764,306.6473
THFR_NE,HYPERNETS,JPSS2,411,RHOW,177,164,7,7,-0.2026,0.1608,-5.3703,-2.0166,-0.7572,0.006906,0.011924,0.025289,NA,TRUE,TRUE,0.003041,0.002726,66.4387,-0.428216,-0.32694,0.737413,0.428216,0.690657,0.860618,-74.9719,-48.5751,73.6784,69.3994,78.417,92.5472
THFR_NE,HYPERNETS,JPSS2,445,RHOW,177,164,19,19,-1.0976,-2.2217,-7.8956,-4.8857,-3.0233,0.022954,0.033283,0.049974,NA,TRUE,TRUE,0.005689,0.004168,76.3812,-0.486538,-0.123371,0.749302,0.24437999999999999,0.674874,0.97729,-97.6181,-14.0733,74.9156,30.8989,77.1923,179.7162
THFR_NE,HYPERNETS,JPSS2,489,RHOW,177,164,33,33,-0.1285,0.3609,-6.3133,-4.4115,-3.0827,0.031449,0.041978,0.057046,NA,TRUE,TRUE,0.007079,0.005586,72.0899,-0.792775,-0.398393,0.189457,0.379424,0.607407,0.840905,-382.5674,-66.2214,18.9457,56.8759,121.9571,382.5674
THFR_NE,HYPERNETS,JPSS2,556,RHOW,177,164,44,44,1.2792,1.0174,4.3688,5.8942,7.9522,-0.070812,-0.049471,-0.033653,NA,TRUE,TRUE,0.010988,0.007773,74.5911,-0.47741,-0.303992,0.258159,0.304148,0.470579,0.70125,-91.3825,-43.6766,25.6268,43.1627,86.5542,155.745
THFR_NE,HYPERNETS,JPSS2,667,RHOW,177,164,23,23,-0.2427,-0.3641,-13.5362,-8.7234,-5.6218,0.028666,0.038192,0.052975,NA,TRUE,TRUE,0.016963,0.010674,373.5092,-0.668275,0.147712,6.503391,0.593615,0.901382,6.503391,-201.8679,14.7712,650.1139,101.0413,221.3964,920.9588
THFR_poly,HYPERNETS,SNPP,410,RHOW,195,191,12,12,-0.2235,-0.5883,-2.4598,-1.2871,-0.6735,0.004803,0.007154,0.011649,NA,TRUE,TRUE,0.002751,0.002434,71.6417,-0.825942,-0.453596,-0.118821,0.391397,0.63021,0.879214,-477.3265,-83.7007,-16.0978,64.4563,116.7194,477.3265
THFR_poly,HYPERNETS,SNPP,443,RHOW,195,191,27,27,-0.0525,-0.5082,-2.4544,-1.6438,-1.1009,0.007603,0.010317,0.014368,NA,TRUE,TRUE,0.003564,0.003254,65.7271,-0.881833,-0.612687,-0.501743,0.515778,0.635001,0.881833,-748.7039,-158.1891,-100.7035,100.7035,158.1891,748.7039
THFR_poly,HYPERNETS,SNPP,486,RHOW,195,191,40,40,-0.0145,0.1376,-1.6487,-1.1939,-0.8646,0.00986,0.012345,0.015776,NA,TRUE,TRUE,0.004743,0.004296,55.8298,-0.717446,-0.608385,-0.4338,0.4338,0.608385,0.717446,-253.9208,-155.3606,-76.6319,76.6319,155.3606,253.9208
THFR_poly,HYPERNETS,SNPP,551,RHOW,195,191,51,51,0.2392,0.3573,0.8412,1.1095,1.4633,-0.007235,-0.003703,-0.001025,NA,FALSE,TRUE,0.003824,0.003006,29.1448,-0.40069,-0.254768,-0.097715,0.130345,0.270982,0.40069,-66.8595,-34.1864,-10.8314,14.9892,34.1864,66.8595
THFR_poly,HYPERNETS,SNPP,671,RHOW,195,191,37,37,0.371,0.3932,0.889,1.2261,1.691,-0.002442,-0.001334,-5.3e-4,NA,FALSE,TRUE,0.00122,9.77e-4,39.6538,-0.520586,-0.332237,-0.183144,0.222539,0.347034,0.540384,-108.5878,-49.7536,-22.4207,28.6238,50.5266,108.5878
THFR_poly,HYPERNETS,JPSS1,411,RHOW,158,151,11,11,-0.1973,-1.0352,-4.8748,-2.4344,-1.2156,0.007603,0.013028,0.023891,NA,TRUE,TRUE,0.003237,0.00287699999999999,64.2859,-0.834999,-0.756659,-0.257991,0.476849,0.756659,0.834999,-513.4408,-310.9467,-35.3655,60.6511,310.9467,513.4408
THFR_poly,HYPERNETS,JPSS1,445,RHOW,158,151,16,16,0.217,0.0211,1.1571,1.9911,3.4262,-0.01462,-0.006474,-0.001741,NA,TRUE,TRUE,0.002668,0.001896,31.2716,-0.323721,-0.158706,2.64e-4,0.11735,0.262946,0.414782,-48.0793,-18.9382,0.0181,13.3248,29.9473,63.5839
THFR_poly,HYPERNETS,JPSS1,489,RHOW,158,151,39,39,0.0805,0.0122,1.3593,1.885,2.614,-0.017652,-0.011621,-0.007272,NA,TRUE,TRUE,0.005676,0.004853,57.7893,-0.851149,-0.644139,-0.225625,0.291561,0.644139,0.851149,-571.9054,-181.0083,-29.2159,38.1317,181.0083,571.9054
THFR_poly,HYPERNETS,JPSS1,556,RHOW,158,151,47,47,0.6964,0.9142,1.1378,1.4783,1.9208,-0.01229,-0.007736,-0.00423,NA,TRUE,TRUE,0.004387,0.003657,35.5956,-0.507596,-0.284535,-0.08116,0.224013,0.348339,0.512626,-103.0924,-39.7693,-8.8426,26.2609,46.3646,103.0924
THFR_poly,HYPERNETS,JPSS1,667,RHOW,158,151,19,18,0.6609,1.0891,1.1309,1.8196,2.9279,-0.006151,-0.00297,-9.93e-4,NA,TRUE,TRUE,0.001652,0.001455,50.526,-0.606687,-0.341777,0.189186,0.316476,0.529788,0.65165,-155.5708,-52.3751,17.4962,41.9689,65.0636,155.5708
THFR_poly,HYPERNETS,JPSS2,411,RHOW,244,240,8,8,-0.3937,-0.2064,-4.7594,-2.0005,-0.8408,0.006067,0.010909,0.022427,NA,TRUE,TRUE,0.003273,0.002998,67.94,-0.754097,-0.54888,-0.072541,0.600526,0.699773,0.810557,-337.8556,-127.7203,-18.0173,76.0317,127.7203,337.8556
THFR_poly,HYPERNETS,JPSS2,445,RHOW,244,240,27,27,-0.0822,-0.8149,-4.7865,-3.2054,-2.1466,0.015351,0.020954,0.02932,NA,TRUE,TRUE,0.003457,0.002733,50.7213,-0.611156,-0.336776,0.037241,0.164416,0.511469,0.738038,-158.3801,-50.7787,3.6995,17.3245,72.6995,169.0971
THFR_poly,HYPERNETS,JPSS2,489,RHOW,244,240,49,49,0.1248,0.4643,2.1443,2.8632,3.823,-0.024361,-0.017133,-0.011719,NA,TRUE,TRUE,0.005081,0.004294,56.6766,-0.798094,-0.546085,-0.220543,0.324086,0.569108,0.819763,-395.2797,-120.3058,-28.2944,47.9479,121.9571,395.2797
THFR_poly,HYPERNETS,JPSS2,556,RHOW,244,240,62,62,0.6151,0.6774,2.4034,3.0874,3.966,-0.031798,-0.023031,-0.016206,NA,TRUE,TRUE,0.005901,0.004349,43.0074,-0.48763,-0.333123,-0.095345,0.210123,0.38394,0.53359,-95.2003,-49.9764,-10.5442,24.6146,58.4596,104.2108
THFR_poly,HYPERNETS,JPSS2,667,RHOW,244,240,36,36,-0.123,0.9556,-7.4141,-5.268,-3.7431,0.013749,0.017756,0.023395,NA,TRUE,TRUE,0.007922,0.003161,124.8201,-0.629167,-0.201894,0.349656,0.310078,0.567129,0.809997,-169.8221,-25.3078,34.9651,33.4667,101.0413,218.9232
THFR_raw,HYPERNETS,SNPP,410,RHOW,253,46,11,5,-0.9467,1.8584,-28.9429,-7.4192,-1.9018,0.01187,0.035987,0.130066,NA,TRUE,TRUE,0.003077,0.002982,70.1458,-0.629521,-0.621027,0.348342,0.621027,0.629521,0.925727,-169.9206,-163.871,34.8342,98.2676,163.871,169.9206
THFR_raw,HYPERNETS,SNPP,443,RHOW,253,46,11,10,3.0974,5.0903,2.6987,4.8953,8.88,-0.040782,-0.020987,-0.010074,NA,TRUE,TRUE,0.002475,0.002245,45.9279,-0.582128,-0.400129,-0.197261,0.267046,0.400129,0.582128,-139.6089,-66.7081,-24.6262,32.2221,66.7081,139.6089
THFR_raw,HYPERNETS,SNPP,486,RHOW,253,46,11,11,1.1658,1.3926,1.5795,3.0231,5.786,-0.036209,-0.016435,-0.006104,NA,TRUE,TRUE,0.002584,0.002237,31.1096,-0.486843,-0.303293,-0.138139,0.18579,0.303293,0.486843,-95.2085,-43.5323,-16.1648,20.5455,43.5323,95.2085
THFR_raw,HYPERNETS,SNPP,551,RHOW,253,46,11,11,0.9608,0.8587,0.8216,1.3781,2.3116,-0.013257,-0.004077,0.001396,NA,FALSE,FALSE,0.001662,0.001439,14.5503,-0.152476,-0.037217,0.138639,0.098891,0.142467,0.19746,-18.1962,-3.8656,13.8633,10.9752,14.2467,22.2762
THFR_raw,HYPERNETS,SNPP,671,RHOW,253,46,11,10,1.3393,1.3953,1.0381,1.5927,2.4438,-0.003612,-0.001463,-6.3e-5,NA,TRUE,TRUE,6.34e-4,5.42e-4,22.1741,-0.248881,-0.010477,0.158876,0.098107,0.246388,0.299471,-33.1369,-1.1539,15.7637,9.689,31.2372,37.2898
THFR_raw,HYPERNETS,JPSS1,411,RHOW,150,10,3,2,-2.3133,-3.8528,NA,NA,NA,NA,NA,NA,NA,NA,NA,0.002794,0.002449,53.8593,-0.492619,-0.223322,0.045974,0.426932,0.538593,0.650254,-173.9664,-78.7008,-16.5616,75.8241,135.0399,214.1991
THFR_raw,HYPERNETS,JPSS1,445,RHOW,150,10,3,2,-4.5046,-4.4023,NA,NA,NA,NA,NA,NA,NA,NA,NA,3.19e-4,2.89e-4,5.1136,-0.001334,0.024234,0.049802,0.039018,0.051136,0.063253,-0.2289,2.2957,4.8836,3.9374,5.1237,6.3235
THFR_raw,HYPERNETS,JPSS1,489,RHOW,150,10,3,3,2.3743,4.7134,0.1868,3.2366,56.0837,-0.422833,-0.018983,0.004323,NA,FALSE,FALSE,0.002987,0.002601,36.4174,-0.477892,-0.249562,-0.056412,0.19315,0.249562,0.477892,-112.9769,-33.2555,-8.2711,23.0758,33.2555,112.9769
THFR_raw,HYPERNETS,JPSS1,556,RHOW,150,10,3,3,3.5014,4.0098,0.5356,3.6268,24.5596,-0.251793,-0.02934,0.00351,NA,FALSE,FALSE,0.003227,0.003171,30.7171,-0.35128,-0.272465,-0.026756,0.245709,0.272465,0.35128,-55.3001,-37.4505,-6.189,29.4395,37.4505,55.3001
THFR_raw,HYPERNETS,JPSS1,667,RHOW,150,10,3,2,7.4979,12.2131,NA,NA,NA,NA,NA,NA,NA,NA,NA,0.002063,0.002049,70.1756,-0.505129,-0.154251,0.196627,0.624631,0.701756,0.778882,-283.5628,-111.8428,-17.0013,125.2366,227.8278,377.1474
THFR_raw,HYPERNETS,JPSS2,411,RHOW,255,21,5,0,NA,NA,NA,NA,NA,NA,NA,NA,NA,NA,NA,NA,NA,NA,NA,NA,NA,NA,NA,NA,NA,NA,NA,NA,NA,NA
THFR_raw,HYPERNETS,JPSS2,445,RHOW,255,21,5,4,2.2565,9.1926,1.3416,8.0601,48.4249,-0.248567,-0.039836,-0.005094,NA,TRUE,TRUE,0.003662,0.003328,64.6366,-0.910765,-0.718732,-0.454333,0.454333,0.718732,0.910765,-1068.1544,-361.0007,-89.1049,89.1049,361.0007,1068.1544
THFR_raw,HYPERNETS,JPSS2,489,RHOW,255,21,5,5,0.0782,0.7436,0.604,2.3723,9.3171,-0.06402,-0.012874,1.48e-4,NA,FALSE,FALSE,0.00327,0.002786,37.4554,-0.522494,-0.497278,-0.204799,0.204799,0.497278,0.522494,-109.4214,-98.917,-25.7544,25.7544,98.917,109.4214
THFR_raw,HYPERNETS,JPSS2,556,RHOW,255,21,5,5,0.7116,0.675,0.4753,1.7216,6.236,-0.054369,-0.008199,0.004547,NA,FALSE,FALSE,0.00171,0.001589,15.7485,-0.225466,-0.125616,0.067718,0.125616,0.132447,0.225466,-29.1099,-14.3662,6.7718,13.2447,14.3662,29.1099
THFR_raw,HYPERNETS,JPSS2,667,RHOW,255,21,5,4,-0.3351,-0.2722,-9.5058,-1.5568,-0.255,0.003668,0.007125,0.028233,NA,TRUE,TRUE,0.001171,9.78e-4,39.9093,-0.111516,0.20865,0.512854,0.301296,0.415057,0.512854,-14.8776,18.7471,50.7065,31.5878,54.1033,67.9033
MAFR,HYPERNETS,PACE,380,RHOW,32,28,15,13,1.7201,3.2255,1.6606,2.7213,4.4593,-0.062698,-0.032038,-0.013327,NA,TRUE,TRUE,0.011431,0.009975,58.4966,-0.65259,-0.348046,-0.130614,0.348046,0.65259,0.780642,-187.8443,-53.3851,-15.0237,53.3851,91.8727,187.8443
MAFR,HYPERNETS,PACE,400,RHOW,32,28,15,14,1.0138,1.0959,1.2212,2.061,3.4785,-0.063912,-0.029617,-0.009297,NA,TRUE,TRUE,0.012613,0.010564,43.1907,-0.456804,-0.303623,-0.104665,0.27657,0.448693,0.543197,-84.1562,-44.0359,-11.7838,37.9915,57.2817,84.1562
MAFR,HYPERNETS,PACE,412,RHOW,32,28,15,15,1.0599,1.7264,1.1658,1.877,3.0222,-0.062159,-0.030675,-0.011121,NA,TRUE,TRUE,0.013385,0.01188,43.93,-0.487669,-0.357899,-0.199658,0.316607,0.397735,0.487669,-95.5813,-55.7387,-25.0037,38.8795,55.7387,95.5813
MAFR,HYPERNETS,PACE,443,RHOW,32,28,15,15,0.8323,1.0992,0.7904,1.2034,1.832,-0.044347,-0.018072,-8.13e-4,NA,FALSE,TRUE,0.013588,0.011992,28.7019,-0.362679,-0.269677,-0.171063,0.189603,0.269677,0.362679,-56.9485,-36.9256,-20.7641,21.6346,36.9256,56.9485
MAFR,HYPERNETS,PACE,490,RHOW,32,28,15,15,0.6699,0.8647,0.5919,0.8481,1.2152,-0.026981,-0.004524,0.01115,NA,FALSE,FALSE,0.01636,0.013887,22.0832,-0.322159,-0.260346,-0.139413,0.139413,0.260346,0.322159,-47.5289,-35.1984,-16.2901,16.2901,35.1984,47.5289
MAFR,HYPERNETS,PACE,510,RHOW,32,28,15,15,0.6248,0.8065,0.5468,0.7722,1.0906,-0.021852,5.46e-4,0.016406,NA,FALSE,FALSE,0.018323,0.015612,21.3791,-0.297013,-0.250272,-0.130397,0.130397,0.250272,0.297013,-42.2502,-33.3817,-15.0482,15.0482,33.3817,42.2502
MAFR,HYPERNETS,PACE,560,RHOW,32,28,15,15,0.5664,0.7204,0.4867,0.6533,0.8769,-0.009031,0.011977,0.027628,NA,TRUE,FALSE,0.024302,0.021344,21.6223,-0.270096,-0.233781,-0.154386,0.154386,0.233781,0.270096,-37.0113,-30.511,-18.3173,18.3173,30.511,37.0113
MAFR,HYPERNETS,PACE,620,RHOW,32,28,15,15,0.5698,0.7922,0.4898,0.6584,0.8851,-0.010829,0.005854,0.018265,NA,TRUE,FALSE,0.025817,0.020324,25.3754,-0.322288,-0.257496,-0.164942,0.182753,0.257496,0.322288,-47.558,-34.6795,-19.7555,20.3624,34.6795,47.558
MAFR,HYPERNETS,PACE,673,RHOW,32,28,15,15,0.5354,0.7927,0.4624,0.634,0.8694,-0.00967,0.004494,0.014824,NA,TRUE,FALSE,0.025041,0.018511,27.6301,-0.357695,-0.245126,-0.188564,0.195322,0.261849,0.357695,-55.6915,-32.4725,-23.2417,24.2734,32.4725,55.6915
MAFR,HYPERNETS,PACE,700,RHOW,32,28,15,15,0.4706,0.752,0.4108,0.5774,0.8117,-0.007256,0.00448,0.012829,NA,TRUE,FALSE,0.024516,0.017484,30.0927,-0.410156,-0.232691,-0.188148,0.204763,0.273678,0.410156,-69.5369,-30.3255,-23.1986,25.7487,30.3255,69.5369
MAFR_pixel,HYPERNETS,PACE,380,RHOW,23,23,7,7,1.7436,1.8829,1.1482,2.2758,4.5107,-0.052971,-0.016431,0.002004,NA,TRUE,FALSE,0.01009,0.00713,43.9216,-0.141983,0.237576,0.390452,0.255156,0.360936,0.542749,-17.9251,23.7576,39.0138,29.7791,37.5015,72.9514
MAFR_pixel,HYPERNETS,PACE,400,RHOW,23,23,11,11,1.1982,1.4527,0.979,1.5597,2.4849,-0.031819,-0.012244,4.2e-5,NA,FALSE,FALSE,0.008274,0.006425,32.2358,-0.338564,-0.225627,0.187376,0.204633,0.226662,0.436762,-51.5408,-29.1367,18.733,20.4614,29.3095,68.2667
MAFR_pixel,HYPERNETS,PACE,412,RHOW,23,23,11,11,1.104,1.388,0.8949,1.4043,2.2037,-0.030884000000000002,-0.011486,8.76e-4,NA,FALSE,FALSE,0.008372,0.006955,30.2719,-0.366674,-0.244573,0.085839,0.172287,0.269432,0.447554,-58.3451,-32.3755,8.5746,18.2191,36.1389,62.89
MAFR_pixel,HYPERNETS,PACE,443,RHOW,23,23,11,11,0.877,1.0735,0.7003,1.0202,1.4862,-0.022232,-0.005297,0.006328,NA,FALSE,FALSE,0.008899,0.007128,19.5153,-0.262873,-0.223376,-0.004414,0.096249,0.244949,0.262873,-35.6687,-28.7625,-0.5217,10.8374,28.7625,35.6687
MAFR_pixel,HYPERNETS,PACE,490,RHOW,23,23,12,12,0.8017,0.9817,0.6678,0.8607,1.1091,-0.013557,-0.001037,0.008678,NA,FALSE,FALSE,0.011017,0.00877,16.684,-0.243224,-0.156134,-0.113843,0.113843,0.156134,0.243224,-32.1409,-18.5473,-12.8604,12.8604,18.5473,32.1409
MAFR_pixel,HYPERNETS,PACE,510,RHOW,23,23,12,12,0.7635,0.917,0.6382,0.8156,1.0424,-0.011492,0.001636,0.011907,NA,FALSE,FALSE,0.012553,0.009358,14.5635,-0.22077,-0.127799,-0.078394,0.078394,0.127799,0.22077,-28.3444,-14.6534,-8.5063,8.5063,14.6534,28.3444
MAFR_pixel,HYPERNETS,PACE,560,RHOW,23,23,12,12,0.6946,0.816,0.5835,0.7371,0.9311,-0.006655,0.008381,0.020284,NA,TRUE,FALSE,0.017606,0.012901,13.8945,-0.198401,-0.125068,-0.017946,0.044403,0.125068,0.198401,-24.7536,-14.2967,-1.8881,4.5971,14.2967,24.7536
MAFR_pixel,HYPERNETS,PACE,620,RHOW,23,23,12,12,0.6415,0.8407,0.525,0.7258,1.0032,-0.011473,0.004801,0.016574,NA,FALSE,FALSE,0.02143,0.012946,18.0634,-0.218911,-0.121626,0.046382,0.089826,0.153555,0.218911,-28.0266,-13.8699,4.6382,9.8452,17.686,28.0266
MAFR_pixel,HYPERNETS,PACE,673,RHOW,23,23,12,12,0.6081,0.8937,0.4978,0.7188,1.0378,-0.012052,0.00303,0.013476,NA,FALSE,FALSE,0.02117,0.012456,21.6766,-0.252206,-0.149116,0.048916,0.118155,0.182236,0.252206,-33.8987,-17.694,4.807,12.1138,20.5241,33.8987
MAFR_pixel,HYPERNETS,PACE,700,RHOW,23,23,12,12,0.545,0.8733,0.4495,0.6699,0.9983,-0.010124,0.002895,0.011632,NA,TRUE,FALSE,0.020675,0.011788,23.7097,-0.310786,-0.175622,0.04139,0.143642,0.194884,0.310786,-45.2275,-21.4934,3.9637,14.871,22.5067,45.2275
MAFR_raw,HYPERNETS,PACE,380,RHOW,23,23,12,10,1.3271,1.8462,1.1369,2.0419,3.6673,-0.043533,-0.016444,-0.001361,NA,TRUE,TRUE,0.009383,0.007169,44.9189,-0.349084,-0.141983,0.330096,0.280365,0.362648,0.60414,-53.7529,-17.9251,32.8988,36.4442,42.7585,95.8278
MAFR_raw,HYPERNETS,PACE,400,RHOW,23,23,12,11,1.1982,1.4527,0.979,1.5597,2.4849,-0.031819,-0.012244,4.2e-5,NA,FALSE,FALSE,0.008274,0.006425,32.2358,-0.338564,-0.225627,0.187376,0.204633,0.226662,0.436762,-51.5408,-29.1367,18.733,20.4614,29.3095,68.2667
MAFR_raw,HYPERNETS,PACE,412,RHOW,23,23,12,11,1.104,1.388,0.8949,1.4043,2.2037,-0.030884000000000002,-0.011486,8.76e-4,NA,FALSE,FALSE,0.008372,0.006955,30.2719,-0.366674,-0.244573,0.085839,0.172287,0.269432,0.447554,-58.3451,-32.3755,8.5746,18.2191,36.1389,62.89
MAFR_raw,HYPERNETS,PACE,443,RHOW,23,23,12,12,0.94,1.3135,0.7694,1.0624,1.467,-0.021129,-0.007179,0.002924,NA,FALSE,FALSE,0.009007,0.007378,23.9029,-0.282516,-0.234163,-0.02406,0.122521,0.247799,0.282516,-39.4384,-30.589,-2.5261,14.1104,30.589,39.4384
MAFR_raw,HYPERNETS,PACE,490,RHOW,23,23,12,12,0.8017,0.9817,0.6678,0.8607,1.1091,-0.013557,-0.001037,0.008678,NA,FALSE,FALSE,0.011017,0.00877,16.684,-0.243224,-0.156134,-0.113843,0.113843,0.156134,0.243224,-32.1409,-18.5473,-12.8604,12.8604,18.5473,32.1409
MAFR_raw,HYPERNETS,PACE,510,RHOW,23,23,12,12,0.7635,0.917,0.6382,0.8156,1.0424,-0.011492,0.001636,0.011907,NA,FALSE,FALSE,0.012553,0.009358,14.5635,-0.22077,-0.127799,-0.078394,0.078394,0.127799,0.22077,-28.3444,-14.6534,-8.5063,8.5063,14.6534,28.3444
MAFR_raw,HYPERNETS,PACE,560,RHOW,23,23,12,12,0.6946,0.816,0.5835,0.7371,0.9311,-0.006655,0.008381,0.020284,NA,TRUE,FALSE,0.017606,0.012901,13.8945,-0.198401,-0.125068,-0.017946,0.044403,0.125068,0.198401,-24.7536,-14.2967,-1.8881,4.5971,14.2967,24.7536
MAFR_raw,HYPERNETS,PACE,620,RHOW,23,23,12,12,0.6415,0.8407,0.525,0.7258,1.0032,-0.011473,0.004801,0.016574,NA,FALSE,FALSE,0.02143,0.012946,18.0634,-0.218911,-0.121626,0.046382,0.089826,0.153555,0.218911,-28.0266,-13.8699,4.6382,9.8452,17.686,28.0266
MAFR_raw,HYPERNETS,PACE,673,RHOW,23,23,12,12,0.6081,0.8937,0.4978,0.7188,1.0378,-0.012052,0.00303,0.013476,NA,FALSE,FALSE,0.02117,0.012456,21.6766,-0.252206,-0.149116,0.048916,0.118155,0.182236,0.252206,-33.8987,-17.694,4.807,12.1138,20.5241,33.8987
MAFR_raw,HYPERNETS,PACE,700,RHOW,23,23,12,12,0.545,0.8733,0.4495,0.6699,0.9983,-0.010124,0.002895,0.011632,NA,TRUE,FALSE,0.020675,0.011788,23.7097,-0.310786,-0.175622,0.04139,0.143642,0.194884,0.310786,-45.2275,-21.4934,3.9637,14.871,22.5067,45.2275
THFR_pixel,HYPERNETS,PACE,490,RHOW,23,12,2,2,0.7279,1.8834,NA,NA,NA,NA,NA,NA,NA,NA,NA,0.005252,0.005236,61.3925,-0.643915,-0.613925,-0.583935,0.583935,0.613925,0.643915,-183.5596,-162.2005,-142.4503,142.4503,162.2005,183.5596
THFR_pixel,HYPERNETS,PACE,510,RHOW,23,12,2,2,0.7771,1.6625,NA,NA,NA,NA,NA,NA,NA,NA,NA,0.005002,0.004988,53.3657,-0.560977,-0.533657,-0.506338,0.506338,0.533657,0.560977,-129.0109,-115.9218,-103.5809,103.5809,115.9218,129.0109
THFR_pixel,HYPERNETS,PACE,560,RHOW,23,12,3,3,0.4893,0.7879,0.0559,0.5257,4.9392,-0.042718,8.13e-4,0.005446,NA,FALSE,FALSE,0.004054,0.003866,38.5631,-0.427333,-0.413887,-0.358057,0.358057,0.413887,0.427333,-74.6696,-70.6154,-56.3696,56.3696,70.6154,74.6696
THFR_NE,HYPERNETS,PACE,380,RHOW,59,59,5,5,4.5079,0.9325,2.5958,9.0061,31.247,-0.098826,-0.017888,0.00544,NA,TRUE,FALSE,0.017286,0.011356,295.9085,0.575058,2.377698,4.519369,0.575058,2.377698,4.519369,57.5058,237.7698,451.9369,57.5058,237.7698,451.9369
THFR_NE,HYPERNETS,PACE,400,RHOW,59,59,8,8,3.1244,1.2816,3.4678,7.8863,17.9345,-0.05929,-0.020891,-0.004006,NA,TRUE,TRUE,0.01175,0.007462,184.9836,-0.67962,0.299643,2.806573,0.642902,0.816961,2.806573,-218.2205,25.6217,278.4321,146.4503,301.926,401.9153
THFR_NE,HYPERNETS,PACE,412,RHOW,59,59,7,7,2.8227,0.2344,4.1103,10.6949,27.8281,-0.115716,-0.038772,-0.0092,NA,TRUE,TRUE,0.010707,0.007185,154.8406,-0.465418,0.359236,1.969496,0.56,0.875068,1.969496,-124.4228,35.9236,185.5018,71.0655,278.606,389.6016
THFR_NE,HYPERNETS,PACE,443,RHOW,59,59,9,9,1.455,1.0446,3.7777,8.3572,18.4879,-0.094713,-0.038737,-0.013434,NA,TRUE,TRUE,0.00761,0.00507,90.0656,-0.493948,-0.232445,0.504339,0.416308,0.504339,0.799435,-97.6083,-30.2838,50.4339,50.4339,97.6083,173.9575
THFR_NE,HYPERNETS,PACE,490,RHOW,59,59,12,12,-0.2632,-0.1743,-7.2451,-3.7633,-1.9548,0.022954,0.038098,0.067253,NA,TRUE,TRUE,0.005042,0.004278,50.524,-0.535097,-0.292157,-0.090442,0.278578,0.41037,0.727229,-120.3496,-41.2795,-11.239,38.6372,53.6486,137.7585
THFR_NE,HYPERNETS,PACE,510,RHOW,59,59,14,14,1.1547,3.5732,1.7539,3.0506,5.3058,-0.041149,-0.020872,-0.009213,NA,TRUE,TRUE,0.004449,0.004012,45.6975,-0.536178,-0.329926,-0.162011,0.26544,0.377723,0.604953,-115.6287,-49.2493,-19.4983,33.3966,59.0289,115.6287
THFR_NE,HYPERNETS,PACE,560,RHOW,59,59,15,15,1.092,1.5844,1.0766,1.6701,2.5909,-0.018024,-0.008482,-0.002331,NA,TRUE,TRUE,0.00283,0.00246,24.8683,-0.305676,-0.21662,0.017069,0.155063,0.241257,0.309641,-44.0866,-27.6519,1.7058,18.4535,29.3291,44.0866
THFR_NE,HYPERNETS,PACE,620,RHOW,59,59,10,10,0.5278,1.1092,1.0369,2.1409,4.4201,-0.013217,-0.005108,-0.00118,NA,TRUE,TRUE,0.002119,0.001735,50.2973,-0.73996,-0.429873,-9.06e-4,0.257444,0.628724,0.760982,-292.355,-85.3133,-0.1565,30.0502,111.5216,292.355
THFR_NE,HYPERNETS,PACE,673,RHOW,59,59,4,4,-0.8473,-1.2547,-10.5508,-1.8806,-0.3352,0.003326,0.007713,0.03233,NA,TRUE,TRUE,0.001609,0.00123,40.5319,-0.290813,-0.115946,0.082467,0.12459,0.379536,0.660265,-59.6389,-13.1368,4.4569,14.2487,36.9581,106.4774
THFR_NE,HYPERNETS,PACE,700,RHOW,59,59,5,5,-1.8517,-7.6347,-15.5504,-4.3216,-1.201,0.004125,0.01004,0.031321,NA,TRUE,TRUE,0.001775,0.001598,85.0943,-0.925093,0.279183,0.604157,0.604157,0.925093,0.997393,-1234.9876,27.9183,60.4157,60.4157,144.8889,1234.9876
THFR_poly,HYPERNETS,PACE,380,RHOW,19,19,2,2,64.2705,18.7381,NA,NA,NA,NA,NA,NA,NA,NA,NA,0.023855,0.017004,366.1651,1.764643,3.595469,5.426294,1.863916,3.661651,5.459385,61.0289,177.6805,378.8362,78.4475,197.3604,395.5139
THFR_poly,HYPERNETS,PACE,400,RHOW,19,19,3,3,27.8655,3.3549,2.5884,57.7213,1287.1764,-6.113867,-0.261925,4.95e-4,NA,TRUE,FALSE,0.01664,0.010953,221.0753,-0.443881,-0.033511,2.855494,0.443881,0.854252,3.299375,-166.4403,-3.4672,155.3133,164.1656,574.4498,580.2574
THFR_poly,HYPERNETS,PACE,412,RHOW,19,19,3,3,17.6453,0.6128,1.922,45.0172,1054.3725,-5.261216,-0.213695,0.001812,NA,TRUE,FALSE,0.014459,0.009985,192.6616,-0.52257,-0.170072,2.282318,0.52257,0.875068,2.804888,-210.558,-20.4924,118.1604,162.8666,473.4708,577.5144
THFR_poly,HYPERNETS,PACE,443,RHOW,19,19,4,4,-0.1538,-2.6951,-123.2302,-19.7332,-3.1599,0.027816,0.128569,0.757757,NA,TRUE,TRUE,0.01035,0.007339,118.379,-0.57032,-0.363197,0.627999,0.428573,0.646691,1.401909,-149.0519,-60.453,17.4588,78.0642,188.4093,339.1329
THFR_poly,HYPERNETS,PACE,490,RHOW,19,19,4,4,-0.1777,0.2576,-27.0324,-4.3321,-0.6942,0.014867,0.04697,0.247292,NA,TRUE,TRUE,0.005792,0.004968,56.0467,-0.374728,-0.312573,0.069222,0.32583,0.41037,0.645008,-60.7816,-45.5784,-6.5126,48.4144,70.8511,97.8737
THFR_poly,HYPERNETS,PACE,510,RHOW,19,19,5,5,1.4937,3.4395,1.0536,3.8577,14.1239,-0.126152,-0.029029,-0.002502,NA,TRUE,TRUE,0.005113,0.004704,50.5545,-0.40230900000000003,-0.321415,-0.246782,0.321415,0.40230900000000003,0.691579,-67.3105,-47.3655,-32.7636,47.3655,67.3105,69.1579
THFR_poly,HYPERNETS,PACE,560,RHOW,19,19,5,5,1.7785,2.1574,0.8956,2.0688,4.7789,-0.044545,-0.014161,-0.001008,NA,FALSE,TRUE,0.003187,0.002762,25.9502,-0.28536,-0.21662,-0.12009,0.12009,0.21662,0.28536,-39.9306,-27.6519,-13.648,13.648,27.6519,39.9306
THFR_poly,HYPERNETS,PACE,620,RHOW,19,19,3,3,4.005,6.2389,0.4029,4.4352,48.8249,-0.205932,-0.015627,0.001659,NA,FALSE,FALSE,0.00147,9.63e-4,24.2035,-0.353191,-0.062785,-0.021532,0.041253,0.062785,0.353191,-73.0256,-6.6991,-2.2915,4.3088,6.6991,73.0256
THFR_poly,HYPERNETS,PACE,673,RHOW,19,19,2,2,-3.9531,-8.0844,NA,NA,NA,NA,NA,NA,NA,NA,NA,0.001992,0.001556,43.1103,-0.597326,-0.431103,-0.264879,0.264879,0.431103,0.597326,-202.6715,-116.6128,-55.0233,55.0233,116.6128,202.6715
THFR_poly,HYPERNETS,PACE,700,RHOW,19,19,3,3,0.2594,-8.961,0.2171,5.5207,140.3569,-0.29966,-0.010851,5.09e-4,NA,FALSE,FALSE,0.001737,0.001572,73.389,-0.961243,-0.925093,-0.322955,0.602138,0.925093,0.961243,-7056.6477,-1234.9876,-223.0519,313.2425,1234.9876,7056.6477
