site_name,sensor_X,sensor_Y,wavelength,var_name,n_clean,n_no_out,n_w_nm,n_w_nm_clean,Slope,Slope_log,Slope_II_low,Slope_II,Slope_II_high,Slope_II_int_low,Slope_II_int,Slope_II_int_high,Slope_II_p,Slope_II_slope_bias_sig,Slope_II_int_bias_sig,RMSE,MSA,MAPE,MRD_25,MRD_50,MRD_75,MARD_25,MARD_50,MARD_75,Bias_25,Bias_50,Bias_75,Error_25,Error_50,Error_75
MAFR,HYPERNETS,PACE,350,RHOW,32,28,15,9,2.2145,2.5848,2.0773,4.1816,8.4177,-0.102401,-0.04145,-0.011171,NA,TRUE,TRUE,0.014559,0.011129,73.6149,-0.332615,-0.037802,1.14283,0.182406,0.92461,1.14283,-49.8385,-3.9287,114.283,22.31,114.283,154.7175
MAFR,HYPERNETS,PACE,351,RHOW,32,28,15,10,2.2531,2.9705,2.287,4.3919,8.4342,-0.103756,-0.045963,-0.015868,NA,TRUE,TRUE,0.014351,0.011307,76.2179,-0.762617,-0.131787,0.896538,0.217651,0.936681,1.112805,-634.7278,-15.4863,82.9399,27.9867,127.5212,753.095
MAFR,HYPERNETS,PACE,352,RHOW,32,28,15,9,1.9838,1.5092,2.3444,4.9496,10.45,-0.138171,-0.055763,-0.016731,NA,TRUE,TRUE,0.014776,0.011604,73.5164,-0.293525,-0.091825,1.11856,0.207023,0.943887,1.11856,-41.5479,-10.111,111.856,26.107,111.856,153.3254
MAFR,HYPERNETS,PACE,353,RHOW,32,28,15,9,1.9616,1.2508,2.3466,4.9625,10.4946,-0.139355,-0.056337,-0.017081,NA,TRUE,TRUE,0.01466,0.011547,72.9631,-0.305107,-0.115123,1.073794,0.215309,0.963162,1.073794,-43.907,-13.01,107.3794,27.4387,107.3794,151.7427
MAFR,HYPERNETS,PACE,354,RHOW,32,28,15,9,1.9111,1.4219,2.2968,4.8602,10.2844,-0.136999,-0.055099,-0.016395,NA,TRUE,TRUE,0.01461,0.01153,72.7777,-0.326372,-0.128515,1.074754,0.202179,0.941877,1.074754,-48.4498,-14.7466,107.4754,25.3414,107.4754,151.3918
MAFR,HYPERNETS,PACE,355,RHOW,32,28,15,9,1.9567,1.5754,2.313,4.8835,10.3109,-0.138231,-0.055766,-0.016708,NA,TRUE,TRUE,0.014546,0.011418,71.907,-0.346644,-0.114394,1.068912,0.195521,0.917909,1.068912,-53.0559,-12.9171,106.8912,24.3041,106.8912,150.4813
MAFR,HYPERNETS,PACE,356,RHOW,32,28,15,9,1.895,1.627,2.2198,4.6809,9.8704,-0.133526,-0.05355,-0.015622,NA,TRUE,TRUE,0.014438,0.011391,70.9096,-0.363706,-0.133109,1.067521,0.18894,0.894705,1.067521,-57.16,-15.3548,106.7521,23.2954,106.7521,148.2229
MAFR,HYPERNETS,PACE,357,RHOW,32,28,15,9,1.7794,1.414,2.1553,4.5653,9.6703,-0.131443,-0.051866,-0.014299,NA,TRUE,TRUE,0.014377,0.011155,68.4106,-0.31838,-0.11054,1.097474,0.148263,0.760844,1.097474,-46.7093,-12.4278,109.7474,17.4071,109.7474,148.8622
MAFR,HYPERNETS,PACE,358,RHOW,32,28,15,11,2.3549,3.5164,2.4566,4.4982,8.2364,-0.106868,-0.050904,-0.020341,NA,TRUE,TRUE,0.013835,0.010965,71.5763,-0.725836,-0.097734,0.594529,0.185523,0.832333,1.041679,-295.8291,-10.8321,50.9509,23.4976,133.9303,295.8291
MAFR,HYPERNETS,PACE,359,RHOW,32,28,15,12,2.4011,4.0246,2.4204,4.1934,7.265,-0.090739,-0.045916,-0.020045,NA,TRUE,TRUE,0.013521,0.010739,72.757,-0.863321,-0.173935,0.329158,0.21703,0.89244,1.005779,-716.6824,-21.7202,26.6134,28.2633,134.9391,716.6824
MAFR,HYPERNETS,PACE,360,RHOW,32,28,15,12,2.409,3.5564,2.4152,4.1769,7.2237,-0.090316,-0.045693,-0.019891,NA,TRUE,TRUE,0.013498,0.01062,71.4171,-0.858624,-0.164455,0.328635,0.204365,0.881182,1.00341,-644.9536,-20.2322,26.4422,26.1331,121.7263,644.9536
MAFR,HYPERNETS,PACE,361,RHOW,32,28,15,12,2.3936,3.2499,2.3925,4.1336,7.1416,-0.08937,-0.045118,-0.019506,NA,TRUE,TRUE,0.013478,0.010504,70.0442,-0.854607,-0.158142,0.328166,0.193321,0.87048,1.004772,-602.7281,-19.2019,26.274,24.3007,120.385,602.7281
MAFR,HYPERNETS,PACE,362,RHOW,32,28,15,12,2.3921,2.9619,2.38,4.1054,7.0818,-0.088881,-0.044892,-0.01939,NA,TRUE,TRUE,0.013394,0.010443,69.147,-0.832924,-0.155732,0.322771,0.193088,0.839126,0.984564,-499.8374,-18.9123,25.7648,24.3063,119.8268,499.8374
MAFR,HYPERNETS,PACE,363,RHOW,32,28,15,12,2.3443,2.7159,2.3458,4.0543,7.0071,-0.088204,-0.044343,-0.018966,NA,TRUE,TRUE,0.013337,0.010403,68.3727,-0.800865,-0.152254,0.318277,0.188111,0.805563,0.965448,-402.6043,-18.3842,25.3095,23.5113,124.016,402.6043
MAFR,HYPERNETS,PACE,364,RHOW,32,28,15,12,2.3625,2.7122,2.365,4.0881,7.0666,-0.089525,-0.045043,-0.01931,NA,TRUE,TRUE,0.013369,0.010428,68.2254,-0.79965,-0.148553,0.324425,0.188304,0.801293,0.959504,-399.1766,-17.9625,25.8909,23.6172,123.3009,399.1766
MAFR,HYPERNETS,PACE,365,RHOW,32,28,15,12,2.3534,2.6988,2.3478,4.0536,6.9989,-0.08922,-0.044883,-0.019204,NA,TRUE,TRUE,0.013362,0.010429,67.7278,-0.789137,-0.153894,0.322253,0.193755,0.795501,0.947654,-374.9185,-18.7166,25.8558,24.4609,124.4116,374.9185
MAFR,HYPERNETS,PACE,366,RHOW,32,28,15,12,2.3252,2.6685,2.3099,3.9824,6.866,-0.087997,-0.044207,-0.018808,NA,TRUE,TRUE,0.01334,0.010426,67.1879,-0.772325,-0.164131,0.323339,0.201643,0.776824,0.942645,-339.4872,-20.1208,25.8558,25.6495,121.6863,339.4872
MAFR,HYPERNETS,PACE,367,RHOW,32,28,15,12,2.3318,2.8768,2.2904,3.933,6.7536,-0.087243,-0.044144,-0.019045,NA,TRUE,TRUE,0.012929,0.010259,66.2664,-0.763812,-0.180092,0.293161,0.226654,0.77931,0.94202,-326.4253,-22.7593,23.0535,29.9645,123.3303,326.4253
MAFR,HYPERNETS,PACE,368,RHOW,32,28,15,12,2.3267,3.0532,2.2455,3.8301,6.5329,-0.084798,-0.043248,-0.018888,NA,TRUE,TRUE,0.0125,0.010051,64.9837,-0.754684,-0.188592,0.263772,0.240472,0.780495,0.940965,-315.7855,-24.2627,20.3424,32.5139,119.8325,315.7855
MAFR,HYPERNETS,PACE,369,RHOW,32,28,15,12,2.1708,2.9979,2.1376,3.6739,6.3145,-0.082867,-0.04169,-0.017733,NA,TRUE,TRUE,0.012462,0.010126,64.8292,-0.757672,-0.205993,0.240858,0.253573,0.785345,0.93075,-322.5865,-26.8578,18.1638,34.731,117.8464,322.5865
MAFR,HYPERNETS,PACE,370,RHOW,32,28,15,12,2.1128,2.9946,2.1097,3.6437,6.2931,-0.084102,-0.042142,-0.017846,NA,TRUE,TRUE,0.012456,0.010245,64.7347,-0.757142,-0.216033,0.221151,0.263629,0.787755,0.922146,-324.1879,-28.5072,16.347,36.592,115.4943,324.1879
MAFR,HYPERNETS,PACE,371,RHOW,32,28,15,12,2.0825,3.0007,2.0727,3.5759,6.1692,-0.083743,-0.042011,-0.017821,NA,TRUE,TRUE,0.012382,0.010316,64.2891,-0.756626,-0.226697,0.199675,0.273933,0.790106,0.918485,-326.117,-30.2914,14.0264,38.5406,109.9952,326.117
MAFR,HYPERNETS,PACE,372,RHOW,32,28,15,12,2.0898,2.7591,2.1007,3.6362,6.294,-0.08631,-0.042902,-0.017825,NA,TRUE,TRUE,0.012886,0.010485,64.0464,-0.726704,-0.213198,0.23025,0.2618,0.750892,0.91268,-270.8929,-28.078,15.9609,36.2823,113.3771,270.8929
MAFR,HYPERNETS,PACE,373,RHOW,32,28,15,12,2.1524,2.58,2.1319,3.6717,6.3236,-0.087838,-0.043689,-0.018056,NA,TRUE,TRUE,0.01335,0.010579,62.9973,-0.698492,-0.18689,0.231416,0.237019,0.712487,0.891388,-232.8151,-23.9302,15.3239,31.8527,109.193,232.8151
MAFR,HYPERNETS,PACE,374,RHOW,32,28,15,12,2.0754,2.3993,2.0447,3.5149,6.0422,-0.084087,-0.041551,-0.016807,NA,TRUE,TRUE,0.012719,0.010046,59.2091,-0.661257,-0.164109,0.220458,0.205586,0.667342,0.836671,-195.3557,-20.2264,15.4271,26.3632,104.7521,195.3557
MAFR,HYPERNETS,PACE,375,RHOW,32,28,15,12,1.9766,2.1906,1.9522,3.3589,5.7792,-0.080492,-0.039337,-0.015417,NA,TRUE,TRUE,0.012137,0.009508,55.3114,-0.625719,-0.138833,0.221307,0.170386,0.625872,0.789491,-167.1789,-16.4345,16.7847,20.7878,100.42,167.1789
MAFR,HYPERNETS,PACE,376,RHOW,32,28,15,12,1.875,2.1204,1.881,3.2537,5.6283,-0.079576,-0.038598,-0.014909,NA,TRUE,TRUE,0.011933,0.009567,54.9335,-0.633282,-0.160373,0.194091,0.193367,0.634324,0.783793,-172.6927,-19.47,14.2268,24.2684,96.616,172.6927
MAFR,HYPERNETS,PACE,377,RHOW,32,28,15,12,1.8756,2.1383,1.8477,3.1761,5.4596,-0.077766,-0.037994,-0.014857,NA,TRUE,TRUE,0.011629,0.00952,54.4086,-0.6331,-0.17816,0.165778,0.214269,0.636015,0.770268,-172.5796,-22.1507,11.6163,27.6518,95.0333,172.5796
MAFR,HYPERNETS,PACE,378,RHOW,32,28,15,12,1.8752,2.1625,1.8102,3.0878,5.2672,-0.075657,-0.037278,-0.014779,NA,TRUE,TRUE,0.011322,0.00948,53.8595,-0.632895,-0.202922,0.12557,0.240858,0.63766,0.757018,-172.4716,-26.0305,7.5895,32.193,93.0805,172.4716
MAFR,HYPERNETS,PACE,379,RHOW,32,28,15,12,1.732,2.1066,1.6994,2.9169,5.0068,-0.072861,-0.035274,-0.013377,NA,TRUE,TRUE,0.011398,0.00973,54.3357,-0.637228,-0.245529,0.103481,0.27911,0.639876,0.748108,-175.6778,-33.0715,5.3169,39.1447,89.059,175.6778
MAFR,HYPERNETS,PACE,380,RHOW,32,28,15,13,1.7201,3.2255,1.6606,2.7213,4.4593,-0.062698,-0.032038,-0.013327,NA,TRUE,TRUE,0.011431,0.009975,58.4966,-0.65259,-0.348046,-0.130614,0.348046,0.65259,0.780642,-187.8443,-53.3851,-15.0237,53.3851,91.8727,187.8443
MAFR,HYPERNETS,PACE,381,RHOW,32,28,15,13,1.7446,2.8424,1.6539,2.6876,4.3675,-0.062067,-0.031904,-0.013342,NA,TRUE,TRUE,0.011239,0.009771,56.1892,-0.620928,-0.322803,-0.132068,0.322803,0.620928,0.760245,-163.8025,-47.6676,-15.2164,47.6676,84.8524,163.8025
MAFR,HYPERNETS,PACE,382,RHOW,32,28,15,13,1.7086,2.591,1.6159,2.6226,4.2567,-0.061021,-0.031168,-0.012775,NA,TRUE,TRUE,0.011117,0.009618,54.3132,-0.597742,-0.298361,-0.117925,0.298361,0.597742,0.73891,-148.5966,-42.5234,-13.369,42.5234,85.8111,148.5966
MAFR,HYPERNETS,PACE,383,RHOW,32,28,15,13,1.641,2.417,1.5586,2.535,4.1231,-0.059632,-0.030065,-0.011885,NA,TRUE,TRUE,0.011029,0.009515,52.6524,-0.587588,-0.282805,-0.101522,0.282805,0.587588,0.718154,-142.4757,-39.432,-11.2994,39.432,80.8985,142.4757
MAFR,HYPERNETS,PACE,384,RHOW,32,28,15,13,1.6066,2.2345,1.5237,2.4766,4.0253,-0.058587,-0.029205,-0.011128,NA,TRUE,TRUE,0.010906,0.009328,50.4414,-0.553947,-0.250795,-0.094305,0.250795,0.553947,0.709533,-124.1885,-33.4748,-10.4125,33.4748,78.9455,124.1885
MAFR,HYPERNETS,PACE,385,RHOW,32,28,15,13,1.6309,2.1112,1.5234,2.4567,3.9618,-0.057679,-0.028765,-0.010835,NA,TRUE,TRUE,0.010714,0.00899,47.7406,-0.51683,-0.212364,-0.07375,0.212364,0.51683,0.702097,-106.9665,-26.9623,-7.9622,26.9623,77.7351,106.9665
MAFR,HYPERNETS,PACE,386,RHOW,32,28,15,13,1.6418,2.1133,1.5308,2.4663,3.9735,-0.058827,-0.029478,-0.011261,NA,TRUE,TRUE,0.010679,0.009011,47.2428,-0.505939,-0.219003,-0.085759,0.219003,0.505939,0.694824,-102.4041,-28.0415,-9.3803,28.0415,74.3541,102.4041
MAFR,HYPERNETS,PACE,387,RHOW,32,28,15,13,1.6539,2.1181,1.5325,2.4604,3.9502,-0.059127,-0.029788,-0.011514,NA,TRUE,TRUE,0.010599,0.008992,46.6778,-0.502336,-0.224748,-0.078946,0.224748,0.502336,0.687591,-100.9387,-28.9903,-8.5713,28.9903,71.0824,100.9387
MAFR,HYPERNETS,PACE,388,RHOW,32,28,15,13,1.6282,2.0872,1.5126,2.432,3.9104,-0.059211,-0.029726,-0.011387,NA,TRUE,TRUE,0.010571,0.009008,46.1869,-0.503044,-0.226615,-0.076759,0.226615,0.503044,0.661073,-101.225,-29.3016,-8.3141,29.3016,69.3627,101.225
MAFR,HYPERNETS,PACE,389,RHOW,32,28,15,13,1.6162,2.0565,1.4896,2.3842,3.816,-0.05825,-0.029359,-0.011308,NA,TRUE,TRUE,0.010492,0.009028,45.8381,-0.512935,-0.229139,-0.086312,0.229139,0.512935,0.64865,-105.3112,-29.7251,-9.4466,29.7251,67.7877,105.3112
MAFR,HYPERNETS,PACE,390,RHOW,32,28,15,13,1.5348,1.9983,1.4216,2.2819,3.6629,-0.056507,-0.028147,-0.010479,NA,TRUE,TRUE,0.010497,0.009243,46.292,-0.522612,-0.23165,-0.116901,0.23165,0.522612,0.645568,-109.4734,-30.149,-13.2376,30.149,66.0042,109.4734
MAFR,HYPERNETS,PACE,391,RHOW,32,28,15,13,1.5094,1.9652,1.4017,2.2532,3.6221,-0.056779,-0.028193,-0.01041,NA,TRUE,TRUE,0.010502,0.009305,45.8265,-0.527537,-0.244043,-0.111629,0.244043,0.527537,0.619495,-111.6569,-32.2827,-12.5656,32.2827,67.8365,111.6569
MAFR,HYPERNETS,PACE,392,RHOW,32,28,15,13,1.4739,1.9185,1.3728,2.2105,3.5593,-0.056492,-0.027882,-0.010113,NA,TRUE,TRUE,0.010501,0.009379,45.4969,-0.525607,-0.25587,-0.12521,0.25587,0.525607,0.594231,-110.7955,-34.3851,-14.3132,34.3851,70.1277,110.7955
MAFR,HYPERNETS,PACE,393,RHOW,32,28,15,13,1.491,1.9303,1.3711,2.1915,3.5029,-0.056365,-0.028094,-0.010407,NA,TRUE,TRUE,0.010399,0.009373,44.8133,-0.521169,-0.274527,-0.122831,0.274527,0.521169,0.570599,-108.8421,-37.841,-14.0031,37.841,65.2328,108.8421
MAFR,HYPERNETS,PACE,394,RHOW,32,28,15,13,1.4578,1.7946,1.3453,2.1549,3.4516,-0.056041,-0.027437,-0.009579,NA,TRUE,TRUE,0.010312,0.009127,42.2274,-0.462538,-0.237885,-0.106246,0.237885,0.462538,0.578888,-86.0598,-31.2138,-11.8876,31.2138,62.726,86.0598
MAFR,HYPERNETS,PACE,395,RHOW,32,28,15,14,1.0332,0.839,1.2835,2.1777,3.6949,-0.064926,-0.030218,-0.009762,NA,TRUE,TRUE,0.012549,0.010208,43.6443,-0.456435,-0.26601,-0.089057,0.228064,0.439908,0.582691,-84.2164,-36.9758,-9.837,30.0502,58.8854,84.2164
MAFR,HYPERNETS,PACE,396,RHOW,32,28,15,14,1.0301,0.9125,1.2746,2.1613,3.6648,-0.064828,-0.030064,-0.009562,NA,TRUE,TRUE,0.01252,0.010161,42.9225,-0.44876,-0.26179,-0.079653,0.226747,0.430337,0.577522,-81.701,-36.0774,-8.7232,29.7501,57.6409,82.8873
MAFR,HYPERNETS,PACE,397,RHOW,32,28,15,14,0.9976,0.9428,1.2424,2.1088,3.5795,-0.064201,-0.029514,-0.009078,NA,TRUE,TRUE,0.012588,0.010278,42.5982,-0.438881,-0.273154,-0.095541,0.236936,0.420544,0.563629,-78.4896,-38.2689,-10.5964,31.5263,57.447,79.5149
MAFR,HYPERNETS,PACE,398,RHOW,32,28,15,14,1.0045,0.9771,1.2369,2.0956,3.5505,-0.064061,-0.029397,-0.008936,NA,TRUE,TRUE,0.012529,0.010179,41.693600000000004,-0.427532,-0.270153,-0.082742,0.239806,0.409853,0.559424,-74.9227,-37.4912,-9.0734,31.8788,56.6784,76.1155
MAFR,HYPERNETS,PACE,399,RHOW,32,28,15,14,1.0104,1.0356,1.2325,2.0847,3.5263,-0.064219,-0.029629,-0.00918,NA,TRUE,TRUE,0.012569,0.010361,42.4267,-0.442113,-0.289132,-0.091627,0.25939,0.429136,0.553328,-79.3891,-41.1681,-10.1709,35.3704,55.278,79.3891
MAFR,HYPERNETS,PACE,400,RHOW,32,28,15,14,1.0138,1.0959,1.2212,2.061,3.4785,-0.063912,-0.029617,-0.009297,NA,TRUE,TRUE,0.012613,0.010564,43.1907,-0.456804,-0.303623,-0.104665,0.27657,0.448693,0.543197,-84.1562,-44.0359,-11.7838,37.9915,57.2817,84.1562
MAFR,HYPERNETS,PACE,401,RHOW,32,28,15,14,0.9801,1.0897,1.2001,2.0314,3.4385,-0.063909,-0.029472,-0.009126,NA,TRUE,TRUE,0.012782,0.010823,43.7865,-0.462421,-0.305056,-0.137729,0.276343,0.452441,0.549145,-86.113,-44.3903,-16.0341,37.6064,58.5989,86.113
MAFR,HYPERNETS,PACE,402,RHOW,32,28,15,14,0.9935,1.1213,1.1988,2.0239,3.417,-0.06429,-0.029826,-0.009413,NA,TRUE,TRUE,0.012822,0.010957,43.936,-0.469167,-0.307642,-0.150594,0.280103,0.458617,0.552147,-88.4919,-44.8932,-17.7823,37.9692,56.9231,88.4919
MAFR,HYPERNETS,PACE,403,RHOW,32,28,15,14,0.9845,1.1383,1.2021,2.0337,3.4407,-0.065684,-0.030546,-0.009777,NA,TRUE,TRUE,0.012966,0.011184,44.5221,-0.478139,-0.312481,-0.161614,0.284165,0.469372,0.554456,-91.7012,-45.9465,-19.3108,38.5544,57.4953,91.7012
MAFR,HYPERNETS,PACE,404,RHOW,32,28,15,14,0.9522,1.1221,1.1685,1.9786,3.3504,-0.064737,-0.029827,-0.00921,NA,TRUE,TRUE,0.013026,0.011287,44.0302,-0.47195,-0.317535,-0.172213,0.285427,0.454191,0.544233,-89.5674,-47.1808,-20.8326,37.2728,58.1407,89.5674
MAFR,HYPERNETS,PACE,405,RHOW,32,28,15,14,0.9738,1.1439,1.167,1.9678,3.3181,-0.064414,-0.029731,-0.009162,NA,TRUE,TRUE,0.012875,0.011182,43.1877,-0.459641,-0.314764,-0.172872,0.283555,0.433821,0.535625,-85.3348,-46.5444,-20.9209,36.7093,57.105,85.3348
MAFR,HYPERNETS,PACE,406,RHOW,32,28,15,14,0.9625,1.151,1.1489,1.9359,3.2618,-0.063919,-0.029382,-0.008884,NA,TRUE,TRUE,0.012892,0.011257,42.9082,-0.458137,-0.314346,-0.176148,0.284125,0.432817,0.523422,-84.8225,-46.4161,-21.4158,36.92,56.3094,84.8225
MAFR,HYPERNETS,PACE,407,RHOW,32,28,15,14,0.9839,1.184,1.1461,1.922,3.2232,-0.064058,-0.029612,-0.009072,NA,TRUE,TRUE,0.012844,0.011278,42.4221,-0.455287,-0.323864,-0.184021,0.296893,0.422881,0.498832,-83.8775,-48.372,-22.5629,38.8167,55.6033,83.8775
MAFR,HYPERNETS,PACE,408,RHOW,32,28,15,14,0.9754,1.1831,1.1395,1.912,3.2082,-0.064199,-0.029574,-0.008939,NA,TRUE,TRUE,0.012846,0.011273,41.9984,-0.45581,-0.319714,-0.182083,0.294946,0.425526,0.497554,-84.0726,-47.3883,-22.2672,39.007,54.48,84.0726
MAFR,HYPERNETS,PACE,409,RHOW,32,28,15,14,0.9706,1.1795,1.123,1.8806,3.1494,-0.063185,-0.028983,-0.008559,NA,TRUE,TRUE,0.012746,0.011193,41.2915,-0.449853,-0.314782,-0.181798,0.291183,0.41731,0.483864,-82.0605,-46.2864,-22.2336,38.3587,52.7716,82.0605
MAFR,HYPERNETS,PACE,410,RHOW,32,28,15,15,1.0731,1.9897,1.1997,1.9396,3.1359,-0.063611,-0.031531000000000003,-0.01169,NA,TRUE,TRUE,0.013361,0.011814,44.8042,-0.4979,-0.358732,-0.195108,0.316256,0.420982,0.508159,-99.609,-55.9411,-24.2657,39.8814,55.9411,99.609
MAFR,HYPERNETS,PACE,411,RHOW,32,28,15,15,1.0736,1.8318,1.1856,1.911,3.0801,-0.062966,-0.031207,-0.011502,NA,TRUE,TRUE,0.013356,0.011831,44.3167,-0.494678,-0.363896,-0.195039,0.316332,0.394678,0.494957,-98.3687,-57.2071,-24.2571,38.1049,57.2071,98.3687
MAFR,HYPERNETS,PACE,412,RHOW,32,28,15,15,1.0599,1.7264,1.1658,1.877,3.0222,-0.062159,-0.030675,-0.011121,NA,TRUE,TRUE,0.013385,0.01188,43.93,-0.487669,-0.357899,-0.199658,0.316607,0.397735,0.487669,-95.5813,-55.7387,-25.0037,38.8795,55.7387,95.5813
MAFR,HYPERNETS,PACE,413,RHOW,32,28,15,15,1.0463,1.6914,1.1585,1.8686,3.0138,-0.062795,-0.030895,-0.011117,NA,TRUE,TRUE,0.013496,0.01203,43.9401,-0.49015,-0.366353,-0.20312,0.323726,0.39096,0.49015,-96.5066,-57.8165,-25.5591,39.0986,57.8165,96.5066
MAFR,HYPERNETS,PACE,414,RHOW,32,28,15,15,1.0465,1.6041,1.1396,1.8299,2.9384,-0.061604,-0.030261,-0.010743,NA,TRUE,TRUE,0.013376,0.011905,42.791,-0.48233,-0.349998,-0.201454,0.312314,0.379149,0.48233,-93.4898,-53.8457,-25.2821,37.8877,53.8457,93.4898
MAFR,HYPERNETS,PACE,415,RHOW,32,28,15,15,1.0311,1.5757,1.1186,1.7943,2.8783,-0.060939,-0.029779,-0.010354,NA,TRUE,TRUE,0.013361,0.011898,42.1079,-0.477594,-0.336369,-0.20206,0.306545,0.36405,0.477594,-91.728,-50.6863,-25.3566,36.2304,50.6863,91.728
MAFR,HYPERNETS,PACE,416,RHOW,32,28,15,15,1.0344,1.5467,1.1141,1.7836,2.8555,-0.06071,-0.029647,-0.010243,NA,TRUE,TRUE,0.013259,0.011818,41.4703,-0.473148,-0.331474,-0.199449,0.299503,0.357976,0.473148,-90.026,-49.5829,-24.9543,35.1226,49.5829,90.026
MAFR,HYPERNETS,PACE,417,RHOW,32,28,15,15,1.0201,1.5008,1.0949,1.7511,2.8004,-0.059703,-0.028977,-0.009764,NA,TRUE,TRUE,0.013211,0.011807,40.9626,-0.467524,-0.321936,-0.205918,0.29149,0.355312,0.467524,-87.9705,-47.4786,-25.9604,34.8669,47.4786,87.9705
MAFR,HYPERNETS,PACE,418,RHOW,32,28,15,15,0.998,1.4491,1.0735,1.7179,2.7492,-0.059352,-0.028632,-0.009436,NA,TRUE,TRUE,0.013314,0.011905,40.5545,-0.462648,-0.319656,-0.213777,0.290622,0.347246,0.462648,-86.2061,-46.9844,-27.2116,34.4829,46.9844,86.2061
MAFR,HYPERNETS,PACE,419,RHOW,32,28,15,15,1.0113,1.4592,1.0793,1.7233,2.7515,-0.060048,-0.029032,-0.009607,NA,TRUE,TRUE,0.013287,0.011932,40.1707,-0.458296,-0.310355,-0.21117,0.288776,0.350263,0.458296,-84.7015,-45.0021,-26.7885,34.5465,45.0021,84.7015
MAFR,HYPERNETS,PACE,420,RHOW,32,28,15,15,1.0004,1.4152,1.0644,1.6978,2.7081,-0.059237,-0.028421,-0.009102,NA,TRUE,TRUE,0.013268,0.011935,39.6318,-0.447908,-0.295035,-0.212555,0.276602,0.347723,0.447908,-81.174,-41.8511,-27.0095,34.5737,41.8511,81.174
MAFR,HYPERNETS,PACE,421,RHOW,32,28,15,15,1.0081,1.4116,1.0563,1.6769,2.6621,-0.058481,-0.028051,-0.008883,NA,TRUE,TRUE,0.013143,0.01185,38.9141,-0.43882,-0.28891,-0.212378,0.273984,0.34413,0.43882,-78.2502,-40.6291,-26.9871,33.5895,40.6291,78.2502
MAFR,HYPERNETS,PACE,422,RHOW,32,28,15,15,0.9989,1.3835,1.0414,1.6504,2.6158,-0.058083,-0.027744,-0.008601,NA,TRUE,TRUE,0.01317,0.011891,38.3428,-0.438219,-0.275163,-0.212297,0.269205,0.33554,0.438219,-78.0508,-37.9621,-26.9835,32.9998,37.9621,78.0508
MAFR,HYPERNETS,PACE,423,RHOW,32,28,15,15,0.9797,1.3572,1.0286,1.634,2.5957,-0.058161,-0.027562,-0.0083,NA,TRUE,TRUE,0.013256,0.01195,38.0137,-0.434688,-0.271475,-0.212082,0.264817,0.335577,0.434688,-76.9553,-37.2637,-26.9487,32.7613,37.2637,76.9553
MAFR,HYPERNETS,PACE,424,RHOW,32,28,15,15,0.9786,1.3553,1.0101,1.5956,2.5204,-0.056625,-0.026775,-0.007878,NA,TRUE,TRUE,0.013214,0.011913,37.4189,-0.432648,-0.272898,-0.215753,0.266325,0.311485,0.432648,-76.3032,-37.5323,-27.5529,31.0088,37.5323,76.3032
MAFR,HYPERNETS,PACE,425,RHOW,32,28,15,15,0.9751,1.3356,1.0001,1.5762,2.4841,-0.05635,-0.026607,-0.007735,NA,TRUE,TRUE,0.013261,0.011933,36.9198,-0.434768,-0.263909,-0.216406,0.259545,0.309708,0.434768,-76.962,-35.8528,-27.6416,30.5689,35.8528,76.962
MAFR,HYPERNETS,PACE,426,RHOW,32,28,15,15,0.9648,1.3255,0.9872,1.5545,2.4479,-0.055737,-0.026127,-0.007323,NA,FALSE,TRUE,0.013158,0.01181,36.093,-0.420143,-0.262305,-0.211119,0.250484,0.307956,0.420143,-72.4874,-35.5573,-26.7974,30.3143,35.5573,72.4874
MAFR,HYPERNETS,PACE,427,RHOW,32,28,15,15,0.9616,1.3076,0.9721,1.5239,2.3887,-0.054205,-0.02525,-0.006778,NA,FALSE,TRUE,0.012954,0.011616,35.1053,-0.410456,-0.259259,-0.210402,0.233727,0.299666,0.410456,-69.6284,-34.9999,-26.6729,29.3914,34.9999,69.6284
MAFR,HYPERNETS,PACE,428,RHOW,32,28,15,15,0.9346,1.2739,0.9488,1.4898,2.3392,-0.053572,-0.024574,-0.006106,NA,FALSE,TRUE,0.013099,0.011775,34.8127,-0.406947,-0.256145,-0.205771,0.2425,0.293434,0.406947,-68.6301,-34.4349,-25.9309,28.8385,34.4349,68.6301
MAFR,HYPERNETS,PACE,429,RHOW,32,28,15,15,0.9364,1.251,0.9432,1.4764,2.3111,-0.053037,-0.024202,-0.00578,NA,FALSE,TRUE,0.012992,0.01169,34.0828,-0.394662,-0.248679,-0.200115,0.238163,0.285507,0.394662,-65.198,-33.0988,-25.0225,27.3165,33.0988,65.198
MAFR,HYPERNETS,PACE,430,RHOW,32,28,15,15,0.9299,1.228,0.9401,1.4736,2.31,-0.053215,-0.024054,-0.005452,NA,FALSE,TRUE,0.012927,0.011637,33.5225,-0.389225,-0.247675,-0.192448,0.239168,0.289276,0.389225,-63.7263,-32.9212,-23.8311,26.8137,32.9212,63.7263
MAFR,HYPERNETS,PACE,431,RHOW,32,28,15,15,0.9251,1.2168,0.9215,1.436,2.2377,-0.051976,-0.023404,-0.005068,NA,FALSE,TRUE,0.012895,0.011543,32.5907,-0.381741,-0.252051,-0.191414,0.220145,0.271874,0.381741,-61.7604,-33.6989,-23.6778,25.9902,33.6989,61.7604
MAFR,HYPERNETS,PACE,432,RHOW,32,28,15,15,0.9031,1.1917,0.8905,1.3815,2.1433,-0.0496,-0.021937,-0.004107,NA,FALSE,TRUE,0.012859,0.01148,31.7815,-0.374451,-0.244949,-0.189362,0.2138,0.255974,0.374451,-59.9066,-32.4413,-23.3605,24.7089,32.4413,59.9066
MAFR,HYPERNETS,PACE,433,RHOW,32,28,15,15,0.9038,1.1871,0.8881,1.3758,2.1312,-0.049608,-0.02193,-0.004063,NA,FALSE,TRUE,0.012894,0.011495,31.5335,-0.37624,-0.241959,-0.187723,0.209016,0.246185,0.37624,-60.3436,-31.919,-23.111,23.9992,31.919,60.3436
MAFR,HYPERNETS,PACE,434,RHOW,32,28,15,15,0.902,1.192,0.885,1.3699,2.1205,-0.049928,-0.022086,-0.004099,NA,FALSE,TRUE,0.013026,0.011646,31.6078,-0.37925,-0.24573,-0.190468,0.206467,0.24573,0.37925,-61.1056,-32.5785,-23.5281,24.0505,32.5785,61.1056
MAFR,HYPERNETS,PACE,435,RHOW,32,28,15,15,0.881,1.1736,0.8635,1.3359,2.0669,-0.048913,-0.021366,-0.003561,NA,FALSE,TRUE,0.013272,0.011815,31.5361,-0.37823,-0.255608,-0.195904,0.209243,0.255608,0.37823,-60.8538,-34.3378,-24.3636,24.3636,34.3378,60.8538
MAFR,HYPERNETS,PACE,436,RHOW,32,28,15,15,0.8834,1.1717,0.8631,1.3335,2.0602,-0.049152,-0.021416,-0.003464,NA,FALSE,TRUE,0.013264,0.011847,31.2115,-0.380953,-0.251486,-0.189689,0.209101,0.251486,0.380953,-61.5449,-33.598,-23.4157,23.8787,33.598,61.5449
MAFR,HYPERNETS,PACE,437,RHOW,32,28,15,15,0.8747,1.1541,0.853,1.3167,2.0324,-0.048464,-0.020839,-0.002943,NA,FALSE,TRUE,0.013244,0.011854,30.7952,-0.377171,-0.254488,-0.178679,0.207661,0.254488,0.377171,-60.5663,-34.136,-21.7856,23.5801,34.136,60.5663
MAFR,HYPERNETS,PACE,438,RHOW,32,28,15,15,0.8617,1.1431,0.8392,1.2945,1.9968,-0.047908,-0.020396,-0.002561,NA,FALSE,TRUE,0.013382,0.011963,30.6029,-0.375709,-0.256511,-0.180709,0.207072,0.256511,0.375709,-60.1835,-34.5011,-22.1028,23.2788,34.5011,60.1835
MAFR,HYPERNETS,PACE,439,RHOW,32,28,15,15,0.8657,1.1417,0.8302,1.2707,1.9449,-0.046639,-0.019848,-0.002345,NA,FALSE,TRUE,0.013372,0.011893,30.0572,-0.372647,-0.262252,-0.179025,0.199898,0.262252,0.372647,-59.4132,-35.5476,-21.853,22.5089,35.5476,59.4132
MAFR,HYPERNETS,PACE,440,RHOW,32,28,15,15,0.8456,1.1244,0.8131,1.2462,1.91,-0.046129,-0.019332,-0.001849,NA,FALSE,TRUE,0.013606,0.012062,29.9606,-0.37219,-0.262144,-0.180509,0.202199,0.262144,0.37219,-59.2922,-35.5278,-22.121,23.0291,35.5278,59.2922
MAFR,HYPERNETS,PACE,441,RHOW,32,28,15,15,0.8355,1.1096,0.8049,1.2348,1.8944,-0.045918,-0.018986,-0.001432,NA,FALSE,TRUE,0.013622,0.012059,29.5514,-0.366658,-0.262094,-0.177327,0.196529,0.262094,0.366658,-57.9169,-35.5186,-21.6264,22.2594,35.5186,57.9169
MAFR,HYPERNETS,PACE,442,RHOW,32,28,15,15,0.8371,1.1042,0.8014,1.2256,1.8742,-0.045537,-0.018742,-0.00122,NA,FALSE,TRUE,0.013563,0.012007,29.068,-0.362838,-0.26114,-0.174661,0.194113,0.26114,0.362838,-56.9794,-35.3436,-21.2673,22.0983,35.3436,56.9794
MAFR,HYPERNETS,PACE,443,RHOW,32,28,15,15,0.8323,1.0992,0.7904,1.2034,1.832,-0.044347,-0.018072,-8.13e-4,NA,FALSE,TRUE,0.013588,0.011992,28.7019,-0.362679,-0.269677,-0.171063,0.189603,0.269677,0.362679,-56.9485,-36.9256,-20.7641,21.6346,36.9256,56.9485
MAFR,HYPERNETS,PACE,444,RHOW,32,28,15,15,0.8158,1.0827,0.7815,1.1955,1.8289,-0.044742,-0.017972,-4.73e-4,NA,FALSE,TRUE,0.013775,0.01214,28.6612,-0.36508,-0.267977,-0.168393,0.190513,0.267977,0.36508,-57.5264,-36.6077,-20.3956,21.7354,36.6077,57.5264
MAFR,HYPERNETS,PACE,445,RHOW,32,28,15,15,0.8128,1.0732,0.7736,1.1792,1.7974,-0.043961,-0.017525,-1.82e-4,NA,FALSE,TRUE,0.013823,0.01213,28.3033,-0.364085,-0.270668,-0.169957,0.18674,0.270668,0.364085,-57.2976,-37.1118,-20.6274,21.3964,37.1118,57.2976
MAFR,HYPERNETS,PACE,446,RHOW,32,28,15,15,0.8174,1.0698,0.7721,1.1717,1.778,-0.043398,-0.017203,5.8e-5,NA,FALSE,FALSE,0.013678,0.011976,27.6548,-0.354774,-0.264021,-0.1625,0.180176,0.264021,0.354774,-55.0503,-35.8734,-19.5573,20.5527,35.8734,55.0503
MAFR,HYPERNETS,PACE,447,RHOW,32,28,15,15,0.8164,1.0643,0.7676,1.1616,1.7579,-0.042831,-0.016795,4.09e-4,NA,FALSE,FALSE,0.013592,0.011923,27.2116,-0.354232,-0.265117,-0.153947,0.18096,0.265117,0.354232,-54.8814,-36.0761,-18.3877,20.5649,36.0761,54.8814
MAFR,HYPERNETS,PACE,448,RHOW,32,28,15,15,0.8173,1.0587,0.7663,1.1575,1.7486,-0.042612,-0.016641,5.52e-4,NA,FALSE,FALSE,0.013553,0.01186,26.8675,-0.349683,-0.260426,-0.14749,0.178579,0.260426,0.349683,-53.7946,-35.213,-17.5387,20.3082,35.213,53.7946
MAFR,HYPERNETS,PACE,449,RHOW,32,28,15,15,0.8106,1.0588,0.7604,1.1491,1.7364,-0.042592,-0.016509,7.51e-4,NA,FALSE,FALSE,0.013699,0.011972,26.8404,-0.349818,-0.259479,-0.150103,0.178633,0.259479,0.349818,-53.8164,-35.04,-17.8998,20.3703,35.04,53.8164
MAFR,HYPERNETS,PACE,450,RHOW,32,28,15,15,0.79990000000000006,1.0511,0.7511,1.1356,1.7171,-0.042647,-0.016416,9.32e-4,NA,FALSE,FALSE,0.014033,0.012233,27.0023,-0.352873,-0.269808,-0.153203,0.17454,0.269808,0.352873,-54.5496,-36.9503,-18.3569,20.0738,36.9503,54.5496
MAFR,HYPERNETS,PACE,451,RHOW,32,28,15,15,0.7895,1.0339,0.7395,1.1164,1.6855,-0.041429,-0.015592,0.001522,NA,FALSE,FALSE,0.013961,0.012125,26.5193,-0.349162,-0.264125,-0.14454,0.172341,0.264125,0.349162,-53.6714,-35.8926,-17.1961,19.7473,35.8926,53.6714
MAFR,HYPERNETS,PACE,452,RHOW,32,28,15,15,0.7943,1.0321,0.7364,1.1041,1.6555,-0.040316,-0.015105,0.00171,NA,FALSE,FALSE,0.013802,0.011898,25.8664,-0.342957,-0.262479,-0.14059,0.16624,0.262479,0.342957,-52.2201,-35.5893,-16.6238,18.946,35.5893,52.2201
MAFR,HYPERNETS,PACE,453,RHOW,32,28,15,15,0.7835,1.0189,0.7255,1.0868,1.6281,-0.039513,-0.01451,0.00218,NA,FALSE,FALSE,0.013937,0.011957,25.6944,-0.344076,-0.264329,-0.136889,0.160507,0.264329,0.344076,-52.487,-35.9303,-16.1213,18.2649,35.9303,52.487
MAFR,HYPERNETS,PACE,454,RHOW,32,28,15,15,0.7833,1.0243,0.7244,1.0841,1.6224,-0.039518,-0.014461,0.002281,NA,FALSE,FALSE,0.013961,0.011999,25.6152,-0.341235,-0.264584,-0.141371,0.162818,0.264584,0.341235,-51.8195,-35.9775,-16.7622,18.6752,35.9775,51.8195
MAFR,HYPERNETS,PACE,455,RHOW,32,28,15,15,0.7791,1.0188,0.7205,1.0784,1.6141,-0.03957,-0.014392,0.00243,NA,FALSE,FALSE,0.014094,0.012056,25.4784,-0.344811,-0.267176,-0.139114,0.163596,0.267176,0.344811,-52.6378,-36.4585,-16.4795,18.7634,36.4585,52.6378
MAFR,HYPERNETS,PACE,456,RHOW,32,28,15,15,0.7787,1.0094,0.7177,1.0715,1.5997,-0.038965,-0.013986,0.002746,NA,FALSE,FALSE,0.013983,0.011937,25.0213,-0.342179,-0.257941,-0.12956,0.155892,0.257941,0.342179,-52.022,-34.7602,-15.1961,17.7545,34.7602,52.022
MAFR,HYPERNETS,PACE,457,RHOW,32,28,15,15,0.7742,1.0035,0.7132,1.0643,1.5884,-0.038736,-0.013724,0.003035,NA,FALSE,FALSE,0.014024,0.011993,24.8799,-0.341038,-0.255616,-0.127983,0.153932,0.255616,0.341038,-51.771,-34.3393,-14.9891,17.5215,34.3393,51.771
MAFR,HYPERNETS,PACE,458,RHOW,32,28,15,15,0.7749,1.0004,0.7135,1.0646,1.5883,-0.038798,-0.013665,0.003181,NA,FALSE,FALSE,0.013981,0.012002,24.7404,-0.337901,-0.252619,-0.125843,0.152763,0.252619,0.337901,-51.0486,-33.8005,-14.7074,17.3581,33.8005,51.0486
MAFR,HYPERNETS,PACE,459,RHOW,32,28,15,15,0.7752,0.9967,0.7132,1.0633,1.5854,-0.038903,-0.013655,0.003278,NA,FALSE,FALSE,0.014018,0.01204,24.6049,-0.335521,-0.25116,-0.122768,0.14921,0.25116,0.335521,-50.507,-33.5398,-14.3275,16.9723,33.5398,50.507
MAFR,HYPERNETS,PACE,460,RHOW,32,28,15,15,0.7678,0.9911,0.7071,1.0549,1.574,-0.03868,-0.013355,0.003618,NA,FALSE,FALSE,0.014141,0.012134,24.5546,-0.339226,-0.253118,-0.123837,0.145133,0.253118,0.339226,-51.34,-33.8899,-14.4515,16.5307,33.8899,51.34
MAFR,HYPERNETS,PACE,461,RHOW,32,28,15,15,0.7541,0.978,0.6942,1.0354,1.5444,-0.037819,-0.012692,0.004155,NA,FALSE,FALSE,0.014352,0.012254,24.4709,-0.342665,-0.257677,-0.124181,0.147021,0.257677,0.342665,-52.1339,-34.7123,-14.5311,16.8025,34.7123,52.1339
MAFR,HYPERNETS,PACE,462,RHOW,32,28,15,15,0.7584,0.9756,0.6953,1.0338,1.5372,-0.037508,-0.012541,0.004251,NA,FALSE,FALSE,0.014203,0.012116,24.0799,-0.337443,-0.260245,-0.120908,0.142949,0.260245,0.337443,-50.94,-35.1799,-14.0996,16.3038,35.1799,50.94
MAFR,HYPERNETS,PACE,463,RHOW,32,28,15,15,0.7526,0.9747,0.6927,1.033,1.5406,-0.037879,-0.01255,0.004435,NA,FALSE,FALSE,0.014313,0.012236,24.1551,-0.340173,-0.256984,-0.123343,0.143881,0.256984,0.340173,-51.5612,-34.5866,-14.3985,16.4113,34.5866,51.5612
MAFR,HYPERNETS,PACE,464,RHOW,32,28,15,15,0.7543,0.9775,0.6932,1.0326,1.5382,-0.038227,-0.012754,0.004345,NA,FALSE,FALSE,0.014477,0.01238,24.2371,-0.339653,-0.258367,-0.125024,0.140286,0.258367,0.339653,-51.4393,-34.8375,-14.6706,16.1519,34.8375,51.4393
MAFR,HYPERNETS,PACE,465,RHOW,32,28,15,15,0.7593,0.9783,0.6973,1.0382,1.5457,-0.038677,-0.012997,0.00425,NA,FALSE,FALSE,0.014441,0.012354,24.0855,-0.337687,-0.256662,-0.121666,0.138463,0.256662,0.337687,-50.997,-34.5283,-14.2488,15.9279,34.5283,50.997
MAFR,HYPERNETS,PACE,466,RHOW,32,28,15,15,0.7538,0.973,0.6946,1.037,1.548,-0.038953,-0.012908,0.004538,NA,FALSE,FALSE,0.014506,0.012457,24.0707,-0.338234,-0.257373,-0.119033,0.137772,0.257373,0.338234,-51.1188,-34.6571,-13.8953,15.7892,34.6571,51.1188
MAFR,HYPERNETS,PACE,467,RHOW,32,28,15,15,0.7592,0.9741,0.6998,1.0448,1.5599,-0.03969,-0.013257,0.0044470000000000004,NA,FALSE,FALSE,0.014486,0.012505,23.9983,-0.333114,-0.258819,-0.116308,0.133663,0.258819,0.333114,-49.961,-34.9198,-13.519,15.2631,34.9198,49.961
MAFR,HYPERNETS,PACE,468,RHOW,32,28,15,15,0.7559,0.9744,0.6948,1.0351,1.5423,-0.03921,-0.012977,0.00463,NA,FALSE,FALSE,0.014604,0.012542,23.9053,-0.336872,-0.256006,-0.120714,0.135093,0.256006,0.336872,-50.8076,-34.4096,-14.1052,15.5172,34.4096,50.8076
MAFR,HYPERNETS,PACE,469,RHOW,32,28,15,15,0.7575,0.9782,0.6946,1.0329,1.5362,-0.039174,-0.012981,0.004632,NA,FALSE,FALSE,0.014639,0.012567,23.8399,-0.336814,-0.25998,-0.125476,0.13385,0.25998,0.336814,-50.7937,-35.1315,-14.7072,15.4295,35.1315,50.7937
MAFR,HYPERNETS,PACE,470,RHOW,32,28,15,15,0.7516,0.9706,0.6889,1.0242,1.5227,-0.038671,-0.012588,0.004957,NA,FALSE,FALSE,0.01468,0.012574,23.6999,-0.336101,-0.259828,-0.123171,0.131822,0.259828,0.336101,-50.6299,-35.1037,-14.3881,15.1438,35.1037,50.6299
MAFR,HYPERNETS,PACE,471,RHOW,32,28,15,15,0.7348,0.9568,0.6762,1.0084,1.5038,-0.038384,-0.01211,0.005508,NA,FALSE,FALSE,0.015045,0.012827,23.8073,-0.340407,-0.263511,-0.124814,0.134074,0.263511,0.340407,-51.6092,-35.7793,-14.6113,15.4271,35.7793,51.6092
MAFR,HYPERNETS,PACE,472,RHOW,32,28,15,15,0.7354,0.9527,0.6758,1.0069,1.5,-0.038241,-0.011949,0.0057,NA,FALSE,FALSE,0.014963,0.012772,23.5623,-0.338568,-0.262295,-0.120673,0.132316,0.262295,0.338568,-51.1882,-35.5555,-14.0833,15.1912,35.5555,51.1882
MAFR,HYPERNETS,PACE,473,RHOW,32,28,15,15,0.7355,0.954,0.6744,1.0028,1.4913,-0.03804,-0.011826,0.005803,NA,FALSE,FALSE,0.015012,0.012781,23.4365,-0.338383,-0.258775,-0.122378,0.127353,0.258775,0.338383,-51.1449,-34.9119,-14.2999,14.6758,34.9119,51.1449
MAFR,HYPERNETS,PACE,474,RHOW,32,28,15,15,0.7401,0.9587,0.6763,1.003,1.4875,-0.038221,-0.012006,0.005671,NA,FALSE,FALSE,0.015097,0.012816,23.356,-0.339631,-0.260975,-0.124893,0.124893,0.260975,0.339631,-51.4308,-35.3133,-14.6168,14.6168,35.3133,51.4308
MAFR,HYPERNETS,PACE,475,RHOW,32,28,15,15,0.7327,0.9516,0.6708,0.9964,1.4801,-0.038132,-0.011774,0.005972,NA,FALSE,FALSE,0.015243,0.012958,23.409,-0.339363,-0.262744,-0.124805,0.124805,0.262744,0.339363,-51.3695,-35.6381,-14.6081,14.6081,35.6381,51.3695
MAFR,HYPERNETS,PACE,476,RHOW,32,28,15,15,0.7259,0.9392,0.659,0.972,1.4336,-0.035806,-0.010515,0.006633,NA,FALSE,FALSE,0.015154,0.012787,22.9316,-0.336229,-0.261353,-0.117797,0.121441,0.261353,0.336229,-50.6546,-35.3827,-13.693,13.9466,35.3827,50.6546
MAFR,HYPERNETS,PACE,477,RHOW,32,28,15,15,0.7249,0.9334,0.6527,0.9553,1.3983,-0.034217,-0.009769,0.006934,NA,FALSE,FALSE,0.015139,0.012871,22.9155,-0.332674,-0.263508,-0.118019,0.118019,0.263508,0.332674,-49.8519,-35.7789,-13.6881,13.6881,35.7789,49.8519
MAFR,HYPERNETS,PACE,478,RHOW,32,28,15,15,0.7203,0.9339,0.6482,0.9483,1.3874,-0.033959,-0.009526,0.007174,NA,FALSE,FALSE,0.015255,0.012945,22.8859,-0.334929,-0.265001,-0.120923,0.120923,0.265001,0.334929,-50.3604,-36.0545,-14.0666,14.0666,36.0545,50.3604
MAFR,HYPERNETS,PACE,479,RHOW,32,28,15,15,0.7145,0.9236,0.6422,0.9384,1.3711,-0.033221,-0.008999,0.007578,NA,FALSE,FALSE,0.015273,0.012932,22.6907,-0.332736,-0.265475,-0.11974,0.11974,0.265475,0.332736,-49.8657,-36.1424,-13.8756,13.8756,36.1424,49.8657
MAFR,HYPERNETS,PACE,480,RHOW,32,28,15,15,0.7094,0.9129,0.6352,0.9246,1.3458,-0.032096,-0.008337,0.007986,NA,FALSE,FALSE,0.015344,0.01295,22.5198,-0.333529,-0.264506,-0.121146,0.121146,0.264506,0.333529,-50.0442,-35.963,-14.0108,14.0108,35.963,50.0442
MAFR,HYPERNETS,PACE,481,RHOW,32,28,15,15,0.7027,0.9064,0.629,0.9152,1.3316,-0.031609,-0.007906,0.008384,NA,FALSE,FALSE,0.015456,0.0131,22.5503,-0.33119,-0.258755,-0.125793,0.125793,0.258755,0.33119,-49.5196,-34.9081,-14.5825,14.5825,34.9081,49.5196
MAFR,HYPERNETS,PACE,482,RHOW,32,28,15,15,0.7023,0.9023,0.6263,0.9075,1.3151,-0.030763,-0.007421,0.008687,NA,FALSE,FALSE,0.015375,0.013071,22.344,-0.328151,-0.253043,-0.126045,0.126045,0.253043,0.328151,-48.8431,-33.8765,-14.6018,14.6018,33.8765,48.8431
MAFR,HYPERNETS,PACE,483,RHOW,32,28,15,15,0.6924,0.8966,0.6172,0.8941,1.2951,-0.030287,-0.00701,0.00906,NA,FALSE,FALSE,0.015783,0.013455,22.685,-0.329717,-0.262048,-0.134626,0.134626,0.262048,0.329717,-49.1907,-35.5101,-15.7155,15.7155,35.5101,49.1907
MAFR,HYPERNETS,PACE,484,RHOW,32,28,15,15,0.6886,0.8929,0.6134,0.8878,1.2849,-0.029971,-0.006734,0.00932,NA,FALSE,FALSE,0.01591,0.013547,22.6471,-0.330227,-0.259855,-0.136721,0.136721,0.259855,0.330227,-49.3043,-35.1086,-15.9815,15.9815,35.1086,49.3043
MAFR,HYPERNETS,PACE,485,RHOW,32,28,15,15,0.6861,0.8863,0.6108,0.8834,1.2777,-0.029551,-0.00638,0.009642,NA,FALSE,FALSE,0.015855,0.013464,22.3751,-0.326331,-0.257682,-0.133497,0.133497,0.257682,0.326331,-48.441,-34.7131,-15.5455,15.5455,34.7131,48.441
MAFR,HYPERNETS,PACE,486,RHOW,32,28,15,15,0.68,0.8752,0.6049,0.874,1.2629,-0.028841,-0.00578,0.010181,NA,FALSE,FALSE,0.015888,0.013471,22.1297,-0.322861,-0.258671,-0.12723,0.12723,0.258671,0.322861,-47.681,-34.893,-14.6984,14.6984,34.893,47.681
MAFR,HYPERNETS,PACE,487,RHOW,32,28,15,15,0.6758,0.8704,0.5997,0.8642,1.2452,-0.027908,-0.005119,0.010697,NA,FALSE,FALSE,0.015875,0.013443,21.8648,-0.317884,-0.257102,-0.13076,0.13076,0.257102,0.317884,-46.603,-34.6079,-15.1723,15.1723,34.6079,46.603
MAFR,HYPERNETS,PACE,488,RHOW,32,28,15,15,0.6782,0.872,0.6012,0.865,1.2445,-0.028076,-0.00523,0.010648,NA,FALSE,FALSE,0.01595,0.013511,21.8584,-0.320649,-0.257389,-0.129902,0.129902,0.257389,0.320649,-47.2001,-34.6599,-15.0497,15.0497,34.6599,47.2001
MAFR,HYPERNETS,PACE,489,RHOW,32,28,15,15,0.6698,0.8657,0.5925,0.8505,1.2206,-0.027093,-0.004594,0.011082,NA,FALSE,FALSE,0.016259,0.013781,22.0541,-0.321293,-0.255803,-0.137956,0.137956,0.255803,0.321293,-47.3431,-34.373,-16.1084,16.1084,34.373,47.3431
MAFR,HYPERNETS,PACE,490,RHOW,32,28,15,15,0.6699,0.8647,0.5919,0.8481,1.2152,-0.026981,-0.004524,0.01115,NA,FALSE,FALSE,0.01636,0.013887,22.0832,-0.322159,-0.260346,-0.139413,0.139413,0.260346,0.322159,-47.5289,-35.1984,-16.2901,16.2901,35.1984,47.5289
MAFR,HYPERNETS,PACE,491,RHOW,32,28,15,15,0.6721,0.8655,0.5937,0.8504,1.2181,-0.027046,-0.004457,0.011314,NA,FALSE,FALSE,0.016219,0.013745,21.7554,-0.319728,-0.254752,-0.135491,0.135491,0.254752,0.319728,-47.0026,-34.1835,-15.7717,15.7717,34.1835,47.0026
MAFR,HYPERNETS,PACE,492,RHOW,32,28,15,15,0.6702,0.8622,0.5913,0.8455,1.209,-0.02672,-0.004188,0.01157,NA,FALSE,FALSE,0.016333,0.01383,21.6844,-0.317586,-0.258376,-0.132421,0.132421,0.258376,0.317586,-46.541,-34.8392,-15.3685,15.3685,34.8392,46.541
MAFR,HYPERNETS,PACE,493,RHOW,32,28,15,15,0.6631,0.8545,0.5855,0.8381,1.1996,-0.026462,-0.003846,0.011954,NA,FALSE,FALSE,0.016572,0.014032,21.7695,-0.32017,-0.257699,-0.135968,0.135968,0.257699,0.32017,-47.1013,-34.7163,-15.8164,15.8164,34.7163,47.1013
MAFR,HYPERNETS,PACE,494,RHOW,32,28,15,15,0.6628,0.8549,0.5837,0.8325,1.1874,-0.025828,-0.003486,0.012179,NA,FALSE,FALSE,0.016599,0.014061,21.6731,-0.316464,-0.255599,-0.134918,0.134918,0.255599,0.316464,-46.3007,-34.3362,-15.6887,15.6887,34.3362,46.3007
MAFR,HYPERNETS,PACE,495,RHOW,32,28,15,15,0.6611,0.8543,0.5812,0.827,1.1768,-0.025484,-0.003264,0.012352,NA,FALSE,FALSE,0.016789,0.014252,21.7756,-0.318333,-0.254629,-0.138323,0.138323,0.254629,0.318333,-46.701,-34.1614,-16.142,16.142,34.1614,46.701
MAFR,HYPERNETS,PACE,496,RHOW,32,28,15,15,0.6594,0.8482,0.5797,0.8247,1.1732,-0.02539,-0.003064,0.012629,NA,FALSE,FALSE,0.016853,0.014294,21.6302,-0.31713,-0.254615,-0.136032,0.136032,0.254615,0.31713,-46.4441,-34.1589,-15.8104,15.8104,34.1589,46.4441
MAFR,HYPERNETS,PACE,497,RHOW,32,28,15,15,0.6511,0.8385,0.5731,0.817,1.1645,-0.024976,-0.002527,0.013221,NA,FALSE,FALSE,0.016991,0.014351,21.4766,-0.313765,-0.25496,-0.130977,0.130977,0.25496,0.313765,-45.7286,-34.221,-15.1464,15.1464,34.221,45.7286
MAFR,HYPERNETS,PACE,498,RHOW,32,28,15,15,0.6517,0.8404,0.5732,0.8159,1.1614,-0.025011,-0.002523,0.013274,NA,FALSE,FALSE,0.017123,0.014505,21.5616,-0.312676,-0.257994,-0.133532,0.133532,0.257994,0.312676,-45.4947,-34.7698,-15.4928,15.4928,34.7698,45.4947
MAFR,HYPERNETS,PACE,499,RHOW,32,28,15,15,0.6512,0.8424,0.5732,0.8169,1.1642,-0.025408,-0.002639,0.013336,NA,FALSE,FALSE,0.017268,0.014645,21.6303,-0.313994,-0.257575,-0.132824,0.132824,0.257575,0.313994,-45.7729,-34.6937,-15.417,15.417,34.6937,45.7729
MAFR,HYPERNETS,PACE,500,RHOW,32,28,15,15,0.646,0.8359,0.5683,0.8094,1.1526,-0.024822,-0.00217,0.013737,NA,FALSE,FALSE,0.017405,0.014751,21.604,-0.31092,-0.255023,-0.129647,0.129647,0.255023,0.31092,-45.121,-34.2323,-15.0004,15.0004,34.2323,45.121
MAFR,HYPERNETS,PACE,501,RHOW,32,28,15,15,0.6504,0.8347,0.572,0.8144,1.1594,-0.024972,-0.002143,0.013892,NA,FALSE,FALSE,0.017129,0.014461,21.1365,-0.303308,-0.251438,-0.123663,0.123663,0.251438,0.303308,-43.5354,-33.5894,-14.2234,14.2234,33.5894,43.5354
MAFR,HYPERNETS,PACE,502,RHOW,32,28,15,15,0.6466,0.8285,0.5697,0.813,1.1603,-0.025356,-0.002132,0.01414,NA,FALSE,FALSE,0.017388,0.014713,21.2926,-0.305066,-0.251514,-0.128158,0.128158,0.251514,0.305066,-43.8995,-33.603,-14.799,14.799,33.603,43.8995
MAFR,HYPERNETS,PACE,503,RHOW,32,28,15,15,0.6436,0.8256,0.5657,0.8045,1.1443,-0.02457,-0.00168,0.014415,NA,FALSE,FALSE,0.017569,0.014923,21.4173,-0.303124,-0.253857,-0.127473,0.127473,0.253857,0.303124,-43.4976,-34.0227,-14.7034,14.7034,34.0227,43.4976
MAFR,HYPERNETS,PACE,504,RHOW,32,28,15,15,0.6375,0.8206,0.5603,0.7968,1.1331,-0.023956,-0.00117,0.014854,NA,FALSE,FALSE,0.017692,0.015012,21.3918,-0.29931,-0.255305,-0.127191,0.127191,0.255305,0.29931,-42.7164,-34.2831,-14.659,14.659,34.2831,42.7164
MAFR,HYPERNETS,PACE,505,RHOW,32,28,15,15,0.6326,0.8204,0.5555,0.7888,1.12,-0.023546,-8.74e-4,0.015093,NA,FALSE,FALSE,0.018054,0.01537,21.6654,-0.29816,-0.252768,-0.13451,0.13451,0.252768,0.29816,-42.4826,-33.8272,-15.6285,15.6285,33.8272,42.4826
MAFR,HYPERNETS,PACE,506,RHOW,32,28,15,15,0.6347,0.8184,0.5568,0.7897,1.12,-0.02345,-7.49e-4,0.015256,NA,FALSE,FALSE,0.01794,0.015283,21.4731,-0.295927,-0.251583,-0.131747,0.131747,0.251583,0.295927,-42.0329,-33.6154,-15.2636,15.2636,33.6154,42.0329
MAFR,HYPERNETS,PACE,507,RHOW,32,28,15,15,0.6335,0.8134,0.5549,0.785,1.1104,-0.022722,-2.56e-4,0.015625,NA,FALSE,FALSE,0.017868,0.015227,21.2953,-0.292801,-0.248799,-0.127718,0.127718,0.248799,0.292801,-41.4046,-33.1202,-14.7271,14.7271,33.1202,41.4046
MAFR,HYPERNETS,PACE,508,RHOW,32,28,15,15,0.6309,0.8142,0.5533,0.7843,1.1115,-0.022989,-2.46e-4,0.0158,NA,FALSE,FALSE,0.018041,0.015333,21.2825,-0.296294,-0.250218,-0.127544,0.127544,0.250218,0.296294,-42.1062,-33.3721,-14.7024,14.7024,33.3721,42.1062
MAFR,HYPERNETS,PACE,509,RHOW,32,28,15,15,0.6304,0.8117,0.5515,0.7784,1.0986,-0.022309,9.8e-5,0.015974,NA,FALSE,FALSE,0.018185,0.015521,21.3941,-0.296319,-0.251193,-0.130606,0.130606,0.251193,0.296319,-42.1107,-33.5458,-15.077,15.077,33.5458,42.1107
MAFR,HYPERNETS,PACE,510,RHOW,32,28,15,15,0.6248,0.8065,0.5468,0.7722,1.0906,-0.021852,5.46e-4,0.016406,NA,FALSE,FALSE,0.018323,0.015612,21.3791,-0.297013,-0.250272,-0.130397,0.130397,0.250272,0.297013,-42.2502,-33.3817,-15.0482,15.0482,33.3817,42.2502
MAFR,HYPERNETS,PACE,511,RHOW,32,28,15,15,0.6314,0.811,0.5512,0.7751,1.09,-0.021771,4.97e-4,0.016333,NA,FALSE,FALSE,0.018206,0.015538,21.1817,-0.293155,-0.24713,-0.129275,0.129275,0.24713,0.293155,-41.4738,-32.825,-14.8897,14.8897,32.825,41.4738
MAFR,HYPERNETS,PACE,512,RHOW,32,28,15,15,0.6327,0.8106,0.5517,0.7742,1.0864,-0.021412,7.64e-4,0.016568,NA,FALSE,FALSE,0.018103,0.015439,20.961,-0.292528,-0.245492,-0.127924,0.127924,0.245492,0.292528,-41.3484,-32.5368,-14.7067,14.7067,32.5368,41.3484
MAFR,HYPERNETS,PACE,513,RHOW,32,28,15,15,0.6311,0.8055,0.5502,0.7718,1.0826,-0.02113,0.001039,0.016843,NA,FALSE,FALSE,0.018107,0.015449,20.8956,-0.291901,-0.245687,-0.123518,0.123518,0.245687,0.291901,-41.2232,-32.571,-14.134,14.134,32.571,41.2232
MAFR,HYPERNETS,PACE,514,RHOW,32,28,15,15,0.631,0.8069,0.5492,0.7677,1.0731,-0.020726,0.001226,0.016931,NA,FALSE,FALSE,0.018309,0.015677,21.0381,-0.292751,-0.248099,-0.126329,0.126329,0.248099,0.292751,-41.3936,-32.9963,-14.4957,14.4957,32.9963,41.3936
MAFR,HYPERNETS,PACE,515,RHOW,32,28,15,15,0.6294,0.8063,0.5481,0.7671,1.0735,-0.020925,0.001244,0.017084,NA,FALSE,FALSE,0.018467,0.015807,21.076,-0.294466,-0.249645,-0.124603,0.124603,0.249645,0.294466,-41.7367,-33.2703,-14.2814,14.2814,33.2703,41.7367
MAFR,HYPERNETS,PACE,516,RHOW,32,28,15,15,0.6261,0.8004,0.5439,0.7574,1.0546,-0.019681,0.001991,0.017555,NA,FALSE,FALSE,0.01855,0.015945,21.084,-0.295097,-0.246296,-0.126216,0.126216,0.246296,0.295097,-41.868,-32.678,-14.4796,14.4796,32.678,41.868
MAFR,HYPERNETS,PACE,517,RHOW,32,28,15,15,0.6241,0.7974,0.5424,0.7559,1.0533,-0.01949,0.002311,0.017955,NA,FALSE,FALSE,0.018474,0.015845,20.8406,-0.293145,-0.243131,-0.125443,0.125443,0.243131,0.293145,-41.4759,-32.1232,-14.3701,14.3701,32.1232,41.4759
MAFR,HYPERNETS,PACE,518,RHOW,32,28,15,15,0.6262,0.795,0.5434,0.7547,1.0483,-0.019155,0.002472,0.018043,NA,FALSE,FALSE,0.018459,0.015889,20.7987,-0.290679,-0.246123,-0.125819,0.125819,0.246123,0.290679,-40.982,-32.6477,-14.4057,14.4057,32.6477,40.982
MAFR,HYPERNETS,PACE,519,RHOW,32,28,15,15,0.6224,0.7918,0.5402,0.7504,1.0425,-0.018924,0.002754,0.018358,NA,FALSE,FALSE,0.018655,0.016063,20.8575,-0.287962,-0.245397,-0.130214,0.130214,0.245397,0.287962,-40.4429,-32.5201,-14.9776,14.9776,32.5201,40.4429
MAFR,HYPERNETS,PACE,520,RHOW,32,28,15,15,0.6228,0.7916,0.5401,0.7491,1.0389,-0.01884,0.002823,0.018443,NA,FALSE,FALSE,0.01879,0.016224,20.9191,-0.29105,-0.247453,-0.132126,0.132126,0.247453,0.29105,-41.0575,-32.882,-15.2276,15.2276,32.882,41.0575
MAFR,HYPERNETS,PACE,521,RHOW,32,28,15,15,0.6182,0.7837,0.5356,0.7409,1.025,-0.01778,0.003568,0.018999,NA,FALSE,FALSE,0.018788,0.016241,20.8197,-0.289399,-0.24376,-0.13131,0.13131,0.24376,0.289399,-40.7316,-32.2331,-15.1179,15.1179,32.2331,40.7316
MAFR,HYPERNETS,PACE,522,RHOW,32,28,15,15,0.6131,0.7783,0.531,0.734,1.0146,-0.017176,0.00408,0.019457,NA,FALSE,FALSE,0.018979,0.016411,20.8412,-0.285694,-0.243533,-0.134124,0.134124,0.243533,0.285694,-40.0074,-32.1934,-15.4902,15.4902,32.1934,40.0074
MAFR,HYPERNETS,PACE,523,RHOW,32,28,15,15,0.6149,0.7794,0.5323,0.7347,1.0141,-0.017197,0.004095,0.01952,NA,FALSE,FALSE,0.019016,0.016455,20.7727,-0.287144,-0.239515,-0.129839,0.129839,0.239515,0.287144,-40.2918,-31.495,-14.9219,14.9219,31.495,40.2918
MAFR,HYPERNETS,PACE,524,RHOW,32,28,15,15,0.6102,0.7784,0.5282,0.729,1.0061,-0.017044,0.004308,0.019779,NA,FALSE,FALSE,0.019475,0.016874,21.0455,-0.290689,-0.244763,-0.132256,0.132256,0.244763,0.290689,-40.993,-32.4088,-15.2455,15.2455,32.4088,40.993
MAFR,HYPERNETS,PACE,525,RHOW,32,28,15,15,0.6068,0.7722,0.5258,0.7276,1.0068,-0.017072,0.004546,0.020168,NA,FALSE,FALSE,0.019523,0.016876,20.9331,-0.290094,-0.242676,-0.125404,0.125404,0.242676,0.290094,-40.8767,-32.0438,-14.3437,14.3437,32.0438,40.8767
MAFR,HYPERNETS,PACE,526,RHOW,32,28,15,15,0.6084,0.7721,0.5267,0.7272,1.0041,-0.016747,0.004796,0.020398,NA,FALSE,FALSE,0.019403,0.016764,20.6864,-0.287273,-0.23815,-0.125451,0.125451,0.23815,0.287273,-40.3197,-31.2595,-14.3471,14.3471,31.2595,40.3197
MAFR,HYPERNETS,PACE,527,RHOW,32,28,15,15,0.6093,0.7714,0.5267,0.7243,0.9961,-0.016141,0.005145,0.020623,NA,TRUE,FALSE,0.019403,0.016817,20.629,-0.282895,-0.239462,-0.125768,0.125768,0.239462,0.282895,-39.4585,-31.4858,-14.3878,14.3878,31.4858,39.4585
MAFR,HYPERNETS,PACE,528,RHOW,32,28,15,15,0.609,0.7701,0.5265,0.7242,0.9961,-0.016218,0.005194,0.020761,NA,TRUE,FALSE,0.019495,0.016913,20.6422,-0.283089,-0.234946,-0.12636,0.12636,0.234946,0.283089,-39.4958,-30.7096,-14.4649,14.4649,30.7096,39.4958
MAFR,HYPERNETS,PACE,529,RHOW,32,28,15,15,0.6061,0.7679,0.5238,0.7195,0.9885,-0.015895,0.005452,0.020991,NA,TRUE,FALSE,0.019785,0.017171,20.7568,-0.286039,-0.237683,-0.127402,0.127402,0.237683,0.286039,-40.079,-31.179,-14.6004,14.6004,31.179,40.079
MAFR,HYPERNETS,PACE,530,RHOW,32,28,15,15,0.5993,0.7618,0.5182,0.7129,0.9808,-0.015342,0.0060350000000000004,0.021573,NA,TRUE,FALSE,0.019952,0.017255,20.7141,-0.283489,-0.234507,-0.126161,0.126161,0.234507,0.283489,-39.5793,-30.6348,-14.4377,14.4377,30.6348,39.5793
MAFR,HYPERNETS,PACE,531,RHOW,32,28,15,15,0.6003,0.7608,0.5189,0.7135,0.981,-0.015338,0.00611,0.02171,NA,TRUE,FALSE,0.019948,0.017267,20.6392,-0.279819,-0.231432,-0.128375,0.128375,0.231432,0.279819,-38.8645,-30.1121,-14.7307,14.7307,30.1121,38.8645
MAFR,HYPERNETS,PACE,532,RHOW,32,28,15,15,0.6035,0.7633,0.5215,0.7162,0.9836,-0.01559,0.005969,0.021668,NA,TRUE,FALSE,0.01997,0.017335,20.6381,-0.279126,-0.229695,-0.130408,0.130408,0.229695,0.279126,-38.735,-29.8187,-14.9974,14.9974,29.8187,38.735
MAFR,HYPERNETS,PACE,533,RHOW,32,28,15,15,0.5997,0.7588,0.5182,0.7119,0.978,-0.015348,0.006267,0.022001,NA,TRUE,FALSE,0.020236,0.017592,20.794,-0.281845,-0.227727,-0.13107,0.13107,0.227727,0.281845,-39.259,-29.4879,-15.0841,15.0841,29.4879,39.259
MAFR,HYPERNETS,PACE,534,RHOW,32,28,15,15,0.5966,0.7561,0.5156,0.7083,0.9731,-0.01504,0.006595,0.022342,NA,TRUE,FALSE,0.020399,0.017704,20.7764,-0.281294,-0.227076,-0.130064,0.130064,0.227076,0.281294,-39.1497,-29.3788,-14.951,14.951,29.3788,39.1497
MAFR,HYPERNETS,PACE,535,RHOW,32,28,15,15,0.598,0.7559,0.5166,0.7091,0.9732,-0.015149,0.006562,0.022381,NA,TRUE,FALSE,0.020503,0.017844,20.841,-0.28134,-0.227603,-0.131339,0.131339,0.227603,0.28134,-39.1566,-29.4671,-15.1199,15.1199,29.4671,39.1566
MAFR,HYPERNETS,PACE,536,RHOW,32,28,15,15,0.5958,0.7531,0.5146,0.7061,0.9687,-0.014849,0.006882,0.022721,NA,TRUE,FALSE,0.020616,0.017936,20.7939,-0.278805,-0.226993,-0.130224,0.130224,0.226993,0.278805,-38.6712,-29.3649,-14.9735,14.9735,29.3649,38.6712
MAFR,HYPERNETS,PACE,537,RHOW,32,28,15,15,0.5968,0.7521,0.5151,0.7048,0.9643,-0.014423,0.007152,0.022921,NA,TRUE,FALSE,0.020567,0.017919,20.675,-0.277496,-0.222847,-0.129447,0.129447,0.222847,0.277496,-38.4136,-28.6749,-14.8725,14.8725,28.6749,38.4136
MAFR,HYPERNETS,PACE,538,RHOW,32,28,15,15,0.5933,0.7482,0.5118,0.6989,0.9545,-0.013752,0.007609,0.023251,NA,TRUE,FALSE,0.020752,0.018108,20.7763,-0.276399,-0.224903,-0.134201,0.134201,0.224903,0.276399,-38.2038,-29.0161,-15.5074,15.5074,29.0161,38.2038
MAFR,HYPERNETS,PACE,539,RHOW,32,28,15,15,0.5902,0.7488,0.5089,0.6939,0.9461,-0.013296,0.007926,0.02349,NA,TRUE,FALSE,0.021027,0.01832,20.8377,-0.275733,-0.229993,-0.134533,0.134533,0.229993,0.275733,-38.0776,-29.869,-15.5523,15.5523,29.869,38.0776
MAFR,HYPERNETS,PACE,540,RHOW,32,28,15,15,0.5832,0.7422,0.5035,0.6895,0.9442,-0.013518,0.008091,0.02387,NA,TRUE,FALSE,0.021514,0.018766,21.1687,-0.281073,-0.229848,-0.136914,0.136914,0.229848,0.281073,-39.1032,-29.8444,-15.8707,15.8707,29.8444,39.1032
MAFR,HYPERNETS,PACE,541,RHOW,32,28,15,15,0.5854,0.7428,0.5049,0.6891,0.9406,-0.013199,0.008238,0.023944,NA,TRUE,FALSE,0.021505,0.01879,21.0972,-0.278656,-0.231148,-0.137451,0.137451,0.231148,0.278656,-38.6419,-30.0641,-15.9448,15.9448,30.0641,38.6419
MAFR,HYPERNETS,PACE,542,RHOW,32,28,15,15,0.5817,0.7388,0.5017,0.6846,0.9343,-0.012643,0.008742,0.024413,NA,TRUE,FALSE,0.021587,0.018815,20.9966,-0.275258,-0.235505,-0.135131,0.135131,0.235505,0.275258,-37.995,-30.8054,-15.631,15.631,30.8054,37.995
MAFR,HYPERNETS,PACE,543,RHOW,32,28,15,15,0.584,0.7408,0.5036,0.6868,0.9368,-0.012841,0.008655,0.024416,NA,TRUE,FALSE,0.021605,0.018812,20.8976,-0.275603,-0.234668,-0.133426,0.133426,0.234668,0.275603,-38.0547,-30.6622,-15.4055,15.4055,30.6622,38.0547
MAFR,HYPERNETS,PACE,544,RHOW,32,28,15,15,0.5834,0.7398,0.5031,0.6862,0.936,-0.0128,0.008781,0.024603,NA,TRUE,FALSE,0.021701,0.018894,20.8957,-0.275932,-0.23088,-0.132801,0.132801,0.23088,0.275932,-38.113,-30.0188,-15.3185,15.3185,30.0188,38.113
MAFR,HYPERNETS,PACE,545,RHOW,32,28,15,15,0.5844,0.7419,0.5037,0.686,0.9343,-0.012832,0.00876,0.024614,NA,TRUE,FALSE,0.021901,0.0191,21.0002,-0.275748,-0.234419,-0.135771,0.135771,0.234419,0.275748,-38.0805,-30.6197,-15.7123,15.7123,30.6197,38.0805
MAFR,HYPERNETS,PACE,546,RHOW,32,28,15,15,0.5841,0.7391,0.5031,0.6833,0.9282,-0.012265,0.009095,0.024821,NA,TRUE,FALSE,0.021894,0.019135,20.9734,-0.272662,-0.233419,-0.138396,0.138396,0.233419,0.272662,-37.4932,-30.4494,-16.075,16.075,30.4494,37.4932
MAFR,HYPERNETS,PACE,547,RHOW,32,28,15,15,0.5841,0.7356,0.5027,0.6806,0.9213,-0.01172,0.009376,0.02496,NA,TRUE,FALSE,0.02196,0.01927,21.0423,-0.273687,-0.230467,-0.143795,0.143795,0.230467,0.273687,-37.6857,-29.949,-16.8357,16.8357,29.949,37.6857
MAFR,HYPERNETS,PACE,548,RHOW,32,28,15,15,0.5786,0.731,0.498,0.6739,0.912,-0.011076,0.009911,0.02542,NA,TRUE,FALSE,0.022266,0.019487,21.1041,-0.274087,-0.230811,-0.144371,0.144371,0.230811,0.274087,-37.7652,-30.0071,-16.9324,16.9324,30.0071,37.7652
MAFR,HYPERNETS,PACE,549,RHOW,32,28,15,15,0.5773,0.7313,0.4969,0.6727,0.9106,-0.011042,0.010035,0.025605,NA,TRUE,FALSE,0.02243,0.019609,21.1248,-0.272669,-0.229952,-0.145303,0.145303,0.229952,0.272669,-37.4994,-29.862,-17.0549,17.0549,29.862,37.4994
MAFR,HYPERNETS,PACE,550,RHOW,32,28,15,15,0.5785,0.7327,0.4975,0.6707,0.9043,-0.010546,0.010236,0.025651,NA,TRUE,FALSE,0.022523,0.019725,21.1551,-0.270272,-0.230789,-0.14769,0.14769,0.230789,0.270272,-37.0456,-30.0033,-17.3899,17.3899,30.0033,37.0456
MAFR,HYPERNETS,PACE,551,RHOW,32,28,15,15,0.5785,0.7337,0.4976,0.6719,0.9071,-0.010898,0.010127,0.0257,NA,TRUE,FALSE,0.022661,0.019848,21.1978,-0.27342,-0.233454,-0.147482,0.147482,0.233454,0.27342,-37.6374,-30.4553,-17.3548,17.3548,30.4553,37.6374
MAFR,HYPERNETS,PACE,552,RHOW,32,28,15,15,0.5735,0.73,0.4932,0.6647,0.8958,-0.010158,0.010636,0.026064,NA,TRUE,FALSE,0.023026,0.020156,21.346800000000002,-0.27573,-0.234394,-0.14833,0.14833,0.234394,0.27573,-38.0746,-30.6154,-17.4805,17.4805,30.6154,38.0746
MAFR,HYPERNETS,PACE,553,RHOW,32,28,15,15,0.5691,0.726,0.4895,0.6606,0.8914,-0.00991,0.010962,0.026429,NA,TRUE,FALSE,0.023284,0.020385,21.4808,-0.275808,-0.233931,-0.15011,0.15011,0.233931,0.275808,-38.0934,-30.5366,-17.7177,17.7177,30.5366,38.0934
MAFR,HYPERNETS,PACE,554,RHOW,32,28,15,15,0.5676,0.7231,0.4882,0.6587,0.8887,-0.009687,0.011223,0.026722,NA,TRUE,FALSE,0.02343,0.020517,21.498,-0.274242,-0.234711,-0.150339,0.150339,0.234711,0.274242,-37.801,-30.6696,-17.7596,17.7596,30.6696,37.801
MAFR,HYPERNETS,PACE,555,RHOW,32,28,15,15,0.5728,0.7267,0.4925,0.6631,0.8928,-0.010022,0.010964,0.026551,NA,TRUE,FALSE,0.023386,0.020536,21.4514,-0.271973,-0.235923,-0.154134,0.154134,0.235923,0.271973,-37.3645,-30.8769,-18.3059,18.3059,30.8769,37.3645
MAFR,HYPERNETS,PACE,556,RHOW,32,28,15,15,0.5728,0.727,0.4923,0.662,0.8901,-0.009874,0.01107,0.026647,NA,TRUE,FALSE,0.023529,0.020686,21.5018,-0.271259,-0.236314,-0.155329,0.155329,0.236314,0.271259,-37.2311,-30.944,-18.4684,18.4684,30.944,37.2311
MAFR,HYPERNETS,PACE,557,RHOW,32,28,15,15,0.5687,0.7233,0.4889,0.6581,0.8857,-0.009649,0.011379,0.027001,NA,TRUE,FALSE,0.023832,0.020935,21.6106,-0.272838,-0.235717,-0.156536,0.156536,0.235717,0.272838,-37.5264,-30.8415,-18.6379,18.6379,30.8415,37.5264
MAFR,HYPERNETS,PACE,558,RHOW,32,28,15,15,0.5693,0.7258,0.4891,0.6558,0.8793,-0.009289,0.011492,0.02699,NA,TRUE,FALSE,0.024094,0.021179,21.687,-0.275425,-0.239141,-0.158229,0.158229,0.239141,0.275425,-38.0162,-31.4304,-18.8674,18.8674,31.4304,38.0162
MAFR,HYPERNETS,PACE,559,RHOW,32,28,15,15,0.5665,0.7223,0.4869,0.6542,0.8789,-0.009176,0.011814,0.027437,NA,TRUE,FALSE,0.024168,0.021202,21.6061,-0.27205,-0.239172,-0.156812,0.156812,0.239172,0.27205,-37.3765,-31.4358,-18.6592,18.6592,31.4358,37.3765
MAFR,HYPERNETS,PACE,560,RHOW,32,28,15,15,0.5664,0.7204,0.4867,0.6533,0.8769,-0.009031,0.011977,0.027628,NA,TRUE,FALSE,0.024302,0.021344,21.6223,-0.270096,-0.233781,-0.154386,0.154386,0.233781,0.270096,-37.0113,-30.511,-18.3173,18.3173,30.511,37.0113
MAFR,HYPERNETS,PACE,561,RHOW,32,28,15,15,0.5664,0.721,0.4867,0.6526,0.8752,-0.009021,0.011986,0.02765,NA,TRUE,FALSE,0.024482,0.021513,21.6833,-0.271627,-0.236042,-0.155508,0.155508,0.236042,0.271627,-37.2941,-30.8973,-18.4658,18.4658,30.8973,37.2941
MAFR,HYPERNETS,PACE,562,RHOW,32,28,15,15,0.5629,0.7161,0.4835,0.6465,0.8645,-0.008238,0.012447,0.027916,NA,TRUE,FALSE,0.024808,0.021846,21.8834,-0.273484,-0.238429,-0.156979,0.156979,0.238429,0.273484,-37.6484,-31.3074,-18.6633,18.6633,31.3074,37.6484
MAFR,HYPERNETS,PACE,563,RHOW,32,28,15,15,0.5549,0.7096,0.4769,0.64,0.8588,-0.007851,0.013011,0.028557,NA,TRUE,FALSE,0.02516,0.022084,21.9924,-0.273302,-0.235742,-0.156283,0.156283,0.235742,0.273302,-37.6173,-30.8459,-18.5634,18.5634,30.8459,37.6173
MAFR,HYPERNETS,PACE,564,RHOW,32,28,15,15,0.5585,0.7139,0.4802,0.6462,0.8697,-0.0087,0.012668,0.028544,NA,TRUE,FALSE,0.025072,0.021939,21.7868,-0.271722,-0.233133,-0.152806,0.152806,0.233133,0.271722,-37.3169,-30.4007,-18.0878,18.0878,30.4007,37.3169
MAFR,HYPERNETS,PACE,565,RHOW,32,28,15,15,0.5604,0.7163,0.482,0.6505,0.878,-0.009377,0.012452,0.028627,NA,TRUE,FALSE,0.025097,0.02189,21.654,-0.270677,-0.235175,-0.147612,0.147612,0.235175,0.270677,-37.1195,-30.7488,-17.3724,17.3724,30.7488,37.1195
MAFR,HYPERNETS,PACE,566,RHOW,32,28,15,15,0.5581,0.7157,0.4801,0.6487,0.8764,-0.009482,0.012457,0.028696,NA,TRUE,FALSE,0.02542,0.022179,21.8528,-0.272972,-0.2359,-0.151477,0.151477,0.2359,0.272972,-37.5546,-30.8729,-17.9016,17.9016,30.8729,37.5546
MAFR,HYPERNETS,PACE,567,RHOW,32,28,15,15,0.5543,0.7146,0.4771,0.6457,0.8741,-0.009609,0.012497,0.028828,NA,TRUE,FALSE,0.025872,0.02257,22.1185,-0.275893,-0.240843,-0.153131,0.153131,0.240843,0.275893,-38.1061,-31.7251,-18.1327,18.1327,31.7251,38.1061
MAFR,HYPERNETS,PACE,568,RHOW,32,28,15,15,0.5527,0.7127,0.4756,0.6428,0.8689,-0.009334,0.012627,0.028875,NA,TRUE,FALSE,0.026153,0.022854,22.3137,-0.277044,-0.241995,-0.15499,0.15499,0.241995,0.277044,-38.3258,-31.9252,-18.3857,18.3857,31.9252,38.3258
MAFR,HYPERNETS,PACE,569,RHOW,32,28,15,15,0.5494,0.7107,0.4727,0.6389,0.8635,-0.009058,0.012832,0.029028,NA,TRUE,FALSE,0.026495,0.023144,22.5078,-0.279715,-0.242114,-0.156117,0.156117,0.242114,0.279715,-38.8439,-31.9461,-18.5463,18.5463,31.9461,38.8439
MAFR,HYPERNETS,PACE,570,RHOW,32,28,15,15,0.5496,0.7128,0.4729,0.639,0.8635,-0.009194,0.012722,0.028941,NA,TRUE,FALSE,0.026652,0.023267,22.5765,-0.27884,-0.242792,-0.157264,0.157264,0.242792,0.27884,-38.6739,-32.0641,-18.7122,18.7122,32.0641,38.6739
MAFR,HYPERNETS,PACE,571,RHOW,32,28,15,15,0.551,0.7145,0.474,0.6399,0.864,-0.009285,0.012598,0.028805,NA,TRUE,FALSE,0.026703,0.023316,22.6162,-0.278638,-0.243486,-0.156731,0.156731,0.243486,0.278638,-38.6331,-32.1852,-18.63,18.63,32.1852,38.6331
MAFR,HYPERNETS,PACE,572,RHOW,32,28,15,15,0.5493,0.7141,0.4725,0.6379,0.8611,-0.009171,0.012668,0.028846,NA,TRUE,FALSE,0.026936,0.023507,22.7488,-0.280246,-0.24418,-0.157343,0.157343,0.24418,0.280246,-38.9437,-32.3066,-18.7137,18.7137,32.3066,38.9437
MAFR,HYPERNETS,PACE,573,RHOW,32,28,15,15,0.5486,0.7139,0.4718,0.6363,0.8582,-0.008995,0.012736,0.028849,NA,TRUE,FALSE,0.027096,0.023637,22.8325,-0.28153,-0.244378,-0.157358,0.157358,0.244378,0.28153,-39.1937,-32.3413,-18.7156,18.7156,32.3413,39.1937
MAFR,HYPERNETS,PACE,574,RHOW,32,28,15,15,0.5498,0.7185,0.473,0.6389,0.8629,-0.00964,0.012329,0.028595,NA,TRUE,FALSE,0.027339,0.023838,23.0134,-0.28344,-0.245493,-0.158966,0.158966,0.245493,0.28344,-39.563,-32.5368,-18.9569,18.9569,32.5368,39.563
MAFR,HYPERNETS,PACE,575,RHOW,32,28,15,15,0.5525,0.7232,0.4752,0.6416,0.8661,-0.010121,0.011925,0.028254,NA,TRUE,FALSE,0.027517,0.024005,23.1652,-0.284831,-0.246609,-0.160756,0.160756,0.246609,0.284831,-39.8316,-32.7332,-19.2062,19.2062,32.7332,39.8316
MAFR,HYPERNETS,PACE,576,RHOW,32,28,15,15,0.5546,0.7259,0.477,0.6432,0.8674,-0.010186,0.011793,0.028091,NA,TRUE,FALSE,0.027481,0.02394,23.1215,-0.286108,-0.245435,-0.160353,0.160353,0.245435,0.286108,-40.0806,-32.5266,-19.1536,19.1536,32.5266,40.0806
MAFR,HYPERNETS,PACE,577,RHOW,32,28,15,15,0.5548,0.727,0.4773,0.6441,0.8692,-0.010358,0.011702,0.028048,NA,TRUE,FALSE,0.027536,0.023927,23.1076,-0.286251,-0.244253,-0.15876,0.15876,0.244253,0.286251,-40.1092,-32.3194,-18.9227,18.9227,32.3194,40.1092
MAFR,HYPERNETS,PACE,578,RHOW,32,28,15,15,0.5555,0.7266,0.4778,0.6446,0.8697,-0.010279,0.011726,0.028037,NA,TRUE,FALSE,0.027469,0.023831,23.0534,-0.286271,-0.245076,-0.156611,0.156611,0.245076,0.286271,-40.1136,-32.4636,-18.6092,18.6092,32.4636,40.1136
MAFR,HYPERNETS,PACE,579,RHOW,32,28,15,15,0.5574,0.7261,0.4791,0.6438,0.8652,-0.009601,0.011957,0.027999,NA,TRUE,FALSE,0.02728,0.02359,22.8631,-0.285877,-0.239473,-0.148608,0.148608,0.239473,0.285877,-40.035,-31.4879,-17.4879,17.4879,31.4879,40.035
MAFR,HYPERNETS,PACE,580,RHOW,32,28,15,15,0.5631,0.7325,0.4838,0.6483,0.8688,-0.009735,0.011652,0.027612,NA,TRUE,FALSE,0.027041,0.023344,22.7079,-0.282941,-0.237399,-0.148559,0.148559,0.237399,0.282941,-39.4619,-31.1302,-17.4864,17.4864,31.1302,39.4619
MAFR,HYPERNETS,PACE,581,RHOW,32,28,15,15,0.5643,0.7345,0.4846,0.6483,0.8672,-0.009598,0.011582,0.027416,NA,TRUE,FALSE,0.027056,0.023306,22.6997,-0.285286,-0.233293,-0.146488,0.146488,0.233293,0.285286,-39.9176,-30.4279,-17.1991,17.1991,30.4279,39.9176
MAFR,HYPERNETS,PACE,582,RHOW,32,28,15,15,0.5637,0.7317,0.4841,0.6471,0.8649,-0.009299,0.011696,0.027403,NA,TRUE,FALSE,0.027028,0.023234,22.6827,-0.287156,-0.234611,-0.141347,0.141347,0.234611,0.287156,-40.2834,-30.6525,-16.4839,16.4839,30.6525,40.2834
MAFR,HYPERNETS,PACE,583,RHOW,32,28,15,15,0.5673,0.7351,0.4871,0.6504,0.8685,-0.009433,0.011469,0.027123,NA,TRUE,FALSE,0.026781,0.023006,22.6052,-0.285105,-0.228114,-0.142452,0.142452,0.228114,0.285105,-39.8817,-29.5528,-16.6322,16.6322,29.5528,39.8817
MAFR,HYPERNETS,PACE,584,RHOW,32,28,15,15,0.5643,0.73,0.4845,0.646,0.8613,-0.008593,0.011889,0.02725,NA,TRUE,FALSE,0.026682,0.022805,22.4973,-0.28398,-0.225908,-0.133958,0.141629,0.225908,0.28398,-39.6649,-29.1835,-15.4879,15.4879,29.1835,39.6649
MAFR,HYPERNETS,PACE,585,RHOW,32,28,15,15,0.5644,0.7309,0.4845,0.6452,0.8591,-0.008471,0.011778,0.026985,NA,TRUE,FALSE,0.026736,0.022843,22.6318,-0.286497,-0.225283,-0.132978,0.140462,0.225283,0.286497,-40.1562,-29.0794,-15.3471,15.3471,29.0794,40.1562
MAFR,HYPERNETS,PACE,586,RHOW,32,28,15,15,0.5651,0.7325,0.485,0.645,0.8578,-0.008315,0.011698,0.026746,NA,TRUE,FALSE,0.026664,0.02274,22.6548,-0.285669,-0.222713,-0.132729,0.142427,0.222713,0.285669,-39.9967,-28.6527,-15.3151,15.4567,28.6527,39.9967
MAFR,HYPERNETS,PACE,587,RHOW,32,28,15,15,0.5543,0.7321,0.4759,0.6353,0.8479,-0.008416,0.01146,0.026351,NA,TRUE,FALSE,0.02764,0.023609,23.655,-0.296303,-0.23167,-0.145685,0.145685,0.23167,0.296303,-42.1096,-30.1524,-17.0653,17.0653,30.1524,42.1096
MAFR,HYPERNETS,PACE,588,RHOW,32,28,15,15,0.5443,0.729,0.4674,0.6244,0.8341,-0.008093,0.011365,0.025931,NA,TRUE,FALSE,0.028525,0.024424,24.6175,-0.308662,-0.239631,-0.15366,0.15366,0.239631,0.308662,-44.647,-31.5152,-18.1602,18.1602,31.5152,44.647
MAFR,HYPERNETS,PACE,589,RHOW,32,28,15,15,0.5447,0.7299,0.4677,0.624,0.8324,-0.007936,0.011263,0.025654,NA,TRUE,FALSE,0.028462,0.024313,24.6444,-0.309488,-0.238663,-0.15167,0.15167,0.238663,0.309488,-44.8202,-31.3479,-17.8799,17.8799,31.3479,44.8202
MAFR,HYPERNETS,PACE,590,RHOW,32,28,15,15,0.5444,0.7279,0.4675,0.6242,0.8333,-0.007845,0.011235,0.025527,NA,TRUE,FALSE,0.028246,0.024027,24.5403,-0.310277,-0.236736,-0.146654,0.146654,0.236736,0.310277,-44.9862,-31.0164,-17.1882,17.1882,31.0164,44.9862
MAFR,HYPERNETS,PACE,591,RHOW,32,28,15,15,0.5442,0.7293,0.4674,0.6243,0.8339,-0.007809,0.01115,0.025344,NA,TRUE,FALSE,0.028119,0.023816,24.4964,-0.311879,-0.241842,-0.146076,0.146076,0.241842,0.311879,-45.3234,-31.8987,-17.1091,17.1091,31.8987,45.3234
MAFR,HYPERNETS,PACE,592,RHOW,32,28,15,15,0.5444,0.7278,0.4674,0.624,0.8329,-0.007496,0.011204,0.025213,NA,TRUE,FALSE,0.027854,0.023461,24.2989,-0.311159,-0.240913,-0.138536,0.144958,0.240913,0.311159,-45.1719,-31.7372,-16.0855,16.0855,31.7372,45.1719
MAFR,HYPERNETS,PACE,593,RHOW,32,28,15,15,0.5438,0.7246,0.4669,0.623,0.8312,-0.007133,0.011308,0.025131,NA,TRUE,FALSE,0.027617,0.023155,24.168,-0.311127,-0.242003,-0.132324,0.145704,0.242003,0.311127,-45.1665,-31.9266,-15.251,15.6228,31.9266,45.1665
MAFR,HYPERNETS,PACE,594,RHOW,32,28,15,15,0.5446,0.7249,0.4675,0.6224,0.8285,-0.006724,0.011356,0.024937,NA,TRUE,FALSE,0.027374,0.022823,23.9655,-0.31319,-0.244474,-0.12765,0.143217,0.244474,0.31319,-45.6017,-32.3582,-14.633,15.274,32.3582,45.6017
MAFR,HYPERNETS,PACE,595,RHOW,32,28,15,15,0.5427,0.7203,0.466,0.6222,0.8307,-0.00651,0.011529,0.025041,NA,TRUE,FALSE,0.027013,0.022286,23.5893,-0.31032,-0.239196,-0.117522,0.143669,0.239196,0.31032,-44.9989,-31.4398,-13.3173,15.1364,31.4398,44.9989
MAFR,HYPERNETS,PACE,596,RHOW,32,28,15,15,0.5458,0.7192,0.4685,0.6241,0.8313,-0.006076,0.011592,0.024856,NA,TRUE,FALSE,0.026414,0.021641,23.1529,-0.306606,-0.231335,-0.107163,0.137498,0.231335,0.306606,-44.2241,-30.0956,-12.0026,15.13,30.0956,44.2241
MAFR,HYPERNETS,PACE,597,RHOW,32,28,15,15,0.5449,0.7143,0.4678,0.6237,0.8314,-0.005592,0.011855,0.024943,NA,TRUE,FALSE,0.025956,0.020999,22.6236,-0.30741,-0.219087,-0.096377,0.127381,0.219087,0.30741,-44.3911,-28.0552,-10.666,14.6599,28.0552,44.3911
MAFR,HYPERNETS,PACE,598,RHOW,32,28,15,15,0.5455,0.7098,0.4684,0.6245,0.8328,-0.00506,0.012129,0.025019,NA,TRUE,FALSE,0.025316,0.020177,21.9269,-0.303833,-0.203832,-0.087688,0.11627,0.211906,0.303833,-43.6597,-25.6016,-9.6118,13.2102,25.6016,43.6597
MAFR,HYPERNETS,PACE,599,RHOW,32,28,15,15,0.5487,0.7043,0.4711,0.6278,0.8368,-0.004585,0.01232,0.025004,NA,TRUE,FALSE,0.024478,0.019233,21.1517,-0.299128,-0.188836,-0.076131,0.100206,0.234751,0.299128,-42.6912,-23.2797,-8.2405,11.1742,24.0469,42.6912
MAFR,HYPERNETS,PACE,600,RHOW,32,28,15,15,0.5474,0.6993,0.4701,0.6276,0.8378,-0.004084,0.012638,0.025164,NA,TRUE,FALSE,0.024002,0.018477,20.3998,-0.29383,-0.172969,-0.065649,0.086671,0.233265,0.29383,-41.6159,-20.9145,-7.0263,9.5136,25.3967,41.6159
MAFR,HYPERNETS,PACE,601,RHOW,32,28,15,15,0.5477,0.6944,0.4705,0.6297,0.8429,-0.003882,0.012775,0.02522,NA,TRUE,FALSE,0.023485,0.017736,19.7115,-0.287797,-0.160963,-0.053176,0.075603,0.232456,0.287797,-40.4129,-19.1843,-5.6176,8.1983,27.5324,40.4129
MAFR,HYPERNETS,PACE,602,RHOW,32,28,15,15,0.5501,0.6959,0.4725,0.6317,0.8445,-0.003758,0.012671,0.024959,NA,TRUE,FALSE,0.02318,0.017359,19.4489,-0.28392,-0.149398,-0.051307,0.069914,0.229728,0.287843,-39.6549,-17.5638,-5.4084,7.5335,28.5304,39.6549
MAFR,HYPERNETS,PACE,603,RHOW,32,28,15,15,0.5515,0.6955,0.4737,0.6336,0.8476,-0.003698,0.012599,0.024782,NA,TRUE,FALSE,0.022889,0.016938,19.0907,-0.280516,-0.144322,-0.042905,0.06504,0.230191,0.290748,-38.9914,-16.8664,-4.4838,6.9764,29.6286,38.9914
MAFR,HYPERNETS,PACE,604,RHOW,32,28,15,15,0.5526,0.7014,0.4747,0.6356,0.851,-0.004226,0.012109,0.024309,NA,TRUE,FALSE,0.023061,0.017121,19.4705,-0.282094,-0.150583,-0.044109,0.065811,0.234645,0.289347,-39.2966,-17.7278,-4.6153,7.0642,29.2208,39.2966
MAFR,HYPERNETS,PACE,605,RHOW,32,28,15,15,0.5539,0.7079,0.4758,0.6375,0.8541,-0.004792,0.011573,0.023788,NA,TRUE,FALSE,0.023273,0.017377,19.9592,-0.283571,-0.158358,-0.046382,0.072407,0.239123,0.288185,-39.5835,-18.8153,-4.8651,7.8343,28.8597,39.5835
MAFR,HYPERNETS,PACE,606,RHOW,32,28,15,15,0.5555,0.7158,0.4773,0.6399,0.858,-0.005465,0.010966,0.023221,NA,TRUE,FALSE,0.023521,0.017663,20.4573,-0.285599,-0.167016,-0.048903,0.080117,0.243619,0.285599,-39.9793,-20.0504,-5.1424,8.7593,27.7283,39.9793
MAFR,HYPERNETS,PACE,607,RHOW,32,28,15,15,0.5578,0.7241,0.4793,0.6427,0.8619,-0.006093,0.010362,0.022632,NA,TRUE,FALSE,0.023709,0.017922,20.9814,-0.287464,-0.180313,-0.057447,0.087544,0.249339,0.287464,-40.344,-21.9977,-6.0951,9.6471,27.1512,40.344
MAFR,HYPERNETS,PACE,608,RHOW,32,28,15,15,0.5599,0.7339,0.4811,0.6453,0.8655,-0.006803,0.009698,0.022001,NA,TRUE,FALSE,0.023991,0.018282,21.622,-0.29087,-0.193661,-0.072031,0.10136,0.255362,0.29087,-41.0179,-24.0173,-7.7638,11.32,26.1345,41.0179
MAFR,HYPERNETS,PACE,609,RHOW,32,28,15,15,0.5613,0.743,0.4823,0.6471,0.8682,-0.007498,0.00905,0.021384,NA,TRUE,FALSE,0.024344,0.018705,22.3117,-0.294947,-0.206999,-0.087504,0.11329,0.25111,0.294947,-41.8334,-26.1032,-9.5896,12.8217,26.1032,41.8334
MAFR,HYPERNETS,PACE,610,RHOW,32,28,15,15,0.5632,0.7534,0.484,0.6493,0.871,-0.008204,0.008379,0.020739,NA,TRUE,FALSE,0.024683,0.019117,22.9973,-0.298703,-0.217323,-0.105175,0.129585,0.238643,0.298703,-42.5929,-27.7666,-11.754,14.9253,27.7666,42.5929
MAFR,HYPERNETS,PACE,611,RHOW,32,28,15,15,0.5659,0.7646,0.4862,0.6518,0.8739,-0.008876,0.007701,0.020066,NA,TRUE,FALSE,0.024975,0.019493,23.659300000000002,-0.3022,-0.227771,-0.123073,0.145094,0.227771,0.3022,-43.3075,-29.4952,-14.0349,17.0036,29.4952,43.3075
MAFR,HYPERNETS,PACE,612,RHOW,32,28,15,15,0.568,0.7754,0.488,0.6543,0.8773,-0.009599,0.007026,0.019425,NA,TRUE,FALSE,0.025301,0.019885,24.3444,-0.309027,-0.238583,-0.141102,0.160743,0.238583,0.309027,-44.725,-31.3341,-16.4287,19.0914,31.3341,44.725
MAFR,HYPERNETS,PACE,613,RHOW,32,28,15,15,0.5699,0.7865,0.4897,0.6568,0.8809,-0.010348,0.006337,0.018778,NA,TRUE,FALSE,0.025648,0.020282,25.0139,-0.316313,-0.252639,-0.156916,0.176811,0.252639,0.316313,-46.2739,-33.8042,-18.6137,19.6696,33.8042,46.2739
MAFR,HYPERNETS,PACE,614,RHOW,32,28,15,15,0.5705,0.7894,0.4902,0.6576,0.8821,-0.010519,0.00618,0.018627,NA,TRUE,FALSE,0.025697,0.020324,25.1203,-0.317564,-0.254632,-0.161436,0.181235,0.254632,0.317564,-46.5407,-34.1619,-19.2534,19.78,34.1619,46.5407
MAFR,HYPERNETS,PACE,615,RHOW,32,28,15,15,0.5707,0.7904,0.4904,0.658,0.8829,-0.010599,0.006091,0.018529,NA,TRUE,FALSE,0.025706,0.020327,25.1971,-0.31858,-0.25097,-0.164291,0.18282,0.25097,0.31858,-46.7568,-33.5059,-19.6599,19.9751,33.5059,46.7568
MAFR,HYPERNETS,PACE,616,RHOW,32,28,15,15,0.5695,0.7872,0.4894,0.6569,0.8816,-0.010416,0.006216,0.018607,NA,TRUE,FALSE,0.025674,0.020234,25.071,-0.319147,-0.248752,-0.157766,0.179277,0.248752,0.319147,-46.8791,-33.1119,-18.7372,20.0108,33.1119,46.8791
MAFR,HYPERNETS,PACE,617,RHOW,32,28,15,15,0.5697,0.788,0.4896,0.6573,0.8825,-0.010481,0.00616,0.018555,NA,TRUE,FALSE,0.025671,0.020223,25.1095,-0.319506,-0.249367,-0.159502,0.179373,0.249367,0.319506,-46.9569,-33.221,-18.9806,20.1095,33.221,46.9569
MAFR,HYPERNETS,PACE,618,RHOW,32,28,15,15,0.5696,0.7876,0.4895,0.6575,0.8832,-0.010516,0.006135,0.018531,NA,TRUE,FALSE,0.025673,0.020213,25.1449,-0.319867,-0.251642,-0.158149,0.180033,0.251642,0.319867,-47.0351,-33.6259,-18.791,20.3476,33.6259,47.0351
MAFR,HYPERNETS,PACE,619,RHOW,32,28,15,15,0.5695,0.7895,0.4895,0.6579,0.8842,-0.010683,0.005995,0.018404,NA,TRUE,FALSE,0.025757,0.020277,25.2619,-0.321077,-0.254562,-0.160517,0.181035,0.254562,0.321077,-47.296,-34.1493,-19.1228,20.1101,34.1493,47.296
MAFR,HYPERNETS,PACE,620,RHOW,32,28,15,15,0.5698,0.7922,0.4898,0.6584,0.8851,-0.010829,0.005854,0.018265,NA,TRUE,FALSE,0.025817,0.020324,25.3754,-0.322288,-0.257496,-0.164942,0.182753,0.257496,0.322288,-47.558,-34.6795,-19.7555,20.3624,34.6795,47.558
MAFR,HYPERNETS,PACE,621,RHOW,32,28,15,15,0.5684,0.7914,0.4886,0.6574,0.8845,-0.010825,0.00585,0.018244,NA,TRUE,FALSE,0.025866,0.020354,25.4751,-0.322874,-0.259131,-0.165579,0.184673,0.259131,0.322874,-47.6856,-34.9766,-19.8461,20.481,34.9766,47.6856
MAFR,HYPERNETS,PACE,622,RHOW,32,28,15,15,0.567,0.7909,0.4875,0.6565,0.8839,-0.010868,0.005806,0.018189,NA,TRUE,FALSE,0.025947,0.020409,25.5627,-0.3234,-0.257439,-0.165994,0.184808,0.257439,0.3234,-47.8005,-34.6691,-19.9043,20.2286,34.6691,47.8005
MAFR,HYPERNETS,PACE,623,RHOW,32,28,15,15,0.5649,0.7886,0.4858,0.6548,0.8827,-0.01088,0.005798,0.018171,NA,TRUE,FALSE,0.026068,0.020511,25.7208,-0.324637,-0.257486,-0.165566,0.1841,0.257486,0.324637,-48.0704,-34.6775,-19.8418,20.1925,34.6775,48.0704
MAFR,HYPERNETS,PACE,624,RHOW,32,28,15,15,0.5626,0.7881,0.4839,0.6531,0.8814,-0.01088,0.005792,0.018145,NA,TRUE,FALSE,0.026177,0.020566,25.8144,-0.328067,-0.26159,-0.164354,0.183786,0.26159,0.328067,-48.8251,-35.4261,-19.6684,20.047,35.4261,48.8251
MAFR,HYPERNETS,PACE,625,RHOW,32,28,15,15,0.56,0.7875,0.4817,0.6504,0.878,-0.010749,0.005843,0.018132,NA,TRUE,FALSE,0.02631,0.020645,25.9212,-0.331616,-0.25701,-0.1663,0.184502,0.25701,0.331616,-49.6148,-34.5913,-19.9496,20.2262,34.5913,49.6148
MAFR,HYPERNETS,PACE,626,RHOW,32,28,15,15,0.5571,0.7877,0.4794,0.6483,0.8768,-0.010865,0.005763,0.018058,NA,TRUE,FALSE,0.026527,0.020843,26.2556,-0.33525,-0.262543,-0.171842,0.189346,0.262543,0.33525,-50.4329,-35.6012,-20.7535,20.8627,35.6012,50.4329
MAFR,HYPERNETS,PACE,627,RHOW,32,28,15,15,0.555,0.7881,0.4777,0.6465,0.8749,-0.010897,0.005696,0.017956,NA,TRUE,FALSE,0.026682,0.020985,26.5011,-0.337798,-0.270692,-0.175252,0.191268,0.270692,0.337798,-51.0129,-37.1164,-21.254,21.254,37.1164,51.0129
MAFR,HYPERNETS,PACE,628,RHOW,32,28,15,15,0.5535,0.7872,0.4763,0.6445,0.8719,-0.010752,0.005731,0.017915,NA,TRUE,FALSE,0.026734,0.021037,26.6038,-0.337403,-0.269,-0.17739,0.190973,0.269,0.337403,-50.9221,-36.799,-21.5669,21.5669,36.799,50.9221
MAFR,HYPERNETS,PACE,629,RHOW,32,28,15,15,0.552,0.7859,0.475,0.6425,0.869,-0.010658,0.005736,0.017856,NA,TRUE,FALSE,0.026821,0.021122,26.7162,-0.338126,-0.272421,-0.175709,0.187706,0.272421,0.338126,-51.0873,-37.442,-21.3177,21.3177,37.442,51.0873
MAFR,HYPERNETS,PACE,630,RHOW,32,28,15,15,0.5498,0.7845,0.4731,0.6399,0.8655,-0.010495,0.005799,0.017846,NA,TRUE,FALSE,0.026908,0.021185,26.809,-0.337168,-0.271782,-0.176237,0.186867,0.271782,0.337168,-50.8683,-37.3216,-21.3952,21.3952,37.3216,50.8683
MAFR,HYPERNETS,PACE,631,RHOW,32,28,15,15,0.5489,0.7816,0.4724,0.6391,0.8648,-0.010416,0.005847,0.017866,NA,TRUE,FALSE,0.026907,0.02114,26.7398,-0.337139,-0.272882,-0.170151,0.183546,0.272882,0.337139,-50.8624,-37.5293,-20.504,20.504,37.5293,50.8624
MAFR,HYPERNETS,PACE,632,RHOW,32,28,15,15,0.549,0.7813,0.4726,0.6398,0.8661,-0.010459,0.005813,0.017833,NA,TRUE,FALSE,0.026853,0.021088,26.771,-0.336722,-0.269742,-0.171235,0.187965,0.269742,0.336722,-50.7675,-36.9379,-20.6619,20.6619,36.9379,50.7675
MAFR,HYPERNETS,PACE,633,RHOW,32,28,15,15,0.5506,0.7824,0.4739,0.6416,0.8687,-0.010496,0.005798,0.017833,NA,TRUE,FALSE,0.026714,0.020947,26.6659,-0.33708,-0.265815,-0.171142,0.190506,0.265815,0.33708,-50.8498,-36.2055,-20.649,21.0009,36.2055,50.8498
MAFR,HYPERNETS,PACE,634,RHOW,32,28,15,15,0.552,0.7813,0.4751,0.6428,0.8697,-0.010345,0.005886,0.017882,NA,TRUE,FALSE,0.026511,0.02074,26.4715,-0.336386,-0.264533,-0.16677,0.1851,0.264533,0.336386,-50.6913,-35.968,-20.0154,21.1631,35.968,50.6913
MAFR,HYPERNETS,PACE,635,RHOW,32,28,15,15,0.5541,0.7815,0.4768,0.6444,0.871,-0.010255,0.005913,0.017875,NA,TRUE,FALSE,0.026323,0.020541,26.2446,-0.335767,-0.258003,-0.16166,0.181946,0.258003,0.335767,-50.55,-34.7714,-19.2834,20.769,34.7714,50.55
MAFR,HYPERNETS,PACE,636,RHOW,32,28,15,15,0.5561,0.7846,0.4784,0.6463,0.873,-0.010338,0.005814,0.017772,NA,TRUE,FALSE,0.026237,0.020472,26.2361,-0.33378,-0.258623,-0.16484,0.184226,0.258623,0.33378,-50.1007,-34.8841,-19.738,21.152,34.8841,50.1007
MAFR,HYPERNETS,PACE,637,RHOW,32,28,15,15,0.5573,0.7857,0.4793,0.6471,0.8735,-0.010343,0.00577,0.017706,NA,TRUE,FALSE,0.026203,0.020437,26.2137,-0.333099,-0.25642,-0.164517,0.183147,0.25642,0.333099,-49.9475,-34.4846,-19.6912,21.0262,34.4846,49.9475
MAFR,HYPERNETS,PACE,638,RHOW,32,28,15,15,0.5565,0.7852,0.4787,0.6465,0.873,-0.010316,0.005787,0.017711,NA,TRUE,FALSE,0.026231,0.020449,26.2755,-0.333273,-0.254264,-0.166871,0.184514,0.254264,0.333273,-49.9868,-34.0957,-20.0298,21.5803,34.0957,49.9868
MAFR,HYPERNETS,PACE,639,RHOW,32,28,15,15,0.5565,0.7852,0.4788,0.6469,0.8739,-0.01034,0.005768,0.01769,NA,TRUE,FALSE,0.026196,0.020391,26.2345,-0.331872,-0.255549,-0.16551,0.182581,0.255549,0.331872,-49.672,-34.3272,-19.8339,21.4572,34.3272,49.672
MAFR,HYPERNETS,PACE,640,RHOW,32,28,15,15,0.5562,0.7844,0.4785,0.6465,0.8733,-0.010208,0.00584,0.017719,NA,TRUE,FALSE,0.026126,0.020276,26.1015,-0.331587,-0.252794,-0.162566,0.17914,0.252794,0.331587,-49.6081,-33.832,-19.4125,21.1903,33.832,49.6081
MAFR,HYPERNETS,PACE,641,RHOW,32,28,15,15,0.5572,0.7853,0.4793,0.6473,0.874,-0.010216,0.005796,0.017653,NA,TRUE,FALSE,0.026067,0.02021,26.0648,-0.331034,-0.246291,-0.163394,0.18187999999999999,0.246291,0.331034,-49.4847,-32.6772,-19.5318,21.4863,32.6772,49.4847
MAFR,HYPERNETS,PACE,642,RHOW,32,28,15,15,0.5545,0.7816,0.477,0.6446,0.8711,-0.010065,0.005881,0.01768,NA,TRUE,FALSE,0.026148,0.02027,26.1999,-0.332468,-0.246599,-0.161176,0.178853,0.246599,0.332468,-49.806,-32.7314,-19.2146,21.5125,32.7314,49.806
MAFR,HYPERNETS,PACE,643,RHOW,32,28,15,15,0.5529,0.7832,0.4758,0.6429,0.8689,-0.010098,0.005767,0.017507000000000002,NA,TRUE,FALSE,0.026265,0.020412,26.4808,-0.336493,-0.250819,-0.166934,0.183765,0.250819,0.336493,-50.716,-33.4792,-20.0386,21.7066,33.4792,50.716
MAFR,HYPERNETS,PACE,644,RHOW,32,28,15,15,0.5496,0.7806,0.4729,0.6396,0.865,-0.009916,0.005865,0.017534,NA,TRUE,FALSE,0.026371,0.020481,26.6213,-0.337231,-0.255583,-0.166074,0.184414,0.255583,0.337231,-50.8826,-34.3334,-19.9153,21.9462,34.3334,50.8826
MAFR,HYPERNETS,PACE,645,RHOW,32,28,15,15,0.5471,0.779,0.4708,0.637,0.8619,-0.009806,0.005893,0.017497,NA,TRUE,FALSE,0.026462,0.020546,26.7286,-0.339446,-0.254345,-0.165523,0.187852,0.254345,0.339446,-51.3885,-34.1102,-19.842,22.1777,34.1102,51.3885
MAFR,HYPERNETS,PACE,646,RHOW,32,28,15,15,0.5413,0.7797,0.466,0.6314,0.8555,-0.009863,0.005743,0.01726,NA,TRUE,FALSE,0.026883,0.020966,27.3845,-0.344516,-0.261472,-0.175415,0.198062,0.261472,0.344516,-52.5593,-35.4045,-21.2782,22.303,35.4045,52.5593
MAFR,HYPERNETS,PACE,647,RHOW,32,28,15,15,0.5345,0.7774,0.4604,0.6254,0.8494,-0.009874,0.005678,0.017128,NA,TRUE,FALSE,0.027315,0.021358,28.0039,-0.350823,-0.270837,-0.181346,0.203354,0.270837,0.350823,-54.0415,-37.1435,-22.156,22.7403,37.1435,54.0415
MAFR,HYPERNETS,PACE,648,RHOW,32,28,15,15,0.5298,0.7763,0.4564,0.6202,0.8428,-0.009727,0.005665,0.016992,NA,TRUE,FALSE,0.027562,0.021586,28.3684,-0.354479,-0.279937,-0.183575,0.205014,0.279937,0.354479,-54.9136,-38.8767,-22.5009,22.8966,38.8767,54.9136
MAFR,HYPERNETS,PACE,649,RHOW,32,28,15,15,0.5296,0.7762,0.4561,0.6194,0.8412,-0.009572,0.005714,0.016969,NA,TRUE,FALSE,0.027509,0.021516,28.3417,-0.354821,-0.27457,-0.184393,0.205555,0.27457,0.354821,-54.9958,-37.8492,-22.6188,22.9145,37.8492,54.9958
MAFR,HYPERNETS,PACE,650,RHOW,32,28,15,15,0.5285,0.7746,0.4554,0.6193,0.8422,-0.009563,0.005745,0.017001,NA,TRUE,FALSE,0.027457,0.021405,28.2516,-0.355154,-0.269848,-0.182448,0.205502,0.269848,0.355154,-55.0757,-36.9578,-22.3252,22.863,36.9578,55.0757
MAFR,HYPERNETS,PACE,651,RHOW,32,28,15,15,0.5305,0.777,0.4571,0.6215,0.845,-0.009631,0.005657,0.016901,NA,TRUE,FALSE,0.027322,0.021255,28.1828,-0.352844,-0.277422,-0.181032,0.200468,0.277422,0.352844,-54.5222,-38.3933,-22.1068,22.6053,38.3933,54.5222
MAFR,HYPERNETS,PACE,652,RHOW,32,28,15,15,0.5322,0.779,0.4588,0.6251,0.8517,-0.009822,0.005545,0.016823,NA,TRUE,FALSE,0.027031,0.020913,27.9799,-0.355406,-0.271891,-0.180724,0.202066,0.271891,0.355406,-55.138,-37.3421,-22.0651,23.1798,37.3421,55.138
MAFR,HYPERNETS,PACE,653,RHOW,32,28,15,15,0.5365,0.7851,0.4623,0.6292,0.8563,-0.010093,0.0052,0.016437,NA,TRUE,FALSE,0.026827,0.020788,28.0942,-0.356111,-0.27643,-0.186906,0.202462,0.27643,0.356111,-55.3095,-38.2036,-22.988,23.1353,38.2036,55.3095
MAFR,HYPERNETS,PACE,654,RHOW,32,28,15,15,0.5347,0.7815,0.461,0.6283,0.8563,-0.009883,0.005343,0.016513,NA,TRUE,FALSE,0.026642,0.020522,27.8911,-0.35224,-0.271522,-0.181046,0.198844,0.271522,0.35224,-54.3781,-37.2725,-22.1082,23.223,37.2725,54.3781
MAFR,HYPERNETS,PACE,655,RHOW,32,28,15,15,0.5314,0.7742,0.4582,0.6252,0.8531,-0.009501,0.005593,0.016657,NA,TRUE,FALSE,0.026548,0.02032,27.6717,-0.351678,-0.260167,-0.172453,0.190671,0.260167,0.351678,-54.2446,-35.1657,-20.8413,23.3584,35.1657,54.2446
MAFR,HYPERNETS,PACE,656,RHOW,32,28,15,15,0.5355,0.7785,0.4616,0.6293,0.8578,-0.009489,0.005448,0.016405,NA,TRUE,FALSE,0.026084,0.019855,27.3767,-0.351792,-0.25395,-0.172239,0.189383,0.25395,0.351792,-54.2715,-34.0393,-20.8118,23.373,34.0393,54.2715
MAFR,HYPERNETS,PACE,657,RHOW,32,28,15,15,0.5362,0.7808,0.4623,0.6307,0.8602,-0.009577,0.00526,0.016137,NA,TRUE,FALSE,0.02591,0.019678,27.4724,-0.352511,-0.25329,-0.17455,0.192366,0.255934,0.352511,-54.4429,-33.9208,-21.1518,23.8276,33.9208,54.4429
MAFR,HYPERNETS,PACE,658,RHOW,32,28,15,15,0.5369,0.7827,0.4629,0.6311,0.8605,-0.009497,0.005186,0.015955,NA,TRUE,FALSE,0.025751,0.019497,27.5006,-0.352811,-0.247193,-0.177575,0.191959,0.262693,0.352811,-54.5145,-32.8362,-21.5925,23.7681,32.8362,54.5145
MAFR,HYPERNETS,PACE,659,RHOW,32,28,15,15,0.5388,0.7858,0.4646,0.6337,0.8643,-0.009519,0.005125,0.015862,NA,TRUE,FALSE,0.025483,0.019184,27.2313,-0.348565,-0.245832,-0.177648,0.188415,0.257785,0.348565,-53.5085,-32.5965,-21.6025,23.2245,32.5965,53.5085
MAFR,HYPERNETS,PACE,660,RHOW,32,28,15,15,0.5387,0.7832,0.4647,0.6347,0.8669,-0.009488,0.005144,0.015857,NA,TRUE,FALSE,0.025312,0.018948,27.0161,-0.349804,-0.244681,-0.170567,0.181449,0.266567,0.349804,-53.8,-32.3945,-20.5644,22.1776,32.3945,53.8
MAFR,HYPERNETS,PACE,661,RHOW,32,28,15,15,0.5401,0.7869,0.466,0.6372,0.8713,-0.009687,0.004959,0.01567,NA,TRUE,FALSE,0.025194,0.018808,27.0589,-0.347532,-0.241784,-0.174023,0.186009,0.268241,0.347532,-53.2643,-31.8885,-21.069,22.8616,31.8885,53.2643
MAFR,HYPERNETS,PACE,662,RHOW,32,28,15,15,0.5399,0.7899,0.466,0.6375,0.8721,-0.00975,0.004844,0.015512,NA,TRUE,FALSE,0.025177,0.018747,27.1404,-0.348633,-0.246398,-0.17956,0.189198,0.264672,0.348633,-53.5235,-32.696,-21.8882,23.3366,32.696,53.5235
MAFR,HYPERNETS,PACE,663,RHOW,32,28,15,15,0.5391,0.7904,0.4653,0.6372,0.8724,-0.009873,0.004694,0.015333,NA,TRUE,FALSE,0.025229,0.018805,27.366,-0.349567,-0.247314,-0.18023,0.190845,0.263632,0.349567,-53.7441,-32.8575,-21.986,23.5917,32.8575,53.7441
MAFR,HYPERNETS,PACE,664,RHOW,32,28,15,15,0.5376,0.7886,0.4643,0.6367,0.8731,-0.00981,0.004766,0.015396,NA,TRUE,FALSE,0.025179,0.018672,27.2262,-0.349167,-0.243812,-0.176934,0.187002,0.268927,0.349167,-53.6493,-32.2423,-21.5009,23.0027,32.2423,53.6493
MAFR,HYPERNETS,PACE,665,RHOW,32,28,15,15,0.5382,0.7886,0.4647,0.6369,0.8729,-0.009722,0.004773,0.01535,NA,TRUE,FALSE,0.025082,0.018572,27.1555,-0.349594,-0.240897,-0.176362,0.187999,0.271453,0.349594,-53.7502,-31.7344,-21.4185,23.1537,31.7344,53.7502
MAFR,HYPERNETS,PACE,666,RHOW,32,28,15,15,0.5403,0.7928,0.4663,0.6383,0.8737,-0.009804,0.004614,0.015148,NA,TRUE,FALSE,0.025019,0.018569,27.3053,-0.350118,-0.240593,-0.182485,0.194471,0.267557,0.350118,-53.8742,-31.6817,-22.3306,24.1425,31.6817,53.8742
MAFR,HYPERNETS,PACE,667,RHOW,32,28,15,15,0.5393,0.7941,0.4655,0.637,0.8718,-0.009819,0.004536,0.015026,NA,TRUE,FALSE,0.025101,0.018664,27.5207,-0.352256,-0.246155,-0.18672,0.19791,0.262959,0.352256,-54.3821,-32.6533,-22.9658,24.6749,32.6533,54.3821
MAFR,HYPERNETS,PACE,668,RHOW,32,28,15,15,0.5399,0.7956,0.466,0.638,0.8733,-0.009921,0.00443,0.014914,NA,TRUE,FALSE,0.025066,0.018633,27.5603,-0.354323,-0.248717,-0.187984,0.196231,0.258998,0.354323,-54.8768,-33.1056,-23.1517,24.4156,33.1056,54.8768
MAFR,HYPERNETS,PACE,669,RHOW,32,28,15,15,0.5387,0.7935,0.4651,0.6371,0.8727,-0.009825,0.004499,0.014956,NA,TRUE,FALSE,0.025044,0.018571,27.5035,-0.353882,-0.245309,-0.18627,0.193045,0.265398,0.353882,-54.7713,-32.5046,-22.8919,23.9239,32.5046,54.7713
MAFR,HYPERNETS,PACE,670,RHOW,32,28,15,15,0.5374,0.7926,0.4642,0.6366,0.873,-0.009842,0.004509,0.014972,NA,TRUE,FALSE,0.025076,0.018564,27.5323,-0.354937,-0.243369,-0.18686,0.193154,0.268844,0.354937,-55.0247,-32.1648,-22.9809,23.9404,32.1648,55.0247
MAFR,HYPERNETS,PACE,671,RHOW,32,28,15,15,0.5378,0.7942,0.4644,0.6362,0.8717,-0.009777,0.004476,0.014879,NA,TRUE,FALSE,0.025031,0.018542,27.5719,-0.355828,-0.245064,-0.189771,0.19198,0.264582,0.355828,-55.2381,-32.4615,-23.4219,23.7595,32.4615,55.2381
MAFR,HYPERNETS,PACE,672,RHOW,32,28,15,15,0.5365,0.7935,0.4632,0.6346,0.8693,-0.009639,0.004521,0.014858,NA,TRUE,FALSE,0.025016,0.018508,27.5779,-0.354964,-0.243129,-0.188521,0.195939,0.26322,0.354964,-55.0304,-32.1229,-23.2359,24.3687,32.1229,55.0304
MAFR,HYPERNETS,PACE,673,RHOW,32,28,15,15,0.5354,0.7927,0.4624,0.634,0.8694,-0.00967,0.004494,0.014824,NA,TRUE,FALSE,0.025041,0.018511,27.6301,-0.357695,-0.245126,-0.188564,0.195322,0.261849,0.357695,-55.6915,-32.4725,-23.2417,24.2734,32.4725,55.6915
MAFR,HYPERNETS,PACE,674,RHOW,32,28,15,15,0.5347,0.7912,0.4619,0.6337,0.8695,-0.009673,0.004501,0.014831,NA,TRUE,FALSE,0.025052,0.018522,27.708,-0.35812,-0.245298,-0.187782,0.193774,0.270868,0.35812,-55.7955,-32.5026,-23.1213,24.035,32.5026,55.7955
MAFR,HYPERNETS,PACE,675,RHOW,32,28,15,15,0.5359,0.7917,0.4628,0.6345,0.87,-0.009692,0.004446,0.014757,NA,TRUE,FALSE,0.02499,0.018495,27.7124,-0.358545,-0.245232,-0.186992,0.192218,0.269715,0.358545,-55.8999,-32.4911,-23.0007,23.7965,32.4911,55.8999
MAFR,HYPERNETS,PACE,676,RHOW,32,28,15,15,0.5365,0.7926,0.4632,0.6345,0.8691,-0.009634,0.004413,0.014668,NA,TRUE,FALSE,0.024915,0.018455,27.7253,-0.358118,-0.245167,-0.188269,0.193748,0.265531,0.358118,-55.7964,-32.4796,-23.1944,24.0312,32.4796,55.7964
MAFR,HYPERNETS,PACE,677,RHOW,32,28,15,15,0.5369,0.7943,0.4636,0.6352,0.8703,-0.009723,0.004331,0.014588,NA,TRUE,FALSE,0.024906,0.018445,27.7804,-0.359029,-0.244855,-0.190576,0.195746,0.263043,0.359029,-56.0158,-32.4249,-23.5464,24.339,32.4249,56.0158
MAFR,HYPERNETS,PACE,678,RHOW,32,28,15,15,0.5356,0.7935,0.4625,0.6336,0.868,-0.009598,0.004374,0.014573,NA,TRUE,FALSE,0.024915,0.018435,27.8039,-0.360011,-0.238037,-0.192683,0.19855,0.262552,0.360011,-56.2548,-31.24,-23.8702,24.7739,31.24,56.2548
MAFR,HYPERNETS,PACE,679,RHOW,32,28,15,15,0.5354,0.7922,0.4624,0.6338,0.8688,-0.009609,0.004353,0.014539,NA,TRUE,FALSE,0.024858,0.018373,27.7861,-0.361028,-0.237765,-0.191499,0.196806,0.266002,0.361028,-56.5023,-31.1932,-23.6866,24.5035,31.1932,56.5023
MAFR,HYPERNETS,PACE,680,RHOW,32,28,15,15,0.5338,0.7911,0.4611,0.6328,0.8684,-0.009638,0.004331,0.01451,NA,TRUE,FALSE,0.024897,0.018402,27.8735,-0.364961,-0.238051,-0.191956,0.197695,0.264025,0.364961,-57.4801,-31.2424,-23.7569,24.6413,31.2424,57.4801
MAFR,HYPERNETS,PACE,681,RHOW,32,28,15,15,0.5308,0.7882,0.4589,0.6311,0.868,-0.009586,0.004405,0.014578,NA,TRUE,FALSE,0.024918,0.018348,27.8188,-0.365071,-0.236263,-0.190749,0.194316,0.265237,0.365071,-57.5102,-30.9351,-23.5715,24.1182,30.9351,57.5102
MAFR,HYPERNETS,PACE,682,RHOW,32,28,15,15,0.5285,0.785,0.457,0.6293,0.8665,-0.009503,0.004468,0.014615,NA,TRUE,FALSE,0.024966,0.01832,27.7387,-0.366511,-0.228075,-0.186653,0.191755,0.264031,0.366511,-57.8637,-29.5462,-22.9489,23.7265,29.5462,57.8637
MAFR,HYPERNETS,PACE,683,RHOW,32,28,15,15,0.5286,0.7885,0.4573,0.6303,0.8687,-0.009621,0.004382,0.014541,NA,TRUE,FALSE,0.024965,0.018284,27.8194,-0.364375,-0.232594,-0.189218,0.195398,0.263185,0.364375,-57.3255,-30.3091,-23.3389,24.2858,30.3091,57.3255
MAFR,HYPERNETS,PACE,684,RHOW,32,28,15,15,0.5262,0.7923,0.4555,0.6287,0.8679,-0.009901,0.004112,0.014264,NA,TRUE,FALSE,0.02522,0.018579,28.5141,-0.368913,-0.245187,-0.200291,0.207265,0.261808,0.368913,-58.4577,-32.4831,-25.0495,26.1185,32.4831,58.4577
MAFR,HYPERNETS,PACE,685,RHOW,32,28,15,15,0.5228,0.7919,0.4527,0.6257,0.8649,-0.009955,0.004035,0.014157,NA,TRUE,FALSE,0.025428,0.018792,28.928,-0.375736,-0.255608,-0.203198,0.211677,0.260455,0.375736,-60.1898,-34.3378,-25.5059,26.2916,34.3378,60.1898
MAFR,HYPERNETS,PACE,686,RHOW,32,28,15,15,0.5188,0.7897,0.4498,0.6235,0.8642,-0.010008,0.004017,0.014135,NA,TRUE,FALSE,0.025544,0.018844,29.0958,-0.380919,-0.252714,-0.204751,0.216093,0.260767,0.380919,-61.5299,-33.8175,-25.7532,26.5495,33.8175,61.5299
MAFR,HYPERNETS,PACE,687,RHOW,32,28,15,15,0.5139,0.7883,0.446,0.6198,0.8612,-0.010047,0.003918,0.013967,NA,TRUE,FALSE,0.025728,0.018965,29.4294,-0.382062,-0.26824,-0.202504,0.215279,0.26824,0.382062,-61.8313,-36.6568,-25.3964,25.79,36.6568,61.8313
MAFR,HYPERNETS,PACE,688,RHOW,32,28,15,15,0.5116,0.7882,0.4444,0.6185,0.861,-0.010178,0.003757,0.013768,NA,TRUE,FALSE,0.02579,0.019046,29.7942,-0.379791,-0.284313,-0.205931,0.216323,0.284313,0.379791,-61.2361,-39.7258,-25.938,26.0786,39.7258,61.2361
MAFR,HYPERNETS,PACE,689,RHOW,32,28,15,15,0.5082,0.7827,0.4416,0.6151,0.8568,-0.009886,0.0039,0.013796,NA,TRUE,FALSE,0.025707,0.018904,29.5826,-0.376755,-0.289311,-0.199612,0.201969,0.289311,0.376755,-60.4568,-40.7084,-24.9394,24.9394,40.7084,60.4568
MAFR,HYPERNETS,PACE,690,RHOW,32,28,15,15,0.5076,0.781,0.4408,0.613,0.8524,-0.00957,0.00399,0.013741,NA,TRUE,FALSE,0.025544,0.018776,29.5239,-0.377808,-0.281149,-0.198006,0.203784,0.281149,0.377808,-60.7325,-39.111,-24.6907,25.022,39.111,60.7325
MAFR,HYPERNETS,PACE,691,RHOW,32,28,15,15,0.5053,0.7777,0.4392,0.6122,0.8534,-0.009404,0.004113,0.01381,NA,TRUE,FALSE,0.025323,0.018496,29.3108,-0.37702,-0.276011,-0.19545,0.200545,0.276011,0.37702,-60.5248,-38.1237,-24.2941,25.0855,38.1237,60.5248
MAFR,HYPERNETS,PACE,692,RHOW,32,28,15,15,0.4956,0.7727,0.4305,0.5993,0.8344,-0.008755,0.004287,0.013654,NA,TRUE,FALSE,0.025558,0.018779,29.9824,-0.38673,-0.27323,-0.201606,0.207979,0.27323,0.38673,-63.0613,-37.5951,-25.254,25.5988,37.5951,63.0613
MAFR,HYPERNETS,PACE,693,RHOW,32,28,15,15,0.4827,0.7661,0.4198,0.5857,0.8172,-0.008292,0.004409,0.013513,NA,TRUE,FALSE,0.025932,0.019101,30.688,-0.399983,-0.275605,-0.203955,0.217096,0.275605,0.399983,-66.6651,-38.0462,-25.6293,25.6293,38.0462,66.6651
MAFR,HYPERNETS,PACE,694,RHOW,32,28,15,15,0.4736,0.7624,0.4122,0.5765,0.8061,-0.007992,0.004476,0.013392,NA,TRUE,FALSE,0.026181,0.019277,31.2298,-0.410065,-0.280208,-0.212158,0.2234,0.280208,0.410065,-69.5103,-38.9291,-26.9407,26.9407,38.9291,69.5103
MAFR,HYPERNETS,PACE,695,RHOW,32,28,15,15,0.4755,0.7604,0.4137,0.5779,0.8074,-0.007792,0.004518,0.013329,NA,TRUE,FALSE,0.025775,0.018911,30.9321,-0.409516,-0.267202,-0.206,0.219114,0.267202,0.409516,-69.3537,-36.4633,-25.9597,26.3019,36.4633,69.3537
MAFR,HYPERNETS,PACE,696,RHOW,32,28,15,15,0.4739,0.7563,0.4124,0.5764,0.8055,-0.007505,0.004667,0.013376,NA,TRUE,FALSE,0.025572,0.018645,30.6652,-0.410322,-0.261021,-0.19577,0.215007,0.261021,0.410322,-69.5849,-35.3218,-24.3636,26.3353,35.3218,69.5849
MAFR,HYPERNETS,PACE,697,RHOW,32,28,15,15,0.4758,0.7578,0.4145,0.5804,0.8128,-0.007645,0.004537,0.013236,NA,TRUE,FALSE,0.025233,0.018267,30.3734,-0.408392,-0.255826,-0.194411,0.210543,0.262941,0.408392,-69.0326,-34.3771,-24.1509,26.2895,34.3771,69.0326
MAFR,HYPERNETS,PACE,698,RHOW,32,28,15,15,0.4757,0.7586,0.4146,0.5811,0.8145,-0.007687,0.004405,0.013031,NA,TRUE,FALSE,0.025056,0.018094,30.4326,-0.410315,-0.255794,-0.192714,0.209915,0.264163,0.410315,-69.5863,-34.3715,-23.886,26.0964,34.3715,69.5863
MAFR,HYPERNETS,PACE,699,RHOW,32,28,15,15,0.4709,0.7551,0.4106,0.5761,0.8083,-0.007455,0.004389,0.012831,NA,TRUE,FALSE,0.024987,0.018007,30.6195,-0.413985,-0.246135,-0.191582,0.213122,0.25999,0.413985,-70.6487,-32.6498,-23.7225,26.0969,32.6498,70.6487
MAFR,HYPERNETS,PACE,700,RHOW,32,28,15,15,0.4706,0.752,0.4108,0.5774,0.8117,-0.007256,0.00448,0.012829,NA,TRUE,FALSE,0.024516,0.017484,30.0927,-0.410156,-0.232691,-0.188148,0.204763,0.273678,0.410156,-69.5369,-30.3255,-23.1986,25.7487,30.3255,69.5369
MAFR,HYPERNETS,PACE,701,RHOW,32,28,15,15,0.4682,0.7477,0.4094,0.5773,0.814,-0.007064,0.004598,0.012869,NA,TRUE,FALSE,0.024181,0.017032,29.5494,-0.40881,-0.237478,-0.17288,0.191256,0.28183,0.40881,-69.1516,-31.1437,-20.9253,23.6489,31.1437,69.1516
MAFR,HYPERNETS,PACE,702,RHOW,32,28,15,15,0.4707,0.747,0.411,0.5782,0.8134,-0.006858,0.004493,0.012561,NA,TRUE,FALSE,0.023671,0.016653,29.4208,-0.412019,-0.23046,-0.167381,0.190077,0.286655,0.412019,-70.0748,-29.9478,-20.1454,23.4685,29.9478,70.0748
MAFR,HYPERNETS,PACE,703,RHOW,32,28,15,15,0.4692,0.7486,0.4102,0.5785,0.8158,-0.0068,0.004459,0.012442,NA,TRUE,FALSE,0.023413,0.016318,29.2334,-0.410278,-0.224886,-0.168205,0.185815,0.286666,0.410278,-69.5713,-29.0133,-20.2467,22.8222,29.0133,69.5713
MAFR,HYPERNETS,PACE,704,RHOW,32,28,15,15,0.4694,0.747,0.4108,0.5802,0.8194,-0.006738,0.004409,0.012302,NA,TRUE,FALSE,0.02305,0.015907,28.7975,-0.40849800000000003,-0.219406,-0.155397,0.179979,0.285164,0.40849800000000003,-69.0623,-28.1076,-18.4425,21.9484,28.5164,69.0623
MAFR,HYPERNETS,PACE,705,RHOW,32,28,15,15,0.4694,0.7419,0.411,0.5811,0.8217,-0.006484,0.004541,0.012339,NA,TRUE,FALSE,0.022665,0.015546,28.3553,-0.407804,-0.196394,-0.144349,0.166869,0.30758,0.407804,-68.8634,-24.4391,-16.9043,20.0294,30.758,68.8634
MAFR,HYPERNETS,PACE,706,RHOW,32,28,15,15,0.4712,0.7386,0.4132,0.5855,0.8297,-0.006345,0.004622,0.012361,NA,TRUE,FALSE,0.022102,0.014993,27.6296,-0.402987,-0.193352,-0.126154,0.152618,0.30311,0.402987,-67.5004,-23.9698,-14.479,18.0111,32.5443,67.5004
MAFR,HYPERNETS,PACE,707,RHOW,32,28,15,15,0.4712,0.7392,0.4134,0.5864,0.8318,-0.006273,0.00452,0.01213,NA,TRUE,FALSE,0.021749,0.014706,27.6337,-0.403801,-0.18465,-0.127827,0.150506,0.302324,0.403801,-67.7296,-22.6468,-14.6839,17.7182,33.2536,67.7296
MAFR,HYPERNETS,PACE,708,RHOW,32,28,15,15,0.4665,0.7381,0.4101,0.5832,0.8295,-0.006145,0.004477,0.011946,NA,TRUE,FALSE,0.021615,0.014524,27.6772,-0.405264,-0.175364,-0.128849,0.147782,0.302506,0.405264,-68.1429,-21.2657,-14.8059,17.3427,33.0667,68.1429
MAFR,HYPERNETS,PACE,709,RHOW,32,28,15,15,0.4654,0.7388,0.4089,0.5812,0.8261,-0.005977,0.004362,0.011637,NA,TRUE,FALSE,0.021331,0.014353,27.8898,-0.409524,-0.176099,-0.128524,0.147432,0.302839,0.409524,-69.3552,-21.3737,-14.7589,17.2964,32.8962,69.3552
MAFR,HYPERNETS,PACE,710,RHOW,32,28,15,15,0.4699,0.7367,0.4128,0.5865,0.8333,-0.005746,0.004393,0.011529,NA,TRUE,FALSE,0.020586,0.013708,27.0482,-0.404134,-0.156089,-0.113211,0.131339,0.293566,0.404134,-67.8236,-18.4959,-12.7685,15.1321,34.6788,67.8236
MAFR,HYPERNETS,PACE,711,RHOW,32,28,15,15,0.4703,0.7324,0.4141,0.5905,0.8421,-0.00557,0.004481,0.011529,NA,TRUE,FALSE,0.019999,0.013166,26.3257,-0.397817,-0.140626,-0.093123,0.112122,0.284223,0.397817,-66.0627,-16.3637,-10.2692,12.6459,36.9794,66.0627
MAFR,HYPERNETS,PACE,712,RHOW,32,28,15,15,0.4673,0.7346,0.412,0.5886,0.8408,-0.005422,0.004348,0.011187,NA,TRUE,FALSE,0.019601,0.012902,26.6403,-0.402532,-0.148532,-0.10195,0.114065,0.280029,0.402532,-67.373,-17.4442,-11.3524,12.8847,36.7635,67.373
MAFR,HYPERNETS,PACE,713,RHOW,32,28,15,15,0.4589,0.7304,0.4051,0.5798,0.8299,-0.005173,0.004221,0.010785,NA,TRUE,FALSE,0.019434,0.012775,27.0632,-0.411309,-0.156454,-0.099893,0.118079,0.293291,0.411309,-69.8689,-18.5472,-11.1016,13.3974,36.1891,69.8689
MAFR,HYPERNETS,PACE,714,RHOW,32,28,15,15,0.4411,0.7289,0.3905,0.5608,0.8055,-0.004888,0.004015,0.010214,NA,TRUE,FALSE,0.019625,0.012959,28.4934,-0.430374,-0.17760600000000001,-0.1261,0.138474,0.313177,0.430374,-75.5541,-21.5963,-14.4318,16.0767,33.138,75.5541
MAFR,HYPERNETS,PACE,715,RHOW,32,28,15,15,0.4213,0.7257,0.3739,0.5386,0.776,-0.004455,0.003923,0.009738,NA,TRUE,FALSE,0.019844,0.013164,29.9797,-0.450133,-0.206048,-0.15107400000000001,0.159591,0.305271,0.450133,-81.8678,-25.9522,-17.8016,18.9897,30.5271,81.8678
MAFR,HYPERNETS,PACE,716,RHOW,32,28,15,15,0.4025,0.7259,0.3578,0.5168,0.7463,-0.004089,0.003764,0.009202,NA,TRUE,FALSE,0.020026,0.013289,31.3985,-0.469718,-0.233615,-0.17284,0.193217,0.261874,0.469718,-88.5986,-30.4828,-20.9102,23.9545,30.4828,88.5986
MAFR,HYPERNETS,PACE,717,RHOW,32,28,15,15,0.3839,0.7233,0.3419,0.4947,0.7158,-0.003719,0.003593,0.008647,NA,TRUE,FALSE,0.020156,0.013521,33.2438,-0.487363,-0.26123,-0.196508,0.220046,0.26123,0.487363,-95.0811,-35.3601,-24.4935,25.3161,35.3601,95.0811
MAFR,HYPERNETS,PACE,718,RHOW,32,28,15,15,0.3594,0.7151,0.3213,0.4669,0.6784,-0.0033,0.003438,0.008074,NA,TRUE,FALSE,0.020397,0.013849,35.4481,-0.508773,-0.294494,-0.223932,0.223932,0.294494,0.508773,-103.5774,-41.7421,-28.8991,28.8991,41.7421,103.5774
MAFR_pixel,HYPERNETS,PACE,350,RHOW,23,23,5,5,2.2812,1.1567,1.1219,3.4681,10.7212,-0.122326,-0.02297,0.009169,NA,TRUE,FALSE,0.014566,0.011063,77.1433,0.507873,0.701048,0.950729,0.507873,0.701048,0.950729,50.7873,70.1048,95.0729,50.7873,70.1048,95.0729
MAFR_pixel,HYPERNETS,PACE,351,RHOW,23,23,5,5,2.2948,1.1613,1.1357,3.5449,11.0647,-0.126933,-0.024063,0.0088940000000000009,NA,TRUE,FALSE,0.014533,0.011032,76.9789,0.506638,0.702017,0.915236,0.506638,0.702017,0.915236,50.6638,70.2017,91.5236,50.6638,70.2017,91.5236
MAFR_pixel,HYPERNETS,PACE,352,RHOW,23,23,6,6,1.7944,0.8543,1.3846,3.9052,11.0147,-0.13294,-0.033025,0.002399,NA,TRUE,FALSE,0.013329,0.010039,68.8628,0.084441,0.595402,0.815125,0.405441,0.595402,0.815125,6.3549,59.1199,81.4106,51.2336,66.2227,81.4106
MAFR_pixel,HYPERNETS,PACE,353,RHOW,23,23,6,6,1.8704,0.8983,1.407,3.9406,11.0367,-0.133453,-0.033674,0.001951,NA,TRUE,FALSE,0.01319,0.009895,67.4477,0.077423,0.581043,0.788555,0.396933,0.581043,0.788555,5.9031,57.5237,78.8061,48.6189,66.4781,78.8061
MAFR_pixel,HYPERNETS,PACE,354,RHOW,23,23,6,6,1.8771,0.9066,1.4118,3.9539,11.0735,-0.134317,-0.033934,0.001909,NA,TRUE,FALSE,0.013186,0.009865,66.9963,0.084563,0.580173,0.789265,0.391737,0.580173,0.789265,6.805,57.3348,78.8897,47.5072,66.5999,78.8897
MAFR_pixel,HYPERNETS,PACE,355,RHOW,23,23,6,6,1.8923,0.9274,1.4221,3.9821,11.1501,-0.136673,-0.034736,0.00167,NA,TRUE,FALSE,0.013136,0.009794,65.8373,0.086159,0.57804,0.753125,0.386914,0.57804,0.753125,7.0761,57.037,75.3088,46.5048,66.5393,75.3088
MAFR_pixel,HYPERNETS,PACE,356,RHOW,23,23,6,6,1.9172,0.9369,1.3915,3.8538,10.6735,-0.131619,-0.033483,0.00195,NA,TRUE,FALSE,0.012975,0.009715,64.3456,0.089309,0.574376,0.746704,0.387098,0.574376,0.746704,7.4598,56.6613,74.6679,46.2642,66.6283,74.6679
MAFR_pixel,HYPERNETS,PACE,357,RHOW,23,23,6,6,1.9063,0.9341,1.3708,3.7843,10.4474,-0.129773,-0.032703,0.002459,NA,TRUE,FALSE,0.01307,0.009753,64.1603,0.120038,0.595799,0.741797,0.375718,0.595799,0.741797,10.5318,58.943600000000004,74.1796,47.4132,63.5034,74.1796
MAFR_pixel,HYPERNETS,PACE,358,RHOW,23,23,7,7,2.1212,2.1715,1.4261,2.9923,6.2787,-0.063674,-0.019983,8.39e-4,NA,TRUE,FALSE,0.012339,0.0091,66.8629,-0.135194,0.488441,0.751131,0.404588,0.745746,0.753556,-18.3897,48.8441,75.1123,48.0288,74.5746,112.3856
MAFR_pixel,HYPERNETS,PACE,359,RHOW,23,23,6,6,1.952,0.9627,1.3668,3.7358,10.2104,-0.127411,-0.031991,0.002921,NA,TRUE,FALSE,0.013231,0.010008,65.295,0.172089,0.610866,0.755094,0.35329,0.610866,0.755094,15.9628,60.5874,75.5064,45.7394,60.5874,75.5064
MAFR_pixel,HYPERNETS,PACE,360,RHOW,23,23,6,6,2.0036,0.9885,1.3666,3.693,9.9798,-0.12437,-0.03138,0.003031,NA,TRUE,FALSE,0.013223,0.010075,65.3864,0.190779,0.610716,0.765956,0.345322,0.610716,0.765956,17.977,60.5837,76.5871,44.0444,60.5837,76.5871
MAFR_pixel,HYPERNETS,PACE,361,RHOW,23,23,6,6,2.0454,1.0108,1.3639,3.6445,9.7387,-0.12126,-0.03072,0.003162,NA,TRUE,FALSE,0.013213,0.010137,65.4066,0.209429,0.610567,0.772675,0.338035,0.610567,0.772675,19.9765,60.5799,77.2535,42.532,60.5799,77.2535
MAFR_pixel,HYPERNETS,PACE,362,RHOW,23,23,6,6,2.0412,1.025,1.3615,3.6386,9.7244,-0.121891,-0.030966,0.003055,NA,TRUE,FALSE,0.013129,0.009977,63.9752,0.191658,0.59678,0.748669,0.325554,0.59678,0.748669,18.2178,59.1272,74.8633,40.6358,59.1272,74.8633
MAFR_pixel,HYPERNETS,PACE,363,RHOW,23,23,6,6,2.0106,1.0184,1.3436,3.5945,9.6164,-0.12092,-0.030566,0.003208,NA,TRUE,FALSE,0.013056,0.009851,62.9445,0.178203,0.591122,0.734372,0.318465,0.591122,0.734372,16.8131,58.5548,73.4362,39.4169,58.5548,73.4362
MAFR_pixel,HYPERNETS,PACE,364,RHOW,23,23,6,6,1.9679,1.0027,1.3286,3.5729,9.6082,-0.121315,-0.030414,0.003388,NA,TRUE,FALSE,0.013051,0.009854,62.7762,0.171917,0.583241,0.745521,0.320193,0.583241,0.745521,16.1406,57.8227,74.5393,39.7662,57.8227,74.5393
MAFR_pixel,HYPERNETS,PACE,365,RHOW,23,23,6,6,1.9316,0.9931,1.3144,3.5479,9.5771,-0.121661,-0.030321,0.003516,NA,TRUE,FALSE,0.013022,0.009827,62.2535,0.164958,0.571893,0.744891,0.321179,0.571893,0.744891,15.4147,56.7452,74.4599,40.0421,56.7452,74.4599
MAFR_pixel,HYPERNETS,PACE,366,RHOW,23,23,6,6,1.9642,1.0107,1.3068,3.4877,9.3085,-0.118766,-0.02983,0.003493,NA,TRUE,FALSE,0.012888,0.0097,60.818600000000004,0.152422,0.557933,0.742875,0.31648,0.557933,0.742875,14.0843,55.421,74.2291,39.2224,55.421,74.2291
MAFR_pixel,HYPERNETS,PACE,367,RHOW,23,23,6,6,2.0225,1.0613,1.3371,3.5562,9.4585,-0.122072,-0.031378,0.002721,NA,TRUE,FALSE,0.012641,0.009491,58.8152,0.146298,0.51597,0.703528,0.312695,0.51597,0.703528,13.7873,51.1366,70.3046,39.7387,51.1366,70.3046
MAFR_pixel,HYPERNETS,PACE,368,RHOW,23,23,6,6,2.0475,1.0818,1.3324,3.5107,9.2501,-0.12013,-0.031275,0.002447,NA,TRUE,FALSE,0.012327,0.009285,56.8474,0.147202,0.488836,0.664785,0.31895,0.488836,0.664785,14.0325,48.4376,66.4409,38.7558,51.4501,66.4409
MAFR_pixel,HYPERNETS,PACE,369,RHOW,23,23,6,6,1.9559,1.0619,1.2965,3.4536,9.1992,-0.120814,-0.030992,0.002729,NA,TRUE,FALSE,0.012184,0.009058,55.0943,0.124609,0.4718,0.629571,0.314202,0.4718,0.629571,11.7092,46.7515,62.9356,37.6051,50.3303,62.9356
MAFR_pixel,HYPERNETS,PACE,370,RHOW,23,23,6,6,1.7973,1.0031,1.2417,3.3749,9.1728,-0.122239,-0.030487,0.003271,NA,TRUE,FALSE,0.012069,0.00896,53.9198,0.115368,0.456489,0.596274,0.324104,0.456489,0.596274,10.8245,45.2057,59.6202,37.2684,51.7066,59.6202
MAFR_pixel,HYPERNETS,PACE,371,RHOW,23,23,6,6,1.8268,1.0294,1.2254,3.2847,8.8046,-0.118453,-0.029869,0.003179,NA,TRUE,FALSE,0.011764,0.008652,51.1583,0.104882,0.433993,0.542486,0.317964,0.433993,0.542486,9.8051,42.9962,54.2486,35.8735,50.0209,54.2486
MAFR_pixel,HYPERNETS,PACE,372,RHOW,23,23,6,6,1.9806,1.1256,1.2945,3.42,9.0357,-0.122777,-0.031565,0.002959,NA,TRUE,FALSE,0.012514,0.009354,54.4788,0.118365,0.427549,0.701474,0.282833,0.427549,0.701474,11.3071,42.3004,69.885,32.8698,45.5617,69.885
MAFR_pixel,HYPERNETS,PACE,373,RHOW,23,23,7,7,2.1165,2.0479,1.3934,2.7584,5.4606,-0.060336,-0.019692,8.4e-4,NA,TRUE,FALSE,0.01238,0.009124,58.4036,-0.087235,0.325801,0.742394,0.284416,0.512981,0.824764,-11.1888,32.5801,72.7225,32.3426,51.2981,112.4192
MAFR_pixel,HYPERNETS,PACE,374,RHOW,23,23,7,7,2.0089,1.9168,1.3258,2.6557,5.3194,-0.059195,-0.018643,0.001602,NA,TRUE,FALSE,0.012032,0.008895,56.4218,-0.080278,0.350254,0.669538,0.298438,0.486843,0.739517,-10.5517,35.0254,65.9511,33.8755,48.6843,106.4327
MAFR_pixel,HYPERNETS,PACE,375,RHOW,23,23,7,7,1.9402,1.8134,1.2812,2.572,5.1634,-0.057341,-0.017635,0.002143,NA,TRUE,FALSE,0.011731,0.00867,54.7676,-0.070326,0.384081,0.618205,0.310665,0.503623,0.655902,-9.3415,38.4081,61.4143,34.7067,50.3623,99.6513
MAFR_pixel,HYPERNETS,PACE,376,RHOW,23,23,7,7,1.9132,1.8414,1.2618,2.5194,5.0307,-0.056242,-0.017458,0.001965,NA,TRUE,FALSE,0.01133,0.008318,52.522,-0.083242,0.359741,0.560841,0.302383,0.486501,0.619643,-10.8193,35.9741,55.907,34.2029,48.6501,92.5536
MAFR_pixel,HYPERNETS,PACE,377,RHOW,23,23,7,7,1.8798,1.8635,1.2385,2.4612,4.8913,-0.055231,-0.017295,0.001795,NA,TRUE,FALSE,0.010918,0.007912,49.8663,-0.09599,0.335803,0.489572,0.294286,0.438364,0.583868,-12.3203,33.5803,48.8691,33.7037,43.8364,85.5782
MAFR_pixel,HYPERNETS,PACE,378,RHOW,23,23,6,6,1.7107,1.0394,1.1195,2.96,7.8261,-0.113223,-0.027943,0.004312,NA,TRUE,FALSE,0.011254,0.008087,44.0345,0.094433,0.356003,0.435457,0.276577,0.356003,0.435457,8.8272,35.499,43.5372,31.8758,38.6699,43.5372
MAFR_pixel,HYPERNETS,PACE,379,RHOW,23,23,7,7,1.7674,1.8722,1.1651,2.3217,4.6266,-0.053717,-0.016598,0.002029,NA,TRUE,FALSE,0.010307,0.007302,45.473,-0.13395,0.272446,0.413954,0.273448,0.395771,0.544905,-17.0169,27.2446,41.3837,32.4299,39.5771,75.2318
MAFR_pixel,HYPERNETS,PACE,380,RHOW,23,23,7,7,1.7436,1.8829,1.1482,2.2758,4.5107,-0.052971,-0.016431,0.002004,NA,TRUE,FALSE,0.01009,0.00713,43.9216,-0.141983,0.237576,0.390452,0.255156,0.360936,0.542749,-17.9251,23.7576,39.0138,29.7791,37.5015,72.9514
MAFR_pixel,HYPERNETS,PACE,381,RHOW,23,23,8,8,1.1529,1.5382,0.9264,1.9289,4.016,-0.051015,-0.013791,0.004087,NA,FALSE,FALSE,0.009937,0.007351,41.8224,-0.281765,0.115471,0.380716,0.255428,0.365679,0.444858,-39.4672,10.7654,38.0711,32.2057,38.2712,66.535
MAFR_pixel,HYPERNETS,PACE,382,RHOW,23,23,9,9,1.2982,1.6823,1.0417,1.9444,3.6292,-0.043769,-0.014628,9.86e-4,NA,TRUE,FALSE,0.009647,0.007304,43.9654,-0.341088,-0.003655,0.368469,0.282958,0.368469,0.574407,-51.7654,-0.3669,36.8469,36.8469,39.4618,106.8264
MAFR_pixel,HYPERNETS,PACE,383,RHOW,23,23,10,10,1.271,1.6071,1.078,1.9236,3.4324,-0.041749,-0.015158,-2.57e-4,NA,TRUE,TRUE,0.009235,0.007022,40.9901,-0.328986,-0.122084,0.340093,0.257123,0.35914,0.494037,-49.2143,-15.1919,33.909,34.6183,37.2679,89.4481
MAFR_pixel,HYPERNETS,PACE,384,RHOW,23,23,10,10,1.2183,1.5294,1.0411,1.8669,3.3477,-0.041027,-0.014386,4.7e-4,NA,TRUE,FALSE,0.009285,0.007005,39.9998,-0.323861,-0.114352,0.339288,0.262881,0.353201,0.461174,-48.1163,-13.9223,33.8752,31.3889,36.5323,84.6716
MAFR_pixel,HYPERNETS,PACE,385,RHOW,23,23,10,10,1.2166,1.4696,1.0324,1.8428,3.2894,-0.040002,-0.013764,9.35e-4,NA,TRUE,FALSE,0.00926,0.006946,39.1632,-0.304484,-0.096042,0.342381,0.256601,0.339976,0.428509,-43.9801,-11.5401,34.2234,30.9838,36.8999,71.2369
MAFR_pixel,HYPERNETS,PACE,386,RHOW,23,23,10,10,1.235,1.4918,1.0382,1.841,3.2646,-0.040151,-0.014027,7.05e-4,NA,TRUE,FALSE,0.009158,0.006921,38.7282,-0.297088,-0.105666,0.323396,0.250591,0.325403,0.438158,-42.4357,-13.0193,32.328,30.8919,35.3378,74.5673
MAFR_pixel,HYPERNETS,PACE,387,RHOW,23,23,10,10,1.2588,1.5079,1.0442,1.8322,3.2151,-0.039739,-0.014107,5e-4,NA,TRUE,FALSE,0.009007,0.006801,37.7746,-0.290154,-0.102576,0.305301,0.246271,0.311179,0.435211,-41.012,-12.6567,30.5215,30.6812,32.6532,75.8378
MAFR_pixel,HYPERNETS,PACE,388,RHOW,23,23,10,10,1.2577,1.5105,1.0397,1.8189,3.1822,-0.039637,-0.014109,4.83e-4,NA,TRUE,FALSE,0.008954,0.006784,37.4257,-0.287109,-0.104887,0.297668,0.253135,0.303318,0.436555,-40.3473,-12.9951,29.7586,30.8089,32.5042,77.1751
MAFR_pixel,HYPERNETS,PACE,389,RHOW,23,23,10,10,1.2563,1.5192,1.0331,1.7992,3.1333,-0.039175,-0.014015,4.32e-4,NA,TRUE,FALSE,0.008835,0.006689,36.9321,-0.283695,-0.115135,0.279981,0.255891,0.289317,0.443019,-39.6489,-14.2585,27.9957,29.1357,33.1474,79.8894
MAFR_pixel,HYPERNETS,PACE,390,RHOW,23,23,10,10,1.1827,1.4909,0.977,1.7085,2.9875,-0.037691,-0.013042,0.001054,NA,FALSE,FALSE,0.008767,0.006742,36.5858,-0.304292,-0.139515,0.265037,0.260646,0.27353,0.453703,-43.8265,-17.3113,26.5034,27.0052,35.001,78.2047
MAFR_pixel,HYPERNETS,PACE,391,RHOW,23,23,10,10,1.172,1.4865,0.9665,1.6875,2.9462,-0.037588,-0.012982,0.001111,NA,FALSE,FALSE,0.008713,0.0067,35.8065,-0.309152,-0.138667,0.247142,0.25174,0.26556,0.451434,-44.8282,-17.2104,24.7133,25.2952,35.7111,77.0508
MAFR_pixel,HYPERNETS,PACE,392,RHOW,23,23,10,10,1.1516,1.4748000000000001,0.9495,1.6573,2.8929,-0.037411,-0.012836,0.001243,NA,FALSE,FALSE,0.008673,0.006722,35.2988,-0.314742,-0.148151,0.229946,0.236453,0.269279,0.449145,-45.9865,-18.3625,22.9926,23.6446,36.8704,75.8865
MAFR_pixel,HYPERNETS,PACE,393,RHOW,23,23,10,10,1.151,1.4683,0.9391,1.623,2.8048,-0.036466,-0.012567,0.001261,NA,FALSE,FALSE,0.008495,0.006609,34.0273,-0.316013,-0.153836,0.211418,0.22138,0.27005,0.4438,-46.2957,-19.2543,21.1329,22.1377,36.9968,72.261
MAFR_pixel,HYPERNETS,PACE,394,RHOW,23,23,11,11,1.2469,1.5427,1.0294,1.6655,2.6944,-0.034036,-0.013598,-9.65e-4,NA,TRUE,TRUE,0.008492,0.006722,35.9759,-0.357041,-0.237705,0.224157,0.237397,0.253093,0.466014,-56.0401,-31.1828,22.4089,24.5065,33.1462,74.4503
MAFR_pixel,HYPERNETS,PACE,395,RHOW,23,23,11,11,1.2461,1.4554,1.0253,1.651,2.6587,-0.032963,-0.012775,-2.39e-4,NA,TRUE,TRUE,0.008436,0.006506,34.0995,-0.308558,-0.203935,0.256317,0.235651,0.262371,0.405799,-44.7445,-25.6178,25.6316,25.7056,27.6494,65.8055
MAFR_pixel,HYPERNETS,PACE,396,RHOW,23,23,11,11,1.2356,1.4383,1.0186,1.6445,2.6552,-0.033236,-0.012757,-7.3e-5,NA,TRUE,TRUE,0.008497,0.006547,33.8075,-0.305671,-0.200456,0.251365,0.230818,0.257128,0.399945,-44.136,-25.0712,25.1365,25.1617,26.8114,65.7963
MAFR_pixel,HYPERNETS,PACE,397,RHOW,23,23,11,11,1.216,1.4162,0.9988,1.6042,2.5766,-0.032365,-0.012288,2.11e-4,NA,FALSE,FALSE,0.008406,0.006486,32.9166,-0.302864,-0.195507,0.242914,0.229687,0.259168,0.394221,-43.5493,-24.3019,24.2884,24.728,29.0494,63.6793
MAFR_pixel,HYPERNETS,PACE,398,RHOW,23,23,11,11,1.2299,1.4089,1.0041,1.5975,2.5416,-0.031904,-0.012215,1.6e-4,NA,TRUE,FALSE,0.008288,0.006398,31.9977,-0.294072,-0.191173,0.232457,0.218233,0.251577,0.385835,-41.7478,-23.6359,23.2382,24.1215,27.8189,61.4274
MAFR_pixel,HYPERNETS,PACE,399,RHOW,23,23,11,11,1.2264,1.4346,1,1.5874,2.5198,-0.031903,-0.012354,-3.8e-5,NA,FALSE,TRUE,0.008239,0.006371,31.9933,-0.313092,-0.207572,0.207886,0.212813,0.23317,0.410256,-45.7988,-26.1944,20.784300000000002,22.5589,28.4764,64.6055
MAFR_pixel,HYPERNETS,PACE,400,RHOW,23,23,11,11,1.1982,1.4527,0.979,1.5597,2.4849,-0.031819,-0.012244,4.2e-5,NA,FALSE,FALSE,0.008274,0.006425,32.2358,-0.338564,-0.225627,0.187376,0.204633,0.226662,0.436762,-51.5408,-29.1367,18.733,20.4614,29.3095,68.2667
MAFR_pixel,HYPERNETS,PACE,401,RHOW,23,23,11,11,1.174,1.4486,0.9605,1.5335,2.4484,-0.031692,-0.012111,1.53e-4,NA,FALSE,FALSE,0.008301,0.006568,32.6928,-0.348031,-0.236004,0.173821,0.190275,0.236032,0.447537,-53.8426,-30.8907,17.3821,19.017,30.8955,69.8437
MAFR_pixel,HYPERNETS,PACE,402,RHOW,23,23,11,11,1.1684,1.4549,0.9538,1.517,2.4128,-0.031549,-0.012164,2.5e-5,NA,FALSE,FALSE,0.008255,0.00661,32.6238,-0.358828,-0.239488,0.159953,0.177563,0.244336,0.458334,-56.5258,-31.4904,15.9953,17.7446,32.334,70.1485
MAFR_pixel,HYPERNETS,PACE,403,RHOW,23,23,11,11,1.1639,1.4729,0.9511,1.5156,2.4151,-0.032001,-0.012402,-1.03e-4,NA,FALSE,TRUE,0.008309,0.006705,32.9833,-0.370272,-0.24432,0.145036,0.17256,0.259487,0.472587,-59.6408,-32.3312,14.5034,17.229,35.0416,73.2064
MAFR_pixel,HYPERNETS,PACE,404,RHOW,23,23,11,11,1.1594,1.4634,0.9488,1.5154,2.4204,-0.032456,-0.012464,5.2e-5,NA,FALSE,FALSE,0.008449,0.006922,33.2865,-0.372771,-0.241492,0.137646,0.192761,0.280854,0.469414,-60.2424,-31.8377,13.7628,21.051,34.0324,72.3278
MAFR_pixel,HYPERNETS,PACE,405,RHOW,23,23,11,11,1.1723,1.4564,0.9577,1.5253,2.4295,-0.032852,-0.012661,1.5e-5,NA,FALSE,FALSE,0.008526,0.006991,33.0988,-0.366335,-0.24095,0.12589,0.189691,0.304112,0.462226,-58.5786,-31.7437,12.582,22.4668,33.9581,70.761
MAFR_pixel,HYPERNETS,PACE,406,RHOW,23,23,11,11,1.142,1.4378,0.9355,1.4965,2.3942,-0.032678,-0.012334,3.83e-4,NA,FALSE,FALSE,0.00861,0.007074,32.9469,-0.370534,-0.245673,0.119534,0.189762,0.31298,0.460488,-59.533,-32.5684,11.9442,22.6021,35.5838,70.1322
MAFR_pixel,HYPERNETS,PACE,407,RHOW,23,23,11,11,1.148,1.4382,0.9361,1.4859,2.3588,-0.032506,-0.012422,2.31e-4,NA,FALSE,FALSE,0.008514,0.007032,32.2822,-0.365619,-0.246679,0.103261,0.177033,0.306026,0.459384,-58.3343,-32.7455,10.3254,20.8185,36.0025,68.5114
MAFR_pixel,HYPERNETS,PACE,408,RHOW,23,23,11,11,1.1514,1.4351,0.9368,1.4815,2.3427,-0.032322,-0.012369,2.48e-4,NA,FALSE,FALSE,0.008463,0.006982,31.8773,-0.360745,-0.240134,0.101577,0.172526,0.299122,0.456463,-57.1639,-31.6021,10.1572,20.2899,36.7159,68.0057
MAFR_pixel,HYPERNETS,PACE,409,RHOW,23,23,11,11,1.147,1.4332,0.9324,1.4718,2.3232,-0.03222,-0.012296,3.26e-4,NA,FALSE,FALSE,0.008464,0.007001,31.6591,-0.366795,-0.241566,0.101513,0.17557,0.303382,0.457892,-58.7246,-31.8506,10.1484,20.6959,34.9617,68.2136
MAFR_pixel,HYPERNETS,PACE,410,RHOW,23,23,11,11,1.1349,1.4244,0.9234,1.4604,2.3097,-0.032343,-0.012237,4.76e-4,NA,FALSE,FALSE,0.008531,0.007065,31.518,-0.367858,-0.239817,0.093831,0.170361,0.307538,0.456844,-58.9176,-31.5472,9.3808,20.3416,35.9059,67.6437
MAFR_pixel,HYPERNETS,PACE,411,RHOW,23,23,11,11,1.1226,1.4038,0.9117,1.4365,2.2634,-0.031837,-0.011998,5.93e-4,NA,FALSE,FALSE,0.008459,0.007035,31.0361,-0.365361,-0.246098,0.089532,0.177663,0.300204,0.452437,-58.2097,-32.6433,8.9354,20.0925,37.1878,65.3406
MAFR_pixel,HYPERNETS,PACE,412,RHOW,23,23,11,11,1.104,1.388,0.8949,1.4043,2.2037,-0.030884000000000002,-0.011486,8.76e-4,NA,FALSE,FALSE,0.008372,0.006955,30.2719,-0.366674,-0.244573,0.085839,0.172287,0.269432,0.447554,-58.3451,-32.3755,8.5746,18.2191,36.1389,62.89
MAFR_pixel,HYPERNETS,PACE,413,RHOW,23,23,11,11,1.0834,1.3721,0.8795,1.3848,2.1802,-0.030784,-0.011265,0.001133,NA,FALSE,FALSE,0.008427,0.00697,29.9199,-0.366806,-0.24911,0.078245,0.172083,0.263507,0.441676,-58.2843,-33.1753,7.8158,17.5783,35.7786,62.0974
MAFR_pixel,HYPERNETS,PACE,414,RHOW,23,23,11,11,1.078,1.3578,0.8715,1.3595,2.1209,-0.029854,-0.010903,0.001244,NA,FALSE,FALSE,0.008261,0.006804,28.922,-0.361013,-0.244617,0.07384,0.151726,0.261043,0.432785,-56.8255,-32.3831,7.3687,15.6482,35.3258,60.4662
MAFR_pixel,HYPERNETS,PACE,415,RHOW,23,23,11,11,1.0703,1.3468,0.8639,1.3424,2.0859,-0.029503,-0.010733,0.001346,NA,FALSE,FALSE,0.008197,0.006782,28.3779,-0.354847,-0.240188,0.068405,0.149157,0.268935,0.425689,-55.2943,-31.6115,6.8348,15.5648,36.7868,58.4708
MAFR_pixel,HYPERNETS,PACE,416,RHOW,23,23,11,11,1.0647,1.3378,0.8591,1.3335,2.0698,-0.029398,-0.010638,0.001448,NA,FALSE,FALSE,0.008184,0.006763,28.091,-0.351938,-0.249026,0.069578,0.139405,0.266013,0.42232,-54.6017,-33.1605,6.946,14.5382,36.2421,57.9928
MAFR_pixel,HYPERNETS,PACE,417,RHOW,23,23,11,11,1.0503,1.3237,0.8472,1.3139,2.0377,-0.028967,-0.010326,0.001694,NA,FALSE,FALSE,0.008182,0.00677,27.8078,-0.350198,-0.248918,0.066907,0.140718,0.263134,0.417085,-54.1586,-33.1412,6.6707,14.8314,35.7099,57.0904
MAFR_pixel,HYPERNETS,PACE,418,RHOW,23,23,11,11,1.0372,1.3118,0.8356,1.2912,1.9952,-0.028443,-0.010047,0.001858,NA,FALSE,FALSE,0.008163,0.006775,27.4106,-0.349434,-0.247113,0.058337,0.142548,0.270778,0.413586,-53.9388,-32.8221,5.8126,15.1952,37.1324,55.4095
MAFR_pixel,HYPERNETS,PACE,419,RHOW,23,23,11,11,1.0427,1.3119,0.8394,1.2944,1.9962,-0.028779,-0.010213,0.001826,NA,FALSE,FALSE,0.008187,0.006795,27.1104,-0.346318,-0.243394,0.051451,0.14506,0.272519,0.407891,-53.245,-32.1692,5.133,15.3872,37.4606,55.3012
MAFR_pixel,HYPERNETS,PACE,420,RHOW,23,23,11,11,1.037,1.3008,0.8342,1.2835,1.975,-0.028492,-0.009983,0.002046,NA,FALSE,FALSE,0.008199,0.006881,27.0597,-0.343643,-0.246613,0.057761,0.15585,0.272549,0.403299,-52.6174,-32.7339,5.7592,16.4645,37.4663,54.0302
MAFR_pixel,HYPERNETS,PACE,421,RHOW,23,23,11,11,1.0349,1.2935,0.8319,1.2768,1.9597,-0.028338,-0.009861,0.002178,NA,FALSE,FALSE,0.008178,0.006854,26.5979,-0.337852,-0.237094,0.054899,0.157207,0.264916,0.396518,-51.2119,-31.0778,5.4771,16.596,36.0388,52.2457
MAFR_pixel,HYPERNETS,PACE,422,RHOW,23,23,11,11,1.0279,1.2775,0.8252,1.2604,1.9252,-0.028033,-0.00972,0.002269,NA,FALSE,FALSE,0.008171,0.006812,25.9719,-0.332998,-0.238351,0.044837,0.149073,0.269782,0.387014,-50.0554,-31.2941,4.4603,15.7821,36.9454,50.1558
MAFR_pixel,HYPERNETS,PACE,423,RHOW,23,23,11,11,1.0146,1.2673,0.8151,1.2481,1.9113,-0.027983,-0.009526,0.002527,NA,FALSE,FALSE,0.008231,0.00684,25.7491,-0.330909,-0.239736,0.04548,0.141664,0.2692,0.38115,-49.5664,-31.5333,4.5288,15.0737,36.8363,49.8706
MAFR_pixel,HYPERNETS,PACE,424,RHOW,23,23,11,11,0.9985,1.2482,0.8008,1.2186,1.8544,-0.026976,-0.00901,0.002797,NA,FALSE,FALSE,0.00818,0.006783,25.1375,-0.328362,-0.242795,0.043802,0.13301,0.265412,0.374409,-48.9385,-32.0647,4.3508,14.2555,36.1308,48.9385
MAFR_pixel,HYPERNETS,PACE,425,RHOW,23,23,11,11,0.9894,1.2381,0.7932,1.2045,1.8291,-0.026836,-0.008915,0.002886,NA,FALSE,FALSE,0.008217,0.006771,24.788,-0.324888,-0.247443,0.040124,0.120054,0.268432,0.3714,-48.1709,-32.8804,3.9725,13.0517,36.6927,48.1709
MAFR_pixel,HYPERNETS,PACE,426,RHOW,23,23,11,11,0.9913,1.2247,0.7938,1.1994,1.8123,-0.026467,-0.008734,0.003002,NA,FALSE,FALSE,0.008105,0.006601,23.8946,-0.314138,-0.241709,0.036131,0.109698,0.258959,0.354884,-45.8155,-31.8755,3.5727,11.858,34.9452,45.8155
MAFR_pixel,HYPERNETS,PACE,427,RHOW,23,23,11,11,0.9861,1.2063,0.7891,1.1864,1.7837,-0.025901,-0.008419,0.003209,NA,FALSE,FALSE,0.008027,0.006519,23.2651,-0.30384100000000003,-0.242851,0.0393,0.103624,0.250174,0.340986,-43.646,-32.0743,3.8807,11.253,33.3643,43.646
MAFR_pixel,HYPERNETS,PACE,428,RHOW,23,23,11,11,0.957,1.186,0.7672,1.1653,1.77,-0.026075,-0.008023,0.003861,NA,FALSE,FALSE,0.008334,0.006761,23.3716,-0.308469,-0.244435,0.039294,0.111316,0.253957,0.342522,-44.6227,-32.3514,3.8805,11.984,34.0405,44.6227
MAFR_pixel,HYPERNETS,PACE,429,RHOW,23,23,11,11,0.9621,1.1746,0.7702,1.1612,1.7508,-0.025578,-0.007796,0.003998,NA,FALSE,FALSE,0.008207,0.006709,22.8174,-0.295708,-0.234951,0.042066,0.118639,0.253756,0.33086,-42.0189,-30.7105,4.1674,12.7567,34.0045,42.0189
MAFR_pixel,HYPERNETS,PACE,430,RHOW,23,23,11,11,0.9703,1.1653,0.7765,1.1689,1.7594,-0.025791,-0.00784,0.004086,NA,FALSE,FALSE,0.008161,0.006714,22.5682,-0.281823,-0.225521,0.045637,0.130762,0.242959,0.320065,-39.2879,-29.119,4.5061,13.9425,32.0933,40.64
MAFR_pixel,HYPERNETS,PACE,431,RHOW,23,23,11,11,0.9598,1.155,0.7673,1.1464,1.7126,-0.025116,-0.007523,0.004253,NA,FALSE,FALSE,0.008132,0.00661,21.7861,-0.282771,-0.236845,0.034622,0.10996,0.247675,0.314434,-39.474,-31.0349,3.3899,11.753,32.9214,39.7956
MAFR_pixel,HYPERNETS,PACE,432,RHOW,23,23,11,11,0.9412,1.1378,0.7521,1.1189,1.6646,-0.024204,-0.00693,0.004681,NA,FALSE,FALSE,0.008156,0.006552,21.0878,-0.281542,-0.236254,0.032722,0.098857,0.245819,0.311023,-39.2784,-30.9336,3.2089,10.6636,32.5942,39.4892
MAFR_pixel,HYPERNETS,PACE,433,RHOW,23,23,11,11,0.9454,1.1388,0.7552,1.1189,1.6579,-0.024213,-0.007014,0.004594,NA,FALSE,FALSE,0.008136,0.006568,21.0579,-0.280244,-0.239464,0.036323,0.098065,0.243029,0.310828,-39.0094,-31.4862,3.5643,10.587,32.1055,39.0094
MAFR_pixel,HYPERNETS,PACE,434,RHOW,23,23,11,11,0.9396,1.1382,0.7507,1.115,1.6561,-0.024582,-0.007111,0.004652,NA,FALSE,FALSE,0.008294,0.006726,21.2722,-0.282897,-0.243027,0.027523,0.101239,0.250823,0.311458,-39.5165,-32.105,2.6913,10.9754,33.4798,39.5165
MAFR_pixel,HYPERNETS,PACE,435,RHOW,23,23,11,11,0.9258,1.1323,0.7395,1.0957,1.6233,-0.024081,-0.006797,0.00487,NA,FALSE,FALSE,0.008418,0.006851,21.3557,-0.288647,-0.248136,0.019142,0.100262,0.2513,0.315854,-40.6574,-33.0027,1.829,10.9814,33.0027,40.6574
MAFR_pixel,HYPERNETS,PACE,436,RHOW,23,23,11,11,0.9241,1.1255,0.7381,1.0927,1.6176,-0.024116,-0.006721,0.005029,NA,FALSE,FALSE,0.00846,0.006865,21.0588,-0.282596,-0.240593,0.01987,0.103393,0.248047,0.309813,-39.4811,-31.6816,1.9208,11.3308,31.9582,39.4811
MAFR_pixel,HYPERNETS,PACE,437,RHOW,23,23,11,11,0.9186,1.1203,0.7337,1.085,1.6046,-0.023988,-0.006543,0.005253,NA,FALSE,FALSE,0.008528,0.00694,20.9332,-0.278032,-0.241752,0.01736,0.107396,0.246626,0.306964,-38.5835,-31.883,1.667,11.7575,31.883,38.5835
MAFR_pixel,HYPERNETS,PACE,438,RHOW,23,23,11,11,0.9094,1.1096,0.7262,1.0705,1.578,-0.023567,-0.006291,0.005429,NA,FALSE,FALSE,0.008587,0.00698,20.6978,-0.271464,-0.243092,0.014911,0.106106,0.247101,0.294508,-37.3208,-32.1164,1.4219,11.7065,32.1164,37.3208
MAFR_pixel,HYPERNETS,PACE,439,RHOW,23,23,11,11,0.9012,1.1054,0.7196,1.0573,1.5533,-0.023165,-0.006054,0.005593,NA,FALSE,FALSE,0.008644,0.006966,20.3891,-0.270916,-0.242765,0.011766,0.097518,0.250097,0.286204,-37.2091,-32.0593,1.1109,10.7844,32.0593,37.2091
MAFR_pixel,HYPERNETS,PACE,440,RHOW,23,23,11,11,0.89,1.0933,0.7106,1.043,1.5308,-0.022933,-0.005848,0.005792,NA,FALSE,FALSE,0.008793,0.007072,20.2954,-0.268083,-0.245572,0.004491,0.098262,0.250782,0.278829,-36.6573,-32.5507,0.3909,11.0036,32.5507,36.6573
MAFR_pixel,HYPERNETS,PACE,441,RHOW,23,23,11,11,0.8882,1.0865,0.7091,1.0378,1.5187,-0.022703,-0.005675,0.005961,NA,FALSE,FALSE,0.008771,0.007086,20.0657,-0.262181,-0.241125,-1.17e-4,0.095911,0.251843,0.27032,-35.5447,-31.774,-0.0969,10.6537,31.774,35.5447
MAFR_pixel,HYPERNETS,PACE,442,RHOW,23,23,11,11,0.8897,1.0849,0.7104,1.033,1.5021,-0.022369,-0.005558,0.006003,NA,FALSE,FALSE,0.008702,0.007032,19.672,-0.259483,-0.23486,-0.003766,0.096343,0.243031,0.265521,-35.0562,-30.6951,-0.4612,10.8454,30.6951,35.0562
MAFR_pixel,HYPERNETS,PACE,443,RHOW,23,23,11,11,0.877,1.0735,0.7003,1.0202,1.4862,-0.022232,-0.005297,0.006328,NA,FALSE,FALSE,0.008899,0.007128,19.5153,-0.262873,-0.223376,-0.004414,0.096249,0.244949,0.262873,-35.6687,-28.7625,-0.5217,10.8374,28.7625,35.6687
MAFR_pixel,HYPERNETS,PACE,444,RHOW,23,23,11,11,0.8762,1.0691,0.6996,1.0213,1.491,-0.022614,-0.005383,0.006421,NA,FALSE,FALSE,0.008987,0.007244,19.5454,-0.25725,-0.218273,-0.009051,0.098455,0.251567,0.257287,-34.6378,-27.9219,-0.9899,11.0975,27.9219,34.6378
MAFR_pixel,HYPERNETS,PACE,445,RHOW,23,23,12,12,0.9318,1.2821,0.7627,1.0529,1.4536,-0.021057,-0.006964,0.003245,NA,FALSE,FALSE,0.00911,0.007506,23.5853,-0.276335,-0.230485,-0.027409,0.126074,0.244908,0.276335,-38.2691,-29.9845,-2.8904,14.5701,29.9845,38.2691
MAFR_pixel,HYPERNETS,PACE,446,RHOW,23,23,12,12,0.9379,1.2784,0.7683,1.0537,1.4451,-0.020874,-0.006965,0.003178,NA,FALSE,FALSE,0.008965,0.007406,23.094,-0.265815,-0.233303,-0.029693,0.123912,0.237554,0.265815,-36.2734,-30.4361,-3.1386,14.2681,30.4361,36.2734
MAFR_pixel,HYPERNETS,PACE,447,RHOW,23,23,12,12,0.9263,1.2488,0.7585,1.0436,1.4359,-0.020728,-0.006625,0.003625,NA,FALSE,FALSE,0.009072,0.007451,22.7112,-0.261049,-0.22308,-0.028803,0.123666,0.237878,0.261049,-35.4366,-28.7362,-3.0459,14.2372,28.7362,35.4366
MAFR_pixel,HYPERNETS,PACE,448,RHOW,23,23,12,12,0.925,1.2353,0.7579,1.038,1.4216,-0.02032,-0.006436,0.003702,NA,FALSE,FALSE,0.009,0.007376,22.2954,-0.260574,-0.215938,-0.033786,0.124481,0.232058,0.260574,-35.3333,-27.5657,-3.571,14.3332,27.5657,35.3333
MAFR_pixel,HYPERNETS,PACE,449,RHOW,23,23,12,12,0.9201,1.2273,0.754,1.0318,1.412,-0.020297,-0.006383,0.003784,NA,FALSE,FALSE,0.009101,0.007415,22.1379,-0.260516,-0.214079,-0.039818,0.127533,0.229636,0.260516,-35.3343,-27.2643,-4.2087,14.7311,27.2643,35.3343
MAFR_pixel,HYPERNETS,PACE,450,RHOW,23,23,12,12,0.9148,1.2211,0.75,1.0238,1.3976,-0.020203,-0.006342,0.003811,NA,FALSE,FALSE,0.009222,0.007534,22.1373,-0.265602,-0.218459,-0.044728,0.133882,0.223599,0.265602,-36.2553,-27.9746,-4.7567,15.5727,27.9746,36.2553
MAFR_pixel,HYPERNETS,PACE,451,RHOW,23,23,12,12,0.9087,1.2032,0.745,1.0163,1.3863,-0.0199,-0.006081,0.00405,NA,FALSE,FALSE,0.009221,0.007507,21.7674,-0.263074,-0.209753,-0.048481,0.136346,0.218765,0.263074,-35.7902,-26.5628,-5.1616,15.9031,26.5628,35.7902
MAFR_pixel,HYPERNETS,PACE,452,RHOW,23,23,12,12,0.904,1.1875,0.7417,1.0078,1.3696,-0.019433,-0.005818,0.004202,NA,FALSE,FALSE,0.00918,0.007467,21.4137,-0.260987,-0.204532,-0.050198,0.134352,0.215155,0.260987,-35.3845,-25.7429,-5.3122,15.6478,25.7429,35.3845
MAFR_pixel,HYPERNETS,PACE,453,RHOW,23,23,12,12,0.8964,1.1775,0.7355,0.9985,1.3556,-0.019118,-0.005563,0.004422,NA,FALSE,FALSE,0.00925,0.007519,21.2917,-0.257876,-0.203461,-0.05343,0.134756,0.210476,0.257876,-34.8152,-25.5733,-5.6708,15.693,25.5733,34.8152
MAFR_pixel,HYPERNETS,PACE,454,RHOW,23,23,12,12,0.894,1.1711,0.7339,0.9942,1.347,-0.018963,-0.005467,0.004495,NA,FALSE,FALSE,0.009269,0.007518,21.0162,-0.25599,-0.200651,-0.056396,0.135996,0.207438,0.25599,-34.4846,-25.1321,-6.0016,15.8548,25.1321,34.4846
MAFR_pixel,HYPERNETS,PACE,455,RHOW,23,23,12,12,0.8935,1.1656,0.7338,0.9918,1.3406,-0.01897,-0.005502,0.004462,NA,FALSE,FALSE,0.009316,0.007653,21.1194,-0.260901,-0.19939,-0.065141,0.135923,0.205411,0.260901,-35.3751,-24.9222,-6.981,15.8278,24.9222,35.3751
MAFR_pixel,HYPERNETS,PACE,456,RHOW,23,23,12,12,0.8929,1.1561,0.7336,0.9899,1.3358,-0.018779,-0.005335,0.004628,NA,FALSE,FALSE,0.009256,0.007559,20.7096,-0.258297,-0.196616,-0.057626,0.132239,0.201784,0.258297,-34.9049,-24.4977,-6.1287,15.3462,24.4977,34.9049
MAFR_pixel,HYPERNETS,PACE,457,RHOW,23,23,12,12,0.8863,1.1439,0.7281,0.9831,1.3274,-0.018587,-0.005079,0.004925,NA,FALSE,FALSE,0.009325,0.007553,20.3774,-0.257171,-0.192054,-0.056914,0.135533,0.198192,0.257171,-34.6869,-23.7964,-6.0615,15.788,23.7964,34.6869
MAFR_pixel,HYPERNETS,PACE,458,RHOW,23,23,12,12,0.8872,1.1408,0.7289,0.9836,1.3274,-0.018605,-0.005042,0.005008,NA,FALSE,FALSE,0.009301,0.007504,20.1183,-0.253314,-0.190064,-0.05349,0.137117,0.19686,0.253314,-33.9825,-23.4927,-5.6902,15.753,23.4927,33.9825
MAFR_pixel,HYPERNETS,PACE,459,RHOW,23,23,12,12,0.8837,1.1303,0.7264,0.9777,1.3159,-0.018324,-0.004866,0.005134,NA,FALSE,FALSE,0.00933,0.007515,19.8911,-0.253688,-0.183616,-0.052801,0.139808,0.188917,0.253688,-34.049,-22.5115,-5.6132,15.1814,22.5115,34.049
MAFR_pixel,HYPERNETS,PACE,460,RHOW,23,23,12,12,0.8849,1.1269,0.7279,0.977,1.3113,-0.018232,-0.004835,0.005146,NA,FALSE,FALSE,0.0093,0.007455,19.6036,-0.254294,-0.180592,-0.053489,0.137912,0.182152,0.254294,-34.1455,-22.0543,-5.7058,14.6581,22.0543,34.1455
MAFR_pixel,HYPERNETS,PACE,461,RHOW,23,23,12,12,0.876,1.1176,0.7204,0.9678,1.3002,-0.018095,-0.004623,0.005406,NA,FALSE,FALSE,0.00946,0.007598,19.6053,-0.252949,-0.182778,-0.060052,0.141948,0.185745,0.252949,-33.8989,-22.3972,-6.4439,14.8093,22.3972,33.8989
MAFR_pixel,HYPERNETS,PACE,462,RHOW,23,23,12,12,0.8756,1.1068,0.7207,0.9649,1.2918,-0.017752,-0.004426,0.005528,NA,FALSE,FALSE,0.009359,0.007506,19.1788,-0.251169,-0.175831,-0.062094,0.138167,0.178212,0.251169,-33.5779,-21.3572,-6.6882,14.5209,21.3572,33.5779
MAFR_pixel,HYPERNETS,PACE,463,RHOW,23,23,12,12,0.8769,1.1052,0.7219,0.9657,1.292,-0.017828,-0.004465,0.005523,NA,FALSE,FALSE,0.009356,0.007521,19.0946,-0.249925,-0.173421,-0.061128,0.137999,0.176285,0.249925,-33.3573,-20.9959,-6.5708,14.5596,20.9959,33.3573
MAFR_pixel,HYPERNETS,PACE,464,RHOW,23,23,12,12,0.8732,1.1042,0.7197,0.9583,1.276,-0.017502,-0.004362,0.005506,NA,FALSE,FALSE,0.009437,0.00758,19.0535,-0.251058,-0.177112,-0.06507,0.134286,0.177112,0.251058,-33.5569,-21.5315,-7.0188,13.5865,21.5315,33.5569
MAFR_pixel,HYPERNETS,PACE,465,RHOW,23,23,12,12,0.8754,1.1015,0.7221,0.9585,1.2725,-0.017406,-0.004365,0.005458,NA,FALSE,FALSE,0.009382,0.007565,18.9251,-0.250856,-0.176386,-0.065829,0.132506,0.176386,0.250856,-33.5174,-21.4259,-7.0998,13.4097,21.4259,33.5174
MAFR_pixel,HYPERNETS,PACE,466,RHOW,23,23,12,12,0.8764,1.1015,0.7222,0.9623,1.2823,-0.017836,-0.004448,0.005599,NA,FALSE,FALSE,0.009449,0.007575,18.8128,-0.247835,-0.180225,-0.0642,0.135382,0.180225,0.247835,-32.9847,-21.998,-6.955,13.7208,21.998,32.9847
MAFR_pixel,HYPERNETS,PACE,467,RHOW,23,23,12,12,0.8744,1.0959,0.7204,0.9607,1.2813,-0.017868,-0.004349,0.005789,NA,FALSE,FALSE,0.009506,0.00769,18.8304,-0.247576,-0.178014,-0.064157,0.134111,0.178014,0.247576,-32.9299,-21.6648,-6.996,13.6283,21.6648,32.9299
MAFR_pixel,HYPERNETS,PACE,468,RHOW,23,23,12,12,0.8746,1.0927,0.7209,0.9596,1.2773,-0.017895,-0.004398,0.005742,NA,FALSE,FALSE,0.00954,0.007673,18.6299,-0.24875,-0.174488,-0.064421,0.13112,0.174488,0.24875,-33.152,-21.1451,-7.0015,13.3168,21.1451,33.152
MAFR_pixel,HYPERNETS,PACE,469,RHOW,23,23,12,12,0.873,1.0867,0.7203,0.9554,1.2674,-0.017628,-0.004289,0.005766,NA,FALSE,FALSE,0.009537,0.007658,18.4232,-0.247711,-0.171728,-0.069905,0.128464,0.171728,0.247711,-32.9672,-20.7402,-7.6375,13.0915,20.7402,32.9672
MAFR_pixel,HYPERNETS,PACE,470,RHOW,23,23,12,12,0.8664,1.0785,0.7145,0.9494,1.2617,-0.0175,-0.004074,0.00603,NA,FALSE,FALSE,0.009636,0.0077,18.3265,-0.248161,-0.169036,-0.070855,0.128386,0.169036,0.248161,-33.043,-20.3481,-7.7468,13.0891,20.3481,33.043
MAFR_pixel,HYPERNETS,PACE,471,RHOW,23,23,12,12,0.8565,1.0734,0.7059,0.9401,1.252,-0.017527,-0.003929,0.006281,NA,FALSE,FALSE,0.009911,0.007938,18.5513,-0.251991,-0.174124,-0.079904,0.131472,0.174124,0.251991,-33.7134,-21.0876,-8.7866,13.4394,21.0876,33.7134
MAFR_pixel,HYPERNETS,PACE,472,RHOW,23,23,12,12,0.8549,1.0642,0.7048,0.9374,1.2469,-0.017307,-0.003741,0.006458,NA,FALSE,FALSE,0.009853,0.00789,18.2248,-0.248919,-0.169551,-0.080646,0.130671,0.169551,0.248919,-33.171,-20.4198,-8.8732,13.3636,20.4198,33.171
MAFR_pixel,HYPERNETS,PACE,473,RHOW,23,23,12,12,0.8539,1.0565,0.7048,0.9337,1.237,-0.01691,-0.003545,0.006543,NA,FALSE,FALSE,0.00979,0.007758,17.7563,-0.247085,-0.165889,-0.077005,0.120768,0.165889,0.247085,-32.8484,-19.889,-8.4421,12.3533,19.889,32.8484
MAFR_pixel,HYPERNETS,PACE,474,RHOW,23,23,12,12,0.8558,1.0587,0.7069,0.9337,1.2332,-0.017029,-0.003701,0.006391,NA,FALSE,FALSE,0.009864,0.007847,17.8524,-0.251673,-0.165741,-0.080214,0.114383,0.165741,0.251673,-33.6618,-19.8676,-8.821,11.7361,19.8676,33.6618
MAFR_pixel,HYPERNETS,PACE,475,RHOW,23,23,12,12,0.8488,1.0527,0.7006,0.9279,1.2288,-0.017019,-0.00352,0.006672,NA,FALSE,FALSE,0.010033,0.007957,17.8516,-0.247016,-0.16899,-0.08186,0.11586,0.16899,0.247016,-32.8333,-20.3355,-9.0254,11.9004,20.3355,32.8333
MAFR_pixel,HYPERNETS,PACE,476,RHOW,23,23,12,12,0.841,1.0397,0.6951,0.9164,1.2081,-0.016112,-0.002968,0.007002,NA,FALSE,FALSE,0.009956,0.007972,17.6122,-0.242048,-0.163141,-0.087484,0.11616,0.163141,0.242048,-31.9544,-19.4958,-9.6477,11.9253,19.4958,31.9544
MAFR_pixel,HYPERNETS,PACE,477,RHOW,23,23,12,12,0.8377,1.032,0.6941,0.908,1.1879,-0.015419,-0.002706,0.007012,NA,FALSE,FALSE,0.009921,0.008061,17.5799,-0.240266,-0.160814,-0.096757,0.111703,0.160814,0.240266,-31.6475,-19.1667,-10.7407,11.9636,19.1667,31.6475
MAFR_pixel,HYPERNETS,PACE,478,RHOW,23,23,12,12,0.8378,1.0328,0.6941,0.9085,1.1891,-0.015636,-0.002793,0.00702,NA,FALSE,FALSE,0.010006,0.008125,17.5843,-0.242286,-0.161714,-0.099715,0.112089,0.161714,0.242286,-31.9934,-19.2913,-11.106,12.2544,19.2913,31.9934
MAFR_pixel,HYPERNETS,PACE,479,RHOW,23,23,12,12,0.8345,1.0273,0.6915,0.9046,1.1834,-0.015461,-0.00262,0.007196,NA,FALSE,FALSE,0.010053,0.008177,17.5238,-0.240375,-0.162214,-0.101723,0.11332,0.162214,0.240375,-31.6659,-19.3648,-11.3544,12.4276,19.3648,31.6659
MAFR_pixel,HYPERNETS,PACE,480,RHOW,23,23,12,12,0.8311,1.0203,0.689,0.9001,1.1759,-0.015296,-0.002492,0.007308,NA,FALSE,FALSE,0.010147,0.008241,17.4671,-0.245439,-0.156242,-0.103458,0.111574,0.156242,0.245439,-32.5418,-18.5214,-11.5629,12.2546,18.5214,32.5418
MAFR_pixel,HYPERNETS,PACE,481,RHOW,23,23,12,12,0.8264,1.0137,0.6847,0.8958,1.1721,-0.0153,-0.002357,0.007536,NA,FALSE,FALSE,0.010293,0.008348,17.4267,-0.248467,-0.160295,-0.100993,0.108658,0.160295,0.248467,-33.0748,-19.0971,-11.2506,11.8839,19.0971,33.0748
MAFR_pixel,HYPERNETS,PACE,482,RHOW,23,23,12,12,0.8286,1.0144,0.687,0.8971,1.1714,-0.015214,-0.002295,0.007598,NA,FALSE,FALSE,0.010193,0.008236,17.115,-0.242625,-0.158399,-0.096777,0.105094,0.158399,0.242625,-32.0479,-18.8302,-10.732,11.4512,18.8302,32.0479
MAFR_pixel,HYPERNETS,PACE,483,RHOW,23,23,12,12,0.8165,1.0057,0.6767,0.8847,1.1565,-0.015023,-0.002034,0.007902,NA,FALSE,FALSE,0.010605,0.008538,17.3725,-0.249593,-0.160482,-0.107539,0.11214,0.160482,0.249593,-33.269,-19.1311,-12.0727,12.3862,19.1311,33.269
MAFR_pixel,HYPERNETS,PACE,484,RHOW,23,23,12,12,0.8168,1.0039,0.6776,0.8834,1.1517,-0.014959,-0.002028,0.00789,NA,FALSE,FALSE,0.010656,0.008578,17.3231,-0.250516,-0.164135,-0.10629,0.109378,0.164135,0.250516,-33.4366,-19.6487,-11.9152,12.0761,19.6487,33.4366
MAFR_pixel,HYPERNETS,PACE,485,RHOW,23,23,12,12,0.8195,1.0028,0.6801,0.8855,1.1528,-0.014911,-0.001981,0.00795,NA,FALSE,FALSE,0.010542,0.008447,16.9878,-0.247502,-0.159167,-0.103263,0.10784,0.159167,0.247502,-32.9034,-18.9419,-11.5447,11.8927,18.9419,32.9034
MAFR_pixel,HYPERNETS,PACE,486,RHOW,23,23,12,12,0.8202,1.0015,0.6814,0.8848,1.149,-0.014753,-0.001871,0.008049,NA,FALSE,FALSE,0.010493,0.008443,16.8614,-0.243598,-0.1552,-0.105019,0.109214,0.1552,0.243598,-32.2215,-18.3862,-11.7676,12.0793,18.3862,32.2215
MAFR_pixel,HYPERNETS,PACE,487,RHOW,23,23,12,12,0.8128,0.991,0.6755,0.8761,1.1362,-0.014282,-0.001467,0.008414,NA,FALSE,FALSE,0.010615,0.008455,16.5191,-0.243668,-0.149159,-0.106035,0.10804,0.149159,0.243668,-32.2233,-17.5595,-11.8872,11.9485,17.5595,32.2233
MAFR_pixel,HYPERNETS,PACE,488,RHOW,23,23,12,12,0.8135,0.9899,0.6772,0.8746,1.1296,-0.014039,-0.001409,0.00837,NA,FALSE,FALSE,0.010597,0.008457,16.457,-0.240886,-0.151424,-0.106731,0.106962,0.151424,0.240886,-31.7389,-17.8731,-11.9739,11.9739,17.8731,31.7389
MAFR_pixel,HYPERNETS,PACE,489,RHOW,23,23,12,12,0.8071,0.9857,0.6725,0.8663,1.1161,-0.013658,-0.001179,0.008509,NA,FALSE,FALSE,0.010803,0.008602,16.5395,-0.241534,-0.155082,-0.108442,0.108442,0.155082,0.241534,-31.848,-18.3962,-12.1758,12.1758,18.3962,31.848
MAFR_pixel,HYPERNETS,PACE,490,RHOW,23,23,12,12,0.8017,0.9817,0.6678,0.8607,1.1091,-0.013557,-0.001037,0.008678,NA,FALSE,FALSE,0.011017,0.00877,16.684,-0.243224,-0.156134,-0.113843,0.113843,0.156134,0.243224,-32.1409,-18.5473,-12.8604,12.8604,18.5473,32.1409
MAFR_pixel,HYPERNETS,PACE,491,RHOW,23,23,12,12,0.8043,0.9794,0.6698,0.8641,1.1147,-0.013662,-9.88e-4,0.008837,NA,FALSE,FALSE,0.010899,0.008625,16.2859,-0.23742,-0.152078,-0.107147,0.107147,0.152078,0.23742,-31.1338,-17.9772,-12.018,12.018,17.9772,31.1338
MAFR_pixel,HYPERNETS,PACE,492,RHOW,23,23,12,12,0.804,0.9765,0.6698,0.8632,1.1125,-0.013612,-9.04e-4,0.008956,NA,FALSE,FALSE,0.010934,0.008623,16.1246,-0.231961,-0.15248,-0.109,0.109,0.15248,0.231961,-30.2067,-18.0273,-12.2673,12.2673,18.0273,30.2067
MAFR_pixel,HYPERNETS,PACE,493,RHOW,23,23,12,12,0.8014,0.972,0.6681,0.8595,1.1059,-0.013471,-8.08e-4,0.009034,NA,FALSE,FALSE,0.011063,0.008771,16.2155,-0.228386,-0.152021,-0.112285,0.112285,0.152021,0.228386,-29.6048,-17.976,-12.6704,12.6704,17.976,29.6048
MAFR_pixel,HYPERNETS,PACE,494,RHOW,23,23,12,12,0.7982,0.9713,0.6651,0.8567,1.1035,-0.013489,-7.08e-4,0.009214,NA,FALSE,FALSE,0.011202,0.008827,16.1845,-0.228079,-0.152282,-0.111192,0.111192,0.152282,0.228079,-29.5551,-18.0121,-12.532,12.532,18.0121,29.5551
MAFR_pixel,HYPERNETS,PACE,495,RHOW,23,23,12,12,0.7934,0.9653,0.6612,0.8513,1.0961,-0.013324,-5.37e-4,0.009394,NA,FALSE,FALSE,0.011391,0.00896,16.2112,-0.228629,-0.151375,-0.113094,0.113094,0.151375,0.228629,-29.6484,-17.8915,-12.7669,12.7669,17.8915,29.6484
MAFR_pixel,HYPERNETS,PACE,496,RHOW,23,23,12,12,0.7906,0.9614,0.6598,0.8465,1.0861,-0.012937,-3.08e-4,0.009535,NA,FALSE,FALSE,0.011455,0.009016,16.1387,-0.227129,-0.151043,-0.114192,0.114192,0.151043,0.227129,-29.3975,-17.8438,-12.8975,12.8975,17.8438,29.3975
MAFR_pixel,HYPERNETS,PACE,497,RHOW,23,23,12,12,0.786,0.9559,0.6554,0.8426,1.0834,-0.012854,-6.8e-5,0.009877,NA,FALSE,FALSE,0.011569,0.009091,16.0478,-0.223203,-0.150836,-0.110211,0.110211,0.150836,0.223203,-28.7455,-17.8223,-12.3895,12.3895,17.8223,28.7455
MAFR_pixel,HYPERNETS,PACE,498,RHOW,23,23,12,12,0.785,0.952,0.6552,0.8403,1.0776,-0.012713,0,0.009913,NA,FALSE,FALSE,0.01167,0.009148,15.9566,-0.22508,-0.154956,-0.109977,0.109977,0.154956,0.22508,-29.0598,-18.3972,-12.3613,12.3613,18.3972,29.0598
MAFR_pixel,HYPERNETS,PACE,499,RHOW,23,23,12,12,0.7853,0.9513,0.655,0.8415,1.0812,-0.01295,-3.2e-5,0.010022,NA,FALSE,FALSE,0.011734,0.009172,15.8895,-0.227406,-0.153981,-0.107577,0.107577,0.153981,0.227406,-29.4446,-18.2559,-12.0635,12.0635,18.2559,29.4446
MAFR_pixel,HYPERNETS,PACE,500,RHOW,23,23,12,12,0.7817,0.9471,0.652,0.8377,1.0761,-0.012802,1.49e-4,0.01023,NA,FALSE,FALSE,0.01187,0.009134,15.6679,-0.2281,-0.151734,-0.102652,0.102652,0.151734,0.2281,-29.5635,-17.9431,-11.4513,11.4513,17.9431,29.5635
MAFR_pixel,HYPERNETS,PACE,501,RHOW,23,23,12,12,0.7856,0.9435,0.6561,0.8402,1.076,-0.012509,3.26e-4,0.010349,NA,FALSE,FALSE,0.01159,0.008884,15.1152,-0.22125,-0.148759,-0.094686,0.094686,0.148759,0.22125,-28.4248,-17.5324,-10.4715,10.4715,17.5324,28.4248
MAFR_pixel,HYPERNETS,PACE,502,RHOW,23,23,12,12,0.7828,0.9377,0.6547,0.8355,1.0662,-0.012164,5.28e-4,0.010474,NA,FALSE,FALSE,0.011706,0.008975,15.0295,-0.225106,-0.146165,-0.092864,0.092864,0.146165,0.225106,-29.0553,-17.1611,-10.2428,10.2428,17.1611,29.0553
MAFR_pixel,HYPERNETS,PACE,503,RHOW,23,23,12,12,0.779,0.9348,0.6519,0.8308,1.0589,-0.011956,6.88e-4,0.010608,NA,FALSE,FALSE,0.011866,0.009073,15.0712,-0.223966,-0.145875,-0.092238,0.092238,0.145875,0.223966,-28.8722,-17.1085,-10.1663,10.1663,17.1085,28.8722
MAFR_pixel,HYPERNETS,PACE,504,RHOW,23,23,12,12,0.7747,0.9301,0.6481,0.8266,1.0544,-0.011776,9.21e-4,0.010875,NA,FALSE,FALSE,0.011976,0.009123,14.9989,-0.221058,-0.144395,-0.092447,0.092447,0.144395,0.221058,-28.3919,-16.895,-10.1913,10.1913,16.895,28.3919
MAFR_pixel,HYPERNETS,PACE,505,RHOW,23,23,12,12,0.7673,0.9263,0.642,0.8186,1.0436,-0.01151,0.001164,0.011104,NA,FALSE,FALSE,0.012298,0.009336,15.1619,-0.221745,-0.14099,-0.09378,0.09378,0.14099,0.221745,-28.5068,-16.4287,-10.3502,10.3502,16.4287,28.5068
MAFR_pixel,HYPERNETS,PACE,506,RHOW,23,23,12,12,0.7701,0.9245,0.6444,0.8213,1.0467,-0.011567,0.001179,0.011181,NA,FALSE,FALSE,0.012197,0.009236,14.877,-0.222846,-0.137033,-0.090022,0.090022,0.137033,0.222846,-28.687,-15.889,-9.8949,9.8949,15.889,28.687
MAFR_pixel,HYPERNETS,PACE,507,RHOW,23,23,12,12,0.7695,0.9206,0.6445,0.8198,1.0429,-0.011271,0.001404,0.011368,NA,FALSE,FALSE,0.012147,0.009095,14.4988,-0.220007,-0.131297,-0.085673,0.085673,0.131297,0.220007,-28.2222,-15.1195,-9.3723,9.3723,15.1195,28.2222
MAFR_pixel,HYPERNETS,PACE,508,RHOW,23,23,12,12,0.7687,0.9219,0.6427,0.8207,1.0479,-0.011628,0.001361,0.011533,NA,FALSE,FALSE,0.012289,0.009192,14.5738,-0.222078,-0.131607,-0.082658,0.082658,0.131607,0.222078,-28.5576,-15.1592,-9.0128,9.0128,15.1592,28.5576
MAFR_pixel,HYPERNETS,PACE,509,RHOW,23,23,12,12,0.7646,0.9183,0.6396,0.8159,1.0408,-0.011404,0.001554,0.011712,NA,FALSE,FALSE,0.012486,0.009356,14.6784,-0.222395,-0.130247,-0.081747,0.081747,0.130247,0.222395,-28.6154,-14.977,-8.9025,8.9025,14.977,28.6154
MAFR_pixel,HYPERNETS,PACE,510,RHOW,23,23,12,12,0.7635,0.917,0.6382,0.8156,1.0424,-0.011492,0.001636,0.011907,NA,FALSE,FALSE,0.012553,0.009358,14.5635,-0.22077,-0.127799,-0.078394,0.078394,0.127799,0.22077,-28.3444,-14.6534,-8.5063,8.5063,14.6534,28.3444
MAFR_pixel,HYPERNETS,PACE,511,RHOW,23,23,12,12,0.765,0.9162,0.6397,0.8167,1.0427,-0.011471,0.001687,0.011994,NA,FALSE,FALSE,0.012527,0.009343,14.4416,-0.217675,-0.121675,-0.077442,0.077442,0.121675,0.217675,-27.8458,-13.8531,-8.3944,8.3944,13.8531,27.8458
MAFR_pixel,HYPERNETS,PACE,512,RHOW,23,23,12,12,0.7691,0.9163,0.6436,0.8203,1.0454,-0.011473,0.001688,0.012014,NA,FALSE,FALSE,0.012377,0.009226,14.1826,-0.217363,-0.117541,-0.07394,0.07394,0.117541,0.217363,-27.7841,-13.3201,-7.9844,7.9844,13.3201,27.7841
MAFR_pixel,HYPERNETS,PACE,513,RHOW,23,23,12,12,0.7694,0.9153,0.6436,0.821,1.0473,-0.011514,0.001766,0.012176,NA,FALSE,FALSE,0.012361,0.009176,14.0301,-0.215664,-0.116757,-0.068446,0.068446,0.116757,0.215664,-27.5064,-13.2199,-7.3479,7.3479,13.2199,27.5064
MAFR_pixel,HYPERNETS,PACE,514,RHOW,23,23,12,12,0.7655,0.91,0.6408,0.816,1.0392,-0.011195,0.002,0.012361,NA,FALSE,FALSE,0.012526,0.009229,13.9294,-0.214292,-0.115276,-0.067227,0.067227,0.115276,0.214292,-27.2842,-13.0335,-7.2073,7.2073,13.0335,27.2842
MAFR_pixel,HYPERNETS,PACE,515,RHOW,23,23,12,12,0.7653,0.9113,0.64,0.817,1.043,-0.011502,0.001944,0.012476,NA,FALSE,FALSE,0.012643,0.009299,13.9692,-0.216665,-0.114022,-0.067981,0.067981,0.114022,0.216665,-27.6671,-12.8773,-7.2957,7.2957,12.8773,27.6671
MAFR_pixel,HYPERNETS,PACE,516,RHOW,23,23,12,12,0.7586,0.9049,0.6344,0.8098,1.0337,-0.011103,0.002349,0.012887,NA,FALSE,FALSE,0.012859,0.009377,13.8572,-0.212655,-0.111453,-0.065827,0.065827,0.111453,0.212655,-27.0174,-12.5496,-7.0465,7.0465,12.5496,27.0174
MAFR_pixel,HYPERNETS,PACE,517,RHOW,23,23,12,12,0.7603,0.9021,0.6357,0.8117,1.0364,-0.011105,0.002456,0.013077,NA,FALSE,FALSE,0.012743,0.009316,13.6197,-0.210164,-0.10427,-0.066843,0.066843,0.10427,0.210164,-26.6146,-11.6531,-7.1632,7.1632,11.6531,26.6146
MAFR_pixel,HYPERNETS,PACE,518,RHOW,23,23,12,12,0.7628,0.9033,0.6392,0.8119,1.0314,-0.010875,0.002452,0.012945,NA,FALSE,FALSE,0.012696,0.009339,13.6476,-0.20979,-0.108055,-0.070927,0.070927,0.108055,0.20979,-26.5533,-12.1287,-7.6346,7.6346,12.1287,26.5533
MAFR_pixel,HYPERNETS,PACE,519,RHOW,23,23,12,12,0.7619,0.8992,0.6391,0.8099,1.0262,-0.010619,0.002603,0.013037,NA,FALSE,FALSE,0.012729,0.009405,13.5646,-0.209972,-0.107298,-0.074347,0.074347,0.107298,0.209972,-26.584,-12.0358,-8.0367,8.0367,12.0358,26.584
MAFR_pixel,HYPERNETS,PACE,520,RHOW,23,23,12,12,0.7551,0.8944,0.6328,0.8038,1.0211,-0.010497,0.002891,0.013431,NA,FALSE,FALSE,0.013013,0.009572,13.6154,-0.210642,-0.108501,-0.072634,0.072634,0.108501,0.210642,-26.6889,-12.1924,-7.8387,7.8387,12.1924,26.6889
MAFR_pixel,HYPERNETS,PACE,521,RHOW,23,23,12,12,0.754,0.8911,0.6324,0.8017,1.0162,-0.010199,0.003103,0.013596,NA,FALSE,FALSE,0.013014,0.00953,13.4268,-0.208713,-0.105501,-0.066463,0.066463,0.105501,0.208713,-26.3792,-11.8147,-7.1241,7.1241,11.8147,26.3792
MAFR_pixel,HYPERNETS,PACE,522,RHOW,23,23,12,12,0.7513,0.8864,0.6303,0.7986,1.0118,-0.00996,0.003345,0.013846,NA,FALSE,FALSE,0.013083,0.009615,13.3514,-0.204837,-0.109335,-0.058463,0.058463,0.109335,0.204837,-25.7673,-12.2889,-6.2146,6.2146,12.2889,25.7673
MAFR_pixel,HYPERNETS,PACE,523,RHOW,23,23,12,12,0.7506,0.8854,0.6296,0.7981,1.0116,-0.010037,0.003379,0.013963,NA,FALSE,FALSE,0.013196,0.009622,13.2989,-0.20759,-0.104672,-0.055549,0.055549,0.104672,0.20759,-26.2056,-11.7042,-5.8847,5.8847,11.7042,26.2056
MAFR_pixel,HYPERNETS,PACE,524,RHOW,23,23,12,12,0.7464,0.8832,0.6263,0.7932,1.0047,-0.009915,0.003511,0.014112,NA,FALSE,FALSE,0.013509,0.009804,13.3841,-0.210843,-0.107388,-0.057382,0.057382,0.107388,0.210843,-26.7224,-12.052,-6.0897,6.0897,12.052,26.7224
MAFR_pixel,HYPERNETS,PACE,525,RHOW,23,23,12,12,0.7438,0.8794,0.6232,0.792,1.0064,-0.010009,0.003679,0.014451,NA,FALSE,FALSE,0.013618,0.009843,13.31,-0.210458,-0.108131,-0.050934,0.050934,0.108131,0.210458,-26.6621,-12.1584,-5.3686,5.3686,12.1584,26.6621
MAFR_pixel,HYPERNETS,PACE,526,RHOW,23,23,12,12,0.7451,0.8789,0.6245,0.793,1.007,-0.009922,0.003811,0.014626,NA,FALSE,FALSE,0.013533,0.009782,13.1057,-0.206737,-0.103751,-0.047077,0.047077,0.103751,0.206737,-26.0666,-11.606,-4.9415,4.9415,11.606,26.0666
MAFR_pixel,HYPERNETS,PACE,527,RHOW,23,23,12,12,0.7467,0.8783,0.6264,0.7937,1.0057,-0.009813,0.003887,0.014699,NA,FALSE,FALSE,0.013499,0.009695,12.8739,-0.203443,-0.105269,-0.039635,0.039635,0.105269,0.203443,-25.5439,-11.7883,-4.128,4.128,11.7883,25.5439
MAFR_pixel,HYPERNETS,PACE,528,RHOW,23,23,12,12,0.7466,0.8774,0.6267,0.793,1.0036,-0.009749,0.003938,0.014753,NA,FALSE,FALSE,0.013557,0.009742,12.8526,-0.204679,-0.103743,-0.037733,0.037733,0.103743,0.204679,-25.7404,-11.6016,-3.9213,3.9213,11.6016,25.7404
MAFR_pixel,HYPERNETS,PACE,529,RHOW,23,23,12,12,0.7416,0.8722,0.6226,0.7875,0.9959,-0.009382,0.004259,0.015045,NA,TRUE,FALSE,0.013756000000000001,0.009891,12.8853,-0.204472,-0.105178,-0.033457,0.033457,0.105178,0.204472,-25.7059,-11.7803,-3.4616,3.4616,11.7803,25.7059
MAFR_pixel,HYPERNETS,PACE,530,RHOW,23,23,12,12,0.7386,0.8705,0.6198,0.7849,0.9939,-0.009278,0.004469,0.015325,NA,TRUE,FALSE,0.013876,0.009938,12.8457,-0.202115,-0.104954,-0.034224,0.034406,0.104954,0.202115,-25.3345,-11.7551,-3.5438,3.5438,11.7551,25.3345
MAFR_pixel,HYPERNETS,PACE,531,RHOW,23,23,12,12,0.7361,0.865,0.6188,0.7805,0.9845,-0.008696,0.00479,0.015483,NA,TRUE,FALSE,0.013908,0.010006,12.7643,-0.201341,-0.108657,-0.027106,0.033481,0.108657,0.201341,-25.2152,-12.2002,-2.7863,3.3685,12.2002,25.2152
MAFR_pixel,HYPERNETS,PACE,532,RHOW,23,23,12,12,0.7378,0.8637,0.6208,0.7813,0.9833,-0.008615,0.004802,0.015464,NA,TRUE,FALSE,0.013863,0.009984,12.637,-0.200205,-0.111659,-0.024438,0.029776,0.111659,0.200205,-25.039,-12.5756,-2.5051,2.9932,12.5756,25.039
MAFR_pixel,HYPERNETS,PACE,533,RHOW,23,23,12,12,0.7361,0.8629,0.6194,0.7795,0.9808,-0.008623,0.004859,0.015574,NA,TRUE,FALSE,0.014061,0.010133,12.7118,-0.203902,-0.111137,-0.023007,0.026581,0.111137,0.203902,-25.619,-12.5125,-2.3551,2.6727,12.5125,25.619
MAFR_pixel,HYPERNETS,PACE,534,RHOW,23,23,12,12,0.7316,0.8612,0.6144,0.7765,0.9814,-0.008734,0.005069,0.015991,NA,TRUE,FALSE,0.0143,0.010212,12.6839,-0.203743,-0.109824,-0.02215,0.026949,0.109824,0.203743,-25.5912,-12.3487,-2.2667,2.7113,12.3487,25.5912
MAFR_pixel,HYPERNETS,PACE,535,RHOW,23,23,12,12,0.731,0.8597,0.6143,0.7753,0.9785,-0.008675,0.005112,0.016036,NA,TRUE,FALSE,0.014438,0.010366,12.7806,-0.20452,-0.113734,-0.022103,0.027386,0.113734,0.20452,-25.7128,-12.8465,-2.2612,2.7541,12.8465,25.7128
MAFR_pixel,HYPERNETS,PACE,536,RHOW,23,23,12,12,0.7292,0.8567,0.6123,0.7742,0.9789,-0.00876,0.005231,0.016297,NA,TRUE,FALSE,0.014602,0.010467,12.7657,-0.202492,-0.112832,-0.020282,0.029528,0.112832,0.202492,-25.3978,-12.7397,-2.0716,2.9661,12.7397,25.3978
MAFR_pixel,HYPERNETS,PACE,537,RHOW,23,23,12,12,0.7317,0.857,0.6146,0.7764,0.9809,-0.008761,0.005276,0.016387,NA,TRUE,FALSE,0.014506,0.010358,12.543,-0.203159,-0.107868,-0.016584,0.029965,0.107868,0.203159,-25.4988,-12.1115,-1.6868,3.003,12.1115,25.4988
MAFR_pixel,HYPERNETS,PACE,538,RHOW,23,23,12,12,0.7279,0.8532,0.6119,0.7719,0.9737,-0.008425,0.005518,0.01657,NA,TRUE,FALSE,0.014701,0.010508,12.5746,-0.201838,-0.111225,-0.01427,0.027265,0.111225,0.201838,-25.2908,-12.5266,-1.4477,2.7291,12.5266,25.2908
MAFR_pixel,HYPERNETS,PACE,539,RHOW,23,23,12,12,0.7261,0.8505,0.6107,0.7695,0.9696,-0.008197,0.005688,0.016708,NA,TRUE,FALSE,0.014793,0.010596,12.607,-0.201018,-0.109699,-0.01546,0.027288,0.109699,0.201018,-25.1627,-12.3319,-1.5705,2.734,12.3319,25.1627
MAFR_pixel,HYPERNETS,PACE,540,RHOW,23,23,12,12,0.7212,0.8473,0.6056,0.7657,0.9681,-0.008393,0.005771,0.016973,NA,TRUE,FALSE,0.015185,0.010885,12.8338,-0.207122,-0.113152,-0.016797,0.024712,0.113152,0.207122,-26.1264,-12.7743,-1.7086,2.4786,12.7743,26.1264
MAFR_pixel,HYPERNETS,PACE,541,RHOW,23,23,12,12,0.7217,0.8458,0.6071,0.7645,0.9626,-0.007988,0.005943,0.017007,NA,TRUE,FALSE,0.01515,0.010906,12.7827,-0.203242,-0.115536,-0.017887,0.026435,0.115536,0.203242,-25.5137,-13.0776,-1.8235,2.655,13.0776,25.5137
MAFR_pixel,HYPERNETS,PACE,542,RHOW,23,23,12,12,0.7184,0.8433,0.6034,0.7624,0.9633,-0.007955,0.006227,0.017451,NA,TRUE,FALSE,0.015253,0.010868,12.6325,-0.198911,-0.111383,-0.013148,0.026077,0.111383,0.198911,-24.8357,-12.5474,-1.3353,2.6144,12.5474,24.8357
MAFR_pixel,HYPERNETS,PACE,543,RHOW,23,23,12,12,0.7193,0.8424,0.605,0.7622,0.9601,-0.007731,0.0063,0.017438,NA,TRUE,FALSE,0.015245,0.010954,12.7325,-0.20054,-0.112343,-0.015089,0.030179,0.112343,0.20054,-25.0866,-12.6669,-1.5372,3.0278,12.6669,25.0866
MAFR_pixel,HYPERNETS,PACE,544,RHOW,23,23,12,12,0.7179,0.8412,0.6034,0.7614,0.9609,-0.007813,0.006389,0.017643,NA,TRUE,FALSE,0.015365,0.011009,12.7561,-0.202824,-0.110297,-0.015595,0.02932,0.110297,0.202824,-25.4438,-12.4057,-1.5914,2.9441,12.4057,25.4438
MAFR_pixel,HYPERNETS,PACE,545,RHOW,23,23,12,12,0.7147,0.8382,0.6009,0.7575,0.9549,-0.007591,0.006562,0.017791,NA,TRUE,FALSE,0.015624,0.011218,12.8807,-0.201761,-0.1138,-0.016655,0.025795,0.1138,0.201761,-25.2777,-12.8509,-1.7053,2.5959,12.8509,25.2777
MAFR_pixel,HYPERNETS,PACE,546,RHOW,23,23,12,12,0.7157,0.8381,0.6016,0.759,0.9577,-0.007702,0.006598,0.017932,NA,TRUE,FALSE,0.015607,0.01121,12.8665,-0.199629,-0.11311,-0.012525,0.029257,0.11311,0.199629,-24.9446,-12.7636,-1.2806,2.936,12.7636,24.9446
MAFR_pixel,HYPERNETS,PACE,547,RHOW,23,23,12,12,0.7165,0.8374,0.6024,0.7596,0.9578,-0.007715,0.00662,0.017988,NA,TRUE,FALSE,0.015646,0.011318,12.9988,-0.20172,-0.115143,-0.011344,0.034495,0.115143,0.20172,-25.2713,-13.018,-1.1619,3.4478,13.018,25.2713
MAFR_pixel,HYPERNETS,PACE,548,RHOW,23,23,12,12,0.7124,0.8343,0.5988,0.7556,0.9534,-0.007492,0.006887,0.018282,NA,TRUE,FALSE,0.015868,0.011506,13.1648,-0.200286,-0.117839,-0.011997,0.038984,0.117839,0.200286,-25.0473,-13.3591,-1.2311,3.8967,13.3591,25.0473
MAFR_pixel,HYPERNETS,PACE,549,RHOW,23,23,12,12,0.7106,0.833,0.597,0.7539,0.9521,-0.007437,0.007025,0.018478,NA,TRUE,FALSE,0.016,0.011572,13.184,-0.197953,-0.117726,-0.012304,0.038125,0.117726,0.197953,-24.6842,-13.3438,-1.2639,3.8122,13.3438,24.6842
MAFR_pixel,HYPERNETS,PACE,550,RHOW,23,23,12,12,0.7105,0.8329,0.5978,0.7526,0.9474,-0.007139,0.007141,0.018484,NA,TRUE,FALSE,0.016039,0.01163,13.188,-0.196156,-0.119852,-0.014077,0.036909,0.119852,0.196156,-24.4048,-13.6175,-1.4513,3.6906,13.6175,24.4048
MAFR_pixel,HYPERNETS,PACE,551,RHOW,23,23,12,12,0.7087,0.8314,0.5957,0.7515,0.9482,-0.007316,0.007172,0.018655,NA,TRUE,FALSE,0.016241,0.011767,13.2723,-0.19947,-0.120732,-0.011569,0.035946,0.120732,0.19947,-24.9182,-13.731,-1.1932,3.5944,13.731,24.9182
MAFR_pixel,HYPERNETS,PACE,552,RHOW,23,23,12,12,0.7041,0.8278,0.5918,0.7468,0.9422,-0.007048,0.007437,0.018916,NA,TRUE,FALSE,0.016525,0.012033,13.5084,-0.201887,-0.122649,-0.016422,0.04024,0.122649,0.201887,-25.2956,-13.9797,-1.7011,4.0239,13.9797,25.2956
MAFR_pixel,HYPERNETS,PACE,553,RHOW,23,23,12,12,0.7012,0.8281,0.5885,0.745,0.9431,-0.007292,0.007474,0.019137,NA,TRUE,FALSE,0.016817,0.012171,13.5363,-0.200559,-0.121844,-0.013899,0.034769,0.121844,0.200559,-25.0881,-13.8755,-1.4399,3.4766,13.8755,25.0881
MAFR_pixel,HYPERNETS,PACE,554,RHOW,23,23,12,12,0.7011,0.8259,0.5888,0.7444,0.9413,-0.007106,0.007639,0.019301,NA,TRUE,FALSE,0.016839,0.012211,13.5408,-0.19702,-0.121706,-0.013615,0.037076,0.121706,0.19702,-24.5376,-13.8573,-1.4173,3.7075,13.8573,24.5376
MAFR_pixel,HYPERNETS,PACE,555,RHOW,23,23,12,12,0.7028,0.825,0.5907,0.7455,0.9409,-0.007045,0.007668,0.019326,NA,TRUE,FALSE,0.016821,0.012243,13.5308,-0.197256,-0.12496,-0.012983,0.040983,0.12496,0.197256,-24.5742,-14.281,-1.3499,4.0982,14.281,24.5742
MAFR_pixel,HYPERNETS,PACE,556,RHOW,23,23,12,12,0.7029,0.8251,0.5911,0.745,0.939,-0.00694,0.007736,0.01938,NA,TRUE,FALSE,0.016879,0.012298,13.5433,-0.196292,-0.123737,-0.01433,0.039715,0.123737,0.196292,-24.4251,-14.1213,-1.4968,3.9713,14.1213,24.4251
MAFR_pixel,HYPERNETS,PACE,557,RHOW,23,23,12,12,0.699,0.8216,0.5871,0.7418,0.9373,-0.006938,0.007937,0.01971,NA,TRUE,FALSE,0.017165,0.012499,13.696,-0.198865,-0.123026,-0.01623,0.044198,0.123026,0.198865,-24.8235,-14.0287,-1.6954,4.4194,14.0287,24.8235
MAFR_pixel,HYPERNETS,PACE,558,RHOW,23,23,12,12,0.6985,0.8214,0.5873,0.7405,0.9336,-0.006833,0.007964,0.019699,NA,TRUE,FALSE,0.017334,0.012686,13.78,-0.201886,-0.126075,-0.020261,0.04407,0.126075,0.201886,-25.2954,-14.4263,-2.1181,4.4446,14.4263,25.2954
MAFR_pixel,HYPERNETS,PACE,559,RHOW,23,23,12,12,0.6972,0.8196,0.5856,0.7401,0.9353,-0.006918,0.008114,0.020008,NA,TRUE,FALSE,0.017429,0.012714,13.7503,-0.19964,-0.125685,-0.015558,0.044924,0.125685,0.19964,-24.9443,-14.3752,-1.6284,4.4918,14.3752,24.9443
MAFR_pixel,HYPERNETS,PACE,560,RHOW,23,23,12,12,0.6946,0.816,0.5835,0.7371,0.9311,-0.006655,0.008381,0.020284,NA,TRUE,FALSE,0.017606,0.012901,13.8945,-0.198401,-0.125068,-0.017946,0.044403,0.125068,0.198401,-24.7536,-14.2967,-1.8881,4.5971,14.2967,24.7536
MAFR_pixel,HYPERNETS,PACE,561,RHOW,23,23,12,12,0.6944,0.8154,0.5833,0.7369,0.931,-0.006698,0.008397,0.020344,NA,TRUE,FALSE,0.017695,0.013009,13.9895,-0.202228,-0.126448,-0.017973,0.046561,0.126448,0.202228,-25.3497,-14.4762,-1.8951,4.7451,14.4762,25.3497
MAFR_pixel,HYPERNETS,PACE,562,RHOW,23,23,12,12,0.6919,0.8127,0.5821,0.7331,0.9232,-0.006234,0.008627,0.020427,NA,TRUE,FALSE,0.017873,0.013245,14.2022,-0.201287,-0.132691,-0.020685,0.048611,0.132691,0.201287,-25.2019,-15.3033,-2.1879,4.8992000000000004,15.3033,25.2019
MAFR_pixel,HYPERNETS,PACE,563,RHOW,23,23,12,12,0.6859,0.8093,0.5754,0.7291,0.9238,-0.006389,0.008899,0.020965,NA,TRUE,FALSE,0.018247,0.013397,14.2761,-0.199722,-0.130856,-0.019322,0.050635,0.130856,0.199722,-24.9576,-15.0613,-2.0359,5.115,15.0613,24.9576
MAFR_pixel,HYPERNETS,PACE,564,RHOW,23,23,12,12,0.6877,0.8104,0.5763,0.7321,0.9301,-0.006745,0.008855,0.021135,NA,TRUE,FALSE,0.018251,0.01333,14.195,-0.201371,-0.121321,-0.018017,0.052939,0.121321,0.201371,-25.2154,-13.8076,-1.9027,5.3375,13.8076,25.2154
MAFR_pixel,HYPERNETS,PACE,565,RHOW,23,23,12,12,0.6913,0.8118,0.5795,0.7357,0.9339,-0.006924,0.008753,0.021103,NA,TRUE,FALSE,0.018179,0.01329,14.1653,-0.199724,-0.114532,-0.02175,0.05638,0.114532,0.199724,-24.9582,-12.9378,-2.3063,5.6368,12.9378,24.9582
MAFR_pixel,HYPERNETS,PACE,566,RHOW,23,23,12,12,0.6873,0.8095,0.5755,0.7323,0.9317,-0.006969,0.008856,0.021294,NA,TRUE,FALSE,0.018493,0.013518,14.3501,-0.203858,-0.117716,-0.021574,0.057114,0.117716,0.203858,-25.6081,-13.3432,-2.2812,5.7658,13.3432,25.6081
MAFR_pixel,HYPERNETS,PACE,567,RHOW,23,23,12,12,0.6822,0.8066,0.5712,0.727,0.9253,-0.006804,0.00901,0.021435,NA,TRUE,FALSE,0.018899,0.013843,14.5926,-0.207475,-0.123492,-0.025379,0.058481,0.123492,0.207475,-26.1801,-14.0898,-2.6751,5.9056,14.0898,26.1801
MAFR_pixel,HYPERNETS,PACE,568,RHOW,23,23,12,12,0.6777,0.8032,0.5677,0.7217,0.9174,-0.006437,0.009233,0.021559,NA,TRUE,FALSE,0.01922,0.014156,14.8492,-0.21393,-0.127656,-0.025701,0.06013,0.127656,0.21393,-27.2151,-14.6337,-2.7111,6.0763,14.6337,27.2151
MAFR_pixel,HYPERNETS,PACE,569,RHOW,23,23,12,12,0.677,0.8033,0.5674,0.7206,0.9153,-0.006364,0.009246,0.021536,NA,TRUE,FALSE,0.019339,0.01426,14.9145,-0.214817,-0.128548,-0.025909,0.060579,0.128548,0.214817,-27.3589,-14.7513,-2.7332,6.1312,14.7513,27.3589
MAFR_pixel,HYPERNETS,PACE,570,RHOW,23,23,12,12,0.6745,0.8015,0.5649,0.7187,0.9144,-0.006357,0.009357,0.021708,NA,TRUE,FALSE,0.01952,0.014365,14.9934,-0.215705,-0.127783,-0.024008,0.064731,0.127783,0.215705,-27.5034,-14.6505,-2.5306,6.5516,14.6505,27.5034
MAFR_pixel,HYPERNETS,PACE,571,RHOW,23,23,12,12,0.6741,0.79990000000000006,0.5646,0.7182,0.9137,-0.006298,0.009391,0.021724,NA,TRUE,FALSE,0.019558,0.014425,15.1428,-0.215885,-0.127615,-0.025069,0.068544,0.127615,0.215885,-27.5326,-14.6284,-2.6433,6.9338,14.6284,27.5326
MAFR_pixel,HYPERNETS,PACE,572,RHOW,23,23,12,12,0.6709,0.7973,0.5615,0.7153,0.9111,-0.006236,0.009509,0.02187,NA,TRUE,FALSE,0.019813,0.014586,15.2355,-0.216872,-0.128744,-0.021561,0.067488,0.128744,0.216872,-27.6939,-14.7772,-2.266,6.8307,14.7772,27.6939
MAFR_pixel,HYPERNETS,PACE,573,RHOW,23,23,12,12,0.6696,0.797,0.5605,0.7139,0.9092,-0.006157,0.00956,0.0219,NA,TRUE,FALSE,0.019932,0.014713,15.4161,-0.21743,-0.128585,-0.024655,0.073011,0.128585,0.21743,-27.7851,-14.7564,-2.6029,7.3939,14.7564,27.7851
MAFR_pixel,HYPERNETS,PACE,574,RHOW,23,23,12,12,0.6686,0.7998,0.559,0.7141,0.9122,-0.006567,0.009388,0.021877,NA,TRUE,FALSE,0.020184,0.014806,15.428,-0.219423,-0.127566,-0.028371,0.069853,0.127566,0.219423,-28.1111,-14.6222,-2.9995,7.0792,14.6222,28.1111
MAFR_pixel,HYPERNETS,PACE,575,RHOW,23,23,12,12,0.6685,0.8013,0.5589,0.7139,0.9118,-0.006698,0.009255,0.021745,NA,TRUE,FALSE,0.020366,0.014955,15.6012,-0.22194,-0.129434,-0.033999,0.067908,0.129434,0.22194,-28.5263,-14.8692,-3.6088,6.8818,14.8692,28.5263
MAFR_pixel,HYPERNETS,PACE,576,RHOW,23,23,12,12,0.6703,0.8019,0.5601,0.7165,0.9165,-0.006932,0.009153,0.021727,NA,TRUE,FALSE,0.020303,0.014843,15.5203,-0.216572,-0.125731,-0.03026,0.067176,0.125731,0.216572,-27.6474,-14.3822,-3.2084,6.8003,14.3822,27.6474
MAFR_pixel,HYPERNETS,PACE,577,RHOW,23,23,12,12,0.6698,0.8015,0.5587,0.7176,0.9216,-0.007286,0.0091,0.021857,NA,TRUE,FALSE,0.020417,0.014838,15.5592,-0.217227,-0.122174,-0.028894,0.068745,0.122174,0.217227,-27.7525,-13.9183,-3.0654,6.9483,13.9183,27.7525
MAFR_pixel,HYPERNETS,PACE,578,RHOW,23,23,12,12,0.6705,0.7986,0.5591,0.7188,0.9242,-0.007354,0.009101,0.021899,NA,TRUE,FALSE,0.020391,0.014789,15.6074,-0.215412,-0.119786,-0.022632,0.077239,0.119786,0.215412,-27.4568,-13.6088,-2.3922,7.7861,13.6088,27.4568
MAFR_pixel,HYPERNETS,PACE,579,RHOW,23,23,12,12,0.6685,0.7958,0.5576,0.7162,0.9198,-0.006838,0.009375,0.021998,NA,TRUE,FALSE,0.020361,0.01476,15.7192,-0.210347,-0.121826,-0.015737,0.08684,0.122148,0.210347,-26.6399,-13.883,-1.682,8.6676,13.883,26.6399
MAFR_pixel,HYPERNETS,PACE,580,RHOW,23,23,12,12,0.6679,0.7975,0.5571,0.7157,0.9193,-0.006797,0.009352,0.021925,NA,TRUE,FALSE,0.020417,0.014762,15.7808,-0.205821,-0.125748,-0.016686,0.088953,0.128798,0.205821,-25.9185,-14.4158,-1.7944,8.8814,14.4158,25.9185
MAFR_pixel,HYPERNETS,PACE,581,RHOW,23,23,12,12,0.6678,0.7977,0.5567,0.7162,0.9215,-0.006884,0.009322,0.021918,NA,TRUE,FALSE,0.020431,0.014691,15.7833,-0.208061,-0.121948,-0.0149,0.089011,0.132888,0.208061,-26.2734,-13.9314,-1.6149,8.8907,14.509,26.2734
MAFR_pixel,HYPERNETS,PACE,582,RHOW,23,23,12,12,0.6683,0.7988,0.5568,0.7173,0.9241,-0.007088,0.009175,0.0218,NA,TRUE,FALSE,0.020482,0.014719,15.9405,-0.210033,-0.121325,-0.017108,0.089433,0.135481,0.210033,-26.5876,-13.8511,-1.8591,9.1363,14.7663,26.5876
MAFR_pixel,HYPERNETS,PACE,583,RHOW,23,23,12,12,0.6697,0.798,0.5579,0.7192,0.9271,-0.007113,0.009141,0.021749,NA,TRUE,FALSE,0.020348,0.014508,15.8163,-0.205812,-0.1154,-0.011473,0.081826,0.139911,0.205812,-25.9154,-13.1035,-1.2613,8.7977,15.1869,25.9154
MAFR_pixel,HYPERNETS,PACE,584,RHOW,23,23,12,12,0.6661,0.7942,0.5545,0.7159,0.9242,-0.006744,0.009392,0.021891,NA,TRUE,FALSE,0.020368,0.014491,15.9982,-0.2028,-0.114089,-0.003904,0.081597,0.145048,0.2028,-25.4422,-12.9525,-0.5081,8.7075,15.7491,25.4422
MAFR_pixel,HYPERNETS,PACE,585,RHOW,23,23,12,12,0.663,0.792,0.5518,0.713,0.9215,-0.006665,0.009397,0.021825,NA,TRUE,FALSE,0.020546,0.014565,16.1113,-0.205923,-0.114047,-0.001554,0.078202,0.15085200000000001,0.205923,-25.935,-12.9629,-0.2553,8.3232,16.392,25.935
MAFR_pixel,HYPERNETS,PACE,586,RHOW,23,23,12,12,0.6599,0.7882,0.549,0.71,0.9183,-0.006395,0.009536,0.021854,NA,TRUE,FALSE,0.020621,0.014575,16.2675,-0.203346,-0.112827,0.005374,0.078654,0.158253,0.203346,-25.5303,-12.8312,0.4467,8.0092,17.1972,25.5303
MAFR_pixel,HYPERNETS,PACE,587,RHOW,23,23,12,12,0.6486,0.786,0.5386,0.7002,0.9103,-0.006532,0.009405,0.021664,NA,TRUE,FALSE,0.021373,0.015076,16.7834,-0.212654,-0.119847,-0.005143,0.078291,0.160351,0.212654,-27.022,-13.7257,-0.6078,8.3655,17.5183,27.022
MAFR_pixel,HYPERNETS,PACE,588,RHOW,23,23,12,12,0.6389,0.7857,0.5302,0.6906,0.8995,-0.006538,0.009192,0.021269,NA,TRUE,FALSE,0.02208,0.015595,17.2302,-0.226047,-0.127152,-0.015467,0.083881,0.160454,0.226047,-29.2257,-14.6808,-1.6607,8.9793,17.6756,29.2257
MAFR_pixel,HYPERNETS,PACE,589,RHOW,23,23,12,12,0.6364,0.7815,0.5278,0.6885,0.8982,-0.006452,0.009218,0.021229,NA,TRUE,FALSE,0.022172,0.015618,17.4068,-0.225912,-0.125854,-0.008464,0.080799,0.166004,0.225912,-29.2011,-14.532,-0.9269,8.7916,18.286,29.2011
MAFR_pixel,HYPERNETS,PACE,590,RHOW,23,23,12,12,0.637,0.7817,0.5277,0.6908,0.9043,-0.006663,0.009114,0.021166,NA,TRUE,FALSE,0.021998,0.015366,17.301,-0.225496,-0.121202,-4.19e-4,0.075834,0.165516,0.225496,-29.1299,-13.9275,-0.1187,8.1582,18.1531,29.1299
MAFR_pixel,HYPERNETS,PACE,591,RHOW,23,23,12,12,0.6354,0.7797,0.5258,0.6907,0.9074,-0.006807,0.00906,0.021137,NA,TRUE,FALSE,0.022017,0.015268,17.349,-0.225903,-0.119395,0.005205,0.071704,0.172502,0.225903,-29.1998,-13.7291,0.4488,7.5423,18.9744,29.1998
MAFR_pixel,HYPERNETS,PACE,592,RHOW,23,23,12,12,0.6353,0.7781,0.5254,0.6914,0.9098,-0.006711,0.009094,0.021104,NA,TRUE,FALSE,0.02184,0.015047,17.3722,-0.220495,-0.115484,0.013468,0.080831,0.16656,0.220495,-28.3065,-13.2304,1.2637,8.1994,19.6188,28.3065
MAFR_pixel,HYPERNETS,PACE,593,RHOW,23,23,12,12,0.6351,0.7755,0.525,0.6918,0.9117,-0.006656,0.009081,0.021024,NA,TRUE,FALSE,0.021718,0.014867,17.3857,-0.217888,-0.109592,0.023799,0.082425,0.162078,0.217888,-27.8781,-12.4923,2.3098,8.327,19.343,27.8781
MAFR_pixel,HYPERNETS,PACE,594,RHOW,23,23,12,12,0.6349,0.7726,0.525,0.6914,0.9106,-0.006357,0.009155,0.020933,NA,TRUE,FALSE,0.021554,0.014702,17.6227,-0.214298,-0.103771,0.03049,0.08734,0.157005,0.235512,-27.303,-11.7259,2.979,8.8113,18.629,27.303
MAFR_pixel,HYPERNETS,PACE,595,RHOW,23,23,12,12,0.635,0.7705,0.5239,0.6951,0.9223,-0.006716,0.00912,0.021055,NA,TRUE,FALSE,0.021334,0.014315,17.6951,-0.212203,-0.091469,0.042119,0.09409,0.158167,0.23903,-26.9549,-10.2294,4.1374,9.4161,17.8541,26.9549
MAFR_pixel,HYPERNETS,PACE,596,RHOW,23,23,12,12,0.6377,0.7688,0.5261,0.6979,0.9258,-0.0065,0.009144,0.020937,NA,TRUE,FALSE,0.020938,0.013953,17.8205,-0.201846,-0.085234,0.055356,0.105274,0.168424,0.236942,-25.3131,-9.4465,5.4574,10.5093,18.4101,27.0375
MAFR_pixel,HYPERNETS,PACE,597,RHOW,23,23,12,12,0.6356,0.7638,0.5236,0.6984,0.9314,-0.006422,0.009331,0.021142,NA,TRUE,FALSE,0.020819,0.013652,18.0955,-0.196778,-0.073241,0.077092,0.09841,0.170599,0.243584,-24.5314,-8.0048,7.6317,10.8823,18.5379,29.0788
MAFR_pixel,HYPERNETS,PACE,598,RHOW,23,23,12,12,0.6369,0.7594,0.5241,0.7019,0.9401,-0.006328,0.009465,0.021256,NA,TRUE,FALSE,0.020447,0.013206,18.4002,-0.185215,-0.058732,0.094776,0.088123,0.170052,0.243233,-22.7658,-6.3135,9.4028,9.5314,19.3126,28.9645
MAFR_pixel,HYPERNETS,PACE,599,RHOW,23,23,12,12,0.6428,0.7571,0.529,0.7088,0.9498,-0.006232,0.009432,0.021121,NA,TRUE,FALSE,0.019836,0.012836,18.8494,-0.177263,-0.043429,0.125513,0.095705,0.179427,0.248505,-21.5843,-4.5943,12.4846,9.7149,19.581,28.9787
MAFR_pixel,HYPERNETS,PACE,600,RHOW,23,23,12,12,0.6406,0.7498,0.5265,0.7093,0.9556,-0.006012,0.009707,0.021375,NA,TRUE,FALSE,0.019721,0.012653,19.6401,-0.166591,-0.027636,0.151664,0.109922,0.180303,0.275749,-20.039,-2.8786,15.0996,11.0228,20.0309,29.5389
MAFR_pixel,HYPERNETS,PACE,601,RHOW,23,23,12,12,0.6423,0.7491,0.5275,0.7132,0.9644,-0.005997,0.00975,0.021395,NA,TRUE,FALSE,0.019458,0.012507,20.1085,-0.157373,-0.013813,0.164953,0.115609,0.172134,0.290635,-18.7324,-1.4288,16.4098,11.8027,20.423,31.7224
MAFR_pixel,HYPERNETS,PACE,602,RHOW,23,23,12,12,0.6444,0.7504,0.5288,0.7174,0.9732,-0.006199,0.00961,0.021263,NA,TRUE,FALSE,0.019288,0.012351000000000001,20.2641,-0.152209,-0.002881,0.171618,0.114142,0.168756,0.293474,-18.0029,-0.3053,17.0626,12.4187,19.9996,32.2641
MAFR_pixel,HYPERNETS,PACE,603,RHOW,23,23,12,12,0.6468,0.7507,0.5307,0.721,0.9796,-0.006234,0.009515,0.021107,NA,TRUE,FALSE,0.019082,0.012265,20.6431,-0.144431,0.005553,0.182141,0.11404,0.171559,0.300476,-16.9397,0.54,18.1055,12.7126,19.3305,33.2487
MAFR_pixel,HYPERNETS,PACE,604,RHOW,23,23,12,12,0.6465,0.7566,0.5302,0.7223,0.984,-0.006754,0.009115,0.020764,NA,TRUE,FALSE,0.019257,0.012322,20.3731,-0.149499,0.003434,0.16285,0.117641,0.16339,0.292444,-17.6259,0.3242,16.146,11.7452,19.5959,31.9579
MAFR_pixel,HYPERNETS,PACE,605,RHOW,23,23,12,12,0.6464,0.7634,0.5299,0.7233,0.9871,-0.007243,0.008699,0.020379,NA,TRUE,FALSE,0.019427,0.012339,19.9693,-0.155007,-6.87e-4,0.144516,0.10314,0.167131,0.279865,-18.3814,-0.0916,14.3003,10.3078,20.1178,29.9693
MAFR_pixel,HYPERNETS,PACE,606,RHOW,23,23,12,12,0.6463,0.7722,0.5296,0.7244,0.9908,-0.007784,0.008259,0.019987,NA,TRUE,FALSE,0.019619,0.012346,19.3941,-0.160322,-0.004207,0.120772,0.081122,0.171066,0.263583,-19.123,-0.4533,11.8914,8.1119,20.5087,27.5101
MAFR_pixel,HYPERNETS,PACE,607,RHOW,23,23,12,12,0.6461,0.7783,0.5294,0.7248,0.9923,-0.008212,0.007846,0.019576,NA,TRUE,FALSE,0.019802,0.012429,19.1555,-0.168118,-0.011638,0.112008,0.073616,0.177327,0.255387,-20.2319,-1.2224,11.0406,7.3602,20.3122,27.0701
MAFR_pixel,HYPERNETS,PACE,608,RHOW,23,23,12,12,0.647,0.788,0.5302,0.7261,0.9944,-0.008715,0.007357,0.019091,NA,TRUE,FALSE,0.019958,0.012424,18.5464,-0.174128,-0.019095,0.102299,0.066749,0.180801,0.24182,-21.1016,-2.0088,10.1032,6.748,19.7338,26.7464
MAFR_pixel,HYPERNETS,PACE,609,RHOW,23,23,12,12,0.6466,0.7979,0.5297,0.7264,0.9961,-0.009259,0.006876,0.018642,NA,TRUE,FALSE,0.02022,0.012491,18.0359,-0.182182,-0.034975,0.088531,0.06508,0.169361,0.227904,-22.2884,-3.6763,8.7705,6.8525,18.7861,26.5196
MAFR_pixel,HYPERNETS,PACE,610,RHOW,23,23,12,12,0.6461,0.8066,0.5292,0.7265,0.9975,-0.009753,0.006425,0.018208,NA,TRUE,FALSE,0.020469,0.012567,18.0345,-0.190088,-0.055181,0.075985,0.069676,0.168002,0.224985,-23.4768,-5.8618,7.5449,7.4084,18.2901,26.4365
MAFR_pixel,HYPERNETS,PACE,611,RHOW,23,23,12,12,0.6469,0.8179,0.5298,0.7277,0.9994,-0.010268,0.005924,0.017714,NA,TRUE,FALSE,0.020661,0.01258,17.8189,-0.195952,-0.075648,0.063038,0.079295,0.161833,0.218607,-24.3749,-8.1873,6.2731,8.615,17.5816,25.4758
MAFR_pixel,HYPERNETS,PACE,612,RHOW,23,23,12,12,0.647,0.8291,0.5298,0.7285,1.0018,-0.010826,0.005431,0.017254,NA,FALSE,FALSE,0.020908,0.012656,17.7053,-0.204793,-0.096316,0.053038,0.089807,0.15461,0.211659,-25.7541,-10.6594,5.2898,9.6782,16.9314,25.7541
MAFR_pixel,HYPERNETS,PACE,613,RHOW,23,23,12,12,0.6467,0.8409,0.5295,0.7293,1.0044,-0.011417,0.00493,0.0168,NA,FALSE,FALSE,0.021185,0.012788,17.6981,-0.212118,-0.120204,0.040578,0.090927,0.150363,0.212118,-26.9228,-13.6796,4.0568,9.9765,17.3706,26.9228
MAFR_pixel,HYPERNETS,PACE,614,RHOW,23,23,12,12,0.6461,0.8425,0.5289,0.7294,1.0059,-0.011532,0.004863,0.016753,NA,FALSE,FALSE,0.021234,0.012803,17.6362,-0.21274,-0.121433,0.04135,0.090357,0.149904,0.21274,-27.0229,-13.8385,4.1349,9.9334,17.1423,27.0229
MAFR_pixel,HYPERNETS,PACE,615,RHOW,23,23,12,12,0.6453,0.8405,0.5282,0.729,1.006,-0.011512,0.00487,0.016742,NA,FALSE,FALSE,0.021253,0.012794,17.602,-0.21376,-0.11452,0.042932,0.086972,0.146813,0.21376,-27.1878,-12.9466,4.2931,9.5061,16.8095,27.1878
MAFR_pixel,HYPERNETS,PACE,616,RHOW,23,23,12,12,0.6437,0.8384,0.5269,0.7275,1.0044,-0.011382,0.004958,0.016792,NA,FALSE,FALSE,0.021287,0.012836,17.8484,-0.214343,-0.113868,0.044277,0.085689,0.155019,0.214343,-27.282,-12.8691,4.4272,9.3307,17.3308,27.282
MAFR_pixel,HYPERNETS,PACE,617,RHOW,23,23,12,12,0.6432,0.8377,0.5264,0.727,1.0042,-0.011383,0.004941,0.016761,NA,FALSE,FALSE,0.021308,0.012821,17.7262,-0.214567,-0.109268,0.044817,0.085282,0.153556,0.214567,-27.3184,-12.2766,4.4816,9.2902,16.7505,27.3184
MAFR_pixel,HYPERNETS,PACE,618,RHOW,23,23,12,12,0.6423,0.8361,0.5257,0.7263,1.0034,-0.011324,0.004968,0.016761,NA,FALSE,FALSE,0.021322,0.012859,17.9277,-0.214849,-0.110556,0.048221,0.089213,0.156514,0.214849,-27.3641,-12.4379,4.8209,9.7274,17.1802,27.3641
MAFR_pixel,HYPERNETS,PACE,619,RHOW,23,23,12,12,0.6417,0.8382,0.5252,0.7259,1.0033,-0.011398,0.004892,0.016677,NA,FALSE,FALSE,0.021385,0.012912,17.9917,-0.216879,-0.115378,0.048737,0.089676,0.154142,0.216879,-27.6943,-13.0558,4.8734,9.8026,17.1358,27.6943
MAFR_pixel,HYPERNETS,PACE,620,RHOW,23,23,12,12,0.6415,0.8407,0.525,0.7258,1.0032,-0.011473,0.004801,0.016574,NA,FALSE,FALSE,0.02143,0.012946,18.0634,-0.218911,-0.121626,0.046382,0.089826,0.153555,0.218911,-28.0266,-13.8699,4.6382,9.8452,17.686,28.0266
MAFR_pixel,HYPERNETS,PACE,621,RHOW,23,23,12,12,0.6405,0.8386,0.5241,0.725,1.0028,-0.011419,0.004832,0.016581,NA,FALSE,FALSE,0.021449,0.012949,18.1046,-0.217787,-0.119019,0.045346,0.091523,0.153028,0.217787,-27.8424,-13.5228,4.5344,10.0482,17.7156,27.8424
MAFR_pixel,HYPERNETS,PACE,622,RHOW,23,23,12,12,0.6397,0.8388,0.5235,0.7246,1.0029,-0.011448,0.004804,0.016545,NA,FALSE,FALSE,0.021482,0.012942,18.0452,-0.217993,-0.117295,0.043849,0.089813,0.152722,0.217993,-27.8763,-13.3019,4.3846,9.8399,17.5174,27.8763
MAFR_pixel,HYPERNETS,PACE,623,RHOW,23,23,12,12,0.6392,0.8389,0.523,0.7241,1.0024,-0.011459,0.004767,0.016489,NA,FALSE,FALSE,0.021511,0.012931,17.9485,-0.219221,-0.115433,0.040093,0.0892,0.152412,0.219221,-28.0775,-13.06,4.0087,9.7748,17.0684,28.0775
MAFR_pixel,HYPERNETS,PACE,624,RHOW,23,23,12,12,0.636,0.837,0.5203,0.7217,1.0011,-0.011499,0.004753,0.01647,NA,FALSE,FALSE,0.021671,0.013045,18.2354,-0.223463,-0.12029,0.043209,0.093001,0.154072,0.223463,-28.7769,-13.6823,4.3209,10.2553,17.5363,28.7769
MAFR_pixel,HYPERNETS,PACE,625,RHOW,23,23,12,12,0.6323,0.8351,0.5172,0.719,0.9994,-0.011471,0.004795,0.016497,NA,TRUE,FALSE,0.021831,0.013157,18.4694,-0.227275,-0.120049,0.045078,0.090248,0.154504,0.227275,-29.4121,-13.6592,4.5078,9.9053,17.9062,29.4121
MAFR_pixel,HYPERNETS,PACE,626,RHOW,23,23,12,12,0.6295,0.8328,0.5149,0.7164,0.9966,-0.011447,0.004785,0.016452,NA,TRUE,FALSE,0.021961,0.013232,18.4719,-0.230568,-0.118284,0.043828,0.093838,0.152271,0.230568,-29.9665,-13.4201,4.3828,10.3514,17.3692,29.9665
MAFR_pixel,HYPERNETS,PACE,627,RHOW,23,23,12,12,0.627,0.8304,0.5128,0.7139,0.9939,-0.011398,0.004783,0.016405,NA,TRUE,FALSE,0.022063,0.013342,18.7106,-0.233015,-0.122411,0.045327,0.1014,0.151321,0.233015,-30.3828,-13.9499,4.5322,11.2269,17.3878,30.3828
MAFR_pixel,HYPERNETS,PACE,628,RHOW,23,23,12,12,0.6251,0.8289,0.5113,0.7118,0.9909,-0.011283,0.004817,0.016382,NA,TRUE,FALSE,0.022113,0.01336,18.6318,-0.232642,-0.116755,0.044288,0.099206,0.151782,0.232642,-30.3211,-13.219,4.4282,10.8832,17.0027,30.3211
MAFR_pixel,HYPERNETS,PACE,629,RHOW,23,23,12,12,0.6234,0.8289,0.5098,0.7101,0.9891,-0.011268,0.0048,0.016336,NA,TRUE,FALSE,0.022183,0.013436,18.794,-0.233836,-0.121327,0.043325,0.101723,0.154954,0.233836,-30.5235,-13.8084,4.3317,10.9679,17.3479,30.5235
MAFR_pixel,HYPERNETS,PACE,630,RHOW,23,23,12,12,0.6207,0.8288,0.5076,0.7079,0.9871,-0.011191,0.004854,0.016361,NA,TRUE,FALSE,0.022269,0.013523,18.9558,-0.232507,-0.123449,0.048002,0.100941,0.157816,0.232507,-30.2988,-14.0863,4.7999,10.9765,17.6957,30.2988
MAFR_pixel,HYPERNETS,PACE,631,RHOW,23,23,12,12,0.6196,0.8291,0.5067,0.7065,0.9851,-0.011086,0.00489,0.016349,NA,TRUE,FALSE,0.022287,0.013574,19.0741,-0.231754,-0.124494,0.050057,0.100881,0.164834,0.231754,-30.1701,-14.2232,5.0057,11.2054,17.7832,30.1701
MAFR_pixel,HYPERNETS,PACE,632,RHOW,23,23,12,12,0.6192,0.8305,0.5064,0.7064,0.9854,-0.011061,0.004891,0.016326,NA,TRUE,FALSE,0.02226,0.013528,18.9906,-0.22987,-0.122975,0.047462,0.097885,0.165976,0.22987,-29.8516,-14.0294,4.7457,10.8186,17.713,29.8516
MAFR_pixel,HYPERNETS,PACE,633,RHOW,23,23,12,12,0.6215,0.8313,0.5083,0.7092,0.9896,-0.011179,0.004827,0.016297,NA,TRUE,FALSE,0.022178,0.013411,18.8092,-0.229959,-0.117241,0.046669,0.094076,0.162147,0.229959,-29.8651,-13.2879,4.6662,10.3423,17.2508,29.8651
MAFR_pixel,HYPERNETS,PACE,634,RHOW,23,23,12,12,0.6248,0.8318,0.5109,0.713,0.9949,-0.011248,0.004789,0.016282,NA,TRUE,FALSE,0.021999,0.013266,18.7505,-0.227762,-0.113591,0.051392,0.094243,0.159681,0.227762,-29.4957,-12.8193,5.138,10.3301,17.2838,29.4957
MAFR_pixel,HYPERNETS,PACE,635,RHOW,23,23,12,12,0.6275,0.8322,0.5132,0.716,0.9991,-0.01129,0.004768,0.016276,NA,TRUE,FALSE,0.021862,0.013112,18.7651,-0.225329,-0.111453,0.052044,0.087937,0.157385,0.225329,-29.0887,-12.5579,5.2033,9.558,17.4145,29.0887
MAFR_pixel,HYPERNETS,PACE,636,RHOW,23,23,12,12,0.6289,0.8348,0.5143,0.7178,1.002,-0.011394,0.004693,0.016218,NA,FALSE,FALSE,0.021817,0.01305,18.748,-0.221289,-0.115119,0.052088,0.087793,0.15817,0.221704,-28.419,-13.034,5.2075,9.537,17.9236,28.419
MAFR_pixel,HYPERNETS,PACE,637,RHOW,23,23,12,12,0.6298,0.8361,0.515,0.7189,1.0037,-0.011456,0.004642,0.016172,NA,FALSE,FALSE,0.0218,0.013009,18.6925,-0.220772,-0.113813,0.051225,0.085063,0.158955,0.220772,-28.3332,-12.8749,5.1207,9.2038,18.1114,28.3332
MAFR_pixel,HYPERNETS,PACE,638,RHOW,23,23,12,12,0.6284,0.8364,0.5139,0.7178,1.0028,-0.01143,0.004657,0.016173,NA,FALSE,FALSE,0.021852,0.01305,18.7429,-0.221098,-0.113506,0.047901,0.083338,0.161129,0.221528,-28.3871,-12.8449,4.7857,8.9852,18.5475,28.3871
MAFR_pixel,HYPERNETS,PACE,639,RHOW,23,23,12,12,0.6277,0.8356,0.5132,0.7175,1.0031,-0.01143,0.004661,0.016171,NA,FALSE,FALSE,0.021864,0.013061,18.9003,-0.219666,-0.115308,0.050323,0.084151,0.164043,0.224984,-28.151,-13.0777,5.0291,9.0818,18.9405,28.151
MAFR_pixel,HYPERNETS,PACE,640,RHOW,23,23,12,12,0.6263,0.8354,0.512,0.7168,1.0035,-0.011407,0.004704,0.016212,NA,FALSE,FALSE,0.021891999999999998,0.013082,18.9333,-0.219931,-0.112192,0.052158,0.082909,0.16756,0.223885,-28.1943,-12.6833,5.2099,8.9035,18.9643,28.1943
MAFR_pixel,HYPERNETS,PACE,641,RHOW,23,23,12,12,0.6279,0.8368,0.5133,0.7189,1.0068,-0.011518,0.004626,0.016154,NA,FALSE,FALSE,0.021848,0.013002,18.825,-0.221138,-0.10962,0.051275,0.078196,0.161493,0.22383,-28.3926,-12.3758,5.1193,8.3336,18.6353,28.3926
MAFR_pixel,HYPERNETS,PACE,642,RHOW,23,23,12,12,0.6258,0.8371,0.5116,0.7167,1.0038,-0.011415,0.004641,0.016104,NA,FALSE,FALSE,0.021902,0.013052,18.8747,-0.221331,-0.110385,0.048511,0.079363,0.16872500000000001,0.221331,-28.4246,-12.4669,4.842,8.4781,18.8792,28.4246
MAFR_pixel,HYPERNETS,PACE,643,RHOW,23,23,12,12,0.624,0.8376,0.5102,0.7145,1.0007,-0.011365,0.004589,0.015979,NA,FALSE,FALSE,0.021943,0.013119,19.0214,-0.224355,-0.11655,0.047863,0.082493,0.16411800000000001,0.224355,-28.9265,-13.26,4.7774,8.853,19.4264,28.9265
MAFR_pixel,HYPERNETS,PACE,644,RHOW,23,23,12,12,0.6204,0.8361,0.5072,0.7114,0.9978,-0.011294,0.00463,0.015983,NA,TRUE,FALSE,0.022068,0.013215,19.1639,-0.22472,-0.11908,0.046309,0.086289,0.164406,0.22472,-28.9902,-13.5769,4.6195,9.3003,19.5612,28.9902
MAFR_pixel,HYPERNETS,PACE,645,RHOW,23,23,12,12,0.6172,0.8326,0.5046,0.7081,0.9938,-0.011183,0.004669,0.015964,NA,TRUE,FALSE,0.022176,0.013267,19.1189,-0.227444,-0.111604,0.045157,0.083465,0.161952,0.227444,-29.4454,-12.6028,4.5057,8.975,18.9155,29.4454
MAFR_pixel,HYPERNETS,PACE,646,RHOW,23,23,12,12,0.61,0.8298,0.4987,0.6994,0.9808,-0.010857,0.004708,0.015808,NA,TRUE,FALSE,0.022429,0.013479,19.22,-0.234543,-0.114392,0.039208,0.087489,0.160437,0.234543,-30.6516,-12.9392,3.9141,9.5066,18.2645,30.6516
MAFR_pixel,HYPERNETS,PACE,647,RHOW,23,23,12,12,0.6018,0.8265,0.492,0.6903,0.9685,-0.010587,0.004753,0.015686,NA,TRUE,FALSE,0.022756,0.013786,19.5812,-0.244387,-0.120042,0.030254,0.091844,0.16611,0.244387,-32.3576,-13.6601,3.0159,10.0611,18.6312,32.3576
MAFR_pixel,HYPERNETS,PACE,648,RHOW,23,23,12,12,0.6005,0.8303,0.4909,0.6905,0.9713,-0.010878,0.004533,0.015488,NA,TRUE,FALSE,0.022852,0.013784,19.6241,-0.247893,-0.133101,0.025063,0.097778,0.170843,0.247893,-32.9792,-15.3813,2.4973,9.7853,19.2314,32.9792
MAFR_pixel,HYPERNETS,PACE,649,RHOW,23,23,12,12,0.5991,0.8302,0.4897,0.6893,0.9701,-0.01079,0.004573,0.015488,NA,TRUE,FALSE,0.022863,0.013824,19.7675,-0.247284,-0.13215,0.030201,0.094974,0.17495,0.247284,-32.8713,-15.272,3.0095,10.1015,19.5114,32.8713
MAFR_pixel,HYPERNETS,PACE,650,RHOW,23,23,12,12,0.598,0.8299,0.4889,0.6889,0.9709,-0.010767,0.004592,0.015491,NA,TRUE,FALSE,0.022847,0.013782,19.8741,-0.247382,-0.131629,0.032214,0.091049,0.179105,0.247382,-32.888,-15.2225,3.212,9.9555,20.2404,32.888
MAFR_pixel,HYPERNETS,PACE,651,RHOW,23,23,12,12,0.5999,0.8327,0.4904,0.6909,0.9735,-0.010792,0.004536,0.015415,NA,TRUE,FALSE,0.022761,0.013751,20.0236,-0.244226,-0.136594,0.031591,0.096054,0.181884,0.244226,-32.3327,-15.8898,3.1423,10.5348,20.6799,32.3327
MAFR_pixel,HYPERNETS,PACE,652,RHOW,23,23,12,12,0.6029,0.8403,0.4928,0.6981,0.9888,-0.01135,0.004286,0.015325,NA,TRUE,FALSE,0.022609,0.01348,19.7206,-0.244004,-0.139964,0.028774,0.093454,0.184316,0.244004,-32.2794,-16.3984,2.8462,10.1704,20.7086,32.2794
MAFR_pixel,HYPERNETS,PACE,653,RHOW,23,23,12,12,0.6063,0.8425,0.4957,0.7008,0.9908,-0.011346,0.004127,0.01507,NA,TRUE,FALSE,0.022348,0.013354,19.6065,-0.244583,-0.139191,0.0214,0.096479,0.181278,0.244583,-32.3824,-16.2713,2.0921,10.526,20.0337,32.3824
MAFR_pixel,HYPERNETS,PACE,654,RHOW,23,23,12,12,0.6045,0.8403,0.4942,0.7003,0.9923,-0.011222,0.004225,0.015127,NA,TRUE,FALSE,0.022297,0.013285,19.9015,-0.237275,-0.137875,0.033213,0.093566,0.182792,0.237275,-31.1199,-16.125,3.2803,10.1285,21.2738,31.1199
MAFR_pixel,HYPERNETS,PACE,655,RHOW,23,23,12,12,0.6031,0.8403,0.493,0.6997,0.993,-0.011099,0.004298,0.015147,NA,TRUE,FALSE,0.022249,0.013254,20.0749,-0.236817,-0.133248,0.033621,0.093157,0.187091,0.236817,-31.0412,-15.5741,3.2993,9.4991,22.1285,31.0412
MAFR_pixel,HYPERNETS,PACE,656,RHOW,23,23,12,12,0.6094,0.8495,0.4982,0.7072,1.004,-0.011249,0.004074,0.014868,NA,FALSE,FALSE,0.021754,0.012837,19.7222,-0.233008,-0.130189,0.027865,0.097778,0.192499,0.233008,-30.3866,-15.2171,2.6905,9.915,21.5588,30.3866
MAFR_pixel,HYPERNETS,PACE,657,RHOW,23,23,12,12,0.6089,0.8534,0.4979,0.7081,1.0072,-0.011402,0.003887,0.014636,NA,FALSE,FALSE,0.021756,0.012808,20.0174,-0.23288,-0.128349,0.024918,0.098937,0.194577,0.23288,-30.3614,-14.9735,2.3828,10.0209,21.5676,30.3614
MAFR_pixel,HYPERNETS,PACE,658,RHOW,23,23,12,12,0.6099,0.8609,0.4987,0.7104,1.0119,-0.011488,0.003759,0.014462,NA,FALSE,FALSE,0.021657,0.012658,20.216,-0.237045,-0.123264,0.027151,0.098478,0.194124,0.237045,-31.0693,-14.3349,2.6063,9.9352,21.4843,31.0693
MAFR_pixel,HYPERNETS,PACE,659,RHOW,23,23,12,12,0.6123,0.8643,0.5007,0.7144,1.0194,-0.011573,0.003705,0.014412,NA,FALSE,FALSE,0.021447,0.012574,20.2458,-0.234703,-0.120666,0.037354,0.105368,0.19111,0.234703,-30.6684,-14.0031,3.6273,10.6001,21.1385,30.6684
MAFR_pixel,HYPERNETS,PACE,660,RHOW,23,23,12,12,0.6125,0.8646,0.5009,0.7167,1.0255,-0.011705,0.003654,0.014389,NA,FALSE,FALSE,0.021392,0.012612,20.5218,-0.229859,-0.11949,0.045342,0.111664,0.193639,0.229859,-29.8481,-13.869,4.4231,11.2051,21.4142,29.8481
MAFR_pixel,HYPERNETS,PACE,661,RHOW,23,23,12,12,0.6138,0.8719,0.502,0.7193,1.0306,-0.011854,0.003511,0.014234,NA,FALSE,FALSE,0.021313,0.01255,20.5677,-0.230439,-0.117997,0.049831,0.112972,0.184649,0.230439,-29.9656,-13.714,4.8748,11.3072,20.5623,29.9656
MAFR_pixel,HYPERNETS,PACE,662,RHOW,23,23,12,12,0.6125,0.8738,0.5011,0.7195,1.0332,-0.011953,0.003428,0.014139,NA,FALSE,FALSE,0.021352,0.012597,20.8124,-0.232558,-0.118396,0.053901,0.117268,0.182065,0.232558,-30.3204,-13.7448,5.2801,11.7411,20.2593,30.3204
MAFR_pixel,HYPERNETS,PACE,663,RHOW,23,23,12,12,0.6123,0.8801,0.501,0.7199,1.0346,-0.012067,0.003287,0.01397,NA,FALSE,FALSE,0.021367,0.012574,21.0492,-0.240909,-0.12259,0.052085,0.11966,0.176153,0.240909,-31.7779,-14.2349,5.0943,12.0288,19.6138,31.7779
MAFR_pixel,HYPERNETS,PACE,664,RHOW,23,23,12,12,0.6111,0.8807,0.5001,0.7204,1.0377,-0.012057,0.003334,0.014019,NA,FALSE,FALSE,0.021345,0.012604,21.3042,-0.242123,-0.122137,0.059194,0.129706,0.181803,0.242123,-32.0014,-14.179,5.7883,13.0112,20.1881,32.0014
MAFR_pixel,HYPERNETS,PACE,665,RHOW,23,23,12,12,0.6125,0.8828,0.5012,0.7209,1.0371,-0.011965,0.003309,0.013927,NA,FALSE,FALSE,0.021231,0.012529,21.2563,-0.239636,-0.122123,0.05826,0.129292,0.184789,0.239636,-31.6031,-14.1962,5.6917,12.9589,20.5394,31.6031
MAFR_pixel,HYPERNETS,PACE,666,RHOW,23,23,12,12,0.6138,0.887,0.5022,0.7221,1.0382,-0.012081,0.003155,0.013753,NA,FALSE,FALSE,0.021196,0.012508,21.318,-0.246359,-0.127251,0.056468,0.128812,0.182071,0.246359,-32.7911,-14.8263,5.5185,12.9685,20.2678,32.7911
MAFR_pixel,HYPERNETS,PACE,667,RHOW,23,23,12,12,0.6127,0.8916,0.5014,0.7211,1.0373000000000001,-0.012137,0.003065,0.013635,NA,FALSE,FALSE,0.021255,0.012515,21.4594,-0.248372,-0.134676,0.053321,0.128006,0.180087,0.248372,-33.2042,-15.7646,5.21,12.9696,20.0948,33.2042
MAFR_pixel,HYPERNETS,PACE,668,RHOW,23,23,12,12,0.6118,0.8917,0.5006,0.7204,1.0366,-0.012145,0.00302,0.013559,NA,FALSE,FALSE,0.021251,0.012563,21.5393,-0.251018,-0.140331,0.054277,0.125706,0.179595,0.251018,-33.6543,-16.5309,5.3209,12.775,20.179,33.6543
MAFR_pixel,HYPERNETS,PACE,669,RHOW,23,23,12,12,0.6112,0.892,0.5002,0.7201,1.0366,-0.012074,0.00306,0.013573,NA,FALSE,FALSE,0.021223,0.012517,21.5102,-0.250774,-0.139235,0.052722,0.123532,0.180104,0.250774,-33.623,-16.3869,5.1672,12.5492,20.2199,33.623
MAFR_pixel,HYPERNETS,PACE,670,RHOW,23,23,12,12,0.6106,0.8932,0.4997,0.7198,1.0368,-0.012053,0.00307,0.013569,NA,FALSE,FALSE,0.021216,0.012518,21.5544,-0.251557,-0.141906,0.054029,0.122741,0.180367,0.251557,-33.7777,-16.7409,5.3069,12.4942,20.2814,33.7777
MAFR_pixel,HYPERNETS,PACE,671,RHOW,23,23,12,12,0.6118,0.8958,0.5006,0.7205,1.037,-0.012048,0.003007,0.013468,NA,FALSE,FALSE,0.021134,0.01247,21.6424,-0.255016,-0.142821,0.050702,0.122218,0.176209,0.255016,-34.4324,-16.8304,4.9719,12.4764,19.7694,34.4324
MAFR_pixel,HYPERNETS,PACE,672,RHOW,23,23,12,12,0.61,0.896,0.4993,0.7197,1.0375,-0.012037,0.003023,0.01347,NA,FALSE,FALSE,0.021144,0.012437,21.6395,-0.252781,-0.145007,0.048171,0.11613,0.181397,0.252781,-34.0452,-17.123,4.7341,11.8893,20.3309,34.0452
MAFR_pixel,HYPERNETS,PACE,673,RHOW,23,23,12,12,0.6081,0.8937,0.4978,0.7188,1.0378,-0.012052,0.00303,0.013476,NA,FALSE,FALSE,0.02117,0.012456,21.6766,-0.252206,-0.149116,0.048916,0.118155,0.182236,0.252206,-33.8987,-17.694,4.807,12.1138,20.5241,33.8987
MAFR_pixel,HYPERNETS,PACE,674,RHOW,23,23,12,12,0.6075,0.8951,0.4973,0.7187,1.0385,-0.012097,0.003015,0.013473,NA,FALSE,FALSE,0.02119,0.012484,21.7749,-0.254956,-0.150456,0.049232,0.11643,0.181682,0.254956,-34.4326,-17.8743,4.8459,11.9549,20.4798,34.4326
MAFR_pixel,HYPERNETS,PACE,675,RHOW,23,23,12,12,0.6086,0.8971,0.4982,0.7195,1.0389,-0.012114,0.002967,0.01341,NA,FALSE,FALSE,0.021121,0.012459,21.7315,-0.256139,-0.152914,0.045508,0.109528,0.181127,0.256139,-34.6589,-18.2036,4.4899,11.9704,20.4354,34.6589
MAFR_pixel,HYPERNETS,PACE,676,RHOW,23,23,12,12,0.6085,0.8976,0.4982,0.7196,1.0393,-0.012175,0.002902,0.013341,NA,FALSE,FALSE,0.021113,0.012457,21.7771,-0.25841,-0.154559,0.043976,0.11128300000000001,0.179482,0.25841,-35.0832,-18.425,4.3371,12.2029,20.2738,35.0832
MAFR_pixel,HYPERNETS,PACE,677,RHOW,23,23,12,12,0.6088,0.8987,0.4984,0.7202,1.0406,-0.012224,0.002868,0.013313,NA,FALSE,FALSE,0.021091,0.012441,21.8146,-0.262418,-0.152639,0.044179,0.110965,0.176819,0.262418,-35.8579,-18.1436,4.3599,12.1697,19.9119,35.8579
MAFR_pixel,HYPERNETS,PACE,678,RHOW,23,23,12,12,0.6069,0.8972,0.497,0.7189,1.0399,-0.012172,0.002913,0.013341,NA,FALSE,FALSE,0.02112,0.012418,21.7518,-0.259273,-0.152327,0.045071,0.110705,0.177057,0.259273,-35.3052,-18.1072,4.4449,12.1173,19.9538,35.3052
MAFR_pixel,HYPERNETS,PACE,679,RHOW,23,23,12,12,0.6082,0.8966,0.498,0.7208,1.0431,-0.012273,0.002838,0.013279,NA,FALSE,FALSE,0.021039,0.012414,21.7806,-0.259779,-0.152015,0.048864,0.111473,0.17524,0.259779,-35.3782,-18.0591,4.8279,12.2018,19.7437,35.3782
MAFR_pixel,HYPERNETS,PACE,680,RHOW,23,23,12,12,0.6065,0.8955,0.4967,0.7195,1.0421,-0.012233,0.002859,0.013278,NA,FALSE,FALSE,0.021041,0.01243,21.8353,-0.260056,-0.155506,0.049482,0.111946,0.178663,0.260056,-35.4211,-18.5696,4.8896,12.2575,20.2479,35.4211
MAFR_pixel,HYPERNETS,PACE,681,RHOW,23,23,12,12,0.6037,0.8942,0.4946,0.7178,1.0419,-0.012191,0.002921,0.013332,NA,FALSE,FALSE,0.02108,0.012479,21.9331,-0.259448,-0.158606,0.051418,0.111799,0.184559,0.259448,-35.3081,-19.0342,5.0858,12.235,21.0166,35.3081
MAFR_pixel,HYPERNETS,PACE,682,RHOW,23,23,12,12,0.6009,0.8918,0.4924,0.7158,1.0405,-0.012112,0.002988,0.013377,NA,FALSE,FALSE,0.021134,0.012492,21.902,-0.257697,-0.159082,0.05202,0.111797,0.184932,0.257697,-34.9709,-19.1028,5.1491,12.2415,21.0699,34.9709
MAFR_pixel,HYPERNETS,PACE,683,RHOW,23,23,12,12,0.6016,0.894,0.4931,0.7174,1.0437,-0.012219,0.002929,0.01334,NA,FALSE,FALSE,0.021127,0.012422,21.8921,-0.258588,-0.151775,0.051773,0.111961,0.176915,0.258588,-35.1829,-18.0194,5.1245,12.2646,19.8899,35.1829
MAFR_pixel,HYPERNETS,PACE,684,RHOW,23,23,12,12,0.5969,0.8888,0.4894,0.7137,1.0407,-0.012288,0.002866,0.013257,NA,FALSE,FALSE,0.021297,0.0125,21.8819,-0.259946,-0.152641,0.04768,0.109889,0.174162,0.259946,-35.3295,-18.1529,4.7171,12.0354,19.6674,35.3295
MAFR_pixel,HYPERNETS,PACE,685,RHOW,23,23,12,12,0.5922,0.8855,0.4857,0.7093,1.0359,-0.01227,0.002853,0.013208,NA,FALSE,FALSE,0.021469,0.012625,22.0233,-0.263913,-0.155044,0.045133,0.10799,0.175143,0.263913,-36.0194,-18.5183,4.4626,11.8136,19.9142,36.0194
MAFR_pixel,HYPERNETS,PACE,686,RHOW,23,23,12,12,0.5884,0.8805,0.4828,0.7064,1.0335,-0.012206,0.002884,0.013197,NA,FALSE,FALSE,0.021539,0.012672,22.0176,-0.263585,-0.157451,0.047588,0.107821,0.177745,0.263585,-35.9047,-18.8897,4.7053,11.7672,20.3347,35.9047
MAFR_pixel,HYPERNETS,PACE,687,RHOW,23,23,12,12,0.5805,0.8724,0.4767,0.6999,1.0275,-0.012095,0.002936,0.013173,NA,FALSE,FALSE,0.021763,0.012826,22.288,-0.271375,-0.155339,0.048236,0.112376,0.180989,0.271375,-37.298,-18.6602,4.7505,11.5059,20.8097,37.298
MAFR_pixel,HYPERNETS,PACE,688,RHOW,23,23,12,12,0.578,0.8687,0.4749,0.699,1.0289,-0.012252,0.002817,0.013054,NA,FALSE,FALSE,0.021875,0.01285,22.3754,-0.280653,-0.142427,0.048635,0.11366,0.172559,0.280653,-39.0426,-16.8741,4.7775,11.5534,19.6465,39.0426
MAFR_pixel,HYPERNETS,PACE,689,RHOW,23,23,12,12,0.5781,0.8694,0.4749,0.6985,1.0275,-0.012076,0.002808,0.012927,NA,FALSE,FALSE,0.02168,0.012812,22.6529,-0.286692,-0.145518,0.054152,0.124704,0.17601,0.286692,-40.2306,-17.312,5.3091,12.6585,20.1103,40.2306
MAFR_pixel,HYPERNETS,PACE,690,RHOW,23,23,12,12,0.5773,0.865,0.474,0.6956,1.0208,-0.011716,0.002897,0.012854,NA,FALSE,FALSE,0.021533,0.012657,22.4998,-0.283217,-0.142002,0.047245,0.121501,0.184005,0.283217,-39.5282,-16.8932,4.6021,12.2832,21.015,39.5282
MAFR_pixel,HYPERNETS,PACE,691,RHOW,23,23,12,12,0.5752,0.8654,0.4726,0.6951,1.0224,-0.011593,0.002967,0.012866,NA,FALSE,FALSE,0.021408,0.012596,22.6309,-0.286245,-0.138675,0.053795,0.124964,0.186451,0.286245,-40.1274,-16.4379,5.2602,12.6066,21.1861,40.1274
MAFR_pixel,HYPERNETS,PACE,692,RHOW,23,23,12,12,0.5655,0.8649,0.4645,0.6828,1.0037,-0.011099,0.003023,0.01263,NA,FALSE,FALSE,0.021547,0.012516,22.7615,-0.295148,-0.150424,0.033946,0.125,0.186628,0.295148,-41.8987,-18.0239,3.2295,12.6988,21.4136,41.8987
MAFR_pixel,HYPERNETS,PACE,693,RHOW,23,23,12,12,0.5511,0.8668,0.4529,0.6674,0.9836,-0.01069,0.003079,0.012422,NA,TRUE,FALSE,0.0219,0.012814,23.2496,-0.309225,-0.167789,0.01814,0.116357,0.183485,0.309225,-44.8043,-20.504,1.6509,11.9442,21.5267,44.8043
MAFR_pixel,HYPERNETS,PACE,694,RHOW,23,23,12,12,0.5438,0.8708,0.4473,0.6614,0.978,-0.01063,0.002992,0.012205,NA,TRUE,FALSE,0.022024,0.01285,23.647,-0.314347,-0.183099,0.016064,0.120747,0.183099,0.314347,-45.9204,-22.7038,1.4457,12.0745,22.7038,45.9204
MAFR_pixel,HYPERNETS,PACE,695,RHOW,23,23,12,12,0.5471,0.8727,0.4499,0.6643,0.981,-0.010495,0.002975,0.012097,NA,TRUE,FALSE,0.021696,0.012656,23.7724,-0.314335,-0.179287,0.016534,0.122224,0.191245,0.314335,-46.0074,-22.1673,1.4755,12.9105,22.5768,46.0074
MAFR_pixel,HYPERNETS,PACE,696,RHOW,23,23,12,12,0.5459,0.8734,0.4492,0.6648,0.9839,-0.010437,0.003009,0.012094,NA,TRUE,FALSE,0.021605,0.012524,23.6016,-0.313173,-0.175367,0.021418,0.122329,0.1907,0.313173,-45.7601,-21.6189,1.9723,12.655,22.4998,45.7601
MAFR_pixel,HYPERNETS,PACE,697,RHOW,23,23,12,12,0.5472,0.8741,0.4505,0.6679,0.9901,-0.010431,0.002966,0.012003,NA,TRUE,FALSE,0.021356,0.012307,23.6101,-0.306697,-0.178115,0.030388,0.132293,0.193884,0.306697,-44.4107,-21.9902,2.8634,13.6293,22.8223,44.4107
MAFR_pixel,HYPERNETS,PACE,698,RHOW,23,23,12,12,0.5498,0.8741,0.4526,0.6707,0.9939,-0.010431,0.002858,0.011825,NA,TRUE,FALSE,0.021136,0.012188,23.7399,-0.309583,-0.174389,0.030774,0.135046,0.192549,0.309583,-44.9719,-21.3575,2.8961,13.9975,22.3676,44.9719
MAFR_pixel,HYPERNETS,PACE,699,RHOW,23,23,12,12,0.5441,0.8744,0.4484,0.6671,0.9924,-0.010313,0.002834,0.011671,NA,TRUE,FALSE,0.021068,0.012073,23.6347,-0.31344,-0.176885,0.031156,0.130641,0.195265,0.31344,-45.7872,-21.7394,2.9555,13.754,22.7562,45.7872
MAFR_pixel,HYPERNETS,PACE,700,RHOW,23,23,12,12,0.545,0.8733,0.4495,0.6699,0.9983,-0.010124,0.002895,0.011632,NA,TRUE,FALSE,0.020675,0.011788,23.7097,-0.310786,-0.175622,0.04139,0.143642,0.194884,0.310786,-45.2275,-21.4934,3.9637,14.871,22.5067,45.2275
MAFR_pixel,HYPERNETS,PACE,701,RHOW,23,23,12,12,0.5412,0.8671,0.4469,0.6683,0.9995,-0.009917,0.003013,0.011658,NA,TRUE,FALSE,0.020556,0.011707,23.6371,-0.301219,-0.166109,0.050172,0.151898,0.203978,0.301219,-43.1589,-20.191,4.8146,15.5159,23.4679,43.1589
MAFR_pixel,HYPERNETS,PACE,702,RHOW,23,23,12,12,0.5476,0.8711,0.4519,0.6747,1.0072,-0.009883,0.002808,0.011308,NA,FALSE,FALSE,0.019959,0.011492,23.8046,-0.305751,-0.166868,0.056631,0.148643,0.208896,0.305751,-44.1236,-20.2958,5.4982,15.2031,23.9852,44.1236
MAFR_pixel,HYPERNETS,PACE,703,RHOW,23,23,12,12,0.5456,0.8766,0.451,0.6764,1.0144,-0.009943,0.002743,0.011202,NA,FALSE,FALSE,0.019842,0.011359,23.9682,-0.304054,-0.167151,0.059232,0.149134,0.210533,0.304054,-43.8415,-20.2714,5.7721,15.31,23.9611,43.8415
MAFR_pixel,HYPERNETS,PACE,704,RHOW,23,23,12,12,0.5436,0.8778,0.4502,0.6782,1.0217,-0.009958,0.002713,0.011124,NA,FALSE,FALSE,0.019703,0.011284,24.2678,-0.299565,-0.167223,0.067722,0.15219,0.215175,0.299565,-42.9437,-20.256,6.638,15.64,24.3501,42.9437
MAFR_pixel,HYPERNETS,PACE,705,RHOW,23,23,12,12,0.5473,0.8752,0.4534,0.6835,1.0305,-0.009786,0.002773,0.011103,NA,FALSE,FALSE,0.019293,0.0111,24.5131,-0.289045,-0.15681,0.078593,0.160307,0.209501,0.289045,-40.8077,-18.8129,7.7113,16.3157,25.1096,40.8077
MAFR_pixel,HYPERNETS,PACE,706,RHOW,23,23,12,12,0.5502,0.8743,0.4566,0.6909,1.0454,-0.009801,0.00278,0.011095,NA,FALSE,FALSE,0.018927,0.010998,24.9478,-0.285036,-0.146403,0.101967,0.171604,0.208635,0.285036,-40.0031,-17.3561,10.0642,17.3855,24.7223,40.0031
MAFR_pixel,HYPERNETS,PACE,707,RHOW,23,23,12,12,0.5494,0.8767,0.4565,0.6926,1.0509,-0.009734,0.002715,0.01092,NA,FALSE,FALSE,0.018681,0.010809,25.2225,-0.277284,-0.150248,0.102498,0.172694,0.209247,0.290115,-38.5743,-17.8459,10.1242,17.5454,24.2984,38.5743
MAFR_pixel,HYPERNETS,PACE,708,RHOW,23,23,12,12,0.5424,0.8797,0.4518,0.6889,1.0503,-0.009605,0.002711,0.010789,NA,FALSE,FALSE,0.018668,0.010799,25.6145,-0.283181,-0.153179,0.104392,0.162564,0.209159,0.301325,-39.7704,-18.221,10.3575,16.5955,24.4103,39.7704
MAFR_pixel,HYPERNETS,PACE,709,RHOW,23,23,12,12,0.5437,0.8848,0.453,0.6909,1.0537,-0.009578,0.002525,0.010461,NA,FALSE,FALSE,0.018337,0.010613,25.8347,-0.284051,-0.164218,0.102049,0.152561,0.208317,0.3073,-40.0387,-19.7505,10.155,15.7385,24.8075,40.0387
MAFR_pixel,HYPERNETS,PACE,710,RHOW,23,23,12,12,0.5503,0.8853,0.4585,0.6994,1.0668,-0.00935,0.002555,0.01036,NA,FALSE,FALSE,0.017734,0.010345,26.3893,-0.27902,-0.14745,0.132503,0.162479,0.219517,0.322501,-39.1177,-17.3681,13.206,17.3993,24.2298,39.1177
MAFR_pixel,HYPERNETS,PACE,711,RHOW,23,23,12,12,0.5515,0.8842,0.4607,0.7061,1.0821,-0.009267,0.002594,0.010333,NA,FALSE,FALSE,0.01738,0.010167,26.913,-0.268187,-0.136995,0.15639,0.153383,0.223506,0.341348,-37.0379,-15.9096,15.5987,17.5519,24.4782,38.8976
MAFR_pixel,HYPERNETS,PACE,712,RHOW,23,23,12,12,0.5506,0.8898,0.4603,0.7064,1.084,-0.009063,0.00247,0.009985,NA,FALSE,FALSE,0.016947,0.009896,26.9537,-0.270064,-0.143447,0.150488,0.155046,0.213811,0.34979,-37.4406,-16.7715,15.0262,17.8565,24.0938,39.9845
MAFR_pixel,HYPERNETS,PACE,713,RHOW,23,23,12,12,0.5414,0.8923,0.4537,0.6987,1.076,-0.008803,0.002369,0.009623,NA,FALSE,FALSE,0.016754,0.009792,27.5395,-0.282596,-0.162815,0.150011,0.167458,0.219542,0.353201,-39.8863,-19.4553,14.9882,18.1053,24.3187,40.8034
MAFR_pixel,HYPERNETS,PACE,714,RHOW,23,23,12,12,0.5217,0.8865,0.4384,0.6779,1.0484,-0.008341,0.002274,0.009138,NA,FALSE,FALSE,0.01676,0.009672,27.2409,-0.29668,-0.185775,0.126273,0.166502,0.21759,0.32622,-42.4674,-22.8232,12.6262,19.4546,25.2428,42.4674
MAFR_pixel,HYPERNETS,PACE,715,RHOW,23,23,12,12,0.5032,0.8871,0.4236,0.6568,1.0184,-0.007887,0.002153,0.008629,NA,FALSE,FALSE,0.016745,0.009551,27.1521,-0.32084,-0.211952,0.099117,0.169742,0.221881,0.32084,-47.4871,-26.8961,9.911,16.9148,27.2075,47.4871
MAFR_pixel,HYPERNETS,PACE,716,RHOW,23,23,12,12,0.4832,0.8894,0.4079,0.6349,0.9883,-0.007489,0.002013,0.008117,NA,TRUE,FALSE,0.016775,0.009447,26.9748,-0.347552,-0.241067,0.059041,0.136356,0.241067,0.347552,-53.4858,-31.7647,5.9007,13.577,31.7647,53.4858
MAFR_pixel,HYPERNETS,PACE,717,RHOW,23,23,12,12,0.4651,0.8947,0.3933,0.6136,0.9574,-0.007113,0.001825,0.007554,NA,TRUE,FALSE,0.016738,0.009284,27.0713,-0.371187,-0.273158,0.023083,0.102008,0.273158,0.371187,-59.3301,-37.5838,2.3056,10.1332,37.5838,59.3301
MAFR_pixel,HYPERNETS,PACE,718,RHOW,23,23,12,12,0.4406,0.9203,0.3736,0.585,0.9159,-0.006664,0.001614,0.006902,NA,TRUE,FALSE,0.016836,0.009339,28.9723,-0.422627,-0.306524,-0.013743,0.072924,0.306524,0.422627,-74.6027,-44.2058,-1.3976,7.4128,44.2058,74.6027
MAFR_raw,HYPERNETS,PACE,350,RHOW,23,23,12,8,1.3517,0.6977,1.6892,3.8975,8.9926,-0.108767,-0.036479,-0.005149,NA,TRUE,TRUE,0.012047,0.009059,62.5163,-0.378049,0.236096,0.763468,0.379992,0.446986,0.763468,-60.7851,20.5849,76.03,58.0397,62.2157,76.03
MAFR_raw,HYPERNETS,PACE,351,RHOW,23,23,12,9,1.7734,4.2448,1.7898,3.6738,7.5408,-0.085951,-0.033305,-0.007656,NA,TRUE,TRUE,0.011698,0.009005,66.5497,-0.381359,-0.044803,0.702017,0.381359,0.506638,0.915236,-61.6447,-4.6904,70.2017,60.2551,63.1066,91.5236
MAFR_raw,HYPERNETS,PACE,352,RHOW,23,23,12,8,1.2387,0.677,1.6623000000000001,3.8611,8.9685,-0.109479,-0.036498,-0.005078,NA,TRUE,TRUE,0.011927,0.008997,61.3945,-0.381052,0.216184,0.745796,0.381761,0.438673,0.745796,-61.5646,18.7299,74.479,57.9845,63.9194,74.479
MAFR_raw,HYPERNETS,PACE,353,RHOW,23,23,12,8,1.2725,0.6959,1.6798,3.8963,9.0373,-0.110754,-0.037196,-0.005482,NA,TRUE,TRUE,0.011832,0.008931,60.5813,-0.383318,0.200171,0.740464,0.388578,0.42705,0.740464,-62.1627,17.4795,73.9975,57.0671,66.634,73.9975
MAFR_raw,HYPERNETS,PACE,354,RHOW,23,23,12,8,1.1323,0.6484,1.6218,3.7865,8.8406,-0.108904,-0.035979,-0.004745,NA,TRUE,TRUE,0.011861,0.008959,60.2894,-0.379933,0.200865,0.747673,0.384147,0.425295,0.747673,-61.2757,17.8122,74.7308,56.193600000000004,67.1926,74.7308
MAFR_raw,HYPERNETS,PACE,355,RHOW,23,23,12,9,1.557,3.2852,1.4714,2.9686,5.9893,-0.064086,-0.023348,-0.003156,NA,TRUE,TRUE,0.011251,0.008444,63.5633,-0.390338,-0.026001,0.733442,0.390338,0.422639,0.759686,-64.0253,-2.6696,73.3442,60.0015,68.7537,75.9686
MAFR_raw,HYPERNETS,PACE,356,RHOW,23,23,12,9,1.4896,2.7698,1.4121,2.8515,5.7583,-0.062067,-0.022258,-0.002545,NA,TRUE,TRUE,0.011161,0.008434,62.3117,-0.383574,-0.02033,0.730528,0.383574,0.4197,0.752096,-62.2256,-2.0752,73.0528,60.4423,72.324700000000007,75.2096
MAFR_raw,HYPERNETS,PACE,357,RHOW,23,23,12,10,1.7254,2.6598,1.5615,2.8859,5.3336,-0.055506,-0.022865,-0.005204,NA,TRUE,TRUE,0.010889,0.008284,63.6144,-0.377862,-0.164764,0.666983,0.359163,0.595799,0.820813,-60.7894,-22.4019,66.2139,51.8139,68.4187,132.291
MAFR_raw,HYPERNETS,PACE,358,RHOW,23,23,12,10,1.722,2.2493,1.5544,2.8694,5.2969,-0.055087,-0.022448,-0.004768,NA,TRUE,TRUE,0.010907,0.008237,62.1696,-0.346437,-0.128825,0.68142,0.329303,0.617093,0.755036,-53.0462,-17.295,67.7524,47.6229,64.5175,133.5402
MAFR_raw,HYPERNETS,PACE,359,RHOW,23,23,12,10,1.7338,2.2002,1.5533,2.8578,5.2577,-0.054847,-0.02237,-0.004717,NA,TRUE,TRUE,0.010884,0.00823,61.6527,-0.335164,-0.120801,0.674226,0.322163,0.609633,0.755094,-50.4344,-16.4587,67.0432,46.6955,62.4611,132.9547
MAFR_raw,HYPERNETS,PACE,360,RHOW,23,23,12,10,1.7664,2.1609,1.5589,2.8472,5.2001,-0.054049,-0.022139,-0.004667,NA,TRUE,TRUE,0.010841,0.008204,61.1277,-0.321458,-0.103028,0.673351,0.311615,0.602725,0.765956,-47.3862,-14.235,66.9644,45.2789,60.5837,131.8963
MAFR_raw,HYPERNETS,PACE,361,RHOW,23,23,12,10,1.7805,2.1177,1.5543,2.8225,5.1254,-0.053121,-0.021773,-0.00451,NA,TRUE,TRUE,0.010805,0.008188,60.6069,-0.311243,-0.085738,0.67248,0.302231,0.595825,0.772675,-45.1982,-12.1702,66.8858,43.323,60.5799,130.6742
MAFR_raw,HYPERNETS,PACE,362,RHOW,23,23,12,10,1.7779,2.1192,1.5466,2.803,5.0802,-0.052825,-0.021671,-0.004481,NA,TRUE,TRUE,0.010734,0.008063,59.4649,-0.302264,-0.088353,0.663032,0.286964,0.583748,0.748669,-43.3462,-12.1314,65.8843,40.2699,59.1272,129.5072
MAFR_raw,HYPERNETS,PACE,363,RHOW,23,23,12,10,1.7516,2.1047,1.5264,2.7691,5.0237,-0.052414,-0.021393,-0.004294,NA,TRUE,TRUE,0.010681,0.007979,58.6541,-0.299594,-0.087602,0.657656,0.281154,0.580522,0.734372,-42.8107,-11.6148,65.3416,39.1468,58.5548,128.2589
MAFR_raw,HYPERNETS,PACE,364,RHOW,23,23,12,10,1.7361,2.1094,1.5158,2.7528,4.9993,-0.052309,-0.021277,-0.00419,NA,TRUE,TRUE,0.010677,0.00798,58.5217,-0.298237,-0.089414,0.646194,0.282398,0.582467,0.745521,-42.525,-11.6954,64.2383,39.3788,57.8227,128.3166
MAFR_raw,HYPERNETS,PACE,365,RHOW,23,23,12,10,1.7234,2.1155,1.5049,2.7332,4.964,-0.052168,-0.021179,-0.004116,NA,TRUE,TRUE,0.010656,0.007966,58.2058,-0.296891,-0.092676,0.630934,0.283609,0.571893,0.750431,-42.2443,-11.9994,62.756100000000004,39.6068,56.7452,127.9048
MAFR_raw,HYPERNETS,PACE,366,RHOW,23,23,12,10,1.7143,2.1253,1.4883,2.6943,4.8777,-0.051619,-0.02098,-0.004056,NA,TRUE,TRUE,0.010577,0.007932,57.5084,-0.298474,-0.103137,0.611748,0.28074,0.557933,0.756361,-42.58,-13.2318,60.8924,39.064,55.421,125.1125
MAFR_raw,HYPERNETS,PACE,367,RHOW,23,23,12,10,1.7151,2.2221,1.4877,2.6918,4.8705,-0.052132,-0.02136,-0.004354,NA,TRUE,TRUE,0.010441,0.007901,57.0086,-0.30978,-0.110727,0.574997,0.292786,0.51597,0.741145,-44.9138,-14.6457,57.1498,39.7387,54.8194,122.6614
MAFR_raw,HYPERNETS,PACE,368,RHOW,23,23,12,10,1.7095,2.2807,1.4727,2.6541,4.7833,-0.051536,-0.021258,-0.004457,NA,TRUE,TRUE,0.010257,0.007861,56.4614,-0.323151,-0.114499,0.54641,0.311325,0.488836,0.74752,-47.7602,-15.5133,54.3021,43.2428,54.6177,118.0211
MAFR_raw,HYPERNETS,PACE,369,RHOW,23,23,12,10,1.6328,2.263,1.4232,2.5822,4.685,-0.050968,-0.02071,-0.004033,NA,TRUE,TRUE,0.010199,0.007797,55.6932,-0.333736,-0.126395,0.527914,0.320187,0.4718,0.742606,-50.1137,-16.7723,52.4659,43.4081,54.9807,116.4478
MAFR_raw,HYPERNETS,PACE,370,RHOW,23,23,12,10,1.5732,2.2618,1.3871,2.5321,4.6223,-0.050988,-0.020513,-0.003818,NA,TRUE,TRUE,0.010153,0.007808,55.3215,-0.340367,-0.139157,0.513258,0.336628,0.456489,0.739636,-51.6013,-18.751,50.989,47.5134,54.4966,114.3063
MAFR_raw,HYPERNETS,PACE,371,RHOW,23,23,12,10,1.5642,2.2651,1.3622,2.4703,4.4798,-0.04985,-0.020148,-0.003769,NA,TRUE,TRUE,0.00997,0.007685,53.9545,-0.352257,-0.142055,0.487719,0.330887,0.44824,0.728875,-54.3865,-19.0035,48.4657,47.5851,54.2139,109.2612
MAFR_raw,HYPERNETS,PACE,372,RHOW,23,23,12,10,1.5744,2.1214,1.3698,2.4827,4.4998,-0.050167,-0.019932,-0.00325,NA,TRUE,TRUE,0.010425,0.007966,54.3836,-0.321088,-0.109646,0.484459,0.315536,0.43125,0.748937,-47.2945,-14.243,48.1005,39.8514,50.6817,117.2687
MAFR_raw,HYPERNETS,PACE,373,RHOW,23,23,12,10,1.6445,2.0227,1.4076,2.5268,4.5357,-0.051073,-0.020392,-0.0033,NA,TRUE,TRUE,0.010891,0.008192,54.229,-0.288111,-0.087235,0.466186,0.28561,0.419391,0.740123,-40.472,-11.1888,46.3843,34.3338,45.9124,120.4745
MAFR_raw,HYPERNETS,PACE,374,RHOW,23,23,12,10,1.5881,1.8993,1.3622,2.4484,4.4008,-0.049632,-0.019496,-0.00273,NA,TRUE,TRUE,0.010582,0.00796,52.1391,-0.274713,-0.080278,0.452696,0.259423,0.418548,0.704386,-37.899,-10.5517,45.1452,33.9926,43.939,117.9316
MAFR_raw,HYPERNETS,PACE,375,RHOW,23,23,12,10,1.533,1.7891,1.3181,2.3726,4.2709,-0.0481,-0.018546,-0.002128,NA,TRUE,TRUE,0.010316,0.00776,50.4807,-0.270073,-0.070326,0.473737,0.249475,0.443852,0.665851,-37.0401,-9.3415,47.2803,33.1458,44.5491,114.3067
MAFR_raw,HYPERNETS,PACE,376,RHOW,23,23,12,10,1.4914,1.8075,1.2838,2.3126,4.1658,-0.047456,-0.018279,-0.002081,NA,TRUE,TRUE,0.010066,0.007641,49.5209,-0.290589,-0.083242,0.454811,0.276841,0.423121,0.627412,-40.9816,-10.8193,45.3744,36.2249,45.4615,108.951
MAFR_raw,HYPERNETS,PACE,377,RHOW,23,23,12,10,1.4817,1.8398,1.2636,2.2629,4.0526,-0.046483,-0.018064,-0.002195,NA,TRUE,TRUE,0.009779,0.00741,47.957,-0.300419,-0.09599,0.412724,0.283265,0.387083,0.605412,-42.9743,-12.3203,41.2008,34.8271,44.276,103.6668
MAFR_raw,HYPERNETS,PACE,378,RHOW,23,23,12,10,1.4585,1.8675,1.2356,2.2029,3.9275,-0.045522,-0.017802,-0.002253,NA,TRUE,TRUE,0.009509,0.007163,46.2709,-0.310148,-0.121429,0.382208,0.285446,0.364406,0.598416,-45.0058,-15.4293,38.1443,37.0888,42.6329,98.5004
MAFR_raw,HYPERNETS,PACE,379,RHOW,23,23,12,10,1.3365,1.8299,1.1521,2.0772,3.745,-0.043888,-0.016506,-0.001319,NA,TRUE,TRUE,0.009497,0.007213,45.689,-0.341381,-0.13395,0.36494,0.276323,0.378482,0.601289,-52.0314,-17.0169,36.3862,38.1847,41.3837,98.1932
MAFR_raw,HYPERNETS,PACE,380,RHOW,23,23,12,10,1.3271,1.8462,1.1369,2.0419,3.6673,-0.043533,-0.016444,-0.001361,NA,TRUE,TRUE,0.009383,0.007169,44.9189,-0.349084,-0.141983,0.330096,0.280365,0.362648,0.60414,-53.7529,-17.9251,32.8988,36.4442,42.7585,95.8278
MAFR_raw,HYPERNETS,PACE,381,RHOW,23,23,12,10,1.3236,1.7585,1.1239,2.0071,3.5841,-0.042768,-0.016042,-0.001076,NA,TRUE,TRUE,0.009294,0.007076,43.5126,-0.336787,-0.137247,0.345859,0.265907,0.365679,0.561127,-50.9066,-17.063,34.4615,35.5583,39.6772,93.554
MAFR_raw,HYPERNETS,PACE,382,RHOW,23,23,12,10,1.3001,1.6726,1.1036,1.9704,3.5178,-0.042448,-0.015701,-7.19e-4,NA,TRUE,TRUE,0.009269,0.007039,42.2769,-0.326556,-0.137229,0.34053,0.273841,0.354779,0.525318,-48.5913,-17.3201,33.9631,36.9194,38.631,91.4246
MAFR_raw,HYPERNETS,PACE,383,RHOW,23,23,12,11,1.4056,2.3073,1.1892,1.9763,3.2843,-0.038412,-0.016319,-0.003025,NA,TRUE,TRUE,0.009242,0.00723,46.1093,-0.44108,-0.252891,0.310614,0.261355,0.369571,0.594949,-81.411,-33.8492,30.9287,35.3919,37.5794,108.6929
MAFR_raw,HYPERNETS,PACE,384,RHOW,23,23,12,11,1.3522,1.9764,1.1529,1.929,3.2275,-0.038225,-0.015793,-0.002387,NA,TRUE,TRUE,0.009287,0.007214,44.722,-0.41856,-0.232057,0.317634,0.266696,0.360943,0.560096,-73.3622,-30.218,31.6922,32.5703,36.9717,100.074
MAFR_raw,HYPERNETS,PACE,385,RHOW,23,23,12,11,1.3466,1.8135,1.144,1.9083,3.1831,-0.03749,-0.015267,-0.001945,NA,TRUE,TRUE,0.009236,0.007133,43.4917,-0.384696,-0.21162,0.330989,0.273802,0.353773,0.517734,-63.2613,-26.8423,33.0793,31.1473,38.4397,91.3068
MAFR_raw,HYPERNETS,PACE,386,RHOW,23,23,12,11,1.3609,1.8042,1.1491,1.9062,3.1621,-0.03771,-0.015541,-0.002177,NA,TRUE,TRUE,0.009149,0.007115,42.928,-0.388501,-0.235873,0.313296,0.264759,0.333497,0.523144,-64.6521,-30.8683,31.314,30.9155,37.3556,92.9829
MAFR_raw,HYPERNETS,PACE,387,RHOW,23,23,12,11,1.3798,1.7876,1.1554,1.9008,3.127,-0.037613,-0.015721,-0.002413,NA,TRUE,TRUE,0.009025,0.007019,41.9139,-0.38783,-0.234649,0.296724,0.257371,0.313877,0.524737,-64.743,-30.6589,29.661,30.7035,33.9309,93.1321
MAFR_raw,HYPERNETS,PACE,388,RHOW,23,23,12,11,1.3761,1.7623,1.1508,1.8908,3.1064,-0.037779,-0.015824,-0.00246,NA,TRUE,TRUE,0.00899,0.007017,41.4594,-0.387557,-0.239098,0.289287,0.259599,0.306048,0.52629,-64.952,-31.423,28.9179,31.0132,32.7442,93.7747
MAFR_raw,HYPERNETS,PACE,389,RHOW,23,23,12,11,1.3707,1.7578,1.1421,1.8687,3.0575,-0.037313,-0.015687,-0.00247,NA,TRUE,TRUE,0.00888,0.006927,40.9303,-0.390388,-0.245507,0.27546,0.2594,0.294132,0.53587,-66.1228,-32.5393,27.5428,29.8249,33.7582,94.9559
MAFR_raw,HYPERNETS,PACE,390,RHOW,23,23,12,11,1.2912,1.7135,1.0797,1.7737,2.9137,-0.035831,-0.014657,-0.001768,NA,TRUE,TRUE,0.008815,0.006972,40.5361,-0.408647,-0.256955,0.263471,0.260954,0.280456,0.545397,-71.1018,-34.5813,26.3467,27.3511,35.4221,94.7588
MAFR_raw,HYPERNETS,PACE,391,RHOW,23,23,12,11,1.2792,1.6981,1.0691,1.7552,2.8816,-0.035926,-0.014685,-0.001748,NA,TRUE,TRUE,0.008784,0.006951,39.7607,-0.408442,-0.256995,0.244296,0.253491,0.269236,0.539957,-70.8597,-34.5885,24.4283,25.5922,36.8431,92.8988
MAFR_raw,HYPERNETS,PACE,392,RHOW,23,23,12,11,1.2561,1.6803,1.0488,1.7202,2.8214,-0.035554,-0.014443,-0.001571,NA,TRUE,TRUE,0.008739,0.006962,39.188,-0.408035,-0.257034,0.225919,0.238932,0.281524,0.534423,-70.5822,-34.5957,22.5892,23.8922,39.1836,91.1063
MAFR_raw,HYPERNETS,PACE,393,RHOW,23,23,12,11,1.2518,1.6607,1.0384,1.6901,2.7509,-0.035022,-0.01432,-0.001602,NA,TRUE,TRUE,0.008608,0.006887,37.9905,-0.405988,-0.26714,0.202952,0.222876,0.272961,0.526682,-69.7278,-36.4516,20.2833,22.2873,37.5441,86.6824
MAFR_raw,HYPERNETS,PACE,394,RHOW,23,23,12,11,1.2469,1.5427,1.0294,1.6655,2.6944,-0.034036,-0.013598,-9.65e-4,NA,TRUE,TRUE,0.008492,0.006722,35.9759,-0.357041,-0.237705,0.224157,0.237397,0.253093,0.466014,-56.0401,-31.1828,22.4089,24.5065,33.1462,74.4503
MAFR_raw,HYPERNETS,PACE,395,RHOW,23,23,12,11,1.2461,1.4554,1.0253,1.651,2.6587,-0.032963,-0.012775,-2.39e-4,NA,TRUE,TRUE,0.008436,0.006506,34.0995,-0.308558,-0.203935,0.256317,0.235651,0.262371,0.405799,-44.7445,-25.6178,25.6316,25.7056,27.6494,65.8055
MAFR_raw,HYPERNETS,PACE,396,RHOW,23,23,12,11,1.2356,1.4383,1.0186,1.6445,2.6552,-0.033236,-0.012757,-7.3e-5,NA,TRUE,TRUE,0.008497,0.006547,33.8075,-0.305671,-0.200456,0.251365,0.230818,0.257128,0.399945,-44.136,-25.0712,25.1365,25.1617,26.8114,65.7963
MAFR_raw,HYPERNETS,PACE,397,RHOW,23,23,12,11,1.216,1.4162,0.9988,1.6042,2.5766,-0.032365,-0.012288,2.11e-4,NA,FALSE,FALSE,0.008406,0.006486,32.9166,-0.302864,-0.195507,0.242914,0.229687,0.259168,0.394221,-43.5493,-24.3019,24.2884,24.728,29.0494,63.6793
MAFR_raw,HYPERNETS,PACE,398,RHOW,23,23,12,11,1.2299,1.4089,1.0041,1.5975,2.5416,-0.031904,-0.012215,1.6e-4,NA,TRUE,FALSE,0.008288,0.006398,31.9977,-0.294072,-0.191173,0.232457,0.218233,0.251577,0.385835,-41.7478,-23.6359,23.2382,24.1215,27.8189,61.4274
MAFR_raw,HYPERNETS,PACE,399,RHOW,23,23,12,11,1.2264,1.4346,1,1.5874,2.5198,-0.031903,-0.012354,-3.8e-5,NA,FALSE,TRUE,0.008239,0.006371,31.9933,-0.313092,-0.207572,0.207886,0.212813,0.23317,0.410256,-45.7988,-26.1944,20.784300000000002,22.5589,28.4764,64.6055
MAFR_raw,HYPERNETS,PACE,400,RHOW,23,23,12,11,1.1982,1.4527,0.979,1.5597,2.4849,-0.031819,-0.012244,4.2e-5,NA,FALSE,FALSE,0.008274,0.006425,32.2358,-0.338564,-0.225627,0.187376,0.204633,0.226662,0.436762,-51.5408,-29.1367,18.733,20.4614,29.3095,68.2667
MAFR_raw,HYPERNETS,PACE,401,RHOW,23,23,12,11,1.174,1.4486,0.9605,1.5335,2.4484,-0.031692,-0.012111,1.53e-4,NA,FALSE,FALSE,0.008301,0.006568,32.6928,-0.348031,-0.236004,0.173821,0.190275,0.236032,0.447537,-53.8426,-30.8907,17.3821,19.017,30.8955,69.8437
MAFR_raw,HYPERNETS,PACE,402,RHOW,23,23,12,11,1.1684,1.4549,0.9538,1.517,2.4128,-0.031549,-0.012164,2.5e-5,NA,FALSE,FALSE,0.008255,0.00661,32.6238,-0.358828,-0.239488,0.159953,0.177563,0.244336,0.458334,-56.5258,-31.4904,15.9953,17.7446,32.334,70.1485
MAFR_raw,HYPERNETS,PACE,403,RHOW,23,23,12,11,1.1639,1.4729,0.9511,1.5156,2.4151,-0.032001,-0.012402,-1.03e-4,NA,FALSE,TRUE,0.008309,0.006705,32.9833,-0.370272,-0.24432,0.145036,0.17256,0.259487,0.472587,-59.6408,-32.3312,14.5034,17.229,35.0416,73.2064
MAFR_raw,HYPERNETS,PACE,404,RHOW,23,23,12,11,1.1594,1.4634,0.9488,1.5154,2.4204,-0.032456,-0.012464,5.2e-5,NA,FALSE,FALSE,0.008449,0.006922,33.2865,-0.372771,-0.241492,0.137646,0.192761,0.280854,0.469414,-60.2424,-31.8377,13.7628,21.051,34.0324,72.3278
MAFR_raw,HYPERNETS,PACE,405,RHOW,23,23,12,11,1.1723,1.4564,0.9577,1.5253,2.4295,-0.032852,-0.012661,1.5e-5,NA,FALSE,FALSE,0.008526,0.006991,33.0988,-0.366335,-0.24095,0.12589,0.189691,0.304112,0.462226,-58.5786,-31.7437,12.582,22.4668,33.9581,70.761
MAFR_raw,HYPERNETS,PACE,406,RHOW,23,23,12,11,1.142,1.4378,0.9355,1.4965,2.3942,-0.032678,-0.012334,3.83e-4,NA,FALSE,FALSE,0.00861,0.007074,32.9469,-0.370534,-0.245673,0.119534,0.189762,0.31298,0.460488,-59.533,-32.5684,11.9442,22.6021,35.5838,70.1322
MAFR_raw,HYPERNETS,PACE,407,RHOW,23,23,12,11,1.148,1.4382,0.9361,1.4859,2.3588,-0.032506,-0.012422,2.31e-4,NA,FALSE,FALSE,0.008514,0.007032,32.2822,-0.365619,-0.246679,0.103261,0.177033,0.306026,0.459384,-58.3343,-32.7455,10.3254,20.8185,36.0025,68.5114
MAFR_raw,HYPERNETS,PACE,408,RHOW,23,23,12,11,1.1514,1.4351,0.9368,1.4815,2.3427,-0.032322,-0.012369,2.48e-4,NA,FALSE,FALSE,0.008463,0.006982,31.8773,-0.360745,-0.240134,0.101577,0.172526,0.299122,0.456463,-57.1639,-31.6021,10.1572,20.2899,36.7159,68.0057
MAFR_raw,HYPERNETS,PACE,409,RHOW,23,23,12,11,1.147,1.4332,0.9324,1.4718,2.3232,-0.03222,-0.012296,3.26e-4,NA,FALSE,FALSE,0.008464,0.007001,31.6591,-0.366795,-0.241566,0.101513,0.17557,0.303382,0.457892,-58.7246,-31.8506,10.1484,20.6959,34.9617,68.2136
MAFR_raw,HYPERNETS,PACE,410,RHOW,23,23,12,11,1.1349,1.4244,0.9234,1.4604,2.3097,-0.032343,-0.012237,4.76e-4,NA,FALSE,FALSE,0.008531,0.007065,31.518,-0.367858,-0.239817,0.093831,0.170361,0.307538,0.456844,-58.9176,-31.5472,9.3808,20.3416,35.9059,67.6437
MAFR_raw,HYPERNETS,PACE,411,RHOW,23,23,12,11,1.1226,1.4038,0.9117,1.4365,2.2634,-0.031837,-0.011998,5.93e-4,NA,FALSE,FALSE,0.008459,0.007035,31.0361,-0.365361,-0.246098,0.089532,0.177663,0.300204,0.452437,-58.2097,-32.6433,8.9354,20.0925,37.1878,65.3406
MAFR_raw,HYPERNETS,PACE,412,RHOW,23,23,12,11,1.104,1.388,0.8949,1.4043,2.2037,-0.030884000000000002,-0.011486,8.76e-4,NA,FALSE,FALSE,0.008372,0.006955,30.2719,-0.366674,-0.244573,0.085839,0.172287,0.269432,0.447554,-58.3451,-32.3755,8.5746,18.2191,36.1389,62.89
MAFR_raw,HYPERNETS,PACE,413,RHOW,23,23,12,11,1.0834,1.3721,0.8795,1.3848,2.1802,-0.030784,-0.011265,0.001133,NA,FALSE,FALSE,0.008427,0.00697,29.9199,-0.366806,-0.24911,0.078245,0.172083,0.263507,0.441676,-58.2843,-33.1753,7.8158,17.5783,35.7786,62.0974
MAFR_raw,HYPERNETS,PACE,414,RHOW,23,23,12,11,1.078,1.3578,0.8715,1.3595,2.1209,-0.029854,-0.010903,0.001244,NA,FALSE,FALSE,0.008261,0.006804,28.922,-0.361013,-0.244617,0.07384,0.151726,0.261043,0.432785,-56.8255,-32.3831,7.3687,15.6482,35.3258,60.4662
MAFR_raw,HYPERNETS,PACE,415,RHOW,23,23,12,11,1.0703,1.3468,0.8639,1.3424,2.0859,-0.029503,-0.010733,0.001346,NA,FALSE,FALSE,0.008197,0.006782,28.3779,-0.354847,-0.240188,0.068405,0.149157,0.268935,0.425689,-55.2943,-31.6115,6.8348,15.5648,36.7868,58.4708
MAFR_raw,HYPERNETS,PACE,416,RHOW,23,23,12,11,1.0647,1.3378,0.8591,1.3335,2.0698,-0.029398,-0.010638,0.001448,NA,FALSE,FALSE,0.008184,0.006763,28.091,-0.351938,-0.249026,0.069578,0.139405,0.266013,0.42232,-54.6017,-33.1605,6.946,14.5382,36.2421,57.9928
MAFR_raw,HYPERNETS,PACE,417,RHOW,23,23,12,11,1.0503,1.3237,0.8472,1.3139,2.0377,-0.028967,-0.010326,0.001694,NA,FALSE,FALSE,0.008182,0.00677,27.8078,-0.350198,-0.248918,0.066907,0.140718,0.263134,0.417085,-54.1586,-33.1412,6.6707,14.8314,35.7099,57.0904
MAFR_raw,HYPERNETS,PACE,418,RHOW,23,23,12,11,1.0372,1.3118,0.8356,1.2912,1.9952,-0.028443,-0.010047,0.001858,NA,FALSE,FALSE,0.008163,0.006775,27.4106,-0.349434,-0.247113,0.058337,0.142548,0.270778,0.413586,-53.9388,-32.8221,5.8126,15.1952,37.1324,55.4095
MAFR_raw,HYPERNETS,PACE,419,RHOW,23,23,12,11,1.0427,1.3119,0.8394,1.2944,1.9962,-0.028779,-0.010213,0.001826,NA,FALSE,FALSE,0.008187,0.006795,27.1104,-0.346318,-0.243394,0.051451,0.14506,0.272519,0.407891,-53.245,-32.1692,5.133,15.3872,37.4606,55.3012
MAFR_raw,HYPERNETS,PACE,420,RHOW,23,23,12,11,1.037,1.3008,0.8342,1.2835,1.975,-0.028492,-0.009983,0.002046,NA,FALSE,FALSE,0.008199,0.006881,27.0597,-0.343643,-0.246613,0.057761,0.15585,0.272549,0.403299,-52.6174,-32.7339,5.7592,16.4645,37.4663,54.0302
MAFR_raw,HYPERNETS,PACE,421,RHOW,23,23,12,11,1.0349,1.2935,0.8319,1.2768,1.9597,-0.028338,-0.009861,0.002178,NA,FALSE,FALSE,0.008178,0.006854,26.5979,-0.337852,-0.237094,0.054899,0.157207,0.264916,0.396518,-51.2119,-31.0778,5.4771,16.596,36.0388,52.2457
MAFR_raw,HYPERNETS,PACE,422,RHOW,23,23,12,11,1.0279,1.2775,0.8252,1.2604,1.9252,-0.028033,-0.00972,0.002269,NA,FALSE,FALSE,0.008171,0.006812,25.9719,-0.332998,-0.238351,0.044837,0.149073,0.269782,0.387014,-50.0554,-31.2941,4.4603,15.7821,36.9454,50.1558
MAFR_raw,HYPERNETS,PACE,423,RHOW,23,23,12,11,1.0146,1.2673,0.8151,1.2481,1.9113,-0.027983,-0.009526,0.002527,NA,FALSE,FALSE,0.008231,0.00684,25.7491,-0.330909,-0.239736,0.04548,0.141664,0.2692,0.38115,-49.5664,-31.5333,4.5288,15.0737,36.8363,49.8706
MAFR_raw,HYPERNETS,PACE,424,RHOW,23,23,12,11,0.9985,1.2482,0.8008,1.2186,1.8544,-0.026976,-0.00901,0.002797,NA,FALSE,FALSE,0.00818,0.006783,25.1375,-0.328362,-0.242795,0.043802,0.13301,0.265412,0.374409,-48.9385,-32.0647,4.3508,14.2555,36.1308,48.9385
MAFR_raw,HYPERNETS,PACE,425,RHOW,23,23,12,11,0.9894,1.2381,0.7932,1.2045,1.8291,-0.026836,-0.008915,0.002886,NA,FALSE,FALSE,0.008217,0.006771,24.788,-0.324888,-0.247443,0.040124,0.120054,0.268432,0.3714,-48.1709,-32.8804,3.9725,13.0517,36.6927,48.1709
MAFR_raw,HYPERNETS,PACE,426,RHOW,23,23,12,11,0.9913,1.2247,0.7938,1.1994,1.8123,-0.026467,-0.008734,0.003002,NA,FALSE,FALSE,0.008105,0.006601,23.8946,-0.314138,-0.241709,0.036131,0.109698,0.258959,0.354884,-45.8155,-31.8755,3.5727,11.858,34.9452,45.8155
MAFR_raw,HYPERNETS,PACE,427,RHOW,23,23,12,11,0.9861,1.2063,0.7891,1.1864,1.7837,-0.025901,-0.008419,0.003209,NA,FALSE,FALSE,0.008027,0.006519,23.2651,-0.30384100000000003,-0.242851,0.0393,0.103624,0.250174,0.340986,-43.646,-32.0743,3.8807,11.253,33.3643,43.646
MAFR_raw,HYPERNETS,PACE,428,RHOW,23,23,12,11,0.957,1.186,0.7672,1.1653,1.77,-0.026075,-0.008023,0.003861,NA,FALSE,FALSE,0.008334,0.006761,23.3716,-0.308469,-0.244435,0.039294,0.111316,0.253957,0.342522,-44.6227,-32.3514,3.8805,11.984,34.0405,44.6227
MAFR_raw,HYPERNETS,PACE,429,RHOW,23,23,12,11,0.9621,1.1746,0.7702,1.1612,1.7508,-0.025578,-0.007796,0.003998,NA,FALSE,FALSE,0.008207,0.006709,22.8174,-0.295708,-0.234951,0.042066,0.118639,0.253756,0.33086,-42.0189,-30.7105,4.1674,12.7567,34.0045,42.0189
MAFR_raw,HYPERNETS,PACE,430,RHOW,23,23,12,12,1.0588,2.0075,0.8656,1.2306,1.7493,-0.025107,-0.010128,4.09e-4,NA,FALSE,FALSE,0.008532,0.007144,28.8454,-0.31022,-0.23424,0.028296,0.134517,0.253115,0.348314,-45.019,-30.5977,2.7867,14.0003,33.9017,45.019
MAFR_raw,HYPERNETS,PACE,431,RHOW,23,23,12,12,1.0447,1.7823,0.854,1.206,1.7031,-0.024452,-0.009783,6.04e-4,NA,FALSE,FALSE,0.008489,0.007036,27.8681,-0.308049,-0.24226,0.015276,0.113149,0.255777,0.334693,-44.5376,-31.9748,1.4737,12.457,34.3763,44.5376
MAFR_raw,HYPERNETS,PACE,432,RHOW,23,23,12,12,1.0233,1.6558,0.8366,1.1774,1.657,-0.023611,-0.009191,0.001054,NA,FALSE,FALSE,0.008484,0.006963,26.9732,-0.309293,-0.241037,0.014645,0.10937,0.25067,0.321539,-44.7806,-31.7613,1.4173,12.1327,33.4554,44.7806
MAFR_raw,HYPERNETS,PACE,433,RHOW,23,23,12,12,1.0252,1.6232,0.8381,1.175,1.6473,-0.023509,-0.0092,0.001007,NA,FALSE,FALSE,0.008452,0.006967,26.8358,-0.307229,-0.241246,0.017556,0.109177,0.249944,0.32274,-44.3538,-31.7955,1.705,12.1197,32.8946,44.3538
MAFR_raw,HYPERNETS,PACE,434,RHOW,23,23,12,12,1.0181,1.5932,0.8323,1.1689,1.6415,-0.023721,-0.009232,0.001084,NA,FALSE,FALSE,0.008586,0.007108,26.9288,-0.308238,-0.246925,0.009828,0.113403,0.255799,0.322389,-44.5632,-32.7906,0.9373,12.6548,33.5333,44.5632
MAFR_raw,HYPERNETS,PACE,435,RHOW,23,23,12,12,1.0023,1.5572,0.8194,1.1488,1.6107,-0.023291,-0.008929,0.001315,NA,FALSE,FALSE,0.008696,0.007222,26.9073,-0.314258,-0.249718,-0.00168,0.117385,0.257967,0.319859,-45.8286,-33.2835,-0.2319,13.2383,33.2835,45.8286
MAFR_raw,HYPERNETS,PACE,436,RHOW,23,23,12,12,0.9982,1.5104,0.8162,1.1429,1.6004,-0.023146,-0.008756,0.001519,NA,FALSE,FALSE,0.008701,0.007211,26.4308,-0.309063,-0.24432,0.001501,0.119911,0.252463,0.31338,-44.7313,-32.3327,0.1008,13.5426,32.4716,44.7313
MAFR_raw,HYPERNETS,PACE,437,RHOW,23,23,12,12,0.9907,1.4719,0.81,1.1332,1.5854,-0.022932,-0.008526,0.001771,NA,FALSE,FALSE,0.008741,0.007262,26.1216,-0.304222,-0.244189,-0.001369,0.122344,0.250606,0.312654,-43.7273,-32.309,-0.1886,13.8169,32.309,43.7273
MAFR_raw,HYPERNETS,PACE,438,RHOW,23,23,12,12,0.9803,1.4402,0.8017,1.1187,1.5611,-0.022594,-0.008301,0.001941,NA,FALSE,FALSE,0.008793,0.007298,25.7818,-0.298179,-0.245096,-0.00382,0.12492,0.248592,0.300672,-42.4989,-32.4677,-0.4355,14.2181,32.4677,42.4989
MAFR_raw,HYPERNETS,PACE,439,RHOW,23,23,12,12,0.9702,1.4184,0.7936,1.1039,1.5357,-0.022157,-0.008026,0.002131,NA,FALSE,FALSE,0.008827,0.007272,25.3582,-0.297885,-0.246431,-0.006472,0.119766,0.250598,0.297885,-42.4493,-32.7034,-0.7011,13.6317,32.7034,42.4493
MAFR_raw,HYPERNETS,PACE,440,RHOW,23,23,12,12,0.9577,1.3892,0.7834,1.0888,1.5132,-0.021917,-0.007813,0.002335,NA,FALSE,FALSE,0.008957,0.007365,25.1498,-0.292323,-0.248177,-0.012606,0.125916,0.251777,0.292323,-41.3417,-33.0108,-1.3212,14.5178,33.0108,41.3417
MAFR_raw,HYPERNETS,PACE,441,RHOW,23,23,12,12,0.9546,1.3595,0.781,1.0829,1.5016,-0.021702,-0.007635,0.00251,NA,FALSE,FALSE,0.008925,0.007368,24.7432,-0.28253,-0.246484,-0.020746,0.12059,0.252537,0.28253,-39.4325,-32.7145,-2.1847,13.7805,32.7145,39.4325
MAFR_raw,HYPERNETS,PACE,442,RHOW,23,23,12,12,0.9534,1.3378,0.7805,1.0759,1.4831,-0.021286,-0.007441,0.002602,NA,FALSE,FALSE,0.008836,0.007295,24.1701,-0.28138,-0.238946,-0.024035,0.122362,0.245669,0.28138,-39.203,-31.3985,-2.5272,14.087,31.3985,39.203
MAFR_raw,HYPERNETS,PACE,443,RHOW,23,23,12,12,0.94,1.3135,0.7694,1.0624,1.467,-0.021129,-0.007179,0.002924,NA,FALSE,FALSE,0.009007,0.007378,23.9029,-0.282516,-0.234163,-0.02406,0.122521,0.247799,0.282516,-39.4384,-30.589,-2.5261,14.1104,30.589,39.4384
MAFR_raw,HYPERNETS,PACE,444,RHOW,23,23,12,12,0.9385,1.2985,0.768,1.062,1.4686,-0.021365,-0.007211,0.003025,NA,FALSE,FALSE,0.009077,0.007475,23.8047,-0.276057,-0.23492,-0.028337,0.123871,0.251953,0.276057,-38.2109,-30.7362,-2.9757,14.2775,30.7362,38.2109
MAFR_raw,HYPERNETS,PACE,445,RHOW,23,23,12,12,0.9318,1.2821,0.7627,1.0529,1.4536,-0.021057,-0.006964,0.003245,NA,FALSE,FALSE,0.00911,0.007506,23.5853,-0.276335,-0.230485,-0.027409,0.126074,0.244908,0.276335,-38.2691,-29.9845,-2.8904,14.5701,29.9845,38.2691
MAFR_raw,HYPERNETS,PACE,446,RHOW,23,23,12,12,0.9379,1.2784,0.7683,1.0537,1.4451,-0.020874,-0.006965,0.003178,NA,FALSE,FALSE,0.008965,0.007406,23.094,-0.265815,-0.233303,-0.029693,0.123912,0.237554,0.265815,-36.2734,-30.4361,-3.1386,14.2681,30.4361,36.2734
MAFR_raw,HYPERNETS,PACE,447,RHOW,23,23,12,12,0.9263,1.2488,0.7585,1.0436,1.4359,-0.020728,-0.006625,0.003625,NA,FALSE,FALSE,0.009072,0.007451,22.7112,-0.261049,-0.22308,-0.028803,0.123666,0.237878,0.261049,-35.4366,-28.7362,-3.0459,14.2372,28.7362,35.4366
MAFR_raw,HYPERNETS,PACE,448,RHOW,23,23,12,12,0.925,1.2353,0.7579,1.038,1.4216,-0.02032,-0.006436,0.003702,NA,FALSE,FALSE,0.009,0.007376,22.2954,-0.260574,-0.215938,-0.033786,0.124481,0.232058,0.260574,-35.3333,-27.5657,-3.571,14.3332,27.5657,35.3333
MAFR_raw,HYPERNETS,PACE,449,RHOW,23,23,12,12,0.9201,1.2273,0.754,1.0318,1.412,-0.020297,-0.006383,0.003784,NA,FALSE,FALSE,0.009101,0.007415,22.1379,-0.260516,-0.214079,-0.039818,0.127533,0.229636,0.260516,-35.3343,-27.2643,-4.2087,14.7311,27.2643,35.3343
MAFR_raw,HYPERNETS,PACE,450,RHOW,23,23,12,12,0.9148,1.2211,0.75,1.0238,1.3976,-0.020203,-0.006342,0.003811,NA,FALSE,FALSE,0.009222,0.007534,22.1373,-0.265602,-0.218459,-0.044728,0.133882,0.223599,0.265602,-36.2553,-27.9746,-4.7567,15.5727,27.9746,36.2553
MAFR_raw,HYPERNETS,PACE,451,RHOW,23,23,12,12,0.9087,1.2032,0.745,1.0163,1.3863,-0.0199,-0.006081,0.00405,NA,FALSE,FALSE,0.009221,0.007507,21.7674,-0.263074,-0.209753,-0.048481,0.136346,0.218765,0.263074,-35.7902,-26.5628,-5.1616,15.9031,26.5628,35.7902
MAFR_raw,HYPERNETS,PACE,452,RHOW,23,23,12,12,0.904,1.1875,0.7417,1.0078,1.3696,-0.019433,-0.005818,0.004202,NA,FALSE,FALSE,0.00918,0.007467,21.4137,-0.260987,-0.204532,-0.050198,0.134352,0.215155,0.260987,-35.3845,-25.7429,-5.3122,15.6478,25.7429,35.3845
MAFR_raw,HYPERNETS,PACE,453,RHOW,23,23,12,12,0.8964,1.1775,0.7355,0.9985,1.3556,-0.019118,-0.005563,0.004422,NA,FALSE,FALSE,0.00925,0.007519,21.2917,-0.257876,-0.203461,-0.05343,0.134756,0.210476,0.257876,-34.8152,-25.5733,-5.6708,15.693,25.5733,34.8152
MAFR_raw,HYPERNETS,PACE,454,RHOW,23,23,12,12,0.894,1.1711,0.7339,0.9942,1.347,-0.018963,-0.005467,0.004495,NA,FALSE,FALSE,0.009269,0.007518,21.0162,-0.25599,-0.200651,-0.056396,0.135996,0.207438,0.25599,-34.4846,-25.1321,-6.0016,15.8548,25.1321,34.4846
MAFR_raw,HYPERNETS,PACE,455,RHOW,23,23,12,12,0.8935,1.1656,0.7338,0.9918,1.3406,-0.01897,-0.005502,0.004462,NA,FALSE,FALSE,0.009316,0.007653,21.1194,-0.260901,-0.19939,-0.065141,0.135923,0.205411,0.260901,-35.3751,-24.9222,-6.981,15.8278,24.9222,35.3751
MAFR_raw,HYPERNETS,PACE,456,RHOW,23,23,12,12,0.8929,1.1561,0.7336,0.9899,1.3358,-0.018779,-0.005335,0.004628,NA,FALSE,FALSE,0.009256,0.007559,20.7096,-0.258297,-0.196616,-0.057626,0.132239,0.201784,0.258297,-34.9049,-24.4977,-6.1287,15.3462,24.4977,34.9049
MAFR_raw,HYPERNETS,PACE,457,RHOW,23,23,12,12,0.8863,1.1439,0.7281,0.9831,1.3274,-0.018587,-0.005079,0.004925,NA,FALSE,FALSE,0.009325,0.007553,20.3774,-0.257171,-0.192054,-0.056914,0.135533,0.198192,0.257171,-34.6869,-23.7964,-6.0615,15.788,23.7964,34.6869
MAFR_raw,HYPERNETS,PACE,458,RHOW,23,23,12,12,0.8872,1.1408,0.7289,0.9836,1.3274,-0.018605,-0.005042,0.005008,NA,FALSE,FALSE,0.009301,0.007504,20.1183,-0.253314,-0.190064,-0.05349,0.137117,0.19686,0.253314,-33.9825,-23.4927,-5.6902,15.753,23.4927,33.9825
MAFR_raw,HYPERNETS,PACE,459,RHOW,23,23,12,12,0.8837,1.1303,0.7264,0.9777,1.3159,-0.018324,-0.004866,0.005134,NA,FALSE,FALSE,0.00933,0.007515,19.8911,-0.253688,-0.183616,-0.052801,0.139808,0.188917,0.253688,-34.049,-22.5115,-5.6132,15.1814,22.5115,34.049
MAFR_raw,HYPERNETS,PACE,460,RHOW,23,23,12,12,0.8849,1.1269,0.7279,0.977,1.3113,-0.018232,-0.004835,0.005146,NA,FALSE,FALSE,0.0093,0.007455,19.6036,-0.254294,-0.180592,-0.053489,0.137912,0.182152,0.254294,-34.1455,-22.0543,-5.7058,14.6581,22.0543,34.1455
MAFR_raw,HYPERNETS,PACE,461,RHOW,23,23,12,12,0.876,1.1176,0.7204,0.9678,1.3002,-0.018095,-0.004623,0.005406,NA,FALSE,FALSE,0.00946,0.007598,19.6053,-0.252949,-0.182778,-0.060052,0.141948,0.185745,0.252949,-33.8989,-22.3972,-6.4439,14.8093,22.3972,33.8989
MAFR_raw,HYPERNETS,PACE,462,RHOW,23,23,12,12,0.8756,1.1068,0.7207,0.9649,1.2918,-0.017752,-0.004426,0.005528,NA,FALSE,FALSE,0.009359,0.007506,19.1788,-0.251169,-0.175831,-0.062094,0.138167,0.178212,0.251169,-33.5779,-21.3572,-6.6882,14.5209,21.3572,33.5779
MAFR_raw,HYPERNETS,PACE,463,RHOW,23,23,12,12,0.8769,1.1052,0.7219,0.9657,1.292,-0.017828,-0.004465,0.005523,NA,FALSE,FALSE,0.009356,0.007521,19.0946,-0.249925,-0.173421,-0.061128,0.137999,0.176285,0.249925,-33.3573,-20.9959,-6.5708,14.5596,20.9959,33.3573
MAFR_raw,HYPERNETS,PACE,464,RHOW,23,23,12,12,0.8732,1.1042,0.7197,0.9583,1.276,-0.017502,-0.004362,0.005506,NA,FALSE,FALSE,0.009437,0.00758,19.0535,-0.251058,-0.177112,-0.06507,0.134286,0.177112,0.251058,-33.5569,-21.5315,-7.0188,13.5865,21.5315,33.5569
MAFR_raw,HYPERNETS,PACE,465,RHOW,23,23,12,12,0.8754,1.1015,0.7221,0.9585,1.2725,-0.017406,-0.004365,0.005458,NA,FALSE,FALSE,0.009382,0.007565,18.9251,-0.250856,-0.176386,-0.065829,0.132506,0.176386,0.250856,-33.5174,-21.4259,-7.0998,13.4097,21.4259,33.5174
MAFR_raw,HYPERNETS,PACE,466,RHOW,23,23,12,12,0.8764,1.1015,0.7222,0.9623,1.2823,-0.017836,-0.004448,0.005599,NA,FALSE,FALSE,0.009449,0.007575,18.8128,-0.247835,-0.180225,-0.0642,0.135382,0.180225,0.247835,-32.9847,-21.998,-6.955,13.7208,21.998,32.9847
MAFR_raw,HYPERNETS,PACE,467,RHOW,23,23,12,12,0.8744,1.0959,0.7204,0.9607,1.2813,-0.017868,-0.004349,0.005789,NA,FALSE,FALSE,0.009506,0.00769,18.8304,-0.247576,-0.178014,-0.064157,0.134111,0.178014,0.247576,-32.9299,-21.6648,-6.996,13.6283,21.6648,32.9299
MAFR_raw,HYPERNETS,PACE,468,RHOW,23,23,12,12,0.8746,1.0927,0.7209,0.9596,1.2773,-0.017895,-0.004398,0.005742,NA,FALSE,FALSE,0.00954,0.007673,18.6299,-0.24875,-0.174488,-0.064421,0.13112,0.174488,0.24875,-33.152,-21.1451,-7.0015,13.3168,21.1451,33.152
MAFR_raw,HYPERNETS,PACE,469,RHOW,23,23,12,12,0.873,1.0867,0.7203,0.9554,1.2674,-0.017628,-0.004289,0.005766,NA,FALSE,FALSE,0.009537,0.007658,18.4232,-0.247711,-0.171728,-0.069905,0.128464,0.171728,0.247711,-32.9672,-20.7402,-7.6375,13.0915,20.7402,32.9672
MAFR_raw,HYPERNETS,PACE,470,RHOW,23,23,12,12,0.8664,1.0785,0.7145,0.9494,1.2617,-0.0175,-0.004074,0.00603,NA,FALSE,FALSE,0.009636,0.0077,18.3265,-0.248161,-0.169036,-0.070855,0.128386,0.169036,0.248161,-33.043,-20.3481,-7.7468,13.0891,20.3481,33.043
MAFR_raw,HYPERNETS,PACE,471,RHOW,23,23,12,12,0.8565,1.0734,0.7059,0.9401,1.252,-0.017527,-0.003929,0.006281,NA,FALSE,FALSE,0.009911,0.007938,18.5513,-0.251991,-0.174124,-0.079904,0.131472,0.174124,0.251991,-33.7134,-21.0876,-8.7866,13.4394,21.0876,33.7134
MAFR_raw,HYPERNETS,PACE,472,RHOW,23,23,12,12,0.8549,1.0642,0.7048,0.9374,1.2469,-0.017307,-0.003741,0.006458,NA,FALSE,FALSE,0.009853,0.00789,18.2248,-0.248919,-0.169551,-0.080646,0.130671,0.169551,0.248919,-33.171,-20.4198,-8.8732,13.3636,20.4198,33.171
MAFR_raw,HYPERNETS,PACE,473,RHOW,23,23,12,12,0.8539,1.0565,0.7048,0.9337,1.237,-0.01691,-0.003545,0.006543,NA,FALSE,FALSE,0.00979,0.007758,17.7563,-0.247085,-0.165889,-0.077005,0.120768,0.165889,0.247085,-32.8484,-19.889,-8.4421,12.3533,19.889,32.8484
MAFR_raw,HYPERNETS,PACE,474,RHOW,23,23,12,12,0.8558,1.0587,0.7069,0.9337,1.2332,-0.017029,-0.003701,0.006391,NA,FALSE,FALSE,0.009864,0.007847,17.8524,-0.251673,-0.165741,-0.080214,0.114383,0.165741,0.251673,-33.6618,-19.8676,-8.821,11.7361,19.8676,33.6618
MAFR_raw,HYPERNETS,PACE,475,RHOW,23,23,12,12,0.8488,1.0527,0.7006,0.9279,1.2288,-0.017019,-0.00352,0.006672,NA,FALSE,FALSE,0.010033,0.007957,17.8516,-0.247016,-0.16899,-0.08186,0.11586,0.16899,0.247016,-32.8333,-20.3355,-9.0254,11.9004,20.3355,32.8333
MAFR_raw,HYPERNETS,PACE,476,RHOW,23,23,12,12,0.841,1.0397,0.6951,0.9164,1.2081,-0.016112,-0.002968,0.007002,NA,FALSE,FALSE,0.009956,0.007972,17.6122,-0.242048,-0.163141,-0.087484,0.11616,0.163141,0.242048,-31.9544,-19.4958,-9.6477,11.9253,19.4958,31.9544
MAFR_raw,HYPERNETS,PACE,477,RHOW,23,23,12,12,0.8377,1.032,0.6941,0.908,1.1879,-0.015419,-0.002706,0.007012,NA,FALSE,FALSE,0.009921,0.008061,17.5799,-0.240266,-0.160814,-0.096757,0.111703,0.160814,0.240266,-31.6475,-19.1667,-10.7407,11.9636,19.1667,31.6475
MAFR_raw,HYPERNETS,PACE,478,RHOW,23,23,12,12,0.8378,1.0328,0.6941,0.9085,1.1891,-0.015636,-0.002793,0.00702,NA,FALSE,FALSE,0.010006,0.008125,17.5843,-0.242286,-0.161714,-0.099715,0.112089,0.161714,0.242286,-31.9934,-19.2913,-11.106,12.2544,19.2913,31.9934
MAFR_raw,HYPERNETS,PACE,479,RHOW,23,23,12,12,0.8345,1.0273,0.6915,0.9046,1.1834,-0.015461,-0.00262,0.007196,NA,FALSE,FALSE,0.010053,0.008177,17.5238,-0.240375,-0.162214,-0.101723,0.11332,0.162214,0.240375,-31.6659,-19.3648,-11.3544,12.4276,19.3648,31.6659
MAFR_raw,HYPERNETS,PACE,480,RHOW,23,23,12,12,0.8311,1.0203,0.689,0.9001,1.1759,-0.015296,-0.002492,0.007308,NA,FALSE,FALSE,0.010147,0.008241,17.4671,-0.245439,-0.156242,-0.103458,0.111574,0.156242,0.245439,-32.5418,-18.5214,-11.5629,12.2546,18.5214,32.5418
MAFR_raw,HYPERNETS,PACE,481,RHOW,23,23,12,12,0.8264,1.0137,0.6847,0.8958,1.1721,-0.0153,-0.002357,0.007536,NA,FALSE,FALSE,0.010293,0.008348,17.4267,-0.248467,-0.160295,-0.100993,0.108658,0.160295,0.248467,-33.0748,-19.0971,-11.2506,11.8839,19.0971,33.0748
MAFR_raw,HYPERNETS,PACE,482,RHOW,23,23,12,12,0.8286,1.0144,0.687,0.8971,1.1714,-0.015214,-0.002295,0.007598,NA,FALSE,FALSE,0.010193,0.008236,17.115,-0.242625,-0.158399,-0.096777,0.105094,0.158399,0.242625,-32.0479,-18.8302,-10.732,11.4512,18.8302,32.0479
MAFR_raw,HYPERNETS,PACE,483,RHOW,23,23,12,12,0.8165,1.0057,0.6767,0.8847,1.1565,-0.015023,-0.002034,0.007902,NA,FALSE,FALSE,0.010605,0.008538,17.3725,-0.249593,-0.160482,-0.107539,0.11214,0.160482,0.249593,-33.269,-19.1311,-12.0727,12.3862,19.1311,33.269
MAFR_raw,HYPERNETS,PACE,484,RHOW,23,23,12,12,0.8168,1.0039,0.6776,0.8834,1.1517,-0.014959,-0.002028,0.00789,NA,FALSE,FALSE,0.010656,0.008578,17.3231,-0.250516,-0.164135,-0.10629,0.109378,0.164135,0.250516,-33.4366,-19.6487,-11.9152,12.0761,19.6487,33.4366
MAFR_raw,HYPERNETS,PACE,485,RHOW,23,23,12,12,0.8195,1.0028,0.6801,0.8855,1.1528,-0.014911,-0.001981,0.00795,NA,FALSE,FALSE,0.010542,0.008447,16.9878,-0.247502,-0.159167,-0.103263,0.10784,0.159167,0.247502,-32.9034,-18.9419,-11.5447,11.8927,18.9419,32.9034
MAFR_raw,HYPERNETS,PACE,486,RHOW,23,23,12,12,0.8202,1.0015,0.6814,0.8848,1.149,-0.014753,-0.001871,0.008049,NA,FALSE,FALSE,0.010493,0.008443,16.8614,-0.243598,-0.1552,-0.105019,0.109214,0.1552,0.243598,-32.2215,-18.3862,-11.7676,12.0793,18.3862,32.2215
MAFR_raw,HYPERNETS,PACE,487,RHOW,23,23,12,12,0.8128,0.991,0.6755,0.8761,1.1362,-0.014282,-0.001467,0.008414,NA,FALSE,FALSE,0.010615,0.008455,16.5191,-0.243668,-0.149159,-0.106035,0.10804,0.149159,0.243668,-32.2233,-17.5595,-11.8872,11.9485,17.5595,32.2233
MAFR_raw,HYPERNETS,PACE,488,RHOW,23,23,12,12,0.8135,0.9899,0.6772,0.8746,1.1296,-0.014039,-0.001409,0.00837,NA,FALSE,FALSE,0.010597,0.008457,16.457,-0.240886,-0.151424,-0.106731,0.106962,0.151424,0.240886,-31.7389,-17.8731,-11.9739,11.9739,17.8731,31.7389
MAFR_raw,HYPERNETS,PACE,489,RHOW,23,23,12,12,0.8071,0.9857,0.6725,0.8663,1.1161,-0.013658,-0.001179,0.008509,NA,FALSE,FALSE,0.010803,0.008602,16.5395,-0.241534,-0.155082,-0.108442,0.108442,0.155082,0.241534,-31.848,-18.3962,-12.1758,12.1758,18.3962,31.848
MAFR_raw,HYPERNETS,PACE,490,RHOW,23,23,12,12,0.8017,0.9817,0.6678,0.8607,1.1091,-0.013557,-0.001037,0.008678,NA,FALSE,FALSE,0.011017,0.00877,16.684,-0.243224,-0.156134,-0.113843,0.113843,0.156134,0.243224,-32.1409,-18.5473,-12.8604,12.8604,18.5473,32.1409
MAFR_raw,HYPERNETS,PACE,491,RHOW,23,23,12,12,0.8043,0.9794,0.6698,0.8641,1.1147,-0.013662,-9.88e-4,0.008837,NA,FALSE,FALSE,0.010899,0.008625,16.2859,-0.23742,-0.152078,-0.107147,0.107147,0.152078,0.23742,-31.1338,-17.9772,-12.018,12.018,17.9772,31.1338
MAFR_raw,HYPERNETS,PACE,492,RHOW,23,23,12,12,0.804,0.9765,0.6698,0.8632,1.1125,-0.013612,-9.04e-4,0.008956,NA,FALSE,FALSE,0.010934,0.008623,16.1246,-0.231961,-0.15248,-0.109,0.109,0.15248,0.231961,-30.2067,-18.0273,-12.2673,12.2673,18.0273,30.2067
MAFR_raw,HYPERNETS,PACE,493,RHOW,23,23,12,12,0.8014,0.972,0.6681,0.8595,1.1059,-0.013471,-8.08e-4,0.009034,NA,FALSE,FALSE,0.011063,0.008771,16.2155,-0.228386,-0.152021,-0.112285,0.112285,0.152021,0.228386,-29.6048,-17.976,-12.6704,12.6704,17.976,29.6048
MAFR_raw,HYPERNETS,PACE,494,RHOW,23,23,12,12,0.7982,0.9713,0.6651,0.8567,1.1035,-0.013489,-7.08e-4,0.009214,NA,FALSE,FALSE,0.011202,0.008827,16.1845,-0.228079,-0.152282,-0.111192,0.111192,0.152282,0.228079,-29.5551,-18.0121,-12.532,12.532,18.0121,29.5551
MAFR_raw,HYPERNETS,PACE,495,RHOW,23,23,12,12,0.7934,0.9653,0.6612,0.8513,1.0961,-0.013324,-5.37e-4,0.009394,NA,FALSE,FALSE,0.011391,0.00896,16.2112,-0.228629,-0.151375,-0.113094,0.113094,0.151375,0.228629,-29.6484,-17.8915,-12.7669,12.7669,17.8915,29.6484
MAFR_raw,HYPERNETS,PACE,496,RHOW,23,23,12,12,0.7906,0.9614,0.6598,0.8465,1.0861,-0.012937,-3.08e-4,0.009535,NA,FALSE,FALSE,0.011455,0.009016,16.1387,-0.227129,-0.151043,-0.114192,0.114192,0.151043,0.227129,-29.3975,-17.8438,-12.8975,12.8975,17.8438,29.3975
MAFR_raw,HYPERNETS,PACE,497,RHOW,23,23,12,12,0.786,0.9559,0.6554,0.8426,1.0834,-0.012854,-6.8e-5,0.009877,NA,FALSE,FALSE,0.011569,0.009091,16.0478,-0.223203,-0.150836,-0.110211,0.110211,0.150836,0.223203,-28.7455,-17.8223,-12.3895,12.3895,17.8223,28.7455
MAFR_raw,HYPERNETS,PACE,498,RHOW,23,23,12,12,0.785,0.952,0.6552,0.8403,1.0776,-0.012713,0,0.009913,NA,FALSE,FALSE,0.01167,0.009148,15.9566,-0.22508,-0.154956,-0.109977,0.109977,0.154956,0.22508,-29.0598,-18.3972,-12.3613,12.3613,18.3972,29.0598
MAFR_raw,HYPERNETS,PACE,499,RHOW,23,23,12,12,0.7853,0.9513,0.655,0.8415,1.0812,-0.01295,-3.2e-5,0.010022,NA,FALSE,FALSE,0.011734,0.009172,15.8895,-0.227406,-0.153981,-0.107577,0.107577,0.153981,0.227406,-29.4446,-18.2559,-12.0635,12.0635,18.2559,29.4446
MAFR_raw,HYPERNETS,PACE,500,RHOW,23,23,12,12,0.7817,0.9471,0.652,0.8377,1.0761,-0.012802,1.49e-4,0.01023,NA,FALSE,FALSE,0.01187,0.009134,15.6679,-0.2281,-0.151734,-0.102652,0.102652,0.151734,0.2281,-29.5635,-17.9431,-11.4513,11.4513,17.9431,29.5635
MAFR_raw,HYPERNETS,PACE,501,RHOW,23,23,12,12,0.7856,0.9435,0.6561,0.8402,1.076,-0.012509,3.26e-4,0.010349,NA,FALSE,FALSE,0.01159,0.008884,15.1152,-0.22125,-0.148759,-0.094686,0.094686,0.148759,0.22125,-28.4248,-17.5324,-10.4715,10.4715,17.5324,28.4248
MAFR_raw,HYPERNETS,PACE,502,RHOW,23,23,12,12,0.7828,0.9377,0.6547,0.8355,1.0662,-0.012164,5.28e-4,0.010474,NA,FALSE,FALSE,0.011706,0.008975,15.0295,-0.225106,-0.146165,-0.092864,0.092864,0.146165,0.225106,-29.0553,-17.1611,-10.2428,10.2428,17.1611,29.0553
MAFR_raw,HYPERNETS,PACE,503,RHOW,23,23,12,12,0.779,0.9348,0.6519,0.8308,1.0589,-0.011956,6.88e-4,0.010608,NA,FALSE,FALSE,0.011866,0.009073,15.0712,-0.223966,-0.145875,-0.092238,0.092238,0.145875,0.223966,-28.8722,-17.1085,-10.1663,10.1663,17.1085,28.8722
MAFR_raw,HYPERNETS,PACE,504,RHOW,23,23,12,12,0.7747,0.9301,0.6481,0.8266,1.0544,-0.011776,9.21e-4,0.010875,NA,FALSE,FALSE,0.011976,0.009123,14.9989,-0.221058,-0.144395,-0.092447,0.092447,0.144395,0.221058,-28.3919,-16.895,-10.1913,10.1913,16.895,28.3919
MAFR_raw,HYPERNETS,PACE,505,RHOW,23,23,12,12,0.7673,0.9263,0.642,0.8186,1.0436,-0.01151,0.001164,0.011104,NA,FALSE,FALSE,0.012298,0.009336,15.1619,-0.221745,-0.14099,-0.09378,0.09378,0.14099,0.221745,-28.5068,-16.4287,-10.3502,10.3502,16.4287,28.5068
MAFR_raw,HYPERNETS,PACE,506,RHOW,23,23,12,12,0.7701,0.9245,0.6444,0.8213,1.0467,-0.011567,0.001179,0.011181,NA,FALSE,FALSE,0.012197,0.009236,14.877,-0.222846,-0.137033,-0.090022,0.090022,0.137033,0.222846,-28.687,-15.889,-9.8949,9.8949,15.889,28.687
MAFR_raw,HYPERNETS,PACE,507,RHOW,23,23,12,12,0.7695,0.9206,0.6445,0.8198,1.0429,-0.011271,0.001404,0.011368,NA,FALSE,FALSE,0.012147,0.009095,14.4988,-0.220007,-0.131297,-0.085673,0.085673,0.131297,0.220007,-28.2222,-15.1195,-9.3723,9.3723,15.1195,28.2222
MAFR_raw,HYPERNETS,PACE,508,RHOW,23,23,12,12,0.7687,0.9219,0.6427,0.8207,1.0479,-0.011628,0.001361,0.011533,NA,FALSE,FALSE,0.012289,0.009192,14.5738,-0.222078,-0.131607,-0.082658,0.082658,0.131607,0.222078,-28.5576,-15.1592,-9.0128,9.0128,15.1592,28.5576
MAFR_raw,HYPERNETS,PACE,509,RHOW,23,23,12,12,0.7646,0.9183,0.6396,0.8159,1.0408,-0.011404,0.001554,0.011712,NA,FALSE,FALSE,0.012486,0.009356,14.6784,-0.222395,-0.130247,-0.081747,0.081747,0.130247,0.222395,-28.6154,-14.977,-8.9025,8.9025,14.977,28.6154
MAFR_raw,HYPERNETS,PACE,510,RHOW,23,23,12,12,0.7635,0.917,0.6382,0.8156,1.0424,-0.011492,0.001636,0.011907,NA,FALSE,FALSE,0.012553,0.009358,14.5635,-0.22077,-0.127799,-0.078394,0.078394,0.127799,0.22077,-28.3444,-14.6534,-8.5063,8.5063,14.6534,28.3444
MAFR_raw,HYPERNETS,PACE,511,RHOW,23,23,12,12,0.765,0.9162,0.6397,0.8167,1.0427,-0.011471,0.001687,0.011994,NA,FALSE,FALSE,0.012527,0.009343,14.4416,-0.217675,-0.121675,-0.077442,0.077442,0.121675,0.217675,-27.8458,-13.8531,-8.3944,8.3944,13.8531,27.8458
MAFR_raw,HYPERNETS,PACE,512,RHOW,23,23,12,12,0.7691,0.9163,0.6436,0.8203,1.0454,-0.011473,0.001688,0.012014,NA,FALSE,FALSE,0.012377,0.009226,14.1826,-0.217363,-0.117541,-0.07394,0.07394,0.117541,0.217363,-27.7841,-13.3201,-7.9844,7.9844,13.3201,27.7841
MAFR_raw,HYPERNETS,PACE,513,RHOW,23,23,12,12,0.7694,0.9153,0.6436,0.821,1.0473,-0.011514,0.001766,0.012176,NA,FALSE,FALSE,0.012361,0.009176,14.0301,-0.215664,-0.116757,-0.068446,0.068446,0.116757,0.215664,-27.5064,-13.2199,-7.3479,7.3479,13.2199,27.5064
MAFR_raw,HYPERNETS,PACE,514,RHOW,23,23,12,12,0.7655,0.91,0.6408,0.816,1.0392,-0.011195,0.002,0.012361,NA,FALSE,FALSE,0.012526,0.009229,13.9294,-0.214292,-0.115276,-0.067227,0.067227,0.115276,0.214292,-27.2842,-13.0335,-7.2073,7.2073,13.0335,27.2842
MAFR_raw,HYPERNETS,PACE,515,RHOW,23,23,12,12,0.7653,0.9113,0.64,0.817,1.043,-0.011502,0.001944,0.012476,NA,FALSE,FALSE,0.012643,0.009299,13.9692,-0.216665,-0.114022,-0.067981,0.067981,0.114022,0.216665,-27.6671,-12.8773,-7.2957,7.2957,12.8773,27.6671
MAFR_raw,HYPERNETS,PACE,516,RHOW,23,23,12,12,0.7586,0.9049,0.6344,0.8098,1.0337,-0.011103,0.002349,0.012887,NA,FALSE,FALSE,0.012859,0.009377,13.8572,-0.212655,-0.111453,-0.065827,0.065827,0.111453,0.212655,-27.0174,-12.5496,-7.0465,7.0465,12.5496,27.0174
MAFR_raw,HYPERNETS,PACE,517,RHOW,23,23,12,12,0.7603,0.9021,0.6357,0.8117,1.0364,-0.011105,0.002456,0.013077,NA,FALSE,FALSE,0.012743,0.009316,13.6197,-0.210164,-0.10427,-0.066843,0.066843,0.10427,0.210164,-26.6146,-11.6531,-7.1632,7.1632,11.6531,26.6146
MAFR_raw,HYPERNETS,PACE,518,RHOW,23,23,12,12,0.7628,0.9033,0.6392,0.8119,1.0314,-0.010875,0.002452,0.012945,NA,FALSE,FALSE,0.012696,0.009339,13.6476,-0.20979,-0.108055,-0.070927,0.070927,0.108055,0.20979,-26.5533,-12.1287,-7.6346,7.6346,12.1287,26.5533
MAFR_raw,HYPERNETS,PACE,519,RHOW,23,23,12,12,0.7619,0.8992,0.6391,0.8099,1.0262,-0.010619,0.002603,0.013037,NA,FALSE,FALSE,0.012729,0.009405,13.5646,-0.209972,-0.107298,-0.074347,0.074347,0.107298,0.209972,-26.584,-12.0358,-8.0367,8.0367,12.0358,26.584
MAFR_raw,HYPERNETS,PACE,520,RHOW,23,23,12,12,0.7551,0.8944,0.6328,0.8038,1.0211,-0.010497,0.002891,0.013431,NA,FALSE,FALSE,0.013013,0.009572,13.6154,-0.210642,-0.108501,-0.072634,0.072634,0.108501,0.210642,-26.6889,-12.1924,-7.8387,7.8387,12.1924,26.6889
MAFR_raw,HYPERNETS,PACE,521,RHOW,23,23,12,12,0.754,0.8911,0.6324,0.8017,1.0162,-0.010199,0.003103,0.013596,NA,FALSE,FALSE,0.013014,0.00953,13.4268,-0.208713,-0.105501,-0.066463,0.066463,0.105501,0.208713,-26.3792,-11.8147,-7.1241,7.1241,11.8147,26.3792
MAFR_raw,HYPERNETS,PACE,522,RHOW,23,23,12,12,0.7513,0.8864,0.6303,0.7986,1.0118,-0.00996,0.003345,0.013846,NA,FALSE,FALSE,0.013083,0.009615,13.3514,-0.204837,-0.109335,-0.058463,0.058463,0.109335,0.204837,-25.7673,-12.2889,-6.2146,6.2146,12.2889,25.7673
MAFR_raw,HYPERNETS,PACE,523,RHOW,23,23,12,12,0.7506,0.8854,0.6296,0.7981,1.0116,-0.010037,0.003379,0.013963,NA,FALSE,FALSE,0.013196,0.009622,13.2989,-0.20759,-0.104672,-0.055549,0.055549,0.104672,0.20759,-26.2056,-11.7042,-5.8847,5.8847,11.7042,26.2056
MAFR_raw,HYPERNETS,PACE,524,RHOW,23,23,12,12,0.7464,0.8832,0.6263,0.7932,1.0047,-0.009915,0.003511,0.014112,NA,FALSE,FALSE,0.013509,0.009804,13.3841,-0.210843,-0.107388,-0.057382,0.057382,0.107388,0.210843,-26.7224,-12.052,-6.0897,6.0897,12.052,26.7224
MAFR_raw,HYPERNETS,PACE,525,RHOW,23,23,12,12,0.7438,0.8794,0.6232,0.792,1.0064,-0.010009,0.003679,0.014451,NA,FALSE,FALSE,0.013618,0.009843,13.31,-0.210458,-0.108131,-0.050934,0.050934,0.108131,0.210458,-26.6621,-12.1584,-5.3686,5.3686,12.1584,26.6621
MAFR_raw,HYPERNETS,PACE,526,RHOW,23,23,12,12,0.7451,0.8789,0.6245,0.793,1.007,-0.009922,0.003811,0.014626,NA,FALSE,FALSE,0.013533,0.009782,13.1057,-0.206737,-0.103751,-0.047077,0.047077,0.103751,0.206737,-26.0666,-11.606,-4.9415,4.9415,11.606,26.0666
MAFR_raw,HYPERNETS,PACE,527,RHOW,23,23,12,12,0.7467,0.8783,0.6264,0.7937,1.0057,-0.009813,0.003887,0.014699,NA,FALSE,FALSE,0.013499,0.009695,12.8739,-0.203443,-0.105269,-0.039635,0.039635,0.105269,0.203443,-25.5439,-11.7883,-4.128,4.128,11.7883,25.5439
MAFR_raw,HYPERNETS,PACE,528,RHOW,23,23,12,12,0.7466,0.8774,0.6267,0.793,1.0036,-0.009749,0.003938,0.014753,NA,FALSE,FALSE,0.013557,0.009742,12.8526,-0.204679,-0.103743,-0.037733,0.037733,0.103743,0.204679,-25.7404,-11.6016,-3.9213,3.9213,11.6016,25.7404
MAFR_raw,HYPERNETS,PACE,529,RHOW,23,23,12,12,0.7416,0.8722,0.6226,0.7875,0.9959,-0.009382,0.004259,0.015045,NA,TRUE,FALSE,0.013756000000000001,0.009891,12.8853,-0.204472,-0.105178,-0.033457,0.033457,0.105178,0.204472,-25.7059,-11.7803,-3.4616,3.4616,11.7803,25.7059
MAFR_raw,HYPERNETS,PACE,530,RHOW,23,23,12,12,0.7386,0.8705,0.6198,0.7849,0.9939,-0.009278,0.004469,0.015325,NA,TRUE,FALSE,0.013876,0.009938,12.8457,-0.202115,-0.104954,-0.034224,0.034406,0.104954,0.202115,-25.3345,-11.7551,-3.5438,3.5438,11.7551,25.3345
MAFR_raw,HYPERNETS,PACE,531,RHOW,23,23,12,12,0.7361,0.865,0.6188,0.7805,0.9845,-0.008696,0.00479,0.015483,NA,TRUE,FALSE,0.013908,0.010006,12.7643,-0.201341,-0.108657,-0.027106,0.033481,0.108657,0.201341,-25.2152,-12.2002,-2.7863,3.3685,12.2002,25.2152
MAFR_raw,HYPERNETS,PACE,532,RHOW,23,23,12,12,0.7378,0.8637,0.6208,0.7813,0.9833,-0.008615,0.004802,0.015464,NA,TRUE,FALSE,0.013863,0.009984,12.637,-0.200205,-0.111659,-0.024438,0.029776,0.111659,0.200205,-25.039,-12.5756,-2.5051,2.9932,12.5756,25.039
MAFR_raw,HYPERNETS,PACE,533,RHOW,23,23,12,12,0.7361,0.8629,0.6194,0.7795,0.9808,-0.008623,0.004859,0.015574,NA,TRUE,FALSE,0.014061,0.010133,12.7118,-0.203902,-0.111137,-0.023007,0.026581,0.111137,0.203902,-25.619,-12.5125,-2.3551,2.6727,12.5125,25.619
MAFR_raw,HYPERNETS,PACE,534,RHOW,23,23,12,12,0.7316,0.8612,0.6144,0.7765,0.9814,-0.008734,0.005069,0.015991,NA,TRUE,FALSE,0.0143,0.010212,12.6839,-0.203743,-0.109824,-0.02215,0.026949,0.109824,0.203743,-25.5912,-12.3487,-2.2667,2.7113,12.3487,25.5912
MAFR_raw,HYPERNETS,PACE,535,RHOW,23,23,12,12,0.731,0.8597,0.6143,0.7753,0.9785,-0.008675,0.005112,0.016036,NA,TRUE,FALSE,0.014438,0.010366,12.7806,-0.20452,-0.113734,-0.022103,0.027386,0.113734,0.20452,-25.7128,-12.8465,-2.2612,2.7541,12.8465,25.7128
MAFR_raw,HYPERNETS,PACE,536,RHOW,23,23,12,12,0.7292,0.8567,0.6123,0.7742,0.9789,-0.00876,0.005231,0.016297,NA,TRUE,FALSE,0.014602,0.010467,12.7657,-0.202492,-0.112832,-0.020282,0.029528,0.112832,0.202492,-25.3978,-12.7397,-2.0716,2.9661,12.7397,25.3978
MAFR_raw,HYPERNETS,PACE,537,RHOW,23,23,12,12,0.7317,0.857,0.6146,0.7764,0.9809,-0.008761,0.005276,0.016387,NA,TRUE,FALSE,0.014506,0.010358,12.543,-0.203159,-0.107868,-0.016584,0.029965,0.107868,0.203159,-25.4988,-12.1115,-1.6868,3.003,12.1115,25.4988
MAFR_raw,HYPERNETS,PACE,538,RHOW,23,23,12,12,0.7279,0.8532,0.6119,0.7719,0.9737,-0.008425,0.005518,0.01657,NA,TRUE,FALSE,0.014701,0.010508,12.5746,-0.201838,-0.111225,-0.01427,0.027265,0.111225,0.201838,-25.2908,-12.5266,-1.4477,2.7291,12.5266,25.2908
MAFR_raw,HYPERNETS,PACE,539,RHOW,23,23,12,12,0.7261,0.8505,0.6107,0.7695,0.9696,-0.008197,0.005688,0.016708,NA,TRUE,FALSE,0.014793,0.010596,12.607,-0.201018,-0.109699,-0.01546,0.027288,0.109699,0.201018,-25.1627,-12.3319,-1.5705,2.734,12.3319,25.1627
MAFR_raw,HYPERNETS,PACE,540,RHOW,23,23,12,12,0.7212,0.8473,0.6056,0.7657,0.9681,-0.008393,0.005771,0.016973,NA,TRUE,FALSE,0.015185,0.010885,12.8338,-0.207122,-0.113152,-0.016797,0.024712,0.113152,0.207122,-26.1264,-12.7743,-1.7086,2.4786,12.7743,26.1264
MAFR_raw,HYPERNETS,PACE,541,RHOW,23,23,12,12,0.7217,0.8458,0.6071,0.7645,0.9626,-0.007988,0.005943,0.017007,NA,TRUE,FALSE,0.01515,0.010906,12.7827,-0.203242,-0.115536,-0.017887,0.026435,0.115536,0.203242,-25.5137,-13.0776,-1.8235,2.655,13.0776,25.5137
MAFR_raw,HYPERNETS,PACE,542,RHOW,23,23,12,12,0.7184,0.8433,0.6034,0.7624,0.9633,-0.007955,0.006227,0.017451,NA,TRUE,FALSE,0.015253,0.010868,12.6325,-0.198911,-0.111383,-0.013148,0.026077,0.111383,0.198911,-24.8357,-12.5474,-1.3353,2.6144,12.5474,24.8357
MAFR_raw,HYPERNETS,PACE,543,RHOW,23,23,12,12,0.7193,0.8424,0.605,0.7622,0.9601,-0.007731,0.0063,0.017438,NA,TRUE,FALSE,0.015245,0.010954,12.7325,-0.20054,-0.112343,-0.015089,0.030179,0.112343,0.20054,-25.0866,-12.6669,-1.5372,3.0278,12.6669,25.0866
MAFR_raw,HYPERNETS,PACE,544,RHOW,23,23,12,12,0.7179,0.8412,0.6034,0.7614,0.9609,-0.007813,0.006389,0.017643,NA,TRUE,FALSE,0.015365,0.011009,12.7561,-0.202824,-0.110297,-0.015595,0.02932,0.110297,0.202824,-25.4438,-12.4057,-1.5914,2.9441,12.4057,25.4438
MAFR_raw,HYPERNETS,PACE,545,RHOW,23,23,12,12,0.7147,0.8382,0.6009,0.7575,0.9549,-0.007591,0.006562,0.017791,NA,TRUE,FALSE,0.015624,0.011218,12.8807,-0.201761,-0.1138,-0.016655,0.025795,0.1138,0.201761,-25.2777,-12.8509,-1.7053,2.5959,12.8509,25.2777
MAFR_raw,HYPERNETS,PACE,546,RHOW,23,23,12,12,0.7157,0.8381,0.6016,0.759,0.9577,-0.007702,0.006598,0.017932,NA,TRUE,FALSE,0.015607,0.01121,12.8665,-0.199629,-0.11311,-0.012525,0.029257,0.11311,0.199629,-24.9446,-12.7636,-1.2806,2.936,12.7636,24.9446
MAFR_raw,HYPERNETS,PACE,547,RHOW,23,23,12,12,0.7165,0.8374,0.6024,0.7596,0.9578,-0.007715,0.00662,0.017988,NA,TRUE,FALSE,0.015646,0.011318,12.9988,-0.20172,-0.115143,-0.011344,0.034495,0.115143,0.20172,-25.2713,-13.018,-1.1619,3.4478,13.018,25.2713
MAFR_raw,HYPERNETS,PACE,548,RHOW,23,23,12,12,0.7124,0.8343,0.5988,0.7556,0.9534,-0.007492,0.006887,0.018282,NA,TRUE,FALSE,0.015868,0.011506,13.1648,-0.200286,-0.117839,-0.011997,0.038984,0.117839,0.200286,-25.0473,-13.3591,-1.2311,3.8967,13.3591,25.0473
MAFR_raw,HYPERNETS,PACE,549,RHOW,23,23,12,12,0.7106,0.833,0.597,0.7539,0.9521,-0.007437,0.007025,0.018478,NA,TRUE,FALSE,0.016,0.011572,13.184,-0.197953,-0.117726,-0.012304,0.038125,0.117726,0.197953,-24.6842,-13.3438,-1.2639,3.8122,13.3438,24.6842
MAFR_raw,HYPERNETS,PACE,550,RHOW,23,23,12,12,0.7105,0.8329,0.5978,0.7526,0.9474,-0.007139,0.007141,0.018484,NA,TRUE,FALSE,0.016039,0.01163,13.188,-0.196156,-0.119852,-0.014077,0.036909,0.119852,0.196156,-24.4048,-13.6175,-1.4513,3.6906,13.6175,24.4048
MAFR_raw,HYPERNETS,PACE,551,RHOW,23,23,12,12,0.7087,0.8314,0.5957,0.7515,0.9482,-0.007316,0.007172,0.018655,NA,TRUE,FALSE,0.016241,0.011767,13.2723,-0.19947,-0.120732,-0.011569,0.035946,0.120732,0.19947,-24.9182,-13.731,-1.1932,3.5944,13.731,24.9182
MAFR_raw,HYPERNETS,PACE,552,RHOW,23,23,12,12,0.7041,0.8278,0.5918,0.7468,0.9422,-0.007048,0.007437,0.018916,NA,TRUE,FALSE,0.016525,0.012033,13.5084,-0.201887,-0.122649,-0.016422,0.04024,0.122649,0.201887,-25.2956,-13.9797,-1.7011,4.0239,13.9797,25.2956
MAFR_raw,HYPERNETS,PACE,553,RHOW,23,23,12,12,0.7012,0.8281,0.5885,0.745,0.9431,-0.007292,0.007474,0.019137,NA,TRUE,FALSE,0.016817,0.012171,13.5363,-0.200559,-0.121844,-0.013899,0.034769,0.121844,0.200559,-25.0881,-13.8755,-1.4399,3.4766,13.8755,25.0881
MAFR_raw,HYPERNETS,PACE,554,RHOW,23,23,12,12,0.7011,0.8259,0.5888,0.7444,0.9413,-0.007106,0.007639,0.019301,NA,TRUE,FALSE,0.016839,0.012211,13.5408,-0.19702,-0.121706,-0.013615,0.037076,0.121706,0.19702,-24.5376,-13.8573,-1.4173,3.7075,13.8573,24.5376
MAFR_raw,HYPERNETS,PACE,555,RHOW,23,23,12,12,0.7028,0.825,0.5907,0.7455,0.9409,-0.007045,0.007668,0.019326,NA,TRUE,FALSE,0.016821,0.012243,13.5308,-0.197256,-0.12496,-0.012983,0.040983,0.12496,0.197256,-24.5742,-14.281,-1.3499,4.0982,14.281,24.5742
MAFR_raw,HYPERNETS,PACE,556,RHOW,23,23,12,12,0.7029,0.8251,0.5911,0.745,0.939,-0.00694,0.007736,0.01938,NA,TRUE,FALSE,0.016879,0.012298,13.5433,-0.196292,-0.123737,-0.01433,0.039715,0.123737,0.196292,-24.4251,-14.1213,-1.4968,3.9713,14.1213,24.4251
MAFR_raw,HYPERNETS,PACE,557,RHOW,23,23,12,12,0.699,0.8216,0.5871,0.7418,0.9373,-0.006938,0.007937,0.01971,NA,TRUE,FALSE,0.017165,0.012499,13.696,-0.198865,-0.123026,-0.01623,0.044198,0.123026,0.198865,-24.8235,-14.0287,-1.6954,4.4194,14.0287,24.8235
MAFR_raw,HYPERNETS,PACE,558,RHOW,23,23,12,12,0.6985,0.8214,0.5873,0.7405,0.9336,-0.006833,0.007964,0.019699,NA,TRUE,FALSE,0.017334,0.012686,13.78,-0.201886,-0.126075,-0.020261,0.04407,0.126075,0.201886,-25.2954,-14.4263,-2.1181,4.4446,14.4263,25.2954
MAFR_raw,HYPERNETS,PACE,559,RHOW,23,23,12,12,0.6972,0.8196,0.5856,0.7401,0.9353,-0.006918,0.008114,0.020008,NA,TRUE,FALSE,0.017429,0.012714,13.7503,-0.19964,-0.125685,-0.015558,0.044924,0.125685,0.19964,-24.9443,-14.3752,-1.6284,4.4918,14.3752,24.9443
MAFR_raw,HYPERNETS,PACE,560,RHOW,23,23,12,12,0.6946,0.816,0.5835,0.7371,0.9311,-0.006655,0.008381,0.020284,NA,TRUE,FALSE,0.017606,0.012901,13.8945,-0.198401,-0.125068,-0.017946,0.044403,0.125068,0.198401,-24.7536,-14.2967,-1.8881,4.5971,14.2967,24.7536
MAFR_raw,HYPERNETS,PACE,561,RHOW,23,23,12,12,0.6944,0.8154,0.5833,0.7369,0.931,-0.006698,0.008397,0.020344,NA,TRUE,FALSE,0.017695,0.013009,13.9895,-0.202228,-0.126448,-0.017973,0.046561,0.126448,0.202228,-25.3497,-14.4762,-1.8951,4.7451,14.4762,25.3497
MAFR_raw,HYPERNETS,PACE,562,RHOW,23,23,12,12,0.6919,0.8127,0.5821,0.7331,0.9232,-0.006234,0.008627,0.020427,NA,TRUE,FALSE,0.017873,0.013245,14.2022,-0.201287,-0.132691,-0.020685,0.048611,0.132691,0.201287,-25.2019,-15.3033,-2.1879,4.8992000000000004,15.3033,25.2019
MAFR_raw,HYPERNETS,PACE,563,RHOW,23,23,12,12,0.6859,0.8093,0.5754,0.7291,0.9238,-0.006389,0.008899,0.020965,NA,TRUE,FALSE,0.018247,0.013397,14.2761,-0.199722,-0.130856,-0.019322,0.050635,0.130856,0.199722,-24.9576,-15.0613,-2.0359,5.115,15.0613,24.9576
MAFR_raw,HYPERNETS,PACE,564,RHOW,23,23,12,12,0.6877,0.8104,0.5763,0.7321,0.9301,-0.006745,0.008855,0.021135,NA,TRUE,FALSE,0.018251,0.01333,14.195,-0.201371,-0.121321,-0.018017,0.052939,0.121321,0.201371,-25.2154,-13.8076,-1.9027,5.3375,13.8076,25.2154
MAFR_raw,HYPERNETS,PACE,565,RHOW,23,23,12,12,0.6913,0.8118,0.5795,0.7357,0.9339,-0.006924,0.008753,0.021103,NA,TRUE,FALSE,0.018179,0.01329,14.1653,-0.199724,-0.114532,-0.02175,0.05638,0.114532,0.199724,-24.9582,-12.9378,-2.3063,5.6368,12.9378,24.9582
MAFR_raw,HYPERNETS,PACE,566,RHOW,23,23,12,12,0.6873,0.8095,0.5755,0.7323,0.9317,-0.006969,0.008856,0.021294,NA,TRUE,FALSE,0.018493,0.013518,14.3501,-0.203858,-0.117716,-0.021574,0.057114,0.117716,0.203858,-25.6081,-13.3432,-2.2812,5.7658,13.3432,25.6081
MAFR_raw,HYPERNETS,PACE,567,RHOW,23,23,12,12,0.6822,0.8066,0.5712,0.727,0.9253,-0.006804,0.00901,0.021435,NA,TRUE,FALSE,0.018899,0.013843,14.5926,-0.207475,-0.123492,-0.025379,0.058481,0.123492,0.207475,-26.1801,-14.0898,-2.6751,5.9056,14.0898,26.1801
MAFR_raw,HYPERNETS,PACE,568,RHOW,23,23,12,12,0.6777,0.8032,0.5677,0.7217,0.9174,-0.006437,0.009233,0.021559,NA,TRUE,FALSE,0.01922,0.014156,14.8492,-0.21393,-0.127656,-0.025701,0.06013,0.127656,0.21393,-27.2151,-14.6337,-2.7111,6.0763,14.6337,27.2151
MAFR_raw,HYPERNETS,PACE,569,RHOW,23,23,12,12,0.677,0.8033,0.5674,0.7206,0.9153,-0.006364,0.009246,0.021536,NA,TRUE,FALSE,0.019339,0.01426,14.9145,-0.214817,-0.128548,-0.025909,0.060579,0.128548,0.214817,-27.3589,-14.7513,-2.7332,6.1312,14.7513,27.3589
MAFR_raw,HYPERNETS,PACE,570,RHOW,23,23,12,12,0.6745,0.8015,0.5649,0.7187,0.9144,-0.006357,0.009357,0.021708,NA,TRUE,FALSE,0.01952,0.014365,14.9934,-0.215705,-0.127783,-0.024008,0.064731,0.127783,0.215705,-27.5034,-14.6505,-2.5306,6.5516,14.6505,27.5034
MAFR_raw,HYPERNETS,PACE,571,RHOW,23,23,12,12,0.6741,0.79990000000000006,0.5646,0.7182,0.9137,-0.006298,0.009391,0.021724,NA,TRUE,FALSE,0.019558,0.014425,15.1428,-0.215885,-0.127615,-0.025069,0.068544,0.127615,0.215885,-27.5326,-14.6284,-2.6433,6.9338,14.6284,27.5326
MAFR_raw,HYPERNETS,PACE,572,RHOW,23,23,12,12,0.6709,0.7973,0.5615,0.7153,0.9111,-0.006236,0.009509,0.02187,NA,TRUE,FALSE,0.019813,0.014586,15.2355,-0.216872,-0.128744,-0.021561,0.067488,0.128744,0.216872,-27.6939,-14.7772,-2.266,6.8307,14.7772,27.6939
MAFR_raw,HYPERNETS,PACE,573,RHOW,23,23,12,12,0.6696,0.797,0.5605,0.7139,0.9092,-0.006157,0.00956,0.0219,NA,TRUE,FALSE,0.019932,0.014713,15.4161,-0.21743,-0.128585,-0.024655,0.073011,0.128585,0.21743,-27.7851,-14.7564,-2.6029,7.3939,14.7564,27.7851
MAFR_raw,HYPERNETS,PACE,574,RHOW,23,23,12,12,0.6686,0.7998,0.559,0.7141,0.9122,-0.006567,0.009388,0.021877,NA,TRUE,FALSE,0.020184,0.014806,15.428,-0.219423,-0.127566,-0.028371,0.069853,0.127566,0.219423,-28.1111,-14.6222,-2.9995,7.0792,14.6222,28.1111
MAFR_raw,HYPERNETS,PACE,575,RHOW,23,23,12,12,0.6685,0.8013,0.5589,0.7139,0.9118,-0.006698,0.009255,0.021745,NA,TRUE,FALSE,0.020366,0.014955,15.6012,-0.22194,-0.129434,-0.033999,0.067908,0.129434,0.22194,-28.5263,-14.8692,-3.6088,6.8818,14.8692,28.5263
MAFR_raw,HYPERNETS,PACE,576,RHOW,23,23,12,12,0.6703,0.8019,0.5601,0.7165,0.9165,-0.006932,0.009153,0.021727,NA,TRUE,FALSE,0.020303,0.014843,15.5203,-0.216572,-0.125731,-0.03026,0.067176,0.125731,0.216572,-27.6474,-14.3822,-3.2084,6.8003,14.3822,27.6474
MAFR_raw,HYPERNETS,PACE,577,RHOW,23,23,12,12,0.6698,0.8015,0.5587,0.7176,0.9216,-0.007286,0.0091,0.021857,NA,TRUE,FALSE,0.020417,0.014838,15.5592,-0.217227,-0.122174,-0.028894,0.068745,0.122174,0.217227,-27.7525,-13.9183,-3.0654,6.9483,13.9183,27.7525
MAFR_raw,HYPERNETS,PACE,578,RHOW,23,23,12,12,0.6705,0.7986,0.5591,0.7188,0.9242,-0.007354,0.009101,0.021899,NA,TRUE,FALSE,0.020391,0.014789,15.6074,-0.215412,-0.119786,-0.022632,0.077239,0.119786,0.215412,-27.4568,-13.6088,-2.3922,7.7861,13.6088,27.4568
MAFR_raw,HYPERNETS,PACE,579,RHOW,23,23,12,12,0.6685,0.7958,0.5576,0.7162,0.9198,-0.006838,0.009375,0.021998,NA,TRUE,FALSE,0.020361,0.01476,15.7192,-0.210347,-0.121826,-0.015737,0.08684,0.122148,0.210347,-26.6399,-13.883,-1.682,8.6676,13.883,26.6399
MAFR_raw,HYPERNETS,PACE,580,RHOW,23,23,12,12,0.6679,0.7975,0.5571,0.7157,0.9193,-0.006797,0.009352,0.021925,NA,TRUE,FALSE,0.020417,0.014762,15.7808,-0.205821,-0.125748,-0.016686,0.088953,0.128798,0.205821,-25.9185,-14.4158,-1.7944,8.8814,14.4158,25.9185
MAFR_raw,HYPERNETS,PACE,581,RHOW,23,23,12,12,0.6678,0.7977,0.5567,0.7162,0.9215,-0.006884,0.009322,0.021918,NA,TRUE,FALSE,0.020431,0.014691,15.7833,-0.208061,-0.121948,-0.0149,0.089011,0.132888,0.208061,-26.2734,-13.9314,-1.6149,8.8907,14.509,26.2734
MAFR_raw,HYPERNETS,PACE,582,RHOW,23,23,12,12,0.6683,0.7988,0.5568,0.7173,0.9241,-0.007088,0.009175,0.0218,NA,TRUE,FALSE,0.020482,0.014719,15.9405,-0.210033,-0.121325,-0.017108,0.089433,0.135481,0.210033,-26.5876,-13.8511,-1.8591,9.1363,14.7663,26.5876
MAFR_raw,HYPERNETS,PACE,583,RHOW,23,23,12,12,0.6697,0.798,0.5579,0.7192,0.9271,-0.007113,0.009141,0.021749,NA,TRUE,FALSE,0.020348,0.014508,15.8163,-0.205812,-0.1154,-0.011473,0.081826,0.139911,0.205812,-25.9154,-13.1035,-1.2613,8.7977,15.1869,25.9154
MAFR_raw,HYPERNETS,PACE,584,RHOW,23,23,12,12,0.6661,0.7942,0.5545,0.7159,0.9242,-0.006744,0.009392,0.021891,NA,TRUE,FALSE,0.020368,0.014491,15.9982,-0.2028,-0.114089,-0.003904,0.081597,0.145048,0.2028,-25.4422,-12.9525,-0.5081,8.7075,15.7491,25.4422
MAFR_raw,HYPERNETS,PACE,585,RHOW,23,23,12,12,0.663,0.792,0.5518,0.713,0.9215,-0.006665,0.009397,0.021825,NA,TRUE,FALSE,0.020546,0.014565,16.1113,-0.205923,-0.114047,-0.001554,0.078202,0.15085200000000001,0.205923,-25.935,-12.9629,-0.2553,8.3232,16.392,25.935
MAFR_raw,HYPERNETS,PACE,586,RHOW,23,23,12,12,0.6599,0.7882,0.549,0.71,0.9183,-0.006395,0.009536,0.021854,NA,TRUE,FALSE,0.020621,0.014575,16.2675,-0.203346,-0.112827,0.005374,0.078654,0.158253,0.203346,-25.5303,-12.8312,0.4467,8.0092,17.1972,25.5303
MAFR_raw,HYPERNETS,PACE,587,RHOW,23,23,12,12,0.6486,0.786,0.5386,0.7002,0.9103,-0.006532,0.009405,0.021664,NA,TRUE,FALSE,0.021373,0.015076,16.7834,-0.212654,-0.119847,-0.005143,0.078291,0.160351,0.212654,-27.022,-13.7257,-0.6078,8.3655,17.5183,27.022
MAFR_raw,HYPERNETS,PACE,588,RHOW,23,23,12,12,0.6389,0.7857,0.5302,0.6906,0.8995,-0.006538,0.009192,0.021269,NA,TRUE,FALSE,0.02208,0.015595,17.2302,-0.226047,-0.127152,-0.015467,0.083881,0.160454,0.226047,-29.2257,-14.6808,-1.6607,8.9793,17.6756,29.2257
MAFR_raw,HYPERNETS,PACE,589,RHOW,23,23,12,12,0.6364,0.7815,0.5278,0.6885,0.8982,-0.006452,0.009218,0.021229,NA,TRUE,FALSE,0.022172,0.015618,17.4068,-0.225912,-0.125854,-0.008464,0.080799,0.166004,0.225912,-29.2011,-14.532,-0.9269,8.7916,18.286,29.2011
MAFR_raw,HYPERNETS,PACE,590,RHOW,23,23,12,12,0.637,0.7817,0.5277,0.6908,0.9043,-0.006663,0.009114,0.021166,NA,TRUE,FALSE,0.021998,0.015366,17.301,-0.225496,-0.121202,-4.19e-4,0.075834,0.165516,0.225496,-29.1299,-13.9275,-0.1187,8.1582,18.1531,29.1299
MAFR_raw,HYPERNETS,PACE,591,RHOW,23,23,12,12,0.6354,0.7797,0.5258,0.6907,0.9074,-0.006807,0.00906,0.021137,NA,TRUE,FALSE,0.022017,0.015268,17.349,-0.225903,-0.119395,0.005205,0.071704,0.172502,0.225903,-29.1998,-13.7291,0.4488,7.5423,18.9744,29.1998
MAFR_raw,HYPERNETS,PACE,592,RHOW,23,23,12,12,0.6353,0.7781,0.5254,0.6914,0.9098,-0.006711,0.009094,0.021104,NA,TRUE,FALSE,0.02184,0.015047,17.3722,-0.220495,-0.115484,0.013468,0.080831,0.16656,0.220495,-28.3065,-13.2304,1.2637,8.1994,19.6188,28.3065
MAFR_raw,HYPERNETS,PACE,593,RHOW,23,23,12,12,0.6351,0.7755,0.525,0.6918,0.9117,-0.006656,0.009081,0.021024,NA,TRUE,FALSE,0.021718,0.014867,17.3857,-0.217888,-0.109592,0.023799,0.082425,0.162078,0.217888,-27.8781,-12.4923,2.3098,8.327,19.343,27.8781
MAFR_raw,HYPERNETS,PACE,594,RHOW,23,23,12,12,0.6349,0.7726,0.525,0.6914,0.9106,-0.006357,0.009155,0.020933,NA,TRUE,FALSE,0.021554,0.014702,17.6227,-0.214298,-0.103771,0.03049,0.08734,0.157005,0.235512,-27.303,-11.7259,2.979,8.8113,18.629,27.303
MAFR_raw,HYPERNETS,PACE,595,RHOW,23,23,12,12,0.635,0.7705,0.5239,0.6951,0.9223,-0.006716,0.00912,0.021055,NA,TRUE,FALSE,0.021334,0.014315,17.6951,-0.212203,-0.091469,0.042119,0.09409,0.158167,0.23903,-26.9549,-10.2294,4.1374,9.4161,17.8541,26.9549
MAFR_raw,HYPERNETS,PACE,596,RHOW,23,23,12,12,0.6377,0.7688,0.5261,0.6979,0.9258,-0.0065,0.009144,0.020937,NA,TRUE,FALSE,0.020938,0.013953,17.8205,-0.201846,-0.085234,0.055356,0.105274,0.168424,0.236942,-25.3131,-9.4465,5.4574,10.5093,18.4101,27.0375
MAFR_raw,HYPERNETS,PACE,597,RHOW,23,23,12,12,0.6356,0.7638,0.5236,0.6984,0.9314,-0.006422,0.009331,0.021142,NA,TRUE,FALSE,0.020819,0.013652,18.0955,-0.196778,-0.073241,0.077092,0.09841,0.170599,0.243584,-24.5314,-8.0048,7.6317,10.8823,18.5379,29.0788
MAFR_raw,HYPERNETS,PACE,598,RHOW,23,23,12,12,0.6369,0.7594,0.5241,0.7019,0.9401,-0.006328,0.009465,0.021256,NA,TRUE,FALSE,0.020447,0.013206,18.4002,-0.185215,-0.058732,0.094776,0.088123,0.170052,0.243233,-22.7658,-6.3135,9.4028,9.5314,19.3126,28.9645
MAFR_raw,HYPERNETS,PACE,599,RHOW,23,23,12,12,0.6428,0.7571,0.529,0.7088,0.9498,-0.006232,0.009432,0.021121,NA,TRUE,FALSE,0.019836,0.012836,18.8494,-0.177263,-0.043429,0.125513,0.095705,0.179427,0.248505,-21.5843,-4.5943,12.4846,9.7149,19.581,28.9787
MAFR_raw,HYPERNETS,PACE,600,RHOW,23,23,12,12,0.6406,0.7498,0.5265,0.7093,0.9556,-0.006012,0.009707,0.021375,NA,TRUE,FALSE,0.019721,0.012653,19.6401,-0.166591,-0.027636,0.151664,0.109922,0.180303,0.275749,-20.039,-2.8786,15.0996,11.0228,20.0309,29.5389
MAFR_raw,HYPERNETS,PACE,601,RHOW,23,23,12,12,0.6423,0.7491,0.5275,0.7132,0.9644,-0.005997,0.00975,0.021395,NA,TRUE,FALSE,0.019458,0.012507,20.1085,-0.157373,-0.013813,0.164953,0.115609,0.172134,0.290635,-18.7324,-1.4288,16.4098,11.8027,20.423,31.7224
MAFR_raw,HYPERNETS,PACE,602,RHOW,23,23,12,12,0.6444,0.7504,0.5288,0.7174,0.9732,-0.006199,0.00961,0.021263,NA,TRUE,FALSE,0.019288,0.012351000000000001,20.2641,-0.152209,-0.002881,0.171618,0.114142,0.168756,0.293474,-18.0029,-0.3053,17.0626,12.4187,19.9996,32.2641
MAFR_raw,HYPERNETS,PACE,603,RHOW,23,23,12,12,0.6468,0.7507,0.5307,0.721,0.9796,-0.006234,0.009515,0.021107,NA,TRUE,FALSE,0.019082,0.012265,20.6431,-0.144431,0.005553,0.182141,0.11404,0.171559,0.300476,-16.9397,0.54,18.1055,12.7126,19.3305,33.2487
MAFR_raw,HYPERNETS,PACE,604,RHOW,23,23,12,12,0.6465,0.7566,0.5302,0.7223,0.984,-0.006754,0.009115,0.020764,NA,TRUE,FALSE,0.019257,0.012322,20.3731,-0.149499,0.003434,0.16285,0.117641,0.16339,0.292444,-17.6259,0.3242,16.146,11.7452,19.5959,31.9579
MAFR_raw,HYPERNETS,PACE,605,RHOW,23,23,12,12,0.6464,0.7634,0.5299,0.7233,0.9871,-0.007243,0.008699,0.020379,NA,TRUE,FALSE,0.019427,0.012339,19.9693,-0.155007,-6.87e-4,0.144516,0.10314,0.167131,0.279865,-18.3814,-0.0916,14.3003,10.3078,20.1178,29.9693
MAFR_raw,HYPERNETS,PACE,606,RHOW,23,23,12,12,0.6463,0.7722,0.5296,0.7244,0.9908,-0.007784,0.008259,0.019987,NA,TRUE,FALSE,0.019619,0.012346,19.3941,-0.160322,-0.004207,0.120772,0.081122,0.171066,0.263583,-19.123,-0.4533,11.8914,8.1119,20.5087,27.5101
MAFR_raw,HYPERNETS,PACE,607,RHOW,23,23,12,12,0.6461,0.7783,0.5294,0.7248,0.9923,-0.008212,0.007846,0.019576,NA,TRUE,FALSE,0.019802,0.012429,19.1555,-0.168118,-0.011638,0.112008,0.073616,0.177327,0.255387,-20.2319,-1.2224,11.0406,7.3602,20.3122,27.0701
MAFR_raw,HYPERNETS,PACE,608,RHOW,23,23,12,12,0.647,0.788,0.5302,0.7261,0.9944,-0.008715,0.007357,0.019091,NA,TRUE,FALSE,0.019958,0.012424,18.5464,-0.174128,-0.019095,0.102299,0.066749,0.180801,0.24182,-21.1016,-2.0088,10.1032,6.748,19.7338,26.7464
MAFR_raw,HYPERNETS,PACE,609,RHOW,23,23,12,12,0.6466,0.7979,0.5297,0.7264,0.9961,-0.009259,0.006876,0.018642,NA,TRUE,FALSE,0.02022,0.012491,18.0359,-0.182182,-0.034975,0.088531,0.06508,0.169361,0.227904,-22.2884,-3.6763,8.7705,6.8525,18.7861,26.5196
MAFR_raw,HYPERNETS,PACE,610,RHOW,23,23,12,12,0.6461,0.8066,0.5292,0.7265,0.9975,-0.009753,0.006425,0.018208,NA,TRUE,FALSE,0.020469,0.012567,18.0345,-0.190088,-0.055181,0.075985,0.069676,0.168002,0.224985,-23.4768,-5.8618,7.5449,7.4084,18.2901,26.4365
MAFR_raw,HYPERNETS,PACE,611,RHOW,23,23,12,12,0.6469,0.8179,0.5298,0.7277,0.9994,-0.010268,0.005924,0.017714,NA,TRUE,FALSE,0.020661,0.01258,17.8189,-0.195952,-0.075648,0.063038,0.079295,0.161833,0.218607,-24.3749,-8.1873,6.2731,8.615,17.5816,25.4758
MAFR_raw,HYPERNETS,PACE,612,RHOW,23,23,12,12,0.647,0.8291,0.5298,0.7285,1.0018,-0.010826,0.005431,0.017254,NA,FALSE,FALSE,0.020908,0.012656,17.7053,-0.204793,-0.096316,0.053038,0.089807,0.15461,0.211659,-25.7541,-10.6594,5.2898,9.6782,16.9314,25.7541
MAFR_raw,HYPERNETS,PACE,613,RHOW,23,23,12,12,0.6467,0.8409,0.5295,0.7293,1.0044,-0.011417,0.00493,0.0168,NA,FALSE,FALSE,0.021185,0.012788,17.6981,-0.212118,-0.120204,0.040578,0.090927,0.150363,0.212118,-26.9228,-13.6796,4.0568,9.9765,17.3706,26.9228
MAFR_raw,HYPERNETS,PACE,614,RHOW,23,23,12,12,0.6461,0.8425,0.5289,0.7294,1.0059,-0.011532,0.004863,0.016753,NA,FALSE,FALSE,0.021234,0.012803,17.6362,-0.21274,-0.121433,0.04135,0.090357,0.149904,0.21274,-27.0229,-13.8385,4.1349,9.9334,17.1423,27.0229
MAFR_raw,HYPERNETS,PACE,615,RHOW,23,23,12,12,0.6453,0.8405,0.5282,0.729,1.006,-0.011512,0.00487,0.016742,NA,FALSE,FALSE,0.021253,0.012794,17.602,-0.21376,-0.11452,0.042932,0.086972,0.146813,0.21376,-27.1878,-12.9466,4.2931,9.5061,16.8095,27.1878
MAFR_raw,HYPERNETS,PACE,616,RHOW,23,23,12,12,0.6437,0.8384,0.5269,0.7275,1.0044,-0.011382,0.004958,0.016792,NA,FALSE,FALSE,0.021287,0.012836,17.8484,-0.214343,-0.113868,0.044277,0.085689,0.155019,0.214343,-27.282,-12.8691,4.4272,9.3307,17.3308,27.282
MAFR_raw,HYPERNETS,PACE,617,RHOW,23,23,12,12,0.6432,0.8377,0.5264,0.727,1.0042,-0.011383,0.004941,0.016761,NA,FALSE,FALSE,0.021308,0.012821,17.7262,-0.214567,-0.109268,0.044817,0.085282,0.153556,0.214567,-27.3184,-12.2766,4.4816,9.2902,16.7505,27.3184
MAFR_raw,HYPERNETS,PACE,618,RHOW,23,23,12,12,0.6423,0.8361,0.5257,0.7263,1.0034,-0.011324,0.004968,0.016761,NA,FALSE,FALSE,0.021322,0.012859,17.9277,-0.214849,-0.110556,0.048221,0.089213,0.156514,0.214849,-27.3641,-12.4379,4.8209,9.7274,17.1802,27.3641
MAFR_raw,HYPERNETS,PACE,619,RHOW,23,23,12,12,0.6417,0.8382,0.5252,0.7259,1.0033,-0.011398,0.004892,0.016677,NA,FALSE,FALSE,0.021385,0.012912,17.9917,-0.216879,-0.115378,0.048737,0.089676,0.154142,0.216879,-27.6943,-13.0558,4.8734,9.8026,17.1358,27.6943
MAFR_raw,HYPERNETS,PACE,620,RHOW,23,23,12,12,0.6415,0.8407,0.525,0.7258,1.0032,-0.011473,0.004801,0.016574,NA,FALSE,FALSE,0.02143,0.012946,18.0634,-0.218911,-0.121626,0.046382,0.089826,0.153555,0.218911,-28.0266,-13.8699,4.6382,9.8452,17.686,28.0266
MAFR_raw,HYPERNETS,PACE,621,RHOW,23,23,12,12,0.6405,0.8386,0.5241,0.725,1.0028,-0.011419,0.004832,0.016581,NA,FALSE,FALSE,0.021449,0.012949,18.1046,-0.217787,-0.119019,0.045346,0.091523,0.153028,0.217787,-27.8424,-13.5228,4.5344,10.0482,17.7156,27.8424
MAFR_raw,HYPERNETS,PACE,622,RHOW,23,23,12,12,0.6397,0.8388,0.5235,0.7246,1.0029,-0.011448,0.004804,0.016545,NA,FALSE,FALSE,0.021482,0.012942,18.0452,-0.217993,-0.117295,0.043849,0.089813,0.152722,0.217993,-27.8763,-13.3019,4.3846,9.8399,17.5174,27.8763
MAFR_raw,HYPERNETS,PACE,623,RHOW,23,23,12,12,0.6392,0.8389,0.523,0.7241,1.0024,-0.011459,0.004767,0.016489,NA,FALSE,FALSE,0.021511,0.012931,17.9485,-0.219221,-0.115433,0.040093,0.0892,0.152412,0.219221,-28.0775,-13.06,4.0087,9.7748,17.0684,28.0775
MAFR_raw,HYPERNETS,PACE,624,RHOW,23,23,12,12,0.636,0.837,0.5203,0.7217,1.0011,-0.011499,0.004753,0.01647,NA,FALSE,FALSE,0.021671,0.013045,18.2354,-0.223463,-0.12029,0.043209,0.093001,0.154072,0.223463,-28.7769,-13.6823,4.3209,10.2553,17.5363,28.7769
MAFR_raw,HYPERNETS,PACE,625,RHOW,23,23,12,12,0.6323,0.8351,0.5172,0.719,0.9994,-0.011471,0.004795,0.016497,NA,TRUE,FALSE,0.021831,0.013157,18.4694,-0.227275,-0.120049,0.045078,0.090248,0.154504,0.227275,-29.4121,-13.6592,4.5078,9.9053,17.9062,29.4121
MAFR_raw,HYPERNETS,PACE,626,RHOW,23,23,12,12,0.6295,0.8328,0.5149,0.7164,0.9966,-0.011447,0.004785,0.016452,NA,TRUE,FALSE,0.021961,0.013232,18.4719,-0.230568,-0.118284,0.043828,0.093838,0.152271,0.230568,-29.9665,-13.4201,4.3828,10.3514,17.3692,29.9665
MAFR_raw,HYPERNETS,PACE,627,RHOW,23,23,12,12,0.627,0.8304,0.5128,0.7139,0.9939,-0.011398,0.004783,0.016405,NA,TRUE,FALSE,0.022063,0.013342,18.7106,-0.233015,-0.122411,0.045327,0.1014,0.151321,0.233015,-30.3828,-13.9499,4.5322,11.2269,17.3878,30.3828
MAFR_raw,HYPERNETS,PACE,628,RHOW,23,23,12,12,0.6251,0.8289,0.5113,0.7118,0.9909,-0.011283,0.004817,0.016382,NA,TRUE,FALSE,0.022113,0.01336,18.6318,-0.232642,-0.116755,0.044288,0.099206,0.151782,0.232642,-30.3211,-13.219,4.4282,10.8832,17.0027,30.3211
MAFR_raw,HYPERNETS,PACE,629,RHOW,23,23,12,12,0.6234,0.8289,0.5098,0.7101,0.9891,-0.011268,0.0048,0.016336,NA,TRUE,FALSE,0.022183,0.013436,18.794,-0.233836,-0.121327,0.043325,0.101723,0.154954,0.233836,-30.5235,-13.8084,4.3317,10.9679,17.3479,30.5235
MAFR_raw,HYPERNETS,PACE,630,RHOW,23,23,12,12,0.6207,0.8288,0.5076,0.7079,0.9871,-0.011191,0.004854,0.016361,NA,TRUE,FALSE,0.022269,0.013523,18.9558,-0.232507,-0.123449,0.048002,0.100941,0.157816,0.232507,-30.2988,-14.0863,4.7999,10.9765,17.6957,30.2988
MAFR_raw,HYPERNETS,PACE,631,RHOW,23,23,12,12,0.6196,0.8291,0.5067,0.7065,0.9851,-0.011086,0.00489,0.016349,NA,TRUE,FALSE,0.022287,0.013574,19.0741,-0.231754,-0.124494,0.050057,0.100881,0.164834,0.231754,-30.1701,-14.2232,5.0057,11.2054,17.7832,30.1701
MAFR_raw,HYPERNETS,PACE,632,RHOW,23,23,12,12,0.6192,0.8305,0.5064,0.7064,0.9854,-0.011061,0.004891,0.016326,NA,TRUE,FALSE,0.02226,0.013528,18.9906,-0.22987,-0.122975,0.047462,0.097885,0.165976,0.22987,-29.8516,-14.0294,4.7457,10.8186,17.713,29.8516
MAFR_raw,HYPERNETS,PACE,633,RHOW,23,23,12,12,0.6215,0.8313,0.5083,0.7092,0.9896,-0.011179,0.004827,0.016297,NA,TRUE,FALSE,0.022178,0.013411,18.8092,-0.229959,-0.117241,0.046669,0.094076,0.162147,0.229959,-29.8651,-13.2879,4.6662,10.3423,17.2508,29.8651
MAFR_raw,HYPERNETS,PACE,634,RHOW,23,23,12,12,0.6248,0.8318,0.5109,0.713,0.9949,-0.011248,0.004789,0.016282,NA,TRUE,FALSE,0.021999,0.013266,18.7505,-0.227762,-0.113591,0.051392,0.094243,0.159681,0.227762,-29.4957,-12.8193,5.138,10.3301,17.2838,29.4957
MAFR_raw,HYPERNETS,PACE,635,RHOW,23,23,12,12,0.6275,0.8322,0.5132,0.716,0.9991,-0.01129,0.004768,0.016276,NA,TRUE,FALSE,0.021862,0.013112,18.7651,-0.225329,-0.111453,0.052044,0.087937,0.157385,0.225329,-29.0887,-12.5579,5.2033,9.558,17.4145,29.0887
MAFR_raw,HYPERNETS,PACE,636,RHOW,23,23,12,12,0.6289,0.8348,0.5143,0.7178,1.002,-0.011394,0.004693,0.016218,NA,FALSE,FALSE,0.021817,0.01305,18.748,-0.221289,-0.115119,0.052088,0.087793,0.15817,0.221704,-28.419,-13.034,5.2075,9.537,17.9236,28.419
MAFR_raw,HYPERNETS,PACE,637,RHOW,23,23,12,12,0.6298,0.8361,0.515,0.7189,1.0037,-0.011456,0.004642,0.016172,NA,FALSE,FALSE,0.0218,0.013009,18.6925,-0.220772,-0.113813,0.051225,0.085063,0.158955,0.220772,-28.3332,-12.8749,5.1207,9.2038,18.1114,28.3332
MAFR_raw,HYPERNETS,PACE,638,RHOW,23,23,12,12,0.6284,0.8364,0.5139,0.7178,1.0028,-0.01143,0.004657,0.016173,NA,FALSE,FALSE,0.021852,0.01305,18.7429,-0.221098,-0.113506,0.047901,0.083338,0.161129,0.221528,-28.3871,-12.8449,4.7857,8.9852,18.5475,28.3871
MAFR_raw,HYPERNETS,PACE,639,RHOW,23,23,12,12,0.6277,0.8356,0.5132,0.7175,1.0031,-0.01143,0.004661,0.016171,NA,FALSE,FALSE,0.021864,0.013061,18.9003,-0.219666,-0.115308,0.050323,0.084151,0.164043,0.224984,-28.151,-13.0777,5.0291,9.0818,18.9405,28.151
MAFR_raw,HYPERNETS,PACE,640,RHOW,23,23,12,12,0.6263,0.8354,0.512,0.7168,1.0035,-0.011407,0.004704,0.016212,NA,FALSE,FALSE,0.021891999999999998,0.013082,18.9333,-0.219931,-0.112192,0.052158,0.082909,0.16756,0.223885,-28.1943,-12.6833,5.2099,8.9035,18.9643,28.1943
MAFR_raw,HYPERNETS,PACE,641,RHOW,23,23,12,12,0.6279,0.8368,0.5133,0.7189,1.0068,-0.011518,0.004626,0.016154,NA,FALSE,FALSE,0.021848,0.013002,18.825,-0.221138,-0.10962,0.051275,0.078196,0.161493,0.22383,-28.3926,-12.3758,5.1193,8.3336,18.6353,28.3926
MAFR_raw,HYPERNETS,PACE,642,RHOW,23,23,12,12,0.6258,0.8371,0.5116,0.7167,1.0038,-0.011415,0.004641,0.016104,NA,FALSE,FALSE,0.021902,0.013052,18.8747,-0.221331,-0.110385,0.048511,0.079363,0.16872500000000001,0.221331,-28.4246,-12.4669,4.842,8.4781,18.8792,28.4246
MAFR_raw,HYPERNETS,PACE,643,RHOW,23,23,12,12,0.624,0.8376,0.5102,0.7145,1.0007,-0.011365,0.004589,0.015979,NA,FALSE,FALSE,0.021943,0.013119,19.0214,-0.224355,-0.11655,0.047863,0.082493,0.16411800000000001,0.224355,-28.9265,-13.26,4.7774,8.853,19.4264,28.9265
MAFR_raw,HYPERNETS,PACE,644,RHOW,23,23,12,12,0.6204,0.8361,0.5072,0.7114,0.9978,-0.011294,0.00463,0.015983,NA,TRUE,FALSE,0.022068,0.013215,19.1639,-0.22472,-0.11908,0.046309,0.086289,0.164406,0.22472,-28.9902,-13.5769,4.6195,9.3003,19.5612,28.9902
MAFR_raw,HYPERNETS,PACE,645,RHOW,23,23,12,12,0.6172,0.8326,0.5046,0.7081,0.9938,-0.011183,0.004669,0.015964,NA,TRUE,FALSE,0.022176,0.013267,19.1189,-0.227444,-0.111604,0.045157,0.083465,0.161952,0.227444,-29.4454,-12.6028,4.5057,8.975,18.9155,29.4454
MAFR_raw,HYPERNETS,PACE,646,RHOW,23,23,12,12,0.61,0.8298,0.4987,0.6994,0.9808,-0.010857,0.004708,0.015808,NA,TRUE,FALSE,0.022429,0.013479,19.22,-0.234543,-0.114392,0.039208,0.087489,0.160437,0.234543,-30.6516,-12.9392,3.9141,9.5066,18.2645,30.6516
MAFR_raw,HYPERNETS,PACE,647,RHOW,23,23,12,12,0.6018,0.8265,0.492,0.6903,0.9685,-0.010587,0.004753,0.015686,NA,TRUE,FALSE,0.022756,0.013786,19.5812,-0.244387,-0.120042,0.030254,0.091844,0.16611,0.244387,-32.3576,-13.6601,3.0159,10.0611,18.6312,32.3576
MAFR_raw,HYPERNETS,PACE,648,RHOW,23,23,12,12,0.6005,0.8303,0.4909,0.6905,0.9713,-0.010878,0.004533,0.015488,NA,TRUE,FALSE,0.022852,0.013784,19.6241,-0.247893,-0.133101,0.025063,0.097778,0.170843,0.247893,-32.9792,-15.3813,2.4973,9.7853,19.2314,32.9792
MAFR_raw,HYPERNETS,PACE,649,RHOW,23,23,12,12,0.5991,0.8302,0.4897,0.6893,0.9701,-0.01079,0.004573,0.015488,NA,TRUE,FALSE,0.022863,0.013824,19.7675,-0.247284,-0.13215,0.030201,0.094974,0.17495,0.247284,-32.8713,-15.272,3.0095,10.1015,19.5114,32.8713
MAFR_raw,HYPERNETS,PACE,650,RHOW,23,23,12,12,0.598,0.8299,0.4889,0.6889,0.9709,-0.010767,0.004592,0.015491,NA,TRUE,FALSE,0.022847,0.013782,19.8741,-0.247382,-0.131629,0.032214,0.091049,0.179105,0.247382,-32.888,-15.2225,3.212,9.9555,20.2404,32.888
MAFR_raw,HYPERNETS,PACE,651,RHOW,23,23,12,12,0.5999,0.8327,0.4904,0.6909,0.9735,-0.010792,0.004536,0.015415,NA,TRUE,FALSE,0.022761,0.013751,20.0236,-0.244226,-0.136594,0.031591,0.096054,0.181884,0.244226,-32.3327,-15.8898,3.1423,10.5348,20.6799,32.3327
MAFR_raw,HYPERNETS,PACE,652,RHOW,23,23,12,12,0.6029,0.8403,0.4928,0.6981,0.9888,-0.01135,0.004286,0.015325,NA,TRUE,FALSE,0.022609,0.01348,19.7206,-0.244004,-0.139964,0.028774,0.093454,0.184316,0.244004,-32.2794,-16.3984,2.8462,10.1704,20.7086,32.2794
MAFR_raw,HYPERNETS,PACE,653,RHOW,23,23,12,12,0.6063,0.8425,0.4957,0.7008,0.9908,-0.011346,0.004127,0.01507,NA,TRUE,FALSE,0.022348,0.013354,19.6065,-0.244583,-0.139191,0.0214,0.096479,0.181278,0.244583,-32.3824,-16.2713,2.0921,10.526,20.0337,32.3824
MAFR_raw,HYPERNETS,PACE,654,RHOW,23,23,12,12,0.6045,0.8403,0.4942,0.7003,0.9923,-0.011222,0.004225,0.015127,NA,TRUE,FALSE,0.022297,0.013285,19.9015,-0.237275,-0.137875,0.033213,0.093566,0.182792,0.237275,-31.1199,-16.125,3.2803,10.1285,21.2738,31.1199
MAFR_raw,HYPERNETS,PACE,655,RHOW,23,23,12,12,0.6031,0.8403,0.493,0.6997,0.993,-0.011099,0.004298,0.015147,NA,TRUE,FALSE,0.022249,0.013254,20.0749,-0.236817,-0.133248,0.033621,0.093157,0.187091,0.236817,-31.0412,-15.5741,3.2993,9.4991,22.1285,31.0412
MAFR_raw,HYPERNETS,PACE,656,RHOW,23,23,12,12,0.6094,0.8495,0.4982,0.7072,1.004,-0.011249,0.004074,0.014868,NA,FALSE,FALSE,0.021754,0.012837,19.7222,-0.233008,-0.130189,0.027865,0.097778,0.192499,0.233008,-30.3866,-15.2171,2.6905,9.915,21.5588,30.3866
MAFR_raw,HYPERNETS,PACE,657,RHOW,23,23,12,12,0.6089,0.8534,0.4979,0.7081,1.0072,-0.011402,0.003887,0.014636,NA,FALSE,FALSE,0.021756,0.012808,20.0174,-0.23288,-0.128349,0.024918,0.098937,0.194577,0.23288,-30.3614,-14.9735,2.3828,10.0209,21.5676,30.3614
MAFR_raw,HYPERNETS,PACE,658,RHOW,23,23,12,12,0.6099,0.8609,0.4987,0.7104,1.0119,-0.011488,0.003759,0.014462,NA,FALSE,FALSE,0.021657,0.012658,20.216,-0.237045,-0.123264,0.027151,0.098478,0.194124,0.237045,-31.0693,-14.3349,2.6063,9.9352,21.4843,31.0693
MAFR_raw,HYPERNETS,PACE,659,RHOW,23,23,12,12,0.6123,0.8643,0.5007,0.7144,1.0194,-0.011573,0.003705,0.014412,NA,FALSE,FALSE,0.021447,0.012574,20.2458,-0.234703,-0.120666,0.037354,0.105368,0.19111,0.234703,-30.6684,-14.0031,3.6273,10.6001,21.1385,30.6684
MAFR_raw,HYPERNETS,PACE,660,RHOW,23,23,12,12,0.6125,0.8646,0.5009,0.7167,1.0255,-0.011705,0.003654,0.014389,NA,FALSE,FALSE,0.021392,0.012612,20.5218,-0.229859,-0.11949,0.045342,0.111664,0.193639,0.229859,-29.8481,-13.869,4.4231,11.2051,21.4142,29.8481
MAFR_raw,HYPERNETS,PACE,661,RHOW,23,23,12,12,0.6138,0.8719,0.502,0.7193,1.0306,-0.011854,0.003511,0.014234,NA,FALSE,FALSE,0.021313,0.01255,20.5677,-0.230439,-0.117997,0.049831,0.112972,0.184649,0.230439,-29.9656,-13.714,4.8748,11.3072,20.5623,29.9656
MAFR_raw,HYPERNETS,PACE,662,RHOW,23,23,12,12,0.6125,0.8738,0.5011,0.7195,1.0332,-0.011953,0.003428,0.014139,NA,FALSE,FALSE,0.021352,0.012597,20.8124,-0.232558,-0.118396,0.053901,0.117268,0.182065,0.232558,-30.3204,-13.7448,5.2801,11.7411,20.2593,30.3204
MAFR_raw,HYPERNETS,PACE,663,RHOW,23,23,12,12,0.6123,0.8801,0.501,0.7199,1.0346,-0.012067,0.003287,0.01397,NA,FALSE,FALSE,0.021367,0.012574,21.0492,-0.240909,-0.12259,0.052085,0.11966,0.176153,0.240909,-31.7779,-14.2349,5.0943,12.0288,19.6138,31.7779
MAFR_raw,HYPERNETS,PACE,664,RHOW,23,23,12,12,0.6111,0.8807,0.5001,0.7204,1.0377,-0.012057,0.003334,0.014019,NA,FALSE,FALSE,0.021345,0.012604,21.3042,-0.242123,-0.122137,0.059194,0.129706,0.181803,0.242123,-32.0014,-14.179,5.7883,13.0112,20.1881,32.0014
MAFR_raw,HYPERNETS,PACE,665,RHOW,23,23,12,12,0.6125,0.8828,0.5012,0.7209,1.0371,-0.011965,0.003309,0.013927,NA,FALSE,FALSE,0.021231,0.012529,21.2563,-0.239636,-0.122123,0.05826,0.129292,0.184789,0.239636,-31.6031,-14.1962,5.6917,12.9589,20.5394,31.6031
MAFR_raw,HYPERNETS,PACE,666,RHOW,23,23,12,12,0.6138,0.887,0.5022,0.7221,1.0382,-0.012081,0.003155,0.013753,NA,FALSE,FALSE,0.021196,0.012508,21.318,-0.246359,-0.127251,0.056468,0.128812,0.182071,0.246359,-32.7911,-14.8263,5.5185,12.9685,20.2678,32.7911
MAFR_raw,HYPERNETS,PACE,667,RHOW,23,23,12,12,0.6127,0.8916,0.5014,0.7211,1.0373000000000001,-0.012137,0.003065,0.013635,NA,FALSE,FALSE,0.021255,0.012515,21.4594,-0.248372,-0.134676,0.053321,0.128006,0.180087,0.248372,-33.2042,-15.7646,5.21,12.9696,20.0948,33.2042
MAFR_raw,HYPERNETS,PACE,668,RHOW,23,23,12,12,0.6118,0.8917,0.5006,0.7204,1.0366,-0.012145,0.00302,0.013559,NA,FALSE,FALSE,0.021251,0.012563,21.5393,-0.251018,-0.140331,0.054277,0.125706,0.179595,0.251018,-33.6543,-16.5309,5.3209,12.775,20.179,33.6543
MAFR_raw,HYPERNETS,PACE,669,RHOW,23,23,12,12,0.6112,0.892,0.5002,0.7201,1.0366,-0.012074,0.00306,0.013573,NA,FALSE,FALSE,0.021223,0.012517,21.5102,-0.250774,-0.139235,0.052722,0.123532,0.180104,0.250774,-33.623,-16.3869,5.1672,12.5492,20.2199,33.623
MAFR_raw,HYPERNETS,PACE,670,RHOW,23,23,12,12,0.6106,0.8932,0.4997,0.7198,1.0368,-0.012053,0.00307,0.013569,NA,FALSE,FALSE,0.021216,0.012518,21.5544,-0.251557,-0.141906,0.054029,0.122741,0.180367,0.251557,-33.7777,-16.7409,5.3069,12.4942,20.2814,33.7777
MAFR_raw,HYPERNETS,PACE,671,RHOW,23,23,12,12,0.6118,0.8958,0.5006,0.7205,1.037,-0.012048,0.003007,0.013468,NA,FALSE,FALSE,0.021134,0.01247,21.6424,-0.255016,-0.142821,0.050702,0.122218,0.176209,0.255016,-34.4324,-16.8304,4.9719,12.4764,19.7694,34.4324
MAFR_raw,HYPERNETS,PACE,672,RHOW,23,23,12,12,0.61,0.896,0.4993,0.7197,1.0375,-0.012037,0.003023,0.01347,NA,FALSE,FALSE,0.021144,0.012437,21.6395,-0.252781,-0.145007,0.048171,0.11613,0.181397,0.252781,-34.0452,-17.123,4.7341,11.8893,20.3309,34.0452
MAFR_raw,HYPERNETS,PACE,673,RHOW,23,23,12,12,0.6081,0.8937,0.4978,0.7188,1.0378,-0.012052,0.00303,0.013476,NA,FALSE,FALSE,0.02117,0.012456,21.6766,-0.252206,-0.149116,0.048916,0.118155,0.182236,0.252206,-33.8987,-17.694,4.807,12.1138,20.5241,33.8987
MAFR_raw,HYPERNETS,PACE,674,RHOW,23,23,12,12,0.6075,0.8951,0.4973,0.7187,1.0385,-0.012097,0.003015,0.013473,NA,FALSE,FALSE,0.02119,0.012484,21.7749,-0.254956,-0.150456,0.049232,0.11643,0.181682,0.254956,-34.4326,-17.8743,4.8459,11.9549,20.4798,34.4326
MAFR_raw,HYPERNETS,PACE,675,RHOW,23,23,12,12,0.6086,0.8971,0.4982,0.7195,1.0389,-0.012114,0.002967,0.01341,NA,FALSE,FALSE,0.021121,0.012459,21.7315,-0.256139,-0.152914,0.045508,0.109528,0.181127,0.256139,-34.6589,-18.2036,4.4899,11.9704,20.4354,34.6589
MAFR_raw,HYPERNETS,PACE,676,RHOW,23,23,12,12,0.6085,0.8976,0.4982,0.7196,1.0393,-0.012175,0.002902,0.013341,NA,FALSE,FALSE,0.021113,0.012457,21.7771,-0.25841,-0.154559,0.043976,0.11128300000000001,0.179482,0.25841,-35.0832,-18.425,4.3371,12.2029,20.2738,35.0832
MAFR_raw,HYPERNETS,PACE,677,RHOW,23,23,12,12,0.6088,0.8987,0.4984,0.7202,1.0406,-0.012224,0.002868,0.013313,NA,FALSE,FALSE,0.021091,0.012441,21.8146,-0.262418,-0.152639,0.044179,0.110965,0.176819,0.262418,-35.8579,-18.1436,4.3599,12.1697,19.9119,35.8579
MAFR_raw,HYPERNETS,PACE,678,RHOW,23,23,12,12,0.6069,0.8972,0.497,0.7189,1.0399,-0.012172,0.002913,0.013341,NA,FALSE,FALSE,0.02112,0.012418,21.7518,-0.259273,-0.152327,0.045071,0.110705,0.177057,0.259273,-35.3052,-18.1072,4.4449,12.1173,19.9538,35.3052
MAFR_raw,HYPERNETS,PACE,679,RHOW,23,23,12,12,0.6082,0.8966,0.498,0.7208,1.0431,-0.012273,0.002838,0.013279,NA,FALSE,FALSE,0.021039,0.012414,21.7806,-0.259779,-0.152015,0.048864,0.111473,0.17524,0.259779,-35.3782,-18.0591,4.8279,12.2018,19.7437,35.3782
MAFR_raw,HYPERNETS,PACE,680,RHOW,23,23,12,12,0.6065,0.8955,0.4967,0.7195,1.0421,-0.012233,0.002859,0.013278,NA,FALSE,FALSE,0.021041,0.01243,21.8353,-0.260056,-0.155506,0.049482,0.111946,0.178663,0.260056,-35.4211,-18.5696,4.8896,12.2575,20.2479,35.4211
MAFR_raw,HYPERNETS,PACE,681,RHOW,23,23,12,12,0.6037,0.8942,0.4946,0.7178,1.0419,-0.012191,0.002921,0.013332,NA,FALSE,FALSE,0.02108,0.012479,21.9331,-0.259448,-0.158606,0.051418,0.111799,0.184559,0.259448,-35.3081,-19.0342,5.0858,12.235,21.0166,35.3081
MAFR_raw,HYPERNETS,PACE,682,RHOW,23,23,12,12,0.6009,0.8918,0.4924,0.7158,1.0405,-0.012112,0.002988,0.013377,NA,FALSE,FALSE,0.021134,0.012492,21.902,-0.257697,-0.159082,0.05202,0.111797,0.184932,0.257697,-34.9709,-19.1028,5.1491,12.2415,21.0699,34.9709
MAFR_raw,HYPERNETS,PACE,683,RHOW,23,23,12,12,0.6016,0.894,0.4931,0.7174,1.0437,-0.012219,0.002929,0.01334,NA,FALSE,FALSE,0.021127,0.012422,21.8921,-0.258588,-0.151775,0.051773,0.111961,0.176915,0.258588,-35.1829,-18.0194,5.1245,12.2646,19.8899,35.1829
MAFR_raw,HYPERNETS,PACE,684,RHOW,23,23,12,12,0.5969,0.8888,0.4894,0.7137,1.0407,-0.012288,0.002866,0.013257,NA,FALSE,FALSE,0.021297,0.0125,21.8819,-0.259946,-0.152641,0.04768,0.109889,0.174162,0.259946,-35.3295,-18.1529,4.7171,12.0354,19.6674,35.3295
MAFR_raw,HYPERNETS,PACE,685,RHOW,23,23,12,12,0.5922,0.8855,0.4857,0.7093,1.0359,-0.01227,0.002853,0.013208,NA,FALSE,FALSE,0.021469,0.012625,22.0233,-0.263913,-0.155044,0.045133,0.10799,0.175143,0.263913,-36.0194,-18.5183,4.4626,11.8136,19.9142,36.0194
MAFR_raw,HYPERNETS,PACE,686,RHOW,23,23,12,12,0.5884,0.8805,0.4828,0.7064,1.0335,-0.012206,0.002884,0.013197,NA,FALSE,FALSE,0.021539,0.012672,22.0176,-0.263585,-0.157451,0.047588,0.107821,0.177745,0.263585,-35.9047,-18.8897,4.7053,11.7672,20.3347,35.9047
MAFR_raw,HYPERNETS,PACE,687,RHOW,23,23,12,12,0.5805,0.8724,0.4767,0.6999,1.0275,-0.012095,0.002936,0.013173,NA,FALSE,FALSE,0.021763,0.012826,22.288,-0.271375,-0.155339,0.048236,0.112376,0.180989,0.271375,-37.298,-18.6602,4.7505,11.5059,20.8097,37.298
MAFR_raw,HYPERNETS,PACE,688,RHOW,23,23,12,12,0.578,0.8687,0.4749,0.699,1.0289,-0.012252,0.002817,0.013054,NA,FALSE,FALSE,0.021875,0.01285,22.3754,-0.280653,-0.142427,0.048635,0.11366,0.172559,0.280653,-39.0426,-16.8741,4.7775,11.5534,19.6465,39.0426
MAFR_raw,HYPERNETS,PACE,689,RHOW,23,23,12,12,0.5781,0.8694,0.4749,0.6985,1.0275,-0.012076,0.002808,0.012927,NA,FALSE,FALSE,0.02168,0.012812,22.6529,-0.286692,-0.145518,0.054152,0.124704,0.17601,0.286692,-40.2306,-17.312,5.3091,12.6585,20.1103,40.2306
MAFR_raw,HYPERNETS,PACE,690,RHOW,23,23,12,12,0.5773,0.865,0.474,0.6956,1.0208,-0.011716,0.002897,0.012854,NA,FALSE,FALSE,0.021533,0.012657,22.4998,-0.283217,-0.142002,0.047245,0.121501,0.184005,0.283217,-39.5282,-16.8932,4.6021,12.2832,21.015,39.5282
MAFR_raw,HYPERNETS,PACE,691,RHOW,23,23,12,12,0.5752,0.8654,0.4726,0.6951,1.0224,-0.011593,0.002967,0.012866,NA,FALSE,FALSE,0.021408,0.012596,22.6309,-0.286245,-0.138675,0.053795,0.124964,0.186451,0.286245,-40.1274,-16.4379,5.2602,12.6066,21.1861,40.1274
MAFR_raw,HYPERNETS,PACE,692,RHOW,23,23,12,12,0.5655,0.8649,0.4645,0.6828,1.0037,-0.011099,0.003023,0.01263,NA,FALSE,FALSE,0.021547,0.012516,22.7615,-0.295148,-0.150424,0.033946,0.125,0.186628,0.295148,-41.8987,-18.0239,3.2295,12.6988,21.4136,41.8987
MAFR_raw,HYPERNETS,PACE,693,RHOW,23,23,12,12,0.5511,0.8668,0.4529,0.6674,0.9836,-0.01069,0.003079,0.012422,NA,TRUE,FALSE,0.0219,0.012814,23.2496,-0.309225,-0.167789,0.01814,0.116357,0.183485,0.309225,-44.8043,-20.504,1.6509,11.9442,21.5267,44.8043
MAFR_raw,HYPERNETS,PACE,694,RHOW,23,23,12,12,0.5438,0.8708,0.4473,0.6614,0.978,-0.01063,0.002992,0.012205,NA,TRUE,FALSE,0.022024,0.01285,23.647,-0.314347,-0.183099,0.016064,0.120747,0.183099,0.314347,-45.9204,-22.7038,1.4457,12.0745,22.7038,45.9204
MAFR_raw,HYPERNETS,PACE,695,RHOW,23,23,12,12,0.5471,0.8727,0.4499,0.6643,0.981,-0.010495,0.002975,0.012097,NA,TRUE,FALSE,0.021696,0.012656,23.7724,-0.314335,-0.179287,0.016534,0.122224,0.191245,0.314335,-46.0074,-22.1673,1.4755,12.9105,22.5768,46.0074
MAFR_raw,HYPERNETS,PACE,696,RHOW,23,23,12,12,0.5459,0.8734,0.4492,0.6648,0.9839,-0.010437,0.003009,0.012094,NA,TRUE,FALSE,0.021605,0.012524,23.6016,-0.313173,-0.175367,0.021418,0.122329,0.1907,0.313173,-45.7601,-21.6189,1.9723,12.655,22.4998,45.7601
MAFR_raw,HYPERNETS,PACE,697,RHOW,23,23,12,12,0.5472,0.8741,0.4505,0.6679,0.9901,-0.010431,0.002966,0.012003,NA,TRUE,FALSE,0.021356,0.012307,23.6101,-0.306697,-0.178115,0.030388,0.132293,0.193884,0.306697,-44.4107,-21.9902,2.8634,13.6293,22.8223,44.4107
MAFR_raw,HYPERNETS,PACE,698,RHOW,23,23,12,12,0.5498,0.8741,0.4526,0.6707,0.9939,-0.010431,0.002858,0.011825,NA,TRUE,FALSE,0.021136,0.012188,23.7399,-0.309583,-0.174389,0.030774,0.135046,0.192549,0.309583,-44.9719,-21.3575,2.8961,13.9975,22.3676,44.9719
MAFR_raw,HYPERNETS,PACE,699,RHOW,23,23,12,12,0.5441,0.8744,0.4484,0.6671,0.9924,-0.010313,0.002834,0.011671,NA,TRUE,FALSE,0.021068,0.012073,23.6347,-0.31344,-0.176885,0.031156,0.130641,0.195265,0.31344,-45.7872,-21.7394,2.9555,13.754,22.7562,45.7872
MAFR_raw,HYPERNETS,PACE,700,RHOW,23,23,12,12,0.545,0.8733,0.4495,0.6699,0.9983,-0.010124,0.002895,0.011632,NA,TRUE,FALSE,0.020675,0.011788,23.7097,-0.310786,-0.175622,0.04139,0.143642,0.194884,0.310786,-45.2275,-21.4934,3.9637,14.871,22.5067,45.2275
MAFR_raw,HYPERNETS,PACE,701,RHOW,23,23,12,12,0.5412,0.8671,0.4469,0.6683,0.9995,-0.009917,0.003013,0.011658,NA,TRUE,FALSE,0.020556,0.011707,23.6371,-0.301219,-0.166109,0.050172,0.151898,0.203978,0.301219,-43.1589,-20.191,4.8146,15.5159,23.4679,43.1589
MAFR_raw,HYPERNETS,PACE,702,RHOW,23,23,12,12,0.5476,0.8711,0.4519,0.6747,1.0072,-0.009883,0.002808,0.011308,NA,FALSE,FALSE,0.019959,0.011492,23.8046,-0.305751,-0.166868,0.056631,0.148643,0.208896,0.305751,-44.1236,-20.2958,5.4982,15.2031,23.9852,44.1236
MAFR_raw,HYPERNETS,PACE,703,RHOW,23,23,12,12,0.5456,0.8766,0.451,0.6764,1.0144,-0.009943,0.002743,0.011202,NA,FALSE,FALSE,0.019842,0.011359,23.9682,-0.304054,-0.167151,0.059232,0.149134,0.210533,0.304054,-43.8415,-20.2714,5.7721,15.31,23.9611,43.8415
MAFR_raw,HYPERNETS,PACE,704,RHOW,23,23,12,12,0.5436,0.8778,0.4502,0.6782,1.0217,-0.009958,0.002713,0.011124,NA,FALSE,FALSE,0.019703,0.011284,24.2678,-0.299565,-0.167223,0.067722,0.15219,0.215175,0.299565,-42.9437,-20.256,6.638,15.64,24.3501,42.9437
MAFR_raw,HYPERNETS,PACE,705,RHOW,23,23,12,12,0.5473,0.8752,0.4534,0.6835,1.0305,-0.009786,0.002773,0.011103,NA,FALSE,FALSE,0.019293,0.0111,24.5131,-0.289045,-0.15681,0.078593,0.160307,0.209501,0.289045,-40.8077,-18.8129,7.7113,16.3157,25.1096,40.8077
MAFR_raw,HYPERNETS,PACE,706,RHOW,23,23,12,12,0.5502,0.8743,0.4566,0.6909,1.0454,-0.009801,0.00278,0.011095,NA,FALSE,FALSE,0.018927,0.010998,24.9478,-0.285036,-0.146403,0.101967,0.171604,0.208635,0.285036,-40.0031,-17.3561,10.0642,17.3855,24.7223,40.0031
MAFR_raw,HYPERNETS,PACE,707,RHOW,23,23,12,12,0.5494,0.8767,0.4565,0.6926,1.0509,-0.009734,0.002715,0.01092,NA,FALSE,FALSE,0.018681,0.010809,25.2225,-0.277284,-0.150248,0.102498,0.172694,0.209247,0.290115,-38.5743,-17.8459,10.1242,17.5454,24.2984,38.5743
MAFR_raw,HYPERNETS,PACE,708,RHOW,23,23,12,12,0.5424,0.8797,0.4518,0.6889,1.0503,-0.009605,0.002711,0.010789,NA,FALSE,FALSE,0.018668,0.010799,25.6145,-0.283181,-0.153179,0.104392,0.162564,0.209159,0.301325,-39.7704,-18.221,10.3575,16.5955,24.4103,39.7704
MAFR_raw,HYPERNETS,PACE,709,RHOW,23,23,12,12,0.5437,0.8848,0.453,0.6909,1.0537,-0.009578,0.002525,0.010461,NA,FALSE,FALSE,0.018337,0.010613,25.8347,-0.284051,-0.164218,0.102049,0.152561,0.208317,0.3073,-40.0387,-19.7505,10.155,15.7385,24.8075,40.0387
MAFR_raw,HYPERNETS,PACE,710,RHOW,23,23,12,12,0.5503,0.8853,0.4585,0.6994,1.0668,-0.00935,0.002555,0.01036,NA,FALSE,FALSE,0.017734,0.010345,26.3893,-0.27902,-0.14745,0.132503,0.162479,0.219517,0.322501,-39.1177,-17.3681,13.206,17.3993,24.2298,39.1177
MAFR_raw,HYPERNETS,PACE,711,RHOW,23,23,12,12,0.5515,0.8842,0.4607,0.7061,1.0821,-0.009267,0.002594,0.010333,NA,FALSE,FALSE,0.01738,0.010167,26.913,-0.268187,-0.136995,0.15639,0.153383,0.223506,0.341348,-37.0379,-15.9096,15.5987,17.5519,24.4782,38.8976
MAFR_raw,HYPERNETS,PACE,712,RHOW,23,23,12,12,0.5506,0.8898,0.4603,0.7064,1.084,-0.009063,0.00247,0.009985,NA,FALSE,FALSE,0.016947,0.009896,26.9537,-0.270064,-0.143447,0.150488,0.155046,0.213811,0.34979,-37.4406,-16.7715,15.0262,17.8565,24.0938,39.9845
MAFR_raw,HYPERNETS,PACE,713,RHOW,23,23,12,12,0.5414,0.8923,0.4537,0.6987,1.076,-0.008803,0.002369,0.009623,NA,FALSE,FALSE,0.016754,0.009792,27.5395,-0.282596,-0.162815,0.150011,0.167458,0.219542,0.353201,-39.8863,-19.4553,14.9882,18.1053,24.3187,40.8034
MAFR_raw,HYPERNETS,PACE,714,RHOW,23,23,12,12,0.5217,0.8865,0.4384,0.6779,1.0484,-0.008341,0.002274,0.009138,NA,FALSE,FALSE,0.01676,0.009672,27.2409,-0.29668,-0.185775,0.126273,0.166502,0.21759,0.32622,-42.4674,-22.8232,12.6262,19.4546,25.2428,42.4674
MAFR_raw,HYPERNETS,PACE,715,RHOW,23,23,12,12,0.5032,0.8871,0.4236,0.6568,1.0184,-0.007887,0.002153,0.008629,NA,FALSE,FALSE,0.016745,0.009551,27.1521,-0.32084,-0.211952,0.099117,0.169742,0.221881,0.32084,-47.4871,-26.8961,9.911,16.9148,27.2075,47.4871
MAFR_raw,HYPERNETS,PACE,716,RHOW,23,23,12,12,0.4832,0.8894,0.4079,0.6349,0.9883,-0.007489,0.002013,0.008117,NA,TRUE,FALSE,0.016775,0.009447,26.9748,-0.347552,-0.241067,0.059041,0.136356,0.241067,0.347552,-53.4858,-31.7647,5.9007,13.577,31.7647,53.4858
MAFR_raw,HYPERNETS,PACE,717,RHOW,23,23,12,12,0.4651,0.8947,0.3933,0.6136,0.9574,-0.007113,0.001825,0.007554,NA,TRUE,FALSE,0.016738,0.009284,27.0713,-0.371187,-0.273158,0.023083,0.102008,0.273158,0.371187,-59.3301,-37.5838,2.3056,10.1332,37.5838,59.3301
MAFR_raw,HYPERNETS,PACE,718,RHOW,23,23,12,12,0.4406,0.9203,0.3736,0.585,0.9159,-0.006664,0.001614,0.006902,NA,TRUE,FALSE,0.016836,0.009339,28.9723,-0.422627,-0.306524,-0.013743,0.072924,0.306524,0.422627,-74.6027,-44.2058,-1.3976,7.4128,44.2058,74.6027
THFR_pixel,HYPERNETS,PACE,479,RHOW,23,12,1,1,NA,NA,NA,NA,NA,NA,NA,NA,NA,NA,NA,NA,NA,NA,NA,NA,NA,NA,NA,NA,NA,NA,NA,NA,NA,NA
THFR_pixel,HYPERNETS,PACE,480,RHOW,23,12,1,1,NA,NA,NA,NA,NA,NA,NA,NA,NA,NA,NA,NA,NA,NA,NA,NA,NA,NA,NA,NA,NA,NA,NA,NA,NA,NA
THFR_pixel,HYPERNETS,PACE,481,RHOW,23,12,1,1,NA,NA,NA,NA,NA,NA,NA,NA,NA,NA,NA,NA,NA,NA,NA,NA,NA,NA,NA,NA,NA,NA,NA,NA,NA,NA
THFR_pixel,HYPERNETS,PACE,482,RHOW,23,12,1,1,NA,NA,NA,NA,NA,NA,NA,NA,NA,NA,NA,NA,NA,NA,NA,NA,NA,NA,NA,NA,NA,NA,NA,NA,NA,NA
THFR_pixel,HYPERNETS,PACE,483,RHOW,23,12,1,1,NA,NA,NA,NA,NA,NA,NA,NA,NA,NA,NA,NA,NA,NA,NA,NA,NA,NA,NA,NA,NA,NA,NA,NA,NA,NA
THFR_pixel,HYPERNETS,PACE,484,RHOW,23,12,1,1,NA,NA,NA,NA,NA,NA,NA,NA,NA,NA,NA,NA,NA,NA,NA,NA,NA,NA,NA,NA,NA,NA,NA,NA,NA,NA
THFR_pixel,HYPERNETS,PACE,485,RHOW,23,12,1,1,NA,NA,NA,NA,NA,NA,NA,NA,NA,NA,NA,NA,NA,NA,NA,NA,NA,NA,NA,NA,NA,NA,NA,NA,NA,NA
THFR_pixel,HYPERNETS,PACE,486,RHOW,23,12,1,1,NA,NA,NA,NA,NA,NA,NA,NA,NA,NA,NA,NA,NA,NA,NA,NA,NA,NA,NA,NA,NA,NA,NA,NA,NA,NA
THFR_pixel,HYPERNETS,PACE,487,RHOW,23,12,2,2,0.6985,1.8503,NA,NA,NA,NA,NA,NA,NA,NA,NA,0.005271,0.005251,62.3002,-0.65163,-0.623002,-0.594373,0.594373,0.623002,0.65163,-189.7103,-168.3662,-148.5946,148.5946,168.3662,189.7103
THFR_pixel,HYPERNETS,PACE,488,RHOW,23,12,2,2,0.7103,1.864,NA,NA,NA,NA,NA,NA,NA,NA,NA,0.005252,0.005234,61.9411,-0.648583,-0.619411,-0.590238,0.590238,0.619411,0.648583,-187.2503,-165.8932,-146.1241,146.1241,165.8932,187.2503
THFR_pixel,HYPERNETS,PACE,489,RHOW,23,12,2,2,0.725,1.8867,NA,NA,NA,NA,NA,NA,NA,NA,NA,0.005239,0.005222,61.6111,-0.645965,-0.616111,-0.586257,0.586257,0.616111,0.645965,-185.2082,-163.7011,-143.8158,143.8158,163.7011,185.2082
THFR_pixel,HYPERNETS,PACE,490,RHOW,23,12,2,2,0.7279,1.8834,NA,NA,NA,NA,NA,NA,NA,NA,NA,0.005252,0.005236,61.3925,-0.643915,-0.613925,-0.583935,0.583935,0.613925,0.643915,-183.5596,-162.2005,-142.4503,142.4503,162.2005,183.5596
THFR_pixel,HYPERNETS,PACE,491,RHOW,23,12,2,2,0.7543,1.9655,NA,NA,NA,NA,NA,NA,NA,NA,NA,0.005319,0.005306,61.6379,-0.648509,-0.616379,-0.584248,0.584248,0.616379,0.648509,-187.7389,-164.4098,-142.9721,142.9721,164.4098,187.7389
THFR_pixel,HYPERNETS,PACE,492,RHOW,23,12,2,2,0.7683,2.012,NA,NA,NA,NA,NA,NA,NA,NA,NA,0.005373,0.005361,61.8114,-0.651807,-0.618114,-0.584421,0.584421,0.618114,0.651807,-190.8424,-166.033,-143.3399,143.3399,166.033,190.8424
THFR_pixel,HYPERNETS,PACE,493,RHOW,23,12,2,2,0.7472,1.9458,NA,NA,NA,NA,NA,NA,NA,NA,NA,0.005407,0.005392,61.6187,-0.648462,-0.616187,-0.583912,0.583912,0.616187,0.648462,-187.7273,-164.3084,-142.7957,142.7957,164.3084,187.7273
THFR_pixel,HYPERNETS,PACE,494,RHOW,23,12,2,2,0.7492,1.9309,NA,NA,NA,NA,NA,NA,NA,NA,NA,0.00539,0.005376,61.225,-0.644133,-0.61225,-0.580367,0.580367,0.61225,0.644133,-184.0793,-161.4581,-140.6382,140.6382,161.4581,184.0793
THFR_pixel,HYPERNETS,PACE,495,RHOW,23,12,2,2,0.7625,1.9511,NA,NA,NA,NA,NA,NA,NA,NA,NA,0.005395,0.005382,60.9371,-0.641385,-0.609371,-0.577357,0.577357,0.609371,0.641385,-181.8809,-159.507,-138.909,138.909,159.507,181.8809
THFR_pixel,HYPERNETS,PACE,496,RHOW,23,12,2,2,0.7403,1.8666,NA,NA,NA,NA,NA,NA,NA,NA,NA,0.005381,0.005365,60.3862,-0.634208,-0.603862,-0.573516,0.573516,0.603862,0.634208,-175.9588,-155.4532,-136.4713,136.4713,155.4532,175.9588
THFR_pixel,HYPERNETS,PACE,497,RHOW,23,12,2,2,0.7451,1.8492,NA,NA,NA,NA,NA,NA,NA,NA,NA,0.005343,0.005327,59.7578,-0.627496,-0.597578,-0.567659,0.567659,0.597578,0.627496,-170.8329,-151.2885,-133.1545,133.1545,151.2885,170.8329
THFR_pixel,HYPERNETS,PACE,498,RHOW,23,12,2,2,0.7327,1.8172,NA,NA,NA,NA,NA,NA,NA,NA,NA,0.005414,0.005397,59.7417,-0.626624,-0.597417,-0.56821,0.56821,0.597417,0.626624,-170.0822,-151.0526,-133.3638,133.3638,151.0526,170.0822
THFR_pixel,HYPERNETS,PACE,499,RHOW,23,12,2,2,0.7439,1.8255,NA,NA,NA,NA,NA,NA,NA,NA,NA,0.005387,0.005371,59.313,-0.622699,-0.59313,-0.563562,0.563562,0.59313,0.622699,-167.2809,-148.4169,-130.8843,130.8843,148.4169,167.2809
THFR_pixel,HYPERNETS,PACE,500,RHOW,23,12,2,2,0.7551,1.8341,NA,NA,NA,NA,NA,NA,NA,NA,NA,0.005359,0.005345,58.8866,-0.618801,-0.588866,-0.558931,0.558931,0.588866,0.618801,-164.5565,-145.8503,-128.4669,128.4669,145.8503,164.5565
THFR_pixel,HYPERNETS,PACE,501,RHOW,23,12,2,2,0.703,1.6686,NA,NA,NA,NA,NA,NA,NA,NA,NA,0.005378,0.005354,57.9746,-0.605695,-0.579746,-0.553798,0.553798,0.579746,0.605695,-155.1399,-139.7868,-125.3577,125.3577,139.7868,155.1399
THFR_pixel,HYPERNETS,PACE,502,RHOW,23,12,2,2,0.7004,1.6094,NA,NA,NA,NA,NA,NA,NA,NA,NA,0.005275,0.00525,56.5938,-0.590319,-0.565938,-0.541556,0.541556,0.565938,0.590319,-145.3032,-131.8492,-119.1331,119.1331,131.8492,145.3032
THFR_pixel,HYPERNETS,PACE,503,RHOW,23,12,2,2,0.7104,1.5944,NA,NA,NA,NA,NA,NA,NA,NA,NA,0.00519,0.005166,55.5619,-0.57958,-0.555619,-0.531658,0.531658,0.555619,0.57958,-138.9423,-126.3521,-114.4253,114.4253,126.3521,138.9423
THFR_pixel,HYPERNETS,PACE,504,RHOW,23,12,2,2,0.7085,1.5529,NA,NA,NA,NA,NA,NA,NA,NA,NA,0.005102,0.005078,54.4995,-0.567859,-0.544995,-0.522131,0.522131,0.544995,0.567859,-132.3192,-120.896,-110.0345,110.0345,120.896,132.3192
THFR_pixel,HYPERNETS,PACE,505,RHOW,23,12,2,2,0.7067,1.5136,NA,NA,NA,NA,NA,NA,NA,NA,NA,0.005015,0.00499,53.4403,-0.556171,-0.534403,-0.512635,0.512635,0.534403,0.556171,-126.0794,-115.7232,-105.8414,105.8414,115.7232,126.0794
THFR_pixel,HYPERNETS,PACE,506,RHOW,23,12,2,2,0.7283,1.5559,NA,NA,NA,NA,NA,NA,NA,NA,NA,0.005024,0.005003,53.3167,-0.556475,-0.533167,-0.509859,0.509859,0.533167,0.556475,-126.3448,-115.2853,-104.7662,104.7662,115.2853,126.3448
THFR_pixel,HYPERNETS,PACE,507,RHOW,23,12,2,2,0.7435,1.5773,NA,NA,NA,NA,NA,NA,NA,NA,NA,0.004995,0.004976,52.9864,-0.554245,-0.529864,-0.505482,0.505482,0.529864,0.554245,-125.2833,-113.8577,-103.0116,103.0116,113.8577,125.2833
THFR_pixel,HYPERNETS,PACE,508,RHOW,23,12,2,2,0.7558,1.6079,NA,NA,NA,NA,NA,NA,NA,NA,NA,0.004996,0.004979,53.1096,-0.556525,-0.531096,-0.505666,0.505666,0.531096,0.556525,-126.5329,-114.5287,-103.1606,103.1606,114.5287,126.5329
THFR_pixel,HYPERNETS,PACE,509,RHOW,23,12,2,2,0.7681,1.6382,NA,NA,NA,NA,NA,NA,NA,NA,NA,0.004997,0.004982,53.229,-0.558751,-0.53229,-0.505829,0.505829,0.53229,0.558751,-127.7707,-115.1896,-103.3035,103.3035,115.1896,127.7707
THFR_pixel,HYPERNETS,PACE,510,RHOW,23,12,2,2,0.7771,1.6625,NA,NA,NA,NA,NA,NA,NA,NA,NA,0.005002,0.004988,53.3657,-0.560977,-0.533657,-0.506338,0.506338,0.533657,0.560977,-129.0109,-115.9218,-103.5809,103.5809,115.9218,129.0109
THFR_pixel,HYPERNETS,PACE,511,RHOW,23,12,2,2,0.7831,1.705,NA,NA,NA,NA,NA,NA,NA,NA,NA,0.005076,0.005063,54.1693,-0.570281,-0.541693,-0.513106,0.513106,0.541693,0.570281,-134.1432,-119.9125,-106.5468,106.5468,119.9125,134.1432
THFR_pixel,HYPERNETS,PACE,512,RHOW,23,12,2,2,0.7891,1.7491,NA,NA,NA,NA,NA,NA,NA,NA,NA,0.00515,0.005138,54.9722,-0.579578,-0.549722,-0.519866,0.519866,0.549722,0.579578,-139.5181,-124.0639,-109.6067,109.6067,124.0639,139.5181
THFR_pixel,HYPERNETS,PACE,513,RHOW,23,12,2,2,0.8003,1.7675,NA,NA,NA,NA,NA,NA,NA,NA,NA,0.005136,0.005125,54.8056,-0.578928,-0.548056,-0.517184,0.517184,0.548056,0.578928,-139.2544,-123.3606,-108.5227,108.5227,123.3606,139.2544
THFR_pixel,HYPERNETS,PACE,514,RHOW,23,12,2,2,0.8114,1.7855,NA,NA,NA,NA,NA,NA,NA,NA,NA,0.005121,0.005111,54.6397,-0.578282,-0.546397,-0.514512,0.514512,0.546397,0.578282,-138.9956,-122.6685,-107.4569,107.4569,122.6685,138.9956
THFR_pixel,HYPERNETS,PACE,515,RHOW,23,12,2,2,0.832,1.8338,NA,NA,NA,NA,NA,NA,NA,NA,NA,0.005151,0.005143,54.6955,-0.58036,-0.546955,-0.51355,0.51355,0.546955,0.58036,-140.3759,-123.1687,-107.1933,107.1933,123.1687,140.3759
THFR_pixel,HYPERNETS,PACE,516,RHOW,23,12,2,2,0.8426,1.7951,NA,NA,NA,NA,NA,NA,NA,NA,NA,0.005034,0.005027,53.1372,-0.563984,-0.531372,-0.498759,0.498759,0.531372,0.563984,-131.1215,-115.4861,-100.9085,100.9085,115.4861,131.1215
THFR_pixel,HYPERNETS,PACE,517,RHOW,23,12,2,2,0.8381,1.7424,NA,NA,NA,NA,NA,NA,NA,NA,NA,0.004999,0.004991,51.9902,-0.551091,-0.519902,-0.488713,0.488713,0.519902,0.551091,-124.2546,-110.0715,-96.7855,96.7855,110.0715,124.2546
THFR_pixel,HYPERNETS,PACE,518,RHOW,23,12,2,2,0.8372,1.7164,NA,NA,NA,NA,NA,NA,NA,NA,NA,0.004945,0.004937,51.3229,-0.543784,-0.513229,-0.482674,0.482674,0.513229,0.543784,-120.5617,-107.0736,-94.4103,94.4103,107.0736,120.5617
THFR_pixel,HYPERNETS,PACE,519,RHOW,23,12,2,2,0.8363,1.6913,NA,NA,NA,NA,NA,NA,NA,NA,NA,0.00489,0.004882,50.6579,-0.5365,-0.506579,-0.476657,0.476657,0.506579,0.5365,-117.0033,-104.1737,-92.1026,92.1026,104.1737,117.0033
THFR_pixel,HYPERNETS,PACE,520,RHOW,23,12,2,2,0.8369,1.6696,NA,NA,NA,NA,NA,NA,NA,NA,NA,0.004834,0.004826,49.9886,-0.52925,-0.499886,-0.470521,0.470521,0.499886,0.52925,-113.5818,-101.3475,-89.814,89.814,101.3475,113.5818
THFR_pixel,HYPERNETS,PACE,521,RHOW,23,12,3,3,0.681,1.2639,0.1227,0.6976,3.965,-0.031048,-0.001633,0.003543,NA,FALSE,FALSE,0.004408,0.004355,49.0232,-0.516083,-0.48285,-0.460691,0.460691,0.48285,0.516083,-107.1361,-93.3675,-85.579,85.579,93.3675,107.1361
THFR_pixel,HYPERNETS,PACE,522,RHOW,23,12,3,3,0.684,1.2632,0.1257,0.7,3.8984,-0.030771,-0.001642,0.003588,NA,FALSE,FALSE,0.004427,0.004374,48.6679,-0.512107,-0.479764,-0.457794,0.457794,0.479764,0.512107,-105.4147,-92.2204,-84.5832,84.5832,92.2204,105.4147
THFR_pixel,HYPERNETS,PACE,523,RHOW,23,12,3,3,0.6891,1.251,0.1256,0.7054,3.9602,-0.031291,-0.001612,0.003674,NA,FALSE,FALSE,0.00435,0.004299,47.7564,-0.502467,-0.469497,-0.448627,0.448627,0.469497,0.502467,-101.4345,-88.5002,-81.4956,81.4956,88.5002,101.4345
THFR_pixel,HYPERNETS,PACE,524,RHOW,23,12,3,3,0.6928,1.236,0.1245,0.7098,4.0455,-0.032014,-0.001571,0.00377,NA,FALSE,FALSE,0.004272,0.00422,46.8248,-0.492525,-0.458576,-0.439135,0.439135,0.458576,0.492525,-97.4964,-84.6981,-78.4032,78.4032,84.6981,97.4964
THFR_pixel,HYPERNETS,PACE,525,RHOW,23,12,3,3,0.6836,1.2009,0.1123,0.7043,4.4152,-0.035628,-0.001486,0.00396,NA,FALSE,FALSE,0.004266,0.004207,46.2521,-0.485704,-0.447658,-0.431906,0.431906,0.447658,0.485704,-94.9748,-81.0471,-76.0949,76.0949,81.0471,94.9748
THFR_pixel,HYPERNETS,PACE,526,RHOW,23,12,3,3,0.6517,1.1451,0.1105,0.67,4.0627,-0.032892,-0.001164,0.004068,NA,FALSE,FALSE,0.004321,0.004251,45.8538,-0.476817,-0.437712,-0.429846,0.429846,0.437712,0.476817,-91.6739,-77.8449,-75.4078,75.4078,77.8449,91.6739
THFR_pixel,HYPERNETS,PACE,527,RHOW,23,12,3,3,0.6576,1.1417,0.1124,0.6758,4.0634,-0.032997,-0.001145,0.004152,NA,FALSE,FALSE,0.004261,0.004193,44.9761,-0.46713,-0.428062,-0.42154199999999997,0.42154199999999997,0.428062,0.46713,-88.1695,-74.8443,-72.8844,72.8844,74.8443,88.1695
THFR_pixel,HYPERNETS,PACE,528,RHOW,23,12,3,3,0.6628,1.1382,0.1074,0.6835,4.3511,-0.035715,-0.001172,0.004254,NA,FALSE,FALSE,0.004221,0.004153,44.4665,-0.462234,-0.420156,-0.414841,0.414841,0.420156,0.462234,-86.5265,-72.4601,-70.9009,70.9009,72.4601,86.5265
THFR_pixel,HYPERNETS,PACE,529,RHOW,23,12,3,3,0.4295,0.7914,0.0614,0.4477,3.2663,-0.025811,7.58e-4,0.0044,NA,FALSE,FALSE,0.004598,0.004448,46.7247,-0.494724,-0.488361,-0.450327,0.450327,0.488361,0.494724,-97.9275,-95.4504,-82.3634,82.3634,95.4504,97.9275
THFR_pixel,HYPERNETS,PACE,530,RHOW,23,12,3,3,0.4313,0.79,0.0603,0.4505,3.3661,-0.026821,7.72e-4,0.004465,NA,FALSE,FALSE,0.00458,0.004429,46.3243,-0.491503,-0.48514,-0.445932,0.445932,0.48514,0.491503,-96.6733,-94.2276,-80.9368,80.9368,94.2276,96.6733
THFR_pixel,HYPERNETS,PACE,531,RHOW,23,12,3,3,0.4411,0.7978,0.059,0.463,3.6358,-0.029395,7.1e-4,0.004544,NA,FALSE,FALSE,0.004539,0.004385,45.7498,-0.487157,-0.478162,-0.438171,0.438171,0.478162,0.487157,-95.0215,-91.6305,-78.4429,78.4429,91.6305,95.0215
THFR_pixel,HYPERNETS,PACE,532,RHOW,23,12,3,3,0.451,0.8091,0.0576,0.4761,3.9341,-0.03244,6.19e-4,0.00462,NA,FALSE,FALSE,0.004542,0.004389,45.4647,-0.48537400000000003,-0.47302,-0.433107,0.433107,0.47302,0.48537400000000003,-94.3718,-89.7603,-76.8389,76.8389,89.7603,94.3718
THFR_pixel,HYPERNETS,PACE,533,RHOW,23,12,3,3,0.4489,0.8029,0.0578,0.4735,3.8806,-0.032005,6.77e-4,0.004665,NA,FALSE,FALSE,0.004527,0.004374,45.134,-0.482133,-0.471407,-0.430581,0.430581,0.471407,0.482133,-93.1412,-89.1813,-76.0707,76.0707,89.1813,93.1412
THFR_pixel,HYPERNETS,PACE,534,RHOW,23,12,3,3,0.4432,0.7876,0.0564,0.4681,3.8824,-0.032047,7.68e-4,0.004724,NA,FALSE,FALSE,0.004504,0.004345,44.7014,-0.478903,-0.469802,-0.42652,0.42652,0.469802,0.478903,-91.932,-88.609,-74.8727,74.8727,88.609,91.932
THFR_pixel,HYPERNETS,PACE,535,RHOW,23,12,3,3,0.4363,0.7702,0.0542,0.4623,3.9394,-0.032675,8.56e-4,0.004791,NA,FALSE,FALSE,0.004495,0.00433,44.3445,-0.476798,-0.468789,-0.422764,0.422764,0.468789,0.476798,-91.1532,-88.249,-73.7926,73.7926,88.249,91.1532
THFR_pixel,HYPERNETS,PACE,536,RHOW,23,12,3,3,0.4384,0.7701,0.056,0.4628,3.8276,-0.031629,8.87e-4,0.004819,NA,FALSE,FALSE,0.004472,0.004304,43.9775,-0.472873,-0.465986,-0.419782,0.419782,0.465986,0.472873,-89.7238,-87.2609,-72.8981,72.8981,87.2609,89.7238
THFR_pixel,HYPERNETS,PACE,537,RHOW,23,12,3,3,0.4452,0.7787,0.0588,0.468,3.7231,-0.030641,8.74e-4,0.004835,NA,FALSE,FALSE,0.004441,0.004277,43.6321,-0.468327,-0.461938,-0.417123,0.417123,0.461938,0.468327,-88.0991,-85.8522,-72.0722,72.0722,85.8522,88.0991
THFR_pixel,HYPERNETS,PACE,538,RHOW,23,12,3,3,0.4467,0.7713,0.0562,0.4726,3.9741,-0.033095,8.86e-4,0.004927,NA,FALSE,FALSE,0.004399,0.004232,43.0473,-0.464254,-0.456505,-0.409708,0.409708,0.456505,0.464254,-86.675,-83.9943,-69.9426,69.9426,83.9943,86.675
THFR_pixel,HYPERNETS,PACE,539,RHOW,23,12,3,3,0.4438,0.7588,0.0544,0.4713,4.0869,-0.034244,9.52e-4,0.005011,NA,FALSE,FALSE,0.004368,0.004194,42.4765,-0.460381,-0.453126,-0.403329,0.403329,0.453126,0.460381,-85.3326,-82.8575,-68.1834,68.1834,82.8575,85.3326
THFR_pixel,HYPERNETS,PACE,540,RHOW,23,12,3,3,0.4428,0.7525,0.053900000000000003,0.4707,4.1111,-0.03457,0.001008,0.005081,NA,FALSE,FALSE,0.004345,0.004165,41.9789,-0.456342,-0.450209,-0.398446,0.398446,0.450209,0.456342,-83.9508,-81.8873,-66.8551,66.8551,81.8873,83.9508
THFR_pixel,HYPERNETS,PACE,541,RHOW,23,12,3,3,0.4415,0.7449,0.0504,0.4744,4.4604,-0.037978,0.001008,0.005154,NA,FALSE,FALSE,0.004317,0.004133,41.5942,-0.454948,-0.44725,-0.39259,0.39259,0.44725,0.454948,-83.4872,-80.9136,-65.3041,65.3041,80.9136,83.4872
THFR_pixel,HYPERNETS,PACE,542,RHOW,23,12,3,3,0.4403,0.7377,0.0476,0.4785,4.8106,-0.0414,0.001003,0.005221,NA,FALSE,FALSE,0.00429,0.004101,41.2106,-0.453557,-0.444295,-0.38675,0.38675,0.444295,0.453557,-83.0281,-79.9516,-63.7882,63.7882,79.9516,83.0281
THFR_pixel,HYPERNETS,PACE,543,RHOW,23,12,3,3,0.4429,0.7413,0.0496,0.4777,4.5987,-0.039358,0.001028,0.005224,NA,FALSE,FALSE,0.004279,0.00409,41.044,-0.450896,-0.443027,-0.386278,0.386278,0.443027,0.450896,-82.1336,-79.542,-63.6412,63.6412,79.542,82.1336
THFR_pixel,HYPERNETS,PACE,544,RHOW,23,12,3,3,0.4474,0.7468,0.0519,0.4793,4.4229,-0.037629,0.001034,0.005224,NA,FALSE,FALSE,0.004259,0.004071,40.8395,-0.447749,-0.440793,-0.385239,0.385239,0.440793,0.447749,-81.0914,-78.8246,-63.3332,63.3332,78.8246,81.0914
THFR_pixel,HYPERNETS,PACE,545,RHOW,23,12,3,3,0.4527,0.7535,0.0545,0.4821,4.2656,-0.036066,0.00103,0.005222,NA,FALSE,FALSE,0.004233,0.004048,40.6206,-0.444386,-0.438074,-0.383959,0.383959,0.438074,0.444386,-79.9928,-77.9595,-62.9569,62.9569,77.9595,79.9928
THFR_pixel,HYPERNETS,PACE,546,RHOW,23,12,3,3,0.4592,0.7589,0.058,0.4855,4.0644,-0.034025,0.001041,0.00523,NA,FALSE,FALSE,0.004182,0.004,40.164,-0.438506,-0.433293,-0.3806,0.3806,0.433293,0.438506,-78.104,-76.458,-62.034,62.034,76.458,78.104
THFR_pixel,HYPERNETS,PACE,547,RHOW,23,12,3,3,0.4653,0.7634,0.0619,0.4887,3.859,-0.031934,0.001057,0.005234,NA,FALSE,FALSE,0.004128,0.003949,39.6845,-0.432479,-0.428508,-0.377042,0.377042,0.428508,0.432479,-76.2094,-74.9805,-61.0752,61.0752,74.9805,76.2094
THFR_pixel,HYPERNETS,PACE,548,RHOW,23,12,3,3,0.4644,0.7598,0.0592,0.4904,4.0605,-0.033867,0.00105,0.005267,NA,FALSE,FALSE,0.004116,0.003934,39.5594,-0.432664,-0.427567,-0.37451,0.37451,0.427567,0.432664,-76.2696,-74.6929,-60.453,60.453,74.6929,76.2696
THFR_pixel,HYPERNETS,PACE,549,RHOW,23,12,3,3,0.4618,0.7525,0.0566,0.4903,4.2476,-0.035607,0.001066,0.005299,NA,FALSE,FALSE,0.004096,0.003909,39.3455,-0.432359,-0.426625,-0.371135,0.371135,0.426625,0.432359,-76.1768,-74.4059,-59.6393,59.6393,74.4059,76.1768
THFR_pixel,HYPERNETS,PACE,550,RHOW,23,12,3,3,0.4611,0.7505,0.0554,0.4911,4.3522,-0.036546,0.001073,0.005318,NA,FALSE,FALSE,0.004076,0.003885,39.1633,-0.431518,-0.425771,-0.368817,0.368817,0.425771,0.431518,-75.916,-74.1465,-59.0815,59.0815,74.1465,75.916
THFR_pixel,HYPERNETS,PACE,551,RHOW,23,12,3,3,0.4658,0.7585,0.056,0.4962,4.3959,-0.03697,0.001019,0.005307,NA,FALSE,FALSE,0.004077,0.003889,39.2303,-0.431901,-0.424905,-0.369006,0.369006,0.424905,0.431901,-76.0391,-73.8843,-59.1057,59.1057,73.8843,76.0391
THFR_pixel,HYPERNETS,PACE,552,RHOW,23,12,3,3,0.4704,0.7661,0.0566,0.501,4.4381,-0.037382,9.68e-4,0.005297,NA,FALSE,FALSE,0.004078,0.003893,39.2981,-0.432323,-0.424114,-0.369206,0.369206,0.424114,0.432323,-76.1748,-73.6456,-59.1345,59.1345,73.6456,76.1748
THFR_pixel,HYPERNETS,PACE,553,RHOW,23,12,3,3,0.4753,0.7754,0.0575,0.5057,4.452,-0.037545,9.14e-4,0.005283,NA,FALSE,FALSE,0.004085,0.003903,39.4094,-0.432898,-0.423676,-0.370081,0.370081,0.423676,0.432898,-76.3585,-73.5135,-59.3283,59.3283,73.5135,76.3585
THFR_pixel,HYPERNETS,PACE,554,RHOW,23,12,3,3,0.4837,0.7875,0.0584,0.5148,4.5397,-0.038414,8.37e-4,0.005288,NA,FALSE,FALSE,0.004073,0.003895,39.3351,-0.43189,-0.420788,-0.36853,0.36853,0.420788,0.43189,-76.0559,-72.6484,-58.9058,58.9058,72.6484,76.0559
THFR_pixel,HYPERNETS,PACE,555,RHOW,23,12,3,3,0.4924,0.8013,0.0597,0.5238,4.5993,-0.039038,7.56e-4,0.005289,NA,FALSE,FALSE,0.004066,0.003893,39.3057,-0.431061,-0.418258,-0.367654,0.367654,0.418258,0.431061,-75.8102,-71.8976,-58.6502,58.6502,71.8976,75.8102
THFR_pixel,HYPERNETS,PACE,556,RHOW,23,12,3,3,0.4798,0.7845,0.0575,0.5113,4.5488,-0.038838,8.64e-4,0.005327,NA,FALSE,FALSE,0.004131,0.003941,39.4365,-0.434265,-0.423584,-0.369074,0.369074,0.423584,0.434265,-76.7929,-73.4857,-59.092,59.092,73.4857,76.7929
THFR_pixel,HYPERNETS,PACE,557,RHOW,23,12,3,3,0.4835,0.7883,0.0567,0.5172,4.7202,-0.040558,8.21e-4,0.005355,NA,FALSE,FALSE,0.00412,0.003932,39.3105,-0.433613,-0.421286,-0.366687,0.366687,0.421286,0.433613,-76.5996,-72.797,-58.4898,58.4898,72.797,76.5996
THFR_pixel,HYPERNETS,PACE,558,RHOW,23,12,3,3,0.4871,0.7914,0.0558,0.5232,4.9094,-0.042455,7.77e-4,0.005384,NA,FALSE,FALSE,0.004109,0.003922,39.1798,-0.433036,-0.418921,-0.364121,0.364121,0.418921,0.433036,-76.4328,-72.0937,-57.85,57.85,72.0937,76.4328
THFR_pixel,HYPERNETS,PACE,559,RHOW,23,12,3,3,0.4889,0.7911,0.056,0.5251,4.9266,-0.042628,7.86e-4,0.005414,NA,FALSE,FALSE,0.004084,0.003898,38.9012,-0.430323,-0.416404,-0.361397,0.361397,0.416404,0.430323,-75.5906,-71.3513,-57.1759,57.1759,71.3513,75.5906
THFR_pixel,HYPERNETS,PACE,560,RHOW,23,12,3,3,0.4893,0.7879,0.0559,0.5257,4.9392,-0.042718,8.13e-4,0.005446,NA,FALSE,FALSE,0.004054,0.003866,38.5631,-0.427333,-0.413887,-0.358057,0.358057,0.413887,0.427333,-74.6696,-70.6154,-56.3696,56.3696,70.6154,74.6696
THFR_pixel,HYPERNETS,PACE,561,RHOW,23,12,3,3,0.4876,0.7852,0.0569,0.522,4.7887,-0.041207,8.52e-4,0.005437,NA,FALSE,FALSE,0.004048,0.00386,38.5179,-0.426176,-0.414193,-0.358689,0.358689,0.414193,0.426176,-74.3076,-70.7047,-56.5179,56.5179,70.7047,74.3076
THFR_pixel,HYPERNETS,PACE,562,RHOW,23,12,3,3,0.4857,0.7826,0.0582,0.5175,4.6011,-0.039333,8.99e-4,0.005424,NA,FALSE,FALSE,0.004042,0.003854,38.4734,-0.424881,-0.414789,-0.359615,0.359615,0.414789,0.424881,-73.9038,-70.8786,-56.739,56.739,70.8786,73.9038
THFR_pixel,HYPERNETS,PACE,563,RHOW,23,12,3,3,0.4837,0.7805,0.0602,0.5125,4.3659,-0.03697,9.54e-4,0.005406,NA,FALSE,FALSE,0.004032,0.003844,38.3952,-0.423018,-0.415385,-0.360603,0.360603,0.415385,0.423018,-73.3307,-71.0527,-56.9745,56.9745,71.0527,73.3307
THFR_pixel,HYPERNETS,PACE,564,RHOW,23,12,3,3,0.4844,0.786,0.0626,0.5106,4.1671,-0.035024,9.42e-4,0.005349,NA,FALSE,FALSE,0.004056,0.003872,38.7274,-0.42465,-0.417794,-0.365158,0.365158,0.417794,0.42465,-73.8195,-71.7604,-58.0637,58.0637,71.7604,73.8195
THFR_pixel,HYPERNETS,PACE,565,RHOW,23,12,3,3,0.4852,0.7918,0.0653,0.5089,3.9661,-0.033059,9.27e-4,0.005288,NA,FALSE,FALSE,0.004081,0.0039,39.0629,-0.426284,-0.420207,-0.369763,0.369763,0.420207,0.426284,-74.3121,-72.4754,-59.1812,59.1812,72.4754,74.3121
THFR_pixel,HYPERNETS,PACE,566,RHOW,23,12,3,3,0.492,0.8052,0.0657,0.5165,4.0579,-0.033890000000000003,8.4e-4,0.00526,NA,FALSE,FALSE,0.004078,0.003902,39.2216,-0.427556,-0.419612,-0.370575,0.370575,0.419612,0.427556,-74.7063,-72.2986,-59.3596,59.3596,72.2986,74.7063
THFR_pixel,HYPERNETS,PACE,567,RHOW,23,12,3,3,0.4931,0.8047,0.0626,0.5209,4.3333,-0.036475,7.87e-4,0.005266,NA,FALSE,FALSE,0.004074,0.003896,39.2763,-0.429985,-0.419142,-0.368731,0.368731,0.419142,0.429985,-75.4658,-72.1593,-58.9186,58.9186,72.1593,75.4658
THFR_pixel,HYPERNETS,PACE,568,RHOW,23,12,3,3,0.4981,0.8145,0.0617,0.528,4.516,-0.038234,6.98e-4,0.00525,NA,FALSE,FALSE,0.004085,0.00391,39.502,-0.432632,-0.419099,-0.369448,0.369448,0.419099,0.432632,-76.3025,-72.1463,-59.0851,59.0851,72.1463,76.3025
THFR_pixel,HYPERNETS,PACE,569,RHOW,23,12,3,3,0.4924,0.8036,0.0566,0.5284,4.9305,-0.042164,6.96e-4,0.005289,NA,FALSE,FALSE,0.004077,0.003895,39.4265,-0.435068,-0.419578,-0.366118,0.366118,0.419578,0.435068,-77.0792,-72.2883,-58.3221,58.3221,72.2883,77.0792
THFR_pixel,HYPERNETS,PACE,570,RHOW,23,12,3,3,0.4946,0.8038,0.0537,0.5371,5.3761,-0.046169,6.34e-4,0.00531,NA,FALSE,FALSE,0.004024,0.003843,39.1576,-0.434624,-0.416363,-0.360921,0.360921,0.416363,0.434624,-76.9659,-71.3394,-57.0673,57.0673,71.3394,76.9659
THFR_pixel,HYPERNETS,PACE,571,RHOW,23,12,3,3,0.4912,0.7995,0.0548,0.5303,5.1355,-0.043422,6.94e-4,0.005249,NA,FALSE,FALSE,0.003988,0.003806,39.1316,-0.433687,-0.417823,-0.362198,0.362198,0.417823,0.433687,-76.6502,-71.769,-57.3883,57.3883,71.769,76.6502
THFR_pixel,HYPERNETS,PACE,572,RHOW,23,12,3,3,0.4812,0.7849,0.0536,0.5196,5.0375,-0.042324,7.62e-4,0.005207,NA,FALSE,FALSE,0.004008,0.003819,39.3896,-0.436998,-0.422359,-0.365026,0.365026,0.422359,0.436998,-77.6792,-73.118,-58.1328,58.1328,73.118,77.6792
THFR_pixel,HYPERNETS,PACE,573,RHOW,23,12,3,3,0.488,0.7917,0.0555,0.5248,4.9586,-0.040899,7.35e-4,0.005141,NA,FALSE,FALSE,0.003908,0.003727,39.0691,-0.432573,-0.418045,-0.362487,0.362487,0.418045,0.432573,-76.2919,-71.8346,-57.4585,57.4585,71.8346,76.2919
THFR_pixel,HYPERNETS,PACE,574,RHOW,23,12,3,3,0.4728,0.7814,0.0533,0.5093,4.8674,-0.039802,7.81e-4,0.005028,NA,FALSE,FALSE,0.003977,0.003788,40.0115,-0.442717,-0.429929,-0.37242,0.37242,0.429929,0.442717,-79.4892,-75.4167,-60.0156,60.0156,75.4167,79.4892
THFR_pixel,HYPERNETS,PACE,575,RHOW,23,12,3,3,0.4737,0.7889,0.0521,0.5129,5.0515,-0.040858,6.9e-4,0.004909,NA,FALSE,FALSE,0.003949,0.003769,40.5456,-0.447972,-0.432931,-0.376678,0.376678,0.432931,0.447972,-81.2174,-76.3455,-61.0881,61.0881,76.3455,81.2174
THFR_pixel,HYPERNETS,PACE,576,RHOW,23,12,3,3,0.4691,0.7827,0.0535,0.5042,4.7503,-0.037542,7.61e-4,0.004827,NA,FALSE,FALSE,0.003891,0.003711,40.4904,-0.446295,-0.434532,-0.378327,0.378327,0.434532,0.446295,-80.6424,-76.8447,-61.5177,61.5177,76.8447,80.6424
THFR_pixel,HYPERNETS,PACE,577,RHOW,23,12,3,3,0.4689,0.7821,0.0565,0.4992,4.4098,-0.0338,8.15e-4,0.004734,NA,FALSE,FALSE,0.003794,0.003618,40.2151,-0.441703,-0.433512,-0.378279,0.378279,0.433512,0.441703,-79.1354,-76.5261,-61.4824,61.4824,76.5261,79.1354
THFR_pixel,HYPERNETS,PACE,578,RHOW,23,12,3,3,0.4567,0.7535,0.0535,0.4885,4.4557,-0.0336,9.09e-4,0.004692,NA,FALSE,FALSE,0.003726,0.00354,39.9419,-0.441598,-0.434162,-0.374611,0.374611,0.434162,0.441598,-79.0984,-76.729,-60.6303,60.6303,76.729,79.0984
THFR_pixel,HYPERNETS,PACE,579,RHOW,23,12,3,3,0.4635,0.7674,0.057,0.4918,4.2415,-0.031124,8.57e-4,0.004566,NA,FALSE,FALSE,0.00365,0.003477,40.0622,-0.440135,-0.433351,-0.377474,0.377474,0.433351,0.440135,-78.6275,-76.4762,-61.2869,61.2869,76.4762,78.6275
THFR_pixel,HYPERNETS,PACE,580,RHOW,23,12,3,3,0.4578,0.7504,0.0563,0.486,4.1987,-0.029919,9.11e-4,0.00448,NA,FALSE,FALSE,0.003535,0.003357,39.6493,-0.437645,-0.431862,-0.373026,0.373026,0.431862,0.437645,-77.833,-76.0137,-60.2032,60.2032,76.0137,77.833
THFR_pixel,HYPERNETS,PACE,581,RHOW,23,12,3,3,0.4427,0.7255,0.054,0.4704,4.0948,-0.028395,0.001041,0.004423,NA,FALSE,FALSE,0.003455,0.00326,39.2194,-0.436033,-0.43504,-0.369779,0.369779,0.43504,0.436033,-77.3156,-77.0038,-59.5321,59.5321,77.0038,77.3156
THFR_pixel,HYPERNETS,PACE,582,RHOW,23,12,3,3,0.4417,0.7123,0.0523,0.4715,4.249,-0.028537,0.001079,0.004366,NA,FALSE,FALSE,0.003263,0.003064,38.0742,-0.427325,-0.426972,-0.357273,0.357273,0.426972,0.427325,-74.6193,-74.5116,-56.5101,56.5101,74.5116,74.6193
THFR_pixel,HYPERNETS,PACE,583,RHOW,23,12,3,3,0.4437,0.6978,0.0487,0.4806,4.7457,-0.031205,0.001056,0.004323,NA,FALSE,FALSE,0.00307,0.002873,36.9136,-0.420067,-0.417176,-0.342225,0.342225,0.417176,0.420067,-72.4359,-71.5784,-53.0243,53.0243,71.5784,72.4359
THFR_pixel,HYPERNETS,PACE,584,RHOW,23,12,3,3,0.4454,0.694,0.0503,0.4796,4.5703,-0.028821,0.001084,0.004222,NA,FALSE,FALSE,0.002921,0.00272,36.0693,-0.412403,-0.412378,-0.334826,0.334826,0.412378,0.412403,-70.1846,-70.1775,-51.3689,51.3689,70.1775,70.1846
THFR_pixel,HYPERNETS,PACE,585,RHOW,23,12,3,3,0.4415,0.6808,0.0497,0.4757,4.5502,-0.027826,0.00111,0.004136,NA,FALSE,FALSE,0.002823,0.002613,35.533,-0.409646,-0.408674,-0.327686,0.327686,0.408674,0.409646,-69.39,-69.1114,-49.8311,49.8311,69.1114,69.39
THFR_pixel,HYPERNETS,PACE,586,RHOW,23,12,3,3,0.4514,0.6918,0.0527,0.4831,4.4263,-0.026038,0.001067,0.004025,NA,FALSE,FALSE,0.002687,0.002486,34.9299,-0.402349,-0.40046,-0.32183,0.32183,0.40046,0.402349,-67.3226,-66.7946,-48.4569,48.4569,66.7946,67.3226
THFR_pixel,HYPERNETS,PACE,587,RHOW,23,12,3,3,0.4499,0.6698,0.0482,0.4899,4.9755,-0.028547,0.001071,0.003987,NA,FALSE,FALSE,0.002509,0.002297,33.3856,-0.394238,-0.393436,-0.303263,0.303263,0.393436,0.394238,-65.0816,-64.8631,-44.7436,44.7436,64.8631,65.0816
THFR_pixel,HYPERNETS,PACE,588,RHOW,23,12,3,3,0.4513,0.6655,0.0466,0.4961,5.2786,-0.029571,0.001047,0.003925,NA,FALSE,FALSE,0.002394,0.002179,32.5619,-0.389451,-0.38782,-0.292888,0.292888,0.38782,0.389451,-63.7875,-63.3506,-42.7123,42.7123,63.3506,63.7875
THFR_pixel,HYPERNETS,PACE,589,RHOW,23,12,3,3,0.4445,0.6597,0.0463,0.4874,5.1282,-0.027948,0.001025,0.003779,NA,FALSE,FALSE,0.00239,0.002175,33.3004,-0.397275,-0.395495,-0.299978,0.299978,0.395495,0.397275,-65.9138,-65.4246,-44.2014,44.2014,65.4246,65.9138
THFR_pixel,HYPERNETS,PACE,590,RHOW,23,12,3,3,0.4472,0.6657,0.0496,0.4834,4.7118,-0.024281,0.001021,0.003617,NA,FALSE,FALSE,0.002282,0.00207,33.0099,-0.392602,-0.389767,-0.297431,0.297431,0.389767,0.392602,-64.6384,-63.8718,-43.5801,43.5801,63.8718,64.6384
THFR_pixel,HYPERNETS,PACE,591,RHOW,23,12,3,3,0.4554,0.6685,0.0519,0.4897,4.6241,-0.022525,9.76e-4,0.003465,NA,FALSE,FALSE,0.002129,0.001925,32.2378,-0.385244,-0.382438,-0.289542,0.289542,0.382438,0.385244,-62.668,-61.9271,-41.9731,41.9731,61.9271,62.668
THFR_pixel,HYPERNETS,PACE,592,RHOW,23,12,3,3,0.458,0.6691,0.0528,0.4914,4.5774,-0.021391,9.22e-4,0.003317,NA,FALSE,FALSE,0.002053,0.001856,32.3324,-0.386615,-0.385523,-0.291132,0.291132,0.385523,0.386615,-63.0301,-62.7399,-42.3374,42.3374,62.7399,63.0301
THFR_pixel,HYPERNETS,PACE,593,RHOW,23,12,3,3,0.4547,0.673,0.0563,0.4821,4.1327,-0.018333,9.09e-4,0.003154,NA,FALSE,FALSE,0.002017,0.00182,32.836,-0.389554,-0.384143,-0.295057,0.295057,0.384143,0.389554,-63.8212,-62.3754,-43.0019,43.0019,62.3754,63.8212
THFR_pixel,HYPERNETS,PACE,594,RHOW,23,12,3,3,0.4521,0.6711,0.0596,0.4754,3.7949,-0.015841,8.99e-4,0.002996,NA,FALSE,FALSE,0.001945,0.001747,32.8228,-0.38913,-0.38,-0.293213,0.293213,0.38,0.38913,-63.7192,-61.2903,-42.5641,42.5641,61.2903,63.7192
THFR_pixel,HYPERNETS,PACE,595,RHOW,23,12,3,3,0.4502,0.6693,0.0644,0.4692,3.42,-0.01328,8.89e-4,0.002833,NA,FALSE,FALSE,0.001861,0.00166,32.6172,-0.386629,-0.372653,-0.288956,0.288956,0.372653,0.386629,-63.0759,-59.4015,-41.6228,41.6228,59.4015,63.0759
THFR_pixel,HYPERNETS,PACE,596,RHOW,23,12,2,2,0.8165,1.2147,NA,NA,NA,NA,NA,NA,NA,NA,NA,0.001685,0.001667,33.044,-0.349481,-0.33044,-0.3114,0.3114,0.33044,0.349481,-53.914,-49.5941,-45.3954,45.3954,49.5941,53.914
THFR_pixel,HYPERNETS,PACE,597,RHOW,23,12,2,2,0.8504,1.2453,NA,NA,NA,NA,NA,NA,NA,NA,NA,0.001526,0.001514,32.0052,-0.342027,-0.320052,-0.298077,0.298077,0.320052,0.342027,-52.2259,-47.3782,-42.6849,42.6849,47.3782,52.2259
THFR_pixel,HYPERNETS,PACE,598,RHOW,23,12,2,2,0.8556,1.2395,NA,NA,NA,NA,NA,NA,NA,NA,NA,0.00141,0.001398,31.2772,-0.335031,-0.312772,-0.290513,0.290513,0.312772,0.335031,-50.6255,-45.8184,-41.1647,41.1647,45.8184,50.6255
THFR_pixel,HYPERNETS,PACE,599,RHOW,23,12,2,2,0.891,1.2354,NA,NA,NA,NA,NA,NA,NA,NA,NA,0.001151,0.001145,28.2042,-0.305498,-0.282042,-0.258587,0.258587,0.282042,0.305498,-44.2244,-39.5822,-35.0895,35.0895,39.5822,44.2244
THFR_pixel,HYPERNETS,PACE,600,RHOW,23,12,2,2,0.8929,1.2421,NA,NA,NA,NA,NA,NA,NA,NA,NA,0.001108,0.001102,28.461,-0.309107,-0.28461,-0.260112,0.260112,0.28461,0.309107,-45.0016,-40.1128,-35.3888,35.3888,40.1128,45.0016
THFR_pixel,HYPERNETS,PACE,601,RHOW,23,12,2,2,0.8992,1.2544,NA,NA,NA,NA,NA,NA,NA,NA,NA,0.001061,0.001055,28.687,-0.312961,-0.28687,-0.260779,0.260779,0.28687,0.312961,-45.8529,-40.6039,-35.5437,35.5437,40.6039,45.8529
THFR_pixel,HYPERNETS,PACE,602,RHOW,23,12,2,2,0.8746,1.2469,NA,NA,NA,NA,NA,NA,NA,NA,NA,0.001089,0.001081,30.239,-0.328033,-0.30239,-0.276747,0.276747,0.30239,0.328033,-49.1273,-43.7356,-38.5388,38.5388,43.7356,49.1273
THFR_pixel,HYPERNETS,PACE,603,RHOW,23,12,2,2,0.8896,1.2928,NA,NA,NA,NA,NA,NA,NA,NA,NA,0.001087,0.001081,31.6035,-0.345685,-0.316035,-0.286385,0.286385,0.316035,0.345685,-53.2775,-46.7589,-40.5175,40.5175,46.7589,53.2775
THFR_pixel,HYPERNETS,PACE,604,RHOW,23,12,2,2,0.8907,1.3457,NA,NA,NA,NA,NA,NA,NA,NA,NA,0.001148,0.001143,34.2399,-0.375825,-0.342399,-0.308974,0.308974,0.342399,0.375825,-60.8588,-52.8599,-45.2586,45.2586,52.8599,60.8588
THFR_pixel,HYPERNETS,PACE,605,RHOW,23,12,2,2,0.8523,1.3568,NA,NA,NA,NA,NA,NA,NA,NA,NA,0.001255,0.001246,37.6181,-0.409868,-0.376181,-0.342495,0.342495,0.376181,0.409868,-70.2289,-61.2462,-52.7374,52.7374,61.2462,70.2289
THFR_pixel,HYPERNETS,PACE,606,RHOW,23,12,1,1,NA,NA,NA,NA,NA,NA,NA,NA,NA,NA,NA,NA,NA,NA,NA,NA,NA,NA,NA,NA,NA,NA,NA,NA,NA,NA
THFR_pixel,HYPERNETS,PACE,607,RHOW,23,12,1,1,NA,NA,NA,NA,NA,NA,NA,NA,NA,NA,NA,NA,NA,NA,NA,NA,NA,NA,NA,NA,NA,NA,NA,NA,NA,NA
THFR_pixel,HYPERNETS,PACE,608,RHOW,23,12,1,1,NA,NA,NA,NA,NA,NA,NA,NA,NA,NA,NA,NA,NA,NA,NA,NA,NA,NA,NA,NA,NA,NA,NA,NA,NA,NA
THFR_pixel,HYPERNETS,PACE,609,RHOW,23,12,1,1,NA,NA,NA,NA,NA,NA,NA,NA,NA,NA,NA,NA,NA,NA,NA,NA,NA,NA,NA,NA,NA,NA,NA,NA,NA,NA
THFR_pixel,HYPERNETS,PACE,610,RHOW,23,12,1,1,NA,NA,NA,NA,NA,NA,NA,NA,NA,NA,NA,NA,NA,NA,NA,NA,NA,NA,NA,NA,NA,NA,NA,NA,NA,NA
THFR_pixel,HYPERNETS,PACE,611,RHOW,23,12,1,1,NA,NA,NA,NA,NA,NA,NA,NA,NA,NA,NA,NA,NA,NA,NA,NA,NA,NA,NA,NA,NA,NA,NA,NA,NA,NA
THFR_NE,HYPERNETS,PACE,350,RHOW,59,59,4,4,17.5305,6.9557,19.5508,120.8686,747.2435,-3.328502,-0.519069,-0.064636,NA,TRUE,TRUE,0.025718,0.018704,415.5456,0.660139,3.462593,6.926573,0.691476,3.462593,6.926573,59.3024,265.4226,679.1431,64.5421,265.4226,679.1431
THFR_NE,HYPERNETS,PACE,351,RHOW,59,59,4,4,26.2133,9.261,18.3407,111.4893,677.7209,-2.995466,-0.473619,-0.058759,NA,TRUE,TRUE,0.025595,0.018684,416.7762,0.664325,3.493776,6.94733,0.714209,3.493776,6.94733,58.8176,268.3024,681.9095,67.3869,268.3024,681.9095
THFR_NE,HYPERNETS,PACE,352,RHOW,59,59,4,4,31.6088,10.9897,17.103,101.7992,605.921,-2.657217,-0.427864,-0.053317,NA,TRUE,TRUE,0.025014,0.01829,409.7219,0.590355,3.402604,6.815443,0.68438,3.402604,6.815443,50.5671,258.6953,669.048,67.0957,258.6953,669.048
THFR_NE,HYPERNETS,PACE,353,RHOW,59,59,4,4,24.2343,8.7227,14.2423,85.4796,513.0331,-2.22588,-0.352776,-0.040687,NA,TRUE,TRUE,0.02445,0.017905,405.0106,0.508215,3.355154,6.757589,0.64767,3.355154,6.757589,41.4444,250.5338,664.3206,66.5679,250.5338,664.3206
THFR_NE,HYPERNETS,PACE,354,RHOW,59,59,4,4,22.0601,6.6756,12.3856,74.0117,442.2668,-1.911152,-0.301825,-0.03251,NA,TRUE,TRUE,0.024319,0.017744,401.6855,0.504572,3.367273,6.758985,0.625143,3.367273,6.758985,42.2012,249.8485,665.5057,63.2386,249.8485,665.5057
THFR_NE,HYPERNETS,PACE,355,RHOW,59,59,4,4,23.1091,6.1277,12.3198,73.2045,434.9824,-1.888664,-0.299946,-0.032576,NA,TRUE,TRUE,0.02417,0.01758,395.7258,0.498256,3.320183,6.672133,0.605307,3.320183,6.672133,42.3801,246.186,656.9724,60.6076,246.186,656.9724
THFR_NE,HYPERNETS,PACE,356,RHOW,59,59,4,4,27.3938,6.3043,11.9567,68.8198,396.1115,-1.730926,-0.283019,-0.031462,NA,TRUE,TRUE,0.024001,0.017404,387.1625,0.49437,3.269915,6.55337,0.58817,3.269915,6.55337,42.6952,242.6184,645.7639,58.3158,242.6184,645.7639
THFR_NE,HYPERNETS,PACE,357,RHOW,59,59,4,4,28.3033,6.1639,10.7571,59.5276,329.4121,-1.439119,-0.242314,-0.026041,NA,TRUE,TRUE,0.023994,0.017385,383.3651,0.580621,3.346068,6.561205,0.618514,3.346068,6.561205,52.3327,252.1776,648.1401,58.4553,252.1776,648.1401
THFR_NE,HYPERNETS,PACE,358,RHOW,59,59,4,4,29.2083,6.0088,10.8721,59.6679,327.4689,-1.423964,-0.241559,-0.026114,NA,TRUE,TRUE,0.024036,0.017474,386.7901,0.675928,3.428921,6.620894,0.675928,3.428921,6.620894,62.5398,262.8876,654.5133,62.5398,262.8876,654.5133
THFR_NE,HYPERNETS,PACE,359,RHOW,59,59,4,4,27.1886,5.344,10.4236,57.8673,321.253,-1.390242,-0.232557,-0.024023,NA,TRUE,TRUE,0.023819,0.017397,387.3512,0.706336,3.452547,6.619723,0.706336,3.452547,6.619723,65.848,266.0297,654.8538,65.848,266.0297,654.8538
THFR_NE,HYPERNETS,PACE,360,RHOW,59,59,4,4,24.2471,4.5718,10.2092,58.2777,332.6713,-1.433876,-0.233292,-0.022973,NA,TRUE,TRUE,0.023614,0.017321,388.8239,0.73084,3.463228,6.620628,0.73084,3.463228,6.620628,68.6225,267.9441,654.963,68.6225,267.9441,654.963
THFR_NE,HYPERNETS,PACE,361,RHOW,59,59,4,4,22.8024,4.2782,10.4711,60.8778,353.9379,-1.522062,-0.243912,-0.024068,NA,TRUE,TRUE,0.023404,0.017239,389.3562,0.755009,3.448228,6.586781,0.755009,3.448228,6.586781,71.3495,268.4558,651.2159,71.3495,268.4558,651.2159
THFR_NE,HYPERNETS,PACE,362,RHOW,59,59,4,4,20.5974,3.8983,10.5916,62.657,370.6619,-1.587467,-0.250552,-0.024559,NA,TRUE,TRUE,0.023268,0.017074,388.3951,0.73283,3.405428,6.55655,0.73283,3.405428,6.55655,68.9634,264.8316,647.3647,68.9634,264.8316,647.3647
THFR_NE,HYPERNETS,PACE,363,RHOW,59,59,4,4,19.6342,3.6852,10.4158,61.855,367.3304,-1.570889,-0.246868,-0.023916,NA,TRUE,TRUE,0.023115,0.016895,385.0294,0.709697,3.36239,6.502988,0.709697,3.36239,6.502988,66.4247,261.1945,641.661,66.4247,261.1945,641.661
THFR_NE,HYPERNETS,PACE,364,RHOW,59,59,4,4,17.3054,2.9636,9.9858,59.8319,358.4943,-1.529029,-0.237631,-0.0221,NA,TRUE,TRUE,0.022974,0.016754,383.2664,0.674616,3.327504,6.485551,0.674616,3.327504,6.485551,63.6809,255.6826,639.9295,63.6809,255.6826,639.9295
THFR_NE,HYPERNETS,PACE,365,RHOW,59,59,4,4,17.2301,3.2317,9.0685,53.803,319.2111,-1.348741,-0.209931,-0.017984,NA,TRUE,TRUE,0.022834,0.016636,382.3318,0.644922,3.300577,6.478973,0.644922,3.300577,6.478973,61.6638,250.4546,639.436,61.6638,250.4546,639.436
THFR_NE,HYPERNETS,PACE,366,RHOW,59,59,4,4,17.2661,3.3028,8.7281,51.5162,304.0667,-1.278979,-0.199434,-0.016533,NA,TRUE,TRUE,0.02269,0.016501,380.0357,0.613438,3.252331,6.43925,0.613438,3.252331,6.43925,59.2148,244.1731,635.3336,59.2148,244.1731,635.3336
THFR_NE,HYPERNETS,PACE,367,RHOW,59,59,4,4,17.6465,3.6346,8.3308,48.6684,284.3195,-1.191673,-0.187101,-0.015143,NA,TRUE,TRUE,0.022144,0.016108,371.0638,0.599631,3.173397,6.284403,0.599631,3.173397,6.284403,58.0067,238.7013,620.0873,58.0067,238.7013,620.0873
THFR_NE,HYPERNETS,PACE,368,RHOW,59,59,4,4,17.8612,3.7706,8.217,47.789,277.9333,-1.164714,-0.183733,-0.015058,NA,TRUE,TRUE,0.021597,0.015704,361.5454,0.583777,3.089757,6.121433,0.583777,3.089757,6.121433,56.4791,233.0829,603.9554,56.4791,233.0829,603.9554
THFR_NE,HYPERNETS,PACE,369,RHOW,59,59,5,5,4.4151,0.2437,2.5075,8.6506,29.8444,-0.08541,-0.01317,0.007769,NA,TRUE,FALSE,0.019125,0.012907,12289.9419,0.712752,5.373853,8.001347,0.712752,5.373853,8.001347,71.2752,537.3853,800.1347,71.2752,537.3853,800.1347
THFR_NE,HYPERNETS,PACE,370,RHOW,59,59,5,5,4.4407,0.4229,2.5218,8.6997,30.0126,-0.086957,-0.013749,0.007472,NA,TRUE,FALSE,0.018889,0.012699,899.3605,0.694422,5.242179,7.905805,0.694422,5.242179,7.905805,69.4422,524.2179,790.5805,69.4422,524.2179,790.5805
THFR_NE,HYPERNETS,PACE,371,RHOW,59,59,5,5,4.3884,0.4234,2.4889,8.5815,29.5887,-0.086227,-0.013682,0.007358,NA,TRUE,FALSE,0.018648,0.012499,864.1517,0.676219,5.112619,7.771407,0.676219,5.112619,7.771407,67.6219,511.2619,777.1407,67.6219,511.2619,777.1407
THFR_NE,HYPERNETS,PACE,372,RHOW,59,59,5,5,4.3821,0.3929,2.5061,8.6713,30.0028,-0.088533,-0.013906,0.007663,NA,TRUE,FALSE,0.019162,0.012932,944.362,0.717541,4.984205,7.990166,0.717541,4.984205,7.990166,71.7541,498.4205,799.0166,71.7541,498.4205,799.0166
THFR_NE,HYPERNETS,PACE,373,RHOW,59,59,5,5,4.3583,0.4798,2.5718,9.0044,31.5268,-0.096087,-0.015365,0.007691,NA,TRUE,FALSE,0.019688,0.013324,566.132,0.728568,4.964278,8.200268,0.728568,4.964278,8.200268,72.8568,496.4278,820.0268,72.8568,496.4278,820.0268
THFR_NE,HYPERNETS,PACE,374,RHOW,59,59,5,5,4.3683,0.5239,2.5506,8.8965,31.0307,-0.095004,-0.015217,0.007658,NA,TRUE,FALSE,0.019286,0.013248,493.4747,0.822765,4.930003,7.974643,0.822765,4.930003,7.974643,82.2765,493.0003,797.4643,82.2765,493.0003,797.4643
THFR_NE,HYPERNETS,PACE,375,RHOW,59,59,5,5,4.3263,0.5281,2.5023,8.6967,30.2255,-0.092068,-0.014526,0.007784,NA,TRUE,FALSE,0.018903,0.013195,483.4816,0.925461,4.944616,7.759505,0.925461,4.944616,7.759505,92.5461,494.4616,775.9505,92.5461,494.4616,775.9505
THFR_NE,HYPERNETS,PACE,376,RHOW,59,59,5,5,4.4025,0.5731,2.507,8.659,29.9071,-0.090886,-0.014691,0.007369,NA,TRUE,FALSE,0.018482,0.012773,445.7443,0.872045,4.860317,7.604319,0.872045,4.860317,7.604319,87.2045,486.0317,760.4319,87.2045,486.0317,760.4319
THFR_NE,HYPERNETS,PACE,377,RHOW,59,59,5,5,4.3797,0.6207,2.5013,8.6495,29.9103,-0.090682,-0.014906,0.007007,NA,TRUE,FALSE,0.018085,0.012358,411.959,0.81855,4.809012,7.312721,0.81855,4.809012,7.312721,81.855,480.9012,731.2721,81.855,480.9012,731.2721
THFR_NE,HYPERNETS,PACE,378,RHOW,59,59,5,5,4.495,0.7358,2.5434,8.7605,30.1756,-0.092377,-0.01583,0.006393,NA,TRUE,FALSE,0.017665,0.01191,353.9901,0.76076,4.720772,4.774987,0.76076,4.720772,4.774987,76.076,472.0772,477.4987,76.076,472.0772,477.4987
THFR_NE,HYPERNETS,PACE,379,RHOW,59,59,5,5,4.5283,0.8433,2.5834,8.9294,30.8646,-0.096267,-0.017059,0.005857,NA,TRUE,FALSE,0.017473,0.011574,317.1862,0.667124,3.256217,4.619531,0.667124,3.256217,4.619531,66.7124,325.6217,461.9531,66.7124,325.6217,461.9531
THFR_NE,HYPERNETS,PACE,380,RHOW,59,59,5,5,4.5079,0.9325,2.5958,9.0061,31.247,-0.098826,-0.017888,0.00544,NA,TRUE,FALSE,0.017286,0.011356,295.9085,0.575058,2.377698,4.519369,0.575058,2.377698,4.519369,57.5058,237.7698,451.9369,57.5058,237.7698,451.9369
THFR_NE,HYPERNETS,PACE,381,RHOW,59,59,5,5,4.2983,0.8833,2.5343,8.8705,31.0488,-0.099724,-0.017722,0.005706,NA,TRUE,FALSE,0.017253,0.011433,300.5963,0.615384,2.691249,4.490763,0.615384,2.691249,4.490763,61.5384,269.1249,449.0763,61.5384,269.1249,449.0763
THFR_NE,HYPERNETS,PACE,382,RHOW,59,59,5,5,4.4526,0.8821,2.5323,8.7414,30.1751,-0.099041,-0.017847,0.005674,NA,TRUE,FALSE,0.017153,0.011481,294.2236,0.676415,2.733259,4.48761,0.676415,2.733259,4.48761,67.6415,273.3259,448.761,67.6415,273.3259,448.761
THFR_NE,HYPERNETS,PACE,383,RHOW,59,59,5,5,4.4306,0.8615,2.5304,8.7505,30.2602,-0.099798,-0.017872,0.005819,NA,TRUE,FALSE,0.017144,0.011648,299.7625,0.746706,2.901065,4.538642,0.746706,2.901065,4.538642,74.6706,290.1065,453.8642,74.6706,290.1065,453.8642
THFR_NE,HYPERNETS,PACE,384,RHOW,59,59,6,6,4.6944,0.7591,3.4142,9.4626,26.2257,-0.085724,-0.022631,1.34e-4,NA,TRUE,FALSE,0.015431,0.010208,267.6443,0.270839,2.010987,4.157355,0.823948,2.035814,4.157355,23.8121,176.1767,412.5669,123.6746,380.0386,572.572
THFR_NE,HYPERNETS,PACE,385,RHOW,59,59,7,7,3.2906,0.0759,3.7282,9.5042,24.2287,-0.083623,-0.025966,-0.00335,NA,TRUE,TRUE,0.014142,0.009349,246.4568,-0.274819,0.875993,4.049593,0.783447,0.980206,4.049593,-68.3676,87.5993,403.689,146.3582,369.1643,535.3284
THFR_NE,HYPERNETS,PACE,386,RHOW,59,59,7,7,3.1897,0.0603,3.702,9.4617,24.1828,-0.084186,-0.026194,-0.003505,NA,TRUE,TRUE,0.013946,0.009208,240.0487,-0.300001,0.811214,3.883701,0.76867,0.97995,3.883701,-80.0661,81.1214,386.6356,157.1639,347.2468,525.6458
THFR_NE,HYPERNETS,PACE,387,RHOW,59,59,7,7,3.17,0.0708,3.705,9.4763,24.2376,-0.084818,-0.026518,-0.003724,NA,TRUE,TRUE,0.013752,0.009055,233.6693,-0.32173,0.742155,3.705007,0.750445,0.979445,3.705007,-92.78,74.2155,368.1542,168.7176,323.5691,516.7466
THFR_NE,HYPERNETS,PACE,388,RHOW,59,59,7,7,3.2082,0.0772,3.7364,9.5531,24.4253,-0.085645,-0.026959,-0.004006,NA,TRUE,TRUE,0.013564,0.008914,228.1412,-0.343223,0.702208,3.541988,0.746503,0.978938,3.541988,-108.0478,70.2208,351.2186,161.6713,378.0069,508.2532
THFR_NE,HYPERNETS,PACE,389,RHOW,59,59,6,6,4.4871,0.7831,3.337,9.3145,25.9995,-0.086062,-0.023022,-4.37e-4,NA,TRUE,TRUE,0.014287,0.009449,244.6785,0.223157,1.720634,3.679036,0.73462,1.837446,3.679036,19.8865,151.2178,364.6292,105.206,333.173,561.7707
THFR_NE,HYPERNETS,PACE,390,RHOW,59,59,5,5,4.0878,0.8645,2.4061,8.4171,29.4443,-0.098166,-0.017909,0.005033,NA,TRUE,FALSE,0.015309,0.0104,266.3758,0.649028,2.508473,3.904514,0.649028,2.508473,3.904514,64.9028,250.8473,390.4514,64.9028,250.8473,390.4514
THFR_NE,HYPERNETS,PACE,391,RHOW,59,59,5,5,4.0236,0.9074,2.3987,8.428,29.6121,-0.101227,-0.018652,0.00485,NA,TRUE,FALSE,0.01519,0.010312,255.9368,0.616347,2.209705,3.86458,0.616347,2.209705,3.86458,61.6347,220.9705,386.458,61.6347,220.9705,386.458
THFR_NE,HYPERNETS,PACE,392,RHOW,59,59,5,5,4.0711,0.9586,2.4338,8.5591,30.1009,-0.104776,-0.019642,0.004566,NA,TRUE,FALSE,0.015089,0.010287,249.1913,0.618898,1.968563,3.825493,0.618898,1.968563,3.825493,61.8898,196.8563,382.5493,61.8898,196.8563,382.5493
THFR_NE,HYPERNETS,PACE,393,RHOW,59,59,6,6,2.918,0.0964,3.1762,9.455,28.1459,-0.104328,-0.027197,-0.001286,NA,TRUE,TRUE,0.013823,0.009342,220.2435,0.10519,1.200347,3.322588,0.711399,1.380387,3.322588,7.1339,112.281,321.1311,85.523,266.6549,533.3256
THFR_NE,HYPERNETS,PACE,394,RHOW,59,59,7,7,3.2155,0.3777,3.9638,10.1898,26.1951,-0.096485,-0.031037,-0.005578,NA,TRUE,TRUE,0.01304,0.008676,209.603,-0.421205,0.682269,3.107097,0.782004,0.88989,3.107097,-185.2346,68.2269,302.1656,134.6757,394.0478,667.4193
THFR_NE,HYPERNETS,PACE,395,RHOW,59,59,8,8,3.1324,1.0407,3.3833,7.6627,17.3549,-0.055017,-0.018791,-0.002796,NA,TRUE,TRUE,0.012368,0.007819,193.2139,-0.362412,0.444788,3.090066,0.606131,0.771714,3.090066,-70.2082,41.3673,305.8142,62.4995,272.8431,401.1805
THFR_NE,HYPERNETS,PACE,396,RHOW,59,59,8,8,3.1359,0.9745,3.5038,7.9756,18.1548,-0.05892,-0.020321,-0.003364,NA,TRUE,TRUE,0.012336,0.007848,193.0114,-0.340276,0.454468,3.124375,0.582257,0.779204,3.124375,-63.1294,42.4082,309.6686,61.881100000000004,259.5586,404.347
THFR_NE,HYPERNETS,PACE,397,RHOW,59,59,8,8,3.0475,0.8544,3.4784,7.9411,18.1291,-0.058867,-0.020169,-0.003219,NA,TRUE,TRUE,0.012304,0.007848,193.0813,-0.211912,0.464896,3.286899,0.550907,0.786364,3.286899,-38.6459,43.5079,327.0857,58.8785,255.1178,405.1937
THFR_NE,HYPERNETS,PACE,398,RHOW,59,59,8,8,2.9628,0.7519,3.4505,7.8978,18.0771,-0.058766,-0.020007,-0.003073,NA,TRUE,TRUE,0.012273,0.007878,195.4944,-0.087658,0.473563,3.448576,0.53395,0.793533,3.448576,-21.1861,44.3907,344.0864,59.7624,251.3325,406.1378
THFR_NE,HYPERNETS,PACE,399,RHOW,59,59,8,8,3.0365,0.9402,3.457,7.8894,18.0049,-0.059039,-0.020445,-0.003534,NA,TRUE,TRUE,0.012006,0.007635,188.5437,-0.385654,0.385525,3.124331,0.594247,0.776437,3.124331,-74.4498,34.925,311.0304,61.4076,271.6404,404.7882
THFR_NE,HYPERNETS,PACE,400,RHOW,59,59,8,8,3.1244,1.2816,3.4678,7.8863,17.9345,-0.05929,-0.020891,-0.004006,NA,TRUE,TRUE,0.01175,0.007462,184.9836,-0.67962,0.299643,2.806573,0.642902,0.816961,2.806573,-218.2205,25.6217,278.4321,146.4503,301.926,401.9153
THFR_NE,HYPERNETS,PACE,401,RHOW,59,59,8,8,3.2175,1.8372,3.5177,7.982,18.112,-0.0605,-0.021629,-0.004498,NA,TRUE,TRUE,0.011606,0.00741,182.852,-0.83611,0.259913,2.5362,0.765236,0.88033,2.5362,-518.3095,21.4341,250.0608,170.8732,399.7031,605.7405
THFR_NE,HYPERNETS,PACE,402,RHOW,59,59,7,7,3.0454,0.1963,4.1297,10.6964,27.7051,-0.106567,-0.034989,-0.007354,NA,TRUE,TRUE,0.012244,0.008187,190.6796,-0.49154,0.557261,2.629677,0.710515,0.9085,2.629677,-188.7025,55.7261,255.7257,112.8117,335.1119,598.113
THFR_NE,HYPERNETS,PACE,403,RHOW,59,59,7,7,3.1864,0.1955,4.1299,10.6613,27.5219,-0.10665,-0.035318,-0.007685,NA,TRUE,TRUE,0.01208,0.008077,185.3274,-0.534105,0.513104,2.460943,0.709755,0.935395,2.460943,-257.0297,51.3104,237.3608,101.6869,323.3532,735.5602
THFR_NE,HYPERNETS,PACE,404,RHOW,59,59,7,7,3.2309,0.2445,4.2067,10.8634,28.0535,-0.109539,-0.036416,-0.0081,NA,TRUE,TRUE,0.012002,0.008036,183.27440000000001,-0.528507,0.511428,2.427887,0.704385,0.920235,2.427887,-240.4715,51.1428,233.7327,99.9493,321.0611,694.7894
THFR_NE,HYPERNETS,PACE,405,RHOW,59,59,7,7,3.1681,0.2256,4.2805,11.0842,28.702,-0.113416,-0.037783,-0.008574,NA,TRUE,TRUE,0.011927,0.007998,181.0574,-0.523738,0.498897,2.393584,0.694693,0.90509,2.393584,-229.1199,49.8897,229.9345,97.3887,318.7771,666.5815
THFR_NE,HYPERNETS,PACE,406,RHOW,59,59,7,7,3.3404,0.3497,4.2689,11.0077,28.3844,-0.113133,-0.037938,-0.008776,NA,TRUE,TRUE,0.011693,0.00784,175.1045,-0.520269,0.473717,2.30239,0.681158,0.890588,2.30239,-225.3445,47.3717,219.8243,91.1594,312.5205,648.8882
THFR_NE,HYPERNETS,PACE,407,RHOW,59,59,7,7,3.2876,0.3958,4.2205,10.8869,28.0831,-0.112286,-0.037656,-0.008724,NA,TRUE,TRUE,0.011486,0.007703,171.4282,-0.511709,0.45675,2.241312,0.666507,0.886571,2.241312,-207.8332,45.675,213.54,87.7394,306.3125,605.0338
THFR_NE,HYPERNETS,PACE,408,RHOW,59,59,7,7,3.1941,0.4234,4.1622,10.7491,27.7601,-0.111343,-0.037299,-0.008628,NA,TRUE,TRUE,0.011281,0.007569,167.9359,-0.502417,0.439814,2.186374,0.651136,0.884546,2.186374,-191.1606,43.9814,207.7617,84.3744,301.1754,563.4169
THFR_NE,HYPERNETS,PACE,409,RHOW,59,59,7,7,3.0147,0.3109,4.0891,10.5913,27.4333,-0.110781,-0.03703,-0.008556,NA,TRUE,TRUE,0.011028,0.007408,163.3849,-0.4947,0.421314,2.106701,0.640013,0.878372,2.106701,-185.3387,42.1314,199.595,80.1975,292.8816,548.0957
THFR_NE,HYPERNETS,PACE,410,RHOW,59,59,7,7,2.9132,0.2268,4.0452,10.4946,27.226,-0.110646,-0.036989,-0.008597,NA,TRUE,TRUE,0.010774,0.007246,158.9338,-0.478854,0.406841,2.026001,0.620189,0.893228,2.026001,-161.8977,40.6841,191.4086,76.3531,284.1346,491.0686
THFR_NE,HYPERNETS,PACE,411,RHOW,59,59,7,7,3.0151,0.2602,4.1401,10.7326,27.8227,-0.114072,-0.03833,-0.009113,NA,TRUE,TRUE,0.01074,0.007215,157.0619,-0.471187,0.394403,1.999772,0.595731,0.883125,1.999772,-140.1108,39.4403,188.4781,74.2371,282.2372,433.4413
THFR_NE,HYPERNETS,PACE,412,RHOW,59,59,7,7,2.8227,0.2344,4.1103,10.6949,27.8281,-0.115716,-0.038772,-0.0092,NA,TRUE,TRUE,0.010707,0.007185,154.8406,-0.465418,0.359236,1.969496,0.56,0.875068,1.969496,-124.4228,35.9236,185.5018,71.0655,278.606,389.6016
THFR_NE,HYPERNETS,PACE,413,RHOW,59,59,7,7,2.9181,0.2748,4.1212,10.7034,27.7983,-0.116592,-0.039184,-0.009379,NA,TRUE,TRUE,0.010664,0.007147,152.5958,-0.45613,0.337561,1.955194,0.530914,0.865696,1.955194,-111.3374,33.756100000000004,184.1777,69.3574,262.671,361.519
THFR_NE,HYPERNETS,PACE,414,RHOW,59,59,7,7,2.8347,0.3228,4.0887,10.6328,27.6509,-0.116613,-0.039165,-0.009383,NA,TRUE,TRUE,0.01057,0.007054,149.9002,-0.457693,0.304009,1.904951,0.508593,0.845477,1.904951,-109.0491,30.4009,178.5472,64.7075,248.6468,357.7473
THFR_NE,HYPERNETS,PACE,415,RHOW,59,59,7,7,2.8384,0.3776,4.097,10.6548,27.7092,-0.117283,-0.039456,-0.00953,NA,TRUE,TRUE,0.010477,0.006964,147.4653,-0.459293,0.27945,1.859591,0.49084,0.824602,1.859591,-107.0142,27.945,173.2911,60.6795,235.8297,354.4885
THFR_NE,HYPERNETS,PACE,416,RHOW,59,59,7,7,2.8014,0.3899,4.121,10.7292,27.9338,-0.11909,-0.0401,-0.009761,NA,TRUE,TRUE,0.010383,0.006897,145.3859,-0.455861,0.280544,1.827494,0.48965,0.795575,1.827494,-105.3734,28.0544,170.2513,59.8796,231.9573,323.0628
THFR_NE,HYPERNETS,PACE,417,RHOW,59,59,7,7,2.7783,0.4246,4.1079,10.6982,27.8612,-0.119448,-0.040227,-0.009808,NA,TRUE,TRUE,0.010286,0.006822,142.9987,-0.447774,0.282963,1.787229,0.486793,0.769041,1.787229,-101.6284,28.2963,166.6295,59.1858,223.2294,294.7696
THFR_NE,HYPERNETS,PACE,418,RHOW,59,59,7,7,2.8328,0.4768,4.285,11.173400000000001,29.1355,-0.127159,-0.043126,-0.0109,NA,TRUE,TRUE,0.010182,0.006733,138.9183,-0.440478,0.285375,1.693586,0.484714,0.746157,1.693586,-98.5222,28.5375,155.6994,54.0689,216.5086,273.4628
THFR_NE,HYPERNETS,PACE,419,RHOW,59,59,7,7,2.689,0.427,4.2685,11.1578,29.1664,-0.128362,-0.0435,-0.011036,NA,TRUE,TRUE,0.010019,0.006679,137.4677,-0.457356,0.269751,1.683787,0.482334,0.741383,1.683787,-104.9684,26.9751,155.8898,55.0073,227.7802,267.509
THFR_NE,HYPERNETS,PACE,420,RHOW,59,59,7,7,2.5591,0.3758,4.2119,11.0283,28.876,-0.127744,-0.043219,-0.010938,NA,TRUE,TRUE,0.009857,0.006624,136.1724,-0.470631,0.254379,1.682586,0.479981,0.736525,1.682586,-110.8047,25.4379,157.1763,58.4734,239.6534,261.6324
THFR_NE,HYPERNETS,PACE,421,RHOW,59,59,7,7,2.6659,0.4237,4.1437,10.8204,28.255,-0.125706,-0.042629,-0.010815,NA,TRUE,TRUE,0.009706,0.006531,133.2124,-0.471324,0.233803,1.637731,0.471324,0.74022,1.637731,-110.2993,23.3803,153.6758,58.761,235.9961,259.6688
THFR_NE,HYPERNETS,PACE,422,RHOW,59,59,7,7,2.7395,0.4819,4.1837,10.9149,28.476,-0.128481,-0.043788,-0.011325,NA,TRUE,TRUE,0.009555,0.00643,129.4273,-0.474256,0.20953,1.561538,0.474256,0.745993,1.561538,-110.4439,20.953,145.9562,56.812,227.7101,261.7818
THFR_NE,HYPERNETS,PACE,423,RHOW,59,59,7,7,2.8444,0.4863,4.3942,11.4709,29.9444,-0.136991,-0.046998,-0.012523,NA,TRUE,TRUE,0.009582,0.006409,127.515,-0.471443,0.211476,1.49781,0.471443,0.72919,1.49781,-108.2198,21.1476,138.4449,52.9939,224.1759,246.3486
THFR_NE,HYPERNETS,PACE,424,RHOW,59,59,7,7,3.0072,0.5948,4.4783,11.6674,30.3977,-0.139885,-0.048199,-0.013007,NA,TRUE,TRUE,0.009607,0.006381,126.066,-0.465018,0.213406,1.453907,0.465018,0.701095,1.459617,-103.7499,21.3406,133.558,50.817,210.4722,233.9812
THFR_NE,HYPERNETS,PACE,425,RHOW,59,59,8,8,3.5311,6.5728,3.8393,8.7045,19.7347,-0.083833,-0.032601,-0.010003,NA,TRUE,TRUE,0.009069,0.005904,121.8383,-0.672259,-0.021086,1.033386,0.551863,0.680584,1.292127,-205.4254,-5.2384,94.4803,56.7989,207.729,267.9495
THFR_NE,HYPERNETS,PACE,426,RHOW,59,59,8,8,3.454,3.8538,3.8013,8.634,19.6106,-0.08382,-0.032523,-0.009939,NA,TRUE,TRUE,0.008918,0.005762,118.0021,-0.628008,-0.028619,0.989454,0.517453,0.644463,1.234275,-169.6661,-5.8586,89.8598,53.4783,182.4777,253.3147
THFR_NE,HYPERNETS,PACE,427,RHOW,59,59,8,8,3.5023,3.2971,3.7939,8.5965,19.4788,-0.083946,-0.032678,-0.010052,NA,TRUE,TRUE,0.008753,0.005612,113.6392,-0.583544,-0.037364,0.939131,0.474849,0.607986,1.180811,-141.4805,-6.6676,84.3262,49.413,157.1001,248.8168
THFR_NE,HYPERNETS,PACE,428,RHOW,59,59,8,8,3.4088,2.9858,3.8201,8.6994,19.8107,-0.086298,-0.033425,-0.010207,NA,TRUE,TRUE,0.008779,0.005609,112.9251,-0.55092,-0.026914,0.975301,0.454022,0.60714,1.149675,-123.7938,-5.2718,88.2983,51.458,137.3771,250.8092
THFR_NE,HYPERNETS,PACE,429,RHOW,59,59,8,8,3.218,2.6906,3.7762,8.6514,19.8207,-0.087056,-0.033423,-0.010013,NA,TRUE,TRUE,0.008807,0.005615,112.2734,-0.522649,-0.008034,1.007882,0.426813,0.614782,1.114025,-110.4905,-3.1207,92.0283,53.3041,122.9492,241.2259
THFR_NE,HYPERNETS,PACE,430,RHOW,59,59,9,9,2.33,1.0436,4.1552,9.0802,19.8425,-0.090872,-0.037589,-0.013206,NA,TRUE,TRUE,0.008519,0.005601,109.395,-0.570305,-0.201214,0.618961,0.467692,0.618961,0.974493,-132.7234,-25.19,61.8961,61.8961,132.7234,268.7487
THFR_NE,HYPERNETS,PACE,431,RHOW,59,59,9,9,2.2174,1.0571,4.0726,8.9119,19.5016,-0.089775,-0.036989,-0.012866,NA,TRUE,TRUE,0.00842,0.005545,107.5667,-0.546103,-0.210814,0.648518,0.44376,0.648518,0.947887,-120.3141,-26.7129,64.8518,64.8518,120.3141,218.0974
THFR_NE,HYPERNETS,PACE,432,RHOW,59,59,9,9,2.1284,1.0361,4.0062,8.7761,19.2252,-0.088796,-0.036457,-0.012565,NA,TRUE,TRUE,0.008325,0.005479,105.8728,-0.521148,-0.218548,0.67776,0.418055,0.61478,0.92127,-108.833,-27.9669,67.776,67.776,108.833,220.0984
THFR_NE,HYPERNETS,PACE,433,RHOW,59,59,9,9,2.1491,1.0435,4.0432,8.857,19.402,-0.090471,-0.037279,-0.012997,NA,TRUE,TRUE,0.008219,0.005409,103.8769,-0.525706,-0.223261,0.59616,0.430324,0.59616,0.934788,-110.8396,-28.7434,59.616,59.616,110.8396,214.4844
THFR_NE,HYPERNETS,PACE,434,RHOW,59,59,9,9,2.0462,0.869,3.9809,8.7325,19.1555,-0.090219,-0.037159,-0.012971,NA,TRUE,TRUE,0.008117,0.005348,101.8176,-0.528594,-0.22796,0.541772,0.441925,0.541772,0.949253,-112.1313,-29.5269,54.1772,54.1772,112.1313,207.4773
THFR_NE,HYPERNETS,PACE,435,RHOW,59,59,9,9,1.8873,0.6037,3.9165,8.6117,18.9356,-0.089842,-0.036939,-0.012879,NA,TRUE,TRUE,0.008026,0.005294,100.1923,-0.531479,-0.231854,0.489095,0.4534,0.531479,0.963062,-113.4378,-30.1836,48.9095,48.9095,113.4378,201.8905
THFR_NE,HYPERNETS,PACE,436,RHOW,59,59,9,9,1.8253,0.847,3.8598,8.4924,18.685,-0.08906,-0.036569,-0.012712,NA,TRUE,TRUE,0.007931,0.005238,98.8315,-0.5382,-0.209991,0.496572,0.468454,0.5382,0.940374,-116.544,-26.5809,49.6572,49.6572,116.544,199.6348
THFR_NE,HYPERNETS,PACE,437,RHOW,59,59,9,9,1.9472,1.1353,3.7635,8.2534,18.0998,-0.087104,-0.035834,-0.012456,NA,TRUE,TRUE,0.007805,0.005155,96.1413,-0.544758,-0.190601,0.503883,0.483413,0.544758,0.917841,-119.6632,-23.5485,50.3883,50.3883,119.6632,207.0736
THFR_NE,HYPERNETS,PACE,438,RHOW,59,59,9,9,1.7031,0.9629,3.8137,8.4057,18.5272,-0.091599,-0.037629,-0.013143,NA,TRUE,TRUE,0.007826,0.005208,95.1486,-0.548915,-0.204625,0.468236,0.468236,0.548915,0.899374,-121.6877,-25.7268,46.8236,46.8236,121.6877,206.6778
THFR_NE,HYPERNETS,PACE,439,RHOW,59,59,9,9,1.6966,1.0292,3.8873,8.5736,18.9096,-0.094518,-0.038896,-0.013676,NA,TRUE,TRUE,0.00784,0.005212,94.5587,-0.55041,-0.218239,0.453276,0.453276,0.55041,0.878325,-122.425,-27.9163,45.3276,45.3276,122.425,198.6884
THFR_NE,HYPERNETS,PACE,440,RHOW,59,59,9,9,1.6231,1.027,3.8568,8.5146,18.7976,-0.094488,-0.03881,-0.013589,NA,TRUE,TRUE,0.007859,0.005214,94.1376,-0.551891,-0.222464,0.452563,0.452563,0.551891,0.858058,-123.1601,-28.6114,45.2563,45.2563,123.1601,187.3944
THFR_NE,HYPERNETS,PACE,441,RHOW,59,59,9,9,1.5498,1.0625,3.793,8.3797,18.5132,-0.093446,-0.03828,-0.01331,NA,TRUE,TRUE,0.007762,0.005171,93.0193,-0.532122,-0.227652,0.480388,0.464367,0.532122,0.835128,-113.7311,-29.4753,48.0388,48.0388,113.7311,184.2084
THFR_NE,HYPERNETS,PACE,442,RHOW,59,59,9,9,1.5844,1.1738,3.7579,8.2957,18.3134,-0.092818,-0.038007,-0.013179,NA,TRUE,TRUE,0.007657,0.005111,91.512200000000007,-0.512477,-0.232833,0.495749,0.436042,0.512477,0.812111,-105.1185,-30.3497,49.5749,49.5749,105.1185,181.1266
THFR_NE,HYPERNETS,PACE,443,RHOW,59,59,9,9,1.455,1.0446,3.7777,8.3572,18.4879,-0.094713,-0.038737,-0.013434,NA,TRUE,TRUE,0.00761,0.00507,90.0656,-0.493948,-0.232445,0.504339,0.416308,0.504339,0.799435,-97.6083,-30.2838,50.4339,50.4339,97.6083,173.9575
THFR_NE,HYPERNETS,PACE,444,RHOW,59,59,9,9,1.4081,0.9676,3.6323,8.0343,17.7713,-0.091593,-0.037302,-0.012757,NA,TRUE,TRUE,0.007547,0.005011,88.2406,-0.476198,-0.230852,0.537487,0.396878,0.537487,0.786945,-90.9119,-30.014,53.7487,53.7487,90.9119,171.7293
THFR_NE,HYPERNETS,PACE,445,RHOW,59,59,9,9,1.3297,0.8864,3.6822,8.1563,18.0664,-0.094933,-0.038715,-0.013335,NA,TRUE,TRUE,0.007487,0.004983,86.4991,-0.463376,-0.246689,0.533916,0.386017,0.533916,0.774165,-86.3503,-32.7473,53.3916,53.3916,86.3503,168.2094
THFR_NE,HYPERNETS,PACE,446,RHOW,59,59,9,9,1.1245,0.6169,3.6101,8.0152,17.7954,-0.094588,-0.038468,-0.013191,NA,TRUE,TRUE,0.007354,0.004899,84.0375,-0.4536,-0.255584,0.504419,0.393566,0.504419,0.771505,-83.0162,-34.3335,50.4419,50.4419,83.0162,162.4992
THFR_NE,HYPERNETS,PACE,447,RHOW,59,59,9,9,1.0494,0.489,3.5358,7.8552,17.451,-0.09312,-0.037794,-0.01289,NA,TRUE,TRUE,0.007217,0.004804,81.8725,-0.443929,-0.264433,0.476412,0.403342,0.473174,0.765049,-79.8332,-35.9495,47.6412,47.6412,79.8332,159.1374
THFR_NE,HYPERNETS,PACE,448,RHOW,59,59,9,9,0.9922,0.4746,3.4855,7.7471,17.2193,-0.092444,-0.037501,-0.012781,NA,TRUE,TRUE,0.007147,0.004776,80.9208,-0.452894,-0.277276,0.436246,0.421299,0.452894,0.764494,-82.7799,-38.3655,43.6246,43.6246,82.7799,156.0564
THFR_NE,HYPERNETS,PACE,449,RHOW,59,59,9,9,0.8859,0.4223,3.3587,7.4711,16.619,-0.089998,-0.036398,-0.012303,NA,TRUE,TRUE,0.007077,0.004742,79.4554,-0.458859,-0.283493,0.382959,0.382959,0.458859,0.768706,-84.7948,-39.566,38.2959,39.566,84.7948,152.0333
THFR_NE,HYPERNETS,PACE,450,RHOW,59,59,9,9,0.8418,0.3713,3.4366,7.6494,17.0267,-0.093138,-0.037813,-0.012958,NA,TRUE,TRUE,0.007011,0.004715,78.5787,-0.46477,-0.289667,0.331398,0.331398,0.46477,0.767454,-86.8357,-40.7791,33.1398,40.7791,86.8357,149.4733
THFR_NE,HYPERNETS,PACE,451,RHOW,59,59,9,9,0.8039,0.4367,3.4148,7.6034,16.9296,-0.093202,-0.037838,-0.012974,NA,TRUE,TRUE,0.006899,0.004643,77.0353,-0.445861,-0.280865,0.309542,0.309542,0.445861,0.757254,-80.4603,-39.0559,30.9542,39.0559,80.4603,144.5015
THFR_NE,HYPERNETS,PACE,452,RHOW,59,59,9,9,0.9078,0.633,3.2935,7.3229,16.282,-0.092079,-0.037408,-0.012819,NA,TRUE,TRUE,0.006745,0.00461,74.4534,-0.438157,-0.289053,0.257744,0.289053,0.438157,0.749968,-77.9855,-40.6575,25.7744,40.6575,77.9855,135.5634
THFR_NE,HYPERNETS,PACE,453,RHOW,59,59,9,9,0.8936,0.6041,3.2962,7.3301,16.301,-0.093165,-0.037875,-0.013013,NA,TRUE,TRUE,0.006682,0.00459,73.3781,-0.430043,-0.290498,0.26595800000000003,0.290498,0.430043,0.73971,-75.4519,-40.9438,26.5958,40.9438,75.4519,132.1416
THFR_NE,HYPERNETS,PACE,454,RHOW,59,59,9,9,0.8334,0.6406,3.2494,7.23,16.0868,-0.092411,-0.0375,-0.012821,NA,TRUE,TRUE,0.006627,0.004548,72.442,-0.413692,-0.291938,0.253863,0.291938,0.413692,0.729022,-70.5589,-41.2307,25.3863,41.2307,70.5589,130.4565
THFR_NE,HYPERNETS,PACE,455,RHOW,59,59,9,9,0.7508,0.6374,3.1809,7.0824,15.7694,-0.090787,-0.036727,-0.012447,NA,TRUE,TRUE,0.006578,0.00452,71.8582,-0.397361,-0.300663,0.26603,0.300663,0.397361,0.718532,-65.9368,-42.9925,26.603,42.9925,65.9368,128.7748
THFR_NE,HYPERNETS,PACE,456,RHOW,59,59,9,9,0.6615,0.5632,3.1663,7.0558,15.7229,-0.091143,-0.036851,-0.012487,NA,TRUE,TRUE,0.006502,0.00451,71.2825,-0.402133,-0.326292,0.281256,0.326292,0.402133,0.706168,-67.2613,-48.4322,28.1256,48.4322,67.2613,125.3383
THFR_NE,HYPERNETS,PACE,457,RHOW,59,59,9,9,0.6556,0.5092,3.123,6.959,15.5067,-0.090437,-0.036537,-0.012348,NA,TRUE,TRUE,0.006415,0.0045,70.6187,-0.406845,-0.351665,0.296333,0.351665,0.406845,0.693955,-68.59,-54.2411,29.6333,54.2411,68.59,124.2386
THFR_NE,HYPERNETS,PACE,458,RHOW,59,59,9,9,0.4939,0.364,3.0872,6.8879,15.3677,-0.091177,-0.036797,-0.012423,NA,TRUE,TRUE,0.006319,0.004461,68.9386,-0.411113,-0.347282,0.270262,0.347282,0.411113,0.687094,-69.8119,-53.2056,27.0262,53.2056,69.8119,120.7529
THFR_NE,HYPERNETS,PACE,459,RHOW,59,59,9,9,0.4514,0.2732,2.966,6.6186,14.7691,-0.088359,-0.035509,-0.011825,NA,TRUE,TRUE,0.006213,0.004403,67.1656,-0.41585,-0.338671,0.262981,0.338671,0.41585,0.681337,-71.1888,-51.2108,26.2981,51.2108,71.1888,118.7106
THFR_NE,HYPERNETS,PACE,460,RHOW,59,59,9,9,0.366,0.1917,2.8844,6.4395,14.3764,-0.086142,-0.034478,-0.011337,NA,TRUE,TRUE,0.006122,0.004344,65.9979,-0.418381,-0.330076,0.278236,0.330076,0.418381,0.670809,-71.934,-49.2706,27.8236,49.2706,71.934,116.7468
THFR_NE,HYPERNETS,PACE,461,RHOW,59,59,9,9,0.2559,0.1518,2.7816,6.2131,13.878,-0.083839,-0.033391,-0.010805,NA,TRUE,TRUE,0.006021,0.004275,64.3004,-0.401117,-0.315437,0.281135,0.315437,0.401117,0.649129,-66.9776,-46.0787,28.1135,46.0787,66.9776,112.7618
THFR_NE,HYPERNETS,PACE,462,RHOW,59,59,10,10,0.447,0.7103,3.1278,6.576,13.8257,-0.084315,-0.036532,-0.013805,NA,TRUE,TRUE,0.005959,0.004404,66.3059,-0.390717,-0.304599,0.198947,0.304844,0.388489,0.904044,-64.1306,-43.816,18.3907,42.8107,63.5337,149.5205
THFR_NE,HYPERNETS,PACE,463,RHOW,59,59,10,10,0.39,0.6518,3.1647,6.6562,13.9996,-0.086067,-0.037351,-0.014188,NA,TRUE,TRUE,0.005918,0.004394,65.8878,-0.397999,-0.309018,0.186268,0.307849,0.391375,0.896653,-66.1423,-44.7223,17.1244,44.4778,64.3437,146.4687
THFR_NE,HYPERNETS,PACE,464,RHOW,59,59,10,10,0.4171,0.7132,3.068,6.4512,13.5652,-0.084507,-0.036621,-0.013848,NA,TRUE,TRUE,0.005866,0.004401,65.0363,-0.40856,-0.312794,0.163392,0.312535,0.397336,0.891087,-69.1679,-45.5169,14.8029,45.4619,66.0451,146.4857
THFR_NE,HYPERNETS,PACE,465,RHOW,59,59,10,10,0.3409,0.6147,2.9995,6.3098,13.2731,-0.083275,-0.03602,-0.013555,NA,TRUE,TRUE,0.00583,0.004403,64.5636,-0.413526,-0.31532,0.159116,0.314248,0.399591,0.884957,-70.6506,-46.0543,14.2699,45.8259,66.7328,145.2155
THFR_NE,HYPERNETS,PACE,466,RHOW,59,59,10,10,0.3545,0.434,2.93,6.1629,12.9625,-0.082373,-0.035601,-0.013364,NA,TRUE,TRUE,0.005735,0.004362,62.9415,-0.408689,-0.314703,0.132239,0.313866,0.395013,0.870658,-69.2475,-45.9226,11.6641,45.7444,65.462,142.5693
THFR_NE,HYPERNETS,PACE,467,RHOW,59,59,10,10,0.2615,0.3744,2.8935,6.0888,12.8126,-0.081787,-0.035307,-0.01322,NA,TRUE,TRUE,0.005656,0.004318,62.0523,-0.406508,-0.31254,0.122621,0.311677,0.392205,0.856674,-68.6365,-45.4635,10.7852,45.281,64.7118,140.7155
THFR_NE,HYPERNETS,PACE,468,RHOW,59,59,10,10,0.251,0.3809,2.8462,5.9894,12.6038,-0.080761,-0.034796,-0.012953,NA,TRUE,TRUE,0.005618,0.004285,61.2938,-0.405159,-0.304005,0.118091,0.300689,0.392154,0.851489,-68.2294,-43.6857,10.4126,43.0027,64.6661,136.5525
THFR_NE,HYPERNETS,PACE,469,RHOW,59,59,10,10,0.2577,0.4426,2.8052,5.903,12.4214,-0.080092,-0.034457,-0.01277,NA,TRUE,TRUE,0.005577,0.004261,60.603,-0.403916,-0.29799,0.110056,0.289275,0.390917,0.838904,-67.878,-42.492,9.5681,40.7337,64.331,131.6768
THFR_NE,HYPERNETS,PACE,470,RHOW,59,59,10,10,0.2985,0.298,2.7705,5.8286,12.2622,-0.080412,-0.034595,-0.012817,NA,TRUE,TRUE,0.005534,0.004251,59.2795,-0.410561,-0.295479,0.091594,0.285981,0.395842,0.823589,-69.8065,-41.9921,7.8742,40.0902,65.7164,129.0776
THFR_NE,HYPERNETS,PACE,471,RHOW,59,59,10,10,0.1869,0.1772,2.6894,5.6607,11.9148,-0.078628,-0.0337,-0.012355,NA,TRUE,TRUE,0.005493,0.004224,58.4402,-0.406275,-0.28889,0.094559,0.278536,0.388584,0.804298,-68.6443,-40.6849,8.1119,38.6508,63.8294,124.8699
THFR_NE,HYPERNETS,PACE,472,RHOW,59,59,10,10,0.1735,0.1851,2.6233,5.5217,11.6225,-0.076938,-0.032869,-0.011932,NA,TRUE,TRUE,0.005436,0.004171,57.4167,-0.399412,-0.277695,0.095592,0.263663,0.379654,0.783771,-66.7632,-38.5503,8.1768,35.8834,61.5284,119.8674
THFR_NE,HYPERNETS,PACE,473,RHOW,59,59,10,10,0.082,0.1094,2.539,5.3456,11.2544,-0.07493,-0.031889,-0.011446,NA,TRUE,TRUE,0.005407,0.004158,56.7921,-0.391269,-0.275627,0.089889,0.26246,0.37433,0.770274,-64.4603,-38.1418,7.5952,35.6523,60.0635,117.1669
THFR_NE,HYPERNETS,PACE,474,RHOW,59,59,10,10,0.0274,0.0251,2.5583,5.3865,11.3414,-0.076191,-0.032468,-0.011703,NA,TRUE,TRUE,0.005366,0.004136,56.0379,-0.383608,-0.275641,0.087815,0.263184,0.369707,0.742126,-62.3548,-38.1348,7.3433,35.7787,58.8108,111.3942
THFR_NE,HYPERNETS,PACE,475,RHOW,59,59,10,10,0.1033,0.1211,2.5277,5.3216,11.2034,-0.075774,-0.032258,-0.011588,NA,TRUE,TRUE,0.005304,0.004099,55.1009,-0.37526,-0.275658,0.078104,0.263903,0.362722,0.728232,-60.1609,-38.1292,6.4019,35.9049,57.0391,107.736
THFR_NE,HYPERNETS,PACE,476,RHOW,59,59,11,11,-0.9203,-5.3549,-9.6387,-4.8566,-2.4471,0.025267,0.043688,0.080246,NA,TRUE,TRUE,0.005746,0.004537,58.1216,-0.449295,-0.283699,-0.018279,0.258018,0.368308,0.813025,-83.5813,-39.6061,-3.946,34.855,58.305,136.683
THFR_NE,HYPERNETS,PACE,477,RHOW,59,59,11,11,-0.8984,-2.8234,-9.4533,-4.7627,-2.3995,0.025125,0.043292,0.079351,NA,TRUE,TRUE,0.005652,0.004461,56.7944,-0.430474,-0.263879,-0.006289,0.2436,0.346055,0.798965,-77.5458,-35.8473,-2.7894,32.2528,52.918,131.6392
THFR_NE,HYPERNETS,PACE,478,RHOW,59,59,11,11,-0.8119,-2.445,-9.3364,-4.6956,-2.3616,0.024949,0.042989,0.078859,NA,TRUE,TRUE,0.005559,0.004395,55.5657,-0.429148,-0.262822,-0.008166,0.245934,0.344563,0.783494,-77.1321,-35.6524,-2.6723,32.6477,52.5701,128.9032
THFR_NE,HYPERNETS,PACE,479,RHOW,59,59,12,12,-0.3322,1.1774,-8.9399,-4.644,-2.4124,0.024728,0.041909,0.074984,NA,TRUE,TRUE,0.005618,0.004563,58.6355,-0.587543,-0.287618,-0.100608,0.254765,0.433673,0.835913,-158.1854,-40.4706,-12.6421,34.2008,64.0851,199.3347
THFR_NE,HYPERNETS,PACE,480,RHOW,59,59,12,12,-0.2663,0.3123,-8.6775,-4.5055,-2.3394,0.024444,0.041357,0.073932,NA,TRUE,TRUE,0.005556,0.004547,57.5904,-0.587374,-0.294945,-0.100488,0.266941,0.436375,0.826452,-156.5331,-41.906,-12.393,36.4256,63.5792,189.4703
THFR_NE,HYPERNETS,PACE,481,RHOW,59,59,12,12,-0.2896,0.1109,-8.5376,-4.4339,-2.3027,0.024268,0.041004,0.073229,NA,TRUE,TRUE,0.005508,0.004525,57.028,-0.587835,-0.300214,-0.107029,0.280795,0.438872,0.815865,-155.3825,-42.9204,-13.1474,39.0669,63.0624,184.6875
THFR_NE,HYPERNETS,PACE,482,RHOW,59,59,12,12,-0.302,0.0283,-8.3881,-4.3569,-2.2631,0.024015,0.040505,0.072253,NA,TRUE,TRUE,0.005452,0.004492,56.4559,-0.585536,-0.306084,-0.111516,0.295411,0.433596,0.806239,-153.0541,-44.1096,-13.7036,41.9739,61.1145,180.783
THFR_NE,HYPERNETS,PACE,483,RHOW,59,59,12,12,-0.3472,-0.0551,-8.305,-4.3158,-2.2428,0.024031,0.040454,0.072058,NA,TRUE,TRUE,0.005419,0.004469,55.8754,-0.57835,-0.301096,-0.10772,0.290107,0.426123,0.793384,-147.7242,-43.0825,-13.2553,40.893,59.6209,177.0425
THFR_NE,HYPERNETS,PACE,484,RHOW,59,59,12,12,-0.2275,0.0941,-8.2055,-4.2597,-2.2113,0.023965,0.040299,0.071764,NA,TRUE,TRUE,0.005349,0.004426,54.938,-0.570868,-0.298615,-0.103188,0.284391,0.418787,0.779503,-142.3463,-42.5853,-12.7083,39.755,58.179,169.352
THFR_NE,HYPERNETS,PACE,485,RHOW,59,59,12,12,-0.2622,0.0813,-7.9348,-4.1206,-2.1398,0.024004,0.040297,0.071672,NA,TRUE,TRUE,0.005389,0.004505,54.2073,-0.573993,-0.308979,-0.129021,0.303183,0.423087,0.773475,-143.5223,-44.7134,-16.1509,43.5205,55.3026,164.5211
THFR_NE,HYPERNETS,PACE,486,RHOW,59,59,12,12,-0.2744,-0.0384,-7.8459,-4.075,-2.1165,0.024021,0.040226,0.071427,NA,TRUE,TRUE,0.005336,0.004469,53.4781,-0.558276,-0.305279,-0.114957,0.2981,0.408671,0.755723,-133.5487,-43.9441,-14.3453,42.4775,53.8973,157.4289
THFR_NE,HYPERNETS,PACE,487,RHOW,59,59,12,12,-0.2935,-0.1458,-7.7641,-4.0334,-2.0953,0.024016,0.040112,0.071094,NA,TRUE,TRUE,0.00528,0.00442,52.7136,-0.542567,-0.287462,-0.099249,0.280969,0.404913,0.737499,-124.433,-40.3493,-12.3654,39.076,54.8982,151.5187
THFR_NE,HYPERNETS,PACE,488,RHOW,59,59,12,12,-0.2916,-0.1723,-7.5898,-3.943,-2.0485,0.023639,0.039393,0.069717,NA,TRUE,TRUE,0.005197,0.004372,52.059,-0.539136,-0.28852,-0.094824,0.283037,0.406281,0.733541,-122.5917,-40.5525,-11.8309,39.4829,54.8179,146.9501
THFR_NE,HYPERNETS,PACE,489,RHOW,59,59,12,12,-0.2969,-0.2043,-7.4221,-3.8564,-2.0037,0.023285,0.038715,0.068414,NA,TRUE,TRUE,0.005118,0.004327,51.422,-0.535963,-0.289542,-0.090409,0.280895,0.40756,0.730328,-120.9693,-40.7556,-11.3028,39.0745,54.7138,142.6125
THFR_NE,HYPERNETS,PACE,490,RHOW,59,59,12,12,-0.2632,-0.1743,-7.2451,-3.7633,-1.9548,0.022954,0.038098,0.067253,NA,TRUE,TRUE,0.005042,0.004278,50.524,-0.535097,-0.292157,-0.090442,0.278578,0.41037,0.727229,-120.3496,-41.2795,-11.239,38.6372,53.6486,137.7585
THFR_NE,HYPERNETS,PACE,491,RHOW,59,59,12,12,-0.27,-0.1684,-7.1267,-3.7023,-1.9233,0.022828,0.037824,0.066691,NA,TRUE,TRUE,0.004962,0.004243,49.7816,-0.529775,-0.294051,-0.086484,0.278335,0.408681,0.719798,-117.9386,-41.6725,-10.7654,38.575,52.915,133.9095
THFR_NE,HYPERNETS,PACE,492,RHOW,59,59,12,12,-0.2173,-0.0875,-6.8916,-3.5785,-1.8581,0.022533,0.037242,0.065572,NA,TRUE,TRUE,0.004899,0.004232,48.9741,-0.526577,-0.301401,-0.098946,0.279897,0.410988,0.714913,-116.6413,-43.1956,-12.336,38.8719,52.9716,128.243
THFR_NE,HYPERNETS,PACE,493,RHOW,59,59,12,12,-0.172,-0.021,-6.7382,-3.4975,-1.8154,0.022289,0.036763,0.064647,NA,TRUE,TRUE,0.004846,0.004212,48.4229,-0.525992,-0.30623,-0.0945,0.284089,0.412217,0.706489,-115.9124,-44.1956,-11.7465,39.6856,52.6465,123.3097
THFR_NE,HYPERNETS,PACE,494,RHOW,59,59,12,12,-0.1763,-0.0176,-6.6758,-3.4653,-1.7988,0.022209,0.036586,0.064284,NA,TRUE,TRUE,0.004789,0.004177,47.9024,-0.523412,-0.304551,-0.089378,0.28394200000000003,0.411183,0.697393,-114.3409,-43.8454,-11.0994,39.6545,52.0715,119.8902
THFR_NE,HYPERNETS,PACE,495,RHOW,59,59,12,12,-0.19,-0.0125,-6.6215,-3.4376,-1.7847,0.022166,0.036479,0.064047,NA,TRUE,TRUE,0.00474,0.004156,47.5378,-0.520846,-0.304287,-0.090785,0.286327,0.410154,0.688421,-112.8199,-43.7816,-11.3353,40.1204,51.7672,116.5387
THFR_NE,HYPERNETS,PACE,496,RHOW,59,59,12,12,-0.1675,0.0083,-6.8972,-3.5798,-1.858,0.02307,0.0381,0.067059,NA,TRUE,TRUE,0.004847,0.00421,47.7494,-0.519465,-0.303062,-0.094667,0.279687,0.412505,0.67819,-111.7502,-43.5617,-11.735900000000001,38.8286,51.8077,122.2348
THFR_NE,HYPERNETS,PACE,497,RHOW,59,59,12,12,-0.1168,0.0732,-7.2147,-3.7433,-1.9422,0.024039,0.039853,0.070331,NA,TRUE,TRUE,0.004948,0.004236,47.7504,-0.515806,-0.300017,-0.097195,0.273604,0.409845,0.666594,-109.7086,-42.96,-11.9069,37.6659,50.9997,127.7352
THFR_NE,HYPERNETS,PACE,498,RHOW,59,59,12,12,-0.141,0.0375,-7.1044,-3.6866,-1.913,0.023984,0.03971,0.070017,NA,TRUE,TRUE,0.004884,0.004224,47.1834,-0.512515,-0.303429,-0.106063,0.275048,0.407363,0.658739,-108.1313,-43.6796,-13.172,37.9402,52.0353,123.0284
THFR_NE,HYPERNETS,PACE,499,RHOW,59,59,12,12,-0.1403,0.0344,-6.8898,-3.5753,-1.8553,0.023573,0.038888,0.068401,NA,TRUE,TRUE,0.0048,0.004174,46.435,-0.507762,-0.303094,-0.104379,0.275364,0.403344,0.652982,-106.152,-43.5993,-12.9541,38.0006,51.2606,119.3606
THFR_NE,HYPERNETS,PACE,500,RHOW,59,59,12,12,-0.13,0.0514,-6.6064,-3.4282,-1.7789,0.023004,0.037762,0.066201,NA,TRUE,TRUE,0.004722,0.004126,45.6594,-0.503534,-0.303328,-0.103024,0.276543,0.39623,0.645151,-104.2329,-43.6327,-12.7825,38.2263,50.4942,115.1603
THFR_NE,HYPERNETS,PACE,501,RHOW,59,59,13,13,0.6695,4.7163,1.7677,3.2558,5.9967,-0.046438,-0.022164,-0.008984,NA,TRUE,TRUE,0.004767,0.004233,48.4175,-0.616904,-0.313565,-0.178293,0.270764,0.443081,0.644582,-161.0309,-45.6801,-21.6978,37.1299,50.6541,161.0309
THFR_NE,HYPERNETS,PACE,502,RHOW,59,59,13,13,0.6885,3.1657,1.7349,3.1914,5.8709,-0.045394,-0.021565,-0.008611,NA,TRUE,TRUE,0.004619,0.004113,46.8936,-0.59257,-0.298952,-0.157411,0.261546,0.432833,0.618841,-145.4407,-42.6435,-18.6819,35.418,49.2504,145.4407
THFR_NE,HYPERNETS,PACE,503,RHOW,59,59,14,14,1.0584,5.0128,1.8931,3.3334,5.8694,-0.045499,-0.023076,-0.010342,NA,TRUE,TRUE,0.004821,0.004306,49.8266,-0.601574,-0.315628,-0.17281,0.264887,0.42476,0.666148,-151.1063,-46.1465,-21.0151,35.9452,60.571,151.1063
THFR_NE,HYPERNETS,PACE,504,RHOW,59,59,14,14,1.0733,4.3448,1.8833,3.312,5.8248,-0.045152,-0.022884,-0.010222,NA,TRUE,TRUE,0.004753,0.004252,49.122,-0.591368,-0.315959,-0.166689,0.257714,0.419584,0.65499,-144.8575,-46.2279,-20.1206,34.7775,59.2989,144.8575
THFR_NE,HYPERNETS,PACE,505,RHOW,59,59,14,14,1.0752,3.9534,1.869,3.285,5.7737,-0.044722,-0.022626,-0.010055,NA,TRUE,TRUE,0.004688,0.004197,48.4124,-0.581193,-0.313235,-0.16151,0.250572,0.416215,0.643221,-138.9318,-45.6444,-19.3704,33.5284,57.3479,138.9318
THFR_NE,HYPERNETS,PACE,506,RHOW,59,59,14,14,1.0616,3.6567,1.8247,3.2046,5.6283,-0.043547,-0.021964,-0.009675,NA,TRUE,TRUE,0.004615,0.004143,47.6651,-0.563419,-0.313917,-0.164235,0.253125,0.410315,0.625276,-129.1409,-45.7655,-19.7883,33.5917,56.5544,129.1409
THFR_NE,HYPERNETS,PACE,507,RHOW,59,59,14,14,1.136,3.5899,1.8042,3.1501,5.5002,-0.042741,-0.021655,-0.009579,NA,TRUE,TRUE,0.004535,0.004084,46.6189,-0.544504,-0.322536,-0.168146,0.257569,0.38745,0.612072,-119.5769,-47.6102,-20.3407,32.7051,56.4984,119.5769
THFR_NE,HYPERNETS,PACE,508,RHOW,59,59,14,14,1.1404,3.5866,1.7898,3.1219,5.4455,-0.04231,-0.021444,-0.009481,NA,TRUE,TRUE,0.004508,0.004063,46.3433,-0.541693,-0.325704,-0.167259,0.258983,0.384614,0.609797,-118.2278,-48.3046,-20.2308,32.6673,57.3047,118.2278
THFR_NE,HYPERNETS,PACE,509,RHOW,59,59,14,14,1.1605,3.5878,1.7725,3.0845,5.3676,-0.041669,-0.021149,-0.009357,NA,TRUE,TRUE,0.004474,0.004035,45.9837,-0.538883,-0.327937,-0.164673,0.262216,0.381779,0.607353,-116.8953,-48.8003,-19.8693,33.0287,58.1193,116.8953
THFR_NE,HYPERNETS,PACE,510,RHOW,59,59,14,14,1.1547,3.5732,1.7539,3.0506,5.3058,-0.041149,-0.020872,-0.009213,NA,TRUE,TRUE,0.004449,0.004012,45.6975,-0.536178,-0.329926,-0.162011,0.26544,0.377723,0.604953,-115.6287,-49.2493,-19.4983,33.3966,59.0289,115.6287
THFR_NE,HYPERNETS,PACE,511,RHOW,59,59,14,14,1.1563,3.4426,1.7349,3.014,5.2362,-0.040567,-0.020573,-0.009064,NA,TRUE,TRUE,0.004415,0.003997,45.5162,-0.525797,-0.334318,-0.168978,0.276713,0.376926,0.596885,-110.8807,-50.2495,-20.4957,34.768,60.4639,110.8807
THFR_NE,HYPERNETS,PACE,512,RHOW,59,59,14,14,1.1778,3.3467,1.7201,2.9804,5.164,-0.040014,-0.020331,-0.00897,NA,TRUE,TRUE,0.004381,0.003982,45.2623,-0.525278,-0.340397,-0.171689,0.296267,0.383693,0.593581,-110.7005,-51.6498,-20.8611,35.1881,60.5542,110.7005
THFR_NE,HYPERNETS,PACE,513,RHOW,59,59,14,14,1.2054,3.2096,1.7109,2.9555,5.1054,-0.039514,-0.020099,-0.008859,NA,TRUE,TRUE,0.004321,0.00393,44.5749,-0.518039,-0.334649,-0.167028,0.298864,0.381408,0.58497,-107.5999,-50.3475,-20.1666,35.0578,59.4844,107.5999
THFR_NE,HYPERNETS,PACE,514,RHOW,59,59,14,14,1.2113,3.0747,1.6979,2.9289,5.0524,-0.039047,-0.019841,-0.008708,NA,TRUE,TRUE,0.004268,0.00388,43.939,-0.510048,-0.329224,-0.161496,0.301461,0.379759,0.576001,-104.277,-49.1418,-19.3557,34.9331,58.8738,104.277
THFR_NE,HYPERNETS,PACE,515,RHOW,59,59,14,14,1.2254,2.9801,1.7005,2.93,5.0485,-0.03913,-0.019896,-0.008734,NA,TRUE,TRUE,0.004229,0.003844,43.3314,-0.502443,-0.327542,-0.155972,0.305007,0.378121,0.570852,-101.2313,-48.7573,-18.5582,34.5878,58.0413,101.2313
THFR_NE,HYPERNETS,PACE,516,RHOW,59,59,14,14,1.1946,2.7251,1.6971,2.932,5.0653,-0.039631,-0.020035,-0.008693,NA,TRUE,TRUE,0.004223,0.003845,42.7778,-0.489638,-0.330219,-0.150678,0.300451,0.373118,0.548854,-96.1658,-49.352,-17.8505,35.623,59.6535,96.1658
THFR_NE,HYPERNETS,PACE,517,RHOW,59,59,14,14,1.2142,2.5762,1.7237,2.9777,5.1439,-0.040732,-0.020595,-0.008938,NA,TRUE,TRUE,0.004211,0.00383,42.0284,-0.471834,-0.330529,-0.147021,0.294414,0.36655,0.527605,-89.4912,-49.4025,-17.3559,35.7016,57.9649,89.4912
THFR_NE,HYPERNETS,PACE,518,RHOW,59,59,14,14,1.221,2.5331,1.691,2.913,5.0179,-0.039655,-0.020023,-0.008626,NA,TRUE,TRUE,0.004136,0.003773,41.2915,-0.462307,-0.330455,-0.143137,0.286872,0.363134,0.517677,-86.1331,-49.4026,-16.8247,34.8101,57.0672,86.1331
THFR_NE,HYPERNETS,PACE,519,RHOW,59,59,14,14,1.2341,2.5018,1.6657,2.8604,4.9118,-0.038724,-0.019542,-0.008371,NA,TRUE,TRUE,0.004058,0.00371,40.5122,-0.452833,-0.32866,-0.136919,0.279356,0.358006,0.507768,-82.91,-49.012,-15.992,33.9345,55.7873,82.91
THFR_NE,HYPERNETS,PACE,520,RHOW,59,59,14,14,1.2219,2.4456,1.6321,2.7989,4.7997,-0.037807,-0.019018,-0.008062,NA,TRUE,TRUE,0.003997,0.003664,39.8586,-0.444001,-0.328784,-0.131162,0.272925,0.354806,0.501332,-80.0137,-49.0374,-15.2377,33.2284,55.004,80.0137
THFR_NE,HYPERNETS,PACE,521,RHOW,59,59,14,14,1.2678,2.4039,1.622,2.7647,4.7126,-0.037164,-0.018758,-0.00796,NA,TRUE,TRUE,0.003926,0.003599,38.9013,-0.433238,-0.322734,-0.129558,0.261548,0.349205,0.48851,-76.6365,-47.7316,-15.0388,32.7888,53.6617,76.6365
THFR_NE,HYPERNETS,PACE,522,RHOW,59,59,14,14,1.2767,2.3489,1.5998000000000001,2.7182,4.6185,-0.036462,-0.018386,-0.007748,NA,TRUE,TRUE,0.00387,0.003551,38.1177,-0.425074,-0.314438,-0.125576,0.2555,0.343151,0.479018,-74.1669,-45.9607,-14.5591,32.3453,52.2449,74.1669
THFR_NE,HYPERNETS,PACE,523,RHOW,59,59,14,14,1.289,2.2959,1.589,2.6927,4.5629,-0.035936,-0.0181,-0.007574,NA,TRUE,TRUE,0.003783,0.003466,37.11,-0.409294,-0.307272,-0.115015,0.247136,0.338049,0.461209,-69.5548,-44.4463,-13.191,31.1427,51.0756,70.2949
THFR_NE,HYPERNETS,PACE,524,RHOW,59,59,14,14,1.2805,2.2246,1.574,2.6659,4.5154,-0.035452,-0.017781,-0.007348,NA,TRUE,TRUE,0.003704,0.003386,36.1763,-0.396752,-0.298951,-0.104681,0.238221,0.32752,0.443498,-65.9902,-42.7357,-11.885,30.0934,48.4798,67.2842
THFR_NE,HYPERNETS,PACE,525,RHOW,59,59,14,14,1.221,2.1135,1.5406,2.6205,4.4573,-0.035089,-0.017414,-0.007023,NA,TRUE,TRUE,0.003672,0.003353,35.5521,-0.389207,-0.287177,-0.101329,0.236875,0.325871,0.426873,-63.8494,-40.3577,-11.4409,30.3271,46.2327,64.8074
THFR_NE,HYPERNETS,PACE,526,RHOW,59,59,15,15,1.5629,5.243,1.6747,2.6771,4.2794,-0.033639,-0.01827,-0.008655,NA,TRUE,TRUE,0.003972,0.003574,38.8703,-0.409269,-0.299147,-0.119006,0.241904,0.331552,0.473016,-69.3286,-42.6834,-13.7477,30.6545,49.6004,69.3286
THFR_NE,HYPERNETS,PACE,527,RHOW,59,59,15,15,1.5394,3.8308,1.6567,2.6516,4.244,-0.033377,-0.018021,-0.008426,NA,TRUE,TRUE,0.003894,0.003501,37.84,-0.397495,-0.284932,-0.104611,0.236188,0.333267,0.46263,-65.9959,-39.8469,-11.9182,30.3706,48.2754,65.9959
THFR_NE,HYPERNETS,PACE,528,RHOW,59,59,15,15,1.5455,3.6538,1.6565,2.6482,4.2335,-0.033336,-0.018004,-0.008413,NA,TRUE,TRUE,0.003867,0.003475,37.4193,-0.394121,-0.273327,-0.103829,0.233627,0.326304,0.462565,-65.0825,-37.6135,-11.8251,29.8772,48.435,65.0825
THFR_NE,HYPERNETS,PACE,529,RHOW,59,59,15,15,1.5492,3.5015,1.6522,2.6373,4.2099,-0.03312,-0.017885,-0.008341,NA,TRUE,TRUE,0.003832,0.00344,36.9676,-0.390124,-0.261728,-0.102104,0.230001,0.326422,0.46212,-64.0095,-35.4514,-11.6221,29.4856,48.4609,64.0095
THFR_NE,HYPERNETS,PACE,530,RHOW,59,59,15,15,1.5491,3.3428,1.6331,2.5976,4.1318,-0.032443,-0.017529,-0.008153,NA,TRUE,TRUE,0.003795,0.003409,36.4907,-0.386869,-0.250784,-0.102,0.226471,0.325868,0.453573,-63.1438,-33.4729,-11.6362,29.0971,48.3389,63.1438
THFR_NE,HYPERNETS,PACE,531,RHOW,59,59,15,15,1.5333,3.162,1.6253,2.5896,4.1262,-0.032488,-0.017483,-0.008065,NA,TRUE,TRUE,0.003792,0.003408,36.275,-0.381539,-0.239787,-0.103982,0.222377,0.329398,0.454749,-61.7359,-31.5421,-11.9071,28.0722,48.7907,61.7359
THFR_NE,HYPERNETS,PACE,532,RHOW,59,59,15,15,1.5484,3.0332,1.6368,2.6057,4.1482,-0.032881,-0.01772,-0.008197,NA,TRUE,TRUE,0.003793,0.003411,36.0225,-0.373998,-0.237791,-0.10786,0.213731,0.331674,0.449679,-59.7737,-31.1976,-12.3722,26.8359,49.2409,59.7737
THFR_NE,HYPERNETS,PACE,533,RHOW,59,59,15,15,1.5323,2.9129,1.6074,2.5527,4.0541,-0.032085,-0.017258,-0.007923,NA,TRUE,TRUE,0.003739,0.00337,35.4074,-0.36586,-0.236419,-0.106849,0.211903,0.331649,0.433222,-57.7106,-30.9618,-12.2038,26.1797,48.5044,57.7106
THFR_NE,HYPERNETS,PACE,534,RHOW,59,59,15,15,1.5071,2.8045,1.5845,2.5182,4.0021,-0.031584,-0.016902,-0.007665,NA,TRUE,TRUE,0.003685,0.003324,34.85,-0.3563,-0.235055,-0.102924,0.210766,0.33269,0.422631,-55.3564,-30.7284,-11.6738,25.4852,47.7764,55.3564
THFR_NE,HYPERNETS,PACE,535,RHOW,59,59,15,15,1.4857,2.7003,1.5556,2.4689,3.9186,-0.030785,-0.01641,-0.007353,NA,TRUE,TRUE,0.003623,0.003272,34.2297,-0.345154,-0.233823,-0.099002,0.210575,0.331219,0.408578,-52.7086,-30.5181,-11.1525,24.9711,46.9753,52.7086
THFR_NE,HYPERNETS,PACE,536,RHOW,59,59,15,15,1.4631,2.6082,1.5203,2.407,3.8108,-0.029798,-0.015823,-0.006997,NA,TRUE,TRUE,0.00354,0.003191,33.2755,-0.334856,-0.232786,-0.096427,0.204324,0.32332,0.392798,-50.3449,-30.3417,-10.8304,22.9604,44.7777,50.3449
THFR_NE,HYPERNETS,PACE,537,RHOW,59,59,15,15,1.4528,2.503,1.4781,2.3227,3.6498,-0.028272,-0.015009,-0.006569,NA,TRUE,TRUE,0.003436,0.003092,32.1478,-0.322706,-0.231749,-0.091015,0.199892,0.3186,0.361632,-47.6465,-30.1659,-10.177,22.1973,39.9817,47.6465
THFR_NE,HYPERNETS,PACE,538,RHOW,59,59,15,15,1.4457,2.4736,1.4753,2.3209,3.6511,-0.02834,-0.015009,-0.006535,NA,TRUE,TRUE,0.003429,0.003083,31.9715,-0.321372,-0.233531,-0.088206,0.202751,0.315964,0.360451,-47.3569,-30.4684,-9.858,22.4694,39.7388,47.3569
THFR_NE,HYPERNETS,PACE,539,RHOW,59,59,15,15,1.4466,2.4493,1.4772,2.3243,3.6573,-0.028499,-0.015088,-0.006565,NA,TRUE,TRUE,0.003425,0.003074,31.7511,-0.319747,-0.235304,-0.085876,0.201174,0.313329,0.357851,-47.0069,-30.7709,-9.6046,22.2308,39.1835,47.0069
THFR_NE,HYPERNETS,PACE,540,RHOW,59,59,15,15,1.4319,2.3937,1.4534,2.2818,3.5825,-0.027845,-0.014707,-0.006339,NA,TRUE,TRUE,0.003406,0.003057,31.4706,-0.320982,-0.235801,-0.080826,0.200964,0.311643,0.349258,-47.2806,-30.8559,-8.977,22.1004,36.9999,47.2806
THFR_NE,HYPERNETS,PACE,541,RHOW,59,59,15,15,1.3994,2.2962,1.4276,2.2456,3.5322,-0.027359,-0.014338,-0.00606,NA,TRUE,TRUE,0.003374,0.003039,31.1811,-0.320917,-0.231991,-0.08058,0.20776,0.304923,0.349895,-47.2754,-30.2069,-8.9852,23.0674,36.8112,47.2754
THFR_NE,HYPERNETS,PACE,542,RHOW,59,59,15,15,1.3873,2.225,1.4132,2.2218,3.4929,-0.026962,-0.014081,-0.005888,NA,TRUE,TRUE,0.003332,0.003013,30.8513,-0.318228,-0.228183,-0.079386,0.215077,0.298204,0.35033,-46.6959,-29.5644,-8.8763,24.1066,36.3865,46.6959
THFR_NE,HYPERNETS,PACE,543,RHOW,59,59,15,15,1.3739,2.1641,1.4027,2.2071,3.4727,-0.026776,-0.013926,-0.00576,NA,TRUE,TRUE,0.003324,0.003008,30.6849,-0.316136,-0.229808,-0.079568,0.217144,0.296868,0.355743,-46.2503,-29.8377,-8.8816,24.3411,37.4308,46.2503
THFR_NE,HYPERNETS,PACE,544,RHOW,59,59,15,15,1.3767,2.1142,1.3973,2.1936,3.4438,-0.026503,-0.013785,-0.005684,NA,TRUE,TRUE,0.003304,0.002994,30.4346,-0.312194,-0.231429,-0.07974,0.218531,0.295197,0.356879,-45.4114,-30.1116,-8.8864,24.5758,37.6197,45.4114
THFR_NE,HYPERNETS,PACE,545,RHOW,59,59,15,15,1.3702,2.0589,1.3857,2.1724,3.4058,-0.026116,-0.013551,-0.005536,NA,TRUE,TRUE,0.003285,0.002976,30.1511,-0.309477,-0.231652,-0.076715,0.219149,0.293359,0.358435,-44.8435,-30.1494,-8.5139,24.8549,37.9241,44.8435
THFR_NE,HYPERNETS,PACE,546,RHOW,59,59,15,15,1.3348,2.0353,1.349,2.1144,3.314,-0.025208,-0.012983,-0.005183,NA,TRUE,TRUE,0.003229,0.002921,29.6594,-0.310147,-0.232462,-0.071206,0.212676,0.291898,0.333942,-44.9876,-30.2866,-7.8477,23.9948,33.6814,44.9876
THFR_NE,HYPERNETS,PACE,547,RHOW,59,59,15,15,1.3077,2.019,1.3185,2.0647,3.2333,-0.024394,-0.012487,-0.004884,NA,TRUE,TRUE,0.003173,0.00286,29.1354,-0.309761,-0.232696,-0.065695,0.205704,0.29043,0.324383,-44.9057,-30.3264,-7.1905,23.1136,32.5355,44.9057
THFR_NE,HYPERNETS,PACE,548,RHOW,59,59,15,15,1.3199,2.0099,1.3189,2.0579,3.211,-0.024109,-0.012367,-0.004842,NA,TRUE,TRUE,0.003136,0.002811,28.6823,-0.307374,-0.228833,-0.052409,0.203345,0.285227,0.324243,-44.4117,-29.6736,-5.6365,23.207,32.6153,44.4117
THFR_NE,HYPERNETS,PACE,549,RHOW,59,59,15,15,1.3092,1.9683,1.3091,2.0431,3.1887,-0.023799,-0.012151,-0.004688,NA,TRUE,TRUE,0.003111,0.002772,28.3447,-0.304822,-0.224626,-0.040956,0.200092,0.280197,0.327518,-43.892,-28.97,-4.3416,23.5491,33.304,43.892
THFR_NE,HYPERNETS,PACE,550,RHOW,59,59,15,15,1.3036,1.9438,1.3027,2.0327,3.1718,-0.023581,-0.012003,-0.004583,NA,TRUE,TRUE,0.003091,0.002738,28.0229,-0.303249,-0.222592,-0.030571,0.197064,0.277535,0.328881,-43.5735,-28.6326,-3.1997,23.5014,33.61,43.5735
THFR_NE,HYPERNETS,PACE,551,RHOW,59,59,15,15,1.2816,1.9127,1.2758,1.9875,3.0963,-0.022847,-0.011568,-0.004328,NA,TRUE,TRUE,0.003053,0.002707,27.7403,-0.301346,-0.226918,-0.024569,0.201938,0.264895,0.32758,-43.1999,-29.3523,-2.5633,23.048,33.2343,43.1999
THFR_NE,HYPERNETS,PACE,552,RHOW,59,59,15,15,1.2376,1.8613,1.2403,1.9375,3.0268,-0.022198,-0.0111,-0.003996,NA,TRUE,TRUE,0.003039,0.002692,27.5514,-0.303984,-0.230938,-0.019337,0.201939,0.265434,0.328743,-43.7812,-30.0285,-2.0139,22.2281,32.6729,43.7812
THFR_NE,HYPERNETS,PACE,553,RHOW,59,59,15,15,1.2082,1.8252,1.2107,1.8913,2.9544,-0.021513,-0.010666,-0.003722,NA,TRUE,TRUE,0.003015,0.002669,27.3198,-0.305648,-0.235575,-0.013997,0.18974,0.266321,0.327829,-44.1439,-30.8173,-1.4614,21.1278,32.1118,44.1439
THFR_NE,HYPERNETS,PACE,554,RHOW,59,59,15,15,1.1809,1.7776,1.1745,1.829,2.8483,-0.020471,-0.01006,-0.003375,NA,TRUE,TRUE,0.002946,0.0026,26.6291,-0.306845,-0.233481,-0.010035,0.174173,0.259286,0.317357,-44.3659,-30.4599,-1.0594,19.5854,30.4599,44.3659
THFR_NE,HYPERNETS,PACE,555,RHOW,59,59,15,15,1.1409,1.7183,1.1316,1.7601,2.7378,-0.019402,-0.009399,-0.002967,NA,TRUE,TRUE,0.002892,0.002539,25.9892,-0.309874,-0.232005,-0.006264,0.159247,0.248423,0.309874,-44.9843,-30.2091,-0.6794,19.033,30.2091,44.9843
THFR_NE,HYPERNETS,PACE,556,RHOW,59,59,15,15,1.1167,1.6749,1.1071,1.7217,2.6775,-0.018886,-0.00906,-0.002741,NA,TRUE,TRUE,0.002886,0.002519,25.6755,-0.311493,-0.230772,6.9e-4,0.16286,0.247271,0.311493,-45.3334,-30.0005,0.0397,18.8839,30.0005,45.3334
THFR_NE,HYPERNETS,PACE,557,RHOW,59,59,15,15,1.1082,1.6443,1.0916,1.6929,2.6252,-0.018431,-0.008806,-0.002599,NA,TRUE,TRUE,0.002867,0.002482,25.2179,-0.311724,-0.228354,0.003258,0.166062,0.24297,0.311724,-45.3758,-29.5931,0.3145,18.6568,29.5931,45.3758
THFR_NE,HYPERNETS,PACE,558,RHOW,59,59,15,15,1.0905,1.6103,1.0739,1.6652,2.5819,-0.018013,-0.008528,-0.002411,NA,TRUE,TRUE,0.002849,0.002453,24.8634,-0.313064,-0.224367,0.011275,0.168162,0.238323,0.313064,-45.6616,-28.9269,1.1226,18.3707,28.9269,45.6616
THFR_NE,HYPERNETS,PACE,559,RHOW,59,59,15,15,1.0836,1.5901,1.0702,1.6616,2.5797,-0.01796,-0.008449,-0.002323,NA,TRUE,TRUE,0.002845,0.002461,24.8899,-0.310722,-0.220611,0.014174,0.161886,0.233214,0.310722,-45.1614,-28.3056,1.4148,18.589,28.3056,45.1614
THFR_NE,HYPERNETS,PACE,560,RHOW,59,59,15,15,1.092,1.5844,1.0766,1.6701,2.5909,-0.018024,-0.008482,-0.002331,NA,TRUE,TRUE,0.00283,0.00246,24.8683,-0.305676,-0.21662,0.017069,0.155063,0.241257,0.309641,-44.0866,-27.6519,1.7058,18.4535,29.3291,44.0866
THFR_NE,HYPERNETS,PACE,561,RHOW,59,59,15,15,1.0612,1.5553,1.0496,1.6306,2.5332,-0.017445,-0.008091,-0.002069,NA,TRUE,TRUE,0.002805,0.002419,24.5301,-0.30412,-0.218517,0.017112,0.151571,0.241636,0.308984,-43.7692,-27.9618,1.71,17.943,29.0803,43.7692
THFR_NE,HYPERNETS,PACE,562,RHOW,59,59,15,15,1.0256,1.5202,1.0204,1.5894,2.4755,-0.016875,-0.007687,-0.001788,NA,TRUE,TRUE,0.00279,0.00238,24.2005,-0.303431,-0.220542,0.0166,0.147773,0.241864,0.309097,-43.6365,-28.2942,1.6587,17.3952,28.6075,43.6365
THFR_NE,HYPERNETS,PACE,563,RHOW,59,59,15,15,0.9953,1.4891,0.9953,1.5535,2.4246,-0.016367,-0.007333,-0.001545,NA,FALSE,TRUE,0.002773,0.002338,23.8419,-0.301699,-0.219587,0.011705,0.143135,0.242017,0.307633,-43.2827,-28.1373,1.1705,16.7387,28.6284,43.2827
THFR_NE,HYPERNETS,PACE,564,RHOW,59,59,15,15,1.0618,1.5206,1.0441,1.618,2.5072,-0.017148,-0.007925,-0.001973,NA,TRUE,TRUE,0.002787,0.002416,24.4212,-0.302004,-0.215359,0.020377,0.150542,0.230761,0.31605,-43.3438,-27.4467,2.0369,17.7645,29.1127,43.3438
THFR_NE,HYPERNETS,PACE,565,RHOW,59,59,15,15,1.1137,1.5337,1.0867,1.6779,2.5906,-0.017949,-0.008476,-0.00234,NA,TRUE,TRUE,0.002837,0.0025,25.0351,-0.304548,-0.211123,0.02467,0.171323,0.228407,0.3284,-43.8827,-26.7625,2.4665,18.9288,29.6019,43.8827
THFR_NE,HYPERNETS,PACE,566,RHOW,59,59,15,15,1.1045,1.5241,1.077,1.6623000000000001,2.5657,-0.017689,-0.008324,-0.002256,NA,TRUE,TRUE,0.002836,0.002499,25.0848,-0.305936,-0.211908,0.024611,0.171077,0.2329,0.327248,-44.1566,-26.8887,2.4606,18.6823,30.3611,44.1566
THFR_NE,HYPERNETS,PACE,567,RHOW,59,59,15,15,1.0996,1.5185,1.0711,1.6523,2.549,-0.017492,-0.008215,-0.002202,NA,TRUE,TRUE,0.002831,0.002497,25.1577,-0.305427,-0.210581,0.026132,0.172432,0.239069,0.328643,-44.0468,-26.6755,2.6124,18.6669,31.418,44.0468
THFR_NE,HYPERNETS,PACE,568,RHOW,59,59,15,15,1.0988,1.5193,1.0675,1.6448,2.5343,-0.01731,-0.008129,-0.00217,NA,TRUE,TRUE,0.002822,0.002492,25.1909,-0.304879,-0.215861,0.028444,0.171511,0.243296,0.327125,-43.9289,-27.5285,2.8435,18.6513,32.1521,43.9289
THFR_NE,HYPERNETS,PACE,569,RHOW,59,59,15,15,1.0827,1.5135,1.0553,1.6286,2.5132,-0.017096,-0.007987,-0.002085,NA,TRUE,TRUE,0.002839,0.002491,25.3157,-0.306807,-0.219858,0.023296,0.171803,0.249583,0.328026,-44.3229,-28.1818,2.3237,18.8903,32.8789,44.3229
THFR_NE,HYPERNETS,PACE,570,RHOW,59,59,15,15,1.065,1.5075,1.042,1.6109,2.4904,-0.016837,-0.007814,-0.001978,NA,TRUE,TRUE,0.002851,0.002491,25.4875,-0.307752,-0.220899,0.01971,0.172986,0.250914,0.331542,-44.5189,-28.3531,1.9588,19.2283,33.4961,44.5189
THFR_NE,HYPERNETS,PACE,571,RHOW,59,59,15,15,1.0626,1.5103,1.0367,1.6006,2.4711,-0.016585,-0.007699,-0.001943,NA,TRUE,TRUE,0.002839,0.002474,25.4803,-0.308465,-0.213076,0.01612,0.175793,0.252542,0.328676,-44.6713,-27.0771,1.5961,19.4166,32.81,44.6713
THFR_NE,HYPERNETS,PACE,572,RHOW,59,59,15,15,1.0606,1.5111,1.032,1.5912,2.4535,-0.016291,-0.007555,-0.001888,NA,TRUE,TRUE,0.002815,0.002458,25.523,-0.30817,-0.213072,0.016963,0.178183,0.2468,0.327666,-44.6193,-27.0764,1.6685,19.5484,32.4857,44.6193
THFR_NE,HYPERNETS,PACE,573,RHOW,59,59,15,15,1.069,1.5226,1.032,1.5851,2.4346,-0.015831,-0.007343,-0.001817,NA,TRUE,TRUE,0.002743,0.002392,25.2173,-0.304765,-0.204102,0.025618,0.171604,0.23754,0.328048,-43.9196,-25.6442,2.54,19.0646,31.1545,43.9196
THFR_NE,HYPERNETS,PACE,574,RHOW,59,59,15,15,1.0659,1.522,1.0328,1.5892,2.4454,-0.015873,-0.007388,-0.001874,NA,TRUE,TRUE,0.002769,0.002404,25.5183,-0.314491,-0.213096,0.022431,0.169916,0.243371,0.326094,-45.9472,-27.0802,2.211,17.9904,31.6427,45.9472
THFR_NE,HYPERNETS,PACE,575,RHOW,59,59,15,15,1.0728,1.5226,1.0377,1.5955,2.4529,-0.015746,-0.007366,-0.001915,NA,TRUE,TRUE,0.002753,0.002393,25.7291,-0.318966,-0.214323,0.031186,0.161282,0.247101,0.32642,-46.893,-27.2788,3.0699,17.2131,31.4817,46.893
THFR_NE,HYPERNETS,PACE,576,RHOW,59,59,15,15,1.0655,1.5306,1.0372,1.5996,2.4669,-0.01562,-0.007277,-0.001867,NA,TRUE,TRUE,0.002728,0.002368,25.8688,-0.320434,-0.208258,0.035361,0.161891,0.24775,0.327942,-47.2302,-26.3038,3.4725,17.0437,31.3407,47.2302
THFR_NE,HYPERNETS,PACE,577,RHOW,59,59,15,15,1.0622,1.5332,1.0372,1.6019,2.4741,-0.015467,-0.007197,-0.001842,NA,TRUE,TRUE,0.002705,0.002343,25.991,-0.320795,-0.203737,0.040004,0.15908,0.246544,0.324559,-47.3076,-25.5866,3.9306,17.7194,30.6424,47.3076
THFR_NE,HYPERNETS,PACE,578,RHOW,59,59,15,15,1.0545,1.5354,1.033,1.5979,2.4718,-0.015241,-0.007069,-0.001785,NA,TRUE,TRUE,0.002686,0.002325,26.219,-0.322081,-0.198543,0.038924,0.156347,0.249843,0.329989,-47.6031,-24.7728,3.805,17.5596,31.3858,47.6031
THFR_NE,HYPERNETS,PACE,579,RHOW,59,59,15,15,1.0304,1.533,1.0227,1.5913,2.476,-0.015074,-0.006944,-0.001719,NA,TRUE,TRUE,0.002705,0.002334,26.7342,-0.334587,-0.201448,0.031248,0.160865,0.25563,0.334587,-50.4548,-25.2267,3.0384,18.6352,29.7584,50.4548
THFR_NE,HYPERNETS,PACE,580,RHOW,59,59,15,15,1.0298,1.5498,1.0349,1.6185,2.5312,-0.015236,-0.007044,-0.001805,NA,TRUE,TRUE,0.002695,0.002344,27.4896,-0.347596,-0.206347,0.027234,0.164813,0.268949,0.347596,-53.4037,-25.9996,2.6224,19.853,29.6926,53.4037
THFR_NE,HYPERNETS,PACE,581,RHOW,59,59,15,15,1.0232,1.5224,1.0324,1.6172,2.5332,-0.014907,-0.006858,-0.00172,NA,TRUE,TRUE,0.002648,0.002303,27.5703,-0.354258,-0.19896,0.025236,0.16074,0.285842,0.354258,-54.9672,-24.8377,2.4204,19.2553,29.4966,54.9672
THFR_NE,HYPERNETS,PACE,582,RHOW,59,59,15,15,1.0058,1.4717,1.0358,1.6348,2.5802,-0.014818,-0.006743,-0.001627,NA,TRUE,TRUE,0.0026,0.002245,27.5149,-0.355105,-0.192341,0.038003,0.160001,0.290918,0.355105,-55.1457,-23.8146,3.7051,17.9906,31.2714,55.1457
THFR_NE,HYPERNETS,PACE,583,RHOW,59,59,15,15,0.9938,1.4353,1.037,1.6441,2.6066,-0.014575,-0.006577,-0.001532,NA,TRUE,TRUE,0.002549,0.002207,27.6925,-0.337737,-0.181302,0.051345,0.169215,0.292109,0.338675,-51.0033,-22.1452,5.0305,18.8066,33.3809,51.0033
THFR_NE,HYPERNETS,PACE,584,RHOW,59,59,15,15,1.0236,1.4544,1.0677,1.6925,2.683,-0.014628,-0.006659,-0.001632,NA,TRUE,TRUE,0.002487,0.002168,28.0373,-0.33522,-0.17088,0.0716,0.16684,0.287142,0.352253,-50.4415,-20.6098,7.0422,19.4412,32.2462,50.4415
THFR_NE,HYPERNETS,PACE,585,RHOW,59,59,15,15,1.0717,1.5028,1.1089,1.753,2.7713,-0.014883,-0.006905,-0.001858,NA,TRUE,TRUE,0.002442,0.002135,28.2926,-0.332573,-0.17219,0.087826,0.162947,0.279004,0.359171,-49.9091,-20.8007,8.602,19.474,31.8922,49.9091
THFR_NE,HYPERNETS,PACE,586,RHOW,59,59,15,15,1.0633,1.4611,1.1128,1.7659,2.8024,-0.014612,-0.006729,-0.001762,NA,TRUE,TRUE,0.002422,0.002107,28.6933,-0.322566,-0.163378,0.098666,0.166138,0.277405,0.366124,-47.8772,-19.5283,9.6419,18.2017,33.7244,48.1234
THFR_NE,HYPERNETS,PACE,587,RHOW,59,59,15,15,1.0505,1.4294,1.1339,1.8163,2.9094,-0.01482,-0.00679,-0.001776,NA,TRUE,TRUE,0.00242,0.002112,29.6336,-0.319917,-0.169164,0.117253,0.175566,0.270381,0.380797,-47.4324,-20.3607,11.5377,19.2739,33.5336,51.6166
THFR_NE,HYPERNETS,PACE,588,RHOW,59,59,15,15,1.0448,1.4192,1.143,1.8377,2.9548,-0.01479,-0.006777,-0.001793,NA,TRUE,TRUE,0.002424,0.002112,30.339,-0.323034,-0.184393,0.113399,0.181848,0.27237,0.393524,-48.1333,-22.6081,11.1447,20.2464,34.5342,53.5265
THFR_NE,HYPERNETS,PACE,589,RHOW,59,59,15,15,1.0513,1.4549,1.1569,1.863,3,-0.014846,-0.006867,-0.001913,NA,TRUE,TRUE,0.00243,0.002113,31.1207,-0.329723,-0.190557,0.105122,0.182747,0.280571,0.405373,-49.5948,-23.5417,10.2915,20.4798,35.9788,54.9405
THFR_NE,HYPERNETS,PACE,590,RHOW,59,59,15,15,1.047,1.4451,1.1655,1.8822,3.0399,-0.014561,-0.00673,-0.00188,NA,TRUE,TRUE,0.002412,0.002076,31.681,-0.329767,-0.192692,0.106995,0.193351,0.278242,0.409729,-49.6446,-23.8684,10.3569,21.6143,35.7752,56.7657
THFR_NE,HYPERNETS,PACE,591,RHOW,59,59,15,15,1.0896,1.5181,1.2065,1.9459,3.1385,-0.014439,-0.006747,-0.001978,NA,TRUE,TRUE,0.00236,0.002012,32.2553,-0.322427,-0.181475,0.120514,0.199805,0.270403,0.411622,-48.0225,-22.1709,11.6254,21.9921,37.062,58.4252
THFR_NE,HYPERNETS,PACE,592,RHOW,59,59,15,15,1.0869,1.5553,1.2169,1.9681,3.1832,-0.01433,-0.006722,-0.002017,NA,TRUE,TRUE,0.002362,0.001998,33.0982,-0.339765,-0.18765,0.110127,0.204159,0.297108,0.425953,-51.7784,-23.0997,10.461,22.5821,38.9136,60.2764
THFR_NE,HYPERNETS,PACE,593,RHOW,59,59,15,15,1.1124,1.6315,1.2439,2.0113,3.2519,-0.014245,-0.00675,-0.002114,NA,TRUE,TRUE,0.002344,0.001982,34.0858,-0.354629,-0.192343,0.116671,0.211962,0.322271,0.440289,-55.1448,-23.8149,11.0743,23.4861,39.054,62.1234
THFR_NE,HYPERNETS,PACE,594,RHOW,59,59,15,15,1.1195,1.6714,1.2679,2.0562,3.3348,-0.014212,-0.006769,-0.00218,NA,TRUE,TRUE,0.00234,0.001984,35.3604,-0.366339,-0.196394,0.1313,0.221045,0.34352,0.455632,-57.9156,-24.439,12.5501,24.5043,39.385,64.0682
THFR_NE,HYPERNETS,PACE,595,RHOW,59,59,15,15,1.1433,1.79,1.2893,2.0889,3.3844,-0.01396,-0.006702,-0.002223,NA,TRUE,TRUE,0.00232,0.001969,36.5134,-0.384244,-0.199297,0.138887,0.228599,0.375298,0.477647,-62.4191,-24.8902,13.2652,25.3394,39.9707,65.3035
THFR_NE,HYPERNETS,PACE,596,RHOW,59,59,15,15,1.1586,2.0094,1.3294,2.1624,3.5175,-0.013933,-0.006717,-0.00228,NA,TRUE,TRUE,0.00231,0.001962,38.2436,-0.399625,-0.194452,0.16926,0.223866,0.395618,0.500393,-66.5662,-24.1391,16.3283,26.4152,41.0659,70.4961
THFR_NE,HYPERNETS,PACE,597,RHOW,59,59,14,14,1.0211,1.3188,1.202,2.0199,3.3944,-0.012487,-0.005433,-0.001236,NA,TRUE,TRUE,0.002086,0.001785,35.529,-0.359076,-0.13764,0.250978,0.204798,0.352195,0.496595,-56.6757,-16.191,24.6443,25.5311,38.6587,74.2905
THFR_NE,HYPERNETS,PACE,598,RHOW,59,59,14,14,1.0493,1.367,1.2412,2.0878,3.5117,-0.012424,-0.005468,-0.001333,NA,TRUE,TRUE,0.002078,0.001772,37.0583,-0.359667,-0.143711,0.276055,0.200053,0.364767,0.515694,-56.7192,-16.9404,27.1236,25.0509,39.845,78.7697
THFR_NE,HYPERNETS,PACE,599,RHOW,59,59,14,14,1.0784,1.4053,1.3096,2.2135,3.7412,-0.012352,-0.005459,-0.001381,NA,TRUE,TRUE,0.002086,0.001751,39.5955,-0.344555,-0.136677,0.351011,0.177863,0.40153,0.526162,-53.2282,-15.9112,34.4949,21.6573,45.3659,87.9323
THFR_NE,HYPERNETS,PACE,600,RHOW,59,59,14,14,1.1317,1.5267,1.3598,2.2939,3.8698,-0.012311,-0.005537,-0.001521,NA,TRUE,TRUE,0.002074,0.001751,41.6275,-0.351994,-0.150685,0.370446,0.180102,0.412379,0.571858,-54.9955,-17.7874,36.5314,21.9757,46.8201,90.999
THFR_NE,HYPERNETS,PACE,601,RHOW,59,59,14,14,1.1478,1.6448,1.3982,2.3644,3.9985,-0.012447,-0.005676,-0.001673,NA,TRUE,TRUE,0.002079,0.001767,43.7236,-0.363481,-0.178937,0.377513,0.196517,0.420917,0.639474,-57.7669,-21.8092,37.2432,24.4636,46.0265,94.8648
THFR_NE,HYPERNETS,PACE,602,RHOW,59,59,14,14,1.1782,1.8434,1.428,2.4127,4.0765,-0.012379,-0.005728,-0.001791,NA,TRUE,TRUE,0.002073,0.001773,45.7022,-0.380385,-0.215961,0.380571,0.216154,0.431342,0.711099,-62.0917,-27.5447,37.5296,27.5761,44.9582,97.1279
THFR_NE,HYPERNETS,PACE,603,RHOW,59,59,14,14,1.181,2.1441,1.4548,2.4649,4.1764,-0.012527,-0.005871,-0.001943,NA,TRUE,TRUE,0.002086,0.001808,48.0451,-0.40572,-0.241175,0.366149,0.251716,0.433958,0.721164,-69.12,-31.7838,36.1889,33.6588,43.7107,98.1083
THFR_NE,HYPERNETS,PACE,604,RHOW,59,59,14,14,1.1799,2.8735,1.4662,2.4879,4.2214,-0.012556,-0.005957,-0.002069,NA,TRUE,TRUE,0.002102,0.001846,50.5256,-0.43693,-0.276282,0.347806,0.30317,0.411086,0.715279,-78.5871,-38.2174,34.3854,40.8339,49.3027,101.2742
THFR_NE,HYPERNETS,PACE,605,RHOW,59,59,13,13,0.8542,1.3139,1.5103,2.7376,4.9623,-0.015819,-0.007125,-0.002329,NA,TRUE,TRUE,0.002152,0.00189,48.7536,-0.399992,-0.293239,0.347097,0.344282,0.378847,0.690497,-66.6643,-41.4906,34.7097,37.8847,58.1862,103.9136
THFR_NE,HYPERNETS,PACE,606,RHOW,59,59,12,12,0.7454,0.9794,1.3363,2.5097,4.7134,-0.01469,-0.006111,-0.001544,NA,TRUE,TRUE,0.002009,0.001771,45.6682,-0.425605,-0.236011,0.295935,0.311261,0.403716,0.565136,-74.298,-31.7066,29.5728,32.2657,65.0547,92.5534
THFR_NE,HYPERNETS,PACE,607,RHOW,59,59,12,12,0.7075,1.023,1.3406,2.5252,4.7567,-0.014907,-0.006293,-0.00172,NA,TRUE,TRUE,0.002049,0.001807,47.0675,-0.477871,-0.283141,0.237232,0.277186,0.453334,0.582572,-92.1752,-40.2425,23.6758,28.8988,70.4748,105.0116
THFR_NE,HYPERNETS,PACE,608,RHOW,59,59,12,12,0.6826,1.0712,1.3299,2.5085,4.7316,-0.01487,-0.006356,-0.001842,NA,TRUE,TRUE,0.002098,0.001835,48.3429,-0.5368,-0.332643,0.18819,0.264482,0.500145,0.621965,-117.193,-50.4896,18.7744,33.8837,80.2007,117.193
THFR_NE,HYPERNETS,PACE,609,RHOW,59,59,12,12,0.6837,1.1957,1.3185,2.4857,4.6863,-0.014749,-0.006392,-0.001959,NA,TRUE,TRUE,0.002152,0.001852,49.3786,-0.589985,-0.37651,0.123741,0.288611,0.512714,0.670941,-145.1767,-61.0378,12.3052,39.6429,84.7401,145.1767
THFR_NE,HYPERNETS,PACE,610,RHOW,59,59,12,12,0.6567,1.3763,1.3164,2.4862,4.6956,-0.014907,-0.006555,-0.002132,NA,TRUE,TRUE,0.002236,0.001883,50.5038,-0.647277,-0.423271,0.065205,0.31683,0.525942,0.721706,-184.6701,-74.0089,6.4285,35.3396,89.7564,184.6701
THFR_NE,HYPERNETS,PACE,611,RHOW,59,59,11,11,0.4394,0.6465,1.1863,2.3551,4.6757,-0.014923,-0.006083,-0.001631,NA,TRUE,TRUE,0.002229,0.001817,48.0269,-0.660483,-0.440564,0.054017,0.23447,0.511526,0.71742,-195.9297,-78.7515,5.3228,22.6541,88.4753,195.9297
THFR_NE,HYPERNETS,PACE,612,RHOW,59,59,11,11,0.4288,0.5975,1.2075,2.3993,4.7677,-0.015372,-0.006404,-0.001891,NA,TRUE,TRUE,0.002325,0.001884,50.38,-0.714671,-0.507097,0.020432,0.211948,0.553614,0.768939,-254.3117,-102.8798,2.0097,21.4616,102.8798,254.3117
THFR_NE,HYPERNETS,PACE,613,RHOW,59,59,10,10,0.5137,1.0392,1.0743,2.2235,4.6019,-0.01448,-0.005583,-0.001284,NA,TRUE,TRUE,0.002191,0.00175,48.0747,-0.687437,-0.375052,-0.014103,0.199839,0.580116,0.786402,-224.4971,-68.3425,-1.4351,22.971,104.8995,224.4971
THFR_NE,HYPERNETS,PACE,614,RHOW,59,59,10,10,0.5091,1.0485,1.0737,2.2229,4.602,-0.01436,-0.005527,-0.001261,NA,TRUE,TRUE,0.002185,0.00174,48.247,-0.687468,-0.378936,-0.00353,0.200107,0.595731,0.789528,-222.9673,-70.3308,-0.3572,22.8178,108.4583,222.9673
THFR_NE,HYPERNETS,PACE,615,RHOW,59,59,11,11,0.4626,0.7386,1.2021,2.3846,4.73,-0.015086,-0.006376,-0.001984,NA,TRUE,TRUE,0.002367,0.001925,52.889,-0.759388,-0.595684,-0.001544,0.225762,0.626781,0.810392,-324.3772,-147.3311,-0.1618,24.3091,147.3311,324.3772
THFR_NE,HYPERNETS,PACE,616,RHOW,59,59,11,11,0.4673,0.5636,1.1974,2.3744,4.7083,-0.014992,-0.006352,-0.001995,NA,TRUE,TRUE,0.002372,0.001934,53.3047,-0.765393,-0.608049,-0.005761,0.229721,0.631141,0.796496,-333.0765,-155.134,-0.5943,25.0598,155.134,333.0765
THFR_NE,HYPERNETS,PACE,617,RHOW,59,59,10,10,0.5344,1.1357,1.0586,2.1864,4.5155,-0.01383,-0.005333,-0.001219,NA,TRUE,TRUE,0.002149,0.001735,48.9803,-0.706762,-0.403575,0.008711,0.210471,0.6245,0.769035,-244.2103,-79.2978,0.8455,24.4734,115.0962,244.2103
THFR_NE,HYPERNETS,PACE,618,RHOW,59,59,10,10,0.5404,1.1558,1.0514,2.1699,4.4782,-0.013587,-0.00524,-0.001196,NA,TRUE,TRUE,0.002131,0.001727,49.221,-0.714931,-0.411904,0.01069,0.214309,0.628713,0.762517,-255.2999,-82.5398,1.0277,25.0961,117.4289,255.2999
THFR_NE,HYPERNETS,PACE,619,RHOW,59,59,10,10,0.5508,1.1486,1.0461,2.1567,4.4462,-0.013375,-0.005171,-0.001191,NA,TRUE,TRUE,0.002117,0.001723,49.6693,-0.727118,-0.419875,2.63e-4,0.235444,0.628273,0.755868,-272.2112,-83.3934,-0.014,27.8464,114.2341,272.2112
THFR_NE,HYPERNETS,PACE,620,RHOW,59,59,10,10,0.5278,1.1092,1.0369,2.1409,4.4201,-0.013217,-0.005108,-0.00118,NA,TRUE,TRUE,0.002119,0.001735,50.2973,-0.73996,-0.429873,-9.06e-4,0.257444,0.628724,0.760982,-292.355,-85.3133,-0.1565,30.0502,111.5216,292.355
THFR_NE,HYPERNETS,PACE,621,RHOW,59,59,10,10,0.5252,1.1148,1.0327,2.1323,4.4025,-0.013127,-0.005084,-0.001189,NA,TRUE,TRUE,0.00213,0.001744,50.8474,-0.755601,-0.441999,-0.012922,0.284789,0.626091,0.776134,-319.7799,-86.8131,-1.3637,31.2892,108.1375,319.7799
THFR_NE,HYPERNETS,PACE,622,RHOW,59,59,10,10,0.5297,1.1181,1.0495,2.1676,4.4769,-0.01331,-0.005191,-0.00126,NA,TRUE,TRUE,0.002134,0.001754,51.4943,-0.770523,-0.455884,-0.020448,0.297953,0.623443,0.790183,-349.9482,-89.2038,-2.1098,33.4965,104.8276,349.9482
THFR_NE,HYPERNETS,PACE,623,RHOW,59,59,10,10,0.5237,1.1299,1.0498,2.1692,4.4823,-0.013258,-0.005183,-0.001275,NA,TRUE,TRUE,0.002144,0.00177,52.3046,-0.779799,-0.468849,-0.025726,0.308418,0.617621,0.800016,-370.9861,-91.59,-2.6643,35.7092,101.0376,370.9861
THFR_NE,HYPERNETS,PACE,624,RHOW,59,59,10,10,0.53,1.1386,1.0469,2.1619,4.4645,-0.013097,-0.005112,-0.001246,NA,TRUE,TRUE,0.002125,0.001735,51.6944,-0.783953,-0.457702,-0.014292,0.286958,0.632693,0.801553,-380.8194,-90.4913,-1.4774,32.2425,107.0745,380.8194
THFR_NE,HYPERNETS,PACE,625,RHOW,59,59,10,10,0.5186,1.102,1.037,2.1427,4.427,-0.012854,-0.004993,-0.001189,NA,TRUE,TRUE,0.002112,0.00171,51.2989,-0.787567,-0.443474,-0.00474,0.271641,0.645351,0.803311,-390.0654,-89.0991,-0.4966,29.9137,112.9138,390.0654
THFR_NE,HYPERNETS,PACE,626,RHOW,59,59,10,10,0.5557,1.2574,1.0254,2.1111,4.3463,-0.012484,-0.004845,-0.001134,NA,TRUE,TRUE,0.002076,0.001682,51.1356,-0.778672,-0.457738,-0.002921,0.266586,0.670399,0.785649,-363.9769,-98.3144,-0.3012,30.544,123.4409,363.9769
THFR_NE,HYPERNETS,PACE,627,RHOW,59,59,10,10,0.5946,1.4051,1.027,2.1071,4.3231,-0.012308,-0.004789,-0.001124,NA,TRUE,TRUE,0.00204,0.001664,51.3399,-0.768852,-0.473245,8.69e-4,0.271081,0.689773,0.768852,-338.5753,-109.0314,0.0821,32.9059,134.6088,338.5753
THFR_NE,HYPERNETS,PACE,628,RHOW,59,59,10,10,0.5003,1.3919,0.9919,2.0486,4.2312,-0.011987,-0.004635,-0.001076,NA,FALSE,TRUE,0.002049,0.001728,53.131100000000004,-0.766071,-0.489052,-0.042959,0.291266,0.69526,0.766071,-332.3862,-113.8531,-4.6757,33.5081,135.7722,332.3862
THFR_NE,HYPERNETS,PACE,629,RHOW,59,59,10,10,0.4075,1.3677,0.9577,1.9896,4.1332,-0.011672,-0.004493,-0.001037,NA,FALSE,TRUE,0.0020830000000000002,0.001804,55.2418,-0.764999,-0.499783,-0.086994,0.306188,0.699419,0.764999,-328.9206,-116.0716,-10.5569,42.0099,134.6557,328.9206
THFR_NE,HYPERNETS,PACE,630,RHOW,59,59,10,10,0.3192,1.3428,0.9442,1.9715,4.1164,-0.011624,-0.004486,-0.001067,NA,FALSE,TRUE,0.002135,0.001879,57.3863,-0.763333,-0.564172,-0.106468,0.363891,0.701946,0.7647,-324.9768,-139.0195,-13.36,56.0809,139.0195,324.9768
THFR_NE,HYPERNETS,PACE,631,RHOW,59,59,10,10,0.3042,1.2711,0.9289,1.9405,4.0539,-0.011371,-0.004384,-0.00104,NA,FALSE,TRUE,0.002135,0.00188,57.6838,-0.773891,-0.561184,-0.1226,0.382065,0.689999,0.773891,-346.8434,-135.5042,-15.5816,59.6315,135.5042,346.8434
THFR_NE,HYPERNETS,PACE,632,RHOW,59,59,10,10,0.2782,1.1768,0.9167,1.9172,4.0097,-0.011167,-0.004303,-0.001021,NA,FALSE,TRUE,0.002137,0.001877,57.8666,-0.78389,-0.555634,-0.134554,0.400246,0.680818,0.78389,-370.7208,-130.598,-17.3807,63.7952,130.598,370.7208
THFR_NE,HYPERNETS,PACE,633,RHOW,59,59,10,10,0.369,1.2658,0.938,1.9525,4.0644,-0.011226,-0.004333,-0.001021,NA,FALSE,TRUE,0.002079,0.001797,56.1248,-0.790918,-0.508443,-0.112251,0.326682,0.683858,0.79114,-390.3551,-114.4042,-13.7863,48.5575,125.1457,390.3551
THFR_NE,HYPERNETS,PACE,634,RHOW,59,59,10,10,0.4675,1.3558,0.9696,2.0062,4.1508,-0.011382,-0.004418,-0.001052,NA,FALSE,TRUE,0.002038,0.001717,54.4031,-0.798336,-0.501136,-0.070496,0.262209,0.687089,0.798721,-413.1223,-113.8425,-7.8359,29.7935,128.72,413.1223
THFR_NE,HYPERNETS,PACE,635,RHOW,59,59,10,10,0.5545,1.4089,1.0043,2.0658,4.2493,-0.011566,-0.004518,-0.001091,NA,TRUE,TRUE,0.002018,0.001641,52.8291,-0.803555,-0.493624,-0.029892,0.261702,0.68949800000000006,0.804255,-431.9652,-113.4465,-3.0821,29.1906,132.3256,431.9652
THFR_NE,HYPERNETS,PACE,636,RHOW,59,59,10,10,0.5366,1.5048,1.0222,2.1076,4.3456,-0.011823,-0.004642,-0.001159,NA,TRUE,TRUE,0.002044,0.001672,54.1492,-0.809874,-0.510108,-0.030698,0.278011,0.700929,0.812778,-446.5591,-119.7042,-3.1706,31.4784,136.1905,446.5591
THFR_NE,HYPERNETS,PACE,637,RHOW,59,59,10,10,0.535,1.6631,1.0416,2.1496,4.4364,-0.01198,-0.004727,-0.001212,NA,TRUE,TRUE,0.002057,0.001698,55.8907,-0.816347,-0.523145,-0.035032,0.296675,0.709174,0.82965,-461.3234,-123.2611,-3.6431,34.1814,138.7029,461.3234
THFR_NE,HYPERNETS,PACE,638,RHOW,59,59,10,10,0.5426,1.6259,1.05,2.1665,4.4701,-0.012018,-0.004759,-0.00124,NA,TRUE,TRUE,0.00205,0.001701,56.3216,-0.818814,-0.534448,-0.035316,0.307958,0.711924,0.83052,-469.2324,-127.7747,-3.6869,35.9163,139.4576,469.2324
THFR_NE,HYPERNETS,PACE,639,RHOW,59,59,10,10,0.5384,1.5834,1.0515,2.1703,4.4798,-0.011995,-0.004757,-0.00125,NA,TRUE,TRUE,0.002048,0.001703,56.6186,-0.821356,-0.544691,-0.034429,0.31333,0.714798,0.83064,-477.4555,-132.0537,-3.6085,37.0182,139.9362,477.4555
THFR_NE,HYPERNETS,PACE,640,RHOW,59,59,10,10,0.5309,1.5328,1.0494,2.1671,4.4754,-0.01194,-0.004738,-0.001251,NA,TRUE,TRUE,0.00205,0.001708,57.0337,-0.824173,-0.554753,-0.039444,0.318607,0.717683,0.832126,-487.0052,-136.4578,-4.1571,38.1377,140.7262,487.0052
THFR_NE,HYPERNETS,PACE,641,RHOW,59,59,10,10,0.5556,1.7268,1.061,2.1878,4.5114,-0.011993,-0.00479,-0.001297,NA,TRUE,TRUE,0.002073,0.001724,58.0707,-0.842003,-0.566792,-0.046019,0.298708,0.738863,0.852051,-551.9057,-144.0769,-4.8517,36.3299,148.7995,551.9057
THFR_NE,HYPERNETS,PACE,642,RHOW,59,59,10,10,0.5342,1.4647,1.0644,2.1988,4.5423,-0.011981,-0.004782,-0.001297,NA,TRUE,TRUE,0.002074,0.001703,57.5526,-0.834001,-0.576735,-0.022127,0.294264,0.703781,0.860106,-550.7459,-146.8153,-2.3306,36.4258,146.8153,550.7459
THFR_NE,HYPERNETS,PACE,643,RHOW,59,59,10,10,0.5283,1.7227,1.0653,2.2017,4.5505,-0.011959,-0.004787,-0.001317,NA,TRUE,TRUE,0.002084,0.001732,58.8843,-0.834475,-0.603669,-0.014797,0.308939,0.716614,0.8581,-545.0355,-162.6153,-1.6542,36.9792,162.6153,545.0355
THFR_NE,HYPERNETS,PACE,644,RHOW,59,59,10,10,0.5072,1.9772,1.0638,2.202,4.5577,-0.011907,-0.00475,-0.001292,NA,TRUE,TRUE,0.002078,0.001726,58.8937,-0.834469,-0.585284,-0.013599,0.329358,0.694307,0.861639,-546.1852,-146.4069,-1.5118,39.2862,146.4069,546.1852
THFR_NE,HYPERNETS,PACE,645,RHOW,59,59,9,9,0.259,0.303,0.9734,2.1651,4.8156,-0.012775,-0.004554,-8.58e-4,NA,FALSE,TRUE,0.002044,0.00165,54.0298,-0.72176,-0.502297,0.015608,0.296188,0.616251,0.832702,-259.4024,-100.9231,1.5608,29.6188,100.9231,259.4024
THFR_NE,HYPERNETS,PACE,646,RHOW,59,59,9,9,0.2729,0.1763,0.9944,2.2111,4.9166,-0.012909,-0.004603,-8.68e-4,NA,FALSE,TRUE,0.002015,0.001616,53.3503,-0.719656,-0.483395,0.035723,0.334582,0.560199,0.816012,-256.7042,-93.5716,3.5723,33.4582,93.5716,256.7042
THFR_NE,HYPERNETS,PACE,647,RHOW,59,59,9,9,0.2554,0.281,0.9875,2.1969,4.8878,-0.01266,-0.00448,-8.03e-4,NA,FALSE,TRUE,0.001999,0.00162,54.0047,-0.708979,-0.459441,0.050461,0.360175,0.557414,0.867249,-243.6177,-84.9937,5.0461,36.0175,86.7249,243.6177
THFR_NE,HYPERNETS,PACE,648,RHOW,59,59,9,9,0.2867,0.3097,1.0069,2.2379,4.9742,-0.012756,-0.004534,-8.35e-4,NA,TRUE,TRUE,0.001981,0.001601,53.9191,-0.694351,-0.427142,0.068297,0.339989,0.570322,0.876108,-227.1727,-74.5634,6.8297,33.9989,87.6108,227.1727
THFR_NE,HYPERNETS,PACE,649,RHOW,59,59,9,9,0.3208,0.3614,1.0271,2.2802,5.0624,-0.012939,-0.004648,-9.13e-4,NA,TRUE,TRUE,0.00199,0.001616,55.0254,-0.700294,-0.442833,0.068926,0.317127,0.614912,0.895527,-233.6603,-79.4793,6.8926,31.7127,89.5527,233.6603
THFR_NE,HYPERNETS,PACE,650,RHOW,59,59,9,9,0.2755,0.3102,1.0352,2.3025,5.1213,-0.013027,-0.004698,-9.53e-4,NA,TRUE,TRUE,0.002024,0.001648,56.6947,-0.708516,-0.458663,0.073693,0.297884,0.660614,0.925812,-243.0719,-84.7279,7.3693,29.7884,95.6039,243.0719
THFR_NE,HYPERNETS,PACE,651,RHOW,59,59,9,9,0.2905,0.5146,1.0334,2.2971,5.1065,-0.01292,-0.004705,-0.00101,NA,TRUE,TRUE,0.002033,0.001687,58.8179,-0.731519,-0.51707,0.073293,0.258963,0.727926,0.93066,-272.4664,-107.0695,7.3293,25.8963,107.0695,272.4664
THFR_NE,HYPERNETS,PACE,652,RHOW,59,59,9,9,0.339,0.666,1.0421,2.3123,5.1306,-0.013028,-0.004853,-0.001169,NA,TRUE,TRUE,0.002084,0.001722,60.957,-0.836431,-0.63248,0.035841,0.200465,0.772514,0.898171,-511.3628,-172.0937,3.5841,20.0724,172.0937,511.3628
THFR_NE,HYPERNETS,PACE,653,RHOW,59,59,9,8,0.2952,0.3715,0.9194,2.2038,5.2827,-0.012998,-0.004255,-6.07e-4,NA,FALSE,TRUE,0.001987,0.001596,58.0343,-0.825776,-0.406345,0.088488,0.222413,0.742003,0.866886,-478.0546,-87.9407,8.4784,22.7861,139.0341,478.0546
THFR_NE,HYPERNETS,PACE,654,RHOW,59,59,7,7,1.0916,2.3923,0.9623,2.3537,5.7567,-0.013052,-0.004007,-3.09e-4,NA,FALSE,TRUE,0.001519,0.001262,52.2738,-0.746174,-0.164143,0.141711,0.209815,0.67422,0.830992,-310.822,-19.6377,13.6028,22.5575,87.5394,310.822
THFR_NE,HYPERNETS,PACE,655,RHOW,59,59,7,7,1.0536,2.2993,0.9511,2.3392,5.7528,-0.012981,-0.003964,-2.97e-4,NA,FALSE,TRUE,0.00151,0.001263,52.4133,-0.749307,-0.192282,0.141441,0.227213,0.676686,0.826274,-316.7633,-23.8056,13.5041,25.0041,86.4531,316.7633
THFR_NE,HYPERNETS,PACE,656,RHOW,59,59,7,7,1.0356,2.6654,0.9583,2.3694,5.858,-0.013242,-0.004097,-3.99e-4,NA,FALSE,TRUE,0.001551,0.001293,54.0386,-0.784675,-0.233843,0.105022,0.224951,0.722018,0.857294,-385.4205,-30.5215,9.943,25.9849,86.7256,385.4205
THFR_NE,HYPERNETS,PACE,657,RHOW,59,59,7,7,1.0413,2.6008,0.973,2.4104,5.9712,-0.013309,-0.004154,-4.59e-4,NA,FALSE,TRUE,0.001533,0.001271,53.7672,-0.790819,-0.258905,0.072969,0.207279,0.730167,0.864809,-399.5116,-34.9355,6.9778,24.8754,87.8148,399.5116
THFR_NE,HYPERNETS,PACE,658,RHOW,59,59,7,7,1.0019,2.8149,0.973,2.4277,6.0571,-0.012955,-0.004059,-4.94e-4,NA,FALSE,TRUE,0.001557,0.001293,56.8103,-0.843357,-0.333376,0.06143,0.217293,0.812839,0.892948,-550.8673,-50.0097,6.0684,28.5271,92.1752,550.8673
THFR_NE,HYPERNETS,PACE,659,RHOW,59,59,7,7,1.096,3.8344,1.0135,2.5055,6.1939,-0.013158,-0.004249,-6.45e-4,NA,TRUE,TRUE,0.001564,0.001296,58.1263,-0.889785,-0.34465,0.043595,0.209835,0.886024,0.892675,-807.84760000000006,-52.5903,4.3122,28.0771,89.1803,807.84760000000006
THFR_NE,HYPERNETS,PACE,660,RHOW,59,59,6,6,0.6162,2.6175,1.0665,3.257,9.9461,-0.023673,-0.006403,-7.48e-4,NA,TRUE,TRUE,0.001641,0.001321,52.7885,-0.779345,-0.182114,0.03704,0.128098,0.619116,0.904773,-621.2817,-25.5617,3.6863,16.1849,72.0475,651.9663
THFR_NE,HYPERNETS,PACE,661,RHOW,59,59,5,5,-0.3347,-0.5813,-11.9084,-3.0469,-0.7796,0.004363,0.010394,0.033965,NA,TRUE,TRUE,0.00154,0.001162,43.1733,-0.386492,0.003145,0.025423,0.025423,0.386492,0.792558,-62.997,0.3145,2.5423,2.5423,62.997,79.2558
THFR_NE,HYPERNETS,PACE,662,RHOW,59,59,5,5,-0.3827,-0.9146,-11.9256,-3.0562,-0.7832,0.004283,0.010291,0.033734,NA,TRUE,TRUE,0.001547,0.001172,43.5959,-0.397364,-0.024148,0.018701,0.024148,0.397364,0.755936,-65.9376,-2.4746,1.8701,2.4746,65.9376,75.5936
THFR_NE,HYPERNETS,PACE,663,RHOW,59,59,5,5,-0.4164,-0.9973,-11.57,-2.9703,-0.7626,0.004152,0.009976,0.032664,NA,TRUE,TRUE,0.001549,0.001188,44.0563,-0.433379,-0.043567,-0.016011,0.043567,0.433379,0.722734,-76.4847,-4.5552,-1.6271,4.5552,72.2734,76.4847
THFR_NE,HYPERNETS,PACE,664,RHOW,59,59,5,5,-0.5676,-1.2963,-11.6759,-3.0188,-0.7805,0.004102,0.009994,0.032786,NA,TRUE,TRUE,0.001623,0.001269,46.8388,-0.551274,-0.045037,-0.032575,0.045037,0.551274,0.716014,-122.8533,-4.7161,-3.3672,4.7161,71.6014,122.8533
THFR_NE,HYPERNETS,PACE,665,RHOW,59,59,4,4,-0.7247,-0.8484,-12.9864,-2.1962,-0.3714,0.003425,0.008231,0.036649,NA,TRUE,TRUE,0.001386,0.001032,37.0193,-0.206605,-0.051337,0.139375,0.051822,0.360903,0.679274,-37.3113,-5.4116,9.9833,5.4654,34.2722,97.1002
THFR_NE,HYPERNETS,PACE,666,RHOW,59,59,4,4,-0.7852,-1.0118,-13.1622,-2.2423,-0.382,0.003395,0.008316,0.0372,NA,TRUE,TRUE,0.001453,0.0011,39.2657,-0.24346,-0.076399,0.126114,0.081439,0.394949,0.706167,-46.3943,-8.2784,8.5122,8.8708,36.553,103.9647
THFR_NE,HYPERNETS,PACE,667,RHOW,59,59,4,4,-0.7695,-0.9938,-12.8955,-2.1969,-0.3743,0.003374,0.008217,0.036643,NA,TRUE,TRUE,0.001458,0.001103,39.2428,-0.258664,-0.081213,0.130857,0.093779,0.399006,0.697656,-48.987,-8.8798,9.2144,10.3796,37.5855,103.1243
THFR_NE,HYPERNETS,PACE,668,RHOW,59,59,4,4,-0.7476,-0.8918,-12.7622,-2.1696,-0.3688,0.003414,0.008216,0.036463,NA,TRUE,TRUE,0.001461,0.001106,39.3713,-0.251201,-0.077138,0.144495,0.090655,0.39823,0.701288,-45.8126,-8.405,10.3218,10.005,38.898,102.3839
THFR_NE,HYPERNETS,PACE,669,RHOW,59,59,4,4,-0.7699,-0.9864,-12.5591,-2.1465,-0.3669,0.003396,0.008173,0.036121,NA,TRUE,TRUE,0.001494,0.001127,39.6902,-0.253725,-0.077403,0.136565,0.0881,0.406543,0.715344,-48.4286,-8.4189,9.5839,9.6834,37.9211,105.6826
THFR_NE,HYPERNETS,PACE,670,RHOW,59,59,4,4,-0.8303,-1.1611,-12.3354,-2.1346,-0.3694,0.0034,0.008215,0.036038,NA,TRUE,TRUE,0.001541,0.001161,40.0716,-0.26972,-0.086201,0.124321,0.098343,0.396761,0.699135,-54.0058,-9.472,8.5685,10.9366,37.5531,108.436
THFR_NE,HYPERNETS,PACE,671,RHOW,59,59,4,4,-0.8826,-1.312,-11.9548,-2.0987,-0.3684,0.003384,0.00817,0.035434,NA,TRUE,TRUE,0.001592,0.001215,41.2808,-0.283447,-0.104923,0.100756,0.112875,0.39545400000000003,0.695386,-59.2686,-11.7399,6.0026,12.7371,37.8261,112.4412
THFR_NE,HYPERNETS,PACE,672,RHOW,59,59,4,4,-0.7742,-1.0135,-10.8603,-1.8957,-0.3309,0.003346,0.007728,0.032835,NA,TRUE,TRUE,0.001544,0.001187,39.9277,-0.278571,-0.107234,0.10245,0.119021,0.395793,0.676049,-52.9669,-12.0505,6.3213,13.54,38.2286,101.4504
THFR_NE,HYPERNETS,PACE,673,RHOW,59,59,4,4,-0.8473,-1.2547,-10.5508,-1.8806,-0.3352,0.003326,0.007713,0.03233,NA,TRUE,TRUE,0.001609,0.00123,40.5319,-0.290813,-0.115946,0.082467,0.12459,0.379536,0.660265,-59.6389,-13.1368,4.4569,14.2487,36.9581,106.4774
THFR_NE,HYPERNETS,PACE,674,RHOW,59,59,4,4,-0.8191,-1.1588,-10.2559,-1.8261,-0.3251,0.003336,0.007667,0.031989,NA,TRUE,TRUE,0.00159,0.001239,40.3834,-0.302908,-0.13407,0.068058,0.145459,0.381478,0.639853,-59.3248,-15.5227,3.0417,17.0525,38.0175,100.0064
THFR_NE,HYPERNETS,PACE,675,RHOW,59,59,4,4,-0.7698,-1.0316,-9.7622,-1.734,-0.308,0.00332,0.007479,0.030895,NA,TRUE,TRUE,0.001577,0.001246,40.3733,-0.305392,-0.145524,0.058416,0.15647,0.385989,0.633252,-57.6254,-17.0692,1.9422,18.5788,38.8238,95.8686
THFR_NE,HYPERNETS,PACE,676,RHOW,59,59,4,4,-0.8245,-1.2087,-9.9223,-1.7805,-0.3195,0.003348,0.00764,0.031558,NA,TRUE,TRUE,0.001641,0.001278,40.9227,-0.31174,-0.140509,0.062884,0.152393,0.383019,0.639853,-62.4713,-16.3925,2.4979,18.0134,38.4419,102.1956
THFR_NE,HYPERNETS,PACE,677,RHOW,59,59,4,4,-0.772,-1.0922,-9.1692,-1.6499,-0.2969,0.003318,0.007338,0.029678,NA,TRUE,TRUE,0.00162,0.001254,39.4299,-0.297431,-0.134699,0.054825,0.143134,0.362177,0.613342,-57.6641,-15.5887,1.9371,16.7212,36.1528,95.7478
THFR_NE,HYPERNETS,PACE,678,RHOW,59,59,4,4,-0.7968,-1.1995,-9.2038,-1.6659,-0.3015,0.003329,0.007402,0.029905,NA,TRUE,TRUE,0.001655,0.001259,39.1283,-0.295962,-0.125652,0.057367,0.133943,0.349457,0.606797,-59.8225,-14.3916,2.4311,15.4815,34.7148,98.5246
THFR_NE,HYPERNETS,PACE,679,RHOW,59,59,5,5,-0.6244,-0.552,-8.868,-2.3316,-0.613,0.003756,0.008829,0.028125,NA,TRUE,TRUE,0.001956,0.001573,51.3366,-0.773004,-0.133781,-0.10272,0.133781,0.561804,0.773004,-340.5367,-15.4442,-11.4479,15.4442,56.1804,340.5367
THFR_NE,HYPERNETS,PACE,680,RHOW,59,59,5,5,-0.7701,-1.2202,-9.0135,-2.4048,-0.6416,0.003791,0.008997,0.02851,NA,TRUE,TRUE,0.002039,0.00162,52.4174,-0.845292,-0.128102,-0.098485,0.128102,0.557935,0.845292,-546.3801,-14.6923,-10.9244,14.6923,55.7935,546.3801
THFR_NE,HYPERNETS,PACE,681,RHOW,59,59,5,5,-0.9057,-2.1463,-9.258,-2.5045,-0.6775,0.003844,0.009229,0.029136,NA,TRUE,TRUE,0.002119,0.001661,53.4692,-0.917506,-0.122382,-0.092981,0.122382,0.554062,0.917506,-1112.2151,-13.9447,-10.2513,13.9447,55.4062,1112.2151
THFR_NE,HYPERNETS,PACE,682,RHOW,59,59,5,5,-0.9045,-2.1423,-9.2667,-2.5062,-0.6778,0.003839,0.009204,0.029041,NA,TRUE,TRUE,0.002099,0.001645,53.2082,-0.912283,-0.124095,-0.088185,0.124095,0.556125,0.912283,-1040.0248,-14.1676,-9.6714,14.1676,55.6125,1040.0248
THFR_NE,HYPERNETS,PACE,683,RHOW,59,59,4,4,-0.9361,-1.7709,-9.4213,-1.7631,-0.3299,0.0033,0.007534,0.03016,NA,TRUE,TRUE,0.001724,0.001235,37.7046,-0.283186,-0.096318,0.050882,0.098045,0.290947,0.569947,-69.369,-10.6592,2.5593,10.8709,28.3115,110.2621
THFR_NE,HYPERNETS,PACE,684,RHOW,59,59,4,4,-0.8612,-1.5204,-8.803,-1.6407,-0.3058,0.003243,0.007158,0.028166,NA,TRUE,TRUE,0.001612,0.001114,33.6865,-0.262237,-0.064067,0.07183,0.073813,0.252304,0.515356,-59.3058,-6.8685,5.5114,7.9872,24.5237,94.208
THFR_NE,HYPERNETS,PACE,685,RHOW,59,59,4,4,-0.8738,-1.5491,-8.6991,-1.6327,-0.3065,0.003239,0.007108,0.027722,NA,TRUE,TRUE,0.001595,0.001078,32.3442,-0.265421,-0.044161,0.100308,0.065616,0.246025,0.50385,-60.2024,-4.7257,8.7703,7.1047,24.0557,93.085
THFR_NE,HYPERNETS,PACE,686,RHOW,59,59,4,4,-0.9081,-1.6214,-8.4123,-1.6119,-0.3088,0.003245,0.007043,0.026864,NA,TRUE,TRUE,0.001597,0.001091,32.9473,-0.269086,-0.028592,0.122383,0.076292,0.239953,0.493133,-61.5055,-3.1536,11.2764,8.2673,23.6006,92.4682
THFR_NE,HYPERNETS,PACE,687,RHOW,59,59,4,4,-0.9769,-1.9057,-9.0109,-1.7288,-0.3317,0.003288,0.007347,0.028507,NA,TRUE,TRUE,0.001661,0.001103,33.1642,-0.258963,-0.024507,0.113588,0.053163,0.235281,0.513759,-66.2407,-2.6025,10.2122,5.6338,22.6172,103.935
THFR_NE,HYPERNETS,PACE,688,RHOW,59,59,5,5,-0.7068,-1.2172,-9.6822,-2.5516,-0.6724,0.003753,0.009026,0.029036,NA,TRUE,TRUE,0.001914,0.001429,47.9512,-0.868598,-0.045665,-0.002289,0.045665,0.492876,0.868598,-661.0229,-4.7851,-0.2295,4.7851,49.2876,661.0229
THFR_NE,HYPERNETS,PACE,689,RHOW,59,59,5,5,-0.9798,-2.9499,-10.6653,-2.8655,-0.7699,0.003874,0.009438,0.030147,NA,TRUE,TRUE,0.001942,0.001455,51.7519,-0.947039,-0.016177,0.004509,0.016177,0.668246,0.947039,-1788.1785,-1.6443,0.4509,1.6443,66.8246,1788.1785
THFR_NE,HYPERNETS,PACE,690,RHOW,59,59,5,5,-0.9605,-3.456,-10.9163,-2.9205,-0.7813,0.003833,0.009363,0.030034,NA,TRUE,TRUE,0.001921,0.001461,53.5287,-0.932211,-0.027302,0.02866,0.02866,0.721976,0.932211,-1375.1607,-2.8068,2.866,2.866,72.1976,1375.1607
THFR_NE,HYPERNETS,PACE,691,RHOW,59,59,5,5,-1.0865,-4.9661,-11.8493,-3.183,-0.855,0.003909,0.009658,0.03106,NA,TRUE,TRUE,0.001878,0.001471,56.3659,-0.911432,-0.03119,0.090683,0.090683,0.798812,0.911432,-1029.075,-3.2194,9.0683,9.0683,79.8812,1029.075
THFR_NE,HYPERNETS,PACE,692,RHOW,59,59,4,4,0.5233,-0.1902,0.6351,3.9326,24.3517,-0.051746,-0.006454,8.6e-4,NA,FALSE,FALSE,0.001413,0.001098,49.4175,-0.172197,0.092497,0.302663,0.101475,0.494874,0.887575,-74.1682,9.2349,26.6554,10.1364,44.46,195.0411
THFR_NE,HYPERNETS,PACE,693,RHOW,59,59,4,4,0.3801,-0.3488,0.676,4.2051,26.1588,-0.053959,-0.006717,8.77e-4,NA,FALSE,FALSE,0.001498,0.001195,55.8125,-0.13308,0.139762,0.376656,0.146925,0.531355,0.942555,-66.4559,13.9672,33.1431,14.6858,53.6024,210.9617
THFR_NE,HYPERNETS,PACE,694,RHOW,59,59,4,4,0.3966,-0.3969,0.7209,4.4851,27.9051,-0.055997,-0.007058,8.07e-4,NA,FALSE,FALSE,0.001504,0.001217,58.4975,-0.11571,0.164739,0.406785,0.171369,0.547638,0.961244,-67.7461,16.4664,36.006100000000004,17.1312,57.0261,224.4844
THFR_NE,HYPERNETS,PACE,695,RHOW,59,59,4,4,0.3963,-0.3871,0.7083,4.406,27.4094,-0.053452,-0.006662,8.59e-4,NA,FALSE,FALSE,0.001514,0.001237,61.2913,-0.11147,0.190602,0.454479,0.206715,0.571921,0.978119,-68.9371,19.0166,40.8007,20.6386,62.123,234.8544
THFR_NE,HYPERNETS,PACE,696,RHOW,59,59,5,4,0.4346,-0.413,0.7208,4.4814,27.8611,-0.053031,-0.006611,8.55e-4,NA,FALSE,FALSE,0.00152,0.001255,63.5768,-0.100491,0.217272,0.490857,0.238677,0.592715,0.989806,-69.5744,21.6519,44.5678,23.8109,65.861,243.6029
THFR_NE,HYPERNETS,PACE,697,RHOW,59,59,4,4,0.1966,-0.8286,0.7623,4.7565,29.6801,-0.054559,-0.006869,7.74e-4,NA,FALSE,FALSE,0.00151,0.001259,66.5535,-0.098027,0.241671,0.532861,0.2704,0.621938,1.017072,-81.6919,24.0341,48.7691,26.9395,70.3621,276.9017
THFR_NE,HYPERNETS,PACE,698,RHOW,59,59,4,4,0.1415,-0.8269,0.7217,4.5047,28.1186,-0.050559,-0.006225,8.77e-4,NA,FALSE,FALSE,0.001489,0.001276,69.4113,-0.084026,0.300217,0.605753,0.348808,0.671303,1.016608,-79.9319,29.658,57.0747,34.6046,76.5598,277.28
THFR_NE,HYPERNETS,PACE,699,RHOW,59,59,4,4,-0.0045,-1.0278,-30.9407,-4.9545,-0.7934,0.003734,0.011352,0.058925,NA,TRUE,TRUE,0.001533,0.001345,75.0236,-0.048969,0.377947,0.707674,0.443073,0.723577,1.03074,-70.4141,37.1777,67.7118,43.8372,86.4954,276.4821
THFR_NE,HYPERNETS,PACE,700,RHOW,59,59,5,5,-1.8517,-7.6347,-15.5504,-4.3216,-1.201,0.004125,0.01004,0.031321,NA,TRUE,TRUE,0.001775,0.001598,85.0943,-0.925093,0.279183,0.604157,0.604157,0.925093,0.997393,-1234.9876,27.9183,60.4157,60.4157,144.8889,1234.9876
THFR_NE,HYPERNETS,PACE,701,RHOW,59,59,6,5,-1.712,-3.0607,-16.462,-4.4865,-1.2227,0.004175,0.01022,0.032401,NA,TRUE,TRUE,0.001716,0.001563,85.8933,-0.911106,0.304456,0.667191,0.667191,0.911106,0.913304,-1024.9407,30.4456,66.7191,66.7191,149.8608,1024.9407
THFR_NE,HYPERNETS,PACE,702,RHOW,59,59,5,5,1.8732,5.456,1.1392,4.0284,14.2449,-0.019675,-0.004216,1.56e-4,NA,TRUE,FALSE,0.001498,0.001334,90.8656,-0.887951,0.379569,0.699133,0.699133,0.887951,0.985832,-792.4701,37.9569,69.9133,69.9133,159.0794,792.4701
THFR_NE,HYPERNETS,PACE,703,RHOW,59,59,5,5,1.8511,4.0528,1.1589,4.1324,14.7357,-0.019681,-0.004183,1.63e-4,NA,TRUE,FALSE,0.001502,0.001332,93.3984,-0.906732,0.411824,0.716102,0.716102,0.906732,0.955775,-972.184,41.1824,71.6102,71.6102,167.9488,972.184
THFR_NE,HYPERNETS,PACE,704,RHOW,59,59,5,5,1.9701,4.9802,1.199,4.2409,14.9998,-0.01959,-0.0042,1.52e-4,NA,TRUE,FALSE,0.001515,0.001344,96.2468,-0.883032,0.447078,0.761345,0.761345,0.883032,0.977621,-754.9311,44.7078,76.1345,76.1345,174.3266,754.9311
THFR_NE,HYPERNETS,PACE,705,RHOW,59,59,5,5,2.0581,3.9617,1.2512,4.4239,15.6417,-0.019854,-0.004277,1.29e-4,NA,TRUE,FALSE,0.001523,0.00135,98.722,-0.88139,0.504483,0.796193,0.796193,0.88139,0.94304,-743.0999,50.4483,79.6193,79.6193,181.0991,743.0999
THFR_NE,HYPERNETS,PACE,706,RHOW,59,59,5,5,2.0936,3.3407,1.2513,4.4001,15.4729,-0.018859,-0.004027,1.91e-4,NA,TRUE,FALSE,0.001527,0.001344,101.4007,-0.878318,0.539344,0.844525,0.844525,0.878318,0.903207,-721.8134,53.9344,84.4525,84.4525,190.4639,721.8134
THFR_NE,HYPERNETS,PACE,707,RHOW,59,59,5,5,2.1245,2.8816,1.2943,4.5792,16.2011,-0.019185,-0.004066,2.07e-4,NA,TRUE,FALSE,0.001573,0.001375,105.9455,-0.857622,0.597447,0.918371,0.857622,0.887894,0.918371,-602.356,59.7447,91.8371,91.8371,203.594,602.356
THFR_NE,HYPERNETS,PACE,708,RHOW,59,59,5,5,2.058,2.7687,1.3186,4.7307,16.9719,-0.019392,-0.004042,2.37e-4,NA,TRUE,FALSE,0.001608,0.001396,111.4576,-0.850617,0.641579,0.9827,0.850617,0.89142,0.9827,-569.419,64.1579,98.27,98.27,220.6561,569.419
THFR_NE,HYPERNETS,PACE,709,RHOW,59,59,5,5,2.2294,3.2684,1.3482,4.7588,16.798,-0.018738,-0.003974,2.09e-4,NA,TRUE,FALSE,0.001595,0.001389,113.4135,-0.899874,0.654849,1.016225,0.899874,0.901169,1.016225,-898.7461,65.4849,101.6225,101.6225,219.8559,898.7461
THFR_NE,HYPERNETS,PACE,710,RHOW,59,59,5,5,2.3007,3.3587,1.4054,4.9764,17.621,-0.019208,-0.004091,1.79e-4,NA,TRUE,FALSE,0.001618,0.001408,117.649,-0.907402,0.700151,1.073053,0.907402,0.91253,1.073053,-979.9385,70.0151,107.3053,107.3053,228.9312,979.9385
THFR_NE,HYPERNETS,PACE,711,RHOW,59,59,5,5,2.4141,3.5302,1.4905,5.2942,18.8051,-0.019806,-0.004242,1.39e-4,NA,TRUE,FALSE,0.001648,0.001429,123.8257,-0.915042,0.754902,1.143192,0.915042,0.922908,1.143192,-1077.0469,75.4902,114.3192,114.3192,245.5241,1077.0469
THFR_NE,HYPERNETS,PACE,712,RHOW,59,59,5,5,2.4266,4.6016,1.5087,5.3695,19.1105,-0.019218,-0.004085,1.67e-4,NA,TRUE,FALSE,0.001648,0.00144,131.3338,-0.936755,0.779867,1.351623,0.936755,0.970492,1.351623,-1481.1519,77.9867,135.1623,135.1623,252.7954,1481.1519
THFR_NE,HYPERNETS,PACE,713,RHOW,59,59,5,5,2.461,4.6885,1.5442,5.5098,19.659300000000002,-0.018989,-0.004007,1.92e-4,NA,TRUE,FALSE,0.001648,0.001448,137.295,-0.928889,0.863387,1.459543,0.928889,0.969067,1.459543,-1306.2596,86.3387,145.9543,145.9543,264.3863,1306.2596
THFR_NE,HYPERNETS,PACE,714,RHOW,59,59,5,5,2.3153,3.4652,1.5361,5.5561,20.0963,-0.018496,-0.003821,2.36e-4,NA,TRUE,FALSE,0.001625,0.001445,143.8657,-0.945848,0.909698,1.729189,0.945848,0.975392,1.729189,-1746.6476,90.9698,172.9189,172.9189,263.3157,1746.6476
THFR_NE,HYPERNETS,PACE,715,RHOW,59,59,6,6,0.5453,1.9572,1.5896,4.9015,15.1139,-0.013898,-0.00349,-1.15e-4,NA,TRUE,TRUE,0.001583,0.001406,142.0755,-0.927137,0.022878,1.689202,0.938576,0.957853,1.696036,-1303.7403,-125.0322,164.9551,214.0232,514.5551,1303.7403
THFR_NE,HYPERNETS,PACE,716,RHOW,59,59,7,7,1.3468,1.5626,1.5644,3.9987,10.221,-0.007641,-0.002177,-3.9e-5,NA,TRUE,TRUE,0.001443,0.001183,130.3086,-0.827862,-0.516681,1.494567,0.827862,0.968602,1.494567,-638.7317,-106.9029,144.1247,149.4547,259.1,678.8344
THFR_NE,HYPERNETS,PACE,717,RHOW,59,59,7,7,1.1262,1.0832,1.5073,3.9004,10.0931,-0.007046,-0.001876,1.22e-4,NA,TRUE,FALSE,0.001453,0.001149,132.0742,-0.740191,0.176247,1.627951,0.740191,0.965425,1.627951,-471.2017,17.6247,156.3015,112.8803,220.8539,702.3336
THFR_NE,HYPERNETS,PACE,718,RHOW,59,59,6,6,0.2576,1.2713,1.6913,5.2363,16.212,-0.013136,-0.003201,8e-6,NA,TRUE,FALSE,0.001644,0.001342,154.6203,-0.749118,0.136435,1.685066,0.793813,0.954961,1.685066,-299.0021,-35.7977,165.2125,209.0581,288.8065,373.4749
THFR_poly,HYPERNETS,PACE,350,RHOW,19,19,2,2,180.0585,44.6399,NA,NA,NA,NA,NA,NA,NA,NA,NA,0.031092,0.02212,484.832,2.361486,4.785646,7.209806,2.455497,4.84832,7.241143,72.0251,215.7133,479.4208,89.564,236.8235,498.4788
THFR_poly,HYPERNETS,PACE,351,RHOW,19,19,2,2,148.8012,37.3942,NA,NA,NA,NA,NA,NA,NA,NA,NA,0.030875,0.022043,484.1748,2.321106,4.74198,7.162854,2.470758,4.841748,7.212738,66.6961,208.6715,471.5676,95.1614,242.88,502.4075
THFR_poly,HYPERNETS,PACE,352,RHOW,19,19,2,2,125.5169,32.8855,NA,NA,NA,NA,NA,NA,NA,NA,NA,0.030218,0.021758,479.1833,2.207867,4.603783,6.9997,2.489941,4.791833,7.093725,53.5888,190.5293,449.5663,109.9256,257.8165,509.8953
THFR_poly,HYPERNETS,PACE,353,RHOW,19,19,2,2,108.7826,29.8348,NA,NA,NA,NA,NA,NA,NA,NA,NA,0.029565,0.021475,474.5057,2.093617,4.466146,6.838674,2.511984,4.745057,6.97813,39.8816,171.3518,426.3866,128.443,276.3086,519.8842
THFR_poly,HYPERNETS,PACE,354,RHOW,19,19,2,2,93.9982,25.5352,NA,NA,NA,NA,NA,NA,NA,NA,NA,0.029465,0.021326,466.6438,2.092078,4.425297,6.758516,2.45379,4.666438,6.879086,44.9146,176.7345,428.463,119.2152,264.672,506.6443
THFR_poly,HYPERNETS,PACE,355,RHOW,19,19,2,2,92.9606,25.1966,NA,NA,NA,NA,NA,NA,NA,NA,NA,0.029367,0.021207,459.4332,2.083064,4.38023,6.677396,2.404217,4.594332,6.784447,48.3365,179.9819,428.4598,112.9114,256.2574,496.1133
THFR_poly,HYPERNETS,PACE,356,RHOW,19,19,2,2,83.2903,22.6509,NA,NA,NA,NA,NA,NA,NA,NA,NA,0.029235,0.021063,447.3335,2.049068,4.285735,6.522402,2.330467,4.473335,6.616202,51.2445,181.5718,424.2022,106.5497,246.5925,481.5858
THFR_poly,HYPERNETS,PACE,357,RHOW,19,19,2,2,68.0549,17.9581,NA,NA,NA,NA,NA,NA,NA,NA,NA,0.029117,0.020747,432.1234,2.084831,4.245448,6.406065,2.19851,4.321234,6.443958,65.7752,197.3492,433.3522,86.5783,221.7322,454.7891
THFR_poly,HYPERNETS,PACE,358,RHOW,19,19,2,2,67.9745,17.3,NA,NA,NA,NA,NA,NA,NA,NA,NA,0.029075,0.02063,430.688,2.170438,4.30688,6.443322,2.170438,4.30688,6.443322,80.3965,214.7292,449.093,80.3965,214.7292,449.093
THFR_poly,HYPERNETS,PACE,359,RHOW,19,19,2,2,67.769,17.1236,NA,NA,NA,NA,NA,NA,NA,NA,NA,0.028774,0.020499,429.4476,2.183937,4.294476,6.405016,2.183937,4.294476,6.405016,85.2162,219.5931,451.4622,85.2162,219.5931,451.4622
THFR_poly,HYPERNETS,PACE,360,RHOW,19,19,2,2,71.5123,17.8876,NA,NA,NA,NA,NA,NA,NA,NA,NA,0.028495,0.020382,431.3251,2.212891,4.313251,6.41361,2.212891,4.313251,6.41361,90.25,225.3397,456.3517,90.25,225.3397,456.3517
THFR_poly,HYPERNETS,PACE,361,RHOW,19,19,2,2,76.8115,19.011,NA,NA,NA,NA,NA,NA,NA,NA,NA,0.028221,0.020268,433.8896,2.245334,4.338896,6.432458,2.245334,4.338896,6.432458,95.3228,231.2372,461.727,95.3228,231.2372,461.727
THFR_poly,HYPERNETS,PACE,362,RHOW,19,19,2,2,82.5033,20.504,NA,NA,NA,NA,NA,NA,NA,NA,NA,0.028152,0.02016,436.2475,2.242747,4.362475,6.482203,2.242747,4.362475,6.482203,92.0349,228.3771,461.5206,92.0349,228.3771,461.5206
THFR_poly,HYPERNETS,PACE,363,RHOW,19,19,2,2,83.2933,20.9262,NA,NA,NA,NA,NA,NA,NA,NA,NA,0.028052,0.020022,433.8198,2.214332,4.338198,6.462065,2.214332,4.338198,6.462065,87.7662,223.3129,456.7095,87.7662,223.3129,456.7095
THFR_poly,HYPERNETS,PACE,364,RHOW,19,19,2,2,83.5818,20.9064,NA,NA,NA,NA,NA,NA,NA,NA,NA,0.027937,0.019983,433.7824,2.224405,4.337824,6.451243,2.224405,4.337824,6.451243,90.3043,225.9785,458.3793,90.3043,225.9785,458.3793
THFR_poly,HYPERNETS,PACE,365,RHOW,19,19,2,2,70.3233,17.3394,NA,NA,NA,NA,NA,NA,NA,NA,NA,0.02782,0.019985,434.6059,2.250928,4.346059,6.441189,2.250928,4.346059,6.441189,95.8875,231.9949,462.673,95.8875,231.9949,462.673
THFR_poly,HYPERNETS,PACE,366,RHOW,19,19,2,2,65.2463,15.9459,NA,NA,NA,NA,NA,NA,NA,NA,NA,0.027703,0.019964,434.8383,2.268612,4.348383,6.428154,2.268612,4.348383,6.428154,99.9238,236.2055,465.3863,99.9238,236.2055,465.3863
THFR_poly,HYPERNETS,PACE,367,RHOW,19,19,2,2,59.2858,14.6588,NA,NA,NA,NA,NA,NA,NA,NA,NA,0.027041,0.0195,424.7878,2.22058,4.247878,6.275176,2.22058,4.247878,6.275176,99.3917,233.1738,456.7172,99.3917,233.1738,456.7172
THFR_poly,HYPERNETS,PACE,368,RHOW,19,19,2,2,57.6003,14.4874,NA,NA,NA,NA,NA,NA,NA,NA,NA,0.026378,0.019015,414.115,2.163171,4.14115,6.11913,2.163171,4.14115,6.11913,97.2728,228.3568,446.5435,97.2728,228.3568,446.5435
THFR_poly,HYPERNETS,PACE,369,RHOW,19,19,2,2,56.7952,14.5407,NA,NA,NA,NA,NA,NA,NA,NA,NA,0.026095,0.018741,407.4147,2.110547,4.074147,6.037747,2.110547,4.074147,6.037747,91.9705,221.311,437.7947,91.9705,221.311,437.7947
THFR_poly,HYPERNETS,PACE,370,RHOW,19,19,2,2,56.0018,14.6,NA,NA,NA,NA,NA,NA,NA,NA,NA,0.025813,0.018466,400.7259,2.057986,4.007259,5.956532,2.057986,4.007259,5.956532,86.6519,214.2288,429.0048,86.6519,214.2288,429.0048
THFR_poly,HYPERNETS,PACE,371,RHOW,19,19,2,2,54.6262,14.5649,NA,NA,NA,NA,NA,NA,NA,NA,NA,0.025516,0.018175,391.9142,1.99301,3.919142,5.845274,1.99301,3.919142,5.845274,80.6563,205.9087,418.0009,80.6563,205.9087,418.0009
THFR_poly,HYPERNETS,PACE,372,RHOW,19,19,2,2,57.7533,14.9647,NA,NA,NA,NA,NA,NA,NA,NA,NA,0.026383,0.018875,404.9981,2.079888,4.049981,6.020073,2.079888,4.049981,6.020073,87.2294,215.8678,432.8887,87.2294,215.8678,432.8887
THFR_poly,HYPERNETS,PACE,373,RHOW,19,19,2,2,66.1129,16.7781,NA,NA,NA,NA,NA,NA,NA,NA,NA,0.027248,0.019548,416.883,2.153111,4.16883,6.184549,2.153111,4.16883,6.184549,91.815,223.4858,445.5416,91.815,223.4858,445.5416
THFR_poly,HYPERNETS,PACE,374,RHOW,19,19,2,2,63.5744,16.2011,NA,NA,NA,NA,NA,NA,NA,NA,NA,0.026515,0.019117,407.762,2.129109,4.07762,6.026132,2.129109,4.07762,6.026132,96.0338,225.5065,440.4909,96.0338,225.5065,440.4909
THFR_poly,HYPERNETS,PACE,375,RHOW,19,19,2,2,61.6438,15.7744,NA,NA,NA,NA,NA,NA,NA,NA,NA,0.025787,0.018689,399.1673,2.107757,3.991673,5.875589,2.107757,3.991673,5.875589,100.1768,227.4179,435.5388,100.1768,227.4179,435.5388
THFR_poly,HYPERNETS,PACE,376,RHOW,19,19,2,2,56.5527,14.7916,NA,NA,NA,NA,NA,NA,NA,NA,NA,0.025253,0.018223,389.3234,2.037691,3.893234,5.748776,2.037691,3.893234,5.748776,94.1705,218.9292,423.8481,94.1705,218.9292,423.8481
THFR_poly,HYPERNETS,PACE,377,RHOW,19,19,2,2,59.482,15.9139,NA,NA,NA,NA,NA,NA,NA,NA,NA,0.02475,0.01776,382.8834,1.97867,3.828834,5.678998,1.97867,3.828834,5.678998,87.1132,210.2452,414.4056,87.1132,210.2452,414.4056
THFR_poly,HYPERNETS,PACE,378,RHOW,19,19,2,2,57.9569,15.957,NA,NA,NA,NA,NA,NA,NA,NA,NA,0.024216,0.017274,372.1494,1.898083,3.721494,5.544905,1.898083,3.721494,5.544905,79.5214,199.8865,400.9536,79.5214,199.8865,400.9536
THFR_poly,HYPERNETS,PACE,379,RHOW,19,19,2,2,60.9504,17.2591,NA,NA,NA,NA,NA,NA,NA,NA,NA,0.024035,0.017003,365.8219,1.830977,3.658219,5.485462,1.830977,3.658219,5.485462,70.2745,188.8554,390.0173,70.2745,188.8554,390.0173
THFR_poly,HYPERNETS,PACE,380,RHOW,19,19,2,2,64.2705,18.7381,NA,NA,NA,NA,NA,NA,NA,NA,NA,0.023855,0.017004,366.1651,1.764643,3.595469,5.426294,1.863916,3.661651,5.459385,61.0289,177.6805,378.8362,78.4475,197.3604,395.5139
THFR_poly,HYPERNETS,PACE,381,RHOW,19,19,2,2,74.5165,21.6466,NA,NA,NA,NA,NA,NA,NA,NA,NA,0.0237,0.016827,361.621,1.775603,3.583708,5.391813,1.824356,3.61621,5.408064,65.0784,181.6631,380.5845,73.4661,191.1251,388.59
THFR_poly,HYPERNETS,PACE,382,RHOW,19,19,2,2,59.083,17.4857,NA,NA,NA,NA,NA,NA,NA,NA,NA,0.023407,0.016554,340.6949,1.702089,3.405564,5.109038,1.704167,3.406949,5.109731,67.0115,179.3151,367.1352,67.359,179.7025,367.459
THFR_poly,HYPERNETS,PACE,383,RHOW,19,19,2,2,61.8032,18.1399,NA,NA,NA,NA,NA,NA,NA,NA,NA,0.023254,0.016532,340.0855,1.72107,3.400855,5.080641,1.72107,3.400855,5.080641,72.0475,184.2676,369.6848,72.0475,184.2676,369.6848
THFR_poly,HYPERNETS,PACE,384,RHOW,19,19,2,2,60.8361,17.8106,NA,NA,NA,NA,NA,NA,NA,NA,NA,0.022769,0.016296,335.125,1.720929,3.35125,4.981571,1.720929,3.35125,4.981571,77.2656,188.1247,368.3134,77.2656,188.1247,368.3134
THFR_poly,HYPERNETS,PACE,385,RHOW,19,19,3,3,39.9713,0.2465,3.3591,70.458,1477.8534,-6.872993,-0.314522,-0.001841,NA,TRUE,TRUE,0.018395,0.012264,252.8633,-0.419472,0.141263,3.302846,0.560735,0.980206,3.722318,-565.341,14.1263,191.8712,191.8712,646.4429,1841.9383
THFR_poly,HYPERNETS,PACE,386,RHOW,19,19,3,3,34.2054,-3.0271,3.0798,67.6705,1486.8874,-6.940376,-0.302802,-7.16e-4,NA,TRUE,TRUE,0.018216,0.01215,249.9555,-0.426912,0.126125,3.259357,0.553037,0.97995,3.68627,-565.4976,12.6125,188.5304,188.5304,639.2589,1820.1628
THFR_poly,HYPERNETS,PACE,387,RHOW,19,19,3,3,34.1384,-2.8107,3.0664,67.2915,1476.7035,-6.870589,-0.300139,-7.32e-4,NA,TRUE,TRUE,0.018043,0.012028,248.1983,-0.432085,0.115274,3.233252,0.547359,0.979445,3.665337,-560.4579,11.5274,186.3327,186.3327,635.123,1791.1067
THFR_poly,HYPERNETS,PACE,388,RHOW,19,19,3,3,34.0701,-2.5956,3.0529,66.9105,1466.4739,-6.8009,-0.297479,-7.48e-4,NA,TRUE,TRUE,0.01787,0.011906,246.43,-0.437293,0.104352,3.206982,0.541645,0.978938,3.644274,-555.6868,10.4352,184.1195,184.1195,630.9611,1762.9338
THFR_poly,HYPERNETS,PACE,389,RHOW,19,19,2,2,53.4895,16.2053,NA,NA,NA,NA,NA,NA,NA,NA,NA,0.02135,0.015249,317.2953,1.622545,3.172953,4.723361,1.622545,3.172953,4.723361,73.0325,179.2576,350.6945,73.0325,179.2576,350.6945
THFR_poly,HYPERNETS,PACE,390,RHOW,19,19,2,2,56.6904,17.5457,NA,NA,NA,NA,NA,NA,NA,NA,NA,0.021063,0.014937,312.8387,1.574341,3.128387,4.682433,1.574341,3.128387,4.682433,66.5045,171.723,343.4318,66.5045,171.723,343.4318
THFR_poly,HYPERNETS,PACE,391,RHOW,19,19,2,2,50.9655,16.0851,NA,NA,NA,NA,NA,NA,NA,NA,NA,0.020851,0.014756,305.3103,1.520674,3.047226,4.573777,1.529491,3.053103,4.576716,62.5172,165.6802,334.329,63.9607,167.251,335.6111
THFR_poly,HYPERNETS,PACE,392,RHOW,19,19,2,2,48.8893,15.6879,NA,NA,NA,NA,NA,NA,NA,NA,NA,0.020661,0.014679,302.3304,1.479052,2.990704,4.502356,1.527953,3.023304,4.518656,58.7435,160.487,327.441,66.835,169.2652,334.5835
THFR_poly,HYPERNETS,PACE,393,RHOW,19,19,3,3,35.0588,2.1534,2.8726,58.6796,1198.6551,-5.545232,-0.259444,-6.8e-4,NA,TRUE,TRUE,0.016931,0.011298,232.5634,-0.524166,-0.066872,2.930849,0.524166,0.98146,3.455016,-660.2856,-7.1665,154.2684,172.4905,592.8571,1833.1658
THFR_poly,HYPERNETS,PACE,394,RHOW,19,19,3,3,32.7925,4.3764,2.8062,59.7417,1271.8304,-5.925262,-0.265904,-6.7e-5,NA,TRUE,TRUE,0.017035,0.01121,229.8002,-0.42528,0.039329,3.002058,0.464609,0.88989,3.427339,-195.6035,3.9329,169.0484,169.0484,596.4787,695.3166
THFR_poly,HYPERNETS,PACE,395,RHOW,19,19,3,3,28.7273,3.6196,2.6576,59.1593,1316.8913,-6.175662,-0.264604,9.41e-4,NA,TRUE,FALSE,0.017147,0.011318,231.5935,-0.326926,0.146557,3.073698,0.473483,0.800409,3.400624,-109.0411,14.6557,183.3172,139.6775,401.0245,492.2493
THFR_poly,HYPERNETS,PACE,396,RHOW,19,19,3,3,23.3066,1.2918,2.4459,56.7849,1318.3391,-6.211677,-0.254719,0.001865,NA,TRUE,FALSE,0.017103,0.011334,231.4544,-0.324735,0.158718,3.067722,0.483454,0.808189,3.392458,-112.1165,15.8718,184.3248,145.7832,421.3467,503.0997
THFR_poly,HYPERNETS,PACE,397,RHOW,19,19,3,3,23.5958,1.2322,2.46,57.016,1321.4757,-6.232071,-0.256067,0.001772,NA,TRUE,FALSE,0.017055,0.011332,231.2422,-0.321468,0.170838,3.061745,0.492306,0.813774,3.383213,-114.1567,17.0838,185.3144,150.7429,436.9826,511.0199
THFR_poly,HYPERNETS,PACE,398,RHOW,19,19,3,3,25.1165,1.6309,2.5287,58.0414,1332.2484,-6.298979,-0.261627,0.0014,NA,TRUE,FALSE,0.017002,0.011322,230.4276,-0.31997,0.17942,3.046734,0.49939,0.819359,3.366704,-116.6497,17.942,185.5621,155.521,453.5855,518.6693
THFR_poly,HYPERNETS,PACE,399,RHOW,19,19,3,3,26.9403,2.4929,2.6013,58.8986,1333.6057,-6.323566,-0.26676,7.38e-4,NA,TRUE,FALSE,0.016819,0.011086,224.5919,-0.383132,0.070561,2.950467,0.453692,0.836824,3.333599,-139.2577,7.0561,170.4132,156.1399,512.8343,546.9843
THFR_poly,HYPERNETS,PACE,400,RHOW,19,19,3,3,27.8655,3.3549,2.5884,57.7213,1287.1764,-6.113867,-0.261925,4.95e-4,NA,TRUE,FALSE,0.01664,0.010953,221.0753,-0.443881,-0.033511,2.855494,0.443881,0.854252,3.299375,-166.4403,-3.4672,155.3133,164.1656,574.4498,580.2574
THFR_poly,HYPERNETS,PACE,401,RHOW,19,19,3,3,26.7924,2.5216,2.5284,56.7548,1273.9797,-6.061559,-0.257962,5.84e-4,NA,TRUE,FALSE,0.016527,0.010991,221.64,-0.47867,-0.07588,2.80799,0.47867,0.881459,3.28666,-202.1353,-8.2111,148.6781,169.0973,569.1861,651.3443
THFR_poly,HYPERNETS,PACE,402,RHOW,19,19,3,3,26.0499,1.5337,2.4963,56.3674,1272.7833,-6.068693,-0.256852,5.35e-4,NA,TRUE,FALSE,0.016416,0.01103,222.2396,-0.513905,-0.119311,2.760034,0.513905,0.9085,3.273939,-252.2726,-13.5474,141.8105,174.5695,563.9378,751.8319
THFR_poly,HYPERNETS,PACE,403,RHOW,19,19,3,3,26.797,1.9035,2.4234,53.3675,1175.2572,-5.629147,-0.243887,6.53e-4,NA,TRUE,FALSE,0.016284,0.011055,221.0507,-0.548599,-0.161803,2.68626,0.548599,0.935395,3.234859,-329.7294,-19.3037,134.031,179.2076,553.4323,905.7
THFR_poly,HYPERNETS,PACE,404,RHOW,19,19,3,3,26.9957,2.875,2.4086,52.6675,1151.6281,-5.522129,-0.24085,6.79e-4,NA,TRUE,FALSE,0.016167,0.010964,218.822,-0.539953,-0.159671,2.662541,0.539953,0.920235,3.202495,-286.2506,-19.0011,133.4379,177.7936,548.4754,801.6551
THFR_poly,HYPERNETS,PACE,405,RHOW,19,19,3,3,27.0122,3.6456,2.3814,51.714,1123.0308,-5.389855,-0.236535,7.68e-4,NA,TRUE,FALSE,0.01605,0.010871,216.5821,-0.531039,-0.156988,2.639199,0.531039,0.90509,3.170238,-253.5308,-18.6222,132.9186,176.2933,543.5386,723.439
THFR_poly,HYPERNETS,PACE,406,RHOW,19,19,3,3,26.0481,4.7786,2.2017,46.413,978.4033,-4.728402,-0.212786,0.001424,NA,TRUE,FALSE,0.015724,0.010661,209.6739,-0.521263,-0.151938,2.547876,0.521263,0.890588,3.069139,-228.2877,-17.9159,130.1831,171.4226,524.769,655.6628
THFR_poly,HYPERNETS,PACE,407,RHOW,19,19,3,3,23.5764,3.9573,2.0715,44.8925,972.9089,-4.712916,-0.206057,0.001901,NA,TRUE,FALSE,0.015439,0.010475,205.801,-0.511709,-0.147154,2.501729,0.511709,0.876263,3.013438,-207.8332,-17.2545,129.0311,168.5492,515.0613,605.0338
THFR_poly,HYPERNETS,PACE,408,RHOW,19,19,3,3,20.3931,2.8167,1.9177,42.9858,963.5348,-4.682475,-0.197596,0.002486,NA,TRUE,FALSE,0.015155,0.010293,201.9468,-0.502417,-0.142377,2.455597,0.502417,0.862457,2.958014,-191.1606,-16.6014,127.8526,165.6793,505.3571,563.4169
THFR_poly,HYPERNETS,PACE,409,RHOW,19,19,3,3,17.7245,1.1539,1.8105,41.7322,961.9221,-4.695763,-0.192593,0.002773,NA,TRUE,FALSE,0.014834,0.010121,198.1172,-0.50453,-0.130687,2.401885,0.50453,0.878372,2.906414,-207.5355,-15.0334,127.1321,161.2778,493.4457,598.5118
THFR_poly,HYPERNETS,PACE,410,RHOW,19,19,3,3,18.1518,0.5743,1.872,43.2629,999.8351,-4.899185,-0.201045,0.002243,NA,TRUE,FALSE,0.014511,0.009946,194.4329,-0.5087,-0.124172,2.345708,0.5087,0.893228,2.854408,-227.0108,-14.1777,125.6868,157.684,481.5588,638.0204
THFR_poly,HYPERNETS,PACE,411,RHOW,19,19,3,3,20.5233,2.0513,1.978,44.7578,1012.7582,-4.99012,-0.209608,0.001662,NA,TRUE,FALSE,0.01448,0.009948,193.4442,-0.514219,-0.145314,2.314786,0.514219,0.883125,2.829006,-216.3991,-17.0021,122.1646,159.9373,477.4887,602.927
THFR_poly,HYPERNETS,PACE,412,RHOW,19,19,3,3,17.6453,0.6128,1.922,45.0172,1054.3725,-5.261216,-0.213695,0.001812,NA,TRUE,FALSE,0.014459,0.009985,192.6616,-0.52257,-0.170072,2.282318,0.52257,0.875068,2.804888,-210.558,-20.4924,118.1604,162.8666,473.4708,577.5144
THFR_poly,HYPERNETS,PACE,413,RHOW,19,19,3,3,19.6288,2.4599,1.9184,43.6213,991.87,-4.990006,-0.20854,0.001743,NA,TRUE,FALSE,0.014409,0.009977,190.3163,-0.526844,-0.187993,2.233904,0.526844,0.865696,2.760748,-202.8133,-23.1516,114.3024,163.9168,465.58,548.9361
THFR_poly,HYPERNETS,PACE,414,RHOW,19,19,3,3,18.4111,2.4083,1.8709,43.0593,991.0431,-4.999725,-0.206348,0.001917,NA,TRUE,FALSE,0.014302,0.009913,188.8642,-0.523843,-0.202209,2.208016,0.523843,0.845477,2.731859,-184.8127,-25.3462,111.7116,165.3724,461.8241,502.9815
THFR_poly,HYPERNETS,PACE,415,RHOW,19,19,3,3,18.9495,3.1699,1.8929,43.3447,992.5474,-5.012683,-0.208063,0.001756,NA,TRUE,FALSE,0.014191,0.00984,187.3902,-0.520479,-0.216356,2.182196,0.520479,0.824602,2.702675,-169.7298,-27.609,109.1248,166.862,458.0748,464.0719
THFR_poly,HYPERNETS,PACE,416,RHOW,19,19,3,3,20.5941,4.339,1.9772,44.6758,1009.4801,-5.11513,-0.215529,0.001309,NA,TRUE,FALSE,0.014078,0.009729,184.7574,-0.50427,-0.212965,2.160609,0.50427,0.795575,2.664879,-149.3078,-27.0592,108.7006,149.3078,389.1765,420.3069
THFR_poly,HYPERNETS,PACE,417,RHOW,19,19,3,3,17.3429,3.3643,1.8145,42.0935,976.5,-4.973281,-0.203507,0.002101,NA,TRUE,FALSE,0.013971,0.009627,182.0622,-0.486983,-0.204926,2.141487,0.486983,0.769041,2.62847,-133.3613,-25.7744,108.8848,133.3613,332.9776,387.4564
THFR_poly,HYPERNETS,PACE,418,RHOW,19,19,3,3,11.716,1.4851,1.5372,37.1314,896.9329,-4.615316,-0.18016,0.003447,NA,TRUE,FALSE,0.01386,0.009542,178.9228,-0.471531,-0.196904,2.11386,0.471531,0.746157,2.58539,-121.4797,-24.5181,108.7222,121.4797,293.9449,362.2773
THFR_poly,HYPERNETS,PACE,419,RHOW,19,19,3,3,12.5158,1.8995,1.5992,38.4995,926.8226,-4.793679,-0.188363,0.002938,NA,TRUE,FALSE,0.013621,0.009435,176.3499,-0.480589,-0.219795,2.054763,0.480589,0.741383,2.535352,-122.6215,-28.1714,103.9109,122.6215,286.6724,353.9494
THFR_poly,HYPERNETS,PACE,420,RHOW,19,19,3,3,12.961,2.4012,1.5769,37.6968,901.1408,-4.671151,-0.184787,0.002888,NA,TRUE,FALSE,0.013381,0.009312,173.5645,-0.486102,-0.23568,1.999525,0.486102,0.736525,2.485628,-122.8398,-30.8352,100.0253,122.8398,279.5428,345.7358
THFR_poly,HYPERNETS,PACE,421,RHOW,19,19,3,3,14.6502,3.4475,1.5585,36.3048,845.6975,-4.402515,-0.178484,0.002848,NA,TRUE,FALSE,0.013202,0.009222,170.4408,-0.490245,-0.240271,1.946232,0.490245,0.74022,2.436477,-125.0959,-31.6259,97.4712,125.0959,284.9406,344.4995
THFR_poly,HYPERNETS,PACE,422,RHOW,19,19,3,3,14.3892,3.4763,1.5126,35.1318,815.9774,-4.286082,-0.174123,0.002917,NA,TRUE,FALSE,0.01303,0.009155,167.6031,-0.497646,-0.249299,1.89175,0.497646,0.745993,2.389396,-129.0043,-33.2089,94.374,129.0043,293.6897,345.1249
THFR_poly,HYPERNETS,PACE,423,RHOW,19,19,3,3,14.3184,3.7062,1.4923,34.5857,801.5417,-4.223078,-0.171718,0.003094,NA,TRUE,FALSE,0.013116,0.009187,167.5594,-0.489952,-0.250714,1.898082,0.489952,0.72919,2.388034,-121.9954,-33.4605,94.4622,121.9954,269.2627,331.6971
THFR_poly,HYPERNETS,PACE,424,RHOW,19,19,3,3,14.2493,3.9112,1.4729,34.0622,787.6937,-4.162719,-0.169416,0.003266,NA,TRUE,FALSE,0.013201,0.009219,167.5162,-0.48232,-0.252127,1.90436,0.48232,0.712514,2.38668,-115.6639,-33.7125,94.5475,115.6639,247.843,319.5688
THFR_poly,HYPERNETS,PACE,425,RHOW,19,19,3,3,13.0618,3.4878,1.4497,34.0902,801.6511,-4.25715,-0.170345,0.003447,NA,TRUE,FALSE,0.013298,0.00927,168.0263,-0.476791,-0.256348,1.915429,0.476791,0.697233,2.39222,-110.7467,-34.4716,94.5022,110.7467,230.2868,309.907
THFR_poly,HYPERNETS,PACE,426,RHOW,19,19,3,3,11.4694,3.0216,1.3814,32.9687,786.8629,-4.196437,-0.16519,0.003715,NA,TRUE,FALSE,0.013095,0.009127,165.0557,-0.466139,-0.254905,1.882244,0.466139,0.677373,2.348383,-103.9595,-34.211,93.3889,103.9595,209.9558,294.435
THFR_poly,HYPERNETS,PACE,427,RHOW,19,19,3,3,12.266,3.7175,1.3623,32.0403,753.5542,-4.048412,-0.161566,0.003699,NA,TRUE,FALSE,0.012861,0.008968,160.6623,-0.456408,-0.255946,1.825554,0.456408,0.656871,2.281962,-97.9105,-34.3988,91.0789,97.9105,191.4354,278.1652
THFR_poly,HYPERNETS,PACE,428,RHOW,19,19,3,3,11.5752,3.5113,1.3603,32.3361,768.6472,-4.14511,-0.163691,0.003803,NA,TRUE,FALSE,0.012879,0.008908,159.2947,-0.431766,-0.237971,1.838669,0.431766,0.625562,2.270436,-87.2079,-31.2285,93.5358,87.2079,167.0669,262.3143
THFR_poly,HYPERNETS,PACE,429,RHOW,19,19,3,3,7.7802,2.023,1.2113,29.7599,731.1796,-3.971684,-0.150832,0.004681,NA,TRUE,FALSE,0.012903,0.008868,158.0202,-0.408524,-0.216853,1.853353,0.408524,0.600196,2.261877,-78.7125,-27.6899,96.3637,78.7125,150.1227,250.9265
THFR_poly,HYPERNETS,PACE,430,RHOW,19,19,4,4,4.5881,-3.7154,5.2131,32.2411,199.3991,-1.094443,-0.169764,-0.020252,NA,TRUE,TRUE,0.011507,0.007981,141.0523,-0.671352,-0.38576,0.823109,0.478033,0.772399,1.704889,-371.4814,-70.6888,25.6854,99.307,237.5547,723.6084
THFR_poly,HYPERNETS,PACE,431,RHOW,19,19,4,4,4.5296,-2.7686,5.1134,31.6204,195.5351,-1.081896,-0.167758,-0.019931,NA,TRUE,TRUE,0.011325,0.007856,137.7684,-0.646549,-0.378458,0.793373,0.46228,0.746995,1.662398,-278.4822,-67.0827,23.9735,91.8611,225.3943,579.3552
THFR_poly,HYPERNETS,PACE,432,RHOW,19,19,4,4,4.8151,-1.7424,5.0864,31.4076,193.9385,-1.077585,-0.167316,-0.019901,NA,TRUE,TRUE,0.011147,0.007719,134.8583,-0.621179,-0.369848,0.76943,0.445498,0.721209,1.624294,-227.955,-63.4739,22.594,84.7667,214.4015,505.8184
THFR_poly,HYPERNETS,PACE,433,RHOW,19,19,4,4,4.8919,-1.8924,4.9752,30.6927,189.3489,-1.055485,-0.163966,-0.019454,NA,TRUE,TRUE,0.011041,0.007696,133.9295,-0.627976,-0.374483,0.750911,0.450095,0.730247,1.619447,-246.2437,-64.755,21.6509,86.3783,213.9018,528.9906
THFR_poly,HYPERNETS,PACE,434,RHOW,19,19,4,4,3.5998,-4.1921,4.667,28.9304,179.3366,-1.007725,-0.155505,-0.018026,NA,TRUE,TRUE,0.010942,0.007693,132.6738,-0.633759,-0.378277,0.729317,0.453435,0.738923,1.612226,-270.3397,-65.761,20.6276,87.5183,212.4176,561.9059
THFR_poly,HYPERNETS,PACE,435,RHOW,19,19,4,4,1.791,-6.8131,4.3081,26.8471,167.3052,-0.946318,-0.144857,-0.016248,NA,TRUE,TRUE,0.010855,0.007695,131.8517,-0.639375,-0.381667,0.713027,0.456573,0.747271,1.609214,-302.797,-66.6916,19.8202,88.6221,211.5517,610.3534
THFR_poly,HYPERNETS,PACE,436,RHOW,19,19,4,4,1.2012,-5.3473,4.1003,25.5793,159.5755,-0.906804,-0.138346,-0.015165,NA,TRUE,TRUE,0.010747,0.007608,129.7657,-0.638743,-0.374096,0.718023,0.456148,0.739287,1.580796,-261.2436,-65.5606,22.061,89.344,212.2331,525.4597
THFR_poly,HYPERNETS,PACE,437,RHOW,19,19,4,4,2.4003,-3.433,3.9285,24.4209,151.8072,-0.869963,-0.13293,-0.014365,NA,TRUE,TRUE,0.010605,0.007506,126.3803,-0.638029,-0.367679,0.707552,0.456219,0.731299,1.538884,-237.0191,-64.7394,23.6046,90.2293,210.9598,467.6423
THFR_poly,HYPERNETS,PACE,438,RHOW,19,19,4,4,0.8958,-4.1774,3.6213,22.5979,141.0187,-0.824572,-0.125061,-0.012966,NA,TRUE,TRUE,0.010634,0.007575,125.1478,-0.63653,-0.37677,0.684781,0.462842,0.724145,1.51278,-222.5738,-66.9493,21.654,92.3814,210.6455,435.0745
THFR_poly,HYPERNETS,PACE,439,RHOW,19,19,4,4,0.5681,-4.1226,3.7801,23.6001,147.342,-0.867956,-0.131896,-0.014,NA,TRUE,TRUE,0.010664999999999999,0.007599,125.0438,-0.632389,-0.384324,0.675016,0.467367,0.714368,1.497438,-208.3809,-68.6765,20.1012,93.6953,211.2252,410.4161
THFR_poly,HYPERNETS,PACE,440,RHOW,19,19,4,4,0.242,-3.8097,3.676,22.9555,143.3494,-0.848794,-0.128746,-0.01344,NA,TRUE,TRUE,0.010698,0.007614,124.724,-0.628433,-0.387178,0.672288,0.469534,0.704975,1.48268,-197.4642,-69.4135,19.6261,94.4385,211.8023,391.2799
THFR_poly,HYPERNETS,PACE,441,RHOW,19,19,4,4,0.0946,-3.3275,3.4731,21.6894,135.4492,-0.805471,-0.121797,-0.01232,NA,TRUE,TRUE,0.010555,0.007505,122.3824,-0.607874,-0.379887,0.654359,0.456005,0.683625,1.451444,-177.4048,-66.3518,18.6415,88.5591,203.1712,368.6454
THFR_poly,HYPERNETS,PACE,442,RHOW,19,19,4,4,0.2308,-2.7576,3.3177,20.7181,129.3768,-0.77224,-0.116475,-0.011463,NA,TRUE,TRUE,0.010407,0.007391,119.9658,-0.587385,-0.372655,0.635678,0.442566,0.662294,1.419386,-160.3324,-63.5149,17.6359,83.1391,194.9493,348.892
THFR_poly,HYPERNETS,PACE,443,RHOW,19,19,4,4,-0.1538,-2.6951,-123.2302,-19.7332,-3.1599,0.027816,0.128569,0.757757,NA,TRUE,TRUE,0.01035,0.007339,118.379,-0.57032,-0.363197,0.627999,0.428573,0.646691,1.401909,-149.0519,-60.453,17.4588,78.0642,188.4093,339.1329
THFR_poly,HYPERNETS,PACE,444,RHOW,19,19,4,4,0.4239,-2.0654,2.9856,18.6407,116.3824,-0.705482,-0.10573,-0.009669,NA,TRUE,TRUE,0.010266,0.007271,115.8429,-0.553885,-0.353525,0.611792,0.414862,0.631572,1.375139,-139.0571,-57.5475,17.1522,73.4292,181.1267,327.1746
THFR_poly,HYPERNETS,PACE,445,RHOW,19,19,4,4,0.3779,-2.0257,3.0986,19.3473,120.802,-0.744237,-0.111891,-0.010616,NA,TRUE,TRUE,0.010188,0.007244,113.906,-0.541073,-0.355033,0.582985,0.409204,0.61877,1.348626,-131.366,-57.2816,14.8637,71.2001,175.4669,315.823
THFR_poly,HYPERNETS,PACE,446,RHOW,19,19,4,4,-0.3471,-2.2526,-109.7903,-17.5838,-2.8162,0.026347,0.119242,0.699267,NA,TRUE,TRUE,0.010016,0.007174,111.9606,-0.533077,-0.354592,0.557745,0.404096,0.612553,1.328063,-127.5874,-56.7967,13.3222,69.4,170.4904,308.9229
THFR_poly,HYPERNETS,PACE,447,RHOW,19,19,4,4,-0.4034,-2.1253,-106.2083,-17.0115,-2.7247,0.025778,0.116027,0.679481,NA,TRUE,TRUE,0.009832,0.007076,110.0459,-0.524209,-0.354181,0.533782,0.399055,0.604489,1.305893,-123.053,-56.3593,11.8205,67.686,165.7934,300.7924
THFR_poly,HYPERNETS,PACE,448,RHOW,19,19,4,4,-0.8496,-2.3997,-107.1278,-17.1742,-2.7533,0.026034,0.117814,0.690314,NA,TRUE,TRUE,0.009745,0.007073,109.5112,-0.530794,-0.365085,0.513489,0.408989,0.608694,1.294816,-125.6553,-59.0296,10.0522,70.4917,166.5039,297.2907
THFR_poly,HYPERNETS,PACE,449,RHOW,19,19,4,4,-1.1862,-2.5357,-97.1738,-15.6032,-2.5054,0.024574,0.108842,0.633644,NA,TRUE,TRUE,0.009662,0.007079,108.4691,-0.536321,-0.371176,0.494307,0.415018,0.613783,1.283456,-128.5473,-60.596,8.9306,72.271,165.9588,294.6053
THFR_poly,HYPERNETS,PACE,450,RHOW,19,19,4,4,-1.2315,-2.5304,-96.3501,-15.475,-2.4855,0.02444,0.108266,0.630185,NA,TRUE,TRUE,0.009572,0.007052,107.7783,-0.540441,-0.377219,0.480059,0.420995,0.616112,1.2729,-130.127,-62.1807,7.9529,74.0722,166.0761,291.099
THFR_poly,HYPERNETS,PACE,451,RHOW,19,19,4,4,-1.4045,-2.5422,-92.8151,-14.9252,-2.4001,0.023971,0.105168,0.610105,NA,TRUE,TRUE,0.009438,0.006942,105.687,-0.52371,-0.363363,0.475227,0.404612,0.601558,1.253816,-121.8188,-58.4111,8.6244,69.0766,159.9141,283.4164
THFR_poly,HYPERNETS,PACE,452,RHOW,19,19,4,4,-0.8157,-2.1486,-92.2112,-14.787,-2.3712,0.024182,0.106691,0.621214,NA,TRUE,TRUE,0.009243,0.006871,101.7549,-0.516109,-0.363605,0.431465,0.400881,0.594062,1.210731,-117.9162,-58.2245,6.5964,67.8144,152.8844,269.0589
THFR_poly,HYPERNETS,PACE,453,RHOW,19,19,4,4,-0.6628,-1.7891,-86.8342,-13.9196,-2.2313,0.023433,0.101918,0.591529,NA,TRUE,TRUE,0.009155,0.006823,99.945,-0.50746,-0.36027,0.416514,0.395157,0.584877,1.18917,-113.4295,-57.2541,6.0208,66.104,149.1325,261.1293
THFR_poly,HYPERNETS,PACE,454,RHOW,19,19,4,4,-0.7467,-1.7064,-83.5206,-13.3938,-2.1479,0.02295,0.098738,0.571337,NA,TRUE,TRUE,0.009084,0.006759,98.7203,-0.492525,-0.352815,0.409586,0.383254,0.571357,1.175306,-106.858,-55.2036,5.6839,62.7002,144.8206,255.7399
THFR_poly,HYPERNETS,PACE,455,RHOW,19,19,4,4,-1.1221,-1.8951,-82.94,-13.326,-2.1411,0.023008,0.098793,0.570475,NA,TRUE,TRUE,0.009022,0.006714,97.8299,-0.477654,-0.349012,0.398663,0.373186,0.557947,1.163059,-100.7243,-54.0381,4.575,59.8768,140.8778,251.0597
THFR_poly,HYPERNETS,PACE,456,RHOW,19,19,4,4,-1.3011,-1.8092,-80.9837,-13.0296,-2.0964,0.022704,0.09712,0.559647,NA,TRUE,TRUE,0.008913,0.006691,97.3823,-0.478142,-0.364212,0.370456,0.383173,0.55415,1.144801,-99.7661,-57.5657,1.425,62.3412,138.5877,241.7562
THFR_poly,HYPERNETS,PACE,457,RHOW,19,19,4,4,-0.9495,-1.3846,-79.4436,-12.7548,-2.0478,0.022403,0.095778,0.552796,NA,TRUE,TRUE,0.008777,0.006653,96.1407,-0.478623,-0.379255,0.334542,0.39305,0.5504,1.118757,-98.9196,-61.256100000000004,-1.9763,64.8823,134.7056,229.8469
THFR_poly,HYPERNETS,PACE,458,RHOW,19,19,4,4,-1.0485,-1.3742,-74.5042,-11.9739,-1.9244,0.021698,0.091397,0.525078,NA,TRUE,TRUE,0.008646,0.006601,94.2907,-0.480108,-0.379198,0.321073,0.395155,0.549104,1.096855,-98.8945,-61.2952,-1.9697,65.4988,132.9579,222.7937
THFR_poly,HYPERNETS,PACE,459,RHOW,19,19,4,4,-0.8343,-1.1309,-68.1579,-10.9443,-1.7573,0.020678,0.085209,0.487095,NA,TRUE,TRUE,0.008502,0.006537,92.0016,-0.482221,-0.377261,0.307048,0.396555,0.548593,1.072054,-99.1927,-60.89,-1.6038,65.9595,131.7777,216.4304
THFR_poly,HYPERNETS,PACE,460,RHOW,19,19,4,4,-0.9496,-1.1351,-65.8942,-10.592,-1.7026,0.020323,0.083013,0.473016,NA,TRUE,TRUE,0.008379,0.006459,90.6452,-0.481488,-0.374229,0.304079,0.396305,0.544595,1.054743,-98.2254,-60.202,-0.9187,65.9644,128.5371,207.9095
THFR_poly,HYPERNETS,PACE,461,RHOW,19,19,4,4,-1.0894,-1.1366,-62.11,-10.0021,-1.6107,0.019873,0.079651,0.450857,NA,TRUE,TRUE,0.008255,0.006342,88.2421,-0.46312,-0.358277,0.304422,0.379697,0.525123,1.027846,-90.8564,-56.179,0.3735,61.4881,118.1499,192.5486
THFR_poly,HYPERNETS,PACE,462,RHOW,19,19,4,4,-0.8882,-0.8917,-60.7843,-9.7717,-1.5709,0.019711,0.078335,0.443003,NA,TRUE,TRUE,0.008106,0.006177,85.535,-0.443535,-0.339438,0.308988,0.361736,0.503037,0.996652,-83.4302,-51.7325,2.275,56.9497,107.2522,175.7226
THFR_poly,HYPERNETS,PACE,463,RHOW,19,19,4,4,-1.1939,-1.0912,-62.2672,-10.0384,-1.6183,0.020121,0.080665,0.45621,NA,TRUE,TRUE,0.008055,0.006162,85.1644,-0.437925,-0.342404,0.296102,0.360266,0.497722,0.9891,-81.5576,-52.294,0.8547,56.4916,104.9886,172.8138
THFR_poly,HYPERNETS,PACE,464,RHOW,19,19,4,4,-0.9979,-0.9275,-59.0749,-9.5094,-1.5308,0.019654,0.077856,0.439418,NA,TRUE,TRUE,0.007976,0.006152,83.6746,-0.436023,-0.344101,0.274854,0.359494,0.497158,0.97441,-81.1015,-52.6307,-0.4005,56.2579,105.0229,172.5005
THFR_poly,HYPERNETS,PACE,465,RHOW,19,19,4,4,-1.1154,-0.9683,-56.5936,-9.1272,-1.472,0.019321,0.075642,0.424866,NA,TRUE,TRUE,0.007926,0.006144,83.0024,-0.43351,-0.344592,0.264913,0.358157,0.495298,0.967166,-80.3511,-52.7076,-1.0857,55.9029,104.3571,171.5902
THFR_poly,HYPERNETS,PACE,466,RHOW,19,19,4,4,-0.7476,-0.709,-54.1917,-8.7082,-1.3993,0.018833,0.073017,0.410212,NA,TRUE,TRUE,0.00776,0.006049,80.7252,-0.429826,-0.340344,0.248228,0.354003,0.491991,0.94524,-79.1825,-51.7244,-1.2756,54.9004,103.0212,168.4205
THFR_poly,HYPERNETS,PACE,467,RHOW,19,19,4,4,-0.8658,-0.7947,-51.9807,-8.3662,-1.3465,0.018455,0.070735,0.395559,NA,TRUE,TRUE,0.007642,0.005983,79.5495,-0.426089,-0.337207,0.240393,0.350404,0.488576,0.933667,-78.0041,-50.9965,-1.3614,54.0347,101.646,166.1072
THFR_poly,HYPERNETS,PACE,468,RHOW,19,19,4,4,-0.9344,-0.7898,-51.011,-8.2189,-1.3242,0.018389,0.070116,0.391162,NA,TRUE,TRUE,0.007601,0.005966,78.8941,-0.425789,-0.33839,0.235586,0.352267,0.485435,0.92211,-77.5344,-51.2796,-1.5156,54.4879,99.782,161.1916
THFR_poly,HYPERNETS,PACE,469,RHOW,19,19,4,4,-1.0212,-0.8256,-51.6893,-8.3365,-1.3445,0.018632,0.071417,0.398701,NA,TRUE,TRUE,0.007552,0.005942,78.2384,-0.422323,-0.340169,0.227101,0.352544,0.479728,0.909568,-76.1531,-51.6607,-2.2216,54.5332,97.0652,155.8147
THFR_poly,HYPERNETS,PACE,470,RHOW,19,19,4,4,-0.5297,-0.4294,-49.5425,-7.9499,-1.2757,0.01828,0.069401,0.387975,NA,TRUE,TRUE,0.007452,0.005902,76.1771,-0.422239,-0.34044,0.208258,0.353423,0.478073,0.886421,-75.9449,-51.7339,-2.8277,54.7517,96.1395,151.8137
THFR_poly,HYPERNETS,PACE,471,RHOW,19,19,4,4,-0.6041,-0.4424,-46.9853,-7.5467,-1.2121,0.017928,0.066825,0.371253,NA,TRUE,TRUE,0.007401,0.005853,75.0305,-0.410194,-0.331401,0.207114,0.342302,0.467184,0.875187,-72.3509,-49.646,-2.4601,52.1068,92.1299,147.507
THFR_poly,HYPERNETS,PACE,472,RHOW,19,19,4,4,-0.6404,-0.4317,-45.6832,-7.3417,-1.1799,0.017798,0.065653,0.363427,NA,TRUE,TRUE,0.007342,0.005792,73.8795,-0.397662,-0.322948,0.205443,0.331542,0.455187,0.862439,-68.6951,-47.7467,-2.2038,49.6346,87.7839,142.3694
THFR_poly,HYPERNETS,PACE,473,RHOW,19,19,4,4,-0.7734,-0.5028,-43.1141,-6.9448,-1.1187,0.017441,0.063125,0.346736,NA,TRUE,TRUE,0.007303,0.005779,73.1762,-0.39643,-0.321208,0.203597,0.330831,0.452406,0.853338,-68.1837,-47.3798,-1.9618,49.4846,86.5576,139.5006
THFR_poly,HYPERNETS,PACE,474,RHOW,19,19,4,4,-0.8457,-0.5219,-43.4177,-7.0011,-1.1289,0.017607,0.06391,0.351064,NA,TRUE,TRUE,0.007237,0.005735,72.3804,-0.394216,-0.321228,0.199987,0.331565,0.446528,0.838767,-67.2084,-47.3933,-1.9831,49.6559,83.9951,133.7934
THFR_poly,HYPERNETS,PACE,475,RHOW,19,19,4,4,-0.7115,-0.4071,-42.8149,-6.8909,-1.1091,0.017555,0.063513,0.349058,NA,TRUE,TRUE,0.00715,0.005677,70.9708,-0.388709,-0.318407,0.190654,0.328027,0.439772,0.821452,-65.5548,-46.7737,-2.2267,48.8604,81.5405,129.3522
THFR_poly,HYPERNETS,PACE,476,RHOW,19,19,4,4,-0.7033,-0.3947,-40.8676,-6.5799,-1.0594,0.017316,0.061599,0.336638,NA,TRUE,TRUE,0.007077,0.005607,69.4456,-0.381972,-0.308117,0.195053,0.320326,0.431408,0.805538,-63.5759,-44.6232,-0.8406,47.199,78.5941,124.4733
THFR_poly,HYPERNETS,PACE,477,RHOW,19,19,4,4,-0.5979,-0.2995,-39.6835,-6.3811,-1.0261,0.01717,0.060352,0.328893,NA,TRUE,TRUE,0.006988,0.005507,67.7297,-0.374341,-0.295685,0.202822,0.311587,0.421191,0.786901,-61.3491,-42.1268,0.9432,45.3746,75.0781,118.518
THFR_poly,HYPERNETS,PACE,478,RHOW,19,19,4,4,-0.4506,-0.1874,-38.8335,-6.2338,-1.0007,0.016995,0.05944,0.323856,NA,TRUE,TRUE,0.006847,0.005421,66.1003,-0.368118,-0.291201,0.189853,0.30539,0.416656,0.772269,-59.8447,-41.1969,0.5134,44.0535,73.8496,116.9644
THFR_poly,HYPERNETS,PACE,479,RHOW,19,19,4,4,-0.5527,-0.2627,-36.7712,-5.9127,-0.9507,0.016621,0.057126,0.30903,NA,TRUE,TRUE,0.006758,0.005378,65.2501,-0.364591,-0.287618,0.183669,0.300808,0.415185,0.766878,-59.0845,-40.4706,0.3826,43.0967,73.6129,117.2192
THFR_poly,HYPERNETS,PACE,480,RHOW,19,19,4,4,-0.4991,-0.2201,-36.2759,-5.8291,-0.9367,0.016625,0.057284,0.310309,NA,TRUE,TRUE,0.006621,0.005354,63.7786,-0.36792,-0.294945,0.156321,0.306255,0.418277,0.749808,-59.9245,-41.906,-1.5312,44.2014,74.5387,116.4374
THFR_poly,HYPERNETS,PACE,481,RHOW,19,19,4,4,-0.494,-0.1865,-34.9354,-5.6148,-0.9024,0.016331,0.055663,0.30039,NA,TRUE,TRUE,0.006571,0.005353,63.5683,-0.364421,-0.300214,0.138493,0.305994,0.417068,0.746756,-59.1941,-42.9204,-3.5115,44.1058,74.4155,117.0836
THFR_poly,HYPERNETS,PACE,482,RHOW,19,19,4,4,-0.4863,-0.1449,-34.6886,-5.5748,-0.8959,0.016247,0.055369,0.298803,NA,TRUE,TRUE,0.006511,0.005337,63.3794,-0.36003,-0.306084,0.120834,0.306121,0.413901,0.741574,-58.1673,-44.1096,-5.6502,44.1174,73.5777,116.4217
THFR_poly,HYPERNETS,PACE,483,RHOW,19,19,4,4,-0.5119,-0.1562,-33.9145,-5.4535,-0.8769,0.01615,0.054526,0.293183,NA,TRUE,TRUE,0.006486,0.005305,62.8769,-0.356977,-0.301096,0.125683,0.302576,0.409899,0.736092,-57.3258,-43.0825,-4.8062,43.3857,72.256,114.3462
THFR_poly,HYPERNETS,PACE,484,RHOW,19,19,4,4,-0.2807,0.0329,-33.9224,-5.4388,-0.872,0.016214,0.054848,0.295814,NA,TRUE,TRUE,0.006398,0.005248,61.408,-0.357705,-0.298615,0.119593,0.302791,0.408445,0.719734,-57.3505,-42.5853,-4.4598,43.4366,71.5894,111.3636
THFR_poly,HYPERNETS,PACE,485,RHOW,19,19,4,4,-0.334,0.0118,-31.3747,-5.0345,-0.8079,0.015882,0.05253,0.28092,NA,TRUE,TRUE,0.00639,0.005327,60.9013,-0.36115,-0.308979,0.094632,0.309398,0.412482,0.712096,-58.2611,-44.7134,-7.0077,44.8013,72.8671,112.013
THFR_poly,HYPERNETS,PACE,486,RHOW,19,19,4,4,-0.2884,0.0911,-30.8682,-4.9509,-0.7941,0.015857,0.052127,0.278266,NA,TRUE,TRUE,0.006325,0.00528,60.0821,-0.362281,-0.309,0.094377,0.312446,0.408671,0.697046,-58.2083,-44.7251,-6.5352,45.4486,71.2314,107.1975
THFR_poly,HYPERNETS,PACE,487,RHOW,19,19,5,5,0.9368,5.975,1.3776,5.3395,20.6946,-0.169159,-0.038308,-0.004547,NA,TRUE,TRUE,0.006536,0.005688,67.4253,-0.487942,-0.321883,-0.293954,0.321883,0.487942,0.994173,-95.2904,-47.4672,-41.6339,47.4672,95.2904,127.3312
THFR_poly,HYPERNETS,PACE,488,RHOW,19,19,5,5,0.9519,7.2257,1.3449,5.2062,20.154,-0.164793,-0.037287,-0.004349,NA,TRUE,TRUE,0.006419,0.005619,66.6037,-0.484816,-0.327747,-0.290252,0.327747,0.484816,0.998059,-94.1053,-48.7535,-40.8951,48.7535,94.1053,122.9313
THFR_poly,HYPERNETS,PACE,489,RHOW,19,19,4,4,-0.2129,0.218,-28.4483,-4.5601,-0.731,0.015241,0.048874,0.258699,NA,TRUE,TRUE,0.005946,0.005044,57.1766,-0.370489,-0.309987,0.08143,0.321702,0.40756,0.657624,-59.7588,-45.0084,-5.9492,47.4924,70.1309,99.0433
THFR_poly,HYPERNETS,PACE,490,RHOW,19,19,4,4,-0.1777,0.2576,-27.0324,-4.3321,-0.6942,0.014867,0.04697,0.247292,NA,TRUE,TRUE,0.005792,0.004968,56.0467,-0.374728,-0.312573,0.069222,0.32583,0.41037,0.645008,-60.7816,-45.5784,-6.5126,48.4144,70.8511,97.8737
THFR_poly,HYPERNETS,PACE,491,RHOW,19,19,5,5,0.9398,8.9108,1.2268,4.7364,18.2861,-0.15085200000000001,-0.033903,-0.003611,NA,TRUE,TRUE,0.0061,0.005434,63.8768,-0.475341,-0.34202,-0.28242,0.34202,0.475341,0.999588,-90.6001,-51.9804,-39.3573,51.9804,90.6001,109.4473
THFR_poly,HYPERNETS,PACE,492,RHOW,19,19,5,5,1.0086,6.0547,1.2114,4.6612,17.9344,-0.150084,-0.033846,-0.003636,NA,TRUE,TRUE,0.006,0.005393,62.4904,-0.47098,-0.350996,-0.282587,0.350996,0.47098,0.993505,-89.0289,-54.0822,-39.3897,54.0822,89.0289,102.6453
THFR_poly,HYPERNETS,PACE,493,RHOW,19,19,5,5,1.042,5.2455,1.1757,4.5099,17.3003,-0.145703,-0.032838,-0.003416,NA,TRUE,TRUE,0.005921,0.005357,61.6015,-0.472464,-0.35197,-0.286976,0.35197,0.472464,0.982689,-89.5605,-54.314,-40.2478,54.314,89.5605,98.2689
THFR_poly,HYPERNETS,PACE,494,RHOW,19,19,5,5,1.0076,4.6759,1.1505,4.4159,16.9498,-0.142978,-0.032114,-0.003231,NA,TRUE,TRUE,0.005852,0.005307,60.8904,-0.471587,-0.350779,-0.285589,0.350779,0.471587,0.958068,-89.2459,-54.0307,-39.9755,54.0307,89.2459,95.8068
THFR_poly,HYPERNETS,PACE,495,RHOW,19,19,5,5,0.9868,4.3198,1.1232,4.3106,16.5431,-0.139665,-0.031268,-0.003023,NA,TRUE,TRUE,0.005777,0.005253,60.1799,-0.470716,-0.349593,-0.28421,0.349593,0.470716,0.933492,-88.9345,-53.7498,-39.7057,53.7498,88.9345,93.3492
THFR_poly,HYPERNETS,PACE,496,RHOW,19,19,5,5,1.0082,4.4536,1.1944,4.5925,17.6592,-0.150568,-0.033876,-0.003528,NA,TRUE,TRUE,0.00605,0.005449,61.9128,-0.471787,-0.353224,-0.280238,0.353224,0.471787,0.971212,-89.3176,-54.6129,-38.9347,54.6129,89.3176,101.9182
THFR_poly,HYPERNETS,PACE,497,RHOW,19,19,5,5,1.0659,4.5239,1.2592,4.8411,18.6126,-0.159279,-0.035993,-0.003927,NA,TRUE,TRUE,0.00631,0.005605,63.4596,-0.47051,-0.349181,-0.273922,0.349181,0.47051,0.971257,-88.8609,-53.6525,-37.7263,53.6525,88.8609,110.8113
THFR_poly,HYPERNETS,PACE,498,RHOW,19,19,5,5,1.0507,4.4202,1.2239,4.7022,18.0666,-0.155847,-0.035139,-0.003723,NA,TRUE,TRUE,0.006208,0.005556,62.4404,-0.467989,-0.352555,-0.275008,0.352555,0.467989,0.965315,-87.966,-54.4533,-37.9326,54.4533,87.966,106.115
THFR_poly,HYPERNETS,PACE,499,RHOW,19,19,5,5,1.0334,4.1717,1.1883,4.5629,17.5202,-0.151662,-0.034087,-0.003466,NA,TRUE,TRUE,0.006098,0.005481,61.3414,-0.46259,-0.347554,-0.276078,0.347554,0.46259,0.959435,-86.0777,-53.2693,-38.1364,53.2693,86.0777,102.1416
THFR_poly,HYPERNETS,PACE,500,RHOW,19,19,5,5,1.0103,3.9787,1.1357,4.3558,16.7059,-0.145037,-0.032418,-0.003054,NA,TRUE,TRUE,0.005988,0.005408,60.3059,-0.459136,-0.342569,-0.278257,0.342569,0.459136,0.953379,-84.8892,-52.1072,-38.5534,52.1072,84.8892,98.1953
THFR_poly,HYPERNETS,PACE,501,RHOW,19,19,5,5,1.127,3.5849,1.1093,4.2198,16.0527,-0.140786,-0.031585,-0.002879,NA,TRUE,TRUE,0.005808,0.005266,57.8848,-0.447733,-0.336228,-0.270764,0.336228,0.447733,0.907525,-81.0717,-50.6541,-37.1299,50.6541,81.0717,90.7525
THFR_poly,HYPERNETS,PACE,502,RHOW,19,19,5,5,1.131,3.3527,1.082,4.1073,15.5919,-0.136868,-0.030595,-0.0026,NA,TRUE,TRUE,0.005638,0.005118,56.181,-0.432833,-0.329985,-0.261546,0.329985,0.432833,0.874796,-76.3149,-49.2504,-35.418,49.2504,76.3149,87.4796
THFR_poly,HYPERNETS,PACE,503,RHOW,19,19,5,5,1.2612,3.3485,1.0795,4.0577,15.252,-0.13442,-0.030286,-0.002582,NA,TRUE,TRUE,0.005522,0.005016,54.7342,-0.422162,-0.328788,-0.25236,0.328788,0.422162,0.835394,-73.0589,-48.9842,-33.7542,48.9842,73.0589,83.5394
THFR_poly,HYPERNETS,PACE,504,RHOW,19,19,5,5,1.3053,3.3659,1.0804,4.0465,15.1556,-0.133825,-0.030227,-0.002567,NA,TRUE,TRUE,0.005429,0.004935,53.8067,-0.410509,-0.331506,-0.243481,0.331506,0.410509,0.819156,-69.6378,-49.5901,-32.1845,49.5901,69.6378,81.9156
THFR_poly,HYPERNETS,PACE,505,RHOW,19,19,5,5,1.3314,3.2833,1.0682,3.9862,14.8753,-0.131283,-0.029648,-0.002413,NA,TRUE,TRUE,0.005332,0.00484,52.7753,-0.398859,-0.328105,-0.234641,0.328105,0.398859,0.803795,-66.3504,-48.8327,-30.6577,48.8327,66.3504,80.3795
THFR_poly,HYPERNETS,PACE,506,RHOW,19,19,5,5,1.2755,3.1217,1.0479,3.9215,14.6751,-0.12997,-0.029183,-0.002251,NA,TRUE,TRUE,0.005297,0.004814,52.2539,-0.39808,-0.322155,-0.235607,0.322155,0.39808,0.789025,-66.135,-47.5263,-30.8228,47.5263,66.135,78.9025
THFR_poly,HYPERNETS,PACE,507,RHOW,19,19,5,5,1.4094,3.236,1.0552,3.9009,14.4219,-0.128344,-0.029183,-0.002361,NA,TRUE,TRUE,0.005208,0.004747,51.2019,-0.395359,-0.320351,-0.233234,0.320351,0.395359,0.749357,-65.3874,-47.1348,-30.4179,47.1348,65.3874,74.9357
THFR_poly,HYPERNETS,PACE,508,RHOW,19,19,5,5,1.4336,3.3225,1.0575,3.9009,14.3891,-0.128285,-0.029279,-0.002438,NA,TRUE,TRUE,0.00518,0.004739,51.0501,-0.397729,-0.322412,-0.23784,0.322412,0.397729,0.731438,-66.0382,-47.5823,-31.206,47.5823,66.0382,73.1438
THFR_poly,HYPERNETS,PACE,509,RHOW,19,19,5,5,1.5002,3.4239,1.0592,3.8786,14.2029,-0.126837,-0.029182,-0.002514,NA,TRUE,TRUE,0.005137,0.004716,50.6832,-0.4001,-0.322607,-0.242086,0.322607,0.4001,0.705006,-66.6946,-47.6248,-31.9411,47.6248,66.6946,70.5006
THFR_poly,HYPERNETS,PACE,510,RHOW,19,19,5,5,1.4937,3.4395,1.0536,3.8577,14.1239,-0.126152,-0.029029,-0.002502,NA,TRUE,TRUE,0.005113,0.004704,50.5545,-0.40230900000000003,-0.321415,-0.246782,0.321415,0.40230900000000003,0.691579,-67.3105,-47.3655,-32.7636,47.3655,67.3105,69.1579
THFR_poly,HYPERNETS,PACE,511,RHOW,19,19,5,5,1.4727,3.389,1.0505,3.8537,14.1371,-0.126395,-0.029036,-0.002496,NA,TRUE,TRUE,0.005093,0.004687,50.2997,-0.406758,-0.321542,-0.242111,0.321542,0.406758,0.681148,-68.5653,-47.393,-31.9454,47.393,68.1148,68.5653
THFR_poly,HYPERNETS,PACE,512,RHOW,19,19,5,5,1.5277,3.4626,1.0566,3.8545,14.0613,-0.12605,-0.029158,-0.002597,NA,TRUE,TRUE,0.005057,0.004662,49.8867,-0.411212,-0.32462,-0.237893,0.32462,0.411212,0.659629,-69.8403,-48.0647,-31.2152,48.0647,65.9629,69.8403
THFR_poly,HYPERNETS,PACE,513,RHOW,19,19,5,5,1.5731,3.4281,1.0582,3.8387,13.9258,-0.124973,-0.029034,-0.002587,NA,TRUE,TRUE,0.005011,0.004609,49.1865,-0.410859,-0.317341,-0.22895,0.317341,0.410859,0.648313,-69.7387,-46.4861,-29.6932,46.4861,64.8313,69.7387
THFR_poly,HYPERNETS,PACE,514,RHOW,19,19,5,5,1.5633,3.3342,1.0544,3.827,13.8911,-0.12474,-0.028918,-0.002518,NA,TRUE,TRUE,0.004981,0.004566,48.6329,-0.411136,-0.310065,-0.218737,0.310065,0.411136,0.644742,-69.8184,-44.9412,-27.9979,44.9412,64.4742,69.8184
THFR_poly,HYPERNETS,PACE,515,RHOW,19,19,5,5,1.5807,3.2739,1.0532,3.8131,13.8047,-0.124109,-0.028806,-0.002482,NA,TRUE,TRUE,0.004945,0.004519,47.9944,-0.411412,-0.303259,-0.208528,0.303259,0.411412,0.636422,-69.8983,-43.5253,-26.346800000000002,43.5253,63.6422,69.8983
THFR_poly,HYPERNETS,PACE,516,RHOW,19,19,5,5,1.6858,3.433,1.0986,3.9575,14.2563,-0.129732,-0.030423,-0.002855,NA,TRUE,TRUE,0.005026,0.004601,48.4347,-0.398789,-0.312992,-0.213042,0.312992,0.398789,0.668258,-66.3309,-45.5588,-27.0716,45.5588,66.3309,66.8258
THFR_poly,HYPERNETS,PACE,517,RHOW,19,19,5,5,1.7477,3.4077,1.1277,4.0527,14.5645,-0.134208,-0.031633,-0.003091,NA,TRUE,TRUE,0.00512,0.004675,48.5898,-0.38899,-0.316948,-0.212586,0.316948,0.38899,0.691836,-63.6635,-46.4018,-26.998,46.4018,63.6635,69.1836
THFR_poly,HYPERNETS,PACE,518,RHOW,19,19,5,5,1.7895,3.4108,1.114,3.966,14.12,-0.130182,-0.030865,-0.002969,NA,TRUE,TRUE,0.005013,0.004583,47.5589,-0.378943,-0.313585,-0.209224,0.313585,0.378943,0.663187,-61.0158,-45.6845,-26.4581,45.6845,61.0158,66.3187
THFR_poly,HYPERNETS,PACE,519,RHOW,19,19,5,5,1.8281,3.4117,1.1007,3.8799,13.6766,-0.126146,-0.030099,-0.002851,NA,TRUE,TRUE,0.004908,0.00449,46.5357,-0.368926,-0.310234,-0.205872,0.310234,0.368926,0.634852,-58.4601,-44.9767,-25.9242,44.9767,58.4601,63.4852
THFR_poly,HYPERNETS,PACE,520,RHOW,19,19,5,5,1.821,3.4009,1.0731,3.7556,13.1434,-0.121589,-0.029063,-0.002624,NA,TRUE,TRUE,0.00482,0.004423,45.6813,-0.362763,-0.310719,-0.204292,0.310719,0.362763,0.605536,-56.9274,-45.0787,-25.6742,45.0787,56.9274,60.5536
THFR_poly,HYPERNETS,PACE,521,RHOW,19,19,5,5,1.9645,3.4755,1.0991,3.7668,12.9097,-0.120086,-0.029354,-0.00288,NA,TRUE,TRUE,0.004773,0.004375,44.8337,-0.353515,-0.300572,-0.206144,0.300572,0.353515,0.584938,-54.6825,-42.9741,-25.9675,42.9741,54.6825,58.4938
THFR_poly,HYPERNETS,PACE,522,RHOW,19,19,5,5,2.0024,3.4624,1.0944,3.708,12.5626,-0.117402,-0.028943,-0.002833,NA,TRUE,TRUE,0.004744,0.004351,44.2973,-0.347144,-0.289717,-0.212602,0.289717,0.347144,0.574175,-53.1731,-40.789,-27.0006,40.789,53.1731,57.4175
THFR_poly,HYPERNETS,PACE,523,RHOW,19,19,5,5,2.01,3.4219,1.0895,3.6746,12.3935,-0.115953,-0.028636000000000002,-0.002747,NA,TRUE,TRUE,0.004694,0.004294,43.6009,-0.344458,-0.282905,-0.202853,0.282905,0.344458,0.567375,-52.5455,-39.4516,-25.4473,39.4516,52.5455,56.7375
THFR_poly,HYPERNETS,PACE,524,RHOW,19,19,5,5,1.9744,3.3273,1.0754,3.6367,12.298400000000001,-0.115075,-0.028234,-0.002554,NA,TRUE,TRUE,0.004655,0.004242,43.0018,-0.341784,-0.273747,-0.193671,0.273747,0.341784,0.567189,-51.9258,-37.693,-24.0189,37.693,51.9258,56.7189
THFR_poly,HYPERNETS,PACE,525,RHOW,19,19,5,5,1.7955,3.0313,1.0282,3.5595,12.3225,-0.116089,-0.027638,-0.002088,NA,TRUE,TRUE,0.004682,0.004247,42.6303,-0.346784,-0.264593,-0.184362,0.264593,0.346784,0.567003,-53.0887,-35.9792,-22.6035,35.9792,53.0887,56.7003
THFR_poly,HYPERNETS,PACE,526,RHOW,19,19,5,5,1.93,3.0749,1.0456,3.5255,11.887,-0.113469,-0.027744,-0.00232,NA,TRUE,TRUE,0.004597,0.004171,41.2057,-0.34442,-0.260645,-0.176157,0.260645,0.34442,0.522884,-52.5367,-35.2531,-21.3823,35.2531,52.2884,52.5367
THFR_poly,HYPERNETS,PACE,527,RHOW,19,19,5,5,1.9515,3.1075,1.0498,3.5254,11.8387,-0.113473,-0.027816,-0.002309,NA,TRUE,TRUE,0.004525,0.004099,40.3418,-0.340187,-0.256812,-0.162598,0.256812,0.340187,0.517913,-51.5582,-34.5555,-19.417,34.5555,51.5582,51.7913
THFR_poly,HYPERNETS,PACE,528,RHOW,19,19,5,5,1.9508,3.0818,1.0447,3.4989,11.7185,-0.112429,-0.027571,-0.002234,NA,TRUE,TRUE,0.004516,0.004087,40.1411,-0.336275,-0.252983,-0.162419,0.252983,0.336275,0.518889,-50.6648,-33.8658,-19.3914,33.8658,50.6648,51.8889
THFR_poly,HYPERNETS,PACE,529,RHOW,19,19,5,5,1.9693,3.0778,1.0473,3.4924,11.646,-0.111807,-0.027511,-0.002232,NA,TRUE,TRUE,0.004503,0.00407,39.9245,-0.331068,-0.249155,-0.162241,0.249155,0.331068,0.52036,-49.4919,-33.1832,-19.3661,33.1832,49.4919,52.036
THFR_poly,HYPERNETS,PACE,530,RHOW,19,19,5,5,2.0463,3.1089,1.0567,3.4498,11.2625,-0.108356,-0.027196,-0.002337,NA,TRUE,TRUE,0.004466,0.00404,39.4583,-0.325868,-0.245515,-0.165297,0.245515,0.325868,0.505613,-48.3389,-32.5407,-19.803,32.5407,48.3389,50.5613
THFR_poly,HYPERNETS,PACE,531,RHOW,19,19,5,5,2.0259,2.9954,1.0487,3.4307,11.2232,-0.108453,-0.027094,-0.002224,NA,TRUE,TRUE,0.004482,0.00406,39.3607,-0.327915,-0.239787,-0.16979,0.239787,0.327915,0.513484,-48.7907,-31.5421,-20.4515,31.5421,48.7907,51.3484
THFR_poly,HYPERNETS,PACE,532,RHOW,19,19,5,5,2.0563,2.9448,1.0555,3.4289,11.1389,-0.108258,-0.027227,-0.002283,NA,TRUE,TRUE,0.00449,0.004072,39.127,-0.329942,-0.237791,-0.171049,0.237791,0.329942,0.513271,-49.2409,-31.1976,-20.6344,31.1976,49.2409,51.3271
THFR_poly,HYPERNETS,PACE,533,RHOW,19,19,5,5,2.0881,2.9245,1.0525,3.3596,10.724,-0.104328,-0.026604,-0.002255,NA,TRUE,TRUE,0.004402,0.003996,38.2496,-0.326619,-0.236419,-0.165314,0.236419,0.326619,0.491324,-48.5044,-30.9618,-19.8056,30.9618,48.5044,49.1324
THFR_poly,HYPERNETS,PACE,534,RHOW,19,19,5,5,2.0755,2.8821,1.0452,3.3333,10.63,-0.103444,-0.026331,-0.00215,NA,TRUE,TRUE,0.00434,0.003934,37.608,-0.323302,-0.235055,-0.156655,0.235055,0.323302,0.484019,-47.7764,-30.7284,-18.5754,30.7284,47.7764,48.4019
THFR_poly,HYPERNETS,PACE,535,RHOW,19,19,5,5,2.0458,2.8123,1.0275,3.2671,10.3882,-0.101242,-0.025713,-0.001959,NA,TRUE,TRUE,0.004278,0.003875,36.8936,-0.322465,-0.233823,-0.148002,0.233823,0.322465,0.469753,-47.5939,-30.5181,-17.3712,30.5181,46.9753,47.5939
THFR_poly,HYPERNETS,PACE,536,RHOW,19,19,5,5,2.0092,2.7574,1.0075,3.1975,10.1481,-0.098981,-0.025068,-0.001779,NA,TRUE,TRUE,0.004197,0.003807,36.194,-0.32053,-0.232786,-0.144749,0.232786,0.32053,0.447777,-47.1735,-30.3417,-16.9248,30.3417,44.7777,47.1735
THFR_poly,HYPERNETS,PACE,537,RHOW,19,19,5,5,2.0364,2.7234,0.9974,3.0619,9.3998,-0.091735,-0.02386,-0.001751,NA,FALSE,TRUE,0.004074,0.003698,34.9802,-0.3186,-0.231749,-0.140626,0.231749,0.3186,0.399817,-46.7566,-30.1659,-16.3638,30.1659,39.9817,46.7566
THFR_poly,HYPERNETS,PACE,538,RHOW,19,19,5,5,2.0469,2.7291,1.0008,3.0625,9.3716,-0.091619,-0.023912,-0.001787,NA,TRUE,TRUE,0.004057,0.003689,34.8384,-0.315964,-0.233531,-0.140974,0.233531,0.315964,0.397388,-46.1912,-30.4684,-16.4109,30.4684,39.7388,46.1912
THFR_poly,HYPERNETS,PACE,539,RHOW,19,19,5,5,2.0631,2.7376,1.0048,3.0512,9.2655,-0.090739,-0.023861,-0.001838,NA,TRUE,TRUE,0.004036,0.003676,34.6559,-0.313329,-0.235304,-0.142462,0.235304,0.313329,0.391835,-45.6302,-30.7709,-16.6129,30.7709,39.1835,45.6302
THFR_poly,HYPERNETS,PACE,540,RHOW,19,19,5,5,2.0885,2.7162,1.0077,2.9883,8.8618,-0.086898,-0.023339,-0.001906,NA,TRUE,TRUE,0.003993,0.003636,34.1038,-0.311643,-0.235801,-0.140345,0.235801,0.311643,0.369999,-45.2735,-30.8559,-16.3257,30.8559,36.9999,45.2735
THFR_poly,HYPERNETS,PACE,541,RHOW,19,19,5,5,2.0948,2.6953,1.0093,2.9786,8.7907,-0.086225,-0.023241,-0.001899,NA,TRUE,TRUE,0.003961,0.003606,33.7694,-0.304923,-0.231991,-0.141573,0.231991,0.304923,0.368112,-43.8689,-30.2069,-16.4922,30.2069,36.8112,43.8689
THFR_poly,HYPERNETS,PACE,542,RHOW,19,19,5,5,2.1019,2.679,1.0102,2.9524,8.6292,-0.084662,-0.022995,-0.001896,NA,TRUE,TRUE,0.003924,0.003579,33.4525,-0.298204,-0.228183,-0.146597,0.228183,0.298204,0.363865,-42.4915,-29.5644,-17.178,29.5644,36.3865,42.4915
THFR_poly,HYPERNETS,PACE,543,RHOW,19,19,5,5,2.1323,2.6845,1.0233,2.9716,8.6288,-0.084762,-0.023203,-0.002004,NA,TRUE,TRUE,0.003942,0.003602,33.5786,-0.296868,-0.229808,-0.148247,0.229808,0.296868,0.374308,-42.2208,-29.8377,-17.4049,29.8377,37.4308,42.2208
THFR_poly,HYPERNETS,PACE,544,RHOW,19,19,5,5,2.175,2.6921,1.0408,2.9624,8.4317,-0.082836,-0.023145,-0.002173,NA,TRUE,TRUE,0.003943,0.003609,33.5268,-0.295197,-0.231429,-0.149893,0.231429,0.295197,0.376197,-41.8836,-30.1116,-17.6322,30.1116,37.6197,41.8836
THFR_poly,HYPERNETS,PACE,545,RHOW,19,19,5,5,2.2081,2.681,1.0557,2.9606,8.3025,-0.081656,-0.023172,-0.002317,NA,TRUE,TRUE,0.003954,0.003622,33.504,-0.293359,-0.231652,-0.152132,0.231652,0.293359,0.379241,-41.5147,-30.1494,-17.9429,30.1494,37.9241,41.5147
THFR_poly,HYPERNETS,PACE,546,RHOW,19,19,5,5,2.1565,2.6554,1.031,2.8547,7.9047,-0.077402,-0.022108,-0.002139,NA,TRUE,TRUE,0.003828,0.003503,32.5412,-0.291898,-0.232462,-0.145074,0.232462,0.291898,0.336814,-41.2226,-30.2866,-16.9692,30.2866,33.6814,41.2226
THFR_poly,HYPERNETS,PACE,547,RHOW,19,19,5,5,2.0987,2.6217,1.0039,2.7441,7.5006,-0.073048,-0.02098,-0.001932,NA,TRUE,TRUE,0.00371,0.003379,31.5542,-0.29043,-0.232696,-0.137663,0.232696,0.29043,0.294475,-40.9304,-30.3264,-15.9639,29.4475,30.3264,40.9304
THFR_poly,HYPERNETS,PACE,548,RHOW,19,19,5,5,2.1199,2.6133,1.0167,2.7146,7.2476,-0.070283,-0.020641,-0.002048,NA,TRUE,TRUE,0.003661,0.003321,31.0391,-0.285227,-0.228833,-0.132615,0.228833,0.285227,0.285591,-39.9045,-29.6736,-15.289,28.5591,29.6736,39.9045
THFR_poly,HYPERNETS,PACE,549,RHOW,19,19,5,5,2.1333,2.6007,1.0262,2.6944,7.0745,-0.068338,-0.020385,-0.002121,NA,TRUE,TRUE,0.003618,0.003272,30.5994,-0.280197,-0.224626,-0.127766,0.224626,0.280197,0.280549,-38.9269,-28.97,-14.6481,28.0549,28.97,38.9269
THFR_poly,HYPERNETS,PACE,550,RHOW,19,19,5,5,2.1352,2.591,1.0291,2.6785,6.9718,-0.067227,-0.020198,-0.00213,NA,TRUE,TRUE,0.003591,0.003239,30.2854,-0.277739,-0.222592,-0.122429,0.222592,0.277535,0.277739,-38.4541,-28.6326,-13.9509,27.7535,28.6326,38.4541
THFR_poly,HYPERNETS,PACE,551,RHOW,19,19,5,5,2.0842,2.5365,1.0101,2.5727,6.5529,-0.062846,-0.019154,-0.002,NA,TRUE,TRUE,0.003508,0.003165,29.6551,-0.277665,-0.226918,-0.124263,0.226918,0.246153,0.277665,-38.4399,-29.3523,-14.1896,24.6153,29.3523,38.4399
THFR_poly,HYPERNETS,PACE,552,RHOW,19,19,5,5,2.0388,2.4909,0.9917,2.4956,6.2799,-0.059955,-0.01838,-0.001859,NA,FALSE,TRUE,0.003442,0.003102,29.144,-0.27721,-0.230938,-0.125999,0.221496,0.230938,0.27721,-38.3528,-30.0285,-14.4163,22.1496,30.0285,38.3528
THFR_poly,HYPERNETS,PACE,553,RHOW,19,19,5,5,1.99,2.44,0.9744,2.4041,5.9313,-0.056323,-0.017488,-0.001747,NA,FALSE,TRUE,0.003377,0.003032,28.5599,-0.276755,-0.235575,-0.127888,0.191736,0.235575,0.276755,-38.2658,-30.8173,-14.6642,19.1736,30.8173,38.2658
THFR_poly,HYPERNETS,PACE,554,RHOW,19,19,5,5,1.9197,2.3759,0.9436,2.3041,5.6262,-0.053135,-0.016498,-0.001494,NA,FALSE,TRUE,0.003324,0.00295,27.8876,-0.281312,-0.233481,-0.126757,0.158326,0.233481,0.281312,-39.1424,-30.4599,-14.5156,15.8326,30.4599,39.1424
THFR_poly,HYPERNETS,PACE,555,RHOW,19,19,5,5,1.8467,2.312,0.9105,2.206,5.3446,-0.050221,-0.015536,-0.00122,NA,FALSE,TRUE,0.003285,0.002873,27.2595,-0.286502,-0.232005,-0.1262,0.1262,0.232005,0.286502,-40.1545,-30.2091,-14.4426,14.4426,30.2091,40.1545
THFR_poly,HYPERNETS,PACE,556,RHOW,19,19,5,5,1.8286,2.2956,0.9099,2.1567,5.1116,-0.047894,-0.01509,-0.00125,NA,FALSE,TRUE,0.003273,0.002847,27.0031,-0.287056,-0.230772,-0.128415,0.128415,0.230772,0.287056,-40.2635,-30.0005,-14.7335,14.7335,30.0005,40.2635
THFR_poly,HYPERNETS,PACE,557,RHOW,19,19,5,5,1.8001,2.2597,0.9003,2.1098,4.9445,-0.046302,-0.014678,-0.001183,NA,FALSE,TRUE,0.003276,0.002825,26.758,-0.288154,-0.228354,-0.12995,0.12995,0.228354,0.288154,-40.4799,-29.5931,-14.9359,14.9359,29.5931,40.4799
THFR_poly,HYPERNETS,PACE,558,RHOW,19,19,5,5,1.7762,2.2237,0.8869,2.0859,4.9058,-0.046002,-0.014462,-0.001051,NA,FALSE,TRUE,0.003281,0.00281,26.5666,-0.289251,-0.224367,-0.128983,0.128983,0.224367,0.289251,-40.6967,-28.9269,-14.8084,14.8084,28.9269,40.6967
THFR_poly,HYPERNETS,PACE,559,RHOW,19,19,5,5,1.7767,2.1896,0.8907,2.0768,4.8424,-0.045282,-0.014309,-0.001025,NA,FALSE,TRUE,0.003234,0.002787,26.2693,-0.287552,-0.220611,-0.124684,0.124684,0.220611,0.287552,-40.361,-28.3056,-14.2445,14.2445,28.3056,40.361
THFR_poly,HYPERNETS,PACE,560,RHOW,19,19,5,5,1.7785,2.1574,0.8956,2.0688,4.7789,-0.044545,-0.014161,-0.001008,NA,FALSE,TRUE,0.003187,0.002762,25.9502,-0.28536,-0.21662,-0.12009,0.12009,0.21662,0.28536,-39.9306,-27.6519,-13.648,13.648,27.6519,39.9306
THFR_poly,HYPERNETS,PACE,561,RHOW,19,19,5,5,1.7097,2.1051,0.8655,1.9779,4.52,-0.041752,-0.013231,-7.51e-4,NA,FALSE,TRUE,0.003141,0.00267,25.2785,-0.282996,-0.218517,-0.120721,0.120721,0.218517,0.282996,-39.4693,-27.9618,-13.7296,13.7296,27.9618,39.4693
THFR_poly,HYPERNETS,PACE,562,RHOW,19,19,5,5,1.6413,2.0527,0.8346,1.8908,4.2838,-0.039212,-0.012343,-4.83e-4,NA,FALSE,TRUE,0.003109,0.00258,24.6293,-0.280822,-0.220542,-0.121572,0.121572,0.220542,0.280822,-39.0477,-28.2942,-13.8397,13.8397,28.2942,39.0477
THFR_poly,HYPERNETS,PACE,563,RHOW,19,19,5,5,1.5729,1.9985,0.8022,1.8068,4.0693,-0.036915,-0.01149,-2.01e-4,NA,FALSE,TRUE,0.00309,0.002491,23.9882,-0.278648,-0.222567,-0.122421,0.122421,0.222567,0.278648,-38.6285,-28.6284,-13.9498,13.9498,28.6284,38.6285
THFR_poly,HYPERNETS,PACE,564,RHOW,19,19,5,5,1.7482,2.1245,0.8972,1.9972,4.4456,-0.041025,-0.013468,-0.001088,NA,FALSE,TRUE,0.003171,0.002733,25.7719,-0.279215,-0.225483,-0.12776,0.12776,0.225483,0.279215,-38.7375,-29.1127,-14.6474,14.6474,29.1127,38.7375
THFR_poly,HYPERNETS,PACE,565,RHOW,19,19,5,5,1.9185,2.2408,0.9905,2.181,4.8023,-0.04491,-0.015371,-0.001956,NA,FALSE,TRUE,0.003305,0.002966,27.4882,-0.279782,-0.228407,-0.133106,0.159841,0.228407,0.279782,-38.8469,-29.6019,-15.3543,15.9841,29.6019,38.8469
THFR_poly,HYPERNETS,PACE,566,RHOW,19,19,5,5,1.8934,2.2222,0.9777,2.152,4.7366,-0.044184,-0.015081,-0.001859,NA,FALSE,TRUE,0.003313,0.002961,27.535,-0.283153,-0.2329,-0.132723,0.150445,0.2329,0.283153,-39.4997,-30.3611,-15.3034,15.3034,30.3611,39.4997
THFR_poly,HYPERNETS,PACE,567,RHOW,19,19,5,5,1.8892,2.23,0.9829,2.1351,4.6379,-0.043046,-0.014908,-0.001955,NA,FALSE,TRUE,0.00331,0.002947,27.5445,-0.283253,-0.239069,-0.132357,0.141088,0.239069,0.283253,-39.5193,-31.418,-15.2548,15.2548,31.418,39.5193
THFR_poly,HYPERNETS,PACE,568,RHOW,19,19,5,5,1.8784,2.2269,0.9828,2.1141,4.5475,-0.041954,-0.014667,-0.001981,NA,FALSE,TRUE,0.003302,0.002928,27.5284,-0.283356,-0.243296,-0.13199,0.133036,0.243296,0.283356,-39.5393,-32.1521,-15.206,15.206,32.1521,39.5393
THFR_poly,HYPERNETS,PACE,569,RHOW,19,19,5,5,1.8472,2.2231,0.9712,2.072,4.4207,-0.040497,-0.014232,-0.001921,NA,FALSE,TRUE,0.003304,0.002914,27.6322,-0.286352,-0.252379,-0.133956,0.133956,0.252379,0.286352,-40.1251,-33.7575,-15.4676,15.4676,33.7575,40.1251
THFR_poly,HYPERNETS,PACE,570,RHOW,19,19,5,5,1.833,2.244,0.9739,2.0421,4.282,-0.038912,-0.013934,-0.002021,NA,FALSE,TRUE,0.003306,0.002899,27.7487,-0.287461,-0.263884,-0.135926,0.135926,0.263884,0.287461,-40.3431,-35.8481,-15.7308,15.7308,35.8481,40.3431
THFR_poly,HYPERNETS,PACE,571,RHOW,19,19,5,5,1.8229,2.2422,0.9744,2.0235,4.2023,-0.037884,-0.013696,-0.002049,NA,FALSE,TRUE,0.003287,0.002874,27.7099,-0.287679,-0.264287,-0.140095,0.140095,0.264287,0.287679,-40.3861,-35.9226,-16.2919,16.2919,35.9226,40.3861
THFR_poly,HYPERNETS,PACE,572,RHOW,19,19,5,5,1.8205,2.2432,0.9786,2.0142,4.1456,-0.037021,-0.013516,-0.002095,NA,FALSE,TRUE,0.003258,0.002843,27.6311,-0.285865,-0.263016,-0.143413,0.143413,0.263016,0.285865,-40.0295,-35.6881,-16.7424,16.7424,35.6881,40.0295
THFR_poly,HYPERNETS,PACE,573,RHOW,19,19,5,5,1.7967,2.1944,0.9633,1.9909,4.1145,-0.036159,-0.013044,-0.0018600000000000001,NA,FALSE,TRUE,0.003182,0.002763,27.2118,-0.281093,-0.252304,-0.139931,0.139931,0.252304,0.281093,-39.1,-33.7442,-16.2697,16.2697,33.7442,39.1
THFR_poly,HYPERNETS,PACE,574,RHOW,19,19,5,5,1.7971,2.2045,0.9534,2.004,4.2122,-0.036943,-0.013116,-0.00178,NA,FALSE,TRUE,0.003222,0.002792,27.7211,-0.293221,-0.262204,-0.133465,0.133465,0.262204,0.293221,-41.4869,-35.5388,-15.4021,15.4021,35.5388,41.4869
THFR_poly,HYPERNETS,PACE,575,RHOW,19,19,5,5,1.8282,2.259,0.9794,2.0268,4.1943,-0.036335,-0.013222,-0.002054,NA,FALSE,TRUE,0.003218,0.002816,28.3183,-0.299908,-0.270773,-0.137277,0.137277,0.270773,0.299908,-42.8383,-37.1315,-15.9121,15.9121,37.1315,42.8383
THFR_poly,HYPERNETS,PACE,576,RHOW,19,19,5,5,1.8469,2.3038,0.986,2.0516,4.2688,-0.036541,-0.013276,-0.002095,NA,FALSE,TRUE,0.00319,0.002769,28.3344,-0.298392,-0.279031,-0.124726,0.124726,0.279031,0.298392,-42.5296,-38.7023,-14.2499,14.2499,38.7023,42.5296
THFR_poly,HYPERNETS,PACE,577,RHOW,19,19,5,5,1.8473,2.3535,1.0024,2.0332,4.1241,-0.034616,-0.012953,-0.002273,NA,TRUE,TRUE,0.003147,0.002729,28.4665,-0.298897,-0.288849,-0.124535,0.124535,0.288849,0.298897,-42.6324,-40.617,-14.225,14.225,40.617,42.6324
THFR_poly,HYPERNETS,PACE,578,RHOW,19,19,5,5,1.8602,2.3949,1.0144,2.0422,4.1112,-0.034124,-0.012938,-0.002414,NA,TRUE,TRUE,0.003139,0.002693,28.5386,-0.298043,-0.295216,-0.121101,0.121101,0.295216,0.298043,-42.4589,-41.8875,-13.7787,13.7787,41.8875,42.4589
THFR_poly,HYPERNETS,PACE,579,RHOW,19,19,5,5,1.8385,2.3952,1.0002,2.0208,4.0825,-0.033186,-0.012512,-0.002278,NA,TRUE,TRUE,0.003112,0.002654,28.8277,-0.302758,-0.298303,-0.124103,0.124103,0.298303,0.302758,-43.4222,-42.5117,-14.1687,14.1687,42.5117,43.4222
THFR_poly,HYPERNETS,PACE,580,RHOW,19,19,5,5,1.9185,2.5524,1.0564,2.0961,4.1591,-0.033335,-0.013065,-0.00285,NA,TRUE,TRUE,0.003121,0.002661,29.5189,-0.321341,-0.296954,-0.127555,0.127555,0.296954,0.321341,-47.3493,-42.2382,-14.6204,14.6204,42.2382,47.3493
THFR_poly,HYPERNETS,PACE,581,RHOW,19,19,5,5,1.9485,2.6159,1.0818,2.1206,4.1572,-0.032753,-0.013098,-0.003072,NA,TRUE,TRUE,0.003106,0.002634,29.8339,-0.330308,-0.29402,-0.125913,0.125913,0.29402,0.330308,-49.3224,-41.647,-14.4052,14.4052,41.647,49.3224
THFR_poly,HYPERNETS,PACE,582,RHOW,19,19,5,5,1.9814,2.6745,1.0966,2.1596,4.2533,-0.032643,-0.013027,-0.003067,NA,TRUE,TRUE,0.003028,0.002558,29.8298,-0.334184,-0.290918,-0.105742,0.105742,0.290918,0.334184,-50.1916,-41.0273,-11.8246,11.8246,41.0273,50.1916
THFR_poly,HYPERNETS,PACE,583,RHOW,19,19,5,5,1.9997,2.7051,1.1078,2.1785,4.2839,-0.032045,-0.012833,-0.003063,NA,TRUE,TRUE,0.002967,0.002535,30.3386,-0.331934,-0.292109,-0.10879,0.10879,0.292109,0.331934,-49.6859,-41.2647,-12.207,12.207,41.2647,49.6859
THFR_poly,HYPERNETS,PACE,584,RHOW,19,19,5,5,2.0997,2.841,1.1729,2.2788,4.4278,-0.032368,-0.013302,-0.003489,NA,TRUE,TRUE,0.002925,0.002506,30.741,-0.34484,-0.287142,-0.090081,0.121838,0.287142,0.34484,-52.6345,-40.2803,-9.8999,12.1838,40.2803,52.6345
THFR_poly,HYPERNETS,PACE,585,RHOW,19,19,5,5,2.2061,2.9821,1.2637,2.3697,4.4439,-0.031444,-0.0136,-0.004085,NA,TRUE,TRUE,0.002861,0.002474,31.2416,-0.354384,-0.279004,-0.080252,0.150487,0.279004,0.354384,-54.8908,-38.6969,-8.7255,15.0487,38.6969,54.8908
THFR_poly,HYPERNETS,PACE,586,RHOW,19,19,5,5,2.2562,3.0305,1.2821,2.4312,4.61,-0.032017,-0.013738,-0.004099,NA,TRUE,TRUE,0.002847,0.002453,31.678,-0.362818,-0.277405,-0.066129,0.168899,0.277405,0.362818,-56.941,-38.3901,-7.0811,16.8899,38.3901,56.941
THFR_poly,HYPERNETS,PACE,587,RHOW,19,19,5,5,2.3845,3.2422,1.3981,2.5401,4.6149,-0.031016,-0.014169,-0.004897,NA,TRUE,TRUE,0.002804,0.002413,32.2175,-0.392141,-0.270381,-0.053598,0.181968,0.270381,0.392141,-64.512,-37.0578,-5.6634,18.1968,37.0578,64.512
THFR_poly,HYPERNETS,PACE,588,RHOW,19,19,5,5,2.3875,3.2474,1.3866,2.5518,4.6961,-0.030973,-0.013975,-0.004738,NA,TRUE,TRUE,0.002795,0.002395,32.8031,-0.413351,-0.27237,-0.052322,0.179302,0.27237,0.413351,-70.4596,-37.4325,-5.521,17.9302,37.4325,70.4596
THFR_poly,HYPERNETS,PACE,589,RHOW,19,19,5,5,2.4301,3.3925,1.4223,2.5902,4.717,-0.03069,-0.014115,-0.005013,NA,TRUE,TRUE,0.002812,0.002411,33.676,-0.431871,-0.280571,-0.056957,0.174938,0.280571,0.431871,-76.0163,-38.9992,-6.0397,17.4938,38.9992,76.0163
THFR_poly,HYPERNETS,PACE,590,RHOW,19,19,5,5,2.5032,3.5182,1.4651,2.6682,4.8592,-0.030673,-0.014186,-0.005133,NA,TRUE,TRUE,0.002764,0.002368,34.2233,-0.438167,-0.278242,-0.048393,0.194011,0.278242,0.438167,-77.9889,-38.5507,-5.0854,19.4011,38.5507,77.9889
THFR_poly,HYPERNETS,PACE,591,RHOW,19,19,5,5,2.56,3.6053,1.4906,2.7335,5.0129,-0.030287,-0.013919,-0.004993,NA,TRUE,TRUE,0.002673,0.002259,34.2026,-0.439651,-0.270403,-0.018779,0.218136,0.270403,0.439651,-78.4602,-37.062,-1.9139,21.8136,37.062,78.4602
THFR_poly,HYPERNETS,PACE,592,RHOW,19,19,5,5,2.5865,3.6965,1.4903,2.7722,5.1568,-0.030457,-0.013816,-0.00487,NA,TRUE,TRUE,0.002656,0.002225,34.6965,-0.451118,-0.273117,-0.0083320000000000009,0.220668,0.273117,0.451118,-82.1885,-37.5737,-0.8402,22.0668,37.5737,82.1885
THFR_poly,HYPERNETS,PACE,593,RHOW,19,19,5,5,2.6685,3.8735,1.5735,2.8373,5.1161,-0.02907,-0.013739,-0.005236,NA,TRUE,TRUE,0.002605,0.00217,35.1823,-0.462325,-0.265031,0.001761,0.231581,0.265031,0.462325,-85.986,-36.0602,0.1761,23.1581,36.0602,85.986
THFR_poly,HYPERNETS,PACE,594,RHOW,19,19,5,5,2.7368,4.0187,1.5806,2.9309,5.4346,-0.030145,-0.013875,-0.005101,NA,TRUE,TRUE,0.002593,0.002178,36.4165,-0.47319,-0.266087,0.016903,0.245696,0.266087,0.47319,-89.8218,-36.2559,1.6903,24.5696,36.2559,89.8218
THFR_poly,HYPERNETS,PACE,595,RHOW,19,19,5,5,2.8127,4.2312,1.6386,3.0028,5.5026,-0.029595,-0.013883,-0.00531,NA,TRUE,TRUE,0.002569,0.002161,37.4203,-0.487297,-0.266273,0.019872,0.257902,0.266273,0.487297,-95.0445,-36.2906,1.9872,25.7902,36.2906,95.0445
THFR_poly,HYPERNETS,PACE,596,RHOW,19,19,5,5,2.9542,4.4887,1.7163,3.157,5.807,-0.029886,-0.014053,-0.005446,NA,TRUE,TRUE,0.002523,0.002155,38.976,-0.496297,-0.253281,0.051189,0.253281,0.287331,0.496297,-98.5298,-33.9192,5.1189,28.7331,33.9192,98.5298
THFR_poly,HYPERNETS,PACE,597,RHOW,19,19,5,5,3.1369,4.936,1.8619,3.3282,5.9494,-0.029375,-0.014394,-0.006014,NA,TRUE,TRUE,0.002496,0.002149,40.5038,-0.514445,-0.243511,0.072647,0.243511,0.310422,0.514445,-105.9499,-32.1896,7.2647,31.0422,32.1896,105.9499
THFR_poly,HYPERNETS,PACE,598,RHOW,19,19,5,5,3.2709,5.3421,1.961,3.4598,6.1043,-0.028834,-0.014416,-0.006244,NA,TRUE,TRUE,0.002462,0.002132,42.0427,-0.528198,-0.235842,0.090515,0.235842,0.337902,0.528198,-111.9533,-30.8631,9.0515,30.8631,33.7902,111.9533
THFR_poly,HYPERNETS,PACE,599,RHOW,19,19,5,5,3.6135,6.0068,2.1513,3.8303,6.8197,-0.030145,-0.015061,-0.006589,NA,TRUE,TRUE,0.002427,0.002123,44.6621,-0.5313,-0.205368,0.137597,0.205368,0.422149,0.5313,-113.3559,-25.8444,13.7597,25.8444,42.2149,113.3559
THFR_poly,HYPERNETS,PACE,600,RHOW,19,19,5,5,3.7483,6.9514,2.2592,3.9584,6.9355,-0.029266,-0.014949,-0.006778,NA,TRUE,TRUE,0.002402,0.002114,46.5492,-0.552639,-0.19754,0.17199,0.19754,0.436598,0.552639,-123.533,-24.6168,17.199,24.6168,43.6598,123.533
THFR_poly,HYPERNETS,PACE,601,RHOW,19,19,4,4,3.2575,3.849,1.5878,3.3866,7.2232,-0.029879,-0.011414,-0.002756,NA,TRUE,TRUE,0.001786,0.001643,35.2686,-0.301707,-0.015023,0.245508,0.202041,0.326533,0.477179,-48.0169,-3.565,24.0596,24.314,35.1369,63.4114
THFR_poly,HYPERNETS,PACE,602,RHOW,19,19,4,4,3.3173,4.0238,1.6721,3.4329,7.0478,-0.028079,-0.011268,-0.00308,NA,TRUE,TRUE,0.001764,0.001623,36.2525,-0.313868,-0.018633,0.245992,0.206651,0.331914,0.487788,-51.6383,-4.0234,24.0894,25.0549,35.8928,66.7647
THFR_poly,HYPERNETS,PACE,603,RHOW,19,19,4,4,3.4333,4.3484,1.6444,3.5787,7.7883,-0.030707,-0.011674,-0.002928,NA,TRUE,TRUE,0.001772,0.001643,37.903,-0.339816,-0.026467,0.250733,0.224753,0.342882,0.497159,-58.878,-5.2325,24.5886,27.927,37.8382,71.026
THFR_poly,HYPERNETS,PACE,604,RHOW,19,19,4,4,3.3864,4.5159,1.6927,3.5083,7.2714,-0.027906,-0.01123,-0.003184,NA,TRUE,TRUE,0.001733,0.001611,38.335,-0.364814,-0.042005,0.234939,0.237406,0.337486,0.483431,-66.9036,-7.1544,23.0751,30.2657,38.2088,73.1875
THFR_poly,HYPERNETS,PACE,605,RHOW,19,19,4,4,3.4466,4.962,1.6861,3.5813,7.6067,-0.029253,-0.011588,-0.003271,NA,TRUE,TRUE,0.001741,0.001616,39.1886,-0.402895,-0.064821,0.217411,0.260829,0.336043,0.4671,-80.2832,-10.2713,21.4035,32.1563,39.676,80.2832
THFR_poly,HYPERNETS,PACE,606,RHOW,19,19,4,4,3.4243,5.3391,1.806,3.5243,6.8775,-0.025957,-0.011381,-0.003912,NA,TRUE,TRUE,0.001728,0.001578,39.2122,-0.435045,-0.093581,0.184354,0.274068,0.328594,0.446649,-94.647,-13.965,18.1275,28.2506,40.2738,94.647
THFR_poly,HYPERNETS,PACE,607,RHOW,19,19,4,4,3.4067,5.8616,1.7261,3.523,7.1908,-0.02714,-0.011385,-0.003666,NA,TRUE,TRUE,0.001748,0.001572,39.9705,-0.473761,-0.118226,0.164655,0.252993,0.32705,0.473761,-115.0683,-17.8067,16.226,25.0539,42.0269,115.0683
THFR_poly,HYPERNETS,PACE,608,RHOW,19,19,4,4,3.3681,6.5795,1.731,3.477,6.9843,-0.026332,-0.011322,-0.003849,NA,TRUE,TRUE,0.001781,0.001549,40.1281,-0.514064,-0.150956,0.130617,0.206963,0.319746,0.514064,-144.0891,-22.9395,12.8765,20.5071,43.3836,144.0891
THFR_poly,HYPERNETS,PACE,609,RHOW,19,19,4,4,3.2208,7.4208,1.6402,3.3288,6.7557,-0.025352,-0.010782,-0.003604,NA,TRUE,TRUE,0.001811,0.001513,40.2717,-0.55468,-0.184107,0.096419,0.160708,0.312671,0.55468,-188.7081,-28.6726,9.5058,15.9321,44.9795,188.7081
THFR_poly,HYPERNETS,PACE,610,RHOW,19,19,4,4,3.2158,9.8877,1.6186,3.3286,6.845,-0.025794,-0.010909,-0.003671,NA,TRUE,TRUE,0.001884,0.001499,40.6477,-0.596793,-0.216282,0.065205,0.117137,0.307453,0.596793,-293.7358,-34.9721,6.4285,11.6202,47.1108,293.7358
THFR_poly,HYPERNETS,PACE,611,RHOW,19,19,3,3,4.0777,5.3661,0.4271,4.4656,46.6892,-0.208418,-0.016307,0.002068,NA,FALSE,FALSE,0.001269,8.93e-4,20.652,-0.249134,0.013259,0.054017,0.054017,0.094775,0.30315,-42.141,1.3259,5.3228,5.3228,9.4775,49.7069
THFR_poly,HYPERNETS,PACE,612,RHOW,19,19,3,3,3.9412,5.5136,0.3599,4.5263,56.9217,-0.253364,-0.016637,0.002186,NA,FALSE,FALSE,0.001347,8.59e-4,20.1956,-0.279655,-0.005696,0.020432,0.026128,0.04656,0.300087,-50.1015,-0.5729,2.0097,2.5941,4.656,53.1181
THFR_poly,HYPERNETS,PACE,613,RHOW,19,19,3,3,3.59,5.3972,0.3177,4.1914,55.2925,-0.244556,-0.015198,0.002188,NA,FALSE,FALSE,0.001415,8.74e-4,21.0017,-0.310676,-0.030316,-0.019507,0.019507,0.030316,0.310676,-58.797,-3.1264,-1.9958,1.9958,3.1264,58.797
THFR_poly,HYPERNETS,PACE,614,RHOW,19,19,3,3,3.5313,5.3526,0.2981,4.261,60.8966,-0.267811,-0.015394,0.002268,NA,FALSE,FALSE,0.001451,8.63e-4,20.9139,-0.313288,-0.01664,-0.0079,0.00874,0.01664,0.313288,-61.4642,-1.6922,-0.8002,0.8849,1.6922,61.4642
THFR_poly,HYPERNETS,PACE,615,RHOW,19,19,3,3,3.6351,5.5934,0.3168,4.2843,57.9374,-0.253256,-0.015413,0.002175,NA,FALSE,FALSE,0.001475,8.87e-4,21.685,-0.320105,-0.013429,-0.001544,0.011884,0.013429,0.320105,-64.7988,-1.3611,-0.1618,1.1974,1.3611,64.7988
THFR_poly,HYPERNETS,PACE,616,RHOW,19,19,3,3,3.6549,5.6267,0.3173,4.3184,58.7673,-0.25621,-0.015538,0.002147,NA,FALSE,FALSE,0.001485,9.08e-4,22.1769,-0.326992,-0.022844,-0.005761,0.017082,0.022844,0.326992,-66.5666,-2.3378,-0.5943,1.7331,2.3378,66.5666
THFR_poly,HYPERNETS,PACE,617,RHOW,19,19,3,3,3.8802,5.9458,0.3422,4.54,60.2402,-0.26058,-0.016385,0.002019,NA,FALSE,FALSE,0.001487,9.35e-4,22.8698,-0.332192,-0.030284,-0.004287,0.025996,0.030284,0.332192,-67.879,-3.1229,-0.4648,2.6458,3.1229,67.879
THFR_poly,HYPERNETS,PACE,618,RHOW,19,19,3,3,3.864,5.912,0.3706,4.3472,50.9928,-0.217697,-0.015367,0.001882,NA,FALSE,FALSE,0.001454,9.35e-4,23.2542,-0.335221,-0.038798,-0.005806,0.032992,0.038798,0.335221,-68.0577,-4.0364,-0.6394,3.3754,4.0364,68.0577
THFR_poly,HYPERNETS,PACE,619,RHOW,19,19,3,3,3.7237,5.7561,0.346,4.2428,52.0249,-0.221496,-0.014906,0.001942,NA,FALSE,FALSE,0.001467,9.38e-4,23.4487,-0.343495,-0.048358,-0.015944,0.032414,0.048358,0.343495,-70.525,-5.0816,-1.6754,3.35,5.0816,70.525
THFR_poly,HYPERNETS,PACE,620,RHOW,19,19,3,3,4.005,6.2389,0.4029,4.4352,48.8249,-0.205932,-0.015627,0.001659,NA,FALSE,FALSE,0.00147,9.63e-4,24.2035,-0.353191,-0.062785,-0.021532,0.041253,0.062785,0.353191,-73.0256,-6.6991,-2.2915,4.3088,6.6991,73.0256
THFR_poly,HYPERNETS,PACE,621,RHOW,19,19,3,3,3.9428,6.2639,0.3917,4.3829,49.0404,-0.206421,-0.015409,0.001662,NA,FALSE,FALSE,0.001486,9.57e-4,24.2152,-0.36046,-0.068296,-0.03138,0.036916,0.068296,0.36046,-75.7764,-7.3302,-3.3148,3.8866,7.3302,75.7764
THFR_poly,HYPERNETS,PACE,622,RHOW,19,19,3,3,3.5553,5.6944,0.306,4.2267,58.3896,-0.244315,-0.014634,0.001991,NA,FALSE,FALSE,0.001498,9.52e-4,24.2032,-0.358699,-0.055693,-0.032196,0.032196,0.055693,0.358699,-76.9276,-5.8977,-3.3572,3.3572,5.8977,76.9276
THFR_poly,HYPERNETS,PACE,623,RHOW,19,19,3,3,3.7086,6.0497,0.334,4.2887,55.0729,-0.228355,-0.014795,0.001836,NA,FALSE,FALSE,0.001496,9.65e-4,24.7805,-0.364849,-0.061753,-0.037735,0.037735,0.061753,0.364849,-79.158,-6.5817,-3.9539,3.9539,6.5817,79.158
THFR_poly,HYPERNETS,PACE,624,RHOW,19,19,3,3,3.9425,6.4342,0.3673,4.4872,54.8191,-0.225978,-0.015516,0.001712,NA,FALSE,FALSE,0.001493,9.34e-4,24.2164,-0.362664,-0.053679,-0.027421,0.027421,0.053679,0.362664,-79.3956,-5.6724,-2.8569,2.8569,5.6724,79.3956
THFR_poly,HYPERNETS,PACE,625,RHOW,19,19,3,3,3.8843,6.3303,0.3604,4.4286,54.4126,-0.222553,-0.015123,0.001759,NA,FALSE,FALSE,0.001479,9.16e-4,23.9934,-0.356524,-0.03922,-0.016233,0.022987,0.03922,0.356524,-78.6345,-4.0821,-1.6779,2.3645,4.0821,78.6345
THFR_poly,HYPERNETS,PACE,626,RHOW,19,19,3,3,3.7642,6.2074,0.3318,4.4049,58.4725,-0.238547,-0.014969,0.001874,NA,FALSE,FALSE,0.001494,9.02e-4,23.7645,-0.354263,-0.024915,-0.010252,0.014662,0.024915,0.354263,-80.0395,-2.5551,-1.0469,1.4926,2.5551,80.0395
THFR_poly,HYPERNETS,PACE,627,RHOW,19,19,3,3,3.8701,6.467,0.339,4.5469,60.9947,-0.248209,-0.015507,0.001841,NA,FALSE,FALSE,0.001512,9.04e-4,23.8761,-0.354886,-0.016057,-0.004773,0.011284,0.016057,0.354886,-82.1597,-1.6319,-0.4861,1.1403,1.6319,82.1597
THFR_poly,HYPERNETS,PACE,628,RHOW,19,19,3,3,2.8382,5.4074,0.2227,3.9977,71.7652,-0.289676,-0.013325,0.002069,NA,FALSE,FALSE,0.00156,0.001101,28.4016,-0.42067,-0.139711,-0.07521,0.07521,0.139711,0.42067,-97.3781,-16.24,-8.3966,8.3966,16.24,97.3781
THFR_poly,HYPERNETS,PACE,629,RHOW,19,19,3,3,1.96,4.5069,0.1708,3.684,79.4422,-0.320206,-0.012259,0.002022,NA,FALSE,FALSE,0.001712,0.001348,34.0481,-0.501233,-0.29104,-0.155009,0.155009,0.29104,0.501233,-121.0854,-41.0517,-19.9085,19.9085,41.0517,121.0854
THFR_poly,HYPERNETS,PACE,630,RHOW,19,19,3,3,1.2339,3.5797,0.1463,3.4829,82.9144,-0.332024,-0.011594,0.001865,NA,FALSE,FALSE,0.001906,0.001578,39.6349,-0.57985,-0.442077,-0.235712,0.235712,0.442077,0.57985,-151.9407,-79.2361,-35.888,35.888,79.2361,151.9407
THFR_poly,HYPERNETS,PACE,631,RHOW,19,19,3,3,1.2468,3.5953,0.1461,3.472,82.4933,-0.329405,-0.011544,0.001834,NA,FALSE,FALSE,0.00191,0.001601,40.3008,-0.582656,-0.450473,-0.247093,0.247093,0.450473,0.582656,-152.6154,-81.9746,-37.9467,37.9467,81.9746,152.6154
THFR_poly,HYPERNETS,PACE,632,RHOW,19,19,3,3,1.1884,3.4366,0.1412,3.3633,80.0965,-0.317572,-0.011048,0.001823,NA,FALSE,FALSE,0.001902,0.001607,40.7123,-0.584444,-0.458657,-0.255568,0.255568,0.458657,0.584444,-152.4864,-84.7258,-39.627,39.627,84.7258,152.4864
THFR_poly,HYPERNETS,PACE,633,RHOW,19,19,3,3,1.9634,4.5081,0.1648,3.4524,72.3282,-0.284266,-0.011097,0.001941,NA,FALSE,FALSE,0.00168,0.001371,35.5206,-0.510946,-0.317833,-0.180779,0.180779,0.317833,0.510946,-122.5627,-46.5917,-23.8121,23.8121,46.5917,122.5627
THFR_poly,HYPERNETS,PACE,634,RHOW,19,19,3,3,2.6912,5.2749,0.2112,3.758,66.8684,-0.261155,-0.012032,0.001969,NA,FALSE,FALSE,0.001526,0.001145,30.3889,-0.438428,-0.177547,-0.10618,0.10618,0.177547,0.438428,-101.087,-21.5874,-12.2376,12.2376,21.5874,101.087
THFR_poly,HYPERNETS,PACE,635,RHOW,19,19,3,3,3.4479,5.9253,0.2909,4.1625,59.5555,-0.230815,-0.013333,0.001867,NA,FALSE,FALSE,0.001439,9.17e-4,25.2438,-0.364789,-0.036361,-0.032048,0.032048,0.036361,0.364789,-83.9191,-3.7733,-3.312,3.312,3.7733,83.9191
THFR_poly,HYPERNETS,PACE,636,RHOW,19,19,3,3,3.5467,6.1353,0.2989,4.2867,61.4828,-0.236008,-0.013692,0.001809,NA,FALSE,FALSE,0.001425,9.17e-4,25.3978,-0.367932,-0.044577,-0.035325,0.035325,0.044577,0.367932,-84.1298,-4.6657,-3.6666,3.6666,4.6657,84.1298
THFR_poly,HYPERNETS,PACE,637,RHOW,19,19,3,3,3.4105,5.9547,0.2922,4.0679,56.6384,-0.215277,-0.012741,0.001805,NA,FALSE,FALSE,0.001397,9.22e-4,25.8059,-0.373911,-0.061059,-0.043708,0.043708,0.061059,0.373911,-84.3928,-6.5029,-4.5877,4.5877,6.5029,84.3928
THFR_poly,HYPERNETS,PACE,638,RHOW,19,19,3,3,3.2658,5.7667,0.2712,4.0025,59.0769,-0.223667,-0.012449,0.001862,NA,FALSE,FALSE,0.001401,9.33e-4,26.1578,-0.3809,-0.072461,-0.047698,0.047698,0.072461,0.3809,-86.2902,-7.8122,-5.0442,5.0442,7.8122,86.2902
THFR_poly,HYPERNETS,PACE,639,RHOW,19,19,3,3,3.148,5.6147,0.2555,3.9673,61.6148,-0.23204,-0.012253,0.001899,NA,FALSE,FALSE,0.001403,9.4e-4,26.4082,-0.386839,-0.082013,-0.05029,0.05029,0.082013,0.386839,-87.962,-8.9341,-5.3541,5.3541,8.9341,87.962
THFR_poly,HYPERNETS,PACE,640,RHOW,19,19,3,3,3.1872,5.7477,0.2598,3.9913,61.3131,-0.230084,-0.01232,0.001856,NA,FALSE,FALSE,0.001405,9.56e-4,26.9039,-0.39239,-0.090766,-0.056551,0.056551,0.090766,0.39239,-89.588,-9.9827,-6.0639,6.0639,9.9827,89.588
THFR_poly,HYPERNETS,PACE,641,RHOW,19,19,3,3,3.3711,6.1504,0.2833,4.0849,58.9071,-0.219973,-0.012636,0.001741,NA,FALSE,FALSE,0.001421,9.69e-4,27.4906,-0.395636,-0.083734,-0.058591,0.058591,0.083734,0.395636,-93.1762,-9.1387,-6.2617,6.2617,9.1387,93.1762
THFR_poly,HYPERNETS,PACE,642,RHOW,19,19,3,3,3.2303,5.9156,0.2614,4.0884,63.9482,-0.237272,-0.01252,0.001849,NA,FALSE,FALSE,0.001411,9.24e-4,26.4377,-0.39563,-0.082899,-0.042384,0.042384,0.082899,0.39563,-93.3608,-9.0392,-4.5196,4.5196,9.0392,93.3608
THFR_poly,HYPERNETS,PACE,643,RHOW,19,19,3,3,3.0687,5.79,0.2438,4.0301,66.6301,-0.245971,-0.012248,0.001889,NA,FALSE,FALSE,0.00142,9.73e-4,27.8486,-0.409893,-0.106204,-0.045266,0.060938,0.106204,0.409893,-97.6426,-11.8824,-4.9553,6.6001,11.8824,97.6426
THFR_poly,HYPERNETS,PACE,644,RHOW,19,19,3,3,3.1399,5.9231,0.2518,4.0348,64.6435,-0.237421,-0.012201,0.001856,NA,FALSE,FALSE,0.001415,9.61e-4,27.7446,-0.408671,-0.099387,-0.042195,0.057192,0.099387,0.408671,-98.4137,-11.0355,-4.592,6.1606,11.0355,98.4137
THFR_poly,HYPERNETS,PACE,645,RHOW,19,19,3,3,3.3121,6.2176,0.2709,4.1296,62.9517,-0.22928,-0.012439,0.001786,NA,FALSE,FALSE,0.001404,9.4e-4,27.4888,-0.404529,-0.087297,-0.035845,0.051452,0.087297,0.404529,-98.4384,-9.5647,-3.8657,5.4868,9.5647,98.4384
THFR_poly,HYPERNETS,PACE,646,RHOW,19,19,3,3,3.5549,6.4625,0.2927,4.3962,66.0179,-0.238571,-0.013236,0.00177,NA,FALSE,FALSE,0.001385,9.02e-4,26.7499,-0.383387,-0.047119,-0.005698,0.041421,0.047119,0.383387,-93.4794,-4.9449,-0.6605,4.2563,4.9449,93.4794
THFR_poly,HYPERNETS,PACE,647,RHOW,19,19,3,3,3.17,5.7607,0.2507,4.2213,71.0911,-0.254986,-0.012489,0.00191,NA,FALSE,FALSE,0.001364,9.26e-4,27.4408,-0.386382,-0.063785,-0.006662,0.057123,0.063785,0.386382,-91.5799,-6.813,-0.8375,5.9259,6.813,91.5799
THFR_poly,HYPERNETS,PACE,648,RHOW,19,19,3,3,3.1372,5.5903,0.2491,4.1254,68.3295,-0.241322,-0.011916,0.001934,NA,FALSE,FALSE,0.001312,9.08e-4,27.3947,-0.376772,-0.059192,0.004552,0.063745,0.068297,0.381324,-86.4825,-6.2917,0.2528,6.5604,6.8297,86.9539
THFR_poly,HYPERNETS,PACE,649,RHOW,19,19,3,3,3.1933,5.8071,0.2547,4.15,67.6122,-0.237308,-0.011953,0.001879,NA,FALSE,FALSE,0.001315,9.28e-4,28.1379,-0.387606,-0.074917,-0.002996,0.071921,0.074917,0.387606,-89.9162,-8.0984,-0.5625,7.4938,8.0984,89.9162
THFR_poly,HYPERNETS,PACE,650,RHOW,19,19,3,3,3.3222,6.1742,0.2634,4.3867,73.0594,-0.254936,-0.012729,0.001814,NA,FALSE,FALSE,0.001332,9.55e-4,28.9794,-0.397844,-0.087172,-0.00674,0.080432,0.087172,0.397844,-93.8644,-9.5497,-1.0103,8.454,9.5497,93.8644
THFR_poly,HYPERNETS,PACE,651,RHOW,19,19,3,3,2.7662,5.6586,0.2173,4.011,74.0276,-0.255712,-0.011396,0.001842,NA,FALSE,FALSE,0.001384,0.001056,32.0864,-0.44465,-0.15778,-0.042244,0.115536,0.15778,0.44465,-110.2959,-18.7338,-5.1788,12.8876,18.7338,110.2959
THFR_poly,HYPERNETS,PACE,652,RHOW,19,19,3,3,2.9632,6.4698,0.2325,4.1425,73.7978,-0.252543,-0.011838,0.001674,NA,FALSE,FALSE,0.001443,0.001059,32.5175,-0.469842,-0.167169,-0.065664,0.101505,0.167169,0.469842,-129.744,-20.0724,-7.6651,11.524,20.0724,129.744
THFR_poly,HYPERNETS,PACE,653,RHOW,19,19,3,3,3.2982,7.5879,0.2599,4.4564,76.4165,-0.255099,-0.012614,0.001527,NA,FALSE,FALSE,0.001467,0.001045,33.0829,-0.478728,-0.143071,-0.05402,0.089051,0.143071,0.478728,-150.7391,-16.6957,-6.182,9.9016,16.6957,150.7391
THFR_poly,HYPERNETS,PACE,654,RHOW,19,19,3,3,3.3424,7.8829,0.263,4.5461,78.5706,-0.259836,-0.012829,0.001463,NA,FALSE,FALSE,0.001471,0.001058,33.6736,-0.491135,-0.164143,-0.068103,0.09604,0.164143,0.491135,-156.478,-19.6377,-7.8825,10.8963,19.6377,156.478
THFR_poly,HYPERNETS,PACE,655,RHOW,19,19,3,3,3.1802,7.755,0.2496,4.4355,78.8233,-0.258917,-0.012419,0.001452,NA,FALSE,FALSE,0.001481,0.00108,34.4983,-0.507105,-0.192282,-0.085771,0.106511,0.192282,0.507105,-163.6766,-23.8056,-10.1318,12.4158,23.8056,163.6766
THFR_poly,HYPERNETS,PACE,656,RHOW,19,19,3,3,3.1209,8.3628,0.245,4.4822,82.0026,-0.267401,-0.01258,0.001349,NA,FALSE,FALSE,0.00154,0.001133,36.2396,-0.540587,-0.233843,-0.119929,0.119929,0.233843,0.540587,-192.3931,-30.5215,-14.5911,14.5911,30.5215,192.3931
THFR_poly,HYPERNETS,PACE,657,RHOW,19,19,3,3,3.6419,9.842,0.2873,4.8975,83.4987,-0.26622,-0.013665,0.001148,NA,FALSE,FALSE,0.001528,0.001142,37.3363,-0.555188,-0.258905,-0.13431,0.13431,0.258905,0.555188,-201.409,-34.9355,-16.7302,16.7302,34.9355,201.409
THFR_poly,HYPERNETS,PACE,658,RHOW,19,19,3,3,2.6166,8.5845,0.2225,4.714,99.8664,-0.305786,-0.012619,0.001219,NA,FALSE,FALSE,0.001564,0.00122,40.9634,-0.603626,-0.333376,-0.155863,0.177513,0.333376,0.603626,-244.8732,-50.0097,-21.1737,23.7972,50.0097,244.8732
THFR_poly,HYPERNETS,PACE,659,RHOW,19,19,3,3,3.0198,10.0961,0.2409,4.7136,92.2162,-0.276787,-0.012404,0.00111,NA,FALSE,FALSE,0.001556,0.001207,41.6789,-0.619098,-0.34465,-0.16624,0.17841,0.34465,0.619098,-278.602,-52.5903,-22.7825,24.2768,52.5903,278.602
THFR_poly,HYPERNETS,PACE,660,RHOW,19,19,3,3,2.9128,10.8556,0.2342,4.6502,92.3531,-0.275345,-0.012182,0.001069,NA,FALSE,FALSE,0.001595,0.001237,42.9555,-0.642316,-0.36826,-0.182114,0.186146,0.36826,0.642316,-335.068,-58.2929,-25.5617,26.0679,58.2929,335.068
THFR_poly,HYPERNETS,PACE,661,RHOW,19,19,3,3,2.9443,13.4569,0.2414,4.9343,100.8653,-0.298301,-0.012975,9.83e-4,NA,FALSE,FALSE,0.001651,0.00128,44.6895,-0.66877,-0.386492,-0.191674,0.194818,0.386492,0.66877,-477.0388,-62.997,-27.47,27.8708,62.997,477.0388
THFR_poly,HYPERNETS,PACE,662,RHOW,19,19,3,3,3.1974,19.7602,0.2588,5.1975,104.3903,-0.306963,-0.013743,8.56e-4,NA,FALSE,FALSE,0.001699,0.001335,46.8386,-0.690504,-0.397364,-0.210756,0.210756,0.397364,0.690504,-907.2565,-65.9376,-30.4009,30.4009,65.9376,907.2565
THFR_poly,HYPERNETS,PACE,663,RHOW,19,19,3,3,2.8961,20.0678,0.2398,4.9578,102.4985,-0.301246,-0.013087,8.51e-4,NA,FALSE,FALSE,0.001734,0.001395,48.8023,-0.71025,-0.433379,-0.238473,0.238473,0.433379,0.71025,-1070.6727,-76.4847,-35.8396,35.8396,76.4847,1070.6727
THFR_poly,HYPERNETS,PACE,664,RHOW,19,19,3,3,2.2041,25.1987,0.2072,4.6437,104.0741,-0.305222,-0.012261,8.11e-4,NA,FALSE,FALSE,0.001848,0.001525,53.1117,-0.774157,-0.551274,-0.298156,0.298156,0.551274,0.774157,-2644.0678,-122.8533,-52.7623,52.7623,122.8533,2644.0678
THFR_poly,HYPERNETS,PACE,665,RHOW,19,19,2,2,-5.1443,-8.8515,NA,NA,NA,NA,NA,NA,NA,NA,NA,0.001552,0.001169,35.9933,-0.514716,-0.359933,-0.20515,0.20515,0.359933,0.514716,-132.3978,-78.4991,-37.1008,37.1008,78.4991,132.3978
THFR_poly,HYPERNETS,PACE,666,RHOW,19,19,2,2,-5.1324,-9.4842,NA,NA,NA,NA,NA,NA,NA,NA,NA,0.001673,0.001277,39.0365,-0.552387,-0.390365,-0.228343,0.228343,0.390365,0.552387,-160.4003,-93.6549,-44.0176,44.0176,93.6549,160.4003
THFR_poly,HYPERNETS,PACE,667,RHOW,19,19,2,2,-4.735,-8.718,NA,NA,NA,NA,NA,NA,NA,NA,NA,0.001692,0.001276,38.5851,-0.550736,-0.385851,-0.220965,0.220965,0.385851,0.550736,-160.5214,-93.0118,-42.9961,42.9961,93.0118,160.5214
THFR_poly,HYPERNETS,PACE,668,RHOW,19,19,2,2,-4.2135,-7.487,NA,NA,NA,NA,NA,NA,NA,NA,NA,0.001653,0.00124,37.1195,-0.531741,-0.371195,-0.210649,0.210649,0.371195,0.531741,-145.1724,-84.9647,-39.5424,39.5424,84.9647,145.1724
THFR_poly,HYPERNETS,PACE,669,RHOW,19,19,2,2,-4.6617,-8.6209,NA,NA,NA,NA,NA,NA,NA,NA,NA,0.001728,0.001303,38.726,-0.552886,-0.38726,-0.221635,0.221635,0.38726,0.552886,-162.5198,-93.9927,-43.3537,43.3537,93.9927,162.5198
THFR_poly,HYPERNETS,PACE,670,RHOW,19,19,2,2,-4.6569,-9.0389,NA,NA,NA,NA,NA,NA,NA,NA,NA,0.001832,0.001386,40.4671,-0.576048,-0.404671,-0.233295,0.233295,0.404671,0.576048,-185.1981,-105.4396,-47.9864,47.9864,105.4396,185.1981
THFR_poly,HYPERNETS,PACE,671,RHOW,19,19,2,2,-4.7114,-9.6834,NA,NA,NA,NA,NA,NA,NA,NA,NA,0.001928,0.001494,43.0162,-0.600733,-0.430162,-0.25959,0.25959,0.430162,0.600733,-209.5137,-119.087,-55.0792,55.0792,119.087,209.5137
THFR_poly,HYPERNETS,PACE,672,RHOW,19,19,2,2,-3.6218,-6.8669,NA,NA,NA,NA,NA,NA,NA,NA,NA,0.001854,0.001434,40.276,-0.562311,-0.40276,-0.24321,0.24321,0.40276,0.562311,-166.8635,-98.08,-47.0253,47.0253,98.08,166.8635
THFR_poly,HYPERNETS,PACE,673,RHOW,19,19,2,2,-3.9531,-8.0844,NA,NA,NA,NA,NA,NA,NA,NA,NA,0.001992,0.001556,43.1103,-0.597326,-0.431103,-0.264879,0.264879,0.431103,0.597326,-202.6715,-116.6128,-55.0233,55.0233,116.6128,202.6715
THFR_poly,HYPERNETS,PACE,674,RHOW,19,19,2,2,-3.6023,-7.1622,NA,NA,NA,NA,NA,NA,NA,NA,NA,0.001968,0.001559,42.6191,-0.583641,-0.426191,-0.268741,0.268741,0.426191,0.583641,-183.7587,-108.4713,-53.1594,53.1594,108.4713,183.7587
THFR_poly,HYPERNETS,PACE,675,RHOW,19,19,2,2,-3.2775,-6.3556,NA,NA,NA,NA,NA,NA,NA,NA,NA,0.001945,0.001561,42.1477,-0.570399,-0.421477,-0.272555,0.272555,0.421477,0.570399,-168.0222,-101.6284,-51.6816,51.6816,101.6284,168.0222
THFR_poly,HYPERNETS,PACE,676,RHOW,19,19,2,2,-3.7106,-7.5616,NA,NA,NA,NA,NA,NA,NA,NA,NA,0.002048,0.001627,43.5436,-0.594783,-0.435436,-0.276089,0.276089,0.435436,0.594783,-195.426,-114.5869,-55.8683,55.8683,114.5869,195.426
THFR_poly,HYPERNETS,PACE,677,RHOW,19,19,2,2,-3.1787,-6.2956,NA,NA,NA,NA,NA,NA,NA,NA,NA,0.00204,0.001623,42.6422,-0.580719,-0.426422,-0.272125,0.272125,0.426422,0.580719,-179.3808,-106.8299,-53.1193,53.1193,106.8299,179.3808
THFR_poly,HYPERNETS,PACE,678,RHOW,19,19,2,2,-3.4363,-7.0114,NA,NA,NA,NA,NA,NA,NA,NA,NA,0.002107,0.00166,43.311,-0.595129,-0.43311,-0.271091,0.271091,0.43311,0.595129,-197.5319,-114.985,-55.3397,55.3397,114.985,197.5319
THFR_poly,HYPERNETS,PACE,679,RHOW,19,19,3,3,0.7353,13.1909,0.1137,2.7934,68.5964,-0.228342,-0.008055,9.16e-4,NA,FALSE,FALSE,0.002382,0.002051,62.3749,-0.884263,-0.773004,-0.437862,0.437862,0.773004,0.884263,-3036.4876,-340.5367,-121.5782,121.5782,340.5367,3036.4876
THFR_poly,HYPERNETS,PACE,680,RHOW,19,19,3,3,0.4826,10.0333,0.1158,2.9058,72.9326,-0.243037,-0.008519,8.25e-4,NA,FALSE,FALSE,0.002498,0.002136,64.4944,-0.918174,-0.845292,-0.471889,0.471889,0.845292,0.918174,-2588.2504,-546.3801,-167.7673,167.7673,546.3801,2588.2504
THFR_poly,HYPERNETS,PACE,681,RHOW,19,19,3,3,0.2512,7.0317,0.1199,3.0424,77.1711,-0.25669,-0.009035,7.28e-4,NA,FALSE,FALSE,0.002609,0.002212,66.5673,-0.952019,-0.917506,-0.505244,0.505244,0.917506,0.952019,-2900.0546,-1112.2151,-265.5794,265.5794,1112.2151,2900.0546
THFR_poly,HYPERNETS,PACE,682,RHOW,19,19,3,3,0.2173,5.822,0.1194,3.0324,76.9816,-0.254724,-0.008939,7.42e-4,NA,FALSE,FALSE,0.002582,0.002184,66.0063,-0.946002,-0.912283,-0.500234,0.500234,0.912283,0.946002,-2271.0187,-1040.0248,-253.5931,253.5931,1040.0248,2271.0187
THFR_poly,HYPERNETS,PACE,683,RHOW,19,19,2,2,-4.2043,-9.8286,NA,NA,NA,NA,NA,NA,NA,NA,NA,0.002278,0.001756,46.3145,-0.648285,-0.463145,-0.278004,0.278004,0.463145,0.648285,-292.9853,-157.2528,-68.4007,68.4007,157.2528,292.9853
THFR_poly,HYPERNETS,PACE,684,RHOW,19,19,2,2,-4.2787,-9.2266,NA,NA,NA,NA,NA,NA,NA,NA,NA,0.002154,0.001654,44.0917,-0.619596,-0.440917,-0.262237,0.262237,0.440917,0.619596,-239.5507,-132.5777,-59.3058,59.3058,132.5777,239.5507
THFR_poly,HYPERNETS,PACE,685,RHOW,19,19,2,2,-4.6001,-9.9738,NA,NA,NA,NA,NA,NA,NA,NA,NA,0.002139,0.001649,44.377,-0.622118,-0.44377,-0.265421,0.265421,0.44377,0.622118,-242.673,-134.3012,-60.2024,60.2024,134.3012,242.673
THFR_poly,HYPERNETS,PACE,686,RHOW,19,19,2,2,-4.6069,-10.0932,NA,NA,NA,NA,NA,NA,NA,NA,NA,0.00215,0.001662,44.7584,-0.626082,-0.447584,-0.269086,0.269086,0.447584,0.626082,-248.4043,-137.2113,-61.5055,61.5055,137.2113,248.4043
THFR_poly,HYPERNETS,PACE,687,RHOW,19,19,2,2,-4.7362,-11.0068,NA,NA,NA,NA,NA,NA,NA,NA,NA,0.002238,0.001685,45.251,-0.646056,-0.45251,-0.258963,0.258963,0.45251,0.646056,-301.2807,-158.2812,-66.2407,66.2407,158.2812,301.2807
THFR_poly,HYPERNETS,PACE,688,RHOW,19,19,3,3,0.7497,10.0032,0.1337,3.3156,82.2101,-0.25917,-0.009307,7.7e-4,NA,FALSE,FALSE,0.002369,0.001973,63.4132,-0.928365,-0.868598,-0.457132,0.457132,0.868598,0.928365,-2432.3557,-661.0229,-182.3895,182.3895,661.0229,2432.3557
THFR_poly,HYPERNETS,PACE,689,RHOW,19,19,3,3,0.2558,2.3556,0.1446,3.6706,93.1959,-0.278493,-0.009897,6.82e-4,NA,FALSE,FALSE,0.00234,0.001894,63.439,-0.949331,-0.947039,-0.471265,0.475774,0.947039,0.949331,-1875.604,-1788.1785,-333.5555,335.5103,1788.1785,1875.604
THFR_poly,HYPERNETS,PACE,690,RHOW,19,19,3,3,0.2274,0.141,0.1468,3.7299,94.757,-0.276105,-0.009802,6.81e-4,NA,FALSE,FALSE,0.002292,0.001872,64.2386,-0.949249,-0.932211,-0.451776,0.480435,0.932211,0.949249,-1991.8146,-1375.1607,-278.69,289.5431,1375.1607,1991.8146
THFR_poly,HYPERNETS,PACE,691,RHOW,19,19,3,3,-0.0474,-4.2532,-107.1133,-4.2088,-0.1654,0.001566,0.012838,0.299725,NA,TRUE,TRUE,0.002206,0.001853,66.2764,-0.948804,-0.911432,-0.410375,0.501057,0.911432,0.948804,-2757.9553,-1029.075,-221.7453,250.922,1029.075,2757.9553
THFR_poly,HYPERNETS,PACE,692,RHOW,19,19,2,2,6.5479,15.7352,NA,NA,NA,NA,NA,NA,NA,NA,NA,0.001496,0.001198,51.1431,-0.656694,-0.400979,-0.145263,0.310942,0.511431,0.71192,-505.0385,-220.6432,-69.9265,98.8433,256.059,537.5776
THFR_poly,HYPERNETS,PACE,693,RHOW,19,19,2,2,6.8182,16.0439,NA,NA,NA,NA,NA,NA,NA,NA,NA,0.001455,0.001181,51.7028,-0.650108,-0.391594,-0.13308,0.321231,0.517028,0.712825,-484.1687,-211.8306,-66.4559,98.7374,250.945,519.7241
THFR_poly,HYPERNETS,PACE,694,RHOW,19,19,2,2,7.1838,17.1439,NA,NA,NA,NA,NA,NA,NA,NA,NA,0.00143,0.001186,53.4379,-0.650089,-0.382899,-0.11571,0.342929,0.534379,0.725828,-525.8491,-224.0119,-67.7461,107.2701,273.0931,571.58
THFR_poly,HYPERNETS,PACE,695,RHOW,19,19,2,2,6.9569,16.7311,NA,NA,NA,NA,NA,NA,NA,NA,NA,0.001401,0.001169,53.9696,-0.651166,-0.381318,-0.11147,0.349037,0.539696,0.730355,-546.9573,-230.5981,-68.9371,110.6203,282.9574,596.3069
THFR_poly,HYPERNETS,PACE,696,RHOW,19,19,2,2,7.2696,17.6121,NA,NA,NA,NA,NA,NA,NA,NA,NA,0.001382,0.001166,54.9905,-0.650396,-0.375443,-0.100491,0.362183,0.549905,0.737626,-572.6025,-237.7221,-69.5744,115.8333,296.6415,628.9166
THFR_poly,HYPERNETS,PACE,697,RHOW,19,19,2,2,7.7061,20.1972,NA,NA,NA,NA,NA,NA,NA,NA,NA,0.001364,0.001155,56.4479,-0.662506,-0.380266,-0.098027,0.374346,0.564479,0.754612,-741.1359,-290.9317,-81.6919,134.1425,362.9463,815.337
THFR_poly,HYPERNETS,PACE,698,RHOW,19,19,2,2,7.2621,18.8002,NA,NA,NA,NA,NA,NA,NA,NA,NA,0.001345,0.001157,57.412,-0.658146,-0.371086,-0.084026,0.388577,0.57412,0.759663,-743.1021,-289.488,-79.9319,137.4242,368.5674,824.7389
THFR_poly,HYPERNETS,PACE,699,RHOW,19,19,2,2,8.2716,20.3301,NA,NA,NA,NA,NA,NA,NA,NA,NA,0.001323,0.00117,59.3324,-0.642292,-0.345631,-0.048969,0.420509,0.593324,0.766139,-670.4282,-262.3421,-70.4141,137.502,352.0919,760.5699
THFR_poly,HYPERNETS,PACE,700,RHOW,19,19,3,3,0.2594,-8.961,0.2171,5.5207,140.3569,-0.29966,-0.010851,5.09e-4,NA,FALSE,FALSE,0.001737,0.001572,73.389,-0.961243,-0.925093,-0.322955,0.602138,0.925093,0.961243,-7056.6477,-1234.9876,-223.0519,313.2425,1234.9876,7056.6477
THFR_poly,HYPERNETS,PACE,701,RHOW,19,19,3,3,0.9417,3.1207,0.2285,5.7363,144.0232,-0.299026,-0.010905,5.7e-4,NA,FALSE,FALSE,0.001592,0.001469,70.9622,-0.912205,-0.911106,-0.303325,0.607781,0.911106,0.912205,-1039.1078,-1024.9407,-193.6636,283.0713,1024.9407,1039.1078
THFR_poly,HYPERNETS,PACE,702,RHOW,19,19,2,2,8.7861,16.8925,NA,NA,NA,NA,NA,NA,NA,NA,NA,0.001221,0.001158,63.376,-0.571071,-0.254191,0.062689,0.506664,0.63376,0.760856,-376.4414,-154.3462,-35.7816,120.0168,250.888,459.6044
THFR_poly,HYPERNETS,PACE,703,RHOW,19,19,2,2,9.2618,18.4999,NA,NA,NA,NA,NA,NA,NA,NA,NA,0.001222,0.001169,65.9278,-0.577093,-0.247454,0.082185,0.535551,0.659278,0.783005,-443.5718,-175.5779,-39.7115,134.3703,289.0674,545.873
THFR_poly,HYPERNETS,PACE,704,RHOW,19,19,2,2,8.8647,16.2507,NA,NA,NA,NA,NA,NA,NA,NA,NA,0.001191,0.001155,66.5055,-0.550504,-0.217977,0.114551,0.556066,0.665055,0.774043,-355.8536,-143.0634,-29.6026,125.6066,251.7317,448.367
THFR_poly,HYPERNETS,PACE,705,RHOW,19,19,2,2,9.5605,17.0036,NA,NA,NA,NA,NA,NA,NA,NA,NA,0.001193,0.00117,69.2936,-0.534922,-0.188454,0.158015,0.59871,0.692936,0.787163,-346.7478,-136.726,-25.4381,131.4783,256.1502,447.9691
THFR_poly,HYPERNETS,PACE,706,RHOW,19,19,2,2,8.7086,15.0641,NA,NA,NA,NA,NA,NA,NA,NA,NA,0.001174,0.001161,70.8831,-0.523902,-0.169487,0.184929,0.624088,0.708831,0.793574,-335.7586,-131.0568,-22.5156,133.9888,255.6759,440.6471
THFR_poly,HYPERNETS,PACE,707,RHOW,19,19,2,2,9.4556,16.3454,NA,NA,NA,NA,NA,NA,NA,NA,NA,0.001194,0.001187,74.267,-0.516559,-0.145223,0.226112,0.670059,0.74267,0.815282,-359.1151,-136.3046,-21.625,145.5628,277.4841,480.2763
THFR_poly,HYPERNETS,PACE,708,RHOW,19,19,2,2,10.2853,17.6347,NA,NA,NA,NA,NA,NA,NA,NA,NA,0.001195,0.001191,76.65,-0.50817,-0.12492,0.258329,0.70404,0.7665,0.82896,-367.0598,-136.8614,-20.1203,152.644,288.8268,498.4163
THFR_poly,HYPERNETS,PACE,709,RHOW,19,19,2,2,9.5471,16.6602,NA,NA,NA,NA,NA,NA,NA,NA,NA,0.001181,0.001178,77.8009,-0.512164,-0.12316,0.265845,0.716429,0.778009,0.839589,-400.1954,-147.2712,-22.2384,160.2228,309.1967,543.4561
THFR_poly,HYPERNETS,PACE,710,RHOW,19,19,2,2,10.2449,18.1623,NA,NA,NA,NA,NA,NA,NA,NA,NA,0.001192,0.001191,80.6341,-0.50936,-0.106189,0.296981,0.753246,0.806341,0.859435,-444.482,-159.3143,-23.5007,173.7795,340.8736,609.9494
THFR_poly,HYPERNETS,PACE,711,RHOW,19,19,2,2,10.1508,18.1538,NA,NA,NA,NA,NA,NA,NA,NA,NA,0.001192,0.001192,83.8905,-0.503456,-0.084003,0.335449,0.796903,0.838905,0.880907,-493.8554,-171.8752,-24.4682,189.3594,377.1142,686.6963
THFR_poly,HYPERNETS,PACE,712,RHOW,19,19,2,2,9.6001,17.8167,NA,NA,NA,NA,NA,NA,NA,NA,NA,0.001172,0.001172,85.8311,-0.507599,-0.078444,0.350712,0.819089,0.858311,0.897533,-586.4885,-198.0527,-29.4055,207.2798,430.4941,815.8558
THFR_poly,HYPERNETS,PACE,713,RHOW,19,19,2,2,9.8678,17.1638,NA,NA,NA,NA,NA,NA,NA,NA,NA,0.001187,0.001184,89.6138,-0.48082,-0.032751,0.415318,0.879763,0.896138,0.912514,-521.5461,-174.7142,-21.4197,208.8472,411.899,748.4474
THFR_poly,HYPERNETS,PACE,714,RHOW,19,19,2,2,10.8433,23.7293,NA,NA,NA,NA,NA,NA,NA,NA,NA,0.001196,0.001194,94.2545,-0.50412,-0.032847,0.438425,0.926121,0.942545,0.958969,-1269.1639,-361.2985,-55.4207,310.1622,780.9408,1792.0725
THFR_poly,HYPERNETS,PACE,715,RHOW,19,19,3,3,3.0324,10.0839,0.345,8.154,192.6956,-0.243579,-0.009422,4.87e-4,NA,FALSE,FALSE,0.001191,0.001186,93.8045,-0.934975,-0.898428,0.022878,0.921306,0.944184,0.957853,-1759.3587,-884.5246,-125.0322,337.5039,884.5246,1759.3587
THFR_poly,HYPERNETS,PACE,716,RHOW,19,19,3,3,4.5617,14.0204,0.4051,8.8346,192.669,-0.232438,-0.009722,4.9e-4,NA,FALSE,FALSE,0.001079,0.001071,89.0562,-0.845064,-0.721526,0.130016,0.845064,0.968602,0.97508,-969.4447,-259.1,-34.6184,166.7541,259.1,969.4447
THFR_poly,HYPERNETS,PACE,717,RHOW,19,19,3,3,3.5118,12.9165,0.3545,8.1442,187.0879,-0.218616,-0.008524,6.22e-4,NA,FALSE,FALSE,0.001011,9.85e-4,85.3671,-0.756824,-0.548223,0.24957,0.756824,0.965425,1.006394,-700.1288,-121.3482,-3.9778,112.8803,121.3482,700.1288
THFR_poly,HYPERNETS,PACE,718,RHOW,19,19,3,3,2.4645,6.8819,0.3068,7.3592,176.5239,-0.201109,-0.007483,5.89e-4,NA,FALSE,FALSE,0.00101,0.001,87.9687,-0.818526,-0.729137,0.136435,0.818526,0.907916,0.954961,-533.1884,-269.1902,-35.7977,171.8678,269.1902,533.1884
