file_name,site_name,sensor_X,sensor_Y,lon_X,lat_X,lon_Y,lat_Y,dist,dist_limit,dateTime_X,dateTime_Y,diff_time,diff_time_limit,n,Slope,Slope_log,Slope_II_low,Slope_II,Slope_II_high,Slope_II_int_low,Slope_II_int,Slope_II_int_high,Slope_II_p,Slope_II_slope_bias_sig,Slope_II_int_bias_sig,RMSE,MSA,MAPE,MRD_25,MRD_50,MRD_75,MARD_25,MARD_50,MARD_75,Bias_25,Bias_50,Bias_75,Error_25,Error_50,Error_75
S3A_20240531T101658_vs_HYPERNETS_20240531T100000_RHOW_C.csv,MAFR,Hyp,S3A,-1.040456,45.547661999999995,-1.048084,45.55543,1.05,5,2024-05-31T08:00:00Z,2024-05-31T08:16:58Z,17,15,16,0.8053,0.7099,0.7556,0.8117,0.872,-0.001409,4e-6,0.00132,NA,TRUE,FALSE,0.006116,0.005075,57.0021,-0.222277,-0.187688,-0.062687,0.11943,0.200375,0.246504,-28.586,-23.1127,-6.7185,13.6084,25.0601,32.7647
S3A_20240531T101658_vs_HYPERNETS_20240531T104500_RHOW_C.csv,MAFR,Hyp,S3A,-1.040456,45.547661999999995,-1.048084,45.55543,1.05,5,2024-05-31T08:45:00Z,2024-05-31T08:16:58Z,28,15,16,0.9611,0.6639,0.8862,0.9747,1.072,-0.001225,6.16e-4,0.002289,NA,FALSE,FALSE,0.002682,0.002335,85.8369,-0.06567,0.068677,0.337811,0.068761,0.189885,0.366064,-7.0638,6.8677,33.7414,6.8761,20.6081,46.1558
S3A_20240603T103925_vs_HYPERNETS_20240603T101500_RHOW_C.csv,MAFR,Hyp,S3A,-1.040456,45.547661999999995,-1.045159,45.554849999999995,0.88,5,2024-06-03T08:15:00Z,2024-06-03T08:39:25Z,24,15,16,0.7568,1.1128,0.7019,0.7657,0.8354,-0.010048,-0.00638,-0.003017,NA,TRUE,TRUE,0.020888,0.018718,41.3018,-0.451213,-0.381383,-0.327757,0.327757,0.381383,0.451213,-82.223,-61.6771,-48.7558,48.7558,61.6771,82.223
S3A_20240611T103156_vs_HYPERNETS_20240611T101500_RHOW_C.csv,MAFR,Hyp,S3A,-1.040456,45.547661999999995,-1.046251,45.555009,0.93,5,2024-06-11T08:15:00Z,2024-06-11T08:31:56Z,17,15,16,0.8655,0.8179,0.8238,0.8693,0.9174,-9.8e-4,0.00152,0.003888,NA,TRUE,FALSE,0.0076,0.005893,17.5416,-0.145719,-0.083588,0.012641,0.044607,0.094158,0.158611,-17.0593,-9.1217,1.2627,4.4605,10.3986,18.8562
S3A_20240611T103156_vs_HYPERNETS_20240611T110000_RHOW_C.csv,MAFR,Hyp,S3A,-1.040456,45.547661999999995,-1.046251,45.555009,0.93,5,2024-06-11T09:00:00Z,2024-06-11T08:31:56Z,28,15,16,0.8997,0.8637,0.8755,0.9009,0.927,-0.00167,-3.06e-4,0.001019,NA,TRUE,FALSE,0.006605,0.005882,17.9112,-0.130453,-0.111771,-0.095969,0.097206,0.113623,0.138845,-15.0025,-12.5835,-10.6159,10.7673,12.8189,16.1326
S3A_20240612T100545_vs_HYPERNETS_20240612T094500_RHOW_R.csv,MAFR,Hyp,S3A,-1.040456,45.547661999999995,-1.0425,45.553169,0.63,5,2024-06-12T07:45:00Z,2024-06-12T08:05:45Z,21,15,15,0.8503,0.7029,0.7476,0.8882,1.0553,-0.006159,-0.001213,0.00295,NA,FALSE,FALSE,0.008361,0.005927,46.2827,-0.139486,-0.057387,0.305707,0.072477,0.221976,0.412084,-16.356,-6.088,30.302,7.6013,22.3446,41.1956
S3A_20240612T100545_vs_HYPERNETS_20240612T103000_RHOW_R.csv,MAFR,Hyp,S3A,-1.040456,45.547661999999995,-1.0425,45.553169,0.63,5,2024-06-12T08:30:00Z,2024-06-12T08:05:45Z,24,15,15,0.7686,0.7828,0.6792,0.7986,0.939,-0.009555,-0.004378,2.5e-5,NA,TRUE,FALSE,0.014456,0.012198,46.8987,-0.319359,-0.296281,-0.257158,0.260665,0.302109,0.340599,-46.9226,-42.1022,-34.6184,35.2574,43.2888,51.7057
S3A_20240619T102426_vs_HYPERNETS_20240619T104500_RHOW_C.csv,MAFR,Hyp,S3A,-1.040456,45.547661999999995,-1.0452899999999998,45.55383,0.78,5,2024-06-19T08:45:00Z,2024-06-19T08:24:26Z,21,15,16,0.9571,0.6968,0.8838,0.9701,1.0647,-0.001458,8.28e-4,0.00291,NA,FALSE,FALSE,0.00323,0.002946,60.1336,-0.073518,0.087329,0.462308,0.088813,0.176196,0.462308,-7.9523,8.7325,46.1772,8.881,19.0981,53.4753
S3A_20240623T102042_vs_HYPERNETS_20240623T100000_RHOW_C.csv,MAFR,Hyp,S3A,-1.040456,45.547661999999995,-1.0458759999999998,45.552813,0.71,5,2024-06-23T08:00:00Z,2024-06-23T08:20:42Z,21,15,16,0.3182,0.0521,0.2826,0.3934,0.5478,0.154481,0.165205,0.172906,NA,TRUE,TRUE,0.126602,0.123065,765.9085,0.805605,2.143023,4.507298,0.805605,2.143023,4.507298,80.5258,210.4276,449.7827,80.5258,210.4276,449.7827
S3A_20240623T102042_vs_HYPERNETS_20240623T104600_RHOW_C.csv,MAFR,Hyp,S3A,-1.040456,45.547661999999995,-1.0458759999999998,45.552813,0.71,5,2024-06-23T08:46:00Z,2024-06-23T08:20:42Z,25,15,15,0.385,0.1124,0.3332,0.4598,0.6346,0.150886,0.162652,0.171178,NA,TRUE,TRUE,0.128436,0.126283,293.3663,0.990562,2.127674,4.409548,0.990562,2.127674,4.409548,98.8942,212.7674,429.8436,98.8942,212.7674,429.8436
S3A_20240624T095431_vs_HYPERNETS_20240624T093000_RHOW_C.csv,MAFR,Hyp,S3A,-1.040456,45.547661999999995,-1.050311,45.553881999999994,1.03,5,2024-06-24T07:30:00Z,2024-06-24T07:54:31Z,25,15,16,0.895,0.487,0.7986,0.9273,1.0769,0.007086,0.015702,0.023123,NA,FALSE,TRUE,0.014916,0.011763,82.3311,0.036613,0.109969,0.793268,0.046239,0.109969,0.793268,3.6613,10.9969,79.1835,4.6225,10.9969,79.1835
S3A_20240624T095431_vs_HYPERNETS_20240624T101500_RHOW_C.csv,MAFR,Hyp,S3A,-1.040456,45.547661999999995,-1.050311,45.553881999999994,1.03,5,2024-06-24T08:15:00Z,2024-06-24T07:54:31Z,20,15,16,0.817,0.4838,0.7204,0.8587,1.0236,0.006311,0.01643,0.024919,NA,FALSE,TRUE,0.014668,0.011327,75.0895,-0.057077,0.047907,0.875583,0.052579,0.088246,0.875583,-6.0554,4.7906,87.4088,5.4414,9.7049,87.4088
S3A_20240626T104308_vs_HYPERNETS_20240626T101500_RHOW_C.csv,MAFR,Hyp,S3A,-1.040456,45.547661999999995,-1.0433839999999999,45.554010999999996,0.74,5,2024-06-26T08:15:00Z,2024-06-26T08:43:08Z,28,15,16,0.8338,0.9434,0.8074,0.8352,0.864,-0.003451,-0.001873,-3.48e-4,NA,TRUE,TRUE,0.012514,0.011051,22.9295,-0.245927,-0.201885,-0.18442,0.189343,0.214119,0.247893,-32.6132,-25.2981,-22.6131,23.357,27.2506,32.9598
S3A_20240626T104308_vs_HYPERNETS_20240626T110000_RHOW_C.csv,MAFR,Hyp,S3A,-1.040456,45.547661999999995,-1.0433839999999999,45.554010999999996,0.74,5,2024-06-26T09:00:00Z,2024-06-26T08:43:08Z,17,15,16,0.8775,0.9113,0.8325,0.882,0.9345,-0.00424,-0.001536,0.001016,NA,TRUE,FALSE,0.009154,0.007814,18.0214,-0.170633,-0.119214,-0.107554,0.11282,0.119348,0.208877,-20.5943,-13.535,-12.0556,12.7168,13.5523,26.4472
S3A_20240630T103924_vs_HYPERNETS_20240630T110000_RHOW_R.csv,MAFR,Hyp,S3A,-1.040456,45.547661999999995,-1.0459109999999998,45.55297,0.73,5,2024-06-30T09:00:00Z,2024-06-30T08:39:24Z,21,15,14,0.5331,0.6372,0.4534,0.5819,0.7468,-0.006863,-0.00248,9.35e-4,NA,TRUE,FALSE,0.017573,0.014183,76.3775,-0.588025,-0.519092,-0.275652,0.369398,0.546283,0.63972,-142.8255,-108.1283,-38.3089,58.8175,120.426,178.2503
S3A_20240701T101313_vs_HYPERNETS_20240701T094500_RHOW_R.csv,MAFR,Hyp,S3A,-1.040456,45.547661999999995,-1.043957,45.553233,0.68,5,2024-07-01T07:45:00Z,2024-07-01T08:13:13Z,28,15,16,0.3011,0.0275,0.274,0.3928,0.5632,0.122523,0.128064,0.131929,NA,TRUE,TRUE,0.109842,0.108317,1891.2348,1.997994,3.474358,17.497144,1.997994,3.474358,17.497144,199.369,344.9707,1748.7875,199.369,344.9707,1748.7875
S3A_20240701T101313_vs_HYPERNETS_20240701T103000_RHOW_R.csv,MAFR,Hyp,S3A,-1.040456,45.547661999999995,-1.043957,45.553233,0.68,5,2024-07-01T08:30:00Z,2024-07-01T08:13:13Z,17,15,16,0.3119,0.0282,0.2769,0.3856,0.537,0.123482,0.128374,0.131887,NA,TRUE,TRUE,0.110018,0.108516,2002.8069,2.179095,3.646993,18.810541,2.179095,3.646993,18.810541,216.227,356.9717,1880.208,216.227,356.9717,1880.208
S3A_20240704T103539_vs_HYPERNETS_20240704T101500_RHOW_C.csv,MAFR,Hyp,S3A,-1.040456,45.547661999999995,-1.0454909999999997,45.554581999999996,0.86,5,2024-07-04T08:15:00Z,2024-07-04T08:35:39Z,21,15,16,0.5374,0.1521,0.4769,0.5602,0.6581,0.073657,0.078787,0.083154,NA,TRUE,TRUE,0.058156,0.055734,368.7024,0.499675,0.964614,3.708864,0.499675,0.964614,3.708864,49.9664,95.9501,370.1603,49.9664,95.9501,370.1603
S3A_20240705T100928_vs_HYPERNETS_20240705T094500_RHOW_C.csv,MAFR,Hyp,S3A,-1.040456,45.547661999999995,-1.0487039999999999,45.553540999999996,0.92,5,2024-07-05T07:45:00Z,2024-07-05T08:09:28Z,24,15,16,0.9442,0.8341,0.8565,0.9657,1.0888,-0.011974,-0.004664,0.001819,NA,FALSE,FALSE,0.010098,0.008915,29.6507,-0.321059,-0.14376,-0.04164,0.081998,0.180194,0.331787,-47.2924,-16.7897,-4.4339,8.9385,22.0974,49.6546
S3A_20240708T103153_vs_HYPERNETS_20240708T101500_RHOW_C.csv,MAFR,Hyp,S3A,-1.040456,45.547661999999995,-1.041197,45.554449999999996,0.76,5,2024-07-08T08:15:00Z,2024-07-08T08:31:53Z,17,15,16,0.8857,0.8719,0.8359,0.8913,0.9504,-0.007074,-0.003307,2.27e-4,NA,TRUE,FALSE,0.011782,0.0107,23.5697,-0.164848,-0.139479,-0.126773,0.130128,0.141227,0.204413,-19.7512,-16.2086,-14.5191,14.9594,16.4453,25.8012
S3A_20240708T103153_vs_HYPERNETS_20240708T110100_RHOW_C.csv,MAFR,Hyp,S3A,-1.040456,45.547661999999995,-1.041197,45.554449999999996,0.76,5,2024-07-08T09:01:00Z,2024-07-08T08:31:53Z,29,15,16,0.8955,0.852,0.8438,0.9016,0.9633,-0.008188,-0.004232,-5.3e-4,NA,TRUE,TRUE,0.011934,0.011077,27.5576,-0.242931,-0.169551,-0.128006,0.145737,0.194502,0.254996,-32.0895,-20.4222,-14.6803,17.0668,24.1749,34.2438
S3A_20240712T102808_vs_HYPERNETS_20240712T100000_RHOW_R.csv,MAFR,Hyp,S3A,-1.040456,45.547661999999995,-1.045637,45.553955,0.81,5,2024-07-12T08:00:00Z,2024-07-12T08:28:08Z,28,15,16,0.972,0.7195,0.8979,0.985,1.0806,-0.001078,7.54e-4,0.002424,NA,FALSE,FALSE,0.002658,0.00241,61.8877,-0.050833,0.123267,0.242061,0.109045,0.172386,0.308764,-5.3726,12.3259,24.1204,11.6424,17.1843,35.0658
S3A_20240712T102808_vs_HYPERNETS_20240712T104600_RHOW_R.csv,MAFR,Hyp,S3A,-1.040456,45.547661999999995,-1.045637,45.553955,0.81,5,2024-07-12T08:46:00Z,2024-07-12T08:28:08Z,18,15,16,0.9062,0.7662,0.853,0.9126,0.9764,-0.001917,-5.09e-4,8.07e-4,NA,TRUE,FALSE,0.003485,0.002964,41.4336,-0.137691,-0.104665,-0.044836,0.086953,0.114633,0.151451,-15.9685,-11.6917,-4.6953,9.3435,12.9493,17.8649
S3A_20240719T104651_vs_HYPERNETS_20240719T103100_RHOW_R.csv,MAFR,Hyp,S3A,-1.040456,45.547661999999995,-1.044712,45.5525,0.63,5,2024-07-19T08:31:00Z,2024-07-19T08:46:51Z,16,15,15,0.6087,0.7919,0.5307,0.643,0.7791,-0.006719,-0.003545,-9.26e-4,NA,TRUE,TRUE,0.01445,0.011916,52.8933,-0.564508,-0.50449600000000006,-0.375773,0.435884,0.536845,0.579563,-129.6603,-101.8147,-60.8126,69.76,101.8147,129.6603
S3A_20240719T104651_vs_HYPERNETS_20240719T111500_RHOW_R.csv,MAFR,Hyp,S3A,-1.040456,45.547661999999995,-1.044712,45.5525,0.63,5,2024-07-19T09:15:00Z,2024-07-19T08:46:51Z,28,15,15,0.7196,0.7892,0.6274,0.7601,0.921,-0.006104,-0.003038,-5.08e-4,NA,TRUE,TRUE,0.009607,0.007664,43.024,-0.436533,-0.38755,-0.236621,0.29024,0.400421,0.448553,-77.4783,-63.2787,-31.1297,40.9444,66.7837,80.204
S3A_20240720T102040_vs_HYPERNETS_20240720T100000_RHOW_C.csv,MAFR,Hyp,S3A,-1.040456,45.547661999999995,-1.045378,45.553174,0.72,5,2024-07-20T08:00:00Z,2024-07-20T08:20:40Z,21,15,16,0.8119,0.758,0.7826,0.8137,0.8461,9.53e-4,0.002092,0.003187,NA,TRUE,TRUE,0.0068,0.005215,29.5335,-0.166695,-0.113521,0.03348,0.07591,0.136319,0.171787,-20.0044,-12.8365,3.3455,7.577,15.7839,20.7424
S3A_20240720T102040_vs_HYPERNETS_20240720T104600_RHOW_C.csv,MAFR,Hyp,S3A,-1.040456,45.547661999999995,-1.045378,45.553174,0.72,5,2024-07-20T08:46:00Z,2024-07-20T08:20:40Z,25,15,16,0.9155,0.7691,0.8853,0.9173,0.9505,0.001068,0.002104,0.003104,NA,TRUE,TRUE,0.00241,0.002035,28.1679,-0.041858,-0.005589,0.237762,0.039497,0.065244,0.237762,-4.3687,-0.5777,23.7748,4.0968,6.6975,23.7748
S3A_20240724T101654_vs_HYPERNETS_20240724T100000_RHOW_R.csv,MAFR,Hyp,S3A,-1.040456,45.547661999999995,-1.0473339999999998,45.553143,0.81,5,2024-07-24T08:00:00Z,2024-07-24T08:16:54Z,17,15,16,0.8671,0.736,0.7894,0.8849,0.9919,-0.010363,-0.003615,0.002405,NA,TRUE,FALSE,0.013707,0.011765,36.0144,-0.23497,-0.1355,-0.049641,0.079062,0.137514,0.290602,-30.7438,-15.6738,-5.2236,8.6019,15.9441,41.3003
S3A_20240724T101654_vs_HYPERNETS_20240724T104600_RHOW_R.csv,MAFR,Hyp,S3A,-1.040456,45.547661999999995,-1.0473339999999998,45.553143,0.81,5,2024-07-24T08:46:00Z,2024-07-24T08:16:54Z,29,15,16,0.8819,0.6556,0.8211,0.8911,0.9669,-0.009689,-0.004834,-3.61e-4,NA,TRUE,TRUE,0.013479,0.012825,56.277,-0.222425,-0.17382,-0.158909,0.162014,0.191118,0.249649,-28.6055,-21.0465,-18.8937,19.3338,23.6336,33.4759
S3A_20240725T095043_vs_HYPERNETS_20240725T093100_RHOW_C.csv,MAFR,Hyp,S3A,-1.040456,45.547661999999995,-1.049915,45.55487899999999,1.09,5,2024-07-25T07:31:00Z,2024-07-25T07:50:43Z,20,15,14,0.9211,0.7636,0.8204,0.9458,1.0904,-0.01003,-0.002174,0.004641,NA,FALSE,FALSE,0.009001,0.005957,24.7287,-0.083277,-0.041807,-0.023321,0.030645,0.054891,0.153147,-9.0858,-4.3632,-2.3881,3.1629,5.8175,18.2035
S3A_20240725T095043_vs_HYPERNETS_20240725T101500_RHOW_C.csv,MAFR,Hyp,S3A,-1.040456,45.547661999999995,-1.049915,45.55487899999999,1.09,5,2024-07-25T08:15:00Z,2024-07-25T07:50:43Z,24,15,14,0.7925,0.8395,0.7147,0.8081,0.9138,-0.011072,-0.0041,0.002066,NA,TRUE,FALSE,0.019462,0.017285,32.1872,-0.284209,-0.229699,-0.213972,0.216895,0.249559,0.312196,-39.7057,-29.8203,-27.222,27.6985,33.2895,45.4278
S3A_20240728T101310_vs_HYPERNETS_20240728T094500_RHOW_C.csv,MAFR,Hyp,S3A,-1.040456,45.547661999999995,-1.04738,45.554908,0.97,5,2024-07-28T07:45:00Z,2024-07-28T08:13:10Z,28,15,16,0.7568,0.6612,0.7102,0.7627,0.8191,-0.001373,1.19e-4,0.001508,NA,TRUE,FALSE,0.008431,0.007024,65.4018,-0.265355,-0.231743,0.26634,0.240956,0.265657,0.348967,-36.1202,-30.1648,26.5763,30.1679,34.9232,37.0035
S3A_20240728T101310_vs_HYPERNETS_20240728T103000_RHOW_C.csv,MAFR,Hyp,S3A,-1.040456,45.547661999999995,-1.04738,45.554908,0.97,5,2024-07-28T08:30:00Z,2024-07-28T08:13:10Z,17,15,16,0.7915,0.6858,0.7285,0.8032,0.8856,-0.003573,-0.001352,6.61e-4,NA,TRUE,FALSE,0.008461,0.007042,58.0037,-0.283492,-0.229371,-0.061139,0.136763,0.250114,0.288897,-39.566,-29.7888,-6.5295,15.9516,33.3575,40.6298
S3A_20240731T103536_vs_HYPERNETS_20240731T101600_RHOW_R.csv,MAFR,Hyp,S3A,-1.040456,45.547661999999995,-1.045245,45.554728,0.87,5,2024-07-31T08:16:00Z,2024-07-31T08:35:36Z,20,15,15,0.6265,0.9302,0.5589,0.6456,0.7457,-0.005344,-0.00304,-0.001045,NA,TRUE,TRUE,0.013565,0.011196,49.3655,-0.58012,-0.474078,-0.38707,0.38707,0.474078,0.58012,-138.2041,-90.1422,-63.1752,63.1752,90.1422,138.2041
S3A_20240801T100925_vs_HYPERNETS_20240801T103000_RHOW_C.csv,MAFR,Hyp,S3A,-1.040456,45.547661999999995,-1.045553,45.55343,0.76,5,2024-08-01T08:30:00Z,2024-08-01T08:09:25Z,21,15,16,0.7788,0.7363,0.7107,0.7937,0.8864,-0.004975,-0.002258,1.74e-4,NA,TRUE,FALSE,0.010273,0.008556,48.018,-0.306561,-0.251956,-0.139231,0.165487,0.267736,0.333829,-44.2096,-33.6822,-16.1855,19.8413,36.5889,50.3961
S3A_20240805T100540_vs_HYPERNETS_20240805T094600_RHOW_R.csv,MAFR,Hyp,S3A,-1.040456,45.547661999999995,-1.0476349999999999,45.555265,1.01,5,2024-08-05T07:46:00Z,2024-08-05T08:05:40Z,20,15,15,0.911,0.788,0.7828,1.0016,1.2817,-0.021339,-0.003973,0.009599,NA,FALSE,FALSE,0.016422,0.013468,35.8271,-0.207646,0.041934,0.450518,0.105234,0.350282,0.487087,-26.4883,4.1934,45.0516,11.7587,44.779,51.3403
S3A_20240805T100540_vs_HYPERNETS_20240805T103000_RHOW_R.csv,MAFR,Hyp,S3A,-1.040456,45.547661999999995,-1.0476349999999999,45.555265,1.01,5,2024-08-05T08:30:00Z,2024-08-05T08:05:40Z,24,15,15,1.0258,0.6295,0.938,1.042,1.1576,-0.014685,-0.007414,-8.69e-4,NA,FALSE,TRUE,0.008199,0.005758,68.941,-0.097152,-0.073379,-0.022983,0.023955,0.077789,0.140683,-10.7669,-7.919,-2.3524,2.4543,8.435,16.4622
S3A_20240807T105417_vs_HYPERNETS_20240807T103000_RHOW_C.csv,MAFR,Hyp,S3A,-1.040456,45.547661999999995,-1.044697,45.55484899999999,0.87,5,2024-08-07T08:30:00Z,2024-08-07T08:54:17Z,24,15,13,0.8237,0.9022,0.7286,0.8454,0.9809,-0.019062,-0.009929,-0.002058,NA,TRUE,TRUE,0.022564,0.020536,36.3588,-0.460262,-0.265747,-0.221217,0.225689,0.441556,0.460512,-85.2751,-36.1928,-28.4056,29.147,46.0512,85.2751
S3A_20240807T105417_vs_HYPERNETS_20240807T111600_RHOW_C.csv,MAFR,Hyp,S3A,-1.040456,45.547661999999995,-1.044697,45.55484899999999,0.87,5,2024-08-07T09:16:00Z,2024-08-07T08:54:17Z,22,15,13,0.8135,0.9218,0.6904,0.8673,1.0897,-0.018888,-0.005433,0.005276,NA,FALSE,FALSE,0.018691,0.013513,21.9794,-0.232982,-0.193851,-0.116407,0.116407,0.193851,0.232982,-30.375,-24.0465,-13.1743,13.1743,24.0465,30.375
S3A_20240808T102806_vs_HYPERNETS_20240808T100100_RHOW_C.csv,MAFR,Hyp,S3A,-1.040456,45.547661999999995,-1.047232,45.55498299999999,0.97,5,2024-08-08T08:01:00Z,2024-08-08T08:28:06Z,27,15,16,0.8489,0.7635,0.759,0.8779,1.0154,-0.005833,0.001887,0.008562,NA,FALSE,FALSE,0.010988,0.009353,29.6196,-0.211266,-0.034212,0.364243,0.089341,0.258334,0.405979,-26.7927,-3.543,36.4045,9.4193,32.0924,41.9155
S3A_20240808T102806_vs_HYPERNETS_20240808T104500_RHOW_C.csv,MAFR,Hyp,S3A,-1.040456,45.547661999999995,-1.047232,45.55498299999999,0.97,5,2024-08-08T08:45:00Z,2024-08-08T08:28:06Z,17,15,16,0.8915,0.8394,0.8495,0.8952,0.9434,-0.004357,-0.001519,0.001173,NA,TRUE,FALSE,0.009085,0.008166,21.1332,-0.129721,-0.123793,-0.097996,0.106113,0.1245,0.152376,-14.906,-14.1283,-10.8643,11.8723,14.2204,18.0706
S3A_20240809T100156_vs_HYPERNETS_20240809T094500_RHOW_C.csv,MAFR,Hyp,S3A,-1.040456,45.547661999999995,-1.045475,45.554767999999996,0.88,5,2024-08-09T07:45:00Z,2024-08-09T08:01:56Z,17,15,14,0.7444,0.7657,0.6525,0.7736,0.9171,-0.007742,-0.001084,0.004532,NA,TRUE,FALSE,0.015505,0.011981,29.0319,-0.205467,-0.197731,-0.036354,0.1216,0.198172,0.303194,-25.8612,-24.6464,-3.8436,13.9802,24.715,43.9406
S3A_20240809T100156_vs_HYPERNETS_20240809T103100_RHOW_C.csv,MAFR,Hyp,S3A,-1.040456,45.547661999999995,-1.045475,45.554767999999996,0.88,5,2024-08-09T08:31:00Z,2024-08-09T08:01:56Z,29,15,14,0.6374,0.8498,0.5648,0.6567,0.7636,-0.009701,-0.003472,0.001885,NA,TRUE,FALSE,0.027599,0.023654,40.9592,-0.409085,-0.396432,-0.352657,0.357272,0.396432,0.409085,-69.2293,-65.6839,-54.4783,54.4783,65.6839,69.2293
S3A_20240811T105033_vs_HYPERNETS_20240811T103000_RHOW_R.csv,MAFR,Hyp,S3A,-1.040456,45.547661999999995,-1.044607,45.554461999999994,0.82,5,2024-08-11T08:30:00Z,2024-08-11T08:50:33Z,21,15,16,0.8013,0.829,0.7127,0.8329,0.9734,-0.003661,8.87e-4,0.004779,NA,TRUE,FALSE,0.008822,0.006314,27.0262,-0.251416,0.020849,0.354436,0.118787,0.309374,0.414777,-33.6178,2.0834,35.4177,11.8448,36.3464,43.7972
S3A_20240811T105033_vs_HYPERNETS_20240811T111600_RHOW_R.csv,MAFR,Hyp,S3A,-1.040456,45.547661999999995,-1.044607,45.554461999999994,0.82,5,2024-08-11T09:16:00Z,2024-08-11T08:50:33Z,25,15,16,0.7049,0.9496,0.647,0.7163,0.793,-0.005362,-0.00215,7.5e-4,NA,TRUE,FALSE,0.016876,0.014033,31.9231,-0.335766,-0.306244,-0.247676,0.247676,0.306244,0.335766,-50.6,-44.1441,-32.9822,32.9822,44.1441,50.6
S3A_20240819T104303_vs_HYPERNETS_20240819T101500_RHOW_C.csv,MAFR,Hyp,S3A,-1.040456,45.547661999999995,-1.0459509999999999,45.554918,0.91,5,2024-08-19T08:15:00Z,2024-08-19T08:43:03Z,28,15,16,0.7474,1.0319,0.683,0.7611,0.8481,-0.010398,-0.005452,-0.001013,NA,TRUE,TRUE,0.021732,0.019033,36.0282,-0.360905,-0.294307,-0.274066,0.274066,0.294307,0.360905,-56.4712,-41.7048,-37.7538,37.7538,41.7048,56.4712
S3A_20240819T104303_vs_HYPERNETS_20240819T110000_RHOW_C.csv,MAFR,Hyp,S3A,-1.040456,45.547661999999995,-1.0459509999999999,45.554918,0.91,5,2024-08-19T09:00:00Z,2024-08-19T08:43:03Z,17,15,16,0.7995,0.9116,0.7125,0.8294,0.9654,-0.010098,-0.003346,0.002455,NA,TRUE,FALSE,0.015394,0.011992,21.9087,-0.308639,-0.150322,-0.005593,0.041053,0.150322,0.308639,-44.6716,-17.6916,-0.5633,4.1048,17.6916,44.6716
S3A_20240821T095040_vs_HYPERNETS_20240821T093000_RHOW_R.csv,MAFR,Hyp,S3A,-1.040456,45.547661999999995,-1.0507520000000001,45.554292,1.09,5,2024-08-21T07:30:00Z,2024-08-21T07:50:40Z,21,15,15,0.9552,1.0251,0.8489,0.98740000000000006,1.1484,-0.00449,0.007083,0.017032,NA,FALSE,FALSE,0.011579,0.007715,19.5439,-0.002756,0.017335,0.196857,0.015154,0.04356,0.308038,-0.2768,1.7335,19.2057,1.5151,4.5544,30.8032
S3A_20240821T095040_vs_HYPERNETS_20240821T101500_RHOW_R.csv,MAFR,Hyp,S3A,-1.040456,45.547661999999995,-1.0507520000000001,45.554292,1.09,5,2024-08-21T08:15:00Z,2024-08-21T07:50:40Z,24,15,14,0.9329,0.5935,0.8934,0.9354,0.9795,0.015615,0.018639,0.021527,NA,TRUE,TRUE,0.014641,0.014204,55.7909,0.108121,0.191303,0.472486,0.108121,0.191303,0.472486,10.8108,19.1258,47.2252,10.8108,19.1258,47.2252
S3A_20240824T101307_vs_HYPERNETS_20240824T094500_RHOW_R.csv,MAFR,Hyp,S3A,-1.040456,45.547661999999995,-1.044425,45.554058,0.78,5,2024-08-24T07:45:00Z,2024-08-24T08:13:07Z,28,15,16,0.9232,0.7808,0.8278,0.9522,1.0952,-0.010909,-0.003372,0.00318,NA,FALSE,FALSE,0.009869,0.00778,28.525,-0.210585,-0.042709,0.097486,0.063324,0.118893,0.27283,-26.7427,-4.4615,9.7458,6.7681,11.889,37.6574
S3A_20240824T101307_vs_HYPERNETS_20240824T103000_RHOW_R.csv,MAFR,Hyp,S3A,-1.040456,45.547661999999995,-1.044425,45.554058,0.78,5,2024-08-24T08:30:00Z,2024-08-24T08:13:07Z,17,15,16,0.8114,0.7751,0.7487,0.8226,0.9038,-0.009681,-0.004606,1.4e-5,NA,TRUE,FALSE,0.017928,0.01624,38.6226,-0.279523,-0.212651,-0.203049,0.204537,0.217924,0.33565,-38.8633,-27.0106,-25.4786,25.7129,27.8648,50.6956
S3A_20240827T103533_vs_HYPERNETS_20240827T101600_RHOW_R.csv,MAFR,Hyp,S3A,-1.040456,45.547661999999995,-1.0459979999999998,45.553905,0.82,5,2024-08-27T08:16:00Z,2024-08-27T08:35:33Z,20,15,16,0.6637,0.6371,0.5896,0.6907,0.8092,-0.005153,-0.002313,1.11e-4,NA,TRUE,FALSE,0.012561,0.010223,84.3013,-0.455752,-0.38764,-0.242131,0.322243,0.396205,0.509529,-83.9543,-63.3026,-32.4998,47.6243,65.6334,103.9937
S3A_20240827T103533_vs_HYPERNETS_20240827T110100_RHOW_R.csv,MAFR,Hyp,S3A,-1.040456,45.547661999999995,-1.0459979999999998,45.553905,0.82,5,2024-08-27T09:01:00Z,2024-08-27T08:35:33Z,25,15,16,0.6568,0.621,0.5829,0.6843,0.8033,-0.005527,-0.002598,-1.03e-4,NA,TRUE,TRUE,0.013191,0.01086,91.1053,-0.486477,-0.405284,-0.245549,0.340145,0.430698,0.519058,-94.811,-68.2113,-33.2425,51.6801,75.6759,108.0078
S3A_20240828T100922_vs_HYPERNETS_20240828T103000_RHOW_C.csv,MAFR,Hyp,S3A,-1.040456,45.547661999999995,-1.0521209999999999,45.554112,1.16,5,2024-08-28T08:30:00Z,2024-08-28T08:09:22Z,21,15,15,0.7347,0.6305,0.6478,0.7649,0.9032,-0.004311,-0.00157,7.51e-4,NA,TRUE,FALSE,0.008814,0.006861,95.8955,-0.335827,-0.27642,-0.0077210000000000004,0.233191,0.325637,0.354045,-50.5661,-38.2018,-2.2606,28.6702,48.2881,54.8466
S3A_20240831T103147_vs_HYPERNETS_20240831T101500_RHOW_C.csv,MAFR,Hyp,S3A,-1.040456,45.547661999999995,-1.0467929999999999,45.553287999999995,0.8,5,2024-08-31T08:15:00Z,2024-08-31T08:31:47Z,17,15,14,0.3179,0.5416,0.2756,0.3343,0.4054,-0.001803,8.88e-4,0.003107,NA,TRUE,FALSE,0.031486,0.025121,84.5773,-0.677333,-0.639375,-0.378717,0.509369,0.652072,0.682684,-209.937,-177.3274,-61.6875,105.2808,187.4794,215.1484
S3A_20240901T100536_vs_HYPERNETS_20240901T094500_RHOW_R.csv,MAFR,Hyp,S3A,-1.040456,45.547661999999995,-1.044486,45.552347,0.61,5,2024-09-01T07:45:00Z,2024-09-01T08:05:36Z,21,15,16,0.9945,0.7493,0.9164,1.0088,1.1106,0.001551,0.005602,0.009282,NA,FALSE,TRUE,0.007304,0.005954,36.1587,0.061605,0.180257,0.344724,0.061605,0.180257,0.344724,6.1404,18.0178,34.4577,6.1404,18.0178,34.4577
S3A_20240903T105413_vs_HYPERNETS_20240903T111500_RHOW_C.csv,MAFR,Hyp,S3A,-1.040456,45.547661999999995,-1.0416689999999997,45.553973,0.71,5,2024-09-03T09:15:00Z,2024-09-03T08:54:13Z,21,15,16,-0.0039,-0.0023,-0.1439,-0.0834,-0.0484,0.171595,0.173745,0.177453,NA,TRUE,TRUE,0.114124,0.10731,541.7906,0.730891,1.608953,6.039841,0.730891,1.608953,6.039841,73.0828,159.3883,603.9769,73.0828,159.3883,603.9769
S3A_20240904T102802_vs_HYPERNETS_20240904T100000_RHOW_C.csv,MAFR,Hyp,S3A,-1.040456,45.547661999999995,-1.046073,45.55494899999999,0.92,5,2024-09-04T08:00:00Z,2024-09-04T08:28:02Z,28,15,15,0.8899,1.0054,0.8594,0.8916,0.9251,-0.003594,-0.001121,0.001261,NA,TRUE,FALSE,0.010264,0.00913,12.6301,-0.131365,-0.117045,-0.106066,0.106066,0.117045,0.131365,-15.1239,-13.256,-11.8652,11.8652,13.256,15.1239
S3A_20240904T102802_vs_HYPERNETS_20240904T104500_RHOW_C.csv,MAFR,Hyp,S3A,-1.040456,45.547661999999995,-1.046073,45.55494899999999,0.92,5,2024-09-04T08:45:00Z,2024-09-04T08:28:02Z,17,15,15,0.9304,0.8843,0.8441,0.9487,1.0664,-0.006776,0.001115,0.008135,NA,FALSE,FALSE,0.00747,0.006648,14.3774,-0.11263,-0.046018,0.092356,0.056207,0.095405,0.217647,-12.7161,-4.8238,9.2352,5.9204,10.4343,27.3703
S3A_20240909T095806_vs_HYPERNETS_20240909T093000_RHOW_C.csv,MAFR,Hyp,S3A,-1.040456,45.547661999999995,-1.0451989999999998,45.547383999999994,0.37,5,2024-09-09T07:30:00Z,2024-09-09T07:58:06Z,28,15,16,1.0838,0.5698,0.9408,1.2277,1.6022,0.0026,0.013789,0.022363,NA,FALSE,TRUE,0.02473,0.020595,213.7234,0.42176399999999997,0.854037,2.13918,0.42176399999999997,0.854037,2.13918,42.1748,84.7418,213.9101,42.1748,84.7418,213.9101
S3A_20240912T102034_vs_HYPERNETS_20240912T100000_RHOW_R.csv,MAFR,Hyp,S3A,-1.040456,45.547661999999995,-1.047035,45.553551,0.83,5,2024-09-12T08:00:00Z,2024-09-12T08:20:34Z,21,15,16,0.6421,0.5375,0.5747,0.6634,0.7658,-0.003358,-0.001315,4.54e-4,NA,TRUE,FALSE,0.010734,0.008835,112.6197,-0.509843,-0.398601,0.117016,0.37201,0.426816,0.532044,-104.0836,-66.3228,11.4664,43.6227,72.3454,113.6957
S3A_20240913T095423_vs_HYPERNETS_20240913T093000_RHOW_R.csv,MAFR,Hyp,S3A,-1.040456,45.547661999999995,-1.0473609999999998,45.552763,0.78,5,2024-09-13T07:30:00Z,2024-09-13T07:54:23Z,24,15,14,0.6261,0.5519,0.5418,0.6598,0.8036,-0.003391,-2.15e-4,0.002393,NA,TRUE,FALSE,0.01164,0.008917,134.4608,-0.381818,-0.296675,0.067619,0.261784,0.340204,0.409387,-61.7648,-42.2891,6.6804,31.7633,51.6077,69.375
S3A_20240913T095423_vs_HYPERNETS_20240913T101500_RHOW_R.csv,MAFR,Hyp,S3A,-1.040456,45.547661999999995,-1.0473609999999998,45.552763,0.78,5,2024-09-13T08:15:00Z,2024-09-13T07:54:23Z,21,15,14,0.6649,0.5131,0.5711,0.7085,0.879,-0.003218,1.92e-4,0.002941,NA,TRUE,FALSE,0.009673,0.007071,197.4061,-0.303738,-0.201591,0.353645,0.268893,0.314637,0.413939,-43.6715,-25.2695,35.2728,29.8435,38.9648,53.719
S3A_20240915T104301_vs_HYPERNETS_20240915T101500_RHOW_R.csv,MAFR,Hyp,S3A,-1.040456,45.547661999999995,-1.0444239999999998,45.553115000000005,0.68,5,2024-09-15T08:15:00Z,2024-09-15T08:43:01Z,28,15,16,0.5643,1.1588,0.4998,0.5896,0.6955,-0.014766,-0.008629,-0.003426,NA,TRUE,TRUE,0.036592,0.0324,60.693,-0.703048,-0.595535,-0.499815,0.499815,0.595535,0.703048,-236.7713,-147.567,-100.0873,100.0873,147.567,236.7713
S3A_20240915T104301_vs_HYPERNETS_20240915T110000_RHOW_R.csv,MAFR,Hyp,S3A,-1.040456,45.547661999999995,-1.0444239999999998,45.553115000000005,0.68,5,2024-09-15T09:00:00Z,2024-09-15T08:43:01Z,17,15,16,0.7861,0.7662,0.6861,0.8441,1.0386,-0.010057,-0.003396,0.002018,NA,FALSE,FALSE,0.012911,0.00891,31.7953,-0.297991,-0.077746,-0.040212,0.048771,0.094534000000000007,0.384108,-42.5337,-8.43,-4.191,5.1278,10.4589,63.8027
S3A_20240928T100540_vs_HYPERNETS_20240928T094500_RHOW_C.csv,MAFR,Hyp,S3A,-1.040456,45.547661999999995,-1.0532979999999998,45.55448799999999,1.26,5,2024-09-28T07:45:00Z,2024-09-28T08:05:40Z,21,15,16,0.7308,0.8168,0.6593,0.7502,0.8536,-0.008588,-0.003976,7.7e-5,NA,TRUE,FALSE,0.018129,0.015474,41.771,-0.329043,-0.304351,-0.24092,0.258787,0.311406,0.364179,-49.0409,-43.7519,-31.7392,34.9248,45.2261,57.9994
S3A_20240928T100540_vs_HYPERNETS_20240928T103000_RHOW_C.csv,MAFR,Hyp,S3A,-1.040456,45.547661999999995,-1.0532979999999998,45.55448799999999,1.26,5,2024-09-28T08:30:00Z,2024-09-28T08:05:40Z,24,15,16,0.7643,0.7466,0.6895,0.7847,0.8929,-0.007499,-0.003015,9.25e-4,NA,TRUE,FALSE,0.014868,0.01239,44.3329,-0.273405,-0.244051,-0.119835,0.181748,0.247143,0.334634,-37.6611,-32.2842,-13.6151,22.3222,32.8277,50.9278
S3A_20241002T100156_vs_HYPERNETS_20241002T103000_RHOW_C.csv,MAFR,Hyp,S3A,-1.040456,45.547661999999995,-1.04273,45.553533,0.68,5,2024-10-02T08:30:00Z,2024-10-02T08:01:56Z,28,15,16,0.856,0.7762,0.7811,0.8725,0.9745,-0.003721,0.002833,0.008701,NA,TRUE,FALSE,0.010252,0.009433,25.4039,-0.180793,-0.07842,0.245413,0.098619,0.221769,0.29546,-22.0847,-8.5094,24.5381,10.9486,24.7683,33.7252
S3A_20241004T105032_vs_HYPERNETS_20241004T103000_RHOW_C.csv,MAFR,Hyp,S3A,-1.040456,45.547661999999995,-1.0458229999999997,45.553638,0.79,5,2024-10-04T08:30:00Z,2024-10-04T08:50:32Z,21,15,15,0.7949,0.8289,0.7575,0.798,0.8406,0.007292,0.010568,0.013678,NA,TRUE,TRUE,0.010063,0.00805,10.8798,-0.111015,-0.043717,0.044924,0.052816,0.102426,0.129941,-12.4931,-4.5716,4.4526,5.5809,11.4115,14.9354
S3A_20241004T105032_vs_HYPERNETS_20241004T111500_RHOW_C.csv,MAFR,Hyp,S3A,-1.040456,45.547661999999995,-1.0458229999999997,45.553638,0.79,5,2024-10-04T09:15:00Z,2024-10-04T08:50:32Z,24,15,16,0.7044,0.5821,0.6113,0.7801,0.9956,-0.003639,0.011961,0.024186,NA,TRUE,FALSE,0.019883,0.018614,51.309,-0.272907,-0.091657,0.671682,0.13716,0.297325,0.671682,-37.5373,-10.0908,67.0934,15.9453,42.3493,73.0074
S3A_20241005T102421_vs_HYPERNETS_20241005T100000_RHOW_R.csv,MAFR,Hyp,S3A,-1.040456,45.547661999999995,-1.045197,45.553264999999996,0.72,5,2024-10-05T08:00:00Z,2024-10-05T08:24:21Z,24,15,15,0.7293,0.6921,0.633,0.7767,0.953,-0.021828,-0.006801,0.005446,NA,TRUE,FALSE,0.031482,0.026829,48.8111,-0.370455,-0.252152,-0.138023,0.173532,0.253891,0.448511,-59.3445,-33.717,-16.0218,21.0502,34.0287,81.5656
S3A_20241005T102421_vs_HYPERNETS_20241005T104500_RHOW_R.csv,MAFR,Hyp,S3A,-1.040456,45.547661999999995,-1.045197,45.553264999999996,0.72,5,2024-10-05T08:45:00Z,2024-10-05T08:24:21Z,21,15,15,0.8091,0.6985,0.7022,0.8618,1.0576,-0.021667,-0.006657,0.005572,NA,FALSE,FALSE,0.022887,0.018855,45.6036,-0.299742,-0.16945,-0.030934,0.113848,0.169922,0.382765,-43.1993,-20.4022,-3.1994,12.0325,20.4706,62.2185
S3A_20241010T095427_vs_HYPERNETS_20241010T101500_RHOW_R.csv,MAFR,Hyp,S3A,-1.040456,45.547661999999995,-1.04636,45.553017,0.75,5,2024-10-10T08:15:00Z,2024-10-10T07:54:27Z,21,15,16,0.6914,0.6567,0.6248,0.7089,0.8044,-0.00444,-9.67e-4,0.002093,NA,TRUE,FALSE,0.014891,0.012627,76.9629,-0.354993,-0.301579,-0.230176,0.282733,0.31905,0.389932,-55.0685,-43.189,-30.1286,39.4472,46.8685,64.0241
S3A_20241021T100925_vs_HYPERNETS_20241021T094500_RHOW_C.csv,MAFR,Hyp,S3A,-1.040456,45.547661999999995,-1.0468359999999999,45.55339,0.81,5,2024-10-21T07:45:00Z,2024-10-21T08:09:25Z,24,15,14,0.8539,1.2144,0.7322,0.9127,1.1378,-0.020506,-5.95e-4,0.015379,NA,FALSE,FALSE,0.017114,0.016287,27.3111,-0.226817,-0.111434,0.08685,0.116439,0.157394,0.403007,-29.4231,-12.5412,8.4687,12.6082,18.7111,44.1477
S3A_20241021T100925_vs_HYPERNETS_20241021T103000_RHOW_C.csv,MAFR,Hyp,S3A,-1.040456,45.547661999999995,-1.0468359999999999,45.55339,0.81,5,2024-10-21T08:30:00Z,2024-10-21T08:09:25Z,21,15,14,0.9691,1.2461,0.8549,1.0016,1.1736,-0.012735,8.78e-4,0.012496,NA,FALSE,FALSE,0.009881,0.008266,19.8984,-0.083069,-0.014915,0.127713,0.034163,0.124009,0.27128,-9.0851,-1.5141,12.681,3.5396,12.8692,35.9025
S3A_20241024T103151_vs_HYPERNETS_20241024T110000_RHOW_C.csv,MAFR,Hyp,S3A,-1.040456,45.547661999999995,-1.0459659999999997,45.555381,0.96,5,2024-10-24T09:00:00Z,2024-10-24T08:31:51Z,28,15,16,0.7001,1.1101,0.6317,0.7186,0.8174,-0.014934,-0.008671,-0.003166,NA,TRUE,TRUE,0.029493,0.026503,47.0592,-0.598551,-0.44842,-0.366602,0.366602,0.44842,0.598551,-149.0974,-81.3364,-57.8868,57.8868,81.3364,149.0974
S3A_20241031T105032_vs_HYPERNETS_20241031T103000_RHOW_C.csv,MAFR,Hyp,S3A,-1.040456,45.547661999999995,-1.047007,45.55427099999999,0.9,5,2024-10-31T09:30:00Z,2024-10-31T09:50:32Z,21,15,15,0.7244,1.0393,0.6616,0.7363,0.8194,-0.015445,-0.009065,-0.003332,NA,TRUE,TRUE,0.032337,0.029314,40.8751,-0.425866,-0.384321,-0.331516,0.331516,0.384321,0.425866,-74.1753,-62.4223,-49.5936,49.5936,62.4223,74.1753
S3A_20241031T105032_vs_HYPERNETS_20241031T111500_RHOW_C.csv,MAFR,Hyp,S3A,-1.040456,45.547661999999995,-1.047007,45.55427099999999,0.9,5,2024-10-31T10:15:00Z,2024-10-31T09:50:32Z,24,15,15,0.8296,0.9307,0.7317,0.8636,1.0193,-0.014089,-0.004687,0.003279,NA,FALSE,FALSE,0.017114,0.013076,20.5973,-0.259109,-0.135559,0.006942,0.042038,0.135559,0.259109,-35.2617,-15.6817,0.694,4.3874,15.6817,35.2617
S3A_20241104T104649_vs_HYPERNETS_20241104T103000_RHOW_R.csv,MAFR,Hyp,S3A,-1.040456,45.547661999999995,-1.0439459999999998,45.554449999999996,0.8,5,2024-11-04T09:30:00Z,2024-11-04T09:46:49Z,17,15,16,0.8371,0.9622,0.7378,0.8805,1.0508,-0.025134,-0.012356,-0.00165,NA,FALSE,TRUE,0.025603,0.021802,37.026,-0.397888,-0.178934,-0.149195,0.155827,0.196933,0.496253,-66.3753,-21.7941,-17.5408,18.4592,24.5422,86.4826
S3A_20241104T104649_vs_HYPERNETS_20241104T111500_RHOW_R.csv,MAFR,Hyp,S3A,-1.040456,45.547661999999995,-1.0439459999999998,45.554449999999996,0.8,5,2024-11-04T10:15:00Z,2024-11-04T09:46:49Z,28,15,16,0.8468,0.3868,0.7711,0.8641,0.9683,-0.019414,-0.011547,-0.004526,NA,TRUE,TRUE,0.024187,0.0228,798.4006,-0.343678,-0.287686,-0.214418,0.216687,0.309291,0.434997,-52.5334,-40.4167,-27.2941,27.6631,44.7865,78.3847
S3A_20241105T102038_vs_HYPERNETS_20241105T100000_RHOW_C.csv,MAFR,Hyp,S3A,-1.040456,45.547661999999995,-1.044442,45.554793,0.85,5,2024-11-05T09:00:00Z,2024-11-05T09:20:38Z,21,15,14,0.6744,0.8054,0.5856,0.7076,0.855,-0.019471,-0.007885,0.001705,NA,TRUE,FALSE,0.035441,0.031312,44.568600000000004,-0.425142,-0.380971,-0.317864,0.324671,0.402993,0.481376,-73.9714,-61.6093,-46.5992,48.08,67.5068,76.4655
S3A_20241105T102038_vs_HYPERNETS_20241105T104500_RHOW_C.csv,MAFR,Hyp,S3A,-1.040456,45.547661999999995,-1.044442,45.554793,0.85,5,2024-11-05T09:45:00Z,2024-11-05T09:20:38Z,24,15,14,0.6552,0.7933,0.5746,0.6805,0.8059,-0.018057,-0.007813,8.36e-4,NA,TRUE,FALSE,0.038454,0.034373,47.6869,-0.453903,-0.406115,-0.352451,0.357006,0.440251,0.491676,-83.1189,-68.6368,-54.4295,55.5226,78.6523,86.5964
S3A_20241108T104303_vs_HYPERNETS_20241108T110000_RHOW_C.csv,MAFR,Hyp,S3A,-1.040456,45.547661999999995,-1.0438389999999997,45.554902999999996,0.85,5,2024-11-08T10:00:00Z,2024-11-08T09:43:03Z,17,15,14,0.7406,0.92490000000000006,0.6566,0.7628,0.8862,-0.02203,-0.01226,-0.003851,NA,TRUE,TRUE,0.033934,0.031126,42.4363,-0.524605,-0.417862,-0.31508,0.31508,0.417862,0.524605,-110.3654,-72.2675,-46.0028,46.0028,72.2675,110.3654
S3A_20241113T101307_vs_HYPERNETS_20241113T094500_RHOW_R.csv,MAFR,Hyp,S3A,-1.040456,45.547661999999995,-1.0497999999999998,45.555730000000004,1.16,5,2024-11-13T08:45:00Z,2024-11-13T09:13:07Z,28,15,14,0.8869,1.8783,0.8023,0.903,1.0164,-0.026461,-0.017958,-0.010404,NA,FALSE,TRUE,0.026292,0.025231,41.6674,-0.551092,-0.342256,-0.269929,0.269929,0.342256,0.551092,-122.77,-52.1707,-36.9745,36.9745,52.1707,122.77
S3A_20241113T101307_vs_HYPERNETS_20241113T103000_RHOW_R.csv,MAFR,Hyp,S3A,-1.040456,45.547661999999995,-1.0497999999999998,45.555730000000004,1.16,5,2024-11-13T09:30:00Z,2024-11-13T09:13:07Z,17,15,15,0.7185,0.9087,0.6446,0.7375,0.8437,-0.018343,-0.010131,-0.002953,NA,TRUE,TRUE,0.03383,0.030816,47.5644,-0.443264,-0.414635,-0.326269,0.327377,0.435222,0.463851,-79.6183,-70.8335,-48.4272,48.6719,77.0606,83.245
S3A_20241116T103534_vs_HYPERNETS_20241116T101500_RHOW_C.csv,MAFR,Hyp,S3A,-1.040456,45.547661999999995,-1.0452679999999999,45.552946999999996,0.7,5,2024-11-16T09:15:00Z,2024-11-16T09:35:34Z,21,15,14,0.8324,0.4262,0.743,0.8536,0.9806,0.023789,0.032311,0.039729,NA,TRUE,TRUE,0.024248,0.022491,107.0493,0.142443,0.376656,0.888649,0.142443,0.376656,0.888649,14.2376,37.6391,87.1551,14.2376,37.6391,87.1551
S3A_20241116T103534_vs_HYPERNETS_20241116T110000_RHOW_C.csv,MAFR,Hyp,S3A,-1.040456,45.547661999999995,-1.0452679999999999,45.552946999999996,0.7,5,2024-11-16T10:00:00Z,2024-11-16T09:35:34Z,24,15,15,0.6633,0.6766,0.5711,0.7743,1.0498,-0.003675,0.019648,0.03685,NA,FALSE,FALSE,0.022827,0.019178,34.4226,-0.173515,-0.110268,0.235587,0.111216,0.189423,0.322557,-21.0167,-12.3934,21.6376,12.5134,23.3689,34.1229
S3A_20241128T102419_vs_HYPERNETS_20241128T100000_RHOW_C.csv,MAFR,Hyp,S3A,-1.040456,45.547661999999995,-1.046513,45.55408799999999,0.86,5,2024-11-28T09:00:00Z,2024-11-28T09:24:19Z,24,15,10,0.5982,1.2361,0.4771,0.6461,0.8749,-0.023875,-0.009367,0.001347,NA,TRUE,FALSE,0.036045,0.031804,54.6269,-0.722515,-0.427871,-0.417074,0.417074,0.427871,0.722515,-288.3682,-74.7953,-71.5502,71.5502,74.7953,288.3682
S3A_20241128T102419_vs_HYPERNETS_20241128T104500_RHOW_C.csv,MAFR,Hyp,S3A,-1.040456,45.547661999999995,-1.046513,45.55408799999999,0.86,5,2024-11-28T09:45:00Z,2024-11-28T09:24:19Z,21,15,10,0.5898,1.2566,0.4731,0.6325,0.8457,-0.025236,-0.010913,-2e-4,NA,TRUE,TRUE,0.039592,0.035608,57.7094,-0.736852,-0.460373,-0.442523,0.442523,0.460373,0.736852,-302.5254,-85.3133,-79.4031,79.4031,85.3133,302.5254
S3A_20241129T095808_vs_HYPERNETS_20241129T093000_RHOW_C.csv,MAFR,Hyp,S3A,-1.040456,45.547661999999995,-1.043475,45.55268399999999,0.61,5,2024-11-29T08:30:00Z,2024-11-29T08:58:08Z,28,15,16,0.9108,0.7307,0.8598,0.9165,0.9768,-0.007356,-0.003488,1.41e-4,NA,TRUE,FALSE,0.01033,0.009944,40.1894,-0.213032,-0.162503,-0.108254,0.112679,0.194814,0.225823,-27.07,-19.4895,-12.14,12.699,24.1949,29.2128
S3A_20241129T095808_vs_HYPERNETS_20241129T101500_RHOW_C.csv,MAFR,Hyp,S3A,-1.040456,45.547661999999995,-1.043475,45.55268399999999,0.61,5,2024-11-29T09:15:00Z,2024-11-29T08:58:08Z,17,15,16,0.873,0.7772,0.8057,0.8849,0.9719,-0.007857,-0.002211,0.002929,NA,TRUE,FALSE,0.012476,0.010653,30.0375,-0.213995,-0.104644,-0.0691,0.079255,0.118686,0.277749,-27.3041,-11.6877,-7.423,8.6096,13.4775,38.5693
S3A_20241206T101650_vs_HYPERNETS_20241206T100000_RHOW_C.csv,MAFR,Hyp,S3A,-1.040456,45.547661999999995,-1.046253,45.55489899999999,0.92,5,2024-12-06T09:00:00Z,2024-12-06T09:16:50Z,17,15,14,0.8662,1.0112,0.7622,0.8971,1.056,-0.017345,-0.007658,5.72e-4,NA,FALSE,FALSE,0.017184,0.013931,25.5706,-0.313759,-0.185779,-0.143047,0.143047,0.185779,0.313759,-45.7319,-22.9127,-16.6931,16.6931,22.9127,45.7319
S3A_20241220T105412_vs_HYPERNETS_20241220T111500_RHOW_C.csv,MAFR,Hyp,S3A,-1.040456,45.547661999999995,-1.0414619999999999,45.551922999999995,0.48,5,2024-12-20T10:15:00Z,2024-12-20T09:54:12Z,21,15,16,0.455,0.0831,0.4029,0.5587,0.7747,0.129384,0.143325,0.153379,NA,TRUE,TRUE,0.117558,0.114842,536.6286,0.879826,1.672003,3.895985,0.879826,1.672003,3.895985,87.9821,164.9092,389.5745,87.9821,164.9092,389.5745
S3A_20241221T102802_vs_HYPERNETS_20241221T100000_RHOW_R.csv,MAFR,Hyp,S3A,-1.040456,45.547661999999995,-1.046803,45.55508,0.96,5,2024-12-21T09:00:00Z,2024-12-21T09:28:02Z,28,15,16,0.9888,0.8376,0.9235,0.998,1.0784,-0.001223,0.002594,0.006126,NA,FALSE,FALSE,0.004776,0.003407,20.2886,-0.046908,0.010768,0.091587,0.039043,0.056249,0.111607,-4.922,1.0733,9.0751,3.9741,5.7877,11.8465
S3A_20250609T102044_vs_HYPERNETS_20250609T100000_RHOW_C.csv,MAFR,Hyp,S3A,-1.040456,45.547661999999995,-1.044843,45.552710000000005,0.66,5,2025-06-09T08:00:00Z,2025-06-09T08:20:44Z,21,15,13,0.4698,0.7375,0.3992,0.5001,0.6265,-0.005513,-2.8e-4,0.003897,NA,TRUE,FALSE,0.02717,0.021101,42.6301,-0.515488,-0.459208,-0.221516,0.286566,0.459208,0.515488,-106.3932,-84.9139,-28.4549,40.0899,84.9139,106.3932
S3A_20250609T102044_vs_HYPERNETS_20250609T104500_RHOW_C.csv,MAFR,Hyp,S3A,-1.040456,45.547661999999995,-1.044843,45.552710000000005,0.66,5,2025-06-09T08:45:00Z,2025-06-09T08:20:44Z,24,15,13,0.3801,0.7231,0.3213,0.4078,0.5177,-0.005277,1.76e-4,0.004471,NA,TRUE,FALSE,0.037954,0.029322,50.1892,-0.575269,-0.545299,-0.353476,0.353476,0.545299,0.575269,-135.4433,-119.9248,-54.6732,54.6732,119.9248,135.4433
S3A_20250610T095433_vs_HYPERNETS_20250610T093000_RHOW_C.csv,MAFR,Hyp,S3A,-1.040456,45.547661999999995,-1.045267,45.554122,0.81,5,2025-06-10T07:30:00Z,2025-06-10T07:54:33Z,25,15,14,0.7689,0.7775,0.6905,0.7857,0.894,-0.005865,-7.5e-4,0.003745,NA,TRUE,FALSE,0.013997,0.011339,30.2084,-0.225785,-0.194192,-0.122036,0.136477,0.204942,0.264642,-29.1631,-24.1036,-13.9006,15.8254,25.7785,36.0492
S3A_20250610T095433_vs_HYPERNETS_20250610T101500_RHOW_C.csv,MAFR,Hyp,S3A,-1.040456,45.547661999999995,-1.045267,45.554122,0.81,5,2025-06-10T08:15:00Z,2025-06-10T07:54:33Z,20,15,14,0.6902,0.7244,0.6094,0.7129,0.8339,-0.004825,0.001151,0.00626,NA,TRUE,FALSE,0.017929,0.014238,34.2777,-0.243466,-0.228203,0.080132,0.182311,0.234216,0.326054,-32.1819,-29.5681,8.0126,20.8507,30.5872,48.7272
S3A_20250612T104311_vs_HYPERNETS_20250612T110000_RHOW_R.csv,MAFR,Hyp,S3A,-1.040456,45.547661999999995,-1.046365,45.553713,0.82,5,2025-06-12T09:00:00Z,2025-06-12T08:43:11Z,17,15,14,0.6328,0.853,0.5407,0.6816,0.8593,-0.017208,-0.005973,0.002938,NA,TRUE,FALSE,0.031456,0.026156,39.521,-0.373619,-0.343791,-0.326686,0.326686,0.343791,0.373619,-59.6556,-52.3922,-48.5194,48.5194,52.3922,59.6556
S3A_20250616T103927_vs_HYPERNETS_20250616T101500_RHOW_C.csv,MAFR,Hyp,S3A,-1.040456,45.547661999999995,-1.0449039999999998,45.553036,0.69,5,2025-06-16T08:15:00Z,2025-06-16T08:39:27Z,24,15,14,0.7786,0.8277,0.6741,0.8199,0.9972,-0.007047,8.4e-5,0.005947,NA,TRUE,FALSE,0.011903,0.007911,20.9741,-0.189322,-0.05642,0.133975,0.07992,0.140906,0.297924,-23.4646,-5.9795,13.3913,8.3587,14.4422,42.7928
S3A_20250616T103927_vs_HYPERNETS_20250616T110100_RHOW_C.csv,MAFR,Hyp,S3A,-1.040456,45.547661999999995,-1.0449039999999998,45.553036,0.69,5,2025-06-16T09:01:00Z,2025-06-16T08:39:27Z,22,15,14,0.6696,0.813,0.5725,0.7204,0.9065,-0.00825,2.3e-4,0.006969,NA,TRUE,FALSE,0.018425,0.012731,22.461,-0.284801,-0.143123,0.022468,0.054274,0.148291,0.351995,-40.0403,-16.703,2.2349,5.5488,17.412,42.5632
S3A_20250628T102815_vs_HYPERNETS_20250628T100000_RHOW_C.csv,MAFR,Hyp,S3A,-1.040456,45.547661999999995,-1.042507,45.55447899999999,0.78,5,2025-06-28T08:00:00Z,2025-06-28T08:28:15Z,28,15,16,0.9258,0.6866,0.8793,0.9303,0.9844,0.002742,0.0057539999999999996,0.0086,NA,TRUE,TRUE,0.004485,0.003281,29.174,-0.013726,0.002397,0.225741,0.012189,0.027364,0.225741,-1.3917,0.2397,22.5034,1.234,2.8144,22.5034
S3A_20250628T102815_vs_HYPERNETS_20250628T104500_RHOW_C.csv,MAFR,Hyp,S3A,-1.040456,45.547661999999995,-1.042507,45.55447899999999,0.78,5,2025-06-28T08:45:00Z,2025-06-28T08:28:15Z,17,15,16,0.7927,0.6322,0.7567,0.7957,0.8368,0.001661,0.004406,0.007016,NA,TRUE,TRUE,0.012788,0.010742,38.8205,-0.174624,-0.1408,-0.104302,0.11577900000000001,0.144998,0.179211,-21.1575,-16.3887,-11.6659,13.094,16.9587,21.8341
S3A_20250701T105041_vs_HYPERNETS_20250701T103000_RHOW_C.csv,MAFR,Hyp,S3A,-1.040456,45.547661999999995,-1.044646,45.552446999999994,0.62,5,2025-07-01T08:30:00Z,2025-07-01T08:50:41Z,21,15,16,0.4342,0.0405,0.4589,0.7127,1.1068,0.073519,0.08418,0.091045,NA,FALSE,TRUE,0.078319,0.076407,1691.8621,1.686021,2.596916,20.406917,1.686021,2.596916,20.406917,168.5772,259.6916,2038.0976,168.5772,259.6916,2038.0976
S3A_20250701T105041_vs_HYPERNETS_20250701T111500_RHOW_C.csv,MAFR,Hyp,S3A,-1.040456,45.547661999999995,-1.044646,45.552446999999994,0.62,5,2025-07-01T09:15:00Z,2025-07-01T08:50:41Z,24,15,16,0.3732,0.039,0.4061,0.6362,0.9967,0.073124,0.084097,0.0911,NA,TRUE,TRUE,0.075595,0.073024,1497.3672,1.406559,2.237696,17.244703,1.406559,2.237696,17.244703,140.5976,223.7257,1722.1454,140.5976,223.7257,1722.1454
S3A_20250709T104311_vs_HYPERNETS_20250709T110000_RHOW_C.csv,MAFR,Hyp,S3A,-1.040456,45.547661999999995,-1.0451209999999997,45.55426099999999,0.82,5,2025-07-09T09:00:00Z,2025-07-09T08:43:11Z,17,15,14,0.7009,0.8952,0.6206,0.7224,0.8409,-0.00539,-0.002361,2.41e-4,NA,TRUE,FALSE,0.011794,0.009471,35.0809,-0.387284,-0.331794,-0.272757,0.272757,0.331794,0.387284,-63.355,-49.6546,-37.5682,37.5682,49.6546,63.355
S3A_20250711T095050_vs_HYPERNETS_20250711T093000_RHOW_C.csv,MAFR,Hyp,S3A,-1.040456,45.547661999999995,-1.046878,45.55424899999999,0.89,5,2025-07-11T07:30:00Z,2025-07-11T07:50:50Z,21,15,15,0.8631,0.7926,0.7718,0.8878,1.0211,-0.011107,-0.004532,0.001184,NA,FALSE,FALSE,0.01259,0.010979,41.7847,-0.236362,-0.215098,-0.178201,0.193354,0.215139,0.264277,-30.9711,-27.4044,-21.6909,23.9742,27.411,35.9487
S3A_20250711T095050_vs_HYPERNETS_20250711T101500_RHOW_C.csv,MAFR,Hyp,S3A,-1.040456,45.547661999999995,-1.046878,45.55424899999999,0.89,5,2025-07-11T08:15:00Z,2025-07-11T07:50:50Z,24,15,15,0.8278,0.7044,0.7249,0.8691,1.042,-0.010443,-0.002198,0.004679,NA,FALSE,FALSE,0.012927,0.01028,39.2938,-0.178582,-0.123788,0.083913,0.123857,0.145517,0.261361,-21.8861,-14.1277,8.2161,14.1366,15.3238,35.6105
S3A_20250717T103544_vs_HYPERNETS_20250717T110000_RHOW_R.csv,MAFR,Hyp,S3A,-1.040456,45.547661999999995,-1.044697,45.553818,0.76,5,2025-07-17T09:00:00Z,2025-07-17T08:35:44Z,24,15,16,0.6555,0.6532,0.5834,0.6811,0.7952,-0.003949,-0.001837,-2.8e-5,NA,TRUE,TRUE,0.010072,0.008016,78.0545,-0.450881,-0.371295,-0.29374,0.342077,0.402261,0.482709,-82.1496,-59.0766,-41.6154,48.6752,67.4015,93.4806
S3A_20250724T105426_vs_HYPERNETS_20250724T103000_RHOW_C.csv,MAFR,Hyp,S3A,-1.040456,45.547661999999995,-1.0456649999999998,45.555519000000004,0.96,5,2025-07-24T08:30:00Z,2025-07-24T08:54:26Z,24,15,10,0.1412,0.1326,0.1164,0.2031,0.3544,0.010762,0.018221,0.022495,NA,TRUE,TRUE,0.037266,0.031967,170.1232,-0.540258,-0.525569,0.755973,0.539897,0.595386,0.780912,-117.5135,-110.8352,75.265,103.5167,116.517,149.6703
S3A_20250724T105426_vs_HYPERNETS_20250724T111500_RHOW_C.csv,MAFR,Hyp,S3A,-1.040456,45.547661999999995,-1.0456649999999998,45.555519000000004,0.96,5,2025-07-24T09:15:00Z,2025-07-24T08:54:26Z,21,15,10,0.1443,0.1227,0.1192,0.2084,0.3643,0.011209,0.018497,0.022665,NA,TRUE,TRUE,0.035147,0.030306,214.9071,-0.511494,-0.493362,0.993133,0.508483,0.635412,0.993133,-104.7086,-97.411,98.8828,101.4314,106.0093,146.4004
S3A_20250725T102815_vs_HYPERNETS_20250725T100000_RHOW_C.csv,MAFR,Hyp,S3A,-1.040456,45.547661999999995,-1.046745,45.555356,0.99,5,2025-07-25T08:00:00Z,2025-07-25T08:28:15Z,28,15,15,0.9454,0.854,0.8773,0.9551,1.0398,-0.002191,0.002949,0.00767,NA,FALSE,FALSE,0.00477,0.004198,12.4383,-0.039749,-0.017814,0.083778,0.033172,0.081168,0.142771,-4.1395,-1.8137,8.3775,3.4333,8.1168,15.283
S3A_20250725T102815_vs_HYPERNETS_20250725T104500_RHOW_C.csv,MAFR,Hyp,S3A,-1.040456,45.547661999999995,-1.046745,45.555356,0.99,5,2025-07-25T08:45:00Z,2025-07-25T08:28:15Z,17,15,15,0.9667,0.9486,0.9399,0.9679,0.9966,-4.11e-4,0.00136,0.003079,NA,TRUE,FALSE,0.001961,0.001643,3.5668,-0.023146,-0.003686,0.013333,0.012699,0.02076,0.055407,-2.3698,-0.37,1.3332,1.2783,2.12,5.68
S3A_20250728T105041_vs_HYPERNETS_20250728T111500_RHOW_C.csv,MAFR,Hyp,S3A,-1.040456,45.547661999999995,-1.0411089999999998,45.55184599999999,0.47,5,2025-07-28T09:15:00Z,2025-07-28T08:50:41Z,24,15,12,0.8941,1.2023,0.7899,0.9141,1.0578,-0.025924,-0.015158,-0.005854,NA,FALSE,TRUE,0.022702,0.021595,32.7311,-0.415245,-0.295712,-0.217255,0.217255,0.295712,0.415245,-71.0362,-42.6801,-27.7569,27.7569,42.6801,71.0362
S3A_20250729T102430_vs_HYPERNETS_20250729T100000_RHOW_C.csv,MAFR,Hyp,S3A,-1.040456,45.547661999999995,-1.046712,45.555245,0.97,5,2025-07-29T08:00:00Z,2025-07-29T08:24:30Z,24,15,16,1.0904,0.7505,1.0012,1.1078,1.2257,-0.002053,0.002065,0.005787,NA,TRUE,FALSE,0.007792,0.00631,44.7566,0.048344,0.252351,0.568698,0.072176,0.252351,0.568698,4.8284,25.2334,56.8693,7.2129,25.2334,56.8693
S3A_20250729T102430_vs_HYPERNETS_20250729T104500_RHOW_C.csv,MAFR,Hyp,S3A,-1.040456,45.547661999999995,-1.046712,45.555245,0.97,5,2025-07-29T08:45:00Z,2025-07-29T08:24:30Z,20,15,16,0.7877,0.8933,0.7496,0.7913,0.8352,-0.003711,-0.00137,8.47e-4,NA,TRUE,FALSE,0.014589,0.012724,27.4992,-0.264178,-0.251948,-0.220329,0.23402,0.253314,0.267453,-35.9025,-33.6806,-28.2674,30.5544,33.9252,36.5105
S3A_20250730T095819_vs_HYPERNETS_20250730T101500_RHOW_R.csv,MAFR,Hyp,S3A,-1.040456,45.547661999999995,-1.045459,45.552412000000004,0.66,5,2025-07-30T08:15:00Z,2025-07-30T07:58:19Z,17,15,16,0.8617,0.6384,0.793,0.8746,0.9647,-3.13e-4,0.002535,0.005118,NA,TRUE,FALSE,0.004968,0.004181,68.4984,-0.13454,-0.030703,0.207,0.111984,0.166445,0.207244,-15.5622,-3.1785,20.6992,11.3064,19.736,23.9496
S3A_20250806T101700_vs_HYPERNETS_20250806T100000_RHOW_C.csv,MAFR,Hyp,S3A,-1.040456,45.547661999999995,-1.0451219999999999,45.55436699999999,0.83,5,2025-08-06T08:00:00Z,2025-08-06T08:17:00Z,17,15,13,0.4717,0.4304,0.394,0.5239,0.6967,-0.002618,3.3e-4,0.002546,NA,TRUE,FALSE,0.012809,0.009171,188.6321,-0.513111,-0.392371,1.263641,0.478359,0.582269,1.263641,-105.3858,-64.5742,126.3641,91.7028,117.3616,149.0866
S3A_20250806T101700_vs_HYPERNETS_20250806T104500_RHOW_C.csv,MAFR,Hyp,S3A,-1.040456,45.547661999999995,-1.0451219999999999,45.55436699999999,0.83,5,2025-08-06T08:45:00Z,2025-08-06T08:17:00Z,28,15,13,0.3614,0.5949,0.3011,0.4116,0.5625,-0.006382,-0.002182,8.91e-4,NA,TRUE,FALSE,0.023877,0.018728,63.6529,-0.762254,-0.673798,-0.375828,0.482652,0.683168,0.767736,-320.6164,-206.5582,-60.2124,93.2934,206.5582,320.6164
S3A_20250809T103926_vs_HYPERNETS_20250809T101500_RHOW_R.csv,MAFR,Hyp,S3A,-1.040456,45.547661999999995,-1.046016,45.553642999999994,0.79,5,2025-08-09T08:15:00Z,2025-08-09T08:39:26Z,24,15,15,0.733,1.0952,0.6593,0.7512,0.856,-0.012285,-0.007065,-0.002485,NA,TRUE,TRUE,0.021639,0.01946,43.7715,-0.470897,-0.397507,-0.344517,0.344517,0.397507,0.470897,-89.0106,-65.9769,-52.5802,52.5802,65.9769,89.0106
S3A_20250809T103926_vs_HYPERNETS_20250809T110000_RHOW_R.csv,MAFR,Hyp,S3A,-1.040456,45.547661999999995,-1.046016,45.553642999999994,0.79,5,2025-08-09T09:00:00Z,2025-08-09T08:39:26Z,21,15,15,0.6892,0.9218,0.6003,0.7293,0.8862,-0.011391,-0.004002,0.002079,NA,TRUE,FALSE,0.020717,0.016753,33.3835,-0.357995,-0.271089,-0.20983,0.20983,0.271089,0.357995,-56.1992,-37.191,-26.6108,26.6108,37.191,56.1992
S3A_20250810T101315_vs_HYPERNETS_20250810T094500_RHOW_C.csv,MAFR,Hyp,S3A,-1.040456,45.547661999999995,-1.0486289999999998,45.553053999999996,0.88,5,2025-08-10T07:45:00Z,2025-08-10T08:13:15Z,28,15,15,0.8879,0.5975,0.8127,0.9015,1.0001,-0.007229,-0.001625,0.003427,NA,FALSE,FALSE,0.009581,0.008399,61.4404,-0.130025,-0.112128,-0.072723,0.078972,0.116456,0.15537,-14.946,-12.6288,-7.8449,8.5743,13.1805,18.4417
S3A_20250810T101315_vs_HYPERNETS_20250810T103000_RHOW_C.csv,MAFR,Hyp,S3A,-1.040456,45.547661999999995,-1.0486289999999998,45.553053999999996,0.88,5,2025-08-10T08:30:00Z,2025-08-10T08:13:15Z,17,15,15,0.876,0.5026,0.7991,0.8909,0.9933,-0.008579,-0.002579,0.002803,NA,TRUE,FALSE,0.011232,0.01023,113.264,-0.168796,-0.154323,-0.115059,0.128234,0.158616,0.173295,-20.3075,-18.2484,-13.0021,14.7193,18.8518,20.9631
S3A_20250814T100931_vs_HYPERNETS_20250814T094500_RHOW_C.csv,MAFR,Hyp,S3A,-1.040456,45.547661999999995,-1.048837,45.553922,0.96,5,2025-08-14T07:45:00Z,2025-08-14T08:09:31Z,25,15,14,0.7481,0.6812,0.6367,0.8144,1.0416,-0.007014,2.45e-4,0.00592,NA,FALSE,FALSE,0.010974,0.006953,42.9382,-0.157546,-0.032022,0.160884,0.072378,0.183284,0.304378,-18.8198,-3.3084,15.9984,7.2361,18.8706,42.0912
S3A_20250814T100931_vs_HYPERNETS_20250814T103000_RHOW_C.csv,MAFR,Hyp,S3A,-1.040456,45.547661999999995,-1.048837,45.553922,0.96,5,2025-08-14T08:30:00Z,2025-08-14T08:09:31Z,20,15,14,0.7024,0.7969,0.6127,0.7333,0.8775,-0.008454,-0.002749,0.002019,NA,TRUE,FALSE,0.016228,0.013573,41.0185,-0.353322,-0.294131,-0.284483,0.288653,0.297959,0.369051,-54.7532,-41.6703,-39.7598,40.5784,42.442,58.4915
S3A_20250820T105423_vs_HYPERNETS_20250820T103000_RHOW_R.csv,MAFR,Hyp,S3A,-1.040456,45.547661999999995,-1.047043,45.555904,1.05,5,2025-08-20T08:30:00Z,2025-08-20T08:54:23Z,24,15,16,0.7675,0.9555,0.6893,0.7907,0.9071,-0.008334,-0.004136,-4.76e-4,NA,TRUE,TRUE,0.013904,0.011739,37.1127,-0.430488,-0.396996,-0.26901,0.335098,0.396996,0.430488,-75.5904,-65.9122,-37.0941,40.3854,65.9122,75.5904
S3A_20250824T105038_vs_HYPERNETS_20250824T103000_RHOW_C.csv,MAFR,Hyp,S3A,-1.040456,45.547661999999995,-1.0459279999999997,45.555923,1.01,5,2025-08-24T08:30:00Z,2025-08-24T08:50:38Z,21,15,15,0.8715,0.7372,0.7753,0.9001,1.0449,4.88e-4,0.009493,0.017249,NA,FALSE,TRUE,0.009113,0.007544,22.1897,-0.047891,0.011838,0.24333,0.036307,0.103105,0.24333,-5.0352,1.1838,24.3087,3.7677,10.3105,24.3087
S3A_20250824T105038_vs_HYPERNETS_20250824T111500_RHOW_C.csv,MAFR,Hyp,S3A,-1.040456,45.547661999999995,-1.0459279999999997,45.555923,1.01,5,2025-08-24T09:15:00Z,2025-08-24T08:50:38Z,24,15,16,0.8453,0.7807,0.8035,0.8492,0.8975,0.00385,0.006974,0.00993,NA,TRUE,TRUE,0.007118,0.006273,16.6985,-0.089215,-0.056632,0.147103,0.078694,0.091979,0.147103,-9.7954,-6.0046,14.7083,8.5478,10.1296,14.7083
S3A_20250829T102042_vs_HYPERNETS_20250829T100000_RHOW_R.csv,MAFR,Hyp,S3A,-1.040456,45.547661999999995,-1.046707,45.553605,0.82,5,2025-08-29T08:00:00Z,2025-08-29T08:20:42Z,21,15,16,0.8678,0.6902,0.8095,0.8763,0.9486,-0.001543,7.22e-4,0.002815,NA,TRUE,FALSE,0.005242,0.004253,49.1658,-0.134094,-0.06408,0.153489,0.070554,0.141356,0.281039,-15.4983,-6.8467,15.2487,7.5918,16.4793,28.6921
S3A_20250905T103922_vs_HYPERNETS_20250905T101500_RHOW_R.csv,MAFR,Hyp,S3A,-1.040456,45.547661999999995,-1.045354,45.553775,0.78,5,2025-09-05T08:15:00Z,2025-09-05T08:39:22Z,24,15,16,0.8204,0.8688,0.7527,0.8338,0.9237,-0.001771,9.72e-4,0.003448,NA,TRUE,FALSE,0.007001,0.005085,21.8494,-0.208427,-0.03493,0.132842,0.083711,0.217843,0.349902,-26.3581,-3.6194,13.0978,8.7383,24.8157,38.1006
S3A_20250905T103922_vs_HYPERNETS_20250905T110000_RHOW_R.csv,MAFR,Hyp,S3A,-1.040456,45.547661999999995,-1.045354,45.553775,0.78,5,2025-09-05T09:00:00Z,2025-09-05T08:39:22Z,21,15,16,0.6982,1.093,0.6363,0.7122,0.797,-0.007995,-0.00433,-0.001055,NA,TRUE,TRUE,0.01925,0.016761,43.4933,-0.506211,-0.445654,-0.397502,0.397502,0.445654,0.506211,-102.5166,-80.4136,-65.9951,65.9951,80.4136,102.5166
S3A_20250909T103538_vs_HYPERNETS_20250909T101500_RHOW_R.csv,MAFR,Hyp,S3A,-1.040456,45.547661999999995,-1.046371,45.555162,0.95,5,2025-09-09T08:15:00Z,2025-09-09T08:35:38Z,21,15,15,0.6438,0.3689,0.6005,0.6494,0.7022,0.041689,0.044672,0.047431,NA,TRUE,TRUE,0.02716,0.024864,86.737,0.13264599999999999,0.503198,1.203605,0.13264599999999999,0.503198,1.203605,13.264,50.3198,120.3605,13.264,50.3198,120.3605
S3A_20250917T102811_vs_HYPERNETS_20250917T100000_RHOW_C.csv,MAFR,Hyp,S3A,-1.040456,45.547661999999995,-1.044679,45.554320999999995,0.81,5,2025-09-17T08:00:00Z,2025-09-17T08:28:11Z,28,15,16,0.6554,0.8342,0.5989,0.6675,0.744,-0.006277,-0.003015,-8.9e-5,NA,TRUE,TRUE,0.020531,0.01748,47.7129,-0.458394,-0.422342,-0.34582,0.349187,0.437344,0.465931,-84.6366,-73.1277,-52.8633,53.6545,77.7438,87.2736
S3A_20250917T102811_vs_HYPERNETS_20250917T104500_RHOW_C.csv,MAFR,Hyp,S3A,-1.040456,45.547661999999995,-1.044679,45.554320999999995,0.81,5,2025-09-17T08:45:00Z,2025-09-17T08:28:11Z,17,15,16,0.777,0.7123,0.7137,0.7893,0.8729,-0.003967,-0.001149,0.0014,NA,TRUE,FALSE,0.010685,0.008738,48.5684,-0.235578,-0.212132,-0.046736,0.15777,0.215809,0.287293,-30.8489,-26.9258,-4.9123,18.7024,27.52,40.5425
S3A_20250920T105038_vs_HYPERNETS_20250920T111500_RHOW_R.csv,MAFR,Hyp,S3A,-1.040456,45.547661999999995,-1.044302,45.552699,0.64,5,2025-09-20T09:15:00Z,2025-09-20T08:50:38Z,24,15,16,0.5987,1.0186,0.5385,0.6159,0.7043,-0.014507,-0.00869,-0.003603,NA,TRUE,TRUE,0.037789,0.033993,53.7596,-0.577545,-0.523094,-0.475391,0.475391,0.523094,0.577545,-136.919,-109.775,-90.6183,90.6183,109.775,136.919
S3A_20250921T102428_vs_HYPERNETS_20250921T104500_RHOW_C.csv,MAFR,Hyp,S3A,-1.040456,45.547661999999995,-1.047148,45.553902,0.87,5,2025-09-21T08:45:00Z,2025-09-21T08:24:28Z,21,15,16,0.9096,0.8398,0.813,0.941,1.0892,-0.014878,-0.005222,0.00312,NA,FALSE,FALSE,0.013444,0.010711,25.1393,-0.248084,-0.073205,0.07003,0.072722,0.090531,0.318464,-33.0666,-7.8988,7.0029,7.7546,9.6635,47.1157
S3A_20250924T104655_vs_HYPERNETS_20250924T103000_RHOW_C.csv,MAFR,Hyp,S3A,-1.040456,45.547661999999995,-1.045062,45.555377,0.93,5,2025-09-24T08:30:00Z,2025-09-24T08:46:55Z,17,15,16,0.8991,0.3986,0.8327,0.9102,0.9949,-0.007214,-0.00108,0.004532,NA,TRUE,FALSE,0.010552,0.00943,347.0121,-0.185253,-0.087834,-0.042418,0.077204,0.10689,0.229237,-22.766,-9.6292,-4.4337,8.3812,11.9716,29.8052
S3A_20250924T104655_vs_HYPERNETS_20250924T111500_RHOW_C.csv,MAFR,Hyp,S3A,-1.040456,45.547661999999995,-1.045062,45.555377,0.93,5,2025-09-24T09:15:00Z,2025-09-24T08:46:55Z,28,15,15,0.9813,1.0374,0.942,0.9839,1.0276,-0.00592,-0.002752,2.8e-4,NA,FALSE,FALSE,0.004803,0.003922,6.5915,-0.095188,-0.049856,-0.033461,0.033461,0.049856,0.095188,-10.521,-5.2473,-3.467,3.467,5.2473,10.521
S3A_20250925T102044_vs_HYPERNETS_20250925T100000_RHOW_C.csv,MAFR,Hyp,S3A,-1.040456,45.547661999999995,-1.0485470000000001,45.554533,0.99,5,2025-09-25T08:00:00Z,2025-09-25T08:20:44Z,21,15,16,0.859,0.8408,0.8285,0.861,0.8948,-0.001121,0.001003,0.003046,NA,TRUE,FALSE,0.009648,0.008088,16.3829,-0.136536,-0.118664,-0.073252,0.082435,0.122538,0.150033,-15.8143,-13.4641,-7.9075,8.9846,13.966,17.6583
S3A_20250925T102044_vs_HYPERNETS_20250925T104500_RHOW_C.csv,MAFR,Hyp,S3A,-1.040456,45.547661999999995,-1.0485470000000001,45.554533,0.99,5,2025-09-25T08:45:00Z,2025-09-25T08:20:44Z,24,15,16,0.8095,0.7316,0.7632,0.8148,0.8699,-0.004906,-0.001107,0.002452,NA,TRUE,FALSE,0.016269,0.014423,35.4206,-0.254605,-0.199127,-0.154252,0.1667,0.208795,0.307844,-34.2462,-24.8702,-18.2466,20.006,26.3898,44.4977
S3A_20250926T095433_vs_HYPERNETS_20250926T093000_RHOW_C.csv,MAFR,Hyp,S3A,-1.040456,45.547661999999995,-1.0457609999999997,45.552988,0.72,5,2025-09-26T07:30:00Z,2025-09-26T07:54:33Z,25,15,16,1.0044,0.7257,0.9382,1.0137,1.0952,0.0037,0.007229,0.010495,NA,FALSE,TRUE,0.008842,0.00782,55.3017,0.121023,0.201663,0.46482,0.121023,0.201663,0.46482,12.0961,20.154,46.4703,12.0961,20.154,46.4703
S3A_20251002T103927_vs_HYPERNETS_20251002T101500_RHOW_C.csv,MAFR,Hyp,S3A,-1.040456,45.547661999999995,-1.046648,45.55445399999999,0.9,5,2025-10-02T08:15:00Z,2025-10-02T08:39:27Z,24,15,6,0.2515,0.5242,0.1495,0.2986,0.5962,-0.006757,-4.85e-4,0.002656,NA,TRUE,FALSE,0.026266,0.016299,204.2701,-0.7984,-0.655791,-0.601986,0.647265,0.756547,0.876858,-423.28,-190.8781,-151.6208,183.7558,337.4254,722.8602
S3A_20251006T103542_vs_HYPERNETS_20251006T101500_RHOW_C.csv,MAFR,Hyp,S3A,-1.040456,45.547661999999995,-1.0458109999999998,45.555651,0.98,5,2025-10-06T08:15:00Z,2025-10-06T08:35:42Z,21,15,16,0.7853,0.8763,0.7419,0.7901,0.8413,-0.006987,-0.003718,-0.00064899999999999995,NA,TRUE,TRUE,0.019364,0.017492,33.7526,-0.320194,-0.266422,-0.244829,0.248251,0.278304,0.340184,-47.1218,-36.3238,-32.4211,33.0232,38.566,51.5574
S3A_20251006T103542_vs_HYPERNETS_20251006T110000_RHOW_C.csv,MAFR,Hyp,S3A,-1.040456,45.547661999999995,-1.0458109999999998,45.555651,0.98,5,2025-10-06T09:00:00Z,2025-10-06T08:35:42Z,24,15,16,0.818,0.8597,0.7622,0.8263,0.8957,-0.007476,-0.00328,5.91e-4,NA,TRUE,FALSE,0.015983,0.014185,29.4757,-0.246648,-0.198168,-0.182224,0.186392,0.20096,0.280474,-32.7442,-24.7143,-22.2836,22.9094,25.1509,39.2162
S3A_20251007T100931_vs_HYPERNETS_20251007T094500_RHOW_C.csv,MAFR,Hyp,S3A,-1.040456,45.547661999999995,-1.049707,45.553738,0.99,5,2025-10-07T07:45:00Z,2025-10-07T08:09:31Z,25,15,13,0.961,1.057,0.9002,0.9666,1.0378,-0.009555,-0.004191,8.04e-4,NA,FALSE,FALSE,0.007652,0.0068,10.3794,-0.120512,-0.080042,-0.068221,0.068221,0.080042,0.120512,-13.7026,-8.7006,-7.3216,7.3216,8.7006,13.7026
S3A_20251007T100931_vs_HYPERNETS_20251007T103000_RHOW_C.csv,MAFR,Hyp,S3A,-1.040456,45.547661999999995,-1.049707,45.553738,0.99,5,2025-10-07T08:30:00Z,2025-10-07T08:09:31Z,20,15,13,0.939,1.0789,0.8635,0.9486,1.0421,-0.014435,-0.00698,-1.94e-4,NA,FALSE,TRUE,0.012154,0.011157,15.5125,-0.155142,-0.116608,-0.101315,0.101315,0.116608,0.155142,-18.3631,-13.2,-11.2737,11.2737,13.2,18.3631
S3A_20251010T103157_vs_HYPERNETS_20251010T101500_RHOW_C.csv,MAFR,Hyp,S3A,-1.040456,45.547661999999995,-1.045381,45.555325,0.94,5,2025-10-10T08:15:00Z,2025-10-10T08:31:57Z,17,15,15,0.8659,0.8586,0.8205,0.8701,0.9227,0.005425,0.009305,0.012963,NA,TRUE,TRUE,0.00606,0.005023,9.4392,-0.055109,-0.01024,0.065672,0.024733,0.057301,0.070301,-5.8326,-1.0345,6.5641,2.504,6.0444,7.2687
S3A_20251010T103157_vs_HYPERNETS_20251010T110000_RHOW_C.csv,MAFR,Hyp,S3A,-1.040456,45.547661999999995,-1.045381,45.555325,0.94,5,2025-10-10T09:00:00Z,2025-10-10T08:31:57Z,28,15,15,0.9909,0.5748,0.9348,0.9966,1.0624,0.011777,0.0156,0.019187,NA,FALSE,TRUE,0.015805,0.0154,66.0191,0.157523,0.238329,0.519515,0.157523,0.238329,0.519515,15.7521,23.8329,51.8245,15.7521,23.8329,51.8245
S3A_20251013T105424_vs_HYPERNETS_20251013T103000_RHOW_C.csv,MAFR,Hyp,S3A,-1.040456,45.547661999999995,-1.0469359999999999,45.55492399999999,0.95,5,2025-10-13T08:30:00Z,2025-10-13T08:54:24Z,24,15,16,0.8676,0.7323,0.7624,0.917,1.103,-0.009837,-0.002683,0.003264,NA,FALSE,FALSE,0.010409,0.006837,36.1149,-0.206451,0.002343,0.036405,0.022462,0.082611,0.279024,-26.0599,0.2343,3.6305,2.2415,8.2598,39.2854
S3A_20251013T105424_vs_HYPERNETS_20251013T111500_RHOW_C.csv,MAFR,Hyp,S3A,-1.040456,45.547661999999995,-1.0469359999999999,45.55492399999999,0.95,5,2025-10-13T09:15:00Z,2025-10-13T08:54:24Z,21,15,16,0.6899,0.9693,0.6202,0.7102,0.8131,-0.012051,-0.006397,-0.00146,NA,TRUE,TRUE,0.02535,0.022419,44.8277,-0.517883,-0.439741,-0.363198,0.363198,0.439741,0.517883,-107.4281,-78.4935,-57.2279,57.2279,78.4935,107.4281
S3A_20251014T102814_vs_HYPERNETS_20251014T100000_RHOW_C.csv,MAFR,Hyp,S3A,-1.040456,45.547661999999995,-1.04687,45.554950999999996,0.95,5,2025-10-14T08:00:00Z,2025-10-14T08:28:14Z,28,15,11,0.6398,0.7787,0.5396,0.6671,0.8246,-0.009003,-0.003796,4.16e-4,NA,TRUE,FALSE,0.017479,0.015274,81.5574,-0.533172,-0.464722,-0.406575,0.436463,0.484115,0.658546,-114.9664,-86.8187,-68.5143,77.668,93.8416,202.691
S3A_20251014T102814_vs_HYPERNETS_20251014T104500_RHOW_C.csv,MAFR,Hyp,S3A,-1.040456,45.547661999999995,-1.04687,45.554950999999996,0.95,5,2025-10-14T08:45:00Z,2025-10-14T08:28:14Z,17,15,11,0.6243,0.7655,0.5176,0.6605,0.8428,-0.009884,-0.003799,9.7e-4,NA,TRUE,FALSE,0.018141,0.015612,82.6797,-0.527793,-0.474193,-0.406862,0.436938,0.483991,0.668685,-112.6845,-90.1839,-68.622,77.7063,93.7951,215.7156
S3A_20251017T105040_vs_HYPERNETS_20251017T103000_RHOW_R.csv,MAFR,Hyp,S3A,-1.040456,45.547661999999995,-1.0445289999999998,45.553805,0.75,5,2025-10-17T08:30:00Z,2025-10-17T08:50:40Z,21,15,16,0.6651,1.0128,0.5849,0.7023,0.8432,-0.015853,-0.008137,-0.00171,NA,TRUE,TRUE,0.027978,0.024478,49.108,-0.659602,-0.499951,-0.382619,0.382619,0.499951,0.659602,-193.7902,-99.981,-62.6696,62.6696,99.981,193.7902
S3A_20251017T105040_vs_HYPERNETS_20251017T111500_RHOW_R.csv,MAFR,Hyp,S3A,-1.040456,45.547661999999995,-1.0445289999999998,45.553805,0.75,5,2025-10-17T09:15:00Z,2025-10-17T08:50:40Z,24,15,16,0.8511,0.7831,0.7491,0.8973,1.075,-0.007137,-9.48e-4,0.004218,NA,FALSE,FALSE,0.009606,0.006939,32.8459,-0.214971,0.062307,0.179462,0.109964,0.206086,0.298496,-27.4016,6.2287,17.9372,12.2467,22.8658,38.177
S3A_20251026T101701_vs_HYPERNETS_20251026T104500_RHOW_R.csv,MAFR,Hyp,S3A,-1.040456,45.547661999999995,-1.0489439999999999,45.550304,0.72,5,2025-10-26T09:45:00Z,2025-10-26T09:17:01Z,28,15,16,0.4811,1.0822,0.4347,0.4932,0.5596,-0.011516,-0.0072,-0.003396,NA,TRUE,TRUE,0.045189,0.040143,64.6634,-0.685902,-0.629395,-0.566924,0.566924,0.629395,0.685902,-218.3728,-169.9856,-130.9162,130.9162,169.9856,218.3728
S3A_20251103T100933_vs_HYPERNETS_20251103T094500_RHOW_C.csv,MAFR,Hyp,S3A,-1.040456,45.547661999999995,-1.044983,45.5527,0.66,5,2025-11-03T08:45:00Z,2025-11-03T09:09:33Z,25,15,15,0.7365,0.8909,0.659,0.7573,0.8702,-0.013694,-0.006244,2.4e-4,NA,TRUE,FALSE,0.025719,0.022584,38.7627,-0.369737,-0.316624,-0.276648,0.278231,0.320609,0.402143,-58.6772,-46.3324,-38.2455,38.5484,47.1906,60.0613
S3A_20251103T100933_vs_HYPERNETS_20251103T103000_RHOW_C.csv,MAFR,Hyp,S3A,-1.040456,45.547661999999995,-1.044983,45.5527,0.66,5,2025-11-03T09:30:00Z,2025-11-03T09:09:33Z,20,15,15,0.7474,0.8938,0.6773,0.7626,0.8586,-0.016568,-0.009825,-0.003836,NA,TRUE,TRUE,0.02904,0.026917,47.644,-0.533728,-0.380902,-0.33476,0.339772,0.390124,0.540526,-114.4707,-61.5254,-50.3246,51.4631,63.9678,114.4707
S3A_20251109T105425_vs_HYPERNETS_20251109T103000_RHOW_C.csv,MAFR,Hyp,S3A,-1.040456,45.547661999999995,-1.0460770000000001,45.554081999999994,0.84,5,2025-11-09T09:30:00Z,2025-11-09T09:54:25Z,24,15,15,0.862,0.6677,0.8379,0.8631,0.8889,0.016337,0.018124,0.01986,NA,TRUE,TRUE,0.010128,0.00867,26.6552,0.03665,0.13372,0.346115,0.03665,0.13372,0.346115,3.6625,13.372,34.6006,3.6625,13.372,34.6006
S3A_20251121T104310_vs_HYPERNETS_20251121T101500_RHOW_C.csv,MAFR,Hyp,S3A,-1.040456,45.547661999999995,-1.044742,45.554515,0.83,5,2025-11-21T09:15:00Z,2025-11-21T09:43:10Z,28,15,14,0.7223,0.6122,0.6437,0.7414,0.8538,-0.015687,-0.006238,0.001966,NA,TRUE,FALSE,0.031617,0.02867,63.3745,-0.352342,-0.303912,-0.278346,0.282637,0.311972,0.409863,-54.4297,-43.6632,-38.5714,39.3994,45.3447,69.6513
S3A_20251121T104310_vs_HYPERNETS_20251121T110000_RHOW_C.csv,MAFR,Hyp,S3A,-1.040456,45.547661999999995,-1.044742,45.554515,0.83,5,2025-11-21T10:00:00Z,2025-11-21T09:43:10Z,17,15,14,0.6621,0.7597,0.5819,0.6864,0.8096,-0.016226,-0.00522,0.00411,NA,TRUE,FALSE,0.038186,0.033622,41.2646,-0.368558,-0.324366,-0.295217,0.314269,0.3325,0.454848,-58.3927,-48.0094,-41.9025,45.8308,49.8202,79.4938
S3A_20251126T101315_vs_HYPERNETS_20251126T094500_RHOW_C.csv,MAFR,Hyp,S3A,-1.040456,45.547661999999995,-1.0417689999999997,45.553028999999995,0.61,5,2025-11-26T08:45:00Z,2025-11-26T09:13:15Z,28,15,16,0.8779,0.854,0.8103,0.8899,0.9772,-0.005563,-0.001336,0.002513,NA,TRUE,FALSE,0.009206,0.007102,21.0721,-0.185354,-0.069595,-0.036309,0.053513,0.085375,0.234747,-22.7845,-7.4801,-3.7707,5.6571,9.3479,30.7821
S3A_20251126T101315_vs_HYPERNETS_20251126T103000_RHOW_C.csv,MAFR,Hyp,S3A,-1.040456,45.547661999999995,-1.0417689999999997,45.553028999999995,0.61,5,2025-11-26T09:30:00Z,2025-11-26T09:13:15Z,17,15,16,0.7708,0.8625,0.7261,0.776,0.8293,-0.005884,-0.002822,4.2e-5,NA,TRUE,FALSE,0.018305,0.015986,33.8964,-0.281331,-0.256686,-0.236476,0.250358,0.257712,0.317643,-39.1711,-34.5328,-30.9727,33.4027,34.7186,46.6317
S3A_20251130T100930_vs_HYPERNETS_20251130T094500_RHOW_C.csv,MAFR,Hyp,S3A,-1.040456,45.547661999999995,-1.0479209999999997,45.553802,0.9,5,2025-11-30T08:45:00Z,2025-11-30T09:09:30Z,24,15,15,0.7995,0.8795,0.7352,0.8103,0.8931,-0.008203,-0.004057,-2.96e-4,NA,TRUE,TRUE,0.015854,0.013999,39.1146,-0.341536,-0.255268,-0.232955,0.240623,0.329002,0.346275,-51.8697,-34.2765,-30.3711,31.69,49.0317,52.9704
S3A_20251130T100930_vs_HYPERNETS_20251130T103000_RHOW_C.csv,MAFR,Hyp,S3A,-1.040456,45.547661999999995,-1.0479209999999997,45.553802,0.9,5,2025-11-30T09:30:00Z,2025-11-30T09:09:30Z,20,15,15,0.7666,0.85,0.6884,0.7864,0.8985,-0.010124,-0.004306,7.86e-4,NA,TRUE,FALSE,0.018524,0.015855,41.6134,-0.349225,-0.299337,-0.231357,0.232246,0.323796,0.379169,-53.6689,-42.722,-30.0995,30.25,47.8843,61.1975
S3A_20251203T103156_vs_HYPERNETS_20251203T101500_RHOW_C.csv,MAFR,Hyp,S3A,-1.040456,45.547661999999995,-1.046332,45.553098999999996,0.76,5,2025-12-03T09:15:00Z,2025-12-03T09:31:56Z,17,15,16,0.7913,0.859,0.7279,0.8034,0.8867,-0.01111,-0.005644,-6.92e-4,NA,TRUE,TRUE,0.021114,0.019047,37.8067,-0.331365,-0.236256,-0.234498,0.235016,0.238357,0.402108,-49.7158,-30.9339,-30.6333,30.721800000000002,31.2956,67.5081
S3A_20251203T103156_vs_HYPERNETS_20251203T110000_RHOW_C.csv,MAFR,Hyp,S3A,-1.040456,45.547661999999995,-1.046332,45.553098999999996,0.76,5,2025-12-03T10:00:00Z,2025-12-03T09:31:56Z,28,15,16,0.7703,0.8468,0.7039,0.7846,0.8745,-0.012147,-0.006062,-6.03e-4,NA,TRUE,TRUE,0.023538,0.021153,39.6331,-0.359488,-0.254192,-0.251454,0.251895,0.257752,0.430072,-56.3001,-34.0828,-33.5923,33.6712,34.7268,75.7691
S3A_20251208T100159_vs_HYPERNETS_20251208T094500_RHOW_C.csv,MAFR,Hyp,S3A,-1.040456,45.547661999999995,-1.0442639999999999,45.55189299999999,0.56,5,2025-12-08T08:45:00Z,2025-12-08T09:01:59Z,17,15,13,0.6761,1.3465,0.6159,0.6849,0.7618,-0.020097,-0.01134,-0.003466,NA,TRUE,TRUE,0.050452,0.04725,44.1048,-0.440404,-0.384272,-0.377799,0.377799,0.384272,0.440404,-78.7004,-62.4093,-60.7198,60.7198,62.4093,78.7004
S3A_20251208T100159_vs_HYPERNETS_20251208T103000_RHOW_C.csv,MAFR,Hyp,S3A,-1.040456,45.547661999999995,-1.0442639999999999,45.55189299999999,0.56,5,2025-12-08T09:30:00Z,2025-12-08T09:01:59Z,28,15,13,0.9682,1.1471,0.8246,1.0267,1.2783,-0.033479,-0.013755,0.002087,NA,FALSE,FALSE,0.016619,0.012643,19.7154,-0.147699,-0.087189,-0.041899,0.080017,0.097716,0.148355,-17.3294,-9.5517,-4.3731,8.6977,10.4199,17.3294
S3A_20251214T104652_vs_HYPERNETS_20251214T111500_RHOW_C.csv,MAFR,Hyp,S3A,-1.040456,45.547661999999995,-1.044307,45.555111000000004,0.88,5,2025-12-14T10:15:00Z,2025-12-14T09:46:52Z,28,15,16,0.8117,0.8272,0.7462,0.8242,0.9104,0.001271,0.005719,0.009745,NA,TRUE,TRUE,0.009109,0.007405,21.5511,-0.132369,-0.073122,0.029397,0.069374,0.129182,0.140525,-15.2572,-7.8896,2.9177,7.3357,14.8347,16.3501
S3A_20251215T102041_vs_HYPERNETS_20251215T100000_RHOW_C.csv,MAFR,Hyp,S3A,-1.040456,45.547661999999995,-1.0456809999999999,45.553905,0.81,5,2025-12-15T09:00:00Z,2025-12-15T09:20:41Z,21,15,16,0.7223,0.8392,0.6816,0.7269,0.7754,-0.003217,-2.11e-4,0.002608,NA,TRUE,FALSE,0.020945,0.01775,37.6338,-0.33861,-0.295098,-0.244226,0.264355,0.299638,0.411913,-51.5072,-41.8643,-32.3284,35.943,42.7843,70.0452
S3A_20251215T102041_vs_HYPERNETS_20251215T104500_RHOW_C.csv,MAFR,Hyp,S3A,-1.040456,45.547661999999995,-1.0456809999999999,45.553905,0.81,5,2025-12-15T09:45:00Z,2025-12-15T09:20:41Z,24,15,16,0.6695,0.835,0.6363,0.6727,0.7111,-0.003986,-0.001341,0.001162,NA,TRUE,FALSE,0.028231,0.024428,44.3933,-0.422919,-0.35297,-0.329316,0.338964,0.358394,0.474296,-73.5141,-54.5563,-49.1206,51.2784,55.8591,90.2224
S3A_20251218T104308_vs_HYPERNETS_20251218T101500_RHOW_R.csv,MAFR,Hyp,S3A,-1.040456,45.547661999999995,-1.045617,45.553332000000005,0.75,5,2025-12-18T09:15:00Z,2025-12-18T09:43:08Z,28,15,16,0.7602,1.1321,0.6918,0.776,0.8705,-0.016374,-0.010119,-0.004543,NA,TRUE,TRUE,0.02758,0.025037,43.1287,-0.447994,-0.368383,-0.302324,0.302324,0.368383,0.447994,-81.1773,-58.3497,-43.3331,43.3331,58.3497,81.1773
S3A_20251218T104308_vs_HYPERNETS_20251218T110000_RHOW_R.csv,MAFR,Hyp,S3A,-1.040456,45.547661999999995,-1.045617,45.553332000000005,0.75,5,2025-12-18T10:00:00Z,2025-12-18T09:43:08Z,17,15,16,0.683,1.0628,0.6115,0.7053,0.8135,-0.018024,-0.010141,-0.003307,NA,TRUE,TRUE,0.035612,0.031685,46.6881,-0.47984,-0.385575,-0.358411,0.358411,0.385575,0.47984,-92.6363,-62.7785,-55.8637,55.8637,62.7785,92.6363
S3A_20251227T100930_vs_HYPERNETS_20251227T094500_RHOW_C.csv,MAFR,Hyp,S3A,-1.040456,45.547661999999995,-1.048548,45.552718000000006,0.85,5,2025-12-27T08:45:00Z,2025-12-27T09:09:30Z,24,15,13,0.5194,0.6289,0.4383,0.5595,0.7142,-0.009627,-3.94e-4,0.006839,NA,TRUE,FALSE,0.033294,0.027701,62.0302,-0.435342,-0.39769,-0.36685,0.385663,0.40362,0.448191,-77.0984,-66.0274,-57.9404,62.7771,67.6782,81.2223
S3A_20251227T100930_vs_HYPERNETS_20251227T103000_RHOW_C.csv,MAFR,Hyp,S3A,-1.040456,45.547661999999995,-1.048548,45.552718000000006,0.85,5,2025-12-27T09:30:00Z,2025-12-27T09:09:30Z,20,15,13,0.4878,0.679,0.4157,0.517,0.6429,-0.010945999999999999,-0.00234,0.00458,NA,TRUE,FALSE,0.041763,0.036226,62.3555,-0.560288,-0.483917,-0.477428,0.47775,0.492869,0.577279,-127.4215,-93.7672,-91.361,91.4793,97.1875,136.5629
S3A_20251231T100545_vs_HYPERNETS_20251231T094500_RHOW_C.csv,MAFR,Hyp,S3A,-1.040456,45.547661999999995,-1.0536839999999998,45.554590999999995,1.29,5,2025-12-31T08:45:00Z,2025-12-31T09:05:45Z,21,15,15,0.857,0.7675,0.7813,0.8717,0.9726,-0.015032,-0.007955,-0.001612,NA,TRUE,TRUE,0.019192,0.018007,48.2942,-0.347626,-0.248255,-0.187247,0.191514,0.303299,0.35647,-53.2937,-33.0238,-23.0399,23.6881,43.5337,55.394
S3A_20251231T100545_vs_HYPERNETS_20251231T103000_RHOW_C.csv,MAFR,Hyp,S3A,-1.040456,45.547661999999995,-1.0536839999999998,45.554590999999995,1.29,5,2025-12-31T09:30:00Z,2025-12-31T09:05:45Z,24,15,15,0.8391,0.8093,0.7556,0.8592,0.977,-0.015346,-0.007083,1.84e-4,NA,TRUE,FALSE,0.019909,0.017885,39.8283,-0.278888,-0.214635,-0.181526,0.18349,0.229942,0.333794,-38.6748,-27.3293,-22.1789,22.4725,29.8603,50.6011
S3B_20240605T104910_vs_HYPERNETS_20240605T103000_RHOW_C.csv,MAFR,Hyp,S3B,-1.040456,45.547661999999995,-1.0457439999999998,45.554939999999995,0.91,5,2024-06-05T08:30:00Z,2024-06-05T08:49:10Z,19,15,14,0.9218,0.9387,0.8237,0.9445,1.083,-0.013759,-0.005239,0.002192,NA,FALSE,FALSE,0.011937,0.008781,16.469,-0.130481,-0.109041,-0.063532,0.073447,0.12049,0.208036,-15.0065,-12.245,-6.7848,7.9311,13.6999,21.2504
S3B_20240605T104910_vs_HYPERNETS_20240605T111500_RHOW_C.csv,MAFR,Hyp,S3B,-1.040456,45.547661999999995,-1.0457439999999998,45.554939999999995,0.91,5,2024-06-05T09:15:00Z,2024-06-05T08:49:10Z,26,15,14,0.8982,0.9531,0.8218,0.9104,1.0086,-0.014875,-0.008282,-0.00233,NA,FALSE,TRUE,0.015905,0.014469,26.8448,-0.331669,-0.211762,-0.161185,0.165831,0.267151,0.33277,-49.6268,-26.8936,-19.2163,19.8799,31.4332,49.6268
S3B_20240611T095304_vs_HYPERNETS_20240611T101500_RHOW_C.csv,MAFR,Hyp,S3B,-1.040456,45.547661999999995,-1.050202,45.554114,1.05,5,2024-06-11T08:15:00Z,2024-06-11T07:53:04Z,22,15,16,0.8044,0.4623,0.7212,0.8297,0.9547,0.020484,0.026984,0.032633,NA,TRUE,TRUE,0.020615,0.018127,122.5462,0.092637,0.423661,1.344633,0.092637,0.423661,1.344633,9.2632,41.4031,134.2803,9.2632,41.4031,134.2803
S3B_20240613T104142_vs_HYPERNETS_20240613T101500_RHOW_C.csv,MAFR,Hyp,S3B,-1.040456,45.547661999999995,-1.045555,45.553748999999996,0.79,5,2024-06-13T08:15:00Z,2024-06-13T08:41:42Z,27,15,16,0.8157,0.7258,0.7378,0.8358,0.9469,-0.004639,-0.002132,8.1e-5,NA,TRUE,FALSE,0.00765,0.006216,54.1554,-0.244289,-0.217863,-0.132606,0.167454,0.221847,0.31427,-32.3685,-27.8558,-15.3639,20.1212,28.5095,46.5228
S3B_20240613T104142_vs_HYPERNETS_20240613T110000_RHOW_C.csv,MAFR,Hyp,S3B,-1.040456,45.547661999999995,-1.045555,45.553748999999996,0.79,5,2024-06-13T09:00:00Z,2024-06-13T08:41:42Z,18,15,16,0.7847,0.7553,0.7018,0.8112,0.9375,-0.006454,-0.003328,-6.23e-4,NA,TRUE,TRUE,0.009909,0.00826,49.5735,-0.338846,-0.309475,-0.197699,0.233549,0.318579,0.380267,-51.2513,-44.8296,-24.6773,30.4936,46.7521,62.3589
S3B_20240617T103756_vs_HYPERNETS_20240617T110000_RHOW_R.csv,MAFR,Hyp,S3B,-1.040456,45.547661999999995,-1.0469249999999999,45.550394,0.59,5,2024-06-17T09:00:00Z,2024-06-17T08:37:56Z,22,15,5,0.237,0.4514,0.1155,0.2887,0.7215,-0.00476,0.001923,0.004597,NA,TRUE,FALSE,0.02231,0.013222,343.1491,-0.834025,-0.718475,-0.604189,0.718475,0.834025,0.926241,-502.5017,-255.2087,-152.646,255.2087,502.5017,1255.7734
S3B_20240625T103029_vs_HYPERNETS_20240625T110000_RHOW_C.csv,MAFR,Hyp,S3B,-1.040456,45.547661999999995,-1.047073,45.554444999999994,0.91,5,2024-06-25T09:00:00Z,2024-06-25T08:30:29Z,30,15,16,0.7855,0.9222,0.7128,0.8033,0.9053,-0.010581,-0.004348,0.001183,NA,TRUE,FALSE,0.019362,0.016479,27.3725,-0.33136,-0.219886,-0.124222,0.157052,0.219886,0.33136,-49.6179,-28.1868,-14.1852,17.1035,28.1868,49.6179
S3B_20240626T100418_vs_HYPERNETS_20240626T094500_RHOW_R.csv,MAFR,Hyp,S3B,-1.040456,45.547661999999995,-1.0438689999999997,45.55285,0.64,5,2024-06-26T07:45:00Z,2024-06-26T08:04:18Z,19,15,16,0.8608,0.67490000000000006,0.7763,0.8839,1.0063,-0.003148,0.002118,0.006744,NA,FALSE,FALSE,0.008074,0.006716,48.1931,-0.163402,0.002697,0.461971,0.103692,0.230325,0.49967,-19.5577,0.2687,46.1267,10.5368,30.0753,55.3763
S3B_20240626T100418_vs_HYPERNETS_20240626T103000_RHOW_R.csv,MAFR,Hyp,S3B,-1.040456,45.547661999999995,-1.0438689999999997,45.55285,0.64,5,2024-06-26T08:30:00Z,2024-06-26T08:04:18Z,26,15,16,0.7807,0.8231,0.7188,0.7922,0.8732,-0.00653,-0.002207,0.001716,NA,TRUE,FALSE,0.015992,0.013932,33.453,-0.274032,-0.233889,-0.175693,0.186672,0.252261,0.291342,-37.7472,-30.5303,-21.3141,22.9551,33.7647,41.2208
S3B_20240630T100034_vs_HYPERNETS_20240630T094500_RHOW_C.csv,MAFR,Hyp,S3B,-1.040456,45.547661999999995,-1.043362,45.553290999999994,0.67,5,2024-06-30T07:45:00Z,2024-06-30T08:00:34Z,16,15,16,0.8509,0.6581,0.8021,0.8566,0.9148,1.27e-4,0.00154,0.002864,NA,TRUE,TRUE,0.004091,0.003345,84.6859,-0.125872,-0.082616,0.153197,0.109691,0.129219,0.186865,-14.4022,-9.0073,15.1743,11.3328,14.8429,21.0731
S3B_20240630T100034_vs_HYPERNETS_20240630T103000_RHOW_C.csv,MAFR,Hyp,S3B,-1.040456,45.547661999999995,-1.043362,45.553290999999994,0.67,5,2024-06-30T08:30:00Z,2024-06-30T08:00:34Z,29,15,16,0.9529,0.6446,0.8994,0.959,1.0225,7e-4,0.002044,0.003305,NA,FALSE,TRUE,0.002416,0.001728,109.2595,0.028379,0.059682,0.284595,0.039194,0.064311,0.284595,2.8374,5.9626,28.3289,4.0059,6.6085,28.3289
S3B_20240708T095305_vs_HYPERNETS_20240708T093000_RHOW_C.csv,MAFR,Hyp,S3B,-1.040456,45.547661999999995,-1.0452259999999998,45.55359,0.76,5,2024-07-08T07:30:00Z,2024-07-08T07:53:05Z,23,15,15,0.8954,0.7888,0.8036,0.9187,1.0503,-0.015564,-0.006943,5.98e-4,NA,FALSE,FALSE,0.015218,0.013284,38.3035,-0.191791,-0.157209,-0.132775,0.13427,0.15984,0.240584,-23.7426,-18.6534,-15.3104,15.5096,19.0249,31.8403
S3B_20240708T095305_vs_HYPERNETS_20240708T101500_RHOW_C.csv,MAFR,Hyp,S3B,-1.040456,45.547661999999995,-1.0452259999999998,45.55359,0.76,5,2024-07-08T08:15:00Z,2024-07-08T07:53:05Z,22,15,15,0.9092,0.8547,0.8209,0.9295,1.0524,-0.016317,-0.008195,-0.001021,NA,FALSE,TRUE,0.015262,0.013765,35.3922,-0.249826,-0.178665,-0.145978,0.148482,0.219952,0.255697,-33.3042,-21.7529,-17.0932,17.4374,28.1973,34.3543
S3B_20240719T100804_vs_HYPERNETS_20240719T103100_RHOW_C.csv,MAFR,Hyp,S3B,-1.040456,45.547661999999995,-1.0437389999999998,45.553419999999996,0.69,5,2024-07-19T08:31:00Z,2024-07-19T08:08:04Z,23,15,15,0.6946,0.6234,0.6074,0.7305,0.8785,-0.006255,-0.002803,6.7e-5,NA,TRUE,FALSE,0.011516,0.009622,84.9003,-0.480729,-0.389581,-0.182504,0.260446,0.408634,0.487366,-92.5879,-63.8219,-22.4271,35.4621,69.1001,95.0714
S3B_20240725T105256_vs_HYPERNETS_20240725T103000_RHOW_C.csv,MAFR,Hyp,S3B,-1.040456,45.547661999999995,-1.044533,45.554469999999995,0.82,5,2024-07-25T08:30:00Z,2024-07-25T08:52:56Z,23,15,14,0.9305,0.8719,0.8336,0.9521,1.0876,-0.014493,-0.006304,8.65e-4,NA,FALSE,FALSE,0.011798,0.009497,22.6436,-0.201367,-0.139591,-0.083313,0.085286,0.16385,0.220647,-25.2239,-16.2671,-9.0886,9.3237,19.5958,28.3178
S3B_20240725T105256_vs_HYPERNETS_20240725T111500_RHOW_C.csv,MAFR,Hyp,S3B,-1.040456,45.547661999999995,-1.044533,45.554469999999995,0.82,5,2024-07-25T09:15:00Z,2024-07-25T08:52:56Z,22,15,14,0.9018,0.8683,0.8232,0.9148,1.0166,-0.014885,-0.00826,-0.002299,NA,FALSE,TRUE,0.01529,0.014124,30.5886,-0.322055,-0.203485,-0.154623,0.157328,0.269636,0.335212,-47.5047,-25.5864,-18.2905,18.6703,37.1926,50.4337
S3B_20240726T102645_vs_HYPERNETS_20240726T100000_RHOW_C.csv,MAFR,Hyp,S3B,-1.040456,45.547661999999995,-1.041172,45.55423699999999,0.73,5,2024-07-26T08:00:00Z,2024-07-26T08:26:45Z,27,15,16,1.0796,0.836,1.0552,1.0805,1.1064,3.33e-4,0.001553,0.002746,NA,TRUE,TRUE,0.005998,0.005348,22.3443,0.091568,0.10006,0.120463,0.091568,0.10006,0.120463,9.1567,10.006,12.0397,9.1567,10.006,12.0397
S3B_20240726T102645_vs_HYPERNETS_20240726T104500_RHOW_C.csv,MAFR,Hyp,S3B,-1.040456,45.547661999999995,-1.041172,45.55423699999999,0.73,5,2024-07-26T08:45:00Z,2024-07-26T08:26:45Z,18,15,16,0.8742,0.848,0.8411,0.8765,0.9133,-0.001338,8.31e-4,0.002913,NA,TRUE,FALSE,0.008259,0.007016,19.3015,-0.150024,-0.124173,-0.078255,0.092043,0.136993,0.171679,-17.661,-14.1896,-8.4931,10.1395,15.8739,20.7273
S3B_20240729T104913_vs_HYPERNETS_20240729T103000_RHOW_C.csv,MAFR,Hyp,S3B,-1.040456,45.547661999999995,-1.0455839999999998,45.55364699999999,0.78,5,2024-07-29T08:30:00Z,2024-07-29T08:49:13Z,19,15,4,-5.8656,-1.6881,-34.6358,-7.9667,-1.8324,0.009945,0.022522,0.077203,NA,TRUE,TRUE,0.010563,0.006337,918.9323,-0.581479,-0.543924,8.376564,0.557485,0.591912,9.22375,-139.1672,-119.6506,42.0168,126.2876,145.3659,399.2015
S3B_20240729T104913_vs_HYPERNETS_20240729T111600_RHOW_C.csv,MAFR,Hyp,S3B,-1.040456,45.547661999999995,-1.0455839999999998,45.55364699999999,0.78,5,2024-07-29T09:16:00Z,2024-07-29T08:49:13Z,27,15,4,-6.9734,-1.7043,-42.1271,-9.5777,-2.1775,0.00991,0.022562,0.07821,NA,TRUE,TRUE,0.010562,0.006038,1058.9522,-0.49439,-0.449417,9.916758,0.464861,0.508474,10.633135,-98.0203,-81.912,69.4373,87.0927,103.7828,353.0794
S3B_20240731T095651_vs_HYPERNETS_20240731T093000_RHOW_C.csv,MAFR,Hyp,S3B,-1.040456,45.547661999999995,-1.0447039999999999,45.552124,0.6,5,2024-07-31T07:30:00Z,2024-07-31T07:56:51Z,27,15,14,0.6191,0.5858,0.5318,0.6598,0.8187,-0.005068,-0.001082,0.002131,NA,TRUE,FALSE,0.013331,0.010796,91.6898,-0.453963,-0.406675,-0.050687,0.349189,0.441669,0.48527,-83.1435,-68.6066,-6.2295,51.359,75.438,84.4576
S3B_20240731T095651_vs_HYPERNETS_20240731T101600_RHOW_C.csv,MAFR,Hyp,S3B,-1.040456,45.547661999999995,-1.0447039999999999,45.552124,0.6,5,2024-07-31T08:16:00Z,2024-07-31T07:56:51Z,19,15,14,0.6551,0.6006,0.5607,0.7028,0.8808,-0.00514,-9.74e-4,0.00235,NA,TRUE,FALSE,0.011528,0.009207,85.5258,-0.398952,-0.369517,0.007895,0.330478,0.387963,0.456335,-66.382,-58.6271,0.0129,40.9288,63.3898,67.3064
S3B_20240806T104144_vs_HYPERNETS_20240806T110100_RHOW_R.csv,MAFR,Hyp,S3B,-1.040456,45.547661999999995,-1.0462580000000001,45.549710000000005,0.51,5,2024-08-06T09:01:00Z,2024-08-06T08:41:44Z,19,15,16,0.5952,0.6157,0.5445,0.6058,0.6741,0.004034,0.00654,0.008793,NA,TRUE,TRUE,0.01222,0.009895,44.5028,-0.299389,-0.241751,-0.090542,0.145434,0.280941,0.300634,-42.7327,-31.9443,-9.9884,17.0596,36.6538,42.9869
S3B_20240810T103759_vs_HYPERNETS_20240810T101600_RHOW_C.csv,MAFR,Hyp,S3B,-1.040456,45.547661999999995,-1.0436699999999999,45.553625,0.71,5,2024-08-10T08:16:00Z,2024-08-10T08:37:59Z,22,15,16,1.057,0.7307,0.9496,1.0885,1.2476,-0.002323,0.003139,0.007905,NA,FALSE,FALSE,0.008972,0.006854,52.083,0.002974,0.324817,0.698705,0.052165,0.324817,0.698705,0.2875,32.4816,69.8049,5.4357,32.4816,69.8049
S3B_20240810T103759_vs_HYPERNETS_20240810T110000_RHOW_C.csv,MAFR,Hyp,S3B,-1.040456,45.547661999999995,-1.0436699999999999,45.553625,0.71,5,2024-08-10T09:00:00Z,2024-08-10T08:37:59Z,22,15,16,0.7773,0.8628,0.747,0.7794,0.8133,-0.001983,-2.16e-4,0.001477,NA,TRUE,FALSE,0.014127,0.011996,24.7379,-0.232837,-0.218201,-0.164638,0.192914,0.220069,0.252068,-30.3542,-27.9103,-19.7326,23.9133,28.2165,33.7334
S3B_20240811T101148_vs_HYPERNETS_20240811T094500_RHOW_C.csv,MAFR,Hyp,S3B,-1.040456,45.547661999999995,-1.04286,45.55426299999999,0.76,5,2024-08-11T07:45:00Z,2024-08-11T08:11:48Z,27,15,15,0.7102,0.6651,0.6257,0.7402,0.8756,-0.005005,-0.001651,0.001184,NA,TRUE,FALSE,0.011021,0.008615,74.8636,-0.312937,-0.283347,-0.176018,0.224808,0.301424,0.35284,-45.5655,-39.5376,-21.4981,29.0105,43.1483,54.6762
S3B_20240811T101148_vs_HYPERNETS_20240811T103000_RHOW_C.csv,MAFR,Hyp,S3B,-1.040456,45.547661999999995,-1.04286,45.55426299999999,0.76,5,2024-08-11T08:30:00Z,2024-08-11T08:11:48Z,18,15,15,0.5776,0.7074,0.5081,0.603,0.7154,-0.006977,-0.003257,-1.22e-4,NA,TRUE,TRUE,0.020166,0.016873,75.9348,-0.542783,-0.488967,-0.4218,0.446266,0.525347,0.554528,-118.717,-95.682,-72.9512,80.7447,110.68,124.5333
S3B_20240819T100418_vs_HYPERNETS_20240819T094500_RHOW_R.csv,MAFR,Hyp,S3B,-1.040456,45.547661999999995,-1.04348,45.55225,0.56,5,2024-08-19T07:45:00Z,2024-08-19T08:04:18Z,19,15,15,0.7327,0.8076,0.634,0.7854,0.9729,-0.004208,0.008008,0.017869,NA,TRUE,FALSE,0.014703,0.012898,22.9613,-0.215756,-0.184695,0.145643,0.17157,0.214623,0.256302,-27.5115,-22.6535,14.5571,19.2004,27.3274,33.7339
S3B_20240819T100418_vs_HYPERNETS_20240819T103000_RHOW_R.csv,MAFR,Hyp,S3B,-1.040456,45.547661999999995,-1.04348,45.55225,0.56,5,2024-08-19T08:30:00Z,2024-08-19T08:04:18Z,26,15,16,0.7905,0.6001,0.7241,0.8041,0.8929,0.007884,0.012712,0.01706,NA,TRUE,TRUE,0.009273,0.007421,45.6342,-0.051212,-0.011837,0.907769,0.035071,0.094912,0.907769,-5.401,-1.2003,90.7678,3.6347,10.487,90.7678
S3B_20240821T105255_vs_HYPERNETS_20240821T103000_RHOW_C.csv,MAFR,Hyp,S3B,-1.040456,45.547661999999995,-1.045888,45.553596,0.78,5,2024-08-21T08:30:00Z,2024-08-21T08:52:55Z,23,15,13,0.8721,0.3907,0.813,0.8781,0.9483,0.041715,0.045857,0.049692,NA,TRUE,TRUE,0.038942,0.038665,111.9783,0.39591,0.5961,1.220535,0.39591,0.5961,1.220535,39.591,59.61,122.0535,39.591,59.61,122.0535
S3B_20240821T105255_vs_HYPERNETS_20240821T111500_RHOW_C.csv,MAFR,Hyp,S3B,-1.040456,45.547661999999995,-1.045888,45.553596,0.78,5,2024-08-21T09:15:00Z,2024-08-21T08:52:55Z,22,15,14,0.896,0.2143,0.8666,0.8974,0.9293,0.041708,0.043493,0.045217,NA,TRUE,TRUE,0.037923,0.037754,822.1867,0.390159,0.632084,1.307959,0.390159,0.632084,1.307959,39.0158,63.1821,130.7669,39.0158,63.1821,130.7669
S3B_20240822T102645_vs_HYPERNETS_20240822T100000_RHOW_C.csv,MAFR,Hyp,S3B,-1.040456,45.547661999999995,-1.044479,45.55432,0.8,5,2024-08-22T08:00:00Z,2024-08-22T08:26:45Z,27,15,15,0.8026,0.67490000000000006,0.7692,0.8049,0.8423,0.018311,0.020955,0.023482,NA,TRUE,TRUE,0.010356,0.008511,23.3199,-0.01149,0.104664,0.393488,0.02206,0.104664,0.393488,-1.1631,10.4664,38.7477,2.2558,10.4664,38.7477
S3B_20240822T102645_vs_HYPERNETS_20240822T104600_RHOW_C.csv,MAFR,Hyp,S3B,-1.040456,45.547661999999995,-1.044479,45.55432,0.8,5,2024-08-22T08:46:00Z,2024-08-22T08:26:45Z,19,15,15,0.8128,0.4351,0.7445,0.8251,0.9144,0.021728,0.027214,0.032165,NA,TRUE,TRUE,0.018444,0.016471,83.7581,0.100768,0.199752,0.595803,0.100768,0.199752,0.595803,10.0689,19.9752,59.5216,10.0689,19.9752,59.5216
S3B_20240825T104912_vs_HYPERNETS_20240825T103000_RHOW_C.csv,MAFR,Hyp,S3B,-1.040456,45.547661999999995,-1.044803,45.554125,0.8,5,2024-08-25T08:30:00Z,2024-08-25T08:49:12Z,19,15,16,0.8425,0.8507,0.739,0.8937,1.0808,-0.014194,-0.004053,0.004333,NA,FALSE,FALSE,0.015394,0.011862,26.957,-0.298507,-0.070758,0.206845,0.105092,0.209201,0.33859,-42.621,-7.6147,20.6845,11.7683,22.379,42.621
S3B_20240825T104912_vs_HYPERNETS_20240825T111500_RHOW_C.csv,MAFR,Hyp,S3B,-1.040456,45.547661999999995,-1.044803,45.554125,0.8,5,2024-08-25T09:15:00Z,2024-08-25T08:49:12Z,26,15,16,0.7803,0.9549,0.7036,0.8013,0.9124,-0.012931,-0.005948,1.84e-4,NA,TRUE,FALSE,0.021566,0.018432,29.1533,-0.332163,-0.233128,-0.158121,0.158121,0.233128,0.332163,-49.8009,-30.3999,-18.7823,18.7823,30.3999,49.8009
S3B_20240826T102302_vs_HYPERNETS_20240826T100000_RHOW_R.csv,MAFR,Hyp,S3B,-1.040456,45.547661999999995,-1.045259,45.552428,0.65,5,2024-08-26T08:00:00Z,2024-08-26T08:23:02Z,23,15,16,0.7638,0.6247,0.6804,0.7926,0.9233,-0.003893,-3.68e-4,0.002658,NA,TRUE,FALSE,0.009291,0.007114,84.6855,-0.256309,-0.133808,0.257254,0.137819,0.264867,0.400445,-34.4916,-15.4479,25.7086,15.9852,31.1131,46.5846
S3B_20240826T102302_vs_HYPERNETS_20240826T104500_RHOW_R.csv,MAFR,Hyp,S3B,-1.040456,45.547661999999995,-1.045259,45.552428,0.65,5,2024-08-26T08:45:00Z,2024-08-26T08:23:02Z,22,15,16,0.7011,0.7081,0.6297,0.7222,0.8282,-0.006253,-0.00276,2.85e-4,NA,TRUE,FALSE,0.014638,0.012522,67.4375,-0.380799,-0.332263,-0.295602,0.311881,0.349919,0.40436,-61.4985,-49.7648,-42.0675,45.3236,53.8535,68.2896
S3B_20240827T095651_vs_HYPERNETS_20240827T093000_RHOW_R.csv,MAFR,Hyp,S3B,-1.040456,45.547661999999995,-1.0472199999999998,45.553802,0.86,5,2024-08-27T07:30:00Z,2024-08-27T07:56:51Z,27,15,15,0.7049,0.6267,0.6162,0.7418,0.8928,-0.006064,-0.001755,0.001825,NA,TRUE,FALSE,0.01267,0.010219,95.2289,-0.307852,-0.289395,-0.245507,0.279343,0.296505,0.335946,-44.4859,-40.7251,-32.6608,38.7626,42.1474,50.664
S3B_20240827T095651_vs_HYPERNETS_20240827T101600_RHOW_R.csv,MAFR,Hyp,S3B,-1.040456,45.547661999999995,-1.0472199999999998,45.553802,0.86,5,2024-08-27T08:16:00Z,2024-08-27T07:56:51Z,19,15,15,0.7762,0.5592,0.6748,0.8239,1.006,-0.005124,-6.85e-4,0.00295,NA,FALSE,FALSE,0.009016,0.006396,135.211,-0.173255,-0.115006,0.03431,0.111711,0.130265,0.283702,-21.1202,-12.9951,3.4309,12.5767,14.9775,33.9905
S3B_20240830T101918_vs_HYPERNETS_20240830T100000_RHOW_C.csv,MAFR,Hyp,S3B,-1.040456,45.547661999999995,-1.0468039999999998,45.553988,0.86,5,2024-08-30T08:00:00Z,2024-08-30T08:19:18Z,19,15,16,0.4217,0.907,0.366,0.4774,0.6228,-0.007332,-0.001484,0.002999,NA,TRUE,FALSE,0.02842,0.022709,59.8192,-0.728803,-0.670422,-0.448928,0.484392,0.702833,0.736461,-268.7725,-204.3791,-81.6798,86.2023,204.3791,268.7725
S3B_20240831T095307_vs_HYPERNETS_20240831T093000_RHOW_R.csv,MAFR,Hyp,S3B,-1.040456,45.547661999999995,-1.0439299999999998,45.553264999999996,0.68,5,2024-08-31T07:30:00Z,2024-08-31T07:53:07Z,23,15,16,0.805,0.6657,0.7553,0.8114,0.8716,9.83e-4,0.003537,0.005914,NA,TRUE,TRUE,0.007998,0.006393,58.4951,-0.163814,-0.113187,0.029343,0.093412,0.1336,0.181342,-19.5909,-12.7655,2.9341,9.4936,15.4363,20.5377
S3B_20240831T095307_vs_HYPERNETS_20240831T101500_RHOW_R.csv,MAFR,Hyp,S3B,-1.040456,45.547661999999995,-1.0439299999999998,45.553264999999996,0.68,5,2024-08-31T08:15:00Z,2024-08-31T07:53:07Z,22,15,16,0.8849,0.6416,0.84,0.8893,0.9416,0.003961,0.005846,0.007627,NA,TRUE,TRUE,0.00441,0.003473,75.1314,0.008324,0.052056,0.397891,0.040895,0.065474,0.397891,0.8318,5.1999,39.1262,4.0895,6.7936,39.1262
S3B_20240915T100417_vs_HYPERNETS_20240915T094500_RHOW_R.csv,MAFR,Hyp,S3B,-1.040456,45.547661999999995,-1.0452309999999998,45.55458899999999,0.86,5,2024-09-15T07:45:00Z,2024-09-15T08:04:17Z,19,15,16,0.6736,0.8445,0.6008,0.6981,0.811,-0.012593,-0.006612,-0.001464,NA,TRUE,TRUE,0.026148,0.023091,57.7779,-0.499313,-0.45003,-0.389982,0.425361,0.462529,0.528715,-99.7368,-81.828,-64.0413,74.0648,86.1058,112.812
S3B_20240915T100417_vs_HYPERNETS_20240915T103000_RHOW_R.csv,MAFR,Hyp,S3B,-1.040456,45.547661999999995,-1.0452309999999998,45.55458899999999,0.86,5,2024-09-15T08:30:00Z,2024-09-15T08:04:17Z,26,15,16,0.7653,0.8372,0.6827,0.7931,0.9214,-0.012742,-0.006743,-0.001578,NA,TRUE,TRUE,0.019069,0.016923,51.8533,-0.415398,-0.355902,-0.308982,0.3218,0.368112,0.478857,-71.3027,-55.256,-44.7355,47.4509,58.2828,92.0022
S3B_20240918T102643_vs_HYPERNETS_20240918T100000_RHOW_C.csv,MAFR,Hyp,S3B,-1.040456,45.547661999999995,-1.048768,45.55092,0.74,5,2024-09-18T08:00:00Z,2024-09-18T08:26:43Z,27,15,13,0.8659,0.4241,0.7521,0.8996,1.076,0.018728,0.030456,0.040262,NA,FALSE,TRUE,0.025501,0.023781,81.082,0.200477,0.244031,0.730376,0.200477,0.244031,0.730376,20.0477,24.4031,73.0376,20.0477,24.4031,73.0376
S3B_20240919T100031_vs_HYPERNETS_20240919T094500_RHOW_C.csv,MAFR,Hyp,S3B,-1.040456,45.547661999999995,-1.0444989999999998,45.553838,0.76,5,2024-09-19T07:45:00Z,2024-09-19T08:00:31Z,16,15,14,1.0728,0.531,1.0155,1.0776,1.1435,0.013439,0.01759,0.021501,NA,TRUE,TRUE,0.022869,0.022475,90.1335,0.258101,0.304961,0.610307,0.258101,0.304961,0.610307,25.8098,30.4507,60.9842,25.8098,30.4507,60.9842
S3B_20241004T101142_vs_HYPERNETS_20241004T094500_RHOW_C.csv,MAFR,Hyp,S3B,-1.040456,45.547661999999995,-1.0453209999999997,45.553658,0.77,5,2024-10-04T07:45:00Z,2024-10-04T08:11:42Z,27,15,14,0.7948,0.4997,0.6886,0.8362,1.0153,-0.018268,-0.003902,0.007929,NA,FALSE,FALSE,0.022167,0.018504,87.719,-0.240301,-0.171357,-0.088153,0.101579,0.172097,0.345174,-31.6814,-20.6792,-9.6699,11.3086,20.7871,53.1938
S3B_20241004T101142_vs_HYPERNETS_20241004T103000_RHOW_C.csv,MAFR,Hyp,S3B,-1.040456,45.547661999999995,-1.0453209999999997,45.553658,0.77,5,2024-10-04T08:30:00Z,2024-10-04T08:11:42Z,18,15,13,0.909,1.182,0.8165,0.9258,1.0496,-0.022421,-0.011846,-0.002518,NA,FALSE,TRUE,0.019577,0.018183,23.6899,-0.215335,-0.17489,-0.164598,0.164598,0.17489,0.215335,-27.443,-21.1959,-19.7028,19.7028,21.1959,27.443
S3B_20241011T103025_vs_HYPERNETS_20241011T110000_RHOW_R.csv,MAFR,Hyp,S3B,-1.040456,45.547661999999995,-1.0458979999999998,45.55368099999999,0.79,5,2024-10-11T09:00:00Z,2024-10-11T08:30:25Z,30,15,16,0.7287,0.7891,0.6687,0.7405,0.82,-0.003924,-0.00157,5.55e-4,NA,TRUE,FALSE,0.011927,0.009438,34.4084,-0.318138,-0.274908,-0.079067,0.194585,0.29753,0.342177,-46.6573,-37.9404,-8.6782,24.2038,42.3648,52.3242
S3B_20241018T104909_vs_HYPERNETS_20241018T111500_RHOW_C.csv,MAFR,Hyp,S3B,-1.040456,45.547661999999995,-1.045915,45.555490999999996,0.97,5,2024-10-18T09:15:00Z,2024-10-18T08:49:09Z,26,15,15,0.7721,0.6115,0.6647,0.8409,1.0637,0.011961,0.029391,0.043168,NA,FALSE,TRUE,0.023471,0.017154,40.0612,0.048825,0.169299,0.580629,0.048825,0.169299,0.580629,4.8825,16.9299,58.0625,4.8825,16.9299,58.0625
S3B_20241022T104525_vs_HYPERNETS_20241022T111500_RHOW_C.csv,MAFR,Hyp,S3B,-1.040456,45.547661999999995,-1.0455459999999999,45.554936999999995,0.9,5,2024-10-22T09:15:00Z,2024-10-22T08:45:25Z,30,15,16,0.7798,0.8047,0.7365,0.7845,0.8358,-0.006852,-0.002884,8.4e-4,NA,TRUE,FALSE,0.022396,0.020133,33.6838,-0.279363,-0.230931,-0.224355,0.228843,0.233261,0.315186,-38.796,-30.0273,-28.9294,29.6754,30.423,46.074
S3B_20241030T103757_vs_HYPERNETS_20241030T110000_RHOW_R.csv,MAFR,Hyp,S3B,-1.040456,45.547661999999995,-1.046066,45.55527,0.95,5,2024-10-30T10:00:00Z,2024-10-30T09:37:57Z,22,15,16,0.4895,0.7197,0.425,0.539,0.6836,-0.006844,0.003191,0.011103,NA,TRUE,FALSE,0.036869,0.030958,50.5547,-0.545785,-0.463426,-0.295805,0.35401,0.484842,0.616268,-120.9503,-86.4768,-42.5054,54.8336,94.1187,142.4083
S3B_20241031T101146_vs_HYPERNETS_20241031T094500_RHOW_C.csv,MAFR,Hyp,S3B,-1.040456,45.547661999999995,-1.0458609999999997,45.555091,0.93,5,2024-10-31T08:45:00Z,2024-10-31T09:11:46Z,27,15,14,0.7877,0.8128,0.6925,0.8163,0.9623,-0.017099,-0.005524,0.004296,NA,TRUE,FALSE,0.024139,0.020669,30.5387,-0.247174,-0.196026,-0.19101,0.191578,0.207928,0.333465,-32.8603,-24.3828,-23.6109,23.6978,26.2596,50.3513
S3B_20241031T101146_vs_HYPERNETS_20241031T103000_RHOW_C.csv,MAFR,Hyp,S3B,-1.040456,45.547661999999995,-1.0458609999999997,45.555091,0.93,5,2024-10-31T09:30:00Z,2024-10-31T09:11:46Z,18,15,14,0.778,0.7773,0.6847,0.8056,0.9479,-0.016265,-0.004936,0.004692,NA,TRUE,FALSE,0.024588,0.021102,32.9352,-0.252424,-0.199488,-0.189129,0.196113,0.20213,0.336902,-33.7969,-24.92,-23.3256,24.3957,25.3342,51.115
S3B_20241103T103414_vs_HYPERNETS_20241103T110000_RHOW_R.csv,MAFR,Hyp,S3B,-1.040456,45.547661999999995,-1.046148,45.55407099999999,0.84,5,2024-11-03T10:00:00Z,2024-11-03T09:34:14Z,26,15,14,0.8504,1.6919,0.7612,0.8706,0.9958,-0.027854,-0.016563,-0.006692,NA,TRUE,TRUE,0.030074,0.028236,36.251,-0.386202,-0.264905,-0.2473,0.2473,0.264905,0.386202,-63.3091,-36.0514,-32.8551,32.8551,36.0514,63.3091
S3B_20241111T102643_vs_HYPERNETS_20241111T104500_RHOW_R.csv,MAFR,Hyp,S3B,-1.040456,45.547661999999995,-1.043242,45.547985,0.22,5,2024-11-11T09:45:00Z,2024-11-11T09:26:43Z,18,15,12,-0.043,-0.2921,-0.7944,-0.4134,-0.2151,0.015404,0.020704,0.03089,NA,TRUE,TRUE,0.032994,0.027264,501.8255,-0.900312,-0.798302,2.038612,0.874851,0.933172,2.038612,-914.374,-432.4119,203.6015,253.6249,692.7407,1313.806
S3B_20241112T100032_vs_HYPERNETS_20241112T094500_RHOW_C.csv,MAFR,Hyp,S3B,-1.040456,45.547661999999995,-1.0447170000000001,45.551975,0.58,5,2024-11-12T08:45:00Z,2024-11-12T09:00:32Z,16,15,10,0.5525,0.7233,0.4389,0.5999,0.82,-0.023621,-0.008417,0.002705,NA,TRUE,FALSE,0.039579,0.037151000000000003,70.0226,-0.589904,-0.517824,-0.480917,0.504441,0.554281,0.688255,-143.8644,-107.4354,-92.7079,101.7941,124.7612,170.2748
S3B_20241114T104910_vs_HYPERNETS_20241114T103000_RHOW_R.csv,MAFR,Hyp,S3B,-1.040456,45.547661999999995,-1.04683,45.553932,0.86,5,2024-11-14T09:30:00Z,2024-11-14T09:49:10Z,19,15,15,0.5935,0.1706,0.5426,0.603,0.6702,0.117709,0.121948,0.125762,NA,TRUE,TRUE,0.097941,0.096888,279.7362,0.804631,1.62263,3.426629,0.804631,1.62263,3.426629,80.4594,162.263,342.6625,80.4594,162.263,342.6625
S3B_20241114T104910_vs_HYPERNETS_20241114T111500_RHOW_R.csv,MAFR,Hyp,S3B,-1.040456,45.547661999999995,-1.04683,45.553932,0.86,5,2024-11-14T10:15:00Z,2024-11-14T09:49:10Z,26,15,15,0.5222,0.197,0.4583,0.5466,0.652,0.111678,0.119489,0.126038,NA,TRUE,TRUE,0.087945,0.085876,183.6417,0.577296,1.116629,2.508153,0.577296,1.116629,2.508153,57.7157,111.6629,246.6365,57.7157,111.6629,246.6365
S3B_20241115T102300_vs_HYPERNETS_20241115T100000_RHOW_C.csv,MAFR,Hyp,S3B,-1.040456,45.547661999999995,-1.045988,45.554818999999995,0.91,5,2024-11-15T09:00:00Z,2024-11-15T09:23:00Z,23,15,15,0.7279,0.9081,0.6869,0.732,0.7801,0.002464,0.006762,0.010795,NA,TRUE,TRUE,0.022151,0.018169,18.1474,-0.225902,-0.201921,-0.137655,0.149789,0.201921,0.225902,-29.1832,-25.3008,-15.9672,16.2077,25.3008,29.1832
S3B_20241115T102300_vs_HYPERNETS_20241115T104500_RHOW_C.csv,MAFR,Hyp,S3B,-1.040456,45.547661999999995,-1.045988,45.554818999999995,0.91,5,2024-11-15T09:45:00Z,2024-11-15T09:23:00Z,22,15,15,0.9756,0.9932,0.8766,1.0003,1.1416,-0.005926,0.003737,0.012204,NA,FALSE,FALSE,0.008879,0.006988,17.8182,-0.071525,0.027412,0.157624,0.029727,0.092757,0.239258,-7.7183,2.7412,15.5805,2.9726,9.5229,25.1162
S3B_20241116T095650_vs_HYPERNETS_20241116T101500_RHOW_C.csv,MAFR,Hyp,S3B,-1.040456,45.547661999999995,-1.050942,45.553318000000004,1.03,5,2024-11-16T09:15:00Z,2024-11-16T08:56:50Z,18,15,14,1.0043,0.9313,0.8503,1.1489,1.5522,-0.0123,0.014756,0.034781,NA,FALSE,FALSE,0.031825,0.024741,49.5642,0.130405,0.189884,0.627075,0.130405,0.189884,0.627075,13.0372,18.9884,61.733,13.0372,18.9884,61.733
S3B_20241204T103028_vs_HYPERNETS_20241204T110000_RHOW_R.csv,MAFR,Hyp,S3B,-1.040456,45.547661999999995,-1.0459189999999998,45.55490699999999,0.91,5,2024-12-04T10:00:00Z,2024-12-04T09:30:28Z,30,15,15,0.8706,1.503,0.8035,0.8811,0.9662,-0.017764,-0.011381,-0.00556,NA,TRUE,TRUE,0.021567,0.020297,32.948,-0.346427,-0.221119,-0.211418,0.211418,0.221119,0.346427,-53.3197,-28.3894,-26.8101,26.8101,28.3894,53.3197
S3B_20241212T102300_vs_HYPERNETS_20241212T100000_RHOW_R.csv,MAFR,Hyp,S3B,-1.040456,45.547661999999995,-1.0457989999999997,45.554612999999996,0.88,5,2024-12-12T09:00:00Z,2024-12-12T09:23:00Z,23,15,16,0.8193,0.8614,0.7512,0.8329,0.9236,-0.018151,-0.01181,-0.006091,NA,TRUE,TRUE,0.025533,0.024132,54.1805,-0.459069,-0.360171,-0.261956,0.267928,0.418865,0.50022,-84.9071,-56.5818,-35.4935,36.5998,72.1767,100.6909
S3B_20241212T102300_vs_HYPERNETS_20241212T104500_RHOW_R.csv,MAFR,Hyp,S3B,-1.040456,45.547661999999995,-1.0457989999999997,45.554612999999996,0.88,5,2024-12-12T09:45:00Z,2024-12-12T09:23:00Z,22,15,16,0.8436,0.9229,0.766,0.8623,0.9705,-0.017961,-0.01077,-0.004382,NA,TRUE,TRUE,0.022167,0.020445,44.1581,-0.379,-0.320635,-0.215458,0.218202,0.327442,0.446568,-61.0804,-47.2029,-27.4629,27.9105,48.6861,82.3753
S3B_20241215T104526_vs_HYPERNETS_20241215T111500_RHOW_C.csv,MAFR,Hyp,S3B,-1.040456,45.547661999999995,-1.046678,45.553323,0.8,5,2024-12-15T10:15:00Z,2024-12-15T09:45:26Z,30,15,16,0.5848,0.67,0.5205,0.6074,0.7088,-0.009912,-0.002399,0.004039,NA,TRUE,FALSE,0.03734,0.032221,56.861,-0.552957,-0.393867,-0.284791,0.321807,0.410636,0.604253,-123.9996,-64.9816,-39.8219,47.5129,69.7253,153.0243
S3B_20241216T101915_vs_HYPERNETS_20241216T100000_RHOW_C.csv,MAFR,Hyp,S3B,-1.040456,45.547661999999995,-1.048568,45.55489899999999,1.02,5,2024-12-16T09:00:00Z,2024-12-16T09:19:15Z,19,15,13,0.7913,0.6167,0.7439,0.7954,0.8504,0.022104,0.026584,0.030773,NA,TRUE,TRUE,0.013189,0.009928,26.9799,0.006893,0.14904,0.359089,0.006893,0.14904,0.359089,0.6893,14.904,35.9089,0.6893,14.904,35.9089
S3B_20241216T101915_vs_HYPERNETS_20241216T104500_RHOW_C.csv,MAFR,Hyp,S3B,-1.040456,45.547661999999995,-1.048568,45.55489899999999,1.02,5,2024-12-16T09:45:00Z,2024-12-16T09:19:15Z,26,15,15,0.8201,0.7385,0.73,0.8466,0.9818,0.004986,0.015613,0.024776,NA,TRUE,TRUE,0.012623,0.010114,24.1848,-0.053798,-0.015568,0.338541,0.049873,0.076172,0.338541,-5.6857,-1.5815,33.3187,5.2496,8.2453,33.3187
S3B_20241219T104141_vs_HYPERNETS_20241219T110000_RHOW_R.csv,MAFR,Hyp,S3B,-1.040456,45.547661999999995,-1.0456779999999999,45.55468899999999,0.88,5,2024-12-19T10:00:00Z,2024-12-19T09:41:41Z,18,15,15,1.2151,1.3179,1.1374,1.2244,1.3181,-0.016818,-0.009788,-0.003259,NA,TRUE,TRUE,0.012522,0.011079,19.8059,0.003892,0.13452,0.148779,0.132808,0.145938,0.190928,0.3889,13.452,14.8776,13.2806,14.5938,20.1973
S3B_20241220T101530_vs_HYPERNETS_20241220T100000_RHOW_C.csv,MAFR,Hyp,S3B,-1.040456,45.547661999999995,-1.0452629999999998,45.554213999999995,0.82,5,2024-12-20T09:00:00Z,2024-12-20T09:15:30Z,16,15,14,0.8146,0.7932,0.712,0.8488,1.012,-0.019933,-0.008879,3.93e-4,NA,FALSE,FALSE,0.022496,0.019851,41.9391,-0.381597,-0.297414,-0.188081,0.196301,0.348782,0.390993,-61.7391,-42.6785,-23.1654,24.4302,53.5593,64.202
S3B_20241223T103757_vs_HYPERNETS_20241223T101500_RHOW_R.csv,MAFR,Hyp,S3B,-1.040456,45.547661999999995,-1.045257,45.554338,0.83,5,2024-12-23T09:15:00Z,2024-12-23T09:37:57Z,23,15,11,0.7522,1.6951,0.6286,0.7901,0.9931,-0.022206,-0.010282,-7.95e-4,NA,TRUE,TRUE,0.025265,0.022614,49.9813,-0.626097,-0.380671,-0.293099,0.293099,0.380671,0.626097,-168.2904,-61.4652,-41.4692,41.4692,61.4652,168.2904
S3B_20241223T103757_vs_HYPERNETS_20241223T110000_RHOW_R.csv,MAFR,Hyp,S3B,-1.040456,45.547661999999995,-1.045257,45.554338,0.83,5,2024-12-23T10:00:00Z,2024-12-23T09:37:57Z,22,15,11,0.539,1.7208,0.4548,0.5619,0.6942,-0.02209,-0.010994,-0.002013,NA,TRUE,TRUE,0.052696,0.047739,65.1246,-0.738738,-0.578735,-0.510161,0.510161,0.578735,0.738738,-283.0766,-137.3803,-104.167,104.167,137.3803,283.0766
S3B_20250618T104920_vs_HYPERNETS_20250618T111500_RHOW_R.csv,MAFR,Hyp,S3B,-1.040456,45.547661999999995,-1.044203,45.553622,0.72,5,2025-06-18T09:15:00Z,2025-06-18T08:49:20Z,26,15,14,0.2837,0.3017,0.243,0.3452,0.4904,-0.001666,0.002384,0.005235,NA,TRUE,FALSE,0.022576,0.017677,80.8418,-0.600144,-0.550725,0.328489,0.550134,0.594969,0.712038,-150.103,-122.5814,32.2375,88.7542,130.9517,179.0579
S3B_20250627T101542_vs_HYPERNETS_20250627T104500_RHOW_C.csv,MAFR,Hyp,S3B,-1.040456,45.547661999999995,-1.0453999999999999,45.55448699999999,0.85,5,2025-06-27T08:45:00Z,2025-06-27T08:15:42Z,29,15,15,0.8342,1.1598,0.7843,0.8396,0.8989,-0.011051,-0.0065,-0.00225,NA,TRUE,TRUE,0.020325,0.018812,27.8934,-0.37401,-0.242997,-0.213022,0.213022,0.242997,0.37401,-59.7471,-32.1,-27.0753,27.0753,32.1,59.7471
S3B_20250630T103809_vs_HYPERNETS_20250630T110000_RHOW_C.csv,MAFR,Hyp,S3B,-1.040456,45.547661999999995,-1.044535,45.554658999999994,0.84,5,2025-06-30T09:00:00Z,2025-06-30T08:38:09Z,22,15,16,0.6384,0.8232,0.5955,0.6446,0.6977,-0.004546,-0.001836,6.68e-4,NA,TRUE,FALSE,0.023742,0.020219,42.5933,-0.411649,-0.37202,-0.324041,0.350919,0.389393,0.422361,-69.9737,-59.2434,-47.9452,54.0957,63.8131,73.12
S3B_20250701T101158_vs_HYPERNETS_20250701T103000_RHOW_C.csv,MAFR,Hyp,S3B,-1.040456,45.547661999999995,-1.042827,45.551798,0.5,5,2025-07-01T08:30:00Z,2025-07-01T08:11:58Z,18,15,14,0.5495,0.6266,0.4777,0.5757,0.6938,-0.004809,-0.00152,0.001209,NA,TRUE,FALSE,0.017305,0.013857,76.7935,-0.550241,-0.461847,-0.223193,0.368418,0.503962,0.574769,-122.4505,-86.0454,-29.3893,58.471,101.6982,135.2227
S3B_20250708T103041_vs_HYPERNETS_20250708T101500_RHOW_R.csv,MAFR,Hyp,S3B,-1.040456,45.547661999999995,-1.04404,45.554592,0.82,5,2025-07-08T08:15:00Z,2025-07-08T08:30:41Z,16,15,16,0.8802,0.5892,0.8265,0.8869,0.9517,5.99e-4,0.001623,0.002577,NA,TRUE,TRUE,0.002448,0.002173,115.9987,-0.079133,0.064514,1.51043,0.071632,0.17412,1.51043,-8.5933,6.4514,150.9611,7.4865,19.7832,150.9611
S3B_20250708T103041_vs_HYPERNETS_20250708T110000_RHOW_R.csv,MAFR,Hyp,S3B,-1.040456,45.547661999999995,-1.04404,45.554592,0.82,5,2025-07-08T09:00:00Z,2025-07-08T08:30:41Z,29,15,16,0.7081,0.7288,0.6399,0.7261,0.824,-0.004277,-0.001912,1.72e-4,NA,TRUE,FALSE,0.010504,0.008781,50.1578,-0.458431,-0.309575,-0.230228,0.240745,0.385273,0.460495,-84.6492,-45.1338,-29.9098,31.7108,62.8901,85.3552
S3B_20250709T100431_vs_HYPERNETS_20250709T094500_RHOW_C.csv,MAFR,Hyp,S3B,-1.040456,45.547661999999995,-1.0429279999999999,45.551939999999995,0.51,5,2025-07-09T07:45:00Z,2025-07-09T08:04:31Z,20,15,14,0.753,0.4843,0.6574,0.7854,0.9385,-0.001973,0.001324,0.004084,NA,TRUE,FALSE,0.00729,0.005734,212.1132,-0.19963,-0.115132,0.996384,0.169325,0.261914,0.996384,-24.9555,-13.0123,98.7577,20.3869,35.7919,113.6172
S3B_20250709T100431_vs_HYPERNETS_20250709T103000_RHOW_C.csv,MAFR,Hyp,S3B,-1.040456,45.547661999999995,-1.0429279999999999,45.551939999999995,0.51,5,2025-07-09T08:30:00Z,2025-07-09T08:04:31Z,25,15,14,0.7335,0.4857,0.6374,0.769,0.9278,-0.002534,0.001023,0.003972,NA,TRUE,FALSE,0.008163,0.006374,204.3167,-0.226187,-0.135426,0.66375,0.196681,0.28726,0.73423,-29.2409,-15.6687,65.4715,24.4883,34.3332,84.3799
S3B_20250712T102657_vs_HYPERNETS_20250712T100000_RHOW_R.csv,MAFR,Hyp,S3B,-1.040456,45.547661999999995,-1.0454109999999999,45.55368399999999,0.77,5,2025-07-12T08:00:00Z,2025-07-12T08:26:57Z,27,15,16,0.9725,0.7591,0.8543,1.0287,1.2386,-0.010642,-0.003736,0.001999,NA,FALSE,FALSE,0.008381,0.006171,40.8524,-0.15348,0.08362,0.155658,0.090021,0.162694,0.254901,-18.1989,8.3618,15.5594,9.0018,16.7786,33.2052
S3B_20250712T102657_vs_HYPERNETS_20250712T104500_RHOW_R.csv,MAFR,Hyp,S3B,-1.040456,45.547661999999995,-1.0454109999999999,45.55368399999999,0.77,5,2025-07-12T08:45:00Z,2025-07-12T08:26:57Z,18,15,16,0.8596,0.9129,0.7715,0.886,1.0173,-0.011562,-0.00618,-0.001494,NA,FALSE,TRUE,0.012909,0.011043,35.252,-0.286717,-0.241128,-0.187281,0.197205,0.262555,0.344066,-40.2231,-31.812,-23.0458,24.5664,35.6047,53.1038
S3B_20250715T104924_vs_HYPERNETS_20250715T111500_RHOW_R.csv,MAFR,Hyp,S3B,-1.040456,45.547661999999995,-1.045159,45.554188999999994,0.81,5,2025-07-15T09:15:00Z,2025-07-15T08:49:24Z,26,15,10,-0.033,-0.1163,-0.3155,-0.1521,-0.0734,0.011921,0.015569,0.023137,NA,TRUE,TRUE,0.052055,0.041926,174.2449,-0.903863,-0.870217,-0.376908,0.49895,0.886672,0.913659,-942.8031,-673.5042,-60.4903,133.2034,783.278,1059.031
S3B_20250716T102313_vs_HYPERNETS_20250716T100000_RHOW_C.csv,MAFR,Hyp,S3B,-1.040456,45.547661999999995,-1.040883,45.55414699999999,0.72,5,2025-07-16T08:00:00Z,2025-07-16T08:23:13Z,23,15,16,1.1414,0.5969,0.9936,1.2361,1.5376,-0.003643,0.002898,0.008157,NA,FALSE,FALSE,0.011949,0.009676,170.7001,0.13639,0.842221,1.494657,0.273762,0.842221,1.494657,13.6051,84.2112,149.4541,35.4812,84.2112,149.4541
S3B_20250716T102313_vs_HYPERNETS_20250716T104500_RHOW_C.csv,MAFR,Hyp,S3B,-1.040456,45.547661999999995,-1.040883,45.55414699999999,0.72,5,2025-07-16T08:45:00Z,2025-07-16T08:23:13Z,22,15,16,0.8181,0.7842,0.7505,0.8315,0.9213,-0.005787,-0.002328,7.95e-4,NA,TRUE,FALSE,0.010812,0.009233,37.9774,-0.21151,-0.191624,-0.166078,0.174672,0.194795,0.253953,-26.8336,-23.7051,-19.9172,21.1649,24.1922,34.3051
S3B_20250724T101543_vs_HYPERNETS_20250724T104500_RHOW_C.csv,MAFR,Hyp,S3B,-1.040456,45.547661999999995,-1.0456739999999998,45.553025,0.72,5,2025-07-24T08:45:00Z,2025-07-24T08:15:43Z,29,15,16,0.8229,0.5682,0.7269,0.8628,1.0242,-4.43e-4,0.006874,0.013038,NA,FALSE,FALSE,0.009592,0.008779,64.6477,-0.17062,0.053537,0.816798,0.113204,0.237566,0.816798,-20.5796,5.3534,81.5866,12.6963,26.6412,81.5866
S3B_20250727T103810_vs_HYPERNETS_20250727T101500_RHOW_C.csv,MAFR,Hyp,S3B,-1.040456,45.547661999999995,-1.0458309999999997,45.549609,0.47,5,2025-07-27T08:15:00Z,2025-07-27T08:38:10Z,23,15,16,0.6243,0.1411,0.5858,0.8611,1.2658,0.026961,0.048434,0.063042,NA,FALSE,TRUE,0.046577,0.041064,384.4819,0.36619,0.513484,2.203791,0.36619,0.513484,2.203791,36.6121,51.2407,220.1764,36.6121,51.2407,220.1764
S3B_20250728T101159_vs_HYPERNETS_20250728T094500_RHOW_C.csv,MAFR,Hyp,S3B,-1.040456,45.547661999999995,-1.042618,45.552485,0.56,5,2025-07-28T07:45:00Z,2025-07-28T08:11:59Z,27,15,13,0.4556,0.8546,0.4037,0.4672,0.5407,-0.006788,-0.00218,0.001802,NA,TRUE,FALSE,0.041067,0.035586,53.6306,-0.606023,-0.564011,-0.561137,0.561137,0.564011,0.606023,-153.8217,-129.3636,-127.8616,127.8616,129.3636,153.8217
S3B_20250731T103426_vs_HYPERNETS_20250731T110000_RHOW_R.csv,MAFR,Hyp,S3B,-1.040456,45.547661999999995,-1.044651,45.554570999999996,0.84,5,2025-07-31T09:00:00Z,2025-07-31T08:34:26Z,26,15,16,0.6667,0.64,0.5899,0.6973,0.8243,-0.00254,7.64e-4,0.00356,NA,TRUE,FALSE,0.010784,0.008258,96.644,-0.420498,-0.261079,-0.010319,0.199793,0.277048,0.440242,-72.564,-35.3326,-1.0933,20.7703,38.3507,78.8481
S3B_20250807T105309_vs_HYPERNETS_20250807T103000_RHOW_C.csv,MAFR,Hyp,S3B,-1.040456,45.547661999999995,-1.046344,45.55422699999999,0.86,5,2025-08-07T08:30:00Z,2025-08-07T08:53:09Z,23,15,16,0.8684,0.7452,0.7989,0.8816,0.9728,-0.001698,3.34e-4,0.002175,NA,TRUE,FALSE,0.004528,0.003256,42.4261,-0.148483,-0.008013,0.393306,0.070402,0.204438,0.434059,-17.4451,-0.8078,39.3306,7.0147,25.8504,55.0156
S3B_20250807T105309_vs_HYPERNETS_20250807T111500_RHOW_C.csv,MAFR,Hyp,S3B,-1.040456,45.547661999999995,-1.046344,45.55422699999999,0.86,5,2025-08-07T09:15:00Z,2025-08-07T08:53:09Z,22,15,16,0.7978,0.8078,0.7313,0.8113,0.9001,-0.005401,-0.002899,-6.44e-4,NA,TRUE,TRUE,0.009762,0.00845,46.8223,-0.345972,-0.305882,-0.254551,0.279864,0.329076,0.35513,-52.8995,-44.0834,-34.1769,38.8743,49.0759,55.0863
S3B_20250811T104924_vs_HYPERNETS_20250811T103000_RHOW_C.csv,MAFR,Hyp,S3B,-1.040456,45.547661999999995,-1.0437229999999997,45.55433,0.78,5,2025-08-11T08:30:00Z,2025-08-11T08:49:24Z,19,15,16,0.8971,0.6558,0.8329,0.9073,0.9883,-0.005393,-6.94e-4,0.00362,NA,TRUE,FALSE,0.008399,0.006742,44.4374,-0.191854,-0.104619,-0.017875,0.021916,0.125175,0.263978,-23.8949,-11.7012,-1.82,2.241,14.3105,35.8702
S3B_20250811T104924_vs_HYPERNETS_20250811T111500_RHOW_C.csv,MAFR,Hyp,S3B,-1.040456,45.547661999999995,-1.0437229999999997,45.55433,0.78,5,2025-08-11T09:15:00Z,2025-08-11T08:49:24Z,26,15,15,0.8836,1.0418,0.7758,0.9245,1.1018,-0.014744,-0.003531,0.005879,NA,FALSE,FALSE,0.012592,0.010285,18.6002,-0.3159,-0.143687,0.051842,0.066191,0.143687,0.3159,-47.1744,-16.7797,5.184,6.6128,16.7797,47.1744
S3B_20250812T102313_vs_HYPERNETS_20250812T100000_RHOW_C.csv,MAFR,Hyp,S3B,-1.040456,45.547661999999995,-1.047447,45.553079999999994,0.81,5,2025-08-12T08:00:00Z,2025-08-12T08:23:13Z,23,15,13,0.5816,0.784,0.486,0.6449,0.8557,-0.016187,-0.004389,0.004501,NA,TRUE,FALSE,0.029519,0.024441,43.0983,-0.393899,-0.363966,-0.357288,0.358742,0.380033,0.409455,-64.989,-57.2242,-55.5907,55.5907,57.2242,64.989
S3B_20250812T102313_vs_HYPERNETS_20250812T104500_RHOW_C.csv,MAFR,Hyp,S3B,-1.040456,45.547661999999995,-1.047447,45.553079999999994,0.81,5,2025-08-12T08:45:00Z,2025-08-12T08:23:13Z,22,15,13,0.5848,0.7671,0.4966,0.6231,0.7818,-0.017313,-0.007365,5.64e-4,NA,TRUE,FALSE,0.034967,0.031259,54.3089,-0.565304,-0.445855,-0.430528,0.437783,0.555605,0.573743,-130.046,-80.4583,-75.6012,75.6012,80.4583,130.046
S3B_20250815T104540_vs_HYPERNETS_20250815T103000_RHOW_R.csv,MAFR,Hyp,S3B,-1.040456,45.547661999999995,-1.0444520000000002,45.55266399999999,0.64,5,2025-08-15T08:30:00Z,2025-08-15T08:45:40Z,16,15,14,0.6268,0.888,0.5399,0.6648,0.8185,-0.006409,-0.001908,0.001747,NA,TRUE,FALSE,0.015205,0.011735,36.9207,-0.405299,-0.351021,-0.293145,0.293145,0.351021,0.405299,-68.3059,-54.0885,-41.4724,41.4724,54.0885,68.3059
S3B_20250815T104540_vs_HYPERNETS_20250815T111500_RHOW_R.csv,MAFR,Hyp,S3B,-1.040456,45.547661999999995,-1.0444520000000002,45.55266399999999,0.64,5,2025-08-15T09:15:00Z,2025-08-15T08:45:40Z,29,15,14,0.5088,0.9207,0.44,0.5367,0.6545,-0.007841,-0.003269,4.8e-4,NA,TRUE,FALSE,0.02565,0.021248,53.7408,-0.567311,-0.54841,-0.514945,0.514945,0.54841,0.567311,-131.115,-121.4658,-106.1687,106.1687,121.4658,131.115
S3B_20250820T101545_vs_HYPERNETS_20250820T100000_RHOW_C.csv,MAFR,Hyp,S3B,-1.040456,45.547661999999995,-1.049217,45.553616999999996,0.95,5,2025-08-20T08:00:00Z,2025-08-20T08:15:45Z,16,15,16,0.7608,0.6962,0.7085,0.7686,0.8338,-0.002591,-2.56e-4,0.001896,NA,TRUE,FALSE,0.010972,0.009176,59.9501,-0.297169,-0.232363,-0.168954,0.187199,0.259989,0.303216,-42.2821,-30.2871,-20.3573,23.0334,35.1615,43.5213
S3B_20250820T101545_vs_HYPERNETS_20250820T104500_RHOW_C.csv,MAFR,Hyp,S3B,-1.040456,45.547661999999995,-1.049217,45.553616999999996,0.95,5,2025-08-20T08:45:00Z,2025-08-20T08:15:45Z,29,15,16,0.8046,0.7483,0.7163,0.8355,0.9746,-0.007576,-0.002604,0.001658,NA,TRUE,FALSE,0.011115,0.009088,54.4512,-0.358315,-0.31193,-0.152359,0.256703,0.326747,0.367697,-55.843,-45.3512,-18.0273,34.8456,48.5356,58.1547
S3B_20250823T103812_vs_HYPERNETS_20250823T101500_RHOW_C.csv,MAFR,Hyp,S3B,-1.040456,45.547661999999995,-1.044442,45.552800999999995,0.65,5,2025-08-23T08:15:00Z,2025-08-23T08:38:12Z,23,15,16,0.8461,0.7452,0.7977,0.8517,0.9093,-0.007703,-0.004157,-8.36e-4,NA,TRUE,TRUE,0.014798,0.013899,40.2148,-0.308637,-0.21171,-0.184455,0.195693,0.240847,0.325958,-44.6521,-26.8696,-22.6244,24.3319,31.7627,48.3635
S3B_20250823T103812_vs_HYPERNETS_20250823T110000_RHOW_C.csv,MAFR,Hyp,S3B,-1.040456,45.547661999999995,-1.044442,45.552800999999995,0.65,5,2025-08-23T09:00:00Z,2025-08-23T08:38:12Z,22,15,16,0.8,0.7963,0.7066,0.8389,0.9959,-0.010725,-0.00143,0.0064,NA,TRUE,FALSE,0.016043,0.012963,27.3954,-0.31307,-0.116501,0.131943,0.122813,0.196074,0.359066,-45.6145,-13.1866,13.1864,13.3234,20.0926,56.2272
S3B_20250824T101201_vs_HYPERNETS_20250824T094500_RHOW_C.csv,MAFR,Hyp,S3B,-1.040456,45.547661999999995,-1.051005,45.555251,1.18,5,2025-08-24T07:45:00Z,2025-08-24T08:12:01Z,27,15,15,0.9649,1.3398,0.8793,0.9817,1.0961,-0.014672,-0.006817,2.18e-4,NA,FALSE,FALSE,0.010368,0.008931,18.9449,-0.160581,-0.090741,-0.036182,0.0856,0.099753,0.168815,-19.1525,-9.9797,-3.784,9.3614,10.4707,19.1525
S3B_20250824T101201_vs_HYPERNETS_20250824T103000_RHOW_C.csv,MAFR,Hyp,S3B,-1.040456,45.547661999999995,-1.051005,45.555251,1.18,5,2025-08-24T08:30:00Z,2025-08-24T08:12:01Z,18,15,15,1.0508,1.3451,0.9957,1.0559,1.1197,-0.009039,-0.005068,-0.001323,NA,FALSE,TRUE,0.004105,0.00306,10.8093,-0.07729,-0.013727,0.020066,0.015144,0.043626,0.078107,-8.3816,-1.3918,2.0019,1.5378,4.3626,8.3816
S3B_20250907T104924_vs_HYPERNETS_20250907T103000_RHOW_C.csv,MAFR,Hyp,S3B,-1.040456,45.547661999999995,-1.044331,45.555189,0.89,5,2025-09-07T08:30:00Z,2025-09-07T08:49:24Z,19,15,16,0.8317,0.9488,0.7594,0.8474,0.9455,-0.014257,-0.007827,-0.002064,NA,TRUE,TRUE,0.019909,0.018092,34.6214,-0.461276,-0.283769,-0.199431,0.24481,0.311925,0.472157,-85.6324,-39.6282,-24.9168,32.4805,45.396,85.6324
S3B_20250907T104924_vs_HYPERNETS_20250907T111500_RHOW_C.csv,MAFR,Hyp,S3B,-1.040456,45.547661999999995,-1.044331,45.555189,0.89,5,2025-09-07T09:15:00Z,2025-09-07T08:49:24Z,26,15,16,0.9513,0.6299,0.8257,1.0505,1.3365,-0.007423,0.004373,0.013644,NA,FALSE,FALSE,0.015148,0.013543,88.8333,-0.124532,0.36292,1.748719,0.21843,0.389056,1.748719,-14.252,36.2918,174.7651,26.4571,50.4105,174.7651
S3B_20250919T103810_vs_HYPERNETS_20250919T101500_RHOW_C.csv,MAFR,Hyp,S3B,-1.040456,45.547661999999995,-1.044855,45.555311,0.92,5,2025-09-19T08:15:00Z,2025-09-19T08:38:10Z,23,15,16,0.8045,0.9182,0.7331,0.8206,0.9185,-0.009526,-0.004352,2.71e-4,NA,TRUE,FALSE,0.016399,0.013924,28.5455,-0.29243,-0.197674,-0.187521,0.191642,0.205805,0.316,-41.3715,-24.6376,-23.0839,23.7076,25.92,41.3715
S3B_20250919T103810_vs_HYPERNETS_20250919T110000_RHOW_C.csv,MAFR,Hyp,S3B,-1.040456,45.547661999999995,-1.044855,45.555311,0.92,5,2025-09-19T09:00:00Z,2025-09-19T08:38:10Z,22,15,16,0.7956,1.0558,0.7224,0.8132,0.9154,-0.014697,-0.008705,-0.003383,NA,TRUE,TRUE,0.02174,0.019663,38.0282,-0.542465,-0.356304,-0.258103,0.258103,0.356304,0.542465,-118.5649,-55.4332,-34.7929,34.7929,55.4332,118.5649
S3B_20250927T103041_vs_HYPERNETS_20250927T101500_RHOW_C.csv,MAFR,Hyp,S3B,-1.040456,45.547661999999995,-1.046841,45.554224999999995,0.88,5,2025-09-27T08:15:00Z,2025-09-27T08:30:41Z,16,15,16,0.7513,0.8999,0.6945,0.7611,0.834,-0.006559,-0.002681,8.58e-4,NA,TRUE,FALSE,0.018242,0.015457,28.7448,-0.288183,-0.261055,-0.187419,0.21812,0.261055,0.288183,-40.5156,-35.3283,-23.072,23.7289,35.3283,40.5156
S3B_20250927T103041_vs_HYPERNETS_20250927T110000_RHOW_C.csv,MAFR,Hyp,S3B,-1.040456,45.547661999999995,-1.046841,45.554224999999995,0.88,5,2025-09-27T09:00:00Z,2025-09-27T08:30:41Z,29,15,16,1.0176,0.907,0.9216,1.0418,1.1777,-0.00958,-0.004116,7.17e-4,NA,FALSE,FALSE,0.00629,0.0039,14.8973,-0.070013,0.014377,0.032906,0.018806,0.049836,0.145917,-7.567,1.4377,3.2887,1.8803,5.1456,17.3653
S3B_20250930T105306_vs_HYPERNETS_20250930T103000_RHOW_R.csv,MAFR,Hyp,S3B,-1.040456,45.547661999999995,-1.0452919999999999,45.553867999999994,0.79,5,2025-09-30T08:30:00Z,2025-09-30T08:53:06Z,23,15,16,0.738,0.7551,0.6702,0.7542,0.8488,-0.004039,-0.001973,-1.38e-4,NA,TRUE,TRUE,0.009633,0.007504,56.4182,-0.368521,-0.302899,-0.198617,0.258879,0.316739,0.385742,-58.3584,-43.4515,-24.8198,35.0268,46.3803,62.9819
S3B_20250930T105306_vs_HYPERNETS_20250930T111500_RHOW_R.csv,MAFR,Hyp,S3B,-1.040456,45.547661999999995,-1.0452919999999999,45.553867999999994,0.79,5,2025-09-30T09:15:00Z,2025-09-30T08:53:06Z,22,15,16,0.6613,0.8544,0.6016,0.6751,0.7576,-0.005216,-0.003068,-0.001154,NA,TRUE,TRUE,0.014228,0.011638,54.1472,-0.528035,-0.478213,-0.368836,0.392798,0.499868,0.537216,-111.8803,-91.7967,-58.4482,64.7184,99.9477,116.1925
S3B_20251005T102308_vs_HYPERNETS_20251005T100000_RHOW_C.csv,MAFR,Hyp,S3B,-1.040456,45.547661999999995,-1.0433259999999998,45.55259,0.59,5,2025-10-05T08:00:00Z,2025-10-05T08:23:08Z,23,15,16,0.7206,0.7853,0.6551,0.7359,0.8267,-0.007338,-0.003026,8.13e-4,NA,TRUE,FALSE,0.018637,0.01604,43.0575,-0.326112,-0.292119,-0.248121,0.268292,0.299299,0.378387,-48.4295,-41.2715,-33.0178,36.6738,42.7146,61.3386
S3B_20251005T102308_vs_HYPERNETS_20251005T104500_RHOW_C.csv,MAFR,Hyp,S3B,-1.040456,45.547661999999995,-1.0433259999999998,45.55259,0.59,5,2025-10-05T08:45:00Z,2025-10-05T08:23:08Z,22,15,16,0.7389,0.8004,0.6719,0.7546,0.8475,-0.008187,-0.003787,1.3e-4,NA,TRUE,FALSE,0.018116,0.015865,43.736,-0.332981,-0.299649,-0.265862,0.277852,0.305287,0.361532,-49.9207,-42.7889,-36.2471,38.4761,43.9444,57.126
S3B_20251006T095658_vs_HYPERNETS_20251006T093000_RHOW_R.csv,MAFR,Hyp,S3B,-1.040456,45.547661999999995,-1.0478919999999998,45.553799,0.9,5,2025-10-06T07:30:00Z,2025-10-06T07:56:58Z,27,15,15,0.9322,1.5156,0.8642,0.9421,1.0269,-0.018713,-0.012455,-0.006714,NA,FALSE,TRUE,0.017705,0.016729,30.3625,-0.379016,-0.233357,-0.166492,0.166492,0.233357,0.379016,-61.0487,-30.4388,-19.9836,19.9836,30.4388,61.0487
S3B_20251008T104535_vs_HYPERNETS_20251008T111500_RHOW_C.csv,MAFR,Hyp,S3B,-1.040456,45.547661999999995,-1.0458329999999998,45.555673999999996,0.99,5,2025-10-08T09:15:00Z,2025-10-08T08:45:35Z,29,15,16,0.8217,0.3103,0.7463,0.8398,0.945,0.007785,0.015707,0.022747,NA,TRUE,TRUE,0.011259,0.00851,524.777,-0.04051,-0.009634,0.249447,0.035604,0.051591,0.249447,-4.2235,-0.9994,24.9337,3.692,5.44,24.9337
S3B_20251009T101925_vs_HYPERNETS_20251009T100000_RHOW_C.csv,MAFR,Hyp,S3B,-1.040456,45.547661999999995,-1.0460550000000002,45.552556,0.7,5,2025-10-09T08:00:00Z,2025-10-09T08:19:25Z,19,15,15,0.7798,0.6003,0.7536,0.7813,0.81,0.020883,0.022966,0.024975,NA,TRUE,TRUE,0.011432,0.009564,32.7941,-0.015698,0.144684,0.422148,0.038971,0.144684,0.422148,-1.6099,14.4684,42.2091,4.0552,14.4684,42.2091
S3B_20251009T101925_vs_HYPERNETS_20251009T104500_RHOW_C.csv,MAFR,Hyp,S3B,-1.040456,45.547661999999995,-1.0460550000000002,45.552556,0.7,5,2025-10-09T08:45:00Z,2025-10-09T08:19:25Z,26,15,14,0.9231,0.2578,0.8501,0.9335,1.0252,0.023783,0.029089,0.033919,NA,FALSE,TRUE,0.025729,0.025242,459.5797,0.273593,0.344823,0.828271,0.273593,0.344823,0.828271,27.3592,34.4275,82.5987,27.3592,34.4275,82.5987
S3B_20251012T104152_vs_HYPERNETS_20251012T101500_RHOW_C.csv,MAFR,Hyp,S3B,-1.040456,45.547661999999995,-1.0455539999999999,45.553353,0.75,5,2025-10-12T08:15:00Z,2025-10-12T08:41:52Z,27,15,15,0.7524,0.796,0.6496,0.8114,1.0136,-0.016544,-0.004759,0.004675,NA,FALSE,FALSE,0.021381,0.016057,30.0049,-0.333898,-0.144567,-0.065558,0.076018,0.153634,0.416862,-50.5339,-16.8999,-7.0159,8.2325,18.1523,71.7786
S3B_20251012T104152_vs_HYPERNETS_20251012T110000_RHOW_C.csv,MAFR,Hyp,S3B,-1.040456,45.547661999999995,-1.0455539999999999,45.553353,0.75,5,2025-10-12T09:00:00Z,2025-10-12T08:41:52Z,18,15,15,0.7084,1.0012,0.6337,0.7284,0.8373,-0.016415,-0.008752,-0.002085,NA,TRUE,TRUE,0.031133,0.027872,41.4063,-0.435001,-0.400975,-0.337901,0.337901,0.400975,0.435001,-77.0162,-66.9379,-51.0348,51.0348,66.9379,77.0162
S3B_20251013T101542_vs_HYPERNETS_20251013T100000_RHOW_C.csv,MAFR,Hyp,S3B,-1.040456,45.547661999999995,-1.0455639999999997,45.55470699999999,0.88,5,2025-10-13T08:00:00Z,2025-10-13T08:15:42Z,16,15,11,0.6301,0.6079,0.5104,0.6882,0.928,-0.013151,-0.00424,0.002369,NA,TRUE,FALSE,0.019276,0.016879,126.6038,-0.504421,-0.410216,-0.38092,0.403356,0.411401,0.665688,-101.7905,-69.5535,-61.598,67.6088,69.895,239.0292
S3B_20251013T101542_vs_HYPERNETS_20251013T104500_RHOW_C.csv,MAFR,Hyp,S3B,-1.040456,45.547661999999995,-1.0455639999999997,45.55470699999999,0.88,5,2025-10-13T08:45:00Z,2025-10-13T08:15:42Z,29,15,11,0.5527,0.6547,0.4449,0.6128,0.844,-0.021508,-0.009771,-0.00125,NA,TRUE,TRUE,0.032547,0.030369,96.1273,-0.69037,-0.644991,-0.526265,0.576419,0.655245,0.787027,-225.0427,-181.6834,-111.9368,136.1227,190.0614,329.6433
S3B_20251016T103808_vs_HYPERNETS_20251016T101500_RHOW_R.csv,MAFR,Hyp,S3B,-1.040456,45.547661999999995,-1.044684,45.553853999999994,0.76,5,2025-10-16T08:15:00Z,2025-10-16T08:38:08Z,23,15,12,0.6405,1.3211,0.5652,0.6551,0.7593,-0.009095,-0.004794,-0.001083,NA,TRUE,TRUE,0.021718,0.019382,71.0344,-0.595654,-0.491697,-0.426275,0.453411,0.500343,0.719966,-147.9391,-96.7474,-74.3595,82.9869,100.1399,191.1768
S3B_20251016T103808_vs_HYPERNETS_20251016T110000_RHOW_R.csv,MAFR,Hyp,S3B,-1.040456,45.547661999999995,-1.044684,45.553853999999994,0.76,5,2025-10-16T09:00:00Z,2025-10-16T08:38:08Z,22,15,12,0.7543,1.2315,0.6392,0.7929,0.9835,-0.005624,-2.25e-4,0.004129,NA,TRUE,FALSE,0.009887,0.00652,69.8662,-0.41581,-0.137543,-0.04057,0.052291,0.207542,0.65073,-73.624,-15.9479,-4.2324,5.5185,26.6658,195.3577
S3B_20251027T105308_vs_HYPERNETS_20251027T111500_RHOW_C.csv,MAFR,Hyp,S3B,-1.040456,45.547661999999995,-1.046515,45.55584699999999,1.03,5,2025-10-27T10:15:00Z,2025-10-27T09:53:08Z,22,15,16,0.1961,0.0684,0.28,0.4607,0.7579,0.093724,0.11043,0.120585,NA,TRUE,TRUE,0.086103,0.080117,497.6707,0.499632,1.548785,4.098825,0.499632,1.548785,4.098825,49.9632,149.6765,409.0055,49.9632,149.6765,409.0055
S3B_20251108T104156_vs_HYPERNETS_20251108T101500_RHOW_C.csv,MAFR,Hyp,S3B,-1.040456,45.547661999999995,-1.0465209999999998,45.55388299999999,0.84,5,2025-11-08T09:15:00Z,2025-11-08T09:41:56Z,27,15,15,0.7898,0.5755,0.6982,0.8203,0.9638,0.018245,0.028455,0.037145,NA,TRUE,TRUE,0.019536,0.015666,46.3543,0.044539,0.156637,0.691078,0.044539,0.156637,0.691078,4.4536,15.6637,67.2169,4.4536,15.6637,67.2169
S3B_20251108T104156_vs_HYPERNETS_20251108T110000_RHOW_C.csv,MAFR,Hyp,S3B,-1.040456,45.547661999999995,-1.0465209999999998,45.55388299999999,0.84,5,2025-11-08T10:00:00Z,2025-11-08T09:41:56Z,18,15,13,0.8311,0.4784,0.7857,0.8346,0.8865,0.036136,0.039573,0.042808,NA,TRUE,TRUE,0.029179,0.028622,69.4384,0.230381,0.452251,0.914811,0.230381,0.452251,0.914811,23.0381,45.2251,91.4811,23.0381,45.2251,91.4811
S3B_20251121T100432_vs_HYPERNETS_20251121T094500_RHOW_C.csv,MAFR,Hyp,S3B,-1.040456,45.547661999999995,-1.047172,45.553419,0.83,5,2025-11-21T08:45:00Z,2025-11-21T09:04:32Z,20,15,12,0.73,1.0103,0.6195,0.7662,0.9477,-0.030451,-0.012191,0.002572,NA,TRUE,FALSE,0.038802,0.03571,36.2447,-0.346786,-0.324665,-0.29728,0.29728,0.324665,0.346786,-53.1095,-48.0773,-42.3044,42.3044,48.0773,53.1095
S3B_20251121T100432_vs_HYPERNETS_20251121T103000_RHOW_C.csv,MAFR,Hyp,S3B,-1.040456,45.547661999999995,-1.047172,45.553419,0.83,5,2025-11-21T09:30:00Z,2025-11-21T09:04:32Z,25,15,13,0.608,0.4909,0.5176,0.6453,0.8044,-0.020067,-0.004115,0.008682,NA,TRUE,FALSE,0.046414,0.040897,98.0337,-0.38526,-0.348186,-0.322627,0.343288,0.351455,0.42812,-62.6704,-53.4179,-47.6291,52.2736,54.1914,74.862
S3B_20251203T095321_vs_HYPERNETS_20251203T101500_RHOW_R.csv,MAFR,Hyp,S3B,-1.040456,45.547661999999995,-1.046066,45.553418,0.78,5,2025-12-03T09:15:00Z,2025-12-03T08:53:21Z,22,15,14,0.8763,0.7025,0.7531,0.9328,1.1555,-0.02619,-0.010432,0.00229,NA,FALSE,FALSE,0.020592,0.016702,46.4468,-0.282649,-0.184801,-0.116253,0.123803,0.20272,0.351896,-39.414,-22.6797,-13.1551,14.1318,25.4317,54.535
S3B_20251205T104158_vs_HYPERNETS_20251205T110000_RHOW_C.csv,MAFR,Hyp,S3B,-1.040456,45.547661999999995,-1.0464209999999998,45.554232,0.87,5,2025-12-05T10:00:00Z,2025-12-05T09:41:58Z,18,15,15,0.2176,0.0629,0.2067,0.3148,0.4794,0.1622,0.174613,0.182764,NA,TRUE,TRUE,0.126932,0.122937,265.4505,0.765689,1.707014,3.827886,0.765689,1.707014,3.827886,76.5048,170.7014,370.6058,76.5048,170.7014,370.6058
S3B_20251209T103813_vs_HYPERNETS_20251209T101500_RHOW_C.csv,MAFR,Hyp,S3B,-1.040456,45.547661999999995,-1.046371,45.554384999999996,0.88,5,2025-12-09T09:15:00Z,2025-12-09T09:38:13Z,23,15,15,0.7507,0.8273,0.7321,0.7514,0.7712,0.004422,0.006057,0.007651,NA,TRUE,TRUE,0.018534,0.015399,17.0179,-0.200621,-0.186722,-0.107713,0.161234,0.187399,0.202331,-25.0971,-22.9592,-12.2076,19.2306,23.0616,25.3655
S3B_20251209T103813_vs_HYPERNETS_20251209T110000_RHOW_C.csv,MAFR,Hyp,S3B,-1.040456,45.547661999999995,-1.046371,45.554384999999996,0.88,5,2025-12-09T10:00:00Z,2025-12-09T09:38:13Z,22,15,15,0.7434,0.9414,0.6978,0.7485,0.803,-0.002554,0.00224,0.006709,NA,TRUE,FALSE,0.023516,0.020203,21.9166,-0.266692,-0.233558,-0.194559,0.194559,0.233558,0.266692,-36.3847,-30.473,-24.2021,24.2021,30.473,36.3847
S3B_20251213T103429_vs_HYPERNETS_20251213T101500_RHOW_C.csv,MAFR,Hyp,S3B,-1.040456,45.547661999999995,-1.0439059999999998,45.553717,0.73,5,2025-12-13T09:15:00Z,2025-12-13T09:34:29Z,19,15,14,0.7403,1.114,0.6609,0.759,0.8718,-0.012933,-0.006145,-2.35e-4,NA,TRUE,TRUE,0.023132,0.02065,36.615,-0.356996,-0.340626,-0.252739,0.252739,0.340626,0.356996,-55.5244,-51.6598,-33.9457,33.9457,51.6598,55.5244
S3B_20251213T103429_vs_HYPERNETS_20251213T110000_RHOW_C.csv,MAFR,Hyp,S3B,-1.040456,45.547661999999995,-1.0439059999999998,45.553717,0.73,5,2025-12-13T10:00:00Z,2025-12-13T09:34:29Z,26,15,14,0.7202,1.1685,0.6582,0.7303,0.8102,-0.00911,-0.004309,1.8e-5,NA,TRUE,FALSE,0.023123,0.020508,37.6988,-0.391565,-0.316757,-0.28705,0.28705,0.316757,0.391565,-64.3887,-46.3609,-40.2728,40.2728,46.3609,64.3887
S3B_20251218T100434_vs_HYPERNETS_20251218T103000_RHOW_R.csv,MAFR,Hyp,S3B,-1.040456,45.547661999999995,-1.046348,45.552616,0.72,5,2025-12-18T09:30:00Z,2025-12-18T09:04:34Z,25,15,16,0.7,0.9658,0.6199,0.7314,0.8631,-0.019848,-0.009453,-6.44e-4,NA,TRUE,TRUE,0.035669,0.031223,46.972,-0.469175,-0.318332,-0.26051,0.26716,0.323077,0.57822,-89.1164,-46.6991,-35.2346,36.4557,47.7295,105.7735
S3B_20251225T102316_vs_HYPERNETS_20251225T100000_RHOW_C.csv,MAFR,Hyp,S3B,-1.040456,45.547661999999995,-1.04802,45.555565,1.06,5,2025-12-25T09:00:00Z,2025-12-25T09:23:16Z,23,15,15,0.8546,1.075,0.8226,0.8565,0.8918,-0.008449,-0.005572,-0.002809,NA,TRUE,TRUE,0.018459,0.017275,23.1488,-0.270829,-0.235095,-0.184431,0.184431,0.235095,0.270829,-37.1429,-30.7352,-22.6139,22.6139,30.7352,37.1429
S3B_20251225T102316_vs_HYPERNETS_20251225T104500_RHOW_C.csv,MAFR,Hyp,S3B,-1.040456,45.547661999999995,-1.04802,45.555565,1.06,5,2025-12-25T09:45:00Z,2025-12-25T09:23:16Z,22,15,15,0.7098,1.0253,0.6803,0.7119,0.7449,-0.006031,-0.002916,6.2e-5,NA,TRUE,FALSE,0.033544,0.030118,32.6111,-0.358698,-0.311892,-0.30417,0.30417,0.311892,0.358698,-55.9328,-45.326,-43.7134,43.7134,45.326,55.9328
S3B_20251228T104542_vs_HYPERNETS_20251228T103000_RHOW_R.csv,MAFR,Hyp,S3B,-1.040456,45.547661999999995,-1.0448009999999999,45.553339,0.72,5,2025-12-28T09:30:00Z,2025-12-28T09:45:42Z,16,15,12,0.8427,1.4381,0.723,0.8765,1.0625,-0.019995,-0.010327,-0.002353,NA,FALSE,TRUE,0.018775,0.016926,46.8468,-0.550812,-0.273604,-0.224276,0.228678,0.327129,0.711779,-142.4425,-37.8035,-28.9147,29.6476,48.6898,142.4425
S3B_20251228T104542_vs_HYPERNETS_20251228T111500_RHOW_R.csv,MAFR,Hyp,S3B,-1.040456,45.547661999999995,-1.0448009999999999,45.553339,0.72,5,2025-12-28T10:15:00Z,2025-12-28T09:45:42Z,29,15,12,0.7952,1.5005,0.6801,0.8291,1.0106,-0.020651,-0.010616,-0.002383,NA,FALSE,TRUE,0.022291,0.02018,47.0145,-0.582383,-0.310517,-0.262376,0.26788,0.345932,0.582383,-160.6929,-45.1742,-35.5711,35.6378,45.1742,160.6929
