file_name,site_name,sensor_X,sensor_Y,lon_X,lat_X,lon_Y,lat_Y,dist,dist_limit,dateTime_X,dateTime_Y,diff_time,diff_time_limit,n,Slope,Slope_log,Slope_II_low,Slope_II,Slope_II_high,Slope_II_int_low,Slope_II_int,Slope_II_int_high,Slope_II_p,Slope_II_slope_bias_sig,Slope_II_int_bias_sig,RMSE,MSA,MAPE,MRD_25,MRD_50,MRD_75,MARD_25,MARD_50,MARD_75,Bias_25,Bias_50,Bias_75,Error_25,Error_50,Error_75
SNPP_20240612T125400_vs_HYPERNETS_20240612T124500_RHOW_C.csv,MAFR,Hyp,SNPP,-1.040456,45.547661999999995,-1.015143,45.539665,2.17,2.25,2024-06-12T10:45:00Z,2024-06-12T10:54:00Z,9,15,5,0.8536,0.8256,0.7136,0.858,1.0314,-0.002894,0.0074,0.015963,NA,FALSE,FALSE,0.004123,0.003501,6.9106,-0.043373,-0.00673,0.046586,0.043373,0.046586,0.094127,-4.534,-0.6776,4.6586,4.534,4.6586,10.3907
SNPP_20240612T125400_vs_HYPERNETS_20240612T130000_RHOW_C.csv,MAFR,Hyp,SNPP,-1.040456,45.547661999999995,-1.015143,45.539665,2.17,2.25,2024-06-12T11:00:00Z,2024-06-12T10:54:00Z,6,15,5,0.8556,0.8123,0.7263,0.8592,1.0165,-9.85e-4,0.008189,0.015943,NA,FALSE,FALSE,0.00386,0.00343,7.6559,-0.034682,0.006847,0.074512,0.034682,0.074512,0.075865,-3.5928,0.6847,7.4512,3.5928,7.4512,8.2094
SNPP_20240810T124800_vs_HYPERNETS_20240810T124500_RHOW_C.csv,MAFR,Hyp,SNPP,-1.040456,45.547661999999995,-1.0179009999999997,45.544525,1.79,2.25,2024-08-10T10:45:00Z,2024-08-10T10:48:00Z,3,15,5,0.8494,1.0197,0.6534,0.8592,1.1298,-0.01796,-1.57e-4,0.013382,NA,FALSE,FALSE,0.010571,0.009421,14.4697,-0.165045,-0.162404,-0.161247,0.161247,0.162404,0.165045,-19.767,-19.3893,-19.2245,19.2245,19.3893,19.767
SNPP_20240810T124800_vs_HYPERNETS_20240810T130100_RHOW_C.csv,MAFR,Hyp,SNPP,-1.040456,45.547661999999995,-1.0179009999999997,45.544525,1.79,2.25,2024-08-10T11:01:00Z,2024-08-10T10:48:00Z,13,15,5,0.8747,1.0397,0.7697,0.8769,0.9991,-0.009462,-0.00141,0.005656,NA,TRUE,FALSE,0.010077,0.009518,14.8581,-0.159471,-0.157917,-0.149253,0.149253,0.157917,0.159471,-18.9727,-18.7531,-17.5437,17.5437,18.7531,18.9727
JPSS1_20240619T124800_vs_HYPERNETS_20240619T124500_RHOW_C.csv,MAFR,Hyp,JPSS1,-1.040456,45.547661999999995,-1.017852,45.53911200000001,2,2.25,2024-06-19T10:45:00Z,2024-06-19T10:48:00Z,3,15,5,0.8995,0.9677,0.7457,0.9046,1.0973,-0.005274,2.69e-4,0.004839,NA,FALSE,FALSE,0.003117,0.002521,8.3781,-0.090728,-0.089897,-0.028733,0.028733,0.089897,0.090728,-9.978,-9.8776,-2.9582,2.9582,9.8776,9.978
JPSS1_20240619T124800_vs_HYPERNETS_20240619T130000_RHOW_C.csv,MAFR,Hyp,JPSS1,-1.040456,45.547661999999995,-1.017852,45.53911200000001,2,2.25,2024-06-19T11:00:00Z,2024-06-19T10:48:00Z,12,15,5,0.9573,0.975,0.834,0.9602,1.1054,-0.003641,2.92e-4,0.003709,NA,FALSE,FALSE,0.00135,0.001209,5.0957,-0.042067,-0.031864,0.018092,0.031864,0.042067,0.048143,-4.3914,-3.2913,1.8092,3.2913,4.3914,4.8143
JPSS1_20240713T133601_vs_HYPERNETS_20240713T133000_RHOW_C.csv,MAFR,Hyp,JPSS1,-1.040456,45.547661999999995,-1.024545,45.53157,2.18,2.25,2024-07-13T11:30:00Z,2024-07-13T11:36:01Z,6,15,5,1.0706,1.1156,0.9395,1.0734,1.2263,-0.009878,-0.003503,0.002078,NA,FALSE,FALSE,0.00184,0.001586,4.8178,-0.054399,0.003672,0.023256,0.023256,0.024636,0.054399,-5.7529,0.3672,2.3256,2.3256,2.4636,5.7529
JPSS1_20240713T133601_vs_HYPERNETS_20240713T134600_RHOW_C.csv,MAFR,Hyp,JPSS1,-1.040456,45.547661999999995,-1.024545,45.53157,2.18,2.25,2024-07-13T11:46:00Z,2024-07-13T11:36:01Z,10,15,5,1.0857,1.1139,1.0366,1.0861,1.138,-0.005615,-0.003479,-0.00144,NA,TRUE,TRUE,0.001512,0.001113,3.4101,-0.008946,-0.002,0.009592,0.008946,0.009592,0.036396,-0.9027,-0.2004,0.9592,0.9027,0.9592,3.6396
JPSS1_20240811T125400_vs_HYPERNETS_20240811T124500_RHOW_C.csv,MAFR,Hyp,JPSS1,-1.040456,45.547661999999995,-1.0137019999999999,45.540245,2.24,2.25,2024-08-11T10:45:00Z,2024-08-11T10:54:00Z,9,15,5,0.7586,0.8375,0.6019,0.7652,0.9729,-0.007177,0.006105,0.016553,NA,TRUE,FALSE,0.010826,0.008911,12.0611,-0.163204,-0.130619,-0.078847,0.078847,0.130619,0.163204,-19.5035,-15.0244,-8.5596,8.5596,15.0244,19.5035
JPSS1_20240811T125400_vs_HYPERNETS_20240811T130100_RHOW_C.csv,MAFR,Hyp,JPSS1,-1.040456,45.547661999999995,-1.0137019999999999,45.540245,2.24,2.25,2024-08-11T11:01:00Z,2024-08-11T10:54:00Z,7,15,5,0.7345,0.8011,0.5791,0.7414,0.9492,-0.005327,0.007892,0.018218,NA,TRUE,FALSE,0.010984,0.008875,11.9328,-0.170445,-0.126127,-0.060522,0.060522,0.126127,0.170445,-20.5466,-14.4331,-6.4421,6.4421,14.4331,20.5466
JPSS1_20240912T125400_vs_HYPERNETS_20240912T124500_RHOW_C.csv,MAFR,Hyp,JPSS1,-1.040456,45.547661999999995,-1.018371,45.538879,1.98,2.25,2024-09-12T10:45:00Z,2024-09-12T10:54:00Z,9,15,5,0.8772,1.2125,0.7349,0.8816,1.0576,-0.010978,-0.004445,0.001001,NA,FALSE,FALSE,0.009242,0.00884,26.7621,-0.260699,-0.224453,-0.199518,0.199518,0.224453,0.260699,-35.263,-28.9413,-24.9248,24.9248,28.9413,35.263
JPSS1_20240912T125400_vs_HYPERNETS_20240912T130000_RHOW_C.csv,MAFR,Hyp,JPSS1,-1.040456,45.547661999999995,-1.018371,45.538879,1.98,2.25,2024-09-12T11:00:00Z,2024-09-12T10:54:00Z,6,15,5,0.9786,1.2106,0.7837,0.9865,1.2417,-0.013389,-0.004823,0.001982,NA,FALSE,FALSE,0.005651,0.005277,18.9189,-0.192539,-0.145517,-0.090397,0.090397,0.145517,0.192539,-23.8449,-17.0298,-9.9381,9.9381,17.0298,23.8449
JPSS1_20241004T124201_vs_HYPERNETS_20241004T123000_RHOW_C.csv,MAFR,Hyp,JPSS1,-1.040456,45.547661999999995,-1.0191679999999999,45.546505,1.66,2.25,2024-10-04T10:30:00Z,2024-10-04T10:42:01Z,12,15,5,0.6602,1.2776,0.4974,0.6692,0.9004,-0.022745,-0.006214,0.006073,NA,TRUE,FALSE,0.031464,0.029867,43.8148,-0.440886,-0.420777,-0.417021,0.417021,0.420777,0.440886,-78.8544,-72.6452,-71.5327,71.5327,72.6452,78.8544
JPSS1_20241004T124201_vs_HYPERNETS_20241004T124500_RHOW_C.csv,MAFR,Hyp,JPSS1,-1.040456,45.547661999999995,-1.0191679999999999,45.546505,1.66,2.25,2024-10-04T10:45:00Z,2024-10-04T10:42:01Z,3,15,5,0.6097,1.2957,0.493,0.6141,0.765,-0.01946,-0.007408,0.002266,NA,TRUE,FALSE,0.040067,0.038227,49.7906,-0.48892,-0.486682,-0.446747,0.446747,0.486682,0.48892,-95.6641,-94.811,-80.749,80.749,94.811,95.6641
JPSS1_20241105T124201_vs_HYPERNETS_20241105T123000_RHOW_C.csv,MAFR,Hyp,JPSS1,-1.040456,45.547661999999995,-1.020066,45.556107,1.85,2.25,2024-11-05T11:30:00Z,2024-11-05T11:42:01Z,12,15,5,0.3983,1.2418,0.3299,0.4006,0.4864,-0.013057,-0.004086,0.003302,NA,TRUE,FALSE,0.072947,0.066713,65.4331,-0.643181,-0.641226,-0.620276,0.620276,0.641226,0.643181,-180.2538,-178.7272,-163.3494,163.3494,178.7272,180.2538
JPSS1_20250408T125400_vs_HYPERNETS_20250408T124600_RHOW_C.csv,MAFR,Hyp,JPSS1,-1.040456,45.547661999999995,-1.017753,45.538929,2.02,2.25,2025-04-08T10:46:00Z,2025-04-08T10:54:00Z,8,15,5,0.8937,1.1984,0.8486,0.8941,0.9421,-0.009524,-0.006682,-0.003984,NA,TRUE,TRUE,0.013205,0.012955,23.9578,-0.236864,-0.22971,-0.196722,0.196722,0.22971,0.236864,-31.0383,-29.8212,-24.4899,24.4899,29.8212,31.0383
JPSS1_20250408T125400_vs_HYPERNETS_20250408T130000_RHOW_C.csv,MAFR,Hyp,JPSS1,-1.040456,45.547661999999995,-1.017753,45.538929,2.02,2.25,2025-04-08T11:00:00Z,2025-04-08T10:54:00Z,6,15,5,0.967,1.2329,0.9032,0.9677,1.0368,-0.011549,-0.007694,-0.004096,NA,FALSE,TRUE,0.009554,0.009495,19.4599,-0.196827,-0.163608,-0.153425,0.153425,0.163608,0.196827,-24.5062,-19.5612,-18.123,18.123,19.5612,24.5062
JPSS1_20250424T125401_vs_HYPERNETS_20250424T130000_RHOW_C.csv,MAFR,Hyp,JPSS1,-1.040456,45.547661999999995,-1.014981,45.539866999999994,2.17,2.25,2025-04-24T11:00:00Z,2025-04-24T10:54:01Z,6,15,5,0.7702,0.6647,0.51,0.7954,1.2406,-0.0127,0.014238,0.031509,NA,FALSE,FALSE,0.007211,0.0064,14.6018,-0.042267,0.027765,0.150917,0.042267,0.11855,0.150917,-4.4132,2.7765,15.0917,4.4132,13.4494,15.0917
JPSS1_20250514T131801_vs_HYPERNETS_20250514T131500_RHOW_C.csv,MAFR,Hyp,JPSS1,-1.040456,45.547661999999995,-1.0189599999999999,45.536533000000006,2.08,2.25,2025-05-14T11:15:00Z,2025-05-14T11:18:01Z,3,15,5,0.9723,0.9018,0.6539,1.0014,1.5336,-0.027061,0.002784,0.022271,NA,FALSE,FALSE,0.005857,0.005608,10.3788,0.093763,0.10267,0.10719,0.093763,0.10267,0.10719,9.3763,10.267,10.719,10.267,10.2878,10.719
JPSS1_20251006T130000_vs_HYPERNETS_20251006T124500_RHOW_C.csv,MAFR,Hyp,JPSS1,-1.040456,45.547661999999995,-1.0198829999999999,45.537937,1.94,2.25,2025-10-06T10:45:00Z,2025-10-06T11:00:00Z,15,15,5,0.9399,1.5526,0.8704,0.9408,1.0168,-0.019776,-0.015202,-0.01097,NA,FALSE,TRUE,0.018829,0.018764,35.301,-0.368499,-0.299029,-0.283935,0.283935,0.299029,0.368499,-58.3529,-42.6593,-39.6522,39.6522,42.6593,58.3529
JPSS1_20251006T130000_vs_HYPERNETS_20251006T130000_RHOW_C.csv,MAFR,Hyp,JPSS1,-1.040456,45.547661999999995,-1.0198829999999999,45.537937,1.94,2.25,2025-10-06T11:00:00Z,2025-10-06T11:00:00Z,0,15,5,1.2177,1.6833,1.16,1.2181,1.2792,-0.022252,-0.019213,-0.01632,NA,TRUE,TRUE,0.009132,0.00836,22.0724,-0.259837,-0.139321,-0.130524,0.130524,0.139321,0.259837,-35.1054,-16.1873,-15.0118,15.0118,16.1873,35.1054
JPSS1_20251215T124801_vs_HYPERNETS_20251215T130000_RHOW_C.csv,MAFR,Hyp,JPSS1,-1.040456,45.547661999999995,-1.022543,45.546432,1.4,2.25,2025-12-15T12:00:00Z,2025-12-15T11:48:01Z,12,15,4,0.6413,1.9281,0.4461,0.6463,0.9365,-0.037271,-0.017913,-0.004552,NA,TRUE,TRUE,0.042003,0.04151,64.1664,-0.678663,-0.61788,-0.580881,0.580881,0.61788,0.678663,-216.7673,-162.4344,-138.7353,138.7353,162.4344,216.7673
JPSS2_20240830T124800_vs_HYPERNETS_20240830T124600_RHOW_C.csv,MAFR,Hyp,JPSS2,-1.040456,45.547661999999995,-1.0150239999999997,45.53851300000001,2.23,2.25,2024-08-30T10:46:00Z,2024-08-30T10:48:00Z,2,15,5,0.8378,0.9101,0.7205,0.8408,0.9812,-0.00131,0.00299,0.006675,NA,TRUE,FALSE,0.00312,0.00227,6.2535,-0.080226,-0.068774,0.012024,0.038015,0.068774,0.080226,-8.7224,-7.3854,1.2024,3.8015,7.3854,8.7224
JPSS2_20240830T124800_vs_HYPERNETS_20240830T130000_RHOW_C.csv,MAFR,Hyp,JPSS2,-1.040456,45.547661999999995,-1.0150239999999997,45.53851300000001,2.23,2.25,2024-08-30T11:00:00Z,2024-08-30T10:48:00Z,12,15,5,0.8702,0.9288,0.7331,0.8743,1.0427,-0.002433,0.002602,0.006824,NA,FALSE,FALSE,0.002389,0.001922,6.0577,-0.072727,-0.046444,0.038567,0.046444,0.054914,0.072727,-7.8431,-4.8706,3.8567,4.8706,5.4914,7.8431
JPSS2_20240907T134200_vs_HYPERNETS_20240907T133000_RHOW_C.csv,MAFR,Hyp,JPSS2,-1.040456,45.547661999999995,-1.017717,45.541363,1.91,2.25,2024-09-07T11:30:00Z,2024-09-07T11:42:00Z,12,15,4,0.9651,1.6835,0.5361,0.9879,1.8204,-0.093368,-0.027135,0.008808,NA,FALSE,FALSE,0.028469,0.028097,38.167,-0.450545,-0.36439,-0.29551500000000003,0.29551500000000003,0.36439,0.450545,-83.4704,-57.7796,-42.1281,42.1281,57.7796,83.4704
JPSS2_20240907T134200_vs_HYPERNETS_20240907T134500_RHOW_C.csv,MAFR,Hyp,JPSS2,-1.040456,45.547661999999995,-1.017717,45.541363,1.91,2.25,2024-09-07T11:45:00Z,2024-09-07T11:42:00Z,3,15,4,1.0333,1.6973,0.5585,1.0607,2.0143,-0.098937,-0.027736,0.009757,NA,FALSE,FALSE,0.023702,0.023207,34.1139,-0.416673,-0.323953,-0.248419,0.248419,0.323953,0.416673,-72.8305,-48.3583,-33.241,33.241,48.3583,72.8305
JPSS2_20250411T124800_vs_HYPERNETS_20250411T124500_RHOW_C.csv,MAFR,Hyp,JPSS2,-1.040456,45.547661999999995,-1.0157199999999997,45.54063,2.08,2.25,2025-04-11T10:45:00Z,2025-04-11T10:48:00Z,3,15,5,0.7277,0.8789,0.5105,0.7443,1.0851,-0.018663,0.006908,0.024447,NA,FALSE,FALSE,0.015202,0.012279,14.6405,-0.167738,-0.114515,-0.099916,0.099916,0.114515,0.167738,-20.1545,-12.9324,-11.1007,11.1007,12.9324,20.1545
JPSS2_20250411T124800_vs_HYPERNETS_20250411T130000_RHOW_C.csv,MAFR,Hyp,JPSS2,-1.040456,45.547661999999995,-1.0157199999999997,45.54063,2.08,2.25,2025-04-11T11:00:00Z,2025-04-11T10:48:00Z,12,15,5,0.7533,0.8861,0.5634,0.7642,1.0367,-0.013291,0.006696,0.02143,NA,FALSE,FALSE,0.013122,0.010598,12.8082,-0.158012,-0.093112,-0.090068,0.090068,0.093112,0.158012,-18.7666,-10.2673,-9.8983,9.8983,10.2673,18.7666
JPSS2_20250726T130001_vs_HYPERNETS_20250726T130000_RHOW_C.csv,MAFR,Hyp,JPSS2,-1.040456,45.547661999999995,-1.0166,45.539871,2.05,2.25,2025-07-26T11:00:00Z,2025-07-26T11:00:01Z,0,15,5,1.4368,0.8403,1.0896,1.4555,1.9443,-0.009937,0.009138,0.023417,NA,TRUE,FALSE,0.027747,0.026912,72.6328,0.672747,0.76397,0.803342,0.672747,0.76397,0.803342,67.2747,76.397,80.3342,67.2747,76.397,80.3342
JPSS2_20250726T130001_vs_HYPERNETS_20250726T131500_RHOW_C.csv,MAFR,Hyp,JPSS2,-1.040456,45.547661999999995,-1.0166,45.539871,2.05,2.25,2025-07-26T11:15:00Z,2025-07-26T11:00:01Z,15,15,5,0.6891,0.6726,0.4169,0.7269,1.2675,-0.01559,0.019179,0.03912,NA,FALSE,FALSE,0.010714,0.009059,17.2061,0.007034,0.132531,0.214649,0.132531,0.190879,0.214649,0.7034,13.2531,21.4649,13.2531,21.4649,23.591
JPSS2_20250901T130600_vs_HYPERNETS_20250901T131500_RHOW_C.csv,MAFR,Hyp,JPSS2,-1.040456,45.547661999999995,-1.0193219999999998,45.53833000000001,1.95,2.25,2025-09-01T11:15:00Z,2025-09-01T11:06:00Z,9,15,5,0.7888,1.1032,0.6872,0.7911,0.9107,-0.006229,-0.001753,0.002135,NA,TRUE,FALSE,0.010175,0.00957,26.6732,-0.314482,-0.25,-0.230554,0.230554,0.25,0.314482,-45.8751,-33.3333,-29.9637,29.9637,33.3333,45.8751
JPSS2_20251009T125401_vs_HYPERNETS_20251009T124500_RHOW_C.csv,MAFR,Hyp,JPSS2,-1.040456,45.547661999999995,-1.0167609999999998,45.552226999999995,1.92,2.25,2025-10-09T10:45:00Z,2025-10-09T10:54:01Z,9,15,5,0.8837,1.1442,0.7985,0.8851,0.9811,-0.011964,-0.004873,0.001525,NA,TRUE,FALSE,0.013934,0.013361,19.9821,-0.17705,-0.1766,-0.167445,0.167445,0.1766,0.17705,-21.514,-21.4476,-20.1122,20.1122,21.4476,21.514
JPSS2_20251009T125401_vs_HYPERNETS_20251009T130000_RHOW_C.csv,MAFR,Hyp,JPSS2,-1.040456,45.547661999999995,-1.0167609999999998,45.552226999999995,1.92,2.25,2025-10-09T11:00:00Z,2025-10-09T10:54:01Z,6,15,5,0.8992,1.1722,0.7885,0.9016,1.031,-0.016404,-0.006753,0.001687,NA,FALSE,FALSE,0.01457,0.014093,21.1136,-0.196436,-0.190129,-0.189657,0.189657,0.190129,0.196436,-24.4456,-23.4765,-23.4045,23.4045,23.4765,24.4456
JPSS2_20251015T124201_vs_HYPERNETS_20251015T123000_RHOW_C.csv,MAFR,Hyp,JPSS2,-1.040456,45.547661999999995,-1.017012,45.539970000000004,2.02,2.25,2025-10-15T10:30:00Z,2025-10-15T10:42:01Z,12,15,5,0.8434,1.255,0.5844,0.8643,1.2783,-0.024195,-0.00794,0.00305,NA,FALSE,FALSE,0.013857,0.013267,36.5952,-0.379368,-0.293943,-0.274886,0.274886,0.293943,0.379368,-61.126,-41.6315,-37.9093,37.9093,41.6315,61.126
JPSS2_20251015T124201_vs_HYPERNETS_20251015T124500_RHOW_C.csv,MAFR,Hyp,JPSS2,-1.040456,45.547661999999995,-1.017012,45.539970000000004,2.02,2.25,2025-10-15T10:45:00Z,2025-10-15T10:42:01Z,3,15,5,0.8702,1.176,0.6215,0.8878,1.2683,-0.019085,-0.005562,0.003904,NA,FALSE,FALSE,0.010161,0.009549,29.2754,-0.305997,-0.234528,-0.200735,0.200735,0.234528,0.305997,-44.0916,-30.6383,-25.1149,25.1149,30.6383,44.0916
SNPP_20250117T124800_vs_HYPERNETS_20250117T123000_RHOW_R.csv,THFR,Hyp,SNPP,3.6641600000000003,43.43485999999999,3.686282,43.42426699999999,2.14,2.25,2025-01-17T11:30:00Z,2025-01-17T11:48:00Z,18,30,4,0.9214,0.958,0.2968,1.1392,4.373,-0.013508,-0.001844,0.001195,NA,FALSE,FALSE,0.001816,0.001342,40.3919,-0.603959,-0.35387,-0.15383,0.15383,0.35387,0.603959,-201.2666,-59.2069,-18.7252,18.7252,59.2069,201.2666
SNPP_20250117T124800_vs_HYPERNETS_20250117T124500_RHOW_R.csv,THFR,Hyp,SNPP,3.6641600000000003,43.43485999999999,3.686282,43.42426699999999,2.14,2.25,2025-01-17T11:45:00Z,2025-01-17T11:48:00Z,3,30,4,0.9465,0.9547,0.3076,1.1556,4.3415,-0.012814,-0.001748,0.001197,NA,FALSE,FALSE,0.001696,0.001253,38.6656,-0.590235,-0.318663,-0.106942,0.115085,0.318663,0.590235,-189.4324,-51.6022,-12.3112,13.222,51.6022,189.4324
SNPP_20250117T124800_vs_HYPERNETS_20250117T130000_RHOW_R.csv,THFR,Hyp,SNPP,3.6641600000000003,43.43485999999999,3.686282,43.42426699999999,2.14,2.25,2025-01-17T12:00:00Z,2025-01-17T11:48:00Z,12,30,4,0.9631,0.9604,0.3155,1.1645,4.2978,-0.012355,-0.001696,0.001192,NA,FALSE,FALSE,0.001627,0.001213,37.9524,-0.581636,-0.300656,-0.084536,0.098544,0.300656,0.581636,-182.4721,-47.8956,-9.4962,11.0194,47.8956,182.4721
SNPP_20250117T124800_vs_HYPERNETS_20250117T131500_RHOW_R.csv,THFR,Hyp,SNPP,3.6641600000000003,43.43485999999999,3.686282,43.42426699999999,2.14,2.25,2025-01-17T12:15:00Z,2025-01-17T11:48:00Z,27,30,4,0.9821,0.9945,0.325,1.1745,4.2446,-0.012002,-0.001683,0.001173,NA,FALSE,FALSE,0.001577,0.001187,38.1156,-0.575452,-0.302695,-0.091442,0.108399,0.302695,0.575452,-177.494,-47.8419,-10.3951,12.2515,47.8419,177.494
SNPP_20250128T124201_vs_HYPERNETS_20250128T123000_RHOW_R.csv,THFR,Hyp,SNPP,3.6641600000000003,43.43485999999999,3.6879850000000003,43.427273,2.1,2.25,2025-01-28T11:30:00Z,2025-01-28T11:42:01Z,12,30,4,0.7529,2.2447,0.2433,0.9263,3.5265,-0.016582,-0.003059,4.92e-4,NA,FALSE,FALSE,0.003565,0.003443,70.201,-0.798763,-0.779451,-0.682698,0.682698,0.779451,0.798763,-403.2168,-353.4348,-250.3652,250.3652,353.4348,403.2168
SNPP_20250131T114800_vs_HYPERNETS_20250131T113000_RHOW_R.csv,THFR,Hyp,SNPP,3.6641600000000003,43.43485999999999,3.6834640000000003,43.42403,1.97,2.25,2025-01-31T10:30:00Z,2025-01-31T10:48:00Z,18,30,5,0.6493,0.6928,0.3104,0.8581,2.3718,-0.00497,0.001663,0.004062,NA,FALSE,FALSE,0.001763,0.001351,43.4694,0.024529,0.363168,0.489416,0.120324,0.363168,0.489416,2.4529,36.3168,48.9416,13.6782,36.3168,48.9416
SNPP_20250131T114800_vs_HYPERNETS_20250131T114500_RHOW_R.csv,THFR,Hyp,SNPP,3.6641600000000003,43.43485999999999,3.6834640000000003,43.42403,1.97,2.25,2025-01-31T10:45:00Z,2025-01-31T10:48:00Z,3,30,5,0.6918,0.715,0.3319,0.8847,2.3584,-0.004894,0.001553,0.003971,NA,FALSE,FALSE,0.001684,0.001327,41.5634,0.046519,0.413514,0.470638,0.109467,0.413514,0.470638,4.6519,41.3514,47.0638,12.2923,41.3514,47.0638
SNPP_20250131T114800_vs_HYPERNETS_20250131T120000_RHOW_R.csv,THFR,Hyp,SNPP,3.6641600000000003,43.43485999999999,3.6834640000000003,43.42403,1.97,2.25,2025-01-31T11:00:00Z,2025-01-31T10:48:00Z,12,30,5,0.7233,0.7172,0.3491,0.9033,2.3376,-0.004714,0.001506,0.003909,NA,FALSE,FALSE,0.00165,0.001332,42.0183,0.070073,0.462769,0.498163,0.097684000000000007,0.462769,0.498163,7.0073,46.2769,49.8163,10.826,46.2769,49.8163
SNPP_20250131T114800_vs_HYPERNETS_20250131T121500_RHOW_R.csv,THFR,Hyp,SNPP,3.6641600000000003,43.43485999999999,3.6834640000000003,43.42403,1.97,2.25,2025-01-31T11:15:00Z,2025-01-31T10:48:00Z,27,30,5,0.7414,0.7073,0.3587,0.9194,2.357,-0.004563,0.001527,0.003903,NA,FALSE,FALSE,0.001694,0.001376,45.1596,0.095671,0.490596,0.591871,0.095671,0.490596,0.591871,9.5671,49.0596,59.1871,9.5671,49.0596,59.1871
SNPP_20250203T123000_vs_HYPERNETS_20250203T120000_RHOW_R.csv,THFR,Hyp,SNPP,3.6641600000000003,43.43485999999999,3.6859930000000003,43.424805,2.09,2.25,2025-02-03T11:00:00Z,2025-02-03T11:30:00Z,30,30,2,5.4452,31.068,NA,5.4452,NA,NA,-0.060064,NA,NA,NA,NA,0.009181,0.0091,79.6664,-0.859312,-0.796664,-0.734016,0.734016,0.796664,0.859312,-794.5046,-524.432,-335.9009,335.9009,524.432,794.5046
SNPP_20250203T123000_vs_HYPERNETS_20250203T121500_RHOW_R.csv,THFR,Hyp,SNPP,3.6641600000000003,43.43485999999999,3.6859930000000003,43.424805,2.09,2.25,2025-02-03T11:15:00Z,2025-02-03T11:30:00Z,15,30,2,4.1639,23.89,NA,4.1639,NA,NA,-0.045647,NA,NA,NA,NA,0.009235,0.009165,79.8669,-0.860249,-0.798669,-0.73709,0.73709,0.798669,0.860249,-796.2135,-527.876,-339.8822,339.8822,527.876,796.2135
SNPP_20250203T123000_vs_HYPERNETS_20250203T123000_RHOW_R.csv,THFR,Hyp,SNPP,3.6641600000000003,43.43485999999999,3.6859930000000003,43.424805,2.09,2.25,2025-02-03T11:30:00Z,2025-02-03T11:30:00Z,0,30,2,3.5287,19.9092,NA,3.5287,NA,NA,-0.037652,NA,NA,NA,NA,0.009038,0.008975,79.6023,-0.858013,-0.796023,-0.734032,0.734032,0.796023,0.858013,-778.5049,-517.3857,-333.8793,333.8793,517.3857,778.5049
SNPP_20250203T123000_vs_HYPERNETS_20250203T124500_RHOW_R.csv,THFR,Hyp,SNPP,3.6641600000000003,43.43485999999999,3.6859930000000003,43.424805,2.09,2.25,2025-02-03T11:45:00Z,2025-02-03T11:30:00Z,15,30,2,3.3964,19.2819,NA,3.3964,NA,NA,-0.036392,NA,NA,NA,NA,0.009107,0.009046,79.743,-0.858916,-0.79743,-0.735945,0.735945,0.79743,0.858916,-783.4205,-521.2171,-336.8369,336.8369,521.2171,783.4205
SNPP_20250203T123000_vs_HYPERNETS_20250203T130000_RHOW_R.csv,THFR,Hyp,SNPP,3.6641600000000003,43.43485999999999,3.6859930000000003,43.424805,2.09,2.25,2025-02-03T12:00:00Z,2025-02-03T11:30:00Z,30,30,2,3.0845,16.7775,NA,3.0845,NA,NA,-0.031363,NA,NA,NA,NA,0.008628,0.008569,78.9288,-0.852861,-0.789288,-0.725715,0.725715,0.789288,0.852861,-743.9027,-495.137,-319.7025,319.7025,495.137,743.9027
SNPP_20250204T121201_vs_HYPERNETS_20250204T114500_RHOW_R.csv,THFR,Hyp,SNPP,3.6641600000000003,43.43485999999999,3.686281,43.423008,2.22,2.25,2025-02-04T10:45:00Z,2025-02-04T11:12:01Z,27,30,1,NA,NA,NA,NA,NA,NA,NA,NA,NA,NA,NA,NA,NA,NA,NA,NA,NA,NA,NA,NA,NA,NA,NA,NA,NA,NA
SNPP_20250204T121201_vs_HYPERNETS_20250204T120000_RHOW_R.csv,THFR,Hyp,SNPP,3.6641600000000003,43.43485999999999,3.686281,43.423008,2.22,2.25,2025-02-04T11:00:00Z,2025-02-04T11:12:01Z,12,30,1,NA,NA,NA,NA,NA,NA,NA,NA,NA,NA,NA,NA,NA,NA,NA,NA,NA,NA,NA,NA,NA,NA,NA,NA,NA,NA
SNPP_20250204T121201_vs_HYPERNETS_20250204T121500_RHOW_R.csv,THFR,Hyp,SNPP,3.6641600000000003,43.43485999999999,3.686281,43.423008,2.22,2.25,2025-02-04T11:15:00Z,2025-02-04T11:12:01Z,3,30,1,NA,NA,NA,NA,NA,NA,NA,NA,NA,NA,NA,NA,NA,NA,NA,NA,NA,NA,NA,NA,NA,NA,NA,NA,NA,NA
SNPP_20250204T121201_vs_HYPERNETS_20250204T123000_RHOW_R.csv,THFR,Hyp,SNPP,3.6641600000000003,43.43485999999999,3.686281,43.423008,2.22,2.25,2025-02-04T11:30:00Z,2025-02-04T11:12:01Z,18,30,1,NA,NA,NA,NA,NA,NA,NA,NA,NA,NA,NA,NA,NA,NA,NA,NA,NA,NA,NA,NA,NA,NA,NA,NA,NA,NA
SNPP_20250214T122401_vs_HYPERNETS_20250214T120000_RHOW_R.csv,THFR,Hyp,SNPP,3.6641600000000003,43.43485999999999,3.686379,43.424220999999996,2.15,2.25,2025-02-14T11:00:00Z,2025-02-14T11:24:01Z,24,30,4,0.4503,1.9178,0.1907,0.4805,1.2105,-0.020547,-0.00484,0.001395,NA,FALSE,FALSE,0.016558,0.016018,77.2707,-0.841536,-0.785994,-0.717165,0.717165,0.785994,0.841536,-537.2213,-377.2476,-257.42380000000003,257.42380000000003,377.2476,537.2213
SNPP_20250214T122401_vs_HYPERNETS_20250214T123000_RHOW_R.csv,THFR,Hyp,SNPP,3.6641600000000003,43.43485999999999,3.686379,43.424220999999996,2.15,2.25,2025-02-14T11:30:00Z,2025-02-14T11:24:01Z,6,30,4,0.5104,1.8558,0.2108,0.5479,1.4239,-0.020895,-0.004658,0.00159,NA,FALSE,FALSE,0.01347,0.013037,73.5898,-0.815752,-0.7532,-0.673346,0.673346,0.7532,0.815752,-447.0887,-313.702,-209.6565,209.6565,313.702,447.0887
SNPP_20250214T122401_vs_HYPERNETS_20250214T124500_RHOW_R.csv,THFR,Hyp,SNPP,3.6641600000000003,43.43485999999999,3.686379,43.424220999999996,2.15,2.25,2025-02-14T11:45:00Z,2025-02-14T11:24:01Z,21,30,4,0.5274,1.8746,0.2143,0.5687,1.5088,-0.02177,-0.00478,0.001624,NA,FALSE,FALSE,0.012974,0.012574,72.9001,-0.812188,-0.747407,-0.66422,0.66422,0.747407,0.812188,-436.7837,-304.4534,-201.3743,201.3743,304.4534,436.7837
SNPP_20250215T120600_vs_HYPERNETS_20250215T114500_RHOW_R.csv,THFR,Hyp,SNPP,3.6641600000000003,43.43485999999999,3.686329,43.424060999999995,2.16,2.25,2025-02-15T10:45:00Z,2025-02-15T11:06:00Z,21,30,5,0.6879,1.4902,0.3524,0.7872,1.7583,-0.009957,-0.002754,4.71e-4,NA,FALSE,FALSE,0.004592,0.004333,62.0712,-0.661487,-0.549992,-0.534297,0.534297,0.549992,0.661487,-195.4099,-122.2182,-114.7292,114.7292,122.2182,195.4099
SNPP_20250215T120600_vs_HYPERNETS_20250215T120000_RHOW_R.csv,THFR,Hyp,SNPP,3.6641600000000003,43.43485999999999,3.686329,43.424060999999995,2.16,2.25,2025-02-15T11:00:00Z,2025-02-15T11:06:00Z,6,30,5,0.6869,1.439,0.3549,0.7804,1.7161,-0.009359,-0.002574,5.11e-4,NA,FALSE,FALSE,0.00443,0.0041660000000000004,61.0158,-0.650285,-0.542338,-0.50464,0.50464,0.542338,0.650285,-185.947,-118.5019,-101.8736,101.8736,118.5019,185.947
SNPP_20250215T120600_vs_HYPERNETS_20250215T121500_RHOW_R.csv,THFR,Hyp,SNPP,3.6641600000000003,43.43485999999999,3.686329,43.424060999999995,2.16,2.25,2025-02-15T11:15:00Z,2025-02-15T11:06:00Z,9,30,5,0.6693,1.4547,0.3476,0.7575,1.6507,-0.009178,-0.002542,5.03e-4,NA,FALSE,FALSE,0.004613,0.004344,62.0055,-0.658603,-0.553871,-0.516969,0.516969,0.553871,0.658603,-192.9139,-124.1504,-107.0261,107.0261,124.1504,192.9139
SNPP_20250215T120600_vs_HYPERNETS_20250215T123000_RHOW_R.csv,THFR,Hyp,SNPP,3.6641600000000003,43.43485999999999,3.686329,43.424060999999995,2.16,2.25,2025-02-15T11:30:00Z,2025-02-15T11:06:00Z,24,30,5,0.6696,1.5591,0.3455,0.7616,1.679,-0.00983,-0.002774,4.28e-4,NA,FALSE,FALSE,0.004865,0.004607,63.6471,-0.673095,-0.567329,-0.56229,0.56229,0.567329,0.673095,-205.8997,-131.1227,-128.4617,128.4617,131.1227,205.8997
SNPP_20250619T132401_vs_HYPERNETS_20250619T134500_RHOW_R.csv,THFR,Hyp,SNPP,3.6641600000000003,43.43485999999999,3.6805630000000003,43.431133,1.39,2.25,2025-06-19T11:45:00Z,2025-06-19T11:24:01Z,21,30,4,1.089,1.2344,0.4052,1.2099,3.613,-0.01873,-0.003436,0.001686,NA,FALSE,FALSE,0.002647,0.0021,40.1787,-0.511671,-0.395259,-0.285374,0.285374,0.395259,0.511671,-122.3728,-65.4777,-42.6979,42.6979,65.4777,122.3728
SNPP_20250620T130001_vs_HYPERNETS_20250620T124500_RHOW_R.csv,THFR,Hyp,SNPP,3.6641600000000003,43.43485999999999,3.680865,43.429295,1.49,2.25,2025-06-20T10:45:00Z,2025-06-20T11:00:01Z,15,30,5,1.3053,1.1589,0.7203,1.4247,2.8178,-0.007168,5.33e-4,0.004427,NA,FALSE,FALSE,0.003255,0.002881,51.4622,0.360865,0.396708,0.736558,0.360865,0.396708,0.736558,36.0865,39.6708,73.6558,36.0865,39.6708,73.6558
SNPP_20250620T130001_vs_HYPERNETS_20250620T130000_RHOW_R.csv,THFR,Hyp,SNPP,3.6641600000000003,43.43485999999999,3.680865,43.429295,1.49,2.25,2025-06-20T11:00:00Z,2025-06-20T11:00:01Z,0,30,5,1.2994,1.0894,0.7083,1.4267,2.8738,-0.006626,9.45e-4,0.004703,NA,FALSE,FALSE,0.003533,0.003177,61.9977,0.401745,0.461225,0.860265,0.401745,0.461225,0.860265,40.1745,46.1225,86.0265,40.1745,46.1225,86.0265
SNPP_20250620T130001_vs_HYPERNETS_20250620T131500_RHOW_R.csv,THFR,Hyp,SNPP,3.6641600000000003,43.43485999999999,3.680865,43.429295,1.49,2.25,2025-06-20T11:15:00Z,2025-06-20T11:00:01Z,15,30,5,1.2962,1.081,0.7209,1.4096,2.7561,-0.006209,9.33e-4,0.004586,NA,FALSE,FALSE,0.003443,0.003106,59.6716,0.388513,0.445876,0.815745,0.388513,0.445876,0.815745,38.8513,44.5876,81.5745,38.8513,44.5876,81.5745
SNPP_20250620T130001_vs_HYPERNETS_20250620T133000_RHOW_R.csv,THFR,Hyp,SNPP,3.6641600000000003,43.43485999999999,3.680865,43.429295,1.49,2.25,2025-06-20T11:30:00Z,2025-06-20T11:00:01Z,30,30,5,1.3823,1.1413,0.7864,1.4888,2.8184,-0.006531,5.17e-4,0.00424,NA,FALSE,FALSE,0.003454,0.003108,57.8078,0.436841,0.444695,0.791898,0.436841,0.444695,0.791898,43.6841,44.4695,79.1898,43.6841,44.4695,79.1898
SNPP_20250622T122400_vs_HYPERNETS_20250622T120000_RHOW_R.csv,THFR,Hyp,SNPP,3.6641600000000003,43.43485999999999,3.6854649999999998,43.426280999999996,1.97,2.25,2025-06-22T10:00:00Z,2025-06-22T10:24:00Z,24,30,2,1.5861,5.4018,NA,1.5861,NA,NA,-0.010001,NA,NA,NA,NA,0.005279,0.005226,67.2249,-0.770751,-0.672249,-0.573747,0.573747,0.672249,0.770751,-440.3661,-281.774,-169.7271,169.7271,281.774,440.3661
SNPP_20250622T122400_vs_HYPERNETS_20250622T121500_RHOW_R.csv,THFR,Hyp,SNPP,3.6641600000000003,43.43485999999999,3.6854649999999998,43.426280999999996,1.97,2.25,2025-06-22T10:15:00Z,2025-06-22T10:24:00Z,9,30,2,1.5273,5.0616,NA,1.5273,NA,NA,-0.009201,NA,NA,NA,NA,0.005064,0.005016,66.5127,-0.764628,-0.665127,-0.565627,0.565627,0.665127,0.764628,-422.7516,-271.2934,-163.7176,163.7176,271.2934,422.7516
SNPP_20250622T122400_vs_HYPERNETS_20250622T123000_RHOW_R.csv,THFR,Hyp,SNPP,3.6641600000000003,43.43485999999999,3.6854649999999998,43.426280999999996,1.97,2.25,2025-06-22T10:30:00Z,2025-06-22T10:24:00Z,6,30,2,1.5232,5.0728,NA,1.5232,NA,NA,-0.009228,NA,NA,NA,NA,0.005102,0.005054,66.6695,-0.76577,-0.666695,-0.56762,0.56762,0.666695,0.76577,-425.4227,-273.1215,-164.9669,164.9669,273.1215,425.4227
SNPP_20250622T122400_vs_HYPERNETS_20250622T124500_RHOW_R.csv,THFR,Hyp,SNPP,3.6641600000000003,43.43485999999999,3.6854649999999998,43.426280999999996,1.97,2.25,2025-06-22T10:45:00Z,2025-06-22T10:24:00Z,21,30,2,1.4722,4.7523,NA,1.4722,NA,NA,-0.008475,NA,NA,NA,NA,0.004863,0.00482,65.8215,-0.75855,-0.658215,-0.55788,0.55788,0.658215,0.75855,-406.0914,-261.4362,-158.1275,158.1275,261.4362,406.0914
SNPP_20250702T123601_vs_HYPERNETS_20250702T121500_RHOW_R.csv,THFR,Hyp,SNPP,3.6641600000000003,43.43485999999999,3.6871530000000003,43.425171000000006,2.15,2.25,2025-07-02T10:15:00Z,2025-07-02T10:36:01Z,21,30,2,1.4119,3.6969,NA,1.4119,NA,NA,-0.01091,NA,NA,NA,NA,0.006348,0.006285,59.7086,-0.694249,-0.597086,-0.499923,0.499923,0.597086,0.694249,-268.5499,-183.3225,-117.804,117.804,183.3225,268.5499
SNPP_20250702T123601_vs_HYPERNETS_20250702T123000_RHOW_R.csv,THFR,Hyp,SNPP,3.6641600000000003,43.43485999999999,3.6871530000000003,43.425171000000006,2.15,2.25,2025-07-02T10:30:00Z,2025-07-02T10:36:01Z,6,30,2,1.481,3.8105,NA,1.481,NA,NA,-0.011385,NA,NA,NA,NA,0.006162,0.006082,58.8955,-0.688993,-0.588955,-0.488918,0.488918,0.588955,0.688993,-263.3327,-178.5014,-113.4766,113.4766,178.5014,263.3327
SNPP_20250702T123601_vs_HYPERNETS_20250702T124500_RHOW_R.csv,THFR,Hyp,SNPP,3.6641600000000003,43.43485999999999,3.6871530000000003,43.425171000000006,2.15,2.25,2025-07-02T10:45:00Z,2025-07-02T10:36:01Z,9,30,2,1.2736,3.3646,NA,1.2736,NA,NA,-0.009522,NA,NA,NA,NA,0.006448,0.006415,60.3787,-0.696378,-0.603787,-0.511195,0.511195,0.603787,0.696378,-267.8103,-185.4906,-121.5949,121.5949,185.4906,267.8103
SNPP_20250702T123601_vs_HYPERNETS_20250702T130000_RHOW_R.csv,THFR,Hyp,SNPP,3.6641600000000003,43.43485999999999,3.6871530000000003,43.425171000000006,2.15,2.25,2025-07-02T11:00:00Z,2025-07-02T10:36:01Z,24,30,2,1.3589,3.3886,NA,1.3589,NA,NA,-0.009623,NA,NA,NA,NA,0.005831,0.005775,57.9988,-0.678391,-0.579988,-0.481585,0.481585,0.579988,0.678391,-247.4807,-169.5058,-109.0286,109.0286,169.5058,247.4807
SNPP_20250708T122400_vs_HYPERNETS_20250708T120000_RHOW_R.csv,THFR,Hyp,SNPP,3.6641600000000003,43.43485999999999,3.6839890000000004,43.426624,1.85,2.25,2025-07-08T10:00:00Z,2025-07-08T10:24:00Z,24,30,5,1.4549,0.8421,0.9372,1.511,2.436,-0.00414,0.002698,0.00694,NA,FALSE,FALSE,0.00667,0.006476,91.312,0.775564,1.009323,1.026958,0.775564,1.009323,1.026958,77.5564,100.9323,102.6958,77.5564,100.9323,102.6958
SNPP_20250708T122400_vs_HYPERNETS_20250708T121500_RHOW_R.csv,THFR,Hyp,SNPP,3.6641600000000003,43.43485999999999,3.6839890000000004,43.426624,1.85,2.25,2025-07-08T10:15:00Z,2025-07-08T10:24:00Z,9,30,5,1.4812,0.8983,0.9216,1.5508,2.6095,-0.008055,8.39e-4,0.006125,NA,FALSE,FALSE,0.005724,0.005467,66.6202,0.560289,0.724441,0.766296,0.560289,0.724441,0.766296,56.0289,72.4441,76.6296,56.0289,72.4441,76.6296
SNPP_20250708T122400_vs_HYPERNETS_20250708T123000_RHOW_R.csv,THFR,Hyp,SNPP,3.6641600000000003,43.43485999999999,3.6839890000000004,43.426624,1.85,2.25,2025-07-08T10:30:00Z,2025-07-08T10:24:00Z,6,30,5,1.4511,0.8703,0.9618,1.4984,2.3343,-0.004519,0.002066,0.006292,NA,FALSE,FALSE,0.006188,0.005991,78.6825,0.609542,0.864413,0.917032,0.609542,0.864413,0.917032,60.9542,86.4413,91.7032,60.9542,86.4413,91.7032
SNPP_20250708T122400_vs_HYPERNETS_20250708T124500_RHOW_R.csv,THFR,Hyp,SNPP,3.6641600000000003,43.43485999999999,3.6839890000000004,43.426624,1.85,2.25,2025-07-08T10:45:00Z,2025-07-08T10:24:00Z,21,30,5,1.4434,0.8628,0.9471,1.4934,2.3549,-0.004604,0.002154,0.006439,NA,FALSE,FALSE,0.006221,0.006024,79.5977,0.611927,0.876864,0.928782,0.611927,0.876864,0.928782,61.1927,87.6864,92.8782,61.1927,87.6864,92.8782
SNPP_20250718T123601_vs_HYPERNETS_20250718T121500_RHOW_R.csv,THFR,Hyp,SNPP,3.6641600000000003,43.43485999999999,3.687085,43.428097,2,2.25,2025-07-18T10:15:00Z,2025-07-18T10:36:01Z,21,30,5,1.2315,1.9448,0.75,1.2967,2.2419,-0.010075,-0.00398,-4.55e-4,NA,FALSE,TRUE,0.002507,0.002067,41.589,-0.4894,-0.331529,-0.270389,0.270389,0.331529,0.4894,-95.8478,-49.5952,-37.0593,37.0593,49.5952,95.8478
SNPP_20250718T123601_vs_HYPERNETS_20250718T123000_RHOW_R.csv,THFR,Hyp,SNPP,3.6641600000000003,43.43485999999999,3.687085,43.428097,2,2.25,2025-07-18T10:30:00Z,2025-07-18T10:36:01Z,6,30,5,1.1933,1.969,0.73740000000000006,1.2516,2.1245,-0.009613,-0.003863,-4.76e-4,NA,FALSE,TRUE,0.002578,0.002206,42.9633,-0.498659,-0.347034,-0.286202,0.286202,0.347034,0.498659,-99.4649,-53.1473,-40.0956,40.0956,53.1473,99.4649
SNPP_20250718T123601_vs_HYPERNETS_20250718T124500_RHOW_R.csv,THFR,Hyp,SNPP,3.6641600000000003,43.43485999999999,3.687085,43.428097,2,2.25,2025-07-18T10:45:00Z,2025-07-18T10:36:01Z,9,30,5,1.196,1.8813,0.732,1.2576,2.1606,-0.00953,-0.003716,-3.32e-4,NA,FALSE,TRUE,0.002468,0.002057,41.3321,-0.48451,-0.308714,-0.272608,0.272608,0.308714,0.48451,-93.9901,-44.658,-37.4775,37.4775,44.658,93.9901
SNPP_20250718T123601_vs_HYPERNETS_20250718T130000_RHOW_R.csv,THFR,Hyp,SNPP,3.6641600000000003,43.43485999999999,3.687085,43.428097,2,2.25,2025-07-18T11:00:00Z,2025-07-18T10:36:01Z,24,30,5,1.1756,1.8264,0.7103,1.2406,2.1667,-0.009751,-0.003711,-2.52e-4,NA,FALSE,TRUE,0.002545,0.002142,41.8404,-0.495114,-0.302492,-0.281495,0.281495,0.302492,0.495114,-98.0646,-43.3676,-39.1778,39.1778,43.3676,98.0646
SNPP_20250728T124801_vs_HYPERNETS_20250728T123000_RHOW_R.csv,THFR,Hyp,SNPP,3.6641600000000003,43.43485999999999,3.684758,43.421383,2.24,2.25,2025-07-28T10:30:00Z,2025-07-28T10:48:01Z,18,30,5,0.6222,1.1418,0.3574,1.2386,4.2932,-0.014633,2.15e-4,0.004499,NA,FALSE,FALSE,0.003268,0.002306,85.0114,-0.025463,0.018209,0.655428,0.025463,0.655428,0.852007,-2.6128,1.8209,65.5428,2.6128,65.5428,269.9461
SNPP_20250728T124801_vs_HYPERNETS_20250728T124500_RHOW_R.csv,THFR,Hyp,SNPP,3.6641600000000003,43.43485999999999,3.684758,43.421383,2.24,2.25,2025-07-28T10:45:00Z,2025-07-28T10:48:01Z,3,30,5,0.8247,2.047,0.4079,1.2722,3.9676,-0.017235,-0.001289,0.003823,NA,FALSE,FALSE,0.002522,0.002056,49.1662,-0.162157,-0.065239,0.238265,0.162157,0.238265,0.869719,-19.3541,-6.9792,23.8265,19.3541,23.8265,112.2929
SNPP_20250728T124801_vs_HYPERNETS_20250728T130000_RHOW_R.csv,THFR,Hyp,SNPP,3.6641600000000003,43.43485999999999,3.684758,43.421383,2.24,2.25,2025-07-28T11:00:00Z,2025-07-28T10:48:01Z,12,30,5,0.6825,1.3141,0.3765,1.2818,4.3639,-0.014806,5.6e-5,0.004421,NA,FALSE,FALSE,0.003183,0.002255,79.3967,-0.002726,0.036052,0.655769,0.036052,0.655769,0.846906,-0.2734,3.6052,65.5769,3.6052,65.5769,242.8383
SNPP_20250728T124801_vs_HYPERNETS_20250728T131500_RHOW_R.csv,THFR,Hyp,SNPP,3.6641600000000003,43.43485999999999,3.684758,43.421383,2.24,2.25,2025-07-28T11:15:00Z,2025-07-28T10:48:01Z,27,30,5,0.82,1.8813,0.4135,1.3203,4.216,-0.016691,-9.43e-4,0.003988,NA,FALSE,FALSE,0.002693,0.001993,55.4392,-0.096575,-0.006371,0.365846,0.096575,0.365846,0.858423,-10.6899,-0.6412,36.5846,10.6899,36.5846,144.4746
SNPP_20250731T115401_vs_HYPERNETS_20250731T113000_RHOW_R.csv,THFR,Hyp,SNPP,3.6641600000000003,43.43485999999999,3.6859040000000003,43.427254,1.95,2.25,2025-07-31T09:30:00Z,2025-07-31T09:54:01Z,24,30,4,1.0243,1.4778,0.4091,1.11,3.0114,-0.013484,-0.002767,0.001183,NA,FALSE,FALSE,0.002404,0.002147,46.4409,-0.631686,-0.529787,-0.36251,0.36251,0.529787,0.631686,-172.8468,-115.9506,-60.6005,60.6005,115.9506,172.8468
SNPP_20250731T115401_vs_HYPERNETS_20250731T114500_RHOW_R.csv,THFR,Hyp,SNPP,3.6641600000000003,43.43485999999999,3.6859040000000003,43.427254,1.95,2.25,2025-07-31T09:45:00Z,2025-07-31T09:54:01Z,9,30,4,1.0076,1.5059,0.3893,1.1036,3.1289,-0.014802,-0.002963,0.001213,NA,FALSE,FALSE,0.002619,0.002357,48.3451,-0.653379,-0.549889,-0.379962,0.379962,0.549889,0.653379,-189.9449,-126.1687,-65.3316,65.3316,126.1687,189.9449
SNPP_20250731T115401_vs_HYPERNETS_20250731T120000_RHOW_R.csv,THFR,Hyp,SNPP,3.6641600000000003,43.43485999999999,3.6859040000000003,43.427254,1.95,2.25,2025-07-31T10:00:00Z,2025-07-31T09:54:01Z,6,30,4,1.0096,1.4826,0.3905,1.1054,3.1288,-0.014571,-0.002892,0.001234,NA,FALSE,FALSE,0.002552,0.002283,47.6246,-0.643745,-0.541879,-0.37438,0.37438,0.541879,0.643745,-182.2653,-121.7852,-63.8566,63.8566,121.7852,182.2653
SNPP_20250731T115401_vs_HYPERNETS_20250731T121500_RHOW_R.csv,THFR,Hyp,SNPP,3.6641600000000003,43.43485999999999,3.6859040000000003,43.427254,1.95,2.25,2025-07-31T10:15:00Z,2025-07-31T09:54:01Z,21,30,4,1.0349,1.4795,0.4158,1.1196,3.0143,-0.013336,-0.00276,0.001168,NA,FALSE,FALSE,0.002351,0.002093,45.9296,-0.628547,-0.524132,-0.354882,0.354882,0.524132,0.628547,-170.5405,-113.4944,-58.5884,58.5884,113.4944,170.5405
SNPP_20250803T123601_vs_HYPERNETS_20250803T121500_RHOW_R.csv,THFR,Hyp,SNPP,3.6641600000000003,43.43485999999999,3.6833960000000006,43.423061,2.04,2.25,2025-08-03T10:15:00Z,2025-08-03T10:36:01Z,21,30,4,0.9521,1.1167,0.306,1.1814,4.5622,-0.021564,-0.003199,0.001557,NA,FALSE,FALSE,0.00272,0.002214,45.2482,-0.583121,-0.459055,-0.328416,0.328416,0.459055,0.583121,-162.0499,-85.4222,-52.3286,52.3286,85.4222,162.0499
SNPP_20250803T123601_vs_HYPERNETS_20250803T123000_RHOW_R.csv,THFR,Hyp,SNPP,3.6641600000000003,43.43485999999999,3.6833960000000006,43.423061,2.04,2.25,2025-08-03T10:30:00Z,2025-08-03T10:36:01Z,6,30,4,0.9368,1.0634,0.3004,1.1664,4.5286,-0.021157,-0.003059,0.001602,NA,FALSE,FALSE,0.002687,0.002164,44.2593,-0.580309,-0.440966,-0.30325,0.30325,0.440966,0.580309,-160.3568,-79.8061,-46.1178,46.1178,79.8061,160.3568
SNPP_20250803T123601_vs_HYPERNETS_20250803T124500_RHOW_R.csv,THFR,Hyp,SNPP,3.6641600000000003,43.43485999999999,3.6833960000000006,43.423061,2.04,2.25,2025-08-03T10:45:00Z,2025-08-03T10:36:01Z,9,30,4,0.9475,1.1315,0.3053,1.1707,4.4896,-0.021549,-0.00324,0.001534,NA,FALSE,FALSE,0.002783,0.002298,46.2224,-0.586666,-0.4691,-0.344659,0.344659,0.4691,0.586666,-164.7232,-88.7862,-56.285,56.285,88.7862,164.7232
SNPP_20250803T123601_vs_HYPERNETS_20250803T130000_RHOW_R.csv,THFR,Hyp,SNPP,3.6641600000000003,43.43485999999999,3.6833960000000006,43.423061,2.04,2.25,2025-08-03T11:00:00Z,2025-08-03T10:36:01Z,24,30,4,0.993,1.1562,0.33,1.1826,4.2376,-0.019121,-0.003016,0.001479,NA,FALSE,FALSE,0.002512,0.002053,44.0465,-0.564432,-0.44102,-0.317053,0.317053,0.44102,0.564432,-149.9579,-79.333,-49.439,49.439,79.333,149.9579
SNPP_20250808T124200_vs_HYPERNETS_20250808T121500_RHOW_R.csv,THFR,Hyp,SNPP,3.6641600000000003,43.43485999999999,3.685407,43.424988,2.04,2.25,2025-08-08T10:15:00Z,2025-08-08T10:42:00Z,27,30,5,1.3671,0.8233,0.7552,1.4914,2.9453,-0.005631,0.002706,0.006927,NA,FALSE,FALSE,0.005734,0.005523,103.4937,0.808939,0.974029,1.227096,0.808939,0.974029,1.227096,80.8939,97.4029,122.7096,80.8939,97.4029,122.7096
SNPP_20250808T124200_vs_HYPERNETS_20250808T123000_RHOW_R.csv,THFR,Hyp,SNPP,3.6641600000000003,43.43485999999999,3.685407,43.424988,2.04,2.25,2025-08-08T10:30:00Z,2025-08-08T10:42:00Z,12,30,5,1.3537,0.4553,0.6868,1.5627,3.5555,-5.84e-4,0.006053,0.00897,NA,FALSE,FALSE,0.008129,0.007927,349.8128,1.865963,3.320825,4.890123,1.865963,3.320825,4.890123,186.5963,332.0825,489.0123,186.5963,332.0825,489.0123
SNPP_20250808T124200_vs_HYPERNETS_20250808T124500_RHOW_R.csv,THFR,Hyp,SNPP,3.6641600000000003,43.43485999999999,3.685407,43.424988,2.04,2.25,2025-08-08T10:45:00Z,2025-08-08T10:42:00Z,3,30,5,1.3799,0.7806,0.777,1.4924,2.8665,-0.004524,0.003041,0.006979,NA,FALSE,FALSE,0.005945,0.005752,114.1375,0.871108,1.2192,1.317603,0.871108,1.2192,1.317603,87.1108,121.92,131.7603,87.1108,121.92,131.7603
SNPP_20250808T124200_vs_HYPERNETS_20250808T130000_RHOW_R.csv,THFR,Hyp,SNPP,3.6641600000000003,43.43485999999999,3.685407,43.424988,2.04,2.25,2025-08-08T11:00:00Z,2025-08-08T10:42:00Z,18,30,5,1.3192,0.7432,0.7115,1.4568,2.9824,-0.004662,0.003481,0.007459,NA,FALSE,FALSE,0.006124,0.005919,123.55,0.920369,1.308028,1.44141,0.920369,1.308028,1.44141,92.0369,130.8028,144.141,92.0369,130.8028,144.141
SNPP_20250824T124200_vs_HYPERNETS_20250824T121500_RHOW_R.csv,THFR,Hyp,SNPP,3.6641600000000003,43.43485999999999,3.688076,43.424643999999994,2.24,2.25,2025-08-24T10:15:00Z,2025-08-24T10:42:00Z,27,30,5,1.1569,1.1489,0.6053,1.3021,2.8009,-0.010956,-0.002814,9.71e-4,NA,FALSE,FALSE,0.001775,0.001425,29.2123,-0.371125,-0.219838,0.053664,0.066659,0.219838,0.371125,-59.014,-28.1784,5.3664,6.6659,28.1784,59.014
SNPP_20250824T124200_vs_HYPERNETS_20250824T123000_RHOW_R.csv,THFR,Hyp,SNPP,3.6641600000000003,43.43485999999999,3.688076,43.424643999999994,2.24,2.25,2025-08-24T10:30:00Z,2025-08-24T10:42:00Z,12,30,5,1.2181,1.182,0.6479,1.3561,2.8382,-0.010386,-0.002738,9.15e-4,NA,FALSE,FALSE,0.001593,0.001334,29.0138,-0.334318,-0.178268,0.099783,0.10729,0.178268,0.334318,-50.2219,-21.6942,9.9783,10.729,21.6942,50.2219
SNPP_20250824T124200_vs_HYPERNETS_20250824T124500_RHOW_R.csv,THFR,Hyp,SNPP,3.6641600000000003,43.43485999999999,3.688076,43.424643999999994,2.24,2.25,2025-08-24T10:45:00Z,2025-08-24T10:42:00Z,3,30,5,1.1818,1.1376,0.6283,1.3162,2.7573,-0.010057,-0.002575,9.97e-4,NA,FALSE,FALSE,0.001596,0.001333,29.3615,-0.334727,-0.185893,0.081875,0.133582,0.185893,0.334727,-50.3142,-22.834,8.1875,13.3582,22.834,50.3142
SNPP_20250824T124200_vs_HYPERNETS_20250824T130000_RHOW_R.csv,THFR,Hyp,SNPP,3.6641600000000003,43.43485999999999,3.688076,43.424643999999994,2.24,2.25,2025-08-24T11:00:00Z,2025-08-24T10:42:00Z,18,30,5,1.1708,1.2206,0.634,1.2902,2.6258,-0.009915,-0.002705,8.37e-4,NA,FALSE,FALSE,0.001681,0.001322,27.6569,-0.355264,-0.20984,0.034713,0.04203,0.20984,0.355264,-55.1022,-26.5567,3.4713,4.203,26.5567,55.1022
SNPP_20250904T123601_vs_HYPERNETS_20250904T123000_RHOW_C.csv,THFR,Hyp,SNPP,3.6641600000000003,43.43485999999999,3.6878070000000003,43.425247,2.19,2.25,2025-09-04T10:30:00Z,2025-09-04T10:36:01Z,6,30,4,-0.2855,-0.31,-3.7975,-0.6687,-0.1178,0.006584,0.009675,0.027225,NA,TRUE,TRUE,0.002242,0.002015,42.3872,-0.223774,0.008639,0.409527,0.213748,0.255396,0.46552,-29.0052,-1.3524,37.6048,24.2859,33.0073,53.8824
SNPP_20250904T123601_vs_HYPERNETS_20250904T124500_RHOW_C.csv,THFR,Hyp,SNPP,3.6641600000000003,43.43485999999999,3.6878070000000003,43.425247,2.19,2.25,2025-09-04T10:45:00Z,2025-09-04T10:36:01Z,9,30,4,-0.2912,-0.3126,-3.8303,-0.6758,-0.1192,0.006587,0.009684,0.027237,NA,TRUE,TRUE,0.002237,0.001999,42.6934,-0.216708,0.015361,0.418786,0.216241,0.255579,0.466272,-27.8464,-0.6329,38.4382,23.5559,31.8694,53.3669
SNPP_20250904T123601_vs_HYPERNETS_20250904T130000_RHOW_C.csv,THFR,Hyp,SNPP,3.6641600000000003,43.43485999999999,3.6878070000000003,43.425247,2.19,2.25,2025-09-04T11:00:00Z,2025-09-04T10:36:01Z,24,30,4,-0.2708,-0.2883,-3.6703,-0.6443,-0.1131,0.006537,0.00942,0.025842,NA,TRUE,TRUE,0.002322,0.00207,46.7058,-0.211991,0.045823,0.492379,0.252995,0.278316,0.492379,-27.0358,1.8543,45.4769,27.1402,32.8977,53.3421
SNPP_20250910T122401_vs_HYPERNETS_20250910T123000_RHOW_R.csv,THFR,Hyp,SNPP,3.6641600000000003,43.43485999999999,3.684148,43.422974,2.09,2.25,2025-09-10T10:30:00Z,2025-09-10T10:24:01Z,6,30,3,1.0027,4.6518,0.1325,1.054,8.3879,-0.043519,-0.004002,9.64e-4,NA,FALSE,FALSE,0.003743,0.003711,74.4873,-0.885054,-0.809348,-0.636929,0.636929,0.809348,0.885054,-1056.1522,-424.5158,-212.9708,212.9708,424.5158,1056.1522
SNPP_20250915T123000_vs_HYPERNETS_20250915T120000_RHOW_R.csv,THFR,Hyp,SNPP,3.6641600000000003,43.43485999999999,3.690217,43.429951,2.18,2.25,2025-09-15T10:00:00Z,2025-09-15T10:30:00Z,30,30,4,1.11,1.3677,0.3976,1.2552,3.9629,-0.01769,-0.003325,0.001226,NA,FALSE,FALSE,0.002359,0.001971,43.0759,-0.540724,-0.397738,-0.287773,0.287773,0.397738,0.540724,-148.8236,-66.3793,-42.3205,42.3205,66.3793,148.8236
SNPP_20250915T123000_vs_HYPERNETS_20250915T121500_RHOW_R.csv,THFR,Hyp,SNPP,3.6641600000000003,43.43485999999999,3.690217,43.429951,2.18,2.25,2025-09-15T10:15:00Z,2025-09-15T10:30:00Z,15,30,4,1.104,1.4197,0.4013,1.2392,3.8272,-0.01737,-0.003369,0.001164,NA,FALSE,FALSE,0.002428,0.002075,44.4515,-0.548249,-0.415505,-0.311771,0.311771,0.415505,0.548249,-152.6867,-71.3162,-47.5339,47.5339,71.3162,152.6867
SNPP_20250915T123000_vs_HYPERNETS_20250915T123000_RHOW_R.csv,THFR,Hyp,SNPP,3.6641600000000003,43.43485999999999,3.690217,43.429951,2.18,2.25,2025-09-15T10:30:00Z,2025-09-15T10:30:00Z,0,30,4,1.0792,1.3775,0.3922,1.2115,3.7425,-0.01691,-0.003219,0.001213,NA,FALSE,FALSE,0.002424,0.002075,44.2658,-0.550893,-0.409309,-0.301074,0.301074,0.409309,0.550893,-153.4738,-69.6891,-44.9073,44.9073,69.6891,153.4738
SNPP_20250915T123000_vs_HYPERNETS_20250915T124500_RHOW_R.csv,THFR,Hyp,SNPP,3.6641600000000003,43.43485999999999,3.690217,43.429951,2.18,2.25,2025-09-15T10:45:00Z,2025-09-15T10:30:00Z,15,30,4,1.0932,1.3498000000000001,0.3979,1.2264,3.7802,-0.016521,-0.003107,0.001245,NA,FALSE,FALSE,0.002292,0.001918,42.4659,-0.539367,-0.386901,-0.272193,0.272193,0.386901,0.539367,-146.5847,-63.6337,-38.9159,38.9159,63.6337,146.5847
SNPP_20250915T123000_vs_HYPERNETS_20250915T130000_RHOW_R.csv,THFR,Hyp,SNPP,3.6641600000000003,43.43485999999999,3.690217,43.429951,2.18,2.25,2025-09-15T11:00:00Z,2025-09-15T10:30:00Z,30,30,4,1.0696,1.3028,0.3855,1.2055,3.7696,-0.016575,-0.003032,0.001299,NA,FALSE,FALSE,0.002324,0.001947,42.4882,-0.543474,-0.382986,-0.264395,0.264395,0.382986,0.543474,-148.8158,-62.795,-37.2022,37.2022,62.795,148.8158
SNPP_20250917T115401_vs_HYPERNETS_20250917T113000_RHOW_R.csv,THFR,Hyp,SNPP,3.6641600000000003,43.43485999999999,3.6831370000000008,43.4244,1.93,2.25,2025-09-17T09:30:00Z,2025-09-17T09:54:01Z,24,30,4,0.8188,1.1264,0.2867,0.9377,3.0671,-0.01291,-0.002086,0.001223,NA,FALSE,FALSE,0.002641,0.002403,50.3463,-0.631591,-0.461554,-0.333427,0.333427,0.461554,0.631591,-193.4542,-89.0683,-50.3788,50.3788,89.0683,193.4542
SNPP_20250917T115401_vs_HYPERNETS_20250917T114500_RHOW_R.csv,THFR,Hyp,SNPP,3.6641600000000003,43.43485999999999,3.6831370000000008,43.4244,1.93,2.25,2025-09-17T09:45:00Z,2025-09-17T09:54:01Z,9,30,4,0.8182,1.1251,0.2891,0.9319,3.0036,-0.012491,-0.002027,0.00122,NA,FALSE,FALSE,0.002605,0.002371,50.0128,-0.628568,-0.455904,-0.327464,0.327464,0.455904,0.628568,-190.7058,-87.201,-48.9871,48.9871,87.201,190.7058
SNPP_20250917T115401_vs_HYPERNETS_20250917T120000_RHOW_R.csv,THFR,Hyp,SNPP,3.6641600000000003,43.43485999999999,3.6831370000000008,43.4244,1.93,2.25,2025-09-17T10:00:00Z,2025-09-17T09:54:01Z,6,30,4,0.8088,1.1065,0.2857,0.9213,2.9711,-0.012348,-0.00198,0.001235,NA,FALSE,FALSE,0.002616,0.002378,49.9227,-0.629475,-0.45222,-0.321972,0.321972,0.45222,0.629475,-191.275,-86.2313,-47.7092,47.7092,86.2313,191.275
SNPP_20250917T115401_vs_HYPERNETS_20250917T121500_RHOW_R.csv,THFR,Hyp,SNPP,3.6641600000000003,43.43485999999999,3.6831370000000008,43.4244,1.93,2.25,2025-09-17T10:15:00Z,2025-09-17T09:54:01Z,21,30,4,0.7963,1.1059,0.28,0.9094,2.9534,-0.012596,-0.002024,0.001231,NA,FALSE,FALSE,0.002729,0.002493,51.0436,-0.636285,-0.464791,-0.338942,0.338942,0.464791,0.636285,-197.4669,-90.4004,-51.5332,51.5332,90.4004,197.4669
SNPP_20250919T130000_vs_HYPERNETS_20250919T123000_RHOW_R.csv,THFR,Hyp,SNPP,3.6641600000000003,43.43485999999999,3.668819,43.431942,0.5,2.25,2025-09-19T10:30:00Z,2025-09-19T11:00:00Z,30,30,5,0.9466,0.9213,0.6589,0.9693,1.4258,-0.002947,-3.59e-4,0.0014,NA,FALSE,FALSE,7.81e-4,6.05e-4,11.4842,-0.18571,-0.116921,-0.008975,0.072976,0.116921,0.18571,-22.8064,-13.2402,-0.9057,7.2976,13.2402,22.8064
SNPP_20250919T130000_vs_HYPERNETS_20250919T124500_RHOW_R.csv,THFR,Hyp,SNPP,3.6641600000000003,43.43485999999999,3.668819,43.431942,0.5,2.25,2025-09-19T10:45:00Z,2025-09-19T11:00:00Z,15,30,5,0.9429,0.9467,0.6507,0.9668,1.4367,-0.003238,-5e-4,0.001342,NA,FALSE,FALSE,9.09e-4,7.1e-4,12.2644,-0.208806,-0.149555,-0.024048,0.024048,0.149555,0.208806,-26.3912,-17.5856,-2.4641,2.4641,17.5856,26.3912
SNPP_20250919T130000_vs_HYPERNETS_20250919T130000_RHOW_R.csv,THFR,Hyp,SNPP,3.6641600000000003,43.43485999999999,3.668819,43.431942,0.5,2.25,2025-09-19T11:00:00Z,2025-09-19T11:00:00Z,0,30,5,0.9811,0.9714,0.6958,1.0019,1.4427,-0.002981,-5.01e-4,0.00122,NA,FALSE,FALSE,7.17e-4,5.23e-4,9.3975,-0.17386,-0.103918,0.00627,0.007455,0.103918,0.17386,-21.0448,-11.597,0.627,0.7455,11.597,21.0448
SNPP_20250923T132400_vs_HYPERNETS_20250923T130000_RHOW_R.csv,THFR,Hyp,SNPP,3.6641600000000003,43.43485999999999,3.680432,43.431487999999995,1.37,2.25,2025-09-23T11:00:00Z,2025-09-23T11:24:00Z,24,30,4,0.7913,1.0201,0.2473,1.0714,4.6427,-0.029421,-0.004241,0.001569,NA,FALSE,FALSE,0.004301,0.003738,54.8679,-0.761615,-0.510058,-0.297122,0.297122,0.510058,0.761615,-434.6228,-120.7693,-42.5556,42.5556,120.7693,434.6228
SNPP_20250923T132400_vs_HYPERNETS_20250923T131500_RHOW_R.csv,THFR,Hyp,SNPP,3.6641600000000003,43.43485999999999,3.680432,43.431487999999995,1.37,2.25,2025-09-23T11:15:00Z,2025-09-23T11:24:00Z,9,30,4,0.8849,1.2297,0.2832,1.1057,4.3173,-0.024065,-0.003699,0.001517,NA,FALSE,FALSE,0.003546,0.003029,50.8824,-0.732878,-0.458465,-0.234411,0.234411,0.458465,0.732878,-368.6691,-99.2186,-30.7587,30.7587,99.2186,368.6691
SNPP_20250923T132400_vs_HYPERNETS_20250923T133000_RHOW_R.csv,THFR,Hyp,SNPP,3.6641600000000003,43.43485999999999,3.680432,43.431487999999995,1.37,2.25,2025-09-23T11:30:00Z,2025-09-23T11:24:00Z,6,30,4,0.9217,1.3385,0.3004,1.1211,4.1836,-0.022869,-0.003703,0.001433,NA,FALSE,FALSE,0.00342,0.002945,50.9386,-0.724583,-0.461665,-0.246468,0.246468,0.461665,0.724583,-354.77,-98.455,-32.931,32.931,98.455,354.77
SNPP_20250923T132400_vs_HYPERNETS_20250923T134500_RHOW_R.csv,THFR,Hyp,SNPP,3.6641600000000003,43.43485999999999,3.680432,43.431487999999995,1.37,2.25,2025-09-23T11:45:00Z,2025-09-23T11:24:00Z,21,30,4,0.8818,1.3527,0.2869,1.075,4.028,-0.022996,-0.003708,0.001439,NA,FALSE,FALSE,0.003671,0.003219,53.0358,-0.73773,-0.486279,-0.278907,0.278907,0.486279,0.73773,-376.2859,-108.115,-38.9302,38.9302,108.115,376.2859
SNPP_20251006T124200_vs_HYPERNETS_20251006T121500_RHOW_R.csv,THFR,Hyp,SNPP,3.6641600000000003,43.43485999999999,3.686925,43.424648,2.16,2.25,2025-10-06T10:15:00Z,2025-10-06T10:42:00Z,27,30,4,0.7756,1.073,0.287,0.8637,2.5994,-0.012721,-0.002024,0.00153,NA,FALSE,FALSE,0.003176,0.002864,49.2315,-0.622722,-0.419543,-0.289136,0.289136,0.419543,0.622722,-194.2157,-76.3682,-40.6894,40.6894,76.3682,194.2157
SNPP_20251006T124200_vs_HYPERNETS_20251006T123000_RHOW_R.csv,THFR,Hyp,SNPP,3.6641600000000003,43.43485999999999,3.686925,43.424648,2.16,2.25,2025-10-06T10:30:00Z,2025-10-06T10:42:00Z,12,30,4,0.7746,1.0409,0.2831,0.8672,2.6559,-0.012917,-0.001996,0.00157,NA,FALSE,FALSE,0.003135,0.002807,48.3477,-0.621607,-0.40611,-0.26798,0.26798,0.40611,0.621607,-193.2355,-73.0111,-36.6093,36.6093,73.0111,193.2355
SNPP_20251006T124200_vs_HYPERNETS_20251006T124500_RHOW_R.csv,THFR,Hyp,SNPP,3.6641600000000003,43.43485999999999,3.686925,43.424648,2.16,2.25,2025-10-06T10:45:00Z,2025-10-06T10:42:00Z,3,30,4,0.7776,1.085,0.2896,0.8636,2.5756,-0.012534,-0.00201,0.001519,NA,FALSE,FALSE,0.003156,0.002849,49.2238,-0.622019,-0.420586,-0.290804,0.290804,0.420586,0.622019,-193.1617,-76.6041,-41.0247,41.0247,76.6041,193.1617
SNPP_20251006T124200_vs_HYPERNETS_20251006T130000_RHOW_R.csv,THFR,Hyp,SNPP,3.6641600000000003,43.43485999999999,3.686925,43.424648,2.16,2.25,2025-10-06T11:00:00Z,2025-10-06T10:42:00Z,18,30,4,0.766,1.0966,0.2822,0.8546,2.5884,-0.013076,-0.002108,0.001514,NA,FALSE,FALSE,0.003336,0.003027,50.8274,-0.632948,-0.442748,-0.318074,0.318074,0.442748,0.632948,-202.6273,-83.277,-46.7038,46.7038,83.277,202.6273
SNPP_20251023T121801_vs_HYPERNETS_20251023T120000_RHOW_R.csv,THFR,Hyp,SNPP,3.6641600000000003,43.43485999999999,3.688518,43.431595,2,2.25,2025-10-23T10:00:00Z,2025-10-23T10:18:01Z,18,30,3,0.6919,2.2636,0.1142,0.7126,4.4468,-0.03376,-0.003119,0.001792,NA,FALSE,FALSE,0.005533,0.005477,69.6816,-0.76886,-0.715132,-0.633929,0.633929,0.715132,0.76886,-344.8222,-251.0398,-180.1507,180.1507,251.0398,344.8222
SNPP_20251023T121801_vs_HYPERNETS_20251023T121500_RHOW_R.csv,THFR,Hyp,SNPP,3.6641600000000003,43.43485999999999,3.688518,43.431595,2,2.25,2025-10-23T10:15:00Z,2025-10-23T10:18:01Z,3,30,3,0.6885,2.3516,0.1133,0.7092,4.44,-0.035146,-0.003321,0.001763,NA,FALSE,FALSE,0.005856,0.005801,70.8101,-0.779019,-0.725681,-0.645972,0.645972,0.725681,0.779019,-366.3152,-264.5397,-189.9075,189.9075,264.5397,366.3152
SNPP_20251023T121801_vs_HYPERNETS_20251023T123000_RHOW_R.csv,THFR,Hyp,SNPP,3.6641600000000003,43.43485999999999,3.688518,43.431595,2,2.25,2025-10-23T10:30:00Z,2025-10-23T10:18:01Z,12,30,3,0.6694,2.2541,0.1156,0.6874,4.0879,-0.031784,-0.003074,0.001753,NA,FALSE,FALSE,0.005776,0.005714,70.5438,-0.774665,-0.721967,-0.644476,0.644476,0.721967,0.774665,-356.4422,-259.6692,-188.2039,188.2039,259.6692,356.4422
SNPP_20251107T124201_vs_HYPERNETS_20251107T121500_RHOW_R.csv,THFR,Hyp,SNPP,3.6641600000000003,43.43485999999999,3.6841800000000005,43.421013,2.24,2.25,2025-11-07T11:15:00Z,2025-11-07T11:42:01Z,27,30,4,0.6603,1.9075,0.2975,0.6955,1.6259,-0.008564,-0.002036,7.56e-4,NA,FALSE,FALSE,0.004363,0.004172,66.2934,-0.757201,-0.681544,-0.587276,0.587276,0.681544,0.757201,-328.9547,-216.6037,-147.7071,147.7071,216.6037,328.9547
SNPP_20251107T124201_vs_HYPERNETS_20251107T123000_RHOW_R.csv,THFR,Hyp,SNPP,3.6641600000000003,43.43485999999999,3.6841800000000005,43.421013,2.24,2.25,2025-11-07T11:30:00Z,2025-11-07T11:42:01Z,12,30,4,0.6529,1.9566,0.2969,0.6865,1.5876,-0.008591,-0.002101,7.05e-4,NA,FALSE,FALSE,0.004549,0.004359,67.1774,-0.763866,-0.688743,-0.596651,0.596651,0.688743,0.763866,-342.784,-223.9272,-153.4548,153.4548,223.9272,342.784
SNPP_20251107T124201_vs_HYPERNETS_20251107T124500_RHOW_R.csv,THFR,Hyp,SNPP,3.6641600000000003,43.43485999999999,3.6841800000000005,43.421013,2.24,2.25,2025-11-07T11:45:00Z,2025-11-07T11:42:01Z,3,30,4,0.6513,1.9458,0.3102,0.6794,1.488,-0.007782,-0.002008,6.28e-4,NA,FALSE,FALSE,0.004487,0.004297,66.9092,-0.756553,-0.681907,-0.594446,0.594446,0.681907,0.756553,-330.9001,-216.5282,-151.636,151.636,216.5282,330.9001
SNPP_20251107T124201_vs_HYPERNETS_20251107T130000_RHOW_R.csv,THFR,Hyp,SNPP,3.6641600000000003,43.43485999999999,3.6841800000000005,43.421013,2.24,2.25,2025-11-07T12:00:00Z,2025-11-07T11:42:01Z,18,30,4,0.6476,1.9156,0.3114,0.6746,1.4611,-0.007507,-0.001936,6.37e-4,NA,FALSE,FALSE,0.004437,0.004241,66.6394,-0.751724,-0.678233,-0.592903,0.592903,0.678233,0.751724,-322.3509,-212.6704,-150.5772,150.5772,212.6704,322.3509
SNPP_20251108T122401_vs_HYPERNETS_20251108T123000_RHOW_R.csv,THFR,Hyp,SNPP,3.6641600000000003,43.43485999999999,3.664546,43.429527,0.59,2.25,2025-11-08T11:30:00Z,2025-11-08T11:24:01Z,6,30,5,0.4648,2.307,0.2252,0.6762,2.0299,-0.00929,-4.44e-4,0.002502,NA,FALSE,FALSE,0.003392,0.002987,49.2555,-0.540845,-0.435463,-0.233839,0.280662,0.435463,0.540845,-117.7914,-77.1362,-30.5209,30.5209,77.1362,117.7914
SNPP_20251108T122401_vs_HYPERNETS_20251108T124500_RHOW_R.csv,THFR,Hyp,SNPP,3.6641600000000003,43.43485999999999,3.664546,43.429527,0.59,2.25,2025-11-08T11:45:00Z,2025-11-08T11:24:01Z,21,30,5,0.462,2.1341,0.2257,0.69,2.1091,-0.008983,-2.65e-4,0.002587,NA,FALSE,FALSE,0.003111,0.002767,50.2695,-0.517095,-0.411766,-0.171101,0.411766,0.443473,0.517095,-107.0802,-70.0004,-20.642,44.3473,70.0004,107.0802
SNPP_20251117T125401_vs_HYPERNETS_20251117T123100_RHOW_R.csv,THFR,Hyp,SNPP,3.6641600000000003,43.43485999999999,3.6858049999999998,43.431553,1.79,2.25,2025-11-17T11:31:00Z,2025-11-17T11:54:01Z,23,30,2,2.2429,15.5614,NA,2.2429,NA,NA,-0.014492,NA,NA,NA,NA,0.00535,0.005212,73.1383,-0.859887,-0.731383,-0.60288,0.60288,0.731383,0.859887,-3220.8231,-1180.1828,-393.5126,393.5126,1180.1828,3220.8231
SNPP_20251117T125401_vs_HYPERNETS_20251117T124500_RHOW_R.csv,THFR,Hyp,SNPP,3.6641600000000003,43.43485999999999,3.6858049999999998,43.431553,1.79,2.25,2025-11-17T11:45:00Z,2025-11-17T11:54:01Z,9,30,2,2.1917,15.051,NA,2.1917,NA,NA,-0.013949,NA,NA,NA,NA,0.005273,0.005138,72.9708,-0.858962,-0.729708,-0.600453,0.600453,0.729708,0.858962,-3178.9643,-1166.8551,-389.46,389.46,1166.8551,3178.9643
SNPP_20251117T125401_vs_HYPERNETS_20251117T131500_RHOW_R.csv,THFR,Hyp,SNPP,3.6641600000000003,43.43485999999999,3.6858049999999998,43.431553,1.79,2.25,2025-11-17T12:15:00Z,2025-11-17T11:54:01Z,21,30,2,2.2227,14.9843,NA,2.2227,NA,NA,-0.013879,NA,NA,NA,NA,0.005145,0.005003,72.4813,-0.856401,-0.724813,-0.593224,0.593224,0.724813,0.856401,-3117.8123,-1143.6031,-380.6212,380.6212,1143.6031,3117.8123
SNPP_20251127T130601_vs_HYPERNETS_20251127T124500_RHOW_R.csv,THFR,Hyp,SNPP,3.6641600000000003,43.43485999999999,3.686723,43.425484,2.1,2.25,2025-11-27T11:45:00Z,2025-11-27T12:06:01Z,21,30,3,0.6387,0.7505,0.0588,0.7308,9.0845,-0.041903,-4.86e-4,0.002846,NA,FALSE,FALSE,0.002297,0.001821,30.1624,-0.416851,-0.240229,-0.1557,0.1557,0.240229,0.416851,-79.9342,-31.6187,-19.0394,19.0394,31.6187,79.9342
SNPP_20251127T130601_vs_HYPERNETS_20251127T130000_RHOW_R.csv,THFR,Hyp,SNPP,3.6641600000000003,43.43485999999999,3.686723,43.425484,2.1,2.25,2025-11-27T12:00:00Z,2025-11-27T12:06:01Z,6,30,3,0.6724,0.728,0.0645,0.7565,8.8728,-0.038216,-3.88e-4,0.002837,NA,FALSE,FALSE,0.001985,0.001557,27.2173,-0.384459,-0.208544,-0.080471,0.128073,0.208544,0.384459,-69.5295,-26.3494,-9.8218,15.0495,26.3494,69.5295
SNPP_20251127T130601_vs_HYPERNETS_20251127T131500_RHOW_R.csv,THFR,Hyp,SNPP,3.6641600000000003,43.43485999999999,3.686723,43.425484,2.1,2.25,2025-11-27T12:15:00Z,2025-11-27T12:06:01Z,9,30,3,0.651,0.7605,0.0594,0.7481,9.4268,-0.042961,-5.21e-4,0.002847,NA,FALSE,FALSE,0.002225,0.001753,29.7981,-0.407063,-0.224922,-0.152369,0.152369,0.224922,0.407063,-77.2207,-29.0192,-18.4105,18.4105,29.0192,77.2207
SNPP_20251127T130601_vs_HYPERNETS_20251127T133000_RHOW_R.csv,THFR,Hyp,SNPP,3.6641600000000003,43.43485999999999,3.686723,43.425484,2.1,2.25,2025-11-27T12:30:00Z,2025-11-27T12:06:01Z,24,30,3,0.7306,0.7227,0.0709,0.8187,9.4567,-0.037312,-3.64e-4,0.002834,NA,FALSE,FALSE,0.001603,0.001241,27.3111,-0.330506,-0.142136,0.008092,0.150228,0.15832,0.338598,-55.6547,-16.5686,-0.3174,16.1997,16.5686,55.6547
SNPP_20251201T114800_vs_HYPERNETS_20251201T113000_RHOW_R.csv,THFR,Hyp,SNPP,3.6641600000000003,43.43485999999999,3.68827,43.42893200000001,2.06,2.25,2025-12-01T10:30:00Z,2025-12-01T10:48:00Z,18,30,1,NA,NA,NA,NA,NA,NA,NA,NA,NA,NA,NA,NA,NA,NA,NA,NA,NA,NA,NA,NA,NA,NA,NA,NA,NA,NA
SNPP_20251201T114800_vs_HYPERNETS_20251201T114500_RHOW_R.csv,THFR,Hyp,SNPP,3.6641600000000003,43.43485999999999,3.68827,43.42893200000001,2.06,2.25,2025-12-01T10:45:00Z,2025-12-01T10:48:00Z,3,30,1,NA,NA,NA,NA,NA,NA,NA,NA,NA,NA,NA,NA,NA,NA,NA,NA,NA,NA,NA,NA,NA,NA,NA,NA,NA,NA
SNPP_20251201T114800_vs_HYPERNETS_20251201T120000_RHOW_R.csv,THFR,Hyp,SNPP,3.6641600000000003,43.43485999999999,3.68827,43.42893200000001,2.06,2.25,2025-12-01T11:00:00Z,2025-12-01T10:48:00Z,12,30,1,NA,NA,NA,NA,NA,NA,NA,NA,NA,NA,NA,NA,NA,NA,NA,NA,NA,NA,NA,NA,NA,NA,NA,NA,NA,NA
SNPP_20251201T114800_vs_HYPERNETS_20251201T121500_RHOW_R.csv,THFR,Hyp,SNPP,3.6641600000000003,43.43485999999999,3.68827,43.42893200000001,2.06,2.25,2025-12-01T11:15:00Z,2025-12-01T10:48:00Z,27,30,1,NA,NA,NA,NA,NA,NA,NA,NA,NA,NA,NA,NA,NA,NA,NA,NA,NA,NA,NA,NA,NA,NA,NA,NA,NA,NA
SNPP_20251230T124800_vs_HYPERNETS_20251230T123000_RHOW_R.csv,THFR,Hyp,SNPP,3.6641600000000003,43.43485999999999,3.686715,43.42335500000001,2.23,2.25,2025-12-30T11:30:00Z,2025-12-30T11:48:00Z,18,30,4,0.6832,0.9933,0.3787,0.6995,1.2918,-0.004358,-4.88e-4,0.001608,NA,FALSE,FALSE,0.002673,0.002451,37.9451,-0.428026,-0.378059,-0.329484,0.329484,0.378059,0.428026,-74.8926,-61.145,-49.1638,49.1638,61.145,74.8926
SNPP_20251230T124800_vs_HYPERNETS_20251230T124500_RHOW_R.csv,THFR,Hyp,SNPP,3.6641600000000003,43.43485999999999,3.686715,43.42335500000001,2.23,2.25,2025-12-30T11:45:00Z,2025-12-30T11:48:00Z,3,30,4,0.6826,0.9648,0.3903,0.6969,1.2441,-0.003769,-3.15e-4,0.001619,NA,FALSE,FALSE,0.002467,0.002228,35.2188,-0.389116,-0.33762,-0.300692,0.300692,0.33762,0.389116,-63.8656,-51.1915,-42.999,42.999,51.1915,63.8656
SNPP_20251230T124800_vs_HYPERNETS_20251230T130000_RHOW_R.csv,THFR,Hyp,SNPP,3.6641600000000003,43.43485999999999,3.686715,43.42335500000001,2.23,2.25,2025-12-30T12:00:00Z,2025-12-30T11:48:00Z,12,30,4,0.6887,0.9753,0.4006,0.7021,1.2305,-0.003616,-3.1e-4,0.001576,NA,FALSE,FALSE,0.002406,0.002174,34.7872,-0.375865,-0.334073,-0.306079,0.306079,0.334073,0.375865,-60.4324,-50.2616,-44.1169,44.1169,50.2616,60.4324
SNPP_20251230T124800_vs_HYPERNETS_20251230T131500_RHOW_R.csv,THFR,Hyp,SNPP,3.6641600000000003,43.43485999999999,3.686715,43.42335500000001,2.23,2.25,2025-12-30T12:15:00Z,2025-12-30T11:48:00Z,27,30,4,0.6823,1.0032,0.3841,0.6975,1.2666,-0.004205,-4.82e-4,0.001569,NA,FALSE,FALSE,0.002682,0.002461,38.1371,-0.422257,-0.380372,-0.339485,0.339485,0.380372,0.422257,-73.1765,-61.5935,-51.4439,51.4439,61.5935,73.1765
JPSS1_20250204T123601_vs_HYPERNETS_20250204T121500_RHOW_R.csv,THFR,Hyp,JPSS1,3.6641600000000003,43.43485999999999,3.6851340000000006,43.427322000000004,1.89,2.25,2025-02-04T11:15:00Z,2025-02-04T11:36:01Z,21,30,2,6.6829,33.9094,NA,6.6829,NA,NA,-0.054036,NA,NA,NA,NA,0.006369,0.006197,74.2235,-0.841084,-0.742235,-0.643386,0.643386,0.742235,0.841084,-903.2574,-504.5848,-264.3359,264.3359,504.5848,903.2574
JPSS1_20250204T123601_vs_HYPERNETS_20250204T123000_RHOW_R.csv,THFR,Hyp,JPSS1,3.6641600000000003,43.43485999999999,3.6851340000000006,43.427322000000004,1.89,2.25,2025-02-04T11:30:00Z,2025-02-04T11:36:01Z,6,30,2,5.8538,30.3442,NA,5.8538,NA,NA,-0.048125,NA,NA,NA,NA,0.006539,0.00638,74.8374,-0.844681,-0.748374,-0.652067,0.652067,0.748374,0.844681,-923.0387,-517.6212,-272.8656,272.8656,517.6212,923.0387
JPSS1_20250204T123601_vs_HYPERNETS_20250204T124500_RHOW_R.csv,THFR,Hyp,JPSS1,3.6641600000000003,43.43485999999999,3.6851340000000006,43.427322000000004,1.89,2.25,2025-02-04T11:45:00Z,2025-02-04T11:36:01Z,9,30,2,6.1917,31.5083,NA,6.1917,NA,NA,-0.050055,NA,NA,NA,NA,0.006389,0.006222,74.3436,-0.8417,-0.743436,-0.645171,0.645171,0.743436,0.8417,-904.9627,-506.3231,-265.8122,265.8122,506.3231,904.9627
JPSS1_20250204T123601_vs_HYPERNETS_20250204T130000_RHOW_R.csv,THFR,Hyp,JPSS1,3.6641600000000003,43.43485999999999,3.6851340000000006,43.427322000000004,1.89,2.25,2025-02-04T12:00:00Z,2025-02-04T11:36:01Z,24,30,2,4.8435,24.8077,NA,4.8435,NA,NA,-0.038947,NA,NA,NA,NA,0.006427,0.006279,74.6802,-0.843306,-0.746802,-0.650298,0.650298,0.746802,0.843306,-906.8705,-510.1978,-269.8006,269.8006,510.1978,906.8705
JPSS1_20250616T130000_vs_HYPERNETS_20250616T123000_RHOW_R.csv,THFR,Hyp,JPSS1,3.6641600000000003,43.43485999999999,3.6803840000000005,43.429504,1.44,2.25,2025-06-16T10:30:00Z,2025-06-16T11:00:00Z,30,30,4,0.9085,1.5078,0.3723,0.9774,2.5663,-0.016029,-0.003227,0.001649,NA,FALSE,FALSE,0.003644,0.003409,49.4382,-0.661335,-0.551491,-0.384537,0.384537,0.551491,0.661335,-195.3915,-129.2667,-64.741,64.741,129.2667,195.3915
JPSS1_20250616T130000_vs_HYPERNETS_20250616T124500_RHOW_R.csv,THFR,Hyp,JPSS1,3.6641600000000003,43.43485999999999,3.6803840000000005,43.429504,1.44,2.25,2025-06-16T10:45:00Z,2025-06-16T11:00:00Z,15,30,4,0.9446,1.5323,0.3969,1.0099,2.5694,-0.015381,-0.003224,0.001554,NA,FALSE,FALSE,0.003372,0.003147,47.8604,-0.653504,-0.539158,-0.364258,0.364258,0.539158,0.653504,-188.6348,-123.6276,-59.4178,59.4178,123.6276,188.6348
JPSS1_20250616T130000_vs_HYPERNETS_20250616T130000_RHOW_R.csv,THFR,Hyp,JPSS1,3.6641600000000003,43.43485999999999,3.6803840000000005,43.429504,1.44,2.25,2025-06-16T11:00:00Z,2025-06-16T11:00:00Z,0,30,4,0.9646,1.54,0.4124,1.027,2.558,-0.014873,-0.00319,0.001501,NA,FALSE,FALSE,0.003204,0.002984,46.7985,-0.646632,-0.530578,-0.351932,0.351932,0.530578,0.646632,-182.9997,-119.6578,-56.3528,56.3528,119.6578,182.9997
JPSS1_20250616T130000_vs_HYPERNETS_20250616T131500_RHOW_R.csv,THFR,Hyp,JPSS1,3.6641600000000003,43.43485999999999,3.6803840000000005,43.429504,1.44,2.25,2025-06-16T11:15:00Z,2025-06-16T11:00:00Z,15,30,4,0.973,1.5563,0.4164,1.0358,2.5765,-0.014968,-0.003238,0.001478,NA,FALSE,FALSE,0.003185,0.002965,46.7158,-0.648807,-0.531391,-0.349742,0.349742,0.531391,0.648807,-184.7447,-120.3643,-55.8472,55.8472,120.3643,184.7447
JPSS1_20250616T130000_vs_HYPERNETS_20250616T133000_RHOW_R.csv,THFR,Hyp,JPSS1,3.6641600000000003,43.43485999999999,3.6803840000000005,43.429504,1.44,2.25,2025-06-16T11:30:00Z,2025-06-16T11:00:00Z,30,30,4,1.0002,1.5302,0.4286,1.0644,2.6435,-0.014709,-0.003146,0.00151,NA,FALSE,FALSE,0.002914,0.002674,44.5304,-0.629409,-0.510209,-0.326103,0.326103,0.510209,0.629409,-169.851,-110.28,-50.3679,50.3679,110.28,169.851
JPSS1_20250630T120000_vs_HYPERNETS_20250630T113000_RHOW_R.csv,THFR,Hyp,JPSS1,3.6641600000000003,43.43485999999999,3.689972,43.430534,2.14,2.25,2025-06-30T09:30:00Z,2025-06-30T10:00:00Z,30,30,2,1.4187,5.1095,NA,1.4187,NA,NA,-0.011449,NA,NA,NA,NA,0.006994,0.006943,68.3675,-0.786557,-0.683675,-0.580792,0.580792,0.683675,0.786557,-513.5711,-316.2248,-182.3522,182.3522,316.2248,513.5711
JPSS1_20250630T120000_vs_HYPERNETS_20250630T114500_RHOW_R.csv,THFR,Hyp,JPSS1,3.6641600000000003,43.43485999999999,3.689972,43.430534,2.14,2.25,2025-06-30T09:45:00Z,2025-06-30T10:00:00Z,15,30,2,1.4055,4.9222,NA,1.4055,NA,NA,-0.010903,NA,NA,NA,NA,0.006706,0.006656,67.6062,-0.780746,-0.676062,-0.571378,0.571378,0.676062,0.780746,-494.2269,-304.5536,-175.4227,175.4227,304.5536,494.2269
JPSS1_20250630T120000_vs_HYPERNETS_20250630T120000_RHOW_R.csv,THFR,Hyp,JPSS1,3.6641600000000003,43.43485999999999,3.689972,43.430534,2.14,2.25,2025-06-30T10:00:00Z,2025-06-30T10:00:00Z,0,30,2,1.3937,4.8462,NA,1.3937,NA,NA,-0.010681,NA,NA,NA,NA,0.006635,0.006586,67.4323,-0.779277,-0.674323,-0.569369,0.569369,0.674323,0.779277,-488.976,-301.5955,-173.8294,173.8294,301.5955,488.976
JPSS1_20250630T120000_vs_HYPERNETS_20250630T121500_RHOW_R.csv,THFR,Hyp,JPSS1,3.6641600000000003,43.43485999999999,3.689972,43.430534,2.14,2.25,2025-06-30T10:15:00Z,2025-06-30T10:00:00Z,15,30,2,1.3227,4.5784,NA,1.3227,NA,NA,-0.009902,NA,NA,NA,NA,0.006591,0.006554,67.5012,-0.778629,-0.675012,-0.571394,0.571394,0.675012,0.778629,-482.4341,-299.4539,-173.9596,173.9596,299.4539,482.4341
JPSS1_20250630T120000_vs_HYPERNETS_20250630T123000_RHOW_R.csv,THFR,Hyp,JPSS1,3.6641600000000003,43.43485999999999,3.689972,43.430534,2.14,2.25,2025-06-30T10:30:00Z,2025-06-30T10:00:00Z,30,30,2,1.2919,4.4097,NA,1.2919,NA,NA,-0.009411,NA,NA,NA,NA,0.006454,0.006422,67.194,-0.775748,-0.67194,-0.568133,0.568133,0.67194,0.775748,-471.7217,-293.6915,-171.0987,171.0987,293.6915,471.7217
JPSS1_20250703T124201_vs_HYPERNETS_20250703T121500_RHOW_R.csv,THFR,Hyp,JPSS1,3.6641600000000003,43.43485999999999,3.6851110000000005,43.424114,2.07,2.25,2025-07-03T10:15:00Z,2025-07-03T10:42:01Z,27,30,3,0.7208,2.0526,0.5884,0.7209,0.8832,-0.006009,-0.003968,-0.002302,NA,TRUE,TRUE,0.007612,0.007479,64.8546,-0.731596,-0.643064,-0.562755,0.562755,0.643064,0.731596,-294.6593,-180.1622,-132.6629,132.6629,180.1622,294.6593
JPSS1_20250703T124201_vs_HYPERNETS_20250703T123000_RHOW_R.csv,THFR,Hyp,JPSS1,3.6641600000000003,43.43485999999999,3.6851110000000005,43.424114,2.07,2.25,2025-07-03T10:30:00Z,2025-07-03T10:42:01Z,12,30,3,0.7304,2.0782,0.608,0.7305,0.8776,-0.005917,-0.004069,-0.002532,NA,TRUE,TRUE,0.007575,0.007453,64.7782,-0.731947,-0.642496,-0.560974,0.560974,0.642496,0.731947,-295.7465,-179.717,-131.8085,131.8085,179.717,295.7465
JPSS1_20250703T124201_vs_HYPERNETS_20250703T124500_RHOW_R.csv,THFR,Hyp,JPSS1,3.6641600000000003,43.43485999999999,3.6851110000000005,43.424114,2.07,2.25,2025-07-03T10:45:00Z,2025-07-03T10:42:01Z,3,30,3,0.7643,2.1559,0.605,0.7644,0.966,-0.006906,-0.004401,-0.002418,NA,TRUE,TRUE,0.007415,0.007329,64.4185,-0.732518,-0.641419,-0.554469,0.554469,0.641419,0.732518,-297.6296,-178.8772,-128.8518,128.8518,178.8772,297.6296
JPSS1_20250703T124201_vs_HYPERNETS_20250703T130000_RHOW_R.csv,THFR,Hyp,JPSS1,3.6641600000000003,43.43485999999999,3.6851110000000005,43.424114,2.07,2.25,2025-07-03T11:00:00Z,2025-07-03T10:42:01Z,18,30,3,0.7832,2.0832,0.6213,0.7833,0.9876,-0.0065,-0.0041,-0.002197,NA,TRUE,TRUE,0.006723,0.006646,62.3622,-0.71405,-0.618998,-0.530882,0.530882,0.618998,0.71405,-270.7967,-162.466,-117.0289,117.0289,162.466,270.7967
JPSS1_20250708T124800_vs_HYPERNETS_20250708T123000_RHOW_R.csv,THFR,Hyp,JPSS1,3.6641600000000003,43.43485999999999,3.686375,43.425003000000004,2.1,2.25,2025-07-08T10:30:00Z,2025-07-08T10:48:00Z,18,30,3,0.8535,3.229,0.0925,0.927,9.2907,-0.080718,-0.005484,0.002023,NA,FALSE,FALSE,0.006265,0.006141,75.1661,-0.898906,-0.860828,-0.659,0.659,0.860828,0.898906,-967.8221,-618.5378,-263.826,263.826,618.5378,967.8221
JPSS1_20250708T124800_vs_HYPERNETS_20250708T124500_RHOW_R.csv,THFR,Hyp,JPSS1,3.6641600000000003,43.43485999999999,3.686375,43.425003000000004,2.1,2.25,2025-07-08T10:45:00Z,2025-07-08T10:48:00Z,3,30,3,0.8489,3.1923,0.0925,0.921,9.1663,-0.079232,-0.005393,0.002026,NA,FALSE,FALSE,0.006225,0.006101,75.1032,-0.898123,-0.860003,-0.658426,0.658426,0.860003,0.898123,-958.4643,-614.3004,-262.6439,262.6439,614.3004,958.4643
JPSS1_20250708T124800_vs_HYPERNETS_20250708T130000_RHOW_R.csv,THFR,Hyp,JPSS1,3.6641600000000003,43.43485999999999,3.686375,43.425003000000004,2.1,2.25,2025-07-08T11:00:00Z,2025-07-08T10:48:00Z,12,30,3,0.9047,3.3031,0.1138,0.9571,8.0501,-0.066245,-0.005361,0.001878,NA,FALSE,FALSE,0.005817,0.005729,74.1465,-0.892109,-0.848919,-0.644547,0.644547,0.848919,0.892109,-911.4467,-561.8953,-243.8499,243.8499,561.8953,911.4467
JPSS1_20250708T124800_vs_HYPERNETS_20250708T131500_RHOW_R.csv,THFR,Hyp,JPSS1,3.6641600000000003,43.43485999999999,3.686375,43.425003000000004,2.1,2.25,2025-07-08T11:15:00Z,2025-07-08T10:48:00Z,27,30,3,0.9358,3.3725,0.1201,0.9873,8.1195,-0.065671,-0.005478,0.001841,NA,FALSE,FALSE,0.005667,0.005585,73.6564,-0.890446,-0.845782,-0.637291,0.637291,0.845782,0.890446,-899.6461,-548.4338,-236.9291,236.9291,548.4338,899.6461
JPSS1_20250715T121800_vs_HYPERNETS_20250715T120000_RHOW_C.csv,THFR,Hyp,JPSS1,3.6641600000000003,43.43485999999999,3.6847410000000003,43.432308000000006,1.69,2.25,2025-07-15T10:00:00Z,2025-07-15T10:18:00Z,18,30,5,0.9744,0.7824,0.6191,1.015,1.6641,-0.002232,0.003045,0.006263,NA,FALSE,FALSE,0.003343,0.003167,45.3796,0.415381,0.468573,0.538502,0.415381,0.468573,0.538502,41.5381,46.8573,53.8502,41.5381,46.8573,53.8502
JPSS1_20250715T121800_vs_HYPERNETS_20250715T121500_RHOW_C.csv,THFR,Hyp,JPSS1,3.6641600000000003,43.43485999999999,3.6847410000000003,43.432308000000006,1.69,2.25,2025-07-15T10:15:00Z,2025-07-15T10:18:00Z,3,30,5,0.9913,0.7685,0.6281,1.0333,1.6998,-0.002006,0.003211,0.006381,NA,FALSE,FALSE,0.003634,0.003471,51.7012,0.495603,0.519198,0.608047,0.495603,0.519198,0.608047,49.5603,51.9198,60.8047,49.5603,51.9198,60.8047
JPSS1_20250715T121800_vs_HYPERNETS_20250715T123000_RHOW_C.csv,THFR,Hyp,JPSS1,3.6641600000000003,43.43485999999999,3.6847410000000003,43.432308000000006,1.69,2.25,2025-07-15T10:30:00Z,2025-07-15T10:18:00Z,12,30,5,0.9895,0.7598,0.6182,1.0349,1.7325,-0.002005,0.003351,0.006551,NA,FALSE,FALSE,0.003787,0.003619,55.1161,0.551699,0.553208,0.620191,0.551699,0.553208,0.620191,55.1699,55.3208,62.0191,55.1699,55.3208,62.0191
JPSS1_20250715T121800_vs_HYPERNETS_20250715T124500_RHOW_C.csv,THFR,Hyp,JPSS1,3.6641600000000003,43.43485999999999,3.6847410000000003,43.432308000000006,1.69,2.25,2025-07-15T10:45:00Z,2025-07-15T10:18:00Z,27,30,5,0.9982,0.7684,0.6211,1.0451,1.7585,-0.002225,0.00326,0.006521,NA,FALSE,FALSE,0.003779,0.003607,54.4432,0.532131,0.555732,0.605203,0.532131,0.555732,0.605203,53.2131,55.5732,60.5203,53.2131,55.5732,60.5203
JPSS1_20250717T131801_vs_HYPERNETS_20250717T134500_RHOW_R.csv,THFR,Hyp,JPSS1,3.6641600000000003,43.43485999999999,3.678435,43.431538,1.21,2.25,2025-07-17T11:45:00Z,2025-07-17T11:18:01Z,27,30,3,0.9091,1.4383,0.1224,0.9535,7.4296,-0.047869,-0.002434,0.003397,NA,FALSE,FALSE,0.002961,0.00276,47.7811,-0.609981,-0.597657,-0.405564,0.405564,0.597657,0.609981,-156.5255,-148.544,-77.7643,77.7643,148.544,156.5255
JPSS1_20250720T122400_vs_HYPERNETS_20250720T120000_RHOW_R.csv,THFR,Hyp,JPSS1,3.6641600000000003,43.43485999999999,3.686113,43.423823999999996,2.16,2.25,2025-07-20T10:00:00Z,2025-07-20T10:24:00Z,24,30,5,0.8714,2.18,0.5728,0.9013,1.418,-0.005794,-0.002035,3.55e-4,NA,FALSE,FALSE,0.002867,0.002753,43.6696,-0.416462,-0.360878,-0.298104,0.298104,0.360878,0.416462,-71.3684,-56.4646,-42.4713,42.4713,56.4646,71.3684
JPSS1_20250720T122400_vs_HYPERNETS_20250720T121500_RHOW_R.csv,THFR,Hyp,JPSS1,3.6641600000000003,43.43485999999999,3.686113,43.423823999999996,2.16,2.25,2025-07-20T10:15:00Z,2025-07-20T10:24:00Z,9,30,5,0.8657,2.2202,0.5732,0.894,1.3945,-0.005849,-0.002127,2.6e-4,NA,FALSE,FALSE,0.003022,0.002915,44.9745,-0.438272,-0.369614,-0.310304,0.310304,0.369614,0.438272,-78.0221,-58.6328,-44.9914,44.9914,58.6328,78.0221
JPSS1_20250720T122400_vs_HYPERNETS_20250720T123000_RHOW_R.csv,THFR,Hyp,JPSS1,3.6641600000000003,43.43485999999999,3.686113,43.423823999999996,2.16,2.25,2025-07-20T10:30:00Z,2025-07-20T10:24:00Z,6,30,5,0.8565,2.1098,0.5518,0.8895,1.4339,-0.005677,-0.001805,5.97e-4,NA,FALSE,FALSE,0.002729,0.002591,42.1725,-0.397365,-0.341828,-0.296867,0.296867,0.341828,0.397365,-65.9378,-51.9361,-42.2206,42.2206,51.9361,65.9378
JPSS1_20250720T122400_vs_HYPERNETS_20250720T124500_RHOW_R.csv,THFR,Hyp,JPSS1,3.6641600000000003,43.43485999999999,3.686113,43.423823999999996,2.16,2.25,2025-07-20T10:45:00Z,2025-07-20T10:24:00Z,21,30,5,0.8503,2.0826,0.5411,0.8854,1.4488,-0.005701,-0.001725,7.04e-4,NA,FALSE,FALSE,0.002686,0.002533,41.5732,-0.388459,-0.335226,-0.296637,0.296637,0.335226,0.388459,-63.5213,-50.427,-42.1741,42.1741,50.427,63.5213
JPSS1_20250725T123000_vs_HYPERNETS_20250725T120000_RHOW_R.csv,THFR,Hyp,JPSS1,3.6641600000000003,43.43485999999999,3.688095,43.428009,2.08,2.25,2025-07-25T10:00:00Z,2025-07-25T10:30:00Z,30,30,2,1.8837,4.3273,NA,1.8837,NA,NA,-0.01474,NA,NA,NA,NA,0.005642,0.005551,55.1242,-0.630299,-0.551242,-0.472186,0.472186,0.551242,0.630299,-186.2231,-138.1064,-98.0785,98.0785,138.1064,186.2231
JPSS1_20250725T123000_vs_HYPERNETS_20250725T121500_RHOW_R.csv,THFR,Hyp,JPSS1,3.6641600000000003,43.43485999999999,3.688095,43.428009,2.08,2.25,2025-07-25T10:15:00Z,2025-07-25T10:30:00Z,15,30,2,1.5085,2.9818,NA,1.5085,NA,NA,-0.00871,NA,NA,NA,NA,0.004204,0.00414,48.5849,-0.564994,-0.485849,-0.406704,0.406704,0.485849,0.564994,-139.6767,-104.4243,-74.3569,74.3569,104.4243,139.6767
JPSS1_20250725T123000_vs_HYPERNETS_20250725T123000_RHOW_R.csv,THFR,Hyp,JPSS1,3.6641600000000003,43.43485999999999,3.688095,43.428009,2.08,2.25,2025-07-25T10:30:00Z,2025-07-25T10:30:00Z,0,30,2,NA,NA,NA,NA,NA,NA,NA,NA,NA,NA,NA,9969209968386868e21,9969209968386868e21,100,-1,-1,-1,1,1,1,-2917954704534718e26,-2296788825667842e26,-18078549682469547e25,18078549682469547e25,2296788825667842e26,2917954704534718e26
JPSS1_20250725T123000_vs_HYPERNETS_20250725T124500_RHOW_R.csv,THFR,Hyp,JPSS1,3.6641600000000003,43.43485999999999,3.688095,43.428009,2.08,2.25,2025-07-25T10:45:00Z,2025-07-25T10:30:00Z,15,30,2,1.5246,2.9323,NA,1.5246,NA,NA,-0.008489,NA,NA,NA,NA,0.00397,0.0039,47.1941,-0.552578,-0.471941,-0.391303,0.391303,0.471941,0.552578,-132.8546,-98.8748,-69.8536,69.8536,98.8748,132.8546
JPSS1_20250725T123000_vs_HYPERNETS_20250725T130000_RHOW_R.csv,THFR,Hyp,JPSS1,3.6641600000000003,43.43485999999999,3.688095,43.428009,2.08,2.25,2025-07-25T11:00:00Z,2025-07-25T10:30:00Z,30,30,2,1.5211,2.8449,NA,1.5211,NA,NA,-0.008099,NA,NA,NA,NA,0.003737,0.003664,45.765,-0.539235,-0.45765,-0.376066,0.376066,0.45765,0.539235,-125.8075,-93.3405,-65.5416,65.5416,93.3405,125.8075
JPSS1_20250726T121200_vs_HYPERNETS_20250726T114500_RHOW_R.csv,THFR,Hyp,JPSS1,3.6641600000000003,43.43485999999999,3.667295,43.426723,0.94,2.25,2025-07-26T09:45:00Z,2025-07-26T10:12:00Z,27,30,2,1.9734,4.8322,NA,1.9734,NA,NA,-0.013771,NA,NA,NA,NA,0.004918,0.004612,54.295,-0.684447,-0.54295,-0.401454,0.401454,0.54295,0.684447,-300.0998,-178.6292,-94.0371,94.0371,178.6292,300.0998
JPSS1_20250726T121200_vs_HYPERNETS_20250726T120000_RHOW_R.csv,THFR,Hyp,JPSS1,3.6641600000000003,43.43485999999999,3.667295,43.426723,0.94,2.25,2025-07-26T10:00:00Z,2025-07-26T10:12:00Z,12,30,2,14.2929,11.6041,NA,14.2929,NA,NA,-0.03936,NA,NA,NA,NA,0.003647,0.003223,100.5962,-0.029143,0.473838,0.976819,0.769043,1.005962,1.242882,-40.8633,7.7144,63.4351,121.8228,130.22,138.9351
JPSS1_20250726T121200_vs_HYPERNETS_20250726T121500_RHOW_R.csv,THFR,Hyp,JPSS1,3.6641600000000003,43.43485999999999,3.667295,43.426723,0.94,2.25,2025-07-26T10:15:00Z,2025-07-26T10:12:00Z,3,30,2,1.8434,4.7154,NA,1.8434,NA,NA,-0.013332,NA,NA,NA,NA,0.005281,0.005037,56.3615,-0.698082,-0.563615,-0.429147,0.429147,0.563615,0.698082,-316.8598,-190.9808,-103.1135,103.1135,190.9808,316.8598
JPSS1_20250726T121200_vs_HYPERNETS_20250726T123000_RHOW_R.csv,THFR,Hyp,JPSS1,3.6641600000000003,43.43485999999999,3.667295,43.426723,0.94,2.25,2025-07-26T10:30:00Z,2025-07-26T10:12:00Z,18,30,2,2.0355,5.2605,NA,2.0355,NA,NA,-0.015379,NA,NA,NA,NA,0.00541,0.005115,56.3175,-0.700461,-0.563175,-0.425889,0.425889,0.563175,0.700461,-325.9197,-194.339,-103.4079,103.4079,194.339,325.9197
JPSS1_20250730T123601_vs_HYPERNETS_20250730T121500_RHOW_R.csv,THFR,Hyp,JPSS1,3.6641600000000003,43.43485999999999,3.684012,43.423073,2.07,2.25,2025-07-30T10:15:00Z,2025-07-30T10:36:01Z,21,30,5,1.0978,3.5867,0.8371,1.1115,1.4758,-0.004903,-0.002848,-0.0013,NA,FALSE,TRUE,0.002267,0.002219,50.2712,-0.670264,-0.354279,-0.3317,0.3317,0.354279,0.670264,-203.273,-54.8657,-49.6334,49.6334,54.8657,203.273
JPSS1_20250730T123601_vs_HYPERNETS_20250730T123000_RHOW_R.csv,THFR,Hyp,JPSS1,3.6641600000000003,43.43485999999999,3.684012,43.423073,2.07,2.25,2025-07-30T10:30:00Z,2025-07-30T10:36:01Z,6,30,5,1.0992,3.5036,0.8427,1.1123,1.468,-0.004661,-0.002702,-0.001218,NA,FALSE,TRUE,0.002134,0.002084,49.1003,-0.658733,-0.332467,-0.317337,0.317337,0.332467,0.658733,-193.026,-49.8054,-46.4852,46.4852,49.8054,193.026
JPSS1_20250730T123601_vs_HYPERNETS_20250730T124500_RHOW_R.csv,THFR,Hyp,JPSS1,3.6641600000000003,43.43485999999999,3.684012,43.423073,2.07,2.25,2025-07-30T10:45:00Z,2025-07-30T10:36:01Z,9,30,5,1.0773,3.595,0.8306,1.0896,1.4292,-0.004769,-0.002822,-0.001339,NA,FALSE,TRUE,0.002348,0.002309,50.9965,-0.672638,-0.360625,-0.341698,0.341698,0.360625,0.672638,-205.4718,-56.4028,-51.906,51.906,56.4028,205.4718
JPSS1_20250730T123601_vs_HYPERNETS_20250730T130000_RHOW_R.csv,THFR,Hyp,JPSS1,3.6641600000000003,43.43485999999999,3.684012,43.423073,2.07,2.25,2025-07-30T11:00:00Z,2025-07-30T10:36:01Z,24,30,5,1.0754,3.4662,0.852,1.085,1.3817,-0.004184,-0.002551,-0.001268,NA,FALSE,TRUE,0.002119,0.0020830000000000002,48.9614,-0.644623,-0.321279,-0.320833,0.320833,0.321279,0.644623,-181.3912,-47.3359,-47.2392,47.2392,47.3359,181.3912
JPSS1_20250804T124201_vs_HYPERNETS_20250804T121500_RHOW_R.csv,THFR,Hyp,JPSS1,3.6641600000000003,43.43485999999999,3.6843870000000005,43.42675800000001,1.87,2.25,2025-08-04T10:15:00Z,2025-08-04T10:42:01Z,27,30,2,2.3423,6.6998,NA,2.3423,NA,NA,-0.01511,NA,NA,NA,NA,0.004748,0.004596,61.1971,-0.722745,-0.611971,-0.501198,0.501198,0.611971,0.722745,-334.2301,-213.9091,-126.9279,126.9279,213.9091,334.2301
JPSS1_20250804T124201_vs_HYPERNETS_20250804T123000_RHOW_R.csv,THFR,Hyp,JPSS1,3.6641600000000003,43.43485999999999,3.6843870000000005,43.42675800000001,1.87,2.25,2025-08-04T10:30:00Z,2025-08-04T10:42:01Z,12,30,2,2.4035,6.6748,NA,2.4035,NA,NA,-0.015042,NA,NA,NA,NA,0.004534,0.004369,60.043,-0.714441,-0.60043,-0.486419,0.486419,0.60043,0.714441,-321.4946,-204.7676,-120.3665,120.3665,204.7676,321.4946
JPSS1_20250804T124201_vs_HYPERNETS_20250804T124500_RHOW_R.csv,THFR,Hyp,JPSS1,3.6641600000000003,43.43485999999999,3.6843870000000005,43.42675800000001,1.87,2.25,2025-08-04T10:45:00Z,2025-08-04T10:42:01Z,3,30,2,2.5563,7.0622,NA,2.5563,NA,NA,-0.016094,NA,NA,NA,NA,0.004507,0.004326,59.6991,-0.712832,-0.596991,-0.48115,0.48115,0.596991,0.712832,-320.718,-203.2539,-118.5857,118.5857,203.2539,320.718
JPSS1_20250804T124201_vs_HYPERNETS_20250804T130000_RHOW_R.csv,THFR,Hyp,JPSS1,3.6641600000000003,43.43485999999999,3.6843870000000005,43.42675800000001,1.87,2.25,2025-08-04T11:00:00Z,2025-08-04T10:42:01Z,18,30,2,2.3086,6.2952,NA,2.3086,NA,NA,-0.014012,NA,NA,NA,NA,0.004396,0.004235,59.455,-0.709293,-0.59455,-0.479806,0.479806,0.59455,0.709293,-312.3344,-199.1733,-117.0682,117.0682,199.1733,312.3344
JPSS1_20250805T122401_vs_HYPERNETS_20250805T120000_RHOW_R.csv,THFR,Hyp,JPSS1,3.6641600000000003,43.43485999999999,3.686346,43.42646,2.02,2.25,2025-08-05T10:00:00Z,2025-08-05T10:24:01Z,24,30,2,2.6964,13.5822,NA,2.6964,NA,NA,-0.018567,NA,NA,NA,NA,0.005383,0.005129,68.2632,-0.827319,-0.682632,-0.537945,0.537945,0.682632,0.827319,-1555.5982,-667.306,-255.6168,255.6168,667.306,1555.5982
JPSS1_20250805T122401_vs_HYPERNETS_20250805T121500_RHOW_R.csv,THFR,Hyp,JPSS1,3.6641600000000003,43.43485999999999,3.686346,43.42646,2.02,2.25,2025-08-05T10:15:00Z,2025-08-05T10:24:01Z,9,30,2,2.723,13.5419,NA,2.723,NA,NA,-0.018504,NA,NA,NA,NA,0.00529,0.005028,67.8646,-0.82514,-0.678646,-0.532151,0.532151,0.678646,0.82514,-1534.2201,-657.5361,-251.1528,251.1528,657.5361,1534.2201
JPSS1_20250805T122401_vs_HYPERNETS_20250805T123000_RHOW_R.csv,THFR,Hyp,JPSS1,3.6641600000000003,43.43485999999999,3.686346,43.42646,2.02,2.25,2025-08-05T10:30:00Z,2025-08-05T10:24:01Z,6,30,2,2.7075,13.7966,NA,2.7075,NA,NA,-0.018901,NA,NA,NA,NA,0.005471,0.00522,68.5759,-0.829071,-0.685759,-0.542447,0.542447,0.685759,0.829071,-1576.5631,-676.2847,-259.4365,259.4365,676.2847,1576.5631
JPSS1_20250805T122401_vs_HYPERNETS_20250805T124500_RHOW_R.csv,THFR,Hyp,JPSS1,3.6641600000000003,43.43485999999999,3.686346,43.42646,2.02,2.25,2025-08-05T10:45:00Z,2025-08-05T10:24:01Z,21,30,2,2.7102,13.8618,NA,2.7102,NA,NA,-0.019002,NA,NA,NA,NA,0.005499,0.005249,68.6765,-0.829633,-0.686765,-0.543896,0.543896,0.686765,0.829633,-1583.2895,-679.1788,-260.6745,260.6745,679.1788,1583.2895
JPSS1_20250915T125400_vs_HYPERNETS_20250915T123000_RHOW_R.csv,THFR,Hyp,JPSS1,3.6641600000000003,43.43485999999999,3.6885960000000004,43.4254,2.24,2.25,2025-09-15T10:30:00Z,2025-09-15T10:54:00Z,24,30,3,0.8377,1.9748000000000001,0.1295,0.8669,5.8035,-0.030501,-0.002007,0.00225,NA,FALSE,FALSE,0.002867,0.002775,57.2566,-0.701266,-0.582916,-0.449042,0.449042,0.582916,0.701266,-264.5762,-139.76,-87.1096,87.1096,139.76,264.5762
JPSS1_20250915T125400_vs_HYPERNETS_20250915T124500_RHOW_R.csv,THFR,Hyp,JPSS1,3.6641600000000003,43.43485999999999,3.6885960000000004,43.4254,2.24,2.25,2025-09-15T10:45:00Z,2025-09-15T10:54:00Z,9,30,3,0.8482,1.9335,0.1296,0.8787,5.9603,-0.030495,-0.001941,0.002269,NA,FALSE,FALSE,0.002716,0.002622,56.0839,-0.69177,-0.572981,-0.435979,0.435979,0.572981,0.69177,-251.5919,-134.1815,-82.7722,82.7722,134.1815,251.5919
JPSS1_20250915T125400_vs_HYPERNETS_20250915T130000_RHOW_R.csv,THFR,Hyp,JPSS1,3.6641600000000003,43.43485999999999,3.6885960000000004,43.4254,2.24,2.25,2025-09-15T11:00:00Z,2025-09-15T10:54:00Z,6,30,3,0.8315,1.8887,0.1245,0.8629,5.9828,-0.030769,-0.001873,0.002295,NA,FALSE,FALSE,0.002751,0.002647,56.254,-0.691755,-0.576948,-0.44053,0.44053,0.576948,0.691755,-249.5688,-136.3775,-84.3033,84.3033,136.3775,249.5688
JPSS1_20250915T125400_vs_HYPERNETS_20250915T131500_RHOW_R.csv,THFR,Hyp,JPSS1,3.6641600000000003,43.43485999999999,3.6885960000000004,43.4254,2.24,2.25,2025-09-15T11:15:00Z,2025-09-15T10:54:00Z,21,30,3,0.8301,1.8556,0.1169,0.8664,6.4218,-0.032931,-0.00185,0.002343,NA,FALSE,FALSE,0.002714,0.002598,55.8189,-0.689682,-0.578402,-0.436803,0.436803,0.578402,0.689682,-245.2099,-137.1928,-83.4504,83.4504,137.1928,245.2099
JPSS1_20250917T121800_vs_HYPERNETS_20250917T120000_RHOW_R.csv,THFR,Hyp,JPSS1,3.6641600000000003,43.43485999999999,3.688807,43.427242,2.17,2.25,2025-09-17T10:00:00Z,2025-09-17T10:18:00Z,18,30,2,2.2035,8.977,NA,2.2035,NA,NA,-0.013049,NA,NA,NA,NA,0.0046,0.004395,65.7055,-0.803133,-0.657055,-0.510978,0.510978,0.657055,0.803133,-947.0271,-456.7899,-196.0907,196.0907,456.7899,947.0271
JPSS1_20250917T121800_vs_HYPERNETS_20250917T121500_RHOW_R.csv,THFR,Hyp,JPSS1,3.6641600000000003,43.43485999999999,3.688807,43.427242,2.17,2.25,2025-09-17T10:15:00Z,2025-09-17T10:18:00Z,3,30,2,2.147,8.9034,NA,2.147,NA,NA,-0.012922,NA,NA,NA,NA,0.004716,0.004525,66.3437,-0.806736,-0.663437,-0.520138,0.520138,0.663437,0.806736,-964.9944,-466.7151,-201.5659,201.5659,466.7151,964.9944
JPSS1_20250917T121800_vs_HYPERNETS_20250917T123000_RHOW_R.csv,THFR,Hyp,JPSS1,3.6641600000000003,43.43485999999999,3.688807,43.427242,2.17,2.25,2025-09-17T10:30:00Z,2025-09-17T10:18:00Z,12,30,2,2.0954,8.4419,NA,2.0954,NA,NA,-0.012121,NA,NA,NA,NA,0.004514,0.004323,65.5963,-0.802028,-0.655963,-0.509897,0.509897,0.655963,0.802028,-929.6515,-450.3042,-194.1138,194.1138,450.3042,929.6515
JPSS1_20250917T121800_vs_HYPERNETS_20250917T124500_RHOW_R.csv,THFR,Hyp,JPSS1,3.6641600000000003,43.43485999999999,3.688807,43.427242,2.17,2.25,2025-09-17T10:45:00Z,2025-09-17T10:18:00Z,27,30,2,2.0286,8.1786,NA,2.0286,NA,NA,-0.011665,NA,NA,NA,NA,0.004512,0.004332,65.7689,-0.802761,-0.657689,-0.512617,0.512617,0.657689,0.802761,-927.3089,-450.5423,-195.0396,195.0396,450.5423,927.3089
JPSS1_20250921T124200_vs_HYPERNETS_20250921T123000_RHOW_R.csv,THFR,Hyp,JPSS1,3.6641600000000003,43.43485999999999,3.6875880000000003,43.425251,2.18,2.25,2025-09-21T10:30:00Z,2025-09-21T10:42:00Z,12,30,2,1.2265,3.8406,NA,1.2265,NA,NA,-0.008724,NA,NA,NA,NA,0.006476,0.006467,66.8611,-0.735092,-0.668611,-0.60213,0.60213,0.668611,0.735092,-307.4632,-229.4404,-166.3577,166.3577,229.4404,307.4632
JPSS1_20250921T124200_vs_HYPERNETS_20250921T124500_RHOW_R.csv,THFR,Hyp,JPSS1,3.6641600000000003,43.43485999999999,3.6875880000000003,43.425251,2.18,2.25,2025-09-21T10:45:00Z,2025-09-21T10:42:00Z,3,30,2,1.2476,3.7213,NA,1.2476,NA,NA,-0.00835,NA,NA,NA,NA,0.006009,0.005998,65.2675,-0.721653,-0.652675,-0.583697,0.583697,0.652675,0.721653,-287.094,-213.7233,-154.2594,154.2594,213.7233,287.094
JPSS1_20250921T124200_vs_HYPERNETS_20250921T130000_RHOW_R.csv,THFR,Hyp,JPSS1,3.6641600000000003,43.43485999999999,3.6875880000000003,43.425251,2.18,2.25,2025-09-21T11:00:00Z,2025-09-21T10:42:00Z,18,30,2,1.2222,3.7043,NA,1.2222,NA,NA,-0.008297,NA,NA,NA,NA,0.006161,0.006152,65.8264,-0.72603,-0.658264,-0.590498,0.590498,0.658264,0.72603,-293.1755,-218.7648,-158.4368,158.4368,218.7648,293.1755
JPSS1_20250929T115400_vs_HYPERNETS_20250929T113000_RHOW_R.csv,THFR,Hyp,JPSS1,3.6641600000000003,43.43485999999999,3.6851200000000004,43.426849,1.91,2.25,2025-09-29T09:30:00Z,2025-09-29T09:54:00Z,24,30,1,NA,NA,NA,NA,NA,NA,NA,NA,NA,NA,NA,NA,NA,NA,NA,NA,NA,NA,NA,NA,NA,NA,NA,NA,NA,NA
JPSS1_20250929T115400_vs_HYPERNETS_20250929T114500_RHOW_R.csv,THFR,Hyp,JPSS1,3.6641600000000003,43.43485999999999,3.6851200000000004,43.426849,1.91,2.25,2025-09-29T09:45:00Z,2025-09-29T09:54:00Z,9,30,1,NA,NA,NA,NA,NA,NA,NA,NA,NA,NA,NA,NA,NA,NA,NA,NA,NA,NA,NA,NA,NA,NA,NA,NA,NA,NA
JPSS1_20250929T115400_vs_HYPERNETS_20250929T120000_RHOW_R.csv,THFR,Hyp,JPSS1,3.6641600000000003,43.43485999999999,3.6851200000000004,43.426849,1.91,2.25,2025-09-29T10:00:00Z,2025-09-29T09:54:00Z,6,30,1,NA,NA,NA,NA,NA,NA,NA,NA,NA,NA,NA,NA,NA,NA,NA,NA,NA,NA,NA,NA,NA,NA,NA,NA,NA,NA
JPSS1_20250929T115400_vs_HYPERNETS_20250929T121500_RHOW_R.csv,THFR,Hyp,JPSS1,3.6641600000000003,43.43485999999999,3.6851200000000004,43.426849,1.91,2.25,2025-09-29T10:15:00Z,2025-09-29T09:54:00Z,21,30,1,NA,NA,NA,NA,NA,NA,NA,NA,NA,NA,NA,NA,NA,NA,NA,NA,NA,NA,NA,NA,NA,NA,NA,NA,NA,NA
JPSS1_20251002T123601_vs_HYPERNETS_20251002T121500_RHOW_R.csv,THFR,Hyp,JPSS1,3.6641600000000003,43.43485999999999,3.685559,43.425457,2.02,2.25,2025-10-02T10:15:00Z,2025-10-02T10:36:01Z,21,30,2,1.4802,5.2751,NA,1.4802,NA,NA,-0.010531,NA,NA,NA,NA,0.00616,0.006126,69.2735,-0.778216,-0.692735,-0.607253,0.607253,0.692735,0.778216,-436.0587,-291.6787,-186.1854,186.1854,291.6787,436.0587
JPSS1_20251002T123601_vs_HYPERNETS_20251002T123000_RHOW_R.csv,THFR,Hyp,JPSS1,3.6641600000000003,43.43485999999999,3.685559,43.425457,2.02,2.25,2025-10-02T10:30:00Z,2025-10-02T10:36:01Z,6,30,2,1.697,5.8483,NA,1.697,NA,NA,-0.011987,NA,NA,NA,NA,0.005868,0.005812,67.9888,-0.770521,-0.679888,-0.589256,0.589256,0.679888,0.770521,-422.4643,-279.0092,-174.9432,174.9432,279.0092,422.4643
JPSS1_20251002T123601_vs_HYPERNETS_20251002T124500_RHOW_R.csv,THFR,Hyp,JPSS1,3.6641600000000003,43.43485999999999,3.685559,43.425457,2.02,2.25,2025-10-02T10:45:00Z,2025-10-02T10:36:01Z,9,30,2,1.5137,5.1151,NA,1.5137,NA,NA,-0.010125,NA,NA,NA,NA,0.005695,0.005655,67.6691,-0.766122,-0.676691,-0.58726,0.58726,0.676691,0.766122,-406.9957,-271.295,-171.9155,171.9155,271.295,406.9957
JPSS1_20251002T123601_vs_HYPERNETS_20251002T130000_RHOW_R.csv,THFR,Hyp,JPSS1,3.6641600000000003,43.43485999999999,3.685559,43.425457,2.02,2.25,2025-10-02T11:00:00Z,2025-10-02T10:36:01Z,24,30,2,1.7337,5.6824,NA,1.7337,NA,NA,-0.011565,NA,NA,NA,NA,0.005446,0.005381,66.4093,-0.758756,-0.664093,-0.569431,0.569431,0.664093,0.758756,-395.8517,-260.3997,-161.9491,161.9491,260.3997,395.8517
JPSS1_20251004T120000_vs_HYPERNETS_20251004T120000_RHOW_R.csv,THFR,Hyp,JPSS1,3.6641600000000003,43.43485999999999,3.6672770000000003,43.424713000000004,1.16,2.25,2025-10-04T10:00:00Z,2025-10-04T10:00:00Z,0,30,3,0.6748,2.2178,0.5001,0.675,0.9109,-0.004419,-0.002536,-0.001142,NA,TRUE,TRUE,0.005176,0.005129,66.954,-0.719948,-0.631165,-0.599945,0.599945,0.631165,0.719948,-276.4968,-171.1242,-150.7303,150.7303,171.1242,276.4968
JPSS1_20251004T120000_vs_HYPERNETS_20251004T123000_RHOW_R.csv,THFR,Hyp,JPSS1,3.6641600000000003,43.43485999999999,3.6672770000000003,43.424713000000004,1.16,2.25,2025-10-04T10:30:00Z,2025-10-04T10:00:00Z,30,30,3,0.6468,1.9959,0.4356,0.6472,0.9614,-0.004412,-0.002039,-4.41e-4,NA,TRUE,TRUE,0.004769,0.004703,65.1039,-0.698604,-0.609786,-0.582848,0.582848,0.609786,0.698604,-247.2073,-156.2698,-140.2224,140.2224,156.2698,247.2073
JPSS1_20251018T123600_vs_HYPERNETS_20251018T121500_RHOW_R.csv,THFR,Hyp,JPSS1,3.6641600000000003,43.43485999999999,3.6828719999999997,43.423271,1.99,2.25,2025-10-18T10:15:00Z,2025-10-18T10:36:00Z,21,30,2,1.3388,5.6055,NA,1.3388,NA,NA,-0.010193,NA,NA,NA,NA,0.006967,0.006956,74.3101,-0.807385,-0.743101,-0.678816,0.678816,0.743101,0.807385,-491.9108,-349.6153,-241.5277,241.5277,349.6153,491.9108
JPSS1_20251018T123600_vs_HYPERNETS_20251018T123000_RHOW_R.csv,THFR,Hyp,JPSS1,3.6641600000000003,43.43485999999999,3.6828719999999997,43.423271,1.99,2.25,2025-10-18T10:30:00Z,2025-10-18T10:36:00Z,6,30,2,1.3664,5.7799,NA,1.3664,NA,NA,-0.010588,NA,NA,NA,NA,0.007063,0.007051,74.528,-0.809362,-0.74528,-0.681197,0.681197,0.74528,0.809362,-499.1325,-354.282,-244.4516,244.4516,354.282,499.1325
JPSS1_20251018T123600_vs_HYPERNETS_20251018T124500_RHOW_R.csv,THFR,Hyp,JPSS1,3.6641600000000003,43.43485999999999,3.6828719999999997,43.423271,1.99,2.25,2025-10-18T10:45:00Z,2025-10-18T10:36:00Z,9,30,2,1.3439,5.5737,NA,1.3439,NA,NA,-0.010121,NA,NA,NA,NA,0.006877,0.006866,74.0717,-0.805532,-0.740717,-0.675902,0.675902,0.740717,0.805532,-486.0687,-345.3294,-238.3874,238.3874,345.3294,486.0687
JPSS1_20251018T123600_vs_HYPERNETS_20251018T130000_RHOW_R.csv,THFR,Hyp,JPSS1,3.6641600000000003,43.43485999999999,3.6828719999999997,43.423271,1.99,2.25,2025-10-18T11:00:00Z,2025-10-18T10:36:00Z,24,30,2,1.2581,5.0941,NA,1.2581,NA,NA,-0.009038,NA,NA,NA,NA,0.006657,0.00665,73.5787,-0.800707,-0.735787,-0.670866,0.670866,0.735787,0.800707,-468.6946,-334.5774,-232.0896,232.0896,334.5774,468.6946
JPSS1_20251023T124200_vs_HYPERNETS_20251023T121500_RHOW_R.csv,THFR,Hyp,JPSS1,3.6641600000000003,43.43485999999999,3.6844419999999998,43.42543800000001,1.95,2.25,2025-10-23T10:15:00Z,2025-10-23T10:42:00Z,27,30,3,0.6917,1.6305,0.4055,0.6924,1.1823,-0.006292,-0.002065,4.1e-4,NA,FALSE,FALSE,0.00477,0.004719,56.5871,-0.604671,-0.545784,-0.517026,0.517026,0.545784,0.604671,-155.8081,-120.1594,-107.4186,107.4186,120.1594,155.8081
JPSS1_20251023T124200_vs_HYPERNETS_20251023T123000_RHOW_R.csv,THFR,Hyp,JPSS1,3.6641600000000003,43.43485999999999,3.6844419999999998,43.42543800000001,1.95,2.25,2025-10-23T10:30:00Z,2025-10-23T10:42:00Z,12,30,3,0.6703,1.5621,0.4638,0.6706,0.9697,-0.004381,-0.001824,-5.6e-5,NA,TRUE,TRUE,0.004702,0.00464,56.1253,-0.597062,-0.540106,-0.51487,0.51487,0.540106,0.597062,-150.6944,-117.4413,-106.4099,106.4099,117.4413,150.6944
JPSS1_20251023T124200_vs_HYPERNETS_20251023T130000_RHOW_R.csv,THFR,Hyp,JPSS1,3.6641600000000003,43.43485999999999,3.6844419999999998,43.42543800000001,1.95,2.25,2025-10-23T11:00:00Z,2025-10-23T10:42:00Z,18,30,3,0.6116,1.4669,0.5568,0.6116,0.6718,-0.002019,-0.001487,-0.001004,NA,TRUE,TRUE,0.005011,0.004914,57.3794,-0.603415,-0.551852,-0.533202,0.533202,0.551852,0.603415,-154.3116,-123.1405,-114.3968,114.3968,123.1405,154.3116
JPSS1_20251028T124800_vs_HYPERNETS_20251028T124500_RHOW_R.csv,THFR,Hyp,JPSS1,3.6641600000000003,43.43485999999999,3.685745,43.425049,2.06,2.25,2025-10-28T11:45:00Z,2025-10-28T11:48:00Z,3,30,4,0.6347,1.8345,0.2328,0.7095,2.1627,-0.015559,-0.003151,9.2e-4,NA,FALSE,FALSE,0.005928,0.005631,71.3386,-0.79087,-0.689568,-0.612084,0.612084,0.689568,0.79087,-899.5147,-223.9855,-162.2902,162.2902,223.9855,899.5147
JPSS1_20251028T124800_vs_HYPERNETS_20251028T130000_RHOW_R.csv,THFR,Hyp,JPSS1,3.6641600000000003,43.43485999999999,3.685745,43.425049,2.06,2.25,2025-10-28T12:00:00Z,2025-10-28T11:48:00Z,12,30,4,0.6315,1.9385,0.2398,0.6959,2.0195,-0.014407,-0.003059,8.51e-4,NA,FALSE,FALSE,0.005957,0.005666,71.6791,-0.794457,-0.692005,-0.614338,0.614338,0.692005,0.794457,-906.9458,-226.8639,-163.4481,163.4481,226.8639,906.9458
JPSS1_20251028T124800_vs_HYPERNETS_20251028T131500_RHOW_R.csv,THFR,Hyp,JPSS1,3.6641600000000003,43.43485999999999,3.685745,43.425049,2.06,2.25,2025-10-28T12:15:00Z,2025-10-28T11:48:00Z,27,30,4,0.6221,1.941,0.2374,0.6843,1.9721,-0.014202,-0.003029,8.48e-4,NA,FALSE,FALSE,0.006067,0.005768,72.0274,-0.796324,-0.695165,-0.619114,0.619114,0.695165,0.796324,-915.797,-230.21190000000001,-166.6715,166.6715,230.21190000000001,915.797
JPSS1_20251108T124201_vs_HYPERNETS_20251108T123000_RHOW_R.csv,THFR,Hyp,JPSS1,3.6641600000000003,43.43485999999999,3.685809,43.423168000000004,2.18,2.25,2025-11-08T11:30:00Z,2025-11-08T11:42:01Z,12,30,5,0.6545,1.647,0.3381,0.7437,1.6358,-0.00621,-3.24e-4,0.002352,NA,FALSE,FALSE,0.002527,0.002031,33.0081,-0.360923,-0.344891,-0.094411,0.094411,0.344891,0.360923,-56.4757,-52.6463,-10.4254,10.4254,52.6463,56.4757
JPSS1_20251108T124201_vs_HYPERNETS_20251108T124500_RHOW_R.csv,THFR,Hyp,JPSS1,3.6641600000000003,43.43485999999999,3.685809,43.423168000000004,2.18,2.25,2025-11-08T11:45:00Z,2025-11-08T11:42:01Z,3,30,5,0.6576,1.5442,0.3342,0.7579,1.719,-0.006082,-1.19e-4,0.00251,NA,FALSE,FALSE,0.002237,0.001812,32.6857,-0.33434,-0.311597,-0.021593,0.138272,0.311597,0.33434,-50.2268,-45.2638,-2.207,13.8272,45.2638,50.2268
JPSS1_20251115T121201_vs_HYPERNETS_20251115T114500_RHOW_R.csv,THFR,Hyp,JPSS1,3.6641600000000003,43.43485999999999,3.6861110000000004,43.422443,2.25,2.25,2025-11-15T10:45:00Z,2025-11-15T11:12:01Z,27,30,2,1.7878,4.5398,NA,1.7878,NA,NA,-0.013789,NA,NA,NA,NA,0.005924,0.005883,59.7036,-0.658383,-0.597036,-0.535689,0.535689,0.597036,0.658383,-204.8885,-160.5311,-122.6271,122.6271,160.5311,204.8885
JPSS1_20251115T121201_vs_HYPERNETS_20251115T120000_RHOW_R.csv,THFR,Hyp,JPSS1,3.6641600000000003,43.43485999999999,3.6861110000000004,43.422443,2.25,2.25,2025-11-15T11:00:00Z,2025-11-15T11:12:01Z,12,30,2,1.7621,4.4709,NA,1.7621,NA,NA,-0.013518,NA,NA,NA,NA,0.005916,0.005875,59.6862,-0.657985,-0.596862,-0.53574,0.53574,0.596862,0.657985,-204.4224,-160.3109,-122.5912,122.5912,160.3109,204.4224
JPSS1_20251115T121201_vs_HYPERNETS_20251115T121500_RHOW_R.csv,THFR,Hyp,JPSS1,3.6641600000000003,43.43485999999999,3.6861110000000004,43.422443,2.25,2.25,2025-11-15T11:15:00Z,2025-11-15T11:12:01Z,3,30,2,1.789,4.3752,NA,1.789,NA,NA,-0.013142,NA,NA,NA,NA,0.005559,0.005514,58.1973,-0.644979,-0.581973,-0.518967,0.518967,0.581973,0.644979,-193.115,-150.8893,-114.7465,114.7465,150.8893,193.115
JPSS1_20251118T125400_vs_HYPERNETS_20251118T123000_RHOW_R.csv,THFR,Hyp,JPSS1,3.6641600000000003,43.43485999999999,3.6867370000000004,43.428917000000006,1.94,2.25,2025-11-18T11:30:00Z,2025-11-18T11:54:00Z,24,30,3,0.6316,1.2473,0.1199,0.6452,3.473,-0.015731,-6.02e-4,0.002209,NA,FALSE,FALSE,0.00274,0.0025,51.7594,-0.582713,-0.533844,-0.4606,0.4606,0.533844,0.582713,-141.3036,-114.5206,-87.1244,87.1244,114.5206,141.3036
JPSS1_20251118T125400_vs_HYPERNETS_20251118T124500_RHOW_R.csv,THFR,Hyp,JPSS1,3.6641600000000003,43.43485999999999,3.6867370000000004,43.428917000000006,1.94,2.25,2025-11-18T11:45:00Z,2025-11-18T11:54:00Z,9,30,3,0.6356,1.2432,0.1221,0.649,3.4505,-0.015455,-5.92e-4,0.002203,NA,FALSE,FALSE,0.002692,0.002455,51.306,-0.577934,-0.529279,-0.456294,0.456294,0.529279,0.577934,-138.5201,-112.44,-85.6029,85.6029,112.44,138.5201
JPSS1_20251118T125400_vs_HYPERNETS_20251118T130000_RHOW_R.csv,THFR,Hyp,JPSS1,3.6641600000000003,43.43485999999999,3.6867370000000004,43.428917000000006,1.94,2.25,2025-11-18T12:00:00Z,2025-11-18T11:54:00Z,6,30,3,0.6301,1.3002,0.1075,0.6476,3.9024,-0.0186,-7.09e-4,0.00226,NA,FALSE,FALSE,0.002881,0.002646,53.5172,-0.606885,-0.551363,-0.471554,0.471554,0.551363,0.606885,-156.9545,-122.8974,-91.43,91.43,122.8974,156.9545
JPSS1_20251118T125400_vs_HYPERNETS_20251118T131500_RHOW_R.csv,THFR,Hyp,JPSS1,3.6641600000000003,43.43485999999999,3.6867370000000004,43.428917000000006,1.94,2.25,2025-11-18T12:15:00Z,2025-11-18T11:54:00Z,21,30,3,0.6854,1.237,0.1485,0.6963,3.2642,-0.013117,-5.56e-4,0.002124,NA,FALSE,FALSE,0.00223,0.002041,47.1078,-0.536834,-0.481739,-0.410653,0.410653,0.481739,0.536834,-117.4494,-92.9529,-70.9272,70.9272,92.9529,117.4494
JPSS1_20251119T123601_vs_HYPERNETS_20251119T124500_RHOW_R.csv,THFR,Hyp,JPSS1,3.6641600000000003,43.43485999999999,3.6831150000000004,43.421005,2.17,2.25,2025-11-19T11:45:00Z,2025-11-19T11:36:01Z,9,30,2,1.9402,6.5214,NA,1.9402,NA,NA,-0.012208,NA,NA,NA,NA,0.005006,0.004912,66.1137,-0.767545,-0.661137,-0.554728,0.554728,0.661137,0.767545,-448.5043,-279.2197,-162.1814,162.1814,279.2197,448.5043
JPSS1_20251119T123601_vs_HYPERNETS_20251119T130000_RHOW_R.csv,THFR,Hyp,JPSS1,3.6641600000000003,43.43485999999999,3.6831150000000004,43.421005,2.17,2.25,2025-11-19T12:00:00Z,2025-11-19T11:36:01Z,24,30,2,1.9536,6.326,NA,1.9536,NA,NA,-0.011763,NA,NA,NA,NA,0.004732,0.00463,64.91,-0.758848,-0.6491,-0.539351,0.539351,0.6491,0.758848,-427.23,-265.2646,-153.0551,153.0551,265.2646,427.23
JPSS1_20251201T121201_vs_HYPERNETS_20251201T114500_RHOW_R.csv,THFR,Hyp,JPSS1,3.6641600000000003,43.43485999999999,3.6896579999999997,43.436080999999994,2.07,2.25,2025-12-01T10:45:00Z,2025-12-01T11:12:01Z,27,30,2,0.8794,2.4763,NA,0.8794,NA,NA,-0.003062,NA,NA,NA,NA,0.003787,0.003785,64.2978,-0.682188,-0.642978,-0.603768,0.603768,0.642978,0.682188,-221.0183,-187.1066,-156.7773,156.7773,187.1066,221.0183
JPSS1_20251201T121201_vs_HYPERNETS_20251201T120000_RHOW_R.csv,THFR,Hyp,JPSS1,3.6641600000000003,43.43485999999999,3.6896579999999997,43.436080999999994,2.07,2.25,2025-12-01T11:00:00Z,2025-12-01T11:12:01Z,12,30,2,0.8306,2.2965,NA,0.8306,NA,NA,-0.002685,NA,NA,NA,NA,0.003688,0.003684,63.7097,-0.674902,-0.637097,-0.599292,0.599292,0.637097,0.674902,-213.1562,-181.7386,-153.473,153.473,181.7386,213.1562
JPSS1_20251201T121201_vs_HYPERNETS_20251201T121500_RHOW_R.csv,THFR,Hyp,JPSS1,3.6641600000000003,43.43485999999999,3.6896579999999997,43.436080999999994,2.07,2.25,2025-12-01T11:15:00Z,2025-12-01T11:12:01Z,3,30,2,0.7917,2.1622,NA,0.7917,NA,NA,-0.002404,NA,NA,NA,NA,0.003625,0.003619,63.3174,-0.669607,-0.633174,-0.59674,0.59674,0.633174,0.669607,-207.6079,-178.1515,-151.5158,151.5158,178.1515,207.6079
JPSS1_20251201T121201_vs_HYPERNETS_20251201T123000_RHOW_R.csv,THFR,Hyp,JPSS1,3.6641600000000003,43.43485999999999,3.6896579999999997,43.436080999999994,2.07,2.25,2025-12-01T11:30:00Z,2025-12-01T11:12:01Z,18,30,2,0.7945,2.0993,NA,0.7945,NA,NA,-0.002273,NA,NA,NA,NA,0.0034390000000000002,0.003432,62.1099,-0.657785,-0.621099,-0.584412,0.584412,0.621099,0.657785,-196.7296,-169.0129,-143.8852,143.8852,169.0129,196.7296
JPSS1_20251208T131801_vs_HYPERNETS_20251208T134500_RHOW_R.csv,THFR,Hyp,JPSS1,3.6641600000000003,43.43485999999999,3.6801660000000003,43.427986,1.5,2.25,2025-12-08T12:45:00Z,2025-12-08T12:18:01Z,27,30,1,NA,NA,NA,NA,NA,NA,NA,NA,NA,NA,NA,NA,NA,NA,NA,NA,NA,NA,NA,NA,NA,NA,NA,NA,NA,NA
JPSS2_20250117T122400_vs_HYPERNETS_20250117T120000_RHOW_R.csv,THFR,Hyp,JPSS2,3.6641600000000003,43.43485999999999,3.6872830000000003,43.425838000000006,2.12,2.25,2025-01-17T11:00:00Z,2025-01-17T11:24:00Z,24,30,3,0.7305,1.6065,0.077,0.7987,8.2842,-0.030097,-8.79e-4,0.001938,NA,FALSE,FALSE,0.001882,0.001664,53.2059,-0.677038,-0.562337,-0.402219,0.402219,0.562337,0.677038,-231.2273,-128.4865,-73.63,73.63,128.4865,231.2273
JPSS2_20250117T122400_vs_HYPERNETS_20250117T121500_RHOW_R.csv,THFR,Hyp,JPSS2,3.6641600000000003,43.43485999999999,3.6872830000000003,43.425838000000006,2.12,2.25,2025-01-17T11:15:00Z,2025-01-17T11:24:00Z,9,30,3,0.7357,1.5516,0.0797,0.7991,8.0077,-0.028384,-8.17e-4,0.001934,NA,FALSE,FALSE,0.001801,0.001585,52.0924,-0.663303,-0.55166,-0.393913,0.393913,0.55166,0.663303,-214.8136,-123.0449,-70.8821,70.8821,123.0449,214.8136
JPSS2_20250117T122400_vs_HYPERNETS_20250117T123000_RHOW_R.csv,THFR,Hyp,JPSS2,3.6641600000000003,43.43485999999999,3.6872830000000003,43.425838000000006,2.12,2.25,2025-01-17T11:30:00Z,2025-01-17T11:24:00Z,6,30,3,0.7443,1.6141,0.081,0.8077,8.0574,-0.028853,-8.78e-4,0.001926,NA,FALSE,FALSE,0.001823,0.00162,52.7547,-0.671886,-0.5532,-0.396035,0.396035,0.5532,0.671886,-226.9079,-123.8139,-71.4801,71.4801,123.8139,226.9079
JPSS2_20250117T122400_vs_HYPERNETS_20250117T124500_RHOW_R.csv,THFR,Hyp,JPSS2,3.6641600000000003,43.43485999999999,3.6872830000000003,43.425838000000006,2.12,2.25,2025-01-17T11:45:00Z,2025-01-17T11:24:00Z,21,30,3,0.7599,1.579,0.0839,0.8221,8.0535,-0.027916,-8.39e-4,0.001925,NA,FALSE,FALSE,0.001706,0.001505,51.2148,-0.657629,-0.538893,-0.380039,0.380039,0.538893,0.657629,-211.4077,-116.8694,-66.8714,66.8714,116.8694,211.4077
JPSS2_20250129T120001_vs_HYPERNETS_20250129T120000_RHOW_R.csv,THFR,Hyp,JPSS2,3.6641600000000003,43.43485999999999,3.689469,43.438137000000005,2.08,2.25,2025-01-29T11:00:00Z,2025-01-29T11:00:01Z,0,30,2,1.8385,5.5968,NA,1.8385,NA,NA,-0.012178,NA,NA,NA,NA,0.005315,0.005271,65.4391,-0.727791,-0.654391,-0.580991,0.580991,0.654391,0.727791,-300.9513,-219.609,-154.7689,154.7689,219.609,300.9513
JPSS2_20250129T120001_vs_HYPERNETS_20250129T121500_RHOW_R.csv,THFR,Hyp,JPSS2,3.6641600000000003,43.43485999999999,3.689469,43.438137000000005,2.08,2.25,2025-01-29T11:15:00Z,2025-01-29T11:00:01Z,15,30,2,3.2397,12.5705,NA,3.2397,NA,NA,-0.030959,NA,NA,NA,NA,0.007576,0.007506,72.2496,-0.787509,-0.722496,-0.657484,0.657484,0.722496,0.787509,-425.9114,-307.902,-216.3728,216.3728,307.902,425.9114
JPSS2_20250529T124800_vs_HYPERNETS_20250529T123000_RHOW_R.csv,THFR,Hyp,JPSS2,3.6641600000000003,43.43485999999999,3.6871700000000005,43.425529000000004,2.13,2.25,2025-05-29T10:30:00Z,2025-05-29T10:48:00Z,18,30,3,-96.4771,-6.6678,-3186.191,-157.9577,-7.8309,0.004095,0.031617,0.58675,NA,TRUE,TRUE,0.003084,0.002477,1398.4767,7.019394,13.012362,20.463938,7.019394,13.012362,20.463938,432.8698,1301.2362,1912.895,432.8698,1301.2362,1912.895
JPSS2_20250529T124800_vs_HYPERNETS_20250529T124500_RHOW_R.csv,THFR,Hyp,JPSS2,3.6641600000000003,43.43485999999999,3.6871700000000005,43.425529000000004,2.13,2.25,2025-05-29T10:45:00Z,2025-05-29T10:48:00Z,3,30,3,1.6488,6.9685,0.4812,1.6617,5.7386,-0.039287,-0.009487,-8.57e-4,NA,FALSE,TRUE,0.00471,0.00465,66.7343,-0.786079,-0.636545,-0.533207,0.533207,0.636545,0.786079,-553.6987,-175.1373,-119.6785,119.6785,175.1373,553.6987
JPSS2_20250529T124800_vs_HYPERNETS_20250529T130000_RHOW_R.csv,THFR,Hyp,JPSS2,3.6641600000000003,43.43485999999999,3.6871700000000005,43.425529000000004,2.13,2.25,2025-05-29T11:00:00Z,2025-05-29T10:48:00Z,12,30,3,1.5705,6.7036,0.5203,1.5795,4.795,-0.032848,-0.009037,-0.001193,NA,FALSE,TRUE,0.004795,0.004745,67.2583,-0.788132,-0.640312,-0.540899,0.540899,0.640312,0.788132,-558.845,-178.0189,-123.1105,123.1105,178.0189,558.845
JPSS2_20250529T124800_vs_HYPERNETS_20250529T131500_RHOW_R.csv,THFR,Hyp,JPSS2,3.6641600000000003,43.43485999999999,3.6871700000000005,43.425529000000004,2.13,2.25,2025-05-29T11:15:00Z,2025-05-29T10:48:00Z,27,30,3,1.5488,6.5068,0.5563,1.556,4.3521,-0.029124,-0.008704,-0.001403,NA,FALSE,TRUE,0.004691,0.004643,66.8742,-0.784698,-0.634759,-0.535795,0.535795,0.634759,0.784698,-547.2079,-173.7918,-120.4909,120.4909,173.7918,547.2079
JPSS2_20250616T121201_vs_HYPERNETS_20250616T114500_RHOW_R.csv,THFR,Hyp,JPSS2,3.6641600000000003,43.43485999999999,3.674182,43.448811,1.75,2.25,2025-06-16T09:45:00Z,2025-06-16T10:12:01Z,27,30,4,0.7053,0.6763,0.2471,0.8073,2.6372,-0.016119,-6.41e-4,0.004097,NA,FALSE,FALSE,0.002863,0.00255,30.3251,-0.377524,-0.251295,-0.092227,0.177021,0.251295,0.377524,-62.7825,-34.1823,-11.5404,20.6281,34.1823,62.7825
JPSS2_20250616T121201_vs_HYPERNETS_20250616T120000_RHOW_R.csv,THFR,Hyp,JPSS2,3.6641600000000003,43.43485999999999,3.674182,43.448811,1.75,2.25,2025-06-16T10:00:00Z,2025-06-16T10:12:01Z,12,30,4,0.6979,0.6201,0.2415,0.8051,2.6834,-0.015682,-3.74e-4,0.004219,NA,FALSE,FALSE,0.002655,0.002424,32.5667,-0.360631,-0.231045,-0.037946,0.268558,0.311171,0.36828,-58.3737,-30.6701,-6.0263,28.211,37.7258,58.3737
JPSS2_20250616T121201_vs_HYPERNETS_20250616T121500_RHOW_R.csv,THFR,Hyp,JPSS2,3.6641600000000003,43.43485999999999,3.674182,43.448811,1.75,2.25,2025-06-16T10:15:00Z,2025-06-16T10:12:01Z,3,30,4,0.7135,0.621,0.2479,0.8211,2.7198,-0.015479,-3.54e-4,0.004213,NA,FALSE,FALSE,0.002485,0.002275,32.1937,-0.345653,-0.214354,-0.016852,0.252368,0.318977,0.388546,-54.7063,-27.884,-3.778,29.8161,37.8045,54.7063
JPSS2_20250616T121201_vs_HYPERNETS_20250616T123000_RHOW_R.csv,THFR,Hyp,JPSS2,3.6641600000000003,43.43485999999999,3.674182,43.448811,1.75,2.25,2025-06-16T10:30:00Z,2025-06-16T10:12:01Z,18,30,4,0.7087,0.6161,0.2393,0.8324,2.8956,-0.017161,-5.25e-4,0.004258,NA,FALSE,FALSE,0.002604,0.002341,32.0419,-0.357877,-0.216404,-0.019335,0.258512,0.309922,0.37183,-57.8915,-28.3603,-3.777,27.536,37.3418,57.8915
JPSS2_20250617T115401_vs_HYPERNETS_20250617T113000_RHOW_R.csv,THFR,Hyp,JPSS2,3.6641600000000003,43.43485999999999,3.681518,43.429901,1.51,2.25,2025-06-17T09:30:00Z,2025-06-17T09:54:01Z,24,30,1,NA,NA,NA,NA,NA,NA,NA,NA,NA,NA,NA,NA,NA,NA,NA,NA,NA,NA,NA,NA,NA,NA,NA,NA,NA,NA
JPSS2_20250617T115401_vs_HYPERNETS_20250617T114500_RHOW_R.csv,THFR,Hyp,JPSS2,3.6641600000000003,43.43485999999999,3.681518,43.429901,1.51,2.25,2025-06-17T09:45:00Z,2025-06-17T09:54:01Z,9,30,1,NA,NA,NA,NA,NA,NA,NA,NA,NA,NA,NA,NA,NA,NA,NA,NA,NA,NA,NA,NA,NA,NA,NA,NA,NA,NA
JPSS2_20250617T115401_vs_HYPERNETS_20250617T120000_RHOW_R.csv,THFR,Hyp,JPSS2,3.6641600000000003,43.43485999999999,3.681518,43.429901,1.51,2.25,2025-06-17T10:00:00Z,2025-06-17T09:54:01Z,6,30,1,NA,NA,NA,NA,NA,NA,NA,NA,NA,NA,NA,NA,NA,NA,NA,NA,NA,NA,NA,NA,NA,NA,NA,NA,NA,NA
JPSS2_20250617T115401_vs_HYPERNETS_20250617T121500_RHOW_R.csv,THFR,Hyp,JPSS2,3.6641600000000003,43.43485999999999,3.681518,43.429901,1.51,2.25,2025-06-17T10:15:00Z,2025-06-17T09:54:01Z,21,30,1,NA,NA,NA,NA,NA,NA,NA,NA,NA,NA,NA,NA,NA,NA,NA,NA,NA,NA,NA,NA,NA,NA,NA,NA,NA,NA
JPSS2_20250625T124200_vs_HYPERNETS_20250625T121500_RHOW_R.csv,THFR,Hyp,JPSS2,3.6641600000000003,43.43485999999999,3.6807440000000002,43.429893,1.45,2.25,2025-06-25T10:15:00Z,2025-06-25T10:42:00Z,27,30,2,1.2762,3.1814,NA,1.2762,NA,NA,-0.006727,NA,NA,NA,NA,0.004502,0.004479,58.5152,-0.671778,-0.585152,-0.498525,0.498525,0.585152,0.671778,-231.376,-165.2955,-112.3922,112.3922,165.2955,231.376
JPSS2_20250625T124200_vs_HYPERNETS_20250625T123000_RHOW_R.csv,THFR,Hyp,JPSS2,3.6641600000000003,43.43485999999999,3.6807440000000002,43.429893,1.45,2.25,2025-06-25T10:30:00Z,2025-06-25T10:42:00Z,12,30,2,1.4243,3.7494,NA,1.4243,NA,NA,-0.008535,NA,NA,NA,NA,0.004941,0.004902,60.2667,-0.690636,-0.602667,-0.514697,0.514697,0.602667,0.690636,-256.0701,-180.6963,-121.2778,121.2778,180.6963,256.0701
JPSS2_20250625T124200_vs_HYPERNETS_20250625T124500_RHOW_R.csv,THFR,Hyp,JPSS2,3.6641600000000003,43.43485999999999,3.6807440000000002,43.429893,1.45,2.25,2025-06-25T10:45:00Z,2025-06-25T10:42:00Z,3,30,2,1.4764,3.6717,NA,1.4764,NA,NA,-0.008287,NA,NA,NA,NA,0.004483,0.004432,58.0004,-0.672371,-0.580004,-0.487636,0.487636,0.580004,0.672371,-235.6968,-165.1208,-109.3825,109.3825,165.1208,235.6968
JPSS2_20250625T124200_vs_HYPERNETS_20250625T130000_RHOW_R.csv,THFR,Hyp,JPSS2,3.6641600000000003,43.43485999999999,3.6807440000000002,43.429893,1.45,2.25,2025-06-25T11:00:00Z,2025-06-25T10:42:00Z,18,30,2,1.3403,3.5137,NA,1.3403,NA,NA,-0.007784,NA,NA,NA,NA,0.004907,0.004878,60.2762,-0.688847,-0.602762,-0.516676,0.516676,0.602762,0.688847,-252.2972,-179.3388,-121.4896,121.4896,179.3388,252.2972
JPSS2_20250629T130600_vs_HYPERNETS_20250629T124500_RHOW_R.csv,THFR,Hyp,JPSS2,3.6641600000000003,43.43485999999999,3.690215,43.433311,2.11,2.25,2025-06-29T10:45:00Z,2025-06-29T11:06:00Z,21,30,4,0.9997,1.2246,0.5256,1.0293,2.0158,-0.009712,-0.002321,0.001453,NA,FALSE,FALSE,0.002256,0.002101,32.4874,-0.384834,-0.33485,-0.27489,0.27489,0.33485,0.384834,-63.8385,-50.3523,-38.899,38.899,50.3523,63.8385
JPSS2_20250629T130600_vs_HYPERNETS_20250629T130000_RHOW_R.csv,THFR,Hyp,JPSS2,3.6641600000000003,43.43485999999999,3.690215,43.433311,2.11,2.25,2025-06-29T11:00:00Z,2025-06-29T11:06:00Z,6,30,4,0.9943,1.1828,0.5122,1.0261,2.0555,-0.009801,-0.002193,0.001605,NA,FALSE,FALSE,0.002175,0.002,31.1799,-0.376788,-0.313388,-0.248399,0.248399,0.313388,0.376788,-61.8046,-45.7006,-33.7353,33.7353,45.7006,61.8046
JPSS2_20250629T130600_vs_HYPERNETS_20250629T131500_RHOW_R.csv,THFR,Hyp,JPSS2,3.6641600000000003,43.43485999999999,3.690215,43.433311,2.11,2.25,2025-06-29T11:15:00Z,2025-06-29T11:06:00Z,9,30,4,1.0195,1.1789,0.5272,1.0517,2.0977,-0.009666,-0.002158,0.001607,NA,FALSE,FALSE,0.001979,0.001787,29.0999,-0.359298,-0.293245,-0.224946,0.224946,0.293245,0.359298,-57.3037,-41.5615,-29.6636,29.6636,41.5615,57.3037
JPSS2_20250629T130600_vs_HYPERNETS_20250629T133000_RHOW_R.csv,THFR,Hyp,JPSS2,3.6641600000000003,43.43485999999999,3.690215,43.433311,2.11,2.25,2025-06-29T11:30:00Z,2025-06-29T11:06:00Z,24,30,4,1.0594,1.171,0.5423,1.0941,2.2074,-0.009815,-0.002146,0.001655,NA,FALSE,FALSE,0.001739,0.001498,26.0461,-0.335298,-0.263094,-0.188257,0.188257,0.263094,0.335298,-51.5637,-35.7991,-23.7725,23.7725,35.7991,51.5637
JPSS2_20250630T124800_vs_HYPERNETS_20250630T123000_RHOW_R.csv,THFR,Hyp,JPSS2,3.6641600000000003,43.43485999999999,3.6891510000000003,43.430068999999996,2.09,2.25,2025-06-30T10:30:00Z,2025-06-30T10:48:00Z,18,30,5,1.0291,0.8432,0.6379,1.0785,1.8236,-0.002847,0.002196,0.005179,NA,FALSE,FALSE,0.002926,0.002728,46.6912,0.383021,0.469411,0.535357,0.383021,0.469411,0.535357,38.3021,46.9411,53.5357,38.3021,46.9411,53.5357
JPSS2_20250630T124800_vs_HYPERNETS_20250630T124500_RHOW_R.csv,THFR,Hyp,JPSS2,3.6641600000000003,43.43485999999999,3.6891510000000003,43.430068999999996,2.09,2.25,2025-06-30T10:45:00Z,2025-06-30T10:48:00Z,3,30,5,1.0456,0.7283,0.6283,1.1053,1.9444,-0.001671,0.003149,0.005888,NA,FALSE,FALSE,0.003926,0.003753,81.3704,0.605685,0.982757,1.016117,0.605685,0.982757,1.016117,60.5685,98.2757,101.6117,60.5685,98.2757,101.6117
JPSS2_20250630T124800_vs_HYPERNETS_20250630T130000_RHOW_R.csv,THFR,Hyp,JPSS2,3.6641600000000003,43.43485999999999,3.6891510000000003,43.430068999999996,2.09,2.25,2025-06-30T11:00:00Z,2025-06-30T10:48:00Z,12,30,5,1.0525,0.8118,0.65,1.104,1.8752,-0.002478,0.002446,0.005346,NA,FALSE,FALSE,0.003292,0.003111,57.1447,0.461591,0.623885,0.658319,0.461591,0.623885,0.658319,46.1591,62.3885,65.8319,46.1591,62.3885,65.8319
JPSS2_20250630T124800_vs_HYPERNETS_20250630T131500_RHOW_R.csv,THFR,Hyp,JPSS2,3.6641600000000003,43.43485999999999,3.6891510000000003,43.430068999999996,2.09,2.25,2025-06-30T11:15:00Z,2025-06-30T10:48:00Z,27,30,5,1.0653,0.7929,0.6571,1.1178,1.9017,-0.002278,0.002576,0.005428,NA,FALSE,FALSE,0.00348,0.003305,63.2042,0.493914,0.720452,0.730083,0.493914,0.720452,0.730083,49.3914,72.0452,73.0083,49.3914,72.0452,73.0083
JPSS2_20250722T123600_vs_HYPERNETS_20250722T121500_RHOW_R.csv,THFR,Hyp,JPSS2,3.6641600000000003,43.43485999999999,3.685853,43.426701,1.97,2.25,2025-07-22T10:15:00Z,2025-07-22T10:36:00Z,21,30,4,0.9972,1.0388,0.4074,1.0737,2.8297,-0.013632,-0.002039,0.00236,NA,FALSE,FALSE,0.001922,0.001552,25.2773,-0.370081,-0.186888,-0.06958,0.06958,0.186888,0.370081,-62.4643,-24.1705,-7.4833,7.4833,24.1705,62.4643
JPSS2_20250722T123600_vs_HYPERNETS_20250722T123000_RHOW_R.csv,THFR,Hyp,JPSS2,3.6641600000000003,43.43485999999999,3.685853,43.426701,1.97,2.25,2025-07-22T10:30:00Z,2025-07-22T10:36:00Z,6,30,4,0.9855,1.0433,0.4094,1.0565,2.7268,-0.013074,-0.001972,0.002329,NA,FALSE,FALSE,0.001941,0.001597,25.8069,-0.371716,-0.193984,-0.080337,0.080337,0.193984,0.371716,-62.8024,-25.1867,-8.7425,8.7425,25.1867,62.8024
JPSS2_20250722T123600_vs_HYPERNETS_20250722T124500_RHOW_R.csv,THFR,Hyp,JPSS2,3.6641600000000003,43.43485999999999,3.685853,43.426701,1.97,2.25,2025-07-22T10:45:00Z,2025-07-22T10:36:00Z,9,30,4,0.9779,1.0633,0.4169,1.0418,2.6031,-0.012408,-0.001937,0.002254,NA,FALSE,FALSE,0.001965,0.001657,26.6881,-0.37358,-0.201899,-0.0952,0.0952,0.201899,0.37358,-63.1817,-26.3461,-10.525,10.525,26.3461,63.1817
JPSS2_20250722T123600_vs_HYPERNETS_20250722T130000_RHOW_R.csv,THFR,Hyp,JPSS2,3.6641600000000003,43.43485999999999,3.685853,43.426701,1.97,2.25,2025-07-22T11:00:00Z,2025-07-22T10:36:00Z,24,30,4,0.9871,1.0543,0.4387,1.0424,2.4767,-0.010973,-0.001694,0.002212,NA,FALSE,FALSE,0.001727,0.001419,23.8086,-0.346478,-0.180459,-0.072067,0.072067,0.180459,0.346478,-56.0384,-22.8946,-7.7878,7.7878,22.8946,56.0384
JPSS2_20250726T130001_vs_HYPERNETS_20250726T124500_RHOW_R.csv,THFR,Hyp,JPSS2,3.6641600000000003,43.43485999999999,3.684286,43.421428999999996,2.21,2.25,2025-07-26T10:45:00Z,2025-07-26T11:00:01Z,15,30,3,5.6681,2.2528,0.7497,5.9571,47.3329,-0.080383,-0.004906,0.004593,NA,FALSE,FALSE,0.005579,0.004155,172.1125,0.802275,1.638493,2.564715,0.836219,1.638493,2.564715,59.6538,163.8493,244.2282,65.2635,163.8493,244.2282
JPSS2_20250726T130001_vs_HYPERNETS_20250726T130000_RHOW_R.csv,THFR,Hyp,JPSS2,3.6641600000000003,43.43485999999999,3.684286,43.421428999999996,2.21,2.25,2025-07-26T11:00:00Z,2025-07-26T11:00:01Z,0,30,5,1.1787,1.5218,0.7126,1.2437,2.1705,-0.006653,-0.00132,0.001736,NA,FALSE,FALSE,0.001283,0.001071,26.3999,0.062483,0.095358,0.200311,0.095358,0.200311,0.202995,6.2483,9.5358,20.0311,9.5358,20.0311,20.2995
JPSS2_20250726T130001_vs_HYPERNETS_20250726T131500_RHOW_R.csv,THFR,Hyp,JPSS2,3.6641600000000003,43.43485999999999,3.684286,43.421428999999996,2.21,2.25,2025-07-26T11:15:00Z,2025-07-26T11:00:01Z,15,30,5,1.1797,1.5648,0.6571,1.2819,2.5007,-0.010959,-0.002774,0.001422,NA,FALSE,FALSE,0.001758,9.15e-4,18.8184,-0.052378,-0.025324,-0.006561,0.023844,0.025324,0.052378,-5.5273,-2.5982,-0.6605,2.3844,2.5982,5.5273
JPSS2_20250726T130001_vs_HYPERNETS_20250726T133000_RHOW_R.csv,THFR,Hyp,JPSS2,3.6641600000000003,43.43485999999999,3.684286,43.421428999999996,2.21,2.25,2025-07-26T11:30:00Z,2025-07-26T11:00:01Z,30,30,5,1.1476,1.4357,0.6278,1.2578,2.5201,-0.0109,-0.002517,0.001667,NA,FALSE,FALSE,0.001754,9.38e-4,19.9284,-0.032253,-0.03031,-0.003446,0.03031,0.032253,0.098136,-3.3328,-3.1257,-0.3457,3.1257,3.3328,9.8136
JPSS2_20250728T122401_vs_HYPERNETS_20250728T120000_RHOW_R.csv,THFR,Hyp,JPSS2,3.6641600000000003,43.43485999999999,3.682546,43.43396,1.49,2.25,2025-07-28T10:00:00Z,2025-07-28T10:24:01Z,24,30,5,0.5965,0.6525,0.3425,1.1869,4.1133,-0.012859,0.0028769999999999998,0.007417,NA,FALSE,FALSE,0.004764,0.003882,90.2613,0.348534,0.519998,1.351754,0.348534,0.519998,1.351754,34.8534,51.9998,135.1754,34.8534,51.9998,135.1754
JPSS2_20250728T122401_vs_HYPERNETS_20250728T121500_RHOW_R.csv,THFR,Hyp,JPSS2,3.6641600000000003,43.43485999999999,3.682546,43.43396,1.49,2.25,2025-07-28T10:15:00Z,2025-07-28T10:24:01Z,9,30,5,0.4245,0.4475,0.2968,1.0847,3.965,-0.011673,0.003532,0.007692,NA,FALSE,FALSE,0.00508,0.00398,108.1383,0.253957,0.489387,1.584528,0.253957,0.489387,1.584528,25.3957,48.9387,158.4528,25.3957,48.9387,158.4528
JPSS2_20250728T122401_vs_HYPERNETS_20250728T123000_RHOW_R.csv,THFR,Hyp,JPSS2,3.6641600000000003,43.43485999999999,3.682546,43.43396,1.49,2.25,2025-07-28T10:30:00Z,2025-07-28T10:24:01Z,6,30,5,0.4233,0.4048,0.308,1.1336,4.1725,-0.011314,0.003669,0.00774,NA,FALSE,FALSE,0.00535,0.004328,127.6,0.328573,0.581295,1.786418,0.328573,0.581295,1.786418,32.8573,58.1295,178.6418,32.8573,58.1295,178.6418
JPSS2_20250728T122401_vs_HYPERNETS_20250728T124500_RHOW_R.csv,THFR,Hyp,JPSS2,3.6641600000000003,43.43485999999999,3.682546,43.43396,1.49,2.25,2025-07-28T10:45:00Z,2025-07-28T10:24:01Z,21,30,5,0.625,0.7418,0.3431,1.1653,3.9573,-0.014434,0.002282,0.007204,NA,FALSE,FALSE,0.004232,0.003272,66.0173,0.170072,0.364088,1.10342,0.170072,0.364088,1.10342,17.0072,36.4088,110.342,17.0072,36.4088,110.342
JPSS2_20250807T123600_vs_HYPERNETS_20250807T121500_RHOW_R.csv,THFR,Hyp,JPSS2,3.6641600000000003,43.43485999999999,3.6857290000000003,43.425762000000006,2.02,2.25,2025-08-07T10:15:00Z,2025-08-07T10:36:00Z,21,30,5,1.417,0.8763,0.7243,1.6244,3.643,-0.012975,-0.001739,0.003272,NA,FALSE,FALSE,0.002508,0.002429,48.3344,0.378334,0.397192,0.421769,0.378334,0.397192,0.421769,37.8334,39.7192,42.1769,39.7192,42.1769,60.0732
JPSS2_20250807T123600_vs_HYPERNETS_20250807T123000_RHOW_R.csv,THFR,Hyp,JPSS2,3.6641600000000003,43.43485999999999,3.6857290000000003,43.425762000000006,2.02,2.25,2025-08-07T10:30:00Z,2025-08-07T10:36:00Z,6,30,5,1.4167,0.8452,0.7182,1.6365,3.7286,-0.013218,-0.001703,0.00335,NA,FALSE,FALSE,0.002574,0.002485,50.4577,0.39085,0.401883,0.443676,0.39085,0.401883,0.443676,39.085,40.1883,44.3676,40.1883,44.3676,59.5668
JPSS2_20250807T123600_vs_HYPERNETS_20250807T124500_RHOW_R.csv,THFR,Hyp,JPSS2,3.6641600000000003,43.43485999999999,3.6857290000000003,43.425762000000006,2.02,2.25,2025-08-07T10:45:00Z,2025-08-07T10:36:00Z,9,30,5,1.4475,0.8849,0.7477,1.645,3.6195,-0.01232,-0.001615,0.00325,NA,FALSE,FALSE,0.0026,0.002498,50.7753,0.409372,0.440215,0.449141,0.409372,0.440215,0.449141,40.9372,44.0215,44.9141,44.0215,44.9141,53.4901
JPSS2_20250807T123600_vs_HYPERNETS_20250807T130000_RHOW_R.csv,THFR,Hyp,JPSS2,3.6641600000000003,43.43485999999999,3.6857290000000003,43.425762000000006,2.02,2.25,2025-08-07T11:00:00Z,2025-08-07T10:36:00Z,24,30,5,1.3964,0.8751,0.7173,1.5941,3.5425,-0.012585,-0.001646,0.003276,NA,FALSE,FALSE,0.002452,0.002381,47.3194,0.36493,0.385689,0.402394,0.375496,0.385689,0.402394,36.493,38.5689,40.2394,38.5689,40.2394,60.1271
JPSS2_20250811T130000_vs_HYPERNETS_20250811T123000_RHOW_R.csv,THFR,Hyp,JPSS2,3.6641600000000003,43.43485999999999,3.684746,43.425594000000004,1.96,2.25,2025-08-11T10:30:00Z,2025-08-11T11:00:00Z,30,30,4,0.9078,0.9243,0.5446,0.9231,1.5648,-0.004186,-2.69e-4,0.002041,NA,FALSE,FALSE,8.82e-4,7.38e-4,11.2253,-0.160331,-0.102469,-0.054391,0.054391,0.102469,0.160331,-19.2935,-11.4812,-5.8056,5.8056,11.4812,19.2935
JPSS2_20250811T130000_vs_HYPERNETS_20250811T124500_RHOW_R.csv,THFR,Hyp,JPSS2,3.6641600000000003,43.43485999999999,3.684746,43.425594000000004,1.96,2.25,2025-08-11T10:45:00Z,2025-08-11T11:00:00Z,15,30,4,0.9177,0.9161,0.5323,0.9357,1.6447,-0.004562,-2.82e-4,0.002153,NA,FALSE,FALSE,8.35e-4,6.94e-4,11.0774,-0.153415,-0.090859,-0.038334,0.048218,0.090859,0.153415,-18.3463,-10.0671,-4.0479,5.0713,10.0671,18.3463
JPSS2_20250811T130000_vs_HYPERNETS_20250811T130000_RHOW_R.csv,THFR,Hyp,JPSS2,3.6641600000000003,43.43485999999999,3.684746,43.425594000000004,1.96,2.25,2025-08-11T11:00:00Z,2025-08-11T11:00:00Z,0,30,4,0.9363,0.9024,0.5722,0.9508,1.5799,-0.003804,-1.53e-4,0.002045,NA,FALSE,FALSE,6.17e-4,5.24e-4,9.8936,-0.11614,-0.061161,-0.006088,0.065145,0.082348,0.11614,-13.3078,-6.5613,-0.7224,6.5281,8.6636,13.3078
JPSS2_20250811T130000_vs_HYPERNETS_20250811T131500_RHOW_R.csv,THFR,Hyp,JPSS2,3.6641600000000003,43.43485999999999,3.684746,43.425594000000004,1.96,2.25,2025-08-11T11:15:00Z,2025-08-11T11:00:00Z,15,30,4,0.9793,0.9259,0.6204,0.992,1.5863,-0.003536,-2.01e-4,0.001884,NA,FALSE,FALSE,4.49e-4,3.38e-4,7.4959,-0.081306,-0.027459,0.019805,0.040754,0.067941,0.102146,-9.0002,-2.8619,1.9193,4.278,6.9413,10.9046
JPSS2_20250811T130000_vs_HYPERNETS_20250811T133000_RHOW_R.csv,THFR,Hyp,JPSS2,3.6641600000000003,43.43485999999999,3.684746,43.425594000000004,1.96,2.25,2025-08-11T11:30:00Z,2025-08-11T11:00:00Z,30,30,4,1.018,0.9103,0.6805,1.028,1.553,-0.002843,-6.8e-5,0.001769,NA,FALSE,FALSE,3.36e-4,2.91e-4,7.6743,-0.023382,0.023863,0.077498,0.036069,0.070353,0.111027,-2.4831,2.3578,7.6329,3.586,7.4748,11.7796
JPSS2_20250902T124800_vs_HYPERNETS_20250902T123000_RHOW_R.csv,THFR,Hyp,JPSS2,3.6641600000000003,43.43485999999999,3.6877380000000004,43.426678,2.11,2.25,2025-09-02T10:30:00Z,2025-09-02T10:48:00Z,18,30,4,0.9172,0.9816,0.6086,0.9267,1.4109,-0.00327,-3.56e-4,0.001558,NA,FALSE,FALSE,8.83e-4,7.98e-4,13.3541,-0.177604,-0.123313,-0.079249,0.079249,0.123313,0.177604,-21.6254,-14.2091,-8.607,8.607,14.2091,21.6254
JPSS2_20250902T124800_vs_HYPERNETS_20250902T130000_RHOW_R.csv,THFR,Hyp,JPSS2,3.6641600000000003,43.43485999999999,3.6877380000000004,43.426678,2.11,2.25,2025-09-02T11:00:00Z,2025-09-02T10:48:00Z,12,30,4,0.9217,0.9039,0.6552,0.9281,1.3145,-0.002091,5.8e-5,0.001576,NA,FALSE,FALSE,4.72e-4,4.26e-4,8.2197,-0.107875,-0.071723,-0.009168,0.064519,0.090197,0.107875,-12.0922,-7.8028,-1.0391,6.4758,9.6324,12.0922
JPSS2_20250905T115400_vs_HYPERNETS_20250905T113000_RHOW_R.csv,THFR,Hyp,JPSS2,3.6641600000000003,43.43485999999999,3.681016,43.426888,1.63,2.25,2025-09-05T09:30:00Z,2025-09-05T09:54:00Z,24,30,4,0.7461,1.5797,0.2632,0.8505,2.748,-0.014726,-0.002861,8.11e-4,NA,FALSE,FALSE,0.003982,0.003796,65.3816,-0.722321,-0.62706,-0.558555,0.558555,0.62706,0.722321,-382.0163,-168.3965,-130.7524,130.7524,168.3965,382.0163
JPSS2_20250906T131200_vs_HYPERNETS_20250906T124500_RHOW_R.csv,THFR,Hyp,JPSS2,3.6641600000000003,43.43485999999999,3.6793810000000002,43.430199,1.34,2.25,2025-09-06T10:45:00Z,2025-09-06T11:12:00Z,27,30,1,NA,NA,NA,NA,NA,NA,NA,NA,NA,NA,NA,NA,NA,NA,NA,NA,NA,NA,NA,NA,NA,NA,NA,NA,NA,NA
JPSS2_20250906T131200_vs_HYPERNETS_20250906T130000_RHOW_R.csv,THFR,Hyp,JPSS2,3.6641600000000003,43.43485999999999,3.6793810000000002,43.430199,1.34,2.25,2025-09-06T11:00:00Z,2025-09-06T11:12:00Z,12,30,1,NA,NA,NA,NA,NA,NA,NA,NA,NA,NA,NA,NA,NA,NA,NA,NA,NA,NA,NA,NA,NA,NA,NA,NA,NA,NA
JPSS2_20250906T131200_vs_HYPERNETS_20250906T131500_RHOW_R.csv,THFR,Hyp,JPSS2,3.6641600000000003,43.43485999999999,3.6793810000000002,43.430199,1.34,2.25,2025-09-06T11:15:00Z,2025-09-06T11:12:00Z,3,30,1,NA,NA,NA,NA,NA,NA,NA,NA,NA,NA,NA,NA,NA,NA,NA,NA,NA,NA,NA,NA,NA,NA,NA,NA,NA,NA
JPSS2_20250906T131200_vs_HYPERNETS_20250906T133000_RHOW_R.csv,THFR,Hyp,JPSS2,3.6641600000000003,43.43485999999999,3.6793810000000002,43.430199,1.34,2.25,2025-09-06T11:30:00Z,2025-09-06T11:12:00Z,18,30,1,NA,NA,NA,NA,NA,NA,NA,NA,NA,NA,NA,NA,NA,NA,NA,NA,NA,NA,NA,NA,NA,NA,NA,NA,NA,NA
JPSS2_20250918T124800_vs_HYPERNETS_20250918T123000_RHOW_R.csv,THFR,Hyp,JPSS2,3.6641600000000003,43.43485999999999,3.6878290000000002,43.424213,2.25,2.25,2025-09-18T10:30:00Z,2025-09-18T10:48:00Z,18,30,4,0.7751,1.0458,0.3081,0.8412,2.2965,-0.012166,-0.00181,0.001984,NA,FALSE,FALSE,0.003173,0.00294,43.0656,-0.503701,-0.392479,-0.319434,0.319434,0.392479,0.503701,-106.1321,-65.2973,-47.0765,47.0765,65.2973,106.1321
JPSS2_20250918T124800_vs_HYPERNETS_20250918T124500_RHOW_R.csv,THFR,Hyp,JPSS2,3.6641600000000003,43.43485999999999,3.6878290000000002,43.424213,2.25,2.25,2025-09-18T10:45:00Z,2025-09-18T10:48:00Z,3,30,4,0.8027,1.0284,0.3446,0.8539,2.1159,-0.00982,-0.001472,0.001897,NA,FALSE,FALSE,0.002652,0.002439,38.4656,-0.462061,-0.337565,-0.26016,0.26016,0.337565,0.462061,-89.3652,-51.7982,-35.1867,35.1867,51.7982,89.3652
JPSS2_20250918T124800_vs_HYPERNETS_20250918T130000_RHOW_R.csv,THFR,Hyp,JPSS2,3.6641600000000003,43.43485999999999,3.6878290000000002,43.424213,2.25,2.25,2025-09-18T11:00:00Z,2025-09-18T10:48:00Z,12,30,4,0.7972,1.0514,0.3432,0.8475,2.0929,-0.009952,-0.001544,0.0018600000000000001,NA,FALSE,FALSE,0.00278,0.002574,39.976,-0.472682,-0.358271,-0.285349,0.285349,0.358271,0.472682,-93.1845,-56.5275,-39.9898,39.9898,56.5275,93.1845
JPSS2_20250918T124800_vs_HYPERNETS_20250918T131500_RHOW_R.csv,THFR,Hyp,JPSS2,3.6641600000000003,43.43485999999999,3.6878290000000002,43.424213,2.25,2.25,2025-09-18T11:15:00Z,2025-09-18T10:48:00Z,27,30,4,0.7833,1.0785,0.3449,0.8287,1.9911,-0.009646,-0.001576,0.001783,NA,FALSE,FALSE,0.002961,0.002766,41.9117,-0.48408,-0.382098,-0.317135,0.317135,0.382098,0.48408,-97.4473,-62.3561,-46.5537,46.5537,62.3561,97.4473
JPSS2_20250919T123000_vs_HYPERNETS_20250919T120000_RHOW_R.csv,THFR,Hyp,JPSS2,3.6641600000000003,43.43485999999999,3.6751310000000004,43.452468999999994,2.15,2.25,2025-09-19T10:00:00Z,2025-09-19T10:30:00Z,30,30,2,1.2066,3.8411,NA,1.2066,NA,NA,-0.007581,NA,NA,NA,NA,0.00577,0.005763,67.4194,-0.739098,-0.674194,-0.609289,0.609289,0.674194,0.739098,-313.2027,-234.6385,-171.012,171.012,234.6385,313.2027
JPSS2_20250919T123000_vs_HYPERNETS_20250919T121500_RHOW_R.csv,THFR,Hyp,JPSS2,3.6641600000000003,43.43485999999999,3.6751310000000004,43.452468999999994,2.15,2.25,2025-09-19T10:15:00Z,2025-09-19T10:30:00Z,15,30,2,1.2573,4.0212,NA,1.2573,NA,NA,-0.008072,NA,NA,NA,NA,0.005808,0.005799,67.495,-0.740611,-0.67495,-0.60929,0.60929,0.67495,0.740611,-316.6534,-236.3134,-171.4648,171.4648,236.3134,316.6534
JPSS2_20250919T123000_vs_HYPERNETS_20250919T123000_RHOW_R.csv,THFR,Hyp,JPSS2,3.6641600000000003,43.43485999999999,3.6751310000000004,43.452468999999994,2.15,2.25,2025-09-19T10:30:00Z,2025-09-19T10:30:00Z,0,30,2,1.2942,4.0799,NA,1.2942,NA,NA,-0.008232,NA,NA,NA,NA,0.005682,0.005671,66.9988,-0.736933,-0.669988,-0.603044,0.603044,0.669988,0.736933,-311.1478,-231.5307,-167.3311,167.3311,231.5307,311.1478
JPSS2_20250919T123000_vs_HYPERNETS_20250919T124500_RHOW_R.csv,THFR,Hyp,JPSS2,3.6641600000000003,43.43485999999999,3.6751310000000004,43.452468999999994,2.15,2.25,2025-09-19T10:45:00Z,2025-09-19T10:30:00Z,15,30,2,1.3068,4.2004,NA,1.3068,NA,NA,-0.00856,NA,NA,NA,NA,0.00585,0.005838,67.5872,-0.742165,-0.675872,-0.609579,0.609579,0.675872,0.742165,-320.1366,-238.1005,-172.0828,172.0828,238.1005,320.1366
JPSS2_20250919T123000_vs_HYPERNETS_20250919T130000_RHOW_R.csv,THFR,Hyp,JPSS2,3.6641600000000003,43.43485999999999,3.6751310000000004,43.452468999999994,2.15,2.25,2025-09-19T11:00:00Z,2025-09-19T10:30:00Z,30,30,2,1.3174,4.0922,NA,1.3174,NA,NA,-0.008265,NA,NA,NA,NA,0.005556,0.005543,66.5038,-0.733045,-0.665038,-0.597031,0.597031,0.665038,0.733045,-305.2251,-226.6865,-163.3698,163.3698,226.6865,305.2251
JPSS2_20251001T120600_vs_HYPERNETS_20251001T114500_RHOW_R.csv,THFR,Hyp,JPSS2,3.6641600000000003,43.43485999999999,3.6873110000000007,43.429683999999995,1.96,2.25,2025-10-01T09:45:00Z,2025-10-01T10:06:00Z,21,30,2,1.977,13.1585,NA,1.977,NA,NA,-0.014656,NA,NA,NA,NA,0.006379,0.006294,76.2185,-0.870195,-0.762185,-0.654175,0.654175,0.762185,0.870195,-2047.8908,-905.485,-370.6943,370.6943,905.485,2047.8908
JPSS2_20251001T120600_vs_HYPERNETS_20251001T120000_RHOW_R.csv,THFR,Hyp,JPSS2,3.6641600000000003,43.43485999999999,3.6873110000000007,43.429683999999995,1.96,2.25,2025-10-01T10:00:00Z,2025-10-01T10:06:00Z,6,30,2,2.0601,13.7409,NA,2.0601,NA,NA,-0.015397,NA,NA,NA,NA,0.006401,0.006309,76.16,-0.869986,-0.7616,-0.653215,0.653215,0.7616,0.869986,-2058.6552,-907.8537,-370.5565,370.5565,907.8537,2058.6552
JPSS2_20251001T120600_vs_HYPERNETS_20251001T121500_RHOW_R.csv,THFR,Hyp,JPSS2,3.6641600000000003,43.43485999999999,3.6873110000000007,43.429683999999995,1.96,2.25,2025-10-01T10:15:00Z,2025-10-01T10:06:00Z,9,30,2,2.0489,14.1766,NA,2.0489,NA,NA,-0.015952,NA,NA,NA,NA,0.006713,0.006626,76.9448,-0.874339,-0.769448,-0.664557,0.664557,0.769448,0.874339,-2143.718,-945.646,-387.3052,387.3052,945.646,2143.718
JPSS2_20251001T120600_vs_HYPERNETS_20251001T123000_RHOW_R.csv,THFR,Hyp,JPSS2,3.6641600000000003,43.43485999999999,3.6873110000000007,43.429683999999995,1.96,2.25,2025-10-01T10:30:00Z,2025-10-01T10:06:00Z,24,30,2,1.9012,12.9017,NA,1.9012,NA,NA,-0.014329,NA,NA,NA,NA,0.006539,0.006463,76.7246,-0.872907,-0.767246,-0.661585,0.661585,0.767246,0.872907,-2086.9237,-925.0299,-380.4403,380.4403,925.0299,2086.9237
JPSS2_20251005T123000_vs_HYPERNETS_20251005T120000_RHOW_R.csv,THFR,Hyp,JPSS2,3.6641600000000003,43.43485999999999,3.6828469999999998,43.423595000000006,1.96,2.25,2025-10-05T10:00:00Z,2025-10-05T10:30:00Z,30,30,4,0.7466,0.9671,0.2755,0.8324,2.5151,-0.013196,-0.001776,0.002004,NA,FALSE,FALSE,0.003229,0.002913,43.8126,-0.531996,-0.365514,-0.271644,0.271644,0.365514,0.531996,-127.601,-59.0618,-37.3217,37.3217,59.0618,127.601
JPSS2_20251005T123000_vs_HYPERNETS_20251005T121500_RHOW_R.csv,THFR,Hyp,JPSS2,3.6641600000000003,43.43485999999999,3.6828469999999998,43.423595000000006,1.96,2.25,2025-10-05T10:15:00Z,2025-10-05T10:30:00Z,15,30,4,0.7497,0.9927,0.281,0.8303,2.4533,-0.012818,-0.001776,0.001961,NA,FALSE,FALSE,0.003232,0.00293,44.2612,-0.532654,-0.36799,-0.277948,0.277948,0.36799,0.532654,-127.512,-59.6697,-38.5049,38.5049,59.6697,127.512
JPSS2_20251005T123000_vs_HYPERNETS_20251005T123000_RHOW_R.csv,THFR,Hyp,JPSS2,3.6641600000000003,43.43485999999999,3.6828469999999998,43.423595000000006,1.96,2.25,2025-10-05T10:30:00Z,2025-10-05T10:30:00Z,0,30,4,0.7609,1.0061,0.2858,0.8422,2.4818,-0.01287,-0.001808,0.001946,NA,FALSE,FALSE,0.003168,0.002873,43.9639,-0.529143,-0.361998,-0.272494,0.272494,0.361998,0.529143,-125.7202,-58.2145,-37.4585,37.4585,58.2145,125.7202
JPSS2_20251005T123000_vs_HYPERNETS_20251005T124500_RHOW_R.csv,THFR,Hyp,JPSS2,3.6641600000000003,43.43485999999999,3.6828469999999998,43.423595000000006,1.96,2.25,2025-10-05T10:45:00Z,2025-10-05T10:30:00Z,15,30,4,0.7431,1.0288,0.281,0.8203,2.3947,-0.012858,-0.001858,0.00191,NA,FALSE,FALSE,0.0034,0.003113,46.1637,-0.542996,-0.384597,-0.303239,0.303239,0.384597,0.542996,-132.751,-63.8901,-43.5218,43.5218,63.8901,132.751
JPSS2_20251005T123000_vs_HYPERNETS_20251005T130000_RHOW_R.csv,THFR,Hyp,JPSS2,3.6641600000000003,43.43485999999999,3.6828469999999998,43.423595000000006,1.96,2.25,2025-10-05T11:00:00Z,2025-10-05T10:30:00Z,30,30,4,0.7529,1.0528,0.2999,0.8165,2.2229,-0.011265,-0.001687,0.001831,NA,FALSE,FALSE,0.003202,0.002937,44.9538,-0.528789,-0.373107,-0.293856,0.293856,0.373107,0.528789,-124.497,-60.7643,-41.6149,41.6149,60.7643,124.497
JPSS2_20251006T121200_vs_HYPERNETS_20251006T114500_RHOW_R.csv,THFR,Hyp,JPSS2,3.6641600000000003,43.43485999999999,3.6841700000000004,43.425610000000006,1.92,2.25,2025-10-06T09:45:00Z,2025-10-06T10:12:00Z,27,30,1,NA,NA,NA,NA,NA,NA,NA,NA,NA,NA,NA,NA,NA,NA,NA,NA,NA,NA,NA,NA,NA,NA,NA,NA,NA,NA
JPSS2_20251006T121200_vs_HYPERNETS_20251006T120000_RHOW_R.csv,THFR,Hyp,JPSS2,3.6641600000000003,43.43485999999999,3.6841700000000004,43.425610000000006,1.92,2.25,2025-10-06T10:00:00Z,2025-10-06T10:12:00Z,12,30,1,NA,NA,NA,NA,NA,NA,NA,NA,NA,NA,NA,NA,NA,NA,NA,NA,NA,NA,NA,NA,NA,NA,NA,NA,NA,NA
JPSS2_20251006T121200_vs_HYPERNETS_20251006T121500_RHOW_R.csv,THFR,Hyp,JPSS2,3.6641600000000003,43.43485999999999,3.6841700000000004,43.425610000000006,1.92,2.25,2025-10-06T10:15:00Z,2025-10-06T10:12:00Z,3,30,1,NA,NA,NA,NA,NA,NA,NA,NA,NA,NA,NA,NA,NA,NA,NA,NA,NA,NA,NA,NA,NA,NA,NA,NA,NA,NA
JPSS2_20251006T121200_vs_HYPERNETS_20251006T123000_RHOW_R.csv,THFR,Hyp,JPSS2,3.6641600000000003,43.43485999999999,3.6841700000000004,43.425610000000006,1.92,2.25,2025-10-06T10:30:00Z,2025-10-06T10:12:00Z,18,30,1,NA,NA,NA,NA,NA,NA,NA,NA,NA,NA,NA,NA,NA,NA,NA,NA,NA,NA,NA,NA,NA,NA,NA,NA,NA,NA
JPSS2_20251008T131201_vs_HYPERNETS_20251008T124500_RHOW_R.csv,THFR,Hyp,JPSS2,3.6641600000000003,43.43485999999999,3.688632,43.42853500000001,2.1,2.25,2025-10-08T10:45:00Z,2025-10-08T11:12:01Z,27,30,3,0.5433,0.6871,0.0427,0.782,14.3352,-0.135107,-0.00255,0.004681,NA,FALSE,FALSE,0.005759,0.004683,44.9335,-0.535401,-0.301026,-0.289114,0.289114,0.301026,0.535401,-149.2842,-43.0669,-40.6893,40.6893,43.0669,149.2842
JPSS2_20251008T131201_vs_HYPERNETS_20251008T130000_RHOW_R.csv,THFR,Hyp,JPSS2,3.6641600000000003,43.43485999999999,3.688632,43.42853500000001,2.1,2.25,2025-10-08T11:00:00Z,2025-10-08T11:12:01Z,12,30,3,0.5411,0.7216,0.0425,0.7623,13.6876,-0.134599,-0.002682,0.004664,NA,FALSE,FALSE,0.00611,0.005108,48.0446,-0.566335,-0.356397,-0.332532,0.332532,0.356397,0.566335,-163.531,-55.3754,-49.9158,49.9158,55.3754,163.531
JPSS2_20251008T131201_vs_HYPERNETS_20251008T131500_RHOW_R.csv,THFR,Hyp,JPSS2,3.6641600000000003,43.43485999999999,3.688632,43.42853500000001,2.1,2.25,2025-10-08T11:15:00Z,2025-10-08T11:12:01Z,3,30,3,0.5851,0.6963,0.0459,0.8087,14.2339,-0.127423,-0.002432,0.00467,NA,FALSE,FALSE,0.005237,0.004212,42.1609,-0.505022,-0.256594,-0.255689,0.255689,0.256594,0.505022,-133.5791,-34.516,-34.3526,34.3526,34.516,133.5791
JPSS2_20251008T131201_vs_HYPERNETS_20251008T133000_RHOW_R.csv,THFR,Hyp,JPSS2,3.6641600000000003,43.43485999999999,3.688632,43.42853500000001,2.1,2.25,2025-10-08T11:30:00Z,2025-10-08T11:12:01Z,18,30,3,0.6156,0.6975,0.0484,0.8424,14.6611,-0.125244,-0.002391,0.004667,NA,FALSE,FALSE,0.004818,0.003793,39.3871,-0.482086,-0.223678,-0.22056,0.22056,0.223678,0.482086,-122.7952,-28.8126,-28.2983,28.2983,28.8126,122.7952
JPSS2_20251010T123601_vs_HYPERNETS_20251010T121500_RHOW_R.csv,THFR,Hyp,JPSS2,3.6641600000000003,43.43485999999999,3.6831360000000006,43.42086,2.19,2.25,2025-10-10T10:15:00Z,2025-10-10T10:36:01Z,21,30,2,1.6642,5.6063,NA,1.6642,NA,NA,-0.014762,NA,NA,NA,NA,0.007486,0.007455,68.9272,-0.752092,-0.689272,-0.626452,0.626452,0.689272,0.752092,-336.0178,-251.8724,-183.9659,183.9659,251.8724,336.0178
JPSS2_20251010T123601_vs_HYPERNETS_20251010T123000_RHOW_R.csv,THFR,Hyp,JPSS2,3.6641600000000003,43.43485999999999,3.6831360000000006,43.42086,2.19,2.25,2025-10-10T10:30:00Z,2025-10-10T10:36:01Z,6,30,2,1.6232,5.3103,NA,1.6232,NA,NA,-0.013801,NA,NA,NA,NA,0.007171,0.007141,68.065,-0.744519,-0.68065,-0.616781,0.616781,0.68065,0.744519,-322.2636,-241.6578,-176.4389,176.4389,241.6578,322.2636
JPSS2_20251010T123601_vs_HYPERNETS_20251010T124500_RHOW_R.csv,THFR,Hyp,JPSS2,3.6641600000000003,43.43485999999999,3.6831360000000006,43.42086,2.19,2.25,2025-10-10T10:45:00Z,2025-10-10T10:36:01Z,9,30,2,1.6031,5.2001,NA,1.6031,NA,NA,-0.013444,NA,NA,NA,NA,0.007081,0.007052,67.8174,-0.742256,-0.678174,-0.614092,0.614092,0.678174,0.742256,-318.2309,-238.7476,-174.3699,174.3699,238.7476,318.2309
JPSS2_20251010T123601_vs_HYPERNETS_20251010T130000_RHOW_R.csv,THFR,Hyp,JPSS2,3.6641600000000003,43.43485999999999,3.6831360000000006,43.42086,2.19,2.25,2025-10-10T11:00:00Z,2025-10-10T10:36:01Z,24,30,2,1.5641,4.8399,NA,1.5641,NA,NA,-0.012275,NA,NA,NA,NA,0.0065970000000000004,0.006569,66.3537,-0.729473,-0.663537,-0.597601,0.597601,0.663537,0.729473,-297.3707,-223.0563,-162.6398,162.6398,223.0563,297.3707
JPSS2_20251014T130001_vs_HYPERNETS_20251014T124500_RHOW_R.csv,THFR,Hyp,JPSS2,3.6641600000000003,43.43485999999999,3.687558,43.42572800000001,2.15,2.25,2025-10-14T10:45:00Z,2025-10-14T11:00:01Z,15,30,2,1.9716,5.8772,NA,1.9716,NA,NA,-0.014858,NA,NA,NA,NA,0.005788,0.005646,62.5997,-0.736479,-0.625997,-0.515516,0.515516,0.625997,0.736479,-365.3434,-231.39940000000001,-136.0097,136.0097,231.39940000000001,365.3434
JPSS2_20251014T130001_vs_HYPERNETS_20251014T130000_RHOW_R.csv,THFR,Hyp,JPSS2,3.6641600000000003,43.43485999999999,3.687558,43.42572800000001,2.15,2.25,2025-10-14T11:00:00Z,2025-10-14T11:00:01Z,0,30,2,1.9683,5.8343,NA,1.9683,NA,NA,-0.014723,NA,NA,NA,NA,0.005736,0.005593,62.4088,-0.735008,-0.624088,-0.513168,0.513168,0.624088,0.735008,-362.4636,-229.5171,-134.7894,134.7894,229.5171,362.4636
JPSS2_20251014T130001_vs_HYPERNETS_20251014T131500_RHOW_R.csv,THFR,Hyp,JPSS2,3.6641600000000003,43.43485999999999,3.687558,43.42572800000001,2.15,2.25,2025-10-14T11:15:00Z,2025-10-14T11:00:01Z,15,30,2,1.9455,5.8098,NA,1.9455,NA,NA,-0.014647,NA,NA,NA,NA,0.005802,0.005664,62.701,-0.736996,-0.62701,-0.517023,0.517023,0.62701,0.736996,-365.7862,-231.9825,-136.6158,136.6158,231.9825,365.7862
JPSS2_20251014T130001_vs_HYPERNETS_20251014T133000_RHOW_R.csv,THFR,Hyp,JPSS2,3.6641600000000003,43.43485999999999,3.687558,43.42572800000001,2.15,2.25,2025-10-14T11:30:00Z,2025-10-14T11:00:01Z,30,30,2,1.9346,5.5889,NA,1.9346,NA,NA,-0.013953,NA,NA,NA,NA,0.005503,0.005359,61.5581,-0.728237,-0.615581,-0.502925,0.502925,0.615581,0.728237,-349.2104,-221.0606,-129.4691,129.4691,221.0606,349.2104
JPSS2_20251016T122401_vs_HYPERNETS_20251016T120000_RHOW_R.csv,THFR,Hyp,JPSS2,3.6641600000000003,43.43485999999999,3.6844479999999997,43.421341,2.23,2.25,2025-10-16T10:00:00Z,2025-10-16T10:24:01Z,24,30,2,1.4579,5.9536,NA,1.4579,NA,NA,-0.010757,NA,NA,NA,NA,0.006544,0.006518,72.6426,-0.807748,-0.726426,-0.645104,0.645104,0.726426,0.807748,-540.1571,-354.5933,-222.8193,222.8193,354.5933,540.1571
JPSS2_20251016T122401_vs_HYPERNETS_20251016T123000_RHOW_R.csv,THFR,Hyp,JPSS2,3.6641600000000003,43.43485999999999,3.6844479999999997,43.421341,2.23,2.25,2025-10-16T10:30:00Z,2025-10-16T10:24:01Z,6,30,2,1.4737,6.0356,NA,1.4737,NA,NA,-0.010941,NA,NA,NA,NA,0.00657,0.006543,72.6932,-0.808269,-0.726932,-0.645595,0.645595,0.726932,0.808269,-542.662,-355.9443,-223.4752,223.4752,355.9443,542.662
JPSS2_20251016T122401_vs_HYPERNETS_20251016T124500_RHOW_R.csv,THFR,Hyp,JPSS2,3.6641600000000003,43.43485999999999,3.6844479999999997,43.421341,2.23,2.25,2025-10-16T10:45:00Z,2025-10-16T10:24:01Z,21,30,2,1.4589,5.9287,NA,1.4589,NA,NA,-0.010702,NA,NA,NA,NA,0.0065,0.006474,72.5181,-0.806821,-0.725181,-0.64354,0.64354,0.725181,0.806821,-536.8522,-352.3778,-221.3393,221.3393,352.3778,536.8522
JPSS2_20251026T123601_vs_HYPERNETS_20251026T121500_RHOW_R.csv,THFR,Hyp,JPSS2,3.6641600000000003,43.43485999999999,3.685372,43.43184699999999,1.75,2.25,2025-10-26T11:15:00Z,2025-10-26T11:36:01Z,21,30,4,0.6844,2.0197,0.302,0.7237,1.7345,-0.011363,-0.002971,5.31e-4,NA,FALSE,FALSE,0.005492,0.005265,71.1343,-0.844271,-0.701509,-0.568581,0.568581,0.701509,0.844271,-751.9647,-255.0306,-133.7887,133.7887,255.0306,751.9647
JPSS2_20251026T123601_vs_HYPERNETS_20251026T123000_RHOW_R.csv,THFR,Hyp,JPSS2,3.6641600000000003,43.43485999999999,3.685372,43.43184699999999,1.75,2.25,2025-10-26T11:30:00Z,2025-10-26T11:36:01Z,6,30,4,0.6982,2.1264,0.3162,0.7347,1.707,-0.011123,-0.003057,4.15e-4,NA,FALSE,FALSE,0.005463,0.005258,71.2259,-0.850372,-0.704275,-0.566161,0.566161,0.704275,0.850372,-777.2793,-261.3429,-132.4355,132.4355,261.3429,777.2793
JPSS2_20251026T123601_vs_HYPERNETS_20251026T124500_RHOW_R.csv,THFR,Hyp,JPSS2,3.6641600000000003,43.43485999999999,3.685372,43.43184699999999,1.75,2.25,2025-10-26T11:45:00Z,2025-10-26T11:36:01Z,9,30,4,0.6883,2.0586,0.2998,0.7299,1.777,-0.011926,-0.003108,5.13e-4,NA,FALSE,FALSE,0.005604,0.005383,71.4918,-0.850095,-0.70699,-0.571812,0.571812,0.70699,0.850095,-783.7185,-263.4884,-135.6066,135.6066,263.4884,783.7185
JPSS2_20251026T123601_vs_HYPERNETS_20251026T130000_RHOW_R.csv,THFR,Hyp,JPSS2,3.6641600000000003,43.43485999999999,3.685372,43.43184699999999,1.75,2.25,2025-10-26T12:00:00Z,2025-10-26T11:36:01Z,24,30,4,0.6677,2.1203,0.2672,0.7232,1.9569,-0.015115,-0.00367,5.59e-4,NA,FALSE,FALSE,0.006471,0.006238,73.7882,-0.871822,-0.737225,-0.603286,0.603286,0.737225,0.871822,-936.5229,-310.3947,-154.8333,154.8333,310.3947,936.5229
JPSS2_20251103T114801_vs_HYPERNETS_20251103T113000_RHOW_R.csv,THFR,Hyp,JPSS2,3.6641600000000003,43.43485999999999,3.6880960000000003,43.42581200000001,2.18,2.25,2025-11-03T10:30:00Z,2025-11-03T10:48:01Z,18,30,4,0.6389,1.4073,0.2726,0.6805,1.6986,-0.006358,-0.001345,6.63e-4,NA,FALSE,FALSE,0.003106,0.002918,65.2876,-0.74837,-0.642821,-0.547327,0.547327,0.642821,0.74837,-324.8418,-184.1589,-122.6701,122.6701,184.1589,324.8418
JPSS2_20251103T114801_vs_HYPERNETS_20251103T114500_RHOW_R.csv,THFR,Hyp,JPSS2,3.6641600000000003,43.43485999999999,3.6880960000000003,43.42581200000001,2.18,2.25,2025-11-03T10:45:00Z,2025-11-03T10:48:01Z,3,30,4,0.6382,1.3831,0.268,0.6823,1.7369,-0.006517,-0.001342,6.91e-4,NA,FALSE,FALSE,0.003093,0.002901,65.0455,-0.743609,-0.639332,-0.546178,0.546178,0.639332,0.743609,-318.464,-180.9232,-122.1691,122.1691,180.9232,318.464
JPSS2_20251103T114801_vs_HYPERNETS_20251103T120000_RHOW_R.csv,THFR,Hyp,JPSS2,3.6641600000000003,43.43485999999999,3.6880960000000003,43.42581200000001,2.18,2.25,2025-11-03T11:00:00Z,2025-11-03T10:48:01Z,12,30,4,0.6486,1.3757,0.2785,0.6898,1.7085,-0.006154,-0.001289,6.76e-4,NA,FALSE,FALSE,0.002956,0.00277,64.0943,-0.733215,-0.628148,-0.535875,0.535875,0.628148,0.733215,-301.7467,-172.1662,-117.155,117.155,172.1662,301.7467
JPSS2_20251103T114801_vs_HYPERNETS_20251103T121500_RHOW_R.csv,THFR,Hyp,JPSS2,3.6641600000000003,43.43485999999999,3.6880960000000003,43.42581200000001,2.18,2.25,2025-11-03T11:15:00Z,2025-11-03T10:48:01Z,27,30,4,0.6604,1.3693,0.2934,0.6974,1.6574,-0.005655,-0.001218,6.5e-4,NA,FALSE,FALSE,0.002794,0.002617,62.9258,-0.720371,-0.614193,-0.52308,0.52308,0.614193,0.720371,-282.4954,-162.0351,-111.1962,111.1962,162.0351,282.4954
JPSS2_20251107T121200_vs_HYPERNETS_20251107T114500_RHOW_R.csv,THFR,Hyp,JPSS2,3.6641600000000003,43.43485999999999,3.6899210000000005,43.431107,2.12,2.25,2025-11-07T10:45:00Z,2025-11-07T11:12:00Z,27,30,2,1.1577,6.7358,NA,1.1577,NA,NA,-0.009741,NA,NA,NA,NA,0.008154,0.008153,81.659,-0.8591,-0.81659,-0.774079,0.774079,0.81659,0.8591,-690.8255,-515.3317,-378.7821,378.7821,515.3317,690.8255
JPSS2_20251107T121200_vs_HYPERNETS_20251107T120000_RHOW_R.csv,THFR,Hyp,JPSS2,3.6641600000000003,43.43485999999999,3.6899210000000005,43.431107,2.12,2.25,2025-11-07T11:00:00Z,2025-11-07T11:12:00Z,12,30,2,1.1652,6.7846,NA,1.1652,NA,NA,-0.009825,NA,NA,NA,NA,0.008161,0.008159,81.667,-0.859207,-0.81667,-0.774132,0.774132,0.81667,0.859207,-691.6502,-515.7797,-378.9801,378.9801,515.7797,691.6502
JPSS2_20251107T121200_vs_HYPERNETS_20251107T121500_RHOW_R.csv,THFR,Hyp,JPSS2,3.6641600000000003,43.43485999999999,3.6899210000000005,43.431107,2.12,2.25,2025-11-07T11:15:00Z,2025-11-07T11:12:00Z,3,30,2,1.1599,6.6849,NA,1.1599,NA,NA,-0.009653,NA,NA,NA,NA,0.008059,0.008058,81.4891,-0.857746,-0.814891,-0.772035,0.772035,0.814891,0.857746,-683.0641,-509.4956,-374.3991,374.3991,509.4956,683.0641
JPSS2_20251107T121200_vs_HYPERNETS_20251107T123000_RHOW_R.csv,THFR,Hyp,JPSS2,3.6641600000000003,43.43485999999999,3.6899210000000005,43.431107,2.12,2.25,2025-11-07T11:30:00Z,2025-11-07T11:12:00Z,18,30,2,1.1336,6.6851,NA,1.1336,NA,NA,-0.009654,NA,NA,NA,NA,0.00829,0.008289,81.9092,-0.860976,-0.819092,-0.777209,0.777209,0.819092,0.860976,-701.2534,-523.6523,-385.4172,385.4172,523.6523,701.2534
JPSS2_20251111T123600_vs_HYPERNETS_20251111T121500_RHOW_R.csv,THFR,Hyp,JPSS2,3.6641600000000003,43.43485999999999,3.683695,43.424557,1.95,2.25,2025-11-11T11:15:00Z,2025-11-11T11:36:00Z,21,30,4,0.6305,0.8022,0.3674,0.6426,1.124,-0.003142,1.96e-4,0.002105,NA,FALSE,FALSE,0.002613,0.002282,29.6344,-0.374318,-0.336649,-0.258676,0.258676,0.336649,0.374318,-60.0121,-50.8222,-36.0086,36.0086,50.8222,60.0121
JPSS2_20251111T123600_vs_HYPERNETS_20251111T123000_RHOW_R.csv,THFR,Hyp,JPSS2,3.6641600000000003,43.43485999999999,3.683695,43.424557,1.95,2.25,2025-11-11T11:30:00Z,2025-11-11T11:36:00Z,6,30,4,0.6557,0.8196,0.3801,0.6686,1.1762,-0.003312,1.25e-4,0.002079,NA,FALSE,FALSE,0.002413,0.002119,28.4306,-0.358975,-0.317545,-0.242876,0.242876,0.317545,0.358975,-56.2111,-46.6101,-32.9464,32.9464,46.6101,56.2111
JPSS2_20251111T123600_vs_HYPERNETS_20251111T124500_RHOW_R.csv,THFR,Hyp,JPSS2,3.6641600000000003,43.43485999999999,3.683695,43.424557,1.95,2.25,2025-11-11T11:45:00Z,2025-11-11T11:36:00Z,9,30,4,0.6608,0.8215,0.4025,0.6712,1.1193,-0.002792,1.88e-4,0.001976,NA,FALSE,FALSE,0.002292,0.001999,27.0832,-0.344656,-0.309002,-0.235178,0.235178,0.309002,0.344656,-52.7197,-44.7814,-31.6343,31.6343,44.7814,52.7197
JPSS2_20251111T123600_vs_HYPERNETS_20251111T130000_RHOW_R.csv,THFR,Hyp,JPSS2,3.6641600000000003,43.43485999999999,3.683695,43.424557,1.95,2.25,2025-11-11T12:00:00Z,2025-11-11T11:36:00Z,24,30,4,0.6697,0.817,0.4069,0.6804,1.1378,-0.002789,2.03e-4,0.001992,NA,FALSE,FALSE,0.002176,0.001887,25.715,-0.334648,-0.298257,-0.220759,0.220759,0.298257,0.334648,-50.4096,-42.5706,-29.2412,29.2412,42.5706,50.4096
JPSS2_20251115T130000_vs_HYPERNETS_20251115T124500_RHOW_R.csv,THFR,Hyp,JPSS2,3.6641600000000003,43.43485999999999,3.680605,43.425022000000006,1.72,2.25,2025-11-15T11:45:00Z,2025-11-15T12:00:00Z,15,30,4,0.5823,0.6275,0.1828,0.764,3.1924,-0.016946,-0.00122,0.002543,NA,FALSE,FALSE,0.003542,0.003252,57.5197,-0.620022,-0.402053,-0.080688,0.457108,0.532621,0.65071,-251.5416,-70.1487,-16.0515,51.6626,78.4265,251.5416
JPSS2_20251115T130000_vs_HYPERNETS_20251115T130000_RHOW_R.csv,THFR,Hyp,JPSS2,3.6641600000000003,43.43485999999999,3.680605,43.425022000000006,1.72,2.25,2025-11-15T12:00:00Z,2025-11-15T12:00:00Z,0,30,4,0.5925,0.6583,0.1864,0.7709,3.1876,-0.01677,-0.00123,0.002529,NA,FALSE,FALSE,0.003478,0.00319,56.6223,-0.61619,-0.397866,-0.084658,0.452614,0.516922,0.630531,-247.5548,-68.8919,-16.1146,49.5221,76.0279,247.5548
JPSS2_20251115T130000_vs_HYPERNETS_20251115T131500_RHOW_R.csv,THFR,Hyp,JPSS2,3.6641600000000003,43.43485999999999,3.680605,43.425022000000006,1.72,2.25,2025-11-15T12:15:00Z,2025-11-15T12:00:00Z,15,30,4,0.5705,0.822,0.1832,0.7089,2.743,-0.015234,-0.001173,0.002461,NA,FALSE,FALSE,0.003892,0.003509,53.2169,-0.639535,-0.444296,-0.188294,0.33693,0.444296,0.639535,-265.1829,-82.5913,-29.459,47.4509,82.5913,265.1829
JPSS2_20251115T130000_vs_HYPERNETS_20251115T133000_RHOW_R.csv,THFR,Hyp,JPSS2,3.6641600000000003,43.43485999999999,3.680605,43.425022000000006,1.72,2.25,2025-11-15T12:30:00Z,2025-11-15T12:00:00Z,30,30,4,0.5994,0.7259,0.189,0.7744,3.1728,-0.017023,-0.001337,0.002491,NA,FALSE,FALSE,0.003544,0.003217,53.815,-0.62124,-0.404312,-0.120949,0.374104,0.457194,0.62124,-252.1859,-70.7849,-19.449,41.3615,70.7849,252.1859
JPSS2_20251116T124200_vs_HYPERNETS_20251116T121500_RHOW_R.csv,THFR,Hyp,JPSS2,3.6641600000000003,43.43485999999999,3.682674,43.425617,1.82,2.25,2025-11-16T11:15:00Z,2025-11-16T11:42:00Z,27,30,2,1.5695,5.7226,NA,1.5695,NA,NA,-0.012357,NA,NA,NA,NA,0.006822,0.006799,70.9756,-0.774309,-0.709756,-0.645203,0.645203,0.709756,0.774309,-388.6056,-284.6923,-202.8786,202.8786,284.6923,388.6056
JPSS2_20251116T124200_vs_HYPERNETS_20251116T123000_RHOW_R.csv,THFR,Hyp,JPSS2,3.6641600000000003,43.43485999999999,3.682674,43.425617,1.82,2.25,2025-11-16T11:30:00Z,2025-11-16T11:42:00Z,12,30,2,1.5205,5.4479,NA,1.5205,NA,NA,-0.011627,NA,NA,NA,NA,0.006655,0.006633,70.5265,-0.770212,-0.705265,-0.640318,0.640318,0.705265,0.770212,-378.8492,-277.9744,-198.35,198.35,277.9744,378.8492
JPSS2_20251116T124200_vs_HYPERNETS_20251116T124500_RHOW_R.csv,THFR,Hyp,JPSS2,3.6641600000000003,43.43485999999999,3.682674,43.425617,1.82,2.25,2025-11-16T11:45:00Z,2025-11-16T11:42:00Z,3,30,2,1.5621,5.6433,NA,1.5621,NA,NA,-0.012146,NA,NA,NA,NA,0.006733,0.00671,70.7245,-0.77219,-0.707245,-0.642301,0.642301,0.707245,0.77219,-383.7643,-281.1517,-200.3045,200.3045,281.1517,383.7643
JPSS2_20251116T124200_vs_HYPERNETS_20251116T130000_RHOW_R.csv,THFR,Hyp,JPSS2,3.6641600000000003,43.43485999999999,3.682674,43.425617,1.82,2.25,2025-11-16T12:00:00Z,2025-11-16T11:42:00Z,18,30,2,1.4618,5.144,NA,1.4618,NA,NA,-0.010819,NA,NA,NA,NA,0.006485,0.006467,70.0667,-0.765867,-0.700667,-0.635466,0.635466,0.700667,0.765867,-368.7221,-271.1451,-193.8814,193.8814,271.1451,368.7221
JPSS2_20251122T123000_vs_HYPERNETS_20251122T120000_RHOW_R.csv,THFR,Hyp,JPSS2,3.6641600000000003,43.43485999999999,3.684292,43.425999000000004,1.9,2.25,2025-11-22T11:00:00Z,2025-11-22T11:30:00Z,30,30,4,0.5826,0.7353,0.1995,0.6769,2.2965,-0.010199,-9.16e-4,0.00182,NA,FALSE,FALSE,0.003157,0.002768,44.504,-0.588458,-0.442807,-0.299388,0.299388,0.442807,0.588458,-160.2299,-80.9958,-44.7251,44.7251,80.9958,160.2299
JPSS2_20251122T123000_vs_HYPERNETS_20251122T121500_RHOW_R.csv,THFR,Hyp,JPSS2,3.6641600000000003,43.43485999999999,3.684292,43.425999000000004,1.9,2.25,2025-11-22T11:15:00Z,2025-11-22T11:30:00Z,15,30,4,0.6247,0.6996,0.2239,0.7061,2.2271,-0.008314,-6.11e-4,0.00183,NA,FALSE,FALSE,0.002492,0.002207,42.3675,-0.536064,-0.388143,-0.200058,0.275754,0.388143,0.536064,-128.2028,-64.5464,-28.522,37.9079,64.5464,128.2028
JPSS2_20251122T123000_vs_HYPERNETS_20251122T123000_RHOW_R.csv,THFR,Hyp,JPSS2,3.6641600000000003,43.43485999999999,3.684292,43.425999000000004,1.9,2.25,2025-11-22T11:30:00Z,2025-11-22T11:30:00Z,0,30,4,0.6496,0.7222,0.2392,0.7249,2.1965,-0.007725,-5.63e-4,0.0018,NA,FALSE,FALSE,0.002274,0.002026,41.5614,-0.514112,-0.366872,-0.179194,0.268374,0.366872,0.514112,-117.191,-58.8785,-25.1998,35.9072,58.8785,117.191
JPSS2_20251122T123000_vs_HYPERNETS_20251122T124500_RHOW_R.csv,THFR,Hyp,JPSS2,3.6641600000000003,43.43485999999999,3.684292,43.425999000000004,1.9,2.25,2025-11-22T11:45:00Z,2025-11-22T11:30:00Z,15,30,4,0.6624,0.7408,0.2479,0.7342,2.1744,-0.007433,-5.46e-4,0.001779,NA,FALSE,FALSE,0.002176,0.001941,40.8512,-0.504576,-0.357389,-0.172238,0.261324,0.357389,0.504576,-112.5112,-56.5029,-23.9695,34.561,56.5029,112.5112
JPSS2_20251122T123000_vs_HYPERNETS_20251122T130000_RHOW_R.csv,THFR,Hyp,JPSS2,3.6641600000000003,43.43485999999999,3.684292,43.425999000000004,1.9,2.25,2025-11-22T12:00:00Z,2025-11-22T11:30:00Z,30,30,4,0.6781,0.7306,0.2587,0.7461,2.152,-0.006903,-4.57e-4,0.001778,NA,FALSE,FALSE,0.001981,0.001793,41.548,-0.482606,-0.335995,-0.135071,0.268869,0.335995,0.482606,-102.7558,-51.3668,-19.247,34.2573,51.3668,102.7558
JPSS2_20251127T123601_vs_HYPERNETS_20251127T121500_RHOW_R.csv,THFR,Hyp,JPSS2,3.6641600000000003,43.43485999999999,3.6893230000000004,43.427814,2.18,2.25,2025-11-27T11:15:00Z,2025-11-27T11:36:01Z,21,30,2,1.9478,5.0656,NA,1.9478,NA,NA,-0.010467,NA,NA,NA,NA,0.003989,0.003893,58.8228,-0.690192,-0.588228,-0.486264,0.486264,0.588228,0.690192,-266.7371,-179.5419,-113.0782,113.0782,179.5419,266.7371
JPSS2_20251127T123601_vs_HYPERNETS_20251127T123000_RHOW_R.csv,THFR,Hyp,JPSS2,3.6641600000000003,43.43485999999999,3.6893230000000004,43.427814,2.18,2.25,2025-11-27T11:30:00Z,2025-11-27T11:36:01Z,6,30,2,2.0915,5.4079,NA,2.0915,NA,NA,-0.011369,NA,NA,NA,NA,0.00396,0.003847,58.4222,-0.688499,-0.584222,-0.479946,0.479946,0.584222,0.688499,-266.2813,-178.0171,-111.0223,111.0223,178.0171,266.2813
JPSS2_20251127T123601_vs_HYPERNETS_20251127T124500_RHOW_R.csv,THFR,Hyp,JPSS2,3.6641600000000003,43.43485999999999,3.6893230000000004,43.427814,2.18,2.25,2025-11-27T11:45:00Z,2025-11-27T11:36:01Z,9,30,2,2.0856,5.4138,NA,2.0856,NA,NA,-0.011385,NA,NA,NA,NA,0.003985,0.003874,58.5831,-0.689725,-0.585831,-0.481937,0.481937,0.585831,0.689725,-267.7549,-179.1165,-111.8423,111.8423,179.1165,267.7549
JPSS2_20251127T123601_vs_HYPERNETS_20251127T130000_RHOW_R.csv,THFR,Hyp,JPSS2,3.6641600000000003,43.43485999999999,3.6893230000000004,43.427814,2.18,2.25,2025-11-27T12:00:00Z,2025-11-27T11:36:01Z,24,30,2,1.9255,4.7274,NA,1.9255,NA,NA,-0.009576,NA,NA,NA,NA,0.003614,0.00351,56.567,-0.671646,-0.56567,-0.459693,0.459693,0.56567,0.671646,-244.4108,-163.781,-102.0274,102.0274,163.781,244.4108
JPSS2_20251201T130001_vs_HYPERNETS_20251201T133000_RHOW_R.csv,THFR,Hyp,JPSS2,3.6641600000000003,43.43485999999999,3.681092,43.42513700000001,1.75,2.25,2025-12-01T12:30:00Z,2025-12-01T12:00:01Z,30,30,3,0.7612,0.4603,0.0601,1.022,17.3931,-0.055671,-0.001237,0.001962,NA,FALSE,FALSE,0.001934,0.001338,48.9389,-0.47732,-0.077798,0.217865,0.295662,0.513527,0.695185,-196.7267,-8.4361,18.143,28.1097,51.3527,250.562
JPSS2_20251208T123001_vs_HYPERNETS_20251208T121500_RHOW_R.csv,THFR,Hyp,JPSS2,3.6641600000000003,43.43485999999999,3.683009,43.426182000000004,1.8,2.25,2025-12-08T11:15:00Z,2025-12-08T11:30:01Z,15,30,2,1.5197,7.3938,NA,1.5197,NA,NA,-0.010133,NA,NA,NA,NA,0.006033,0.00602,77.2899,-0.83587,-0.772899,-0.709927,0.709927,0.772899,0.83587,-623.2545,-429.1569,-287.1487,287.1487,429.1569,623.2545
JPSS2_20251208T123001_vs_HYPERNETS_20251208T123000_RHOW_R.csv,THFR,Hyp,JPSS2,3.6641600000000003,43.43485999999999,3.683009,43.426182000000004,1.8,2.25,2025-12-08T11:30:00Z,2025-12-08T11:30:01Z,0,30,2,1.4968,7.2413,NA,1.4968,NA,NA,-0.009886,NA,NA,NA,NA,0.005988,0.005976,77.1851,-0.83495,-0.771851,-0.708752,0.708752,0.771851,0.83495,-618.3719,-426.1261,-285.3278,285.3278,426.1261,618.3719
JPSS2_20251208T123001_vs_HYPERNETS_20251208T124500_RHOW_R.csv,THFR,Hyp,JPSS2,3.6641600000000003,43.43485999999999,3.683009,43.426182000000004,1.8,2.25,2025-12-08T11:45:00Z,2025-12-08T11:30:01Z,15,30,2,1.3077,6.0235,NA,1.3077,NA,NA,-0.007919,NA,NA,NA,NA,0.005617,0.00561,76.284,-0.826752,-0.76284,-0.698928,0.698928,0.76284,0.826752,-576.6431,-400.5893,-270.3424,270.3424,400.5893,576.6431
JPSS2_20251208T123001_vs_HYPERNETS_20251208T130000_RHOW_R.csv,THFR,Hyp,JPSS2,3.6641600000000003,43.43485999999999,3.683009,43.426182000000004,1.8,2.25,2025-12-08T12:00:00Z,2025-12-08T11:30:01Z,30,30,2,1.41,6.7257,NA,1.41,NA,NA,-0.009053,NA,NA,NA,NA,0.005879,0.00587,76.9518,-0.832648,-0.769518,-0.706388,0.706388,0.769518,0.832648,-605.4077,-418.6114,-281.2799,281.2799,418.6114,605.4077
JPSS2_20251229T123600_vs_HYPERNETS_20251229T121500_RHOW_R.csv,THFR,Hyp,JPSS2,3.6641600000000003,43.43485999999999,3.687479,43.423996,2.24,2.25,2025-12-29T11:15:00Z,2025-12-29T11:36:00Z,21,30,3,0.5401,4.7752,0.0573,0.5896,6.07,-0.040035,-0.002034,0.001657,NA,FALSE,FALSE,0.005158,0.004879,78.4816,-0.900987,-0.804429,-0.678452,0.678452,0.804429,0.900987,-4462.8038,-411.3237,-238.0177,238.0177,411.3237,4462.8038
JPSS2_20251229T123600_vs_HYPERNETS_20251229T123000_RHOW_R.csv,THFR,Hyp,JPSS2,3.6641600000000003,43.43485999999999,3.687479,43.423996,2.24,2.25,2025-12-29T11:30:00Z,2025-12-29T11:36:00Z,6,30,3,0.5598,4.7644,0.0598,0.61,6.2194,-0.039521,-0.002023,0.001655,NA,FALSE,FALSE,0.00489,0.00463,77.6989,-0.897084,-0.796721,-0.666759,0.666759,0.796721,0.897084,-4289.5114,-391.9345,-225.888,225.888,391.9345,4289.5114
JPSS2_20251229T123600_vs_HYPERNETS_20251229T124500_RHOW_R.csv,THFR,Hyp,JPSS2,3.6641600000000003,43.43485999999999,3.687479,43.423996,2.24,2.25,2025-12-29T11:45:00Z,2025-12-29T11:36:00Z,9,30,3,0.5681,4.6596,0.0624,0.6152,6.0612,-0.03738,-0.001948,0.001648,NA,FALSE,FALSE,0.004706,0.004452,77.2087,-0.893582,-0.789852,-0.659475,0.659475,0.789852,0.893582,-4107.697,-375.8554,-217.8865,217.8865,375.8554,4107.697
JPSS2_20251229T123600_vs_HYPERNETS_20251229T130000_RHOW_R.csv,THFR,Hyp,JPSS2,3.6641600000000003,43.43485999999999,3.687479,43.423996,2.24,2.25,2025-12-29T12:00:00Z,2025-12-29T11:36:00Z,24,30,3,0.5835,4.6188,0.0667,0.627,5.8983,-0.035184,-0.001904,0.001634,NA,FALSE,FALSE,0.004498,0.004259,76.5919,-0.889246,-0.781285,-0.650275,0.650275,0.781285,0.889246,-3945.9951,-357.2161,-208.3951,208.3951,357.2161,3945.9951
JPSS2_20251230T121800_vs_HYPERNETS_20251230T120000_RHOW_R.csv,THFR,Hyp,JPSS2,3.6641600000000003,43.43485999999999,3.686018,43.42485,2.09,2.25,2025-12-30T11:00:00Z,2025-12-30T11:18:00Z,18,30,4,0.5684,0.802,0.3644,0.5754,0.9086,-0.001891,3.5e-4,0.00177,NA,TRUE,FALSE,0.002859,0.002505,34.3862,-0.411342,-0.391428,-0.323947,0.323947,0.391428,0.411342,-69.8843,-64.3831,-49.0576,49.0576,64.3831,69.8843
JPSS2_20251230T121800_vs_HYPERNETS_20251230T121500_RHOW_R.csv,THFR,Hyp,JPSS2,3.6641600000000003,43.43485999999999,3.686018,43.42485,2.09,2.25,2025-12-30T11:15:00Z,2025-12-30T11:18:00Z,3,30,4,0.579,0.7922,0.4036,0.5835,0.8436,-0.001194,4.75e-4,0.00163,NA,TRUE,FALSE,0.002562,0.002198,30.8407,-0.37003,-0.361913,-0.300289,0.300289,0.361913,0.37003,-58.744,-56.723,-44.2059,44.2059,56.723,58.744
JPSS2_20251230T121800_vs_HYPERNETS_20251230T123000_RHOW_R.csv,THFR,Hyp,JPSS2,3.6641600000000003,43.43485999999999,3.686018,43.42485,2.09,2.25,2025-12-30T11:30:00Z,2025-12-30T11:18:00Z,12,30,4,0.5823,0.8206,0.3892,0.588,0.8883,-0.001654,3.32e-4,0.001647,NA,TRUE,FALSE,0.002724,0.002392,33.6255,-0.397651,-0.38027300000000003,-0.318876,0.318876,0.38027300000000003,0.397651,-66.0187,-61.4128,-47.7367,47.7367,61.4128,66.0187
JPSS2_20251230T121800_vs_HYPERNETS_20251230T124500_RHOW_R.csv,THFR,Hyp,JPSS2,3.6641600000000003,43.43485999999999,3.686018,43.42485,2.09,2.25,2025-12-30T11:45:00Z,2025-12-30T11:18:00Z,27,30,4,0.5821,0.7995,0.4144,0.586,0.8288,-0.001079,4.73e-4,0.001571,NA,TRUE,FALSE,0.002533,0.002174,30.727,-0.362815,-0.356387,-0.300842,0.300842,0.356387,0.362815,-56.9545,-55.3734,-44.2068,44.2068,55.3734,56.9545
SNPP_20250128T124201_vs_HYPERNETS_20250128T123000_RHOW_R_NE.csv,THFR_NE,Hyp,SNPP,3.6641600000000003,43.43485999999999,3.664674,43.43811000000001,0.36,2.25,2025-01-28T11:30:00Z,2025-01-28T11:42:01Z,12,30,4,0.7529,2.2447,0.2433,0.9263,3.5265,-0.016582,-0.003059,4.92e-4,NA,FALSE,FALSE,0.003565,0.003443,70.201,-0.798763,-0.779451,-0.682698,0.682698,0.779451,0.798763,-403.2168,-353.4348,-250.3652,250.3652,353.4348,403.2168
SNPP_20250131T114800_vs_HYPERNETS_20250131T113000_RHOW_R_NE.csv,THFR_NE,Hyp,SNPP,3.6641600000000003,43.43485999999999,3.665801,43.441353,0.73,2.25,2025-01-31T10:30:00Z,2025-01-31T10:48:00Z,18,30,5,0.6185,0.9508,0.3046,0.7401,1.7979,-0.005196,-5.61e-4,0.001347,NA,FALSE,FALSE,0.00208,0.0017,38.2376,-0.535103,-0.436555,-0.207305,0.207305,0.436555,0.535103,-115.1012,-77.4796,-26.152,26.152,77.4796,115.1012
SNPP_20250131T114800_vs_HYPERNETS_20250131T114500_RHOW_R_NE.csv,THFR_NE,Hyp,SNPP,3.6641600000000003,43.43485999999999,3.665801,43.441353,0.73,2.25,2025-01-31T10:45:00Z,2025-01-31T10:48:00Z,3,30,5,0.6367,0.9597,0.3133,0.763,1.8586,-0.005448,-6.56e-4,0.001311,NA,FALSE,FALSE,0.002052,0.001692,38.5574,-0.540964,-0.415745,-0.213811,0.213811,0.415745,0.540964,-117.8478,-71.1581,-27.1959,27.1959,71.1581,117.8478
SNPP_20250131T114800_vs_HYPERNETS_20250131T120000_RHOW_R_NE.csv,THFR_NE,Hyp,SNPP,3.6641600000000003,43.43485999999999,3.665801,43.441353,0.73,2.25,2025-01-31T11:00:00Z,2025-01-31T10:48:00Z,12,30,5,0.6466,0.945,0.3171,0.7791,1.9143,-0.005619,-6.97e-4,0.001307,NA,FALSE,FALSE,0.002012,0.001654,37.9355,-0.54342,-0.380757,-0.239198,0.239198,0.380757,0.54342,-119.0197,-61.4874,-31.4402,31.4402,61.4874,119.0197
SNPP_20250131T114800_vs_HYPERNETS_20250131T121500_RHOW_R_NE.csv,THFR_NE,Hyp,SNPP,3.6641600000000003,43.43485999999999,3.665801,43.441353,0.73,2.25,2025-01-31T11:15:00Z,2025-01-31T10:48:00Z,27,30,5,0.6573,0.9258,0.3221,0.793,1.9524,-0.00559,-6.78e-4,0.001317,NA,FALSE,FALSE,0.00192,0.001555,36.158,-0.534734,-0.342024,-0.227484,0.227484,0.342024,0.534734,-114.931,-51.9812,-29.4472,29.4472,51.9812,114.931
SNPP_20250203T123000_vs_HYPERNETS_20250203T120000_RHOW_R_NE.csv,THFR_NE,Hyp,SNPP,3.6641600000000003,43.43485999999999,3.6643120000000002,43.44075,0.66,2.25,2025-02-03T11:00:00Z,2025-02-03T11:30:00Z,30,30,4,0.4597,0.9671,0.1436,0.6379,2.8343,-0.021334,-0.002662,0.00154,NA,FALSE,FALSE,0.00625,0.005741,68.9941,-0.774804,-0.690738,-0.605875,0.605875,0.690738,0.774804,-394.6816,-225.6135,-158.8276,158.8276,225.6135,394.6816
SNPP_20250203T123000_vs_HYPERNETS_20250203T121500_RHOW_R_NE.csv,THFR_NE,Hyp,SNPP,3.6641600000000003,43.43485999999999,3.6643120000000002,43.44075,0.66,2.25,2025-02-03T11:15:00Z,2025-02-03T11:30:00Z,15,30,4,0.4647,0.9678,0.1453,0.6238,2.6778,-0.01983,-0.002503,0.001534,NA,FALSE,FALSE,0.006184,0.005676,68.7507,-0.773721,-0.683945,-0.597731,0.597731,0.683945,0.773721,-389.7171,-219.3334,-152.4927,152.4927,219.3334,389.7171
SNPP_20250203T123000_vs_HYPERNETS_20250203T123000_RHOW_R_NE.csv,THFR_NE,Hyp,SNPP,3.6641600000000003,43.43485999999999,3.6643120000000002,43.44075,0.66,2.25,2025-02-03T11:30:00Z,2025-02-03T11:30:00Z,0,30,4,0.4804,0.982,0.1509,0.6293,2.6238,-0.018829,-0.002418,0.001518,NA,FALSE,FALSE,0.005958,0.005468,68.057,-0.76791,-0.674974,-0.587634,0.587634,0.674974,0.76791,-375.6812,-210.7041,-145.9016,145.9016,210.7041,375.6812
SNPP_20250203T123000_vs_HYPERNETS_20250203T124500_RHOW_R_NE.csv,THFR_NE,Hyp,SNPP,3.6641600000000003,43.43485999999999,3.6643120000000002,43.44075,0.66,2.25,2025-02-03T11:45:00Z,2025-02-03T11:30:00Z,15,30,4,0.4823,1.0027,0.1517,0.6286,2.6052,-0.018832,-0.00245,0.001503,NA,FALSE,FALSE,0.006009,0.005528,68.4364,-0.769035,-0.680409,-0.595738,0.595738,0.680409,0.769035,-377.9072,-215.5433,-151.1962,151.1962,215.5433,377.9072
SNPP_20250203T123000_vs_HYPERNETS_20250203T130000_RHOW_R_NE.csv,THFR_NE,Hyp,SNPP,3.6641600000000003,43.43485999999999,3.6643120000000002,43.44075,0.66,2.25,2025-02-03T12:00:00Z,2025-02-03T11:30:00Z,30,30,4,0.5107,1.0201,0.1618,0.6518,2.6261,-0.017949,-0.00238,0.001484,NA,FALSE,FALSE,0.005578,0.005126,66.9519,-0.756999,-0.664094,-0.576613,0.576613,0.664094,0.756999,-352.699,-200.2564,-139.5926,139.5926,200.2564,352.699
SNPP_20250204T121201_vs_HYPERNETS_20250204T114500_RHOW_R_NE.csv,THFR_NE,Hyp,SNPP,3.6641600000000003,43.43485999999999,3.665744,43.441192,0.72,2.25,2025-02-04T10:45:00Z,2025-02-04T11:12:01Z,27,30,4,0.4447,0.4346,0.1463,0.7413,3.7553,-0.020927,-0.002334,0.001336,NA,FALSE,FALSE,0.00447,0.00393,60.9418,-0.791605,-0.556335,-0.374148,0.374148,0.556335,0.791605,-792.5354,-143.6081,-59.8965,59.8965,143.6081,792.5354
SNPP_20250204T121201_vs_HYPERNETS_20250204T120000_RHOW_R_NE.csv,THFR_NE,Hyp,SNPP,3.6641600000000003,43.43485999999999,3.665744,43.441192,0.72,2.25,2025-02-04T11:00:00Z,2025-02-04T11:12:01Z,12,30,4,0.4511,0.4403,0.1483,0.7499,3.7934,-0.020966,-0.002348,0.001332,NA,FALSE,FALSE,0.004413,0.003878,60.7194,-0.789385,-0.55239,-0.370198,0.370198,0.55239,0.789385,-783.617,-141.3438,-58.877,58.877,141.3438,783.617
SNPP_20250204T121201_vs_HYPERNETS_20250204T121500_RHOW_R_NE.csv,THFR_NE,Hyp,SNPP,3.6641600000000003,43.43485999999999,3.665744,43.441192,0.72,2.25,2025-02-04T11:15:00Z,2025-02-04T11:12:01Z,3,30,4,0.4512,0.4482,0.1478,0.7452,3.7563,-0.020813,-0.002334,0.001332,NA,FALSE,FALSE,0.004432,0.003898,60.8496,-0.790051,-0.554679,-0.373124,0.373124,0.554679,0.790051,-785.7493,-142.4563,-59.6312,59.6312,142.4563,785.7493
SNPP_20250204T121201_vs_HYPERNETS_20250204T123000_RHOW_R_NE.csv,THFR_NE,Hyp,SNPP,3.6641600000000003,43.43485999999999,3.665744,43.441192,0.72,2.25,2025-02-04T11:30:00Z,2025-02-04T11:12:01Z,18,30,4,0.4536,0.4967,0.1474,0.7352,3.6682,-0.020801,-0.002379,0.001313,NA,FALSE,FALSE,0.004557,0.004042,62.2464,-0.793766,-0.564968,-0.393666,0.393666,0.564968,0.793766,-801.2233,-147.8178,-64.9763,64.9763,147.8178,801.2233
SNPP_20250616T123601_vs_HYPERNETS_20250616T121500_RHOW_R_NE.csv,THFR_NE,Hyp,SNPP,3.6641600000000003,43.43485999999999,3.6671760000000004,43.440517,0.68,2.25,2025-06-16T10:15:00Z,2025-06-16T10:36:01Z,21,30,5,0.923,1.0855,0.6009,0.9564,1.5223,-0.005794,-0.001623,9.98e-4,NA,FALSE,FALSE,0.002123,0.001944,28.701,-0.30883,-0.284511,-0.186206,0.186206,0.284511,0.30883,-44.6823,-39.7646,-22.8813,22.8813,39.7646,44.6823
SNPP_20250616T123601_vs_HYPERNETS_20250616T123000_RHOW_R_NE.csv,THFR_NE,Hyp,SNPP,3.6641600000000003,43.43485999999999,3.6671760000000004,43.440517,0.68,2.25,2025-06-16T10:30:00Z,2025-06-16T10:36:01Z,6,30,5,0.9312,1.0904,0.5775,0.9757,1.6485,-0.00697,-0.00191,0.001085,NA,FALSE,FALSE,0.002301,0.002093,30.2343,-0.335037,-0.295458,-0.203307,0.203307,0.295458,0.335037,-50.3843,-41.9363,-25.5188,25.5188,41.9363,50.3843
SNPP_20250616T123601_vs_HYPERNETS_20250616T124500_RHOW_R_NE.csv,THFR_NE,Hyp,SNPP,3.6641600000000003,43.43485999999999,3.6671760000000004,43.440517,0.68,2.25,2025-06-16T10:45:00Z,2025-06-16T10:36:01Z,9,30,5,0.9641,1.1144,0.6164,1.0029,1.6316,-0.006387,-0.001834,9.64e-4,NA,FALSE,FALSE,0.002009,0.001813,27.7876,-0.303696,-0.270832,-0.192933,0.192933,0.270832,0.303696,-43.6154,-37.1425,-23.9054,23.9054,37.1425,43.6154
SNPP_20250616T123601_vs_HYPERNETS_20250616T130000_RHOW_R_NE.csv,THFR_NE,Hyp,SNPP,3.6641600000000003,43.43485999999999,3.6671760000000004,43.440517,0.68,2.25,2025-06-16T11:00:00Z,2025-06-16T10:36:01Z,24,30,5,0.9796,1.1217,0.6412,1.0139,1.6032,-0.005886,-0.001728,9.02e-4,NA,FALSE,FALSE,0.001818,0.00163,25.9657,-0.280425,-0.255426,-0.180343,0.180343,0.255426,0.280425,-38.9709,-34.305,-22.0022,22.0022,34.305,38.9709
SNPP_20250629T115400_vs_HYPERNETS_20250629T113000_RHOW_R_NE.csv,THFR_NE,Hyp,SNPP,3.6641600000000003,43.43485999999999,3.6666179999999997,43.43833500000001,0.43,2.25,2025-06-29T09:30:00Z,2025-06-29T09:54:00Z,24,30,5,0.9409,2.4364,0.5989,0.9797,1.6026,-0.00874,-0.004234,-0.001479,NA,FALSE,TRUE,0.004471,0.00438,69.7417,-0.832335,-0.786834,-0.603837,0.603837,0.786834,0.832335,-496.4272,-369.1172,-152.4212,152.4212,369.1172,496.4272
SNPP_20250702T123601_vs_HYPERNETS_20250702T121500_RHOW_R_NE.csv,THFR_NE,Hyp,SNPP,3.6641600000000003,43.43485999999999,3.6645370000000006,43.435528000000005,0.08,2.25,2025-07-02T10:15:00Z,2025-07-02T10:36:01Z,21,30,2,1.4119,3.6969,NA,1.4119,NA,NA,-0.01091,NA,NA,NA,NA,0.006348,0.006285,59.7086,-0.694249,-0.597086,-0.499923,0.499923,0.597086,0.694249,-268.5499,-183.3225,-117.804,117.804,183.3225,268.5499
SNPP_20250702T123601_vs_HYPERNETS_20250702T123000_RHOW_R_NE.csv,THFR_NE,Hyp,SNPP,3.6641600000000003,43.43485999999999,3.6645370000000006,43.435528000000005,0.08,2.25,2025-07-02T10:30:00Z,2025-07-02T10:36:01Z,6,30,2,1.481,3.8105,NA,1.481,NA,NA,-0.011385,NA,NA,NA,NA,0.006162,0.006082,58.8955,-0.688993,-0.588955,-0.488918,0.488918,0.588955,0.688993,-263.3327,-178.5014,-113.4766,113.4766,178.5014,263.3327
SNPP_20250702T123601_vs_HYPERNETS_20250702T124500_RHOW_R_NE.csv,THFR_NE,Hyp,SNPP,3.6641600000000003,43.43485999999999,3.6645370000000006,43.435528000000005,0.08,2.25,2025-07-02T10:45:00Z,2025-07-02T10:36:01Z,9,30,2,1.2736,3.3646,NA,1.2736,NA,NA,-0.009522,NA,NA,NA,NA,0.006448,0.006415,60.3787,-0.696378,-0.603787,-0.511195,0.511195,0.603787,0.696378,-267.8103,-185.4906,-121.5949,121.5949,185.4906,267.8103
SNPP_20250702T123601_vs_HYPERNETS_20250702T130000_RHOW_R_NE.csv,THFR_NE,Hyp,SNPP,3.6641600000000003,43.43485999999999,3.6645370000000006,43.435528000000005,0.08,2.25,2025-07-02T11:00:00Z,2025-07-02T10:36:01Z,24,30,2,1.3589,3.3886,NA,1.3589,NA,NA,-0.009623,NA,NA,NA,NA,0.005831,0.005775,57.9988,-0.678391,-0.579988,-0.481585,0.481585,0.579988,0.678391,-247.4807,-169.5058,-109.0286,109.0286,169.5058,247.4807
SNPP_20250708T122400_vs_HYPERNETS_20250708T120000_RHOW_R_NE.csv,THFR_NE,Hyp,SNPP,3.6641600000000003,43.43485999999999,3.6693800000000003,43.43833200000001,0.57,2.25,2025-07-08T10:00:00Z,2025-07-08T10:24:00Z,24,30,1,NA,NA,NA,NA,NA,NA,NA,NA,NA,NA,NA,NA,NA,NA,NA,NA,NA,NA,NA,NA,NA,NA,NA,NA,NA,NA
SNPP_20250708T122400_vs_HYPERNETS_20250708T121500_RHOW_R_NE.csv,THFR_NE,Hyp,SNPP,3.6641600000000003,43.43485999999999,3.6693800000000003,43.43833200000001,0.57,2.25,2025-07-08T10:15:00Z,2025-07-08T10:24:00Z,9,30,1,NA,NA,NA,NA,NA,NA,NA,NA,NA,NA,NA,NA,NA,NA,NA,NA,NA,NA,NA,NA,NA,NA,NA,NA,NA,NA
SNPP_20250708T122400_vs_HYPERNETS_20250708T123000_RHOW_R_NE.csv,THFR_NE,Hyp,SNPP,3.6641600000000003,43.43485999999999,3.6693800000000003,43.43833200000001,0.57,2.25,2025-07-08T10:30:00Z,2025-07-08T10:24:00Z,6,30,1,NA,NA,NA,NA,NA,NA,NA,NA,NA,NA,NA,NA,NA,NA,NA,NA,NA,NA,NA,NA,NA,NA,NA,NA,NA,NA
SNPP_20250708T122400_vs_HYPERNETS_20250708T124500_RHOW_R_NE.csv,THFR_NE,Hyp,SNPP,3.6641600000000003,43.43485999999999,3.6693800000000003,43.43833200000001,0.57,2.25,2025-07-08T10:45:00Z,2025-07-08T10:24:00Z,21,30,1,NA,NA,NA,NA,NA,NA,NA,NA,NA,NA,NA,NA,NA,NA,NA,NA,NA,NA,NA,NA,NA,NA,NA,NA,NA,NA
SNPP_20250709T120601_vs_HYPERNETS_20250709T114500_RHOW_R_NE.csv,THFR_NE,Hyp,SNPP,3.6641600000000003,43.43485999999999,3.667342,43.436314,0.3,2.25,2025-07-09T09:45:00Z,2025-07-09T10:06:01Z,21,30,4,0.992,1.1155,0.3431,1.1447,3.8187,-0.020311,-0.002482,0.002863,NA,FALSE,FALSE,0.002118,0.001771,30.2231,-0.411116,-0.204095,-0.030389,0.118166,0.227051,0.411116,-77.2111,-27.105,-3.5733,11.9955,29.3137,77.2111
SNPP_20250709T120601_vs_HYPERNETS_20250709T120000_RHOW_R_NE.csv,THFR_NE,Hyp,SNPP,3.6641600000000003,43.43485999999999,3.667342,43.436314,0.3,2.25,2025-07-09T10:00:00Z,2025-07-09T10:06:01Z,6,30,4,0.9851,1.1402,0.3488,1.1207,3.6008,-0.018795,-0.002302,0.002831,NA,FALSE,FALSE,0.00206,0.001744,29.9394,-0.403858,-0.205069,-0.038364,0.116523,0.220987,0.403858,-74.7821,-27.0743,-4.455,11.8846,28.3578,74.7821
SNPP_20250709T120601_vs_HYPERNETS_20250709T121500_RHOW_R_NE.csv,THFR_NE,Hyp,SNPP,3.6641600000000003,43.43485999999999,3.667342,43.436314,0.3,2.25,2025-07-09T10:15:00Z,2025-07-09T10:06:01Z,9,30,4,0.9548,1.1755,0.3271,1.1091,3.7613,-0.022486,-0.002999,0.002748,NA,FALSE,FALSE,0.002667,0.002197,31.3129,-0.463002,-0.264547,-0.114674,0.114674,0.264547,0.463002,-95.3154,-37.6838,-13.1942,13.1942,37.6838,95.3154
SNPP_20250709T120601_vs_HYPERNETS_20250709T123000_RHOW_R_NE.csv,THFR_NE,Hyp,SNPP,3.6641600000000003,43.43485999999999,3.667342,43.436314,0.3,2.25,2025-07-09T10:30:00Z,2025-07-09T10:06:01Z,24,30,4,0.9668,1.1903,0.3389,1.1063,3.6113,-0.020576,-0.002731,0.002736,NA,FALSE,FALSE,0.002444,0.002014,30.1652,-0.441953,-0.246513,-0.096857,0.106213,0.246513,0.441953,-87.5205,-34.1838,-11.0116,12.0453,34.1838,87.5205
SNPP_20250718T123601_vs_HYPERNETS_20250718T121500_RHOW_R_NE.csv,THFR_NE,Hyp,SNPP,3.6641600000000003,43.43485999999999,3.664472,43.438442,0.4,2.25,2025-07-18T10:15:00Z,2025-07-18T10:36:01Z,21,30,5,1.2315,1.9448,0.75,1.2967,2.2419,-0.010075,-0.00398,-4.55e-4,NA,FALSE,TRUE,0.002507,0.002067,41.589,-0.4894,-0.331529,-0.270389,0.270389,0.331529,0.4894,-95.8478,-49.5952,-37.0593,37.0593,49.5952,95.8478
SNPP_20250718T123601_vs_HYPERNETS_20250718T123000_RHOW_R_NE.csv,THFR_NE,Hyp,SNPP,3.6641600000000003,43.43485999999999,3.664472,43.438442,0.4,2.25,2025-07-18T10:30:00Z,2025-07-18T10:36:01Z,6,30,5,1.1933,1.969,0.73740000000000006,1.2516,2.1245,-0.009613,-0.003863,-4.76e-4,NA,FALSE,TRUE,0.002578,0.002206,42.9633,-0.498659,-0.347034,-0.286202,0.286202,0.347034,0.498659,-99.4649,-53.1473,-40.0956,40.0956,53.1473,99.4649
SNPP_20250718T123601_vs_HYPERNETS_20250718T124500_RHOW_R_NE.csv,THFR_NE,Hyp,SNPP,3.6641600000000003,43.43485999999999,3.664472,43.438442,0.4,2.25,2025-07-18T10:45:00Z,2025-07-18T10:36:01Z,9,30,5,1.196,1.8813,0.732,1.2576,2.1606,-0.00953,-0.003716,-3.32e-4,NA,FALSE,TRUE,0.002468,0.002057,41.3321,-0.48451,-0.308714,-0.272608,0.272608,0.308714,0.48451,-93.9901,-44.658,-37.4775,37.4775,44.658,93.9901
SNPP_20250718T123601_vs_HYPERNETS_20250718T130000_RHOW_R_NE.csv,THFR_NE,Hyp,SNPP,3.6641600000000003,43.43485999999999,3.664472,43.438442,0.4,2.25,2025-07-18T11:00:00Z,2025-07-18T10:36:01Z,24,30,5,1.1756,1.8264,0.7103,1.2406,2.1667,-0.009751,-0.003711,-2.52e-4,NA,FALSE,TRUE,0.002545,0.002142,41.8404,-0.495114,-0.302492,-0.281495,0.281495,0.302492,0.495114,-98.0646,-43.3676,-39.1778,39.1778,43.3676,98.0646
SNPP_20250722T130600_vs_HYPERNETS_20250722T124500_RHOW_R_NE.csv,THFR_NE,Hyp,SNPP,3.6641600000000003,43.43485999999999,3.6659,43.439842,0.57,2.25,2025-07-22T10:45:00Z,2025-07-22T11:06:00Z,21,30,3,1.0455,1.0775,0.0962,1.1965,14.8801,-0.100336,-0.003326,0.004474,NA,FALSE,FALSE,0.002671,0.001933,31.2697,-0.449938,-0.268631,-0.153422,0.153422,0.268631,0.449938,-92.5587,-36.7299,-19.2319,19.2319,36.7299,92.5587
SNPP_20250722T130600_vs_HYPERNETS_20250722T130000_RHOW_R_NE.csv,THFR_NE,Hyp,SNPP,3.6641600000000003,43.43485999999999,3.6659,43.439842,0.57,2.25,2025-07-22T11:00:00Z,2025-07-22T11:06:00Z,6,30,3,1.0612,1.0634,0.0997,1.2036,14.5344,-0.094971,-0.003135,0.00447,NA,FALSE,FALSE,0.002494,0.001733,29.0885,-0.425574,-0.234511,-0.12801,0.12801,0.234511,0.425574,-84.5971,-30.6354,-15.5452,15.5452,30.6354,84.5971
SNPP_20250803T123601_vs_HYPERNETS_20250803T121500_RHOW_R_NE.csv,THFR_NE,Hyp,SNPP,3.6641600000000003,43.43485999999999,3.6683840000000005,43.441376,0.8,2.25,2025-08-03T10:15:00Z,2025-08-03T10:36:01Z,21,30,1,NA,NA,NA,NA,NA,NA,NA,NA,NA,NA,NA,NA,NA,NA,NA,NA,NA,NA,NA,NA,NA,NA,NA,NA,NA,NA
SNPP_20250803T123601_vs_HYPERNETS_20250803T123000_RHOW_R_NE.csv,THFR_NE,Hyp,SNPP,3.6641600000000003,43.43485999999999,3.6683840000000005,43.441376,0.8,2.25,2025-08-03T10:30:00Z,2025-08-03T10:36:01Z,6,30,1,NA,NA,NA,NA,NA,NA,NA,NA,NA,NA,NA,NA,NA,NA,NA,NA,NA,NA,NA,NA,NA,NA,NA,NA,NA,NA
SNPP_20250803T123601_vs_HYPERNETS_20250803T124500_RHOW_R_NE.csv,THFR_NE,Hyp,SNPP,3.6641600000000003,43.43485999999999,3.6683840000000005,43.441376,0.8,2.25,2025-08-03T10:45:00Z,2025-08-03T10:36:01Z,9,30,1,NA,NA,NA,NA,NA,NA,NA,NA,NA,NA,NA,NA,NA,NA,NA,NA,NA,NA,NA,NA,NA,NA,NA,NA,NA,NA
SNPP_20250803T123601_vs_HYPERNETS_20250803T130000_RHOW_R_NE.csv,THFR_NE,Hyp,SNPP,3.6641600000000003,43.43485999999999,3.6683840000000005,43.441376,0.8,2.25,2025-08-03T11:00:00Z,2025-08-03T10:36:01Z,24,30,1,NA,NA,NA,NA,NA,NA,NA,NA,NA,NA,NA,NA,NA,NA,NA,NA,NA,NA,NA,NA,NA,NA,NA,NA,NA,NA
SNPP_20250824T124200_vs_HYPERNETS_20250824T121500_RHOW_R_NE.csv,THFR_NE,Hyp,SNPP,3.6641600000000003,43.43485999999999,3.6649740000000004,43.43537500000001,0.09,2.25,2025-08-24T10:15:00Z,2025-08-24T10:42:00Z,27,30,5,1.1569,1.1489,0.6053,1.3021,2.8009,-0.010956,-0.002814,9.71e-4,NA,FALSE,FALSE,0.001775,0.001425,29.2123,-0.371125,-0.219838,0.053664,0.066659,0.219838,0.371125,-59.014,-28.1784,5.3664,6.6659,28.1784,59.014
SNPP_20250824T124200_vs_HYPERNETS_20250824T123000_RHOW_R_NE.csv,THFR_NE,Hyp,SNPP,3.6641600000000003,43.43485999999999,3.6649740000000004,43.43537500000001,0.09,2.25,2025-08-24T10:30:00Z,2025-08-24T10:42:00Z,12,30,5,1.2181,1.182,0.6479,1.3561,2.8382,-0.010386,-0.002738,9.15e-4,NA,FALSE,FALSE,0.001593,0.001334,29.0138,-0.334318,-0.178268,0.099783,0.10729,0.178268,0.334318,-50.2219,-21.6942,9.9783,10.729,21.6942,50.2219
SNPP_20250824T124200_vs_HYPERNETS_20250824T124500_RHOW_R_NE.csv,THFR_NE,Hyp,SNPP,3.6641600000000003,43.43485999999999,3.6649740000000004,43.43537500000001,0.09,2.25,2025-08-24T10:45:00Z,2025-08-24T10:42:00Z,3,30,5,1.1818,1.1376,0.6283,1.3162,2.7573,-0.010057,-0.002575,9.97e-4,NA,FALSE,FALSE,0.001596,0.001333,29.3615,-0.334727,-0.185893,0.081875,0.133582,0.185893,0.334727,-50.3142,-22.834,8.1875,13.3582,22.834,50.3142
SNPP_20250824T124200_vs_HYPERNETS_20250824T130000_RHOW_R_NE.csv,THFR_NE,Hyp,SNPP,3.6641600000000003,43.43485999999999,3.6649740000000004,43.43537500000001,0.09,2.25,2025-08-24T11:00:00Z,2025-08-24T10:42:00Z,18,30,5,1.1708,1.2206,0.634,1.2902,2.6258,-0.009915,-0.002705,8.37e-4,NA,FALSE,FALSE,0.001681,0.001322,27.6569,-0.355264,-0.20984,0.034713,0.04203,0.20984,0.355264,-55.1022,-26.5567,3.4713,4.203,26.5567,55.1022
SNPP_20250904T123601_vs_HYPERNETS_20250904T123000_RHOW_C_NE.csv,THFR_NE,Hyp,SNPP,3.6641600000000003,43.43485999999999,3.6652519999999997,43.43555500000001,0.12,2.25,2025-09-04T10:30:00Z,2025-09-04T10:36:01Z,6,30,4,-0.2855,-0.31,-3.7975,-0.6687,-0.1178,0.006584,0.009675,0.027225,NA,TRUE,TRUE,0.002242,0.002015,42.3872,-0.223774,0.008639,0.409527,0.213748,0.255396,0.46552,-29.0052,-1.3524,37.6048,24.2859,33.0073,53.8824
SNPP_20250904T123601_vs_HYPERNETS_20250904T124500_RHOW_C_NE.csv,THFR_NE,Hyp,SNPP,3.6641600000000003,43.43485999999999,3.6652519999999997,43.43555500000001,0.12,2.25,2025-09-04T10:45:00Z,2025-09-04T10:36:01Z,9,30,4,-0.2912,-0.3126,-3.8303,-0.6758,-0.1192,0.006587,0.009684,0.027237,NA,TRUE,TRUE,0.002237,0.001999,42.6934,-0.216708,0.015361,0.418786,0.216241,0.255579,0.466272,-27.8464,-0.6329,38.4382,23.5559,31.8694,53.3669
SNPP_20250904T123601_vs_HYPERNETS_20250904T130000_RHOW_C_NE.csv,THFR_NE,Hyp,SNPP,3.6641600000000003,43.43485999999999,3.6652519999999997,43.43555500000001,0.12,2.25,2025-09-04T11:00:00Z,2025-09-04T10:36:01Z,24,30,4,-0.2708,-0.2883,-3.6703,-0.6443,-0.1131,0.006537,0.00942,0.025842,NA,TRUE,TRUE,0.002322,0.00207,46.7058,-0.211991,0.045823,0.492379,0.252995,0.278316,0.492379,-27.0358,1.8543,45.4769,27.1402,32.8977,53.3421
SNPP_20250906T120000_vs_HYPERNETS_20250906T113000_RHOW_R_NE.csv,THFR_NE,Hyp,SNPP,3.6641600000000003,43.43485999999999,3.665876,43.437428,0.32,2.25,2025-09-06T09:30:00Z,2025-09-06T10:00:00Z,30,30,1,NA,NA,NA,NA,NA,NA,NA,NA,NA,NA,NA,NA,NA,NA,NA,NA,NA,NA,NA,NA,NA,NA,NA,NA,NA,NA
SNPP_20250910T122401_vs_HYPERNETS_20250910T123000_RHOW_R_NE.csv,THFR_NE,Hyp,SNPP,3.6641600000000003,43.43485999999999,3.667255,43.441418,0.77,2.25,2025-09-10T10:30:00Z,2025-09-10T10:24:01Z,6,30,2,2.9698,9.3418,NA,2.9698,NA,NA,-0.015741,NA,NA,NA,NA,0.003721,0.003289,56.9988,-0.747441,-0.569988,-0.392534,0.392534,0.569988,0.747441,-640.5249,-311.8618,-129.0674,129.0674,311.8618,640.5249
SNPP_20250915T123000_vs_HYPERNETS_20250915T120000_RHOW_R_NE.csv,THFR_NE,Hyp,SNPP,3.6641600000000003,43.43485999999999,3.6671690000000003,43.439986999999995,0.62,2.25,2025-09-15T10:00:00Z,2025-09-15T10:30:00Z,30,30,3,0.8097,1.2312,0.0741,0.9289,11.6402,-0.062191,-0.002145,0.002646,NA,FALSE,FALSE,0.002814,0.002544,49.8634,-0.621432,-0.551275,-0.402157,0.402157,0.551275,0.621432,-168.8095,-122.8536,-72.7273,72.7273,122.8536,168.8095
SNPP_20250915T123000_vs_HYPERNETS_20250915T121500_RHOW_R_NE.csv,THFR_NE,Hyp,SNPP,3.6641600000000003,43.43485999999999,3.6671690000000003,43.439986999999995,0.62,2.25,2025-09-15T10:15:00Z,2025-09-15T10:30:00Z,15,30,3,0.8051,1.2607,0.0743,0.92,11.3872,-0.062183,-0.002209,0.002636,NA,FALSE,FALSE,0.002924,0.002668,51.127,-0.633145,-0.569491,-0.418506,0.418506,0.569491,0.633145,-176.7858,-132.2831,-78.0784,78.0784,132.2831,176.7858
SNPP_20250915T123000_vs_HYPERNETS_20250915T123000_RHOW_R_NE.csv,THFR_NE,Hyp,SNPP,3.6641600000000003,43.43485999999999,3.6671690000000003,43.439986999999995,0.62,2.25,2025-09-15T10:30:00Z,2025-09-15T10:30:00Z,0,30,3,0.7853,1.2195,0.0719,0.9005,11.2723,-0.061667,-0.002109,0.002649,NA,FALSE,FALSE,0.00295,0.00268,50.986,-0.628501,-0.558036,-0.415307,0.415307,0.558036,0.628501,-174.157,-126.2627,-76.3654,76.3654,126.2627,174.157
SNPP_20250915T123000_vs_HYPERNETS_20250915T124500_RHOW_R_NE.csv,THFR_NE,Hyp,SNPP,3.6641600000000003,43.43485999999999,3.6671690000000003,43.439986999999995,0.62,2.25,2025-09-15T10:45:00Z,2025-09-15T10:30:00Z,15,30,3,0.7943,1.1911,0.0725,0.9127,11.4975,-0.061177,-0.002037,0.002657,NA,FALSE,FALSE,0.002807,0.002525,49.4276,-0.613844,-0.536117,-0.395628,0.395628,0.536117,0.613844,-164.3736,-115.5715,-70.1211,70.1211,115.5715,164.3736
SNPP_20250915T123000_vs_HYPERNETS_20250915T130000_RHOW_R_NE.csv,THFR_NE,Hyp,SNPP,3.6641600000000003,43.43485999999999,3.6671690000000003,43.439986999999995,0.62,2.25,2025-09-15T11:00:00Z,2025-09-15T10:30:00Z,30,30,3,0.7768,1.1599,0.0704,0.8954,11.3896,-0.060865,-0.001964,0.002667,NA,FALSE,FALSE,0.002845,0.002551,49.4162,-0.610717,-0.527121,-0.394086,0.394086,0.527121,0.610717,-163.0185,-111.4706,-69.1679,69.1679,111.4706,163.0185
SNPP_20250925T124801_vs_HYPERNETS_20250925T124500_RHOW_R_NE.csv,THFR_NE,Hyp,SNPP,3.6641600000000003,43.43485999999999,3.666995,43.439326,0.55,2.25,2025-09-25T10:45:00Z,2025-09-25T10:48:01Z,3,30,5,0.964,1.3616,0.5319,1.0522,2.0815,-0.007808,-0.00241,3.19e-4,NA,FALSE,FALSE,0.002399,0.002136,46.9882,-0.612687,-0.506956,-0.304006,0.304006,0.506956,0.612687,-158.1891,-102.8215,-43.6794,43.6794,102.8215,158.1891
SNPP_20250925T124801_vs_HYPERNETS_20250925T130000_RHOW_R_NE.csv,THFR_NE,Hyp,SNPP,3.6641600000000003,43.43485999999999,3.666995,43.439326,0.55,2.25,2025-09-25T11:00:00Z,2025-09-25T10:48:01Z,12,30,5,0.977,1.3573,0.5361,1.0693,2.1328,-0.007973,-0.002447,3.23e-4,NA,FALSE,FALSE,0.002361,0.002087,46.4379,-0.611611,-0.501813,-0.295269,0.295269,0.501813,0.611611,-157.4737,-100.728,-41.8981,41.8981,100.728,157.4737
SNPP_20250925T124801_vs_HYPERNETS_20250925T131500_RHOW_R_NE.csv,THFR_NE,Hyp,SNPP,3.6641600000000003,43.43485999999999,3.666995,43.439326,0.55,2.25,2025-09-25T11:15:00Z,2025-09-25T10:48:01Z,27,30,5,0.9947,1.4,0.5596,1.0763,2.07,-0.007312,-0.00231,2.91e-4,NA,FALSE,FALSE,0.002187,0.001926,45.1633,-0.590772,-0.488617,-0.296283,0.296283,0.488617,0.590772,-144.3627,-95.5483,-42.1026,42.1026,95.5483,144.3627
SNPP_20250929T131200_vs_HYPERNETS_20250929T124500_RHOW_R_NE.csv,THFR_NE,Hyp,SNPP,3.6641600000000003,43.43485999999999,3.666549,43.44168899999999,0.78,2.25,2025-09-29T10:45:00Z,2025-09-29T11:12:00Z,27,30,1,NA,NA,NA,NA,NA,NA,NA,NA,NA,NA,NA,NA,NA,NA,NA,NA,NA,NA,NA,NA,NA,NA,NA,NA,NA,NA
SNPP_20250929T131200_vs_HYPERNETS_20250929T130000_RHOW_R_NE.csv,THFR_NE,Hyp,SNPP,3.6641600000000003,43.43485999999999,3.666549,43.44168899999999,0.78,2.25,2025-09-29T11:00:00Z,2025-09-29T11:12:00Z,12,30,1,NA,NA,NA,NA,NA,NA,NA,NA,NA,NA,NA,NA,NA,NA,NA,NA,NA,NA,NA,NA,NA,NA,NA,NA,NA,NA
SNPP_20250929T131200_vs_HYPERNETS_20250929T131500_RHOW_R_NE.csv,THFR_NE,Hyp,SNPP,3.6641600000000003,43.43485999999999,3.666549,43.44168899999999,0.78,2.25,2025-09-29T11:15:00Z,2025-09-29T11:12:00Z,3,30,1,NA,NA,NA,NA,NA,NA,NA,NA,NA,NA,NA,NA,NA,NA,NA,NA,NA,NA,NA,NA,NA,NA,NA,NA,NA,NA
SNPP_20250929T131200_vs_HYPERNETS_20250929T133000_RHOW_R_NE.csv,THFR_NE,Hyp,SNPP,3.6641600000000003,43.43485999999999,3.666549,43.44168899999999,0.78,2.25,2025-09-29T11:30:00Z,2025-09-29T11:12:00Z,18,30,1,NA,NA,NA,NA,NA,NA,NA,NA,NA,NA,NA,NA,NA,NA,NA,NA,NA,NA,NA,NA,NA,NA,NA,NA,NA,NA
SNPP_20251001T123000_vs_HYPERNETS_20251001T120000_RHOW_R_NE.csv,THFR_NE,Hyp,SNPP,3.6641600000000003,43.43485999999999,3.666677,43.438778000000006,0.48,2.25,2025-10-01T10:00:00Z,2025-10-01T10:30:00Z,30,30,4,0.6919,0.8822,0.2248,0.845,3.1758,-0.016038,-0.002206,0.001474,NA,FALSE,FALSE,0.003541,0.003126,53.6778,-0.711582,-0.494483,-0.319679,0.319679,0.494483,0.711582,-275.53,-108.9023,-47.0601,47.0601,108.9023,275.53
SNPP_20251001T123000_vs_HYPERNETS_20251001T121500_RHOW_R_NE.csv,THFR_NE,Hyp,SNPP,3.6641600000000003,43.43485999999999,3.666677,43.438778000000006,0.48,2.25,2025-10-01T10:15:00Z,2025-10-01T10:30:00Z,15,30,4,0.6782,0.9294,0.2208,0.8262,3.0923,-0.01632,-0.002303,0.001442,NA,FALSE,FALSE,0.003777,0.003378,56.2195,-0.722905,-0.530892,-0.370183,0.370183,0.530892,0.722905,-290.725,-123.2923,-59.0321,59.0321,123.2923,290.725
SNPP_20251001T123000_vs_HYPERNETS_20251001T123000_RHOW_R_NE.csv,THFR_NE,Hyp,SNPP,3.6641600000000003,43.43485999999999,3.666677,43.438778000000006,0.48,2.25,2025-10-01T10:30:00Z,2025-10-01T10:30:00Z,0,30,4,0.6908,0.9288,0.2288,0.8256,2.9799,-0.015079,-0.002148,0.001435,NA,FALSE,FALSE,0.003583,0.003195,54.7599,-0.713042,-0.50865,-0.343207,0.343207,0.50865,0.713042,-275.9269,-113.8881,-52.3608,52.3608,113.8881,275.9269
SNPP_20251001T123000_vs_HYPERNETS_20251001T124500_RHOW_R_NE.csv,THFR_NE,Hyp,SNPP,3.6641600000000003,43.43485999999999,3.666677,43.438778000000006,0.48,2.25,2025-10-01T10:45:00Z,2025-10-01T10:30:00Z,15,30,4,0.6858,0.9736,0.2298,0.8106,2.859,-0.014715,-0.00216,0.001399,NA,FALSE,FALSE,0.003692,0.003321,56.2325,-0.717686,-0.529423,-0.374062,0.374062,0.529423,0.717686,-281.3876,-122.0312,-59.973,59.973,122.0312,281.3876
SNPP_20251001T123000_vs_HYPERNETS_20251001T130000_RHOW_R_NE.csv,THFR_NE,Hyp,SNPP,3.6641600000000003,43.43485999999999,3.666677,43.438778000000006,0.48,2.25,2025-10-01T11:00:00Z,2025-10-01T10:30:00Z,30,30,4,0.6804,0.9923,0.2346,0.7868,2.6387,-0.013308,-0.001998,0.001375,NA,FALSE,FALSE,0.003658,0.0033,56.1897,-0.714679,-0.524902,-0.37212,0.37212,0.524902,0.714679,-275.3691,-120.0882,-59.381,59.381,120.0882,275.3691
SNPP_20251002T121201_vs_HYPERNETS_20251002T114500_RHOW_R_NE.csv,THFR_NE,Hyp,SNPP,3.6641600000000003,43.43485999999999,3.666189,43.441596999999994,0.77,2.25,2025-10-02T09:45:00Z,2025-10-02T10:12:01Z,27,30,3,0.5196,0.7915,0.0435,0.6315,9.1661,-0.056145,-0.001007,0.002791,NA,FALSE,FALSE,0.003932,0.003388,50.276,-0.562745,-0.390916,-0.386853,0.386853,0.390916,0.562745,-148.7083,-64.1809,-63.0965,63.0965,64.1809,148.7083
SNPP_20251002T121201_vs_HYPERNETS_20251002T120000_RHOW_R_NE.csv,THFR_NE,Hyp,SNPP,3.6641600000000003,43.43485999999999,3.666189,43.441596999999994,0.77,2.25,2025-10-02T10:00:00Z,2025-10-02T10:12:01Z,12,30,3,0.5213,0.7721,0.0443,0.626,8.855,-0.053372,-9.18e-4,0.00279,NA,FALSE,FALSE,0.003852,0.003302,48.9571,-0.559946,-0.390977,-0.369899,0.369899,0.390977,0.559946,-146.1111,-64.1974,-58.7936,58.7936,64.1974,146.1111
SNPP_20251002T121201_vs_HYPERNETS_20251002T121500_RHOW_R_NE.csv,THFR_NE,Hyp,SNPP,3.6641600000000003,43.43485999999999,3.666189,43.441596999999994,0.77,2.25,2025-10-02T10:15:00Z,2025-10-02T10:12:01Z,3,30,3,0.5113,0.8143,0.0445,0.6032,8.1782,-0.051887,-9.81e-4,0.002774,NA,FALSE,FALSE,0.004177,0.003648,52.6444,-0.581013,-0.42419,-0.420749,0.420749,0.42419,0.581013,-157.3793,-73.6683,-72.6397,72.6397,73.6683,157.3793
SNPP_20251002T121201_vs_HYPERNETS_20251002T123000_RHOW_R_NE.csv,THFR_NE,Hyp,SNPP,3.6641600000000003,43.43485999999999,3.666189,43.441596999999994,0.77,2.25,2025-10-02T10:30:00Z,2025-10-02T10:12:01Z,18,30,3,0.5259,0.8113,0.0447,0.6313,8.9231,-0.054886,-0.001028,0.002782,NA,FALSE,FALSE,0.003944,0.003423,51.0126,-0.566844,-0.400815,-0.398753,0.398753,0.400815,0.566844,-149.9547,-66.8934,-66.3219,66.3219,66.8934,149.9547
SNPP_20251006T124200_vs_HYPERNETS_20251006T121500_RHOW_R_NE.csv,THFR_NE,Hyp,SNPP,3.6641600000000003,43.43485999999999,3.6643440000000003,43.43499,0.02,2.25,2025-10-06T10:15:00Z,2025-10-06T10:42:00Z,27,30,4,0.7756,1.073,0.287,0.8637,2.5994,-0.012721,-0.002024,0.00153,NA,FALSE,FALSE,0.003176,0.002864,49.2315,-0.622722,-0.419543,-0.289136,0.289136,0.419543,0.622722,-194.2157,-76.3682,-40.6894,40.6894,76.3682,194.2157
SNPP_20251006T124200_vs_HYPERNETS_20251006T123000_RHOW_R_NE.csv,THFR_NE,Hyp,SNPP,3.6641600000000003,43.43485999999999,3.6643440000000003,43.43499,0.02,2.25,2025-10-06T10:30:00Z,2025-10-06T10:42:00Z,12,30,4,0.7746,1.0409,0.2831,0.8672,2.6559,-0.012917,-0.001996,0.00157,NA,FALSE,FALSE,0.003135,0.002807,48.3477,-0.621607,-0.40611,-0.26798,0.26798,0.40611,0.621607,-193.2355,-73.0111,-36.6093,36.6093,73.0111,193.2355
SNPP_20251006T124200_vs_HYPERNETS_20251006T124500_RHOW_R_NE.csv,THFR_NE,Hyp,SNPP,3.6641600000000003,43.43485999999999,3.6643440000000003,43.43499,0.02,2.25,2025-10-06T10:45:00Z,2025-10-06T10:42:00Z,3,30,4,0.7776,1.085,0.2896,0.8636,2.5756,-0.012534,-0.00201,0.001519,NA,FALSE,FALSE,0.003156,0.002849,49.2238,-0.622019,-0.420586,-0.290804,0.290804,0.420586,0.622019,-193.1617,-76.6041,-41.0247,41.0247,76.6041,193.1617
SNPP_20251006T124200_vs_HYPERNETS_20251006T130000_RHOW_R_NE.csv,THFR_NE,Hyp,SNPP,3.6641600000000003,43.43485999999999,3.6643440000000003,43.43499,0.02,2.25,2025-10-06T11:00:00Z,2025-10-06T10:42:00Z,18,30,4,0.766,1.0966,0.2822,0.8546,2.5884,-0.013076,-0.002108,0.001514,NA,FALSE,FALSE,0.003336,0.003027,50.8274,-0.632948,-0.442748,-0.318074,0.318074,0.442748,0.632948,-202.6273,-83.277,-46.7038,46.7038,83.277,202.6273
SNPP_20251012T122401_vs_HYPERNETS_20251012T120000_RHOW_R_NE.csv,THFR_NE,Hyp,SNPP,3.6641600000000003,43.43485999999999,3.666806,43.44199,0.82,2.25,2025-10-12T10:00:00Z,2025-10-12T10:24:01Z,24,30,4,0.4661,0.6152,0.1519,0.5669,2.1151,-0.011979,-7.79e-4,0.002223,NA,FALSE,FALSE,0.004488,0.003912,48.298,-0.65553,-0.528825,-0.356274,0.356274,0.528825,0.65553,-205.4263,-114.7711,-60.2673,60.2673,114.7711,205.4263
SNPP_20251012T122401_vs_HYPERNETS_20251012T121500_RHOW_R_NE.csv,THFR_NE,Hyp,SNPP,3.6641600000000003,43.43485999999999,3.666806,43.44199,0.82,2.25,2025-10-12T10:15:00Z,2025-10-12T10:24:01Z,9,30,4,0.4679,0.6188,0.1522,0.5705,2.1381,-0.012152,-8.07e-4,0.002221,NA,FALSE,FALSE,0.004485,0.003915,48.4922,-0.656122,-0.528091,-0.35689,0.35689,0.528091,0.656122,-206.0329,-114.5229,-60.1828,60.1828,114.5229,206.0329
SNPP_20251012T122401_vs_HYPERNETS_20251012T123000_RHOW_R_NE.csv,THFR_NE,Hyp,SNPP,3.6641600000000003,43.43485999999999,3.666806,43.44199,0.82,2.25,2025-10-12T10:30:00Z,2025-10-12T10:24:01Z,6,30,4,0.4786,0.5909,0.1586,0.5717,2.0608,-0.010678,-5.62e-4,0.002245,NA,FALSE,FALSE,0.004071,0.003556,47.4073,-0.632919,-0.507457,-0.307766,0.348612,0.507457,0.632919,-185.1488,-105.1022,-50.9843,57.0303,105.1022,185.1488
SNPP_20251015T131201_vs_HYPERNETS_20251015T124500_RHOW_R_NE.csv,THFR_NE,Hyp,SNPP,3.6641600000000003,43.43485999999999,3.666779,43.44202,0.82,2.25,2025-10-15T10:45:00Z,2025-10-15T11:12:01Z,27,30,2,0.8149,1.0159,NA,0.8149,NA,NA,-6.1e-5,NA,NA,NA,NA,0.00154,0.001318,20.0044,-0.204791,-0.200044,-0.195296,0.195296,0.200044,0.204791,-25.7598,-25.0156,-24.2758,24.2758,25.0156,25.7598
SNPP_20251015T131201_vs_HYPERNETS_20251015T130000_RHOW_R_NE.csv,THFR_NE,Hyp,SNPP,3.6641600000000003,43.43485999999999,3.666779,43.44202,0.82,2.25,2025-10-15T11:00:00Z,2025-10-15T11:12:01Z,12,30,2,0.8153,1.0291,NA,0.8153,NA,NA,-1.12e-4,NA,NA,NA,NA,0.00159,0.001378,21.1635,-0.220101,-0.211635,-0.20317,0.20317,0.211635,0.220101,-28.2441,-26.8741,-25.5188,25.5188,26.8741,28.2441
SNPP_20251015T131201_vs_HYPERNETS_20251015T131500_RHOW_R_NE.csv,THFR_NE,Hyp,SNPP,3.6641600000000003,43.43485999999999,3.666779,43.44202,0.82,2.25,2025-10-15T11:15:00Z,2025-10-15T11:12:01Z,3,30,2,0.8165,1.0494,NA,0.8165,NA,NA,-1.91e-4,NA,NA,NA,NA,0.001663,0.001464,22.8043,-0.241842,-0.228043,-0.214244,0.214244,0.228043,0.241842,-31.9626,-29.6238,-27.3263,27.3263,29.6238,31.9626
SNPP_20251015T131201_vs_HYPERNETS_20251015T133000_RHOW_R_NE.csv,THFR_NE,Hyp,SNPP,3.6641600000000003,43.43485999999999,3.666779,43.44202,0.82,2.25,2025-10-15T11:30:00Z,2025-10-15T11:12:01Z,18,30,2,0.8316,1.026,NA,0.8316,NA,NA,-1e-4,NA,NA,NA,NA,0.00142,0.001229,19.3124,-0.200893,-0.193124,-0.185356,0.185356,0.193124,0.200893,-25.1572,-23.9578,-22.7699,22.7699,23.9578,25.1572
SNPP_20251016T125400_vs_HYPERNETS_20251016T123000_RHOW_R_NE.csv,THFR_NE,Hyp,SNPP,3.6641600000000003,43.43485999999999,3.6641940000000006,43.441776,0.77,2.25,2025-10-16T10:30:00Z,2025-10-16T10:54:00Z,24,30,4,0.9143,1.0335,0.3065,1.0803,3.8079,-0.020354,-0.002956,0.00198,NA,FALSE,FALSE,0.003029,0.002444,40.4167,-0.611742,-0.313986,-0.106411,0.106411,0.313986,0.611742,-201.9315,-52.6906,-11.9107,11.9107,52.6906,201.9315
SNPP_20251016T125400_vs_HYPERNETS_20251016T124500_RHOW_R_NE.csv,THFR_NE,Hyp,SNPP,3.6641600000000003,43.43485999999999,3.6641940000000006,43.441776,0.77,2.25,2025-10-16T10:45:00Z,2025-10-16T10:54:00Z,9,30,4,0.9215,1.0374,0.3102,1.0847,3.7925,-0.020035,-0.002921,0.001974,NA,FALSE,FALSE,0.00297,0.002385,39.8918,-0.607402,-0.308962,-0.100477,0.100477,0.308962,0.607402,-198.4126,-51.4563,-11.1743,11.1743,51.4563,198.4126
SNPP_20251016T125400_vs_HYPERNETS_20251016T130000_RHOW_R_NE.csv,THFR_NE,Hyp,SNPP,3.6641600000000003,43.43485999999999,3.6641940000000006,43.441776,0.77,2.25,2025-10-16T11:00:00Z,2025-10-16T10:54:00Z,6,30,4,0.919,1.0519,0.3108,1.0777,3.7363,-0.0198,-0.002911,0.00196,NA,FALSE,FALSE,0.002987,0.002418,40.3652,-0.608816,-0.31308,-0.107916,0.107916,0.31308,0.608816,-199.2375,-52.2933,-12.0995,12.0995,52.2933,199.2375
SNPP_20251016T125400_vs_HYPERNETS_20251016T131500_RHOW_R_NE.csv,THFR_NE,Hyp,SNPP,3.6641600000000003,43.43485999999999,3.6641940000000006,43.441776,0.77,2.25,2025-10-16T11:15:00Z,2025-10-16T10:54:00Z,21,30,4,0.9215,1.0447,0.3173,1.0667,3.5861,-0.01828,-0.002673,0.001969,NA,FALSE,FALSE,0.002823,0.00226,38.5351,-0.598284,-0.304575,-0.091641,0.091641,0.304575,0.598284,-189.7147,-50.0269,-10.1305,10.1305,50.0269,189.7147
SNPP_20251017T123600_vs_HYPERNETS_20251017T121500_RHOW_R_NE.csv,THFR_NE,Hyp,SNPP,3.6641600000000003,43.43485999999999,3.6675180000000003,43.438293,0.47,2.25,2025-10-17T10:15:00Z,2025-10-17T10:36:00Z,21,30,5,0.8373,0.9654,0.5364,0.8706,1.4131,-0.003938,-6.32e-4,0.001405,NA,FALSE,FALSE,0.001674,0.001499,26.0503,-0.30152,-0.286837,-0.138518,0.138518,0.286837,0.30152,-43.1681,-40.2203,-16.0791,16.0791,40.2203,43.1681
SNPP_20251017T123600_vs_HYPERNETS_20251017T123000_RHOW_R_NE.csv,THFR_NE,Hyp,SNPP,3.6641600000000003,43.43485999999999,3.6675180000000003,43.438293,0.47,2.25,2025-10-17T10:30:00Z,2025-10-17T10:36:00Z,6,30,5,0.8707,0.9666,0.5494,0.9085,1.5023,-0.004204,-6.95e-4,0.001427,NA,FALSE,FALSE,0.001501,0.001344,25.1031,-0.281784,-0.27061,-0.102783,0.113534,0.27061,0.281784,-39.2339,-37.1009,-11.4558,11.4558,37.1009,39.2339
SNPP_20251017T123600_vs_HYPERNETS_20251017T124500_RHOW_R_NE.csv,THFR_NE,Hyp,SNPP,3.6641600000000003,43.43485999999999,3.6675180000000003,43.438293,0.47,2.25,2025-10-17T10:45:00Z,2025-10-17T10:36:00Z,9,30,5,0.8958,0.9437,0.5788,0.9298,1.4937,-0.003605,-4.8e-4,0.001466,NA,FALSE,FALSE,0.001164,0.001053,22.9504,-0.241706,-0.210299,-0.063465,0.209051,0.210299,0.241706,-31.875,-26.6302,-6.7766,20.9051,26.6302,31.875
SNPP_20251017T123600_vs_HYPERNETS_20251017T130000_RHOW_R_NE.csv,THFR_NE,Hyp,SNPP,3.6641600000000003,43.43485999999999,3.6675180000000003,43.438293,0.47,2.25,2025-10-17T11:00:00Z,2025-10-17T10:36:00Z,24,30,5,0.9075,0.9243,0.6183,0.9325,1.4064,-0.002618,-1.61e-4,0.001468,NA,FALSE,FALSE,8.42e-4,7.48e-4,19.1601,-0.200867,-0.12663,-0.034102,0.12663,0.200867,0.284936,-25.1357,-14.499,-3.5306,14.499,25.1357,28.4936
SNPP_20251026T130600_vs_HYPERNETS_20251026T124500_RHOW_R_NE.csv,THFR_NE,Hyp,SNPP,3.6641600000000003,43.43485999999999,3.669078,43.441505,0.84,2.25,2025-10-26T11:45:00Z,2025-10-26T12:06:00Z,21,30,3,0.4706,0.9582,0.0397,0.5682,8.1317,-0.070244,-0.001782,0.003002,NA,FALSE,FALSE,0.006272,0.00569,63.8873,-0.707088,-0.612198,-0.55732,0.55732,0.612198,0.707088,-260.8597,-157.8632,-127.6529,127.6529,157.8632,260.8597
SNPP_20251026T130600_vs_HYPERNETS_20251026T130000_RHOW_R_NE.csv,THFR_NE,Hyp,SNPP,3.6641600000000003,43.43485999999999,3.669078,43.441505,0.84,2.25,2025-10-26T12:00:00Z,2025-10-26T12:06:00Z,6,30,3,0.4505,1.0211,0.0373,0.5542,8.2404,-0.077485,-0.002076,0.002996,NA,FALSE,FALSE,0.007027,0.00645,67.1972,-0.743517,-0.668182,-0.598532,0.598532,0.668182,0.743517,-307.8806,-201.3704,-152.921,152.921,201.3704,307.8806
SNPP_20251026T130600_vs_HYPERNETS_20251026T131500_RHOW_R_NE.csv,THFR_NE,Hyp,SNPP,3.6641600000000003,43.43485999999999,3.669078,43.441505,0.84,2.25,2025-10-26T12:15:00Z,2025-10-26T12:06:00Z,9,30,3,0.4659,0.9466,0.0397,0.5585,7.8646,-0.068082,-0.001712,0.003001,NA,FALSE,FALSE,0.006318,0.005723,63.8886,-0.704296,-0.606864,-0.557464,0.557464,0.606864,0.704296,-258.1778,-154.3649,-127.3917,127.3917,154.3649,258.1778
SNPP_20251026T130600_vs_HYPERNETS_20251026T133000_RHOW_R_NE.csv,THFR_NE,Hyp,SNPP,3.6641600000000003,43.43485999999999,3.669078,43.441505,0.84,2.25,2025-10-26T12:30:00Z,2025-10-26T12:06:00Z,24,30,3,0.4731,0.9889,0.041,0.5599,7.6493,-0.067057,-0.001793,0.002984,NA,FALSE,FALSE,0.006407,0.005844,64.7815,-0.714378,-0.627039,-0.570864,0.570864,0.627039,0.714378,-267.7261,-168.1247,-135.0489,135.0489,168.1247,267.7261
SNPP_20251028T123001_vs_HYPERNETS_20251028T121500_RHOW_R_NE.csv,THFR_NE,Hyp,SNPP,3.6641600000000003,43.43485999999999,3.666616,43.437906,0.39,2.25,2025-10-28T11:15:00Z,2025-10-28T11:30:01Z,15,30,4,0.6691,1.2416,0.2339,0.7668,2.5134,-0.016238,-0.002758,0.001354,NA,FALSE,FALSE,0.004884,0.004558,62.8376,-0.724682,-0.613002,-0.516695,0.516695,0.613002,0.724682,-304.972,-160.8796,-109.1493,109.1493,160.8796,304.972
SNPP_20251028T123001_vs_HYPERNETS_20251028T124500_RHOW_R_NE.csv,THFR_NE,Hyp,SNPP,3.6641600000000003,43.43485999999999,3.666616,43.437906,0.39,2.25,2025-10-28T11:45:00Z,2025-10-28T11:30:01Z,15,30,4,0.6242,1.3037,0.2203,0.7115,2.2979,-0.016289,-0.002862,0.001295,NA,FALSE,FALSE,0.005641,0.005304,66.3984,-0.747759,-0.654179,-0.570404,0.570404,0.654179,0.747759,-342.0908,-191.1219,-136.0379,136.0379,191.1219,342.0908
SNPP_20251028T123001_vs_HYPERNETS_20251028T130000_RHOW_R_NE.csv,THFR_NE,Hyp,SNPP,3.6641600000000003,43.43485999999999,3.666616,43.437906,0.39,2.25,2025-10-28T12:00:00Z,2025-10-28T11:30:01Z,30,30,4,0.6227,1.3491,0.2266,0.6986,2.1541,-0.015139,-0.002775,0.001235,NA,FALSE,FALSE,0.005663,0.005335,66.7551,-0.747087,-0.657932,-0.578396,0.578396,0.657932,0.747087,-339.2448,-193.9831,-140.5823,140.5823,193.9831,339.2448
SNPP_20251118T123600_vs_HYPERNETS_20251118T121500_RHOW_C_NE.csv,THFR_NE,Hyp,SNPP,3.6641600000000003,43.43485999999999,3.665254,43.44096,0.68,2.25,2025-11-18T11:15:00Z,2025-11-18T11:36:00Z,21,30,4,0.7836,0.9123,0.3278,0.8386,2.1454,-0.007092,-8.61e-4,0.001574,NA,FALSE,FALSE,0.001891,0.001631,34.0256,-0.489236,-0.322985,-0.174005,0.174005,0.322985,0.489236,-97.1056,-50.6735,-21.127,21.127,50.6735,97.1056
SNPP_20251118T123600_vs_HYPERNETS_20251118T123000_RHOW_C_NE.csv,THFR_NE,Hyp,SNPP,3.6641600000000003,43.43485999999999,3.665254,43.44096,0.68,2.25,2025-11-18T11:30:00Z,2025-11-18T11:36:00Z,6,30,4,0.7963,0.9901,0.3501,0.8427,2.0282,-0.006622,-9.18e-4,0.001452,NA,FALSE,FALSE,0.001894,0.001675,36.3566,-0.486535,-0.339454,-0.216485,0.216485,0.339454,0.486535,-95.8599,-53.818600000000004,-27.6413,27.6413,53.818600000000004,95.8599
SNPP_20251118T123600_vs_HYPERNETS_20251118T124500_RHOW_C_NE.csv,THFR_NE,Hyp,SNPP,3.6641600000000003,43.43485999999999,3.665254,43.44096,0.68,2.25,2025-11-18T11:45:00Z,2025-11-18T11:36:00Z,9,30,4,0.803,0.9879,0.3535,0.8495,2.0413,-0.006596,-9.14e-4,0.001451,NA,FALSE,FALSE,0.001849,0.001631,35.7328,-0.481559,-0.332006,-0.207775,0.207775,0.332006,0.481559,-93.9957,-52.1307,-26.2352,26.2352,52.1307,93.9957
SNPP_20251118T123600_vs_HYPERNETS_20251118T130000_RHOW_C_NE.csv,THFR_NE,Hyp,SNPP,3.6641600000000003,43.43485999999999,3.665254,43.44096,0.68,2.25,2025-11-18T12:00:00Z,2025-11-18T11:36:00Z,24,30,4,0.7959,1.0195,0.3294,0.8541,2.2147,-0.007961,-0.001143,0.001486,NA,FALSE,FALSE,0.002099,0.001874,39.5682,-0.512643,-0.38009,-0.263129,0.263129,0.38009,0.512643,-106.9714,-63.3486,-35.8458,35.8458,63.3486,106.9714
SNPP_20251122T130000_vs_HYPERNETS_20251122T123000_RHOW_R_NE.csv,THFR_NE,Hyp,SNPP,3.6641600000000003,43.43485999999999,3.665951,43.441055,0.7,2.25,2025-11-22T11:30:00Z,2025-11-22T12:00:00Z,30,30,3,0.8754,0.6745,0.075,1.0444,14.5514,-0.071727,-7.8e-4,0.004312,NA,FALSE,FALSE,0.001754,0.001389,32.7613,-0.194111,0.081269,0.256674,0.256674,0.432079,0.450785,-32.0343,8.1269,24.4372,24.4372,43.2079,64.2999
SNPP_20251122T130000_vs_HYPERNETS_20251122T124500_RHOW_R_NE.csv,THFR_NE,Hyp,SNPP,3.6641600000000003,43.43485999999999,3.665951,43.441055,0.7,2.25,2025-11-22T11:45:00Z,2025-11-22T12:00:00Z,15,30,3,0.8936,0.6823,0.0768,1.0628,14.6998,-0.071456,-8.01e-4,0.004308,NA,FALSE,FALSE,0.00171,0.001389,32.907,-0.182173,0.095892,0.263485,0.263485,0.431078,0.445658,-30.0215,9.5892,25.2321,25.2321,43.1078,62.8286
SNPP_20251122T130000_vs_HYPERNETS_20251122T130000_RHOW_R_NE.csv,THFR_NE,Hyp,SNPP,3.6641600000000003,43.43485999999999,3.665951,43.441055,0.7,2.25,2025-11-22T12:00:00Z,2025-11-22T12:00:00Z,0,30,3,0.917,0.6668,0.0796,1.0839,14.7657,-0.069088,-7.11e-4,0.004308,NA,FALSE,FALSE,0.001634,0.001414,36.8108,-0.156245,0.125726,0.333055,0.281971,0.438215,0.489299,-25.7473,12.5726,31.6833,31.6833,54.0383,65.5882
SNPP_20251122T130000_vs_HYPERNETS_20251122T131500_RHOW_R_NE.csv,THFR_NE,Hyp,SNPP,3.6641600000000003,43.43485999999999,3.665951,43.441055,0.7,2.25,2025-11-22T12:15:00Z,2025-11-22T12:00:00Z,15,30,3,0.9213,0.6877,0.079,1.0983,15.2714,-0.072298,-8.32e-4,0.004308,NA,FALSE,FALSE,0.001673,0.001425,34.2591,-0.158227,0.129672,0.290824,0.287899,0.446126,0.449051,-26.4207,12.9672,28.0725,28.0725,45.1977,61.9102
SNPP_20251122T130000_vs_HYPERNETS_20251122T133000_RHOW_R_NE.csv,THFR_NE,Hyp,SNPP,3.6641600000000003,43.43485999999999,3.665951,43.441055,0.7,2.25,2025-11-22T12:30:00Z,2025-11-22T12:00:00Z,30,30,3,1.0218,0.6693,0.091,1.1886,15.522,-0.065287,-6.54e-4,0.004296,NA,FALSE,FALSE,0.001538,0.001467,43.8981,-0.067667,0.23211,0.474749,0.299777,0.367445,0.542417,-13.2729,23.211,45.4652,39.5647,58.0889,64.7726
SNPP_20251127T130601_vs_HYPERNETS_20251127T124500_RHOW_R_NE.csv,THFR_NE,Hyp,SNPP,3.6641600000000003,43.43485999999999,3.664478,43.439838,0.55,2.25,2025-11-27T11:45:00Z,2025-11-27T12:06:01Z,21,30,2,0.75,1.2668,NA,0.75,NA,NA,-3.89e-4,NA,NA,NA,NA,0.001717,0.001508,43.7554,-0.506246,-0.437554,-0.368861,0.368861,0.437554,0.506246,-107.6889,-83.3486,-61.8609,61.8609,83.3486,107.6889
SNPP_20251127T130601_vs_HYPERNETS_20251127T130000_RHOW_R_NE.csv,THFR_NE,Hyp,SNPP,3.6641600000000003,43.43485999999999,3.664478,43.439838,0.55,2.25,2025-11-27T12:00:00Z,2025-11-27T12:06:01Z,6,30,2,0.7705,1.2152,NA,0.7705,NA,NA,-3.09e-4,NA,NA,NA,NA,0.001479,0.001285,39.5784,-0.458185,-0.395784,-0.333383,0.333383,0.395784,0.458185,-87.8375,-69.1513,-52.3241,52.3241,69.1513,87.8375
SNPP_20251127T130601_vs_HYPERNETS_20251127T131500_RHOW_R_NE.csv,THFR_NE,Hyp,SNPP,3.6641600000000003,43.43485999999999,3.664478,43.439838,0.55,2.25,2025-11-27T12:15:00Z,2025-11-27T12:06:01Z,9,30,2,0.7693,1.287,NA,0.7693,NA,NA,-4.21e-4,NA,NA,NA,NA,0.001616,0.001437,43.2482,-0.505689,-0.432482,-0.359275,0.359275,0.432482,0.505689,-108.1104,-82.3799,-59.8306,59.8306,82.3799,108.1104
SNPP_20251127T130601_vs_HYPERNETS_20251127T133000_RHOW_R_NE.csv,THFR_NE,Hyp,SNPP,3.6641600000000003,43.43485999999999,3.664478,43.439838,0.55,2.25,2025-11-27T12:30:00Z,2025-11-27T12:06:01Z,24,30,2,0.8324,1.2029,NA,0.8324,NA,NA,-2.9e-4,NA,NA,NA,NA,0.001068,9.46e-4,33.9865,-0.404891,-0.339865,-0.274839,0.274839,0.339865,0.404891,-70.73,-54.5124,-39.8353,39.8353,54.5124,70.73
SNPP_20251229T130601_vs_HYPERNETS_20251229T124500_RHOW_R_NE.csv,THFR_NE,Hyp,SNPP,3.6641600000000003,43.43485999999999,3.6683800000000004,43.436962,0.41,2.25,2025-12-29T11:45:00Z,2025-12-29T12:06:01Z,21,30,2,2.7963,6.1815,NA,2.7963,NA,NA,-0.018936,NA,NA,NA,NA,0.004303,0.003688,48.262,-0.64821,-0.48262,-0.317031,0.317031,0.48262,0.64821,-267.5741,-151.576,-72.1843,72.1843,151.576,267.5741
SNPP_20251229T130601_vs_HYPERNETS_20251229T130000_RHOW_R_NE.csv,THFR_NE,Hyp,SNPP,3.6641600000000003,43.43485999999999,3.6683800000000004,43.436962,0.41,2.25,2025-12-29T12:00:00Z,2025-12-29T12:06:01Z,6,30,2,2.6887,5.7653,NA,2.6887,NA,NA,-0.017362,NA,NA,NA,NA,0.004067,0.003442,46.9911,-0.63790500000000006,-0.469911,-0.301918,0.301918,0.469911,0.63790500000000006,-254.4772,-143.8973,-67.813,67.813,143.8973,254.4772
SNPP_20251229T130601_vs_HYPERNETS_20251229T131500_RHOW_R_NE.csv,THFR_NE,Hyp,SNPP,3.6641600000000003,43.43485999999999,3.6683800000000004,43.436962,0.41,2.25,2025-12-29T12:15:00Z,2025-12-29T12:06:01Z,9,30,2,2.5891,5.4862,NA,2.5891,NA,NA,-0.016307,NA,NA,NA,NA,0.003964,0.003352,46.6043,-0.633981,-0.466043,-0.298105,0.298105,0.466043,0.633981,-248.7453,-140.9131,-66.4226,66.4226,140.9131,248.7453
SNPP_20251229T130601_vs_HYPERNETS_20251229T133000_RHOW_R_NE.csv,THFR_NE,Hyp,SNPP,3.6641600000000003,43.43485999999999,3.6683800000000004,43.436962,0.41,2.25,2025-12-29T12:30:00Z,2025-12-29T12:06:01Z,24,30,2,2.5295,4.9637,NA,2.5295,NA,NA,-0.014334,NA,NA,NA,NA,0.003463,0.002764,42.9058,-0.6056,-0.429058,-0.252515,0.252515,0.429058,0.6056,-219.8529,-122.8804,-55.3079,55.3079,122.8804,219.8529
SNPP_20251231T123000_vs_HYPERNETS_20251231T120000_RHOW_R_NE.csv,THFR_NE,Hyp,SNPP,3.6641600000000003,43.43485999999999,3.665423,43.435444,0.12,2.25,2025-12-31T11:00:00Z,2025-12-31T11:30:00Z,30,30,5,0.588,0.5354,0.3246,0.6417,1.2684,-9.68e-4,0.001724,0.003086,NA,FALSE,FALSE,0.001275,0.001155,40.0738,-0.151775,0.084286,0.403286,0.151775,0.188021,0.403286,-17.8932,8.4286,40.3286,17.8932,23.156,40.3286
SNPP_20251231T123000_vs_HYPERNETS_20251231T121500_RHOW_R_NE.csv,THFR_NE,Hyp,SNPP,3.6641600000000003,43.43485999999999,3.665423,43.435444,0.12,2.25,2025-12-31T11:15:00Z,2025-12-31T11:30:00Z,15,30,5,0.5907,0.4496,0.3181,0.6529,1.34,-7.43e-4,0.001936,0.003241,NA,FALSE,FALSE,0.001392,0.00119,62.0599,-0.104946,0.19607,0.616054,0.120923,0.19607,0.616054,-11.7251,19.607,61.6054,13.7557,19.607,61.6054
SNPP_20251231T123000_vs_HYPERNETS_20251231T123000_RHOW_R_NE.csv,THFR_NE,Hyp,SNPP,3.6641600000000003,43.43485999999999,3.665423,43.435444,0.12,2.25,2025-12-31T11:30:00Z,2025-12-31T11:30:00Z,0,30,5,0.5925,0.4089,0.3148,0.6601,1.3843,-6.71e-4,0.002024,0.00331,NA,FALSE,FALSE,0.001476,0.001195,76.2854,-0.080948,0.228522,0.748705,0.083674,0.228522,0.748705,-8.8078,22.8522,74.8705,9.1315,22.8522,74.8705
SNPP_20251231T123000_vs_HYPERNETS_20251231T124500_RHOW_R_NE.csv,THFR_NE,Hyp,SNPP,3.6641600000000003,43.43485999999999,3.665423,43.435444,0.12,2.25,2025-12-31T11:45:00Z,2025-12-31T11:30:00Z,15,30,5,0.5903,0.3711,0.309,0.664,1.4268,-6.81e-4,0.002079,0.003363,NA,FALSE,FALSE,0.001545,0.001199,90.5548,-0.058573,0.22075,0.844659,0.069241,0.22075,0.844659,-6.2217,22.075,84.4659,7.4393,22.075,84.4659
SNPP_20251231T123000_vs_HYPERNETS_20251231T130000_RHOW_R_NE.csv,THFR_NE,Hyp,SNPP,3.6641600000000003,43.43485999999999,3.665423,43.435444,0.12,2.25,2025-12-31T12:00:00Z,2025-12-31T11:30:00Z,30,30,5,0.5903,0.2964,0.3046,0.6713,1.4791,-4.88e-4,0.002226,0.003458,NA,FALSE,FALSE,0.00171,0.001224,144.7621,-0.006116,0.321333,1.078319,0.030772,0.321333,1.078319,-0.6153,32.1333,107.8319,3.1749,32.1333,107.8319
JPSS1_20250123T130001_vs_HYPERNETS_20250123T131500_RHOW_R_NE.csv,THFR_NE,Hyp,JPSS1,3.6641600000000003,43.43485999999999,3.665951,43.435101,0.15,2.25,2025-01-23T12:15:00Z,2025-01-23T12:00:01Z,15,30,1,NA,NA,NA,NA,NA,NA,NA,NA,NA,NA,NA,NA,NA,NA,NA,NA,NA,NA,NA,NA,NA,NA,NA,NA,NA,NA
JPSS1_20250123T130001_vs_HYPERNETS_20250123T133000_RHOW_R_NE.csv,THFR_NE,Hyp,JPSS1,3.6641600000000003,43.43485999999999,3.665951,43.435101,0.15,2.25,2025-01-23T12:30:00Z,2025-01-23T12:00:01Z,30,30,1,NA,NA,NA,NA,NA,NA,NA,NA,NA,NA,NA,NA,NA,NA,NA,NA,NA,NA,NA,NA,NA,NA,NA,NA,NA,NA
JPSS1_20250203T125400_vs_HYPERNETS_20250203T123000_RHOW_R_NE.csv,THFR_NE,Hyp,JPSS1,3.6641600000000003,43.43485999999999,3.666493,43.437138000000004,0.32,2.25,2025-02-03T11:30:00Z,2025-02-03T11:54:00Z,24,30,2,6.1772,21.9577,NA,6.1772,NA,NA,-0.066668,NA,NA,NA,NA,0.00796,0.007794,68.978,-0.770463,-0.68978,-0.609096,0.609096,0.68978,0.770463,-403.5484,-277.4333,-182.9041,182.9041,277.4333,403.5484
JPSS1_20250203T125400_vs_HYPERNETS_20250203T124500_RHOW_R_NE.csv,THFR_NE,Hyp,JPSS1,3.6641600000000003,43.43485999999999,3.666493,43.437138000000004,0.32,2.25,2025-02-03T11:45:00Z,2025-02-03T11:54:00Z,9,30,2,5.7598,20.6181,NA,5.7598,NA,NA,-0.062385,NA,NA,NA,NA,0.008034,0.007874,69.2228,-0.772074,-0.692228,-0.612382,0.612382,0.692228,0.772074,-406.6292,-280.082,-185.1442,185.1442,280.082,406.6292
JPSS1_20250203T125400_vs_HYPERNETS_20250203T130000_RHOW_R_NE.csv,THFR_NE,Hyp,JPSS1,3.6641600000000003,43.43485999999999,3.666493,43.437138000000004,0.32,2.25,2025-02-03T12:00:00Z,2025-02-03T11:54:00Z,6,30,2,4.9931,17.1347,NA,4.9931,NA,NA,-0.051248,NA,NA,NA,NA,0.007562,0.007402,67.9922,-0.762262,-0.679922,-0.597582,0.597582,0.679922,0.762262,-384.2097,-264.346,-174.1539,174.1539,264.346,384.2097
JPSS1_20250203T125400_vs_HYPERNETS_20250203T131500_RHOW_R_NE.csv,THFR_NE,Hyp,JPSS1,3.6641600000000003,43.43485999999999,3.666493,43.437138000000004,0.32,2.25,2025-02-03T12:15:00Z,2025-02-03T11:54:00Z,21,30,2,4.7879,15.6794,NA,4.7879,NA,NA,-0.046595,NA,NA,NA,NA,0.007068,0.006901,66.5137,-0.750877,-0.665137,-0.579397,0.579397,0.665137,0.750877,-361.29880000000003,-247.6749,-162.0381,162.0381,247.6749,361.29880000000003
JPSS1_20250206T115400_vs_HYPERNETS_20250206T113000_RHOW_R_NE.csv,THFR_NE,Hyp,JPSS1,3.6641600000000003,43.43485999999999,3.664346,43.437748,0.32,2.25,2025-02-06T10:30:00Z,2025-02-06T10:54:00Z,24,30,1,NA,NA,NA,NA,NA,NA,NA,NA,NA,NA,NA,NA,NA,NA,NA,NA,NA,NA,NA,NA,NA,NA,NA,NA,NA,NA
JPSS1_20250206T115400_vs_HYPERNETS_20250206T114500_RHOW_R_NE.csv,THFR_NE,Hyp,JPSS1,3.6641600000000003,43.43485999999999,3.664346,43.437748,0.32,2.25,2025-02-06T10:45:00Z,2025-02-06T10:54:00Z,9,30,1,NA,NA,NA,NA,NA,NA,NA,NA,NA,NA,NA,NA,NA,NA,NA,NA,NA,NA,NA,NA,NA,NA,NA,NA,NA,NA
JPSS1_20250206T115400_vs_HYPERNETS_20250206T120000_RHOW_R_NE.csv,THFR_NE,Hyp,JPSS1,3.6641600000000003,43.43485999999999,3.664346,43.437748,0.32,2.25,2025-02-06T11:00:00Z,2025-02-06T10:54:00Z,6,30,1,NA,NA,NA,NA,NA,NA,NA,NA,NA,NA,NA,NA,NA,NA,NA,NA,NA,NA,NA,NA,NA,NA,NA,NA,NA,NA
JPSS1_20250206T115400_vs_HYPERNETS_20250206T121500_RHOW_R_NE.csv,THFR_NE,Hyp,JPSS1,3.6641600000000003,43.43485999999999,3.664346,43.437748,0.32,2.25,2025-02-06T11:15:00Z,2025-02-06T10:54:00Z,21,30,1,NA,NA,NA,NA,NA,NA,NA,NA,NA,NA,NA,NA,NA,NA,NA,NA,NA,NA,NA,NA,NA,NA,NA,NA,NA,NA
JPSS1_20250621T130601_vs_HYPERNETS_20250621T124500_RHOW_R_NE.csv,THFR_NE,Hyp,JPSS1,3.6641600000000003,43.43485999999999,3.664674,43.441292,0.72,2.25,2025-06-21T10:45:00Z,2025-06-21T11:06:01Z,21,30,1,NA,NA,NA,NA,NA,NA,NA,NA,NA,NA,NA,NA,NA,NA,NA,NA,NA,NA,NA,NA,NA,NA,NA,NA,NA,NA
JPSS1_20250621T130601_vs_HYPERNETS_20250621T130000_RHOW_R_NE.csv,THFR_NE,Hyp,JPSS1,3.6641600000000003,43.43485999999999,3.664674,43.441292,0.72,2.25,2025-06-21T11:00:00Z,2025-06-21T11:06:01Z,6,30,1,NA,NA,NA,NA,NA,NA,NA,NA,NA,NA,NA,NA,NA,NA,NA,NA,NA,NA,NA,NA,NA,NA,NA,NA,NA,NA
JPSS1_20250621T130601_vs_HYPERNETS_20250621T131500_RHOW_R_NE.csv,THFR_NE,Hyp,JPSS1,3.6641600000000003,43.43485999999999,3.664674,43.441292,0.72,2.25,2025-06-21T11:15:00Z,2025-06-21T11:06:01Z,9,30,1,NA,NA,NA,NA,NA,NA,NA,NA,NA,NA,NA,NA,NA,NA,NA,NA,NA,NA,NA,NA,NA,NA,NA,NA,NA,NA
JPSS1_20250621T130601_vs_HYPERNETS_20250621T133000_RHOW_R_NE.csv,THFR_NE,Hyp,JPSS1,3.6641600000000003,43.43485999999999,3.664674,43.441292,0.72,2.25,2025-06-21T11:30:00Z,2025-06-21T11:06:01Z,24,30,1,NA,NA,NA,NA,NA,NA,NA,NA,NA,NA,NA,NA,NA,NA,NA,NA,NA,NA,NA,NA,NA,NA,NA,NA,NA,NA
JPSS1_20250725T123000_vs_HYPERNETS_20250725T120000_RHOW_R_NE.csv,THFR_NE,Hyp,JPSS1,3.6641600000000003,43.43485999999999,3.665198,43.438030000000005,0.36,2.25,2025-07-25T10:00:00Z,2025-07-25T10:30:00Z,30,30,2,1.8837,4.3273,NA,1.8837,NA,NA,-0.01474,NA,NA,NA,NA,0.005642,0.005551,55.1242,-0.630299,-0.551242,-0.472186,0.472186,0.551242,0.630299,-186.2231,-138.1064,-98.0785,98.0785,138.1064,186.2231
JPSS1_20250725T123000_vs_HYPERNETS_20250725T121500_RHOW_R_NE.csv,THFR_NE,Hyp,JPSS1,3.6641600000000003,43.43485999999999,3.665198,43.438030000000005,0.36,2.25,2025-07-25T10:15:00Z,2025-07-25T10:30:00Z,15,30,2,1.5085,2.9818,NA,1.5085,NA,NA,-0.00871,NA,NA,NA,NA,0.004204,0.00414,48.5849,-0.564994,-0.485849,-0.406704,0.406704,0.485849,0.564994,-139.6767,-104.4243,-74.3569,74.3569,104.4243,139.6767
JPSS1_20250725T123000_vs_HYPERNETS_20250725T124500_RHOW_R_NE.csv,THFR_NE,Hyp,JPSS1,3.6641600000000003,43.43485999999999,3.665198,43.438030000000005,0.36,2.25,2025-07-25T10:45:00Z,2025-07-25T10:30:00Z,15,30,2,1.5246,2.9323,NA,1.5246,NA,NA,-0.008489,NA,NA,NA,NA,0.00397,0.0039,47.1941,-0.552578,-0.471941,-0.391303,0.391303,0.471941,0.552578,-132.8546,-98.8748,-69.8536,69.8536,98.8748,132.8546
JPSS1_20250725T123000_vs_HYPERNETS_20250725T130000_RHOW_R_NE.csv,THFR_NE,Hyp,JPSS1,3.6641600000000003,43.43485999999999,3.665198,43.438030000000005,0.36,2.25,2025-07-25T11:00:00Z,2025-07-25T10:30:00Z,30,30,2,1.5211,2.8449,NA,1.5211,NA,NA,-0.008099,NA,NA,NA,NA,0.003737,0.003664,45.765,-0.539235,-0.45765,-0.376066,0.376066,0.45765,0.539235,-125.8075,-93.3405,-65.5416,65.5416,93.3405,125.8075
JPSS1_20250803T130000_vs_HYPERNETS_20250803T133000_RHOW_R_NE.csv,THFR_NE,Hyp,JPSS1,3.6641600000000003,43.43485999999999,3.6652340000000003,43.435894,0.14,2.25,2025-08-03T11:30:00Z,2025-08-03T11:00:00Z,30,30,1,NA,NA,NA,NA,NA,NA,NA,NA,NA,NA,NA,NA,NA,NA,NA,NA,NA,NA,NA,NA,NA,NA,NA,NA,NA,NA
JPSS1_20250821T122400_vs_HYPERNETS_20250821T121500_RHOW_R_NE.csv,THFR_NE,Hyp,JPSS1,3.6641600000000003,43.43485999999999,3.6657330000000004,43.44133,0.73,2.25,2025-08-21T10:15:00Z,2025-08-21T10:24:00Z,9,30,4,1.8018,4.0385,1.0927,1.8308,3.0677,-0.013958,-0.00674,-0.002433,NA,TRUE,TRUE,0.002315,0.00196,41.5796,-0.550653,-0.368218,-0.224853,0.233361,0.368218,0.550653,-178.4574,-59.0688,-30.8889,31.9978,59.0688,178.4574
JPSS1_20250821T122400_vs_HYPERNETS_20250821T123000_RHOW_R_NE.csv,THFR_NE,Hyp,JPSS1,3.6641600000000003,43.43485999999999,3.6657330000000004,43.44133,0.73,2.25,2025-08-21T10:30:00Z,2025-08-21T10:24:00Z,6,30,4,1.7173,3.6194,1.0733,1.7412,2.8249,-0.011584,-0.005628,-0.001956,NA,TRUE,TRUE,0.001996,0.001731,39.96,-0.513319,-0.327133,-0.19048,0.213414,0.327133,0.513319,-154.9639,-49.1705,-25.1151,27.9523,49.1705,154.9639
JPSS1_20250821T122400_vs_HYPERNETS_20250821T124500_RHOW_R_NE.csv,THFR_NE,Hyp,JPSS1,3.6641600000000003,43.43485999999999,3.6657330000000004,43.44133,0.73,2.25,2025-08-21T10:45:00Z,2025-08-21T10:24:00Z,21,30,4,1.7275,3.6622,1.0673,1.7529,2.8791,-0.011985,-0.005755,-0.001962,NA,TRUE,TRUE,0.002032,0.001755,40.0939,-0.5161,-0.330547,-0.194094,0.215386,0.330547,0.5161,-157.0851,-49.931,-25.6943,28.3426,49.931,157.0851
JPSS1_20250824T130601_vs_HYPERNETS_20250824T124500_RHOW_R_NE.csv,THFR_NE,Hyp,JPSS1,3.6641600000000003,43.43485999999999,3.6648340000000004,43.44142899999999,0.73,2.25,2025-08-24T10:45:00Z,2025-08-24T11:06:01Z,21,30,3,1.0985,2.3529,0.1057,1.2344,14.4191,-0.079824,-0.003559,0.00297,NA,FALSE,FALSE,0.00268,0.002203,52.4049,-0.757375,-0.635609,-0.346503,0.346503,0.635609,0.757375,-376.5163,-174.4308,-70.6287,70.6287,174.4308,376.5163
JPSS1_20250824T130601_vs_HYPERNETS_20250824T130000_RHOW_R_NE.csv,THFR_NE,Hyp,JPSS1,3.6641600000000003,43.43485999999999,3.6648340000000004,43.44142899999999,0.73,2.25,2025-08-24T11:00:00Z,2025-08-24T11:06:01Z,6,30,3,1.0909,2.4702,0.1077,1.215,13.7023,-0.079103,-0.00375,0.002931,NA,FALSE,FALSE,0.00286,0.002453,54.3147,-0.768008,-0.646115,-0.36977,0.36977,0.646115,0.768008,-406.6129,-182.578,-76.5497,76.5497,182.578,406.6129
JPSS1_20250824T130601_vs_HYPERNETS_20250824T131500_RHOW_R_NE.csv,THFR_NE,Hyp,JPSS1,3.6641600000000003,43.43485999999999,3.6648340000000004,43.44142899999999,0.73,2.25,2025-08-24T11:15:00Z,2025-08-24T11:06:01Z,9,30,3,1.0814,2.3997,0.1123,1.1867,12.5352,-0.071493,-0.003526,0.002909,NA,FALSE,FALSE,0.002773,0.002408,54.2538,-0.761898,-0.63824,-0.371029,0.371029,0.63824,0.761898,-391.4656,-176.4261,-75.6271,75.6271,176.4261,391.4656
JPSS1_20250824T130601_vs_HYPERNETS_20250824T133000_RHOW_R_NE.csv,THFR_NE,Hyp,JPSS1,3.6641600000000003,43.43485999999999,3.6648340000000004,43.44142899999999,0.73,2.25,2025-08-24T11:30:00Z,2025-08-24T11:06:01Z,24,30,3,1.0562,2.3058,0.1121,1.1529,11.8567,-0.06727,-0.003308,0.002912,NA,FALSE,FALSE,0.002739,0.002394,54.3442,-0.758032,-0.635925,-0.375093,0.375093,0.635925,0.758032,-378.7025,-174.6687,-76.0968,76.0968,174.6687,378.7025
JPSS1_20250905T124200_vs_HYPERNETS_20250905T121500_RHOW_R_NE.csv,THFR_NE,Hyp,JPSS1,3.6641600000000003,43.43485999999999,3.66577,43.439522000000004,0.54,2.25,2025-09-05T10:15:00Z,2025-09-05T10:42:00Z,27,30,4,1.0051,1.5278,0.4075,1.0846,2.8867,-0.014581,-0.003231,0.001033,NA,FALSE,FALSE,0.002901,0.002699,49.698,-0.619903,-0.547513,-0.424589,0.424589,0.547513,0.619903,-167.1736,-121.7316,-78.8915,78.8915,121.7316,167.1736
JPSS1_20250905T124200_vs_HYPERNETS_20250905T123000_RHOW_R_NE.csv,THFR_NE,Hyp,JPSS1,3.6641600000000003,43.43485999999999,3.66577,43.439522000000004,0.54,2.25,2025-09-05T10:30:00Z,2025-09-05T10:42:00Z,12,30,4,0.9897,1.5308,0.4031,1.0666,2.8224,-0.014412,-0.003207,0.001027,NA,FALSE,FALSE,0.002976,0.002783,50.3854,-0.624886,-0.554532,-0.433501,0.433501,0.554532,0.624886,-170.5456,-125.2128,-81.7434,81.7434,125.2128,170.5456
JPSS1_20250905T124200_vs_HYPERNETS_20250905T124500_RHOW_R_NE.csv,THFR_NE,Hyp,JPSS1,3.6641600000000003,43.43485999999999,3.66577,43.439522000000004,0.54,2.25,2025-09-05T10:45:00Z,2025-09-05T10:42:00Z,3,30,4,1.0088,1.5219,0.4413,1.0687,2.5885,-0.012159,-0.002907,9.13e-4,NA,FALSE,FALSE,0.002658,0.002489,48.1384,-0.602139,-0.531301,-0.410546,0.410546,0.531301,0.602139,-154.3755,-114.0446,-74.0912,74.0912,114.0446,154.3755
JPSS1_20250905T124200_vs_HYPERNETS_20250905T130000_RHOW_R_NE.csv,THFR_NE,Hyp,JPSS1,3.6641600000000003,43.43485999999999,3.66577,43.439522000000004,0.54,2.25,2025-09-05T11:00:00Z,2025-09-05T10:42:00Z,18,30,4,1.0121,1.5521,0.4491,1.069,2.5445,-0.011995,-0.002953,8.46e-4,NA,FALSE,FALSE,0.002689,0.002529,48.5916,-0.610385,-0.537562,-0.413093,0.413093,0.537562,0.610385,-159.3947,-117.1452,-74.8019,74.8019,117.1452,159.3947
JPSS1_20250906T122401_vs_HYPERNETS_20250906T120000_RHOW_R_NE.csv,THFR_NE,Hyp,JPSS1,3.6641600000000003,43.43485999999999,3.6651030000000002,43.440125,0.59,2.25,2025-09-06T10:00:00Z,2025-09-06T10:24:01Z,24,30,5,1.3848,1.1904,0.7487,1.5272,3.1154,-0.010953,-0.002467,0.001692,NA,FALSE,FALSE,0.001754,0.001472,33.4919,0.060012,0.111242,0.268447,0.111242,0.268447,0.493779,6.0012,11.1242,26.8447,11.1242,26.8447,49.3779
JPSS1_20250906T122401_vs_HYPERNETS_20250906T121500_RHOW_R_NE.csv,THFR_NE,Hyp,JPSS1,3.6641600000000003,43.43485999999999,3.6651030000000002,43.440125,0.59,2.25,2025-09-06T10:15:00Z,2025-09-06T10:24:01Z,9,30,5,1.3899,1.2103,0.7708,1.5135,2.9721,-0.009778,-0.002186,0.001681,NA,FALSE,FALSE,0.001723,0.001511,35.3665,0.102087,0.134725,0.276198,0.134725,0.276198,0.532186,10.2087,13.4725,27.6198,13.4725,27.6198,53.2186
JPSS1_20250906T122401_vs_HYPERNETS_20250906T123000_RHOW_R_NE.csv,THFR_NE,Hyp,JPSS1,3.6641600000000003,43.43485999999999,3.6651030000000002,43.440125,0.59,2.25,2025-09-06T10:30:00Z,2025-09-06T10:24:01Z,6,30,5,1.3673,1.1856,0.7304,1.5183,3.1565,-0.011639,-0.002644,0.001682,NA,FALSE,FALSE,0.001752,0.0014,31.1666,0.02277,0.088143,0.247225,0.088143,0.247225,0.44674,2.277,8.8143,24.7225,8.8143,24.7225,44.674
JPSS1_20250906T122401_vs_HYPERNETS_20250906T124500_RHOW_R_NE.csv,THFR_NE,Hyp,JPSS1,3.6641600000000003,43.43485999999999,3.6651030000000002,43.440125,0.59,2.25,2025-09-06T10:45:00Z,2025-09-06T10:24:01Z,21,30,5,1.395,1.1763,0.7496,1.5437,3.1793,-0.011194,-0.002507,0.001711,NA,FALSE,FALSE,0.001787,0.001506,34.3068,0.059648,0.120124,0.280148,0.120124,0.280148,0.513838,5.9648,12.0124,28.0148,12.0124,28.0148,51.3838
JPSS1_20250921T124200_vs_HYPERNETS_20250921T123000_RHOW_R_NE.csv,THFR_NE,Hyp,JPSS1,3.6641600000000003,43.43485999999999,3.6645380000000003,43.435986,0.13,2.25,2025-09-21T10:30:00Z,2025-09-21T10:42:00Z,12,30,2,1.2265,3.8406,NA,1.2265,NA,NA,-0.008724,NA,NA,NA,NA,0.006476,0.006467,66.8611,-0.735092,-0.668611,-0.60213,0.60213,0.668611,0.735092,-307.4632,-229.4404,-166.3577,166.3577,229.4404,307.4632
JPSS1_20250921T124200_vs_HYPERNETS_20250921T124500_RHOW_R_NE.csv,THFR_NE,Hyp,JPSS1,3.6641600000000003,43.43485999999999,3.6645380000000003,43.435986,0.13,2.25,2025-09-21T10:45:00Z,2025-09-21T10:42:00Z,3,30,2,1.2476,3.7213,NA,1.2476,NA,NA,-0.00835,NA,NA,NA,NA,0.006009,0.005998,65.2675,-0.721653,-0.652675,-0.583697,0.583697,0.652675,0.721653,-287.094,-213.7233,-154.2594,154.2594,213.7233,287.094
JPSS1_20250921T124200_vs_HYPERNETS_20250921T130000_RHOW_R_NE.csv,THFR_NE,Hyp,JPSS1,3.6641600000000003,43.43485999999999,3.6645380000000003,43.435986,0.13,2.25,2025-09-21T11:00:00Z,2025-09-21T10:42:00Z,18,30,2,1.2222,3.7043,NA,1.2222,NA,NA,-0.008297,NA,NA,NA,NA,0.006161,0.006152,65.8264,-0.72603,-0.658264,-0.590498,0.590498,0.658264,0.72603,-293.1755,-218.7648,-158.4368,158.4368,218.7648,293.1755
JPSS1_20250922T122400_vs_HYPERNETS_20250922T120000_RHOW_R_NE.csv,THFR_NE,Hyp,JPSS1,3.6641600000000003,43.43485999999999,3.666105,43.440661999999996,0.66,2.25,2025-09-22T10:00:00Z,2025-09-22T10:24:00Z,24,30,4,0.8939,1.1028,0.4818,0.9179,1.7488,-0.007315,-0.001384,0.001729,NA,FALSE,FALSE,0.002099,0.00197,29.9297,-0.353295,-0.292366,-0.238367,0.238367,0.292366,0.353295,-55.2585,-41.4308,-31.5084,31.5084,41.4308,55.2585
JPSS1_20250922T122400_vs_HYPERNETS_20250922T121500_RHOW_R_NE.csv,THFR_NE,Hyp,JPSS1,3.6641600000000003,43.43485999999999,3.666105,43.440661999999996,0.66,2.25,2025-09-22T10:15:00Z,2025-09-22T10:24:00Z,9,30,4,0.9104,1.0951,0.4597,0.9419,1.9299,-0.008509,-0.001507,0.00191,NA,FALSE,FALSE,0.002072,0.001919,29.3811,-0.354529,-0.284701,-0.223982,0.223982,0.284701,0.354529,-55.6973,-39.9615,-29.0798,29.0798,39.9615,55.6973
JPSS1_20250922T122400_vs_HYPERNETS_20250922T123000_RHOW_R_NE.csv,THFR_NE,Hyp,JPSS1,3.6641600000000003,43.43485999999999,3.666105,43.440661999999996,0.66,2.25,2025-09-22T10:30:00Z,2025-09-22T10:24:00Z,6,30,4,0.9029,1.1326,0.4786,0.9287,1.8021,-0.007887,-0.00156,0.0017,NA,FALSE,FALSE,0.002202,0.002077,31.2851,-0.362759,-0.309592,-0.259683,0.259683,0.309592,0.362759,-57.6876,-44.8934,-35.4257,35.4257,44.8934,57.6876
JPSS1_20250922T122400_vs_HYPERNETS_20250922T124500_RHOW_R_NE.csv,THFR_NE,Hyp,JPSS1,3.6641600000000003,43.43485999999999,3.666105,43.440661999999996,0.66,2.25,2025-09-22T10:45:00Z,2025-09-22T10:24:00Z,21,30,4,0.9095,1.1059,0.4905,0.9338,1.7776,-0.007335,-0.0014,0.001718,NA,FALSE,FALSE,0.001993,0.001866,28.9274,-0.342969,-0.282022,-0.228327,0.228327,0.282022,0.342969,-52.8465,-39.3809,-29.8066,29.8066,39.3809,52.8465
JPSS1_20251012T124800_vs_HYPERNETS_20251012T123000_RHOW_R_NE.csv,THFR_NE,Hyp,JPSS1,3.6641600000000003,43.43485999999999,3.66705,43.439620999999995,0.58,2.25,2025-10-12T10:30:00Z,2025-10-12T10:48:00Z,18,30,1,NA,NA,NA,NA,NA,NA,NA,NA,NA,NA,NA,NA,NA,NA,NA,NA,NA,NA,NA,NA,NA,NA,NA,NA,NA,NA
JPSS1_20251012T124800_vs_HYPERNETS_20251012T130000_RHOW_R_NE.csv,THFR_NE,Hyp,JPSS1,3.6641600000000003,43.43485999999999,3.66705,43.439620999999995,0.58,2.25,2025-10-12T11:00:00Z,2025-10-12T10:48:00Z,12,30,1,NA,NA,NA,NA,NA,NA,NA,NA,NA,NA,NA,NA,NA,NA,NA,NA,NA,NA,NA,NA,NA,NA,NA,NA,NA,NA
JPSS1_20251012T124800_vs_HYPERNETS_20251012T131500_RHOW_R_NE.csv,THFR_NE,Hyp,JPSS1,3.6641600000000003,43.43485999999999,3.66705,43.439620999999995,0.58,2.25,2025-10-12T11:15:00Z,2025-10-12T10:48:00Z,27,30,1,NA,NA,NA,NA,NA,NA,NA,NA,NA,NA,NA,NA,NA,NA,NA,NA,NA,NA,NA,NA,NA,NA,NA,NA,NA,NA
JPSS1_20251013T123001_vs_HYPERNETS_20251013T121500_RHOW_R_NE.csv,THFR_NE,Hyp,JPSS1,3.6641600000000003,43.43485999999999,3.666434,43.440822999999995,0.69,2.25,2025-10-13T10:15:00Z,2025-10-13T10:30:01Z,15,30,2,1.7325,6.3911,NA,1.7325,NA,NA,-0.01718,NA,NA,NA,NA,0.00837,0.008313,70.4066,-0.782937,-0.704066,-0.625195,0.625195,0.704066,0.782937,-437.5881,-299.3784,-196.7014,196.7014,299.3784,437.5881
JPSS1_20251013T123001_vs_HYPERNETS_20251013T123000_RHOW_R_NE.csv,THFR_NE,Hyp,JPSS1,3.6641600000000003,43.43485999999999,3.666434,43.440822999999995,0.69,2.25,2025-10-13T10:30:00Z,2025-10-13T10:30:01Z,0,30,2,1.714,5.8371,NA,1.714,NA,NA,-0.015377,NA,NA,NA,NA,0.007454,0.007392,68.1086,-0.76488,-0.681086,-0.597292,0.597292,0.681086,0.76488,-393.508,-268.554,-175.2378,175.2378,268.554,393.508
JPSS1_20251013T123001_vs_HYPERNETS_20251013T124500_RHOW_R_NE.csv,THFR_NE,Hyp,JPSS1,3.6641600000000003,43.43485999999999,3.666434,43.440822999999995,0.69,2.25,2025-10-13T10:45:00Z,2025-10-13T10:30:01Z,15,30,2,1.7864,6.0731,NA,1.7864,NA,NA,-0.016145,NA,NA,NA,NA,0.007438,0.007368,67.9786,-0.764464,-0.679786,-0.595109,0.595109,0.679786,0.764464,-393.8791,-267.9671,-174.1558,174.1558,267.9671,393.8791
JPSS1_20251013T123001_vs_HYPERNETS_20251013T130000_RHOW_R_NE.csv,THFR_NE,Hyp,JPSS1,3.6641600000000003,43.43485999999999,3.666434,43.440822999999995,0.69,2.25,2025-10-13T11:00:00Z,2025-10-13T10:30:01Z,30,30,2,1.8121,6.1168,NA,1.8121,NA,NA,-0.016287,NA,NA,NA,NA,0.007361,0.007289,67.7381,-0.762791,-0.677381,-0.59197,0.59197,0.677381,0.762791,-390.6149,-265.3836,-172.1181,172.1181,265.3836,390.6149
JPSS1_20251017T125400_vs_HYPERNETS_20251017T123000_RHOW_R_NE.csv,THFR_NE,Hyp,JPSS1,3.6641600000000003,43.43485999999999,3.6660079999999997,43.438988,0.48,2.25,2025-10-17T10:30:00Z,2025-10-17T10:54:00Z,24,30,1,NA,NA,NA,NA,NA,NA,NA,NA,NA,NA,NA,NA,NA,NA,NA,NA,NA,NA,NA,NA,NA,NA,NA,NA,NA,NA
JPSS1_20251017T125400_vs_HYPERNETS_20251017T124500_RHOW_R_NE.csv,THFR_NE,Hyp,JPSS1,3.6641600000000003,43.43485999999999,3.6660079999999997,43.438988,0.48,2.25,2025-10-17T10:45:00Z,2025-10-17T10:54:00Z,9,30,1,NA,NA,NA,NA,NA,NA,NA,NA,NA,NA,NA,NA,NA,NA,NA,NA,NA,NA,NA,NA,NA,NA,NA,NA,NA,NA
JPSS1_20251017T125400_vs_HYPERNETS_20251017T130000_RHOW_R_NE.csv,THFR_NE,Hyp,JPSS1,3.6641600000000003,43.43485999999999,3.6660079999999997,43.438988,0.48,2.25,2025-10-17T11:00:00Z,2025-10-17T10:54:00Z,6,30,1,NA,NA,NA,NA,NA,NA,NA,NA,NA,NA,NA,NA,NA,NA,NA,NA,NA,NA,NA,NA,NA,NA,NA,NA,NA,NA
JPSS1_20251017T125400_vs_HYPERNETS_20251017T131500_RHOW_R_NE.csv,THFR_NE,Hyp,JPSS1,3.6641600000000003,43.43485999999999,3.6660079999999997,43.438988,0.48,2.25,2025-10-17T11:15:00Z,2025-10-17T10:54:00Z,21,30,1,NA,NA,NA,NA,NA,NA,NA,NA,NA,NA,NA,NA,NA,NA,NA,NA,NA,NA,NA,NA,NA,NA,NA,NA,NA,NA
JPSS1_20251018T123600_vs_HYPERNETS_20251018T121500_RHOW_R_NE.csv,THFR_NE,Hyp,JPSS1,3.6641600000000003,43.43485999999999,3.6678970000000004,43.441489999999995,0.8,2.25,2025-10-18T10:15:00Z,2025-10-18T10:36:00Z,21,30,2,2.5973,21.1857,NA,2.5973,NA,NA,-0.021835,NA,NA,NA,NA,0.006815,0.006569,72.0119,-0.857821,-0.720119,-0.582417,0.582417,0.720119,0.857821,-6593.4563,-1905.6797,-500.9976,500.9976,1905.6797,6593.4563
JPSS1_20251018T123600_vs_HYPERNETS_20251018T123000_RHOW_R_NE.csv,THFR_NE,Hyp,JPSS1,3.6641600000000003,43.43485999999999,3.6678970000000004,43.441489999999995,0.8,2.25,2025-10-18T10:30:00Z,2025-10-18T10:36:00Z,6,30,2,2.6509,21.8446,NA,2.6509,NA,NA,-0.0226,NA,NA,NA,NA,0.006913,0.006665,72.2011,-0.858798,-0.722011,-0.585223,0.585223,0.722011,0.858798,-6675.1203,-1926.4973,-506.1429,506.1429,1926.4973,6675.1203
JPSS1_20251018T123600_vs_HYPERNETS_20251018T124500_RHOW_R_NE.csv,THFR_NE,Hyp,JPSS1,3.6641600000000003,43.43485999999999,3.6678970000000004,43.441489999999995,0.8,2.25,2025-10-18T10:45:00Z,2025-10-18T10:36:00Z,9,30,2,2.6073,21.0654,NA,2.6073,NA,NA,-0.021695,NA,NA,NA,NA,0.00673,0.006479,71.7615,-0.856546,-0.717615,-0.578684,0.578684,0.717615,0.856546,-6527.3922,-1886.5607,-495.4716,495.4716,1886.5607,6527.3922
JPSS1_20251018T123600_vs_HYPERNETS_20251018T130000_RHOW_R_NE.csv,THFR_NE,Hyp,JPSS1,3.6641600000000003,43.43485999999999,3.6678970000000004,43.441489999999995,0.8,2.25,2025-10-18T11:00:00Z,2025-10-18T10:36:00Z,24,30,2,2.4408,19.2527,NA,2.4408,NA,NA,-0.019593,NA,NA,NA,NA,0.006501,0.006264,71.3829,-0.854571,-0.713829,-0.573088,0.573088,0.713829,0.854571,-6330.9223,-1838.5975,-484.389,484.389,1838.5975,6330.9223
JPSS1_20251030T121200_vs_HYPERNETS_20251030T114500_RHOW_R_NE.csv,THFR_NE,Hyp,JPSS1,3.6641600000000003,43.43485999999999,3.664604,43.441452,0.73,2.25,2025-10-30T10:45:00Z,2025-10-30T11:12:00Z,27,30,2,2.1055,9.4263,NA,2.1055,NA,NA,-0.021526,NA,NA,NA,NA,0.008671,0.00861,74.8638,-0.822046,-0.748638,-0.675229,0.675229,0.748638,0.822046,-584.6995,-390.1255,-250.8444,250.8444,390.1255,584.6995
JPSS1_20251030T121200_vs_HYPERNETS_20251030T121500_RHOW_R_NE.csv,THFR_NE,Hyp,JPSS1,3.6641600000000003,43.43485999999999,3.664604,43.441452,0.73,2.25,2025-10-30T11:15:00Z,2025-10-30T11:12:00Z,3,30,2,2.1269,9.3869,NA,2.1269,NA,NA,-0.021423,NA,NA,NA,NA,0.008507,0.008445,74.5061,-0.819486,-0.745061,-0.670637,0.670637,0.745061,0.819486,-574.8506,-383.156,-245.9131,245.9131,383.156,574.8506
JPSS1_20251030T121200_vs_HYPERNETS_20251030T123000_RHOW_R_NE.csv,THFR_NE,Hyp,JPSS1,3.6641600000000003,43.43485999999999,3.664604,43.441452,0.73,2.25,2025-10-30T11:30:00Z,2025-10-30T11:12:00Z,18,30,2,2.1287,9.4974,NA,2.1287,NA,NA,-0.02171,NA,NA,NA,NA,0.008632,0.00857,74.7681,-0.821418,-0.747681,-0.673944,0.673944,0.747681,0.821418,-582.5436,-388.4371,-249.532,249.532,388.4371,582.5436
JPSS1_20251103T123600_vs_HYPERNETS_20251103T121500_RHOW_R_NE.csv,THFR_NE,Hyp,JPSS1,3.6641600000000003,43.43485999999999,3.6650519999999998,43.440025,0.58,2.25,2025-11-03T11:15:00Z,2025-11-03T11:36:00Z,21,30,2,1.7019,4.1473,NA,1.7019,NA,NA,-0.008628,NA,NA,NA,NA,0.003862,0.003816,57.5978,-0.65427,-0.575978,-0.497686,0.497686,0.575978,0.65427,-208.0442,-153.7746,-109.066,109.066,153.7746,208.0442
JPSS1_20251103T123600_vs_HYPERNETS_20251103T123000_RHOW_R_NE.csv,THFR_NE,Hyp,JPSS1,3.6641600000000003,43.43485999999999,3.6650519999999998,43.440025,0.58,2.25,2025-11-03T11:30:00Z,2025-11-03T11:36:00Z,6,30,2,1.7574,4.3617,NA,1.7574,NA,NA,-0.009225,NA,NA,NA,NA,0.003988,0.00394,58.2841,-0.660954,-0.582841,-0.504727,0.504727,0.582841,0.660954,-214.769,-158.5308,-112.3403,112.3403,158.5308,214.769
JPSS1_20251103T123600_vs_HYPERNETS_20251103T124500_RHOW_R_NE.csv,THFR_NE,Hyp,JPSS1,3.6641600000000003,43.43485999999999,3.6650519999999998,43.440025,0.58,2.25,2025-11-03T11:45:00Z,2025-11-03T11:36:00Z,9,30,2,1.7898,4.2286,NA,1.7898,NA,NA,-0.008854,NA,NA,NA,NA,0.003661,0.003606,56.2308,-0.643571,-0.562308,-0.481044,0.481044,0.562308,0.643571,-199.0386,-146.0641,-102.474,102.474,146.0641,199.0386
JPSS1_20251103T123600_vs_HYPERNETS_20251103T130000_RHOW_R_NE.csv,THFR_NE,Hyp,JPSS1,3.6641600000000003,43.43485999999999,3.6650519999999998,43.440025,0.58,2.25,2025-11-03T12:00:00Z,2025-11-03T11:36:00Z,24,30,2,1.6242,3.839,NA,1.6242,NA,NA,-0.00777,NA,NA,NA,NA,0.003658,0.003616,56.424,-0.642832,-0.56424,-0.485648,0.485648,0.56424,0.642832,-197.1928,-146.0487,-103.7059,103.7059,146.0487,197.1928
JPSS1_20251109T122400_vs_HYPERNETS_20251109T120000_RHOW_R_NE.csv,THFR_NE,Hyp,JPSS1,3.6641600000000003,43.43485999999999,3.665609,43.440822999999995,0.67,2.25,2025-11-09T11:00:00Z,2025-11-09T11:24:00Z,24,30,2,2.999,8.7163,NA,2.999,NA,NA,-0.020066,NA,NA,NA,NA,0.004713,0.004404,59.1919,-0.730833,-0.591919,-0.453005,0.453005,0.591919,0.730833,-406.8064,-234.5589,-120.8529,120.8529,234.5589,406.8064
JPSS1_20251109T122400_vs_HYPERNETS_20251109T121500_RHOW_R_NE.csv,THFR_NE,Hyp,JPSS1,3.6641600000000003,43.43485999999999,3.665609,43.440822999999995,0.67,2.25,2025-11-09T11:15:00Z,2025-11-09T11:24:00Z,9,30,2,2.9356,8.2684,NA,2.9356,NA,NA,-0.018868,NA,NA,NA,NA,0.004484,0.004165,58.0478,-0.722627,-0.580478,-0.438328,0.438328,0.580478,0.722627,-389.6065,-224.1484,-114.6053,114.6053,224.1484,389.6065
JPSS1_20251109T122400_vs_HYPERNETS_20251109T123000_RHOW_R_NE.csv,THFR_NE,Hyp,JPSS1,3.6641600000000003,43.43485999999999,3.665609,43.440822999999995,0.67,2.25,2025-11-09T11:30:00Z,2025-11-09T11:24:00Z,6,30,2,2.6553,7.0512,NA,2.6553,NA,NA,-0.015616,NA,NA,NA,NA,0.004059,0.003742,56.051,-0.707067,-0.56051,-0.413953,0.413953,0.56051,0.707067,-356.751,-205.3724,-104.1645,104.1645,205.3724,356.751
JPSS1_20251109T122400_vs_HYPERNETS_20251109T124500_RHOW_R_NE.csv,THFR_NE,Hyp,JPSS1,3.6641600000000003,43.43485999999999,3.665609,43.440822999999995,0.67,2.25,2025-11-09T11:45:00Z,2025-11-09T11:24:00Z,21,30,2,2.7312,7.3748,NA,2.7312,NA,NA,-0.01648,NA,NA,NA,NA,0.004177,0.003859,56.6192,-0.711554,-0.566192,-0.420829,0.420829,0.566192,0.711554,-365.9012,-210.5821,-107.0423,107.0423,210.5821,365.9012
JPSS1_20251115T121201_vs_HYPERNETS_20251115T114500_RHOW_R_NE.csv,THFR_NE,Hyp,JPSS1,3.6641600000000003,43.43485999999999,3.664815,43.442080999999995,0.81,2.25,2025-11-15T10:45:00Z,2025-11-15T11:12:01Z,27,30,2,2.2683,4.2992,NA,2.2683,NA,NA,-0.017229,NA,NA,NA,NA,0.00464,0.0045,46.2012,-0.538664,-0.462012,-0.38536,0.38536,0.462012,0.538664,-124.5206,-93.9175,-67.4856,67.4856,93.9175,124.5206
JPSS1_20251115T121201_vs_HYPERNETS_20251115T120000_RHOW_R_NE.csv,THFR_NE,Hyp,JPSS1,3.6641600000000003,43.43485999999999,3.664815,43.442080999999995,0.81,2.25,2025-11-15T11:00:00Z,2025-11-15T11:12:01Z,12,30,2,2.2357,4.2339,NA,2.2357,NA,NA,-0.016885,NA,NA,NA,NA,0.004629,0.004493,46.1766,-0.538115,-0.461766,-0.385417,0.385417,0.461766,0.538115,-124.1774,-93.7536,-67.4586,67.4586,93.7536,124.1774
JPSS1_20251115T121201_vs_HYPERNETS_20251115T121500_RHOW_R_NE.csv,THFR_NE,Hyp,JPSS1,3.6641600000000003,43.43485999999999,3.664815,43.442080999999995,0.81,2.25,2025-11-15T11:15:00Z,2025-11-15T11:12:01Z,3,30,2,2.2699,4.1433,NA,2.2699,NA,NA,-0.016408,NA,NA,NA,NA,0.004283,0.004132,44.1865,-0.52053,-0.441865,-0.3632,0.3632,0.441865,0.52053,-115.8506,-86.7409,-61.5569,61.5569,86.7409,115.8506
JPSS1_20251119T123601_vs_HYPERNETS_20251119T124500_RHOW_R_NE.csv,THFR_NE,Hyp,JPSS1,3.6641600000000003,43.43485999999999,3.6681910000000006,43.439251,0.59,2.25,2025-11-19T11:45:00Z,2025-11-19T11:36:01Z,9,30,1,NA,NA,NA,NA,NA,NA,NA,NA,NA,NA,NA,NA,NA,NA,NA,NA,NA,NA,NA,NA,NA,NA,NA,NA,NA,NA
JPSS1_20251119T123601_vs_HYPERNETS_20251119T130000_RHOW_R_NE.csv,THFR_NE,Hyp,JPSS1,3.6641600000000003,43.43485999999999,3.6681910000000006,43.439251,0.59,2.25,2025-11-19T12:00:00Z,2025-11-19T11:36:01Z,24,30,1,NA,NA,NA,NA,NA,NA,NA,NA,NA,NA,NA,NA,NA,NA,NA,NA,NA,NA,NA,NA,NA,NA,NA,NA,NA,NA
JPSS1_20251205T123600_vs_HYPERNETS_20251205T121500_RHOW_R_NE.csv,THFR_NE,Hyp,JPSS1,3.6641600000000003,43.43485999999999,3.6671600000000004,43.440363,0.66,2.25,2025-12-05T11:15:00Z,2025-12-05T11:36:00Z,21,30,1,NA,NA,NA,NA,NA,NA,NA,NA,NA,NA,NA,NA,NA,NA,NA,NA,NA,NA,NA,NA,NA,NA,NA,NA,NA,NA
JPSS1_20251205T123600_vs_HYPERNETS_20251205T124500_RHOW_R_NE.csv,THFR_NE,Hyp,JPSS1,3.6641600000000003,43.43485999999999,3.6671600000000004,43.440363,0.66,2.25,2025-12-05T11:45:00Z,2025-12-05T11:36:00Z,9,30,1,NA,NA,NA,NA,NA,NA,NA,NA,NA,NA,NA,NA,NA,NA,NA,NA,NA,NA,NA,NA,NA,NA,NA,NA,NA,NA
JPSS1_20251205T123600_vs_HYPERNETS_20251205T130000_RHOW_R_NE.csv,THFR_NE,Hyp,JPSS1,3.6641600000000003,43.43485999999999,3.6671600000000004,43.440363,0.66,2.25,2025-12-05T12:00:00Z,2025-12-05T11:36:00Z,24,30,1,NA,NA,NA,NA,NA,NA,NA,NA,NA,NA,NA,NA,NA,NA,NA,NA,NA,NA,NA,NA,NA,NA,NA,NA,NA,NA
JPSS2_20250116T124200_vs_HYPERNETS_20250116T123000_RHOW_R_NE.csv,THFR_NE,Hyp,JPSS2,3.6641600000000003,43.43485999999999,3.6662549999999996,43.440777,0.68,2.25,2025-01-16T11:30:00Z,2025-01-16T11:42:00Z,12,30,0,NA,NA,NA,NA,NA,NA,NA,NA,NA,NA,NA,NA,NA,NA,NA,NA,NA,NA,NA,NA,NA,NA,NA,NA,NA,NA
JPSS2_20250116T124200_vs_HYPERNETS_20250116T124500_RHOW_R_NE.csv,THFR_NE,Hyp,JPSS2,3.6641600000000003,43.43485999999999,3.6662549999999996,43.440777,0.68,2.25,2025-01-16T11:45:00Z,2025-01-16T11:42:00Z,3,30,0,NA,NA,NA,NA,NA,NA,NA,NA,NA,NA,NA,NA,NA,NA,NA,NA,NA,NA,NA,NA,NA,NA,NA,NA,NA,NA
JPSS2_20250116T124200_vs_HYPERNETS_20250116T130000_RHOW_R_NE.csv,THFR_NE,Hyp,JPSS2,3.6641600000000003,43.43485999999999,3.6662549999999996,43.440777,0.68,2.25,2025-01-16T12:00:00Z,2025-01-16T11:42:00Z,18,30,3,0.8096,1.1282,0.0725,0.9388,12.1535,-0.047147,-9.34e-4,0.002635,NA,FALSE,FALSE,0.001636,0.001186,33.695,-0.477697,-0.44129,-0.248373,0.248373,0.44129,0.477697,-91.9265,-78.9837,-37.6561,37.6561,78.9837,91.9265
JPSS2_20250203T120600_vs_HYPERNETS_20250203T114500_RHOW_R_NE.csv,THFR_NE,Hyp,JPSS2,3.6641600000000003,43.43485999999999,3.6666119999999998,43.43893800000001,0.5,2.25,2025-02-03T10:45:00Z,2025-02-03T11:06:00Z,21,30,1,NA,NA,NA,NA,NA,NA,NA,NA,NA,NA,NA,NA,NA,NA,NA,NA,NA,NA,NA,NA,NA,NA,NA,NA,NA,NA
JPSS2_20250206T124800_vs_HYPERNETS_20250206T123000_RHOW_R_NE.csv,THFR_NE,Hyp,JPSS2,3.6641600000000003,43.43485999999999,3.6657360000000003,43.435593000000004,0.15,2.25,2025-02-06T11:30:00Z,2025-02-06T11:48:00Z,18,30,1,NA,NA,NA,NA,NA,NA,NA,NA,NA,NA,NA,NA,NA,NA,NA,NA,NA,NA,NA,NA,NA,NA,NA,NA,NA,NA
JPSS2_20250206T124800_vs_HYPERNETS_20250206T124500_RHOW_R_NE.csv,THFR_NE,Hyp,JPSS2,3.6641600000000003,43.43485999999999,3.6657360000000003,43.435593000000004,0.15,2.25,2025-02-06T11:45:00Z,2025-02-06T11:48:00Z,3,30,1,NA,NA,NA,NA,NA,NA,NA,NA,NA,NA,NA,NA,NA,NA,NA,NA,NA,NA,NA,NA,NA,NA,NA,NA,NA,NA
JPSS2_20250206T124800_vs_HYPERNETS_20250206T130000_RHOW_R_NE.csv,THFR_NE,Hyp,JPSS2,3.6641600000000003,43.43485999999999,3.6657360000000003,43.435593000000004,0.15,2.25,2025-02-06T12:00:00Z,2025-02-06T11:48:00Z,12,30,1,NA,NA,NA,NA,NA,NA,NA,NA,NA,NA,NA,NA,NA,NA,NA,NA,NA,NA,NA,NA,NA,NA,NA,NA,NA,NA
JPSS2_20250206T124800_vs_HYPERNETS_20250206T131500_RHOW_R_NE.csv,THFR_NE,Hyp,JPSS2,3.6641600000000003,43.43485999999999,3.6657360000000003,43.435593000000004,0.15,2.25,2025-02-06T12:15:00Z,2025-02-06T11:48:00Z,27,30,1,NA,NA,NA,NA,NA,NA,NA,NA,NA,NA,NA,NA,NA,NA,NA,NA,NA,NA,NA,NA,NA,NA,NA,NA,NA,NA
JPSS2_20250530T123000_vs_HYPERNETS_20250530T120000_RHOW_R_NE.csv,THFR_NE,Hyp,JPSS2,3.6641600000000003,43.43485999999999,3.665346,43.440559,0.64,2.25,2025-05-30T10:00:00Z,2025-05-30T10:30:00Z,30,30,5,1.0545,0.5301,0.5228,1.6356,5.1171,-0.025708,-0.003474,0.003632,NA,FALSE,FALSE,0.003181,0.002649,61.5143,0.0059,0.172154,0.334668,0.172154,0.334668,0.937233,0.59,17.2154,33.4668,17.2154,33.4668,162.576
JPSS2_20250530T123000_vs_HYPERNETS_20250530T121500_RHOW_R_NE.csv,THFR_NE,Hyp,JPSS2,3.6641600000000003,43.43485999999999,3.665346,43.440559,0.64,2.25,2025-05-30T10:15:00Z,2025-05-30T10:30:00Z,15,30,5,1.1258,0.6355,0.5479,1.6615,5.0384,-0.024281,-0.003335,0.003572,NA,FALSE,FALSE,0.003117,0.002688,63.1248,0.042508,0.19584,0.357703,0.19584,0.357703,0.932834,4.2508,19.584,35.7703,19.584,35.7703,162.7357
JPSS2_20250530T123000_vs_HYPERNETS_20250530T123000_RHOW_R_NE.csv,THFR_NE,Hyp,JPSS2,3.6641600000000003,43.43485999999999,3.665346,43.440559,0.64,2.25,2025-05-30T10:30:00Z,2025-05-30T10:30:00Z,0,30,5,1.0614,0.5048,0.5305,1.6772,5.3026,-0.026223,-0.003528,0.00365,NA,FALSE,FALSE,0.003246,0.002745,64.7044,0.014692,0.189457,0.380154,0.189457,0.380154,0.936364,1.4692,18.9457,38.0154,18.9457,38.0154,171.4552
JPSS2_20250530T123000_vs_HYPERNETS_20250530T124500_RHOW_R_NE.csv,THFR_NE,Hyp,JPSS2,3.6641600000000003,43.43485999999999,3.665346,43.440559,0.64,2.25,2025-05-30T10:45:00Z,2025-05-30T10:30:00Z,15,30,5,1.1562,0.5529,0.5671,1.7454,5.3718,-0.024217,-0.003162,0.003678,NA,FALSE,FALSE,0.003296,0.002979,74.7971,0.112762,0.26946,0.451501,0.26946,0.451501,0.929214,11.2762,26.946,45.1501,26.946,45.1501,197.6919
JPSS2_20250530T123000_vs_HYPERNETS_20250530T130000_RHOW_R_NE.csv,THFR_NE,Hyp,JPSS2,3.6641600000000003,43.43485999999999,3.665346,43.440559,0.64,2.25,2025-05-30T11:00:00Z,2025-05-30T10:30:00Z,30,30,5,1.1932,0.5797,0.581,1.7639,5.3547,-0.023367,-0.003023,0.003679,NA,FALSE,FALSE,0.003311,0.003046,77.9046,0.145662,0.308863,0.462683,0.308863,0.462683,0.926426,14.5662,30.8863,46.2683,30.8863,46.2683,205.1595
JPSS2_20250610T122401_vs_HYPERNETS_20250610T120000_RHOW_R_NE.csv,THFR_NE,Hyp,JPSS2,3.6641600000000003,43.43485999999999,3.665043,43.439751,0.55,2.25,2025-06-10T10:00:00Z,2025-06-10T10:24:01Z,24,30,3,0.6294,5.6194,0.3463,0.6302,1.1466,-0.010787,-0.004981,-0.00179,NA,FALSE,TRUE,0.009191,0.009139,83.8673,-0.903175,-0.826611,-0.768139,0.768139,0.826611,0.903175,-1587.1958,-476.7387,-345.6988,345.6988,476.7387,1587.1958
JPSS2_20250610T122401_vs_HYPERNETS_20250610T121500_RHOW_R_NE.csv,THFR_NE,Hyp,JPSS2,3.6641600000000003,43.43485999999999,3.665043,43.439751,0.55,2.25,2025-06-10T10:15:00Z,2025-06-10T10:24:01Z,9,30,3,0.6294,5.301,0.3266,0.6304,1.2165,-0.010828,-0.004598,-0.001369,NA,FALSE,TRUE,0.008583,0.008527,83.0532,-0.897481,-0.816915,-0.756774,0.756774,0.816915,0.897481,-1477.3614,-446.1949,-324.3168,324.3168,446.1949,1477.3614
JPSS2_20250610T122401_vs_HYPERNETS_20250610T123000_RHOW_R_NE.csv,THFR_NE,Hyp,JPSS2,3.6641600000000003,43.43485999999999,3.665043,43.439751,0.55,2.25,2025-06-10T10:30:00Z,2025-06-10T10:24:01Z,6,30,3,0.6577,5.6,0.2953,0.6593,1.4718,-0.013671,-0.004963,-0.001062,NA,FALSE,TRUE,0.008658,0.008614,83.0945,-0.898987,-0.819349,-0.757105,0.757105,0.819349,0.898987,-1509.2444,-453.5528,-325.9226,325.9226,453.5528,1509.2444
JPSS2_20250610T122401_vs_HYPERNETS_20250610T124500_RHOW_R_NE.csv,THFR_NE,Hyp,JPSS2,3.6641600000000003,43.43485999999999,3.665043,43.439751,0.55,2.25,2025-06-10T10:45:00Z,2025-06-10T10:24:01Z,21,30,3,0.6803,5.6088,0.3026,0.682,1.5372,-0.013846,-0.004974,-0.001037,NA,FALSE,TRUE,0.00831,0.008273,82.5353,-0.895696,-0.813464,-0.749065,0.749065,0.813464,0.895696,-1458.5107,-436.0882,-312.3181,312.3181,436.0882,1458.5107
JPSS2_20250616T121201_vs_HYPERNETS_20250616T114500_RHOW_R_NE.csv,THFR_NE,Hyp,JPSS2,3.6641600000000003,43.43485999999999,3.6677670000000004,43.442148,0.86,2.25,2025-06-16T09:45:00Z,2025-06-16T10:12:01Z,27,30,4,-0.1287,-0.2064,-5.8963,-0.9525,-0.1539,0.009579,0.016334,0.05815,NA,TRUE,TRUE,0.005225,0.004577,92.6931,-0.377524,-0.246414,0.541216,0.284752,0.431958,1.074137,-62.7825,-33.3911,20.4201,40.3777,79.3682,148.2007
JPSS2_20250616T121201_vs_HYPERNETS_20250616T120000_RHOW_R_NE.csv,THFR_NE,Hyp,JPSS2,3.6641600000000003,43.43485999999999,3.6677670000000004,43.442148,0.86,2.25,2025-06-16T10:00:00Z,2025-06-16T10:12:01Z,12,30,4,-0.1411,-0.2112,-5.8696,-0.9499,-0.1537,0.00953,0.016019,0.056113,NA,TRUE,TRUE,0.005261,0.004452,102.7802,-0.360631,-0.226024,0.674231,0.266048,0.41519,1.176945,-58.3737,-29.8996,26.6828,36.8191,74.0525,148.9552
JPSS2_20250616T121201_vs_HYPERNETS_20250616T121500_RHOW_R_NE.csv,THFR_NE,Hyp,JPSS2,3.6641600000000003,43.43485999999999,3.6677670000000004,43.442148,0.86,2.25,2025-06-16T10:15:00Z,2025-06-16T10:12:01Z,3,30,4,-0.1398,-0.2078,-5.9898,-0.9688,-0.1567,0.009526,0.015995,0.055994,NA,TRUE,TRUE,0.005206,0.004302,104.0777,-0.345653,-0.209228,0.712239,0.249805,0.400925,1.191897,-54.7063,-27.1299,29.4274,33.8478,69.8405,145.4695
JPSS2_20250616T121201_vs_HYPERNETS_20250616T123000_RHOW_R_NE.csv,THFR_NE,Hyp,JPSS2,3.6641600000000003,43.43485999999999,3.6677670000000004,43.442148,0.86,2.25,2025-06-16T10:30:00Z,2025-06-16T10:12:01Z,18,30,4,-0.175,-0.233,-6.0403,-0.9821,-0.1597,0.009565,0.016197,0.056982,NA,TRUE,TRUE,0.005241,0.004368,102.4065,-0.357877,-0.211241,0.694636,0.255931,0.415133,1.183267,-57.8915,-27.6034,29.4286,35.0749,74.3535,151.2114
JPSS2_20250629T130600_vs_HYPERNETS_20250629T124500_RHOW_R_NE.csv,THFR_NE,Hyp,JPSS2,3.6641600000000003,43.43485999999999,3.665632,43.440284999999996,0.62,2.25,2025-06-29T10:45:00Z,2025-06-29T11:06:00Z,21,30,4,1.2007,1.9029,0.5033,1.2843,3.2769,-0.020327,-0.005398,4.53e-4,NA,FALSE,FALSE,0.003671,0.003268,54.7759,-0.721643,-0.610029,-0.436144,0.436144,0.610029,0.721643,-291.7928,-159.2358,-87.0287,87.0287,159.2358,291.7928
JPSS2_20250629T130600_vs_HYPERNETS_20250629T130000_RHOW_R_NE.csv,THFR_NE,Hyp,JPSS2,3.6641600000000003,43.43485999999999,3.665632,43.440284999999996,0.62,2.25,2025-06-29T11:00:00Z,2025-06-29T11:06:00Z,6,30,4,1.1928,1.8234,0.4931,1.2803,3.3241,-0.020344,-0.005238,5.79e-4,NA,FALSE,FALSE,0.003593,0.003167,54.0081,-0.709233,-0.598499,-0.429347,0.429347,0.598499,0.709233,-277.4564,-151.2153,-84.595,84.595,151.2153,277.4564
JPSS2_20250629T130600_vs_HYPERNETS_20250629T131500_RHOW_R_NE.csv,THFR_NE,Hyp,JPSS2,3.6641600000000003,43.43485999999999,3.665632,43.440284999999996,0.62,2.25,2025-06-29T11:15:00Z,2025-06-29T11:06:00Z,9,30,4,1.2232,1.8214,0.5069,1.3122,3.397,-0.020159,-0.005195,5.86e-4,NA,FALSE,FALSE,0.003421,0.002954,52.6767,-0.699665,-0.586929,-0.41403,0.41403,0.586929,0.699665,-265.2177,-144.0787,-79.8269,79.8269,144.0787,265.2177
JPSS2_20250629T130600_vs_HYPERNETS_20250629T133000_RHOW_R_NE.csv,THFR_NE,Hyp,JPSS2,3.6641600000000003,43.43485999999999,3.665632,43.440284999999996,0.62,2.25,2025-06-29T11:30:00Z,2025-06-29T11:06:00Z,24,30,4,1.2701,1.8089,0.5223,1.3652,3.5684,-0.020358,-0.00518,6.26e-4,NA,FALSE,FALSE,0.003214,0.002665,50.6628,-0.685082,-0.56974,-0.391287,0.391287,0.56974,0.685082,-248.5586,-134.1433,-73.2978,73.2978,134.1433,248.5586
JPSS2_20250630T124800_vs_HYPERNETS_20250630T123000_RHOW_R_NE.csv,THFR_NE,Hyp,JPSS2,3.6641600000000003,43.43485999999999,3.6641600000000003,43.441536,0.74,2.25,2025-06-30T10:30:00Z,2025-06-30T10:48:00Z,18,30,5,1.3731,0.9793,1.0894,1.3853,1.7615,-0.00205,4.97e-4,0.0025,NA,TRUE,FALSE,0.003389,0.003105,47.0502,0.405535,0.423006,0.453725,0.405535,0.423006,0.453725,40.5535,42.3006,45.3725,40.5535,42.3006,45.3725
JPSS2_20250630T124800_vs_HYPERNETS_20250630T124500_RHOW_R_NE.csv,THFR_NE,Hyp,JPSS2,3.6641600000000003,43.43485999999999,3.6641600000000003,43.441536,0.74,2.25,2025-06-30T10:45:00Z,2025-06-30T10:48:00Z,3,30,5,1.4042,0.8468,1.0875,1.4196,1.8531,-7.69e-4,0.00172,0.003627,NA,TRUE,FALSE,0.004377,0.00413,80.9298,0.652108,0.803886,0.994595,0.652108,0.803886,0.994595,65.2108,80.3886,99.4595,65.2108,80.3886,99.4595
JPSS2_20250630T124800_vs_HYPERNETS_20250630T130000_RHOW_R_NE.csv,THFR_NE,Hyp,JPSS2,3.6641600000000003,43.43485999999999,3.6641600000000003,43.441536,0.74,2.25,2025-06-30T11:00:00Z,2025-06-30T10:48:00Z,12,30,5,1.4056,0.9422,1.1147,1.418,1.8039,-0.001646,8.18e-4,0.002755,NA,TRUE,FALSE,0.003768,0.003488,57.3574,0.503848,0.508717,0.60655,0.503848,0.508717,0.60655,50.3848,50.8717,60.655,50.3848,50.8717,60.655
JPSS2_20250630T124800_vs_HYPERNETS_20250630T131500_RHOW_R_NE.csv,THFR_NE,Hyp,JPSS2,3.6641600000000003,43.43485999999999,3.6641600000000003,43.441536,0.74,2.25,2025-06-30T11:15:00Z,2025-06-30T10:48:00Z,27,30,5,1.4226,0.9198,1.1232,1.4357,1.8352,-0.001488,9.84e-4,0.002919,NA,TRUE,FALSE,0.003963,0.003682,63.3195,0.537105,0.574007,0.702086,0.537105,0.574007,0.702086,53.7105,57.4007,70.2086,53.7105,57.4007,70.2086
JPSS2_20250708T120001_vs_HYPERNETS_20250708T114500_RHOW_R_NE.csv,THFR_NE,Hyp,JPSS2,3.6641600000000003,43.43485999999999,3.6722119999999996,43.436665,0.68,2.25,2025-07-08T09:45:00Z,2025-07-08T10:00:01Z,15,30,5,1.2669,0.8534,1.2168,4.6204,17.5448,-0.116974,-0.015534,0.01118,NA,TRUE,FALSE,0.017399,0.014015,205.1921,0.909882,1.244694,1.477002,0.909882,1.244694,1.477002,90.9882,124.4694,147.7002,90.9882,124.4694,147.7002
JPSS2_20250708T120001_vs_HYPERNETS_20250708T120000_RHOW_R_NE.csv,THFR_NE,Hyp,JPSS2,3.6641600000000003,43.43485999999999,3.6722119999999996,43.436665,0.68,2.25,2025-07-08T10:00:00Z,2025-07-08T10:00:01Z,0,30,5,1.5166,1.0442,1.2079,4.5033,16.7896,-0.105405,-0.013102,0.011655,NA,TRUE,FALSE,0.017531,0.014098,212.1972,1.053909,1.317809,1.514485,1.053909,1.317809,1.514485,105.3909,131.7809,151.4485,105.3909,131.7809,151.4485
JPSS2_20250708T120001_vs_HYPERNETS_20250708T121500_RHOW_R_NE.csv,THFR_NE,Hyp,JPSS2,3.6641600000000003,43.43485999999999,3.6722119999999996,43.436665,0.68,2.25,2025-07-08T10:15:00Z,2025-07-08T10:00:01Z,15,30,5,0.8364,0.577,1.1967,4.6343,17.947,-0.132151,-0.018747,0.010536,NA,TRUE,FALSE,0.017085,0.013705,189.9896,0.687586,1.044576,1.387728,0.687586,1.044576,1.387728,68.7586,104.4576,138.7728,104.4576,114.9945,138.7728
JPSS2_20250708T120001_vs_HYPERNETS_20250708T123000_RHOW_R_NE.csv,THFR_NE,Hyp,JPSS2,3.6641600000000003,43.43485999999999,3.6722119999999996,43.436665,0.68,2.25,2025-07-08T10:30:00Z,2025-07-08T10:00:01Z,30,30,5,1.2799,0.9173,1.1818,4.4735,16.9336,-0.114697,-0.015047,0.011278,NA,TRUE,FALSE,0.017263,0.013838,199.2625,0.871597,1.153101,1.433669,0.871597,1.153101,1.433669,87.1597,115.3101,143.3669,87.1597,115.3101,143.3669
JPSS2_20250716T124800_vs_HYPERNETS_20250716T123000_RHOW_R_NE.csv,THFR_NE,Hyp,JPSS2,3.6641600000000003,43.43485999999999,3.6660679999999997,43.438927,0.48,2.25,2025-07-16T10:30:00Z,2025-07-16T10:48:00Z,18,30,4,0.878,1.028,0.3689,0.9386,2.3884,-0.013272,-0.002029,0.00239,NA,FALSE,FALSE,0.00277,0.002505,33.9277,-0.440432,-0.298036,-0.196881,0.196881,0.298036,0.440432,-81.0271,-43.7519,-24.5292,24.5292,43.7519,81.0271
JPSS2_20250716T124800_vs_HYPERNETS_20250716T124500_RHOW_R_NE.csv,THFR_NE,Hyp,JPSS2,3.6641600000000003,43.43485999999999,3.6660679999999997,43.438927,0.48,2.25,2025-07-16T10:45:00Z,2025-07-16T10:48:00Z,3,30,4,0.8859,1.0305,0.3814,0.9418,2.3254,-0.012488,-0.001933,0.002342,NA,FALSE,FALSE,0.002633,0.002377,32.8258,-0.427969,-0.285319,-0.185609,0.185609,0.285319,0.427969,-76.9906,-41.1515,-22.7997,22.7997,41.1515,76.9906
JPSS2_20250716T124800_vs_HYPERNETS_20250716T130000_RHOW_R_NE.csv,THFR_NE,Hyp,JPSS2,3.6641600000000003,43.43485999999999,3.6660679999999997,43.438927,0.48,2.25,2025-07-16T11:00:00Z,2025-07-16T10:48:00Z,12,30,4,0.8527,1.0655,0.3311,0.9323,2.625,-0.016953,-0.002635,0.00245,NA,FALSE,FALSE,0.003486,0.003208,39.8646,-0.491593,-0.370417,-0.27747,0.27747,0.370417,0.491593,-100.0281,-59.8693,-38.5791,38.5791,59.8693,100.0281
JPSS2_20250716T124800_vs_HYPERNETS_20250716T131500_RHOW_R_NE.csv,THFR_NE,Hyp,JPSS2,3.6641600000000003,43.43485999999999,3.6660679999999997,43.438927,0.48,2.25,2025-07-16T11:15:00Z,2025-07-16T10:48:00Z,27,30,4,0.8999,1.0555,0.392,0.9542,2.3227,-0.012424,-0.00201,0.002268,NA,FALSE,FALSE,0.0026,0.002358,32.9522,-0.423988,-0.290212,-0.195746,0.195746,0.290212,0.423988,-75.833,-41.8895,-24.3686,24.3686,41.8895,75.833
JPSS2_20250718T121200_vs_HYPERNETS_20250718T114500_RHOW_R_NE.csv,THFR_NE,Hyp,JPSS2,3.6641600000000003,43.43485999999999,3.671861,43.435642,0.63,2.25,2025-07-18T09:45:00Z,2025-07-18T10:12:00Z,27,30,3,-0.4379,-0.3083,-47.0113,-1.8981,-0.0766,0.016747,0.030351,0.367267,NA,TRUE,TRUE,0.01223,0.009547,258.0811,0.243552,0.649798,3.78987,0.406246,0.649798,3.78987,17.5323,64.9798,261.7016,40.3697,64.9798,261.7016
JPSS2_20250718T121200_vs_HYPERNETS_20250718T120000_RHOW_R_NE.csv,THFR_NE,Hyp,JPSS2,3.6641600000000003,43.43485999999999,3.671861,43.435642,0.63,2.25,2025-07-18T10:00:00Z,2025-07-18T10:12:00Z,12,30,3,-0.4326,-0.3059,-47.6389,-1.9209,-0.0775,0.016748,0.030393,0.368791,NA,TRUE,TRUE,0.012247,0.009547,258.0414,0.256156,0.664205,3.794674,0.408049,0.664205,3.794674,18.8033,66.4205,263.1675,40.0807,66.4205,263.1675
JPSS2_20250718T121200_vs_HYPERNETS_20250718T121500_RHOW_R_NE.csv,THFR_NE,Hyp,JPSS2,3.6641600000000003,43.43485999999999,3.671861,43.435642,0.63,2.25,2025-07-18T10:15:00Z,2025-07-18T10:12:00Z,3,30,3,-0.4174,-0.304,-47.3897,-1.908,-0.0768,0.016752,0.030495,0.371833,NA,TRUE,TRUE,0.01217,0.009491,249.6646,0.241705,0.643066,3.665141,0.401361,0.643066,3.665141,17.505,64.3066,255.3956,39.8295,64.3066,255.3956
JPSS2_20250718T121200_vs_HYPERNETS_20250718T123000_RHOW_R_NE.csv,THFR_NE,Hyp,JPSS2,3.6641600000000003,43.43485999999999,3.671861,43.435642,0.63,2.25,2025-07-18T10:30:00Z,2025-07-18T10:12:00Z,18,30,3,-0.393,-0.299,-45.9779,-1.8486,-0.0743,0.016748,0.030419,0.370453,NA,TRUE,TRUE,0.012066,0.009407,242.7727,0.208368,0.594892,3.552512,0.386524,0.594892,3.552512,14.4881,59.4892,246.0903,39.3063,59.4892,246.0903
JPSS2_20250802T123001_vs_HYPERNETS_20250802T121500_RHOW_R_NE.csv,THFR_NE,Hyp,JPSS2,3.6641600000000003,43.43485999999999,3.6691330000000004,43.438709,0.59,2.25,2025-08-02T10:15:00Z,2025-08-02T10:30:01Z,15,30,1,NA,NA,NA,NA,NA,NA,NA,NA,NA,NA,NA,NA,NA,NA,NA,NA,NA,NA,NA,NA,NA,NA,NA,NA,NA,NA
JPSS2_20250802T123001_vs_HYPERNETS_20250802T123000_RHOW_R_NE.csv,THFR_NE,Hyp,JPSS2,3.6641600000000003,43.43485999999999,3.6691330000000004,43.438709,0.59,2.25,2025-08-02T10:30:00Z,2025-08-02T10:30:01Z,0,30,1,NA,NA,NA,NA,NA,NA,NA,NA,NA,NA,NA,NA,NA,NA,NA,NA,NA,NA,NA,NA,NA,NA,NA,NA,NA,NA
JPSS2_20250802T123001_vs_HYPERNETS_20250802T124500_RHOW_R_NE.csv,THFR_NE,Hyp,JPSS2,3.6641600000000003,43.43485999999999,3.6691330000000004,43.438709,0.59,2.25,2025-08-02T10:45:00Z,2025-08-02T10:30:01Z,15,30,1,NA,NA,NA,NA,NA,NA,NA,NA,NA,NA,NA,NA,NA,NA,NA,NA,NA,NA,NA,NA,NA,NA,NA,NA,NA,NA
JPSS2_20250802T123001_vs_HYPERNETS_20250802T130000_RHOW_R_NE.csv,THFR_NE,Hyp,JPSS2,3.6641600000000003,43.43485999999999,3.6691330000000004,43.438709,0.59,2.25,2025-08-02T11:00:00Z,2025-08-02T10:30:01Z,30,30,1,NA,NA,NA,NA,NA,NA,NA,NA,NA,NA,NA,NA,NA,NA,NA,NA,NA,NA,NA,NA,NA,NA,NA,NA,NA,NA
JPSS2_20250823T123601_vs_HYPERNETS_20250823T121500_RHOW_R_NE.csv,THFR_NE,Hyp,JPSS2,3.6641600000000003,43.43485999999999,3.6671010000000006,43.441212,0.75,2.25,2025-08-23T10:15:00Z,2025-08-23T10:36:01Z,21,30,4,1.0982,0.9211,0.4478,1.1831,3.1262,-0.011892,-0.001356,0.002632,NA,FALSE,FALSE,0.001111,9.98e-4,19.8169,-0.21058,-0.023126,0.121454,0.142884,0.155294,0.21058,-27.6506,-3.3422,12.1302,14.2731,16.9798,27.6506
JPSS2_20250823T123601_vs_HYPERNETS_20250823T123000_RHOW_R_NE.csv,THFR_NE,Hyp,JPSS2,3.6641600000000003,43.43485999999999,3.6671010000000006,43.441212,0.75,2.25,2025-08-23T10:30:00Z,2025-08-23T10:36:01Z,6,30,4,1.089,0.9058,0.4196,1.1939,3.3966,-0.013615,-0.001505,0.002752,NA,FALSE,FALSE,0.001228,0.001088,20.8721,-0.228695,-0.027918,0.123877,0.139767,0.15974,0.228695,-30.8438,-4.0172,12.3794,13.9683,17.7174,30.8438
JPSS2_20250823T123601_vs_HYPERNETS_20250823T124500_RHOW_R_NE.csv,THFR_NE,Hyp,JPSS2,3.6641600000000003,43.43485999999999,3.6671010000000006,43.441212,0.75,2.25,2025-08-23T10:45:00Z,2025-08-23T10:36:01Z,9,30,4,1.114,0.8971,0.4345,1.2162,3.4043,-0.013049,-0.00141,0.002748,NA,FALSE,FALSE,0.001164,0.001066,21.6225,-0.202967,-4.36e-4,0.159264,0.146224,0.173394,0.243395,-26.5259,-1.1283,15.9025,16.5013,18.5869,28.8498
JPSS2_20250823T123601_vs_HYPERNETS_20250823T130000_RHOW_R_NE.csv,THFR_NE,Hyp,JPSS2,3.6641600000000003,43.43485999999999,3.6671010000000006,43.441212,0.75,2.25,2025-08-23T11:00:00Z,2025-08-23T10:36:01Z,24,30,4,1.0779,0.8619,0.3868,1.2177,3.834,-0.015958,-0.001616,0.002939,NA,FALSE,FALSE,0.00136,0.001217,23.352,-0.237926,-0.015763,0.15632,0.168608,0.183439,0.24835,-32.6816,-2.9839,15.6155,17.8866,20.2291,32.6816
JPSS2_20250831T114801_vs_HYPERNETS_20250831T113000_RHOW_R_NE.csv,THFR_NE,Hyp,JPSS2,3.6641600000000003,43.43485999999999,3.666271,43.435230000000004,0.18,2.25,2025-08-31T09:30:00Z,2025-08-31T09:48:01Z,18,30,4,0.8506,1.5697,0.3858,0.8948,2.0752,-0.009081,-0.002131,8.66e-4,NA,FALSE,FALSE,0.002848,0.00275,52.4941,-0.66801,-0.57077,-0.427701,0.427701,0.57077,0.66801,-201.2322,-138.9158,-76.414,76.414,138.9158,201.2322
JPSS2_20250831T114801_vs_HYPERNETS_20250831T114500_RHOW_R_NE.csv,THFR_NE,Hyp,JPSS2,3.6641600000000003,43.43485999999999,3.666271,43.435230000000004,0.18,2.25,2025-08-31T09:45:00Z,2025-08-31T09:48:01Z,3,30,4,0.83,1.5805,0.3792,0.872,2.0051,-0.009009,-0.002145,8.41e-4,NA,FALSE,FALSE,0.003018,0.00292,53.8519,-0.677565,-0.582068,-0.443023,0.443023,0.582068,0.677565,-210.1726,-145.4005,-81.2369,81.2369,145.4005,210.1726
JPSS2_20250831T114801_vs_HYPERNETS_20250831T120000_RHOW_R_NE.csv,THFR_NE,Hyp,JPSS2,3.6641600000000003,43.43485999999999,3.666271,43.435230000000004,0.18,2.25,2025-08-31T10:00:00Z,2025-08-31T09:48:01Z,12,30,4,0.8032,1.6203,0.3865,0.8367,1.8114,-0.008316,-0.002152,6.95e-4,NA,FALSE,FALSE,0.003276,0.003185,55.8921,-0.689389,-0.595465,-0.464997,0.464997,0.595465,0.689389,-222.1125,-153.2952,-88.5177,88.5177,153.2952,222.1125
JPSS2_20250831T114801_vs_HYPERNETS_20250831T121500_RHOW_R_NE.csv,THFR_NE,Hyp,JPSS2,3.6641600000000003,43.43485999999999,3.666271,43.435230000000004,0.18,2.25,2025-08-31T10:15:00Z,2025-08-31T09:48:01Z,27,30,4,0.7637,1.6183,0.3582,0.7987,1.7807,-0.008744,-0.002191,7.48e-4,NA,FALSE,FALSE,0.003641,0.003534,58.1759,-0.707676,-0.618266,-0.492349,0.492349,0.618266,0.707676,-242.2107,-168.6946,-98.7508,98.7508,168.6946,242.2107
JPSS2_20250902T124800_vs_HYPERNETS_20250902T123000_RHOW_R_NE.csv,THFR_NE,Hyp,JPSS2,3.6641600000000003,43.43485999999999,3.6720079999999995,43.44648699999999,1.44,2.25,2025-09-02T10:30:00Z,2025-09-02T10:48:00Z,18,30,3,-1.1354,-0.4146,-75.953,-3.1923,-0.1342,0.021518,0.040897,0.501993,NA,TRUE,TRUE,0.017494,0.01433,386.5217,0.956164,1.725678,5.7045,0.956164,1.725678,5.7045,79.8451,172.5678,439.623,79.8451,172.5678,439.623
JPSS2_20250902T124800_vs_HYPERNETS_20250902T130000_RHOW_R_NE.csv,THFR_NE,Hyp,JPSS2,3.6641600000000003,43.43485999999999,3.6720079999999995,43.44648699999999,1.44,2.25,2025-09-02T11:00:00Z,2025-09-02T10:48:00Z,12,30,3,-1.0998000000000001,-0.3799,-76.939,-3.2162,-0.1344,0.021463,0.039688,0.475684,NA,TRUE,TRUE,0.017817,0.014753,452.5844,1.062377,1.851758,6.652268,1.062377,1.851758,6.652268,90.5328,185.1758,495.9221,90.5328,185.1758,495.9221
JPSS2_20250903T123000_vs_HYPERNETS_20250903T120000_RHOW_R_NE.csv,THFR_NE,Hyp,JPSS2,3.6641600000000003,43.43485999999999,3.664715,43.440613,0.64,2.25,2025-09-03T10:00:00Z,2025-09-03T10:30:00Z,30,30,2,2.2958,6.5367,NA,2.2958,NA,NA,-0.013998,NA,NA,NA,NA,0.00446,0.004281,60.2477,-0.724768,-0.602477,-0.480186,0.480186,0.602477,0.724768,-356.778,-219.1058,-122.9278,122.9278,219.1058,356.778
JPSS2_20250903T123000_vs_HYPERNETS_20250903T121500_RHOW_R_NE.csv,THFR_NE,Hyp,JPSS2,3.6641600000000003,43.43485999999999,3.664715,43.440613,0.64,2.25,2025-09-03T10:15:00Z,2025-09-03T10:30:00Z,15,30,2,2.1378,6.1238,NA,2.1378,NA,NA,-0.012923,NA,NA,NA,NA,0.004491,0.004333,60.6845,-0.726719,-0.606845,-0.48697,0.48697,0.606845,0.726719,-357.3853,-220.9289,-125.1829,125.1829,220.9289,357.3853
JPSS2_20250903T123000_vs_HYPERNETS_20250903T123000_RHOW_R_NE.csv,THFR_NE,Hyp,JPSS2,3.6641600000000003,43.43485999999999,3.664715,43.440613,0.64,2.25,2025-09-03T10:30:00Z,2025-09-03T10:30:00Z,0,30,2,2.3377,6.5232,NA,2.3377,NA,NA,-0.013962,NA,NA,NA,NA,0.004322,0.004132,59.4449,-0.719176,-0.594449,-0.469722,0.469722,0.594449,0.719176,-347.602,-212.7374,-118.5082,118.5082,212.7374,347.602
JPSS2_20250903T123000_vs_HYPERNETS_20250903T124500_RHOW_R_NE.csv,THFR_NE,Hyp,JPSS2,3.6641600000000003,43.43485999999999,3.664715,43.440613,0.64,2.25,2025-09-03T10:45:00Z,2025-09-03T10:30:00Z,15,30,2,2.5332,6.9705,NA,2.5332,NA,NA,-0.015128,NA,NA,NA,NA,0.004243,0.004025,58.6762,-0.714917,-0.586762,-0.458606,0.458606,0.586762,0.714917,-343.3847,-208.5031,-114.6537,114.6537,208.5031,343.3847
JPSS2_20250903T123000_vs_HYPERNETS_20250903T130000_RHOW_R_NE.csv,THFR_NE,Hyp,JPSS2,3.6641600000000003,43.43485999999999,3.664715,43.440613,0.64,2.25,2025-09-03T11:00:00Z,2025-09-03T10:30:00Z,30,30,2,2.7014,7.3044,NA,2.7014,NA,NA,-0.015998,NA,NA,NA,NA,0.004139,0.003896,57.8109,-0.709666,-0.578109,-0.446551,0.446551,0.578109,0.709666,-337.0061,-203.2216,-110.3937,110.3937,203.2216,337.0061
JPSS2_20250906T131200_vs_HYPERNETS_20250906T124500_RHOW_R_NE.csv,THFR_NE,Hyp,JPSS2,3.6641600000000003,43.43485999999999,3.664207,43.438816,0.44,2.25,2025-09-06T10:45:00Z,2025-09-06T11:12:00Z,27,30,1,NA,NA,NA,NA,NA,NA,NA,NA,NA,NA,NA,NA,NA,NA,NA,NA,NA,NA,NA,NA,NA,NA,NA,NA,NA,NA
JPSS2_20250906T131200_vs_HYPERNETS_20250906T130000_RHOW_R_NE.csv,THFR_NE,Hyp,JPSS2,3.6641600000000003,43.43485999999999,3.664207,43.438816,0.44,2.25,2025-09-06T11:00:00Z,2025-09-06T11:12:00Z,12,30,1,NA,NA,NA,NA,NA,NA,NA,NA,NA,NA,NA,NA,NA,NA,NA,NA,NA,NA,NA,NA,NA,NA,NA,NA,NA,NA
JPSS2_20250906T131200_vs_HYPERNETS_20250906T131500_RHOW_R_NE.csv,THFR_NE,Hyp,JPSS2,3.6641600000000003,43.43485999999999,3.664207,43.438816,0.44,2.25,2025-09-06T11:15:00Z,2025-09-06T11:12:00Z,3,30,1,NA,NA,NA,NA,NA,NA,NA,NA,NA,NA,NA,NA,NA,NA,NA,NA,NA,NA,NA,NA,NA,NA,NA,NA,NA,NA
JPSS2_20250906T131200_vs_HYPERNETS_20250906T133000_RHOW_R_NE.csv,THFR_NE,Hyp,JPSS2,3.6641600000000003,43.43485999999999,3.664207,43.438816,0.44,2.25,2025-09-06T11:30:00Z,2025-09-06T11:12:00Z,18,30,1,NA,NA,NA,NA,NA,NA,NA,NA,NA,NA,NA,NA,NA,NA,NA,NA,NA,NA,NA,NA,NA,NA,NA,NA,NA,NA
JPSS2_20250930T122401_vs_HYPERNETS_20250930T120000_RHOW_R_NE.csv,THFR_NE,Hyp,JPSS2,3.6641600000000003,43.43485999999999,3.6670810000000005,43.441514,0.78,2.25,2025-09-30T10:00:00Z,2025-09-30T10:24:01Z,24,30,4,0.5058,0.6426,0.1676,0.604,2.1762,-0.011821,-5.48e-4,0.002581,NA,FALSE,FALSE,0.003876,0.003388,42.9916,-0.590713,-0.472965,-0.312168,0.312168,0.472965,0.590713,-144.6867,-93.6379,-46.6886,46.6886,93.6379,144.6867
JPSS2_20250930T122401_vs_HYPERNETS_20250930T121500_RHOW_R_NE.csv,THFR_NE,Hyp,JPSS2,3.6641600000000003,43.43485999999999,3.6670810000000005,43.441514,0.78,2.25,2025-09-30T10:15:00Z,2025-09-30T10:24:01Z,9,30,4,0.4732,0.6223,0.1552,0.5712,2.1021,-0.012099,-5.33e-4,0.00261,NA,FALSE,FALSE,0.004301,0.003772,45.4215,-0.615664,-0.50104,-0.339591,0.339591,0.50104,0.615664,-160.5259,-104.878,-53.0102,53.0102,104.878,160.5259
JPSS2_20250930T122401_vs_HYPERNETS_20250930T123000_RHOW_R_NE.csv,THFR_NE,Hyp,JPSS2,3.6641600000000003,43.43485999999999,3.6670810000000005,43.441514,0.78,2.25,2025-09-30T10:30:00Z,2025-09-30T10:24:01Z,6,30,4,0.4556,0.6258,0.1489,0.5522,2.047,-0.01227,-5.48e-4,0.002614,NA,FALSE,FALSE,0.004606,0.00406,47.5357,-0.628831,-0.517392,-0.363918,0.363918,0.517392,0.628831,-169.8298,-111.7915,-58.7416,58.7416,111.7915,169.8298
JPSS2_20250930T122401_vs_HYPERNETS_20250930T124500_RHOW_R_NE.csv,THFR_NE,Hyp,JPSS2,3.6641600000000003,43.43485999999999,3.6670810000000005,43.441514,0.78,2.25,2025-09-30T10:45:00Z,2025-09-30T10:24:01Z,21,30,4,0.4667,0.6326,0.1527,0.5652,2.0927,-0.012264,-5.51e-4,0.002612,NA,FALSE,FALSE,0.004419,0.003885,46.502,-0.618011,-0.504548,-0.351557,0.351557,0.504548,0.618011,-162.2665,-106.1167,-55.606,55.606,106.1167,162.2665
JPSS2_20251004T124800_vs_HYPERNETS_20251004T123000_RHOW_R_NE.csv,THFR_NE,Hyp,JPSS2,3.6641600000000003,43.43485999999999,3.666785,43.437782,0.39,2.25,2025-10-04T10:30:00Z,2025-10-04T10:48:00Z,18,30,1,NA,NA,NA,NA,NA,NA,NA,NA,NA,NA,NA,NA,NA,NA,NA,NA,NA,NA,NA,NA,NA,NA,NA,NA,NA,NA
JPSS2_20251005T123000_vs_HYPERNETS_20251005T120000_RHOW_R_NE.csv,THFR_NE,Hyp,JPSS2,3.6641600000000003,43.43485999999999,3.668015,43.439507,0.6,2.25,2025-10-05T10:00:00Z,2025-10-05T10:30:00Z,30,30,4,0.7116,0.7085,0.2295,0.8781,3.36,-0.018555,-0.001711,0.002691,NA,FALSE,FALSE,0.003135,0.002538,34.3198,-0.578666,-0.370853,-0.135385,0.135385,0.370853,0.578666,-137.6521,-67.2346,-16.0072,16.0072,67.2346,137.6521
JPSS2_20251005T123000_vs_HYPERNETS_20251005T121500_RHOW_R_NE.csv,THFR_NE,Hyp,JPSS2,3.6641600000000003,43.43485999999999,3.668015,43.439507,0.6,2.25,2025-10-05T10:15:00Z,2025-10-05T10:30:00Z,15,30,4,0.7138,0.7242,0.2311,0.8759,3.3204,-0.018343,-0.001711,0.002676,NA,FALSE,FALSE,0.003139,0.002555,34.8291,-0.575413,-0.37035,-0.143228,0.143228,0.37035,0.575413,-135.9071,-66.7063,-17.0068,17.0068,66.7063,135.9071
JPSS2_20251005T123000_vs_HYPERNETS_20251005T123000_RHOW_R_NE.csv,THFR_NE,Hyp,JPSS2,3.6641600000000003,43.43485999999999,3.668015,43.439507,0.6,2.25,2025-10-05T10:30:00Z,2025-10-05T10:30:00Z,0,30,4,0.7231,0.7322,0.2339,0.8884,3.3742,-0.018517,-0.001746,0.00267,NA,FALSE,FALSE,0.003082,0.002498,34.4955,-0.571301,-0.363426,-0.137081,0.137081,0.363426,0.571301,-133.6628,-64.9142,-16.1228,16.1228,64.9142,133.6628
JPSS2_20251005T123000_vs_HYPERNETS_20251005T124500_RHOW_R_NE.csv,THFR_NE,Hyp,JPSS2,3.6641600000000003,43.43485999999999,3.668015,43.439507,0.6,2.25,2025-10-05T10:45:00Z,2025-10-05T10:30:00Z,15,30,4,0.7083,0.7502,0.2301,0.8653,3.2545,-0.018491,-0.001798,0.002641,NA,FALSE,FALSE,0.00329,0.002739,37.1557,-0.585629,-0.385133,-0.171061,0.171061,0.385133,0.585629,-141.7053,-70.7652,-20.8156,20.8156,70.7652,141.7053
JPSS2_20251005T123000_vs_HYPERNETS_20251005T130000_RHOW_R_NE.csv,THFR_NE,Hyp,JPSS2,3.6641600000000003,43.43485999999999,3.668015,43.439507,0.6,2.25,2025-10-05T11:00:00Z,2025-10-05T10:30:00Z,30,30,4,0.7189,0.7623,0.2374,0.8613,3.1245,-0.017031,-0.001618,0.002631,NA,FALSE,FALSE,0.003104,0.002562,35.5553,-0.560408,-0.367419,-0.162564,0.162564,0.367419,0.560408,-128.1101,-64.4811,-19.634,19.634,64.4811,128.1101
JPSS2_20251006T121200_vs_HYPERNETS_20251006T114500_RHOW_R_NE.csv,THFR_NE,Hyp,JPSS2,3.6641600000000003,43.43485999999999,3.665873,43.437798,0.36,2.25,2025-10-06T09:45:00Z,2025-10-06T10:12:00Z,27,30,1,NA,NA,NA,NA,NA,NA,NA,NA,NA,NA,NA,NA,NA,NA,NA,NA,NA,NA,NA,NA,NA,NA,NA,NA,NA,NA
JPSS2_20251006T121200_vs_HYPERNETS_20251006T120000_RHOW_R_NE.csv,THFR_NE,Hyp,JPSS2,3.6641600000000003,43.43485999999999,3.665873,43.437798,0.36,2.25,2025-10-06T10:00:00Z,2025-10-06T10:12:00Z,12,30,1,NA,NA,NA,NA,NA,NA,NA,NA,NA,NA,NA,NA,NA,NA,NA,NA,NA,NA,NA,NA,NA,NA,NA,NA,NA,NA
JPSS2_20251006T121200_vs_HYPERNETS_20251006T121500_RHOW_R_NE.csv,THFR_NE,Hyp,JPSS2,3.6641600000000003,43.43485999999999,3.665873,43.437798,0.36,2.25,2025-10-06T10:15:00Z,2025-10-06T10:12:00Z,3,30,1,NA,NA,NA,NA,NA,NA,NA,NA,NA,NA,NA,NA,NA,NA,NA,NA,NA,NA,NA,NA,NA,NA,NA,NA,NA,NA
JPSS2_20251006T121200_vs_HYPERNETS_20251006T123000_RHOW_R_NE.csv,THFR_NE,Hyp,JPSS2,3.6641600000000003,43.43485999999999,3.665873,43.437798,0.36,2.25,2025-10-06T10:30:00Z,2025-10-06T10:12:00Z,18,30,1,NA,NA,NA,NA,NA,NA,NA,NA,NA,NA,NA,NA,NA,NA,NA,NA,NA,NA,NA,NA,NA,NA,NA,NA,NA,NA
JPSS2_20251008T131201_vs_HYPERNETS_20251008T124500_RHOW_R_NE.csv,THFR_NE,Hyp,JPSS2,3.6641600000000003,43.43485999999999,3.6724129999999997,43.446529,1.46,2.25,2025-10-08T10:45:00Z,2025-10-08T11:12:01Z,27,30,2,14.7102,10.2134,NA,14.7102,NA,NA,-0.167582,NA,NA,NA,NA,0.018808,0.015639,114.2475,0.133005,0.704242,1.27548,0.790353,1.142475,1.494596,-18.6442,26.4592,89.735,100.179,125.1095,153.1448
JPSS2_20251008T131201_vs_HYPERNETS_20251008T130000_RHOW_R_NE.csv,THFR_NE,Hyp,JPSS2,3.6641600000000003,43.43485999999999,3.6724129999999997,43.446529,1.46,2.25,2025-10-08T11:00:00Z,2025-10-08T11:12:01Z,12,30,2,13.0056,9.3684,NA,13.0056,NA,NA,-0.151865,NA,NA,NA,NA,0.018412,0.015489,108.8437,0.090135,0.634354,1.178572,0.771261,1.088437,1.405614,-22.575,21.9186,82.1974,102.2596,123.3285,146.5922
JPSS2_20251008T131201_vs_HYPERNETS_20251008T131500_RHOW_R_NE.csv,THFR_NE,Hyp,JPSS2,3.6641600000000003,43.43485999999999,3.6724129999999997,43.446529,1.46,2.25,2025-10-08T11:15:00Z,2025-10-08T11:12:01Z,3,30,2,12.7079,8.402,NA,12.7079,NA,NA,-0.133898,NA,NA,NA,NA,0.019004,0.015459,116.6698,0.184956,0.768305,1.351654,0.782545,1.166698,1.550851,-11.8441,32.8804,97.4853,91.6096,120.8756,154.6116
JPSS2_20251008T131201_vs_HYPERNETS_20251008T133000_RHOW_R_NE.csv,THFR_NE,Hyp,JPSS2,3.6641600000000003,43.43485999999999,3.6724129999999997,43.446529,1.46,2.25,2025-10-08T11:30:00Z,2025-10-08T11:12:01Z,18,30,2,12.6927,8.0157,NA,12.6927,NA,NA,-0.126721,NA,NA,NA,NA,0.019328,0.015457,121.2148,0.239293,0.845367,1.451441,0.789465,1.212148,1.634831,-6.535,39.143,106.2599,86.2845,119.7391,159.2018
JPSS2_20251010T123601_vs_HYPERNETS_20251010T121500_RHOW_R_NE.csv,THFR_NE,Hyp,JPSS2,3.6641600000000003,43.43485999999999,3.6682010000000003,43.439079,0.57,2.25,2025-10-10T10:15:00Z,2025-10-10T10:36:01Z,21,30,1,NA,NA,NA,NA,NA,NA,NA,NA,NA,NA,NA,NA,NA,NA,NA,NA,NA,NA,NA,NA,NA,NA,NA,NA,NA,NA
JPSS2_20251010T123601_vs_HYPERNETS_20251010T123000_RHOW_R_NE.csv,THFR_NE,Hyp,JPSS2,3.6641600000000003,43.43485999999999,3.6682010000000003,43.439079,0.57,2.25,2025-10-10T10:30:00Z,2025-10-10T10:36:01Z,6,30,1,NA,NA,NA,NA,NA,NA,NA,NA,NA,NA,NA,NA,NA,NA,NA,NA,NA,NA,NA,NA,NA,NA,NA,NA,NA,NA
JPSS2_20251010T123601_vs_HYPERNETS_20251010T124500_RHOW_R_NE.csv,THFR_NE,Hyp,JPSS2,3.6641600000000003,43.43485999999999,3.6682010000000003,43.439079,0.57,2.25,2025-10-10T10:45:00Z,2025-10-10T10:36:01Z,9,30,1,NA,NA,NA,NA,NA,NA,NA,NA,NA,NA,NA,NA,NA,NA,NA,NA,NA,NA,NA,NA,NA,NA,NA,NA,NA,NA
JPSS2_20251010T123601_vs_HYPERNETS_20251010T130000_RHOW_R_NE.csv,THFR_NE,Hyp,JPSS2,3.6641600000000003,43.43485999999999,3.6682010000000003,43.439079,0.57,2.25,2025-10-10T11:00:00Z,2025-10-10T10:36:01Z,24,30,1,NA,NA,NA,NA,NA,NA,NA,NA,NA,NA,NA,NA,NA,NA,NA,NA,NA,NA,NA,NA,NA,NA,NA,NA,NA,NA
JPSS2_20251011T121800_vs_HYPERNETS_20251011T120000_RHOW_R_NE.csv,THFR_NE,Hyp,JPSS2,3.6641600000000003,43.43485999999999,3.6655360000000003,43.435257,0.12,2.25,2025-10-11T10:00:00Z,2025-10-11T10:18:00Z,18,30,2,1.7578,6.6027,NA,1.7578,NA,NA,-0.014986,NA,NA,NA,NA,0.00708,0.00699,69.1159,-0.793249,-0.691159,-0.589068,0.589068,0.691159,0.793249,-542.1393,-331.5596,-190.0363,190.0363,331.5596,542.1393
JPSS2_20251011T121800_vs_HYPERNETS_20251011T121500_RHOW_R_NE.csv,THFR_NE,Hyp,JPSS2,3.6641600000000003,43.43485999999999,3.6655360000000003,43.435257,0.12,2.25,2025-10-11T10:15:00Z,2025-10-11T10:18:00Z,3,30,2,1.7565,6.3366,NA,1.7565,NA,NA,-0.014249,NA,NA,NA,NA,0.006673,0.006578,67.9601,-0.784972,-0.679601,-0.574229,0.574229,0.679601,0.784972,-514.7141,-314.3605,-179.308,179.308,314.3605,514.7141
JPSS2_20251011T121800_vs_HYPERNETS_20251011T123000_RHOW_R_NE.csv,THFR_NE,Hyp,JPSS2,3.6641600000000003,43.43485999999999,3.6655360000000003,43.435257,0.12,2.25,2025-10-11T10:30:00Z,2025-10-11T10:18:00Z,12,30,2,1.6596,5.9595,NA,1.6596,NA,NA,-0.013204,NA,NA,NA,NA,0.006622,0.00654,67.9928,-0.784338,-0.679928,-0.575518,0.575518,0.679928,0.784338,-508.7306,-312.2505,-179.1883,179.1883,312.2505,508.7306
JPSS2_20251011T121800_vs_HYPERNETS_20251011T124500_RHOW_R_NE.csv,THFR_NE,Hyp,JPSS2,3.6641600000000003,43.43485999999999,3.6655360000000003,43.435257,0.12,2.25,2025-10-11T10:45:00Z,2025-10-11T10:18:00Z,27,30,2,1.6693,5.925,NA,1.6693,NA,NA,-0.013109,NA,NA,NA,NA,0.006509,0.006424,67.6358,-0.781847,-0.676358,-0.570868,0.570868,0.676358,0.781847,-501.3819,-307.46,-176.0702,176.0702,307.46,501.3819
JPSS2_20251014T130001_vs_HYPERNETS_20251014T124500_RHOW_R_NE.csv,THFR_NE,Hyp,JPSS2,3.6641600000000003,43.43485999999999,3.665482,43.439957,0.58,2.25,2025-10-14T10:45:00Z,2025-10-14T11:00:01Z,15,30,1,NA,NA,NA,NA,NA,NA,NA,NA,NA,NA,NA,NA,NA,NA,NA,NA,NA,NA,NA,NA,NA,NA,NA,NA,NA,NA
JPSS2_20251014T130001_vs_HYPERNETS_20251014T130000_RHOW_R_NE.csv,THFR_NE,Hyp,JPSS2,3.6641600000000003,43.43485999999999,3.665482,43.439957,0.58,2.25,2025-10-14T11:00:00Z,2025-10-14T11:00:01Z,0,30,1,NA,NA,NA,NA,NA,NA,NA,NA,NA,NA,NA,NA,NA,NA,NA,NA,NA,NA,NA,NA,NA,NA,NA,NA,NA,NA
JPSS2_20251014T130001_vs_HYPERNETS_20251014T131500_RHOW_R_NE.csv,THFR_NE,Hyp,JPSS2,3.6641600000000003,43.43485999999999,3.665482,43.439957,0.58,2.25,2025-10-14T11:15:00Z,2025-10-14T11:00:01Z,15,30,1,NA,NA,NA,NA,NA,NA,NA,NA,NA,NA,NA,NA,NA,NA,NA,NA,NA,NA,NA,NA,NA,NA,NA,NA,NA,NA
JPSS2_20251014T130001_vs_HYPERNETS_20251014T133000_RHOW_R_NE.csv,THFR_NE,Hyp,JPSS2,3.6641600000000003,43.43485999999999,3.665482,43.439957,0.58,2.25,2025-10-14T11:30:00Z,2025-10-14T11:00:01Z,30,30,1,NA,NA,NA,NA,NA,NA,NA,NA,NA,NA,NA,NA,NA,NA,NA,NA,NA,NA,NA,NA,NA,NA,NA,NA,NA,NA
JPSS2_20251016T122401_vs_HYPERNETS_20251016T120000_RHOW_R_NE.csv,THFR_NE,Hyp,JPSS2,3.6641600000000003,43.43485999999999,3.667653,43.439682,0.61,2.25,2025-10-16T10:00:00Z,2025-10-16T10:24:01Z,24,30,4,0.8756,1.0801,0.6189,0.8818,1.2566,-0.002778,-3.76e-4,0.00131,NA,FALSE,FALSE,0.001244,0.001134,19.4643,-0.242558,-0.192439,-0.144524,0.144524,0.192439,0.242558,-32.0461,-23.998,-16.9021,16.9021,23.998,32.0461
JPSS2_20251016T122401_vs_HYPERNETS_20251016T123000_RHOW_R_NE.csv,THFR_NE,Hyp,JPSS2,3.6641600000000003,43.43485999999999,3.667653,43.439682,0.61,2.25,2025-10-16T10:30:00Z,2025-10-16T10:24:01Z,6,30,4,0.8863,1.1248,0.6177,0.8932,1.2914,-0.003061,-4.9e-4,0.001289,NA,FALSE,FALSE,0.001278,0.001179,20.6975,-0.257285,-0.192721,-0.14241,0.14241,0.192721,0.257285,-34.7795,-24.0699,-16.6114,16.6114,24.0699,34.7795
JPSS2_20251016T122401_vs_HYPERNETS_20251016T124500_RHOW_R_NE.csv,THFR_NE,Hyp,JPSS2,3.6641600000000003,43.43485999999999,3.667653,43.439682,0.61,2.25,2025-10-16T10:45:00Z,2025-10-16T10:24:01Z,21,30,4,0.8902,1.1217,0.6244,0.8969,1.2884,-0.002967,-4.62e-4,0.001282,NA,FALSE,FALSE,0.001219,0.001122,19.9082,-0.249615,-0.182794,-0.132261,0.132261,0.182794,0.249615,-33.4022,-22.5755,-15.2442,15.2442,22.5755,33.4022
JPSS2_20251018T114801_vs_HYPERNETS_20251018T113000_RHOW_R_NE.csv,THFR_NE,Hyp,JPSS2,3.6641600000000003,43.43485999999999,3.664603,43.438248,0.38,2.25,2025-10-18T09:30:00Z,2025-10-18T09:48:01Z,18,30,4,0.5394,0.5579,0.2619,0.5611,1.2022,-0.003233,0.001264,0.003363,NA,FALSE,FALSE,0.002422,0.002207,31.9009,-0.318646,-0.295208,-0.130047,0.300939,0.318859,0.336929,-46.8364,-41.9046,-19.5779,37.9583,41.9046,46.8364
JPSS2_20251018T114801_vs_HYPERNETS_20251018T114500_RHOW_R_NE.csv,THFR_NE,Hyp,JPSS2,3.6641600000000003,43.43485999999999,3.664603,43.438248,0.38,2.25,2025-10-18T09:45:00Z,2025-10-18T09:48:01Z,3,30,4,0.5335,0.5635,0.2618,0.5541,1.1728,-0.003149,0.001255,0.003336,NA,FALSE,FALSE,0.002523,0.00228,31.7267,-0.32684,-0.304913,-0.146996,0.29624,0.305812,0.32684,-48.6244,-43.8818,-21.7864,38.6809,43.8818,48.6244
JPSS2_20251018T114801_vs_HYPERNETS_20251018T120000_RHOW_R_NE.csv,THFR_NE,Hyp,JPSS2,3.6641600000000003,43.43485999999999,3.664603,43.438248,0.38,2.25,2025-10-18T10:00:00Z,2025-10-18T09:48:01Z,12,30,4,0.544,0.568,0.2598,0.5673,1.2388,-0.003549,0.001193,0.003364,NA,FALSE,FALSE,0.002442,0.002221,31.3182,-0.328991,-0.300952,-0.138367,0.290748,0.306557,0.328991,-49.0742,-43.1023,-20.2583,36.775,43.1023,49.0742
JPSS2_20251018T114801_vs_HYPERNETS_20251018T121500_RHOW_R_NE.csv,THFR_NE,Hyp,JPSS2,3.6641600000000003,43.43485999999999,3.664603,43.438248,0.38,2.25,2025-10-18T10:15:00Z,2025-10-18T09:48:01Z,27,30,4,0.5634,0.5605,0.2802,0.5841,1.2173,-0.002935,0.001297,0.003327,NA,FALSE,FALSE,0.002086,0.001925,30.6776,-0.276262,-0.256527,-0.091773,0.258519,0.292013,0.34027,-38.2728,-34.5058,-14.5552,34.8667,37.1277,41.1958
JPSS2_20251026T123601_vs_HYPERNETS_20251026T121500_RHOW_R_NE.csv,THFR_NE,Hyp,JPSS2,3.6641600000000003,43.43485999999999,3.664765,43.435551000000004,0.09,2.25,2025-10-26T11:15:00Z,2025-10-26T11:36:01Z,21,30,4,0.6844,2.0197,0.302,0.7237,1.7345,-0.011363,-0.002971,5.31e-4,NA,FALSE,FALSE,0.005492,0.005265,71.1343,-0.844271,-0.701509,-0.568581,0.568581,0.701509,0.844271,-751.9647,-255.0306,-133.7887,133.7887,255.0306,751.9647
JPSS2_20251026T123601_vs_HYPERNETS_20251026T123000_RHOW_R_NE.csv,THFR_NE,Hyp,JPSS2,3.6641600000000003,43.43485999999999,3.664765,43.435551000000004,0.09,2.25,2025-10-26T11:30:00Z,2025-10-26T11:36:01Z,6,30,4,0.6982,2.1264,0.3162,0.7347,1.707,-0.011123,-0.003057,4.15e-4,NA,FALSE,FALSE,0.005463,0.005258,71.2259,-0.850372,-0.704275,-0.566161,0.566161,0.704275,0.850372,-777.2793,-261.3429,-132.4355,132.4355,261.3429,777.2793
JPSS2_20251026T123601_vs_HYPERNETS_20251026T124500_RHOW_R_NE.csv,THFR_NE,Hyp,JPSS2,3.6641600000000003,43.43485999999999,3.664765,43.435551000000004,0.09,2.25,2025-10-26T11:45:00Z,2025-10-26T11:36:01Z,9,30,4,0.6883,2.0586,0.2998,0.7299,1.777,-0.011926,-0.003108,5.13e-4,NA,FALSE,FALSE,0.005604,0.005383,71.4918,-0.850095,-0.70699,-0.571812,0.571812,0.70699,0.850095,-783.7185,-263.4884,-135.6066,135.6066,263.4884,783.7185
JPSS2_20251026T123601_vs_HYPERNETS_20251026T130000_RHOW_R_NE.csv,THFR_NE,Hyp,JPSS2,3.6641600000000003,43.43485999999999,3.664765,43.435551000000004,0.09,2.25,2025-10-26T12:00:00Z,2025-10-26T11:36:01Z,24,30,4,0.6677,2.1203,0.2672,0.7232,1.9569,-0.015115,-0.00367,5.59e-4,NA,FALSE,FALSE,0.006471,0.006238,73.7882,-0.871822,-0.737225,-0.603286,0.603286,0.737225,0.871822,-936.5229,-310.3947,-154.8333,154.8333,310.3947,936.5229
JPSS2_20251028T120001_vs_HYPERNETS_20251028T114500_RHOW_R_NE.csv,THFR_NE,Hyp,JPSS2,3.6641600000000003,43.43485999999999,3.6643820000000003,43.437416,0.29,2.25,2025-10-28T10:45:00Z,2025-10-28T11:00:01Z,15,30,3,0.4407,1.8278,0.0493,0.4755,4.5877,-0.034278,-0.001501,0.001896,NA,FALSE,FALSE,0.006109,0.005682,76.6359,-0.846348,-0.794096,-0.700238,0.700238,0.794096,0.846348,-592.0676,-385.6639,-251.2607,251.2607,385.6639,592.0676
JPSS2_20251028T120001_vs_HYPERNETS_20251028T120000_RHOW_R_NE.csv,THFR_NE,Hyp,JPSS2,3.6641600000000003,43.43485999999999,3.6643820000000003,43.437416,0.29,2.25,2025-10-28T11:00:00Z,2025-10-28T11:00:01Z,0,30,3,0.4353,1.8438,0.0481,0.4708,4.6051,-0.035059,-0.001529,0.001899,NA,FALSE,FALSE,0.006255,0.005821,77.033,-0.849738,-0.798094,-0.704804,0.704804,0.798094,0.849738,-608.6753,-395.2796,-257.0572,257.0572,395.2796,608.6753
JPSS2_20251028T120001_vs_HYPERNETS_20251028T121500_RHOW_R_NE.csv,THFR_NE,Hyp,JPSS2,3.6641600000000003,43.43485999999999,3.6643820000000003,43.437416,0.29,2.25,2025-10-28T11:15:00Z,2025-10-28T11:00:01Z,15,30,3,0.4261,1.8702,0.0461,0.4629,4.6441,-0.036503,-0.001578,0.001904,NA,FALSE,FALSE,0.006509,0.006064,77.6882,-0.855336,-0.804809,-0.712393,0.712393,0.804809,0.855336,-637.7131,-412.3195,-267.1681,267.1681,412.3195,637.7131
JPSS2_20251030T130000_vs_HYPERNETS_20251030T123000_RHOW_R_NE.csv,THFR_NE,Hyp,JPSS2,3.6641600000000003,43.43485999999999,3.6651840000000004,43.436184,0.17,2.25,2025-10-30T11:30:00Z,2025-10-30T12:00:00Z,30,30,3,0.5803,1.0701,0.064,0.628,6.1676,-0.04913,-9.89e-4,0.003914,NA,FALSE,FALSE,0.004693,0.004221,50.3375,-0.566006,-0.531878,-0.454995,0.454995,0.531878,0.566006,-131.1337,-113.6194,-85.3379,85.3379,113.6194,131.1337
JPSS2_20251030T130000_vs_HYPERNETS_20251030T124500_RHOW_R_NE.csv,THFR_NE,Hyp,JPSS2,3.6641600000000003,43.43485999999999,3.6651840000000004,43.436184,0.17,2.25,2025-10-30T11:45:00Z,2025-10-30T12:00:00Z,15,30,3,0.5538,1.0602,0.0594,0.6029,6.1144,-0.050766,-9.77e-4,0.003932,NA,FALSE,FALSE,0.005082,0.004564,52.0861,-0.581746,-0.545212,-0.472152,0.472152,0.545212,0.581746,-140.0067,-119.8827,-91.2896,91.2896,119.8827,140.0067
JPSS2_20251030T130000_vs_HYPERNETS_20251030T130000_RHOW_R_NE.csv,THFR_NE,Hyp,JPSS2,3.6641600000000003,43.43485999999999,3.6651840000000004,43.436184,0.17,2.25,2025-10-30T12:00:00Z,2025-10-30T12:00:00Z,0,30,3,0.5688,1.0642,0.0623,0.6165,6.1037,-0.049434,-9.75e-4,0.00392,NA,FALSE,FALSE,0.004853,0.004362,51.0484,-0.571863,-0.536318,-0.462022,0.462022,0.536318,0.571863,-134.379,-115.665,-87.6795,87.6795,115.665,134.379
JPSS2_20251030T130000_vs_HYPERNETS_20251030T131500_RHOW_R_NE.csv,THFR_NE,Hyp,JPSS2,3.6641600000000003,43.43485999999999,3.6651840000000004,43.436184,0.17,2.25,2025-10-30T12:15:00Z,2025-10-30T12:00:00Z,15,30,3,0.5553,1.0767,0.0605,0.6026,6.0052,-0.050208,-0.001017,0.003919,NA,FALSE,FALSE,0.00514,0.004636,52.6787,-0.58812,-0.557017,-0.480569,0.480569,0.557017,0.58812,-143.4841,-125.7423,-94.638,94.638,125.7423,143.4841
JPSS2_20251030T130000_vs_HYPERNETS_20251030T133000_RHOW_R_NE.csv,THFR_NE,Hyp,JPSS2,3.6641600000000003,43.43485999999999,3.6651840000000004,43.436184,0.17,2.25,2025-10-30T12:30:00Z,2025-10-30T12:00:00Z,30,30,3,0.5659,1.0738,0.0624,0.6123,6.0093,-0.049199,-9.99e-4,0.003912,NA,FALSE,FALSE,0.00495,0.004461,51.7225,-0.578564,-0.546434,-0.470491,0.470491,0.546434,0.578564,-137.9763,-120.4752,-90.8271,90.8271,120.4752,137.9763
JPSS2_20251111T123600_vs_HYPERNETS_20251111T121500_RHOW_R_NE.csv,THFR_NE,Hyp,JPSS2,3.6641600000000003,43.43485999999999,3.66875,43.442719000000004,0.95,2.25,2025-11-11T11:15:00Z,2025-11-11T11:36:00Z,21,30,2,2.1967,9.7861,NA,2.1967,NA,NA,-0.018635,NA,NA,NA,NA,0.006905,0.006754,70.8136,-0.823115,-0.708136,-0.593156,0.593156,0.708136,0.823115,-848.0362,-456.385,-226.5321,226.5321,456.385,848.0362
JPSS2_20251111T123600_vs_HYPERNETS_20251111T123000_RHOW_R_NE.csv,THFR_NE,Hyp,JPSS2,3.6641600000000003,43.43485999999999,3.66875,43.442719000000004,0.95,2.25,2025-11-11T11:30:00Z,2025-11-11T11:36:00Z,6,30,2,2.3002,9.9601,NA,2.3002,NA,NA,-0.019019,NA,NA,NA,NA,0.006643,0.006475,69.9248,-0.81785,-0.699248,-0.580647,0.580647,0.699248,0.81785,-822.5368,-440.8464,-217.0766,217.0766,440.8464,822.5368
JPSS2_20251111T123600_vs_HYPERNETS_20251111T124500_RHOW_R_NE.csv,THFR_NE,Hyp,JPSS2,3.6641600000000003,43.43485999999999,3.66875,43.442719000000004,0.95,2.25,2025-11-11T11:45:00Z,2025-11-11T11:36:00Z,9,30,2,2.2611,9.6698,NA,2.2611,NA,NA,-0.018378,NA,NA,NA,NA,0.006526,0.006358,69.6307,-0.815863,-0.696307,-0.576752,0.576752,0.696307,0.815863,-809.4017,-434.1006,-213.6825,213.6825,434.1006,809.4017
JPSS2_20251111T123600_vs_HYPERNETS_20251111T130000_RHOW_R_NE.csv,THFR_NE,Hyp,JPSS2,3.6641600000000003,43.43485999999999,3.66875,43.442719000000004,0.95,2.25,2025-11-11T12:00:00Z,2025-11-11T11:36:00Z,24,30,2,2.3228,9.7815,NA,2.3228,NA,NA,-0.018625,NA,NA,NA,NA,0.00639,0.006211,69.1257,-0.812883,-0.691257,-0.569632,0.569632,0.691257,0.812883,-796.143,-425.9447,-208.676,208.676,425.9447,796.143
JPSS2_20251116T124200_vs_HYPERNETS_20251116T121500_RHOW_R_NE.csv,THFR_NE,Hyp,JPSS2,3.6641600000000003,43.43485999999999,3.6677370000000007,43.444275,1.09,2.25,2025-11-16T11:15:00Z,2025-11-16T11:42:00Z,27,30,2,2.5713,7.1291,NA,2.5713,NA,NA,-0.020994,NA,NA,NA,NA,0.005869,0.005662,60.2321,-0.711998,-0.602321,-0.492643,0.492643,0.602321,0.711998,-311.163,-201.4669,-121.0372,121.0372,201.4669,311.163
JPSS2_20251116T124200_vs_HYPERNETS_20251116T123000_RHOW_R_NE.csv,THFR_NE,Hyp,JPSS2,3.6641600000000003,43.43485999999999,3.6677370000000007,43.444275,1.09,2.25,2025-11-16T11:30:00Z,2025-11-16T11:42:00Z,12,30,2,2.4909,6.787,NA,2.4909,NA,NA,-0.019798,NA,NA,NA,NA,0.005701,0.005496,59.6387,-0.706982,-0.596387,-0.485792,0.485792,0.596387,0.706982,-302.953,-196.2024,-117.7323,117.7323,196.2024,302.953
JPSS2_20251116T124200_vs_HYPERNETS_20251116T124500_RHOW_R_NE.csv,THFR_NE,Hyp,JPSS2,3.6641600000000003,43.43485999999999,3.6677370000000007,43.444275,1.09,2.25,2025-11-16T11:45:00Z,2025-11-16T11:42:00Z,3,30,2,2.5591,7.0304,NA,2.5591,NA,NA,-0.020649,NA,NA,NA,NA,0.005783,0.005573,59.8941,-0.709352,-0.598941,-0.48853,0.48853,0.598941,0.709352,-307.0891,-198.6923,-119.1586,119.1586,198.6923,307.0891
JPSS2_20251116T124200_vs_HYPERNETS_20251116T130000_RHOW_R_NE.csv,THFR_NE,Hyp,JPSS2,3.6641600000000003,43.43485999999999,3.6677370000000007,43.444275,1.09,2.25,2025-11-16T12:00:00Z,2025-11-16T11:42:00Z,18,30,2,2.3947,6.4084,NA,2.3947,NA,NA,-0.018476,NA,NA,NA,NA,0.00553,0.005329,59.0368,-0.701708,-0.590368,-0.479027,0.479027,0.590368,0.701708,-294.431,-190.8506,-114.4711,114.4711,190.8506,294.431
JPSS2_20251117T122400_vs_HYPERNETS_20251117T120000_RHOW_R_NE.csv,THFR_NE,Hyp,JPSS2,3.6641600000000003,43.43485999999999,3.6677220000000004,43.43851500000001,0.5,2.25,2025-11-17T11:00:00Z,2025-11-17T11:24:00Z,24,30,2,1.704,6.2598,NA,1.704,NA,NA,-0.011255,NA,NA,NA,NA,0.005606,0.005575,70.6358,-0.779922,-0.706358,-0.632793,0.632793,0.706358,0.779922,-418.2504,-293.5095,-198.7933,198.7933,293.5095,418.2504
JPSS2_20251117T122400_vs_HYPERNETS_20251117T121500_RHOW_R_NE.csv,THFR_NE,Hyp,JPSS2,3.6641600000000003,43.43485999999999,3.6677220000000004,43.43851500000001,0.5,2.25,2025-11-17T11:15:00Z,2025-11-17T11:24:00Z,9,30,2,1.7537,6.359,NA,1.7537,NA,NA,-0.011471,NA,NA,NA,NA,0.005504,0.005469,70.2275,-0.777045,-0.702275,-0.627506,0.627506,0.702275,0.777045,-411.9811,-288.4319,-194.6971,194.6971,288.4319,411.9811
JPSS2_20251117T122400_vs_HYPERNETS_20251117T123100_RHOW_R_NE.csv,THFR_NE,Hyp,JPSS2,3.6641600000000003,43.43485999999999,3.6677220000000004,43.43851500000001,0.5,2.25,2025-11-17T11:31:00Z,2025-11-17T11:24:00Z,7,30,2,1.6006,5.4972,NA,1.6006,NA,NA,-0.009593,NA,NA,NA,NA,0.005086,0.005058,68.7992,-0.764449,-0.687992,-0.611536,0.611536,0.687992,0.764449,-380.7426,-267.6905,-181.2238,181.2238,267.6905,380.7426
JPSS2_20251117T122400_vs_HYPERNETS_20251117T124500_RHOW_R_NE.csv,THFR_NE,Hyp,JPSS2,3.6641600000000003,43.43485999999999,3.6677220000000004,43.43851500000001,0.5,2.25,2025-11-17T11:45:00Z,2025-11-17T11:24:00Z,21,30,2,1.5495,5.2726,NA,1.5495,NA,NA,-0.009104,NA,NA,NA,NA,0.005017,0.004991,68.5799,-0.762185,-0.685799,-0.609413,0.609413,0.685799,0.762185,-374.9966,-264.2195,-179.2775,179.2775,264.2195,374.9966
JPSS2_20251118T120600_vs_HYPERNETS_20251118T114500_RHOW_R_NE.csv,THFR_NE,Hyp,JPSS2,3.6641600000000003,43.43485999999999,3.6642300000000003,43.442776,0.88,2.25,2025-11-18T10:45:00Z,2025-11-18T11:06:00Z,21,30,3,0.5323,1.2074,0.0597,0.574,5.5149,-0.027407,-7.68e-4,0.002005,NA,FALSE,FALSE,0.003412,0.003065,61.039,-0.686628,-0.684398,-0.571156,0.571156,0.684398,0.686628,-219.1173,-216.8544,-141.7662,141.7662,216.8544,219.1173
JPSS2_20251126T125401_vs_HYPERNETS_20251126T123000_RHOW_R_NE.csv,THFR_NE,Hyp,JPSS2,3.6641600000000003,43.43485999999999,3.664208,43.439659,0.53,2.25,2025-11-26T11:30:00Z,2025-11-26T11:54:01Z,24,30,4,0.286,0.7057,0.093,0.3489,1.3089,-0.004097,7.88e-4,0.00209,NA,FALSE,FALSE,0.003222,0.002525,43.0062,-0.569442,-0.478759,-0.339379,0.339379,0.478759,0.569442,-132.5745,-94.0321,-53.1518,53.1518,94.0321,132.5745
JPSS2_20251126T125401_vs_HYPERNETS_20251126T124500_RHOW_R_NE.csv,THFR_NE,Hyp,JPSS2,3.6641600000000003,43.43485999999999,3.664208,43.439659,0.53,2.25,2025-11-26T11:45:00Z,2025-11-26T11:54:01Z,9,30,4,0.2931,0.7288,0.0953,0.3575,1.341,-0.004247,7.48e-4,0.00208,NA,FALSE,FALSE,0.003175,0.002515,43.6771,-0.564898,-0.490134,-0.362008,0.362008,0.490134,0.564898,-130.1554,-97.5821,-59.0314,59.0314,97.5821,130.1554
JPSS2_20251126T125401_vs_HYPERNETS_20251126T130000_RHOW_R_NE.csv,THFR_NE,Hyp,JPSS2,3.6641600000000003,43.43485999999999,3.664208,43.439659,0.53,2.25,2025-11-26T12:00:00Z,2025-11-26T11:54:01Z,6,30,4,0.2794,0.6639,0.0909,0.3406,1.2763,-0.0038,8.65e-4,0.00211,NA,FALSE,FALSE,0.003183,0.002423,40.084,-0.564132,-0.435924,-0.272632,0.272632,0.435924,0.564132,-129.8364,-80.9854,-38.3755,38.3755,80.9854,129.8364
JPSS2_20251127T123601_vs_HYPERNETS_20251127T121500_RHOW_R_NE.csv,THFR_NE,Hyp,JPSS2,3.6641600000000003,43.43485999999999,3.6668879999999997,43.438049,0.42,2.25,2025-11-27T11:15:00Z,2025-11-27T11:36:01Z,21,30,2,1.9478,5.0656,NA,1.9478,NA,NA,-0.010467,NA,NA,NA,NA,0.003989,0.003893,58.8228,-0.690192,-0.588228,-0.486264,0.486264,0.588228,0.690192,-266.7371,-179.5419,-113.0782,113.0782,179.5419,266.7371
JPSS2_20251127T123601_vs_HYPERNETS_20251127T123000_RHOW_R_NE.csv,THFR_NE,Hyp,JPSS2,3.6641600000000003,43.43485999999999,3.6668879999999997,43.438049,0.42,2.25,2025-11-27T11:30:00Z,2025-11-27T11:36:01Z,6,30,2,2.0915,5.4079,NA,2.0915,NA,NA,-0.011369,NA,NA,NA,NA,0.00396,0.003847,58.4222,-0.688499,-0.584222,-0.479946,0.479946,0.584222,0.688499,-266.2813,-178.0171,-111.0223,111.0223,178.0171,266.2813
JPSS2_20251127T123601_vs_HYPERNETS_20251127T124500_RHOW_R_NE.csv,THFR_NE,Hyp,JPSS2,3.6641600000000003,43.43485999999999,3.6668879999999997,43.438049,0.42,2.25,2025-11-27T11:45:00Z,2025-11-27T11:36:01Z,9,30,2,2.0856,5.4138,NA,2.0856,NA,NA,-0.011385,NA,NA,NA,NA,0.003985,0.003874,58.5831,-0.689725,-0.585831,-0.481937,0.481937,0.585831,0.689725,-267.7549,-179.1165,-111.8423,111.8423,179.1165,267.7549
JPSS2_20251127T123601_vs_HYPERNETS_20251127T130000_RHOW_R_NE.csv,THFR_NE,Hyp,JPSS2,3.6641600000000003,43.43485999999999,3.6668879999999997,43.438049,0.42,2.25,2025-11-27T12:00:00Z,2025-11-27T11:36:01Z,24,30,2,1.9255,4.7274,NA,1.9255,NA,NA,-0.009576,NA,NA,NA,NA,0.003614,0.00351,56.567,-0.671646,-0.56567,-0.459693,0.459693,0.56567,0.671646,-244.4108,-163.781,-102.0274,102.0274,163.781,244.4108
JPSS2_20251208T123001_vs_HYPERNETS_20251208T121500_RHOW_R_NE.csv,THFR_NE,Hyp,JPSS2,3.6641600000000003,43.43485999999999,3.6675350000000004,43.444224999999996,1.08,2.25,2025-12-08T11:15:00Z,2025-12-08T11:30:01Z,15,30,1,NA,NA,NA,NA,NA,NA,NA,NA,NA,NA,NA,NA,NA,NA,NA,NA,NA,NA,NA,NA,NA,NA,NA,NA,NA,NA
JPSS2_20251208T123001_vs_HYPERNETS_20251208T123000_RHOW_R_NE.csv,THFR_NE,Hyp,JPSS2,3.6641600000000003,43.43485999999999,3.6675350000000004,43.444224999999996,1.08,2.25,2025-12-08T11:30:00Z,2025-12-08T11:30:01Z,0,30,1,NA,NA,NA,NA,NA,NA,NA,NA,NA,NA,NA,NA,NA,NA,NA,NA,NA,NA,NA,NA,NA,NA,NA,NA,NA,NA
JPSS2_20251208T123001_vs_HYPERNETS_20251208T124500_RHOW_R_NE.csv,THFR_NE,Hyp,JPSS2,3.6641600000000003,43.43485999999999,3.6675350000000004,43.444224999999996,1.08,2.25,2025-12-08T11:45:00Z,2025-12-08T11:30:01Z,15,30,1,NA,NA,NA,NA,NA,NA,NA,NA,NA,NA,NA,NA,NA,NA,NA,NA,NA,NA,NA,NA,NA,NA,NA,NA,NA,NA
JPSS2_20251208T123001_vs_HYPERNETS_20251208T130000_RHOW_R_NE.csv,THFR_NE,Hyp,JPSS2,3.6641600000000003,43.43485999999999,3.6675350000000004,43.444224999999996,1.08,2.25,2025-12-08T12:00:00Z,2025-12-08T11:30:01Z,30,30,1,NA,NA,NA,NA,NA,NA,NA,NA,NA,NA,NA,NA,NA,NA,NA,NA,NA,NA,NA,NA,NA,NA,NA,NA,NA,NA
JPSS2_20251230T121800_vs_HYPERNETS_20251230T120000_RHOW_R_NE.csv,THFR_NE,Hyp,JPSS2,3.6641600000000003,43.43485999999999,3.6675390000000005,43.44364899999999,1.02,2.25,2025-12-30T11:00:00Z,2025-12-30T11:18:00Z,18,30,1,NA,NA,NA,NA,NA,NA,NA,NA,NA,NA,NA,NA,NA,NA,NA,NA,NA,NA,NA,NA,NA,NA,NA,NA,NA,NA
JPSS2_20251230T121800_vs_HYPERNETS_20251230T121500_RHOW_R_NE.csv,THFR_NE,Hyp,JPSS2,3.6641600000000003,43.43485999999999,3.6675390000000005,43.44364899999999,1.02,2.25,2025-12-30T11:15:00Z,2025-12-30T11:18:00Z,3,30,1,NA,NA,NA,NA,NA,NA,NA,NA,NA,NA,NA,NA,NA,NA,NA,NA,NA,NA,NA,NA,NA,NA,NA,NA,NA,NA
JPSS2_20251230T121800_vs_HYPERNETS_20251230T123000_RHOW_R_NE.csv,THFR_NE,Hyp,JPSS2,3.6641600000000003,43.43485999999999,3.6675390000000005,43.44364899999999,1.02,2.25,2025-12-30T11:30:00Z,2025-12-30T11:18:00Z,12,30,1,NA,NA,NA,NA,NA,NA,NA,NA,NA,NA,NA,NA,NA,NA,NA,NA,NA,NA,NA,NA,NA,NA,NA,NA,NA,NA
JPSS2_20251230T121800_vs_HYPERNETS_20251230T124500_RHOW_R_NE.csv,THFR_NE,Hyp,JPSS2,3.6641600000000003,43.43485999999999,3.6675390000000005,43.44364899999999,1.02,2.25,2025-12-30T11:45:00Z,2025-12-30T11:18:00Z,27,30,1,NA,NA,NA,NA,NA,NA,NA,NA,NA,NA,NA,NA,NA,NA,NA,NA,NA,NA,NA,NA,NA,NA,NA,NA,NA,NA
SNPP_20250117T124800_vs_HYPERNETS_20250117T123000_RHOW_R_poly.csv,THFR_poly,Hyp,SNPP,3.6641600000000003,43.43485999999999,3.6595340000000003,43.442924,0.97,2.25,2025-01-17T11:30:00Z,2025-01-17T11:48:00Z,18,30,2,8.6068,15.1693,NA,8.6068,NA,NA,-0.041311,NA,NA,NA,NA,0.003013,0.002724,53.6825,-0.54963,-0.281217,-0.012804,0.396217,0.536825,0.677434,-239.0849,-109.2125,-29.0823,81.6135,162.6889,279.958
SNPP_20250117T124800_vs_HYPERNETS_20250117T124500_RHOW_R_poly.csv,THFR_poly,Hyp,SNPP,3.6641600000000003,43.43485999999999,3.6595340000000003,43.442924,0.97,2.25,2025-01-17T11:45:00Z,2025-01-17T11:48:00Z,3,30,2,8.3883,14.3742,NA,8.3883,NA,NA,-0.038945,NA,NA,NA,NA,0.002945,0.002714,54.9406,-0.537425,-0.262722,0.011981,0.418044,0.549406,0.680767,-229.0295,-103.3914,-25.7276,83.5008,161.7004,273.225
SNPP_20250117T124800_vs_HYPERNETS_20250117T130000_RHOW_R_poly.csv,THFR_poly,Hyp,SNPP,3.6641600000000003,43.43485999999999,3.6595340000000003,43.442924,0.97,2.25,2025-01-17T12:00:00Z,2025-01-17T11:48:00Z,12,30,2,8.0691,13.616,NA,8.0691,NA,NA,-0.036689,NA,NA,NA,NA,0.002903,0.0027,55.4983,-0.530939,-0.253448,0.024044,0.428259,0.554983,0.681707,-223.3266,-100.2668,-24.0442,84.1876,160.6543,268.8667
SNPP_20250117T124800_vs_HYPERNETS_20250117T131500_RHOW_R_poly.csv,THFR_poly,Hyp,SNPP,3.6641600000000003,43.43485999999999,3.6595340000000003,43.442924,0.97,2.25,2025-01-17T12:15:00Z,2025-01-17T11:48:00Z,27,30,2,7.7477,12.9497,NA,7.7477,NA,NA,-0.034707,NA,NA,NA,NA,0.002871,0.002684,55.7411,-0.527114,-0.248409,0.030297,0.433207,0.557411,0.681616,-219.6034,-98.3478,-23.0959,84.3547,159.6378,265.6636
SNPP_20250128T124201_vs_HYPERNETS_20250128T123000_RHOW_R_poly.csv,THFR_poly,Hyp,SNPP,3.6641600000000003,43.43485999999999,3.664674,43.43811000000001,0.36,2.25,2025-01-28T11:30:00Z,2025-01-28T11:42:01Z,12,30,4,0.7529,2.2447,0.2433,0.9263,3.5265,-0.016582,-0.003059,4.92e-4,NA,FALSE,FALSE,0.003565,0.003443,70.201,-0.798763,-0.779451,-0.682698,0.682698,0.779451,0.798763,-403.2168,-353.4348,-250.3652,250.3652,353.4348,403.2168
SNPP_20250131T114800_vs_HYPERNETS_20250131T113000_RHOW_R_poly.csv,THFR_poly,Hyp,SNPP,3.6641600000000003,43.43485999999999,3.665801,43.441353,0.73,2.25,2025-01-31T10:30:00Z,2025-01-31T10:48:00Z,18,30,5,0.6185,0.9508,0.3046,0.7401,1.7979,-0.005196,-5.61e-4,0.001347,NA,FALSE,FALSE,0.00208,0.0017,38.2376,-0.535103,-0.436555,-0.207305,0.207305,0.436555,0.535103,-115.1012,-77.4796,-26.152,26.152,77.4796,115.1012
SNPP_20250131T114800_vs_HYPERNETS_20250131T114500_RHOW_R_poly.csv,THFR_poly,Hyp,SNPP,3.6641600000000003,43.43485999999999,3.665801,43.441353,0.73,2.25,2025-01-31T10:45:00Z,2025-01-31T10:48:00Z,3,30,5,0.6367,0.9597,0.3133,0.763,1.8586,-0.005448,-6.56e-4,0.001311,NA,FALSE,FALSE,0.002052,0.001692,38.5574,-0.540964,-0.415745,-0.213811,0.213811,0.415745,0.540964,-117.8478,-71.1581,-27.1959,27.1959,71.1581,117.8478
SNPP_20250131T114800_vs_HYPERNETS_20250131T120000_RHOW_R_poly.csv,THFR_poly,Hyp,SNPP,3.6641600000000003,43.43485999999999,3.665801,43.441353,0.73,2.25,2025-01-31T11:00:00Z,2025-01-31T10:48:00Z,12,30,5,0.6466,0.945,0.3171,0.7791,1.9143,-0.005619,-6.97e-4,0.001307,NA,FALSE,FALSE,0.002012,0.001654,37.9355,-0.54342,-0.380757,-0.239198,0.239198,0.380757,0.54342,-119.0197,-61.4874,-31.4402,31.4402,61.4874,119.0197
SNPP_20250131T114800_vs_HYPERNETS_20250131T121500_RHOW_R_poly.csv,THFR_poly,Hyp,SNPP,3.6641600000000003,43.43485999999999,3.665801,43.441353,0.73,2.25,2025-01-31T11:15:00Z,2025-01-31T10:48:00Z,27,30,5,0.6573,0.9258,0.3221,0.793,1.9524,-0.00559,-6.78e-4,0.001317,NA,FALSE,FALSE,0.00192,0.001555,36.158,-0.534734,-0.342024,-0.227484,0.227484,0.342024,0.534734,-114.931,-51.9812,-29.4472,29.4472,51.9812,114.931
SNPP_20250203T123000_vs_HYPERNETS_20250203T120000_RHOW_R_poly.csv,THFR_poly,Hyp,SNPP,3.6641600000000003,43.43485999999999,3.6643120000000002,43.44075,0.66,2.25,2025-02-03T11:00:00Z,2025-02-03T11:30:00Z,30,30,4,0.4597,0.9671,0.1436,0.6379,2.8343,-0.021334,-0.002662,0.00154,NA,FALSE,FALSE,0.00625,0.005741,68.9941,-0.774804,-0.690738,-0.605875,0.605875,0.690738,0.774804,-394.6816,-225.6135,-158.8276,158.8276,225.6135,394.6816
SNPP_20250203T123000_vs_HYPERNETS_20250203T121500_RHOW_R_poly.csv,THFR_poly,Hyp,SNPP,3.6641600000000003,43.43485999999999,3.6643120000000002,43.44075,0.66,2.25,2025-02-03T11:15:00Z,2025-02-03T11:30:00Z,15,30,4,0.4647,0.9678,0.1453,0.6238,2.6778,-0.01983,-0.002503,0.001534,NA,FALSE,FALSE,0.006184,0.005676,68.7507,-0.773721,-0.683945,-0.597731,0.597731,0.683945,0.773721,-389.7171,-219.3334,-152.4927,152.4927,219.3334,389.7171
SNPP_20250203T123000_vs_HYPERNETS_20250203T123000_RHOW_R_poly.csv,THFR_poly,Hyp,SNPP,3.6641600000000003,43.43485999999999,3.6643120000000002,43.44075,0.66,2.25,2025-02-03T11:30:00Z,2025-02-03T11:30:00Z,0,30,4,0.4804,0.982,0.1509,0.6293,2.6238,-0.018829,-0.002418,0.001518,NA,FALSE,FALSE,0.005958,0.005468,68.057,-0.76791,-0.674974,-0.587634,0.587634,0.674974,0.76791,-375.6812,-210.7041,-145.9016,145.9016,210.7041,375.6812
SNPP_20250203T123000_vs_HYPERNETS_20250203T124500_RHOW_R_poly.csv,THFR_poly,Hyp,SNPP,3.6641600000000003,43.43485999999999,3.6643120000000002,43.44075,0.66,2.25,2025-02-03T11:45:00Z,2025-02-03T11:30:00Z,15,30,4,0.4823,1.0027,0.1517,0.6286,2.6052,-0.018832,-0.00245,0.001503,NA,FALSE,FALSE,0.006009,0.005528,68.4364,-0.769035,-0.680409,-0.595738,0.595738,0.680409,0.769035,-377.9072,-215.5433,-151.1962,151.1962,215.5433,377.9072
SNPP_20250203T123000_vs_HYPERNETS_20250203T130000_RHOW_R_poly.csv,THFR_poly,Hyp,SNPP,3.6641600000000003,43.43485999999999,3.6643120000000002,43.44075,0.66,2.25,2025-02-03T12:00:00Z,2025-02-03T11:30:00Z,30,30,4,0.5107,1.0201,0.1618,0.6518,2.6261,-0.017949,-0.00238,0.001484,NA,FALSE,FALSE,0.005578,0.005126,66.9519,-0.756999,-0.664094,-0.576613,0.576613,0.664094,0.756999,-352.699,-200.2564,-139.5926,139.5926,200.2564,352.699
SNPP_20250204T121201_vs_HYPERNETS_20250204T114500_RHOW_R_poly.csv,THFR_poly,Hyp,SNPP,3.6641600000000003,43.43485999999999,3.665744,43.441192,0.72,2.25,2025-02-04T10:45:00Z,2025-02-04T11:12:01Z,27,30,4,0.4447,0.4346,0.1463,0.7413,3.7553,-0.020927,-0.002334,0.001336,NA,FALSE,FALSE,0.00447,0.00393,60.9418,-0.791605,-0.556335,-0.374148,0.374148,0.556335,0.791605,-792.5354,-143.6081,-59.8965,59.8965,143.6081,792.5354
SNPP_20250204T121201_vs_HYPERNETS_20250204T120000_RHOW_R_poly.csv,THFR_poly,Hyp,SNPP,3.6641600000000003,43.43485999999999,3.665744,43.441192,0.72,2.25,2025-02-04T11:00:00Z,2025-02-04T11:12:01Z,12,30,4,0.4511,0.4403,0.1483,0.7499,3.7934,-0.020966,-0.002348,0.001332,NA,FALSE,FALSE,0.004413,0.003878,60.7194,-0.789385,-0.55239,-0.370198,0.370198,0.55239,0.789385,-783.617,-141.3438,-58.877,58.877,141.3438,783.617
SNPP_20250204T121201_vs_HYPERNETS_20250204T121500_RHOW_R_poly.csv,THFR_poly,Hyp,SNPP,3.6641600000000003,43.43485999999999,3.665744,43.441192,0.72,2.25,2025-02-04T11:15:00Z,2025-02-04T11:12:01Z,3,30,4,0.4512,0.4482,0.1478,0.7452,3.7563,-0.020813,-0.002334,0.001332,NA,FALSE,FALSE,0.004432,0.003898,60.8496,-0.790051,-0.554679,-0.373124,0.373124,0.554679,0.790051,-785.7493,-142.4563,-59.6312,59.6312,142.4563,785.7493
SNPP_20250204T121201_vs_HYPERNETS_20250204T123000_RHOW_R_poly.csv,THFR_poly,Hyp,SNPP,3.6641600000000003,43.43485999999999,3.665744,43.441192,0.72,2.25,2025-02-04T11:30:00Z,2025-02-04T11:12:01Z,18,30,4,0.4536,0.4967,0.1474,0.7352,3.6682,-0.020801,-0.002379,0.001313,NA,FALSE,FALSE,0.004557,0.004042,62.2464,-0.793766,-0.564968,-0.393666,0.393666,0.564968,0.793766,-801.2233,-147.8178,-64.9763,64.9763,147.8178,801.2233
SNPP_20250616T123601_vs_HYPERNETS_20250616T121500_RHOW_R_poly.csv,THFR_poly,Hyp,SNPP,3.6641600000000003,43.43485999999999,3.6671760000000004,43.440517,0.68,2.25,2025-06-16T10:15:00Z,2025-06-16T10:36:01Z,21,30,5,0.923,1.0855,0.6009,0.9564,1.5223,-0.005794,-0.001623,9.98e-4,NA,FALSE,FALSE,0.002123,0.001944,28.701,-0.30883,-0.284511,-0.186206,0.186206,0.284511,0.30883,-44.6823,-39.7646,-22.8813,22.8813,39.7646,44.6823
SNPP_20250616T123601_vs_HYPERNETS_20250616T123000_RHOW_R_poly.csv,THFR_poly,Hyp,SNPP,3.6641600000000003,43.43485999999999,3.6671760000000004,43.440517,0.68,2.25,2025-06-16T10:30:00Z,2025-06-16T10:36:01Z,6,30,5,0.9312,1.0904,0.5775,0.9757,1.6485,-0.00697,-0.00191,0.001085,NA,FALSE,FALSE,0.002301,0.002093,30.2343,-0.335037,-0.295458,-0.203307,0.203307,0.295458,0.335037,-50.3843,-41.9363,-25.5188,25.5188,41.9363,50.3843
SNPP_20250616T123601_vs_HYPERNETS_20250616T124500_RHOW_R_poly.csv,THFR_poly,Hyp,SNPP,3.6641600000000003,43.43485999999999,3.6671760000000004,43.440517,0.68,2.25,2025-06-16T10:45:00Z,2025-06-16T10:36:01Z,9,30,5,0.9641,1.1144,0.6164,1.0029,1.6316,-0.006387,-0.001834,9.64e-4,NA,FALSE,FALSE,0.002009,0.001813,27.7876,-0.303696,-0.270832,-0.192933,0.192933,0.270832,0.303696,-43.6154,-37.1425,-23.9054,23.9054,37.1425,43.6154
SNPP_20250616T123601_vs_HYPERNETS_20250616T130000_RHOW_R_poly.csv,THFR_poly,Hyp,SNPP,3.6641600000000003,43.43485999999999,3.6671760000000004,43.440517,0.68,2.25,2025-06-16T11:00:00Z,2025-06-16T10:36:01Z,24,30,5,0.9796,1.1217,0.6412,1.0139,1.6032,-0.005886,-0.001728,9.02e-4,NA,FALSE,FALSE,0.001818,0.00163,25.9657,-0.280425,-0.255426,-0.180343,0.180343,0.255426,0.280425,-38.9709,-34.305,-22.0022,22.0022,34.305,38.9709
SNPP_20250619T132401_vs_HYPERNETS_20250619T134500_RHOW_R_poly.csv,THFR_poly,Hyp,SNPP,3.6641600000000003,43.43485999999999,3.6627870000000002,43.440632,0.65,2.25,2025-06-19T11:45:00Z,2025-06-19T11:24:01Z,21,30,3,1.1572,1.976,0.1026,1.3494,17.7399,-0.115106,-0.004634,0.003769,NA,FALSE,FALSE,0.003323,0.002576,53.0836,-0.774854,-0.716495,-0.336848,0.379647,0.716495,0.774854,-359.8741,-252.7269,-83.9158,91.7872,252.7269,359.8741
SNPP_20250621T124200_vs_HYPERNETS_20250621T121500_RHOW_R_poly.csv,THFR_poly,Hyp,SNPP,3.6641600000000003,43.43485999999999,3.661095,43.442242,0.86,2.25,2025-06-21T10:15:00Z,2025-06-21T10:42:00Z,27,30,1,NA,NA,NA,NA,NA,NA,NA,NA,NA,NA,NA,NA,NA,NA,NA,NA,NA,NA,NA,NA,NA,NA,NA,NA,NA,NA
SNPP_20250621T124200_vs_HYPERNETS_20250621T123000_RHOW_R_poly.csv,THFR_poly,Hyp,SNPP,3.6641600000000003,43.43485999999999,3.661095,43.442242,0.86,2.25,2025-06-21T10:30:00Z,2025-06-21T10:42:00Z,12,30,1,NA,NA,NA,NA,NA,NA,NA,NA,NA,NA,NA,NA,NA,NA,NA,NA,NA,NA,NA,NA,NA,NA,NA,NA,NA,NA
SNPP_20250621T124200_vs_HYPERNETS_20250621T124500_RHOW_R_poly.csv,THFR_poly,Hyp,SNPP,3.6641600000000003,43.43485999999999,3.661095,43.442242,0.86,2.25,2025-06-21T10:45:00Z,2025-06-21T10:42:00Z,3,30,1,NA,NA,NA,NA,NA,NA,NA,NA,NA,NA,NA,NA,NA,NA,NA,NA,NA,NA,NA,NA,NA,NA,NA,NA,NA,NA
SNPP_20250621T124200_vs_HYPERNETS_20250621T130000_RHOW_R_poly.csv,THFR_poly,Hyp,SNPP,3.6641600000000003,43.43485999999999,3.661095,43.442242,0.86,2.25,2025-06-21T11:00:00Z,2025-06-21T10:42:00Z,18,30,1,NA,NA,NA,NA,NA,NA,NA,NA,NA,NA,NA,NA,NA,NA,NA,NA,NA,NA,NA,NA,NA,NA,NA,NA,NA,NA
SNPP_20250629T115400_vs_HYPERNETS_20250629T113000_RHOW_R_poly.csv,THFR_poly,Hyp,SNPP,3.6641600000000003,43.43485999999999,3.6666179999999997,43.43833500000001,0.43,2.25,2025-06-29T09:30:00Z,2025-06-29T09:54:00Z,24,30,5,0.9409,2.4364,0.5989,0.9797,1.6026,-0.00874,-0.004234,-0.001479,NA,FALSE,TRUE,0.004471,0.00438,69.7417,-0.832335,-0.786834,-0.603837,0.603837,0.786834,0.832335,-496.4272,-369.1172,-152.4212,152.4212,369.1172,496.4272
SNPP_20250702T123601_vs_HYPERNETS_20250702T121500_RHOW_R_poly.csv,THFR_poly,Hyp,SNPP,3.6641600000000003,43.43485999999999,3.6626849999999997,43.44211200000001,0.82,2.25,2025-07-02T10:15:00Z,2025-07-02T10:36:01Z,21,30,2,2.0656,3.9022,NA,2.0656,NA,NA,-0.016234,NA,NA,NA,NA,0.00485,0.004268,43.5742,-0.580314,-0.435742,-0.291171,0.291171,0.435742,0.580314,-173.8904,-106.3796,-55.5095,55.5095,106.3796,173.8904
SNPP_20250702T123601_vs_HYPERNETS_20250702T123000_RHOW_R_poly.csv,THFR_poly,Hyp,SNPP,3.6641600000000003,43.43485999999999,3.6626849999999997,43.44211200000001,0.82,2.25,2025-07-02T10:30:00Z,2025-07-02T10:36:01Z,6,30,2,2.1667,4.0221,NA,2.1667,NA,NA,-0.016929,NA,NA,NA,NA,0.004723,0.004065,42.4256,-0.573,-0.424256,-0.275511,0.275511,0.424256,0.573,-170.0132,-102.8678,-52.4198,52.4198,102.8678,170.0132
SNPP_20250702T123601_vs_HYPERNETS_20250702T124500_RHOW_R_poly.csv,THFR_poly,Hyp,SNPP,3.6641600000000003,43.43485999999999,3.6626849999999997,43.44211200000001,0.82,2.25,2025-07-02T10:45:00Z,2025-07-02T10:36:01Z,9,30,2,1.8632,3.5514,NA,1.8632,NA,NA,-0.014203,NA,NA,NA,NA,0.004861,0.004398,44.5452,-0.583558,-0.445452,-0.307345,0.307345,0.445452,0.583558,-173.3408,-107.9589,-58.2161,58.2161,107.9589,173.3408
SNPP_20250702T123601_vs_HYPERNETS_20250702T130000_RHOW_R_poly.csv,THFR_poly,Hyp,SNPP,3.6641600000000003,43.43485999999999,3.6626849999999997,43.44211200000001,0.82,2.25,2025-07-02T11:00:00Z,2025-07-02T10:36:01Z,24,30,2,1.988,3.5768,NA,1.988,NA,NA,-0.01435,NA,NA,NA,NA,0.004365,0.003758,41.2115,-0.558859,-0.412115,-0.26537,0.26537,0.412115,0.558859,-158.2327,-96.3152,-49.2439,49.2439,96.3152,158.2327
SNPP_20250708T122400_vs_HYPERNETS_20250708T120000_RHOW_R_poly.csv,THFR_poly,Hyp,SNPP,3.6641600000000003,43.43485999999999,3.6693800000000003,43.43833200000001,0.57,2.25,2025-07-08T10:00:00Z,2025-07-08T10:24:00Z,24,30,1,NA,NA,NA,NA,NA,NA,NA,NA,NA,NA,NA,NA,NA,NA,NA,NA,NA,NA,NA,NA,NA,NA,NA,NA,NA,NA
SNPP_20250708T122400_vs_HYPERNETS_20250708T121500_RHOW_R_poly.csv,THFR_poly,Hyp,SNPP,3.6641600000000003,43.43485999999999,3.6693800000000003,43.43833200000001,0.57,2.25,2025-07-08T10:15:00Z,2025-07-08T10:24:00Z,9,30,1,NA,NA,NA,NA,NA,NA,NA,NA,NA,NA,NA,NA,NA,NA,NA,NA,NA,NA,NA,NA,NA,NA,NA,NA,NA,NA
SNPP_20250708T122400_vs_HYPERNETS_20250708T123000_RHOW_R_poly.csv,THFR_poly,Hyp,SNPP,3.6641600000000003,43.43485999999999,3.6693800000000003,43.43833200000001,0.57,2.25,2025-07-08T10:30:00Z,2025-07-08T10:24:00Z,6,30,1,NA,NA,NA,NA,NA,NA,NA,NA,NA,NA,NA,NA,NA,NA,NA,NA,NA,NA,NA,NA,NA,NA,NA,NA,NA,NA
SNPP_20250708T122400_vs_HYPERNETS_20250708T124500_RHOW_R_poly.csv,THFR_poly,Hyp,SNPP,3.6641600000000003,43.43485999999999,3.6693800000000003,43.43833200000001,0.57,2.25,2025-07-08T10:45:00Z,2025-07-08T10:24:00Z,21,30,1,NA,NA,NA,NA,NA,NA,NA,NA,NA,NA,NA,NA,NA,NA,NA,NA,NA,NA,NA,NA,NA,NA,NA,NA,NA,NA
SNPP_20250709T120601_vs_HYPERNETS_20250709T114500_RHOW_R_poly.csv,THFR_poly,Hyp,SNPP,3.6641600000000003,43.43485999999999,3.667342,43.436314,0.3,2.25,2025-07-09T09:45:00Z,2025-07-09T10:06:01Z,21,30,4,0.992,1.1155,0.3431,1.1447,3.8187,-0.020311,-0.002482,0.002863,NA,FALSE,FALSE,0.002118,0.001771,30.2231,-0.411116,-0.204095,-0.030389,0.118166,0.227051,0.411116,-77.2111,-27.105,-3.5733,11.9955,29.3137,77.2111
SNPP_20250709T120601_vs_HYPERNETS_20250709T120000_RHOW_R_poly.csv,THFR_poly,Hyp,SNPP,3.6641600000000003,43.43485999999999,3.667342,43.436314,0.3,2.25,2025-07-09T10:00:00Z,2025-07-09T10:06:01Z,6,30,4,0.9851,1.1402,0.3488,1.1207,3.6008,-0.018795,-0.002302,0.002831,NA,FALSE,FALSE,0.00206,0.001744,29.9394,-0.403858,-0.205069,-0.038364,0.116523,0.220987,0.403858,-74.7821,-27.0743,-4.455,11.8846,28.3578,74.7821
SNPP_20250709T120601_vs_HYPERNETS_20250709T121500_RHOW_R_poly.csv,THFR_poly,Hyp,SNPP,3.6641600000000003,43.43485999999999,3.667342,43.436314,0.3,2.25,2025-07-09T10:15:00Z,2025-07-09T10:06:01Z,9,30,4,0.9548,1.1755,0.3271,1.1091,3.7613,-0.022486,-0.002999,0.002748,NA,FALSE,FALSE,0.002667,0.002197,31.3129,-0.463002,-0.264547,-0.114674,0.114674,0.264547,0.463002,-95.3154,-37.6838,-13.1942,13.1942,37.6838,95.3154
SNPP_20250709T120601_vs_HYPERNETS_20250709T123000_RHOW_R_poly.csv,THFR_poly,Hyp,SNPP,3.6641600000000003,43.43485999999999,3.667342,43.436314,0.3,2.25,2025-07-09T10:30:00Z,2025-07-09T10:06:01Z,24,30,4,0.9668,1.1903,0.3389,1.1063,3.6113,-0.020576,-0.002731,0.002736,NA,FALSE,FALSE,0.002444,0.002014,30.1652,-0.441953,-0.246513,-0.096857,0.106213,0.246513,0.441953,-87.5205,-34.1838,-11.0116,12.0453,34.1838,87.5205
SNPP_20250718T123601_vs_HYPERNETS_20250718T121500_RHOW_R_poly.csv,THFR_poly,Hyp,SNPP,3.6641600000000003,43.43485999999999,3.664472,43.438442,0.4,2.25,2025-07-18T10:15:00Z,2025-07-18T10:36:01Z,21,30,5,1.2315,1.9448,0.75,1.2967,2.2419,-0.010075,-0.00398,-4.55e-4,NA,FALSE,TRUE,0.002507,0.002067,41.589,-0.4894,-0.331529,-0.270389,0.270389,0.331529,0.4894,-95.8478,-49.5952,-37.0593,37.0593,49.5952,95.8478
SNPP_20250718T123601_vs_HYPERNETS_20250718T123000_RHOW_R_poly.csv,THFR_poly,Hyp,SNPP,3.6641600000000003,43.43485999999999,3.664472,43.438442,0.4,2.25,2025-07-18T10:30:00Z,2025-07-18T10:36:01Z,6,30,5,1.1933,1.969,0.73740000000000006,1.2516,2.1245,-0.009613,-0.003863,-4.76e-4,NA,FALSE,TRUE,0.002578,0.002206,42.9633,-0.498659,-0.347034,-0.286202,0.286202,0.347034,0.498659,-99.4649,-53.1473,-40.0956,40.0956,53.1473,99.4649
SNPP_20250718T123601_vs_HYPERNETS_20250718T124500_RHOW_R_poly.csv,THFR_poly,Hyp,SNPP,3.6641600000000003,43.43485999999999,3.664472,43.438442,0.4,2.25,2025-07-18T10:45:00Z,2025-07-18T10:36:01Z,9,30,5,1.196,1.8813,0.732,1.2576,2.1606,-0.00953,-0.003716,-3.32e-4,NA,FALSE,TRUE,0.002468,0.002057,41.3321,-0.48451,-0.308714,-0.272608,0.272608,0.308714,0.48451,-93.9901,-44.658,-37.4775,37.4775,44.658,93.9901
SNPP_20250718T123601_vs_HYPERNETS_20250718T130000_RHOW_R_poly.csv,THFR_poly,Hyp,SNPP,3.6641600000000003,43.43485999999999,3.664472,43.438442,0.4,2.25,2025-07-18T11:00:00Z,2025-07-18T10:36:01Z,24,30,5,1.1756,1.8264,0.7103,1.2406,2.1667,-0.009751,-0.003711,-2.52e-4,NA,FALSE,TRUE,0.002545,0.002142,41.8404,-0.495114,-0.302492,-0.281495,0.281495,0.302492,0.495114,-98.0646,-43.3676,-39.1778,39.1778,43.3676,98.0646
SNPP_20250722T130600_vs_HYPERNETS_20250722T124500_RHOW_R_poly.csv,THFR_poly,Hyp,SNPP,3.6641600000000003,43.43485999999999,3.6659,43.439842,0.57,2.25,2025-07-22T10:45:00Z,2025-07-22T11:06:00Z,21,30,3,1.0455,1.0775,0.0962,1.1965,14.8801,-0.100336,-0.003326,0.004474,NA,FALSE,FALSE,0.002671,0.001933,31.2697,-0.449938,-0.268631,-0.153422,0.153422,0.268631,0.449938,-92.5587,-36.7299,-19.2319,19.2319,36.7299,92.5587
SNPP_20250722T130600_vs_HYPERNETS_20250722T130000_RHOW_R_poly.csv,THFR_poly,Hyp,SNPP,3.6641600000000003,43.43485999999999,3.6659,43.439842,0.57,2.25,2025-07-22T11:00:00Z,2025-07-22T11:06:00Z,6,30,3,1.0612,1.0634,0.0997,1.2036,14.5344,-0.094971,-0.003135,0.00447,NA,FALSE,FALSE,0.002494,0.001733,29.0885,-0.425574,-0.234511,-0.12801,0.12801,0.234511,0.425574,-84.5971,-30.6354,-15.5452,15.5452,30.6354,84.5971
SNPP_20250731T115401_vs_HYPERNETS_20250731T113000_RHOW_R_poly.csv,THFR_poly,Hyp,SNPP,3.6641600000000003,43.43485999999999,3.663406,43.442131,0.81,2.25,2025-07-31T09:30:00Z,2025-07-31T09:54:01Z,24,30,4,1.0431,1.1473,0.4145,1.1321,3.0918,-0.013293,-0.002248,0.001796,NA,FALSE,FALSE,0.001872,0.001503,31.4452,-0.408078,-0.332209,-0.238583,0.238583,0.332209,0.408078,-71.4307,-49.8258,-32.9301,32.9301,49.8258,71.4307
SNPP_20250731T115401_vs_HYPERNETS_20250731T114500_RHOW_R_poly.csv,THFR_poly,Hyp,SNPP,3.6641600000000003,43.43485999999999,3.663406,43.442131,0.81,2.25,2025-07-31T09:45:00Z,2025-07-31T09:54:01Z,9,30,4,1.026,1.1676,0.3946,1.1256,3.2111,-0.014638,-0.002447,0.001826,NA,FALSE,FALSE,0.002078,0.001713,34.0878,-0.429885,-0.362606,-0.273599,0.273599,0.362606,0.429885,-78.368,-56.9151,-39.7657,39.7657,56.9151,78.368
SNPP_20250731T115401_vs_HYPERNETS_20250731T120000_RHOW_R_poly.csv,THFR_poly,Hyp,SNPP,3.6641600000000003,43.43485999999999,3.663406,43.442131,0.81,2.25,2025-07-31T10:00:00Z,2025-07-31T09:54:01Z,6,30,4,1.0281,1.1494,0.3958,1.1274,3.2111,-0.014403,-0.002375,0.001848,NA,FALSE,FALSE,0.002016,0.001639,33.0629,-0.423951,-0.349846,-0.256524,0.256524,0.349846,0.423951,-76.4297,-53.8738,-36.3314,36.3314,53.8738,76.4297
SNPP_20250731T115401_vs_HYPERNETS_20250731T121500_RHOW_R_poly.csv,THFR_poly,Hyp,SNPP,3.6641600000000003,43.43485999999999,3.663406,43.442131,0.81,2.25,2025-07-31T10:15:00Z,2025-07-31T09:54:01Z,21,30,4,1.054,1.1488,0.4213,1.1419,3.0948,-0.013141,-0.002241,0.001781,NA,FALSE,FALSE,0.001823,0.001449,30.7945,-0.40014,-0.324588,-0.232394,0.232394,0.324588,0.40014,-69.2311,-48.1217,-31.8469,31.8469,48.1217,69.2311
SNPP_20250803T123601_vs_HYPERNETS_20250803T121500_RHOW_R_poly.csv,THFR_poly,Hyp,SNPP,3.6641600000000003,43.43485999999999,3.6683840000000005,43.441376,0.8,2.25,2025-08-03T10:15:00Z,2025-08-03T10:36:01Z,21,30,1,NA,NA,NA,NA,NA,NA,NA,NA,NA,NA,NA,NA,NA,NA,NA,NA,NA,NA,NA,NA,NA,NA,NA,NA,NA,NA
SNPP_20250803T123601_vs_HYPERNETS_20250803T123000_RHOW_R_poly.csv,THFR_poly,Hyp,SNPP,3.6641600000000003,43.43485999999999,3.6683840000000005,43.441376,0.8,2.25,2025-08-03T10:30:00Z,2025-08-03T10:36:01Z,6,30,1,NA,NA,NA,NA,NA,NA,NA,NA,NA,NA,NA,NA,NA,NA,NA,NA,NA,NA,NA,NA,NA,NA,NA,NA,NA,NA
SNPP_20250803T123601_vs_HYPERNETS_20250803T124500_RHOW_R_poly.csv,THFR_poly,Hyp,SNPP,3.6641600000000003,43.43485999999999,3.6683840000000005,43.441376,0.8,2.25,2025-08-03T10:45:00Z,2025-08-03T10:36:01Z,9,30,1,NA,NA,NA,NA,NA,NA,NA,NA,NA,NA,NA,NA,NA,NA,NA,NA,NA,NA,NA,NA,NA,NA,NA,NA,NA,NA
SNPP_20250803T123601_vs_HYPERNETS_20250803T130000_RHOW_R_poly.csv,THFR_poly,Hyp,SNPP,3.6641600000000003,43.43485999999999,3.6683840000000005,43.441376,0.8,2.25,2025-08-03T11:00:00Z,2025-08-03T10:36:01Z,24,30,1,NA,NA,NA,NA,NA,NA,NA,NA,NA,NA,NA,NA,NA,NA,NA,NA,NA,NA,NA,NA,NA,NA,NA,NA,NA,NA
SNPP_20250813T124800_vs_HYPERNETS_20250813T123000_RHOW_R_poly.csv,THFR_poly,Hyp,SNPP,3.6641600000000003,43.43485999999999,3.6632640000000003,43.439040999999996,0.47,2.25,2025-08-13T10:30:00Z,2025-08-13T10:48:00Z,18,30,5,1.3044,1.0212,0.8098,1.3665,2.3056,-0.007347,-0.001722,0.001611,NA,FALSE,FALSE,0.0012979999999999999,0.001018,17.9194,0.046311,0.050865,0.253647,0.050865,0.253647,0.255887,4.6311,5.0865,25.3647,5.0865,25.3647,25.5887
SNPP_20250813T124800_vs_HYPERNETS_20250813T124500_RHOW_R_poly.csv,THFR_poly,Hyp,SNPP,3.6641600000000003,43.43485999999999,3.6632640000000003,43.439040999999996,0.47,2.25,2025-08-13T10:45:00Z,2025-08-13T10:48:00Z,3,30,5,1.2748,1.0503,0.7843,1.3386,2.2844,-0.007878,-0.001941,0.001538,NA,FALSE,FALSE,0.001209,8.53e-4,14.368,-0.008116,0.003146,0.16614399999999999,0.008116,0.16614399999999999,0.21477,-0.8183,0.3146,16.6144,0.8183,16.6144,21.477
SNPP_20250813T124800_vs_HYPERNETS_20250813T130000_RHOW_R_poly.csv,THFR_poly,Hyp,SNPP,3.6641600000000003,43.43485999999999,3.6632640000000003,43.439040999999996,0.47,2.25,2025-08-13T11:00:00Z,2025-08-13T10:48:00Z,12,30,5,1.3561,0.9681,0.8931,1.402,2.2009,-0.005331,-0.001051,0.001676,NA,FALSE,FALSE,0.001606,0.001357,26.6578,0.15903,0.203182,0.341943,0.15903,0.203182,0.341943,15.903,20.3182,34.1943,18.9009,20.3182,34.1943
SNPP_20250813T124800_vs_HYPERNETS_20250813T131500_RHOW_R_poly.csv,THFR_poly,Hyp,SNPP,3.6641600000000003,43.43485999999999,3.6632640000000003,43.439040999999996,0.47,2.25,2025-08-13T11:15:00Z,2025-08-13T10:48:00Z,27,30,5,1.3258,1.0191,0.8506,1.3781,2.2327,-0.006439,-0.001501,0.001547,NA,FALSE,FALSE,0.001358,0.001115,20.1058,0.08513,0.096516,0.280598,0.096516,0.243485,0.280598,8.513,9.6516,28.0598,9.6516,28.0598,29.9563
SNPP_20250824T124200_vs_HYPERNETS_20250824T121500_RHOW_R_poly.csv,THFR_poly,Hyp,SNPP,3.6641600000000003,43.43485999999999,3.66325,43.442085,0.81,2.25,2025-08-24T10:15:00Z,2025-08-24T10:42:00Z,27,30,4,1.1784,0.92,0.398,1.3835,4.8091,-0.022512,-0.002815,0.002851,NA,FALSE,FALSE,0.001824,0.001616,28.1533,-0.324376,-0.054528,0.155823,0.179193,0.222036,0.324376,-50.9785,-8.1825,15.5648,17.9017,26.2786,50.9785
SNPP_20250824T124200_vs_HYPERNETS_20250824T123000_RHOW_R_poly.csv,THFR_poly,Hyp,SNPP,3.6641600000000003,43.43485999999999,3.66325,43.442085,0.81,2.25,2025-08-24T10:30:00Z,2025-08-24T10:42:00Z,12,30,4,1.2451,0.9377,0.4258,1.448,4.9235,-0.021843,-0.002796,0.002806,NA,FALSE,FALSE,0.001747,0.001573,28.875,-0.287771,-0.012841,0.201541,0.206982,0.228203,0.309971,-43.163,-3.4586,20.1306,22.8946,25.7071,43.163
SNPP_20250824T124200_vs_HYPERNETS_20250824T124500_RHOW_R_poly.csv,THFR_poly,Hyp,SNPP,3.6641600000000003,43.43485999999999,3.66325,43.442085,0.81,2.25,2025-08-24T10:45:00Z,2025-08-24T10:42:00Z,3,30,4,1.2095,0.9079,0.4151,1.403,4.7416,-0.02102,-0.002601,0.002849,NA,FALSE,FALSE,0.001725,0.001568,29.2641,-0.29332,-0.002389,0.217632,0.219506,0.221732,0.294866,-44.1896,-2.7295,21.7629,22.1049,25.2619,44.1896
SNPP_20250824T124200_vs_HYPERNETS_20250824T130000_RHOW_R_poly.csv,THFR_poly,Hyp,SNPP,3.6641600000000003,43.43485999999999,3.66325,43.442085,0.81,2.25,2025-08-24T11:00:00Z,2025-08-24T10:42:00Z,18,30,4,1.2049,0.9715,0.4217,1.3802,4.5176,-0.020793,-0.002783,0.002719,NA,FALSE,FALSE,0.001732,0.00152,26.4372,-0.314285,-0.066877,0.126835,0.160764,0.210677,0.314285,-48.6152,-9.1428,12.646,16.0385,24.7826,48.6152
SNPP_20250904T123601_vs_HYPERNETS_20250904T123000_RHOW_C_poly.csv,THFR_poly,Hyp,SNPP,3.6641600000000003,43.43485999999999,3.6633940000000007,43.442123,0.81,2.25,2025-09-04T10:30:00Z,2025-09-04T10:36:01Z,6,30,4,0.2874,0.2037,0.1376,0.8059,4.719,-0.022413,-4.62e-4,0.003287,NA,FALSE,FALSE,0.002242,0.002048,36.1964,-0.414101,-0.310417,-0.123872,0.265305,0.317442,0.414101,-72.6481,-45.4898,-17.4713,32.3218,45.4898,72.6481
SNPP_20250904T123601_vs_HYPERNETS_20250904T124500_RHOW_C_poly.csv,THFR_poly,Hyp,SNPP,3.6641600000000003,43.43485999999999,3.6633940000000007,43.442123,0.81,2.25,2025-09-04T10:45:00Z,2025-09-04T10:36:01Z,9,30,4,0.2868,0.1982,0.1389,0.8145,4.7775,-0.022525,-4.73e-4,0.003286,NA,FALSE,FALSE,0.002207,0.002021,36.1689,-0.410959,-0.305355,-0.115449,0.272876,0.322146,0.410959,-71.6963,-44.457,-16.3568,31.7081,44.457,71.6963
SNPP_20250904T123601_vs_HYPERNETS_20250904T130000_RHOW_C_poly.csv,THFR_poly,Hyp,SNPP,3.6641600000000003,43.43485999999999,3.6633940000000007,43.442123,0.81,2.25,2025-09-04T11:00:00Z,2025-09-04T10:36:01Z,24,30,4,0.2826,0.1905,0.133,0.7764,4.5335,-0.020545,-1.55e-4,0.003337,NA,FALSE,FALSE,0.002145,0.001984,37.0105,-0.3857,-0.289149,-0.09559,0.310676,0.344065,0.403494,-64.9296,-40.9352,-14.5391,34.8492,42.4937,64.9296
SNPP_20250906T120000_vs_HYPERNETS_20250906T113000_RHOW_R_poly.csv,THFR_poly,Hyp,SNPP,3.6641600000000003,43.43485999999999,3.665876,43.437428,0.32,2.25,2025-09-06T09:30:00Z,2025-09-06T10:00:00Z,30,30,1,NA,NA,NA,NA,NA,NA,NA,NA,NA,NA,NA,NA,NA,NA,NA,NA,NA,NA,NA,NA,NA,NA,NA,NA,NA,NA
SNPP_20250910T122401_vs_HYPERNETS_20250910T123000_RHOW_R_poly.csv,THFR_poly,Hyp,SNPP,3.6641600000000003,43.43485999999999,3.668429,43.443303,1,2.25,2025-09-10T10:30:00Z,2025-09-10T10:24:01Z,6,30,5,0.7145,0.456,0.3416,0.9479,2.6306,-0.005985,8.24e-4,0.003278,NA,FALSE,FALSE,0.001516,0.001449,46.5463,0.161244,0.244977,0.758421,0.244977,0.384138,0.758421,16.1244,24.4977,75.8421,24.4977,62.3741,75.8421
SNPP_20250915T123000_vs_HYPERNETS_20250915T120000_RHOW_R_poly.csv,THFR_poly,Hyp,SNPP,3.6641600000000003,43.43485999999999,3.6671690000000003,43.439986999999995,0.62,2.25,2025-09-15T10:00:00Z,2025-09-15T10:30:00Z,30,30,3,0.8097,1.2312,0.0741,0.9289,11.6402,-0.062191,-0.002145,0.002646,NA,FALSE,FALSE,0.002814,0.002544,49.8634,-0.621432,-0.551275,-0.402157,0.402157,0.551275,0.621432,-168.8095,-122.8536,-72.7273,72.7273,122.8536,168.8095
SNPP_20250915T123000_vs_HYPERNETS_20250915T121500_RHOW_R_poly.csv,THFR_poly,Hyp,SNPP,3.6641600000000003,43.43485999999999,3.6671690000000003,43.439986999999995,0.62,2.25,2025-09-15T10:15:00Z,2025-09-15T10:30:00Z,15,30,3,0.8051,1.2607,0.0743,0.92,11.3872,-0.062183,-0.002209,0.002636,NA,FALSE,FALSE,0.002924,0.002668,51.127,-0.633145,-0.569491,-0.418506,0.418506,0.569491,0.633145,-176.7858,-132.2831,-78.0784,78.0784,132.2831,176.7858
SNPP_20250915T123000_vs_HYPERNETS_20250915T123000_RHOW_R_poly.csv,THFR_poly,Hyp,SNPP,3.6641600000000003,43.43485999999999,3.6671690000000003,43.439986999999995,0.62,2.25,2025-09-15T10:30:00Z,2025-09-15T10:30:00Z,0,30,3,0.7853,1.2195,0.0719,0.9005,11.2723,-0.061667,-0.002109,0.002649,NA,FALSE,FALSE,0.00295,0.00268,50.986,-0.628501,-0.558036,-0.415307,0.415307,0.558036,0.628501,-174.157,-126.2627,-76.3654,76.3654,126.2627,174.157
SNPP_20250915T123000_vs_HYPERNETS_20250915T124500_RHOW_R_poly.csv,THFR_poly,Hyp,SNPP,3.6641600000000003,43.43485999999999,3.6671690000000003,43.439986999999995,0.62,2.25,2025-09-15T10:45:00Z,2025-09-15T10:30:00Z,15,30,3,0.7943,1.1911,0.0725,0.9127,11.4975,-0.061177,-0.002037,0.002657,NA,FALSE,FALSE,0.002807,0.002525,49.4276,-0.613844,-0.536117,-0.395628,0.395628,0.536117,0.613844,-164.3736,-115.5715,-70.1211,70.1211,115.5715,164.3736
SNPP_20250915T123000_vs_HYPERNETS_20250915T130000_RHOW_R_poly.csv,THFR_poly,Hyp,SNPP,3.6641600000000003,43.43485999999999,3.6671690000000003,43.439986999999995,0.62,2.25,2025-09-15T11:00:00Z,2025-09-15T10:30:00Z,30,30,3,0.7768,1.1599,0.0704,0.8954,11.3896,-0.060865,-0.001964,0.002667,NA,FALSE,FALSE,0.002845,0.002551,49.4162,-0.610717,-0.527121,-0.394086,0.394086,0.527121,0.610717,-163.0185,-111.4706,-69.1679,69.1679,111.4706,163.0185
SNPP_20250923T132400_vs_HYPERNETS_20250923T130000_RHOW_R_poly.csv,THFR_poly,Hyp,SNPP,3.6641600000000003,43.43485999999999,3.6626689999999997,43.440971,0.69,2.25,2025-09-23T11:00:00Z,2025-09-23T11:24:00Z,24,30,3,0.7667,1.1063,0.0619,0.9752,15.3751,-0.109768,-0.003243,0.003513,NA,FALSE,FALSE,0.004,0.003427,49.957,-0.640392,-0.531844,-0.374885,0.374885,0.531844,0.640392,-191.6862,-113.6042,-65.2651,65.2651,113.6042,191.6862
SNPP_20250923T132400_vs_HYPERNETS_20250923T131500_RHOW_R_poly.csv,THFR_poly,Hyp,SNPP,3.6641600000000003,43.43485999999999,3.6626689999999997,43.440971,0.69,2.25,2025-09-23T11:15:00Z,2025-09-23T11:24:00Z,9,30,3,0.8441,1.116,0.0704,1.0299,15.0667,-0.098658,-0.003044,0.003491,NA,FALSE,FALSE,0.003387,0.002841,45.8627,-0.602307,-0.484748,-0.328007,0.328007,0.484748,0.602307,-163.2129,-94.08,-53.0322,53.0322,94.08,163.2129
SNPP_20250923T132400_vs_HYPERNETS_20250923T133000_RHOW_R_poly.csv,THFR_poly,Hyp,SNPP,3.6641600000000003,43.43485999999999,3.6626689999999997,43.440971,0.69,2.25,2025-09-23T11:30:00Z,2025-09-23T11:24:00Z,6,30,3,0.8815,1.1717,0.0757,1.0498,14.5631,-0.094279,-0.003111,0.00346,NA,FALSE,FALSE,0.003269,0.002776,45.8752,-0.603803,-0.496474,-0.332562,0.332562,0.496474,0.603803,-162.2039,-98.5994,-54.56,54.56,98.5994,162.2039
SNPP_20250923T132400_vs_HYPERNETS_20250923T134500_RHOW_R_poly.csv,THFR_poly,Hyp,SNPP,3.6641600000000003,43.43485999999999,3.6626689999999997,43.440971,0.69,2.25,2025-09-23T11:45:00Z,2025-09-23T11:24:00Z,21,30,3,0.8418,1.1688,0.0716,1.0091,14.2129,-0.096264,-0.003145,0.003466,NA,FALSE,FALSE,0.003561,0.003081,48.1781,-0.621981,-0.518855,-0.360118,0.360118,0.518855,0.621981,-174.9669,-107.8374,-61.3215,61.3215,107.8374,174.9669
SNPP_20250925T124801_vs_HYPERNETS_20250925T124500_RHOW_R_poly.csv,THFR_poly,Hyp,SNPP,3.6641600000000003,43.43485999999999,3.666995,43.439326,0.55,2.25,2025-09-25T10:45:00Z,2025-09-25T10:48:01Z,3,30,5,0.964,1.3616,0.5319,1.0522,2.0815,-0.007808,-0.00241,3.19e-4,NA,FALSE,FALSE,0.002399,0.002136,46.9882,-0.612687,-0.506956,-0.304006,0.304006,0.506956,0.612687,-158.1891,-102.8215,-43.6794,43.6794,102.8215,158.1891
SNPP_20250925T124801_vs_HYPERNETS_20250925T130000_RHOW_R_poly.csv,THFR_poly,Hyp,SNPP,3.6641600000000003,43.43485999999999,3.666995,43.439326,0.55,2.25,2025-09-25T11:00:00Z,2025-09-25T10:48:01Z,12,30,5,0.977,1.3573,0.5361,1.0693,2.1328,-0.007973,-0.002447,3.23e-4,NA,FALSE,FALSE,0.002361,0.002087,46.4379,-0.611611,-0.501813,-0.295269,0.295269,0.501813,0.611611,-157.4737,-100.728,-41.8981,41.8981,100.728,157.4737
SNPP_20250925T124801_vs_HYPERNETS_20250925T131500_RHOW_R_poly.csv,THFR_poly,Hyp,SNPP,3.6641600000000003,43.43485999999999,3.666995,43.439326,0.55,2.25,2025-09-25T11:15:00Z,2025-09-25T10:48:01Z,27,30,5,0.9947,1.4,0.5596,1.0763,2.07,-0.007312,-0.00231,2.91e-4,NA,FALSE,FALSE,0.002187,0.001926,45.1633,-0.590772,-0.488617,-0.296283,0.296283,0.488617,0.590772,-144.3627,-95.5483,-42.1026,42.1026,95.5483,144.3627
SNPP_20250929T131200_vs_HYPERNETS_20250929T124500_RHOW_R_poly.csv,THFR_poly,Hyp,SNPP,3.6641600000000003,43.43485999999999,3.666549,43.44168899999999,0.78,2.25,2025-09-29T10:45:00Z,2025-09-29T11:12:00Z,27,30,1,NA,NA,NA,NA,NA,NA,NA,NA,NA,NA,NA,NA,NA,NA,NA,NA,NA,NA,NA,NA,NA,NA,NA,NA,NA,NA
SNPP_20250929T131200_vs_HYPERNETS_20250929T130000_RHOW_R_poly.csv,THFR_poly,Hyp,SNPP,3.6641600000000003,43.43485999999999,3.666549,43.44168899999999,0.78,2.25,2025-09-29T11:00:00Z,2025-09-29T11:12:00Z,12,30,1,NA,NA,NA,NA,NA,NA,NA,NA,NA,NA,NA,NA,NA,NA,NA,NA,NA,NA,NA,NA,NA,NA,NA,NA,NA,NA
SNPP_20250929T131200_vs_HYPERNETS_20250929T131500_RHOW_R_poly.csv,THFR_poly,Hyp,SNPP,3.6641600000000003,43.43485999999999,3.666549,43.44168899999999,0.78,2.25,2025-09-29T11:15:00Z,2025-09-29T11:12:00Z,3,30,1,NA,NA,NA,NA,NA,NA,NA,NA,NA,NA,NA,NA,NA,NA,NA,NA,NA,NA,NA,NA,NA,NA,NA,NA,NA,NA
SNPP_20250929T131200_vs_HYPERNETS_20250929T133000_RHOW_R_poly.csv,THFR_poly,Hyp,SNPP,3.6641600000000003,43.43485999999999,3.666549,43.44168899999999,0.78,2.25,2025-09-29T11:30:00Z,2025-09-29T11:12:00Z,18,30,1,NA,NA,NA,NA,NA,NA,NA,NA,NA,NA,NA,NA,NA,NA,NA,NA,NA,NA,NA,NA,NA,NA,NA,NA,NA,NA
SNPP_20251001T123000_vs_HYPERNETS_20251001T120000_RHOW_R_poly.csv,THFR_poly,Hyp,SNPP,3.6641600000000003,43.43485999999999,3.666677,43.438778000000006,0.48,2.25,2025-10-01T10:00:00Z,2025-10-01T10:30:00Z,30,30,4,0.6919,0.8822,0.2248,0.845,3.1758,-0.016038,-0.002206,0.001474,NA,FALSE,FALSE,0.003541,0.003126,53.6778,-0.711582,-0.494483,-0.319679,0.319679,0.494483,0.711582,-275.53,-108.9023,-47.0601,47.0601,108.9023,275.53
SNPP_20251001T123000_vs_HYPERNETS_20251001T121500_RHOW_R_poly.csv,THFR_poly,Hyp,SNPP,3.6641600000000003,43.43485999999999,3.666677,43.438778000000006,0.48,2.25,2025-10-01T10:15:00Z,2025-10-01T10:30:00Z,15,30,4,0.6782,0.9294,0.2208,0.8262,3.0923,-0.01632,-0.002303,0.001442,NA,FALSE,FALSE,0.003777,0.003378,56.2195,-0.722905,-0.530892,-0.370183,0.370183,0.530892,0.722905,-290.725,-123.2923,-59.0321,59.0321,123.2923,290.725
SNPP_20251001T123000_vs_HYPERNETS_20251001T123000_RHOW_R_poly.csv,THFR_poly,Hyp,SNPP,3.6641600000000003,43.43485999999999,3.666677,43.438778000000006,0.48,2.25,2025-10-01T10:30:00Z,2025-10-01T10:30:00Z,0,30,4,0.6908,0.9288,0.2288,0.8256,2.9799,-0.015079,-0.002148,0.001435,NA,FALSE,FALSE,0.003583,0.003195,54.7599,-0.713042,-0.50865,-0.343207,0.343207,0.50865,0.713042,-275.9269,-113.8881,-52.3608,52.3608,113.8881,275.9269
SNPP_20251001T123000_vs_HYPERNETS_20251001T124500_RHOW_R_poly.csv,THFR_poly,Hyp,SNPP,3.6641600000000003,43.43485999999999,3.666677,43.438778000000006,0.48,2.25,2025-10-01T10:45:00Z,2025-10-01T10:30:00Z,15,30,4,0.6858,0.9736,0.2298,0.8106,2.859,-0.014715,-0.00216,0.001399,NA,FALSE,FALSE,0.003692,0.003321,56.2325,-0.717686,-0.529423,-0.374062,0.374062,0.529423,0.717686,-281.3876,-122.0312,-59.973,59.973,122.0312,281.3876
SNPP_20251001T123000_vs_HYPERNETS_20251001T130000_RHOW_R_poly.csv,THFR_poly,Hyp,SNPP,3.6641600000000003,43.43485999999999,3.666677,43.438778000000006,0.48,2.25,2025-10-01T11:00:00Z,2025-10-01T10:30:00Z,30,30,4,0.6804,0.9923,0.2346,0.7868,2.6387,-0.013308,-0.001998,0.001375,NA,FALSE,FALSE,0.003658,0.0033,56.1897,-0.714679,-0.524902,-0.37212,0.37212,0.524902,0.714679,-275.3691,-120.0882,-59.381,59.381,120.0882,275.3691
SNPP_20251002T121201_vs_HYPERNETS_20251002T114500_RHOW_R_poly.csv,THFR_poly,Hyp,SNPP,3.6641600000000003,43.43485999999999,3.666189,43.441596999999994,0.77,2.25,2025-10-02T09:45:00Z,2025-10-02T10:12:01Z,27,30,3,0.5196,0.7915,0.0435,0.6315,9.1661,-0.056145,-0.001007,0.002791,NA,FALSE,FALSE,0.003932,0.003388,50.276,-0.562745,-0.390916,-0.386853,0.386853,0.390916,0.562745,-148.7083,-64.1809,-63.0965,63.0965,64.1809,148.7083
SNPP_20251002T121201_vs_HYPERNETS_20251002T120000_RHOW_R_poly.csv,THFR_poly,Hyp,SNPP,3.6641600000000003,43.43485999999999,3.666189,43.441596999999994,0.77,2.25,2025-10-02T10:00:00Z,2025-10-02T10:12:01Z,12,30,3,0.5213,0.7721,0.0443,0.626,8.855,-0.053372,-9.18e-4,0.00279,NA,FALSE,FALSE,0.003852,0.003302,48.9571,-0.559946,-0.390977,-0.369899,0.369899,0.390977,0.559946,-146.1111,-64.1974,-58.7936,58.7936,64.1974,146.1111
SNPP_20251002T121201_vs_HYPERNETS_20251002T121500_RHOW_R_poly.csv,THFR_poly,Hyp,SNPP,3.6641600000000003,43.43485999999999,3.666189,43.441596999999994,0.77,2.25,2025-10-02T10:15:00Z,2025-10-02T10:12:01Z,3,30,3,0.5113,0.8143,0.0445,0.6032,8.1782,-0.051887,-9.81e-4,0.002774,NA,FALSE,FALSE,0.004177,0.003648,52.6444,-0.581013,-0.42419,-0.420749,0.420749,0.42419,0.581013,-157.3793,-73.6683,-72.6397,72.6397,73.6683,157.3793
SNPP_20251002T121201_vs_HYPERNETS_20251002T123000_RHOW_R_poly.csv,THFR_poly,Hyp,SNPP,3.6641600000000003,43.43485999999999,3.666189,43.441596999999994,0.77,2.25,2025-10-02T10:30:00Z,2025-10-02T10:12:01Z,18,30,3,0.5259,0.8113,0.0447,0.6313,8.9231,-0.054886,-0.001028,0.002782,NA,FALSE,FALSE,0.003944,0.003423,51.0126,-0.566844,-0.400815,-0.398753,0.398753,0.400815,0.566844,-149.9547,-66.8934,-66.3219,66.3219,66.8934,149.9547
SNPP_20251006T124200_vs_HYPERNETS_20251006T121500_RHOW_R_poly.csv,THFR_poly,Hyp,SNPP,3.6641600000000003,43.43485999999999,3.662496,43.441565999999995,0.76,2.25,2025-10-06T10:15:00Z,2025-10-06T10:42:00Z,27,30,4,0.9145,1.3281,0.3157,1.0566,3.5358,-0.018329,-0.00305,0.001516,NA,FALSE,FALSE,0.003174,0.002701,48.4091,-0.660084,-0.39565,-0.219657,0.219657,0.39565,0.660084,-432.3995,-71.2497,-28.2743,28.2743,71.2497,432.3995
SNPP_20251006T124200_vs_HYPERNETS_20251006T123000_RHOW_R_poly.csv,THFR_poly,Hyp,SNPP,3.6641600000000003,43.43485999999999,3.662496,43.441565999999995,0.76,2.25,2025-10-06T10:30:00Z,2025-10-06T10:42:00Z,12,30,4,0.9124,1.2731,0.3121,1.0608,3.6056,-0.018552,-0.003015,0.001556,NA,FALSE,FALSE,0.003142,0.002644,47.4622,-0.659149,-0.381221,-0.196694,0.196694,0.381221,0.659149,-430.6258,-67.9899,-24.5542,24.5542,67.9899,430.6258
SNPP_20251006T124200_vs_HYPERNETS_20251006T124500_RHOW_R_poly.csv,THFR_poly,Hyp,SNPP,3.6641600000000003,43.43485999999999,3.662496,43.441565999999995,0.76,2.25,2025-10-06T10:45:00Z,2025-10-06T10:42:00Z,3,30,4,0.9173,1.3569,0.3182,1.0565,3.5076,-0.0181,-0.003032,0.001506,NA,FALSE,FALSE,0.003152,0.002685,48.4415,-0.659765,-0.396792,-0.221442,0.221442,0.396792,0.659765,-430.4922,-71.4787,-28.5799,28.5799,71.4787,430.4922
SNPP_20251006T124200_vs_HYPERNETS_20251006T130000_RHOW_R_poly.csv,THFR_poly,Hyp,SNPP,3.6641600000000003,43.43485999999999,3.662496,43.441565999999995,0.76,2.25,2025-10-06T11:00:00Z,2025-10-06T10:42:00Z,18,30,4,0.9028,1.3616,0.3106,1.0455,3.5187,-0.018797,-0.003152,0.001497,NA,FALSE,FALSE,0.003323,0.002864,50.0186,-0.669173,-0.420098,-0.251111,0.251111,0.420098,0.669173,-447.6208,-77.958,-33.7579,33.7579,77.958,447.6208
SNPP_20251011T124801_vs_HYPERNETS_20251011T123000_RHOW_R_poly.csv,THFR_poly,Hyp,SNPP,3.6641600000000003,43.43485999999999,3.662313,43.438736000000006,0.46,2.25,2025-10-11T10:30:00Z,2025-10-11T10:48:01Z,18,30,4,0.7649,1.2327,0.2761,0.8616,2.6892,-0.015407,-0.002731,0.00133,NA,FALSE,FALSE,0.004005,0.003691,57.7787,-0.691398,-0.542744,-0.429132,0.429132,0.542744,0.691398,-280.6066,-121.6176,-76.342,76.342,121.6176,280.6066
SNPP_20251011T124801_vs_HYPERNETS_20251011T124500_RHOW_R_poly.csv,THFR_poly,Hyp,SNPP,3.6641600000000003,43.43485999999999,3.662313,43.438736000000006,0.46,2.25,2025-10-11T10:45:00Z,2025-10-11T10:48:01Z,3,30,4,0.7853,1.3028,0.2889,0.8767,2.6601,-0.015001,-0.002768,0.001263,NA,FALSE,FALSE,0.003904,0.003614,57.775,-0.686845,-0.54747,-0.438375,0.438375,0.54747,0.686845,-274.0947,-123.2245,-79.6313,79.6313,123.2245,274.0947
SNPP_20251011T124801_vs_HYPERNETS_20251011T130000_RHOW_R_poly.csv,THFR_poly,Hyp,SNPP,3.6641600000000003,43.43485999999999,3.662313,43.438736000000006,0.46,2.25,2025-10-11T11:00:00Z,2025-10-11T10:48:01Z,12,30,4,0.7465,1.1853,0.2686,0.8422,2.6406,-0.015064,-0.002594,0.001383,NA,FALSE,FALSE,0.004023,0.003688,57.3887,-0.693877,-0.53311,-0.41312,0.41312,0.53311,0.693877,-282.1821,-118.0273,-71.1364,71.1364,118.0273,282.1821
SNPP_20251011T124801_vs_HYPERNETS_20251011T131500_RHOW_R_poly.csv,THFR_poly,Hyp,SNPP,3.6641600000000003,43.43485999999999,3.662313,43.438736000000006,0.46,2.25,2025-10-11T11:15:00Z,2025-10-11T10:48:01Z,27,30,4,0.7466,1.2746,0.2669,0.8452,2.6769,-0.016141,-0.002876,0.001313,NA,FALSE,FALSE,0.004312,0.003997,59.8065,-0.706275,-0.571428,-0.463218,0.463218,0.571428,0.706275,-299.7457,-135.9661,-88.0406,88.0406,135.9661,299.7457
SNPP_20251012T122401_vs_HYPERNETS_20251012T120000_RHOW_R_poly.csv,THFR_poly,Hyp,SNPP,3.6641600000000003,43.43485999999999,3.666806,43.44199,0.82,2.25,2025-10-12T10:00:00Z,2025-10-12T10:24:01Z,24,30,4,0.4661,0.6152,0.1519,0.5669,2.1151,-0.011979,-7.79e-4,0.002223,NA,FALSE,FALSE,0.004488,0.003912,48.298,-0.65553,-0.528825,-0.356274,0.356274,0.528825,0.65553,-205.4263,-114.7711,-60.2673,60.2673,114.7711,205.4263
SNPP_20251012T122401_vs_HYPERNETS_20251012T121500_RHOW_R_poly.csv,THFR_poly,Hyp,SNPP,3.6641600000000003,43.43485999999999,3.666806,43.44199,0.82,2.25,2025-10-12T10:15:00Z,2025-10-12T10:24:01Z,9,30,4,0.4679,0.6188,0.1522,0.5705,2.1381,-0.012152,-8.07e-4,0.002221,NA,FALSE,FALSE,0.004485,0.003915,48.4922,-0.656122,-0.528091,-0.35689,0.35689,0.528091,0.656122,-206.0329,-114.5229,-60.1828,60.1828,114.5229,206.0329
SNPP_20251012T122401_vs_HYPERNETS_20251012T123000_RHOW_R_poly.csv,THFR_poly,Hyp,SNPP,3.6641600000000003,43.43485999999999,3.666806,43.44199,0.82,2.25,2025-10-12T10:30:00Z,2025-10-12T10:24:01Z,6,30,4,0.4786,0.5909,0.1586,0.5717,2.0608,-0.010678,-5.62e-4,0.002245,NA,FALSE,FALSE,0.004071,0.003556,47.4073,-0.632919,-0.507457,-0.307766,0.348612,0.507457,0.632919,-185.1488,-105.1022,-50.9843,57.0303,105.1022,185.1488
SNPP_20251013T120601_vs_HYPERNETS_20251013T114500_RHOW_R_poly.csv,THFR_poly,Hyp,SNPP,3.6641600000000003,43.43485999999999,3.662723,43.442341,0.84,2.25,2025-10-13T09:45:00Z,2025-10-13T10:06:01Z,21,30,1,NA,NA,NA,NA,NA,NA,NA,NA,NA,NA,NA,NA,NA,NA,NA,NA,NA,NA,NA,NA,NA,NA,NA,NA,NA,NA
SNPP_20251013T120601_vs_HYPERNETS_20251013T120000_RHOW_R_poly.csv,THFR_poly,Hyp,SNPP,3.6641600000000003,43.43485999999999,3.662723,43.442341,0.84,2.25,2025-10-13T10:00:00Z,2025-10-13T10:06:01Z,6,30,1,NA,NA,NA,NA,NA,NA,NA,NA,NA,NA,NA,NA,NA,NA,NA,NA,NA,NA,NA,NA,NA,NA,NA,NA,NA,NA
SNPP_20251013T120601_vs_HYPERNETS_20251013T121500_RHOW_R_poly.csv,THFR_poly,Hyp,SNPP,3.6641600000000003,43.43485999999999,3.662723,43.442341,0.84,2.25,2025-10-13T10:15:00Z,2025-10-13T10:06:01Z,9,30,1,NA,NA,NA,NA,NA,NA,NA,NA,NA,NA,NA,NA,NA,NA,NA,NA,NA,NA,NA,NA,NA,NA,NA,NA,NA,NA
SNPP_20251013T120601_vs_HYPERNETS_20251013T123000_RHOW_R_poly.csv,THFR_poly,Hyp,SNPP,3.6641600000000003,43.43485999999999,3.662723,43.442341,0.84,2.25,2025-10-13T10:30:00Z,2025-10-13T10:06:01Z,24,30,1,NA,NA,NA,NA,NA,NA,NA,NA,NA,NA,NA,NA,NA,NA,NA,NA,NA,NA,NA,NA,NA,NA,NA,NA,NA,NA
SNPP_20251015T131201_vs_HYPERNETS_20251015T124500_RHOW_R_poly.csv,THFR_poly,Hyp,SNPP,3.6641600000000003,43.43485999999999,3.666779,43.44202,0.82,2.25,2025-10-15T10:45:00Z,2025-10-15T11:12:01Z,27,30,2,0.8149,1.0159,NA,0.8149,NA,NA,-6.1e-5,NA,NA,NA,NA,0.00154,0.001318,20.0044,-0.204791,-0.200044,-0.195296,0.195296,0.200044,0.204791,-25.7598,-25.0156,-24.2758,24.2758,25.0156,25.7598
SNPP_20251015T131201_vs_HYPERNETS_20251015T130000_RHOW_R_poly.csv,THFR_poly,Hyp,SNPP,3.6641600000000003,43.43485999999999,3.666779,43.44202,0.82,2.25,2025-10-15T11:00:00Z,2025-10-15T11:12:01Z,12,30,2,0.8153,1.0291,NA,0.8153,NA,NA,-1.12e-4,NA,NA,NA,NA,0.00159,0.001378,21.1635,-0.220101,-0.211635,-0.20317,0.20317,0.211635,0.220101,-28.2441,-26.8741,-25.5188,25.5188,26.8741,28.2441
SNPP_20251015T131201_vs_HYPERNETS_20251015T131500_RHOW_R_poly.csv,THFR_poly,Hyp,SNPP,3.6641600000000003,43.43485999999999,3.666779,43.44202,0.82,2.25,2025-10-15T11:15:00Z,2025-10-15T11:12:01Z,3,30,2,0.8165,1.0494,NA,0.8165,NA,NA,-1.91e-4,NA,NA,NA,NA,0.001663,0.001464,22.8043,-0.241842,-0.228043,-0.214244,0.214244,0.228043,0.241842,-31.9626,-29.6238,-27.3263,27.3263,29.6238,31.9626
SNPP_20251015T131201_vs_HYPERNETS_20251015T133000_RHOW_R_poly.csv,THFR_poly,Hyp,SNPP,3.6641600000000003,43.43485999999999,3.666779,43.44202,0.82,2.25,2025-10-15T11:30:00Z,2025-10-15T11:12:01Z,18,30,2,0.8316,1.026,NA,0.8316,NA,NA,-1e-4,NA,NA,NA,NA,0.00142,0.001229,19.3124,-0.200893,-0.193124,-0.185356,0.185356,0.193124,0.200893,-25.1572,-23.9578,-22.7699,22.7699,23.9578,25.1572
SNPP_20251016T125400_vs_HYPERNETS_20251016T123000_RHOW_R_poly.csv,THFR_poly,Hyp,SNPP,3.6641600000000003,43.43485999999999,3.6641940000000006,43.441776,0.77,2.25,2025-10-16T10:30:00Z,2025-10-16T10:54:00Z,24,30,4,0.9143,1.0335,0.3065,1.0803,3.8079,-0.020354,-0.002956,0.00198,NA,FALSE,FALSE,0.003029,0.002444,40.4167,-0.611742,-0.313986,-0.106411,0.106411,0.313986,0.611742,-201.9315,-52.6906,-11.9107,11.9107,52.6906,201.9315
SNPP_20251016T125400_vs_HYPERNETS_20251016T124500_RHOW_R_poly.csv,THFR_poly,Hyp,SNPP,3.6641600000000003,43.43485999999999,3.6641940000000006,43.441776,0.77,2.25,2025-10-16T10:45:00Z,2025-10-16T10:54:00Z,9,30,4,0.9215,1.0374,0.3102,1.0847,3.7925,-0.020035,-0.002921,0.001974,NA,FALSE,FALSE,0.00297,0.002385,39.8918,-0.607402,-0.308962,-0.100477,0.100477,0.308962,0.607402,-198.4126,-51.4563,-11.1743,11.1743,51.4563,198.4126
SNPP_20251016T125400_vs_HYPERNETS_20251016T130000_RHOW_R_poly.csv,THFR_poly,Hyp,SNPP,3.6641600000000003,43.43485999999999,3.6641940000000006,43.441776,0.77,2.25,2025-10-16T11:00:00Z,2025-10-16T10:54:00Z,6,30,4,0.919,1.0519,0.3108,1.0777,3.7363,-0.0198,-0.002911,0.00196,NA,FALSE,FALSE,0.002987,0.002418,40.3652,-0.608816,-0.31308,-0.107916,0.107916,0.31308,0.608816,-199.2375,-52.2933,-12.0995,12.0995,52.2933,199.2375
SNPP_20251016T125400_vs_HYPERNETS_20251016T131500_RHOW_R_poly.csv,THFR_poly,Hyp,SNPP,3.6641600000000003,43.43485999999999,3.6641940000000006,43.441776,0.77,2.25,2025-10-16T11:15:00Z,2025-10-16T10:54:00Z,21,30,4,0.9215,1.0447,0.3173,1.0667,3.5861,-0.01828,-0.002673,0.001969,NA,FALSE,FALSE,0.002823,0.00226,38.5351,-0.598284,-0.304575,-0.091641,0.091641,0.304575,0.598284,-189.7147,-50.0269,-10.1305,10.1305,50.0269,189.7147
SNPP_20251017T123600_vs_HYPERNETS_20251017T121500_RHOW_R_poly.csv,THFR_poly,Hyp,SNPP,3.6641600000000003,43.43485999999999,3.6675180000000003,43.438293,0.47,2.25,2025-10-17T10:15:00Z,2025-10-17T10:36:00Z,21,30,5,0.8373,0.9654,0.5364,0.8706,1.4131,-0.003938,-6.32e-4,0.001405,NA,FALSE,FALSE,0.001674,0.001499,26.0503,-0.30152,-0.286837,-0.138518,0.138518,0.286837,0.30152,-43.1681,-40.2203,-16.0791,16.0791,40.2203,43.1681
SNPP_20251017T123600_vs_HYPERNETS_20251017T123000_RHOW_R_poly.csv,THFR_poly,Hyp,SNPP,3.6641600000000003,43.43485999999999,3.6675180000000003,43.438293,0.47,2.25,2025-10-17T10:30:00Z,2025-10-17T10:36:00Z,6,30,5,0.8707,0.9666,0.5494,0.9085,1.5023,-0.004204,-6.95e-4,0.001427,NA,FALSE,FALSE,0.001501,0.001344,25.1031,-0.281784,-0.27061,-0.102783,0.113534,0.27061,0.281784,-39.2339,-37.1009,-11.4558,11.4558,37.1009,39.2339
SNPP_20251017T123600_vs_HYPERNETS_20251017T124500_RHOW_R_poly.csv,THFR_poly,Hyp,SNPP,3.6641600000000003,43.43485999999999,3.6675180000000003,43.438293,0.47,2.25,2025-10-17T10:45:00Z,2025-10-17T10:36:00Z,9,30,5,0.8958,0.9437,0.5788,0.9298,1.4937,-0.003605,-4.8e-4,0.001466,NA,FALSE,FALSE,0.001164,0.001053,22.9504,-0.241706,-0.210299,-0.063465,0.209051,0.210299,0.241706,-31.875,-26.6302,-6.7766,20.9051,26.6302,31.875
SNPP_20251017T123600_vs_HYPERNETS_20251017T130000_RHOW_R_poly.csv,THFR_poly,Hyp,SNPP,3.6641600000000003,43.43485999999999,3.6675180000000003,43.438293,0.47,2.25,2025-10-17T11:00:00Z,2025-10-17T10:36:00Z,24,30,5,0.9075,0.9243,0.6183,0.9325,1.4064,-0.002618,-1.61e-4,0.001468,NA,FALSE,FALSE,8.42e-4,7.48e-4,19.1601,-0.200867,-0.12663,-0.034102,0.12663,0.200867,0.284936,-25.1357,-14.499,-3.5306,14.499,25.1357,28.4936
SNPP_20251023T121801_vs_HYPERNETS_20251023T120000_RHOW_R_poly.csv,THFR_poly,Hyp,SNPP,3.6641600000000003,43.43485999999999,3.6613040000000003,43.441390999999996,0.76,2.25,2025-10-23T10:00:00Z,2025-10-23T10:18:01Z,18,30,2,1.4211,5.3036,NA,1.4211,NA,NA,-0.010836,NA,NA,NA,NA,0.006787,0.006771,71.6153,-0.780619,-0.716153,-0.651688,0.651688,0.716153,0.780619,-405.2439,-295.4532,-209.5203,209.5203,295.4532,405.2439
SNPP_20251023T121801_vs_HYPERNETS_20251023T121500_RHOW_R_poly.csv,THFR_poly,Hyp,SNPP,3.6641600000000003,43.43485999999999,3.6613040000000003,43.441390999999996,0.76,2.25,2025-10-23T10:15:00Z,2025-10-23T10:18:01Z,3,30,2,1.417,5.4719,NA,1.417,NA,NA,-0.011267,NA,NA,NA,NA,0.007118,0.007104,72.5268,-0.788045,-0.725268,-0.662491,0.662491,0.725268,0.788045,-423.7562,-309.2256,-219.7395,219.7395,309.2256,423.7562
SNPP_20251023T121801_vs_HYPERNETS_20251023T123000_RHOW_R_poly.csv,THFR_poly,Hyp,SNPP,3.6641600000000003,43.43485999999999,3.6613040000000003,43.441390999999996,0.76,2.25,2025-10-23T10:30:00Z,2025-10-23T10:18:01Z,12,30,2,1.3337,5.1212,NA,1.3337,NA,NA,-0.010368,NA,NA,NA,NA,0.007064,0.007053,72.4591,-0.786696,-0.724591,-0.662485,0.662485,0.724591,0.786696,-418.7147,-306.8209,-219.0641,219.0641,306.8209,418.7147
SNPP_20251026T130600_vs_HYPERNETS_20251026T124500_RHOW_R_poly.csv,THFR_poly,Hyp,SNPP,3.6641600000000003,43.43485999999999,3.669078,43.441505,0.84,2.25,2025-10-26T11:45:00Z,2025-10-26T12:06:00Z,21,30,3,0.4706,0.9582,0.0397,0.5682,8.1317,-0.070244,-0.001782,0.003002,NA,FALSE,FALSE,0.006272,0.00569,63.8873,-0.707088,-0.612198,-0.55732,0.55732,0.612198,0.707088,-260.8597,-157.8632,-127.6529,127.6529,157.8632,260.8597
SNPP_20251026T130600_vs_HYPERNETS_20251026T130000_RHOW_R_poly.csv,THFR_poly,Hyp,SNPP,3.6641600000000003,43.43485999999999,3.669078,43.441505,0.84,2.25,2025-10-26T12:00:00Z,2025-10-26T12:06:00Z,6,30,3,0.4505,1.0211,0.0373,0.5542,8.2404,-0.077485,-0.002076,0.002996,NA,FALSE,FALSE,0.007027,0.00645,67.1972,-0.743517,-0.668182,-0.598532,0.598532,0.668182,0.743517,-307.8806,-201.3704,-152.921,152.921,201.3704,307.8806
SNPP_20251026T130600_vs_HYPERNETS_20251026T131500_RHOW_R_poly.csv,THFR_poly,Hyp,SNPP,3.6641600000000003,43.43485999999999,3.669078,43.441505,0.84,2.25,2025-10-26T12:15:00Z,2025-10-26T12:06:00Z,9,30,3,0.4659,0.9466,0.0397,0.5585,7.8646,-0.068082,-0.001712,0.003001,NA,FALSE,FALSE,0.006318,0.005723,63.8886,-0.704296,-0.606864,-0.557464,0.557464,0.606864,0.704296,-258.1778,-154.3649,-127.3917,127.3917,154.3649,258.1778
SNPP_20251026T130600_vs_HYPERNETS_20251026T133000_RHOW_R_poly.csv,THFR_poly,Hyp,SNPP,3.6641600000000003,43.43485999999999,3.669078,43.441505,0.84,2.25,2025-10-26T12:30:00Z,2025-10-26T12:06:00Z,24,30,3,0.4731,0.9889,0.041,0.5599,7.6493,-0.067057,-0.001793,0.002984,NA,FALSE,FALSE,0.006407,0.005844,64.7815,-0.714378,-0.627039,-0.570864,0.570864,0.627039,0.714378,-267.7261,-168.1247,-135.0489,135.0489,168.1247,267.7261
SNPP_20251027T124800_vs_HYPERNETS_20251027T123000_RHOW_R_poly.csv,THFR_poly,Hyp,SNPP,3.6641600000000003,43.43485999999999,3.663508,43.44136399999999,0.73,2.25,2025-10-27T11:30:00Z,2025-10-27T11:48:00Z,18,30,4,0.8283,0.9859,0.3591,0.8791,2.152,-0.009867,-0.001253,0.002266,NA,FALSE,FALSE,0.002322,0.002071,31.5452,-0.431927,-0.30895,-0.192475,0.192475,0.30895,0.431927,-76.2212,-46.5118,-23.8548,23.8548,46.5118,76.2212
SNPP_20251027T124800_vs_HYPERNETS_20251027T124500_RHOW_R_poly.csv,THFR_poly,Hyp,SNPP,3.6641600000000003,43.43485999999999,3.663508,43.44136399999999,0.73,2.25,2025-10-27T11:45:00Z,2025-10-27T11:48:00Z,3,30,4,0.8284,0.9597,0.3387,0.8917,2.3475,-0.011298,-0.001379,0.002389,NA,FALSE,FALSE,0.002399,0.002117,31.7021,-0.441622,-0.301849,-0.177248,0.177248,0.301849,0.441622,-79.4943,-45.3519,-21.5526,21.5526,45.3519,79.4943
SNPP_20251027T124800_vs_HYPERNETS_20251027T130000_RHOW_R_poly.csv,THFR_poly,Hyp,SNPP,3.6641600000000003,43.43485999999999,3.663508,43.44136399999999,0.73,2.25,2025-10-27T12:00:00Z,2025-10-27T11:48:00Z,12,30,4,0.8738,0.9208,0.3995,0.9179,2.1087,-0.008007,-8.33e-4,0.00229,NA,FALSE,FALSE,0.001609,0.001328,21.6246,-0.355911,-0.222708,-0.083044,0.083044,0.222708,0.355911,-55.3052,-30.324,-9.1025,9.1025,30.324,55.3052
SNPP_20251027T124800_vs_HYPERNETS_20251027T131500_RHOW_R_poly.csv,THFR_poly,Hyp,SNPP,3.6641600000000003,43.43485999999999,3.663508,43.44136399999999,0.73,2.25,2025-10-27T12:15:00Z,2025-10-27T11:48:00Z,27,30,4,0.8744,0.9621,0.4008,0.918,2.1025,-0.008353,-0.001002,0.002209,NA,FALSE,FALSE,0.00176,0.00151,24.8262,-0.373302,-0.238309,-0.11327,0.11327,0.238309,0.373302,-59.6536,-33.0383,-12.7746,12.7746,33.0383,59.6536
SNPP_20251028T123001_vs_HYPERNETS_20251028T121500_RHOW_R_poly.csv,THFR_poly,Hyp,SNPP,3.6641600000000003,43.43485999999999,3.666616,43.437906,0.39,2.25,2025-10-28T11:15:00Z,2025-10-28T11:30:01Z,15,30,4,0.6691,1.2416,0.2339,0.7668,2.5134,-0.016238,-0.002758,0.001354,NA,FALSE,FALSE,0.004884,0.004558,62.8376,-0.724682,-0.613002,-0.516695,0.516695,0.613002,0.724682,-304.972,-160.8796,-109.1493,109.1493,160.8796,304.972
SNPP_20251028T123001_vs_HYPERNETS_20251028T124500_RHOW_R_poly.csv,THFR_poly,Hyp,SNPP,3.6641600000000003,43.43485999999999,3.666616,43.437906,0.39,2.25,2025-10-28T11:45:00Z,2025-10-28T11:30:01Z,15,30,4,0.6242,1.3037,0.2203,0.7115,2.2979,-0.016289,-0.002862,0.001295,NA,FALSE,FALSE,0.005641,0.005304,66.3984,-0.747759,-0.654179,-0.570404,0.570404,0.654179,0.747759,-342.0908,-191.1219,-136.0379,136.0379,191.1219,342.0908
SNPP_20251028T123001_vs_HYPERNETS_20251028T130000_RHOW_R_poly.csv,THFR_poly,Hyp,SNPP,3.6641600000000003,43.43485999999999,3.666616,43.437906,0.39,2.25,2025-10-28T12:00:00Z,2025-10-28T11:30:01Z,30,30,4,0.6227,1.3491,0.2266,0.6986,2.1541,-0.015139,-0.002775,0.001235,NA,FALSE,FALSE,0.005663,0.005335,66.7551,-0.747087,-0.657932,-0.578396,0.578396,0.657932,0.747087,-339.2448,-193.9831,-140.5823,140.5823,193.9831,339.2448
SNPP_20251109T120001_vs_HYPERNETS_20251109T114500_RHOW_R_poly.csv,THFR_poly,Hyp,SNPP,3.6641600000000003,43.43485999999999,3.659593,43.442574,0.93,2.25,2025-11-09T10:45:00Z,2025-11-09T11:00:01Z,15,30,4,0.6021,0.8822,0.2126,0.6861,2.214,-0.008983,-0.001164,0.001259,NA,FALSE,FALSE,0.003094,0.002771,53.641,-0.663784,-0.491222,-0.363848,0.363848,0.491222,0.663784,-236.2126,-100.3139,-57.6655,57.6655,100.3139,236.2126
SNPP_20251109T120001_vs_HYPERNETS_20251109T120000_RHOW_R_poly.csv,THFR_poly,Hyp,SNPP,3.6641600000000003,43.43485999999999,3.659593,43.442574,0.93,2.25,2025-11-09T11:00:00Z,2025-11-09T11:00:01Z,0,30,4,0.5911,0.8866,0.2021,0.6876,2.34,-0.010155,-0.001327,0.001267,NA,FALSE,FALSE,0.003322,0.002996,56.0073,-0.678139,-0.503967,-0.385901,0.385901,0.503967,0.678139,-254.208,-105.9415,-63.0158,63.0158,105.9415,254.208
SNPP_20251109T120001_vs_HYPERNETS_20251109T121500_RHOW_R_poly.csv,THFR_poly,Hyp,SNPP,3.6641600000000003,43.43485999999999,3.659593,43.442574,0.93,2.25,2025-11-09T11:15:00Z,2025-11-09T11:00:01Z,15,30,4,0.6061,0.8806,0.2115,0.6955,2.2874,-0.009344,-0.001208,0.001266,NA,FALSE,FALSE,0.003085,0.002764,53.6479,-0.664534,-0.488255,-0.3602,0.3602,0.488255,0.664534,-237.5211,-99.3881,-56.677,56.677,99.3881,237.5211
SNPP_20251109T120001_vs_HYPERNETS_20251109T123000_RHOW_R_poly.csv,THFR_poly,Hyp,SNPP,3.6641600000000003,43.43485999999999,3.659593,43.442574,0.93,2.25,2025-11-09T11:30:00Z,2025-11-09T11:00:01Z,30,30,4,0.6393,0.9047,0.2379,0.7102,2.1203,-0.007634,-9.96e-4,0.001227,NA,FALSE,FALSE,0.002659,0.00236,49.5187,-0.633008,-0.457711,-0.31989,0.31989,0.457711,0.633008,-204.4373,-87.4185,-47.7808,47.7808,87.4185,204.4373
SNPP_20251117T125401_vs_HYPERNETS_20251117T123100_RHOW_R_poly.csv,THFR_poly,Hyp,SNPP,3.6641600000000003,43.43485999999999,3.660846,43.443016,0.95,2.25,2025-11-17T11:31:00Z,2025-11-17T11:54:01Z,23,30,4,0.841,0.8174,0.297,0.9581,3.0902,-0.011899,-0.001319,0.001961,NA,FALSE,FALSE,0.002015,0.001596,33.3252,-0.535284,-0.290984,-0.038543,0.096863,0.298895,0.535284,-117.6996,-47.3982,-4.3528,9.8832,47.9318,117.6996
SNPP_20251117T125401_vs_HYPERNETS_20251117T124500_RHOW_R_poly.csv,THFR_poly,Hyp,SNPP,3.6641600000000003,43.43485999999999,3.660846,43.443016,0.95,2.25,2025-11-17T11:45:00Z,2025-11-17T11:54:01Z,9,30,4,0.853,0.8386,0.3065,0.963,3.0254,-0.011364,-0.001275,0.001936,NA,FALSE,FALSE,0.00193,0.00152,32.3911,-0.525813,-0.284442,-0.036659,0.088687,0.290589,0.525813,-112.999,-45.8637,-4.097,9.0399,46.228,112.999
SNPP_20251117T125401_vs_HYPERNETS_20251117T131500_RHOW_R_poly.csv,THFR_poly,Hyp,SNPP,3.6641600000000003,43.43485999999999,3.660846,43.443016,0.95,2.25,2025-11-17T12:15:00Z,2025-11-17T11:54:01Z,21,30,4,0.8899,0.9075,0.3245,0.9973,3.0649,-0.011383,-0.001387,0.001866,NA,FALSE,FALSE,0.001847,0.001404,29.3775,-0.516353,-0.271188,-0.045619,0.04861,0.271188,0.516353,-108.7938,-43.1865,-4.8298,5.1429,43.1865,108.7938
SNPP_20251118T123600_vs_HYPERNETS_20251118T121500_RHOW_C_poly.csv,THFR_poly,Hyp,SNPP,3.6641600000000003,43.43485999999999,3.665254,43.44096,0.68,2.25,2025-11-18T11:15:00Z,2025-11-18T11:36:00Z,21,30,4,0.7836,0.9123,0.3278,0.8386,2.1454,-0.007092,-8.61e-4,0.001574,NA,FALSE,FALSE,0.001891,0.001631,34.0256,-0.489236,-0.322985,-0.174005,0.174005,0.322985,0.489236,-97.1056,-50.6735,-21.127,21.127,50.6735,97.1056
SNPP_20251118T123600_vs_HYPERNETS_20251118T123000_RHOW_C_poly.csv,THFR_poly,Hyp,SNPP,3.6641600000000003,43.43485999999999,3.665254,43.44096,0.68,2.25,2025-11-18T11:30:00Z,2025-11-18T11:36:00Z,6,30,4,0.7963,0.9901,0.3501,0.8427,2.0282,-0.006622,-9.18e-4,0.001452,NA,FALSE,FALSE,0.001894,0.001675,36.3566,-0.486535,-0.339454,-0.216485,0.216485,0.339454,0.486535,-95.8599,-53.818600000000004,-27.6413,27.6413,53.818600000000004,95.8599
SNPP_20251118T123600_vs_HYPERNETS_20251118T124500_RHOW_C_poly.csv,THFR_poly,Hyp,SNPP,3.6641600000000003,43.43485999999999,3.665254,43.44096,0.68,2.25,2025-11-18T11:45:00Z,2025-11-18T11:36:00Z,9,30,4,0.803,0.9879,0.3535,0.8495,2.0413,-0.006596,-9.14e-4,0.001451,NA,FALSE,FALSE,0.001849,0.001631,35.7328,-0.481559,-0.332006,-0.207775,0.207775,0.332006,0.481559,-93.9957,-52.1307,-26.2352,26.2352,52.1307,93.9957
SNPP_20251118T123600_vs_HYPERNETS_20251118T130000_RHOW_C_poly.csv,THFR_poly,Hyp,SNPP,3.6641600000000003,43.43485999999999,3.665254,43.44096,0.68,2.25,2025-11-18T12:00:00Z,2025-11-18T11:36:00Z,24,30,4,0.7959,1.0195,0.3294,0.8541,2.2147,-0.007961,-0.001143,0.001486,NA,FALSE,FALSE,0.002099,0.001874,39.5682,-0.512643,-0.38009,-0.263129,0.263129,0.38009,0.512643,-106.9714,-63.3486,-35.8458,35.8458,63.3486,106.9714
SNPP_20251121T131801_vs_HYPERNETS_20251121T130000_RHOW_R_poly.csv,THFR_poly,Hyp,SNPP,3.6641600000000003,43.43485999999999,3.663265,43.44189099999999,0.79,2.25,2025-11-21T12:00:00Z,2025-11-21T12:18:01Z,18,30,1,NA,NA,NA,NA,NA,NA,NA,NA,NA,NA,NA,NA,NA,NA,NA,NA,NA,NA,NA,NA,NA,NA,NA,NA,NA,NA
SNPP_20251121T131801_vs_HYPERNETS_20251121T131500_RHOW_R_poly.csv,THFR_poly,Hyp,SNPP,3.6641600000000003,43.43485999999999,3.663265,43.44189099999999,0.79,2.25,2025-11-21T12:15:00Z,2025-11-21T12:18:01Z,3,30,1,NA,NA,NA,NA,NA,NA,NA,NA,NA,NA,NA,NA,NA,NA,NA,NA,NA,NA,NA,NA,NA,NA,NA,NA,NA,NA
SNPP_20251121T131801_vs_HYPERNETS_20251121T133000_RHOW_R_poly.csv,THFR_poly,Hyp,SNPP,3.6641600000000003,43.43485999999999,3.663265,43.44189099999999,0.79,2.25,2025-11-21T12:30:00Z,2025-11-21T12:18:01Z,12,30,1,NA,NA,NA,NA,NA,NA,NA,NA,NA,NA,NA,NA,NA,NA,NA,NA,NA,NA,NA,NA,NA,NA,NA,NA,NA,NA
SNPP_20251121T131801_vs_HYPERNETS_20251121T134500_RHOW_R_poly.csv,THFR_poly,Hyp,SNPP,3.6641600000000003,43.43485999999999,3.663265,43.44189099999999,0.79,2.25,2025-11-21T12:45:00Z,2025-11-21T12:18:01Z,27,30,1,NA,NA,NA,NA,NA,NA,NA,NA,NA,NA,NA,NA,NA,NA,NA,NA,NA,NA,NA,NA,NA,NA,NA,NA,NA,NA
SNPP_20251122T130000_vs_HYPERNETS_20251122T123000_RHOW_R_poly.csv,THFR_poly,Hyp,SNPP,3.6641600000000003,43.43485999999999,3.665951,43.441055,0.7,2.25,2025-11-22T11:30:00Z,2025-11-22T12:00:00Z,30,30,3,0.8754,0.6745,0.075,1.0444,14.5514,-0.071727,-7.8e-4,0.004312,NA,FALSE,FALSE,0.001754,0.001389,32.7613,-0.194111,0.081269,0.256674,0.256674,0.432079,0.450785,-32.0343,8.1269,24.4372,24.4372,43.2079,64.2999
SNPP_20251122T130000_vs_HYPERNETS_20251122T124500_RHOW_R_poly.csv,THFR_poly,Hyp,SNPP,3.6641600000000003,43.43485999999999,3.665951,43.441055,0.7,2.25,2025-11-22T11:45:00Z,2025-11-22T12:00:00Z,15,30,3,0.8936,0.6823,0.0768,1.0628,14.6998,-0.071456,-8.01e-4,0.004308,NA,FALSE,FALSE,0.00171,0.001389,32.907,-0.182173,0.095892,0.263485,0.263485,0.431078,0.445658,-30.0215,9.5892,25.2321,25.2321,43.1078,62.8286
SNPP_20251122T130000_vs_HYPERNETS_20251122T130000_RHOW_R_poly.csv,THFR_poly,Hyp,SNPP,3.6641600000000003,43.43485999999999,3.665951,43.441055,0.7,2.25,2025-11-22T12:00:00Z,2025-11-22T12:00:00Z,0,30,3,0.917,0.6668,0.0796,1.0839,14.7657,-0.069088,-7.11e-4,0.004308,NA,FALSE,FALSE,0.001634,0.001414,36.8108,-0.156245,0.125726,0.333055,0.281971,0.438215,0.489299,-25.7473,12.5726,31.6833,31.6833,54.0383,65.5882
SNPP_20251122T130000_vs_HYPERNETS_20251122T131500_RHOW_R_poly.csv,THFR_poly,Hyp,SNPP,3.6641600000000003,43.43485999999999,3.665951,43.441055,0.7,2.25,2025-11-22T12:15:00Z,2025-11-22T12:00:00Z,15,30,3,0.9213,0.6877,0.079,1.0983,15.2714,-0.072298,-8.32e-4,0.004308,NA,FALSE,FALSE,0.001673,0.001425,34.2591,-0.158227,0.129672,0.290824,0.287899,0.446126,0.449051,-26.4207,12.9672,28.0725,28.0725,45.1977,61.9102
SNPP_20251122T130000_vs_HYPERNETS_20251122T133000_RHOW_R_poly.csv,THFR_poly,Hyp,SNPP,3.6641600000000003,43.43485999999999,3.665951,43.441055,0.7,2.25,2025-11-22T12:30:00Z,2025-11-22T12:00:00Z,30,30,3,1.0218,0.6693,0.091,1.1886,15.522,-0.065287,-6.54e-4,0.004296,NA,FALSE,FALSE,0.001538,0.001467,43.8981,-0.067667,0.23211,0.474749,0.299777,0.367445,0.542417,-13.2729,23.211,45.4652,39.5647,58.0889,64.7726
SNPP_20251127T130601_vs_HYPERNETS_20251127T124500_RHOW_R_poly.csv,THFR_poly,Hyp,SNPP,3.6641600000000003,43.43485999999999,3.664478,43.439838,0.55,2.25,2025-11-27T11:45:00Z,2025-11-27T12:06:01Z,21,30,2,0.75,1.2668,NA,0.75,NA,NA,-3.89e-4,NA,NA,NA,NA,0.001717,0.001508,43.7554,-0.506246,-0.437554,-0.368861,0.368861,0.437554,0.506246,-107.6889,-83.3486,-61.8609,61.8609,83.3486,107.6889
SNPP_20251127T130601_vs_HYPERNETS_20251127T130000_RHOW_R_poly.csv,THFR_poly,Hyp,SNPP,3.6641600000000003,43.43485999999999,3.664478,43.439838,0.55,2.25,2025-11-27T12:00:00Z,2025-11-27T12:06:01Z,6,30,2,0.7705,1.2152,NA,0.7705,NA,NA,-3.09e-4,NA,NA,NA,NA,0.001479,0.001285,39.5784,-0.458185,-0.395784,-0.333383,0.333383,0.395784,0.458185,-87.8375,-69.1513,-52.3241,52.3241,69.1513,87.8375
SNPP_20251127T130601_vs_HYPERNETS_20251127T131500_RHOW_R_poly.csv,THFR_poly,Hyp,SNPP,3.6641600000000003,43.43485999999999,3.664478,43.439838,0.55,2.25,2025-11-27T12:15:00Z,2025-11-27T12:06:01Z,9,30,2,0.7693,1.287,NA,0.7693,NA,NA,-4.21e-4,NA,NA,NA,NA,0.001616,0.001437,43.2482,-0.505689,-0.432482,-0.359275,0.359275,0.432482,0.505689,-108.1104,-82.3799,-59.8306,59.8306,82.3799,108.1104
SNPP_20251127T130601_vs_HYPERNETS_20251127T133000_RHOW_R_poly.csv,THFR_poly,Hyp,SNPP,3.6641600000000003,43.43485999999999,3.664478,43.439838,0.55,2.25,2025-11-27T12:30:00Z,2025-11-27T12:06:01Z,24,30,2,0.8324,1.2029,NA,0.8324,NA,NA,-2.9e-4,NA,NA,NA,NA,0.001068,9.46e-4,33.9865,-0.404891,-0.339865,-0.274839,0.274839,0.339865,0.404891,-70.73,-54.5124,-39.8353,39.8353,54.5124,70.73
SNPP_20251227T120600_vs_HYPERNETS_20251227T120000_RHOW_R_poly.csv,THFR_poly,Hyp,SNPP,3.6641600000000003,43.43485999999999,3.663778,43.442429,0.84,2.25,2025-12-27T11:00:00Z,2025-12-27T11:06:00Z,6,30,1,NA,NA,NA,NA,NA,NA,NA,NA,NA,NA,NA,NA,NA,NA,NA,NA,NA,NA,NA,NA,NA,NA,NA,NA,NA,NA
SNPP_20251227T120600_vs_HYPERNETS_20251227T121500_RHOW_R_poly.csv,THFR_poly,Hyp,SNPP,3.6641600000000003,43.43485999999999,3.663778,43.442429,0.84,2.25,2025-12-27T11:15:00Z,2025-12-27T11:06:00Z,9,30,1,NA,NA,NA,NA,NA,NA,NA,NA,NA,NA,NA,NA,NA,NA,NA,NA,NA,NA,NA,NA,NA,NA,NA,NA,NA,NA
SNPP_20251229T130601_vs_HYPERNETS_20251229T124500_RHOW_R_poly.csv,THFR_poly,Hyp,SNPP,3.6641600000000003,43.43485999999999,3.6683800000000004,43.436962,0.41,2.25,2025-12-29T11:45:00Z,2025-12-29T12:06:01Z,21,30,2,2.7963,6.1815,NA,2.7963,NA,NA,-0.018936,NA,NA,NA,NA,0.004303,0.003688,48.262,-0.64821,-0.48262,-0.317031,0.317031,0.48262,0.64821,-267.5741,-151.576,-72.1843,72.1843,151.576,267.5741
SNPP_20251229T130601_vs_HYPERNETS_20251229T130000_RHOW_R_poly.csv,THFR_poly,Hyp,SNPP,3.6641600000000003,43.43485999999999,3.6683800000000004,43.436962,0.41,2.25,2025-12-29T12:00:00Z,2025-12-29T12:06:01Z,6,30,2,2.6887,5.7653,NA,2.6887,NA,NA,-0.017362,NA,NA,NA,NA,0.004067,0.003442,46.9911,-0.63790500000000006,-0.469911,-0.301918,0.301918,0.469911,0.63790500000000006,-254.4772,-143.8973,-67.813,67.813,143.8973,254.4772
SNPP_20251229T130601_vs_HYPERNETS_20251229T131500_RHOW_R_poly.csv,THFR_poly,Hyp,SNPP,3.6641600000000003,43.43485999999999,3.6683800000000004,43.436962,0.41,2.25,2025-12-29T12:15:00Z,2025-12-29T12:06:01Z,9,30,2,2.5891,5.4862,NA,2.5891,NA,NA,-0.016307,NA,NA,NA,NA,0.003964,0.003352,46.6043,-0.633981,-0.466043,-0.298105,0.298105,0.466043,0.633981,-248.7453,-140.9131,-66.4226,66.4226,140.9131,248.7453
SNPP_20251229T130601_vs_HYPERNETS_20251229T133000_RHOW_R_poly.csv,THFR_poly,Hyp,SNPP,3.6641600000000003,43.43485999999999,3.6683800000000004,43.436962,0.41,2.25,2025-12-29T12:30:00Z,2025-12-29T12:06:01Z,24,30,2,2.5295,4.9637,NA,2.5295,NA,NA,-0.014334,NA,NA,NA,NA,0.003463,0.002764,42.9058,-0.6056,-0.429058,-0.252515,0.252515,0.429058,0.6056,-219.8529,-122.8804,-55.3079,55.3079,122.8804,219.8529
SNPP_20251230T124800_vs_HYPERNETS_20251230T123000_RHOW_R_poly.csv,THFR_poly,Hyp,SNPP,3.6641600000000003,43.43485999999999,3.6617040000000003,43.440937,0.71,2.25,2025-12-30T11:30:00Z,2025-12-30T11:48:00Z,18,30,4,0.6609,1.1435,0.2548,0.7244,2.0598,-0.010433,-0.001708,0.001361,NA,FALSE,FALSE,0.003767,0.003508,56.5062,-0.673086,-0.574216,-0.466193,0.466193,0.574216,0.673086,-207.9717,-138.8967,-88.1698,88.1698,138.8967,207.9717
SNPP_20251230T124800_vs_HYPERNETS_20251230T124500_RHOW_R_poly.csv,THFR_poly,Hyp,SNPP,3.6641600000000003,43.43485999999999,3.6617040000000003,43.440937,0.71,2.25,2025-12-30T11:45:00Z,2025-12-30T11:48:00Z,3,30,4,0.664,1.123,0.2626,0.7217,1.9832,-0.009489,-0.001529,0.001368,NA,FALSE,FALSE,0.003548,0.003285,54.8015,-0.659555,-0.555485,-0.443944,0.443944,0.555485,0.659555,-195.14,-129.2565,-80.393,80.393,129.2565,195.14
SNPP_20251230T124800_vs_HYPERNETS_20251230T130000_RHOW_R_poly.csv,THFR_poly,Hyp,SNPP,3.6641600000000003,43.43485999999999,3.6617040000000003,43.440937,0.71,2.25,2025-12-30T12:00:00Z,2025-12-30T11:48:00Z,12,30,4,0.6723,1.1453,0.2702,0.7272,1.9567,-0.009217,-0.001524,0.001335,NA,FALSE,FALSE,0.003483,0.003231,54.5969,-0.654869,-0.55679,-0.44789,0.44789,0.55679,0.654869,-190.9729,-129.4365,-81.8032,81.8032,129.4365,190.9729
SNPP_20251230T124800_vs_HYPERNETS_20251230T131500_RHOW_R_poly.csv,THFR_poly,Hyp,SNPP,3.6641600000000003,43.43485999999999,3.6617040000000003,43.440937,0.71,2.25,2025-12-30T12:15:00Z,2025-12-30T11:48:00Z,27,30,4,0.662,1.164,0.2586,0.7224,2.0181,-0.01018,-0.001702,0.001333,NA,FALSE,FALSE,0.003771,0.003518,56.72,-0.672371,-0.579054,-0.473883,0.473883,0.579054,0.672371,-207.0974,-141.2488,-91.0462,91.0462,141.2488,207.0974
SNPP_20251231T123000_vs_HYPERNETS_20251231T120000_RHOW_R_poly.csv,THFR_poly,Hyp,SNPP,3.6641600000000003,43.43485999999999,3.6631780000000003,43.442162,0.82,2.25,2025-12-31T11:00:00Z,2025-12-31T11:30:00Z,30,30,5,0.7748,0.6547,0.4969,0.8054,1.3054,-7.35e-4,0.001413,0.002738,NA,FALSE,FALSE,0.001001,8.29e-4,33.9943,-0.008782,0.296776,0.487886,0.090626,0.296776,0.487886,-0.886,29.6776,48.7886,9.9657,29.6776,48.7886
SNPP_20251231T123000_vs_HYPERNETS_20251231T121500_RHOW_R_poly.csv,THFR_poly,Hyp,SNPP,3.6641600000000003,43.43485999999999,3.6631780000000003,43.442162,0.82,2.25,2025-12-31T11:15:00Z,2025-12-31T11:30:00Z,15,30,5,0.7843,0.5683,0.492,0.8195,1.3649,-4.48e-4,0.001679,0.002955,NA,FALSE,FALSE,0.001274,0.00101,55.2483,0.045941,0.430466,0.713481,0.045941,0.430466,0.713481,4.5941,43.0466,71.3481,4.5941,43.0466,71.3481
SNPP_20251231T123000_vs_HYPERNETS_20251231T123000_RHOW_R_poly.csv,THFR_poly,Hyp,SNPP,3.6641600000000003,43.43485999999999,3.6631780000000003,43.442162,0.82,2.25,2025-12-31T11:30:00Z,2025-12-31T11:30:00Z,0,30,5,0.7902,0.5275,0.4887,0.8286,1.4049,-3.55e-4,0.00179,0.003055,NA,FALSE,FALSE,0.001416,0.001152,69.746,0.0708,0.469278,0.854129,0.0708,0.469278,0.854129,7.08,46.9278,85.4129,7.08,46.9278,85.4129
SNPP_20251231T123000_vs_HYPERNETS_20251231T124500_RHOW_R_poly.csv,THFR_poly,Hyp,SNPP,3.6641600000000003,43.43485999999999,3.6631780000000003,43.442162,0.82,2.25,2025-12-31T11:45:00Z,2025-12-31T11:30:00Z,15,30,5,0.791,0.4896,0.4805,0.8335,1.4458,-3.57e-4,0.001858,0.003135,NA,FALSE,FALSE,0.001512,0.001255,83.4807,0.087665,0.459982,0.955867,0.087665,0.459982,0.955867,8.7665,45.9982,95.5867,8.7665,45.9982,95.5867
SNPP_20251231T123000_vs_HYPERNETS_20251231T130000_RHOW_R_poly.csv,THFR_poly,Hyp,SNPP,3.6641600000000003,43.43485999999999,3.6631780000000003,43.442162,0.82,2.25,2025-12-31T12:00:00Z,2025-12-31T11:30:00Z,30,30,5,0.795,0.4055,0.4736,0.8426,1.4991,-1.63e-4,0.002042,0.003282,NA,FALSE,FALSE,0.001741,0.001513,134.0793,0.132619,0.580277,1.203614,0.132619,0.580277,1.203614,13.2619,58.0277,120.3614,13.2619,58.0277,120.3614
JPSS1_20250123T130001_vs_HYPERNETS_20250123T131500_RHOW_R_poly.csv,THFR_poly,Hyp,JPSS1,3.6641600000000003,43.43485999999999,3.665951,43.435101,0.15,2.25,2025-01-23T12:15:00Z,2025-01-23T12:00:01Z,15,30,1,NA,NA,NA,NA,NA,NA,NA,NA,NA,NA,NA,NA,NA,NA,NA,NA,NA,NA,NA,NA,NA,NA,NA,NA,NA,NA
JPSS1_20250123T130001_vs_HYPERNETS_20250123T133000_RHOW_R_poly.csv,THFR_poly,Hyp,JPSS1,3.6641600000000003,43.43485999999999,3.665951,43.435101,0.15,2.25,2025-01-23T12:30:00Z,2025-01-23T12:00:01Z,30,30,1,NA,NA,NA,NA,NA,NA,NA,NA,NA,NA,NA,NA,NA,NA,NA,NA,NA,NA,NA,NA,NA,NA,NA,NA,NA,NA
JPSS1_20250129T124801_vs_HYPERNETS_20250129T124500_RHOW_R_poly.csv,THFR_poly,Hyp,JPSS1,3.6641600000000003,43.43485999999999,3.6633530000000003,43.44145999999999,0.74,2.25,2025-01-29T11:45:00Z,2025-01-29T11:48:01Z,3,30,4,0.773,1.3457,0.2482,0.9606,3.718,-0.030147,-0.00472,0.001849,NA,FALSE,FALSE,0.005519,0.005084,59.5663,-0.703865,-0.583143,-0.474941,0.474941,0.583143,0.703865,-301.3455,-141.4637,-93.8561,93.8561,141.4637,301.3455
JPSS1_20250129T124801_vs_HYPERNETS_20250129T130000_RHOW_R_poly.csv,THFR_poly,Hyp,JPSS1,3.6641600000000003,43.43485999999999,3.6633530000000003,43.44145999999999,0.74,2.25,2025-01-29T12:00:00Z,2025-01-29T11:48:01Z,12,30,4,0.7814,1.3385,0.2508,0.9714,3.7622,-0.030024,-0.004683,0.0018600000000000001,NA,FALSE,FALSE,0.005385,0.004943,58.9159,-0.697671,-0.576296,-0.467783,0.467783,0.576296,0.697671,-293.4165,-137.4499,-91.2969,91.2969,137.4499,293.4165
JPSS1_20250129T124801_vs_HYPERNETS_20250129T131500_RHOW_R_poly.csv,THFR_poly,Hyp,JPSS1,3.6641600000000003,43.43485999999999,3.6633530000000003,43.44145999999999,0.74,2.25,2025-01-29T12:15:00Z,2025-01-29T11:48:01Z,27,30,4,0.6035,1.3814,0.1993,0.7234,2.626,-0.026919,-0.004418,0.001781,NA,FALSE,FALSE,0.008121,0.007689,68.692,-0.765935,-0.673903,-0.594888,0.594888,0.673903,0.765935,-405.434,-208.402,-150.8206,150.8206,208.402,405.434
JPSS1_20250203T125400_vs_HYPERNETS_20250203T123000_RHOW_R_poly.csv,THFR_poly,Hyp,JPSS1,3.6641600000000003,43.43485999999999,3.666493,43.437138000000004,0.32,2.25,2025-02-03T11:30:00Z,2025-02-03T11:54:00Z,24,30,2,6.1772,21.9577,NA,6.1772,NA,NA,-0.066668,NA,NA,NA,NA,0.00796,0.007794,68.978,-0.770463,-0.68978,-0.609096,0.609096,0.68978,0.770463,-403.5484,-277.4333,-182.9041,182.9041,277.4333,403.5484
JPSS1_20250203T125400_vs_HYPERNETS_20250203T124500_RHOW_R_poly.csv,THFR_poly,Hyp,JPSS1,3.6641600000000003,43.43485999999999,3.666493,43.437138000000004,0.32,2.25,2025-02-03T11:45:00Z,2025-02-03T11:54:00Z,9,30,2,5.7598,20.6181,NA,5.7598,NA,NA,-0.062385,NA,NA,NA,NA,0.008034,0.007874,69.2228,-0.772074,-0.692228,-0.612382,0.612382,0.692228,0.772074,-406.6292,-280.082,-185.1442,185.1442,280.082,406.6292
JPSS1_20250203T125400_vs_HYPERNETS_20250203T130000_RHOW_R_poly.csv,THFR_poly,Hyp,JPSS1,3.6641600000000003,43.43485999999999,3.666493,43.437138000000004,0.32,2.25,2025-02-03T12:00:00Z,2025-02-03T11:54:00Z,6,30,2,4.9931,17.1347,NA,4.9931,NA,NA,-0.051248,NA,NA,NA,NA,0.007562,0.007402,67.9922,-0.762262,-0.679922,-0.597582,0.597582,0.679922,0.762262,-384.2097,-264.346,-174.1539,174.1539,264.346,384.2097
JPSS1_20250203T125400_vs_HYPERNETS_20250203T131500_RHOW_R_poly.csv,THFR_poly,Hyp,JPSS1,3.6641600000000003,43.43485999999999,3.666493,43.437138000000004,0.32,2.25,2025-02-03T12:15:00Z,2025-02-03T11:54:00Z,21,30,2,4.7879,15.6794,NA,4.7879,NA,NA,-0.046595,NA,NA,NA,NA,0.007068,0.006901,66.5137,-0.750877,-0.665137,-0.579397,0.579397,0.665137,0.750877,-361.29880000000003,-247.6749,-162.0381,162.0381,247.6749,361.29880000000003
JPSS1_20250205T121801_vs_HYPERNETS_20250205T120000_RHOW_R_poly.csv,THFR_poly,Hyp,JPSS1,3.6641600000000003,43.43485999999999,3.6637210000000007,43.440822999999995,0.66,2.25,2025-02-05T11:00:00Z,2025-02-05T11:18:01Z,18,30,4,0.9598,1.2885,0.337,1.0973,3.573,-0.011519,-0.001655,0.001375,NA,FALSE,FALSE,0.001623,0.001276,39.7826,-0.561285,-0.485614,-0.320695,0.322154,0.485614,0.561285,-128.5949,-95.6131,-52.0405,52.2621,95.6131,128.5949
JPSS1_20250205T121801_vs_HYPERNETS_20250205T121500_RHOW_R_poly.csv,THFR_poly,Hyp,JPSS1,3.6641600000000003,43.43485999999999,3.6637210000000007,43.440822999999995,0.66,2.25,2025-02-05T11:15:00Z,2025-02-05T11:18:01Z,3,30,4,0.93,1.2427,0.3272,1.0618,3.4451,-0.011222,-0.0015790000000000001,0.001393,NA,FALSE,FALSE,0.001673,0.001329,40.1464,-0.549417,-0.481405,-0.333451,0.333451,0.481405,0.549417,-123.0174,-93.5065,-54.8381,54.8381,93.5065,123.0174
JPSS1_20250205T121801_vs_HYPERNETS_20250205T123000_RHOW_R_poly.csv,THFR_poly,Hyp,JPSS1,3.6641600000000003,43.43485999999999,3.6637210000000007,43.440822999999995,0.66,2.25,2025-02-05T11:30:00Z,2025-02-05T11:18:01Z,12,30,4,0.9425,1.2492,0.3382,1.0648,3.3528,-0.010696,-0.001542,0.001365,NA,FALSE,FALSE,0.001613,0.001283,39.595,-0.54429399999999994,-0.476168,-0.327825,0.327825,0.476168,0.54429399999999994,-120.3255,-91.6209,-53.3292,53.3292,91.6209,120.3255
JPSS1_20250205T121801_vs_HYPERNETS_20250205T124500_RHOW_R_poly.csv,THFR_poly,Hyp,JPSS1,3.6641600000000003,43.43485999999999,3.6637210000000007,43.440822999999995,0.66,2.25,2025-02-05T11:45:00Z,2025-02-05T11:18:01Z,27,30,4,0.963,1.221,0.3435,1.0912,3.4661,-0.010701,-0.001507,0.001388,NA,FALSE,FALSE,0.001516,0.001193,37.9154,-0.516646,-0.45123,-0.30711,0.313739,0.45123,0.516646,-108.0338,-82.6489,-48.7959,49.779,82.6489,108.0338
JPSS1_20250206T115400_vs_HYPERNETS_20250206T113000_RHOW_R_poly.csv,THFR_poly,Hyp,JPSS1,3.6641600000000003,43.43485999999999,3.664346,43.437748,0.32,2.25,2025-02-06T10:30:00Z,2025-02-06T10:54:00Z,24,30,1,NA,NA,NA,NA,NA,NA,NA,NA,NA,NA,NA,NA,NA,NA,NA,NA,NA,NA,NA,NA,NA,NA,NA,NA,NA,NA
JPSS1_20250206T115400_vs_HYPERNETS_20250206T114500_RHOW_R_poly.csv,THFR_poly,Hyp,JPSS1,3.6641600000000003,43.43485999999999,3.664346,43.437748,0.32,2.25,2025-02-06T10:45:00Z,2025-02-06T10:54:00Z,9,30,1,NA,NA,NA,NA,NA,NA,NA,NA,NA,NA,NA,NA,NA,NA,NA,NA,NA,NA,NA,NA,NA,NA,NA,NA,NA,NA
JPSS1_20250206T115400_vs_HYPERNETS_20250206T120000_RHOW_R_poly.csv,THFR_poly,Hyp,JPSS1,3.6641600000000003,43.43485999999999,3.664346,43.437748,0.32,2.25,2025-02-06T11:00:00Z,2025-02-06T10:54:00Z,6,30,1,NA,NA,NA,NA,NA,NA,NA,NA,NA,NA,NA,NA,NA,NA,NA,NA,NA,NA,NA,NA,NA,NA,NA,NA,NA,NA
JPSS1_20250206T115400_vs_HYPERNETS_20250206T121500_RHOW_R_poly.csv,THFR_poly,Hyp,JPSS1,3.6641600000000003,43.43485999999999,3.664346,43.437748,0.32,2.25,2025-02-06T11:15:00Z,2025-02-06T10:54:00Z,21,30,1,NA,NA,NA,NA,NA,NA,NA,NA,NA,NA,NA,NA,NA,NA,NA,NA,NA,NA,NA,NA,NA,NA,NA,NA,NA,NA
JPSS1_20250215T123000_vs_HYPERNETS_20250215T120000_RHOW_R_poly.csv,THFR_poly,Hyp,JPSS1,3.6641600000000003,43.43485999999999,3.66209,43.443206999999994,0.94,2.25,2025-02-15T11:00:00Z,2025-02-15T11:30:00Z,30,30,2,5.8591,18.518,NA,5.8591,NA,NA,-0.057883,NA,NA,NA,NA,0.006881,0.006458,62.1917,-0.748406,-0.621917,-0.495429,0.495429,0.621917,0.748406,-433.3637,-255.8981,-137.4805,137.4805,255.8981,433.3637
JPSS1_20250215T123000_vs_HYPERNETS_20250215T121500_RHOW_R_poly.csv,THFR_poly,Hyp,JPSS1,3.6641600000000003,43.43485999999999,3.66209,43.443206999999994,0.94,2.25,2025-02-15T11:15:00Z,2025-02-15T11:30:00Z,15,30,2,5.6073,18.1951,NA,5.6073,NA,NA,-0.056804,NA,NA,NA,NA,0.007139,0.006741,63.1939,-0.754991,-0.631939,-0.508886,0.508886,0.631939,0.754991,-447.3608,-265.3877,-143.9125,143.9125,265.3877,447.3608
JPSS1_20250215T123000_vs_HYPERNETS_20250215T123000_RHOW_R_poly.csv,THFR_poly,Hyp,JPSS1,3.6641600000000003,43.43485999999999,3.66209,43.443206999999994,0.94,2.25,2025-02-15T11:30:00Z,2025-02-15T11:30:00Z,0,30,2,6.6267,21.9807,NA,6.6267,NA,NA,-0.069463,NA,NA,NA,NA,0.007391,0.00698,63.8023,-0.759847,-0.638023,-0.516199,0.516199,0.638023,0.759847,-461.8618,-273.5526,-148.3556,148.3556,273.5526,461.8618
JPSS1_20250215T123000_vs_HYPERNETS_20250215T124500_RHOW_R_poly.csv,THFR_poly,Hyp,JPSS1,3.6641600000000003,43.43485999999999,3.66209,43.443206999999994,0.94,2.25,2025-02-15T11:45:00Z,2025-02-15T11:30:00Z,15,30,2,6.398,21.4657,NA,6.398,NA,NA,-0.067741,NA,NA,NA,NA,0.007507,0.007108,64.2353,-0.762628,-0.642353,-0.522078,0.522078,0.642353,0.762628,-468.0426,-277.8382,-151.3222,151.3222,277.8382,468.0426
JPSS1_20250215T123000_vs_HYPERNETS_20250215T130000_RHOW_R_poly.csv,THFR_poly,Hyp,JPSS1,3.6641600000000003,43.43485999999999,3.66209,43.443206999999994,0.94,2.25,2025-02-15T12:00:00Z,2025-02-15T11:30:00Z,30,30,2,6.416,23.5657,NA,6.416,NA,NA,-0.074764,NA,NA,NA,NA,0.00852,0.008171,67.2535,-0.782978,-0.672535,-0.562092,0.562092,0.672535,0.782978,-522.9882,-313.6507,-174.6551,174.6551,313.6507,522.9882
JPSS1_20250530T113601_vs_HYPERNETS_20250530T111500_RHOW_R_poly.csv,THFR_poly,Hyp,JPSS1,3.6641600000000003,43.43485999999999,3.663863,43.438030000000005,0.35,2.25,2025-05-30T09:15:00Z,2025-05-30T09:36:01Z,21,30,2,6.9174,22.0958,NA,6.9174,NA,NA,-0.060496,NA,NA,NA,NA,0.006036,0.005558,61.0666,-0.750536,-0.610666,-0.470797,0.470797,0.610666,0.750536,-480.4842,-269.2913,-134.935,134.935,269.2913,480.4842
JPSS1_20250619T120600_vs_HYPERNETS_20250619T114500_RHOW_R_poly.csv,THFR_poly,Hyp,JPSS1,3.6641600000000003,43.43485999999999,3.66294,43.440151,0.6,2.25,2025-06-19T09:45:00Z,2025-06-19T10:06:00Z,21,30,5,1.1149,1.3228,0.6253,1.2079,2.3335,-0.011419,-0.00338,7.81e-4,NA,FALSE,FALSE,0.002411,0.001896,31.9636,-0.309461,-0.197436,-0.181972,0.181972,0.197436,0.309461,-44.8144,-24.6007,-22.2453,22.2453,24.6007,44.8144
JPSS1_20250619T120600_vs_HYPERNETS_20250619T120000_RHOW_R_poly.csv,THFR_poly,Hyp,JPSS1,3.6641600000000003,43.43485999999999,3.66294,43.440151,0.6,2.25,2025-06-19T10:00:00Z,2025-06-19T10:06:00Z,6,30,5,1.1245,1.3613,0.6362,1.2139,2.3162,-0.011283,-0.003417,7.06e-4,NA,FALSE,FALSE,0.002392,0.00189,32.1967,-0.303293,-0.217135,-0.180329,0.180329,0.217135,0.303293,-43.5324,-27.736,-22.0001,22.0001,27.736,43.5324
JPSS1_20250619T120600_vs_HYPERNETS_20250619T121500_RHOW_R_poly.csv,THFR_poly,Hyp,JPSS1,3.6641600000000003,43.43485999999999,3.66294,43.440151,0.6,2.25,2025-06-19T10:15:00Z,2025-06-19T10:06:00Z,9,30,5,1.1526,1.3654,0.6742,1.2288,2.2397,-0.009824,-0.003022,7.1e-4,NA,FALSE,FALSE,0.002028,0.001482,28.1329,-0.246848,-0.160623,-0.135758,0.135758,0.160623,0.246848,-32.7753,-19.1359,-15.7084,15.7084,19.1359,32.7753
JPSS1_20250619T120600_vs_HYPERNETS_20250619T123000_RHOW_R_poly.csv,THFR_poly,Hyp,JPSS1,3.6641600000000003,43.43485999999999,3.66294,43.440151,0.6,2.25,2025-06-19T10:30:00Z,2025-06-19T10:06:00Z,24,30,5,1.1593,1.3379,0.6557,1.2516,2.3893,-0.011122,-0.003328,7.55e-4,NA,FALSE,FALSE,0.002193,0.001604,29.1923,-0.274807,-0.170105,-0.147921,0.147921,0.170105,0.274807,-37.8943,-20.4972,-17.36,17.36,20.4972,37.8943
JPSS1_20250621T130601_vs_HYPERNETS_20250621T124500_RHOW_R_poly.csv,THFR_poly,Hyp,JPSS1,3.6641600000000003,43.43485999999999,3.664674,43.441292,0.72,2.25,2025-06-21T10:45:00Z,2025-06-21T11:06:01Z,21,30,1,NA,NA,NA,NA,NA,NA,NA,NA,NA,NA,NA,NA,NA,NA,NA,NA,NA,NA,NA,NA,NA,NA,NA,NA,NA,NA
JPSS1_20250621T130601_vs_HYPERNETS_20250621T130000_RHOW_R_poly.csv,THFR_poly,Hyp,JPSS1,3.6641600000000003,43.43485999999999,3.664674,43.441292,0.72,2.25,2025-06-21T11:00:00Z,2025-06-21T11:06:01Z,6,30,1,NA,NA,NA,NA,NA,NA,NA,NA,NA,NA,NA,NA,NA,NA,NA,NA,NA,NA,NA,NA,NA,NA,NA,NA,NA,NA
JPSS1_20250621T130601_vs_HYPERNETS_20250621T131500_RHOW_R_poly.csv,THFR_poly,Hyp,JPSS1,3.6641600000000003,43.43485999999999,3.664674,43.441292,0.72,2.25,2025-06-21T11:15:00Z,2025-06-21T11:06:01Z,9,30,1,NA,NA,NA,NA,NA,NA,NA,NA,NA,NA,NA,NA,NA,NA,NA,NA,NA,NA,NA,NA,NA,NA,NA,NA,NA,NA
JPSS1_20250621T130601_vs_HYPERNETS_20250621T133000_RHOW_R_poly.csv,THFR_poly,Hyp,JPSS1,3.6641600000000003,43.43485999999999,3.664674,43.441292,0.72,2.25,2025-06-21T11:30:00Z,2025-06-21T11:06:01Z,24,30,1,NA,NA,NA,NA,NA,NA,NA,NA,NA,NA,NA,NA,NA,NA,NA,NA,NA,NA,NA,NA,NA,NA,NA,NA,NA,NA
JPSS1_20250703T124201_vs_HYPERNETS_20250703T121500_RHOW_R_poly.csv,THFR_poly,Hyp,JPSS1,3.6641600000000003,43.43485999999999,3.660235,43.441627999999994,0.82,2.25,2025-07-03T10:15:00Z,2025-07-03T10:42:01Z,27,30,5,1.1723,2.3165,0.8301,1.1975,1.7276,-0.009225,-0.004096,-5.4e-4,NA,FALSE,TRUE,0.002698,0.002184,34.5319,-0.434264,-0.184063,-0.102579,0.102579,0.184063,0.434264,-76.761,-22.5585,-11.4304,11.4304,22.5585,76.761
JPSS1_20250703T124201_vs_HYPERNETS_20250703T123000_RHOW_R_poly.csv,THFR_poly,Hyp,JPSS1,3.6641600000000003,43.43485999999999,3.660235,43.441627999999994,0.82,2.25,2025-07-03T10:30:00Z,2025-07-03T10:42:01Z,12,30,5,1.1883,2.3662,0.8463,1.2128,1.7381,-0.009342,-0.004255,-7.05e-4,NA,FALSE,TRUE,0.002719,0.002193,34.7333,-0.445337,-0.18983,-0.10115,0.10115,0.18983,0.445337,-80.2895,-23.4308,-11.2533,11.2533,23.4308,80.2895
JPSS1_20250703T124201_vs_HYPERNETS_20250703T124500_RHOW_R_poly.csv,THFR_poly,Hyp,JPSS1,3.6641600000000003,43.43485999999999,3.660235,43.441627999999994,0.82,2.25,2025-07-03T10:45:00Z,2025-07-03T10:42:01Z,3,30,5,1.2307,2.383,0.8698,1.2574,1.8179,-0.01002,-0.004621,-8.87e-4,NA,FALSE,TRUE,0.002763,0.002141,34.3398,-0.438822,-0.199895,-0.098443,0.098443,0.199895,0.438822,-78.1965,-24.9835,-10.9193,10.9193,24.9835,78.1965
JPSS1_20250703T124201_vs_HYPERNETS_20250703T130000_RHOW_R_poly.csv,THFR_poly,Hyp,JPSS1,3.6641600000000003,43.43485999999999,3.660235,43.441627999999994,0.82,2.25,2025-07-03T11:00:00Z,2025-07-03T10:42:01Z,18,30,5,1.2668,2.3366,0.9039,1.2926,1.8485,-0.00921,-0.004187,-6.75e-4,NA,FALSE,TRUE,0.002385,0.001704,30.9043,-0.39473,-0.134049,-0.042072,0.042072,0.134049,0.39473,-65.2156,-15.48,-4.392,4.392,15.48,65.2156
JPSS1_20250713T125400_vs_HYPERNETS_20250713T123000_RHOW_R_poly.csv,THFR_poly,Hyp,JPSS1,3.6641600000000003,43.43485999999999,3.66326,43.442333000000005,0.84,2.25,2025-07-13T10:30:00Z,2025-07-13T10:54:00Z,24,30,5,1.6728,1.2316,0.8695,1.8918,4.1165,-0.016517,-0.004292,0.001326,NA,FALSE,FALSE,0.002558,0.00207,40.732,-0.078579,0.134695,0.480263,0.134695,0.480263,0.569492,-8.5281,13.4695,48.0263,13.4695,48.0263,56.9492
JPSS1_20250713T125400_vs_HYPERNETS_20250713T124500_RHOW_R_poly.csv,THFR_poly,Hyp,JPSS1,3.6641600000000003,43.43485999999999,3.66326,43.442333000000005,0.84,2.25,2025-07-13T10:45:00Z,2025-07-13T10:54:00Z,9,30,5,1.7219,1.2126,0.9259,1.9047,3.9179,-0.013561,-0.003456,0.001456,NA,FALSE,FALSE,0.00265,0.002165,46.8344,0.03998,0.238867,0.547731,0.238867,0.547731,0.738826,3.998,23.8867,54.7731,23.8867,54.7731,77.6318
JPSS1_20250713T125400_vs_HYPERNETS_20250713T130000_RHOW_R_poly.csv,THFR_poly,Hyp,JPSS1,3.6641600000000003,43.43485999999999,3.66326,43.442333000000005,0.84,2.25,2025-07-13T11:00:00Z,2025-07-13T10:54:00Z,6,30,5,1.7391,1.276,0.9293,1.9309,4.0121,-0.014748,-0.003932,0.001274,NA,FALSE,FALSE,0.002613,0.0020830000000000002,42.6477,-0.007237,0.203412,0.528842,0.203412,0.528842,0.640033,-0.729,20.3412,52.8842,20.3412,52.8842,64.0033
JPSS1_20250713T125400_vs_HYPERNETS_20250713T131500_RHOW_R_poly.csv,THFR_poly,Hyp,JPSS1,3.6641600000000003,43.43485999999999,3.66326,43.442333000000005,0.84,2.25,2025-07-13T11:15:00Z,2025-07-13T10:54:00Z,21,30,5,1.7882,1.2631,0.9306,2.0204,4.3862,-0.016848,-0.004469,0.001234,NA,FALSE,FALSE,0.002714,0.002173,43.3837,-0.031255,0.206112,0.558501,0.206112,0.558501,0.608456,-3.2263,20.6112,55.8501,20.6112,55.8501,60.8456
JPSS1_20250715T121800_vs_HYPERNETS_20250715T120000_RHOW_C_poly.csv,THFR_poly,Hyp,JPSS1,3.6641600000000003,43.43485999999999,3.6617290000000002,43.441376,0.75,2.25,2025-07-15T10:00:00Z,2025-07-15T10:18:00Z,18,30,5,1.2763,0.9523,0.8605,1.3138,2.006,-0.004889,7.38e-4,0.004424,NA,FALSE,FALSE,0.003642,0.00329,42.2544,0.310341,0.521613,0.583924,0.310341,0.521613,0.583924,31.0341,52.1613,58.3924,31.0341,52.1613,58.3924
JPSS1_20250715T121800_vs_HYPERNETS_20250715T121500_RHOW_C_poly.csv,THFR_poly,Hyp,JPSS1,3.6641600000000003,43.43485999999999,3.6617290000000002,43.441376,0.75,2.25,2025-07-15T10:15:00Z,2025-07-15T10:18:00Z,3,30,5,1.3005,0.9382,0.8813,1.3375,2.03,-0.004466,9.53e-4,0.004524,NA,FALSE,FALSE,0.003933,0.003594,48.2941,0.348339,0.574066,0.655523,0.348339,0.574066,0.655523,34.8339,57.4066,65.5523,34.8339,57.4066,65.5523
JPSS1_20250715T121800_vs_HYPERNETS_20250715T123000_RHOW_C_poly.csv,THFR_poly,Hyp,JPSS1,3.6641600000000003,43.43485999999999,3.6617290000000002,43.441376,0.75,2.25,2025-07-15T10:30:00Z,2025-07-15T10:18:00Z,12,30,5,1.3023,0.9338,0.8819,1.3396,2.0347,-0.004202,0.001135,0.004649,NA,FALSE,FALSE,0.004071,0.003742,51.4447,0.360011,0.607742,0.668026,0.360011,0.607742,0.668026,36.0011,60.7742,66.8026,36.0011,60.7742,66.8026
JPSS1_20250715T121800_vs_HYPERNETS_20250715T124500_RHOW_C_poly.csv,THFR_poly,Hyp,JPSS1,3.6641600000000003,43.43485999999999,3.6617290000000002,43.441376,0.75,2.25,2025-07-15T10:45:00Z,2025-07-15T10:18:00Z,27,30,5,1.3135,0.9434,0.8831,1.3528,2.0722,-0.004515,0.001017,0.004629,NA,FALSE,FALSE,0.004075,0.00373,50.8742,0.364196,0.61192,0.652595,0.364196,0.61192,0.652595,36.4196,61.192,65.2595,36.4196,61.192,65.2595
JPSS1_20250717T131801_vs_HYPERNETS_20250717T134500_RHOW_R_poly.csv,THFR_poly,Hyp,JPSS1,3.6641600000000003,43.43485999999999,3.66062,43.440982999999996,0.74,2.25,2025-07-17T11:45:00Z,2025-07-17T11:18:01Z,27,30,3,1.009,1.5367,0.0893,1.1781,15.5449,-0.105526,-0.00473,0.002909,NA,FALSE,FALSE,0.004098,0.003481,61.7782,-0.843167,-0.757704,-0.462357,0.462357,0.757704,0.843167,-660.4478,-312.7176,-122.5906,122.5906,312.7176,660.4478
JPSS1_20250725T123000_vs_HYPERNETS_20250725T120000_RHOW_R_poly.csv,THFR_poly,Hyp,JPSS1,3.6641600000000003,43.43485999999999,3.665198,43.438030000000005,0.36,2.25,2025-07-25T10:00:00Z,2025-07-25T10:30:00Z,30,30,2,1.8837,4.3273,NA,1.8837,NA,NA,-0.01474,NA,NA,NA,NA,0.005642,0.005551,55.1242,-0.630299,-0.551242,-0.472186,0.472186,0.551242,0.630299,-186.2231,-138.1064,-98.0785,98.0785,138.1064,186.2231
JPSS1_20250725T123000_vs_HYPERNETS_20250725T121500_RHOW_R_poly.csv,THFR_poly,Hyp,JPSS1,3.6641600000000003,43.43485999999999,3.665198,43.438030000000005,0.36,2.25,2025-07-25T10:15:00Z,2025-07-25T10:30:00Z,15,30,2,1.5085,2.9818,NA,1.5085,NA,NA,-0.00871,NA,NA,NA,NA,0.004204,0.00414,48.5849,-0.564994,-0.485849,-0.406704,0.406704,0.485849,0.564994,-139.6767,-104.4243,-74.3569,74.3569,104.4243,139.6767
JPSS1_20250725T123000_vs_HYPERNETS_20250725T124500_RHOW_R_poly.csv,THFR_poly,Hyp,JPSS1,3.6641600000000003,43.43485999999999,3.665198,43.438030000000005,0.36,2.25,2025-07-25T10:45:00Z,2025-07-25T10:30:00Z,15,30,2,1.5246,2.9323,NA,1.5246,NA,NA,-0.008489,NA,NA,NA,NA,0.00397,0.0039,47.1941,-0.552578,-0.471941,-0.391303,0.391303,0.471941,0.552578,-132.8546,-98.8748,-69.8536,69.8536,98.8748,132.8546
JPSS1_20250725T123000_vs_HYPERNETS_20250725T130000_RHOW_R_poly.csv,THFR_poly,Hyp,JPSS1,3.6641600000000003,43.43485999999999,3.665198,43.438030000000005,0.36,2.25,2025-07-25T11:00:00Z,2025-07-25T10:30:00Z,30,30,2,1.5211,2.8449,NA,1.5211,NA,NA,-0.008099,NA,NA,NA,NA,0.003737,0.003664,45.765,-0.539235,-0.45765,-0.376066,0.376066,0.45765,0.539235,-125.8075,-93.3405,-65.5416,65.5416,93.3405,125.8075
JPSS1_20250726T121200_vs_HYPERNETS_20250726T114500_RHOW_R_poly.csv,THFR_poly,Hyp,JPSS1,3.6641600000000003,43.43485999999999,3.6615300000000004,43.441513,0.77,2.25,2025-07-26T09:45:00Z,2025-07-26T10:12:00Z,27,30,2,2.1899,5.5307,NA,2.1899,NA,NA,-0.015672,NA,NA,NA,NA,0.00494,0.004477,53.5886,-0.696925,-0.535886,-0.374848,0.374848,0.535886,0.696925,-359.004,-199.2507,-95.0984,95.0984,199.2507,359.004
JPSS1_20250726T121200_vs_HYPERNETS_20250726T120000_RHOW_R_poly.csv,THFR_poly,Hyp,JPSS1,3.6641600000000003,43.43485999999999,3.6615300000000004,43.441513,0.77,2.25,2025-07-26T10:00:00Z,2025-07-26T10:12:00Z,12,30,2,15.8608,13.2814,NA,15.8608,NA,NA,-0.044069,NA,NA,NA,NA,0.004047,0.003603,112.6314,-0.055037,0.50812,1.071277,0.872254,1.126314,1.380374,-61.6017,0.2917,62.546,162.2948,162.6771,163.06
JPSS1_20250726T121200_vs_HYPERNETS_20250726T121500_RHOW_R_poly.csv,THFR_poly,Hyp,JPSS1,3.6641600000000003,43.43485999999999,3.6615300000000004,43.441513,0.77,2.25,2025-07-26T10:15:00Z,2025-07-26T10:12:00Z,3,30,2,2.0456,5.3969,NA,2.0456,NA,NA,-0.015186,NA,NA,NA,NA,0.005282,0.004902,55.7026,-0.71019,-0.557026,-0.403861,0.403861,0.557026,0.71019,-378.2315,-212.5165,-104.2245,104.2245,212.5165,378.2315
JPSS1_20250726T121200_vs_HYPERNETS_20250726T123000_RHOW_R_poly.csv,THFR_poly,Hyp,JPSS1,3.6641600000000003,43.43485999999999,3.6615300000000004,43.441513,0.77,2.25,2025-07-26T10:30:00Z,2025-07-26T10:12:00Z,18,30,2,2.2588,6.0208,NA,2.2588,NA,NA,-0.017457,NA,NA,NA,NA,0.005421,0.00498,55.5918,-0.711757,-0.555918,-0.40008,0.40008,0.555918,0.711757,-388.6252,-216.1232,-104.5205,104.5205,216.1232,388.6252
JPSS1_20250803T130000_vs_HYPERNETS_20250803T133000_RHOW_R_poly.csv,THFR_poly,Hyp,JPSS1,3.6641600000000003,43.43485999999999,3.6652340000000003,43.435894,0.14,2.25,2025-08-03T11:30:00Z,2025-08-03T11:00:00Z,30,30,1,NA,NA,NA,NA,NA,NA,NA,NA,NA,NA,NA,NA,NA,NA,NA,NA,NA,NA,NA,NA,NA,NA,NA,NA,NA,NA
JPSS1_20250805T122401_vs_HYPERNETS_20250805T120000_RHOW_R_poly.csv,THFR_poly,Hyp,JPSS1,3.6641600000000003,43.43485999999999,3.659697,43.44302,0.98,2.25,2025-08-05T10:00:00Z,2025-08-05T10:24:01Z,24,30,4,1.4702,0.9855,0.6483,1.555,3.7298,-0.014491,-0.001805,0.003484,NA,FALSE,FALSE,0.002218,0.001573,25.8071,0.090649,0.250411,0.391082,0.117399,0.250411,0.391082,8.7269,24.541,39.0202,11.7575,24.541,39.0202
JPSS1_20250805T122401_vs_HYPERNETS_20250805T121500_RHOW_R_poly.csv,THFR_poly,Hyp,JPSS1,3.6641600000000003,43.43485999999999,3.659697,43.44302,0.98,2.25,2025-08-05T10:15:00Z,2025-08-05T10:24:01Z,9,30,4,1.4874,0.9833,0.6572,1.5725,3.7621000000000002,-0.014384,-0.001784,0.003483,NA,FALSE,FALSE,0.002282,0.001613,26.8437,0.105531,0.268988,0.412248,0.125177,0.268988,0.412248,10.2166,26.375,41.1432,12.448,26.375,41.1432
JPSS1_20250805T122401_vs_HYPERNETS_20250805T123000_RHOW_R_poly.csv,THFR_poly,Hyp,JPSS1,3.6641600000000003,43.43485999999999,3.659697,43.44302,0.98,2.25,2025-08-05T10:30:00Z,2025-08-05T10:24:01Z,6,30,4,1.4789,1.0216,0.6515,1.5644,3.7568,-0.015044,-0.002025,0.003396,NA,FALSE,FALSE,0.002161,0.001525,23.7358,0.074157,0.206117,0.332543,0.110932,0.206117,0.332543,7.0543,20.3277,33.0481,11.2226,20.3277,33.0481
JPSS1_20250805T122401_vs_HYPERNETS_20250805T124500_RHOW_R_poly.csv,THFR_poly,Hyp,JPSS1,3.6641600000000003,43.43485999999999,3.659697,43.44302,0.98,2.25,2025-08-05T10:45:00Z,2025-08-05T10:24:01Z,21,30,4,1.4643,1.0082,0.6424,1.5504,3.7417,-0.01499,-0.001956,0.003444,NA,FALSE,FALSE,0.002146,0.001519,23.9135,0.07027,0.211412,0.342937,0.10761,0.211412,0.342937,6.6781,20.7851,34.1325,10.8994,20.7851,34.1325
JPSS1_20250821T122400_vs_HYPERNETS_20250821T121500_RHOW_R_poly.csv,THFR_poly,Hyp,JPSS1,3.6641600000000003,43.43485999999999,3.6657330000000004,43.44133,0.73,2.25,2025-08-21T10:15:00Z,2025-08-21T10:24:00Z,9,30,4,1.8018,4.0385,1.0927,1.8308,3.0677,-0.013958,-0.00674,-0.002433,NA,TRUE,TRUE,0.002315,0.00196,41.5796,-0.550653,-0.368218,-0.224853,0.233361,0.368218,0.550653,-178.4574,-59.0688,-30.8889,31.9978,59.0688,178.4574
JPSS1_20250821T122400_vs_HYPERNETS_20250821T123000_RHOW_R_poly.csv,THFR_poly,Hyp,JPSS1,3.6641600000000003,43.43485999999999,3.6657330000000004,43.44133,0.73,2.25,2025-08-21T10:30:00Z,2025-08-21T10:24:00Z,6,30,4,1.7173,3.6194,1.0733,1.7412,2.8249,-0.011584,-0.005628,-0.001956,NA,TRUE,TRUE,0.001996,0.001731,39.96,-0.513319,-0.327133,-0.19048,0.213414,0.327133,0.513319,-154.9639,-49.1705,-25.1151,27.9523,49.1705,154.9639
JPSS1_20250821T122400_vs_HYPERNETS_20250821T124500_RHOW_R_poly.csv,THFR_poly,Hyp,JPSS1,3.6641600000000003,43.43485999999999,3.6657330000000004,43.44133,0.73,2.25,2025-08-21T10:45:00Z,2025-08-21T10:24:00Z,21,30,4,1.7275,3.6622,1.0673,1.7529,2.8791,-0.011985,-0.005755,-0.001962,NA,TRUE,TRUE,0.002032,0.001755,40.0939,-0.5161,-0.330547,-0.194094,0.215386,0.330547,0.5161,-157.0851,-49.931,-25.6943,28.3426,49.931,157.0851
JPSS1_20250824T130601_vs_HYPERNETS_20250824T124500_RHOW_R_poly.csv,THFR_poly,Hyp,JPSS1,3.6641600000000003,43.43485999999999,3.6648340000000004,43.44142899999999,0.73,2.25,2025-08-24T10:45:00Z,2025-08-24T11:06:01Z,21,30,3,1.0985,2.3529,0.1057,1.2344,14.4191,-0.079824,-0.003559,0.00297,NA,FALSE,FALSE,0.00268,0.002203,52.4049,-0.757375,-0.635609,-0.346503,0.346503,0.635609,0.757375,-376.5163,-174.4308,-70.6287,70.6287,174.4308,376.5163
JPSS1_20250824T130601_vs_HYPERNETS_20250824T130000_RHOW_R_poly.csv,THFR_poly,Hyp,JPSS1,3.6641600000000003,43.43485999999999,3.6648340000000004,43.44142899999999,0.73,2.25,2025-08-24T11:00:00Z,2025-08-24T11:06:01Z,6,30,3,1.0909,2.4702,0.1077,1.215,13.7023,-0.079103,-0.00375,0.002931,NA,FALSE,FALSE,0.00286,0.002453,54.3147,-0.768008,-0.646115,-0.36977,0.36977,0.646115,0.768008,-406.6129,-182.578,-76.5497,76.5497,182.578,406.6129
JPSS1_20250824T130601_vs_HYPERNETS_20250824T131500_RHOW_R_poly.csv,THFR_poly,Hyp,JPSS1,3.6641600000000003,43.43485999999999,3.6648340000000004,43.44142899999999,0.73,2.25,2025-08-24T11:15:00Z,2025-08-24T11:06:01Z,9,30,3,1.0814,2.3997,0.1123,1.1867,12.5352,-0.071493,-0.003526,0.002909,NA,FALSE,FALSE,0.002773,0.002408,54.2538,-0.761898,-0.63824,-0.371029,0.371029,0.63824,0.761898,-391.4656,-176.4261,-75.6271,75.6271,176.4261,391.4656
JPSS1_20250824T130601_vs_HYPERNETS_20250824T133000_RHOW_R_poly.csv,THFR_poly,Hyp,JPSS1,3.6641600000000003,43.43485999999999,3.6648340000000004,43.44142899999999,0.73,2.25,2025-08-24T11:30:00Z,2025-08-24T11:06:01Z,24,30,3,1.0562,2.3058,0.1121,1.1529,11.8567,-0.06727,-0.003308,0.002912,NA,FALSE,FALSE,0.002739,0.002394,54.3442,-0.758032,-0.635925,-0.375093,0.375093,0.635925,0.758032,-378.7025,-174.6687,-76.0968,76.0968,174.6687,378.7025
JPSS1_20250830T125401_vs_HYPERNETS_20250830T124500_RHOW_R_poly.csv,THFR_poly,Hyp,JPSS1,3.6641600000000003,43.43485999999999,3.6612419999999997,43.442471,0.88,2.25,2025-08-30T10:45:00Z,2025-08-30T10:54:01Z,9,30,5,1.1361,1.3496,0.7955,1.1624,1.6984,-0.004504,-0.001675,2.62e-4,NA,FALSE,FALSE,0.00105,8.31e-4,21.0395,-0.192515,-0.167175,-0.125811,0.125811,0.167175,0.192515,-23.8413,-20.0732,-14.3918,14.3918,20.0732,23.8413
JPSS1_20250830T125401_vs_HYPERNETS_20250830T130000_RHOW_R_poly.csv,THFR_poly,Hyp,JPSS1,3.6641600000000003,43.43485999999999,3.6612419999999997,43.442471,0.88,2.25,2025-08-30T11:00:00Z,2025-08-30T10:54:01Z,6,30,5,1.1759,1.3035,0.7289,1.2323,2.0832,-0.006786,-0.002192,5.26e-4,NA,FALSE,FALSE,0.001303,0.001052,23.5342,-0.18831,-0.178787,-0.156725,0.156725,0.178787,0.18831,-23.1998,-21.7711,-18.5853,18.5853,21.7711,23.1998
JPSS1_20250830T125401_vs_HYPERNETS_20250830T131500_RHOW_R_poly.csv,THFR_poly,Hyp,JPSS1,3.6641600000000003,43.43485999999999,3.6612419999999997,43.442471,0.88,2.25,2025-08-30T11:15:00Z,2025-08-30T10:54:01Z,21,30,5,1.195,1.3044,0.7471,1.2496,2.0901,-0.006554,-0.002125,5.24e-4,NA,FALSE,FALSE,0.001214,0.001002,22.609,-0.168044,-0.166224,-0.136549,0.136549,0.166224,0.168044,-20.1987,-19.9363,-15.8144,15.8144,19.9363,20.1987
JPSS1_20250831T123601_vs_HYPERNETS_20250831T121500_RHOW_R_poly.csv,THFR_poly,Hyp,JPSS1,3.6641600000000003,43.43485999999999,3.6632340000000005,43.440182,0.6,2.25,2025-08-31T10:15:00Z,2025-08-31T10:36:01Z,21,30,2,1.9088,6.3381,NA,1.9088,NA,NA,-0.014023,NA,NA,NA,NA,0.005926,0.005857,67.1243,-0.758933,-0.671243,-0.583553,0.583553,0.671243,0.758933,-384.2198,-259.6214,-167.0844,167.0844,259.6214,384.2198
JPSS1_20250831T123601_vs_HYPERNETS_20250831T123000_RHOW_R_poly.csv,THFR_poly,Hyp,JPSS1,3.6641600000000003,43.43485999999999,3.6632340000000005,43.440182,0.6,2.25,2025-08-31T10:30:00Z,2025-08-31T10:36:01Z,6,30,2,1.6886,5.7232,NA,1.6886,NA,NA,-0.012373,NA,NA,NA,NA,0.006101,0.006052,67.9805,-0.763831,-0.679805,-0.59578,0.59578,0.679805,0.763831,-391.0784,-266.9056,-174.1308,174.1308,266.9056,391.0784
JPSS1_20250831T123601_vs_HYPERNETS_20250831T124500_RHOW_R_poly.csv,THFR_poly,Hyp,JPSS1,3.6641600000000003,43.43485999999999,3.6632340000000005,43.440182,0.6,2.25,2025-08-31T10:45:00Z,2025-08-31T10:36:01Z,9,30,2,1.8689,6.1074,NA,1.8689,NA,NA,-0.013403,NA,NA,NA,NA,0.005785,0.005717,66.6649,-0.755061,-0.666649,-0.578237,0.578237,0.666649,0.755061,-375.4757,-253.8716,-163.368,163.368,253.8716,375.4757
JPSS1_20250905T124200_vs_HYPERNETS_20250905T121500_RHOW_R_poly.csv,THFR_poly,Hyp,JPSS1,3.6641600000000003,43.43485999999999,3.66577,43.439522000000004,0.54,2.25,2025-09-05T10:15:00Z,2025-09-05T10:42:00Z,27,30,4,1.0051,1.5278,0.4075,1.0846,2.8867,-0.014581,-0.003231,0.001033,NA,FALSE,FALSE,0.002901,0.002699,49.698,-0.619903,-0.547513,-0.424589,0.424589,0.547513,0.619903,-167.1736,-121.7316,-78.8915,78.8915,121.7316,167.1736
JPSS1_20250905T124200_vs_HYPERNETS_20250905T123000_RHOW_R_poly.csv,THFR_poly,Hyp,JPSS1,3.6641600000000003,43.43485999999999,3.66577,43.439522000000004,0.54,2.25,2025-09-05T10:30:00Z,2025-09-05T10:42:00Z,12,30,4,0.9897,1.5308,0.4031,1.0666,2.8224,-0.014412,-0.003207,0.001027,NA,FALSE,FALSE,0.002976,0.002783,50.3854,-0.624886,-0.554532,-0.433501,0.433501,0.554532,0.624886,-170.5456,-125.2128,-81.7434,81.7434,125.2128,170.5456
JPSS1_20250905T124200_vs_HYPERNETS_20250905T124500_RHOW_R_poly.csv,THFR_poly,Hyp,JPSS1,3.6641600000000003,43.43485999999999,3.66577,43.439522000000004,0.54,2.25,2025-09-05T10:45:00Z,2025-09-05T10:42:00Z,3,30,4,1.0088,1.5219,0.4413,1.0687,2.5885,-0.012159,-0.002907,9.13e-4,NA,FALSE,FALSE,0.002658,0.002489,48.1384,-0.602139,-0.531301,-0.410546,0.410546,0.531301,0.602139,-154.3755,-114.0446,-74.0912,74.0912,114.0446,154.3755
JPSS1_20250905T124200_vs_HYPERNETS_20250905T130000_RHOW_R_poly.csv,THFR_poly,Hyp,JPSS1,3.6641600000000003,43.43485999999999,3.66577,43.439522000000004,0.54,2.25,2025-09-05T11:00:00Z,2025-09-05T10:42:00Z,18,30,4,1.0121,1.5521,0.4491,1.069,2.5445,-0.011995,-0.002953,8.46e-4,NA,FALSE,FALSE,0.002689,0.002529,48.5916,-0.610385,-0.537562,-0.413093,0.413093,0.537562,0.610385,-159.3947,-117.1452,-74.8019,74.8019,117.1452,159.3947
JPSS1_20250906T122401_vs_HYPERNETS_20250906T120000_RHOW_R_poly.csv,THFR_poly,Hyp,JPSS1,3.6641600000000003,43.43485999999999,3.6651030000000002,43.440125,0.59,2.25,2025-09-06T10:00:00Z,2025-09-06T10:24:01Z,24,30,5,1.3848,1.1904,0.7487,1.5272,3.1154,-0.010953,-0.002467,0.001692,NA,FALSE,FALSE,0.001754,0.001472,33.4919,0.060012,0.111242,0.268447,0.111242,0.268447,0.493779,6.0012,11.1242,26.8447,11.1242,26.8447,49.3779
JPSS1_20250906T122401_vs_HYPERNETS_20250906T121500_RHOW_R_poly.csv,THFR_poly,Hyp,JPSS1,3.6641600000000003,43.43485999999999,3.6651030000000002,43.440125,0.59,2.25,2025-09-06T10:15:00Z,2025-09-06T10:24:01Z,9,30,5,1.3899,1.2103,0.7708,1.5135,2.9721,-0.009778,-0.002186,0.001681,NA,FALSE,FALSE,0.001723,0.001511,35.3665,0.102087,0.134725,0.276198,0.134725,0.276198,0.532186,10.2087,13.4725,27.6198,13.4725,27.6198,53.2186
JPSS1_20250906T122401_vs_HYPERNETS_20250906T123000_RHOW_R_poly.csv,THFR_poly,Hyp,JPSS1,3.6641600000000003,43.43485999999999,3.6651030000000002,43.440125,0.59,2.25,2025-09-06T10:30:00Z,2025-09-06T10:24:01Z,6,30,5,1.3673,1.1856,0.7304,1.5183,3.1565,-0.011639,-0.002644,0.001682,NA,FALSE,FALSE,0.001752,0.0014,31.1666,0.02277,0.088143,0.247225,0.088143,0.247225,0.44674,2.277,8.8143,24.7225,8.8143,24.7225,44.674
JPSS1_20250906T122401_vs_HYPERNETS_20250906T124500_RHOW_R_poly.csv,THFR_poly,Hyp,JPSS1,3.6641600000000003,43.43485999999999,3.6651030000000002,43.440125,0.59,2.25,2025-09-06T10:45:00Z,2025-09-06T10:24:01Z,21,30,5,1.395,1.1763,0.7496,1.5437,3.1793,-0.011194,-0.002507,0.001711,NA,FALSE,FALSE,0.001787,0.001506,34.3068,0.059648,0.120124,0.280148,0.120124,0.280148,0.513838,5.9648,12.0124,28.0148,12.0124,28.0148,51.3838
JPSS1_20250911T123000_vs_HYPERNETS_20250911T124500_RHOW_R_poly.csv,THFR_poly,Hyp,JPSS1,3.6641600000000003,43.43485999999999,3.6601370000000006,43.44198599999999,0.86,2.25,2025-09-11T10:45:00Z,2025-09-11T10:30:00Z,15,30,2,5.2089,12.9605,NA,5.2089,NA,NA,-0.020784,NA,NA,NA,NA,0.002563,0.001972,47.6705,-0.68061,-0.476705,-0.272801,0.272801,0.476705,0.68061,-413.8729,-204.9564,-80.9755,80.9755,204.9564,413.8729
JPSS1_20250921T124200_vs_HYPERNETS_20250921T123000_RHOW_R_poly.csv,THFR_poly,Hyp,JPSS1,3.6641600000000003,43.43485999999999,3.662834,43.442676999999996,0.88,2.25,2025-09-21T10:30:00Z,2025-09-21T10:42:00Z,12,30,2,1.4896,4.2442,NA,1.4896,NA,NA,-0.010919,NA,NA,NA,NA,0.006083,0.00604,63.0713,-0.713922,-0.630713,-0.547504,0.547504,0.630713,0.713922,-286.6844,-203.3397,-137.9589,137.9589,203.3397,286.6844
JPSS1_20250921T124200_vs_HYPERNETS_20250921T124500_RHOW_R_poly.csv,THFR_poly,Hyp,JPSS1,3.6641600000000003,43.43485999999999,3.662834,43.442676999999996,0.88,2.25,2025-09-21T10:45:00Z,2025-09-21T10:42:00Z,3,30,2,1.5153,4.1124,NA,1.5153,NA,NA,-0.010465,NA,NA,NA,NA,0.005621,0.005571,61.3046,-0.699495,-0.613046,-0.526598,0.526598,0.613046,0.699495,-267.354,-188.8678,-127.1505,127.1505,188.8678,267.354
JPSS1_20250921T124200_vs_HYPERNETS_20250921T130000_RHOW_R_poly.csv,THFR_poly,Hyp,JPSS1,3.6641600000000003,43.43485999999999,3.662834,43.442676999999996,0.88,2.25,2025-09-21T11:00:00Z,2025-09-21T10:42:00Z,18,30,2,1.4844,4.0936,NA,1.4844,NA,NA,-0.010401,NA,NA,NA,NA,0.00577,0.005725,61.9287,-0.704233,-0.619287,-0.53434,0.53434,0.619287,0.704233,-273.1253,-193.51,-130.8825,130.8825,193.51,273.1253
JPSS1_20250922T122400_vs_HYPERNETS_20250922T120000_RHOW_R_poly.csv,THFR_poly,Hyp,JPSS1,3.6641600000000003,43.43485999999999,3.666105,43.440661999999996,0.66,2.25,2025-09-22T10:00:00Z,2025-09-22T10:24:00Z,24,30,4,0.8939,1.1028,0.4818,0.9179,1.7488,-0.007315,-0.001384,0.001729,NA,FALSE,FALSE,0.002099,0.00197,29.9297,-0.353295,-0.292366,-0.238367,0.238367,0.292366,0.353295,-55.2585,-41.4308,-31.5084,31.5084,41.4308,55.2585
JPSS1_20250922T122400_vs_HYPERNETS_20250922T121500_RHOW_R_poly.csv,THFR_poly,Hyp,JPSS1,3.6641600000000003,43.43485999999999,3.666105,43.440661999999996,0.66,2.25,2025-09-22T10:15:00Z,2025-09-22T10:24:00Z,9,30,4,0.9104,1.0951,0.4597,0.9419,1.9299,-0.008509,-0.001507,0.00191,NA,FALSE,FALSE,0.002072,0.001919,29.3811,-0.354529,-0.284701,-0.223982,0.223982,0.284701,0.354529,-55.6973,-39.9615,-29.0798,29.0798,39.9615,55.6973
JPSS1_20250922T122400_vs_HYPERNETS_20250922T123000_RHOW_R_poly.csv,THFR_poly,Hyp,JPSS1,3.6641600000000003,43.43485999999999,3.666105,43.440661999999996,0.66,2.25,2025-09-22T10:30:00Z,2025-09-22T10:24:00Z,6,30,4,0.9029,1.1326,0.4786,0.9287,1.8021,-0.007887,-0.00156,0.0017,NA,FALSE,FALSE,0.002202,0.002077,31.2851,-0.362759,-0.309592,-0.259683,0.259683,0.309592,0.362759,-57.6876,-44.8934,-35.4257,35.4257,44.8934,57.6876
JPSS1_20250922T122400_vs_HYPERNETS_20250922T124500_RHOW_R_poly.csv,THFR_poly,Hyp,JPSS1,3.6641600000000003,43.43485999999999,3.666105,43.440661999999996,0.66,2.25,2025-09-22T10:45:00Z,2025-09-22T10:24:00Z,21,30,4,0.9095,1.1059,0.4905,0.9338,1.7776,-0.007335,-0.0014,0.001718,NA,FALSE,FALSE,0.001993,0.001866,28.9274,-0.342969,-0.282022,-0.228327,0.228327,0.282022,0.342969,-52.8465,-39.3809,-29.8066,29.8066,39.3809,52.8465
JPSS1_20250929T115400_vs_HYPERNETS_20250929T113000_RHOW_R_poly.csv,THFR_poly,Hyp,JPSS1,3.6641600000000003,43.43485999999999,3.662616,43.441658,0.77,2.25,2025-09-29T09:30:00Z,2025-09-29T09:54:00Z,24,30,2,1.4709,4.0439,NA,1.4709,NA,NA,-0.009057,NA,NA,NA,NA,0.005107,0.005076,62.1825,-0.698163,-0.621825,-0.545487,0.545487,0.621825,0.698163,-258.0122,-189.0288,-133.3374,133.3374,189.0288,258.0122
JPSS1_20250929T115400_vs_HYPERNETS_20250929T114500_RHOW_R_poly.csv,THFR_poly,Hyp,JPSS1,3.6641600000000003,43.43485999999999,3.662616,43.441658,0.77,2.25,2025-09-29T09:45:00Z,2025-09-29T09:54:00Z,9,30,2,1.4275,3.8366,NA,1.4275,NA,NA,-0.008428,NA,NA,NA,NA,0.00492,0.004893,61.419,-0.690838,-0.61419,-0.537542,0.537542,0.61419,0.690838,-248.5339,-182.4481,-128.893,128.893,182.4481,248.5339
JPSS1_20250929T115400_vs_HYPERNETS_20250929T120000_RHOW_R_poly.csv,THFR_poly,Hyp,JPSS1,3.6641600000000003,43.43485999999999,3.662616,43.441658,0.77,2.25,2025-09-29T10:00:00Z,2025-09-29T09:54:00Z,6,30,2,1.4812,4.0393,NA,1.4812,NA,NA,-0.009043,NA,NA,NA,NA,0.00504,0.005008,61.8774,-0.695702,-0.618774,-0.541846,0.541846,0.618774,0.695702,-255.0959,-186.6973,-131.4736,131.4736,186.6973,255.0959
JPSS1_20250929T115400_vs_HYPERNETS_20250929T121500_RHOW_R_poly.csv,THFR_poly,Hyp,JPSS1,3.6641600000000003,43.43485999999999,3.662616,43.441658,0.77,2.25,2025-09-29T10:15:00Z,2025-09-29T09:54:00Z,21,30,2,1.4727,3.9232,NA,1.4727,NA,NA,-0.008691,NA,NA,NA,NA,0.00485,0.004818,61.0331,-0.688282,-0.610331,-0.532379,0.532379,0.610331,0.688282,-246.0987,-180.0159,-126.5506,126.5506,180.0159,246.0987
JPSS1_20251002T123601_vs_HYPERNETS_20251002T121500_RHOW_R_poly.csv,THFR_poly,Hyp,JPSS1,3.6641600000000003,43.43485999999999,3.661223,43.442265,0.86,2.25,2025-10-02T10:15:00Z,2025-10-02T10:36:01Z,21,30,3,0.7404,1.1939,0.0853,0.7943,7.3936,-0.04621,-0.001398,0.003417,NA,FALSE,FALSE,0.003113,0.002794,46.2285,-0.560468,-0.54989,-0.407905,0.407905,0.54989,0.560468,-127.5808,-122.168,-73.9678,73.9678,122.168,127.5808
JPSS1_20251002T123601_vs_HYPERNETS_20251002T123000_RHOW_R_poly.csv,THFR_poly,Hyp,JPSS1,3.6641600000000003,43.43485999999999,3.661223,43.442265,0.86,2.25,2025-10-02T10:30:00Z,2025-10-02T10:36:01Z,6,30,3,0.765,1.1923,0.0833,0.8302,8.279,-0.050305,-0.001449,0.00345,NA,FALSE,FALSE,0.002898,0.002563,44.2742,-0.54892,-0.534799,-0.382593,0.382593,0.534799,0.54892,-121.7988,-114.961,-67.1258,67.1258,114.961,121.7988
JPSS1_20251002T123601_vs_HYPERNETS_20251002T124500_RHOW_R_poly.csv,THFR_poly,Hyp,JPSS1,3.6641600000000003,43.43485999999999,3.661223,43.442265,0.86,2.25,2025-10-02T10:45:00Z,2025-10-02T10:36:01Z,9,30,3,0.7707,1.1579,0.0898,0.8251,7.5816,-0.044616,-0.001295,0.00342,NA,FALSE,FALSE,0.002731,0.002416,42.5694,-0.523957,-0.502499,-0.365833,0.365833,0.502499,0.523957,-110.2786,-101.0044,-61.4815,61.4815,101.0044,110.2786
JPSS1_20251002T123601_vs_HYPERNETS_20251002T130000_RHOW_R_poly.csv,THFR_poly,Hyp,JPSS1,3.6641600000000003,43.43485999999999,3.661223,43.442265,0.86,2.25,2025-10-02T11:00:00Z,2025-10-02T10:36:01Z,24,30,3,0.7981,1.1702,0.0878,0.8642,8.5068,-0.048936,-0.001381,0.00345,NA,FALSE,FALSE,0.00256,0.002226,40.9684,-0.517641,-0.496584,-0.345177,0.345177,0.496584,0.517641,-107.51220000000001,-98.6429,-56.9665,56.9665,98.6429,107.51220000000001
JPSS1_20251012T124800_vs_HYPERNETS_20251012T123000_RHOW_R_poly.csv,THFR_poly,Hyp,JPSS1,3.6641600000000003,43.43485999999999,3.66705,43.439620999999995,0.58,2.25,2025-10-12T10:30:00Z,2025-10-12T10:48:00Z,18,30,1,NA,NA,NA,NA,NA,NA,NA,NA,NA,NA,NA,NA,NA,NA,NA,NA,NA,NA,NA,NA,NA,NA,NA,NA,NA,NA
JPSS1_20251012T124800_vs_HYPERNETS_20251012T130000_RHOW_R_poly.csv,THFR_poly,Hyp,JPSS1,3.6641600000000003,43.43485999999999,3.66705,43.439620999999995,0.58,2.25,2025-10-12T11:00:00Z,2025-10-12T10:48:00Z,12,30,1,NA,NA,NA,NA,NA,NA,NA,NA,NA,NA,NA,NA,NA,NA,NA,NA,NA,NA,NA,NA,NA,NA,NA,NA,NA,NA
JPSS1_20251012T124800_vs_HYPERNETS_20251012T131500_RHOW_R_poly.csv,THFR_poly,Hyp,JPSS1,3.6641600000000003,43.43485999999999,3.66705,43.439620999999995,0.58,2.25,2025-10-12T11:15:00Z,2025-10-12T10:48:00Z,27,30,1,NA,NA,NA,NA,NA,NA,NA,NA,NA,NA,NA,NA,NA,NA,NA,NA,NA,NA,NA,NA,NA,NA,NA,NA,NA,NA
JPSS1_20251013T123001_vs_HYPERNETS_20251013T121500_RHOW_R_poly.csv,THFR_poly,Hyp,JPSS1,3.6641600000000003,43.43485999999999,3.666434,43.440822999999995,0.69,2.25,2025-10-13T10:15:00Z,2025-10-13T10:30:01Z,15,30,2,1.7325,6.3911,NA,1.7325,NA,NA,-0.01718,NA,NA,NA,NA,0.00837,0.008313,70.4066,-0.782937,-0.704066,-0.625195,0.625195,0.704066,0.782937,-437.5881,-299.3784,-196.7014,196.7014,299.3784,437.5881
JPSS1_20251013T123001_vs_HYPERNETS_20251013T123000_RHOW_R_poly.csv,THFR_poly,Hyp,JPSS1,3.6641600000000003,43.43485999999999,3.666434,43.440822999999995,0.69,2.25,2025-10-13T10:30:00Z,2025-10-13T10:30:01Z,0,30,2,1.714,5.8371,NA,1.714,NA,NA,-0.015377,NA,NA,NA,NA,0.007454,0.007392,68.1086,-0.76488,-0.681086,-0.597292,0.597292,0.681086,0.76488,-393.508,-268.554,-175.2378,175.2378,268.554,393.508
JPSS1_20251013T123001_vs_HYPERNETS_20251013T124500_RHOW_R_poly.csv,THFR_poly,Hyp,JPSS1,3.6641600000000003,43.43485999999999,3.666434,43.440822999999995,0.69,2.25,2025-10-13T10:45:00Z,2025-10-13T10:30:01Z,15,30,2,1.7864,6.0731,NA,1.7864,NA,NA,-0.016145,NA,NA,NA,NA,0.007438,0.007368,67.9786,-0.764464,-0.679786,-0.595109,0.595109,0.679786,0.764464,-393.8791,-267.9671,-174.1558,174.1558,267.9671,393.8791
JPSS1_20251013T123001_vs_HYPERNETS_20251013T130000_RHOW_R_poly.csv,THFR_poly,Hyp,JPSS1,3.6641600000000003,43.43485999999999,3.666434,43.440822999999995,0.69,2.25,2025-10-13T11:00:00Z,2025-10-13T10:30:01Z,30,30,2,1.8121,6.1168,NA,1.8121,NA,NA,-0.016287,NA,NA,NA,NA,0.007361,0.007289,67.7381,-0.762791,-0.677381,-0.59197,0.59197,0.677381,0.762791,-390.6149,-265.3836,-172.1181,172.1181,265.3836,390.6149
JPSS1_20251017T125400_vs_HYPERNETS_20251017T123000_RHOW_R_poly.csv,THFR_poly,Hyp,JPSS1,3.6641600000000003,43.43485999999999,3.6660079999999997,43.438988,0.48,2.25,2025-10-17T10:30:00Z,2025-10-17T10:54:00Z,24,30,1,NA,NA,NA,NA,NA,NA,NA,NA,NA,NA,NA,NA,NA,NA,NA,NA,NA,NA,NA,NA,NA,NA,NA,NA,NA,NA
JPSS1_20251017T125400_vs_HYPERNETS_20251017T124500_RHOW_R_poly.csv,THFR_poly,Hyp,JPSS1,3.6641600000000003,43.43485999999999,3.6660079999999997,43.438988,0.48,2.25,2025-10-17T10:45:00Z,2025-10-17T10:54:00Z,9,30,1,NA,NA,NA,NA,NA,NA,NA,NA,NA,NA,NA,NA,NA,NA,NA,NA,NA,NA,NA,NA,NA,NA,NA,NA,NA,NA
JPSS1_20251017T125400_vs_HYPERNETS_20251017T130000_RHOW_R_poly.csv,THFR_poly,Hyp,JPSS1,3.6641600000000003,43.43485999999999,3.6660079999999997,43.438988,0.48,2.25,2025-10-17T11:00:00Z,2025-10-17T10:54:00Z,6,30,1,NA,NA,NA,NA,NA,NA,NA,NA,NA,NA,NA,NA,NA,NA,NA,NA,NA,NA,NA,NA,NA,NA,NA,NA,NA,NA
JPSS1_20251017T125400_vs_HYPERNETS_20251017T131500_RHOW_R_poly.csv,THFR_poly,Hyp,JPSS1,3.6641600000000003,43.43485999999999,3.6660079999999997,43.438988,0.48,2.25,2025-10-17T11:15:00Z,2025-10-17T10:54:00Z,21,30,1,NA,NA,NA,NA,NA,NA,NA,NA,NA,NA,NA,NA,NA,NA,NA,NA,NA,NA,NA,NA,NA,NA,NA,NA,NA,NA
JPSS1_20251018T123600_vs_HYPERNETS_20251018T121500_RHOW_R_poly.csv,THFR_poly,Hyp,JPSS1,3.6641600000000003,43.43485999999999,3.6678970000000004,43.441489999999995,0.8,2.25,2025-10-18T10:15:00Z,2025-10-18T10:36:00Z,21,30,2,2.5973,21.1857,NA,2.5973,NA,NA,-0.021835,NA,NA,NA,NA,0.006815,0.006569,72.0119,-0.857821,-0.720119,-0.582417,0.582417,0.720119,0.857821,-6593.4563,-1905.6797,-500.9976,500.9976,1905.6797,6593.4563
JPSS1_20251018T123600_vs_HYPERNETS_20251018T123000_RHOW_R_poly.csv,THFR_poly,Hyp,JPSS1,3.6641600000000003,43.43485999999999,3.6678970000000004,43.441489999999995,0.8,2.25,2025-10-18T10:30:00Z,2025-10-18T10:36:00Z,6,30,2,2.6509,21.8446,NA,2.6509,NA,NA,-0.0226,NA,NA,NA,NA,0.006913,0.006665,72.2011,-0.858798,-0.722011,-0.585223,0.585223,0.722011,0.858798,-6675.1203,-1926.4973,-506.1429,506.1429,1926.4973,6675.1203
JPSS1_20251018T123600_vs_HYPERNETS_20251018T124500_RHOW_R_poly.csv,THFR_poly,Hyp,JPSS1,3.6641600000000003,43.43485999999999,3.6678970000000004,43.441489999999995,0.8,2.25,2025-10-18T10:45:00Z,2025-10-18T10:36:00Z,9,30,2,2.6073,21.0654,NA,2.6073,NA,NA,-0.021695,NA,NA,NA,NA,0.00673,0.006479,71.7615,-0.856546,-0.717615,-0.578684,0.578684,0.717615,0.856546,-6527.3922,-1886.5607,-495.4716,495.4716,1886.5607,6527.3922
JPSS1_20251018T123600_vs_HYPERNETS_20251018T130000_RHOW_R_poly.csv,THFR_poly,Hyp,JPSS1,3.6641600000000003,43.43485999999999,3.6678970000000004,43.441489999999995,0.8,2.25,2025-10-18T11:00:00Z,2025-10-18T10:36:00Z,24,30,2,2.4408,19.2527,NA,2.4408,NA,NA,-0.019593,NA,NA,NA,NA,0.006501,0.006264,71.3829,-0.854571,-0.713829,-0.573088,0.573088,0.713829,0.854571,-6330.9223,-1838.5975,-484.389,484.389,1838.5975,6330.9223
JPSS1_20251023T124200_vs_HYPERNETS_20251023T121500_RHOW_R_poly.csv,THFR_poly,Hyp,JPSS1,3.6641600000000003,43.43485999999999,3.659712,43.442833,0.96,2.25,2025-10-23T10:15:00Z,2025-10-23T10:42:00Z,27,30,2,2.1464,16.0583,NA,2.1464,NA,NA,-0.019302,NA,NA,NA,NA,0.007818,0.007731,78.5613,-0.883112,-0.785613,-0.688114,0.688114,0.785613,0.883112,-2306.0796,-1022.4384,-423.6186,423.6186,1022.4384,2306.0796
JPSS1_20251023T124200_vs_HYPERNETS_20251023T123000_RHOW_R_poly.csv,THFR_poly,Hyp,JPSS1,3.6641600000000003,43.43485999999999,3.659712,43.442833,0.96,2.25,2025-10-23T10:30:00Z,2025-10-23T10:42:00Z,12,30,2,2.0068,14.9444,NA,2.0068,NA,NA,-0.01781,NA,NA,NA,NA,0.007767,0.00769,78.6038,-0.883204,-0.786038,-0.688873,0.688873,0.786038,0.883204,-2285.3595,-1016.9802,-423.0426,423.0426,1016.9802,2285.3595
JPSS1_20251023T124200_vs_HYPERNETS_20251023T130000_RHOW_R_poly.csv,THFR_poly,Hyp,JPSS1,3.6641600000000003,43.43485999999999,3.659712,43.442833,0.96,2.25,2025-10-23T11:00:00Z,2025-10-23T10:42:00Z,18,30,2,1.738,13.4499,NA,1.738,NA,NA,-0.015809,NA,NA,NA,NA,0.008146,0.008093,79.6256,-0.888563,-0.796256,-0.703949,0.703949,0.796256,0.888563,-2362.7246,-1060.2006,-446.5757,446.5757,1060.2006,2362.7246
JPSS1_20251030T121200_vs_HYPERNETS_20251030T114500_RHOW_R_poly.csv,THFR_poly,Hyp,JPSS1,3.6641600000000003,43.43485999999999,3.664604,43.441452,0.73,2.25,2025-10-30T10:45:00Z,2025-10-30T11:12:00Z,27,30,2,2.1055,9.4263,NA,2.1055,NA,NA,-0.021526,NA,NA,NA,NA,0.008671,0.00861,74.8638,-0.822046,-0.748638,-0.675229,0.675229,0.748638,0.822046,-584.6995,-390.1255,-250.8444,250.8444,390.1255,584.6995
JPSS1_20251030T121200_vs_HYPERNETS_20251030T121500_RHOW_R_poly.csv,THFR_poly,Hyp,JPSS1,3.6641600000000003,43.43485999999999,3.664604,43.441452,0.73,2.25,2025-10-30T11:15:00Z,2025-10-30T11:12:00Z,3,30,2,2.1269,9.3869,NA,2.1269,NA,NA,-0.021423,NA,NA,NA,NA,0.008507,0.008445,74.5061,-0.819486,-0.745061,-0.670637,0.670637,0.745061,0.819486,-574.8506,-383.156,-245.9131,245.9131,383.156,574.8506
JPSS1_20251030T121200_vs_HYPERNETS_20251030T123000_RHOW_R_poly.csv,THFR_poly,Hyp,JPSS1,3.6641600000000003,43.43485999999999,3.664604,43.441452,0.73,2.25,2025-10-30T11:30:00Z,2025-10-30T11:12:00Z,18,30,2,2.1287,9.4974,NA,2.1287,NA,NA,-0.02171,NA,NA,NA,NA,0.008632,0.00857,74.7681,-0.821418,-0.747681,-0.673944,0.673944,0.747681,0.821418,-582.5436,-388.4371,-249.532,249.532,388.4371,582.5436
JPSS1_20251103T123600_vs_HYPERNETS_20251103T121500_RHOW_R_poly.csv,THFR_poly,Hyp,JPSS1,3.6641600000000003,43.43485999999999,3.6650519999999998,43.440025,0.58,2.25,2025-11-03T11:15:00Z,2025-11-03T11:36:00Z,21,30,2,1.7019,4.1473,NA,1.7019,NA,NA,-0.008628,NA,NA,NA,NA,0.003862,0.003816,57.5978,-0.65427,-0.575978,-0.497686,0.497686,0.575978,0.65427,-208.0442,-153.7746,-109.066,109.066,153.7746,208.0442
JPSS1_20251103T123600_vs_HYPERNETS_20251103T123000_RHOW_R_poly.csv,THFR_poly,Hyp,JPSS1,3.6641600000000003,43.43485999999999,3.6650519999999998,43.440025,0.58,2.25,2025-11-03T11:30:00Z,2025-11-03T11:36:00Z,6,30,2,1.7574,4.3617,NA,1.7574,NA,NA,-0.009225,NA,NA,NA,NA,0.003988,0.00394,58.2841,-0.660954,-0.582841,-0.504727,0.504727,0.582841,0.660954,-214.769,-158.5308,-112.3403,112.3403,158.5308,214.769
JPSS1_20251103T123600_vs_HYPERNETS_20251103T124500_RHOW_R_poly.csv,THFR_poly,Hyp,JPSS1,3.6641600000000003,43.43485999999999,3.6650519999999998,43.440025,0.58,2.25,2025-11-03T11:45:00Z,2025-11-03T11:36:00Z,9,30,2,1.7898,4.2286,NA,1.7898,NA,NA,-0.008854,NA,NA,NA,NA,0.003661,0.003606,56.2308,-0.643571,-0.562308,-0.481044,0.481044,0.562308,0.643571,-199.0386,-146.0641,-102.474,102.474,146.0641,199.0386
JPSS1_20251103T123600_vs_HYPERNETS_20251103T130000_RHOW_R_poly.csv,THFR_poly,Hyp,JPSS1,3.6641600000000003,43.43485999999999,3.6650519999999998,43.440025,0.58,2.25,2025-11-03T12:00:00Z,2025-11-03T11:36:00Z,24,30,2,1.6242,3.839,NA,1.6242,NA,NA,-0.00777,NA,NA,NA,NA,0.003658,0.003616,56.424,-0.642832,-0.56424,-0.485648,0.485648,0.56424,0.642832,-197.1928,-146.0487,-103.7059,103.7059,146.0487,197.1928
JPSS1_20251108T124201_vs_HYPERNETS_20251108T123000_RHOW_R_poly.csv,THFR_poly,Hyp,JPSS1,3.6641600000000003,43.43485999999999,3.660998,43.440613,0.69,2.25,2025-11-08T11:30:00Z,2025-11-08T11:42:01Z,12,30,5,0.8368,1.6157,0.4147,0.9921,2.3731,-0.009341,-2.29e-4,0.003581,NA,FALSE,FALSE,0.001743,0.001676,36.4543,-0.142218,-0.115464,0.215043,0.142218,0.215043,0.560048,-16.5797,-13.0536,21.5043,16.5797,21.5043,56.0048
JPSS1_20251108T124201_vs_HYPERNETS_20251108T124500_RHOW_R_poly.csv,THFR_poly,Hyp,JPSS1,3.6641600000000003,43.43485999999999,3.660998,43.440613,0.69,2.25,2025-11-08T11:45:00Z,2025-11-08T11:42:01Z,3,30,5,0.8384,1.5103,0.411,1.011,2.4873,-0.009114,4.5e-5,0.003768,NA,FALSE,FALSE,0.001783,0.001638,40.4512,-0.106537,-0.070511,0.312744,0.106537,0.312744,0.758323,-11.9241,-7.586,31.2744,11.9241,31.2744,75.8323
JPSS1_20251109T122400_vs_HYPERNETS_20251109T120000_RHOW_R_poly.csv,THFR_poly,Hyp,JPSS1,3.6641600000000003,43.43485999999999,3.665609,43.440822999999995,0.67,2.25,2025-11-09T11:00:00Z,2025-11-09T11:24:00Z,24,30,2,2.999,8.7163,NA,2.999,NA,NA,-0.020066,NA,NA,NA,NA,0.004713,0.004404,59.1919,-0.730833,-0.591919,-0.453005,0.453005,0.591919,0.730833,-406.8064,-234.5589,-120.8529,120.8529,234.5589,406.8064
JPSS1_20251109T122400_vs_HYPERNETS_20251109T121500_RHOW_R_poly.csv,THFR_poly,Hyp,JPSS1,3.6641600000000003,43.43485999999999,3.665609,43.440822999999995,0.67,2.25,2025-11-09T11:15:00Z,2025-11-09T11:24:00Z,9,30,2,2.9356,8.2684,NA,2.9356,NA,NA,-0.018868,NA,NA,NA,NA,0.004484,0.004165,58.0478,-0.722627,-0.580478,-0.438328,0.438328,0.580478,0.722627,-389.6065,-224.1484,-114.6053,114.6053,224.1484,389.6065
JPSS1_20251109T122400_vs_HYPERNETS_20251109T123000_RHOW_R_poly.csv,THFR_poly,Hyp,JPSS1,3.6641600000000003,43.43485999999999,3.665609,43.440822999999995,0.67,2.25,2025-11-09T11:30:00Z,2025-11-09T11:24:00Z,6,30,2,2.6553,7.0512,NA,2.6553,NA,NA,-0.015616,NA,NA,NA,NA,0.004059,0.003742,56.051,-0.707067,-0.56051,-0.413953,0.413953,0.56051,0.707067,-356.751,-205.3724,-104.1645,104.1645,205.3724,356.751
JPSS1_20251109T122400_vs_HYPERNETS_20251109T124500_RHOW_R_poly.csv,THFR_poly,Hyp,JPSS1,3.6641600000000003,43.43485999999999,3.665609,43.440822999999995,0.67,2.25,2025-11-09T11:45:00Z,2025-11-09T11:24:00Z,21,30,2,2.7312,7.3748,NA,2.7312,NA,NA,-0.01648,NA,NA,NA,NA,0.004177,0.003859,56.6192,-0.711554,-0.566192,-0.420829,0.420829,0.566192,0.711554,-365.9012,-210.5821,-107.0423,107.0423,210.5821,365.9012
JPSS1_20251115T121201_vs_HYPERNETS_20251115T114500_RHOW_R_poly.csv,THFR_poly,Hyp,JPSS1,3.6641600000000003,43.43485999999999,3.664815,43.442080999999995,0.81,2.25,2025-11-15T10:45:00Z,2025-11-15T11:12:01Z,27,30,2,2.2683,4.2992,NA,2.2683,NA,NA,-0.017229,NA,NA,NA,NA,0.00464,0.0045,46.2012,-0.538664,-0.462012,-0.38536,0.38536,0.462012,0.538664,-124.5206,-93.9175,-67.4856,67.4856,93.9175,124.5206
JPSS1_20251115T121201_vs_HYPERNETS_20251115T120000_RHOW_R_poly.csv,THFR_poly,Hyp,JPSS1,3.6641600000000003,43.43485999999999,3.664815,43.442080999999995,0.81,2.25,2025-11-15T11:00:00Z,2025-11-15T11:12:01Z,12,30,2,2.2357,4.2339,NA,2.2357,NA,NA,-0.016885,NA,NA,NA,NA,0.004629,0.004493,46.1766,-0.538115,-0.461766,-0.385417,0.385417,0.461766,0.538115,-124.1774,-93.7536,-67.4586,67.4586,93.7536,124.1774
JPSS1_20251115T121201_vs_HYPERNETS_20251115T121500_RHOW_R_poly.csv,THFR_poly,Hyp,JPSS1,3.6641600000000003,43.43485999999999,3.664815,43.442080999999995,0.81,2.25,2025-11-15T11:15:00Z,2025-11-15T11:12:01Z,3,30,2,2.2699,4.1433,NA,2.2699,NA,NA,-0.016408,NA,NA,NA,NA,0.004283,0.004132,44.1865,-0.52053,-0.441865,-0.3632,0.3632,0.441865,0.52053,-115.8506,-86.7409,-61.5569,61.5569,86.7409,115.8506
JPSS1_20251119T123601_vs_HYPERNETS_20251119T124500_RHOW_R_poly.csv,THFR_poly,Hyp,JPSS1,3.6641600000000003,43.43485999999999,3.6681910000000006,43.439251,0.59,2.25,2025-11-19T11:45:00Z,2025-11-19T11:36:01Z,9,30,1,NA,NA,NA,NA,NA,NA,NA,NA,NA,NA,NA,NA,NA,NA,NA,NA,NA,NA,NA,NA,NA,NA,NA,NA,NA,NA
JPSS1_20251119T123601_vs_HYPERNETS_20251119T130000_RHOW_R_poly.csv,THFR_poly,Hyp,JPSS1,3.6641600000000003,43.43485999999999,3.6681910000000006,43.439251,0.59,2.25,2025-11-19T12:00:00Z,2025-11-19T11:36:01Z,24,30,1,NA,NA,NA,NA,NA,NA,NA,NA,NA,NA,NA,NA,NA,NA,NA,NA,NA,NA,NA,NA,NA,NA,NA,NA,NA,NA
JPSS1_20251205T123600_vs_HYPERNETS_20251205T121500_RHOW_R_poly.csv,THFR_poly,Hyp,JPSS1,3.6641600000000003,43.43485999999999,3.6671600000000004,43.440363,0.66,2.25,2025-12-05T11:15:00Z,2025-12-05T11:36:00Z,21,30,1,NA,NA,NA,NA,NA,NA,NA,NA,NA,NA,NA,NA,NA,NA,NA,NA,NA,NA,NA,NA,NA,NA,NA,NA,NA,NA
JPSS1_20251205T123600_vs_HYPERNETS_20251205T124500_RHOW_R_poly.csv,THFR_poly,Hyp,JPSS1,3.6641600000000003,43.43485999999999,3.6671600000000004,43.440363,0.66,2.25,2025-12-05T11:45:00Z,2025-12-05T11:36:00Z,9,30,1,NA,NA,NA,NA,NA,NA,NA,NA,NA,NA,NA,NA,NA,NA,NA,NA,NA,NA,NA,NA,NA,NA,NA,NA,NA,NA
JPSS1_20251205T123600_vs_HYPERNETS_20251205T130000_RHOW_R_poly.csv,THFR_poly,Hyp,JPSS1,3.6641600000000003,43.43485999999999,3.6671600000000004,43.440363,0.66,2.25,2025-12-05T12:00:00Z,2025-12-05T11:36:00Z,24,30,1,NA,NA,NA,NA,NA,NA,NA,NA,NA,NA,NA,NA,NA,NA,NA,NA,NA,NA,NA,NA,NA,NA,NA,NA,NA,NA
JPSS1_20251227T122401_vs_HYPERNETS_20251227T120000_RHOW_R_poly.csv,THFR_poly,Hyp,JPSS1,3.6641600000000003,43.43485999999999,3.663863,43.43853000000001,0.41,2.25,2025-12-27T11:00:00Z,2025-12-27T11:24:01Z,24,30,2,0.7172,9.1716,NA,0.7172,NA,NA,-0.008907,NA,NA,NA,NA,0.013031,0.013022,90.3107,-0.938864,-0.903107,-0.867349,0.867349,0.903107,0.938864,-2355.0628,-1429.6339,-853.0427,853.0427,1429.6339,2355.0628
JPSS1_20251227T122401_vs_HYPERNETS_20251227T121500_RHOW_R_poly.csv,THFR_poly,Hyp,JPSS1,3.6641600000000003,43.43485999999999,3.663863,43.43853000000001,0.41,2.25,2025-12-27T11:15:00Z,2025-12-27T11:24:01Z,9,30,2,0.7066,9.0888,NA,0.7066,NA,NA,-0.008814,NA,NA,NA,NA,0.013119,0.013109,90.3748,-0.939246,-0.903748,-0.86825,0.86825,0.903748,0.939246,-2368.1898,-1438.6235,-859.1492,859.1492,1438.6235,2368.1898
JPSS2_20250116T124200_vs_HYPERNETS_20250116T123000_RHOW_R_poly.csv,THFR_poly,Hyp,JPSS2,3.6641600000000003,43.43485999999999,3.6662549999999996,43.440777,0.68,2.25,2025-01-16T11:30:00Z,2025-01-16T11:42:00Z,12,30,0,NA,NA,NA,NA,NA,NA,NA,NA,NA,NA,NA,NA,NA,NA,NA,NA,NA,NA,NA,NA,NA,NA,NA,NA,NA,NA
JPSS2_20250116T124200_vs_HYPERNETS_20250116T124500_RHOW_R_poly.csv,THFR_poly,Hyp,JPSS2,3.6641600000000003,43.43485999999999,3.6662549999999996,43.440777,0.68,2.25,2025-01-16T11:45:00Z,2025-01-16T11:42:00Z,3,30,0,NA,NA,NA,NA,NA,NA,NA,NA,NA,NA,NA,NA,NA,NA,NA,NA,NA,NA,NA,NA,NA,NA,NA,NA,NA,NA
JPSS2_20250116T124200_vs_HYPERNETS_20250116T130000_RHOW_R_poly.csv,THFR_poly,Hyp,JPSS2,3.6641600000000003,43.43485999999999,3.6662549999999996,43.440777,0.68,2.25,2025-01-16T12:00:00Z,2025-01-16T11:42:00Z,18,30,3,0.8096,1.1282,0.0725,0.9388,12.1535,-0.047147,-9.34e-4,0.002635,NA,FALSE,FALSE,0.001636,0.001186,33.695,-0.477697,-0.44129,-0.248373,0.248373,0.44129,0.477697,-91.9265,-78.9837,-37.6561,37.6561,78.9837,91.9265
JPSS2_20250117T122400_vs_HYPERNETS_20250117T120000_RHOW_R_poly.csv,THFR_poly,Hyp,JPSS2,3.6641600000000003,43.43485999999999,3.660483,43.442402,0.89,2.25,2025-01-17T11:00:00Z,2025-01-17T11:24:00Z,24,30,3,0.9258,1.5439,0.0856,1.0573,13.0614,-0.048157,-0.001302,0.002491,NA,FALSE,FALSE,0.001525,0.001081,40.5434,-0.607694,-0.501761,-0.250423,0.251337,0.501761,0.607694,-164.7376,-100.7067,-41.6063,41.7357,100.7067,164.7376
JPSS2_20250117T122400_vs_HYPERNETS_20250117T121500_RHOW_R_poly.csv,THFR_poly,Hyp,JPSS2,3.6641600000000003,43.43485999999999,3.660483,43.442402,0.89,2.25,2025-01-17T11:15:00Z,2025-01-17T11:24:00Z,9,30,3,0.934,1.4917,0.088,1.0578,12.7109,-0.045784,-0.00122,0.002489,NA,FALSE,FALSE,0.001447,0.001032,39.6299,-0.590071,-0.489605,-0.240426,0.249179,0.489605,0.590071,-151.6187,-95.9267,-39.3652,40.5851,95.9267,151.6187
JPSS2_20250117T122400_vs_HYPERNETS_20250117T123000_RHOW_R_poly.csv,THFR_poly,Hyp,JPSS2,3.6641600000000003,43.43485999999999,3.660483,43.442402,0.89,2.25,2025-01-17T11:30:00Z,2025-01-17T11:24:00Z,6,30,3,0.945,1.552,0.0893,1.0693,12.8014,-0.046573,-0.001301,0.002481,NA,FALSE,FALSE,0.001466,0.001053,40.2855,-0.601691,-0.491359,-0.243087,0.248271,0.491359,0.601691,-161.2852,-96.6022,-39.8529,40.5778,96.6022,161.2852
JPSS2_20250117T122400_vs_HYPERNETS_20250117T124500_RHOW_R_poly.csv,THFR_poly,Hyp,JPSS2,3.6641600000000003,43.43485999999999,3.660483,43.442402,0.89,2.25,2025-01-17T11:45:00Z,2025-01-17T11:24:00Z,21,30,3,0.9657,1.5185,0.0922,1.0882,12.8414,-0.045257,-0.001249,0.00248,NA,FALSE,FALSE,0.001374,0.001024,39.8699,-0.58378,-0.475071,-0.223266,0.251805,0.475071,0.58378,-148.8965,-90.502,-36.0942,39.9781,90.502,148.8965
JPSS2_20250129T120001_vs_HYPERNETS_20250129T120000_RHOW_R_poly.csv,THFR_poly,Hyp,JPSS2,3.6641600000000003,43.43485999999999,3.662423,43.441132,0.71,2.25,2025-01-29T11:00:00Z,2025-01-29T11:00:01Z,0,30,1,NA,NA,NA,NA,NA,NA,NA,NA,NA,NA,NA,NA,NA,NA,NA,NA,NA,NA,NA,NA,NA,NA,NA,NA,NA,NA
JPSS2_20250129T120001_vs_HYPERNETS_20250129T121500_RHOW_R_poly.csv,THFR_poly,Hyp,JPSS2,3.6641600000000003,43.43485999999999,3.662423,43.441132,0.71,2.25,2025-01-29T11:15:00Z,2025-01-29T11:00:01Z,15,30,1,NA,NA,NA,NA,NA,NA,NA,NA,NA,NA,NA,NA,NA,NA,NA,NA,NA,NA,NA,NA,NA,NA,NA,NA,NA,NA
JPSS2_20250131T130000_vs_HYPERNETS_20250131T124500_RHOW_R_poly.csv,THFR_poly,Hyp,JPSS2,3.6641600000000003,43.43485999999999,3.6606810000000003,43.440898999999995,0.73,2.25,2025-01-31T11:45:00Z,2025-01-31T12:00:00Z,15,30,3,0.6877,1.4669,0.0557,0.8684,13.531,-0.057532,-0.001493,0.002103,NA,FALSE,FALSE,0.002537,0.002076,56.1557,-0.744273,-0.713252,-0.454688,0.454688,0.713252,0.744273,-293.9521,-248.738,-108.2836,108.2836,248.738,293.9521
JPSS2_20250131T130000_vs_HYPERNETS_20250131T130000_RHOW_R_poly.csv,THFR_poly,Hyp,JPSS2,3.6641600000000003,43.43485999999999,3.6606810000000003,43.440898999999995,0.73,2.25,2025-01-31T12:00:00Z,2025-01-31T12:00:00Z,0,30,3,0.6622,1.5063,0.053,0.8537,13.7453,-0.060677,-0.001565,0.002107,NA,FALSE,FALSE,0.002711,0.002235,57.6648,-0.759453,-0.725794,-0.468416,0.468416,0.725794,0.759453,-319.8491,-264.6889,-114.9976,114.9976,264.6889,319.8491
JPSS2_20250131T130000_vs_HYPERNETS_20250131T131500_RHOW_R_poly.csv,THFR_poly,Hyp,JPSS2,3.6641600000000003,43.43485999999999,3.6606810000000003,43.440898999999995,0.73,2.25,2025-01-31T12:15:00Z,2025-01-31T12:00:00Z,15,30,3,0.6605,1.5011,0.0527,0.8581,13.9745,-0.06138,-0.001563,0.00211,NA,FALSE,FALSE,0.002698,0.002211,57.3519,-0.758504,-0.725624,-0.464586,0.464586,0.725624,0.758504,-317.9781,-264.4628,-113.9179,113.9179,264.4628,317.9781
JPSS2_20250131T130000_vs_HYPERNETS_20250131T133000_RHOW_R_poly.csv,THFR_poly,Hyp,JPSS2,3.6641600000000003,43.43485999999999,3.6606810000000003,43.440898999999995,0.73,2.25,2025-01-31T12:30:00Z,2025-01-31T12:00:00Z,30,30,3,0.6537,1.5101,0.052,0.8544,14.0323,-0.062199,-0.00158,0.002111,NA,FALSE,FALSE,0.002742,0.00225,57.7014,-0.762048,-0.728671,-0.467809,0.467809,0.728671,0.762048,-324.4489,-268.5559,-115.5761,115.5761,268.5559,324.4489
JPSS2_20250203T120600_vs_HYPERNETS_20250203T114500_RHOW_R_poly.csv,THFR_poly,Hyp,JPSS2,3.6641600000000003,43.43485999999999,3.6666119999999998,43.43893800000001,0.5,2.25,2025-02-03T10:45:00Z,2025-02-03T11:06:00Z,21,30,1,NA,NA,NA,NA,NA,NA,NA,NA,NA,NA,NA,NA,NA,NA,NA,NA,NA,NA,NA,NA,NA,NA,NA,NA,NA,NA
JPSS2_20250206T124800_vs_HYPERNETS_20250206T123000_RHOW_R_poly.csv,THFR_poly,Hyp,JPSS2,3.6641600000000003,43.43485999999999,3.6645210000000006,43.440830999999996,0.67,2.25,2025-02-06T11:30:00Z,2025-02-06T11:48:00Z,18,30,3,0.7762,1.3285,0.0718,0.8862,10.9375,-0.041741,-0.001032,0.002266,NA,FALSE,FALSE,0.001833,0.001493,45.4795,-0.609554,-0.57133,-0.358303,0.358303,0.57133,0.609554,-157.3539,-133.2799,-65.206,65.206,133.2799,157.3539
JPSS2_20250206T124800_vs_HYPERNETS_20250206T124500_RHOW_R_poly.csv,THFR_poly,Hyp,JPSS2,3.6641600000000003,43.43485999999999,3.6645210000000006,43.440830999999996,0.67,2.25,2025-02-06T11:45:00Z,2025-02-06T11:48:00Z,3,30,3,0.8017,1.3049,0.0739,0.9166,11.3667,-0.041578,-0.001002,0.00227,NA,FALSE,FALSE,0.001683,0.001326,42.8726,-0.588148,-0.554377,-0.33213,0.33213,0.554377,0.588148,-143.626,-124.4051,-58.7788,58.7788,124.4051,143.626
JPSS2_20250206T124800_vs_HYPERNETS_20250206T130000_RHOW_R_poly.csv,THFR_poly,Hyp,JPSS2,3.6641600000000003,43.43485999999999,3.6645210000000006,43.440830999999996,0.67,2.25,2025-02-06T12:00:00Z,2025-02-06T11:48:00Z,12,30,3,0.8115,1.3057,0.0757,0.923,11.2527,-0.04077,-9.97e-4,0.002266,NA,FALSE,FALSE,0.001642,0.001293,42.4407,-0.583454,-0.548402,-0.327357,0.327357,0.548402,0.583454,-140.9243,-121.4357,-57.4095,57.4095,121.4357,140.9243
JPSS2_20250206T124800_vs_HYPERNETS_20250206T131500_RHOW_R_poly.csv,THFR_poly,Hyp,JPSS2,3.6641600000000003,43.43485999999999,3.6645210000000006,43.440830999999996,0.67,2.25,2025-02-06T12:15:00Z,2025-02-06T11:48:00Z,27,30,3,0.8279,1.3364,0.0773,0.9412,11.4543,-0.04119,-0.001037,0.002262,NA,FALSE,FALSE,0.001607,0.001262,42.2976,-0.586426,-0.543325,-0.3197,0.3197,0.543325,0.586426,-143.1183,-118.9741,-55.6433,55.6433,118.9741,143.1183
JPSS2_20250530T123000_vs_HYPERNETS_20250530T120000_RHOW_R_poly.csv,THFR_poly,Hyp,JPSS2,3.6641600000000003,43.43485999999999,3.665346,43.440559,0.64,2.25,2025-05-30T10:00:00Z,2025-05-30T10:30:00Z,30,30,5,1.0545,0.5301,0.5228,1.6356,5.1171,-0.025708,-0.003474,0.003632,NA,FALSE,FALSE,0.003181,0.002649,61.5143,0.0059,0.172154,0.334668,0.172154,0.334668,0.937233,0.59,17.2154,33.4668,17.2154,33.4668,162.576
JPSS2_20250530T123000_vs_HYPERNETS_20250530T121500_RHOW_R_poly.csv,THFR_poly,Hyp,JPSS2,3.6641600000000003,43.43485999999999,3.665346,43.440559,0.64,2.25,2025-05-30T10:15:00Z,2025-05-30T10:30:00Z,15,30,5,1.1258,0.6355,0.5479,1.6615,5.0384,-0.024281,-0.003335,0.003572,NA,FALSE,FALSE,0.003117,0.002688,63.1248,0.042508,0.19584,0.357703,0.19584,0.357703,0.932834,4.2508,19.584,35.7703,19.584,35.7703,162.7357
JPSS2_20250530T123000_vs_HYPERNETS_20250530T123000_RHOW_R_poly.csv,THFR_poly,Hyp,JPSS2,3.6641600000000003,43.43485999999999,3.665346,43.440559,0.64,2.25,2025-05-30T10:30:00Z,2025-05-30T10:30:00Z,0,30,5,1.0614,0.5048,0.5305,1.6772,5.3026,-0.026223,-0.003528,0.00365,NA,FALSE,FALSE,0.003246,0.002745,64.7044,0.014692,0.189457,0.380154,0.189457,0.380154,0.936364,1.4692,18.9457,38.0154,18.9457,38.0154,171.4552
JPSS2_20250530T123000_vs_HYPERNETS_20250530T124500_RHOW_R_poly.csv,THFR_poly,Hyp,JPSS2,3.6641600000000003,43.43485999999999,3.665346,43.440559,0.64,2.25,2025-05-30T10:45:00Z,2025-05-30T10:30:00Z,15,30,5,1.1562,0.5529,0.5671,1.7454,5.3718,-0.024217,-0.003162,0.003678,NA,FALSE,FALSE,0.003296,0.002979,74.7971,0.112762,0.26946,0.451501,0.26946,0.451501,0.929214,11.2762,26.946,45.1501,26.946,45.1501,197.6919
JPSS2_20250530T123000_vs_HYPERNETS_20250530T130000_RHOW_R_poly.csv,THFR_poly,Hyp,JPSS2,3.6641600000000003,43.43485999999999,3.665346,43.440559,0.64,2.25,2025-05-30T11:00:00Z,2025-05-30T10:30:00Z,30,30,5,1.1932,0.5797,0.581,1.7639,5.3547,-0.023367,-0.003023,0.003679,NA,FALSE,FALSE,0.003311,0.003046,77.9046,0.145662,0.308863,0.462683,0.308863,0.462683,0.926426,14.5662,30.8863,46.2683,30.8863,46.2683,205.1595
JPSS2_20250610T122401_vs_HYPERNETS_20250610T120000_RHOW_R_poly.csv,THFR_poly,Hyp,JPSS2,3.6641600000000003,43.43485999999999,3.665043,43.439751,0.55,2.25,2025-06-10T10:00:00Z,2025-06-10T10:24:01Z,24,30,3,0.6294,5.6194,0.3463,0.6302,1.1466,-0.010787,-0.004981,-0.00179,NA,FALSE,TRUE,0.009191,0.009139,83.8673,-0.903175,-0.826611,-0.768139,0.768139,0.826611,0.903175,-1587.1958,-476.7387,-345.6988,345.6988,476.7387,1587.1958
JPSS2_20250610T122401_vs_HYPERNETS_20250610T121500_RHOW_R_poly.csv,THFR_poly,Hyp,JPSS2,3.6641600000000003,43.43485999999999,3.665043,43.439751,0.55,2.25,2025-06-10T10:15:00Z,2025-06-10T10:24:01Z,9,30,3,0.6294,5.301,0.3266,0.6304,1.2165,-0.010828,-0.004598,-0.001369,NA,FALSE,TRUE,0.008583,0.008527,83.0532,-0.897481,-0.816915,-0.756774,0.756774,0.816915,0.897481,-1477.3614,-446.1949,-324.3168,324.3168,446.1949,1477.3614
JPSS2_20250610T122401_vs_HYPERNETS_20250610T123000_RHOW_R_poly.csv,THFR_poly,Hyp,JPSS2,3.6641600000000003,43.43485999999999,3.665043,43.439751,0.55,2.25,2025-06-10T10:30:00Z,2025-06-10T10:24:01Z,6,30,3,0.6577,5.6,0.2953,0.6593,1.4718,-0.013671,-0.004963,-0.001062,NA,FALSE,TRUE,0.008658,0.008614,83.0945,-0.898987,-0.819349,-0.757105,0.757105,0.819349,0.898987,-1509.2444,-453.5528,-325.9226,325.9226,453.5528,1509.2444
JPSS2_20250610T122401_vs_HYPERNETS_20250610T124500_RHOW_R_poly.csv,THFR_poly,Hyp,JPSS2,3.6641600000000003,43.43485999999999,3.665043,43.439751,0.55,2.25,2025-06-10T10:45:00Z,2025-06-10T10:24:01Z,21,30,3,0.6803,5.6088,0.3026,0.682,1.5372,-0.013846,-0.004974,-0.001037,NA,FALSE,TRUE,0.00831,0.008273,82.5353,-0.895696,-0.813464,-0.749065,0.749065,0.813464,0.895696,-1458.5107,-436.0882,-312.3181,312.3181,436.0882,1458.5107
JPSS2_20250616T121201_vs_HYPERNETS_20250616T114500_RHOW_R_poly.csv,THFR_poly,Hyp,JPSS2,3.6641600000000003,43.43485999999999,3.664559,43.438816,0.44,2.25,2025-06-16T09:45:00Z,2025-06-16T10:12:01Z,27,30,4,0.7053,0.6763,0.2471,0.8073,2.6372,-0.016119,-6.41e-4,0.004097,NA,FALSE,FALSE,0.002863,0.00255,30.3251,-0.377524,-0.251295,-0.092227,0.177021,0.251295,0.377524,-62.7825,-34.1823,-11.5404,20.6281,34.1823,62.7825
JPSS2_20250616T121201_vs_HYPERNETS_20250616T120000_RHOW_R_poly.csv,THFR_poly,Hyp,JPSS2,3.6641600000000003,43.43485999999999,3.664559,43.438816,0.44,2.25,2025-06-16T10:00:00Z,2025-06-16T10:12:01Z,12,30,4,0.6979,0.6201,0.2415,0.8051,2.6834,-0.015682,-3.74e-4,0.004219,NA,FALSE,FALSE,0.002655,0.002424,32.5667,-0.360631,-0.231045,-0.037946,0.268558,0.311171,0.36828,-58.3737,-30.6701,-6.0263,28.211,37.7258,58.3737
JPSS2_20250616T121201_vs_HYPERNETS_20250616T121500_RHOW_R_poly.csv,THFR_poly,Hyp,JPSS2,3.6641600000000003,43.43485999999999,3.664559,43.438816,0.44,2.25,2025-06-16T10:15:00Z,2025-06-16T10:12:01Z,3,30,4,0.7135,0.621,0.2479,0.8211,2.7198,-0.015479,-3.54e-4,0.004213,NA,FALSE,FALSE,0.002485,0.002275,32.1937,-0.345653,-0.214354,-0.016852,0.252368,0.318977,0.388546,-54.7063,-27.884,-3.778,29.8161,37.8045,54.7063
JPSS2_20250616T121201_vs_HYPERNETS_20250616T123000_RHOW_R_poly.csv,THFR_poly,Hyp,JPSS2,3.6641600000000003,43.43485999999999,3.664559,43.438816,0.44,2.25,2025-06-16T10:30:00Z,2025-06-16T10:12:01Z,18,30,4,0.7087,0.6161,0.2393,0.8324,2.8956,-0.017161,-5.25e-4,0.004258,NA,FALSE,FALSE,0.002604,0.002341,32.0419,-0.357877,-0.216404,-0.019335,0.258512,0.309922,0.37183,-57.8915,-28.3603,-3.777,27.536,37.3418,57.8915
JPSS2_20250619T125400_vs_HYPERNETS_20250619T123000_RHOW_R_poly.csv,THFR_poly,Hyp,JPSS2,3.6641600000000003,43.43485999999999,3.6640110000000004,43.440742,0.65,2.25,2025-06-19T10:30:00Z,2025-06-19T10:54:00Z,24,30,1,NA,NA,NA,NA,NA,NA,NA,NA,NA,NA,NA,NA,NA,NA,NA,NA,NA,NA,NA,NA,NA,NA,NA,NA,NA,NA
JPSS2_20250619T125400_vs_HYPERNETS_20250619T124500_RHOW_R_poly.csv,THFR_poly,Hyp,JPSS2,3.6641600000000003,43.43485999999999,3.6640110000000004,43.440742,0.65,2.25,2025-06-19T10:45:00Z,2025-06-19T10:54:00Z,9,30,1,NA,NA,NA,NA,NA,NA,NA,NA,NA,NA,NA,NA,NA,NA,NA,NA,NA,NA,NA,NA,NA,NA,NA,NA,NA,NA
JPSS2_20250619T125400_vs_HYPERNETS_20250619T130000_RHOW_R_poly.csv,THFR_poly,Hyp,JPSS2,3.6641600000000003,43.43485999999999,3.6640110000000004,43.440742,0.65,2.25,2025-06-19T11:00:00Z,2025-06-19T10:54:00Z,6,30,1,NA,NA,NA,NA,NA,NA,NA,NA,NA,NA,NA,NA,NA,NA,NA,NA,NA,NA,NA,NA,NA,NA,NA,NA,NA,NA
JPSS2_20250619T125400_vs_HYPERNETS_20250619T131500_RHOW_R_poly.csv,THFR_poly,Hyp,JPSS2,3.6641600000000003,43.43485999999999,3.6640110000000004,43.440742,0.65,2.25,2025-06-19T11:15:00Z,2025-06-19T10:54:00Z,21,30,1,NA,NA,NA,NA,NA,NA,NA,NA,NA,NA,NA,NA,NA,NA,NA,NA,NA,NA,NA,NA,NA,NA,NA,NA,NA,NA
JPSS2_20250629T130600_vs_HYPERNETS_20250629T124500_RHOW_R_poly.csv,THFR_poly,Hyp,JPSS2,3.6641600000000003,43.43485999999999,3.665632,43.440284999999996,0.62,2.25,2025-06-29T10:45:00Z,2025-06-29T11:06:00Z,21,30,4,1.2007,1.9029,0.5033,1.2843,3.2769,-0.020327,-0.005398,4.53e-4,NA,FALSE,FALSE,0.003671,0.003268,54.7759,-0.721643,-0.610029,-0.436144,0.436144,0.610029,0.721643,-291.7928,-159.2358,-87.0287,87.0287,159.2358,291.7928
JPSS2_20250629T130600_vs_HYPERNETS_20250629T130000_RHOW_R_poly.csv,THFR_poly,Hyp,JPSS2,3.6641600000000003,43.43485999999999,3.665632,43.440284999999996,0.62,2.25,2025-06-29T11:00:00Z,2025-06-29T11:06:00Z,6,30,4,1.1928,1.8234,0.4931,1.2803,3.3241,-0.020344,-0.005238,5.79e-4,NA,FALSE,FALSE,0.003593,0.003167,54.0081,-0.709233,-0.598499,-0.429347,0.429347,0.598499,0.709233,-277.4564,-151.2153,-84.595,84.595,151.2153,277.4564
JPSS2_20250629T130600_vs_HYPERNETS_20250629T131500_RHOW_R_poly.csv,THFR_poly,Hyp,JPSS2,3.6641600000000003,43.43485999999999,3.665632,43.440284999999996,0.62,2.25,2025-06-29T11:15:00Z,2025-06-29T11:06:00Z,9,30,4,1.2232,1.8214,0.5069,1.3122,3.397,-0.020159,-0.005195,5.86e-4,NA,FALSE,FALSE,0.003421,0.002954,52.6767,-0.699665,-0.586929,-0.41403,0.41403,0.586929,0.699665,-265.2177,-144.0787,-79.8269,79.8269,144.0787,265.2177
JPSS2_20250629T130600_vs_HYPERNETS_20250629T133000_RHOW_R_poly.csv,THFR_poly,Hyp,JPSS2,3.6641600000000003,43.43485999999999,3.665632,43.440284999999996,0.62,2.25,2025-06-29T11:30:00Z,2025-06-29T11:06:00Z,24,30,4,1.2701,1.8089,0.5223,1.3652,3.5684,-0.020358,-0.00518,6.26e-4,NA,FALSE,FALSE,0.003214,0.002665,50.6628,-0.685082,-0.56974,-0.391287,0.391287,0.56974,0.685082,-248.5586,-134.1433,-73.2978,73.2978,134.1433,248.5586
JPSS2_20250630T124800_vs_HYPERNETS_20250630T123000_RHOW_R_poly.csv,THFR_poly,Hyp,JPSS2,3.6641600000000003,43.43485999999999,3.6641600000000003,43.441536,0.74,2.25,2025-06-30T10:30:00Z,2025-06-30T10:48:00Z,18,30,5,1.3731,0.9793,1.0894,1.3853,1.7615,-0.00205,4.97e-4,0.0025,NA,TRUE,FALSE,0.003389,0.003105,47.0502,0.405535,0.423006,0.453725,0.405535,0.423006,0.453725,40.5535,42.3006,45.3725,40.5535,42.3006,45.3725
JPSS2_20250630T124800_vs_HYPERNETS_20250630T124500_RHOW_R_poly.csv,THFR_poly,Hyp,JPSS2,3.6641600000000003,43.43485999999999,3.6641600000000003,43.441536,0.74,2.25,2025-06-30T10:45:00Z,2025-06-30T10:48:00Z,3,30,5,1.4042,0.8468,1.0875,1.4196,1.8531,-7.69e-4,0.00172,0.003627,NA,TRUE,FALSE,0.004377,0.00413,80.9298,0.652108,0.803886,0.994595,0.652108,0.803886,0.994595,65.2108,80.3886,99.4595,65.2108,80.3886,99.4595
JPSS2_20250630T124800_vs_HYPERNETS_20250630T130000_RHOW_R_poly.csv,THFR_poly,Hyp,JPSS2,3.6641600000000003,43.43485999999999,3.6641600000000003,43.441536,0.74,2.25,2025-06-30T11:00:00Z,2025-06-30T10:48:00Z,12,30,5,1.4056,0.9422,1.1147,1.418,1.8039,-0.001646,8.18e-4,0.002755,NA,TRUE,FALSE,0.003768,0.003488,57.3574,0.503848,0.508717,0.60655,0.503848,0.508717,0.60655,50.3848,50.8717,60.655,50.3848,50.8717,60.655
JPSS2_20250630T124800_vs_HYPERNETS_20250630T131500_RHOW_R_poly.csv,THFR_poly,Hyp,JPSS2,3.6641600000000003,43.43485999999999,3.6641600000000003,43.441536,0.74,2.25,2025-06-30T11:15:00Z,2025-06-30T10:48:00Z,27,30,5,1.4226,0.9198,1.1232,1.4357,1.8352,-0.001488,9.84e-4,0.002919,NA,TRUE,FALSE,0.003963,0.003682,63.3195,0.537105,0.574007,0.702086,0.537105,0.574007,0.702086,53.7105,57.4007,70.2086,53.7105,57.4007,70.2086
JPSS2_20250710T130001_vs_HYPERNETS_20250710T124500_RHOW_R_poly.csv,THFR_poly,Hyp,JPSS2,3.6641600000000003,43.43485999999999,3.6620519999999996,43.440903,0.69,2.25,2025-07-10T10:45:00Z,2025-07-10T11:00:01Z,15,30,4,1.4038,1.0773,0.6249,1.4819,3.5141,-0.017514,-0.002928,0.003223,NA,FALSE,FALSE,0.002042,0.001651,23.6279,-0.11353,0.118851,0.274083,0.210759,0.277981,0.303501,-14.4584,10.857,27.4065,20.6383,27.7957,34.8237
JPSS2_20250710T130001_vs_HYPERNETS_20250710T130000_RHOW_R_poly.csv,THFR_poly,Hyp,JPSS2,3.6641600000000003,43.43485999999999,3.6620519999999996,43.440903,0.69,2.25,2025-07-10T11:00:00Z,2025-07-10T11:00:01Z,0,30,4,1.4875,1.0564,0.6295,1.5875,4.0031,-0.019607,-0.003124,0.003412,NA,FALSE,FALSE,0.002353,0.001797,26.7053,-0.081114,0.180006,0.359786,0.253609,0.346341,0.359786,-10.4715,16.6822,35.9769,25.7816,36.3643,40.4313
JPSS2_20250710T130001_vs_HYPERNETS_20250710T131500_RHOW_R_poly.csv,THFR_poly,Hyp,JPSS2,3.6641600000000003,43.43485999999999,3.6620519999999996,43.440903,0.69,2.25,2025-07-10T11:15:00Z,2025-07-10T11:00:01Z,15,30,4,1.5699,1.1603,0.9996,1.5898,2.5287,-0.007358,-0.001764,0.001753,NA,FALSE,FALSE,0.002537,0.001931,28.902,0.159926,0.314038,0.397389,0.205669,0.314038,0.397389,14.9814,31.2156,39.7209,20.6318,31.2156,39.7209
JPSS2_20250710T130001_vs_HYPERNETS_20250710T133000_RHOW_R_poly.csv,THFR_poly,Hyp,JPSS2,3.6641600000000003,43.43485999999999,3.6620519999999996,43.440903,0.69,2.25,2025-07-10T11:30:00Z,2025-07-10T11:00:01Z,30,30,4,1.5572,1.0289,0.6846,1.648,3.9671,-0.017148,-0.002617,0.003419,NA,FALSE,FALSE,0.002636,0.002032,32.7108,0.001292,0.273335,0.475697,0.206187,0.354776,0.475697,-1.0435,25.9184,47.5526,26.2187,39.3623,47.5526
JPSS2_20250711T124201_vs_HYPERNETS_20250711T121500_RHOW_R_poly.csv,THFR_poly,Hyp,JPSS2,3.6641600000000003,43.43485999999999,3.662636,43.440372000000004,0.63,2.25,2025-07-11T10:15:00Z,2025-07-11T10:42:01Z,27,30,5,1.6035,1.1055,0.8286,1.8215,4.0042,-0.018785,-0.004456,0.002062,NA,FALSE,FALSE,0.002876,0.0023,38.1167,0.027917,0.136459,0.47537,0.136459,0.47537,0.603355,2.7917,13.6459,47.537,13.6459,47.537,60.3355
JPSS2_20250711T124201_vs_HYPERNETS_20250711T123000_RHOW_R_poly.csv,THFR_poly,Hyp,JPSS2,3.6641600000000003,43.43485999999999,3.662636,43.440372000000004,0.63,2.25,2025-07-11T10:30:00Z,2025-07-11T10:42:01Z,12,30,5,1.659,1.1403,0.8775,1.8535,3.9149,-0.017082,-0.004137,0.001991,NA,FALSE,FALSE,0.002945,0.002451,41.8065,0.096,0.190351,0.512434,0.190351,0.512434,0.639155,9.6,19.0351,51.2434,19.0351,51.2434,65.2384
JPSS2_20250711T124201_vs_HYPERNETS_20250711T124500_RHOW_R_poly.csv,THFR_poly,Hyp,JPSS2,3.6641600000000003,43.43485999999999,3.662636,43.440372000000004,0.63,2.25,2025-07-11T10:45:00Z,2025-07-11T10:42:01Z,3,30,5,1.6587,1.1235,0.867,1.8681,4.0251,-0.017973,-0.004321,0.002015,NA,FALSE,FALSE,0.002965,0.002451,41.4417,0.077324,0.188304,0.512386,0.188304,0.512386,0.645905,7.7324,18.8304,51.2386,18.8304,51.2386,64.5905
JPSS2_20250711T124201_vs_HYPERNETS_20250711T130000_RHOW_R_poly.csv,THFR_poly,Hyp,JPSS2,3.6641600000000003,43.43485999999999,3.662636,43.440372000000004,0.63,2.25,2025-07-11T11:00:00Z,2025-07-11T10:42:01Z,18,30,5,1.6452,1.2224,0.8816,1.8236,3.7723,-0.017247,-0.004462,0.001718,NA,FALSE,FALSE,0.002785,0.002262,36.3752,0.048838,0.158897,0.453296,0.158897,0.453296,0.502083,4.8838,15.8897,45.3296,15.8897,45.3296,50.2083
JPSS2_20250713T120601_vs_HYPERNETS_20250713T114500_RHOW_C_poly.csv,THFR_poly,Hyp,JPSS2,3.6641600000000003,43.43485999999999,3.662221,43.439514,0.54,2.25,2025-07-13T09:45:00Z,2025-07-13T10:06:01Z,21,30,5,1.229,1.1504,0.5974,1.5066,3.7994,-0.016802,-0.003361,0.001968,NA,FALSE,FALSE,0.00207,0.001526,33.5498,-0.113836,-0.00735,0.149814,0.113836,0.149814,0.517513,-12.846,-0.7404,14.9814,12.846,14.9814,51.7513
JPSS2_20250713T120601_vs_HYPERNETS_20250713T120000_RHOW_C_poly.csv,THFR_poly,Hyp,JPSS2,3.6641600000000003,43.43485999999999,3.662221,43.439514,0.54,2.25,2025-07-13T10:00:00Z,2025-07-13T10:06:01Z,6,30,5,1.2173,1.1661,0.5937,1.4816,3.6978,-0.016306,-0.003255,0.001974,NA,FALSE,FALSE,0.002044,0.001501,33.1709,-0.112995,-0.011865,0.136047,0.112995,0.136047,0.509179,-12.7389,-1.2007,13.6047,12.7389,13.6047,50.9179
JPSS2_20250713T120601_vs_HYPERNETS_20250713T121500_RHOW_C_poly.csv,THFR_poly,Hyp,JPSS2,3.6641600000000003,43.43485999999999,3.662221,43.439514,0.54,2.25,2025-07-13T10:15:00Z,2025-07-13T10:06:01Z,9,30,5,1.2045,1.1199,0.5848,1.4806,3.7487,-0.016687,-0.003281,0.002014,NA,FALSE,FALSE,0.002079,0.001548,34.0668,-0.124826,-0.0179,0.13835,0.124826,0.13835,0.532546,-14.2629,-1.8226,13.835,13.835,14.2629,53.2546
JPSS2_20250713T120601_vs_HYPERNETS_20250713T123000_RHOW_C_poly.csv,THFR_poly,Hyp,JPSS2,3.6641600000000003,43.43485999999999,3.662221,43.439514,0.54,2.25,2025-07-13T10:30:00Z,2025-07-13T10:06:01Z,24,30,5,1.2902,1.2129,0.6349,1.5458,3.764,-0.015286,-0.003054,0.001969,NA,FALSE,FALSE,0.001978,0.001524,35.2805,-0.039157,0.058026,0.193599,0.058026,0.193599,0.594764,-4.0753,5.8026,19.3599,5.8026,19.3599,59.4764
JPSS2_20250715T130600_vs_HYPERNETS_20250715T124500_RHOW_R_poly.csv,THFR_poly,Hyp,JPSS2,3.6641600000000003,43.43485999999999,3.661942,43.439342,0.53,2.25,2025-07-15T10:45:00Z,2025-07-15T11:06:00Z,21,30,5,1.1657,1.4713,0.687,1.2396,2.2367,-0.010126,-0.002449,0.001805,NA,FALSE,FALSE,0.001737,0.001051,19.3221,-0.082477,0.008471,0.035024,0.035024,0.082477,0.111705,-8.9891,0.8471,3.5024,3.5024,8.9891,11.1705
JPSS2_20250715T130600_vs_HYPERNETS_20250715T130000_RHOW_R_poly.csv,THFR_poly,Hyp,JPSS2,3.6641600000000003,43.43485999999999,3.661942,43.439342,0.53,2.25,2025-07-15T11:00:00Z,2025-07-15T11:06:00Z,6,30,5,1.1617,1.4075,0.6924,1.2309,2.1882,-0.009053,-0.001988,0.001985,NA,FALSE,FALSE,0.001611,0.001074,19.4663,-0.001996,0.030165,0.06547,0.030165,0.06547,0.170055,-0.2,3.0165,6.547,3.0165,6.547,17.0055
JPSS2_20250715T130600_vs_HYPERNETS_20250715T131500_RHOW_R_poly.csv,THFR_poly,Hyp,JPSS2,3.6641600000000003,43.43485999999999,3.661942,43.439342,0.53,2.25,2025-07-15T11:15:00Z,2025-07-15T11:06:00Z,9,30,5,1.1697,1.4126,0.6964,1.2399,2.2075,-0.009166,-0.002038,0.001965,NA,FALSE,FALSE,0.001622,0.001095,19.6803,-0.003783,0.034981,0.066399,0.034981,0.066399,0.172476,-0.3798,3.4981,6.6399,3.4981,6.6399,17.2476
JPSS2_20250715T130600_vs_HYPERNETS_20250715T133000_RHOW_R_poly.csv,THFR_poly,Hyp,JPSS2,3.6641600000000003,43.43485999999999,3.661942,43.439342,0.53,2.25,2025-07-15T11:30:00Z,2025-07-15T11:06:00Z,24,30,5,1.216,1.4257,0.7259,1.2879,2.2851,-0.009183,-0.00208,0.001924,NA,FALSE,FALSE,0.001647,0.001266,22.0907,0.022448,0.072203,0.104716,0.072203,0.104716,0.209123,2.2448,7.2203,10.4716,7.2203,10.4716,20.9123
JPSS2_20250716T124800_vs_HYPERNETS_20250716T123000_RHOW_R_poly.csv,THFR_poly,Hyp,JPSS2,3.6641600000000003,43.43485999999999,3.6660679999999997,43.438927,0.48,2.25,2025-07-16T10:30:00Z,2025-07-16T10:48:00Z,18,30,4,0.878,1.028,0.3689,0.9386,2.3884,-0.013272,-0.002029,0.00239,NA,FALSE,FALSE,0.00277,0.002505,33.9277,-0.440432,-0.298036,-0.196881,0.196881,0.298036,0.440432,-81.0271,-43.7519,-24.5292,24.5292,43.7519,81.0271
JPSS2_20250716T124800_vs_HYPERNETS_20250716T124500_RHOW_R_poly.csv,THFR_poly,Hyp,JPSS2,3.6641600000000003,43.43485999999999,3.6660679999999997,43.438927,0.48,2.25,2025-07-16T10:45:00Z,2025-07-16T10:48:00Z,3,30,4,0.8859,1.0305,0.3814,0.9418,2.3254,-0.012488,-0.001933,0.002342,NA,FALSE,FALSE,0.002633,0.002377,32.8258,-0.427969,-0.285319,-0.185609,0.185609,0.285319,0.427969,-76.9906,-41.1515,-22.7997,22.7997,41.1515,76.9906
JPSS2_20250716T124800_vs_HYPERNETS_20250716T130000_RHOW_R_poly.csv,THFR_poly,Hyp,JPSS2,3.6641600000000003,43.43485999999999,3.6660679999999997,43.438927,0.48,2.25,2025-07-16T11:00:00Z,2025-07-16T10:48:00Z,12,30,4,0.8527,1.0655,0.3311,0.9323,2.625,-0.016953,-0.002635,0.00245,NA,FALSE,FALSE,0.003486,0.003208,39.8646,-0.491593,-0.370417,-0.27747,0.27747,0.370417,0.491593,-100.0281,-59.8693,-38.5791,38.5791,59.8693,100.0281
JPSS2_20250716T124800_vs_HYPERNETS_20250716T131500_RHOW_R_poly.csv,THFR_poly,Hyp,JPSS2,3.6641600000000003,43.43485999999999,3.6660679999999997,43.438927,0.48,2.25,2025-07-16T11:15:00Z,2025-07-16T10:48:00Z,27,30,4,0.8999,1.0555,0.392,0.9542,2.3227,-0.012424,-0.00201,0.002268,NA,FALSE,FALSE,0.0026,0.002358,32.9522,-0.423988,-0.290212,-0.195746,0.195746,0.290212,0.423988,-75.833,-41.8895,-24.3686,24.3686,41.8895,75.833
JPSS2_20250722T123600_vs_HYPERNETS_20250722T121500_RHOW_R_poly.csv,THFR_poly,Hyp,JPSS2,3.6641600000000003,43.43485999999999,3.6615830000000003,43.443512000000005,0.99,2.25,2025-07-22T10:15:00Z,2025-07-22T10:36:00Z,21,30,4,1.2762,2.0419,0.4733,1.4198,4.2593,-0.024362,-0.005615,6.34e-4,NA,FALSE,FALSE,0.003442,0.002843,53.5545,-0.680452,-0.564075,-0.419168,0.419168,0.564075,0.680452,-452.732,-129.5268,-83.1504,83.1504,129.5268,452.732
JPSS2_20250722T123600_vs_HYPERNETS_20250722T123000_RHOW_R_poly.csv,THFR_poly,Hyp,JPSS2,3.6641600000000003,43.43485999999999,3.6615830000000003,43.443512000000005,0.99,2.25,2025-07-22T10:30:00Z,2025-07-22T10:36:00Z,6,30,4,1.2627,2.0705,0.4745,1.3971,4.1134,-0.023582,-0.005527,6.05e-4,NA,FALSE,FALSE,0.003452,0.002888,53.9936,-0.681585,-0.566754,-0.425106,0.425106,0.566754,0.681585,-453.8823,-130.9278,-84.9139,84.9139,130.9278,453.8823
JPSS2_20250722T123600_vs_HYPERNETS_20250722T124500_RHOW_R_poly.csv,THFR_poly,Hyp,JPSS2,3.6641600000000003,43.43485999999999,3.6615830000000003,43.443512000000005,0.99,2.25,2025-07-22T10:45:00Z,2025-07-22T10:36:00Z,9,30,4,1.2547,2.1455,0.4815,1.3776,3.9416,-0.022676,-0.00548,5.3e-4,NA,FALSE,FALSE,0.00347,0.002948,54.6232,-0.682912,-0.572621,-0.435941,0.435941,0.572621,0.682912,-455.1727,-134.0408,-88.7305,88.7305,134.0408,455.1727
JPSS2_20250722T123600_vs_HYPERNETS_20250722T130000_RHOW_R_poly.csv,THFR_poly,Hyp,JPSS2,3.6641600000000003,43.43485999999999,3.6615830000000003,43.443512000000005,0.99,2.25,2025-07-22T11:00:00Z,2025-07-22T10:36:00Z,24,30,4,1.2688,2.179,0.5025,1.3784,3.781,-0.020702,-0.005159,5.08e-4,NA,FALSE,FALSE,0.003236,0.00271,53.255,-0.670749,-0.554395,-0.416197,0.416197,0.554395,0.670749,-430.87,-124.4921,-81.5055,81.5055,124.4921,430.87
JPSS2_20250802T123001_vs_HYPERNETS_20250802T121500_RHOW_R_poly.csv,THFR_poly,Hyp,JPSS2,3.6641600000000003,43.43485999999999,3.6691330000000004,43.438709,0.59,2.25,2025-08-02T10:15:00Z,2025-08-02T10:30:01Z,15,30,1,NA,NA,NA,NA,NA,NA,NA,NA,NA,NA,NA,NA,NA,NA,NA,NA,NA,NA,NA,NA,NA,NA,NA,NA,NA,NA
JPSS2_20250802T123001_vs_HYPERNETS_20250802T123000_RHOW_R_poly.csv,THFR_poly,Hyp,JPSS2,3.6641600000000003,43.43485999999999,3.6691330000000004,43.438709,0.59,2.25,2025-08-02T10:30:00Z,2025-08-02T10:30:01Z,0,30,1,NA,NA,NA,NA,NA,NA,NA,NA,NA,NA,NA,NA,NA,NA,NA,NA,NA,NA,NA,NA,NA,NA,NA,NA,NA,NA
JPSS2_20250802T123001_vs_HYPERNETS_20250802T124500_RHOW_R_poly.csv,THFR_poly,Hyp,JPSS2,3.6641600000000003,43.43485999999999,3.6691330000000004,43.438709,0.59,2.25,2025-08-02T10:45:00Z,2025-08-02T10:30:01Z,15,30,1,NA,NA,NA,NA,NA,NA,NA,NA,NA,NA,NA,NA,NA,NA,NA,NA,NA,NA,NA,NA,NA,NA,NA,NA,NA,NA
JPSS2_20250802T123001_vs_HYPERNETS_20250802T130000_RHOW_R_poly.csv,THFR_poly,Hyp,JPSS2,3.6641600000000003,43.43485999999999,3.6691330000000004,43.438709,0.59,2.25,2025-08-02T11:00:00Z,2025-08-02T10:30:01Z,30,30,1,NA,NA,NA,NA,NA,NA,NA,NA,NA,NA,NA,NA,NA,NA,NA,NA,NA,NA,NA,NA,NA,NA,NA,NA,NA,NA
JPSS2_20250807T123600_vs_HYPERNETS_20250807T121500_RHOW_R_poly.csv,THFR_poly,Hyp,JPSS2,3.6641600000000003,43.43485999999999,3.6614419999999996,43.442585,0.89,2.25,2025-08-07T10:15:00Z,2025-08-07T10:36:00Z,21,30,1,NA,NA,NA,NA,NA,NA,NA,NA,NA,NA,NA,NA,NA,NA,NA,NA,NA,NA,NA,NA,NA,NA,NA,NA,NA,NA
JPSS2_20250807T123600_vs_HYPERNETS_20250807T123000_RHOW_R_poly.csv,THFR_poly,Hyp,JPSS2,3.6641600000000003,43.43485999999999,3.6614419999999996,43.442585,0.89,2.25,2025-08-07T10:30:00Z,2025-08-07T10:36:00Z,6,30,1,NA,NA,NA,NA,NA,NA,NA,NA,NA,NA,NA,NA,NA,NA,NA,NA,NA,NA,NA,NA,NA,NA,NA,NA,NA,NA
JPSS2_20250807T123600_vs_HYPERNETS_20250807T124500_RHOW_R_poly.csv,THFR_poly,Hyp,JPSS2,3.6641600000000003,43.43485999999999,3.6614419999999996,43.442585,0.89,2.25,2025-08-07T10:45:00Z,2025-08-07T10:36:00Z,9,30,1,NA,NA,NA,NA,NA,NA,NA,NA,NA,NA,NA,NA,NA,NA,NA,NA,NA,NA,NA,NA,NA,NA,NA,NA,NA,NA
JPSS2_20250807T123600_vs_HYPERNETS_20250807T130000_RHOW_R_poly.csv,THFR_poly,Hyp,JPSS2,3.6641600000000003,43.43485999999999,3.6614419999999996,43.442585,0.89,2.25,2025-08-07T11:00:00Z,2025-08-07T10:36:00Z,24,30,1,NA,NA,NA,NA,NA,NA,NA,NA,NA,NA,NA,NA,NA,NA,NA,NA,NA,NA,NA,NA,NA,NA,NA,NA,NA,NA
JPSS2_20250811T130000_vs_HYPERNETS_20250811T123000_RHOW_R_poly.csv,THFR_poly,Hyp,JPSS2,3.6641600000000003,43.43485999999999,3.662356,43.439934,0.58,2.25,2025-08-11T10:30:00Z,2025-08-11T11:00:00Z,30,30,4,0.9623,0.9998,0.4116,1.0244,2.5498,-0.010725,-0.001414,0.002327,NA,FALSE,FALSE,0.001546,0.001265,21.9209,-0.296754,-0.183574,-0.106029,0.106029,0.183574,0.296754,-43.5212,-22.8285,-11.9165,11.9165,22.8285,43.5212
JPSS2_20250811T130000_vs_HYPERNETS_20250811T124500_RHOW_R_poly.csv,THFR_poly,Hyp,JPSS2,3.6641600000000003,43.43485999999999,3.662356,43.439934,0.58,2.25,2025-08-11T10:45:00Z,2025-08-11T11:00:00Z,15,30,4,0.9703,0.9881,0.4061,1.0383,2.6552,-0.011188,-0.001428,0.002389,NA,FALSE,FALSE,0.00151,0.001196,20.878,-0.29076,-0.170276,-0.088296,0.088296,0.170276,0.29076,-42.3817,-20.9112,-9.7311,9.7311,20.9112,42.3817
JPSS2_20250811T130000_vs_HYPERNETS_20250811T130000_RHOW_R_poly.csv,THFR_poly,Hyp,JPSS2,3.6641600000000003,43.43485999999999,3.662356,43.439934,0.58,2.25,2025-08-11T11:00:00Z,2025-08-11T11:00:00Z,0,30,4,0.994,0.9767,0.4307,1.0551,2.5851,-0.010165,-0.001285,0.00234,NA,FALSE,FALSE,0.001296,9.64e-4,17.4734,-0.259926,-0.130409,-0.045217,0.045217,0.130409,0.259926,-36.3198,-15.4364,-4.7508,4.7508,15.4364,36.3198
JPSS2_20250811T130000_vs_HYPERNETS_20250811T131500_RHOW_R_poly.csv,THFR_poly,Hyp,JPSS2,3.6641600000000003,43.43485999999999,3.662356,43.439934,0.58,2.25,2025-08-11T11:15:00Z,2025-08-11T11:00:00Z,15,30,4,1.0423,1.0056,0.4628,1.1009,2.6188,-0.009857,-0.001338,0.002243,NA,FALSE,FALSE,0.001138,8.41e-4,15.9227,-0.230871,-0.112522,-0.03294,0.040879,0.112522,0.230871,-31.1374,-12.9667,-3.4492,4.2672,12.9667,31.1374
JPSS2_20250811T130000_vs_HYPERNETS_20250811T133000_RHOW_R_poly.csv,THFR_poly,Hyp,JPSS2,3.6641600000000003,43.43485999999999,3.662356,43.439934,0.58,2.25,2025-08-11T11:30:00Z,2025-08-11T11:00:00Z,30,30,4,1.0871,0.9921,0.4997,1.1408,2.6044,-0.008927,-0.001191,0.002198,NA,FALSE,FALSE,9.22e-4,7.42e-4,14.1124,-0.183035,-0.052116,0.034955,0.055364,0.097275,0.183035,-23.2968,-5.8467,3.4806,5.5214,10.6056,23.2968
JPSS2_20250823T123601_vs_HYPERNETS_20250823T121500_RHOW_R_poly.csv,THFR_poly,Hyp,JPSS2,3.6641600000000003,43.43485999999999,3.6671010000000006,43.441212,0.75,2.25,2025-08-23T10:15:00Z,2025-08-23T10:36:01Z,21,30,4,1.0982,0.9211,0.4478,1.1831,3.1262,-0.011892,-0.001356,0.002632,NA,FALSE,FALSE,0.001111,9.98e-4,19.8169,-0.21058,-0.023126,0.121454,0.142884,0.155294,0.21058,-27.6506,-3.3422,12.1302,14.2731,16.9798,27.6506
JPSS2_20250823T123601_vs_HYPERNETS_20250823T123000_RHOW_R_poly.csv,THFR_poly,Hyp,JPSS2,3.6641600000000003,43.43485999999999,3.6671010000000006,43.441212,0.75,2.25,2025-08-23T10:30:00Z,2025-08-23T10:36:01Z,6,30,4,1.089,0.9058,0.4196,1.1939,3.3966,-0.013615,-0.001505,0.002752,NA,FALSE,FALSE,0.001228,0.001088,20.8721,-0.228695,-0.027918,0.123877,0.139767,0.15974,0.228695,-30.8438,-4.0172,12.3794,13.9683,17.7174,30.8438
JPSS2_20250823T123601_vs_HYPERNETS_20250823T124500_RHOW_R_poly.csv,THFR_poly,Hyp,JPSS2,3.6641600000000003,43.43485999999999,3.6671010000000006,43.441212,0.75,2.25,2025-08-23T10:45:00Z,2025-08-23T10:36:01Z,9,30,4,1.114,0.8971,0.4345,1.2162,3.4043,-0.013049,-0.00141,0.002748,NA,FALSE,FALSE,0.001164,0.001066,21.6225,-0.202967,-4.36e-4,0.159264,0.146224,0.173394,0.243395,-26.5259,-1.1283,15.9025,16.5013,18.5869,28.8498
JPSS2_20250823T123601_vs_HYPERNETS_20250823T130000_RHOW_R_poly.csv,THFR_poly,Hyp,JPSS2,3.6641600000000003,43.43485999999999,3.6671010000000006,43.441212,0.75,2.25,2025-08-23T11:00:00Z,2025-08-23T10:36:01Z,24,30,4,1.0779,0.8619,0.3868,1.2177,3.834,-0.015958,-0.001616,0.002939,NA,FALSE,FALSE,0.00136,0.001217,23.352,-0.237926,-0.015763,0.15632,0.168608,0.183439,0.24835,-32.6816,-2.9839,15.6155,17.8866,20.2291,32.6816
JPSS2_20250824T121801_vs_HYPERNETS_20250824T120000_RHOW_R_poly.csv,THFR_poly,Hyp,JPSS2,3.6641600000000003,43.43485999999999,3.661941,43.43919,0.51,2.25,2025-08-24T10:00:00Z,2025-08-24T10:18:01Z,18,30,4,0.8447,0.6401,0.2724,1.0424,3.9888,-0.018294,-0.001052,0.003454,NA,FALSE,FALSE,0.001671,0.001357,29.6426,-0.301151,-0.10976,0.111332,0.170937,0.326127,0.451615,-46.1124,-13.2962,9.8013,21.3526,35.739,57.4015
JPSS2_20250824T121801_vs_HYPERNETS_20250824T121500_RHOW_R_poly.csv,THFR_poly,Hyp,JPSS2,3.6641600000000003,43.43485999999999,3.661941,43.43919,0.51,2.25,2025-08-24T10:15:00Z,2025-08-24T10:18:01Z,3,30,4,0.8493,0.6421,0.2755,1.0392,3.9197,-0.017687,-9.79e-4,0.00345,NA,FALSE,FALSE,0.001624,0.001335,29.8659,-0.294869,-0.105779,0.118553,0.167653,0.333901,0.464907,-44.6639,-12.7617,10.4206,20.8167,36.2627,58.3485
JPSS2_20250824T121801_vs_HYPERNETS_20250824T123000_RHOW_R_poly.csv,THFR_poly,Hyp,JPSS2,3.6641600000000003,43.43485999999999,3.661941,43.43919,0.51,2.25,2025-08-24T10:30:00Z,2025-08-24T10:18:01Z,12,30,4,0.8975,0.6566,0.2937,1.0863,4.0175,-0.017177,-9.61e-4,0.003424,NA,FALSE,FALSE,0.001466,0.001291,30.5921,-0.25715,-0.063761,0.164609,0.147718,0.3347,0.492903,-37.2605,-7.6374,15.0053,17.4876,35.3168,60.5508
JPSS2_20250824T121801_vs_HYPERNETS_20250824T124500_RHOW_R_poly.csv,THFR_poly,Hyp,JPSS2,3.6641600000000003,43.43485999999999,3.661941,43.43919,0.51,2.25,2025-08-24T10:45:00Z,2025-08-24T10:18:01Z,27,30,4,0.8717,0.6351,0.286,1.0521,3.8707,-0.016516,-8.13e-4,0.003455,NA,FALSE,FALSE,0.001484,0.001286,31.2686,-0.263141,-0.076455,0.160468,0.14915,0.338904,0.50244,-38.2874,-9.0679,14.2378,17.8319,37.5941,63.4991
JPSS2_20250831T114801_vs_HYPERNETS_20250831T113000_RHOW_R_poly.csv,THFR_poly,Hyp,JPSS2,3.6641600000000003,43.43485999999999,3.666271,43.435230000000004,0.18,2.25,2025-08-31T09:30:00Z,2025-08-31T09:48:01Z,18,30,4,0.8506,1.5697,0.3858,0.8948,2.0752,-0.009081,-0.002131,8.66e-4,NA,FALSE,FALSE,0.002848,0.00275,52.4941,-0.66801,-0.57077,-0.427701,0.427701,0.57077,0.66801,-201.2322,-138.9158,-76.414,76.414,138.9158,201.2322
JPSS2_20250831T114801_vs_HYPERNETS_20250831T114500_RHOW_R_poly.csv,THFR_poly,Hyp,JPSS2,3.6641600000000003,43.43485999999999,3.666271,43.435230000000004,0.18,2.25,2025-08-31T09:45:00Z,2025-08-31T09:48:01Z,3,30,4,0.83,1.5805,0.3792,0.872,2.0051,-0.009009,-0.002145,8.41e-4,NA,FALSE,FALSE,0.003018,0.00292,53.8519,-0.677565,-0.582068,-0.443023,0.443023,0.582068,0.677565,-210.1726,-145.4005,-81.2369,81.2369,145.4005,210.1726
JPSS2_20250831T114801_vs_HYPERNETS_20250831T120000_RHOW_R_poly.csv,THFR_poly,Hyp,JPSS2,3.6641600000000003,43.43485999999999,3.666271,43.435230000000004,0.18,2.25,2025-08-31T10:00:00Z,2025-08-31T09:48:01Z,12,30,4,0.8032,1.6203,0.3865,0.8367,1.8114,-0.008316,-0.002152,6.95e-4,NA,FALSE,FALSE,0.003276,0.003185,55.8921,-0.689389,-0.595465,-0.464997,0.464997,0.595465,0.689389,-222.1125,-153.2952,-88.5177,88.5177,153.2952,222.1125
JPSS2_20250831T114801_vs_HYPERNETS_20250831T121500_RHOW_R_poly.csv,THFR_poly,Hyp,JPSS2,3.6641600000000003,43.43485999999999,3.666271,43.435230000000004,0.18,2.25,2025-08-31T10:15:00Z,2025-08-31T09:48:01Z,27,30,4,0.7637,1.6183,0.3582,0.7987,1.7807,-0.008744,-0.002191,7.48e-4,NA,FALSE,FALSE,0.003641,0.003534,58.1759,-0.707676,-0.618266,-0.492349,0.492349,0.618266,0.707676,-242.2107,-168.6946,-98.7508,98.7508,168.6946,242.2107
JPSS2_20250903T123000_vs_HYPERNETS_20250903T120000_RHOW_R_poly.csv,THFR_poly,Hyp,JPSS2,3.6641600000000003,43.43485999999999,3.664715,43.440613,0.64,2.25,2025-09-03T10:00:00Z,2025-09-03T10:30:00Z,30,30,2,2.2958,6.5367,NA,2.2958,NA,NA,-0.013998,NA,NA,NA,NA,0.00446,0.004281,60.2477,-0.724768,-0.602477,-0.480186,0.480186,0.602477,0.724768,-356.778,-219.1058,-122.9278,122.9278,219.1058,356.778
JPSS2_20250903T123000_vs_HYPERNETS_20250903T121500_RHOW_R_poly.csv,THFR_poly,Hyp,JPSS2,3.6641600000000003,43.43485999999999,3.664715,43.440613,0.64,2.25,2025-09-03T10:15:00Z,2025-09-03T10:30:00Z,15,30,2,2.1378,6.1238,NA,2.1378,NA,NA,-0.012923,NA,NA,NA,NA,0.004491,0.004333,60.6845,-0.726719,-0.606845,-0.48697,0.48697,0.606845,0.726719,-357.3853,-220.9289,-125.1829,125.1829,220.9289,357.3853
JPSS2_20250903T123000_vs_HYPERNETS_20250903T123000_RHOW_R_poly.csv,THFR_poly,Hyp,JPSS2,3.6641600000000003,43.43485999999999,3.664715,43.440613,0.64,2.25,2025-09-03T10:30:00Z,2025-09-03T10:30:00Z,0,30,2,2.3377,6.5232,NA,2.3377,NA,NA,-0.013962,NA,NA,NA,NA,0.004322,0.004132,59.4449,-0.719176,-0.594449,-0.469722,0.469722,0.594449,0.719176,-347.602,-212.7374,-118.5082,118.5082,212.7374,347.602
JPSS2_20250903T123000_vs_HYPERNETS_20250903T124500_RHOW_R_poly.csv,THFR_poly,Hyp,JPSS2,3.6641600000000003,43.43485999999999,3.664715,43.440613,0.64,2.25,2025-09-03T10:45:00Z,2025-09-03T10:30:00Z,15,30,2,2.5332,6.9705,NA,2.5332,NA,NA,-0.015128,NA,NA,NA,NA,0.004243,0.004025,58.6762,-0.714917,-0.586762,-0.458606,0.458606,0.586762,0.714917,-343.3847,-208.5031,-114.6537,114.6537,208.5031,343.3847
JPSS2_20250903T123000_vs_HYPERNETS_20250903T130000_RHOW_R_poly.csv,THFR_poly,Hyp,JPSS2,3.6641600000000003,43.43485999999999,3.664715,43.440613,0.64,2.25,2025-09-03T11:00:00Z,2025-09-03T10:30:00Z,30,30,2,2.7014,7.3044,NA,2.7014,NA,NA,-0.015998,NA,NA,NA,NA,0.004139,0.003896,57.8109,-0.709666,-0.578109,-0.446551,0.446551,0.578109,0.709666,-337.0061,-203.2216,-110.3937,110.3937,203.2216,337.0061
JPSS2_20250906T131200_vs_HYPERNETS_20250906T124500_RHOW_R_poly.csv,THFR_poly,Hyp,JPSS2,3.6641600000000003,43.43485999999999,3.664207,43.438816,0.44,2.25,2025-09-06T10:45:00Z,2025-09-06T11:12:00Z,27,30,1,NA,NA,NA,NA,NA,NA,NA,NA,NA,NA,NA,NA,NA,NA,NA,NA,NA,NA,NA,NA,NA,NA,NA,NA,NA,NA
JPSS2_20250906T131200_vs_HYPERNETS_20250906T130000_RHOW_R_poly.csv,THFR_poly,Hyp,JPSS2,3.6641600000000003,43.43485999999999,3.664207,43.438816,0.44,2.25,2025-09-06T11:00:00Z,2025-09-06T11:12:00Z,12,30,1,NA,NA,NA,NA,NA,NA,NA,NA,NA,NA,NA,NA,NA,NA,NA,NA,NA,NA,NA,NA,NA,NA,NA,NA,NA,NA
JPSS2_20250906T131200_vs_HYPERNETS_20250906T131500_RHOW_R_poly.csv,THFR_poly,Hyp,JPSS2,3.6641600000000003,43.43485999999999,3.664207,43.438816,0.44,2.25,2025-09-06T11:15:00Z,2025-09-06T11:12:00Z,3,30,1,NA,NA,NA,NA,NA,NA,NA,NA,NA,NA,NA,NA,NA,NA,NA,NA,NA,NA,NA,NA,NA,NA,NA,NA,NA,NA
JPSS2_20250906T131200_vs_HYPERNETS_20250906T133000_RHOW_R_poly.csv,THFR_poly,Hyp,JPSS2,3.6641600000000003,43.43485999999999,3.664207,43.438816,0.44,2.25,2025-09-06T11:30:00Z,2025-09-06T11:12:00Z,18,30,1,NA,NA,NA,NA,NA,NA,NA,NA,NA,NA,NA,NA,NA,NA,NA,NA,NA,NA,NA,NA,NA,NA,NA,NA,NA,NA
JPSS2_20250915T120600_vs_HYPERNETS_20250915T114500_RHOW_R_poly.csv,THFR_poly,Hyp,JPSS2,3.6641600000000003,43.43485999999999,3.6638360000000003,43.442371,0.84,2.25,2025-09-15T09:45:00Z,2025-09-15T10:06:00Z,21,30,3,0.7717,1.3777,0.0969,0.8166,6.8803,-0.036412,-0.001639,0.002487,NA,FALSE,FALSE,0.002827,0.002691,51.6898,-0.611887,-0.609631,-0.468275,0.468275,0.609631,0.611887,-157.6614,-156.1679,-95.0873,95.0873,156.1679,157.6614
JPSS2_20250915T120600_vs_HYPERNETS_20250915T120000_RHOW_R_poly.csv,THFR_poly,Hyp,JPSS2,3.6641600000000003,43.43485999999999,3.6638360000000003,43.442371,0.84,2.25,2025-09-15T10:00:00Z,2025-09-15T10:06:00Z,6,30,3,0.7545,1.3031,0.0857,0.8116,7.6868,-0.040507,-0.001555,0.002558,NA,FALSE,FALSE,0.002792,0.002622,50.6932,-0.602692,-0.590185,-0.452799,0.452799,0.590185,0.602692,-151.8185,-144.0127,-88.7956,88.7956,144.0127,151.8185
JPSS2_20250915T120600_vs_HYPERNETS_20250915T121500_RHOW_R_poly.csv,THFR_poly,Hyp,JPSS2,3.6641600000000003,43.43485999999999,3.6638360000000003,43.442371,0.84,2.25,2025-09-15T10:15:00Z,2025-09-15T10:06:00Z,9,30,3,0.7486,1.3311,0.0862,0.8033,7.4892,-0.040342,-0.00161,0.002544,NA,FALSE,FALSE,0.002914,0.00275,51.9248,-0.614409,-0.606833,-0.467879,0.467879,0.606833,0.614409,-159.3919,-154.3445,-94.6821,94.6821,154.3445,159.3919
JPSS2_20250915T120600_vs_HYPERNETS_20250915T123000_RHOW_R_poly.csv,THFR_poly,Hyp,JPSS2,3.6641600000000003,43.43485999999999,3.6638360000000003,43.442371,0.84,2.25,2025-09-15T10:30:00Z,2025-09-15T10:06:00Z,24,30,3,0.7318,1.291,0.083,0.7874,7.4692,-0.040301,-0.001526,0.002561,NA,FALSE,FALSE,0.002939,0.00276,51.7971,-0.610501,-0.596367,-0.464639,0.464639,0.596367,0.610501,-156.909,-147.7496,-92.7146,92.7146,147.7496,156.909
JPSS2_20250918T124800_vs_HYPERNETS_20250918T123000_RHOW_R_poly.csv,THFR_poly,Hyp,JPSS2,3.6641600000000003,43.43485999999999,3.662977,43.44273200000001,0.88,2.25,2025-09-18T10:30:00Z,2025-09-18T10:48:00Z,18,30,4,0.8678,1.1655,0.3118,0.9796,3.0772,-0.017911,-0.002984,0.001768,NA,FALSE,FALSE,0.003438,0.003129,47.675,-0.576571,-0.458312,-0.358491,0.358491,0.458312,0.576571,-148.6541,-85.4271,-57.1348,57.1348,85.4271,148.6541
JPSS2_20250918T124800_vs_HYPERNETS_20250918T124500_RHOW_R_poly.csv,THFR_poly,Hyp,JPSS2,3.6641600000000003,43.43485999999999,3.662977,43.44273200000001,0.88,2.25,2025-09-18T10:45:00Z,2025-09-18T10:48:00Z,3,30,4,0.9028,1.1567,0.3435,0.9943,2.8785,-0.015055,-0.00259,0.001715,NA,FALSE,FALSE,0.002918,0.002628,43.6736,-0.541924,-0.40933,-0.304142,0.304142,0.40933,0.541924,-128.4285,-70.2841,-44.4319,44.4319,70.2841,128.4285
JPSS2_20250918T124800_vs_HYPERNETS_20250918T130000_RHOW_R_poly.csv,THFR_poly,Hyp,JPSS2,3.6641600000000003,43.43485999999999,3.662977,43.44273200000001,0.88,2.25,2025-09-18T11:00:00Z,2025-09-18T10:48:00Z,12,30,4,0.8966,1.184,0.3416,0.9869,2.8506,-0.015256,-0.002675,0.001681,NA,FALSE,FALSE,0.003041,0.002763,45.033,-0.550962,-0.427807,-0.327175,0.327175,0.427807,0.550962,-133.0357,-75.5893,-49.5635,49.5635,75.5893,133.0357
JPSS2_20250918T124800_vs_HYPERNETS_20250918T131500_RHOW_R_poly.csv,THFR_poly,Hyp,JPSS2,3.6641600000000003,43.43485999999999,3.662977,43.44273200000001,0.88,2.25,2025-09-18T11:15:00Z,2025-09-18T10:48:00Z,27,30,4,0.8822,1.2183,0.3422,0.965,2.7209,-0.014902,-0.002712,0.001612,NA,FALSE,FALSE,0.003207,0.002955,46.8181,-0.560674,-0.449071,-0.356578,0.356578,0.449071,0.560674,-138.1778,-82.1278,-56.5763,56.5763,82.1278,138.1778
JPSS2_20250923T125400_vs_HYPERNETS_20250923T123000_RHOW_R_poly.csv,THFR_poly,Hyp,JPSS2,3.6641600000000003,43.43485999999999,3.662128,43.440811,0.68,2.25,2025-09-23T10:30:00Z,2025-09-23T10:54:00Z,24,30,2,2.2198,6.6308,NA,2.2198,NA,NA,-0.016404,NA,NA,NA,NA,0.005527,0.005339,61.925,-0.738037,-0.61925,-0.500462,0.500462,0.61925,0.738037,-384.502,-236.0919,-133.142,133.142,236.0919,384.502
JPSS2_20250923T125400_vs_HYPERNETS_20250923T124500_RHOW_R_poly.csv,THFR_poly,Hyp,JPSS2,3.6641600000000003,43.43485999999999,3.662128,43.440811,0.68,2.25,2025-09-23T10:45:00Z,2025-09-23T10:54:00Z,9,30,2,2.2575,6.5629,NA,2.2575,NA,NA,-0.016201,NA,NA,NA,NA,0.005299,0.005097,60.9096,-0.730891,-0.609096,-0.487301,0.487301,0.609096,0.730891,-371.2056,-227.0879,-127.0484,127.0484,227.0879,371.2056
JPSS2_20250923T125400_vs_HYPERNETS_20250923T130000_RHOW_R_poly.csv,THFR_poly,Hyp,JPSS2,3.6641600000000003,43.43485999999999,3.662128,43.440811,0.68,2.25,2025-09-23T11:00:00Z,2025-09-23T10:54:00Z,6,30,2,2.3737,7.5602,NA,2.3737,NA,NA,-0.019197,NA,NA,NA,NA,0.006116,0.005928,63.9547,-0.753743,-0.639547,-0.525352,0.525352,0.639547,0.753743,-421.095,-258.6009,-146.7776,146.7776,258.6009,421.095
JPSS2_20250923T125400_vs_HYPERNETS_20250923T131500_RHOW_R_poly.csv,THFR_poly,Hyp,JPSS2,3.6641600000000003,43.43485999999999,3.662128,43.440811,0.68,2.25,2025-09-23T11:15:00Z,2025-09-23T10:54:00Z,21,30,2,2.1017,6.1737,NA,2.1017,NA,NA,-0.015032,NA,NA,NA,NA,0.005372,0.005196,61.497,-0.733955,-0.61497,-0.495984,0.495984,0.61497,0.733955,-373.9781,-230.3765,-130.282,130.282,230.3765,373.9781
JPSS2_20250930T122401_vs_HYPERNETS_20250930T120000_RHOW_R_poly.csv,THFR_poly,Hyp,JPSS2,3.6641600000000003,43.43485999999999,3.6670810000000005,43.441514,0.78,2.25,2025-09-30T10:00:00Z,2025-09-30T10:24:01Z,24,30,4,0.5058,0.6426,0.1676,0.604,2.1762,-0.011821,-5.48e-4,0.002581,NA,FALSE,FALSE,0.003876,0.003388,42.9916,-0.590713,-0.472965,-0.312168,0.312168,0.472965,0.590713,-144.6867,-93.6379,-46.6886,46.6886,93.6379,144.6867
JPSS2_20250930T122401_vs_HYPERNETS_20250930T121500_RHOW_R_poly.csv,THFR_poly,Hyp,JPSS2,3.6641600000000003,43.43485999999999,3.6670810000000005,43.441514,0.78,2.25,2025-09-30T10:15:00Z,2025-09-30T10:24:01Z,9,30,4,0.4732,0.6223,0.1552,0.5712,2.1021,-0.012099,-5.33e-4,0.00261,NA,FALSE,FALSE,0.004301,0.003772,45.4215,-0.615664,-0.50104,-0.339591,0.339591,0.50104,0.615664,-160.5259,-104.878,-53.0102,53.0102,104.878,160.5259
JPSS2_20250930T122401_vs_HYPERNETS_20250930T123000_RHOW_R_poly.csv,THFR_poly,Hyp,JPSS2,3.6641600000000003,43.43485999999999,3.6670810000000005,43.441514,0.78,2.25,2025-09-30T10:30:00Z,2025-09-30T10:24:01Z,6,30,4,0.4556,0.6258,0.1489,0.5522,2.047,-0.01227,-5.48e-4,0.002614,NA,FALSE,FALSE,0.004606,0.00406,47.5357,-0.628831,-0.517392,-0.363918,0.363918,0.517392,0.628831,-169.8298,-111.7915,-58.7416,58.7416,111.7915,169.8298
JPSS2_20250930T122401_vs_HYPERNETS_20250930T124500_RHOW_R_poly.csv,THFR_poly,Hyp,JPSS2,3.6641600000000003,43.43485999999999,3.6670810000000005,43.441514,0.78,2.25,2025-09-30T10:45:00Z,2025-09-30T10:24:01Z,21,30,4,0.4667,0.6326,0.1527,0.5652,2.0927,-0.012264,-5.51e-4,0.002612,NA,FALSE,FALSE,0.004419,0.003885,46.502,-0.618011,-0.504548,-0.351557,0.351557,0.504548,0.618011,-162.2665,-106.1167,-55.606,55.606,106.1167,162.2665
JPSS2_20251001T120600_vs_HYPERNETS_20251001T114500_RHOW_R_poly.csv,THFR_poly,Hyp,JPSS2,3.6641600000000003,43.43485999999999,3.661403,43.44112,0.73,2.25,2025-10-01T09:45:00Z,2025-10-01T10:06:00Z,21,30,4,0.6724,1.1622,0.2707,0.727,1.9526,-0.008803,-0.001513,0.001202,NA,FALSE,FALSE,0.00338,0.003137,56.8366,-0.621479,-0.568459,-0.515346,0.515346,0.568459,0.621479,-173.2324,-131.7321,-109.3465,109.3465,131.7321,173.2324
JPSS2_20251001T120600_vs_HYPERNETS_20251001T120000_RHOW_R_poly.csv,THFR_poly,Hyp,JPSS2,3.6641600000000003,43.43485999999999,3.661403,43.44112,0.73,2.25,2025-10-01T10:00:00Z,2025-10-01T10:06:00Z,6,30,4,0.6742,1.1738,0.2662,0.7332,2.0194,-0.009289,-0.001582,0.001217,NA,FALSE,FALSE,0.003423,0.00318,57.237,-0.630058,-0.575046,-0.517358,0.517358,0.575046,0.630058,-179.504,-135.3424,-110.3957,110.3957,135.3424,179.504
JPSS2_20251001T120600_vs_HYPERNETS_20251001T121500_RHOW_R_poly.csv,THFR_poly,Hyp,JPSS2,3.6641600000000003,43.43485999999999,3.661403,43.44112,0.73,2.25,2025-10-01T10:15:00Z,2025-10-01T10:06:00Z,9,30,4,0.6608,1.2245,0.2618,0.7178,1.9679,-0.009475,-0.00167,0.001177,NA,FALSE,FALSE,0.003673,0.003432,59.3235,-0.660072,-0.602216,-0.535378,0.535378,0.602216,0.660072,-202.5826,-151.5963,-118.6864,118.6864,151.5963,202.5826
JPSS2_20251001T120600_vs_HYPERNETS_20251001T123000_RHOW_R_poly.csv,THFR_poly,Hyp,JPSS2,3.6641600000000003,43.43485999999999,3.661403,43.44112,0.73,2.25,2025-10-01T10:30:00Z,2025-10-01T10:06:00Z,24,30,4,0.6678,1.2058,0.2761,0.7168,1.8605,-0.00847,-0.001535,0.001137,NA,FALSE,FALSE,0.003487,0.003252,58.0207,-0.641091,-0.585063,-0.524179,0.524179,0.585063,0.641091,-186.4987,-141.1022,-113.1509,113.1509,141.1022,186.4987
JPSS2_20251004T124800_vs_HYPERNETS_20251004T123000_RHOW_R_poly.csv,THFR_poly,Hyp,JPSS2,3.6641600000000003,43.43485999999999,3.666785,43.437782,0.39,2.25,2025-10-04T10:30:00Z,2025-10-04T10:48:00Z,18,30,1,NA,NA,NA,NA,NA,NA,NA,NA,NA,NA,NA,NA,NA,NA,NA,NA,NA,NA,NA,NA,NA,NA,NA,NA,NA,NA
JPSS2_20251005T123000_vs_HYPERNETS_20251005T120000_RHOW_R_poly.csv,THFR_poly,Hyp,JPSS2,3.6641600000000003,43.43485999999999,3.6673430000000002,43.44168899999999,0.8,2.25,2025-10-05T10:00:00Z,2025-10-05T10:30:00Z,30,30,4,0.8934,0.9057,0.3516,0.9725,2.6899,-0.013196,-0.001541,0.002673,NA,FALSE,FALSE,0.002128,0.001727,25.1415,-0.386698,-0.211673,-0.07639,0.07639,0.211673,0.386698,-65.8154,-28.225,-8.3463,8.3463,28.225,65.8154
JPSS2_20251005T123000_vs_HYPERNETS_20251005T121500_RHOW_R_poly.csv,THFR_poly,Hyp,JPSS2,3.6641600000000003,43.43485999999999,3.6673430000000002,43.44168899999999,0.8,2.25,2025-10-05T10:15:00Z,2025-10-05T10:30:00Z,15,30,4,0.8959,0.925,0.3588,0.9702,2.6232,-0.012788,-0.001541,0.002618,NA,FALSE,FALSE,0.002122,0.001744,25.682,-0.387077,-0.214756,-0.0845,0.0845,0.214756,0.387077,-65.7505,-28.7151,-9.2798,9.2798,28.7151,65.7505
JPSS2_20251005T123000_vs_HYPERNETS_20251005T123000_RHOW_R_poly.csv,THFR_poly,Hyp,JPSS2,3.6641600000000003,43.43485999999999,3.6673430000000002,43.44168899999999,0.8,2.25,2025-10-05T10:30:00Z,2025-10-05T10:30:00Z,0,30,4,0.9089,0.9361,0.3643,0.984,2.6573,-0.012869,-0.0015790000000000001,0.002601,NA,FALSE,FALSE,0.002067,0.001687,25.2753,-0.382356,-0.207293,-0.07769,0.07769,0.207293,0.382356,-64.4451,-27.5419,-8.4542,8.4542,27.5419,64.4451
JPSS2_20251005T123000_vs_HYPERNETS_20251005T124500_RHOW_R_poly.csv,THFR_poly,Hyp,JPSS2,3.6641600000000003,43.43485999999999,3.6673430000000002,43.44168899999999,0.8,2.25,2025-10-05T10:45:00Z,2025-10-05T10:30:00Z,15,30,4,0.8877,0.9561,0.3592,0.9584,2.557,-0.012806,-0.001637,0.00255,NA,FALSE,FALSE,0.002269,0.001927,28.2098,-0.400743,-0.232318,-0.113673,0.113673,0.232318,0.400743,-69.5673,-31.6494,-12.8372,12.8372,31.6494,69.5673
JPSS2_20251005T123000_vs_HYPERNETS_20251005T130000_RHOW_R_poly.csv,THFR_poly,Hyp,JPSS2,3.6641600000000003,43.43485999999999,3.6673430000000002,43.44168899999999,0.8,2.25,2025-10-05T11:00:00Z,2025-10-05T10:30:00Z,30,30,4,0.8968,0.9678,0.385,0.954,2.364,-0.01104,-0.001437,0.002438,NA,FALSE,FALSE,0.002059,0.001751,26.4179,-0.380561,-0.221201,-0.104819,0.104819,0.221201,0.380561,-63.554,-29.5974,-11.7336,11.7336,29.5974,63.554
JPSS2_20251006T121200_vs_HYPERNETS_20251006T114500_RHOW_R_poly.csv,THFR_poly,Hyp,JPSS2,3.6641600000000003,43.43485999999999,3.665873,43.437798,0.36,2.25,2025-10-06T09:45:00Z,2025-10-06T10:12:00Z,27,30,1,NA,NA,NA,NA,NA,NA,NA,NA,NA,NA,NA,NA,NA,NA,NA,NA,NA,NA,NA,NA,NA,NA,NA,NA,NA,NA
JPSS2_20251006T121200_vs_HYPERNETS_20251006T120000_RHOW_R_poly.csv,THFR_poly,Hyp,JPSS2,3.6641600000000003,43.43485999999999,3.665873,43.437798,0.36,2.25,2025-10-06T10:00:00Z,2025-10-06T10:12:00Z,12,30,1,NA,NA,NA,NA,NA,NA,NA,NA,NA,NA,NA,NA,NA,NA,NA,NA,NA,NA,NA,NA,NA,NA,NA,NA,NA,NA
JPSS2_20251006T121200_vs_HYPERNETS_20251006T121500_RHOW_R_poly.csv,THFR_poly,Hyp,JPSS2,3.6641600000000003,43.43485999999999,3.665873,43.437798,0.36,2.25,2025-10-06T10:15:00Z,2025-10-06T10:12:00Z,3,30,1,NA,NA,NA,NA,NA,NA,NA,NA,NA,NA,NA,NA,NA,NA,NA,NA,NA,NA,NA,NA,NA,NA,NA,NA,NA,NA
JPSS2_20251006T121200_vs_HYPERNETS_20251006T123000_RHOW_R_poly.csv,THFR_poly,Hyp,JPSS2,3.6641600000000003,43.43485999999999,3.665873,43.437798,0.36,2.25,2025-10-06T10:30:00Z,2025-10-06T10:12:00Z,18,30,1,NA,NA,NA,NA,NA,NA,NA,NA,NA,NA,NA,NA,NA,NA,NA,NA,NA,NA,NA,NA,NA,NA,NA,NA,NA,NA
JPSS2_20251010T123601_vs_HYPERNETS_20251010T121500_RHOW_R_poly.csv,THFR_poly,Hyp,JPSS2,3.6641600000000003,43.43485999999999,3.6682010000000003,43.439079,0.57,2.25,2025-10-10T10:15:00Z,2025-10-10T10:36:01Z,21,30,1,NA,NA,NA,NA,NA,NA,NA,NA,NA,NA,NA,NA,NA,NA,NA,NA,NA,NA,NA,NA,NA,NA,NA,NA,NA,NA
JPSS2_20251010T123601_vs_HYPERNETS_20251010T123000_RHOW_R_poly.csv,THFR_poly,Hyp,JPSS2,3.6641600000000003,43.43485999999999,3.6682010000000003,43.439079,0.57,2.25,2025-10-10T10:30:00Z,2025-10-10T10:36:01Z,6,30,1,NA,NA,NA,NA,NA,NA,NA,NA,NA,NA,NA,NA,NA,NA,NA,NA,NA,NA,NA,NA,NA,NA,NA,NA,NA,NA
JPSS2_20251010T123601_vs_HYPERNETS_20251010T124500_RHOW_R_poly.csv,THFR_poly,Hyp,JPSS2,3.6641600000000003,43.43485999999999,3.6682010000000003,43.439079,0.57,2.25,2025-10-10T10:45:00Z,2025-10-10T10:36:01Z,9,30,1,NA,NA,NA,NA,NA,NA,NA,NA,NA,NA,NA,NA,NA,NA,NA,NA,NA,NA,NA,NA,NA,NA,NA,NA,NA,NA
JPSS2_20251010T123601_vs_HYPERNETS_20251010T130000_RHOW_R_poly.csv,THFR_poly,Hyp,JPSS2,3.6641600000000003,43.43485999999999,3.6682010000000003,43.439079,0.57,2.25,2025-10-10T11:00:00Z,2025-10-10T10:36:01Z,24,30,1,NA,NA,NA,NA,NA,NA,NA,NA,NA,NA,NA,NA,NA,NA,NA,NA,NA,NA,NA,NA,NA,NA,NA,NA,NA,NA
JPSS2_20251011T121800_vs_HYPERNETS_20251011T120000_RHOW_R_poly.csv,THFR_poly,Hyp,JPSS2,3.6641600000000003,43.43485999999999,3.6630010000000004,43.442268,0.83,2.25,2025-10-11T10:00:00Z,2025-10-11T10:18:00Z,18,30,2,1.9268,5.8259,NA,1.9268,NA,NA,-0.01611,NA,NA,NA,NA,0.006478,0.00633,63.0795,-0.740542,-0.630795,-0.521049,0.521049,0.630795,0.740542,-374.3351,-236.8419,-139.2032,139.2032,236.8419,374.3351
JPSS2_20251011T121800_vs_HYPERNETS_20251011T121500_RHOW_R_poly.csv,THFR_poly,Hyp,JPSS2,3.6641600000000003,43.43485999999999,3.6630010000000004,43.442268,0.83,2.25,2025-10-11T10:15:00Z,2025-10-11T10:18:00Z,3,30,2,1.9254,5.5911,NA,1.9254,NA,NA,-0.015302,NA,NA,NA,NA,0.006076,0.005918,61.6826,-0.729984,-0.616826,-0.503667,0.503667,0.616826,0.729984,-354.0767,-223.4176,-130.3552,130.3552,223.4176,354.0767
JPSS2_20251011T121800_vs_HYPERNETS_20251011T123000_RHOW_R_poly.csv,THFR_poly,Hyp,JPSS2,3.6641600000000003,43.43485999999999,3.6630010000000004,43.442268,0.83,2.25,2025-10-11T10:30:00Z,2025-10-11T10:18:00Z,12,30,2,1.8192,5.2584,NA,1.8192,NA,NA,-0.014157,NA,NA,NA,NA,0.006021,0.005881,61.6975,-0.728917,-0.616975,-0.505034,0.505034,0.616975,0.728917,-349.6568,-221.7707,-130.2565,130.2565,221.7707,349.6568
JPSS2_20251011T121800_vs_HYPERNETS_20251011T124500_RHOW_R_poly.csv,THFR_poly,Hyp,JPSS2,3.6641600000000003,43.43485999999999,3.6630010000000004,43.442268,0.83,2.25,2025-10-11T10:45:00Z,2025-10-11T10:18:00Z,27,30,2,1.8299,5.228,NA,1.8299,NA,NA,-0.014052,NA,NA,NA,NA,0.005909,0.005765,61.2679,-0.725759,-0.612679,-0.499598,0.499598,0.612679,0.725759,-344.2284,-218.0316,-127.6848,127.6848,218.0316,344.2284
JPSS2_20251014T130001_vs_HYPERNETS_20251014T124500_RHOW_R_poly.csv,THFR_poly,Hyp,JPSS2,3.6641600000000003,43.43485999999999,3.665482,43.439957,0.58,2.25,2025-10-14T10:45:00Z,2025-10-14T11:00:01Z,15,30,1,NA,NA,NA,NA,NA,NA,NA,NA,NA,NA,NA,NA,NA,NA,NA,NA,NA,NA,NA,NA,NA,NA,NA,NA,NA,NA
JPSS2_20251014T130001_vs_HYPERNETS_20251014T130000_RHOW_R_poly.csv,THFR_poly,Hyp,JPSS2,3.6641600000000003,43.43485999999999,3.665482,43.439957,0.58,2.25,2025-10-14T11:00:00Z,2025-10-14T11:00:01Z,0,30,1,NA,NA,NA,NA,NA,NA,NA,NA,NA,NA,NA,NA,NA,NA,NA,NA,NA,NA,NA,NA,NA,NA,NA,NA,NA,NA
JPSS2_20251014T130001_vs_HYPERNETS_20251014T131500_RHOW_R_poly.csv,THFR_poly,Hyp,JPSS2,3.6641600000000003,43.43485999999999,3.665482,43.439957,0.58,2.25,2025-10-14T11:15:00Z,2025-10-14T11:00:01Z,15,30,1,NA,NA,NA,NA,NA,NA,NA,NA,NA,NA,NA,NA,NA,NA,NA,NA,NA,NA,NA,NA,NA,NA,NA,NA,NA,NA
JPSS2_20251014T130001_vs_HYPERNETS_20251014T133000_RHOW_R_poly.csv,THFR_poly,Hyp,JPSS2,3.6641600000000003,43.43485999999999,3.665482,43.439957,0.58,2.25,2025-10-14T11:30:00Z,2025-10-14T11:00:01Z,30,30,1,NA,NA,NA,NA,NA,NA,NA,NA,NA,NA,NA,NA,NA,NA,NA,NA,NA,NA,NA,NA,NA,NA,NA,NA,NA,NA
JPSS2_20251016T122401_vs_HYPERNETS_20251016T120000_RHOW_R_poly.csv,THFR_poly,Hyp,JPSS2,3.6641600000000003,43.43485999999999,3.667653,43.439682,0.61,2.25,2025-10-16T10:00:00Z,2025-10-16T10:24:01Z,24,30,4,0.8756,1.0801,0.6189,0.8818,1.2566,-0.002778,-3.76e-4,0.00131,NA,FALSE,FALSE,0.001244,0.001134,19.4643,-0.242558,-0.192439,-0.144524,0.144524,0.192439,0.242558,-32.0461,-23.998,-16.9021,16.9021,23.998,32.0461
JPSS2_20251016T122401_vs_HYPERNETS_20251016T123000_RHOW_R_poly.csv,THFR_poly,Hyp,JPSS2,3.6641600000000003,43.43485999999999,3.667653,43.439682,0.61,2.25,2025-10-16T10:30:00Z,2025-10-16T10:24:01Z,6,30,4,0.8863,1.1248,0.6177,0.8932,1.2914,-0.003061,-4.9e-4,0.001289,NA,FALSE,FALSE,0.001278,0.001179,20.6975,-0.257285,-0.192721,-0.14241,0.14241,0.192721,0.257285,-34.7795,-24.0699,-16.6114,16.6114,24.0699,34.7795
JPSS2_20251016T122401_vs_HYPERNETS_20251016T124500_RHOW_R_poly.csv,THFR_poly,Hyp,JPSS2,3.6641600000000003,43.43485999999999,3.667653,43.439682,0.61,2.25,2025-10-16T10:45:00Z,2025-10-16T10:24:01Z,21,30,4,0.8902,1.1217,0.6244,0.8969,1.2884,-0.002967,-4.62e-4,0.001282,NA,FALSE,FALSE,0.001219,0.001122,19.9082,-0.249615,-0.182794,-0.132261,0.132261,0.182794,0.249615,-33.4022,-22.5755,-15.2442,15.2442,22.5755,33.4022
JPSS2_20251018T114801_vs_HYPERNETS_20251018T113000_RHOW_R_poly.csv,THFR_poly,Hyp,JPSS2,3.6641600000000003,43.43485999999999,3.664603,43.438248,0.38,2.25,2025-10-18T09:30:00Z,2025-10-18T09:48:01Z,18,30,4,0.5394,0.5579,0.2619,0.5611,1.2022,-0.003233,0.001264,0.003363,NA,FALSE,FALSE,0.002422,0.002207,31.9009,-0.318646,-0.295208,-0.130047,0.300939,0.318859,0.336929,-46.8364,-41.9046,-19.5779,37.9583,41.9046,46.8364
JPSS2_20251018T114801_vs_HYPERNETS_20251018T114500_RHOW_R_poly.csv,THFR_poly,Hyp,JPSS2,3.6641600000000003,43.43485999999999,3.664603,43.438248,0.38,2.25,2025-10-18T09:45:00Z,2025-10-18T09:48:01Z,3,30,4,0.5335,0.5635,0.2618,0.5541,1.1728,-0.003149,0.001255,0.003336,NA,FALSE,FALSE,0.002523,0.00228,31.7267,-0.32684,-0.304913,-0.146996,0.29624,0.305812,0.32684,-48.6244,-43.8818,-21.7864,38.6809,43.8818,48.6244
JPSS2_20251018T114801_vs_HYPERNETS_20251018T120000_RHOW_R_poly.csv,THFR_poly,Hyp,JPSS2,3.6641600000000003,43.43485999999999,3.664603,43.438248,0.38,2.25,2025-10-18T10:00:00Z,2025-10-18T09:48:01Z,12,30,4,0.544,0.568,0.2598,0.5673,1.2388,-0.003549,0.001193,0.003364,NA,FALSE,FALSE,0.002442,0.002221,31.3182,-0.328991,-0.300952,-0.138367,0.290748,0.306557,0.328991,-49.0742,-43.1023,-20.2583,36.775,43.1023,49.0742
JPSS2_20251018T114801_vs_HYPERNETS_20251018T121500_RHOW_R_poly.csv,THFR_poly,Hyp,JPSS2,3.6641600000000003,43.43485999999999,3.664603,43.438248,0.38,2.25,2025-10-18T10:15:00Z,2025-10-18T09:48:01Z,27,30,4,0.5634,0.5605,0.2802,0.5841,1.2173,-0.002935,0.001297,0.003327,NA,FALSE,FALSE,0.002086,0.001925,30.6776,-0.276262,-0.256527,-0.091773,0.258519,0.292013,0.34027,-38.2728,-34.5058,-14.5552,34.8667,37.1277,41.1958
JPSS2_20251026T123601_vs_HYPERNETS_20251026T121500_RHOW_R_poly.csv,THFR_poly,Hyp,JPSS2,3.6641600000000003,43.43485999999999,3.662906,43.442078,0.81,2.25,2025-10-26T11:15:00Z,2025-10-26T11:36:01Z,21,30,2,1.1517,3.031,NA,1.1517,NA,NA,-0.009009,NA,NA,NA,NA,0.007198,0.007194,61.5182,-0.667264,-0.615182,-0.5631,0.5631,0.615182,0.667264,-210.1337,-169.9405,-134.9564,134.9564,169.9405,210.1337
JPSS2_20251026T123601_vs_HYPERNETS_20251026T123000_RHOW_R_poly.csv,THFR_poly,Hyp,JPSS2,3.6641600000000003,43.43485999999999,3.662906,43.442078,0.81,2.25,2025-10-26T11:30:00Z,2025-10-26T11:36:01Z,6,30,2,1.1421,2.9915,NA,1.1421,NA,NA,-0.008832,NA,NA,NA,NA,0.007142,0.007138,61.3479,-0.665468,-0.613479,-0.561489,0.561489,0.613479,0.665468,-208.3385,-168.6202,-134.0182,134.0182,168.6202,208.3385
JPSS2_20251026T123601_vs_HYPERNETS_20251026T124500_RHOW_R_poly.csv,THFR_poly,Hyp,JPSS2,3.6641600000000003,43.43485999999999,3.662906,43.442078,0.81,2.25,2025-10-26T11:45:00Z,2025-10-26T11:36:01Z,9,30,2,1.1601,3.0737,NA,1.1601,NA,NA,-0.009201,NA,NA,NA,NA,0.007277,0.007272,61.7592,-0.669684,-0.617592,-0.565499,0.565499,0.617592,0.669684,-212.5452,-171.7815,-136.3344,136.3344,171.7815,212.5452
JPSS2_20251026T123601_vs_HYPERNETS_20251026T130000_RHOW_R_poly.csv,THFR_poly,Hyp,JPSS2,3.6641600000000003,43.43485999999999,3.662906,43.442078,0.81,2.25,2025-10-26T12:00:00Z,2025-10-26T11:36:01Z,24,30,2,1.233,3.5022,NA,1.233,NA,NA,-0.011127,NA,NA,NA,NA,0.008129,0.008122,64.1866,-0.693373,-0.641866,-0.590359,0.590359,0.641866,0.693373,-238.0504,-191.5464,-151.4398,151.4398,191.5464,238.0504
JPSS2_20251028T120001_vs_HYPERNETS_20251028T114500_RHOW_R_poly.csv,THFR_poly,Hyp,JPSS2,3.6641600000000003,43.43485999999999,3.6643820000000003,43.437416,0.29,2.25,2025-10-28T10:45:00Z,2025-10-28T11:00:01Z,15,30,3,0.4407,1.8278,0.0493,0.4755,4.5877,-0.034278,-0.001501,0.001896,NA,FALSE,FALSE,0.006109,0.005682,76.6359,-0.846348,-0.794096,-0.700238,0.700238,0.794096,0.846348,-592.0676,-385.6639,-251.2607,251.2607,385.6639,592.0676
JPSS2_20251028T120001_vs_HYPERNETS_20251028T120000_RHOW_R_poly.csv,THFR_poly,Hyp,JPSS2,3.6641600000000003,43.43485999999999,3.6643820000000003,43.437416,0.29,2.25,2025-10-28T11:00:00Z,2025-10-28T11:00:01Z,0,30,3,0.4353,1.8438,0.0481,0.4708,4.6051,-0.035059,-0.001529,0.001899,NA,FALSE,FALSE,0.006255,0.005821,77.033,-0.849738,-0.798094,-0.704804,0.704804,0.798094,0.849738,-608.6753,-395.2796,-257.0572,257.0572,395.2796,608.6753
JPSS2_20251028T120001_vs_HYPERNETS_20251028T121500_RHOW_R_poly.csv,THFR_poly,Hyp,JPSS2,3.6641600000000003,43.43485999999999,3.6643820000000003,43.437416,0.29,2.25,2025-10-28T11:15:00Z,2025-10-28T11:00:01Z,15,30,3,0.4261,1.8702,0.0461,0.4629,4.6441,-0.036503,-0.001578,0.001904,NA,FALSE,FALSE,0.006509,0.006064,77.6882,-0.855336,-0.804809,-0.712393,0.712393,0.804809,0.855336,-637.7131,-412.3195,-267.1681,267.1681,412.3195,637.7131
JPSS2_20251030T130000_vs_HYPERNETS_20251030T123000_RHOW_R_poly.csv,THFR_poly,Hyp,JPSS2,3.6641600000000003,43.43485999999999,3.6651840000000004,43.436184,0.17,2.25,2025-10-30T11:30:00Z,2025-10-30T12:00:00Z,30,30,3,0.5803,1.0701,0.064,0.628,6.1676,-0.04913,-9.89e-4,0.003914,NA,FALSE,FALSE,0.004693,0.004221,50.3375,-0.566006,-0.531878,-0.454995,0.454995,0.531878,0.566006,-131.1337,-113.6194,-85.3379,85.3379,113.6194,131.1337
JPSS2_20251030T130000_vs_HYPERNETS_20251030T124500_RHOW_R_poly.csv,THFR_poly,Hyp,JPSS2,3.6641600000000003,43.43485999999999,3.6651840000000004,43.436184,0.17,2.25,2025-10-30T11:45:00Z,2025-10-30T12:00:00Z,15,30,3,0.5538,1.0602,0.0594,0.6029,6.1144,-0.050766,-9.77e-4,0.003932,NA,FALSE,FALSE,0.005082,0.004564,52.0861,-0.581746,-0.545212,-0.472152,0.472152,0.545212,0.581746,-140.0067,-119.8827,-91.2896,91.2896,119.8827,140.0067
JPSS2_20251030T130000_vs_HYPERNETS_20251030T130000_RHOW_R_poly.csv,THFR_poly,Hyp,JPSS2,3.6641600000000003,43.43485999999999,3.6651840000000004,43.436184,0.17,2.25,2025-10-30T12:00:00Z,2025-10-30T12:00:00Z,0,30,3,0.5688,1.0642,0.0623,0.6165,6.1037,-0.049434,-9.75e-4,0.00392,NA,FALSE,FALSE,0.004853,0.004362,51.0484,-0.571863,-0.536318,-0.462022,0.462022,0.536318,0.571863,-134.379,-115.665,-87.6795,87.6795,115.665,134.379
JPSS2_20251030T130000_vs_HYPERNETS_20251030T131500_RHOW_R_poly.csv,THFR_poly,Hyp,JPSS2,3.6641600000000003,43.43485999999999,3.6651840000000004,43.436184,0.17,2.25,2025-10-30T12:15:00Z,2025-10-30T12:00:00Z,15,30,3,0.5553,1.0767,0.0605,0.6026,6.0052,-0.050208,-0.001017,0.003919,NA,FALSE,FALSE,0.00514,0.004636,52.6787,-0.58812,-0.557017,-0.480569,0.480569,0.557017,0.58812,-143.4841,-125.7423,-94.638,94.638,125.7423,143.4841
JPSS2_20251030T130000_vs_HYPERNETS_20251030T133000_RHOW_R_poly.csv,THFR_poly,Hyp,JPSS2,3.6641600000000003,43.43485999999999,3.6651840000000004,43.436184,0.17,2.25,2025-10-30T12:30:00Z,2025-10-30T12:00:00Z,30,30,3,0.5659,1.0738,0.0624,0.6123,6.0093,-0.049199,-9.99e-4,0.003912,NA,FALSE,FALSE,0.00495,0.004461,51.7225,-0.578564,-0.546434,-0.470491,0.470491,0.546434,0.578564,-137.9763,-120.4752,-90.8271,90.8271,120.4752,137.9763
JPSS2_20251103T114801_vs_HYPERNETS_20251103T113000_RHOW_R_poly.csv,THFR_poly,Hyp,JPSS2,3.6641600000000003,43.43485999999999,3.662004,43.440979,0.7,2.25,2025-11-03T10:30:00Z,2025-11-03T10:48:01Z,18,30,3,0.4045,2.9532,0.0363,0.4689,6.0626,-0.030875,-0.001182,0.001114,NA,FALSE,FALSE,0.004372,0.004001,82.4825,-0.928003,-0.868175,-0.743321,0.743321,0.868175,0.928003,-2396.8339,-658.5802,-345.8972,345.8972,658.5802,2396.8339
JPSS2_20251103T114801_vs_HYPERNETS_20251103T114500_RHOW_R_poly.csv,THFR_poly,Hyp,JPSS2,3.6641600000000003,43.43485999999999,3.662004,43.440979,0.7,2.25,2025-11-03T10:45:00Z,2025-11-03T10:48:01Z,3,30,3,0.4032,2.9182,0.0359,0.4691,6.1285,-0.031046,-0.001169,0.001117,NA,FALSE,FALSE,0.004347,0.003972,82.3932,-0.927801,-0.86804,-0.742117,0.742117,0.86804,0.927801,-2368.4026,-657.805,-344.3474,344.3474,657.805,2368.4026
JPSS2_20251103T114801_vs_HYPERNETS_20251103T120000_RHOW_R_poly.csv,THFR_poly,Hyp,JPSS2,3.6641600000000003,43.43485999999999,3.662004,43.440979,0.7,2.25,2025-11-03T11:00:00Z,2025-11-03T10:48:01Z,12,30,3,0.4104,2.8851,0.0368,0.4759,6.1609,-0.030494,-0.00115,0.001117,NA,FALSE,FALSE,0.004223,0.003855,82.0372,-0.92592,-0.864769,-0.737023,0.737023,0.864769,0.92592,-2291.4575,-639.4774,-335.0383,335.0383,639.4774,2291.4575
JPSS2_20251103T114801_vs_HYPERNETS_20251103T121500_RHOW_R_poly.csv,THFR_poly,Hyp,JPSS2,3.6641600000000003,43.43485999999999,3.662004,43.440979,0.7,2.25,2025-11-03T11:15:00Z,2025-11-03T10:48:01Z,27,30,3,0.4196,2.8481,0.038,0.4837,6.1556,-0.029643,-0.001125,0.001116,NA,FALSE,FALSE,0.00408,0.003721,81.6228,-0.923516,-0.860559,-0.731106,0.731106,0.860559,0.923516,-2202.4379,-617.1503,-324.3015,324.3015,617.1503,2202.4379
JPSS2_20251107T121200_vs_HYPERNETS_20251107T114500_RHOW_R_poly.csv,THFR_poly,Hyp,JPSS2,3.6641600000000003,43.43485999999999,3.6680610000000002,43.436043,0.34,2.25,2025-11-07T10:45:00Z,2025-11-07T11:12:00Z,27,30,2,1.4221,6.2404,NA,1.4221,NA,NA,-0.011814,NA,NA,NA,NA,0.007571,0.007562,75.9549,-0.811108,-0.759549,-0.70799,0.70799,0.759549,0.811108,-478.9815,-360.3683,-266.0548,266.0548,360.3683,478.9815
JPSS2_20251107T121200_vs_HYPERNETS_20251107T120000_RHOW_R_poly.csv,THFR_poly,Hyp,JPSS2,3.6641600000000003,43.43485999999999,3.6680610000000002,43.436043,0.34,2.25,2025-11-07T11:00:00Z,2025-11-07T11:12:00Z,12,30,2,1.4313,6.2856,NA,1.4313,NA,NA,-0.011918,NA,NA,NA,NA,0.007578,0.007569,75.9659,-0.811256,-0.759659,-0.708062,0.708062,0.759659,0.811256,-479.5853,-360.7034,-266.2061,266.2061,360.7034,479.5853
JPSS2_20251107T121200_vs_HYPERNETS_20251107T121500_RHOW_R_poly.csv,THFR_poly,Hyp,JPSS2,3.6641600000000003,43.43485999999999,3.6680610000000002,43.436043,0.34,2.25,2025-11-07T11:15:00Z,2025-11-07T11:12:00Z,3,30,2,1.4248,6.1932,NA,1.4248,NA,NA,-0.011707,NA,NA,NA,NA,0.007476,0.007467,75.7316,-0.809288,-0.757316,-0.705344,0.705344,0.757316,0.809288,-473.2991,-356.0019,-262.7037,262.7037,356.0019,473.2991
JPSS2_20251107T121200_vs_HYPERNETS_20251107T123000_RHOW_R_poly.csv,THFR_poly,Hyp,JPSS2,3.6641600000000003,43.43485999999999,3.6680610000000002,43.436043,0.34,2.25,2025-11-07T11:30:00Z,2025-11-07T11:12:00Z,18,30,2,1.3925,6.1934,NA,1.3925,NA,NA,-0.011707,NA,NA,NA,NA,0.007707,0.007699,76.2825,-0.813617,-0.762825,-0.712032,0.712032,0.762825,0.813617,-486.616,-366.5934,-271.1276,271.1276,366.5934,486.616
JPSS2_20251111T123600_vs_HYPERNETS_20251111T121500_RHOW_R_poly.csv,THFR_poly,Hyp,JPSS2,3.6641600000000003,43.43485999999999,3.66875,43.442719000000004,0.95,2.25,2025-11-11T11:15:00Z,2025-11-11T11:36:00Z,21,30,2,2.1967,9.7861,NA,2.1967,NA,NA,-0.018635,NA,NA,NA,NA,0.006905,0.006754,70.8136,-0.823115,-0.708136,-0.593156,0.593156,0.708136,0.823115,-848.0362,-456.385,-226.5321,226.5321,456.385,848.0362
JPSS2_20251111T123600_vs_HYPERNETS_20251111T123000_RHOW_R_poly.csv,THFR_poly,Hyp,JPSS2,3.6641600000000003,43.43485999999999,3.66875,43.442719000000004,0.95,2.25,2025-11-11T11:30:00Z,2025-11-11T11:36:00Z,6,30,2,2.3002,9.9601,NA,2.3002,NA,NA,-0.019019,NA,NA,NA,NA,0.006643,0.006475,69.9248,-0.81785,-0.699248,-0.580647,0.580647,0.699248,0.81785,-822.5368,-440.8464,-217.0766,217.0766,440.8464,822.5368
JPSS2_20251111T123600_vs_HYPERNETS_20251111T124500_RHOW_R_poly.csv,THFR_poly,Hyp,JPSS2,3.6641600000000003,43.43485999999999,3.66875,43.442719000000004,0.95,2.25,2025-11-11T11:45:00Z,2025-11-11T11:36:00Z,9,30,2,2.2611,9.6698,NA,2.2611,NA,NA,-0.018378,NA,NA,NA,NA,0.006526,0.006358,69.6307,-0.815863,-0.696307,-0.576752,0.576752,0.696307,0.815863,-809.4017,-434.1006,-213.6825,213.6825,434.1006,809.4017
JPSS2_20251111T123600_vs_HYPERNETS_20251111T130000_RHOW_R_poly.csv,THFR_poly,Hyp,JPSS2,3.6641600000000003,43.43485999999999,3.66875,43.442719000000004,0.95,2.25,2025-11-11T12:00:00Z,2025-11-11T11:36:00Z,24,30,2,2.3228,9.7815,NA,2.3228,NA,NA,-0.018625,NA,NA,NA,NA,0.00639,0.006211,69.1257,-0.812883,-0.691257,-0.569632,0.569632,0.691257,0.812883,-796.143,-425.9447,-208.676,208.676,425.9447,796.143
JPSS2_20251116T124200_vs_HYPERNETS_20251116T121500_RHOW_R_poly.csv,THFR_poly,Hyp,JPSS2,3.6641600000000003,43.43485999999999,3.6677370000000007,43.444275,1.09,2.25,2025-11-16T11:15:00Z,2025-11-16T11:42:00Z,27,30,2,2.5713,7.1291,NA,2.5713,NA,NA,-0.020994,NA,NA,NA,NA,0.005869,0.005662,60.2321,-0.711998,-0.602321,-0.492643,0.492643,0.602321,0.711998,-311.163,-201.4669,-121.0372,121.0372,201.4669,311.163
JPSS2_20251116T124200_vs_HYPERNETS_20251116T123000_RHOW_R_poly.csv,THFR_poly,Hyp,JPSS2,3.6641600000000003,43.43485999999999,3.6677370000000007,43.444275,1.09,2.25,2025-11-16T11:30:00Z,2025-11-16T11:42:00Z,12,30,2,2.4909,6.787,NA,2.4909,NA,NA,-0.019798,NA,NA,NA,NA,0.005701,0.005496,59.6387,-0.706982,-0.596387,-0.485792,0.485792,0.596387,0.706982,-302.953,-196.2024,-117.7323,117.7323,196.2024,302.953
JPSS2_20251116T124200_vs_HYPERNETS_20251116T124500_RHOW_R_poly.csv,THFR_poly,Hyp,JPSS2,3.6641600000000003,43.43485999999999,3.6677370000000007,43.444275,1.09,2.25,2025-11-16T11:45:00Z,2025-11-16T11:42:00Z,3,30,2,2.5591,7.0304,NA,2.5591,NA,NA,-0.020649,NA,NA,NA,NA,0.005783,0.005573,59.8941,-0.709352,-0.598941,-0.48853,0.48853,0.598941,0.709352,-307.0891,-198.6923,-119.1586,119.1586,198.6923,307.0891
JPSS2_20251116T124200_vs_HYPERNETS_20251116T130000_RHOW_R_poly.csv,THFR_poly,Hyp,JPSS2,3.6641600000000003,43.43485999999999,3.6677370000000007,43.444275,1.09,2.25,2025-11-16T12:00:00Z,2025-11-16T11:42:00Z,18,30,2,2.3947,6.4084,NA,2.3947,NA,NA,-0.018476,NA,NA,NA,NA,0.00553,0.005329,59.0368,-0.701708,-0.590368,-0.479027,0.479027,0.590368,0.701708,-294.431,-190.8506,-114.4711,114.4711,190.8506,294.431
JPSS2_20251117T122400_vs_HYPERNETS_20251117T120000_RHOW_R_poly.csv,THFR_poly,Hyp,JPSS2,3.6641600000000003,43.43485999999999,3.666592,43.441872,0.8,2.25,2025-11-17T11:00:00Z,2025-11-17T11:24:00Z,24,30,2,1.6574,6.6446,NA,1.6574,NA,NA,-0.011053,NA,NA,NA,NA,0.005776,0.005749,72.7694,-0.799938,-0.727694,-0.65545,0.65545,0.727694,0.799938,-482.2037,-333.2542,-222.4116,222.4116,333.2542,482.2037
JPSS2_20251117T122400_vs_HYPERNETS_20251117T121500_RHOW_R_poly.csv,THFR_poly,Hyp,JPSS2,3.6641600000000003,43.43485999999999,3.666592,43.441872,0.8,2.25,2025-11-17T11:15:00Z,2025-11-17T11:24:00Z,9,30,2,1.7057,6.7499,NA,1.7057,NA,NA,-0.011263,NA,NA,NA,NA,0.005673,0.005644,72.3895,-0.797309,-0.723895,-0.650481,0.650481,0.723895,0.797309,-475.1608,-327.6638,-217.9917,217.9917,327.6638,475.1608
JPSS2_20251117T122400_vs_HYPERNETS_20251117T123100_RHOW_R_poly.csv,THFR_poly,Hyp,JPSS2,3.6641600000000003,43.43485999999999,3.666592,43.441872,0.8,2.25,2025-11-17T11:31:00Z,2025-11-17T11:24:00Z,7,30,2,1.5568,5.8351,NA,1.5568,NA,NA,-0.009436,NA,NA,NA,NA,0.005256,0.005232,71.0788,-0.785997,-0.710788,-0.63558,0.63558,0.710788,0.785997,-440.0674,-304.8275,-203.4534,203.4534,304.8275,440.0674
JPSS2_20251117T122400_vs_HYPERNETS_20251117T124500_RHOW_R_poly.csv,THFR_poly,Hyp,JPSS2,3.6641600000000003,43.43485999999999,3.666592,43.441872,0.8,2.25,2025-11-17T11:45:00Z,2025-11-17T11:24:00Z,21,30,2,1.5071,5.5966,NA,1.5071,NA,NA,-0.008961,NA,NA,NA,NA,0.005187,0.005165,70.88,-0.783984,-0.7088,-0.633615,0.633615,0.7088,0.783984,-433.6123,-301.006,-201.3532,201.3532,301.006,433.6123
JPSS2_20251118T120600_vs_HYPERNETS_20251118T114500_RHOW_R_poly.csv,THFR_poly,Hyp,JPSS2,3.6641600000000003,43.43485999999999,3.6642300000000003,43.442776,0.88,2.25,2025-11-18T10:45:00Z,2025-11-18T11:06:00Z,21,30,3,0.5323,1.2074,0.0597,0.574,5.5149,-0.027407,-7.68e-4,0.002005,NA,FALSE,FALSE,0.003412,0.003065,61.039,-0.686628,-0.684398,-0.571156,0.571156,0.684398,0.686628,-219.1173,-216.8544,-141.7662,141.7662,216.8544,219.1173
JPSS2_20251121T124800_vs_HYPERNETS_20251121T123000_RHOW_R_poly.csv,THFR_poly,Hyp,JPSS2,3.6641600000000003,43.43485999999999,3.6635970000000007,43.438946,0.46,2.25,2025-11-21T11:30:00Z,2025-11-21T11:48:00Z,18,30,2,1.4841,6.4674,NA,1.4841,NA,NA,-0.008972,NA,NA,NA,NA,0.005409,0.005393,74.6309,-0.817844,-0.746309,-0.674775,0.674775,0.746309,0.817844,-556.8855,-377.3282,-246.8523,246.8523,377.3282,556.8855
JPSS2_20251121T124800_vs_HYPERNETS_20251121T124500_RHOW_R_poly.csv,THFR_poly,Hyp,JPSS2,3.6641600000000003,43.43485999999999,3.6635970000000007,43.438946,0.46,2.25,2025-11-21T11:45:00Z,2025-11-21T11:48:00Z,3,30,2,1.4541,6.4211,NA,1.4541,NA,NA,-0.0088940000000000009,NA,NA,NA,NA,0.005507,0.005492,74.9762,-0.820251,-0.749762,-0.679272,0.679272,0.749762,0.820251,-565.3517,-383.6838,-251.6186,251.6186,383.6838,565.3517
JPSS2_20251121T124800_vs_HYPERNETS_20251121T130000_RHOW_R_poly.csv,THFR_poly,Hyp,JPSS2,3.6641600000000003,43.43485999999999,3.6635970000000007,43.438946,0.46,2.25,2025-11-21T12:00:00Z,2025-11-21T11:48:00Z,12,30,2,1.4682,6.9129,NA,1.4682,NA,NA,-0.009721,NA,NA,NA,NA,0.005998,0.005984,76.4274,-0.831345,-0.764274,-0.697202,0.697202,0.764274,0.831345,-612.6436,-415.8997,-273.4721,273.4721,415.8997,612.6436
JPSS2_20251121T124800_vs_HYPERNETS_20251121T131500_RHOW_R_poly.csv,THFR_poly,Hyp,JPSS2,3.6641600000000003,43.43485999999999,3.6635970000000007,43.438946,0.46,2.25,2025-11-21T12:15:00Z,2025-11-21T11:48:00Z,27,30,2,1.2547,5.951,NA,1.2547,NA,NA,-0.008104,NA,NA,NA,NA,0.006059,0.006053,76.8135,-0.83271,-0.768135,-0.703561,0.703561,0.768135,0.83271,-611.0346,-419.3012,-279.2694,279.2694,419.3012,611.0346
JPSS2_20251122T123000_vs_HYPERNETS_20251122T120000_RHOW_R_poly.csv,THFR_poly,Hyp,JPSS2,3.6641600000000003,43.43485999999999,3.661147,43.442699,0.91,2.25,2025-11-22T11:00:00Z,2025-11-22T11:30:00Z,30,30,4,0.6666,0.7946,0.2413,0.7498,2.3301,-0.010039,-9.8e-4,0.001935,NA,FALSE,FALSE,0.002762,0.002415,39.4645,-0.535762,-0.380924,-0.239807,0.239807,0.380924,0.535762,-123.7634,-63.2551,-32.3809,32.3809,63.2551,123.7634
JPSS2_20251122T123000_vs_HYPERNETS_20251122T121500_RHOW_R_poly.csv,THFR_poly,Hyp,JPSS2,3.6641600000000003,43.43485999999999,3.661147,43.442699,0.91,2.25,2025-11-22T11:15:00Z,2025-11-22T11:30:00Z,15,30,4,0.7118,0.7484,0.2725,0.7822,2.2454,-0.008053,-6.43e-4,0.001938,NA,FALSE,FALSE,0.0021,0.001853,36.6057,-0.475276,-0.320334,-0.135419,0.211115,0.320334,0.475276,-96.2243,-48.418,-17.5598,26.1452,48.418,96.2243
JPSS2_20251122T123000_vs_HYPERNETS_20251122T123000_RHOW_R_poly.csv,THFR_poly,Hyp,JPSS2,3.6641600000000003,43.43485999999999,3.661147,43.442699,0.91,2.25,2025-11-22T11:30:00Z,2025-11-22T11:30:00Z,0,30,4,0.7389,0.7669,0.2925,0.8029,2.204,-0.007408,-5.9e-4,0.001894,NA,FALSE,FALSE,0.001882,0.001672,35.5163,-0.450001,-0.296792,-0.112773,0.201953,0.296792,0.450001,-86.7556,-43.3057,-14.521,24.3151,43.3057,86.7556
JPSS2_20251122T123000_vs_HYPERNETS_20251122T124500_RHOW_R_poly.csv,THFR_poly,Hyp,JPSS2,3.6641600000000003,43.43485999999999,3.661147,43.442699,0.91,2.25,2025-11-22T11:45:00Z,2025-11-22T11:30:00Z,15,30,4,0.7526,0.7827,0.3036,0.8132,2.1784,-0.007098,-5.71e-4,0.001866,NA,FALSE,FALSE,0.001785,0.001587,34.6604,-0.438864,-0.286279,-0.104933,0.194019,0.286279,0.438864,-82.7316,-41.1629,-13.3956,23.0837,41.1629,82.7316
JPSS2_20251122T123000_vs_HYPERNETS_20251122T130000_RHOW_R_poly.csv,THFR_poly,Hyp,JPSS2,3.6641600000000003,43.43485999999999,3.661147,43.442699,0.91,2.25,2025-11-22T12:00:00Z,2025-11-22T11:30:00Z,30,30,4,0.7697,0.7693,0.3177,0.8265,2.1499,-0.006539,-4.72e-4,0.001861,NA,FALSE,FALSE,0.001592,0.001439,35.0513,-0.413405,-0.262585,-0.065897,0.244961,0.307853,0.413405,-74.3432,-36.5303,-9.0759,25.4277,39.4451,74.3432
JPSS2_20251126T125401_vs_HYPERNETS_20251126T123000_RHOW_R_poly.csv,THFR_poly,Hyp,JPSS2,3.6641600000000003,43.43485999999999,3.664208,43.439659,0.53,2.25,2025-11-26T11:30:00Z,2025-11-26T11:54:01Z,24,30,4,0.286,0.7057,0.093,0.3489,1.3089,-0.004097,7.88e-4,0.00209,NA,FALSE,FALSE,0.003222,0.002525,43.0062,-0.569442,-0.478759,-0.339379,0.339379,0.478759,0.569442,-132.5745,-94.0321,-53.1518,53.1518,94.0321,132.5745
JPSS2_20251126T125401_vs_HYPERNETS_20251126T124500_RHOW_R_poly.csv,THFR_poly,Hyp,JPSS2,3.6641600000000003,43.43485999999999,3.664208,43.439659,0.53,2.25,2025-11-26T11:45:00Z,2025-11-26T11:54:01Z,9,30,4,0.2931,0.7288,0.0953,0.3575,1.341,-0.004247,7.48e-4,0.00208,NA,FALSE,FALSE,0.003175,0.002515,43.6771,-0.564898,-0.490134,-0.362008,0.362008,0.490134,0.564898,-130.1554,-97.5821,-59.0314,59.0314,97.5821,130.1554
JPSS2_20251126T125401_vs_HYPERNETS_20251126T130000_RHOW_R_poly.csv,THFR_poly,Hyp,JPSS2,3.6641600000000003,43.43485999999999,3.664208,43.439659,0.53,2.25,2025-11-26T12:00:00Z,2025-11-26T11:54:01Z,6,30,4,0.2794,0.6639,0.0909,0.3406,1.2763,-0.0038,8.65e-4,0.00211,NA,FALSE,FALSE,0.003183,0.002423,40.084,-0.564132,-0.435924,-0.272632,0.272632,0.435924,0.564132,-129.8364,-80.9854,-38.3755,38.3755,80.9854,129.8364
JPSS2_20251127T123601_vs_HYPERNETS_20251127T121500_RHOW_R_poly.csv,THFR_poly,Hyp,JPSS2,3.6641600000000003,43.43485999999999,3.6668879999999997,43.438049,0.42,2.25,2025-11-27T11:15:00Z,2025-11-27T11:36:01Z,21,30,2,1.9478,5.0656,NA,1.9478,NA,NA,-0.010467,NA,NA,NA,NA,0.003989,0.003893,58.8228,-0.690192,-0.588228,-0.486264,0.486264,0.588228,0.690192,-266.7371,-179.5419,-113.0782,113.0782,179.5419,266.7371
JPSS2_20251127T123601_vs_HYPERNETS_20251127T123000_RHOW_R_poly.csv,THFR_poly,Hyp,JPSS2,3.6641600000000003,43.43485999999999,3.6668879999999997,43.438049,0.42,2.25,2025-11-27T11:30:00Z,2025-11-27T11:36:01Z,6,30,2,2.0915,5.4079,NA,2.0915,NA,NA,-0.011369,NA,NA,NA,NA,0.00396,0.003847,58.4222,-0.688499,-0.584222,-0.479946,0.479946,0.584222,0.688499,-266.2813,-178.0171,-111.0223,111.0223,178.0171,266.2813
JPSS2_20251127T123601_vs_HYPERNETS_20251127T124500_RHOW_R_poly.csv,THFR_poly,Hyp,JPSS2,3.6641600000000003,43.43485999999999,3.6668879999999997,43.438049,0.42,2.25,2025-11-27T11:45:00Z,2025-11-27T11:36:01Z,9,30,2,2.0856,5.4138,NA,2.0856,NA,NA,-0.011385,NA,NA,NA,NA,0.003985,0.003874,58.5831,-0.689725,-0.585831,-0.481937,0.481937,0.585831,0.689725,-267.7549,-179.1165,-111.8423,111.8423,179.1165,267.7549
JPSS2_20251127T123601_vs_HYPERNETS_20251127T130000_RHOW_R_poly.csv,THFR_poly,Hyp,JPSS2,3.6641600000000003,43.43485999999999,3.6668879999999997,43.438049,0.42,2.25,2025-11-27T12:00:00Z,2025-11-27T11:36:01Z,24,30,2,1.9255,4.7274,NA,1.9255,NA,NA,-0.009576,NA,NA,NA,NA,0.003614,0.00351,56.567,-0.671646,-0.56567,-0.459693,0.459693,0.56567,0.671646,-244.4108,-163.781,-102.0274,102.0274,163.781,244.4108
JPSS2_20251208T123001_vs_HYPERNETS_20251208T121500_RHOW_R_poly.csv,THFR_poly,Hyp,JPSS2,3.6641600000000003,43.43485999999999,3.6675350000000004,43.444224999999996,1.08,2.25,2025-12-08T11:15:00Z,2025-12-08T11:30:01Z,15,30,1,NA,NA,NA,NA,NA,NA,NA,NA,NA,NA,NA,NA,NA,NA,NA,NA,NA,NA,NA,NA,NA,NA,NA,NA,NA,NA
JPSS2_20251208T123001_vs_HYPERNETS_20251208T123000_RHOW_R_poly.csv,THFR_poly,Hyp,JPSS2,3.6641600000000003,43.43485999999999,3.6675350000000004,43.444224999999996,1.08,2.25,2025-12-08T11:30:00Z,2025-12-08T11:30:01Z,0,30,1,NA,NA,NA,NA,NA,NA,NA,NA,NA,NA,NA,NA,NA,NA,NA,NA,NA,NA,NA,NA,NA,NA,NA,NA,NA,NA
JPSS2_20251208T123001_vs_HYPERNETS_20251208T124500_RHOW_R_poly.csv,THFR_poly,Hyp,JPSS2,3.6641600000000003,43.43485999999999,3.6675350000000004,43.444224999999996,1.08,2.25,2025-12-08T11:45:00Z,2025-12-08T11:30:01Z,15,30,1,NA,NA,NA,NA,NA,NA,NA,NA,NA,NA,NA,NA,NA,NA,NA,NA,NA,NA,NA,NA,NA,NA,NA,NA,NA,NA
JPSS2_20251208T123001_vs_HYPERNETS_20251208T130000_RHOW_R_poly.csv,THFR_poly,Hyp,JPSS2,3.6641600000000003,43.43485999999999,3.6675350000000004,43.444224999999996,1.08,2.25,2025-12-08T12:00:00Z,2025-12-08T11:30:01Z,30,30,1,NA,NA,NA,NA,NA,NA,NA,NA,NA,NA,NA,NA,NA,NA,NA,NA,NA,NA,NA,NA,NA,NA,NA,NA,NA,NA
JPSS2_20251229T123600_vs_HYPERNETS_20251229T121500_RHOW_R_poly.csv,THFR_poly,Hyp,JPSS2,3.6641600000000003,43.43485999999999,3.663168,43.440811,0.67,2.25,2025-12-29T11:15:00Z,2025-12-29T11:36:00Z,21,30,2,1.9506,7.3885,NA,1.9506,NA,NA,-0.014731,NA,NA,NA,NA,0.006158,0.006059,69.0525,-0.794398,-0.69052500000000006,-0.586652,0.586652,0.69052500000000006,0.794398,-554.6298,-335.9518,-190.3228,190.3228,335.9518,554.6298
JPSS2_20251229T123600_vs_HYPERNETS_20251229T123000_RHOW_R_poly.csv,THFR_poly,Hyp,JPSS2,3.6641600000000003,43.43485999999999,3.663168,43.440811,0.67,2.25,2025-12-29T11:30:00Z,2025-12-29T11:36:00Z,6,30,2,1.99,7.2678,NA,1.99,NA,NA,-0.014443,NA,NA,NA,NA,0.005843,0.005734,67.9461,-0.786861,-0.679461,-0.572061,0.572061,0.679461,0.786861,-530.4722,-320.3079,-180.2006,180.2006,320.3079,530.4722
JPSS2_20251229T123600_vs_HYPERNETS_20251229T124500_RHOW_R_poly.csv,THFR_poly,Hyp,JPSS2,3.6641600000000003,43.43485999999999,3.663168,43.440811,0.67,2.25,2025-12-29T11:45:00Z,2025-12-29T11:36:00Z,9,30,2,1.9153,6.8261,NA,1.9153,NA,NA,-0.013392,NA,NA,NA,NA,0.005632,0.005528,67.3224,-0.781956,-0.673224,-0.564493,0.564493,0.673224,0.781956,-512.4232,-309.9881,-174.4674,174.4674,309.9881,512.4232
JPSS2_20251229T123600_vs_HYPERNETS_20251229T130000_RHOW_R_poly.csv,THFR_poly,Hyp,JPSS2,3.6641600000000003,43.43485999999999,3.663168,43.440811,0.67,2.25,2025-12-29T12:00:00Z,2025-12-29T11:36:00Z,24,30,2,1.8443,6.3795,NA,1.8443,NA,NA,-0.012329,NA,NA,NA,NA,0.005382,0.005283,66.5314,-0.775773,-0.665314,-0.554855,0.554855,0.665314,0.775773,-491.2792,-297.7467,-167.5596,167.5596,297.7467,491.2792
JPSS2_20251230T121800_vs_HYPERNETS_20251230T120000_RHOW_R_poly.csv,THFR_poly,Hyp,JPSS2,3.6641600000000003,43.43485999999999,3.6675390000000005,43.44364899999999,1.02,2.25,2025-12-30T11:00:00Z,2025-12-30T11:18:00Z,18,30,1,NA,NA,NA,NA,NA,NA,NA,NA,NA,NA,NA,NA,NA,NA,NA,NA,NA,NA,NA,NA,NA,NA,NA,NA,NA,NA
JPSS2_20251230T121800_vs_HYPERNETS_20251230T121500_RHOW_R_poly.csv,THFR_poly,Hyp,JPSS2,3.6641600000000003,43.43485999999999,3.6675390000000005,43.44364899999999,1.02,2.25,2025-12-30T11:15:00Z,2025-12-30T11:18:00Z,3,30,1,NA,NA,NA,NA,NA,NA,NA,NA,NA,NA,NA,NA,NA,NA,NA,NA,NA,NA,NA,NA,NA,NA,NA,NA,NA,NA
JPSS2_20251230T121800_vs_HYPERNETS_20251230T123000_RHOW_R_poly.csv,THFR_poly,Hyp,JPSS2,3.6641600000000003,43.43485999999999,3.6675390000000005,43.44364899999999,1.02,2.25,2025-12-30T11:30:00Z,2025-12-30T11:18:00Z,12,30,1,NA,NA,NA,NA,NA,NA,NA,NA,NA,NA,NA,NA,NA,NA,NA,NA,NA,NA,NA,NA,NA,NA,NA,NA,NA,NA
JPSS2_20251230T121800_vs_HYPERNETS_20251230T124500_RHOW_R_poly.csv,THFR_poly,Hyp,JPSS2,3.6641600000000003,43.43485999999999,3.6675390000000005,43.44364899999999,1.02,2.25,2025-12-30T11:45:00Z,2025-12-30T11:18:00Z,27,30,1,NA,NA,NA,NA,NA,NA,NA,NA,NA,NA,NA,NA,NA,NA,NA,NA,NA,NA,NA,NA,NA,NA,NA,NA,NA,NA
JPSS2_20251231T120000_vs_HYPERNETS_20251231T113000_RHOW_R_poly.csv,THFR_poly,Hyp,JPSS2,3.6641600000000003,43.43485999999999,3.6630350000000003,43.441413999999995,0.74,2.25,2025-12-31T10:30:00Z,2025-12-31T11:00:00Z,30,30,4,0.5749,0.8244,0.3017,0.592,1.1618,-0.002489,4.42e-4,0.001935,NA,FALSE,FALSE,0.002008,0.001657,28.8489,-0.356622,-0.286531,-0.218397,0.218397,0.286531,0.356622,-55.7165,-40.4796,-28.0646,28.0646,40.4796,55.7165
JPSS2_20251231T120000_vs_HYPERNETS_20251231T114500_RHOW_R_poly.csv,THFR_poly,Hyp,JPSS2,3.6641600000000003,43.43485999999999,3.6630350000000003,43.441413999999995,0.74,2.25,2025-12-31T10:45:00Z,2025-12-31T11:00:00Z,15,30,4,0.5839,0.8144,0.3087,0.6007,1.169,-0.002416,4.53e-4,0.001928,NA,FALSE,FALSE,0.001909,0.001563,27.2934,-0.344722,-0.262949,-0.191161,0.191161,0.262949,0.344722,-52.9016,-36.1106,-23.6804,23.6804,36.1106,52.9016
JPSS2_20251231T120000_vs_HYPERNETS_20251231T120000_RHOW_R_poly.csv,THFR_poly,Hyp,JPSS2,3.6641600000000003,43.43485999999999,3.6630350000000003,43.441413999999995,0.74,2.25,2025-12-31T11:00:00Z,2025-12-31T11:00:00Z,0,30,4,0.5877,0.8224,0.3129,0.6042,1.1666,-0.002413,4.31e-4,0.001904,NA,FALSE,FALSE,0.001906,0.00157,27.6264,-0.344051,-0.266911,-0.199124,0.199124,0.266911,0.344051,-52.7415,-36.7854,-24.915,24.915,36.7854,52.7415
JPSS2_20251231T120000_vs_HYPERNETS_20251231T121500_RHOW_R_poly.csv,THFR_poly,Hyp,JPSS2,3.6641600000000003,43.43485999999999,3.6630350000000003,43.441413999999995,0.74,2.25,2025-12-31T11:15:00Z,2025-12-31T11:00:00Z,15,30,4,0.6057,0.7877,0.3165,0.6241,1.2305,-0.002259,5.73e-4,0.002009,NA,FALSE,FALSE,0.001557,0.001182,20.3519,-0.303884,-0.207166,-0.106801,0.106801,0.207166,0.303884,-43.849,-26.7169,-12.0757,12.0757,26.7169,43.849
JPSS2_20251231T120000_vs_HYPERNETS_20251231T123000_RHOW_R_poly.csv,THFR_poly,Hyp,JPSS2,3.6641600000000003,43.43485999999999,3.6630350000000003,43.441413999999995,0.74,2.25,2025-12-31T11:30:00Z,2025-12-31T11:00:00Z,30,30,4,0.6144,0.7766,0.3172,0.6339,1.2666,-0.002206,6.38e-4,0.002061,NA,FALSE,FALSE,0.001408,0.00107,18.9137,-0.284652,-0.187557,-0.070017,0.092043,0.187557,0.284652,-39.9232,-23.6794,-7.7855,10.134,23.6794,39.9232
SNPP_20250117T124800_vs_HYPERNETS_20250117T123000_RHOW_R_pixel.csv,THFR_pixel,Hyp,SNPP,3.6641600000000003,43.43485999999999,3.657205,43.430153000000004,0.77,2.25,2025-01-17T11:30:00Z,2025-01-17T11:48:00Z,18,30,4,0.9212,0.9756,0.2896,1.2031,4.9985,-0.015762,-0.002073,0.001222,NA,FALSE,FALSE,0.001946,0.00151,44.4433,-0.670457,-0.465768,-0.209493,0.239744,0.465768,0.670457,-211.0967,-96.9682,-28.695,32.5311,96.9682,211.0967
SNPP_20250117T124800_vs_HYPERNETS_20250117T124500_RHOW_R_pixel.csv,THFR_pixel,Hyp,SNPP,3.6641600000000003,43.43485999999999,3.657205,43.430153000000004,0.77,2.25,2025-01-17T11:45:00Z,2025-01-17T11:48:00Z,3,30,4,0.9454,0.9647,0.2982,1.2204,4.9944,-0.01508,-0.001972,0.001231,NA,FALSE,FALSE,0.001836,0.001444,43.2515,-0.657927,-0.435928,-0.167141,0.210516,0.435928,0.657927,-198.8764,-87.5598,-21.7424,26.9132,87.5598,198.8764
SNPP_20250117T124800_vs_HYPERNETS_20250117T130000_RHOW_R_pixel.csv,THFR_pixel,Hyp,SNPP,3.6641600000000003,43.43485999999999,3.657205,43.430153000000004,0.77,2.25,2025-01-17T12:00:00Z,2025-01-17T11:48:00Z,12,30,4,0.962,0.9651,0.3045,1.2298,4.966,-0.014626,-0.001916,0.001231,NA,FALSE,FALSE,0.001773,0.001404,42.5814,-0.650053,-0.420789,-0.146904,0.19655,0.420789,0.650053,-191.689,-82.974,-18.691,24.4442,82.974,191.689
SNPP_20250117T124800_vs_HYPERNETS_20250117T131500_RHOW_R_pixel.csv,THFR_pixel,Hyp,SNPP,3.6641600000000003,43.43485999999999,3.657205,43.430153000000004,0.77,2.25,2025-01-17T12:15:00Z,2025-01-17T11:48:00Z,27,30,4,0.9809,0.9905,0.312,1.2404,4.9316,-0.014309,-0.001902,0.001218,NA,FALSE,FALSE,0.001727,0.001379,42.6684,-0.644253,-0.423056,-0.152687,0.205487,0.423056,0.644253,-186.5484,-82.9076,-19.6655,25.8253,82.9076,186.5484
SNPP_20250119T121201_vs_HYPERNETS_20250119T114500_RHOW_R_pixel.csv,THFR_pixel,Hyp,SNPP,3.6641600000000003,43.43485999999999,3.657951,43.428282,0.89,2.25,2025-01-19T10:45:00Z,2025-01-19T11:12:01Z,27,30,4,-0.7282,-0.7033,-2.8774,-0.8467,-0.2491,0.004914,0.007449,0.016063,NA,TRUE,TRUE,0.002702,0.002378,70.1827,-0.452029,-0.163573,0.496785,0.328773,0.493498,0.866552,-84.2639,-25.1362,36.5873,51.6592,100.1338,144.9769
SNPP_20250119T121201_vs_HYPERNETS_20250119T120000_RHOW_R_pixel.csv,THFR_pixel,Hyp,SNPP,3.6641600000000003,43.43485999999999,3.657951,43.428282,0.89,2.25,2025-01-19T11:00:00Z,2025-01-19T11:12:01Z,12,30,4,-0.7295,-0.751,-2.856,-0.8459,-0.2505,0.004983,0.00766,0.016695,NA,TRUE,TRUE,0.002752,0.002375,62.4157,-0.474663,-0.214308,0.369641,0.327301,0.51487,0.811726,-92.2483,-32.5873,25.7988,53.5613,108.6058,146.3501
SNPP_20250119T121201_vs_HYPERNETS_20250119T121500_RHOW_R_pixel.csv,THFR_pixel,Hyp,SNPP,3.6641600000000003,43.43485999999999,3.657951,43.428282,0.89,2.25,2025-01-19T11:15:00Z,2025-01-19T11:12:01Z,3,30,4,-0.7301,-0.8373,-2.7575,-0.838,-0.2547,0.00512,0.008013,0.017532,NA,TRUE,TRUE,0.002914,0.002612,57.1343,-0.511548,-0.288089,0.192187,0.380235,0.550716,0.741824,-106.9811,-45.4241,10.6185,66.0189,98.5573,121.9429
SNPP_20250128T124201_vs_HYPERNETS_20250128T123000_RHOW_R_pixel.csv,THFR_pixel,Hyp,SNPP,3.6641600000000003,43.43485999999999,3.6628849999999997,43.430737,0.47,2.25,2025-01-28T11:30:00Z,2025-01-28T11:42:01Z,12,30,4,0.6263,0.6555,0.1988,0.795,3.1786,-0.01249,-9.4e-5,0.003007,NA,FALSE,FALSE,0.001506,0.001174,20.363,-0.308009,-0.19525,-0.086082,0.090872,0.19525,0.308009,-45.1265,-24.8392,-9.6104,10.1342,24.8392,45.1265
SNPP_20250129T122401_vs_HYPERNETS_20250129T120000_RHOW_R_pixel.csv,THFR_pixel,Hyp,SNPP,3.6641600000000003,43.43485999999999,3.659501,43.427678,0.88,2.25,2025-01-29T11:00:00Z,2025-01-29T11:24:01Z,24,30,4,0.5442,1.1902,0.2632,0.5665,1.2192,-0.004251,-6.14e-4,0.001075,NA,FALSE,FALSE,0.00332,0.00303,57.2682,-0.625671,-0.594249,-0.54126,0.54126,0.594249,0.625671,-167.3529,-146.8543,-119.2838,119.2838,146.8543,167.3529
SNPP_20250129T122401_vs_HYPERNETS_20250129T121500_RHOW_R_pixel.csv,THFR_pixel,Hyp,SNPP,3.6641600000000003,43.43485999999999,3.659501,43.427678,0.88,2.25,2025-01-29T11:15:00Z,2025-01-29T11:24:01Z,9,30,4,0.4959,1.6299,0.1954,0.5397,1.4904,-0.009121,-0.001681,0.001013,NA,FALSE,FALSE,0.005525,0.005283,70.7769,-0.763253,-0.730637,-0.675153,0.675153,0.730637,0.763253,-327.4501,-271.6715,-214.8416,214.8416,271.6715,327.4501
SNPP_20250129T122401_vs_HYPERNETS_20250129T124500_RHOW_R_pixel.csv,THFR_pixel,Hyp,SNPP,3.6641600000000003,43.43485999999999,3.659501,43.427678,0.88,2.25,2025-01-29T11:45:00Z,2025-01-29T11:24:01Z,21,30,4,0.4167,1.5926,0.1616,0.4558,1.2851,-0.009235,-0.001635,0.001061,NA,FALSE,FALSE,0.00696,0.006622,75.0062,-0.797792,-0.771187,-0.723458,0.723458,0.771187,0.797792,-399.6111,-337.5361,-270.0754,270.0754,337.5361,399.6111
SNPP_20250131T114800_vs_HYPERNETS_20250131T113000_RHOW_R_pixel.csv,THFR_pixel,Hyp,SNPP,3.6641600000000003,43.43485999999999,3.657062,43.430623999999995,0.74,2.25,2025-01-31T10:30:00Z,2025-01-31T10:48:00Z,18,30,5,0.6728,0.8388,0.3438,0.7715,1.7314,-0.003353,8.53e-4,0.002727,NA,FALSE,FALSE,0.001085,8.58e-4,21.0561,-0.089872,-0.072478,0.065166,0.072478,0.089872,0.276192,-9.8747,-7.8142,6.5166,7.8142,9.8747,38.1581
SNPP_20250131T114800_vs_HYPERNETS_20250131T114500_RHOW_R_pixel.csv,THFR_pixel,Hyp,SNPP,3.6641600000000003,43.43485999999999,3.657062,43.430623999999995,0.74,2.25,2025-01-31T10:45:00Z,2025-01-31T10:48:00Z,3,30,5,0.7062,0.8581,0.369,0.7954,1.7146,-0.003267,7.54e-4,0.002619,NA,FALSE,FALSE,9.9e-4,7.55e-4,17.5682,-0.070338,-0.038222,0.051736,0.051736,0.070338,0.267258,-7.5659,-3.9741,5.1736,5.1736,7.5659,36.4737
SNPP_20250131T114800_vs_HYPERNETS_20250131T120000_RHOW_R_pixel.csv,THFR_pixel,Hyp,SNPP,3.6641600000000003,43.43485999999999,3.657062,43.430623999999995,0.74,2.25,2025-01-31T11:00:00Z,2025-01-31T10:48:00Z,12,30,5,0.7295,0.8548,0.3881,0.8122,1.6998,-0.003137,7.11e-4,0.00255,NA,FALSE,FALSE,9.21e-4,6.78e-4,15.5293,-0.049413,0.019375,0.046109,0.046109,0.049413,0.257563,-5.1982,1.9375,4.6109,4.6109,5.1982,34.6917
SNPP_20250131T114800_vs_HYPERNETS_20250131T121500_RHOW_R_pixel.csv,THFR_pixel,Hyp,SNPP,3.6641600000000003,43.43485999999999,3.657062,43.430623999999995,0.74,2.25,2025-01-31T11:15:00Z,2025-01-31T10:48:00Z,27,30,5,0.7452,0.8409,0.3987,0.8267,1.7139,-0.003028,7.31e-4,0.002544,NA,FALSE,FALSE,8.82e-4,6.59e-4,16.8439,-0.026674,0.066009,0.083135,0.066009,0.083135,0.240752,-2.7405,6.6009,8.3135,6.6009,8.3135,31.7093
SNPP_20250203T123000_vs_HYPERNETS_20250203T120000_RHOW_R_pixel.csv,THFR_pixel,Hyp,SNPP,3.6641600000000003,43.43485999999999,3.6590399999999996,43.431194,0.58,2.25,2025-02-03T11:00:00Z,2025-02-03T11:30:00Z,30,30,4,0.3708,1.0852,0.1169,0.5515,2.6008,-0.02,-0.002579,0.001115,NA,FALSE,FALSE,0.006921,0.006391,77.1378,-0.861912,-0.813704,-0.723171,0.723171,0.813704,0.861912,-649.7977,-443.6775,-283.4717,283.4717,443.6775,649.7977
SNPP_20250203T123000_vs_HYPERNETS_20250203T121500_RHOW_R_pixel.csv,THFR_pixel,Hyp,SNPP,3.6641600000000003,43.43485999999999,3.6590399999999996,43.431194,0.58,2.25,2025-02-03T11:15:00Z,2025-02-03T11:30:00Z,15,30,4,0.375,1.0782,0.1175,0.5393,2.4764,-0.018782,-0.002441,0.001118,NA,FALSE,FALSE,0.006864,0.006327,76.9973,-0.860975,-0.809474,-0.718472,0.718472,0.809474,0.860975,-642.2728,-433.1916,-274.0861,274.0861,433.1916,642.2728
SNPP_20250203T123000_vs_HYPERNETS_20250203T123000_RHOW_R_pixel.csv,THFR_pixel,Hyp,SNPP,3.6641600000000003,43.43485999999999,3.6590399999999996,43.431194,0.58,2.25,2025-02-03T11:30:00Z,2025-02-03T11:30:00Z,0,30,4,0.3879,1.0877,0.1212,0.544,2.4421,-0.017985,-0.002367,0.001112,NA,FALSE,FALSE,0.006643,0.006119,76.5012,-0.857201,-0.804031,-0.711842,0.711842,0.804031,0.857201,-620.9984,-418.7833,-264.3209,264.3209,418.7833,620.9984
SNPP_20250203T123000_vs_HYPERNETS_20250203T124500_RHOW_R_pixel.csv,THFR_pixel,Hyp,SNPP,3.6641600000000003,43.43485999999999,3.6590399999999996,43.431194,0.58,2.25,2025-02-03T11:45:00Z,2025-02-03T11:30:00Z,15,30,4,0.3895,1.1086,0.1217,0.5435,2.4278,-0.018013,-0.002395,0.001101,NA,FALSE,FALSE,0.006696,0.006179,76.7621,-0.857882,-0.807391,-0.717129,0.717129,0.807391,0.857882,-624.3724,-426.8633,-272.1652,272.1652,426.8633,624.3724
SNPP_20250203T123000_vs_HYPERNETS_20250203T130000_RHOW_R_pixel.csv,THFR_pixel,Hyp,SNPP,3.6641600000000003,43.43485999999999,3.6590399999999996,43.431194,0.58,2.25,2025-02-03T12:00:00Z,2025-02-03T11:30:00Z,30,30,4,0.4127,1.1217,0.1289,0.5635,2.4633,-0.017316,-0.002334,0.001093,NA,FALSE,FALSE,0.006267,0.005777,75.6761,-0.850275,-0.797549,-0.704035,0.704035,0.797549,0.850275,-586.1639,-401.3387,-254.9737,254.9737,401.3387,586.1639
SNPP_20250204T121201_vs_HYPERNETS_20250204T114500_RHOW_R_pixel.csv,THFR_pixel,Hyp,SNPP,3.6641600000000003,43.43485999999999,3.658574,43.429851,0.72,2.25,2025-02-04T10:45:00Z,2025-02-04T11:12:01Z,27,30,5,0.6229,1.0683,0.3038,0.7579,1.8903,-0.00825,-0.001775,8.2e-4,NA,FALSE,FALSE,0.003473,0.00316,56.5354,-0.666085,-0.621226,-0.346,0.346,0.621226,0.666085,-199.477,-164.0099,-52.9052,52.9052,164.0099,199.477
SNPP_20250204T121201_vs_HYPERNETS_20250204T120000_RHOW_R_pixel.csv,THFR_pixel,Hyp,SNPP,3.6641600000000003,43.43485999999999,3.658574,43.429851,0.72,2.25,2025-02-04T11:00:00Z,2025-02-04T11:12:01Z,12,30,5,0.6311,1.0745,0.308,0.7671,1.9103,-0.008278,-0.001794,8.1e-4,NA,FALSE,FALSE,0.003423,0.003115,56.2593,-0.663297,-0.617183,-0.345075,0.345075,0.617183,0.663297,-196.9977,-161.2213,-52.6893,52.6893,161.2213,196.9977
SNPP_20250204T121201_vs_HYPERNETS_20250204T121500_RHOW_R_pixel.csv,THFR_pixel,Hyp,SNPP,3.6641600000000003,43.43485999999999,3.658574,43.429851,0.72,2.25,2025-02-04T11:15:00Z,2025-02-04T11:12:01Z,3,30,5,0.6286,1.0763,0.3074,0.7614,1.8858,-0.008165,-0.001772,8.1e-4,NA,FALSE,FALSE,0.003436,0.003128,56.3708,-0.663314,-0.618405,-0.345692,0.345692,0.618405,0.663314,-197.0124,-162.0578,-52.8332,52.8332,162.0578,197.0124
SNPP_20250204T121201_vs_HYPERNETS_20250204T123000_RHOW_R_pixel.csv,THFR_pixel,Hyp,SNPP,3.6641600000000003,43.43485999999999,3.658574,43.429851,0.72,2.25,2025-02-04T11:30:00Z,2025-02-04T11:12:01Z,18,30,5,0.6247,1.1191,0.3073,0.7491,1.8262,-0.008059,-0.001798,7.71e-4,NA,FALSE,FALSE,0.003553,0.003256,57.6905,-0.668548,-0.625163,-0.380158,0.380158,0.625163,0.668548,-201.7031,-166.7826,-61.3315,61.3315,166.7826,201.7031
SNPP_20250205T115401_vs_HYPERNETS_20250205T113000_RHOW_R_pixel.csv,THFR_pixel,Hyp,SNPP,3.6641600000000003,43.43485999999999,3.652024,43.424016,1.56,2.25,2025-02-05T10:30:00Z,2025-02-05T10:54:01Z,24,30,5,0.7548,0.7925,0.4532,0.7979,1.4048,-0.002086,5.7e-5,0.001275,NA,FALSE,FALSE,9.25e-4,7.13e-4,19.1088,-0.220293,-0.154079,-0.087827,0.144215,0.154079,0.220293,-28.2533,-18.2143,-9.6283,14.4215,18.2143,28.2533
SNPP_20250205T115401_vs_HYPERNETS_20250205T114500_RHOW_R_pixel.csv,THFR_pixel,Hyp,SNPP,3.6641600000000003,43.43485999999999,3.652024,43.424016,1.56,2.25,2025-02-05T10:45:00Z,2025-02-05T10:54:01Z,9,30,5,0.761,0.7687,0.453,0.8067,1.4365,-0.002094,8.5e-5,0.001309,NA,FALSE,FALSE,8.72e-4,6.68e-4,19.6494,-0.208164,-0.137695,-0.06855,0.137695,0.208164,0.229024,-26.2889,-15.9682,-7.3594,15.9682,22.9024,26.2889
SNPP_20250205T115401_vs_HYPERNETS_20250205T120000_RHOW_R_pixel.csv,THFR_pixel,Hyp,SNPP,3.6641600000000003,43.43485999999999,3.652024,43.424016,1.56,2.25,2025-02-05T11:00:00Z,2025-02-05T10:54:01Z,6,30,5,0.7621,0.8222,0.4538,0.8078,1.438,-0.002323,-4.5e-5,0.001235,NA,FALSE,FALSE,9.82e-4,7.68e-4,19.3755,-0.243825,-0.207058,-0.092542,0.092542,0.207058,0.243825,-32.2445,-26.1126,-10.1979,10.1979,26.1126,32.2445
SNPP_20250205T115401_vs_HYPERNETS_20250205T121500_RHOW_R_pixel.csv,THFR_pixel,Hyp,SNPP,3.6641600000000003,43.43485999999999,3.652024,43.424016,1.56,2.25,2025-02-05T11:15:00Z,2025-02-05T10:54:01Z,21,30,5,0.7396,0.7943,0.4412,0.7835,1.3914,-0.002224,4e-6,0.001259,NA,FALSE,FALSE,0.001043,8.35e-4,21.241,-0.255699,-0.214866,-0.111184,0.112687,0.214866,0.255699,-34.3543,-27.3668,-12.5092,12.5092,27.3668,34.3543
SNPP_20250214T122401_vs_HYPERNETS_20250214T120000_RHOW_R_pixel.csv,THFR_pixel,Hyp,SNPP,3.6641600000000003,43.43485999999999,3.6639030000000004,43.42803000000001,0.76,2.25,2025-02-14T11:00:00Z,2025-02-14T11:24:01Z,24,30,5,0.3323,2.4779,0.2119,0.3459,0.5648,-0.008246,-0.003854,-0.001163,NA,TRUE,TRUE,0.01765,0.01698,87.0981,-0.944676,-0.881344,-0.822744,0.822744,0.881344,0.944676,-1707.5421,-742.7732,-464.1567,464.1567,742.7732,1707.5421
SNPP_20250214T122401_vs_HYPERNETS_20250214T123000_RHOW_R_pixel.csv,THFR_pixel,Hyp,SNPP,3.6641600000000003,43.43485999999999,3.6639030000000004,43.42803000000001,0.76,2.25,2025-02-14T11:30:00Z,2025-02-14T11:24:01Z,6,30,5,0.3784,2.4081,0.2363,0.3958,0.6629,-0.008373,-0.003755,-9.97e-4,NA,TRUE,TRUE,0.014742,0.014203,85.0296,-0.933985,-0.862905,-0.795836,0.795836,0.862905,0.933985,-1414.8067,-629.42,-389.8021,389.8021,629.42,1414.8067
SNPP_20250214T122401_vs_HYPERNETS_20250214T124500_RHOW_R_pixel.csv,THFR_pixel,Hyp,SNPP,3.6641600000000003,43.43485999999999,3.6639030000000004,43.42803000000001,0.76,2.25,2025-02-14T11:45:00Z,2025-02-14T11:24:01Z,21,30,5,0.3925,2.4384,0.2415,0.4122,0.7033,-0.008797,-0.003876,-9.93e-4,NA,TRUE,TRUE,0.014303,0.013811,84.6547,-0.932856,-0.860177,-0.790559,0.790559,0.860177,0.932856,-1389.3387,-615.1894,-377.4621,377.4621,615.1894,1389.3387
SNPP_20250215T120600_vs_HYPERNETS_20250215T114500_RHOW_R_pixel.csv,THFR_pixel,Hyp,SNPP,3.6641600000000003,43.43485999999999,3.659836,43.430446999999994,0.6,2.25,2025-02-15T10:45:00Z,2025-02-15T11:06:00Z,21,30,5,0.5295,1.1228,0.2547,0.6687,1.7557,-0.010401,-0.002338,7.33e-4,NA,FALSE,FALSE,0.005166,0.004796,66.0915,-0.722027,-0.69816,-0.514795,0.514795,0.69816,0.722027,-259.7477,-231.3017,-106.0986,106.0986,231.3017,259.7477
SNPP_20250215T120600_vs_HYPERNETS_20250215T120000_RHOW_R_pixel.csv,THFR_pixel,Hyp,SNPP,3.6641600000000003,43.43485999999999,3.659836,43.430446999999994,0.6,2.25,2025-02-15T11:00:00Z,2025-02-15T11:06:00Z,6,30,5,0.5304,1.0859,0.2559,0.663,1.7178,-0.009834,-0.002186,7.66e-4,NA,FALSE,FALSE,0.005009,0.004629,65.0714,-0.7173,-0.688171,-0.483897,0.483897,0.688171,0.7173,-253.7314,-220.6891,-93.7597,93.7597,220.6891,253.7314
SNPP_20250215T120600_vs_HYPERNETS_20250215T121500_RHOW_R_pixel.csv,THFR_pixel,Hyp,SNPP,3.6641600000000003,43.43485999999999,3.659836,43.430446999999994,0.6,2.25,2025-02-15T11:15:00Z,2025-02-15T11:06:00Z,9,30,5,0.5171,1.0958,0.2499,0.6435,1.6571,-0.009689,-0.002159,7.66e-4,NA,FALSE,FALSE,0.005196,0.004807,65.949,-0.724424,-0.695588,-0.496742,0.496742,0.695588,0.724424,-262.8757,-228.5025,-98.7051,98.7051,228.5025,262.8757
SNPP_20250215T120600_vs_HYPERNETS_20250215T123000_RHOW_R_pixel.csv,THFR_pixel,Hyp,SNPP,3.6641600000000003,43.43485999999999,3.659836,43.430446999999994,0.6,2.25,2025-02-15T11:30:00Z,2025-02-15T11:06:00Z,24,30,5,0.5147,1.1688,0.2479,0.647,1.6888,-0.010368,-0.002355,7.15e-4,NA,FALSE,FALSE,0.005446,0.00507,67.5159,-0.732737,-0.708511,-0.54396,0.54396,0.708511,0.732737,-274.1632,-243.066,-119.2792,119.2792,243.066,274.1632
SNPP_20250531T123601_vs_HYPERNETS_20250531T121500_RHOW_R_pixel.csv,THFR_pixel,Hyp,SNPP,3.6641600000000003,43.43485999999999,3.6701449999999998,43.431627999999996,0.6,2.25,2025-05-31T10:15:00Z,2025-05-31T10:36:01Z,21,30,5,0.6216,0.9677,0.3013,0.7668,1.9516,-0.007166,-3.19e-4,0.002371,NA,FALSE,FALSE,0.002151,0.001667,27.9459,-0.351973,-0.271333,-0.221798,0.221798,0.271333,0.351973,-54.3145,-37.2368,-28.5013,28.5013,37.2368,54.3145
SNPP_20250531T123601_vs_HYPERNETS_20250531T123000_RHOW_R_pixel.csv,THFR_pixel,Hyp,SNPP,3.6641600000000003,43.43485999999999,3.6701449999999998,43.431627999999996,0.6,2.25,2025-05-31T10:30:00Z,2025-05-31T10:36:01Z,6,30,5,0.6191,0.9928,0.301,0.7586,1.9118,-0.00735,-4.36e-4,0.002307,NA,FALSE,FALSE,0.002322,0.001883,30.9786,-0.385946,-0.303446,-0.238573,0.238573,0.303446,0.385946,-62.852,-43.5639,-31.3323,31.3323,43.5639,62.852
SNPP_20250531T123601_vs_HYPERNETS_20250531T124500_RHOW_R_pixel.csv,THFR_pixel,Hyp,SNPP,3.6641600000000003,43.43485999999999,3.6701449999999998,43.431627999999996,0.6,2.25,2025-05-31T10:45:00Z,2025-05-31T10:36:01Z,9,30,5,0.6106,0.9716,0.2966,0.7496,1.8943,-0.007176,-3.55e-4,0.002344,NA,FALSE,FALSE,0.002307,0.001847,30.242,-0.368499,-0.296745,-0.240671,0.240671,0.296745,0.368499,-58.3528,-42.196,-31.6952,31.6952,42.196,58.3528
SNPP_20250531T123601_vs_HYPERNETS_20250531T130000_RHOW_R_pixel.csv,THFR_pixel,Hyp,SNPP,3.6641600000000003,43.43485999999999,3.6701449999999998,43.431627999999996,0.6,2.25,2025-05-31T11:00:00Z,2025-05-31T10:36:01Z,24,30,5,0.6109,0.9957,0.2969,0.7491,1.8902,-0.007291,-4.07e-4,0.002321,NA,FALSE,FALSE,0.002366,0.001921,31.3704,-0.398184,-0.305533,-0.250544,0.250544,0.305533,0.398184,-66.1636,-43.9952,-33.4301,33.4301,43.9952,66.1636
SNPP_20250616T123601_vs_HYPERNETS_20250616T121500_RHOW_R_pixel.csv,THFR_pixel,Hyp,SNPP,3.6641600000000003,43.43485999999999,3.669214,43.429215000000006,0.75,2.25,2025-06-16T10:15:00Z,2025-06-16T10:36:01Z,21,30,5,0.8506,1.3906,0.4848,0.9156,1.7292,-0.008548,-0.00255,6.25e-4,NA,FALSE,FALSE,0.003393,0.003173,48.3662,-0.549207,-0.539624,-0.512283,0.512283,0.539624,0.549207,-121.8315,-117.2137,-105.0371,105.0371,117.2137,121.8315
SNPP_20250616T123601_vs_HYPERNETS_20250616T123000_RHOW_R_pixel.csv,THFR_pixel,Hyp,SNPP,3.6641600000000003,43.43485999999999,3.669214,43.429215000000006,0.75,2.25,2025-06-16T10:30:00Z,2025-06-16T10:36:01Z,6,30,5,0.8584,1.4134,0.4768,0.934,1.8297,-0.009561,-0.002825,6.13e-4,NA,FALSE,FALSE,0.003552,0.003321,49.4831,-0.566715,-0.556105,-0.530776,0.530776,0.556105,0.566715,-130.7951,-125.2784,-113.1178,113.1178,125.2784,130.7951
SNPP_20250616T123601_vs_HYPERNETS_20250616T124500_RHOW_R_pixel.csv,THFR_pixel,Hyp,SNPP,3.6641600000000003,43.43485999999999,3.669214,43.429215000000006,0.75,2.25,2025-06-16T10:45:00Z,2025-06-16T10:36:01Z,9,30,5,0.8863,1.4279,0.4974,0.96,1.8528,-0.009217,-0.002752,5.97e-4,NA,FALSE,FALSE,0.003269,0.003042,47.5674,-0.540589,-0.537526,-0.50866,0.50866,0.537526,0.540589,-117.6698,-116.2283,-103.5251,103.5251,116.2283,117.6698
SNPP_20250616T123601_vs_HYPERNETS_20250616T130000_RHOW_R_pixel.csv,THFR_pixel,Hyp,SNPP,3.6641600000000003,43.43485999999999,3.669214,43.429215000000006,0.75,2.25,2025-06-16T11:00:00Z,2025-06-16T10:36:01Z,24,30,5,0.8985,1.4244,0.5075,0.9706,1.8562,-0.0089,-0.002651,6.17e-4,NA,FALSE,FALSE,0.003088,0.002858,46.1641,-0.530882,-0.513633,-0.492239,0.492239,0.513633,0.530882,-113.1662,-105.6059,-96.9432,96.9432,105.6059,113.1662
SNPP_20250619T132401_vs_HYPERNETS_20250619T134500_RHOW_R_pixel.csv,THFR_pixel,Hyp,SNPP,3.6641600000000003,43.43485999999999,3.659939,43.429123000000004,0.72,2.25,2025-06-19T11:45:00Z,2025-06-19T11:24:01Z,21,30,4,1.0654,1.4074,0.3818,1.2045,3.8,-0.020471,-0.003951,0.001285,NA,FALSE,FALSE,0.003151,0.00265,50.8783,-0.634848,-0.558392,-0.432326,0.432326,0.558392,0.634848,-200.321,-126.452,-86.6049,86.6049,126.452,200.321
SNPP_20250620T130001_vs_HYPERNETS_20250620T124500_RHOW_R_pixel.csv,THFR_pixel,Hyp,SNPP,3.6641600000000003,43.43485999999999,3.6535810000000004,43.429539000000005,1.04,2.25,2025-06-20T10:45:00Z,2025-06-20T11:00:01Z,15,30,5,0.3274,0.6928,0.2853,1.0744,4.0457,-0.016654,-2.28e-4,0.004135,NA,FALSE,FALSE,0.002873,0.002603,47.1988,-0.290546,-0.124472,0.631817,0.290546,0.45206,0.631817,-40.9534,-14.2167,63.1817,40.9534,63.1817,82.5019
SNPP_20250620T130001_vs_HYPERNETS_20250620T130000_RHOW_R_pixel.csv,THFR_pixel,Hyp,SNPP,3.6641600000000003,43.43485999999999,3.6535810000000004,43.429539000000005,1.04,2.25,2025-06-20T11:00:00Z,2025-06-20T11:00:01Z,0,30,5,0.3152,0.6494,0.2848,1.076,4.0652,-0.015557,8.3e-5,0.004222,NA,FALSE,FALSE,0.002929,0.002574,49.372,-0.269234,-0.012628,0.748063,0.269234,0.42675,0.748063,-36.8427,-1.2789,74.8063,36.8427,74.4439,74.8063
SNPP_20250620T130001_vs_HYPERNETS_20250620T131500_RHOW_R_pixel.csv,THFR_pixel,Hyp,SNPP,3.6641600000000003,43.43485999999999,3.6535810000000004,43.429539000000005,1.04,2.25,2025-06-20T11:15:00Z,2025-06-20T11:00:01Z,15,30,5,0.3322,0.6594,0.283,1.063,3.9935,-0.015469,7.4e-5,0.004211,NA,FALSE,FALSE,0.002894,0.002554,47.4756,-0.276132,0.008343,0.706228,0.276132,0.432771,0.706228,-38.1468,0.8343,70.6228,38.1468,70.6228,76.2958
SNPP_20250620T130001_vs_HYPERNETS_20250620T133000_RHOW_R_pixel.csv,THFR_pixel,Hyp,SNPP,3.6641600000000003,43.43485999999999,3.6535810000000004,43.429539000000005,1.04,2.25,2025-06-20T11:30:00Z,2025-06-20T11:00:01Z,30,30,5,0.3667,0.7009,0.3002,1.1227,4.1997,-0.01655,-2.4e-4,0.004121,NA,FALSE,FALSE,0.002799,0.002471,45.9966,-0.250937,-0.037917,0.683819,0.250937,0.433235,0.683819,-33.5002,-3.9411,68.3819,33.5002,68.3819,76.4399
SNPP_20250621T124200_vs_HYPERNETS_20250621T121500_RHOW_R_pixel.csv,THFR_pixel,Hyp,SNPP,3.6641600000000003,43.43485999999999,3.6538910000000002,43.42991800000001,1,2.25,2025-06-21T10:15:00Z,2025-06-21T10:42:00Z,27,30,5,0.6036,0.805,0.2886,0.7977,2.205,-0.008915,-9.64e-4,0.001912,NA,FALSE,FALSE,0.002613,0.002107,35.4411,-0.588953,-0.312554,-0.263139,0.263139,0.312554,0.588953,-143.2809,-45.4659,-35.7109,35.7109,45.4659,143.2809
SNPP_20250621T124200_vs_HYPERNETS_20250621T123000_RHOW_R_pixel.csv,THFR_pixel,Hyp,SNPP,3.6641600000000003,43.43485999999999,3.6538910000000002,43.42991800000001,1,2.25,2025-06-21T10:30:00Z,2025-06-21T10:42:00Z,12,30,5,0.61240000000000006,0.8123,0.2928,0.8208,2.3008,-0.009471,-0.0011,0.001886,NA,FALSE,FALSE,0.002613,0.002114,35.7615,-0.595848,-0.317006,-0.248833,0.248833,0.317006,0.595848,-147.4316,-46.4142,-33.1261,33.1261,46.4142,147.4316
SNPP_20250621T124200_vs_HYPERNETS_20250621T124500_RHOW_R_pixel.csv,THFR_pixel,Hyp,SNPP,3.6641600000000003,43.43485999999999,3.6538910000000002,43.42991800000001,1,2.25,2025-06-21T10:45:00Z,2025-06-21T10:42:00Z,3,30,5,0.6118,0.7426,0.2926,0.8254,2.3288,-0.008384,-6.85e-4,0.002044,NA,FALSE,FALSE,0.002207,0.001848,34.6959,-0.539952,-0.225473,-0.210361,0.210361,0.225473,0.539952,-117.3688,-29.111,-26.6402,26.6402,29.111,117.3688
SNPP_20250621T124200_vs_HYPERNETS_20250621T130000_RHOW_R_pixel.csv,THFR_pixel,Hyp,SNPP,3.6641600000000003,43.43485999999999,3.6538910000000002,43.42991800000001,1,2.25,2025-06-21T11:00:00Z,2025-06-21T10:42:00Z,18,30,5,0.6407,0.7712,0.3063,0.8546,2.3846,-0.008707,-8.48e-4,0.001969,NA,FALSE,FALSE,0.002172,0.001781,33.1712,-0.549059,-0.221426,-0.197161,0.197161,0.221426,0.549059,-121.7583,-28.44,-24.558,24.558,28.44,121.7583
SNPP_20250622T122400_vs_HYPERNETS_20250622T120000_RHOW_R_pixel.csv,THFR_pixel,Hyp,SNPP,3.6641600000000003,43.43485999999999,3.65868,43.428496,0.84,2.25,2025-06-22T10:00:00Z,2025-06-22T10:24:00Z,24,30,4,0.9849,1.6526,0.5863,1.0022,1.713,-0.00751,-0.002869,-1.54e-4,NA,FALSE,TRUE,0.002876,0.002855,46.8299,-0.548566,-0.520178,-0.439912,0.439912,0.520178,0.548566,-121.522,-108.7292,-80.7754,80.7754,108.7292,121.522
SNPP_20250622T122400_vs_HYPERNETS_20250622T121500_RHOW_R_pixel.csv,THFR_pixel,Hyp,SNPP,3.6641600000000003,43.43485999999999,3.65868,43.428496,0.84,2.25,2025-06-22T10:15:00Z,2025-06-22T10:24:00Z,9,30,4,0.9574,1.5435,0.5799,0.9729,1.6322,-0.006561,-0.002427,3.7e-5,NA,FALSE,FALSE,0.00262,0.002597,44.523,-0.519343,-0.496008,-0.421895,0.421895,0.496008,0.519343,-108.0506,-98.6081,-74.8827,74.8827,98.6081,108.0506
SNPP_20250622T122400_vs_HYPERNETS_20250622T123000_RHOW_R_pixel.csv,THFR_pixel,Hyp,SNPP,3.6641600000000003,43.43485999999999,3.65868,43.428496,0.84,2.25,2025-06-22T10:30:00Z,2025-06-22T10:24:00Z,6,30,4,0.9518,1.5398,0.573,0.9676,1.6339,-0.00662,-0.002422,6.4e-5,NA,FALSE,FALSE,0.00265,0.002626,44.7736,-0.521794,-0.498864,-0.424805,0.424805,0.498864,0.521794,-109.1157,-99.7435,-75.7763,75.7763,99.7435,109.1157
SNPP_20250622T122400_vs_HYPERNETS_20250622T124500_RHOW_R_pixel.csv,THFR_pixel,Hyp,SNPP,3.6641600000000003,43.43485999999999,3.65868,43.428496,0.84,2.25,2025-06-22T10:45:00Z,2025-06-22T10:24:00Z,21,30,4,0.9202,1.4146,0.5555,0.9353,1.5746,-0.005784,-0.001944,3.37e-4,NA,FALSE,FALSE,0.002362,0.002332,41.8219,-0.480874,-0.466371,-0.403715,0.403715,0.466371,0.480874,-92.6345,-87.4502,-69.3091,69.3091,87.4502,92.6345
SNPP_20250626T124801_vs_HYPERNETS_20250626T123000_RHOW_C_pixel.csv,THFR_pixel,Hyp,SNPP,3.6641600000000003,43.43485999999999,3.653275,43.42833500000001,1.14,2.25,2025-06-26T10:30:00Z,2025-06-26T10:48:01Z,18,30,5,1.0992,0.9861,0.7362,1.1329,1.7434,-0.004246,1.98e-4,0.003086,NA,FALSE,FALSE,0.001515,0.001276,19.6129,0.035345,0.14758,0.29946,0.065944,0.14758,0.29946,3.5345,14.758,29.946,7.06,14.758,29.946
SNPP_20250626T124801_vs_HYPERNETS_20250626T124500_RHOW_C_pixel.csv,THFR_pixel,Hyp,SNPP,3.6641600000000003,43.43485999999999,3.653275,43.42833500000001,1.14,2.25,2025-06-26T10:45:00Z,2025-06-26T10:48:01Z,3,30,5,1.0957,0.9715,0.7172,1.1341,1.7935,-0.004477,2.73e-4,0.003277,NA,FALSE,FALSE,0.001606,0.001374,21.7114,0.048168,0.1524,0.327873,0.079164,0.1524,0.327873,4.8168,15.24,32.7873,8.597,15.24,32.7873
SNPP_20250626T124801_vs_HYPERNETS_20250626T130000_RHOW_C_pixel.csv,THFR_pixel,Hyp,SNPP,3.6641600000000003,43.43485999999999,3.653275,43.42833500000001,1.14,2.25,2025-06-26T11:00:00Z,2025-06-26T10:48:01Z,12,30,5,1.0988,0.92490000000000006,0.7029,1.1429,1.8582,-0.004325,5.91e-4,0.003614,NA,FALSE,FALSE,0.00191,0.001629,26.9263,0.094575,0.185196,0.419023,0.094575,0.185196,0.419023,9.4575,18.5196,41.9023,9.4575,18.5196,41.9023
SNPP_20250626T124801_vs_HYPERNETS_20250626T131500_RHOW_C_pixel.csv,THFR_pixel,Hyp,SNPP,3.6641600000000003,43.43485999999999,3.653275,43.42833500000001,1.14,2.25,2025-06-26T11:15:00Z,2025-06-26T10:48:01Z,27,30,5,1.0883,0.9066,0.6596,1.1475,1.9964,-0.00538,4.98e-4,0.003877,NA,FALSE,FALSE,0.001953,0.001735,29.7691,0.099641,0.177693,0.443337,0.121433,0.177693,0.443337,9.9641,17.7693,44.3337,13.8217,17.7693,44.3337
SNPP_20250628T121200_vs_HYPERNETS_20250628T114500_RHOW_R_pixel.csv,THFR_pixel,Hyp,SNPP,3.6641600000000003,43.43485999999999,3.6571640000000003,43.426254,1.11,2.25,2025-06-28T09:45:00Z,2025-06-28T10:12:00Z,27,30,5,1.0693,0.9811,0.6511,1.126,1.9473,-0.006137,-8.24e-4,0.002249,NA,FALSE,FALSE,0.001111,9.29e-4,20.8425,-0.117145,0.013277,0.055451,0.055451,0.117145,0.393017,-13.2689,1.3277,5.5451,5.5451,13.2689,46.3233
SNPP_20250628T121200_vs_HYPERNETS_20250628T120000_RHOW_R_pixel.csv,THFR_pixel,Hyp,SNPP,3.6641600000000003,43.43485999999999,3.6571640000000003,43.426254,1.11,2.25,2025-06-28T10:00:00Z,2025-06-28T10:12:00Z,12,30,5,1.0978,0.9841,0.6668,1.1567,2.0065,-0.006261,-8.73e-4,0.002233,NA,FALSE,FALSE,0.001142,9.99e-4,21.8983,-0.107375,0.033751,0.08121,0.08121,0.107375,0.38027,-12.0292,3.3751,8.121,8.121,12.0292,49.2307
SNPP_20250628T121200_vs_HYPERNETS_20250628T121500_RHOW_R_pixel.csv,THFR_pixel,Hyp,SNPP,3.6641600000000003,43.43485999999999,3.6571640000000003,43.426254,1.11,2.25,2025-06-28T10:15:00Z,2025-06-28T10:12:00Z,3,30,5,1.091,0.9754,0.6439,1.1596,2.0882,-0.007148,-0.001096,0.002264,NA,FALSE,FALSE,0.001212,0.001024,22.1165,-0.144933,0.006606,0.069423,0.069423,0.144933,0.417613,-16.9499,0.6606,6.9423,6.9423,16.9499,46.7251
SNPP_20250628T121200_vs_HYPERNETS_20250628T123000_RHOW_R_pixel.csv,THFR_pixel,Hyp,SNPP,3.6641600000000003,43.43485999999999,3.6571640000000003,43.426254,1.11,2.25,2025-06-28T10:30:00Z,2025-06-28T10:12:00Z,18,30,5,1.0928,1.0013,0.6601,1.1534,2.0154,-0.006638,-0.001036,0.002171,NA,FALSE,FALSE,0.001148,9.68e-4,20.9321,-0.130305,0.008802,0.066022,0.066022,0.130305,0.405839,-14.9828,0.8802,6.6022,6.6022,14.9828,43.5638
SNPP_20250629T115400_vs_HYPERNETS_20250629T113000_RHOW_R_pixel.csv,THFR_pixel,Hyp,SNPP,3.6641600000000003,43.43485999999999,3.661968,43.42782699999999,0.8,2.25,2025-06-29T09:30:00Z,2025-06-29T09:54:00Z,24,30,5,0.9146,1.3421,0.6152,0.9418,1.442,-0.006126,-0.002507,-1.44e-4,NA,FALSE,TRUE,0.003027,0.002928,45.2357,-0.52575,-0.439255,-0.420291,0.420291,0.439255,0.52575,-110.8593,-78.3341,-72.5003,72.5003,78.3341,110.8593
SNPP_20250702T123601_vs_HYPERNETS_20250702T121500_RHOW_R_pixel.csv,THFR_pixel,Hyp,SNPP,3.6641600000000003,43.43485999999999,3.6619170000000003,43.42917500000001,0.66,2.25,2025-07-02T10:15:00Z,2025-07-02T10:36:01Z,21,30,5,0.974,2.3805,0.6451,1.0059,1.5685,-0.00829,-0.004034,-0.001304,NA,FALSE,TRUE,0.004082,0.003989,62.1892,-0.709835,-0.64414,-0.611717,0.611717,0.64414,0.709835,-244.6314,-181.0096,-157.5439,157.5439,181.0096,244.6314
SNPP_20250702T123601_vs_HYPERNETS_20250702T123000_RHOW_R_pixel.csv,THFR_pixel,Hyp,SNPP,3.6641600000000003,43.43485999999999,3.6619170000000003,43.42917500000001,0.66,2.25,2025-07-02T10:30:00Z,2025-07-02T10:36:01Z,6,30,5,1.0015,2.4122,0.6554,1.0367,1.6398,-0.008671,-0.004167,-0.001319,NA,FALSE,TRUE,0.003994,0.003893,61.7045,-0.713649,-0.64,-0.607284,0.607284,0.64,0.713649,-249.222,-177.778,-154.6369,154.6369,177.778,249.222
SNPP_20250702T123601_vs_HYPERNETS_20250702T124500_RHOW_R_pixel.csv,THFR_pixel,Hyp,SNPP,3.6641600000000003,43.43485999999999,3.6619170000000003,43.42917500000001,0.66,2.25,2025-07-02T10:45:00Z,2025-07-02T10:36:01Z,9,30,5,0.9022,2.1383,0.6097,0.9283,1.4133,-0.006847,-0.00327,-9.21e-4,NA,FALSE,TRUE,0.003902,0.003799,61.2843,-0.684228,-0.620747,-0.60717,0.60717,0.620747,0.684228,-216.6839,-163.6762,-154.5633,154.5633,163.6762,216.6839
SNPP_20250702T123601_vs_HYPERNETS_20250702T130000_RHOW_R_pixel.csv,THFR_pixel,Hyp,SNPP,3.6641600000000003,43.43485999999999,3.6619170000000003,43.42917500000001,0.66,2.25,2025-07-02T11:00:00Z,2025-07-02T10:36:01Z,24,30,5,0.9596,2.1511,0.6467,0.9879,1.509,-0.006953,-0.003317,-9.37e-4,NA,FALSE,TRUE,0.003502,0.003402,59.0813,-0.666133,-0.601837,-0.584504,0.584504,0.601837,0.666133,-199.5207,-151.1532,-140.6761,140.6761,151.1532,199.5207
SNPP_20250708T122400_vs_HYPERNETS_20250708T120000_RHOW_R_pixel.csv,THFR_pixel,Hyp,SNPP,3.6641600000000003,43.43485999999999,3.659973,43.432587,0.42,2.25,2025-07-08T10:00:00Z,2025-07-08T10:24:00Z,24,30,5,0.7277,0.6211,0.3545,0.8875,2.2217,-0.007651,0.002212,0.006152,NA,FALSE,FALSE,0.002046,0.001381,24.147,0.05728,0.112972,0.171714,0.05728,0.112972,0.171714,5.728,11.2972,17.1714,5.728,11.2972,17.1714
SNPP_20250708T122400_vs_HYPERNETS_20250708T121500_RHOW_R_pixel.csv,THFR_pixel,Hyp,SNPP,3.6641600000000003,43.43485999999999,3.659973,43.432587,0.42,2.25,2025-07-08T10:15:00Z,2025-07-08T10:24:00Z,9,30,5,0.7786,0.7458,0.39,0.9109,2.1273,-0.009099,0.00112,0.005496,NA,FALSE,FALSE,0.001383,9.9e-4,13.9112,-0.070598,-0.016047,0.095074,0.070598,0.088667,0.095074,-7.5961,-1.6309,9.5074,7.5961,9.5074,9.7293
SNPP_20250708T122400_vs_HYPERNETS_20250708T123000_RHOW_R_pixel.csv,THFR_pixel,Hyp,SNPP,3.6641600000000003,43.43485999999999,3.659973,43.432587,0.42,2.25,2025-07-08T10:30:00Z,2025-07-08T10:24:00Z,6,30,5,0.7267,0.6573,0.3554,0.8801,2.1796,-0.008396,0.001841,0.005974,NA,FALSE,FALSE,0.001745,9.64e-4,16.3891,0.004373,0.013114,0.127497,0.013114,0.01897,0.127497,0.4373,1.3114,12.7497,1.3114,1.9337,12.7497
SNPP_20250708T122400_vs_HYPERNETS_20250708T124500_RHOW_R_pixel.csv,THFR_pixel,Hyp,SNPP,3.6641600000000003,43.43485999999999,3.659973,43.432587,0.42,2.25,2025-07-08T10:45:00Z,2025-07-08T10:24:00Z,21,30,5,0.7276,0.6576,0.3567,0.8772,2.1569,-0.008147,0.001892,0.005975,NA,FALSE,FALSE,0.001752,9.73e-4,16.6535,0.004646,0.019324,0.138331,0.012419,0.019324,0.138331,0.4646,1.9324,13.8331,1.2575,1.9324,13.8331
SNPP_20250709T120601_vs_HYPERNETS_20250709T114500_RHOW_R_pixel.csv,THFR_pixel,Hyp,SNPP,3.6641600000000003,43.43485999999999,3.668682,43.427731,0.87,2.25,2025-07-09T09:45:00Z,2025-07-09T10:06:01Z,21,30,5,1.3587,1.42,0.799,1.446,2.617,-0.010468,-0.003168,8.66e-4,NA,FALSE,FALSE,0.001559,0.001338,25.082,-0.246162,-0.048729,0.143109,0.143109,0.213084,0.246162,-32.6544,-5.1225,14.3109,14.3109,21.3084,32.6544
SNPP_20250709T120601_vs_HYPERNETS_20250709T120000_RHOW_R_pixel.csv,THFR_pixel,Hyp,SNPP,3.6641600000000003,43.43485999999999,3.668682,43.427731,0.87,2.25,2025-07-09T10:00:00Z,2025-07-09T10:06:01Z,6,30,5,1.3364,1.4218,0.8057,1.4112,2.4716,-0.009467,-0.002897,8.54e-4,NA,FALSE,FALSE,0.001472,0.001251,23.9607,-0.227518,-0.038919,0.131988,0.131988,0.207542,0.227518,-29.4529,-4.0496,13.1988,13.1988,20.7542,29.4529
SNPP_20250709T120601_vs_HYPERNETS_20250709T121500_RHOW_R_pixel.csv,THFR_pixel,Hyp,SNPP,3.6641600000000003,43.43485999999999,3.668682,43.427731,0.87,2.25,2025-07-09T10:15:00Z,2025-07-09T10:06:01Z,9,30,5,1.3159,1.4961,0.7529,1.4142,2.656,-0.012573,-0.003961,6.25e-4,NA,FALSE,FALSE,0.00188,0.001485,25.0105,-0.33853,-0.12723,0.060944,0.061823,0.12723,0.33853,-51.1784,-14.5777,6.0944,6.1823,14.5777,51.1784
SNPP_20250709T120601_vs_HYPERNETS_20250709T123000_RHOW_R_pixel.csv,THFR_pixel,Hyp,SNPP,3.6641600000000003,43.43485999999999,3.668682,43.427731,0.87,2.25,2025-07-09T10:30:00Z,2025-07-09T10:06:01Z,24,30,5,1.3186,1.4931,0.7806,1.4002,2.5115,-0.010936,-0.00351,6.3e-4,NA,FALSE,FALSE,0.001675,0.001358,24.1074,-0.300672,-0.095463,0.078675,0.093958,0.095463,0.300672,-42.9945,-10.5538,7.8675,9.3958,10.5538,42.9945
SNPP_20250716T131800_vs_HYPERNETS_20250716T134500_RHOW_R_pixel.csv,THFR_pixel,Hyp,SNPP,3.6641600000000003,43.43485999999999,3.658864,43.426507,1.02,2.25,2025-07-16T11:45:00Z,2025-07-16T11:18:00Z,27,30,3,0.89,0.8909,0.0758,1.0669,15.0264,-0.109284,-0.003009,0.004537,NA,FALSE,FALSE,0.003252,0.002499,33.8836,-0.446918,-0.195783,-0.159227,0.159227,0.195783,0.446918,-102.9306,-24.3446,-19.0508,19.0508,24.3446,102.9306
SNPP_20250718T123601_vs_HYPERNETS_20250718T121500_RHOW_R_pixel.csv,THFR_pixel,Hyp,SNPP,3.6641600000000003,43.43485999999999,3.66263,43.432649,0.28,2.25,2025-07-18T10:15:00Z,2025-07-18T10:36:01Z,21,30,5,0.9021,0.8728,0.5667,0.9422,1.5667,-0.004549,-5.22e-4,0.001899,NA,FALSE,FALSE,0.001253,9.84e-4,15.5731,-0.172331,-0.151673,-0.051961,0.076163,0.151673,0.172331,-20.8213,-17.879,-5.4808,7.6163,17.879,20.8213
SNPP_20250718T123601_vs_HYPERNETS_20250718T123000_RHOW_R_pixel.csv,THFR_pixel,Hyp,SNPP,3.6641600000000003,43.43485999999999,3.66263,43.432649,0.28,2.25,2025-07-18T10:30:00Z,2025-07-18T10:36:01Z,6,30,5,0.8723,0.8681,0.5521,0.9094,1.4981,-0.004315,-4.37e-4,0.001917,NA,FALSE,FALSE,0.001373,0.001095,16.2527,-0.174058,-0.167056,-0.079193,0.079193,0.167056,0.174058,-21.0738,-20.0561,-8.6004,8.6004,20.0561,21.0738
SNPP_20250718T123601_vs_HYPERNETS_20250718T124500_RHOW_R_pixel.csv,THFR_pixel,Hyp,SNPP,3.6641600000000003,43.43485999999999,3.66263,43.432649,0.28,2.25,2025-07-18T10:45:00Z,2025-07-18T10:36:01Z,9,30,5,0.8754,0.8424,0.5514,0.9138,1.5143,-0.004196,-3.3e-4,0.002003,NA,FALSE,FALSE,0.001268,0.001013,16.1275,-0.156483,-0.143548,-0.064872,0.112893,0.143548,0.156483,-18.5513,-16.7608,-6.9373,11.2893,16.7608,18.5513
SNPP_20250718T123601_vs_HYPERNETS_20250718T130000_RHOW_R_pixel.csv,THFR_pixel,Hyp,SNPP,3.6641600000000003,43.43485999999999,3.66263,43.432649,0.28,2.25,2025-07-18T11:00:00Z,2025-07-18T10:36:01Z,24,30,5,0.8625,0.8305,0.5404,0.9014,1.5037,-0.004255,-3.26e-4,0.002029,NA,FALSE,FALSE,0.00135,0.001107,17.4219,-0.174311,-0.161167,-0.07593,0.122909,0.161167,0.174311,-21.111,-19.2133,-8.2169,12.2909,19.2133,21.111
SNPP_20250720T120000_vs_HYPERNETS_20250720T113000_RHOW_R_pixel.csv,THFR_pixel,Hyp,SNPP,3.6641600000000003,43.43485999999999,3.6592819999999997,43.42423,1.25,2.25,2025-07-20T09:30:00Z,2025-07-20T10:00:00Z,30,30,5,0.4195,0.446,0.2007,0.5711,1.6249,-0.007465,6.46e-4,0.003496,NA,FALSE,FALSE,0.003414,0.002655,29.1051,-0.417641,-0.35031,-0.080682,0.080682,0.35031,0.417641,-71.7155,-53.9197,-8.7762,8.7762,53.9197,71.7155
SNPP_20250720T120000_vs_HYPERNETS_20250720T114500_RHOW_R_pixel.csv,THFR_pixel,Hyp,SNPP,3.6641600000000003,43.43485999999999,3.6592819999999997,43.42423,1.25,2.25,2025-07-20T09:45:00Z,2025-07-20T10:00:00Z,15,30,5,0.4322,0.4697,0.2068,0.589,1.6773,-0.008302,3.56e-4,0.003396,NA,FALSE,FALSE,0.003575,0.002914,32.1947,-0.448679,-0.352489,-0.161482,0.161482,0.352489,0.448679,-81.3827,-54.4376,-19.258,19.258,54.4376,81.3827
SNPP_20250720T120000_vs_HYPERNETS_20250720T120000_RHOW_R_pixel.csv,THFR_pixel,Hyp,SNPP,3.6641600000000003,43.43485999999999,3.6592819999999997,43.42423,1.25,2.25,2025-07-20T10:00:00Z,2025-07-20T10:00:00Z,0,30,5,0.4425,0.4432,0.2116,0.5957,1.6773,-0.007014,7.6e-4,0.00352,NA,FALSE,FALSE,0.002947,0.00225,26.4766,-0.370481,-0.314416,2.21e-4,0.067634,0.314416,0.370481,-58.8513,-45.861,0.0221,6.7634,45.861,58.8513
SNPP_20250720T120000_vs_HYPERNETS_20250720T121500_RHOW_R_pixel.csv,THFR_pixel,Hyp,SNPP,3.6641600000000003,43.43485999999999,3.6592819999999997,43.42423,1.25,2.25,2025-07-20T10:15:00Z,2025-07-20T10:00:00Z,15,30,5,0.4424,0.4547,0.2115,0.5917,1.6558,-0.00712,6.95e-4,0.003488,NA,FALSE,FALSE,0.003066,0.002367,27.3249,-0.38605,-0.325578,-0.037079,0.040192,0.325578,0.38605,-62.8798,-48.2752,-3.8507,4.0192,48.2752,62.8798
SNPP_20250720T120000_vs_HYPERNETS_20250720T123000_RHOW_R_pixel.csv,THFR_pixel,Hyp,SNPP,3.6641600000000003,43.43485999999999,3.6592819999999997,43.42423,1.25,2.25,2025-07-20T10:30:00Z,2025-07-20T10:00:00Z,30,30,5,0.4469,0.4434,0.2137,0.5905,1.6319,-0.006416,8.95e-4,0.003541,NA,FALSE,FALSE,0.002817,0.002198,27.0023,-0.345367,-0.311358,0.03297,0.102562,0.311358,0.345367,-52.7573,-45.2134,3.297,10.2562,45.2134,52.7573
SNPP_20250722T130600_vs_HYPERNETS_20250722T124500_RHOW_R_pixel.csv,THFR_pixel,Hyp,SNPP,3.6641600000000003,43.43485999999999,3.6641250000000003,43.427709,0.8,2.25,2025-07-22T10:45:00Z,2025-07-22T11:06:00Z,21,30,5,1.1492,1.4023,0.6974,1.2113,2.1038,-0.0086130000000000009,-0.003151,-6e-6,NA,FALSE,TRUE,0.002172,0.001858,36.5438,-0.517514,-0.393367,-0.211487,0.211487,0.393367,0.517514,-107.2601,-64.8442,-26.821,26.821,64.8442,107.2601
SNPP_20250722T130600_vs_HYPERNETS_20250722T130000_RHOW_R_pixel.csv,THFR_pixel,Hyp,SNPP,3.6641600000000003,43.43485999999999,3.6641250000000003,43.427709,0.8,2.25,2025-07-22T11:00:00Z,2025-07-22T11:06:00Z,6,30,5,1.1495,1.3795,0.7212,1.2011,2.0005,-0.007452,-0.002772,3.9e-5,NA,FALSE,FALSE,0.001907,0.001594,33.6625,-0.483411,-0.369333,-0.174701,0.174701,0.369333,0.483411,-93.5775,-58.5623,-21.1682,21.1682,58.5623,93.5775
SNPP_20250728T124801_vs_HYPERNETS_20250728T123000_RHOW_R_pixel.csv,THFR_pixel,Hyp,SNPP,3.6641600000000003,43.43485999999999,3.654729,43.426991,1.16,2.25,2025-07-28T10:30:00Z,2025-07-28T10:48:01Z,18,30,5,0.6412,0.7089,0.3834,1.3483,4.7421,-0.015137,0.00136,0.006051,NA,FALSE,FALSE,0.004449,0.003505,111.5399,0.196934,0.271574,1.134472,0.271574,0.442804,1.134472,19.6934,27.1574,113.4472,27.1574,79.4702,113.4472
SNPP_20250728T124801_vs_HYPERNETS_20250728T124500_RHOW_R_pixel.csv,THFR_pixel,Hyp,SNPP,3.6641600000000003,43.43485999999999,3.654729,43.426991,1.16,2.25,2025-07-28T10:45:00Z,2025-07-28T10:48:01Z,3,30,5,0.8673,1.2876,0.4356,1.3849,4.4031,-0.018133,-2.78e-4,0.005338,NA,FALSE,FALSE,0.003412,0.002589,57.9672,0.093215,0.098838,0.596591,0.098838,0.509488,0.596591,9.3215,9.8838,59.6591,9.8838,59.6591,103.8686
SNPP_20250728T124801_vs_HYPERNETS_20250728T130000_RHOW_R_pixel.csv,THFR_pixel,Hyp,SNPP,3.6641600000000003,43.43485999999999,3.654729,43.426991,1.16,2.25,2025-07-28T11:00:00Z,2025-07-28T10:48:01Z,12,30,5,0.7059,0.8198,0.4034,1.3954,4.8265,-0.015358,0.001187,0.00597,NA,FALSE,FALSE,0.004397,0.00351,105.5369,0.217908,0.301241,1.134912,0.301241,0.423599,1.134912,21.7908,30.1241,113.4912,30.1241,73.4904,113.4912
SNPP_20250728T124801_vs_HYPERNETS_20250728T131500_RHOW_R_pixel.csv,THFR_pixel,Hyp,SNPP,3.6641600000000003,43.43485999999999,3.654729,43.426991,1.16,2.25,2025-07-28T11:15:00Z,2025-07-28T10:48:01Z,27,30,5,0.8597,1.1814,0.4419,1.4372,4.6744,-0.017506,9.9e-5,0.005512,NA,FALSE,FALSE,0.003769,0.002974,71.3855,0.168038,0.178787,0.761091,0.178787,0.466959,0.761091,16.8038,17.8787,76.1091,17.8787,76.1091,87.6027
SNPP_20250731T115401_vs_HYPERNETS_20250731T113000_RHOW_R_pixel.csv,THFR_pixel,Hyp,SNPP,3.6641600000000003,43.43485999999999,3.6548469999999997,43.426813,1.17,2.25,2025-07-31T09:30:00Z,2025-07-31T09:54:01Z,24,30,5,0.8373,0.838,0.4342,0.9486,2.0724,-0.00748,-0.001511,0.001221,NA,FALSE,FALSE,0.002104,0.001813,34.0969,-0.4932,-0.454604,-0.127696,0.127696,0.454604,0.4932,-97.3164,-83.3529,-14.6389,14.6389,83.3529,97.3164
SNPP_20250731T115401_vs_HYPERNETS_20250731T114500_RHOW_R_pixel.csv,THFR_pixel,Hyp,SNPP,3.6641600000000003,43.43485999999999,3.6548469999999997,43.426813,1.17,2.25,2025-07-31T09:45:00Z,2025-07-31T09:54:01Z,9,30,5,0.8249,0.8384,0.4188,0.9515,2.1616,-0.008488,-0.001762,0.001199,NA,FALSE,FALSE,0.002351,0.002032,35.9012,-0.523765,-0.471863,-0.144679,0.144679,0.471863,0.523765,-109.9803,-89.3449,-16.9151,16.9151,89.3449,109.9803
SNPP_20250731T115401_vs_HYPERNETS_20250731T120000_RHOW_R_pixel.csv,THFR_pixel,Hyp,SNPP,3.6641600000000003,43.43485999999999,3.6548469999999997,43.426813,1.17,2.25,2025-07-31T10:00:00Z,2025-07-31T09:54:01Z,6,30,5,0.8262,0.8224,0.4191,0.9539,2.1713,-0.008393,-0.00171,0.001226,NA,FALSE,FALSE,0.002293,0.001967,35.0189,-0.515685,-0.46711,-0.136977,0.136977,0.46711,0.515685,-106.4773,-87.6559,-15.8717,15.8717,87.6559,106.4773
SNPP_20250731T115401_vs_HYPERNETS_20250731T121500_RHOW_R_pixel.csv,THFR_pixel,Hyp,SNPP,3.6641600000000003,43.43485999999999,3.6548469999999997,43.426813,1.17,2.25,2025-07-31T10:15:00Z,2025-07-31T09:54:01Z,21,30,5,0.8474,0.8349,0.4393,0.9603,2.0992,-0.007546,-0.001538,0.00121,NA,FALSE,FALSE,0.002068,0.001784,33.975,-0.488879,-0.446699,-0.121338,0.121338,0.446699,0.488879,-95.6486,-80.7335,-13.8094,13.8094,80.7335,95.6486
SNPP_20250802T125400_vs_HYPERNETS_20250802T123000_RHOW_R_pixel.csv,THFR_pixel,Hyp,SNPP,3.6641600000000003,43.43485999999999,3.657528,43.429296,0.82,2.25,2025-08-02T10:30:00Z,2025-08-02T10:54:00Z,24,30,5,1.151,1.0288,0.5636,1.3902,3.4291,-0.015214,-0.003795,8.34e-4,NA,FALSE,FALSE,0.002396,0.002033,36.6845,-0.593738,-0.339223,-0.043807,0.121994,0.339223,0.593738,-146.1468,-51.3371,-4.5814,12.1994,51.3371,146.1468
SNPP_20250802T125400_vs_HYPERNETS_20250802T124500_RHOW_R_pixel.csv,THFR_pixel,Hyp,SNPP,3.6641600000000003,43.43485999999999,3.657528,43.429296,0.82,2.25,2025-08-02T10:45:00Z,2025-08-02T10:54:00Z,9,30,5,1.1588,1.0375,0.5682,1.3967,3.4333,-0.015133,-0.003789,8.26e-4,NA,FALSE,FALSE,0.002372,0.002019,36.6113,-0.592375,-0.335723,-0.04302,0.127226,0.335723,0.592375,-145.3238,-50.5395,-4.4953,12.7226,50.5395,145.3238
SNPP_20250802T125400_vs_HYPERNETS_20250802T130000_RHOW_R_pixel.csv,THFR_pixel,Hyp,SNPP,3.6641600000000003,43.43485999999999,3.657528,43.429296,0.82,2.25,2025-08-02T11:00:00Z,2025-08-02T10:54:00Z,6,30,5,1.1717,1.0625,0.5838,1.3798,3.261,-0.013796,-0.003534,8.07e-4,NA,FALSE,FALSE,0.002232,0.001904,35.4429,-0.576237,-0.32739,-0.023832,0.127534,0.32739,0.576237,-135.981,-48.6746,-2.4413,12.7534,48.6746,135.981
SNPP_20250802T125400_vs_HYPERNETS_20250802T131500_RHOW_R_pixel.csv,THFR_pixel,Hyp,SNPP,3.6641600000000003,43.43485999999999,3.657528,43.429296,0.82,2.25,2025-08-02T11:15:00Z,2025-08-02T10:54:00Z,21,30,5,1.1759,1.0184,0.5817,1.3976,3.358,-0.013917,-0.003462,8.89e-4,NA,FALSE,FALSE,0.002185,0.001891,35.6915,-0.569828,-0.315798,0.032994,0.154864,0.315798,0.569828,-132.465,-46.1557,3.2994,15.4864,46.1557,132.465
SNPP_20250803T123601_vs_HYPERNETS_20250803T121500_RHOW_R_pixel.csv,THFR_pixel,Hyp,SNPP,3.6641600000000003,43.43485999999999,3.658541,43.42981,0.72,2.25,2025-08-03T10:15:00Z,2025-08-03T10:36:01Z,21,30,5,0.9658,0.9537,0.4794,1.143,2.7252,-0.010517,-0.002361,0.001059,NA,FALSE,FALSE,0.002068,0.001636,33.0462,-0.506022,-0.43747,-0.083298,0.083298,0.43747,0.506022,-102.4381,-77.7684,-9.0867,9.0867,77.7684,102.4381
SNPP_20250803T123601_vs_HYPERNETS_20250803T123000_RHOW_R_pixel.csv,THFR_pixel,Hyp,SNPP,3.6641600000000003,43.43485999999999,3.658541,43.42981,0.72,2.25,2025-08-03T10:30:00Z,2025-08-03T10:36:01Z,6,30,5,0.9522,0.9037,0.4705,1.1337,2.7316,-0.010458,-0.002275,0.001121,NA,FALSE,FALSE,0.002055,0.001611,31.995,-0.503415,-0.433582,-0.031832,0.031832,0.433582,0.503415,-101.3755,-76.548,-3.2879,3.2879,76.548,101.3755
SNPP_20250803T123601_vs_HYPERNETS_20250803T124500_RHOW_R_pixel.csv,THFR_pixel,Hyp,SNPP,3.6641600000000003,43.43485999999999,3.658541,43.42981,0.72,2.25,2025-08-03T10:45:00Z,2025-08-03T10:36:01Z,9,30,5,0.962,0.958,0.4772,1.1393,2.72,-0.010779,-0.002463,0.00102,NA,FALSE,FALSE,0.002154,0.00173,34.3577,-0.514983,-0.441635,-0.109081,0.109081,0.441635,0.514983,-106.1784,-79.0942,-12.2437,12.2437,79.0942,106.1784
SNPP_20250803T123601_vs_HYPERNETS_20250803T130000_RHOW_R_pixel.csv,THFR_pixel,Hyp,SNPP,3.6641600000000003,43.43485999999999,3.658541,43.42981,0.72,2.25,2025-08-03T11:00:00Z,2025-08-03T10:36:01Z,24,30,5,0.9955,0.9816,0.5114,1.1364,2.525,-0.009017,-0.002116,9.89e-4,NA,FALSE,FALSE,0.001844,0.001453,30.8759,-0.473065,-0.413656,-0.059791,0.059791,0.413656,0.473065,-89.7769,-70.5485,-6.3593,6.3593,70.5485,89.7769
SNPP_20250805T120000_vs_HYPERNETS_20250805T113000_RHOW_R_pixel.csv,THFR_pixel,Hyp,SNPP,3.6641600000000003,43.43485999999999,3.6564779999999995,43.425597,1.2,2.25,2025-08-05T09:30:00Z,2025-08-05T10:00:00Z,30,30,5,1.2266,0.8299,0.6494,1.3695,2.8881,-0.010258,-0.001754,0.002279,NA,FALSE,FALSE,0.001494,0.001285,28.5211,-0.097714,0.049657,0.259248,0.097714,0.259248,0.417761,-10.8296,4.9657,25.9248,10.8296,25.9248,60.1676
SNPP_20250805T120000_vs_HYPERNETS_20250805T114500_RHOW_R_pixel.csv,THFR_pixel,Hyp,SNPP,3.6641600000000003,43.43485999999999,3.6564779999999995,43.425597,1.2,2.25,2025-08-05T09:45:00Z,2025-08-05T10:00:00Z,15,30,5,1.2603,0.8714,0.6927,1.3782,2.742,-0.009038,-0.0016,0.002138,NA,FALSE,FALSE,0.00145,0.001235,27.6095,-0.057706,0.077308,0.269645,0.077308,0.269645,0.38183,-6.124,7.7308,26.9645,7.7308,26.9645,59.3986
SNPP_20250805T120000_vs_HYPERNETS_20250805T120000_RHOW_R_pixel.csv,THFR_pixel,Hyp,SNPP,3.6641600000000003,43.43485999999999,3.6564779999999995,43.425597,1.2,2.25,2025-08-05T10:00:00Z,2025-08-05T10:00:00Z,0,30,5,1.2498,0.864,0.6787,1.3751,2.786,-0.009468,-0.001677,0.002168,NA,FALSE,FALSE,0.001454,0.001246,27.6333,-0.077649,0.063269,0.264248,0.077649,0.264248,0.394152,-8.4185,6.3269,26.4248,8.4185,26.4248,58.2349
SNPP_20250805T120000_vs_HYPERNETS_20250805T121500_RHOW_R_pixel.csv,THFR_pixel,Hyp,SNPP,3.6641600000000003,43.43485999999999,3.6564779999999995,43.425597,1.2,2.25,2025-08-05T10:15:00Z,2025-08-05T10:00:00Z,15,30,5,1.2655,0.8629,0.6867,1.393,2.8259,-0.009493,-0.00168,0.002172,NA,FALSE,FALSE,0.001487,0.001267,28.2436,-0.063781,0.077183,0.280103,0.077183,0.280103,0.388281,-6.8126,7.7183,28.0103,7.7183,28.0103,60.2834
SNPP_20250805T120000_vs_HYPERNETS_20250805T123000_RHOW_R_pixel.csv,THFR_pixel,Hyp,SNPP,3.6641600000000003,43.43485999999999,3.6564779999999995,43.425597,1.2,2.25,2025-08-05T10:30:00Z,2025-08-05T10:00:00Z,30,30,5,1.2574,0.8984,0.6826,1.3837,2.805,-0.009884,-0.001878,0.002071,NA,FALSE,FALSE,0.001434,0.00123,26.1009,-0.098041,0.04848,0.251472,0.098041,0.251472,0.410112,-10.8698,4.848,25.1472,10.8698,25.1472,49.694
SNPP_20250808T124200_vs_HYPERNETS_20250808T121500_RHOW_R_pixel.csv,THFR_pixel,Hyp,SNPP,3.6641600000000003,43.43485999999999,3.6588789999999998,43.431595,0.56,2.25,2025-08-08T10:15:00Z,2025-08-08T10:42:00Z,27,30,5,0.1557,0.2097,0.3157,1.2318,4.806,-0.019948,5.45e-4,0.005798,NA,FALSE,FALSE,0.00377,0.003258,69.1371,-0.055374,0.801121,1.008684,0.416507,0.801121,1.008684,-5.862,80.1121,100.8684,71.3817,80.1121,100.8684
SNPP_20250808T124200_vs_HYPERNETS_20250808T123000_RHOW_R_pixel.csv,THFR_pixel,Hyp,SNPP,3.6641600000000003,43.43485999999999,3.6588789999999998,43.431595,0.56,2.25,2025-08-08T10:30:00Z,2025-08-08T10:42:00Z,12,30,5,0.0925,0.117,0.3292,1.2907,5.0601,-0.009243,0.00331,0.006512,NA,FALSE,FALSE,0.005409,0.004414,258.1065,0.267369,2.897082,4.097497,0.267369,2.897082,4.097497,26.7369,289.7082,409.7497,26.7369,289.7082,409.7497
SNPP_20250808T124200_vs_HYPERNETS_20250808T124500_RHOW_R_pixel.csv,THFR_pixel,Hyp,SNPP,3.6641600000000003,43.43485999999999,3.6588789999999998,43.431595,0.56,2.25,2025-08-08T10:45:00Z,2025-08-08T10:42:00Z,3,30,5,0.1723,0.215,0.3164,1.2327,4.8019,-0.018828,8.22e-4,0.005866,NA,FALSE,FALSE,0.003867,0.00329,75.7801,-0.027761,1.024817,1.090315,0.396454,1.024817,1.090315,-2.8553,102.4817,109.0315,65.6874,102.4817,109.0315
SNPP_20250808T124200_vs_HYPERNETS_20250808T130000_RHOW_R_pixel.csv,THFR_pixel,Hyp,SNPP,3.6641600000000003,43.43485999999999,3.6588789999999998,43.431595,0.56,2.25,2025-08-08T11:00:00Z,2025-08-08T10:42:00Z,18,30,5,0.1374,0.1858,0.308,1.2032,4.7006,-0.017482,0.001186,0.005964,NA,FALSE,FALSE,0.004025,0.003394,83.0286,-0.029734,1.105865,1.201981,0.380564,1.105865,1.201981,-3.0645,110.5865,120.1981,61.4372,110.5865,120.1981
SNPP_20250813T124800_vs_HYPERNETS_20250813T123000_RHOW_R_pixel.csv,THFR_pixel,Hyp,SNPP,3.6641600000000003,43.43485999999999,3.6607160000000003,43.429385,0.67,2.25,2025-08-13T10:30:00Z,2025-08-13T10:48:00Z,18,30,5,0.9069,0.7794,0.5816,0.9428,1.5282,-0.002647,8.6e-4,0.003023,NA,FALSE,FALSE,8.32e-4,7.77e-4,16.3381,0.067902,0.08735,0.226497,0.086841,0.08735,0.226497,6.7902,8.735,22.6497,8.735,9.5099,22.6497
SNPP_20250813T124800_vs_HYPERNETS_20250813T124500_RHOW_R_pixel.csv,THFR_pixel,Hyp,SNPP,3.6641600000000003,43.43485999999999,3.6607160000000003,43.429385,0.67,2.25,2025-08-13T10:45:00Z,2025-08-13T10:48:00Z,3,30,5,0.8872,0.801,0.5655,0.9235,1.5081,-0.00296,7.09e-4,0.002956,NA,FALSE,FALSE,7.18e-4,6.31e-4,12.1789,0.030798,0.032939,0.162697,0.032939,0.128307,0.162697,3.0798,3.2939,16.2697,3.2939,14.7193,16.2697
SNPP_20250813T124800_vs_HYPERNETS_20250813T130000_RHOW_R_pixel.csv,THFR_pixel,Hyp,SNPP,3.6641600000000003,43.43485999999999,3.6607160000000003,43.429385,0.67,2.25,2025-08-13T11:00:00Z,2025-08-13T10:48:00Z,12,30,5,0.9303,0.727,0.596,0.9673,1.57,-0.001906,0.001323,0.003313,NA,FALSE,FALSE,0.001312,0.001148,28.5211,0.141077,0.286688,0.410383,0.141077,0.286688,0.410383,14.1077,28.6688,41.0383,14.1077,28.6688,41.0383
SNPP_20250813T124800_vs_HYPERNETS_20250813T131500_RHOW_R_pixel.csv,THFR_pixel,Hyp,SNPP,3.6641600000000003,43.43485999999999,3.6607160000000003,43.429385,0.67,2.25,2025-08-13T11:15:00Z,2025-08-13T10:48:00Z,27,30,5,0.9151,0.7695,0.5883,0.9508,1.5367,-0.002373,0.001012,0.003107,NA,FALSE,FALSE,9.7e-4,8.93e-4,19.7281,0.088914000000000007,0.157381,0.285347,0.088914000000000007,0.157381,0.285347,8.8914,15.7381,28.5347,8.8914,15.7381,28.5347
SNPP_20250824T124200_vs_HYPERNETS_20250824T121500_RHOW_R_pixel.csv,THFR_pixel,Hyp,SNPP,3.6641600000000003,43.43485999999999,3.660083,43.431225999999995,0.52,2.25,2025-08-24T10:15:00Z,2025-08-24T10:42:00Z,27,30,5,1.1926,1.2939,0.627,1.3378,2.8545,-0.011573,-0.003334,5.28e-4,NA,FALSE,FALSE,0.002031,0.001689,34.5641,-0.413504,-0.329304,-0.137929,0.137929,0.329304,0.413504,-70.5041,-49.0989,-15.9997,15.9997,49.0989,70.5041
SNPP_20250824T124200_vs_HYPERNETS_20250824T123000_RHOW_R_pixel.csv,THFR_pixel,Hyp,SNPP,3.6641600000000003,43.43485999999999,3.660083,43.431225999999995,0.52,2.25,2025-08-24T10:30:00Z,2025-08-24T10:42:00Z,12,30,5,1.2551,1.3283,0.6708,1.3933,2.8938,-0.010998,-0.003255,4.72e-4,NA,FALSE,FALSE,0.00183,0.001563,33.1267,-0.379178,-0.293568,-0.105091,0.105091,0.293568,0.379178,-61.0767,-41.5564,-11.7432,11.7432,41.5564,61.0767
SNPP_20250824T124200_vs_HYPERNETS_20250824T124500_RHOW_R_pixel.csv,THFR_pixel,Hyp,SNPP,3.6641600000000003,43.43485999999999,3.660083,43.431225999999995,0.52,2.25,2025-08-24T10:45:00Z,2025-08-24T10:42:00Z,3,30,5,1.2181,1.2793,0.651,1.3523,2.8089,-0.01065,-0.003087,5.54e-4,NA,FALSE,FALSE,0.001835,0.00154,32.4979,-0.379559,-0.300123,-0.083842,0.083842,0.300123,0.379559,-61.1757,-42.8822,-9.1515,9.1515,42.8822,61.1757
SNPP_20250824T124200_vs_HYPERNETS_20250824T130000_RHOW_R_pixel.csv,THFR_pixel,Hyp,SNPP,3.6641600000000003,43.43485999999999,3.660083,43.431225999999995,0.52,2.25,2025-08-24T11:00:00Z,2025-08-24T10:42:00Z,18,30,5,1.2068,1.3693,0.6574,1.3256,2.6731,-0.010495,-0.003222,3.85e-4,NA,FALSE,FALSE,0.001942,0.001616,34.242,-0.398712,-0.32071,-0.163748,0.163748,0.32071,0.398712,-66.3096,-47.2125,-19.5812,19.5812,47.2125,66.3096
SNPP_20250831T121201_vs_HYPERNETS_20250831T114500_RHOW_R_pixel.csv,THFR_pixel,Hyp,SNPP,3.6641600000000003,43.43485999999999,3.6564049999999995,43.427755000000005,1.01,2.25,2025-08-31T09:45:00Z,2025-08-31T10:12:01Z,27,30,5,0.9543,0.766,0.6391,0.9835,1.5134,-0.001971,0.001025,0.002973,NA,FALSE,FALSE,0.001079,9.79e-4,21.8055,0.145657,0.229069,0.259474,0.145657,0.229069,0.259474,14.5657,22.9069,25.9474,14.5657,22.9069,25.9474
SNPP_20250831T121201_vs_HYPERNETS_20250831T120000_RHOW_R_pixel.csv,THFR_pixel,Hyp,SNPP,3.6641600000000003,43.43485999999999,3.6564049999999995,43.427755000000005,1.01,2.25,2025-08-31T10:00:00Z,2025-08-31T10:12:01Z,12,30,5,0.9127,0.7768,0.6166,0.9391,1.4303,-0.001817,0.001069,0.002964,NA,FALSE,FALSE,9.05e-4,8.61e-4,18.4109,0.091142,0.208408,0.225808,0.091142,0.208408,0.225808,9.1142,20.8408,22.5808,9.1142,20.8408,22.5808
SNPP_20250831T121201_vs_HYPERNETS_20250831T121500_RHOW_R_pixel.csv,THFR_pixel,Hyp,SNPP,3.6641600000000003,43.43485999999999,3.6564049999999995,43.427755000000005,1.01,2.25,2025-08-31T10:15:00Z,2025-08-31T10:12:01Z,3,30,5,0.8727,0.78,0.5897,0.898,1.3674,-0.001916,0.001004,0.00292,NA,FALSE,FALSE,7.1e-4,6.87e-4,13.886,0.038594,0.126386,0.150983,0.10108,0.126386,0.150983,3.8594,12.6386,15.0983,11.2446,12.6386,15.0983
SNPP_20250831T121201_vs_HYPERNETS_20250831T123000_RHOW_R_pixel.csv,THFR_pixel,Hyp,SNPP,3.6641600000000003,43.43485999999999,3.6564049999999995,43.427755000000005,1.01,2.25,2025-08-31T10:30:00Z,2025-08-31T10:12:01Z,18,30,5,0.8315,0.773,0.5543,0.8577,1.327,-0.001672,0.001249,0.003137,NA,FALSE,FALSE,7.83e-4,7.05e-4,14.514,0.007112,0.185738,0.205899,0.107789,0.185738,0.205899,0.7112,18.5738,20.5899,12.0811,18.5738,20.5899
SNPP_20250903T130000_vs_HYPERNETS_20250903T123000_RHOW_C_pixel.csv,THFR_pixel,Hyp,SNPP,3.6641600000000003,43.43485999999999,3.658352,43.428109000000006,0.89,2.25,2025-09-03T10:30:00Z,2025-09-03T11:00:00Z,30,30,4,1.0642,1.081,0.3602,1.2475,4.3207,-0.019184,-0.002978,0.001701,NA,FALSE,FALSE,0.002246,0.001706,36.3246,-0.526854,-0.341954,-0.174312,0.178346,0.341954,0.526854,-123.5751,-54.0089,-22.0187,22.5099,54.0089,123.5751
SNPP_20250903T130000_vs_HYPERNETS_20250903T124500_RHOW_C_pixel.csv,THFR_pixel,Hyp,SNPP,3.6641600000000003,43.43485999999999,3.658352,43.428109000000006,0.89,2.25,2025-09-03T10:45:00Z,2025-09-03T11:00:00Z,15,30,4,1.1078,1.1521,0.3752,1.2979,4.4895,-0.019892,-0.003191,0.001637,NA,FALSE,FALSE,0.002222,0.001751,37.6018,-0.523937,-0.35838,-0.195771,0.210461,0.35838,0.523937,-121.997,-57.3273,-25.8144,27.6493,57.3273,121.997
SNPP_20250903T130000_vs_HYPERNETS_20250903T130000_RHOW_C_pixel.csv,THFR_pixel,Hyp,SNPP,3.6641600000000003,43.43485999999999,3.658352,43.428109000000006,0.89,2.25,2025-09-03T11:00:00Z,2025-09-03T11:00:00Z,0,30,4,1.112,1.1171,0.3723,1.3153,4.6473,-0.020245,-0.003149,0.00169,NA,FALSE,FALSE,0.002175,0.001739,37.1452,-0.518197,-0.339319,-0.166129,0.192574,0.339319,0.518197,-119.2602,-53.1297,-21.178,24.3412,53.1297,119.2602
SNPP_20250903T130000_vs_HYPERNETS_20250903T131500_RHOW_C_pixel.csv,THFR_pixel,Hyp,SNPP,3.6641600000000003,43.43485999999999,3.658352,43.428109000000006,0.89,2.25,2025-09-03T11:15:00Z,2025-09-03T11:00:00Z,15,30,4,1.084,1.1239,0.3605,1.2903,4.6186,-0.020832,-0.003225,0.001693,NA,FALSE,FALSE,0.0023,0.001806,37.9535,-0.534082,-0.363287,-0.194365,0.20874,0.363287,0.534082,-126.794,-58.8174,-25.5646,27.3567,58.8174,126.794
SNPP_20250903T130000_vs_HYPERNETS_20250903T133000_RHOW_C_pixel.csv,THFR_pixel,Hyp,SNPP,3.6641600000000003,43.43485999999999,3.658352,43.428109000000006,0.89,2.25,2025-09-03T11:30:00Z,2025-09-03T11:00:00Z,30,30,4,1.1347,1.1581,0.3827,1.3339,4.6495,-0.020113,-0.003203,0.001649,NA,FALSE,FALSE,0.002142,0.001738,37.5455,-0.515145,-0.345559,-0.175466,0.205869,0.345559,0.515145,-117.5346,-54.3122,-22.782,26.4598,54.3122,117.5346
SNPP_20250904T123601_vs_HYPERNETS_20250904T123000_RHOW_C_pixel.csv,THFR_pixel,Hyp,SNPP,3.6641600000000003,43.43485999999999,3.6618749999999998,43.430710000000005,0.5,2.25,2025-09-04T10:30:00Z,2025-09-04T10:36:01Z,6,30,5,0.9214,2.6701,0.4545,1.4115,4.3838,-0.015866,-0.001341,0.003336,NA,FALSE,FALSE,0.002257,0.001729,51.4969,-0.101952,-0.021704,0.352181,0.101952,0.352181,0.922073,-11.3527,-2.2185,35.2181,11.3527,35.2181,117.6936
SNPP_20250904T123601_vs_HYPERNETS_20250904T124500_RHOW_C_pixel.csv,THFR_pixel,Hyp,SNPP,3.6641600000000003,43.43485999999999,3.6618749999999998,43.430710000000005,0.5,2.25,2025-09-04T10:45:00Z,2025-09-04T10:36:01Z,9,30,5,0.9297,2.686,0.4594,1.4304,4.4543,-0.016061,-0.001386,0.003327,NA,FALSE,FALSE,0.002273,0.001719,51.7384,-0.094983,-0.012412,0.35868,0.094983,0.35868,0.922542,-10.4952,-1.2568,35.868,10.4952,35.868,119.8305
SNPP_20250904T123601_vs_HYPERNETS_20250904T130000_RHOW_C_pixel.csv,THFR_pixel,Hyp,SNPP,3.6641600000000003,43.43485999999999,3.6618749999999998,43.430710000000005,0.5,2.25,2025-09-04T11:00:00Z,2025-09-04T10:36:01Z,24,30,5,0.8859,2.5774,0.4453,1.417,4.5094,-0.015802,-0.001155,0.003447,NA,FALSE,FALSE,0.002373,0.001769,55.1981,-0.077537,-0.010319,0.424413,0.077537,0.424413,0.921244,-8.4055,-1.0427,42.4413,8.4055,42.4413,132.6393
SNPP_20250905T121800_vs_HYPERNETS_20250905T120000_RHOW_R_pixel.csv,THFR_pixel,Hyp,SNPP,3.6641600000000003,43.43485999999999,3.658481,43.42734,0.95,2.25,2025-09-05T10:00:00Z,2025-09-05T10:18:00Z,18,30,5,1.2226,1.139,0.6991,1.3142,2.4706,-0.008505,-0.001975,0.001499,NA,FALSE,FALSE,0.001293,0.001149,25.9381,-0.207495,-0.035309,0.139476,0.139476,0.207495,0.36647,-26.1821,-3.6601,13.9476,13.9476,26.1821,36.647
SNPP_20250905T121800_vs_HYPERNETS_20250905T121500_RHOW_R_pixel.csv,THFR_pixel,Hyp,SNPP,3.6641600000000003,43.43485999999999,3.658481,43.42734,0.95,2.25,2025-09-05T10:15:00Z,2025-09-05T10:18:00Z,3,30,5,1.212,1.1574,0.6895,1.3054,2.4716,-0.008888,-0.002124,0.001448,NA,FALSE,FALSE,0.00133,0.001186,25.7686,-0.233582,-0.05605,0.119026,0.119026,0.233582,0.314416,-30.4771,-5.9378,11.9026,11.9026,30.4771,31.4416
SNPP_20250905T121800_vs_HYPERNETS_20250905T123000_RHOW_R_pixel.csv,THFR_pixel,Hyp,SNPP,3.6641600000000003,43.43485999999999,3.658481,43.42734,0.95,2.25,2025-09-05T10:30:00Z,2025-09-05T10:18:00Z,12,30,5,1.1933,1.1625,0.6835,1.2819,2.4042,-0.008666,-0.002078,0.001434,NA,FALSE,FALSE,0.001319,0.001181,25.4457,-0.237722,-0.070771,0.102763,0.102763,0.237722,0.293596,-31.1857,-7.6161,10.2763,10.2763,29.3596,31.1857
SNPP_20250905T121800_vs_HYPERNETS_20250905T124500_RHOW_R_pixel.csv,THFR_pixel,Hyp,SNPP,3.6641600000000003,43.43485999999999,3.658481,43.42734,0.95,2.25,2025-09-05T10:45:00Z,2025-09-05T10:18:00Z,27,30,5,1.2013,1.1659,0.7347,1.2634,2.1725,-0.006543,-0.001526,0.001392,NA,FALSE,FALSE,0.001103,9.73e-4,23.3612,-0.161925,-0.020311,0.12693,0.12693,0.161925,0.360818,-19.321,-2.0732,12.693,12.693,19.321,36.0818
SNPP_20250906T120000_vs_HYPERNETS_20250906T113000_RHOW_R_pixel.csv,THFR_pixel,Hyp,SNPP,3.6641600000000003,43.43485999999999,3.66201,43.431768,0.39,2.25,2025-09-06T09:30:00Z,2025-09-06T10:00:00Z,30,30,5,0.6997,1.0692,0.3662,0.7872,1.6921,-0.006852,-0.001671,7.39e-4,NA,FALSE,FALSE,0.003085,0.00289,52.2163,-0.60358,-0.600315,-0.409841,0.409841,0.600315,0.60358,-152.2576,-150.197,-69.4458,69.4458,150.197,152.2576
SNPP_20250910T122401_vs_HYPERNETS_20250910T123000_RHOW_R_pixel.csv,THFR_pixel,Hyp,SNPP,3.6641600000000003,43.43485999999999,3.658361,43.431915000000004,0.57,2.25,2025-09-10T10:30:00Z,2025-09-10T10:24:01Z,6,30,5,0.6953,0.5411,0.3481,0.8142,1.9046,-0.003691,7.22e-4,0.002608,NA,FALSE,FALSE,0.001056,8.35e-4,28.1228,-0.080917,0.005655,0.469107,0.080917,0.345315,0.469107,-8.8041,0.5655,46.9107,8.8041,46.9107,50.5147
SNPP_20250915T123000_vs_HYPERNETS_20250915T120000_RHOW_R_pixel.csv,THFR_pixel,Hyp,SNPP,3.6641600000000003,43.43485999999999,3.666344,43.430798,0.49,2.25,2025-09-15T10:00:00Z,2025-09-15T10:30:00Z,30,30,5,1.1561,1.5246,0.6507,1.2506,2.4036,-0.008675,-0.002989,-3e-5,NA,FALSE,TRUE,0.002041,0.001752,42.0723,-0.636803,-0.359295,-0.25386,0.25386,0.359295,0.636803,-175.3324,-56.078,-34.023,34.023,56.078,175.3324
SNPP_20250915T123000_vs_HYPERNETS_20250915T121500_RHOW_R_pixel.csv,THFR_pixel,Hyp,SNPP,3.6641600000000003,43.43485999999999,3.666344,43.430798,0.49,2.25,2025-09-15T10:15:00Z,2025-09-15T10:30:00Z,15,30,5,1.1429,1.576,0.6549,1.2276,2.3009,-0.008359,-0.002976,-1.05e-4,NA,FALSE,TRUE,0.002089,0.001835,43.3352,-0.640599,-0.37012,-0.284149,0.284149,0.37012,0.640599,-178.2405,-58.7603,-39.6939,39.6939,58.7603,178.2405
SNPP_20250915T123000_vs_HYPERNETS_20250915T123000_RHOW_R_pixel.csv,THFR_pixel,Hyp,SNPP,3.6641600000000003,43.43485999999999,3.666344,43.430798,0.49,2.25,2025-09-15T10:30:00Z,2025-09-15T10:30:00Z,0,30,5,1.115,1.5324,0.6403,1.1966,2.2362,-0.007994,-0.002799,-2e-5,NA,FALSE,TRUE,0.002064,0.001817,43.0057,-0.637319,-0.374622,-0.265102,0.265102,0.374622,0.637319,-175.7247,-59.9034,-36.0733,36.0733,59.9034,175.7247
SNPP_20250915T123000_vs_HYPERNETS_20250915T124500_RHOW_R_pixel.csv,THFR_pixel,Hyp,SNPP,3.6641600000000003,43.43485999999999,3.666344,43.430798,0.49,2.25,2025-09-15T10:45:00Z,2025-09-15T10:30:00Z,15,30,5,1.1231,1.5082,0.65,1.2018,2.2218,-0.007536,-0.002616,4.5e-5,NA,FALSE,FALSE,0.001906,0.001643,40.9386,-0.623496,-0.359258,-0.228655,0.228655,0.359258,0.623496,-165.6014,-56.0691,-29.6436,29.6436,56.0691,165.6014
SNPP_20250915T123000_vs_HYPERNETS_20250915T130000_RHOW_R_pixel.csv,THFR_pixel,Hyp,SNPP,3.6641600000000003,43.43485999999999,3.666344,43.430798,0.49,2.25,2025-09-15T11:00:00Z,2025-09-15T10:30:00Z,30,30,5,1.1024,1.4648,0.6317,1.1841,2.2196,-0.007588,-0.002565,1.15e-4,NA,FALSE,FALSE,0.001936,0.001671,41.0074,-0.62696,-0.364954,-0.213697,0.213697,0.364954,0.62696,-168.0675,-57.4689,-27.1774,27.1774,57.4689,168.0675
SNPP_20250917T115401_vs_HYPERNETS_20250917T113000_RHOW_R_pixel.csv,THFR_pixel,Hyp,SNPP,3.6641600000000003,43.43485999999999,3.650697,43.425678000000005,1.49,2.25,2025-09-17T09:30:00Z,2025-09-17T09:54:01Z,24,30,5,0.7984,1.1531,0.4366,0.8754,1.7551,-0.005623,-0.001521,5.25e-4,NA,FALSE,FALSE,0.002282,0.002102,47.781,-0.669748,-0.513139,-0.25171,0.25171,0.513139,0.669748,-202.799,-105.3975,-33.638,33.638,105.3975,202.799
SNPP_20250917T115401_vs_HYPERNETS_20250917T114500_RHOW_R_pixel.csv,THFR_pixel,Hyp,SNPP,3.6641600000000003,43.43485999999999,3.650697,43.425678000000005,1.49,2.25,2025-09-17T09:45:00Z,2025-09-17T09:54:01Z,9,30,5,0.7968,1.1469,0.4389,0.8704,1.7261,-0.005431,-0.001469,5.29e-4,NA,FALSE,FALSE,0.002248,0.002069,47.3502,-0.664413,-0.509619,-0.252269,0.252269,0.509619,0.664413,-197.9853,-103.923,-33.738,33.738,103.923,197.9853
SNPP_20250917T115401_vs_HYPERNETS_20250917T120000_RHOW_R_pixel.csv,THFR_pixel,Hyp,SNPP,3.6641600000000003,43.43485999999999,3.650697,43.425678000000005,1.49,2.25,2025-09-17T10:00:00Z,2025-09-17T09:54:01Z,6,30,5,0.7892,1.128,0.4339,0.8629,1.7161,-0.005402,-0.001443,5.48e-4,NA,FALSE,FALSE,0.002263,0.002079,47.2833,-0.66419,-0.511005,-0.256143,0.256143,0.511005,0.66419,-197.7873,-104.5009,-34.4344,34.4344,104.5009,197.7873
SNPP_20250917T115401_vs_HYPERNETS_20250917T121500_RHOW_R_pixel.csv,THFR_pixel,Hyp,SNPP,3.6641600000000003,43.43485999999999,3.650697,43.425678000000005,1.49,2.25,2025-09-17T10:15:00Z,2025-09-17T09:54:01Z,21,30,5,0.7783,1.1326,0.4264,0.8524,1.704,-0.005535,-0.001489,5.35e-4,NA,FALSE,FALSE,0.002374,0.00219,48.5627,-0.675512,-0.519062,-0.270317,0.270317,0.519062,0.675512,-208.1783,-107.9268,-37.0458,37.0458,107.9268,208.1783
SNPP_20250919T130000_vs_HYPERNETS_20250919T123000_RHOW_R_pixel.csv,THFR_pixel,Hyp,SNPP,3.6641600000000003,43.43485999999999,3.6499140000000003,43.429974,1.27,2.25,2025-09-19T10:30:00Z,2025-09-19T11:00:00Z,30,30,5,0.969,1.0136,0.6258,1.0058,1.6164,-0.004517,-0.001055,0.001098,NA,FALSE,FALSE,0.00125,0.001023,19.4032,-0.30236,-0.274911,-0.051353,0.051353,0.274911,0.30236,-43.3405,-37.9142,-5.4133,5.4133,37.9142,43.3405
SNPP_20250919T130000_vs_HYPERNETS_20250919T124500_RHOW_R_pixel.csv,THFR_pixel,Hyp,SNPP,3.6641600000000003,43.43485999999999,3.6499140000000003,43.429974,1.27,2.25,2025-09-19T10:45:00Z,2025-09-19T11:00:00Z,15,30,5,0.965,1.042,0.6186,1.0032,1.6269,-0.004836,-0.001201,0.00104,NA,FALSE,FALSE,0.001392,0.001183,22.0749,-0.327734,-0.29207,-0.102183,0.102183,0.29207,0.327734,-48.7506,-41.257,-11.3813,11.3813,41.257,48.7506
SNPP_20250919T130000_vs_HYPERNETS_20250919T130000_RHOW_R_pixel.csv,THFR_pixel,Hyp,SNPP,3.6641600000000003,43.43485999999999,3.6499140000000003,43.429974,1.27,2.25,2025-09-19T11:00:00Z,2025-09-19T11:00:00Z,0,30,5,1.0057,1.0732,0.6628,1.0396,1.6308,-0.004528,-0.001203,9.17e-4,NA,FALSE,FALSE,0.00119,9.8e-4,19.6561,-0.292208,-0.264842,-0.109282,0.109282,0.264842,0.292208,-41.2843,-36.0251,-12.269,12.269,36.0251,41.2843
SNPP_20250922T120000_vs_HYPERNETS_20250922T113000_RHOW_R_pixel.csv,THFR_pixel,Hyp,SNPP,3.6641600000000003,43.43485999999999,3.6622019999999997,43.430445999999996,0.52,2.25,2025-09-22T09:30:00Z,2025-09-22T10:00:00Z,30,30,5,0.8367,1.0994,0.54990000000000006,0.8654,1.3621,-0.00452,-0.001142,0.001005,NA,FALSE,FALSE,0.002206,0.002057,31.855,-0.365746,-0.304956,-0.208358,0.208358,0.304956,0.365746,-57.6657,-43.8757,-26.3197,26.3197,43.8757,57.6657
SNPP_20250922T120000_vs_HYPERNETS_20250922T114500_RHOW_R_pixel.csv,THFR_pixel,Hyp,SNPP,3.6641600000000003,43.43485999999999,3.6622019999999997,43.430445999999996,0.52,2.25,2025-09-22T09:45:00Z,2025-09-22T10:00:00Z,15,30,5,0.8329,1.1403,0.5521,0.8601,1.3399,-0.004655,-0.001289,8.72e-4,NA,FALSE,FALSE,0.002405,0.00227,34.2966,-0.381057,-0.327834,-0.257238,0.257238,0.327834,0.381057,-61.5659,-48.7727,-34.6326,34.6326,48.7727,61.5659
SNPP_20250922T120000_vs_HYPERNETS_20250922T120000_RHOW_R_pixel.csv,THFR_pixel,Hyp,SNPP,3.6641600000000003,43.43485999999999,3.6622019999999997,43.430445999999996,0.52,2.25,2025-09-22T10:00:00Z,2025-09-22T10:00:00Z,0,30,5,0.8289,1.0701,0.5802,0.8481,1.2398,-0.003229,-7.1e-4,0.001014,NA,FALSE,FALSE,0.00184,0.001687,27.4815,-0.337072,-0.236938,-0.182282,0.182282,0.236938,0.337072,-50.846,-31.051,-22.2916,22.2916,31.051,50.846
SNPP_20250922T120000_vs_HYPERNETS_20250922T121500_RHOW_R_pixel.csv,THFR_pixel,Hyp,SNPP,3.6641600000000003,43.43485999999999,3.6622019999999997,43.430445999999996,0.52,2.25,2025-09-22T10:15:00Z,2025-09-22T10:00:00Z,15,30,5,0.8543,1.0779,0.5735,0.88,1.3504,-0.003951,-9.22e-4,0.001052,NA,FALSE,FALSE,0.001846,0.001694,27.7337,-0.335946,-0.252462,-0.165311,0.165311,0.252462,0.335946,-50.5903,-33.7724,-19.8051,19.8051,33.7724,50.5903
SNPP_20250922T120000_vs_HYPERNETS_20250922T123000_RHOW_R_pixel.csv,THFR_pixel,Hyp,SNPP,3.6641600000000003,43.43485999999999,3.6622019999999997,43.430445999999996,0.52,2.25,2025-09-22T10:30:00Z,2025-09-22T10:00:00Z,30,30,5,0.8416,1.1067,0.5845,0.8622,1.2716,-0.003603,-9.14e-4,9.08e-4,NA,FALSE,FALSE,0.001955,0.001819,29.3923,-0.344721,-0.260118,-0.209188,0.209188,0.260118,0.344721,-52.6067,-35.1567,-26.4522,26.4522,35.1567,52.6067
SNPP_20250923T114201_vs_HYPERNETS_20250923T111500_RHOW_R_pixel.csv,THFR_pixel,Hyp,SNPP,3.6641600000000003,43.43485999999999,3.659356,43.424943,1.17,2.25,2025-09-23T09:15:00Z,2025-09-23T09:42:01Z,27,30,5,0.4197,0.4759,0.2019,0.5922,1.7373,-0.005866,0.001007,0.00335,NA,FALSE,FALSE,0.002531,0.00209,32.3315,-0.285606,-0.246339,-0.079302,0.246339,0.285606,0.462102,-39.9788,-32.6856,-8.6132,32.6856,39.9788,46.2102
SNPP_20250923T132400_vs_HYPERNETS_20250923T130000_RHOW_R_pixel.csv,THFR_pixel,Hyp,SNPP,3.6641600000000003,43.43485999999999,3.66062,43.434197,0.3,2.25,2025-09-23T11:00:00Z,2025-09-23T11:24:00Z,24,30,4,0.8716,1.1075,0.2774,1.1009,4.3693,-0.0272,-0.004155,0.001651,NA,FALSE,FALSE,0.003951,0.003444,52.1378,-0.70703,-0.521906,-0.336253,0.336253,0.521906,0.70703,-267.7045,-117.5032,-52.055,52.055,117.5032,267.7045
SNPP_20250923T132400_vs_HYPERNETS_20250923T131500_RHOW_R_pixel.csv,THFR_pixel,Hyp,SNPP,3.6641600000000003,43.43485999999999,3.66062,43.434197,0.3,2.25,2025-09-23T11:15:00Z,2025-09-23T11:24:00Z,9,30,4,0.9608,1.2177,0.3218,1.1361,4.0114,-0.021831,-0.003598,0.001566,NA,FALSE,FALSE,0.003202,0.002735,47.6505,-0.669729,-0.471172,-0.277948,0.277948,0.471172,0.669729,-222.3426,-96.2713,-39.472,39.472,96.2713,222.3426
SNPP_20250923T132400_vs_HYPERNETS_20250923T133000_RHOW_R_pixel.csv,THFR_pixel,Hyp,SNPP,3.6641600000000003,43.43485999999999,3.66062,43.434197,0.3,2.25,2025-09-23T11:30:00Z,2025-09-23T11:24:00Z,6,30,4,0.9967,1.2966,0.3439,1.1519,3.8577,-0.020536,-0.003602,0.001454,NA,FALSE,FALSE,0.003077,0.002652,47.5464,-0.65953,-0.472766,-0.2887,0.2887,0.472766,0.65953,-212.7831,-95.519,-41.7891,41.7891,95.519,212.7831
SNPP_20250923T132400_vs_HYPERNETS_20250923T134500_RHOW_R_pixel.csv,THFR_pixel,Hyp,SNPP,3.6641600000000003,43.43485999999999,3.66062,43.434197,0.3,2.25,2025-09-23T11:45:00Z,2025-09-23T11:24:00Z,21,30,4,0.9533,1.3031,0.3278,1.1045,3.7218,-0.020703,-0.003608,0.001466,NA,FALSE,FALSE,0.003324,0.002925,49.7687,-0.675473,-0.496985,-0.319199,0.319199,0.496985,0.675473,-227.5813,-105.0361,-48.1881,48.1881,105.0361,227.5813
SNPP_20250925T124801_vs_HYPERNETS_20250925T124500_RHOW_R_pixel.csv,THFR_pixel,Hyp,SNPP,3.6641600000000003,43.43485999999999,3.6657330000000004,43.432432000000006,0.3,2.25,2025-09-25T10:45:00Z,2025-09-25T10:48:01Z,3,30,5,1.0327,1.0806,0.6241,1.0897,1.9026,-0.005772,-0.001509,9.33e-4,NA,FALSE,FALSE,0.001375,0.001114,23.9314,-0.327908,-0.327479,-0.143166,0.143166,0.327479,0.327908,-48.7892,-48.6942,-16.7087,16.7087,48.6942,48.7892
SNPP_20250925T124801_vs_HYPERNETS_20250925T130000_RHOW_R_pixel.csv,THFR_pixel,Hyp,SNPP,3.6641600000000003,43.43485999999999,3.6657330000000004,43.432432000000006,0.3,2.25,2025-09-25T11:00:00Z,2025-09-25T10:48:01Z,12,30,5,1.0476,1.081,0.6292,1.1074,1.9489,-0.00592,-0.001548,9.37e-4,NA,FALSE,FALSE,0.001351,0.001116,23.8012,-0.326789,-0.320465,-0.13241,0.13241,0.320465,0.326789,-48.5418,-47.1594,-15.2618,15.2618,47.1594,48.5418
SNPP_20250925T124801_vs_HYPERNETS_20250925T131500_RHOW_R_pixel.csv,THFR_pixel,Hyp,SNPP,3.6641600000000003,43.43485999999999,3.6657330000000004,43.432432000000006,0.3,2.25,2025-09-25T11:15:00Z,2025-09-25T10:48:01Z,27,30,5,1.0609,1.0863,0.6513,1.1146,1.9074,-0.005396,-0.001405,9.27e-4,NA,FALSE,FALSE,0.001205,0.001012,21.961,-0.302465,-0.268505,-0.133658,0.133658,0.268505,0.302465,-43.362,-36.7063,-15.4278,15.4278,36.7063,43.362
SNPP_20250929T131200_vs_HYPERNETS_20250929T124500_RHOW_R_pixel.csv,THFR_pixel,Hyp,SNPP,3.6641600000000003,43.43485999999999,3.660404,43.428586,0.76,2.25,2025-09-29T10:45:00Z,2025-09-29T11:12:00Z,27,30,3,0.7416,1.0501,0.0641,0.8787,12.0411,-0.068318,-0.001963,0.002879,NA,FALSE,FALSE,0.003144,0.002684,48.9367,-0.613355,-0.498119,-0.369755,0.369755,0.498119,0.613355,-170.9487,-99.2504,-62.0656,62.0656,99.2504,170.9487
SNPP_20250929T131200_vs_HYPERNETS_20250929T130000_RHOW_R_pixel.csv,THFR_pixel,Hyp,SNPP,3.6641600000000003,43.43485999999999,3.660404,43.428586,0.76,2.25,2025-09-29T11:00:00Z,2025-09-29T11:12:00Z,12,30,3,0.7447,1.0991,0.0645,0.8809,12.0225,-0.069856,-0.002097,0.002868,NA,FALSE,FALSE,0.003257,0.002821,50.7039,-0.634366,-0.535203,-0.393794,0.393794,0.535203,0.634366,-184.1473,-115.1477,-69.6405,69.6405,115.1477,184.1473
SNPP_20250929T131200_vs_HYPERNETS_20250929T131500_RHOW_R_pixel.csv,THFR_pixel,Hyp,SNPP,3.6641600000000003,43.43485999999999,3.660404,43.428586,0.76,2.25,2025-09-29T11:15:00Z,2025-09-29T11:12:00Z,3,30,3,0.7411,1.1018,0.0643,0.8764,11.954,-0.069902,-0.002104,0.002867,NA,FALSE,FALSE,0.003293,0.00286,51.046,-0.637256,-0.539399,-0.398134,0.398134,0.539399,0.637256,-186.2903,-117.1076,-70.9248,70.9248,117.1076,186.2903
SNPP_20250929T131200_vs_HYPERNETS_20250929T133000_RHOW_R_pixel.csv,THFR_pixel,Hyp,SNPP,3.6641600000000003,43.43485999999999,3.660404,43.428586,0.76,2.25,2025-09-29T11:30:00Z,2025-09-29T11:12:00Z,18,30,3,0.7473,1.1208,0.0656,0.8767,11.7133,-0.068635,-0.002121,0.002857,NA,FALSE,FALSE,0.003292,0.002878,51.4134,-0.640721,-0.5478,-0.404381,0.404381,0.5478,0.640721,-188.1383,-121.1413,-72.9822,72.9822,121.1413,188.1383
SNPP_20250930T125400_vs_HYPERNETS_20250930T123000_RHOW_R_pixel.csv,THFR_pixel,Hyp,SNPP,3.6641600000000003,43.43485999999999,3.660168,43.427642999999996,0.87,2.25,2025-09-30T10:30:00Z,2025-09-30T10:54:00Z,24,30,5,0.7039,1.2918,0.3608,0.8049,1.7955,-0.009759,-0.002656,5.29e-4,NA,FALSE,FALSE,0.004369,0.004055,60.3897,-0.67274,-0.661516,-0.480501,0.480501,0.661516,0.67274,-205.5677,-195.4352,-92.4932,92.4932,195.4352,205.5677
SNPP_20250930T125400_vs_HYPERNETS_20250930T124500_RHOW_R_pixel.csv,THFR_pixel,Hyp,SNPP,3.6641600000000003,43.43485999999999,3.660168,43.427642999999996,0.87,2.25,2025-09-30T10:45:00Z,2025-09-30T10:54:00Z,9,30,5,0.7173,1.324,0.37,0.8159,1.7991,-0.009422,-0.00257,5.37e-4,NA,FALSE,FALSE,0.004162,0.003853,59.4489,-0.66614,-0.650481,-0.474682,0.474682,0.650481,0.66614,-199.5266,-186.1078,-90.3609,90.3609,186.1078,199.5266
SNPP_20250930T125400_vs_HYPERNETS_20250930T130000_RHOW_R_pixel.csv,THFR_pixel,Hyp,SNPP,3.6641600000000003,43.43485999999999,3.660168,43.427642999999996,0.87,2.25,2025-09-30T11:00:00Z,2025-09-30T10:54:00Z,6,30,5,0.7278,1.314,0.3803,0.8199,1.768,-0.008622,-0.002328,5.91e-4,NA,FALSE,FALSE,0.003836,0.003523,57.4347,-0.653678,-0.628094,-0.441716,0.441716,0.628094,0.653678,-188.7485,-168.8849,-79.1202,79.1202,168.8849,188.7485
SNPP_20250930T125400_vs_HYPERNETS_20250930T131500_RHOW_R_pixel.csv,THFR_pixel,Hyp,SNPP,3.6641600000000003,43.43485999999999,3.660168,43.427642999999996,0.87,2.25,2025-09-30T11:15:00Z,2025-09-30T10:54:00Z,21,30,5,0.7026,1.3202,0.3613,0.8012,1.7765,-0.009288,-0.002478,5.93e-4,NA,FALSE,FALSE,0.004193,0.003866,59.5124,-0.671328,-0.650953,-0.473154,0.473154,0.650953,0.671328,-204.2549,-186.4947,-89.8087,89.8087,186.4947,204.2549
SNPP_20251001T123000_vs_HYPERNETS_20251001T120000_RHOW_R_pixel.csv,THFR_pixel,Hyp,SNPP,3.6641600000000003,43.43485999999999,3.6653770000000003,43.431225,0.42,2.25,2025-10-01T10:00:00Z,2025-10-01T10:30:00Z,30,30,5,0.7361,1.0973,0.3728,0.8511,1.9431,-0.00795,-0.00201,5.92e-4,NA,FALSE,FALSE,0.003145,0.00282,54.0629,-0.711333,-0.61721,-0.262167,0.262167,0.61721,0.711333,-246.4198,-161.24,-35.532,35.532,161.24,246.4198
SNPP_20251001T123000_vs_HYPERNETS_20251001T121500_RHOW_R_pixel.csv,THFR_pixel,Hyp,SNPP,3.6641600000000003,43.43485999999999,3.6653770000000003,43.431225,0.42,2.25,2025-10-01T10:15:00Z,2025-10-01T10:30:00Z,15,30,5,0.7188,1.1658,0.3655,0.8278,1.8748,-0.00799,-0.002065,5.51e-4,NA,FALSE,FALSE,0.003354,0.003039,56.5258,-0.721998,-0.632344,-0.287107,0.287107,0.632344,0.721998,-259.7102,-171.9934,-40.2735,40.2735,171.9934,259.7102
SNPP_20251001T123000_vs_HYPERNETS_20251001T123000_RHOW_R_pixel.csv,THFR_pixel,Hyp,SNPP,3.6641600000000003,43.43485999999999,3.6653770000000003,43.431225,0.42,2.25,2025-10-01T10:30:00Z,2025-10-01T10:30:00Z,0,30,5,0.7242,1.1751,0.3759,0.8198,1.788,-0.007109,-0.001842,5.74e-4,NA,FALSE,FALSE,0.003133,0.002822,54.8025,-0.705394,-0.620335,-0.280179,0.280179,0.620335,0.705394,-239.4362,-163.3902,-38.9235,38.9235,163.3902,239.4362
SNPP_20251001T123000_vs_HYPERNETS_20251001T124500_RHOW_R_pixel.csv,THFR_pixel,Hyp,SNPP,3.6641600000000003,43.43485999999999,3.6653770000000003,43.431225,0.42,2.25,2025-10-01T10:45:00Z,2025-10-01T10:30:00Z,15,30,5,0.7147,1.2252,0.3754,0.8022,1.7143,-0.006886,-0.001829,5.38e-4,NA,FALSE,FALSE,0.003227,0.002926,56.1531,-0.706618,-0.627048,-0.297493,0.297493,0.627048,0.706618,-240.8529,-168.1312,-42.3474,42.3474,168.1312,240.8529
SNPP_20251001T123000_vs_HYPERNETS_20251001T130000_RHOW_R_pixel.csv,THFR_pixel,Hyp,SNPP,3.6641600000000003,43.43485999999999,3.6653770000000003,43.431225,0.42,2.25,2025-10-01T11:00:00Z,2025-10-01T10:30:00Z,30,30,5,0.6987,1.2461,0.3779,0.7703,1.5701,-0.005962,-0.001591,5.54e-4,NA,FALSE,FALSE,0.003153,0.002846,55.7087,-0.693048,-0.624753,-0.311056,0.311056,0.624753,0.693048,-225.7837,-166.491,-45.1497,45.1497,166.491,225.7837
SNPP_20251002T121201_vs_HYPERNETS_20251002T114500_RHOW_R_pixel.csv,THFR_pixel,Hyp,SNPP,3.6641600000000003,43.43485999999999,3.6609830000000003,43.430149,0.58,2.25,2025-10-02T09:45:00Z,2025-10-02T10:12:01Z,27,30,5,0.6014,0.9347,0.3118,0.6815,1.4897,-0.005778,-0.001222,8.63e-4,NA,FALSE,FALSE,0.003341,0.003018,54.3989,-0.64185,-0.634768,-0.406624,0.406624,0.634768,0.64185,-179.2122,-173.7985,-68.5273,68.5273,173.7985,179.2122
SNPP_20251002T121201_vs_HYPERNETS_20251002T120000_RHOW_R_pixel.csv,THFR_pixel,Hyp,SNPP,3.6641600000000003,43.43485999999999,3.6609830000000003,43.430149,0.58,2.25,2025-10-02T10:00:00Z,2025-10-02T10:12:01Z,12,30,5,0.5945,0.9112,0.3137,0.6654,1.4115,-0.005077,-0.001008,9.1e-4,NA,FALSE,FALSE,0.003181,0.002833,52.3734,-0.618722,-0.596045,-0.373968,0.373968,0.596045,0.618722,-162.2759,-147.5521,-59.7363,59.7363,147.5521,162.2759
SNPP_20251002T121201_vs_HYPERNETS_20251002T121500_RHOW_R_pixel.csv,THFR_pixel,Hyp,SNPP,3.6641600000000003,43.43485999999999,3.6609830000000003,43.430149,0.58,2.25,2025-10-02T10:15:00Z,2025-10-02T10:12:01Z,3,30,5,0.589,0.9563,0.314,0.6549,1.366,-0.005426,-0.001237,7.71e-4,NA,FALSE,FALSE,0.003582,0.00327,56.6176,-0.658014,-0.657296,-0.43981,0.43981,0.657296,0.658014,-192.4092,-191.7972,-78.5109,78.5109,191.7972,192.4092
SNPP_20251002T121201_vs_HYPERNETS_20251002T123000_RHOW_R_pixel.csv,THFR_pixel,Hyp,SNPP,3.6641600000000003,43.43485999999999,3.6609830000000003,43.430149,0.58,2.25,2025-10-02T10:30:00Z,2025-10-02T10:12:01Z,18,30,5,0.6007,0.9565,0.3166,0.6727,1.4291,-0.005381,-0.001146,8.48e-4,NA,FALSE,FALSE,0.003301,0.002978,54.2825,-0.632547,-0.616882,-0.423954,0.423954,0.616882,0.632547,-172.1436,-161.0162,-73.5973,73.5973,161.0162,172.1436
SNPP_20251005T130001_vs_HYPERNETS_20251005T124500_RHOW_R_pixel.csv,THFR_pixel,Hyp,SNPP,3.6641600000000003,43.43485999999999,3.6572419999999997,43.426072000000005,1.13,2.25,2025-10-05T10:45:00Z,2025-10-05T11:00:01Z,15,30,4,0.8426,1.0143,0.3043,0.9488,2.9583,-0.016221,-0.002345,0.002106,NA,FALSE,FALSE,0.003064,0.002698,41.1828,-0.564925,-0.394647,-0.241549,0.241549,0.394647,0.564925,-133.0516,-69.2258,-32.0044,32.0044,69.2258,133.0516
SNPP_20251005T130001_vs_HYPERNETS_20251005T130000_RHOW_R_pixel.csv,THFR_pixel,Hyp,SNPP,3.6641600000000003,43.43485999999999,3.6572419999999997,43.426072000000005,1.13,2.25,2025-10-05T11:00:00Z,2025-10-05T11:00:01Z,0,30,4,0.8536,1.0314,0.3208,0.9444,2.7801,-0.014492,-0.002145,0.002049,NA,FALSE,FALSE,0.002859,0.002519,39.7709,-0.549656,-0.380783,-0.228836,0.228836,0.380783,0.549656,-124.5114,-65.3327,-29.7921,29.7921,65.3327,124.5114
SNPP_20251005T130001_vs_HYPERNETS_20251005T131500_RHOW_R_pixel.csv,THFR_pixel,Hyp,SNPP,3.6641600000000003,43.43485999999999,3.6572419999999997,43.426072000000005,1.13,2.25,2025-10-05T11:15:00Z,2025-10-05T11:00:01Z,15,30,4,0.8571,1.0112,0.3223,0.9481,2.7896,-0.014251,-0.002067,0.002075,NA,FALSE,FALSE,0.00276,0.00241,38.4889,-0.542447,-0.363165,-0.205606,0.205606,0.363165,0.542447,-120.9189,-61.1342,-25.9452,25.9452,61.1342,120.9189
SNPP_20251005T130001_vs_HYPERNETS_20251005T133000_RHOW_R_pixel.csv,THFR_pixel,Hyp,SNPP,3.6641600000000003,43.43485999999999,3.6572419999999997,43.426072000000005,1.13,2.25,2025-10-05T11:30:00Z,2025-10-05T11:00:01Z,30,30,4,0.8698,1.0426,0.3333,0.9553,2.738,-0.013696,-0.00204,0.002027,NA,FALSE,FALSE,0.002666,0.002332,38.1539,-0.535755,-0.367002,-0.212786,0.212786,0.367002,0.535755,-117.3374,-61.6919,-27.1417,27.1417,61.6919,117.3374
SNPP_20251006T124200_vs_HYPERNETS_20251006T121500_RHOW_R_pixel.csv,THFR_pixel,Hyp,SNPP,3.6641600000000003,43.43485999999999,3.6605840000000005,43.430865,0.53,2.25,2025-10-06T10:15:00Z,2025-10-06T10:42:00Z,27,30,4,0.832,1.1884,0.3132,0.9199,2.7016,-0.013365,-0.002385,0.001354,NA,FALSE,FALSE,0.00317,0.002878,51.7276,-0.639721,-0.489946,-0.367501,0.367501,0.489946,0.639721,-202.9916,-98.4585,-59.1344,59.1344,98.4585,202.9916
SNPP_20251006T124200_vs_HYPERNETS_20251006T123000_RHOW_R_pixel.csv,THFR_pixel,Hyp,SNPP,3.6641600000000003,43.43485999999999,3.6605840000000005,43.430865,0.53,2.25,2025-10-06T10:30:00Z,2025-10-06T10:42:00Z,12,30,4,0.8308,1.1551,0.3087,0.9236,2.7632,-0.013586,-0.002354,0.0014,NA,FALSE,FALSE,0.003129,0.002821,50.9407,-0.638647,-0.478648,-0.349408,0.349408,0.478648,0.638647,-201.9822,-94.6809,-54.5194,54.5194,94.6809,201.9822
SNPP_20251006T124200_vs_HYPERNETS_20251006T124500_RHOW_R_pixel.csv,THFR_pixel,Hyp,SNPP,3.6641600000000003,43.43485999999999,3.6605840000000005,43.430865,0.53,2.25,2025-10-06T10:45:00Z,2025-10-06T10:42:00Z,3,30,4,0.8338,1.1997,0.3158,0.9198,2.6792,-0.013185,-0.002369,0.001344,NA,FALSE,FALSE,0.00315,0.002863,51.7072,-0.639011,-0.490797,-0.368858,0.368858,0.490797,0.639011,-201.9061,-98.724,-59.5136,59.5136,98.724,201.9061
SNPP_20251006T124200_vs_HYPERNETS_20251006T130000_RHOW_R_pixel.csv,THFR_pixel,Hyp,SNPP,3.6641600000000003,43.43485999999999,3.6605840000000005,43.430865,0.53,2.25,2025-10-06T11:00:00Z,2025-10-06T10:42:00Z,18,30,4,0.8215,1.2139,0.3077,0.9102,2.6928,-0.01375,-0.002473,0.001338,NA,FALSE,FALSE,0.003329,0.003041,53.1871,-0.649501,-0.510007,-0.392377,0.392377,0.510007,0.649501,-211.6541,-106.2327,-65.9373,65.9373,106.2327,211.6541
SNPP_20251010T130600_vs_HYPERNETS_20251010T124500_RHOW_R_pixel.csv,THFR_pixel,Hyp,SNPP,3.6641600000000003,43.43485999999999,3.661179,43.428059000000005,0.79,2.25,2025-10-10T10:45:00Z,2025-10-10T11:06:00Z,21,30,5,0.8875,1.1615,0.4548,1.0152,2.2659,-0.01162,-0.003058,7.78e-4,NA,FALSE,FALSE,0.003392,0.002954,46.8358,-0.7677,-0.458393,-0.155768,0.155768,0.458393,0.7677,-330.4779,-84.6359,-18.4508,18.4508,84.6359,330.4779
SNPP_20251010T130600_vs_HYPERNETS_20251010T130000_RHOW_R_pixel.csv,THFR_pixel,Hyp,SNPP,3.6641600000000003,43.43485999999999,3.661179,43.428059000000005,0.79,2.25,2025-10-10T11:00:00Z,2025-10-10T11:06:00Z,6,30,5,0.9213,1.1534,0.4801,1.04,2.2528,-0.010593,-0.002795,8.05e-4,NA,FALSE,FALSE,0.002986,0.002538,43.2961,-0.747927,-0.427138,-0.112561,0.112561,0.427138,0.747927,-296.7099,-74.562,-12.6838,12.6838,74.562,296.7099
SNPP_20251010T130600_vs_HYPERNETS_20251010T131500_RHOW_R_pixel.csv,THFR_pixel,Hyp,SNPP,3.6641600000000003,43.43485999999999,3.661179,43.428059000000005,0.79,2.25,2025-10-10T11:15:00Z,2025-10-10T11:06:00Z,9,30,5,0.9334,1.1833,0.4958,1.04,2.1818,-0.009703,-0.002589,8.03e-4,NA,FALSE,FALSE,0.002774,0.002339,41.8767,-0.735749,-0.414147,-0.100304,0.100304,0.414147,0.735749,-278.4288,-70.6914,-11.1487,11.1487,70.6914,278.4288
SNPP_20251010T130600_vs_HYPERNETS_20251010T133000_RHOW_R_pixel.csv,THFR_pixel,Hyp,SNPP,3.6641600000000003,43.43485999999999,3.661179,43.428059000000005,0.79,2.25,2025-10-10T11:30:00Z,2025-10-10T11:06:00Z,24,30,5,0.9736,1.2325,0.5287,1.0712,2.1704,-0.008969,-0.002456,7.59e-4,NA,FALSE,FALSE,0.002468,0.002034,39.5862,-0.71677,-0.387577,-0.066567,0.066567,0.387577,0.71677,-253.0702,-63.2858,-7.1314,7.1314,63.2858,253.0702
SNPP_20251011T124801_vs_HYPERNETS_20251011T123000_RHOW_R_pixel.csv,THFR_pixel,Hyp,SNPP,3.6641600000000003,43.43485999999999,3.6628089999999998,43.429586,0.6,2.25,2025-10-11T10:30:00Z,2025-10-11T10:48:01Z,18,30,5,0.7957,1.9023,0.4505,0.8587,1.6369,-0.007291,-0.002446,9.6e-5,NA,FALSE,FALSE,0.003561,0.003326,60.5549,-0.75248,-0.591902,-0.421787,0.421787,0.591902,0.75248,-304.0071,-145.0395,-72.9466,72.9466,145.0395,304.0071
SNPP_20251011T124801_vs_HYPERNETS_20251011T124500_RHOW_R_pixel.csv,THFR_pixel,Hyp,SNPP,3.6641600000000003,43.43485999999999,3.6628089999999998,43.429586,0.6,2.25,2025-10-11T10:45:00Z,2025-10-11T10:48:01Z,3,30,5,0.8099,1.9929,0.4668,0.868,1.6143,-0.007006,-0.002427,3.6e-5,NA,FALSE,FALSE,0.003454,0.003236,60.4501,-0.745431,-0.586294,-0.437808,0.437808,0.586294,0.745431,-292.8203,-141.7175,-77.8751,77.8751,141.7175,292.8203
SNPP_20251011T124801_vs_HYPERNETS_20251011T130000_RHOW_R_pixel.csv,THFR_pixel,Hyp,SNPP,3.6641600000000003,43.43485999999999,3.6628089999999998,43.429586,0.6,2.25,2025-10-11T11:00:00Z,2025-10-11T10:48:01Z,12,30,5,0.773,1.8515,0.4374,0.8343,1.5913,-0.006939,-0.002258,1.96e-4,NA,FALSE,FALSE,0.003542,0.003283,60.1344,-0.749445,-0.595789,-0.396842,0.396842,0.595789,0.749445,-299.1136,-147.3958,-65.7941,65.7941,147.3958,299.1136
SNPP_20251011T124801_vs_HYPERNETS_20251011T131500_RHOW_R_pixel.csv,THFR_pixel,Hyp,SNPP,3.6641600000000003,43.43485999999999,3.6628089999999998,43.429586,0.6,2.25,2025-10-11T11:15:00Z,2025-10-11T10:48:01Z,27,30,5,0.7735,1.9779,0.4351,0.837,1.6099,-0.007553,-0.002534,7.5e-5,NA,FALSE,FALSE,0.003835,0.003592,62.4509,-0.763993,-0.611627,-0.464065,0.464065,0.611627,0.763993,-323.7157,-157.4844,-86.5898,86.5898,157.4844,323.7157
SNPP_20251012T122401_vs_HYPERNETS_20251012T120000_RHOW_R_pixel.csv,THFR_pixel,Hyp,SNPP,3.6641600000000003,43.43485999999999,3.666623,43.433786,0.23,2.25,2025-10-12T10:00:00Z,2025-10-12T10:24:01Z,24,30,5,0.6497,1.0869,0.3675,0.7014,1.3386,-0.005419,-0.001248,9.37e-4,NA,FALSE,FALSE,0.003541,0.003203,50.6113,-0.586856,-0.522486,-0.34301,0.34301,0.522486,0.586856,-142.0464,-109.4181,-52.2094,52.2094,109.4181,142.0464
SNPP_20251012T122401_vs_HYPERNETS_20251012T121500_RHOW_R_pixel.csv,THFR_pixel,Hyp,SNPP,3.6641600000000003,43.43485999999999,3.666623,43.433786,0.23,2.25,2025-10-12T10:15:00Z,2025-10-12T10:24:01Z,9,30,5,0.6523,1.0958,0.3682,0.7048,1.3493,-0.005491,-0.001271,9.33e-4,NA,FALSE,FALSE,0.003538,0.003204,50.73,-0.587447,-0.524224,-0.340546,0.340546,0.524224,0.587447,-142.3929,-110.1828,-51.6407,51.6407,110.1828,142.3929
SNPP_20251012T122401_vs_HYPERNETS_20251012T123000_RHOW_R_pixel.csv,THFR_pixel,Hyp,SNPP,3.6641600000000003,43.43485999999999,3.666623,43.433786,0.23,2.25,2025-10-12T10:30:00Z,2025-10-12T10:24:01Z,6,30,5,0.6553,1.0337,0.3804,0.7004,1.2894,-0.004484,-9.08e-4,0.001034,NA,FALSE,FALSE,0.003095,0.002727,45.7552,-0.562327,-0.471334,-0.31998,0.31998,0.471334,0.562327,-128.4813,-89.1552,-47.0544,47.0544,89.1552,128.4813
SNPP_20251013T120601_vs_HYPERNETS_20251013T114500_RHOW_R_pixel.csv,THFR_pixel,Hyp,SNPP,3.6641600000000003,43.43485999999999,3.6615800000000003,43.426882,0.91,2.25,2025-10-13T09:45:00Z,2025-10-13T10:06:01Z,21,30,5,0.0554,0.1408,0.1457,0.5701,2.2307,-0.010764,0.001202,0.00426,NA,FALSE,FALSE,0.0044,0.003456,40.9359,-0.497785,0.093974,0.217963,0.217963,0.497785,0.51304,-99.1178,9.3974,21.7963,21.7963,51.304,99.1178
SNPP_20251013T120601_vs_HYPERNETS_20251013T120000_RHOW_R_pixel.csv,THFR_pixel,Hyp,SNPP,3.6641600000000003,43.43485999999999,3.6615800000000003,43.426882,0.91,2.25,2025-10-13T10:00:00Z,2025-10-13T10:06:01Z,6,30,5,0.0537,0.1398,0.1436,0.5618,2.1987,-0.010714,0.001215,0.004264,NA,FALSE,FALSE,0.004479,0.003488,40.6566,-0.50186,0.098485,0.194889,0.194889,0.50186,0.508542,-100.7466,9.8485,19.4889,19.4889,50.8542,100.7466
SNPP_20251013T120601_vs_HYPERNETS_20251013T121500_RHOW_R_pixel.csv,THFR_pixel,Hyp,SNPP,3.6641600000000003,43.43485999999999,3.6615800000000003,43.426882,0.91,2.25,2025-10-13T10:15:00Z,2025-10-13T10:06:01Z,9,30,5,0.0586,0.1581,0.1389,0.5428,2.1219,-0.011183,0.001091,0.00423,NA,FALSE,FALSE,0.004788,0.00349,35.3119,-0.52316,0.040126,0.10099,0.10099,0.355726,0.52316,-109.7138,4.0126,10.099,10.099,35.5726,109.7138
SNPP_20251013T120601_vs_HYPERNETS_20251013T123000_RHOW_R_pixel.csv,THFR_pixel,Hyp,SNPP,3.6641600000000003,43.43485999999999,3.6615800000000003,43.426882,0.91,2.25,2025-10-13T10:30:00Z,2025-10-13T10:06:01Z,24,30,5,0.0408,0.1128,0.1451,0.5687,2.2296,-0.010261,0.001338,0.004297,NA,FALSE,FALSE,0.004359,0.003536,45.5315,-0.487644,0.134556,0.268709,0.268709,0.487644,0.664596,-95.1768,13.4556,26.8709,26.8709,66.4596,95.1768
SNPP_20251015T131201_vs_HYPERNETS_20251015T124500_RHOW_R_pixel.csv,THFR_pixel,Hyp,SNPP,3.6641600000000003,43.43485999999999,3.6618589999999998,43.429043,0.67,2.25,2025-10-15T10:45:00Z,2025-10-15T11:12:01Z,27,30,4,0.8182,0.881,0.2799,0.9513,3.2332,-0.017457,-0.002146,0.00236,NA,FALSE,FALSE,0.002989,0.002472,36.3052,-0.577888,-0.340255,-0.12542,0.12542,0.340255,0.577888,-145.4699,-57.5623,-14.5975,14.5975,57.5623,145.4699
SNPP_20251015T131201_vs_HYPERNETS_20251015T130000_RHOW_R_pixel.csv,THFR_pixel,Hyp,SNPP,3.6641600000000003,43.43485999999999,3.6618589999999998,43.429043,0.67,2.25,2025-10-15T11:00:00Z,2025-10-15T11:12:01Z,12,30,4,0.8252,0.9135,0.2866,0.9497,3.1467,-0.016884,-0.002137,0.002314,NA,FALSE,FALSE,0.002963,0.002475,36.8571,-0.575418,-0.34139,-0.134543,0.134543,0.34139,0.575418,-143.7781,-57.633,-15.7437,15.7437,57.633,143.7781
SNPP_20251015T131201_vs_HYPERNETS_20251015T131500_RHOW_R_pixel.csv,THFR_pixel,Hyp,SNPP,3.6641600000000003,43.43485999999999,3.6618589999999998,43.429043,0.67,2.25,2025-10-15T11:15:00Z,2025-10-15T11:12:01Z,3,30,4,0.8227,0.9315,0.2844,0.9497,3.1711,-0.017377,-0.002236,0.002299,NA,FALSE,FALSE,0.003059,0.002579,38.1756,-0.582833,-0.348467,-0.147391,0.147391,0.348467,0.582833,-148.187,-59.5616,-17.4105,17.4105,59.5616,148.187
SNPP_20251015T131201_vs_HYPERNETS_20251015T133000_RHOW_R_pixel.csv,THFR_pixel,Hyp,SNPP,3.6641600000000003,43.43485999999999,3.6618589999999998,43.429043,0.67,2.25,2025-10-15T11:30:00Z,2025-10-15T11:12:01Z,18,30,4,0.8244,0.8772,0.2782,0.9686,3.3721,-0.018282,-0.002231,0.00238,NA,FALSE,FALSE,0.002982,0.00244,36.0099,-0.579339,-0.334302,-0.115061,0.115061,0.334302,0.579339,-146.3548,-56.5677,-13.2089,13.2089,56.5677,146.3548
SNPP_20251016T125400_vs_HYPERNETS_20251016T123000_RHOW_R_pixel.csv,THFR_pixel,Hyp,SNPP,3.6641600000000003,43.43485999999999,3.6640040000000003,43.430338000000006,0.5,2.25,2025-10-16T10:30:00Z,2025-10-16T10:54:00Z,24,30,5,0.925,1.0893,0.5586,0.9763,1.7063,-0.005438,-0.001265,0.001122,NA,FALSE,FALSE,0.00171,0.001488,30.2991,-0.401489,-0.32508,-0.07938,0.093327,0.32508,0.401489,-67.0813,-48.1656,-8.6225,9.3327,48.1656,67.0813
SNPP_20251016T125400_vs_HYPERNETS_20251016T124500_RHOW_R_pixel.csv,THFR_pixel,Hyp,SNPP,3.6641600000000003,43.43485999999999,3.6640040000000003,43.430338000000006,0.5,2.25,2025-10-16T10:45:00Z,2025-10-16T10:54:00Z,9,30,5,0.9272,1.088,0.5657,0.9757,1.6831,-0.005185,-0.001192,0.001122,NA,FALSE,FALSE,0.001637,0.001426,29.7814,-0.392898,-0.317696,-0.074439,0.104703,0.317696,0.392898,-64.7169,-46.5623,-8.0426,10.4703,46.5623,64.7169
SNPP_20251016T125400_vs_HYPERNETS_20251016T130000_RHOW_R_pixel.csv,THFR_pixel,Hyp,SNPP,3.6641600000000003,43.43485999999999,3.6640040000000003,43.430338000000006,0.5,2.25,2025-10-16T11:00:00Z,2025-10-16T10:54:00Z,6,30,5,0.9223,1.0936,0.5662,0.969,1.6585,-0.00509,-0.00118,0.001104,NA,FALSE,FALSE,0.001653,0.001441,29.7034,-0.392438,-0.320374,-0.080978,0.091654,0.320374,0.392438,-64.5923,-47.1399,-8.8113,9.1654,47.1399,64.5923
SNPP_20251016T125400_vs_HYPERNETS_20251016T131500_RHOW_R_pixel.csv,THFR_pixel,Hyp,SNPP,3.6641600000000003,43.43485999999999,3.6640040000000003,43.430338000000006,0.5,2.25,2025-10-16T11:15:00Z,2025-10-16T10:54:00Z,21,30,5,0.9137,1.0619,0.5759,0.9536,1.5789,-0.004346,-9.16e-4,0.001156,NA,FALSE,FALSE,0.001474,0.001305,28.8756,-0.357111,-0.30367,-0.075719,0.151956,0.30367,0.357111,-55.5478,-43.6101,-8.1923,15.1956,43.6101,55.5478
SNPP_20251017T123600_vs_HYPERNETS_20251017T121500_RHOW_R_pixel.csv,THFR_pixel,Hyp,SNPP,3.6641600000000003,43.43485999999999,3.6650270000000003,43.435579000000004,0.11,2.25,2025-10-17T10:15:00Z,2025-10-17T10:36:00Z,21,30,5,0.6564,0.677,0.3567,0.7219,1.4608,-0.004195,3.08e-4,0.002533,NA,FALSE,FALSE,0.00197,0.001645,26.7089,-0.236645,-0.227139,-0.172581,0.227139,0.236645,0.260787,-31.0007,-29.3894,-20.8577,26.0787,29.3894,31.0007
SNPP_20251017T123600_vs_HYPERNETS_20251017T123000_RHOW_R_pixel.csv,THFR_pixel,Hyp,SNPP,3.6641600000000003,43.43485999999999,3.6650270000000003,43.435579000000004,0.11,2.25,2025-10-17T10:30:00Z,2025-10-17T10:36:00Z,6,30,5,0.681,0.6772,0.3662,0.7533,1.5498,-0.004451,2.56e-4,0.002544,NA,FALSE,FALSE,0.001794,0.00149,25.8497,-0.219277,-0.211066,-0.138259,0.211066,0.219277,0.30146,-28.0864,-26.7534,-16.0442,26.7534,28.0864,30.146
SNPP_20251017T123600_vs_HYPERNETS_20251017T124500_RHOW_R_pixel.csv,THFR_pixel,Hyp,SNPP,3.6641600000000003,43.43485999999999,3.6650270000000003,43.435579000000004,0.11,2.25,2025-10-17T10:45:00Z,2025-10-17T10:36:00Z,9,30,5,0.7008,0.6588,0.3806,0.771,1.5618,-0.003949,4.34e-4,0.002598,NA,FALSE,FALSE,0.001512,0.001199,23.4421,-0.154721,-0.113603,-0.100495,0.113603,0.154721,0.390192,-18.3042,-12.8163,-11.1723,12.8163,18.3042,41.3096
SNPP_20251017T123600_vs_HYPERNETS_20251017T130000_RHOW_R_pixel.csv,THFR_pixel,Hyp,SNPP,3.6641600000000003,43.43485999999999,3.6650270000000003,43.435579000000004,0.11,2.25,2025-10-17T11:00:00Z,2025-10-17T10:36:00Z,24,30,5,0.7102,0.6399,0.394,0.7732,1.5174,-0.00316,6.98e-4,0.002664,NA,FALSE,FALSE,0.001297,9.53e-4,21.0865,-0.072293,-0.065163,0.057731,0.065163,0.072293,0.35735,-7.7927,-6.9705,5.7731,6.9705,7.7927,50.1788
SNPP_20251018T121200_vs_HYPERNETS_20251018T114500_RHOW_R_pixel.csv,THFR_pixel,Hyp,SNPP,3.6641600000000003,43.43485999999999,3.655429,43.430364,0.87,2.25,2025-10-18T09:45:00Z,2025-10-18T10:12:00Z,27,30,5,0.5813,0.6846,0.3373,0.6214,1.145,-0.002312,0.001031,0.002845,NA,FALSE,FALSE,0.002068,0.001503,19.3657,-0.252646,-0.138598,-0.047231,0.120406,0.138598,0.252646,-33.8055,-16.0898,-4.9573,12.0406,16.0898,33.8055
SNPP_20251018T121200_vs_HYPERNETS_20251018T120000_RHOW_R_pixel.csv,THFR_pixel,Hyp,SNPP,3.6641600000000003,43.43485999999999,3.655429,43.430364,0.87,2.25,2025-10-18T10:00:00Z,2025-10-18T10:12:00Z,12,30,5,0.5966,0.6956,0.3451,0.6386,1.1815,-0.002517,9.37e-4,0.002803,NA,FALSE,FALSE,0.001999,0.001477,19.5228,-0.239315,-0.159735,-0.054307,0.117595,0.159735,0.239315,-31.4604,-19.0101,-5.7426,11.7595,19.0101,31.4604
SNPP_20251018T121200_vs_HYPERNETS_20251018T121500_RHOW_R_pixel.csv,THFR_pixel,Hyp,SNPP,3.6641600000000003,43.43485999999999,3.655429,43.430364,0.87,2.25,2025-10-18T10:15:00Z,2025-10-18T10:12:00Z,3,30,5,0.6105,0.6759,0.3523,0.6541,1.2145,-0.002254,0.001093,0.002895,NA,FALSE,FALSE,0.001707,0.001218,17.3958,-0.206618,-0.059172,0.029073,0.059172,0.201631,0.206618,-26.0427,-6.2894,2.9073,6.2894,20.1631,26.0427
SNPP_20251018T121200_vs_HYPERNETS_20251018T123000_RHOW_R_pixel.csv,THFR_pixel,Hyp,SNPP,3.6641600000000003,43.43485999999999,3.655429,43.430364,0.87,2.25,2025-10-18T10:30:00Z,2025-10-18T10:12:00Z,18,30,5,0.6123,0.6841,0.3538,0.6556,1.2149,-0.0024,0.001006,0.002844,NA,FALSE,FALSE,0.001771,0.00126,17.7749,-0.211888,-0.105611,-0.006404,0.105611,0.182739,0.211888,-26.8856,-11.8082,-0.6445,11.8082,18.2739,26.8856
SNPP_20251023T121801_vs_HYPERNETS_20251023T120000_RHOW_R_pixel.csv,THFR_pixel,Hyp,SNPP,3.6641600000000003,43.43485999999999,3.6579610000000002,43.428001,0.91,2.25,2025-10-23T10:00:00Z,2025-10-23T10:18:01Z,18,30,5,0.555,0.6435,0.2744,0.6601,1.5877,-0.005615,0,0.002335,NA,FALSE,FALSE,0.002738,0.002541,45.7791,-0.501768,-0.48002,-0.281933,0.48002,0.501768,0.509999,-100.7096,-92.3152,-39.2628,50.9999,92.3152,100.7096
SNPP_20251023T121801_vs_HYPERNETS_20251023T121500_RHOW_R_pixel.csv,THFR_pixel,Hyp,SNPP,3.6641600000000003,43.43485999999999,3.6579610000000002,43.428001,0.91,2.25,2025-10-23T10:15:00Z,2025-10-23T10:18:01Z,3,30,5,0.5399,0.6462,0.2655,0.6475,1.5792,-0.005995,-1e-4,0.002317,NA,FALSE,FALSE,0.002994,0.002761,46.2597,-0.529203,-0.499277,-0.303665,0.430348,0.499277,0.529203,-112.4056,-99.7111,-43.6091,43.6091,99.7111,112.4056
SNPP_20251023T121801_vs_HYPERNETS_20251023T123000_RHOW_R_pixel.csv,THFR_pixel,Hyp,SNPP,3.6641600000000003,43.43485999999999,3.6579610000000002,43.428001,0.91,2.25,2025-10-23T10:30:00Z,2025-10-23T10:18:01Z,12,30,5,0.5416,0.6544,0.269,0.6403,1.5242,-0.005496,9e-6,0.002321,NA,FALSE,FALSE,0.002908,0.002674,45.6808,-0.515181,-0.492496,-0.304823,0.447909,0.492496,0.515181,-106.2624,-97.0428,-43.8482,44.7909,97.0428,106.2624
SNPP_20251026T130600_vs_HYPERNETS_20251026T124500_RHOW_R_pixel.csv,THFR_pixel,Hyp,SNPP,3.6641600000000003,43.43485999999999,3.658674,43.429005000000004,0.79,2.25,2025-10-26T11:45:00Z,2025-10-26T12:06:00Z,21,30,5,0.6253,0.9491,0.343,0.6845,1.366,-0.006214,-0.001193,0.001324,NA,FALSE,FALSE,0.003978,0.003517,48.3883,-0.604484,-0.422331,-0.395876,0.395876,0.422331,0.604484,-152.8345,-73.1096,-65.5288,65.5288,73.1096,152.8345
SNPP_20251026T130600_vs_HYPERNETS_20251026T130000_RHOW_R_pixel.csv,THFR_pixel,Hyp,SNPP,3.6641600000000003,43.43485999999999,3.658674,43.429005000000004,0.79,2.25,2025-10-26T12:00:00Z,2025-10-26T12:06:00Z,6,30,5,0.6188,1.0544,0.3308,0.6867,1.4256,-0.007943,-0.001831,0.001114,NA,FALSE,FALSE,0.004821,0.004422,55.3291,-0.638186,-0.536756,-0.505726,0.505726,0.536756,0.638186,-176.3851,-115.8691,-102.3169,102.3169,115.8691,176.3851
SNPP_20251026T130600_vs_HYPERNETS_20251026T131500_RHOW_R_pixel.csv,THFR_pixel,Hyp,SNPP,3.6641600000000003,43.43485999999999,3.658674,43.429005000000004,0.79,2.25,2025-10-26T12:15:00Z,2025-10-26T12:06:00Z,9,30,5,0.6175,0.9368,0.3417,0.6731,1.3257,-0.005919,-0.001109,0.001333,NA,FALSE,FALSE,0.003994,0.003519,48.168,-0.603986,-0.414387,-0.38838,0.38838,0.414387,0.603986,-152.5161,-70.7611,-63.5002,63.5002,70.7611,152.5161
SNPP_20251026T130600_vs_HYPERNETS_20251026T133000_RHOW_R_pixel.csv,THFR_pixel,Hyp,SNPP,3.6641600000000003,43.43485999999999,3.658674,43.429005000000004,0.79,2.25,2025-10-26T12:30:00Z,2025-10-26T12:06:00Z,24,30,5,0.6146,0.9448,0.3444,0.6662,1.2887,-0.005715,-0.001094,0.001295,NA,FALSE,FALSE,0.004043,0.003572,48.6224,-0.60396,-0.444439,-0.372976,0.372976,0.444439,0.60396,-152.4998,-79.9983,-59.4834,59.4834,79.9983,152.4998
SNPP_20251027T124800_vs_HYPERNETS_20251027T123000_RHOW_R_pixel.csv,THFR_pixel,Hyp,SNPP,3.6641600000000003,43.43485999999999,3.66102,43.430622,0.54,2.25,2025-10-27T11:30:00Z,2025-10-27T11:48:00Z,18,30,5,0.9561,1.4316,0.5402,1.0326,1.974,-0.007653,-0.001961,0.001016,NA,FALSE,FALSE,0.002145,0.001831,36.1328,-0.452922,-0.37869,-0.081235,0.081235,0.37869,0.452922,-82.7893,-60.9503,-8.8418,8.8418,60.9503,82.7893
SNPP_20251027T124800_vs_HYPERNETS_20251027T124500_RHOW_R_pixel.csv,THFR_pixel,Hyp,SNPP,3.6641600000000003,43.43485999999999,3.66102,43.430622,0.54,2.25,2025-10-27T11:45:00Z,2025-10-27T11:48:00Z,3,30,5,0.9691,1.3554,0.5215,1.0716,2.2022,-0.009327,-0.00234,0.00106,NA,FALSE,FALSE,0.002343,0.001989,37.541,-0.482531,-0.382401,-0.072569,0.084249,0.382401,0.482531,-93.2481,-61.9174,-7.8247,8.4249,61.9174,93.2481
SNPP_20251027T124800_vs_HYPERNETS_20251027T130000_RHOW_R_pixel.csv,THFR_pixel,Hyp,SNPP,3.6641600000000003,43.43485999999999,3.66102,43.430622,0.54,2.25,2025-10-27T12:00:00Z,2025-10-27T11:48:00Z,12,30,5,1.0074,1.3379,0.5842,1.0772,1.9864,-0.006307,-0.00146,0.001168,NA,FALSE,FALSE,0.001547,0.001303,34.7412,-0.35539,-0.303819,-0.005291,0.279027,0.303819,0.35539,-55.1326,-43.6409,-0.5319,27.9027,43.6409,55.1326
SNPP_20251027T124800_vs_HYPERNETS_20251027T131500_RHOW_R_pixel.csv,THFR_pixel,Hyp,SNPP,3.6641600000000003,43.43485999999999,3.66102,43.430622,0.54,2.25,2025-10-27T12:15:00Z,2025-10-27T11:48:00Z,27,30,5,1.0074,1.3973,0.5852,1.0766,1.9805,-0.006632,-0.001651,0.001057,NA,FALSE,FALSE,0.001671,0.00141,34.3183,-0.382094,-0.319456,-0.023533,0.184373,0.319456,0.382094,-61.8368,-46.9412,-2.41,18.4373,46.9412,61.8368
SNPP_20251028T123001_vs_HYPERNETS_20251028T121500_RHOW_R_pixel.csv,THFR_pixel,Hyp,SNPP,3.6641600000000003,43.43485999999999,3.6685840000000005,43.430977,0.56,2.25,2025-10-28T11:15:00Z,2025-10-28T11:30:01Z,15,30,5,0.921,1.9127,0.5409,0.9805,1.7774,-0.008526,-0.003013,2.8e-5,NA,FALSE,FALSE,0.003375,0.003148,54.214,-0.631706,-0.50527,-0.448655,0.448655,0.50527,0.631706,-171.522,-102.1306,-81.3746,81.3746,102.1306,171.522
SNPP_20251028T123001_vs_HYPERNETS_20251028T124500_RHOW_R_pixel.csv,THFR_pixel,Hyp,SNPP,3.6641600000000003,43.43485999999999,3.6685840000000005,43.430977,0.56,2.25,2025-10-28T11:45:00Z,2025-10-28T11:30:01Z,15,30,5,0.8531,1.9898,0.5069,0.9049,1.6153,-0.008474,-0.003088,-7.2e-5,NA,FALSE,TRUE,0.004019,0.003809,58.4981,-0.662876,-0.546698,-0.516791,0.516791,0.546698,0.662876,-196.6263,-120.6036,-106.95,106.95,120.6036,196.6263
SNPP_20251028T123001_vs_HYPERNETS_20251028T130000_RHOW_R_pixel.csv,THFR_pixel,Hyp,SNPP,3.6641600000000003,43.43485999999999,3.6685840000000005,43.430977,0.56,2.25,2025-10-28T12:00:00Z,2025-10-28T11:30:01Z,30,30,5,0.8366,2.0145,0.5136,0.879,1.5043,-0.007587,-0.002866,-1.07e-4,NA,FALSE,TRUE,0.003977,0.00378,58.6815,-0.654527,-0.546491,-0.526368,0.526368,0.546491,0.654527,-189.4583,-120.5027,-111.1344,111.1344,120.5027,189.4583
SNPP_20251103T121200_vs_HYPERNETS_20251103T114500_RHOW_R_pixel.csv,THFR_pixel,Hyp,SNPP,3.6641600000000003,43.43485999999999,3.657239,43.425949,1.14,2.25,2025-11-03T10:45:00Z,2025-11-03T11:12:00Z,27,30,5,0.7396,1.7327,0.4065,0.8088,1.6092,-0.004557,-0.001101,6.37e-4,NA,FALSE,FALSE,0.002178,0.001926,47.6108,-0.542527,-0.523616,-0.26437,0.26437,0.523616,0.542527,-118.5921,-109.9146,-35.9379,35.9379,109.9146,118.5921
SNPP_20251103T121200_vs_HYPERNETS_20251103T120000_RHOW_R_pixel.csv,THFR_pixel,Hyp,SNPP,3.6641600000000003,43.43485999999999,3.657239,43.425949,1.14,2.25,2025-11-03T11:00:00Z,2025-11-03T11:12:00Z,12,30,5,0.7484,1.7428,0.4161,0.814,1.5925,-0.004269,-0.001012,6.52e-4,NA,FALSE,FALSE,0.002042,0.00179,45.9055,-0.520168,-0.51195,-0.251033,0.251033,0.51195,0.520168,-108.4062,-104.897,-33.5172,33.5172,104.897,108.4062
SNPP_20251103T121200_vs_HYPERNETS_20251103T121500_RHOW_R_pixel.csv,THFR_pixel,Hyp,SNPP,3.6641600000000003,43.43485999999999,3.657239,43.425949,1.14,2.25,2025-11-03T11:15:00Z,2025-11-03T11:12:00Z,3,30,5,0.7579,1.7645,0.4297,0.8174,1.5551,-0.003849,-8.88e-4,6.68e-4,NA,FALSE,FALSE,0.001873,0.001629,44.2896,-0.496028,-0.488846,-0.236064,0.236064,0.488846,0.496028,-98.4235,-95.6357,-30.901,30.901,95.6357,98.4235
SNPP_20251103T121200_vs_HYPERNETS_20251103T123000_RHOW_R_pixel.csv,THFR_pixel,Hyp,SNPP,3.6641600000000003,43.43485999999999,3.657239,43.425949,1.14,2.25,2025-11-03T11:30:00Z,2025-11-03T11:12:00Z,18,30,5,0.7497,1.7333,0.4175,0.8147,1.5899,-0.004182,-9.77e-4,6.66e-4,NA,FALSE,FALSE,0.001999,0.001743,45.1514,-0.512886,-0.508505,-0.245972,0.245972,0.508505,0.512886,-105.2908,-103.461,-32.6211,32.6211,103.461,105.2908
SNPP_20251104T115400_vs_HYPERNETS_20251104T113000_RHOW_R_pixel.csv,THFR_pixel,Hyp,SNPP,3.6641600000000003,43.43485999999999,3.6538910000000002,43.425754000000005,1.31,2.25,2025-11-04T10:30:00Z,2025-11-04T10:54:00Z,24,30,5,0.077,0.0517,0.0931,0.3584,1.3795,-0.00418,0.001887,0.003463,NA,FALSE,FALSE,0.003504,0.00299,48.4729,-0.466127,-0.358038,0.458199,0.458199,0.466127,0.469738,-87.3104,-55.7724,45.8199,46.9738,55.7724,87.3104
SNPP_20251104T115400_vs_HYPERNETS_20251104T114500_RHOW_R_pixel.csv,THFR_pixel,Hyp,SNPP,3.6641600000000003,43.43485999999999,3.6538910000000002,43.425754000000005,1.31,2.25,2025-11-04T10:45:00Z,2025-11-04T10:54:00Z,9,30,5,0.0648,0.0431,0.0831,0.3208,1.2377,-0.003984,0.001943,0.003479,NA,FALSE,FALSE,0.004084,0.00339,47.948,-0.51365,-0.407497,0.377799,0.396321,0.407497,0.51365,-105.6132,-68.7755,37.7799,39.6321,68.7755,105.6132
SNPP_20251107T124201_vs_HYPERNETS_20251107T121500_RHOW_R_pixel.csv,THFR_pixel,Hyp,SNPP,3.6641600000000003,43.43485999999999,3.6600710000000003,43.42805800000001,0.83,2.25,2025-11-07T11:15:00Z,2025-11-07T11:42:01Z,27,30,5,0.7165,1.1801,0.4301,0.7576,1.3345,-0.004848,-0.001212,8.52e-4,NA,FALSE,FALSE,0.002987,0.00274,46.8815,-0.53475,-0.480989,-0.478325,0.478325,0.480989,0.53475,-114.9381,-92.6743,-91.6903,91.6903,92.6743,114.9381
SNPP_20251107T124201_vs_HYPERNETS_20251107T123000_RHOW_R_pixel.csv,THFR_pixel,Hyp,SNPP,3.6641600000000003,43.43485999999999,3.6600710000000003,43.42805800000001,0.83,2.25,2025-11-07T11:30:00Z,2025-11-07T11:42:01Z,12,30,5,0.7041,1.2005,0.4244,0.7436,1.3026,-0.004852,-0.001241,8.21e-4,NA,FALSE,FALSE,0.003146,0.002897,48.3438,-0.545256,-0.510353,-0.490133,0.490133,0.510353,0.545256,-119.9041,-104.2286,-96.1296,96.1296,104.2286,119.9041
SNPP_20251107T124201_vs_HYPERNETS_20251107T124500_RHOW_R_pixel.csv,THFR_pixel,Hyp,SNPP,3.6641600000000003,43.43485999999999,3.6600710000000003,43.42805800000001,0.83,2.25,2025-11-07T11:45:00Z,2025-11-07T11:42:01Z,3,30,5,0.6922,1.1675,0.4261,0.7267,1.2394,-0.004304,-0.00105,8.58e-4,NA,FALSE,FALSE,0.003052,0.002784,47.0783,-0.539555,-0.507626,-0.472276,0.472276,0.507626,0.539555,-117.1811,-103.0977,-89.493,89.493,103.0977,117.1811
SNPP_20251107T124201_vs_HYPERNETS_20251107T130000_RHOW_R_pixel.csv,THFR_pixel,Hyp,SNPP,3.6641600000000003,43.43485999999999,3.6600710000000003,43.42805800000001,0.83,2.25,2025-11-07T12:00:00Z,2025-11-07T11:42:01Z,18,30,5,0.6882,1.1489,0.4253,0.7219,1.2254,-0.00414,-9.75e-4,8.89e-4,NA,FALSE,FALSE,0.003002,0.002724,46.3567,-0.52801,-0.496352,-0.46206,0.46206,0.496352,0.52801,-111.869,-98.5515,-85.8944,85.8944,98.5515,111.869
SNPP_20251108T122401_vs_HYPERNETS_20251108T123000_RHOW_R_pixel.csv,THFR_pixel,Hyp,SNPP,3.6641600000000003,43.43485999999999,3.6526179999999995,43.435425,0.94,2.25,2025-11-08T11:30:00Z,2025-11-08T11:24:01Z,6,30,5,0.3211,1.9181,0.1775,0.605,2.0617,-0.009853,-3.35e-4,0.002457,NA,FALSE,FALSE,0.003911,0.003458,55.3118,-0.599736,-0.532493,-0.319259,0.356155,0.532493,0.599736,-149.835,-113.9003,-46.8987,46.8987,113.9003,149.835
SNPP_20251108T122401_vs_HYPERNETS_20251108T124500_RHOW_R_pixel.csv,THFR_pixel,Hyp,SNPP,3.6641600000000003,43.43485999999999,3.6526179999999995,43.435425,0.94,2.25,2025-11-08T11:45:00Z,2025-11-08T11:24:01Z,21,30,5,0.3148,1.7661,0.1789,0.6173,2.1303,-0.00947,-1.75e-4,0.002518,NA,FALSE,FALSE,0.003626,0.003238,56.7808,-0.579032,-0.512869,-0.263516,0.512869,0.528564,0.579032,-137.548,-105.2836,-35.7802,52.8564,105.2836,137.548
SNPP_20251109T120001_vs_HYPERNETS_20251109T114500_RHOW_R_pixel.csv,THFR_pixel,Hyp,SNPP,3.6641600000000003,43.43485999999999,3.6611840000000004,43.428189,0.78,2.25,2025-11-09T10:45:00Z,2025-11-09T11:00:01Z,15,30,5,0.7215,0.8443,0.4181,0.7718,1.4246,-0.003403,-4.35e-4,0.001173,NA,FALSE,FALSE,0.001799,0.001616,38.323,-0.495709,-0.417251,-0.212268,0.241738,0.417251,0.495709,-98.2982,-71.6005,-26.9467,26.9467,71.6005,98.2982
SNPP_20251109T120001_vs_HYPERNETS_20251109T120000_RHOW_R_pixel.csv,THFR_pixel,Hyp,SNPP,3.6641600000000003,43.43485999999999,3.6611840000000004,43.428189,0.78,2.25,2025-11-09T11:00:00Z,2025-11-09T11:00:01Z,0,30,5,0.7201,0.8638,0.402,0.7817,1.5199,-0.004231,-6.83e-4,0.001142,NA,FALSE,FALSE,0.002041,0.001822,39.1944,-0.53918,-0.439805,-0.224725,0.224725,0.439805,0.53918,-117.0044,-78.5094,-28.9865,28.9865,78.5094,117.0044
SNPP_20251109T120001_vs_HYPERNETS_20251109T121500_RHOW_R_pixel.csv,THFR_pixel,Hyp,SNPP,3.6641600000000003,43.43485999999999,3.6611840000000004,43.428189,0.78,2.25,2025-11-09T11:15:00Z,2025-11-09T11:00:01Z,15,30,5,0.7297,0.8474,0.417,0.7845,1.4757,-0.00365,-5e-4,0.001174,NA,FALSE,FALSE,0.001803,0.001621,38.3986,-0.501392,-0.418067,-0.203821,0.23327,0.418067,0.501392,-100.5585,-71.8411,-25.5999,25.5999,71.8411,100.5585
SNPP_20251109T120001_vs_HYPERNETS_20251109T123000_RHOW_R_pixel.csv,THFR_pixel,Hyp,SNPP,3.6641600000000003,43.43485999999999,3.6611840000000004,43.428189,0.78,2.25,2025-11-09T11:30:00Z,2025-11-09T11:00:01Z,30,30,5,0.7457,0.8273,0.4569,0.7839,1.3449,-0.002442,-1.41e-4,0.0012,NA,FALSE,FALSE,0.001374,0.001229,34.3957,-0.391574,-0.367855,-0.170453,0.367855,0.377582,0.391574,-64.3586,-58.1917,-20.5478,37.7582,58.1917,64.3586
SNPP_20251116T131200_vs_HYPERNETS_20251116T124500_RHOW_R_pixel.csv,THFR_pixel,Hyp,SNPP,3.6641600000000003,43.43485999999999,3.658313,43.427415,0.95,2.25,2025-11-16T11:45:00Z,2025-11-16T12:12:00Z,27,30,4,0.7286,0.9623,0.2427,0.8658,3.0888,-0.017057,-0.002299,0.001838,NA,FALSE,FALSE,0.003629,0.00319,49.7137,-0.672442,-0.476917,-0.301612,0.301612,0.476917,0.672442,-213.7271,-100.2603,-43.3492,43.3492,100.2603,213.7271
SNPP_20251116T131200_vs_HYPERNETS_20251116T130000_RHOW_R_pixel.csv,THFR_pixel,Hyp,SNPP,3.6641600000000003,43.43485999999999,3.658313,43.427415,0.95,2.25,2025-11-16T12:00:00Z,2025-11-16T12:12:00Z,12,30,4,0.7534,0.9969,0.2581,0.875,2.9663,-0.015527,-0.002148,0.001798,NA,FALSE,FALSE,0.003359,0.002948,48.1973,-0.657083,-0.462458,-0.287348,0.287348,0.462458,0.657083,-198.4171,-94.3968,-40.4675,40.4675,94.3968,198.4171
SNPP_20251116T131200_vs_HYPERNETS_20251116T131500_RHOW_R_pixel.csv,THFR_pixel,Hyp,SNPP,3.6641600000000003,43.43485999999999,3.658313,43.427415,0.95,2.25,2025-11-16T12:15:00Z,2025-11-16T12:12:00Z,3,30,4,0.7926,1.0546,0.2771,0.9084,2.9782,-0.014975,-0.00217,0.001735,NA,FALSE,FALSE,0.003118,0.002737,47.1831,-0.642277,-0.460258,-0.289811,0.289811,0.460258,0.642277,-185.6278,-92.1331,-41.1101,41.1101,92.1331,185.6278
SNPP_20251116T131200_vs_HYPERNETS_20251116T133000_RHOW_R_pixel.csv,THFR_pixel,Hyp,SNPP,3.6641600000000003,43.43485999999999,3.658313,43.427415,0.95,2.25,2025-11-16T12:30:00Z,2025-11-16T12:12:00Z,18,30,4,0.829,1.0685,0.297,0.9372,2.9573,-0.013804,-0.002018,0.001717,NA,FALSE,FALSE,0.002759,0.002385,44.1342,-0.61827,-0.429188,-0.252261,0.252261,0.429188,0.61827,-166.7038,-81.631,-33.9734,33.9734,81.631,166.7038
SNPP_20251117T125401_vs_HYPERNETS_20251117T123100_RHOW_R_pixel.csv,THFR_pixel,Hyp,SNPP,3.6641600000000003,43.43485999999999,3.6560149999999996,43.431233999999996,0.77,2.25,2025-11-17T11:31:00Z,2025-11-17T11:54:01Z,23,30,5,0.7034,0.9197,0.4243,0.7427,1.3001,-0.00275,-3.46e-4,0.001028,NA,FALSE,FALSE,0.001792,0.001455,32.6987,-0.386855,-0.350509,-0.215859,0.215859,0.350509,0.386855,-63.0935,-53.9668,-27.528,27.528,53.9668,63.0935
SNPP_20251117T125401_vs_HYPERNETS_20251117T124500_RHOW_R_pixel.csv,THFR_pixel,Hyp,SNPP,3.6641600000000003,43.43485999999999,3.6560149999999996,43.431233999999996,0.77,2.25,2025-11-17T11:45:00Z,2025-11-17T11:54:01Z,9,30,5,0.7021,0.9028,0.4271,0.7395,1.2803,-0.002544,-2.62e-4,0.001056,NA,FALSE,FALSE,0.001714,0.001361,30.4521,-0.36017,-0.270436,-0.211119,0.211119,0.270436,0.36017,-56.2915,-37.0682,-26.7619,26.7619,37.0682,56.2915
SNPP_20251117T125401_vs_HYPERNETS_20251117T131500_RHOW_R_pixel.csv,THFR_pixel,Hyp,SNPP,3.6641600000000003,43.43485999999999,3.6560149999999996,43.431233999999996,0.77,2.25,2025-11-17T12:15:00Z,2025-11-17T11:54:01Z,21,30,5,0.7211,0.9258,0.4407,0.7586,1.3057,-0.002573,-2.97e-4,0.001025,NA,FALSE,FALSE,0.00163,0.001302,30.2421,-0.345689,-0.254608,-0.234983,0.234983,0.254608,0.345689,-52.8324,-34.1576,-30.716,30.716,34.1576,52.8324
SNPP_20251118T123600_vs_HYPERNETS_20251118T121500_RHOW_C_pixel.csv,THFR_pixel,Hyp,SNPP,3.6641600000000003,43.43485999999999,3.66526,43.430145,0.53,2.25,2025-11-18T11:15:00Z,2025-11-18T11:36:00Z,21,30,5,0.7936,1.6127,0.4697,0.8428,1.5121,-0.003651,-8.67e-4,6.84e-4,NA,FALSE,FALSE,0.001777,0.001521,41.5118,-0.47936,-0.394162,-0.196147,0.196147,0.394162,0.47936,-92.0713,-65.0607,-24.4008,24.4008,65.0607,92.0713
SNPP_20251118T123600_vs_HYPERNETS_20251118T123000_RHOW_C_pixel.csv,THFR_pixel,Hyp,SNPP,3.6641600000000003,43.43485999999999,3.66526,43.430145,0.53,2.25,2025-11-18T11:30:00Z,2025-11-18T11:36:00Z,6,30,5,0.7935,1.755,0.4865,0.8339,1.4295,-0.003313,-8.34e-4,6.12e-4,NA,FALSE,FALSE,0.001757,0.001525,43.3666,-0.479081,-0.379603,-0.205086,0.205086,0.379603,0.479081,-91.9682,-61.187,-25.7998,25.7998,61.187,91.9682
SNPP_20251118T123600_vs_HYPERNETS_20251118T124500_RHOW_C_pixel.csv,THFR_pixel,Hyp,SNPP,3.6641600000000003,43.43485999999999,3.66526,43.430145,0.53,2.25,2025-11-18T11:45:00Z,2025-11-18T11:36:00Z,9,30,5,0.8012,1.7503,0.491,0.8421,1.4441,-0.003326,-8.4e-4,6.1e-4,NA,FALSE,FALSE,0.00172,0.001492,42.8273,-0.473832,-0.374506,-0.198559,0.198559,0.374506,0.473832,-90.0535,-59.8735,-24.7752,24.7752,59.8735,90.0535
SNPP_20251118T123600_vs_HYPERNETS_20251118T130000_RHOW_C_pixel.csv,THFR_pixel,Hyp,SNPP,3.6641600000000003,43.43485999999999,3.66526,43.430145,0.53,2.25,2025-11-18T12:00:00Z,2025-11-18T11:36:00Z,24,30,5,0.8028,1.807,0.475,0.8527,1.5305,-0.004089,-0.00111,5.5e-4,NA,FALSE,FALSE,0.001975,0.001757,46.5845,-0.499455,-0.43922,-0.218019,0.218019,0.43922,0.499455,-99.7821,-78.3229,-27.8803,27.8803,78.3229,99.7821
SNPP_20251121T131801_vs_HYPERNETS_20251121T130000_RHOW_R_pixel.csv,THFR_pixel,Hyp,SNPP,3.6641600000000003,43.43485999999999,3.652524,43.426071,1.36,2.25,2025-11-21T12:00:00Z,2025-11-21T12:18:01Z,18,30,5,0.8315,1.3728,0.4452,0.922,1.9095,-0.006463,-0.001649,6.76e-4,NA,FALSE,FALSE,0.002328,0.002029,46.6492,-0.652719,-0.531418,-0.167896,0.167896,0.531418,0.652719,-187.9516,-113.4098,-20.1773,20.1773,113.4098,187.9516
SNPP_20251121T131801_vs_HYPERNETS_20251121T131500_RHOW_R_pixel.csv,THFR_pixel,Hyp,SNPP,3.6641600000000003,43.43485999999999,3.652524,43.426071,1.36,2.25,2025-11-21T12:15:00Z,2025-11-21T12:18:01Z,3,30,5,0.8141,1.4081,0.4616,0.878,1.6703,-0.005113,-0.001338,6.47e-4,NA,FALSE,FALSE,0.002186,0.001919,46.6036,-0.623269,-0.525703,-0.210368,0.210368,0.525703,0.623269,-165.4412,-110.8383,-26.6413,26.6413,110.8383,165.4412
SNPP_20251121T131801_vs_HYPERNETS_20251121T133000_RHOW_R_pixel.csv,THFR_pixel,Hyp,SNPP,3.6641600000000003,43.43485999999999,3.652524,43.426071,1.36,2.25,2025-11-21T12:30:00Z,2025-11-21T12:18:01Z,12,30,5,0.8638,1.3957,0.4552,0.9674,2.0563,-0.006995,-0.001784,6.68e-4,NA,FALSE,FALSE,0.002254,0.00194,45.7848,-0.650922,-0.523711,-0.146766,0.146766,0.523711,0.650922,-186.4686,-109.9567,-17.2012,17.2012,109.9567,186.4686
SNPP_20251121T131801_vs_HYPERNETS_20251121T134500_RHOW_R_pixel.csv,THFR_pixel,Hyp,SNPP,3.6641600000000003,43.43485999999999,3.652524,43.426071,1.36,2.25,2025-11-21T12:45:00Z,2025-11-21T12:18:01Z,27,30,5,0.9185,1.2983,0.5024,1.0069,2.0179,-0.005331,-0.001234,8.11e-4,NA,FALSE,FALSE,0.001577,0.001238,37.2024,-0.562893,-0.455442,-0.043554,0.047592,0.455442,0.562893,-128.7769,-83.635,-4.5538,4.7592,83.635,128.7769
SNPP_20251122T130000_vs_HYPERNETS_20251122T123000_RHOW_R_pixel.csv,THFR_pixel,Hyp,SNPP,3.6641600000000003,43.43485999999999,3.666204,43.429404,0.63,2.25,2025-11-22T11:30:00Z,2025-11-22T12:00:00Z,30,30,4,1.112,0.8785,0.3778,1.2997,4.4717,-0.017516,-0.002293,0.002132,NA,FALSE,FALSE,0.001966,0.001733,39.9369,-0.507608,-0.134369,0.194566,0.246827,0.355066,0.507608,-111.3528,-23.3135,19.3732,24.5981,50.3903,111.3528
SNPP_20251122T130000_vs_HYPERNETS_20251122T124500_RHOW_R_pixel.csv,THFR_pixel,Hyp,SNPP,3.6641600000000003,43.43485999999999,3.666204,43.429404,0.63,2.25,2025-11-22T11:45:00Z,2025-11-22T12:00:00Z,15,30,4,1.1338,0.9012,0.3887,1.3163,4.4574,-0.017062,-0.002258,0.002113,NA,FALSE,FALSE,0.001909,0.001701,39.7855,-0.497458,-0.12156,0.206195,0.25011,0.349712,0.497458,-106.6102,-21.4336,20.5609,24.9517,49.0435,106.6102
SNPP_20251122T130000_vs_HYPERNETS_20251122T130000_RHOW_R_pixel.csv,THFR_pixel,Hyp,SNPP,3.6641600000000003,43.43485999999999,3.666204,43.429404,0.63,2.25,2025-11-22T12:00:00Z,2025-11-22T12:00:00Z,0,30,4,1.161,0.8866,0.4028,1.3371,4.4389,-0.016121,-0.0021,0.002124,NA,FALSE,FALSE,0.001816,0.001665,41.9189,-0.474759,-0.093758,0.254664,0.33104,0.38661,0.474759,-97.104,-17.4417,25.2987,32.9329,51.5695,97.104
SNPP_20251122T130000_vs_HYPERNETS_20251122T131500_RHOW_R_pixel.csv,THFR_pixel,Hyp,SNPP,3.6641600000000003,43.43485999999999,3.666204,43.429404,0.63,2.25,2025-11-22T12:15:00Z,2025-11-22T12:00:00Z,15,30,4,1.17,0.902,0.3987,1.3645,4.6701,-0.017553,-0.002336,0.00211,NA,FALSE,FALSE,0.001904,0.001722,40.7407,-0.485753,-0.095822,0.238216,0.273168,0.351514,0.485753,-102.3208,-18.0706,23.7853,27.2801,48.2029,102.3208
SNPP_20251122T130000_vs_HYPERNETS_20251122T133000_RHOW_R_pixel.csv,THFR_pixel,Hyp,SNPP,3.6641600000000003,43.43485999999999,3.666204,43.429404,0.63,2.25,2025-11-22T12:30:00Z,2025-11-22T12:00:00Z,30,30,4,1.2799,0.9244,0.4636,1.4391,4.4674,-0.013937,-0.001816,0.002089,NA,FALSE,FALSE,0.001678,0.001553,44.943,-0.399385,0.001263,0.380219,0.330805,0.429001,0.547625,-70.755,-5.7912,37.7746,44.8755,50.823,73.8782
SNPP_20251127T130601_vs_HYPERNETS_20251127T124500_RHOW_R_pixel.csv,THFR_pixel,Hyp,SNPP,3.6641600000000003,43.43485999999999,3.662236,43.42845200000001,0.73,2.25,2025-11-27T11:45:00Z,2025-11-27T12:06:01Z,21,30,4,0.9298,0.9544,0.3317,1.0534,3.3451,-0.012116,-0.001724,0.001548,NA,FALSE,FALSE,0.00194,0.001482,35.0876,-0.564434,-0.296301,-0.082743,0.082743,0.296301,0.564434,-140.3328,-48.358,-9.0457,9.0457,48.358,140.3328
SNPP_20251127T130601_vs_HYPERNETS_20251127T130000_RHOW_R_pixel.csv,THFR_pixel,Hyp,SNPP,3.6641600000000003,43.43485999999999,3.662236,43.42845200000001,0.73,2.25,2025-11-27T12:00:00Z,2025-11-27T12:06:01Z,6,30,4,0.9713,0.9521,0.3662,1.0734,3.1461,-0.010102999999999999,-0.001436,0.001521,NA,FALSE,FALSE,0.001593,0.00114,30.1364,-0.522555,-0.233179,-0.00116,0.018433,0.239624,0.522555,-117.0094,-36.3794,-0.1248,1.8437,37.2427,117.0094
SNPP_20251127T130601_vs_HYPERNETS_20251127T131500_RHOW_R_pixel.csv,THFR_pixel,Hyp,SNPP,3.6641600000000003,43.43485999999999,3.662236,43.42845200000001,0.73,2.25,2025-11-27T12:15:00Z,2025-11-27T12:06:01Z,9,30,4,0.9487,0.9637,0.3351,1.0809,3.4867,-0.012595,-0.001798,0.001549,NA,FALSE,FALSE,0.001916,0.001435,34.717,-0.56078,-0.297885,-0.084275,0.084275,0.297885,0.56078,-138.7549,-48.2772,-9.267,9.267,48.2772,138.7549
SNPP_20251127T130601_vs_HYPERNETS_20251127T133000_RHOW_R_pixel.csv,THFR_pixel,Hyp,SNPP,3.6641600000000003,43.43485999999999,3.662236,43.42845200000001,0.73,2.25,2025-11-27T12:30:00Z,2025-11-27T12:06:01Z,24,30,4,1.0489,0.9624,0.4059,1.1482,3.2474,-0.009258,-0.0013,0.001514,NA,FALSE,FALSE,0.001307,0.001056,31.9467,-0.471654,-0.165993,0.088212,0.115825,0.268012,0.471654,-94.7186,-25.2177,8.7954,11.5565,37.9489,94.7186
SNPP_20251129T123000_vs_HYPERNETS_20251129T120000_RHOW_R_pixel.csv,THFR_pixel,Hyp,SNPP,3.6641600000000003,43.43485999999999,3.660142,43.42746399999999,0.89,2.25,2025-11-29T11:00:00Z,2025-11-29T11:30:00Z,30,30,4,0.4553,0.8742,0.1904,0.4872,1.2467,-0.00683,-1.74e-4,0.002427,NA,FALSE,FALSE,0.004979,0.004668,52.6614,-0.561828,-0.514758,-0.479544,0.479544,0.514758,0.561828,-128.6389,-106.5362,-92.1494,92.1494,106.5362,128.6389
SNPP_20251129T123000_vs_HYPERNETS_20251129T121500_RHOW_R_pixel.csv,THFR_pixel,Hyp,SNPP,3.6641600000000003,43.43485999999999,3.660142,43.42746399999999,0.89,2.25,2025-11-29T11:15:00Z,2025-11-29T11:30:00Z,15,30,4,0.4514,0.8481,0.1884,0.4833,1.24,-0.006602,-7.4e-5,0.00247,NA,FALSE,FALSE,0.004861,0.004532,51.6882,-0.553807,-0.507731,-0.470806,0.470806,0.507731,0.553807,-124.5866,-103.5157,-89.0162,89.0162,103.5157,124.5866
SNPP_20251129T123000_vs_HYPERNETS_20251129T123000_RHOW_R_pixel.csv,THFR_pixel,Hyp,SNPP,3.6641600000000003,43.43485999999999,3.660142,43.42746399999999,0.89,2.25,2025-11-29T11:30:00Z,2025-11-29T11:30:00Z,0,30,4,0.4465,0.8186,0.1845,0.4794,1.2455,-0.006478,2.6e-5,0.00253,NA,FALSE,FALSE,0.004744,0.004394,50.6205,-0.546349,-0.500464,-0.46032,0.46032,0.500464,0.546349,-120.9554,-100.5094,-85.4238,85.4238,100.5094,120.9554
SNPP_20251129T123000_vs_HYPERNETS_20251129T124500_RHOW_R_pixel.csv,THFR_pixel,Hyp,SNPP,3.6641600000000003,43.43485999999999,3.660142,43.42746399999999,0.89,2.25,2025-11-29T11:45:00Z,2025-11-29T11:30:00Z,15,30,4,0.4405,0.8125,0.1803,0.474,1.2461,-0.006561,4.2e-5,0.002554,NA,FALSE,FALSE,0.004816,0.004456,50.9191,-0.549578,-0.503594,-0.463207,0.463207,0.503594,0.549578,-122.5718,-101.7711,-86.434,86.434,101.7711,122.5718
SNPP_20251201T114800_vs_HYPERNETS_20251201T113000_RHOW_R_pixel.csv,THFR_pixel,Hyp,SNPP,3.6641600000000003,43.43485999999999,3.6632770000000003,43.429924,0.55,2.25,2025-12-01T10:30:00Z,2025-12-01T10:48:00Z,18,30,3,0.5559,0.74,0.0478,0.661,9.1353,-0.036084,-6.74e-4,0.001888,NA,FALSE,FALSE,0.002537,0.002091,44.4782,-0.551625,-0.355348,-0.293223,0.293223,0.355348,0.551625,-148.0573,-55.1224,-42.037,42.037,55.1224,148.0573
SNPP_20251201T114800_vs_HYPERNETS_20251201T114500_RHOW_R_pixel.csv,THFR_pixel,Hyp,SNPP,3.6641600000000003,43.43485999999999,3.6632770000000003,43.429924,0.55,2.25,2025-12-01T10:45:00Z,2025-12-01T10:48:00Z,3,30,3,0.5507,0.7362,0.0471,0.658,9.1973,-0.036562,-6.77e-4,0.00189,NA,FALSE,FALSE,0.002568,0.002115,44.6274,-0.553834,-0.357065,-0.294109,0.294109,0.357065,0.553834,-149.7303,-55.5367,-42.2317,42.2317,55.5367,149.7303
SNPP_20251201T114800_vs_HYPERNETS_20251201T120000_RHOW_R_pixel.csv,THFR_pixel,Hyp,SNPP,3.6641600000000003,43.43485999999999,3.6632770000000003,43.429924,0.55,2.25,2025-12-01T11:00:00Z,2025-12-01T10:48:00Z,12,30,3,0.5589,0.7154,0.0486,0.6597,8.9559,-0.034692,-6.22e-4,0.001888,NA,FALSE,FALSE,0.00247,0.002019,41.899,-0.546828,-0.3516,-0.257457,0.257457,0.3516,0.546828,-144.521,-54.2257,-35.7679,35.7679,54.2257,144.521
SNPP_20251201T114800_vs_HYPERNETS_20251201T121500_RHOW_R_pixel.csv,THFR_pixel,Hyp,SNPP,3.6641600000000003,43.43485999999999,3.6632770000000003,43.429924,0.55,2.25,2025-12-01T11:15:00Z,2025-12-01T10:48:00Z,27,30,3,0.5645,0.7023,0.0498,0.6602,8.7506,-0.033312,-5.83e-4,0.001886,NA,FALSE,FALSE,0.002405,0.001958,39.9568,-0.542282,-0.348833,-0.231487,0.231487,0.348833,0.542282,-141.0628,-53.5705,-31.6654,31.6654,53.5705,141.0628
SNPP_20251205T121801_vs_HYPERNETS_20251205T120000_RHOW_R_pixel.csv,THFR_pixel,Hyp,SNPP,3.6641600000000003,43.43485999999999,3.659725,43.426587,0.99,2.25,2025-12-05T11:00:00Z,2025-12-05T11:18:01Z,18,30,5,0.666,0.7096,0.3846,0.7133,1.323,-0.002289,4.2e-5,0.0012979999999999999,NA,FALSE,FALSE,0.001469,0.001192,31.232,-0.351292,-0.221851,-0.193061,0.221851,0.330775,0.351292,-54.1525,-28.5101,-23.9251,28.5101,33.0775,54.1525
SNPP_20251205T121801_vs_HYPERNETS_20251205T121500_RHOW_R_pixel.csv,THFR_pixel,Hyp,SNPP,3.6641600000000003,43.43485999999999,3.659725,43.426587,0.99,2.25,2025-12-05T11:15:00Z,2025-12-05T11:18:01Z,3,30,5,0.6777,0.6945,0.4097,0.715,1.2479,-0.00163,2.48e-4,0.001324,NA,FALSE,FALSE,0.001222,9.36e-4,25.2523,-0.247279,-0.171152,0.095567,0.171152,0.247279,0.321293,-32.8513,-20.6493,9.5567,20.6493,32.1293,32.8513
SNPP_20251205T121801_vs_HYPERNETS_20251205T124500_RHOW_R_pixel.csv,THFR_pixel,Hyp,SNPP,3.6641600000000003,43.43485999999999,3.659725,43.426587,0.99,2.25,2025-12-05T11:45:00Z,2025-12-05T11:18:01Z,27,30,5,0.6887,0.7208,0.4069,0.7318,1.3163,-0.002004,1.15e-4,0.001293,NA,FALSE,FALSE,0.001275,9.86e-4,25.8644,-0.295082,-0.166671,-0.090053,0.166671,0.295082,0.303622,-41.8604,-20.0006,-9.8965,20.0006,30.3622,41.8604
SNPP_20251208T130001_vs_HYPERNETS_20251208T124500_RHOW_R_pixel.csv,THFR_pixel,Hyp,SNPP,3.6641600000000003,43.43485999999999,3.6615810000000004,43.42657200000001,0.95,2.25,2025-12-08T11:45:00Z,2025-12-08T12:00:01Z,15,30,4,0.7159,1.189,0.2448,0.8328,2.8336,-0.011639,-0.001853,0.001024,NA,FALSE,FALSE,0.003012,0.00267,61.1191,-0.754717,-0.659789,-0.516264,0.516264,0.659789,0.754717,-319.7341,-199.3291,-113.9239,113.9239,199.3291,319.7341
SNPP_20251208T130001_vs_HYPERNETS_20251208T130000_RHOW_R_pixel.csv,THFR_pixel,Hyp,SNPP,3.6641600000000003,43.43485999999999,3.6615810000000004,43.42657200000001,0.95,2.25,2025-12-08T12:00:00Z,2025-12-08T12:00:01Z,0,30,4,0.7153,1.32,0.242,0.8387,2.9066,-0.012788,-0.00211,9.71e-4,NA,FALSE,FALSE,0.003264,0.002943,63.9696,-0.767478,-0.702495,-0.574712,0.574712,0.702495,0.767478,-344.0068,-238.4467,-149.4235,149.4235,238.4467,344.0068
SNPP_20251208T130001_vs_HYPERNETS_20251208T131500_RHOW_R_pixel.csv,THFR_pixel,Hyp,SNPP,3.6641600000000003,43.43485999999999,3.6615810000000004,43.42657200000001,0.95,2.25,2025-12-08T12:15:00Z,2025-12-08T12:00:01Z,15,30,4,0.7366,1.2983,0.2512,0.8584,2.9336,-0.012253,-0.002015,9.81e-4,NA,FALSE,FALSE,0.003033,0.002713,62.226,-0.756387,-0.684645,-0.550519,0.550519,0.684645,0.756387,-322.7282,-219.843,-134.6061,134.6061,219.843,322.7282
SNPP_20251208T130001_vs_HYPERNETS_20251208T133000_RHOW_R_pixel.csv,THFR_pixel,Hyp,SNPP,3.6641600000000003,43.43485999999999,3.6615810000000004,43.42657200000001,0.95,2.25,2025-12-08T12:30:00Z,2025-12-08T12:00:01Z,30,30,4,0.7944,1.3068,0.2755,0.9152,3.0403,-0.011456,-0.001896,9.81e-4,NA,FALSE,FALSE,0.002592,0.002278,58.7416,-0.731573,-0.655186,-0.511029,0.511029,0.655186,0.731573,-281.678,-192.5663,-115.1515,115.1515,192.5663,281.678
SNPP_20251227T120600_vs_HYPERNETS_20251227T120000_RHOW_R_pixel.csv,THFR_pixel,Hyp,SNPP,3.6641600000000003,43.43485999999999,3.6562289999999997,43.428417,0.96,2.25,2025-12-27T11:00:00Z,2025-12-27T11:06:00Z,6,30,5,0.0345,0.0291,0.1144,0.4483,1.7569,-0.008454,0.002943,0.00585,NA,FALSE,FALSE,0.005589,0.004641,55.8421,-0.469505,0.176321,0.253508,0.253508,0.469505,0.688494,-88.5033,17.6321,25.3508,25.3508,88.5033,120.4276
SNPP_20251227T120600_vs_HYPERNETS_20251227T121500_RHOW_R_pixel.csv,THFR_pixel,Hyp,SNPP,3.6641600000000003,43.43485999999999,3.6562289999999997,43.428417,0.96,2.25,2025-12-27T11:15:00Z,2025-12-27T11:06:00Z,9,30,5,0.0328,0.0248,0.1131,0.4432,1.7372,-0.00832,0.002977,0.00586,NA,FALSE,FALSE,0.005651,0.004688,56.8483,-0.473202,0.171276,0.252902,0.252902,0.473202,0.689976,-89.8261,17.1276,25.2902,25.2902,89.8261,125.5056
SNPP_20251229T130601_vs_HYPERNETS_20251229T124500_RHOW_R_pixel.csv,THFR_pixel,Hyp,SNPP,3.6641600000000003,43.43485999999999,3.664477,43.428868,0.67,2.25,2025-12-29T11:45:00Z,2025-12-29T12:06:01Z,21,30,5,0.9218,1.3079,0.5444,0.9797,1.763,-0.005137,-0.001203,9.84e-4,NA,FALSE,FALSE,0.001664,0.001305,32.0714,-0.421623,-0.411271,-0.054446,0.054446,0.411271,0.421623,-72.8976,-69.8573,-5.7581,5.7581,69.8573,72.8976
SNPP_20251229T130601_vs_HYPERNETS_20251229T130000_RHOW_R_pixel.csv,THFR_pixel,Hyp,SNPP,3.6641600000000003,43.43485999999999,3.664477,43.428868,0.67,2.25,2025-12-29T12:00:00Z,2025-12-29T12:06:01Z,6,30,5,0.9272,1.2403,0.5611,0.9781,1.7051,-0.004428,-9.55e-4,0.001037,NA,FALSE,FALSE,0.001437,0.001065,28.192,-0.397077,-0.362767,-0.034927,0.034927,0.362767,0.397077,-65.8587,-56.9285,-3.6192,3.6192,56.9285,65.8587
SNPP_20251229T130601_vs_HYPERNETS_20251229T131500_RHOW_R_pixel.csv,THFR_pixel,Hyp,SNPP,3.6641600000000003,43.43485999999999,3.664477,43.428868,0.67,2.25,2025-12-29T12:15:00Z,2025-12-29T12:06:01Z,9,30,5,0.9304,1.2115,0.5752,0.9757,1.6551,-0.004039,-8.55e-4,0.001022,NA,FALSE,FALSE,0.001336,9.69e-4,26.408,-0.384717,-0.33604,-0.030741,0.030741,0.33604,0.384717,-62.5268,-50.6115,-3.1716,3.1716,50.6115,62.5268
SNPP_20251229T130601_vs_HYPERNETS_20251229T133000_RHOW_R_pixel.csv,THFR_pixel,Hyp,SNPP,3.6641600000000003,43.43485999999999,3.664477,43.428868,0.67,2.25,2025-12-29T12:30:00Z,2025-12-29T12:06:01Z,24,30,5,0.9582,1.0391,0.6112,0.9973,1.6273,-0.003089,-4.54e-4,0.001161,NA,FALSE,FALSE,9.54e-4,6.61e-4,18.7081,-0.268409,-0.203466,0.029649,0.110594,0.203466,0.268409,-36.6884,-25.544,2.9649,11.0594,25.544,36.6884
SNPP_20251230T124800_vs_HYPERNETS_20251230T123000_RHOW_R_pixel.csv,THFR_pixel,Hyp,SNPP,3.6641600000000003,43.43485999999999,3.660216,43.429817,0.65,2.25,2025-12-30T11:30:00Z,2025-12-30T11:48:00Z,18,30,5,0.6248,1.1605,0.3965,0.651,1.0688,-0.003102,-7.13e-4,7.42e-4,NA,FALSE,FALSE,0.003015,0.002708,49.9372,-0.577158,-0.480681,-0.424507,0.424507,0.480681,0.577158,-136.4949,-92.5597,-73.7639,73.7639,92.5597,136.4949
SNPP_20251230T124800_vs_HYPERNETS_20251230T124500_RHOW_R_pixel.csv,THFR_pixel,Hyp,SNPP,3.6641600000000003,43.43485999999999,3.660216,43.429817,0.65,2.25,2025-12-30T11:45:00Z,2025-12-30T11:48:00Z,3,30,5,0.6189,1.0933,0.3978,0.6431,1.0396,-0.002672,-5.05e-4,8.35e-4,NA,FALSE,FALSE,0.002801,0.002456,46.7931,-0.563725,-0.439445,-0.394331,0.394331,0.439445,0.563725,-129.2131,-78.3945,-65.1068,65.1068,78.3945,129.2131
SNPP_20251230T124800_vs_HYPERNETS_20251230T130000_RHOW_R_pixel.csv,THFR_pixel,Hyp,SNPP,3.6641600000000003,43.43485999999999,3.660216,43.429817,0.65,2.25,2025-12-30T12:00:00Z,2025-12-30T11:48:00Z,12,30,5,0.6189,1.0728,0.4005,0.6421,1.0293,-0.002539,-4.52e-4,8.51e-4,NA,FALSE,FALSE,0.002734,0.002381,45.8047,-0.550114,-0.425455,-0.401743,0.401743,0.425455,0.550114,-122.2784,-74.0507,-67.1522,67.1522,74.0507,122.2784
SNPP_20251230T124800_vs_HYPERNETS_20251230T131500_RHOW_R_pixel.csv,THFR_pixel,Hyp,SNPP,3.6641600000000003,43.43485999999999,3.660216,43.429817,0.65,2.25,2025-12-30T12:15:00Z,2025-12-30T11:48:00Z,27,30,5,0.6197,1.1509,0.3959,0.6448,1.0502,-0.002981,-6.69e-4,7.51e-4,NA,FALSE,FALSE,0.003012,0.002695,49.7482,-0.577439,-0.473691,-0.435297,0.435297,0.473691,0.577439,-136.6524,-90.0025,-77.0844,77.0844,90.0025,136.6524
SNPP_20251231T123000_vs_HYPERNETS_20251231T120000_RHOW_R_pixel.csv,THFR_pixel,Hyp,SNPP,3.6641600000000003,43.43485999999999,3.66272,43.431461999999996,0.4,2.25,2025-12-31T11:00:00Z,2025-12-31T11:30:00Z,30,30,5,0.5626,0.5089,0.31,0.6145,1.218,-0.001043,0.00155,0.002858,NA,FALSE,FALSE,0.00131,0.001167,37.3866,-0.169101,0.090539,0.235779,0.169101,0.235779,0.287762,-20.3515,9.0539,23.5779,20.3515,23.5779,40.4025
SNPP_20251231T123000_vs_HYPERNETS_20251231T121500_RHOW_R_pixel.csv,THFR_pixel,Hyp,SNPP,3.6641600000000003,43.43485999999999,3.66272,43.431461999999996,0.4,2.25,2025-12-31T11:15:00Z,2025-12-31T11:30:00Z,15,30,5,0.5671,0.4281,0.3067,0.6252,1.2744,-7.78e-4,0.001753,0.002995,NA,FALSE,FALSE,0.001327,0.001202,58.3253,-0.123229,0.202968,0.423149,0.202968,0.228905,0.423149,-14.0548,20.2968,42.3149,20.2968,29.6858,42.3149
SNPP_20251231T123000_vs_HYPERNETS_20251231T123000_RHOW_R_pixel.csv,THFR_pixel,Hyp,SNPP,3.6641600000000003,43.43485999999999,3.66272,43.431461999999996,0.4,2.25,2025-12-31T11:30:00Z,2025-12-31T11:30:00Z,0,30,5,0.5706,0.3903,0.306,0.6321,1.3057,-6.69e-4,0.001838,0.003051,NA,FALSE,FALSE,0.001367,0.001207,71.8414,-0.102391,0.235607,0.539966,0.193841,0.235607,0.539966,-11.4071,23.5607,53.9966,23.5607,24.0449,53.9966
SNPP_20251231T123000_vs_HYPERNETS_20251231T124500_RHOW_R_pixel.csv,THFR_pixel,Hyp,SNPP,3.6641600000000003,43.43485999999999,3.66272,43.431461999999996,0.4,2.25,2025-12-31T11:45:00Z,2025-12-31T11:30:00Z,15,30,5,0.5696,0.3548,0.3016,0.6359,1.3406,-6.6e-4,0.00189,0.003099,NA,FALSE,FALSE,0.001414,0.001211,85.393,-0.088253,0.22779,0.624466,0.174214,0.22779,0.624466,-9.6796,22.779,62.4466,21.0967,22.779,62.4466
SNPP_20251231T123000_vs_HYPERNETS_20251231T130000_RHOW_R_pixel.csv,THFR_pixel,Hyp,SNPP,3.6641600000000003,43.43485999999999,3.66272,43.431461999999996,0.4,2.25,2025-12-31T12:00:00Z,2025-12-31T11:30:00Z,30,30,5,0.5706,0.2832,0.2981,0.6428,1.3861,-4.67e-4,0.00203,0.003189,NA,FALSE,FALSE,0.001539,0.001236,137.1543,-0.05057,0.328953,0.830234,0.128201,0.328953,0.830234,-5.3263,32.8953,83.0234,14.7053,32.8953,83.0234
JPSS1_20250117T131201_vs_HYPERNETS_20250117T124500_RHOW_R_pixel.csv,THFR_pixel,Hyp,JPSS1,3.6641600000000003,43.43485999999999,3.662969,43.42685,0.9,2.25,2025-01-17T11:45:00Z,2025-01-17T12:12:01Z,27,30,3,1.001,1.451,0.0946,1.1327,13.5685,-0.047798,-0.001265,0.00262,NA,FALSE,FALSE,0.001329,0.001065,39.1627,-0.547128,-0.452319,-0.185847,0.266472,0.452319,0.547128,-125.817,-82.5879,-29.9866,40.4667,82.5879,125.817
JPSS1_20250117T131201_vs_HYPERNETS_20250117T130000_RHOW_R_pixel.csv,THFR_pixel,Hyp,JPSS1,3.6641600000000003,43.43485999999999,3.662969,43.42685,0.9,2.25,2025-01-17T12:00:00Z,2025-01-17T12:12:01Z,12,30,3,1.0145,1.4342,0.0967,1.1442,13.5408,-0.046839,-0.001236,0.002618,NA,FALSE,FALSE,0.001282,0.001046,38.8,-0.535104,-0.44178,-0.173995,0.267785,0.44178,0.535104,-119.5717,-79.1409,-27.9765,39.9795,79.1409,119.5717
JPSS1_20250117T131201_vs_HYPERNETS_20250117T131500_RHOW_R_pixel.csv,THFR_pixel,Hyp,JPSS1,3.6641600000000003,43.43485999999999,3.662969,43.42685,0.9,2.25,2025-01-17T12:15:00Z,2025-01-17T12:12:01Z,3,30,3,1.0294,1.4479,0.0994,1.1554,13.4338,-0.04611,-0.001248,0.00261,NA,FALSE,FALSE,0.001254,0.001035,38.8005,-0.532937,-0.434667,-0.168263,0.266404,0.434667,0.532937,-119.0062,-76.887,-26.9167,39.3725,76.887,119.0062
JPSS1_20250117T131201_vs_HYPERNETS_20250117T133000_RHOW_R_pixel.csv,THFR_pixel,Hyp,JPSS1,3.6641600000000003,43.43485999999999,3.662969,43.42685,0.9,2.25,2025-01-17T12:30:00Z,2025-01-17T12:12:01Z,18,30,3,1.0764,1.4168,0.1053,1.2027,13.7374,-0.044651,-0.001196,0.002608,NA,FALSE,FALSE,0.001154,0.001007,38.2585,-0.499685,-0.402717,-0.127166,0.275551,0.402717,0.499685,-103.7374,-67.4249,-20.7442,38.6608,67.4249,103.7374
JPSS1_20250123T130001_vs_HYPERNETS_20250123T131500_RHOW_R_pixel.csv,THFR_pixel,Hyp,JPSS1,3.6641600000000003,43.43485999999999,3.6569819999999997,43.439728,0.79,2.25,2025-01-23T12:15:00Z,2025-01-23T12:00:01Z,15,30,1,NA,NA,NA,NA,NA,NA,NA,NA,NA,NA,NA,NA,NA,NA,NA,NA,NA,NA,NA,NA,NA,NA,NA,NA,NA,NA
JPSS1_20250123T130001_vs_HYPERNETS_20250123T133000_RHOW_R_pixel.csv,THFR_pixel,Hyp,JPSS1,3.6641600000000003,43.43485999999999,3.6569819999999997,43.439728,0.79,2.25,2025-01-23T12:30:00Z,2025-01-23T12:00:01Z,30,30,1,NA,NA,NA,NA,NA,NA,NA,NA,NA,NA,NA,NA,NA,NA,NA,NA,NA,NA,NA,NA,NA,NA,NA,NA,NA,NA
JPSS1_20250129T124801_vs_HYPERNETS_20250129T124500_RHOW_R_pixel.csv,THFR_pixel,Hyp,JPSS1,3.6641600000000003,43.43485999999999,3.66675,43.43215500000001,0.37,2.25,2025-01-29T11:45:00Z,2025-01-29T11:48:01Z,3,30,4,0.5894,1.1541,0.1843,0.791,3.3946,-0.027963,-0.003955,0.00164,NA,FALSE,FALSE,0.00633,0.005882,66.371,-0.751225,-0.6694,-0.581885,0.581885,0.6694,0.751225,-361.9448,-203.3075,-146.2923,146.2923,203.3075,361.9448
JPSS1_20250129T124801_vs_HYPERNETS_20250129T130000_RHOW_R_pixel.csv,THFR_pixel,Hyp,JPSS1,3.6641600000000003,43.43485999999999,3.66675,43.43215500000001,0.37,2.25,2025-01-29T12:00:00Z,2025-01-29T11:48:01Z,12,30,4,0.5952,1.1474,0.1861,0.79990000000000006,3.4379,-0.027877,-0.003924,0.00165,NA,FALSE,FALSE,0.006192,0.005741,65.8171,-0.747994,-0.663705,-0.573881,0.573881,0.663705,0.747994,-355.6768,-198.2656,-141.5163,141.5163,198.2656,355.6768
JPSS1_20250129T124801_vs_HYPERNETS_20250129T131500_RHOW_R_pixel.csv,THFR_pixel,Hyp,JPSS1,3.6641600000000003,43.43485999999999,3.66675,43.43215500000001,0.37,2.25,2025-01-29T12:15:00Z,2025-01-29T11:48:01Z,27,30,4,0.4629,1.19,0.1462,0.5957,2.4276,-0.02537,-0.003706,0.001611,NA,FALSE,FALSE,0.009016,0.008487,73.9435,-0.806124,-0.740999,-0.67431,0.67431,0.740999,0.806124,-488.6247,-287.39,-214.9431,214.9431,287.39,488.6247
JPSS1_20250203T125400_vs_HYPERNETS_20250203T123000_RHOW_R_pixel.csv,THFR_pixel,Hyp,JPSS1,3.6641600000000003,43.43485999999999,3.664893,43.428665,0.69,2.25,2025-02-03T11:30:00Z,2025-02-03T11:54:00Z,24,30,4,0.4148,1.2355,0.1296,0.5653,2.4661,-0.018318,-0.002604,9.97e-4,NA,FALSE,FALSE,0.006689,0.006198,78.1199,-0.851315,-0.808793,-0.738677,0.738677,0.808793,0.851315,-713.9083,-423.1494,-312.939,312.939,423.1494,713.9083
JPSS1_20250203T125400_vs_HYPERNETS_20250203T124500_RHOW_R_pixel.csv,THFR_pixel,Hyp,JPSS1,3.6641600000000003,43.43485999999999,3.664893,43.428665,0.69,2.25,2025-02-03T11:45:00Z,2025-02-03T11:54:00Z,9,30,4,0.4166,1.2622,0.1302,0.5641,2.4442,-0.018296,-0.002631,9.84e-4,NA,FALSE,FALSE,0.006746,0.006263,78.3678,-0.854923,-0.811685,-0.74044,0.74044,0.811685,0.854923,-730.6477,-431.3466,-315.4655,315.4655,431.3466,730.6477
JPSS1_20250203T125400_vs_HYPERNETS_20250203T130000_RHOW_R_pixel.csv,THFR_pixel,Hyp,JPSS1,3.6641600000000003,43.43485999999999,3.664893,43.428665,0.69,2.25,2025-02-03T12:00:00Z,2025-02-03T11:54:00Z,6,30,4,0.4413,1.2827,0.1383,0.5842,2.4681,-0.017505,-0.002565,9.72e-4,NA,FALSE,FALSE,0.006317,0.005862,77.3959,-0.84684,-0.801903,-0.729022,0.729022,0.801903,0.84684,-684.3379,-405.0652,-297.0802,297.0802,405.0652,684.3379
JPSS1_20250203T125400_vs_HYPERNETS_20250203T131500_RHOW_R_pixel.csv,THFR_pixel,Hyp,JPSS1,3.6641600000000003,43.43485999999999,3.664893,43.428665,0.69,2.25,2025-02-03T12:15:00Z,2025-02-03T11:54:00Z,21,30,4,0.4727,1.341,0.1486,0.6175,2.566,-0.017363,-0.002607,9.43e-4,NA,FALSE,FALSE,0.005917,0.005504,76.5025,-0.844737,-0.795616,-0.715904,0.715904,0.795616,0.844737,-666.9856,-389.9356,-278.2919,278.2919,389.9356,666.9856
JPSS1_20250204T123601_vs_HYPERNETS_20250204T121500_RHOW_R_pixel.csv,THFR_pixel,Hyp,JPSS1,3.6641600000000003,43.43485999999999,3.660882,43.431168,0.49,2.25,2025-02-04T11:15:00Z,2025-02-04T11:36:01Z,21,30,4,0.5675,1.3249,0.1772,0.7753,3.3916,-0.018852,-0.0027,9.92e-4,NA,FALSE,FALSE,0.004463,0.004087,70.703,-0.814471,-0.760983,-0.653542,0.653542,0.760983,0.814471,-497.6463,-319.188,-214.5722,214.5722,319.188,497.6463
JPSS1_20250204T123601_vs_HYPERNETS_20250204T123000_RHOW_R_pixel.csv,THFR_pixel,Hyp,JPSS1,3.6641600000000003,43.43485999999999,3.660882,43.431168,0.49,2.25,2025-02-04T11:30:00Z,2025-02-04T11:36:01Z,6,30,4,0.5667,1.3685,0.1771,0.765,3.3039,-0.018774,-0.002743,9.68e-4,NA,FALSE,FALSE,0.00459,0.004227,71.5032,-0.823062,-0.768761,-0.660731,0.660731,0.768761,0.823062,-523.2512,-333.7922,-220.7746,220.7746,333.7922,523.2512
JPSS1_20250204T123601_vs_HYPERNETS_20250204T124500_RHOW_R_pixel.csv,THFR_pixel,Hyp,JPSS1,3.6641600000000003,43.43485999999999,3.660882,43.431168,0.49,2.25,2025-02-04T11:45:00Z,2025-02-04T11:36:01Z,9,30,4,0.574,1.3541,0.1794,0.7757,3.3545,-0.01866,-0.002711,9.77e-4,NA,FALSE,FALSE,0.004463,0.004098,70.8747,-0.817339,-0.763046,-0.654454,0.654454,0.763046,0.817339,-504.6559,-323.0832,-215.1069,215.1069,323.0832,504.6559
JPSS1_20250204T123601_vs_HYPERNETS_20250204T130000_RHOW_R_pixel.csv,THFR_pixel,Hyp,JPSS1,3.6641600000000003,43.43485999999999,3.660882,43.431168,0.49,2.25,2025-02-04T12:00:00Z,2025-02-04T11:36:01Z,24,30,4,0.5869,1.4016,0.1843,0.77,3.2176,-0.017835,-0.002681,9.46e-4,NA,FALSE,FALSE,0.004448,0.004105,71.1591,-0.820058,-0.76479,-0.656323,0.656323,0.76479,0.820058,-509.9805,-326.5703,-215.7051,215.7051,326.5703,509.9805
JPSS1_20250205T121801_vs_HYPERNETS_20250205T120000_RHOW_R_pixel.csv,THFR_pixel,Hyp,JPSS1,3.6641600000000003,43.43485999999999,3.661906,43.430246,0.54,2.25,2025-02-05T11:00:00Z,2025-02-05T11:18:01Z,18,30,4,0.7359,1.0366,0.2408,0.8906,3.2932,-0.01087,-0.001297,0.001292,NA,FALSE,FALSE,0.002041,0.001733,46.4086,-0.606116,-0.519078,-0.377048,0.377048,0.519078,0.606116,-154.7681,-110.0878,-63.495,63.495,110.0878,154.7681
JPSS1_20250205T121801_vs_HYPERNETS_20250205T121500_RHOW_R_pixel.csv,THFR_pixel,Hyp,JPSS1,3.6641600000000003,43.43485999999999,3.661906,43.430246,0.54,2.25,2025-02-05T11:15:00Z,2025-02-05T11:18:01Z,3,30,4,0.7135,0.9995,0.2339,0.8617,3.1745,-0.010593,-0.001235,0.001305,NA,FALSE,FALSE,0.002107,0.001795,46.6542,-0.612605,-0.511746,-0.365682,0.365682,0.511746,0.612605,-159.032,-107.8253,-59.767,59.767,107.8253,159.032
JPSS1_20250205T121801_vs_HYPERNETS_20250205T123000_RHOW_R_pixel.csv,THFR_pixel,Hyp,JPSS1,3.6641600000000003,43.43485999999999,3.661906,43.430246,0.54,2.25,2025-02-05T11:30:00Z,2025-02-05T11:18:01Z,12,30,4,0.7244,1.0064,0.2403,0.8642,3.1077,-0.010181,-0.001205,0.00129,NA,FALSE,FALSE,0.00205,0.001749,46.171,-0.606317,-0.507189,-0.362581,0.362581,0.507189,0.606317,-154.7631,-105.8001,-58.9195,58.9195,105.8001,154.7631
JPSS1_20250205T121801_vs_HYPERNETS_20250205T124500_RHOW_R_pixel.csv,THFR_pixel,Hyp,JPSS1,3.6641600000000003,43.43485999999999,3.661906,43.430246,0.54,2.25,2025-02-05T11:45:00Z,2025-02-05T11:18:01Z,27,30,4,0.7397,0.9829,0.2445,0.8856,3.2075,-0.010166,-0.001177,0.001305,NA,FALSE,FALSE,0.001933,0.00162,43.9417,-0.594583,-0.48128,-0.326114,0.326114,0.48128,0.594583,-147.3857,-96.1643,-49.9595,49.9595,96.1643,147.3857
JPSS1_20250206T115400_vs_HYPERNETS_20250206T113000_RHOW_R_pixel.csv,THFR_pixel,Hyp,JPSS1,3.6641600000000003,43.43485999999999,3.667565,43.427706,0.84,2.25,2025-02-06T10:30:00Z,2025-02-06T10:54:00Z,24,30,4,0.4795,0.8578,0.1509,0.6234,2.5746000000000002,-0.008968,-0.001136,7.6e-4,NA,FALSE,FALSE,0.002936,0.002648,66.7456,-0.774827,-0.638897,-0.531526,0.531526,0.638897,0.774827,-420.8804,-184.2853,-114.3672,114.3672,184.2853,420.8804
JPSS1_20250206T115400_vs_HYPERNETS_20250206T114500_RHOW_R_pixel.csv,THFR_pixel,Hyp,JPSS1,3.6641600000000003,43.43485999999999,3.667565,43.427706,0.84,2.25,2025-02-06T10:45:00Z,2025-02-06T10:54:00Z,9,30,4,0.4736,0.8249,0.1485,0.6245,2.6257,-0.009113,-0.001126,7.73e-4,NA,FALSE,FALSE,0.002923,0.002625,66.1505,-0.774692,-0.629854,-0.516667,0.516667,0.629854,0.774692,-421.2017,-178.5925,-107.5515,107.5515,178.5925,421.2017
JPSS1_20250206T115400_vs_HYPERNETS_20250206T120000_RHOW_R_pixel.csv,THFR_pixel,Hyp,JPSS1,3.6641600000000003,43.43485999999999,3.667565,43.427706,0.84,2.25,2025-02-06T11:00:00Z,2025-02-06T10:54:00Z,6,30,4,0.4785,0.8356,0.1503,0.6272,2.6175,-0.009064,-0.001133,7.67e-4,NA,FALSE,FALSE,0.00291,0.002619,66.2519,-0.773228,-0.631544,-0.520835,0.520835,0.631544,0.773228,-418.2307,-179.2569,-109.4332,109.4332,179.2569,418.2307
JPSS1_20250206T115400_vs_HYPERNETS_20250206T121500_RHOW_R_pixel.csv,THFR_pixel,Hyp,JPSS1,3.6641600000000003,43.43485999999999,3.667565,43.427706,0.84,2.25,2025-02-06T11:15:00Z,2025-02-06T10:54:00Z,21,30,4,0.4913,0.8043,0.155,0.6339,2.5923,-0.008536,-0.001055,7.74e-4,NA,FALSE,FALSE,0.002746,0.002454,64.179,-0.764236,-0.59884,-0.476395,0.476395,0.59884,0.764236,-396.4192,-158.9774,-91.173,91.173,158.9774,396.4192
JPSS1_20250215T123000_vs_HYPERNETS_20250215T120000_RHOW_R_pixel.csv,THFR_pixel,Hyp,JPSS1,3.6641600000000003,43.43485999999999,3.666632,43.431308,0.44,2.25,2025-02-15T11:00:00Z,2025-02-15T11:30:00Z,30,30,4,0.5317,1.0939,0.1688,0.6748,2.6974,-0.018034,-0.002314,0.001619,NA,FALSE,FALSE,0.005268,0.004841,64.661,-0.737066,-0.680623,-0.590167,0.590167,0.680623,0.737066,-287.7537,-214.4139,-151.1643,151.1643,214.4139,287.7537
JPSS1_20250215T123000_vs_HYPERNETS_20250215T121500_RHOW_R_pixel.csv,THFR_pixel,Hyp,JPSS1,3.6641600000000003,43.43485999999999,3.666632,43.431308,0.44,2.25,2025-02-15T11:15:00Z,2025-02-15T11:30:00Z,15,30,4,0.5185,1.0939,0.1648,0.6567,2.6173,-0.01794,-0.002306,0.001617,NA,FALSE,FALSE,0.005479,0.005043,65.5608,-0.743621,-0.688519,-0.600505,0.600505,0.688519,0.743621,-297.6244,-222.3962,-157.5919,157.5919,222.3962,297.6244
JPSS1_20250215T123000_vs_HYPERNETS_20250215T123000_RHOW_R_pixel.csv,THFR_pixel,Hyp,JPSS1,3.6641600000000003,43.43485999999999,3.666632,43.431308,0.44,2.25,2025-02-15T11:30:00Z,2025-02-15T11:30:00Z,0,30,4,0.5145,1.1557,0.1625,0.6614,2.692,-0.019272,-0.002524,0.001591,NA,FALSE,FALSE,0.00574,0.005317,66.9906,-0.751811,-0.709344,-0.62744,0.62744,0.709344,0.751811,-311.1744,-244.5764,-179.2291,179.2291,244.5764,311.1744
JPSS1_20250215T123000_vs_HYPERNETS_20250215T124500_RHOW_R_pixel.csv,THFR_pixel,Hyp,JPSS1,3.6641600000000003,43.43485999999999,3.666632,43.431308,0.44,2.25,2025-02-15T11:45:00Z,2025-02-15T11:30:00Z,15,30,4,0.5143,1.1803,0.1626,0.6592,2.6717,-0.01941,-0.002581,0.001571,NA,FALSE,FALSE,0.005846,0.005431,67.5565,-0.754477,-0.716125,-0.637213,0.637213,0.716125,0.754477,-315.7028,-252.5903,-187.6513,187.6513,252.5903,315.7028
JPSS1_20250215T123000_vs_HYPERNETS_20250215T130000_RHOW_R_pixel.csv,THFR_pixel,Hyp,JPSS1,3.6641600000000003,43.43485999999999,3.666632,43.431308,0.44,2.25,2025-02-15T12:00:00Z,2025-02-15T11:30:00Z,30,30,4,0.4711,1.2005,0.1485,0.6088,2.4948,-0.020019,-0.002669,0.001564,NA,FALSE,FALSE,0.006715,0.006268,70.559,-0.776795,-0.744686,-0.673481,0.673481,0.744686,0.776795,-357.528,-291.8665,-220.9682,220.9682,291.8665,357.528
JPSS1_20250530T113601_vs_HYPERNETS_20250530T111500_RHOW_R_pixel.csv,THFR_pixel,Hyp,JPSS1,3.6641600000000003,43.43485999999999,3.668868,43.428765000000006,0.78,2.25,2025-05-30T09:15:00Z,2025-05-30T09:36:01Z,21,30,2,6.7418,19.7592,NA,6.7418,NA,NA,-0.058703,NA,NA,NA,NA,0.005859,0.005395,59.2706,-0.728431,-0.592706,-0.456982,0.456982,0.592706,0.728431,-392.3698,-229.3259,-120.2726,120.2726,229.3259,392.3698
JPSS1_20250616T130000_vs_HYPERNETS_20250616T123000_RHOW_R_pixel.csv,THFR_pixel,Hyp,JPSS1,3.6641600000000003,43.43485999999999,3.653128,43.429746,1.06,2.25,2025-06-16T10:30:00Z,2025-06-16T11:00:00Z,30,30,4,0.7158,1.3812,0.2499,0.821,2.6975,-0.018055,-0.002936,0.001665,NA,FALSE,FALSE,0.004698,0.004378,59.3639,-0.694955,-0.682343,-0.581027,0.581027,0.682343,0.694955,-227.8243,-215.0192,-152.563,152.563,215.0192,227.8243
JPSS1_20250616T130000_vs_HYPERNETS_20250616T124500_RHOW_R_pixel.csv,THFR_pixel,Hyp,JPSS1,3.6641600000000003,43.43485999999999,3.653128,43.429746,1.06,2.25,2025-06-16T10:45:00Z,2025-06-16T11:00:00Z,15,30,4,0.7447,1.4031,0.2631,0.8483,2.7346,-0.017638,-0.002934,0.001628,NA,FALSE,FALSE,0.004418,0.004116,58.103,-0.68488,-0.671278,-0.567429,0.567429,0.671278,0.68488,-217.3496,-204.416,-144.4021,144.4021,204.416,217.3496
JPSS1_20250616T130000_vs_HYPERNETS_20250616T130000_RHOW_R_pixel.csv,THFR_pixel,Hyp,JPSS1,3.6641600000000003,43.43485999999999,3.653128,43.429746,1.06,2.25,2025-06-16T11:00:00Z,2025-06-16T11:00:00Z,0,30,4,0.7604,1.4093,0.2706,0.8627,2.7505,-0.017312,-0.002905,0.001614,NA,FALSE,FALSE,0.004248,0.003953,57.2428,-0.67599,-0.662708,-0.559146,0.559146,0.662708,0.67599,-208.6672,-196.6225,-139.7031,139.7031,196.6225,208.6672
JPSS1_20250616T130000_vs_HYPERNETS_20250616T131500_RHOW_R_pixel.csv,THFR_pixel,Hyp,JPSS1,3.6641600000000003,43.43485999999999,3.653128,43.429746,1.06,2.25,2025-06-16T11:15:00Z,2025-06-16T11:00:00Z,15,30,4,0.7667,1.4239,0.2728,0.87,2.7749,-0.017447,-0.002945,0.001602,NA,FALSE,FALSE,0.004226,0.003934,57.1831,-0.675968,-0.661726,-0.557589,0.557589,0.661726,0.675968,-208.6751,-195.7605,-138.928,138.928,195.7605,208.6751
JPSS1_20250616T130000_vs_HYPERNETS_20250616T133000_RHOW_R_pixel.csv,THFR_pixel,Hyp,JPSS1,3.6641600000000003,43.43485999999999,3.653128,43.429746,1.06,2.25,2025-06-16T11:30:00Z,2025-06-16T11:00:00Z,30,30,4,0.7879,1.3997,0.2803,0.8941,2.8516,-0.017202,-0.002868,0.001626,NA,FALSE,FALSE,0.003941,0.003644,55.4039,-0.66077,-0.64828,-0.541549,0.541549,0.64828,0.66077,-194.8127,-184.4286,-130.5276,130.5276,184.4286,194.8127
JPSS1_20250619T120600_vs_HYPERNETS_20250619T114500_RHOW_R_pixel.csv,THFR_pixel,Hyp,JPSS1,3.6641600000000003,43.43485999999999,3.666178,43.430013,0.56,2.25,2025-06-19T09:45:00Z,2025-06-19T10:06:00Z,21,30,5,0.7168,0.9571,0.4017,0.7769,1.5024,-0.006212,-0.001031,0.001649,NA,FALSE,FALSE,0.002921,0.002624,36.652,-0.425594,-0.282178,-0.269732,0.269732,0.282178,0.425594,-74.0929,-39.3102,-36.936,36.936,39.3102,74.0929
JPSS1_20250619T120600_vs_HYPERNETS_20250619T120000_RHOW_R_pixel.csv,THFR_pixel,Hyp,JPSS1,3.6641600000000003,43.43485999999999,3.666178,43.430013,0.56,2.25,2025-06-19T10:00:00Z,2025-06-19T10:06:00Z,6,30,5,0.7218,0.9798,0.4065,0.7807,1.4996,-0.006184,-0.001054,0.001617,NA,FALSE,FALSE,0.002906,0.002619,36.8757,-0.42444,-0.28249,-0.263209,0.263209,0.28249,0.42444,-73.7438,-39.371,-35.7237,35.7237,39.371,73.7438
JPSS1_20250619T120600_vs_HYPERNETS_20250619T121500_RHOW_R_pixel.csv,THFR_pixel,Hyp,JPSS1,3.6641600000000003,43.43485999999999,3.666178,43.430013,0.56,2.25,2025-06-19T10:15:00Z,2025-06-19T10:06:00Z,9,30,5,0.7377,0.9701,0.4256,0.7903,1.4676,-0.005358,-8e-4,0.001654,NA,FALSE,FALSE,0.002507,0.002211,32.7377,-0.393143,-0.25947,-0.203516,0.203516,0.25947,0.393143,-64.7835,-35.0385,-25.5519,25.5519,35.0385,64.7835
JPSS1_20250619T120600_vs_HYPERNETS_20250619T123000_RHOW_R_pixel.csv,THFR_pixel,Hyp,JPSS1,3.6641600000000003,43.43485999999999,3.666178,43.430013,0.56,2.25,2025-06-19T10:30:00Z,2025-06-19T10:06:00Z,24,30,5,0.7444,0.964,0.4193,0.805,1.5454,-0.00607,-9.97e-4,0.001645,NA,FALSE,FALSE,0.002623,0.002333,34.0184,-0.401683,-0.255403,-0.233084,0.233084,0.255403,0.401683,-67.1356,-34.3009,-30.3923,30.3923,34.3009,67.1356
JPSS1_20250621T130601_vs_HYPERNETS_20250621T124500_RHOW_R_pixel.csv,THFR_pixel,Hyp,JPSS1,3.6641600000000003,43.43485999999999,3.6640300000000003,43.427248999999996,0.85,2.25,2025-06-21T10:45:00Z,2025-06-21T11:06:01Z,21,30,5,1.1953,1.5102,0.6852,1.2836,2.4048,-0.008114,-0.002312,7.85e-4,NA,FALSE,FALSE,0.001453,9.12e-4,25.1511,-0.28391,-0.056446,-0.044644,0.044644,0.056446,0.28391,-39.6472,-5.9823,-4.6731,4.6731,5.9823,39.6472
JPSS1_20250621T130601_vs_HYPERNETS_20250621T130000_RHOW_R_pixel.csv,THFR_pixel,Hyp,JPSS1,3.6641600000000003,43.43485999999999,3.6640300000000003,43.427248999999996,0.85,2.25,2025-06-21T11:00:00Z,2025-06-21T11:06:01Z,6,30,5,1.2193,1.4744,0.6763,1.3275,2.6056,-0.009196,-0.002561,8.2e-4,NA,FALSE,FALSE,0.001545,9.62e-4,25.5925,-0.280743,-0.075373,-0.029661,0.038891,0.075373,0.280743,-39.0324,-8.1517,-3.0567,3.8891,8.1517,39.0324
JPSS1_20250621T130601_vs_HYPERNETS_20250621T131500_RHOW_R_pixel.csv,THFR_pixel,Hyp,JPSS1,3.6641600000000003,43.43485999999999,3.6640300000000003,43.427248999999996,0.85,2.25,2025-06-21T11:15:00Z,2025-06-21T11:06:01Z,9,30,5,1.235,1.4946,0.6825,1.3469,2.658,-0.009603,-0.00273,7.53e-4,NA,FALSE,FALSE,0.001591,9.87e-4,26.0422,-0.298312,-0.091981,-0.024789,0.028718,0.091981,0.298312,-42.5135,-10.1299,-2.5419,2.8718,10.1299,42.5135
JPSS1_20250621T130601_vs_HYPERNETS_20250621T133000_RHOW_R_pixel.csv,THFR_pixel,Hyp,JPSS1,3.6641600000000003,43.43485999999999,3.6640300000000003,43.427248999999996,0.85,2.25,2025-06-21T11:30:00Z,2025-06-21T11:06:01Z,24,30,5,1.2127,1.7015,0.6983,1.3,2.4202,-0.006514,-0.001495,0.001202,NA,FALSE,FALSE,0.001195,9.62e-4,30.1279,-0.288125,-0.014185,0.142377,0.142377,0.277728,0.288125,-40.474,-1.4389,14.2377,14.2377,27.7728,40.474
JPSS1_20250622T124801_vs_HYPERNETS_20250622T123000_RHOW_R_pixel.csv,THFR_pixel,Hyp,JPSS1,3.6641600000000003,43.43485999999999,3.659036,43.428381,0.83,2.25,2025-06-22T10:30:00Z,2025-06-22T10:48:01Z,18,30,3,1.1532,3.1784,0.3602,1.1609,3.7415,-0.023697,-0.005339,3.57e-4,NA,FALSE,FALSE,0.004211,0.004194,63.7257,-0.76068499999999994,-0.677686,-0.534044,0.534044,0.677686,0.76068499999999994,-345.5102,-210.2564,-125.5998,125.5998,210.2564,345.5102
JPSS1_20250622T124801_vs_HYPERNETS_20250622T124500_RHOW_R_pixel.csv,THFR_pixel,Hyp,JPSS1,3.6641600000000003,43.43485999999999,3.659036,43.428381,0.83,2.25,2025-06-22T10:45:00Z,2025-06-22T10:48:01Z,3,30,3,1.1119,2.9415,0.3484,1.1192,3.5955,-0.021696,-0.004743,5.34e-4,NA,FALSE,FALSE,0.00394,0.003927,62.4913,-0.748037,-0.663665,-0.521164,0.521164,0.663665,0.748037,-321.2007,-197.3226,-118.7512,118.7512,197.3226,321.2007
JPSS1_20250622T124801_vs_HYPERNETS_20250622T130000_RHOW_R_pixel.csv,THFR_pixel,Hyp,JPSS1,3.6641600000000003,43.43485999999999,3.659036,43.428381,0.83,2.25,2025-06-22T11:00:00Z,2025-06-22T10:48:01Z,12,30,3,1.0966,2.8302,0.3366,1.1042,3.6226,-0.021323,-0.00447,6.67e-4,NA,FALSE,FALSE,0.003785,0.003773,61.7162,-0.74059,-0.65565,-0.512979,0.512979,0.65565,0.74059,-307.9803,-190.4021,-114.7512,114.7512,190.4021,307.9803
JPSS1_20250622T124801_vs_HYPERNETS_20250622T131500_RHOW_R_pixel.csv,THFR_pixel,Hyp,JPSS1,3.6641600000000003,43.43485999999999,3.659036,43.428381,0.83,2.25,2025-06-22T11:15:00Z,2025-06-22T10:48:01Z,27,30,3,1.0449,2.8025,0.3342,1.0514,3.3071,-0.020072,-0.00439,5.96e-4,NA,FALSE,FALSE,0.00404,0.004033,63.1689,-0.749516,-0.667481,-0.531758,0.531758,0.667481,0.749516,-322.5297,-200.7351,-123.1443,123.1443,200.7351,322.5297
JPSS1_20250630T120000_vs_HYPERNETS_20250630T113000_RHOW_R_pixel.csv,THFR_pixel,Hyp,JPSS1,3.6641600000000003,43.43485999999999,3.65442,43.430887999999996,0.9,2.25,2025-06-30T09:30:00Z,2025-06-30T10:00:00Z,30,30,5,0.3095,0.6227,0.2364,0.8767,3.2507,-0.018594,-0.001067,0.00366,NA,FALSE,FALSE,0.00399,0.003311,42.3639,-0.412354,-0.401191,0.245209,0.297552,0.401191,0.412354,-70.1706,-66.9982,24.5209,29.7552,66.9982,70.1706
JPSS1_20250630T120000_vs_HYPERNETS_20250630T114500_RHOW_R_pixel.csv,THFR_pixel,Hyp,JPSS1,3.6641600000000003,43.43485999999999,3.65442,43.430887999999996,0.9,2.25,2025-06-30T09:45:00Z,2025-06-30T10:00:00Z,15,30,5,0.2983,0.586,0.2369,0.8831,3.2916,-0.017956,-8.62e-4,0.003724,NA,FALSE,FALSE,0.003879,0.003317,44.7019,-0.39973,-0.376695,0.333296,0.372124,0.376695,0.39973,-66.5918,-60.435,33.3296,37.2124,60.435,66.5918
JPSS1_20250630T120000_vs_HYPERNETS_20250630T120000_RHOW_R_pixel.csv,THFR_pixel,Hyp,JPSS1,3.6641600000000003,43.43485999999999,3.65442,43.430887999999996,0.9,2.25,2025-06-30T10:00:00Z,2025-06-30T10:00:00Z,0,30,5,0.298,0.5774,0.2355,0.8771,3.2668,-0.017486,-7.4e-4,0.003756,NA,FALSE,FALSE,0.003849,0.003299,44.9289,-0.397165,-0.349647,0.356733,0.356733,0.392229,0.397165,-65.8828,-53.7626,35.6733,39.2229,53.7626,65.8828
JPSS1_20250630T120000_vs_HYPERNETS_20250630T121500_RHOW_R_pixel.csv,THFR_pixel,Hyp,JPSS1,3.6641600000000003,43.43485999999999,3.65442,43.430887999999996,0.9,2.25,2025-06-30T10:15:00Z,2025-06-30T10:00:00Z,15,30,5,0.2976,0.5719,0.2317,0.8614,3.2024,-0.016798,-5.67e-4,0.003799,NA,FALSE,FALSE,0.00384,0.0033,45.2829,-0.40095,-0.322215,0.372475,0.372475,0.40095,0.422108,-66.9308,-47.5394,37.2475,42.2108,47.5394,66.9308
JPSS1_20250630T120000_vs_HYPERNETS_20250630T123000_RHOW_R_pixel.csv,THFR_pixel,Hyp,JPSS1,3.6641600000000003,43.43485999999999,3.65442,43.430887999999996,0.9,2.25,2025-06-30T10:30:00Z,2025-06-30T10:00:00Z,30,30,5,0.2873,0.5445,0.2292,0.8547,3.1874,-0.016153,-3.75e-4,0.003856,NA,FALSE,FALSE,0.003815,0.003321,47.0962,-0.397064,-0.295713,0.441257,0.397064,0.441257,0.480173,-65.8551,-41.9876,44.1257,44.1257,48.0173,65.8551
JPSS1_20250703T124201_vs_HYPERNETS_20250703T121500_RHOW_R_pixel.csv,THFR_pixel,Hyp,JPSS1,3.6641600000000003,43.43485999999999,3.656023,43.430541,0.81,2.25,2025-07-03T10:15:00Z,2025-07-03T10:42:01Z,27,30,5,0.673,2.1795,0.5352,0.6788,0.861,-0.004655,-0.002892,-0.001502,NA,TRUE,TRUE,0.006262,0.005999,69.5473,-0.73949,-0.717132,-0.597934,0.597934,0.717132,0.73949,-283.8625,-253.522,-148.7154,148.7154,253.522,283.8625
JPSS1_20250703T124201_vs_HYPERNETS_20250703T123000_RHOW_R_pixel.csv,THFR_pixel,Hyp,JPSS1,3.6641600000000003,43.43485999999999,3.656023,43.430541,0.81,2.25,2025-07-03T10:30:00Z,2025-07-03T10:42:01Z,12,30,5,0.6821,2.2231,0.5465,0.6875,0.865,-0.0047,-0.002982,-0.001616,NA,TRUE,TRUE,0.006251,0.006008,69.6234,-0.741331,-0.722668,-0.597294,0.597294,0.722668,0.741331,-286.5948,-260.579,-148.3201,148.3201,260.579,286.5948
JPSS1_20250703T124201_vs_HYPERNETS_20250703T124500_RHOW_R_pixel.csv,THFR_pixel,Hyp,JPSS1,3.6641600000000003,43.43485999999999,3.656023,43.430541,0.81,2.25,2025-07-03T10:45:00Z,2025-07-03T10:42:01Z,3,30,5,0.7054,2.2447,0.5491,0.7128,0.9254,-0.005238,-0.00319,-0.001612,NA,TRUE,TRUE,0.006161,0.005956,69.3803,-0.744545,-0.719411,-0.596081,0.596081,0.719411,0.744545,-291.4579,-256.393,-147.5746,147.5746,256.393,291.4579
JPSS1_20250703T124201_vs_HYPERNETS_20250703T130000_RHOW_R_pixel.csv,THFR_pixel,Hyp,JPSS1,3.6641600000000003,43.43485999999999,3.656023,43.430541,0.81,2.25,2025-07-03T11:00:00Z,2025-07-03T10:42:01Z,18,30,5,0.7263,2.1934,0.5759,0.7328,0.9323,-0.004747,-0.002944,-0.001526,NA,TRUE,TRUE,0.005544,0.005358,67.4094,-0.723522,-0.697365,-0.57082599999999994,0.57082599999999994,0.697365,0.723522,-261.6922,-230.4312,-133.0055,133.0055,230.4312,261.6922
JPSS1_20250708T124800_vs_HYPERNETS_20250708T123000_RHOW_R_pixel.csv,THFR_pixel,Hyp,JPSS1,3.6641600000000003,43.43485999999999,3.6570340000000003,43.429225,0.85,2.25,2025-07-08T10:30:00Z,2025-07-08T10:48:00Z,18,30,5,1.0195,2.3979,0.6236,1.0722,1.8434,-0.011207,-0.005055,-0.001477,NA,FALSE,TRUE,0.004574,0.00448,61.8977,-0.646908,-0.614386,-0.612086,0.612086,0.614386,0.646908,-183.2126,-159.3264,-157.7889,157.7889,159.3264,183.2126
JPSS1_20250708T124800_vs_HYPERNETS_20250708T124500_RHOW_R_pixel.csv,THFR_pixel,Hyp,JPSS1,3.6641600000000003,43.43485999999999,3.6570340000000003,43.429225,0.85,2.25,2025-07-08T10:45:00Z,2025-07-08T10:48:00Z,3,30,5,1.0155,2.3638,0.6197,1.0686,1.8429,-0.011144,-0.004993,-0.001426,NA,FALSE,TRUE,0.004543,0.004448,61.7184,-0.642757,-0.612098,-0.610044,0.610044,0.612098,0.642757,-179.9213,-157.7971,-156.4394,156.4394,157.7971,179.9213
JPSS1_20250708T124800_vs_HYPERNETS_20250708T130000_RHOW_R_pixel.csv,THFR_pixel,Hyp,JPSS1,3.6641600000000003,43.43485999999999,3.6570340000000003,43.429225,0.85,2.25,2025-07-08T11:00:00Z,2025-07-08T10:48:00Z,12,30,5,1.032,2.4275,0.6919,1.0634,1.6343,-0.008619,-0.004387,-0.001633,NA,FALSE,TRUE,0.003983,0.003916,59.3948,-0.637474,-0.581386,-0.562612,0.562612,0.581386,0.637474,-175.8425,-138.8836,-128.6301,128.6301,138.8836,175.8425
JPSS1_20250708T124800_vs_HYPERNETS_20250708T131500_RHOW_R_pixel.csv,THFR_pixel,Hyp,JPSS1,3.6641600000000003,43.43485999999999,3.6570340000000003,43.429225,0.85,2.25,2025-07-08T11:15:00Z,2025-07-08T10:48:00Z,27,30,5,1.0557,2.4699,0.7211,1.0843,1.6303,-0.008339,-0.004375,-0.001738,NA,FALSE,TRUE,0.003827,0.003763,58.6356,-0.636413,-0.572696,-0.552477,0.552477,0.572696,0.636413,-175.0372,-134.0252,-123.4524,123.4524,134.0252,175.0372
JPSS1_20250710T121201_vs_HYPERNETS_20250710T114500_RHOW_C_pixel.csv,THFR_pixel,Hyp,JPSS1,3.6641600000000003,43.43485999999999,3.6575140000000004,43.426179000000005,1.11,2.25,2025-07-10T09:45:00Z,2025-07-10T10:12:01Z,27,30,5,1.3778,1.0783,0.7661,1.4985,2.9312,-0.01272,-0.002522,0.002691,NA,FALSE,FALSE,0.002379,0.002124,34.0649,0.073635,0.190978,0.288964,0.190978,0.288964,0.522105,7.3635,19.0978,28.8964,19.0978,28.8964,62.7564
JPSS1_20250710T121201_vs_HYPERNETS_20250710T120000_RHOW_C_pixel.csv,THFR_pixel,Hyp,JPSS1,3.6641600000000003,43.43485999999999,3.6575140000000004,43.426179000000005,1.11,2.25,2025-07-10T10:00:00Z,2025-07-10T10:12:01Z,12,30,5,1.4175,1.0605,0.7963,1.5346,2.9577,-0.011759,-0.002183,0.002785,NA,FALSE,FALSE,0.002582,0.002358,39.5471,0.146969,0.257594,0.341711,0.257594,0.341711,0.484355,14.6969,25.7594,34.1711,25.7594,34.1711,74.6726
JPSS1_20250710T121201_vs_HYPERNETS_20250710T121500_RHOW_C_pixel.csv,THFR_pixel,Hyp,JPSS1,3.6641600000000003,43.43485999999999,3.6575140000000004,43.426179000000005,1.11,2.25,2025-07-10T10:15:00Z,2025-07-10T10:12:01Z,3,30,5,1.4171,1.0429,0.7895,1.5399,3.0034,-0.012084,-0.002228,0.002826,NA,FALSE,FALSE,0.002601,0.002364,39.8592,0.139597,0.247722,0.34761,0.247722,0.34761,0.487463,13.9597,24.7722,34.761,24.7722,34.761,77.0569
JPSS1_20250710T121201_vs_HYPERNETS_20250710T123000_RHOW_C_pixel.csv,THFR_pixel,Hyp,JPSS1,3.6641600000000003,43.43485999999999,3.6575140000000004,43.426179000000005,1.11,2.25,2025-07-10T10:30:00Z,2025-07-10T10:12:01Z,18,30,5,1.4021,1.0256,0.7845,1.5206,2.9475,-0.011561,-0.002022,0.002899,NA,FALSE,FALSE,0.002602,0.002375,40.7939,0.1511,0.254089,0.345341,0.254089,0.345341,0.476958,15.11,25.4089,34.5341,25.4089,34.5341,81.2208
JPSS1_20250713T125400_vs_HYPERNETS_20250713T123000_RHOW_R_pixel.csv,THFR_pixel,Hyp,JPSS1,3.6641600000000003,43.43485999999999,3.6601910000000006,43.430653,0.57,2.25,2025-07-13T10:30:00Z,2025-07-13T10:54:00Z,24,30,5,1.2318,1.2882,0.6705,1.3536,2.7327,-0.010802,-0.003224,5.3e-4,NA,FALSE,FALSE,0.001867,0.001596,32.0125,-0.36401,-0.269913,-0.171379,0.171379,0.269913,0.36401,-57.2352,-36.97,-20.6825,20.6825,36.97,57.2352
JPSS1_20250713T125400_vs_HYPERNETS_20250713T124500_RHOW_R_pixel.csv,THFR_pixel,Hyp,JPSS1,3.6641600000000003,43.43485999999999,3.6601910000000006,43.430653,0.57,2.25,2025-07-13T10:45:00Z,2025-07-13T10:54:00Z,9,30,5,1.2635,1.2429,0.7162,1.3628,2.5931,-0.0088,-0.002626,6.2e-4,NA,FALSE,FALSE,0.00151,0.001278,26.8784,-0.305622,-0.175972,-0.062185,0.136231,0.175972,0.305622,-44.0137,-21.3552,-6.6308,13.6231,21.3552,44.0137
JPSS1_20250713T125400_vs_HYPERNETS_20250713T130000_RHOW_R_pixel.csv,THFR_pixel,Hyp,JPSS1,3.6641600000000003,43.43485999999999,3.6601910000000006,43.430653,0.57,2.25,2025-07-13T11:00:00Z,2025-07-13T10:54:00Z,6,30,5,1.2768,1.3082,0.7183,1.3816,2.6574,-0.009596,-0.002966,4.82e-4,NA,FALSE,FALSE,0.001635,0.001413,29.547,-0.325494,-0.213385,-0.134137,0.134137,0.213385,0.325494,-48.2567,-27.1271,-15.4917,15.4917,27.1271,48.2567
JPSS1_20250713T125400_vs_HYPERNETS_20250713T131500_RHOW_R_pixel.csv,THFR_pixel,Hyp,JPSS1,3.6641600000000003,43.43485999999999,3.6601910000000006,43.430653,0.57,2.25,2025-07-13T11:15:00Z,2025-07-13T10:54:00Z,21,30,5,1.3202,1.3241,0.7237,1.4456,2.8875,-0.010895,-0.00335,4.28e-4,NA,FALSE,FALSE,0.001735,0.001516,30.9752,-0.323981,-0.232416,-0.150808,0.150808,0.232416,0.323981,-47.9248,-30.2789,-17.759,17.759,30.2789,47.9248
JPSS1_20250715T121800_vs_HYPERNETS_20250715T120000_RHOW_C_pixel.csv,THFR_pixel,Hyp,JPSS1,3.6641600000000003,43.43485999999999,3.657278,43.433516000000004,0.58,2.25,2025-07-15T10:00:00Z,2025-07-15T10:18:00Z,18,30,5,0.8475,0.6894,0.5452,0.8804,1.4217,-9.83e-4,0.003417,0.006143,NA,FALSE,FALSE,0.002666,0.002445,38.2305,0.211585,0.394089,0.563557,0.211585,0.394089,0.563557,21.1585,39.4089,56.3557,21.1585,39.4089,56.3557
JPSS1_20250715T121800_vs_HYPERNETS_20250715T121500_RHOW_C_pixel.csv,THFR_pixel,Hyp,JPSS1,3.6641600000000003,43.43485999999999,3.657278,43.433516000000004,0.58,2.25,2025-07-15T10:15:00Z,2025-07-15T10:18:00Z,3,30,5,0.8617,0.6766,0.5513,0.8963,1.457,-8.28e-4,0.003561,0.006261,NA,FALSE,FALSE,0.00294,0.002749,44.2986,0.253351,0.473105,0.634234,0.253351,0.473105,0.634234,25.3351,47.3105,63.4234,25.3351,47.3105,63.4234
JPSS1_20250715T121800_vs_HYPERNETS_20250715T123000_RHOW_C_pixel.csv,THFR_pixel,Hyp,JPSS1,3.6641600000000003,43.43485999999999,3.657278,43.433516000000004,0.58,2.25,2025-07-15T10:30:00Z,2025-07-15T10:18:00Z,12,30,5,0.8609,0.6693,0.5448,0.8976,1.4791,-7.81e-4,0.003683,0.006392,NA,FALSE,FALSE,0.003087,0.002897,47.5491,0.280165,0.529843,0.646576,0.280165,0.529843,0.646576,28.0165,52.9843,64.6576,28.0165,52.9843,64.6576
JPSS1_20250715T121800_vs_HYPERNETS_20250715T124500_RHOW_C_pixel.csv,THFR_pixel,Hyp,JPSS1,3.6641600000000003,43.43485999999999,3.657278,43.433516000000004,0.58,2.25,2025-07-15T10:45:00Z,2025-07-15T10:18:00Z,27,30,5,0.8691,0.6773,0.5491,0.9065,1.4965,-9.33e-4,0.003604,0.006353,NA,FALSE,FALSE,0.003071,0.002885,46.8616,0.283492,0.509083,0.631344,0.283492,0.509083,0.631344,28.3492,50.9083,63.1344,28.3492,50.9083,63.1344
JPSS1_20250717T131801_vs_HYPERNETS_20250717T134500_RHOW_R_pixel.csv,THFR_pixel,Hyp,JPSS1,3.6641600000000003,43.43485999999999,3.6562659999999996,43.428695000000005,0.94,2.25,2025-07-17T11:45:00Z,2025-07-17T11:18:01Z,27,30,3,0.964,1.2567,0.1087,1.0384,9.9174,-0.064969,-0.002674,0.003849,NA,FALSE,FALSE,0.002772,0.002405,41.4131,-0.551619,-0.485955,-0.312554,0.312554,0.485955,0.551619,-125.4553,-94.5353,-50.3269,50.3269,94.5353,125.4553
JPSS1_20250720T122400_vs_HYPERNETS_20250720T120000_RHOW_R_pixel.csv,THFR_pixel,Hyp,JPSS1,3.6641600000000003,43.43485999999999,3.659503,43.428789,0.77,2.25,2025-07-20T10:00:00Z,2025-07-20T10:24:00Z,24,30,5,1.0274,1.7106,0.829,1.0351,1.2925,-0.004893,-0.00302,-0.00152,NA,FALSE,TRUE,0.002792,0.002765,44.6267,-0.532518,-0.460003,-0.395349,0.395349,0.460003,0.532518,-113.9122,-85.1863,-65.3848,65.3848,85.1863,113.9122
JPSS1_20250720T122400_vs_HYPERNETS_20250720T121500_RHOW_R_pixel.csv,THFR_pixel,Hyp,JPSS1,3.6641600000000003,43.43485999999999,3.659503,43.428789,0.77,2.25,2025-07-20T10:15:00Z,2025-07-20T10:24:00Z,9,30,5,1.0198,1.736,0.8294,1.0268,1.2712,-0.004943,-0.003126,-0.001658,NA,FALSE,TRUE,0.00295,0.002926,45.8769,-0.549991,-0.473466,-0.403614,0.403614,0.473466,0.549991,-122.2177,-89.9213,-67.6766,67.6766,89.9213,122.2177
JPSS1_20250720T122400_vs_HYPERNETS_20250720T123000_RHOW_R_pixel.csv,THFR_pixel,Hyp,JPSS1,3.6641600000000003,43.43485999999999,3.659503,43.428789,0.77,2.25,2025-07-20T10:30:00Z,2025-07-20T10:24:00Z,6,30,5,1.0166,1.6662,0.8518,1.0217,1.2254,-0.004205,-0.002756,-0.001548,NA,FALSE,TRUE,0.002621,0.002602,43.2544,-0.517219,-0.438173,-0.377327,0.377327,0.438173,0.517219,-107.1334,-77.9907,-60.598,60.598,77.9907,107.1334
JPSS1_20250720T122400_vs_HYPERNETS_20250720T124500_RHOW_R_pixel.csv,THFR_pixel,Hyp,JPSS1,3.6641600000000003,43.43485999999999,3.659503,43.428789,0.77,2.25,2025-07-20T10:45:00Z,2025-07-20T10:24:00Z,21,30,5,1.0127,1.6538,0.861,1.0169,1.2011,-0.003964,-0.002664,-0.001564,NA,FALSE,TRUE,0.002561,0.002545,42.7463,-0.510085,-0.428734,-0.371081,0.371081,0.428734,0.510085,-104.117,-75.0499,-59.0029,59.0029,75.0499,104.117
JPSS1_20250725T123000_vs_HYPERNETS_20250725T120000_RHOW_R_pixel.csv,THFR_pixel,Hyp,JPSS1,3.6641600000000003,43.43485999999999,3.661604,43.430859,0.49,2.25,2025-07-25T10:00:00Z,2025-07-25T10:30:00Z,30,30,5,1.0318,2.4801,0.6166,1.0924,1.9353,-0.011265,-0.004528,-7.26e-4,NA,FALSE,TRUE,0.003895,0.00379,53.319,-0.647888,-0.497825,-0.435039,0.435039,0.497825,0.647888,-184.0008,-99.1337,-77.0033,77.0033,99.1337,184.0008
JPSS1_20250725T123000_vs_HYPERNETS_20250725T121500_RHOW_R_pixel.csv,THFR_pixel,Hyp,JPSS1,3.6641600000000003,43.43485999999999,3.661604,43.430859,0.49,2.25,2025-07-25T10:15:00Z,2025-07-25T10:30:00Z,15,30,5,1.0248,2.0261,0.62,1.0811,1.8851,-0.007707,-0.002628,2.85e-4,NA,FALSE,FALSE,0.002286,0.002115,40.0482,-0.517149,-0.385142,-0.150898,0.150898,0.385142,0.517149,-107.1033,-62.6393,-17.7714,17.7714,62.6393,107.1033
JPSS1_20250725T123000_vs_HYPERNETS_20250725T124500_RHOW_R_pixel.csv,THFR_pixel,Hyp,JPSS1,3.6641600000000003,43.43485999999999,3.661604,43.430859,0.49,2.25,2025-07-25T10:45:00Z,2025-07-25T10:30:00Z,15,30,5,1.0229,1.9432,0.6049,1.0866,1.9519,-0.007632,-0.002386,5.34e-4,NA,FALSE,FALSE,0.002076,0.001861,37.1319,-0.491925,-0.366271,-0.129565,0.129565,0.366271,0.491925,-96.8215,-57.796,-14.8851,14.8851,57.796,96.8215
JPSS1_20250725T123000_vs_HYPERNETS_20250725T130000_RHOW_R_pixel.csv,THFR_pixel,Hyp,JPSS1,3.6641600000000003,43.43485999999999,3.661604,43.430859,0.49,2.25,2025-07-25T11:00:00Z,2025-07-25T10:30:00Z,30,30,5,1.0374,1.9096,0.6099,1.1041,1.9988,-0.007509,-0.002267,6.28e-4,NA,FALSE,FALSE,0.001903,0.001657,34.7012,-0.468736,-0.344851,-0.10913,0.10913,0.344851,0.468736,-88.2302,-52.6371,-12.2498,12.2498,52.6371,88.2302
JPSS1_20250726T121200_vs_HYPERNETS_20250726T114500_RHOW_R_pixel.csv,THFR_pixel,Hyp,JPSS1,3.6641600000000003,43.43485999999999,3.6497830000000002,43.429907,1.29,2.25,2025-07-26T09:45:00Z,2025-07-26T10:12:00Z,27,30,5,0.6779,0.7307,0.3325,1.0238,3.152,-0.012934,6.56e-4,0.00507,NA,FALSE,FALSE,0.00248,0.001901,33.415,-0.026407,0.00511,0.535398,0.026407,0.318719,0.535398,-2.7123,0.511,53.5398,2.7123,46.7823,53.5398
JPSS1_20250726T121200_vs_HYPERNETS_20250726T120000_RHOW_R_pixel.csv,THFR_pixel,Hyp,JPSS1,3.6641600000000003,43.43485999999999,3.6497830000000002,43.429907,1.29,2.25,2025-07-26T10:00:00Z,2025-07-26T10:12:00Z,12,30,5,2.7686,0.8727,1.3243,3.6235,9.9147,-0.016705,-0.001541,0.004001,NA,TRUE,FALSE,0.005322,0.004783,202.7059,1.871477,2.235979,2.2624,1.871477,2.235979,2.2624,187.1477,223.5979,226.24,187.1477,223.5979,226.24
JPSS1_20250726T121200_vs_HYPERNETS_20250726T121500_RHOW_R_pixel.csv,THFR_pixel,Hyp,JPSS1,3.6641600000000003,43.43485999999999,3.6497830000000002,43.429907,1.29,2.25,2025-07-26T10:15:00Z,2025-07-26T10:12:00Z,3,30,5,0.7619,0.8985,0.3656,1.0605,3.0762,-0.014495,-2.83e-4,0.004616,NA,FALSE,FALSE,0.002113,0.001797,27.1537,-0.150929,-0.072087,0.257777,0.150929,0.257777,0.344579,-17.7757,-7.7687,25.7777,17.7757,25.7777,52.5736
JPSS1_20250726T121200_vs_HYPERNETS_20250726T123000_RHOW_R_pixel.csv,THFR_pixel,Hyp,JPSS1,3.6641600000000003,43.43485999999999,3.6497830000000002,43.429907,1.29,2.25,2025-07-26T10:30:00Z,2025-07-26T10:12:00Z,18,30,5,0.7069,0.8135,0.3423,1.0252,3.0711,-0.014122,7.7e-5,0.004818,NA,FALSE,FALSE,0.00226,0.001847,27.7831,-0.073492,-0.064093,0.296635,0.073492,0.296635,0.36492,-7.9322,-6.8483,29.6635,7.9322,29.6635,57.4604
JPSS1_20250730T123601_vs_HYPERNETS_20250730T121500_RHOW_R_pixel.csv,THFR_pixel,Hyp,JPSS1,3.6641600000000003,43.43485999999999,3.6586149999999997,43.428401,0.85,2.25,2025-07-30T10:15:00Z,2025-07-30T10:36:01Z,21,30,5,1.2367,1.7802,1.0939,1.2396,1.4048,-0.002952,-0.00202,-0.001199,NA,TRUE,TRUE,8.88e-4,7.99e-4,21.916,-0.186561,-0.113472,-0.106445,0.106445,0.113472,0.186561,-22.9348,-12.7995,-11.9126,11.9126,12.7995,22.9348
JPSS1_20250730T123601_vs_HYPERNETS_20250730T123000_RHOW_R_pixel.csv,THFR_pixel,Hyp,JPSS1,3.6641600000000003,43.43485999999999,3.6586149999999997,43.428401,0.85,2.25,2025-07-30T10:30:00Z,2025-07-30T10:36:01Z,6,30,5,1.2375,1.7405,1.092,1.2405,1.4093,-0.002787,-0.001858,-0.00104,NA,TRUE,TRUE,7.93e-4,7.08e-4,20.3113,-0.158115,-0.087241,-0.083525,0.083525,0.087241,0.158115,-18.7811,-9.558,-9.1138,9.1138,9.558,18.7811
JPSS1_20250730T123601_vs_HYPERNETS_20250730T124500_RHOW_R_pixel.csv,THFR_pixel,Hyp,JPSS1,3.6641600000000003,43.43485999999999,3.6586149999999997,43.428401,0.85,2.25,2025-07-30T10:45:00Z,2025-07-30T10:36:01Z,9,30,5,1.2122,1.787,1.0694,1.2152,1.3809,-0.002942,-0.001992,-0.001157,NA,TRUE,TRUE,9.33e-4,8.12e-4,22.2478,-0.192416,-0.122184,-0.119814,0.119814,0.122184,0.192416,-23.8261,-13.9191,-13.6123,13.6123,13.9191,23.8261
JPSS1_20250730T123601_vs_HYPERNETS_20250730T130000_RHOW_R_pixel.csv,THFR_pixel,Hyp,JPSS1,3.6641600000000003,43.43485999999999,3.6586149999999997,43.428401,0.85,2.25,2025-07-30T11:00:00Z,2025-07-30T10:36:01Z,24,30,5,1.2048,1.7285,1.0205,1.2101,1.4349,-0.002927,-0.001689,-6.46e-4,NA,TRUE,TRUE,7.7e-4,6.43e-4,19.2276,-0.123305,-0.091916,-0.068164,0.068164,0.091916,0.123305,-14.0648,-10.122,-7.315,7.315,10.122,14.0648
JPSS1_20250802T114200_vs_HYPERNETS_20250802T111500_RHOW_R_pixel.csv,THFR_pixel,Hyp,JPSS1,3.6641600000000003,43.43485999999999,3.6670670000000003,43.42912200000001,0.68,2.25,2025-08-02T09:15:00Z,2025-08-02T09:42:00Z,27,30,4,0.7448,1.2633,0.2761,0.8288,2.488,-0.012278,-0.00176,0.001743,NA,FALSE,FALSE,0.003065,0.002845,48.4225,-0.584249,-0.538905,-0.438882,0.438882,0.538905,0.584249,-140.5584,-117.7624,-80.8213,80.8213,117.7624,140.5584
JPSS1_20250802T114200_vs_HYPERNETS_20250802T113000_RHOW_R_pixel.csv,THFR_pixel,Hyp,JPSS1,3.6641600000000003,43.43485999999999,3.6670670000000003,43.42912200000001,0.68,2.25,2025-08-02T09:30:00Z,2025-08-02T09:42:00Z,12,30,4,0.8085,1.2541,0.2893,0.9146,2.8913,-0.013391,-0.001848,0.001804,NA,FALSE,FALSE,0.002586,0.002346,43.9394,-0.546036,-0.504476,-0.397834,0.397834,0.504476,0.546036,-120.3354,-102.3363,-69.1316,69.1316,102.3363,120.3354
JPSS1_20250802T114200_vs_HYPERNETS_20250802T114500_RHOW_R_pixel.csv,THFR_pixel,Hyp,JPSS1,3.6641600000000003,43.43485999999999,3.6670670000000003,43.42912200000001,0.68,2.25,2025-08-02T09:45:00Z,2025-08-02T09:42:00Z,3,30,4,0.7749,1.2048,0.2854,0.8646,2.6192,-0.011974,-0.001612,0.001808,NA,FALSE,FALSE,0.002648,0.002412,44.2613,-0.536897,-0.493032,-0.398747,0.398747,0.493032,0.536897,-116.1151,-97.673,-68.6441,68.6441,97.673,116.1151
JPSS1_20250802T114200_vs_HYPERNETS_20250802T120000_RHOW_R_pixel.csv,THFR_pixel,Hyp,JPSS1,3.6641600000000003,43.43485999999999,3.6670670000000003,43.42912200000001,0.68,2.25,2025-08-02T10:00:00Z,2025-08-02T09:42:00Z,18,30,4,0.7671,1.1939,0.2772,0.8634,2.6895,-0.012477,-0.001634,0.001847,NA,FALSE,FALSE,0.002694,0.002445,44.4804,-0.536407,-0.496266,-0.404663,0.404663,0.496266,0.536407,-115.9488,-98.8183,-70.5742,70.5742,98.8183,115.9488
JPSS1_20250803T130000_vs_HYPERNETS_20250803T133000_RHOW_R_pixel.csv,THFR_pixel,Hyp,JPSS1,3.6641600000000003,43.43485999999999,3.661576,43.427586999999995,0.84,2.25,2025-08-03T11:30:00Z,2025-08-03T11:00:00Z,30,30,4,1.0267,1.5846,0.3769,1.1473,3.4928,-0.016451,-0.00315,0.001219,NA,FALSE,FALSE,0.002633,0.002315,49.6198,-0.686039,-0.582518,-0.392677,0.392677,0.582518,0.686039,-219.5996,-145.1724,-70.539,70.539,145.1724,219.5996
JPSS1_20250804T124201_vs_HYPERNETS_20250804T121500_RHOW_R_pixel.csv,THFR_pixel,Hyp,JPSS1,3.6641600000000003,43.43485999999999,3.656777,43.431979999999996,0.68,2.25,2025-08-04T10:15:00Z,2025-08-04T10:42:01Z,27,30,4,0.6358,0.6787,0.2022,0.804,3.1963,-0.014392,-8e-4,0.002619,NA,FALSE,FALSE,0.002452,0.001914,29.1924,-0.396174,-0.252166,-0.147916,0.147916,0.252166,0.396174,-70.5924,-34.2757,-17.6621,17.6621,34.2757,70.5924
JPSS1_20250804T124201_vs_HYPERNETS_20250804T123000_RHOW_R_pixel.csv,THFR_pixel,Hyp,JPSS1,3.6641600000000003,43.43485999999999,3.656777,43.431979999999996,0.68,2.25,2025-08-04T10:30:00Z,2025-08-04T10:42:01Z,12,30,4,0.6495,0.6662,0.2065,0.8219,3.2712,-0.01423,-7.54e-4,0.002631,NA,FALSE,FALSE,0.002295,0.001747,27.1265,-0.376839,-0.229126,-0.116534,0.123552,0.229126,0.376839,-65.3278,-30.2467,-13.5794,14.3737,30.2467,65.3278
JPSS1_20250804T124201_vs_HYPERNETS_20250804T124500_RHOW_R_pixel.csv,THFR_pixel,Hyp,JPSS1,3.6641600000000003,43.43485999999999,3.656777,43.431979999999996,0.68,2.25,2025-08-04T10:45:00Z,2025-08-04T10:42:01Z,3,30,4,0.6565,0.678,0.208,0.8378,3.3752,-0.014806,-8.43e-4,0.002623,NA,FALSE,FALSE,0.002293,0.001735,26.9607,-0.381802,-0.227601,-0.115405,0.115405,0.227601,0.381802,-66.5306,-30.1157,-13.3013,13.3013,30.1157,66.5306
JPSS1_20250804T124201_vs_HYPERNETS_20250804T130000_RHOW_R_pixel.csv,THFR_pixel,Hyp,JPSS1,3.6641600000000003,43.43485999999999,3.656777,43.431979999999996,0.68,2.25,2025-08-04T11:00:00Z,2025-08-04T10:42:01Z,18,30,4,0.6753,0.6958,0.2162,0.8433,3.2895,-0.014021,-7.93e-4,0.002599,NA,FALSE,FALSE,0.002179,0.00164,26.0828,-0.35588,-0.2119,-0.116848,0.116848,0.2119,0.35588,-60.0864,-27.2778,-13.4625,13.4625,27.2778,60.0864
JPSS1_20250805T122401_vs_HYPERNETS_20250805T120000_RHOW_R_pixel.csv,THFR_pixel,Hyp,JPSS1,3.6641600000000003,43.43485999999999,3.656791,43.432601,0.65,2.25,2025-08-05T10:00:00Z,2025-08-05T10:24:01Z,24,30,5,0.9575,0.8361,0.4628,1.1902,3.0607,-0.012647,-0.002247,0.001798,NA,FALSE,FALSE,0.001994,0.00154,31.9759,-0.386011,-0.135884,0.028445,0.135884,0.283552,0.386011,-62.8693,-15.7252,2.8445,15.7252,28.3552,62.8693
JPSS1_20250805T122401_vs_HYPERNETS_20250805T121500_RHOW_R_pixel.csv,THFR_pixel,Hyp,JPSS1,3.6641600000000003,43.43485999999999,3.656791,43.432601,0.65,2.25,2025-08-05T10:15:00Z,2025-08-05T10:24:01Z,9,30,5,0.9675,0.8295,0.4674,1.2047,3.1052,-0.012674,-0.002241,0.001806,NA,FALSE,FALSE,0.001955,0.001527,32.1822,-0.377866,-0.122913,0.041329,0.122913,0.304329,0.377866,-60.737,-14.0138,4.1329,14.0138,30.4329,60.737
JPSS1_20250805T122401_vs_HYPERNETS_20250805T123000_RHOW_R_pixel.csv,THFR_pixel,Hyp,JPSS1,3.6641600000000003,43.43485999999999,3.656791,43.432601,0.65,2.25,2025-08-05T10:30:00Z,2025-08-05T10:24:01Z,6,30,5,0.9631,0.8698,0.4654,1.1979,3.083,-0.013107,-0.00242,0.001733,NA,FALSE,FALSE,0.002061,0.001564,31.052,-0.394264,-0.15419,0.018483,0.15419,0.214499,0.394264,-65.0885,-18.2299,1.8483,18.2299,21.4499,65.0885
JPSS1_20250805T122401_vs_HYPERNETS_20250805T124500_RHOW_R_pixel.csv,THFR_pixel,Hyp,JPSS1,3.6641600000000003,43.43485999999999,3.656791,43.432601,0.65,2.25,2025-08-05T10:45:00Z,2025-08-05T10:24:01Z,21,30,5,0.9523,0.853,0.4598,1.1879,3.0689,-0.013058,-0.002375,0.00176,NA,FALSE,FALSE,0.002075,0.001574,31.3626,-0.396855,-0.155221,0.015274,0.155221,0.229007,0.396855,-65.7977,-18.3741,1.5274,18.3741,22.9007,65.7977
JPSS1_20250821T122400_vs_HYPERNETS_20250821T121500_RHOW_R_pixel.csv,THFR_pixel,Hyp,JPSS1,3.6641600000000003,43.43485999999999,3.6647930000000004,43.429624,0.59,2.25,2025-08-21T10:15:00Z,2025-08-21T10:24:00Z,9,30,5,0.9615,1.7216,0.6954,0.9793,1.379,-0.003777,-0.001745,-3.02e-4,NA,FALSE,TRUE,0.00189,0.00185,43.0493,-0.526848,-0.377446,-0.357834,0.357834,0.377446,0.526848,-111.3487,-60.6286,-55.7229,55.7229,60.6286,111.3487
JPSS1_20250821T122400_vs_HYPERNETS_20250821T123000_RHOW_R_pixel.csv,THFR_pixel,Hyp,JPSS1,3.6641600000000003,43.43485999999999,3.6647930000000004,43.429624,0.59,2.25,2025-08-21T10:30:00Z,2025-08-21T10:24:00Z,6,30,5,0.9778,1.6893,0.7423,0.9904,1.3216,-0.003104,-0.001516,-3.26e-4,NA,FALSE,TRUE,0.001595,0.001562,39.4443,-0.466749,-0.344985,-0.305972,0.305972,0.344985,0.466749,-87.5288,-52.6682,-44.0864,44.0864,52.6682,87.5288
JPSS1_20250821T122400_vs_HYPERNETS_20250821T124500_RHOW_R_pixel.csv,THFR_pixel,Hyp,JPSS1,3.6641600000000003,43.43485999999999,3.6647930000000004,43.429624,0.59,2.25,2025-08-21T10:45:00Z,2025-08-21T10:24:00Z,21,30,5,0.9774,1.6968,0.738,0.9906,1.3297,-0.003185,-0.001548,-3.29e-4,NA,FALSE,TRUE,0.001627,0.001593,39.8611,-0.476241,-0.348323,-0.309475,0.309475,0.348323,0.476241,-90.9274,-53.4503,-44.8173,44.8173,53.4503,90.9274
JPSS1_20250824T130601_vs_HYPERNETS_20250824T124500_RHOW_R_pixel.csv,THFR_pixel,Hyp,JPSS1,3.6641600000000003,43.43485999999999,3.659741,43.430108000000004,0.64,2.25,2025-08-24T10:45:00Z,2025-08-24T11:06:01Z,21,30,4,1.1262,1.3826,0.4143,1.2573,3.8162,-0.017492,-0.003291,0.001388,NA,FALSE,FALSE,0.002298,0.001863,41.0356,-0.544634,-0.447904,-0.313626,0.313626,0.447904,0.544634,-127.5644,-81.4861,-49.7173,49.7173,81.4861,127.5644
JPSS1_20250824T130601_vs_HYPERNETS_20250824T130000_RHOW_R_pixel.csv,THFR_pixel,Hyp,JPSS1,3.6641600000000003,43.43485999999999,3.659741,43.430108000000004,0.64,2.25,2025-08-24T11:00:00Z,2025-08-24T11:06:01Z,6,30,4,1.1176,1.4677,0.4221,1.2342,3.6086,-0.017156,-0.003442,0.001249,NA,FALSE,FALSE,0.002451,0.002089,43.7588,-0.581254,-0.479394,-0.335728,0.335728,0.479394,0.581254,-145.9637,-92.9487,-54.5369,54.5369,92.9487,145.9637
JPSS1_20250824T130601_vs_HYPERNETS_20250824T131500_RHOW_R_pixel.csv,THFR_pixel,Hyp,JPSS1,3.6641600000000003,43.43485999999999,3.659741,43.430108000000004,0.64,2.25,2025-08-24T11:15:00Z,2025-08-24T11:06:01Z,9,30,4,1.1059,1.4454,0.4429,1.1975,3.2374,-0.014693,-0.003112,0.001172,NA,FALSE,FALSE,0.002305,0.001991,42.8948,-0.563768,-0.463753,-0.328933,0.328933,0.463753,0.563768,-135.794,-87.1797,-52.4456,52.4456,87.1797,135.794
JPSS1_20250824T130601_vs_HYPERNETS_20250824T133000_RHOW_R_pixel.csv,THFR_pixel,Hyp,JPSS1,3.6641600000000003,43.43485999999999,3.659741,43.430108000000004,0.64,2.25,2025-08-24T11:30:00Z,2025-08-24T11:06:01Z,24,30,4,1.079,1.3979,0.4468,1.1578,3.0002,-0.013187,-0.002824,0.001174,NA,FALSE,FALSE,0.002222,0.001937,42.2342,-0.54377,-0.450294,-0.328866,0.328866,0.450294,0.54377,-125.6479,-82.3187,-52.1633,52.1633,82.3187,125.6479
JPSS1_20250830T125401_vs_HYPERNETS_20250830T124500_RHOW_R_pixel.csv,THFR_pixel,Hyp,JPSS1,3.6641600000000003,43.43485999999999,3.662723,43.428740000000005,0.69,2.25,2025-08-30T10:45:00Z,2025-08-30T10:54:01Z,9,30,5,0.9681,1.6131,0.6953,0.9869,1.4008,-0.00418,-0.001995,-4.56e-4,NA,FALSE,TRUE,0.002114,0.002064,45.9815,-0.6147,-0.446439,-0.42654,0.42654,0.446439,0.6147,-159.538,-80.6486,-74.3801,74.3801,80.6486,159.538
JPSS1_20250830T125401_vs_HYPERNETS_20250830T130000_RHOW_R_pixel.csv,THFR_pixel,Hyp,JPSS1,3.6641600000000003,43.43485999999999,3.662723,43.428740000000005,0.69,2.25,2025-08-30T11:00:00Z,2025-08-30T10:54:01Z,6,30,5,1.0083,1.6264,0.6522,1.0463,1.6784,-0.005847,-0.002434,-3.06e-4,NA,FALSE,TRUE,0.00227,0.002184,47.149,-0.610904,-0.486015,-0.434536,0.434536,0.486015,0.610904,-157.0057,-94.5582,-76.8459,76.8459,94.5582,157.0057
JPSS1_20250830T125401_vs_HYPERNETS_20250830T131500_RHOW_R_pixel.csv,THFR_pixel,Hyp,JPSS1,3.6641600000000003,43.43485999999999,3.662723,43.428740000000005,0.69,2.25,2025-08-30T11:15:00Z,2025-08-30T10:54:01Z,21,30,5,1.022,1.617,0.6594,1.061,1.7071,-0.005782,-0.002377,-2.61e-4,NA,FALSE,TRUE,0.002148,0.002055,45.8519,-0.601594,-0.473182,-0.425886,0.425886,0.473182,0.601594,-151.0003,-89.819,-74.1813,74.1813,89.819,151.0003
JPSS1_20250831T123601_vs_HYPERNETS_20250831T121500_RHOW_R_pixel.csv,THFR_pixel,Hyp,JPSS1,3.6641600000000003,43.43485999999999,3.6656779999999998,43.428906000000005,0.67,2.25,2025-08-31T10:15:00Z,2025-08-31T10:36:01Z,21,30,5,0.5782,0.849,0.2764,0.7725,2.1589,-0.009604,-9.06e-4,0.002206,NA,FALSE,FALSE,0.002866,0.002362,36.224,-0.56714,-0.3751,-0.275915,0.275915,0.3751,0.56714,-131.0216,-60.0255,-38.1054,38.1054,60.0255,131.0216
JPSS1_20250831T123601_vs_HYPERNETS_20250831T123000_RHOW_R_pixel.csv,THFR_pixel,Hyp,JPSS1,3.6641600000000003,43.43485999999999,3.6656779999999998,43.428906000000005,0.67,2.25,2025-08-31T10:30:00Z,2025-08-31T10:36:01Z,6,30,5,0.5469,0.8198,0.2615,0.737,2.0772,-0.009104,-6.88e-4,0.002298,NA,FALSE,FALSE,0.002929,0.002495,38.4819,-0.554294,-0.40239,-0.298739,0.298739,0.40239,0.554294,-124.3629,-67.3333,-42.6003,42.6003,67.3333,124.3629
JPSS1_20250831T123601_vs_HYPERNETS_20250831T124500_RHOW_R_pixel.csv,THFR_pixel,Hyp,JPSS1,3.6641600000000003,43.43485999999999,3.6656779999999998,43.428906000000005,0.67,2.25,2025-08-31T10:45:00Z,2025-08-31T10:36:01Z,9,30,5,0.5725,0.8277,0.2738,0.7732,2.1839,-0.009374,-7.74e-4,0.002271,NA,FALSE,FALSE,0.002737,0.002321,36.9939,-0.547197,-0.372983,-0.267242,0.267242,0.372983,0.547197,-120.8468,-59.4854,-36.4707,36.4707,59.4854,120.8468
JPSS1_20250905T124200_vs_HYPERNETS_20250905T121500_RHOW_R_pixel.csv,THFR_pixel,Hyp,JPSS1,3.6641600000000003,43.43485999999999,3.6607860000000003,43.432410000000004,0.39,2.25,2025-09-05T10:15:00Z,2025-09-05T10:42:00Z,27,30,4,0.9224,1.5556,0.3543,1.0123,2.8927,-0.015067,-0.003225,9.19e-4,NA,FALSE,FALSE,0.003336,0.003147,56.4709,-0.675029,-0.613164,-0.502844,0.502844,0.613164,0.675029,-216.4467,-158.9261,-109.3334,109.3334,158.9261,216.4467
JPSS1_20250905T124200_vs_HYPERNETS_20250905T123000_RHOW_R_pixel.csv,THFR_pixel,Hyp,JPSS1,3.6641600000000003,43.43485999999999,3.6607860000000003,43.432410000000004,0.39,2.25,2025-09-05T10:30:00Z,2025-09-05T10:42:00Z,12,30,4,0.9083,1.5597,0.3502,0.9955,2.8301,-0.014909,-0.003202,9.16e-4,NA,FALSE,FALSE,0.003415,0.003231,57.072,-0.679354,-0.619159,-0.510525,0.510525,0.619159,0.679354,-220.4406,-162.9913,-112.6706,112.6706,162.9913,220.4406
JPSS1_20250905T124200_vs_HYPERNETS_20250905T124500_RHOW_R_pixel.csv,THFR_pixel,Hyp,JPSS1,3.6641600000000003,43.43485999999999,3.6607860000000003,43.432410000000004,0.39,2.25,2025-09-05T10:45:00Z,2025-09-05T10:42:00Z,3,30,4,0.9276,1.5572,0.3808,0.9975,2.6129,-0.012756,-0.002922,8.32e-4,NA,FALSE,FALSE,0.003099,0.002937,55.194,-0.660224,-0.599294,-0.491011,0.491011,0.599294,0.660224,-201.2884,-149.9497,-103.7163,103.7163,149.9497,201.2884
JPSS1_20250905T124200_vs_HYPERNETS_20250905T130000_RHOW_R_pixel.csv,THFR_pixel,Hyp,JPSS1,3.6641600000000003,43.43485999999999,3.6607860000000003,43.432410000000004,0.39,2.25,2025-09-05T11:00:00Z,2025-09-05T10:42:00Z,18,30,4,0.931,1.5898,0.3871,0.9978,2.5719,-0.01261,-0.002964,7.78e-4,NA,FALSE,FALSE,0.003131,0.002978,55.5922,-0.667439,-0.604752,-0.493235,0.493235,0.604752,0.667439,-207.2332,-153.5704,-104.5479,104.5479,153.5704,207.2332
JPSS1_20250906T122401_vs_HYPERNETS_20250906T120000_RHOW_R_pixel.csv,THFR_pixel,Hyp,JPSS1,3.6641600000000003,43.43485999999999,3.6653710000000004,43.431252,0.41,2.25,2025-09-06T10:00:00Z,2025-09-06T10:24:01Z,24,30,5,0.9563,1.118,0.4842,1.1062,2.5272,-0.009544,-0.001952,0.001372,NA,FALSE,FALSE,0.001884,0.001502,31.9097,-0.365236,-0.225928,-0.050026,0.128213,0.225928,0.365236,-57.539,-29.187,-5.2661,12.8213,29.187,57.539
JPSS1_20250906T122401_vs_HYPERNETS_20250906T121500_RHOW_R_pixel.csv,THFR_pixel,Hyp,JPSS1,3.6641600000000003,43.43485999999999,3.6653710000000004,43.431252,0.41,2.25,2025-09-06T10:15:00Z,2025-09-06T10:24:01Z,9,30,5,0.9625,1.142,0.4957,1.0962,2.4242,-0.00866,-0.001748,0.001378,NA,FALSE,FALSE,0.001742,0.001387,31.2493,-0.351823,-0.195203,-0.044221,0.157221,0.195203,0.351823,-54.2788,-24.255,-4.6267,15.7221,24.255,54.2788
JPSS1_20250906T122401_vs_HYPERNETS_20250906T123000_RHOW_R_pixel.csv,THFR_pixel,Hyp,JPSS1,3.6641600000000003,43.43485999999999,3.6653710000000004,43.431252,0.41,2.25,2025-09-06T10:30:00Z,2025-09-06T10:24:01Z,6,30,5,0.9439,1.1115,0.4745,1.0997,2.5486,-0.010036,-0.00208,0.001353,NA,FALSE,FALSE,0.002014,0.00162,32.4906,-0.378431,-0.253124,-0.06592,0.092686,0.253124,0.378431,-60.8833,-33.8911,-7.0572,9.2686,33.8911,60.8833
JPSS1_20250906T122401_vs_HYPERNETS_20250906T124500_RHOW_R_pixel.csv,THFR_pixel,Hyp,JPSS1,3.6641600000000003,43.43485999999999,3.6653710000000004,43.431252,0.41,2.25,2025-09-06T10:45:00Z,2025-09-06T10:24:01Z,21,30,5,0.9632,1.1037,0.486,1.1181,2.5727,-0.009706,-0.001981,0.001377,NA,FALSE,FALSE,0.001869,0.001483,31.9476,-0.360163,-0.226194,-0.041263,0.143363,0.226194,0.360163,-56.2898,-29.2313,-4.3039,14.3363,29.2313,56.2898
JPSS1_20250911T123000_vs_HYPERNETS_20250911T124500_RHOW_R_pixel.csv,THFR_pixel,Hyp,JPSS1,3.6641600000000003,43.43485999999999,3.662084,43.432202000000004,0.34,2.25,2025-09-11T10:45:00Z,2025-09-11T10:30:00Z,15,30,5,0.5048,1.188,0.2617,0.8571,2.8072,-0.006796,-7.04e-4,0.001156,NA,FALSE,FALSE,0.00157,0.001392,46.4489,-0.66208,-0.434141,-0.30749,0.30749,0.434141,0.66208,-195.9281,-76.7224,-44.4023,44.4023,76.7224,195.9281
JPSS1_20250915T125400_vs_HYPERNETS_20250915T123000_RHOW_R_pixel.csv,THFR_pixel,Hyp,JPSS1,3.6641600000000003,43.43485999999999,3.657471,43.42995200000001,0.77,2.25,2025-09-15T10:30:00Z,2025-09-15T10:54:00Z,24,30,4,0.8706,1.7546,0.314,0.9809,3.0645,-0.014447,-0.003107,5.24e-4,NA,FALSE,FALSE,0.003393,0.00321,66.4138,-0.78119,-0.707079,-0.590028,0.590028,0.707079,0.78119,-435.7379,-242.3028,-160.7247,160.7247,242.3028,435.7379
JPSS1_20250915T125400_vs_HYPERNETS_20250915T124500_RHOW_R_pixel.csv,THFR_pixel,Hyp,JPSS1,3.6641600000000003,43.43485999999999,3.657471,43.42995200000001,0.77,2.25,2025-09-15T10:45:00Z,2025-09-15T10:54:00Z,9,30,4,0.8815,1.7195,0.318,0.993,3.101,-0.014165,-0.003018,5.51e-4,NA,FALSE,FALSE,0.003244,0.003055,65.4165,-0.770391,-0.696519,-0.580293,0.580293,0.696519,0.770391,-411.6367,-230.1118,-154.6697,154.6697,230.1118,411.6367
JPSS1_20250915T125400_vs_HYPERNETS_20250915T130000_RHOW_R_pixel.csv,THFR_pixel,Hyp,JPSS1,3.6641600000000003,43.43485999999999,3.657471,43.42995200000001,0.77,2.25,2025-09-15T11:00:00Z,2025-09-15T10:54:00Z,6,30,4,0.863,1.6624,0.3085,0.9768,3.0933,-0.014211,-0.00296,5.93e-4,NA,FALSE,FALSE,0.00328,0.003083,65.4855,-0.766019,-0.695006,-0.583842,0.583842,0.695006,0.766019,-404.8129,-228.2122,-156.9304,156.9304,228.2122,404.8129
JPSS1_20250915T125400_vs_HYPERNETS_20250915T131500_RHOW_R_pixel.csv,THFR_pixel,Hyp,JPSS1,3.6641600000000003,43.43485999999999,3.657471,43.42995200000001,0.77,2.25,2025-09-15T11:15:00Z,2025-09-15T10:54:00Z,21,30,4,0.8595,1.6275,0.3031,0.9801,3.1699,-0.014455,-0.002927,6.37e-4,NA,FALSE,FALSE,0.003242,0.003032,65.0543,-0.759485,-0.691339,-0.582397,0.582397,0.691339,0.759485,-392.4577,-224.1196,-156.7769,156.7769,224.1196,392.4577
JPSS1_20250917T121800_vs_HYPERNETS_20250917T120000_RHOW_R_pixel.csv,THFR_pixel,Hyp,JPSS1,3.6641600000000003,43.43485999999999,3.654396,43.429750000000006,0.97,2.25,2025-09-17T10:00:00Z,2025-09-17T10:18:00Z,18,30,5,0.4398,0.4579,0.2165,0.6704,2.076,-0.005832,7.63e-4,0.002893,NA,FALSE,FALSE,0.001879,0.001577,32.7453,-0.259825,-0.1552,0.303434,0.259825,0.303434,0.379864,-35.1032,-18.3712,30.3434,30.3434,35.1032,37.9864
JPSS1_20250917T121800_vs_HYPERNETS_20250917T121500_RHOW_R_pixel.csv,THFR_pixel,Hyp,JPSS1,3.6641600000000003,43.43485999999999,3.654396,43.429750000000006,0.97,2.25,2025-09-17T10:15:00Z,2025-09-17T10:18:00Z,3,30,5,0.4386,0.4661,0.2152,0.6624,2.0395,-0.005888,7.26e-4,0.002875,NA,FALSE,FALSE,0.001935,0.001609,32.06,-0.273739,-0.182039,0.260126,0.260126,0.273739,0.340671,-37.6915,-22.2552,26.0126,26.0126,34.0671,37.6915
JPSS1_20250917T121800_vs_HYPERNETS_20250917T123000_RHOW_R_pixel.csv,THFR_pixel,Hyp,JPSS1,3.6641600000000003,43.43485999999999,3.654396,43.429750000000006,0.97,2.25,2025-09-17T10:30:00Z,2025-09-17T10:18:00Z,12,30,5,0.4366,0.4521,0.2143,0.6606,2.0358,-0.00541,8.85e-4,0.002928,NA,FALSE,FALSE,0.001848,0.001543,32.8617,-0.258579,-0.086794,0.355578,0.258579,0.355578,0.41333,-34.8762,-9.5043,35.5578,34.8762,35.5578,41.333
JPSS1_20250917T121800_vs_HYPERNETS_20250917T124500_RHOW_R_pixel.csv,THFR_pixel,Hyp,JPSS1,3.6641600000000003,43.43485999999999,3.654396,43.429750000000006,0.97,2.25,2025-09-17T10:45:00Z,2025-09-17T10:18:00Z,27,30,5,0.433,0.4486,0.2124,0.6538,2.0122,-0.00527,9.26e-4,0.00294,NA,FALSE,FALSE,0.001857,0.001551,33.1747,-0.262906,-0.07455,0.371582,0.262906,0.371582,0.423253,-35.6679,-8.0555,37.1582,35.6679,37.1582,42.3253
JPSS1_20250921T124200_vs_HYPERNETS_20250921T123000_RHOW_R_pixel.csv,THFR_pixel,Hyp,JPSS1,3.6641600000000003,43.43485999999999,3.663473,43.430219,0.52,2.25,2025-09-21T10:30:00Z,2025-09-21T10:42:00Z,12,30,4,0.7256,2.2582,0.3643,0.7513,1.5492,-0.00803,-0.00246,2.41e-4,NA,FALSE,FALSE,0.004341,0.004197,68.8164,-0.821278,-0.713802,-0.580688,0.580688,0.713802,0.821278,-491.9756,-263.1417,-143.9408,143.9408,263.1417,491.9756
JPSS1_20250921T124200_vs_HYPERNETS_20250921T124500_RHOW_R_pixel.csv,THFR_pixel,Hyp,JPSS1,3.6641600000000003,43.43485999999999,3.663473,43.430219,0.52,2.25,2025-09-21T10:45:00Z,2025-09-21T10:42:00Z,3,30,4,0.7409,2.1397,0.3758,0.7661,1.5619,-0.007466,-0.002244,3.18e-4,NA,FALSE,FALSE,0.003922,0.003779,66.9074,-0.804721,-0.694683,-0.559036,0.559036,0.694683,0.804721,-439.218,-239.0534,-131.7461,131.7461,239.0534,439.218
JPSS1_20250921T124200_vs_HYPERNETS_20250921T130000_RHOW_R_pixel.csv,THFR_pixel,Hyp,JPSS1,3.6641600000000003,43.43485999999999,3.663473,43.430219,0.52,2.25,2025-09-21T11:00:00Z,2025-09-21T10:42:00Z,18,30,4,0.7359,2.1855,0.3777,0.7598,1.5284,-0.007444,-0.002301,2.56e-4,NA,FALSE,FALSE,0.00405,0.003908,67.5314,-0.809138,-0.69974,-0.565916,0.565916,0.69974,0.809138,-453.6097,-244.9412,-135.3869,135.3869,244.9412,453.6097
JPSS1_20250922T122400_vs_HYPERNETS_20250922T120000_RHOW_R_pixel.csv,THFR_pixel,Hyp,JPSS1,3.6641600000000003,43.43485999999999,3.667268,43.42973200000001,0.62,2.25,2025-09-22T10:00:00Z,2025-09-22T10:24:00Z,24,30,4,0.8707,1.3057,0.386,0.9199,2.1925,-0.011543,-0.002459,0.001352,NA,FALSE,FALSE,0.003193,0.003031,47.1446,-0.533198,-0.478437,-0.416685,0.416685,0.478437,0.533198,-118.9525,-91.7355,-73.7511,73.7511,91.7355,118.9525
JPSS1_20250922T122400_vs_HYPERNETS_20250922T121500_RHOW_R_pixel.csv,THFR_pixel,Hyp,JPSS1,3.6641600000000003,43.43485999999999,3.667268,43.42973200000001,0.62,2.25,2025-09-22T10:15:00Z,2025-09-22T10:24:00Z,9,30,4,0.8838,1.2891,0.3726,0.944,2.3914,-0.012841,-0.002583,0.001466,NA,FALSE,FALSE,0.003164,0.00298,46.6274,-0.53361,-0.472921,-0.405585,0.405585,0.472921,0.53361,-119.5712,-89.7436,-70.5423,70.5423,89.7436,119.5712
JPSS1_20250922T122400_vs_HYPERNETS_20250922T123000_RHOW_R_pixel.csv,THFR_pixel,Hyp,JPSS1,3.6641600000000003,43.43485999999999,3.667268,43.42973200000001,0.62,2.25,2025-09-22T10:30:00Z,2025-09-22T10:24:00Z,6,30,4,0.8787,1.3395,0.3846,0.9308,2.2525,-0.012211,-0.002636,0.00132,NA,FALSE,FALSE,0.003297,0.003138,48.0765,-0.545018,-0.490899,-0.426646,0.426646,0.490899,0.545018,-124.7482,-96.4297,-77.0398,77.0398,96.4297,124.7482
JPSS1_20250922T122400_vs_HYPERNETS_20250922T124500_RHOW_R_pixel.csv,THFR_pixel,Hyp,JPSS1,3.6641600000000003,43.43485999999999,3.667268,43.42973200000001,0.62,2.25,2025-09-22T10:45:00Z,2025-09-22T10:24:00Z,21,30,4,0.8859,1.3091,0.393,0.9359,2.2288,-0.011569,-0.002476,0.001343,NA,FALSE,FALSE,0.003088,0.002927,46.3782,-0.525641,-0.470773,-0.408914,0.408914,0.470773,0.525641,-115.551,-88.9565,-71.5026,71.5026,88.9565,115.551
JPSS1_20250929T115400_vs_HYPERNETS_20250929T113000_RHOW_R_pixel.csv,THFR_pixel,Hyp,JPSS1,3.6641600000000003,43.43485999999999,3.651776,43.426359000000005,1.38,2.25,2025-09-29T09:30:00Z,2025-09-29T09:54:00Z,24,30,4,0.5496,0.7859,0.1836,0.6514,2.3107,-0.010982,-0.001179,0.001585,NA,FALSE,FALSE,0.003626,0.003238,53.502,-0.705414,-0.548669,-0.378275,0.378275,0.548669,0.705414,-239.462,-136.1372,-60.967,60.967,136.1372,239.462
JPSS1_20250929T115400_vs_HYPERNETS_20250929T114500_RHOW_R_pixel.csv,THFR_pixel,Hyp,JPSS1,3.6641600000000003,43.43485999999999,3.651776,43.426359000000005,1.38,2.25,2025-09-29T09:45:00Z,2025-09-29T09:54:00Z,9,30,4,0.5577,0.7739,0.1887,0.6538,2.2653,-0.010297,-0.001072,0.00159,NA,FALSE,FALSE,0.003445,0.003054,51.6295,-0.690305,-0.535391,-0.361381,0.361381,0.535391,0.690305,-222.9343,-127.8136,-56.8495,56.8495,127.8136,222.9343
JPSS1_20250929T115400_vs_HYPERNETS_20250929T120000_RHOW_R_pixel.csv,THFR_pixel,Hyp,JPSS1,3.6641600000000003,43.43485999999999,3.651776,43.426359000000005,1.38,2.25,2025-09-29T10:00:00Z,2025-09-29T09:54:00Z,6,30,4,0.5466,0.7564,0.1817,0.6507,2.3301,-0.010955,-0.001135,0.001608,NA,FALSE,FALSE,0.003579,0.003177,52.4231,-0.70434,-0.545937,-0.365828,0.365828,0.545937,0.70434,-238.2267,-134.9539,-57.9567,57.9567,134.9539,238.2267
JPSS1_20250929T115400_vs_HYPERNETS_20250929T121500_RHOW_R_pixel.csv,THFR_pixel,Hyp,JPSS1,3.6641600000000003,43.43485999999999,3.651776,43.426359000000005,1.38,2.25,2025-09-29T10:15:00Z,2025-09-29T09:54:00Z,21,30,4,0.5615,0.769,0.1889,0.6614,2.3167,-0.010486,-0.001086,0.001598,NA,FALSE,FALSE,0.003399,0.003009,51.175,-0.689489,-0.531418,-0.353679,0.353679,0.531418,0.689489,-222.0787,-126.2619,-54.9813,54.9813,126.2619,222.0787
JPSS1_20251002T123601_vs_HYPERNETS_20251002T121500_RHOW_R_pixel.csv,THFR_pixel,Hyp,JPSS1,3.6641600000000003,43.43485999999999,3.6609190000000003,43.43085,0.52,2.25,2025-10-02T10:15:00Z,2025-10-02T10:36:01Z,21,30,4,0.6273,1.274,0.217,0.7239,2.4152,-0.013276,-0.002371,8.97e-4,NA,FALSE,FALSE,0.004457,0.004151,69.5486,-0.76756,-0.703763,-0.631689,0.631689,0.703763,0.76756,-419.1484,-237.613,-183.1428,183.1428,237.613,419.1484
JPSS1_20251002T123601_vs_HYPERNETS_20251002T123000_RHOW_R_pixel.csv,THFR_pixel,Hyp,JPSS1,3.6641600000000003,43.43485999999999,3.6609190000000003,43.43085,0.52,2.25,2025-10-02T10:30:00Z,2025-10-02T10:36:01Z,6,30,4,0.6513,1.3044,0.2249,0.7523,2.5167,-0.013263,-0.002355,9.06e-4,NA,FALSE,FALSE,0.004182,0.003886,68.3698,-0.762474,-0.695996,-0.61722,0.61722,0.695996,0.762474,-403.1314,-229.0354,-172.9808,172.9808,229.0354,403.1314
JPSS1_20251002T123601_vs_HYPERNETS_20251002T124500_RHOW_R_pixel.csv,THFR_pixel,Hyp,JPSS1,3.6641600000000003,43.43485999999999,3.6609190000000003,43.43085,0.52,2.25,2025-10-02T10:45:00Z,2025-10-02T10:36:01Z,9,30,4,0.6589,1.3066,0.2386,0.741,2.3008,-0.011429,-0.002124,8.73e-4,NA,FALSE,FALSE,0.003952,0.003669,67.3686,-0.752114,-0.679206,-0.600778,0.600778,0.679206,0.752114,-377.7415,-211.9453,-159.4745,159.4745,211.9453,377.7415
JPSS1_20251002T123601_vs_HYPERNETS_20251002T130000_RHOW_R_pixel.csv,THFR_pixel,Hyp,JPSS1,3.6641600000000003,43.43485999999999,3.6609190000000003,43.43085,0.52,2.25,2025-10-02T11:00:00Z,2025-10-02T10:36:01Z,24,30,4,0.6811,1.297,0.2384,0.78,2.5517,-0.012583,-0.002252,9.06e-4,NA,FALSE,FALSE,0.003817,0.003535,66.4801,-0.748808,-0.674946,-0.59094,0.59094,0.674946,0.748808,-373.3535,-207.8414,-154.3141,154.3141,207.8414,373.3535
JPSS1_20251004T120000_vs_HYPERNETS_20251004T120000_RHOW_R_pixel.csv,THFR_pixel,Hyp,JPSS1,3.6641600000000003,43.43485999999999,3.651487,43.427693999999995,1.3,2.25,2025-10-04T10:00:00Z,2025-10-04T10:00:00Z,0,30,4,0.3961,1.8049,0.2686,0.3997,0.5948,-0.002209,-8.65e-4,3.8e-5,NA,TRUE,FALSE,0.005251,0.005001,74.9413,-0.759256,-0.716521,-0.706678,0.706678,0.716521,0.759256,-339.577,-252.779,-241.2002,241.2002,252.779,339.577
JPSS1_20251004T120000_vs_HYPERNETS_20251004T123000_RHOW_R_pixel.csv,THFR_pixel,Hyp,JPSS1,3.6641600000000003,43.43485999999999,3.651487,43.427693999999995,1.3,2.25,2025-10-04T10:30:00Z,2025-10-04T10:00:00Z,30,30,4,0.38,1.5877,0.2591,0.3834,0.5674,-0.001753,-5.72e-4,2.26e-4,NA,TRUE,FALSE,0.004842,0.004529,72.8985,-0.736312,-0.692592,-0.685265,0.685265,0.692592,0.736312,-296.2786,-225.3346,-217.7679,217.7679,225.3346,296.2786
JPSS1_20251011T130600_vs_HYPERNETS_20251011T124500_RHOW_R_pixel.csv,THFR_pixel,Hyp,JPSS1,3.6641600000000003,43.43485999999999,3.665143,43.428634,0.7,2.25,2025-10-11T10:45:00Z,2025-10-11T11:06:00Z,21,30,4,0.7989,1.9041,0.33,0.8578,2.2296,-0.012595,-0.003067,5.98e-4,NA,FALSE,FALSE,0.004246,0.004055,67.7763,-0.841427,-0.742271,-0.578607,0.578607,0.742271,0.841427,-540.5321,-310.5222,-148.144,148.144,310.5222,540.5321
JPSS1_20251011T130600_vs_HYPERNETS_20251011T130000_RHOW_R_pixel.csv,THFR_pixel,Hyp,JPSS1,3.6641600000000003,43.43485999999999,3.665143,43.428634,0.7,2.25,2025-10-11T11:00:00Z,2025-10-11T11:06:00Z,6,30,4,0.7652,1.7873000000000001,0.3075,0.8277,2.2276,-0.012752,-0.002922,7.3e-4,NA,FALSE,FALSE,0.004357,0.004132,67.9949,-0.833643,-0.740612,-0.586918,0.586918,0.740612,0.833643,-514.17,-302.6606,-153.3877,153.3877,302.6606,514.17
JPSS1_20251011T130600_vs_HYPERNETS_20251011T131500_RHOW_R_pixel.csv,THFR_pixel,Hyp,JPSS1,3.6641600000000003,43.43485999999999,3.665143,43.428634,0.7,2.25,2025-10-11T11:15:00Z,2025-10-11T11:06:00Z,9,30,4,0.765,1.9069,0.3038,0.8305,2.2705,-0.013753,-0.003198,6.63e-4,NA,FALSE,FALSE,0.004655,0.004441,69.343,-0.850625,-0.757355,-0.600159,0.600159,0.757355,0.850625,-580.9298,-335.6144,-162.4644,162.4644,335.6144,580.9298
JPSS1_20251011T130600_vs_HYPERNETS_20251011T133000_RHOW_R_pixel.csv,THFR_pixel,Hyp,JPSS1,3.6641600000000003,43.43485999999999,3.665143,43.428634,0.7,2.25,2025-10-11T11:30:00Z,2025-10-11T11:06:00Z,24,30,4,0.7467,1.8719,0.2956,0.8114,2.2275,-0.013572,-0.003107,7.05e-4,NA,FALSE,FALSE,0.00473,0.0045,69.6049,-0.848929,-0.758997,-0.606116,0.606116,0.758997,0.848929,-573.6818,-336.5295,-166.6196,166.6196,336.5295,573.6818
JPSS1_20251012T124800_vs_HYPERNETS_20251012T123000_RHOW_R_pixel.csv,THFR_pixel,Hyp,JPSS1,3.6641600000000003,43.43485999999999,3.667212,43.428811,0.72,2.25,2025-10-12T10:30:00Z,2025-10-12T10:48:00Z,18,30,4,0.7714,1.1719,0.3215,0.8263,2.1238,-0.010892,-0.001966,0.001507,NA,FALSE,FALSE,0.003428,0.003161,50.997,-0.57786,-0.511462,-0.443571,0.443571,0.511462,0.57786,-144.6327,-104.7474,-82.2251,82.2251,104.7474,144.6327
JPSS1_20251012T124800_vs_HYPERNETS_20251012T130000_RHOW_R_pixel.csv,THFR_pixel,Hyp,JPSS1,3.6641600000000003,43.43485999999999,3.667212,43.428811,0.72,2.25,2025-10-12T11:00:00Z,2025-10-12T10:48:00Z,12,30,4,0.778,1.2674,0.3156,0.8394,2.233,-0.012271,-0.002292,0.001459,NA,FALSE,FALSE,0.003696,0.003442,53.6849,-0.613899,-0.553697,-0.476647,0.476647,0.553697,0.613899,-166.6086,-124.1455,-94.9869,94.9869,124.1455,166.6086
JPSS1_20251012T124800_vs_HYPERNETS_20251012T131500_RHOW_R_pixel.csv,THFR_pixel,Hyp,JPSS1,3.6641600000000003,43.43485999999999,3.667212,43.428811,0.72,2.25,2025-10-12T11:15:00Z,2025-10-12T10:48:00Z,27,30,4,0.7756,1.2412,0.312,0.8387,2.2546,-0.012299,-0.00224,0.001502,NA,FALSE,FALSE,0.00365,0.003386,53.1238,-0.602659,-0.545826,-0.474406,0.474406,0.545826,0.602659,-159.6708,-120.1967,-94.2197,94.2197,120.1967,159.6708
JPSS1_20251013T123001_vs_HYPERNETS_20251013T121500_RHOW_R_pixel.csv,THFR_pixel,Hyp,JPSS1,3.6641600000000003,43.43485999999999,3.669368,43.428802000000005,0.8,2.25,2025-10-13T10:15:00Z,2025-10-13T10:30:01Z,15,30,4,0.5396,1.4377,0.2048,0.5948,1.7271,-0.011935,-0.002219,0.001127,NA,FALSE,FALSE,0.006059,0.005696,70.9067,-0.794443,-0.752621,-0.667246,0.667246,0.752621,0.794443,-388.6461,-307.4643,-210.9171,210.9171,307.4643,388.6461
JPSS1_20251013T123001_vs_HYPERNETS_20251013T123000_RHOW_R_pixel.csv,THFR_pixel,Hyp,JPSS1,3.6641600000000003,43.43485999999999,3.669368,43.428802000000005,0.8,2.25,2025-10-13T10:30:00Z,2025-10-13T10:30:01Z,0,30,4,0.583,1.4402,0.2328,0.6318,1.7149,-0.010533,-0.002058,0.001063,NA,FALSE,FALSE,0.005255,0.004939,68.188,-0.772532,-0.729085,-0.638433,0.638433,0.729085,0.772532,-340.8341,-272.0596,-185.4231,185.4231,272.0596,340.8341
JPSS1_20251013T123001_vs_HYPERNETS_20251013T124500_RHOW_R_pixel.csv,THFR_pixel,Hyp,JPSS1,3.6641600000000003,43.43485999999999,3.669368,43.428802000000005,0.8,2.25,2025-10-13T10:45:00Z,2025-10-13T10:30:01Z,15,30,4,0.5859,1.4475,0.23,0.6384,1.772,-0.01101,-0.002121,0.001081,NA,FALSE,FALSE,0.005268,0.004957,68.2513,-0.774749,-0.730538,-0.638302,0.638302,0.730538,0.774749,-345.2678,-274.1903,-185.6377,185.6377,274.1903,345.2678
JPSS1_20251013T123001_vs_HYPERNETS_20251013T130000_RHOW_R_pixel.csv,THFR_pixel,Hyp,JPSS1,3.6641600000000003,43.43485999999999,3.669368,43.428802000000005,0.8,2.25,2025-10-13T11:00:00Z,2025-10-13T10:30:01Z,30,30,4,0.584,1.4132,0.2277,0.6376,1.7853,-0.010967,-0.002063,0.001118,NA,FALSE,FALSE,0.005195,0.004874,67.8106,-0.767182,-0.7249,-0.635823,0.635823,0.7249,0.767182,-331.2214,-265.7975,-183.7499,183.7499,265.7975,331.2214
JPSS1_20251017T125400_vs_HYPERNETS_20251017T123000_RHOW_R_pixel.csv,THFR_pixel,Hyp,JPSS1,3.6641600000000003,43.43485999999999,3.662578,43.43016,0.54,2.25,2025-10-17T10:30:00Z,2025-10-17T10:54:00Z,24,30,4,0.4549,0.53,0.1437,0.5843,2.3752,-0.011858,-6.7e-5,0.002833,NA,FALSE,FALSE,0.003437,0.002804,35.4813,-0.467831,-0.374393,-0.261375,0.261375,0.374393,0.467831,-93.0609,-60.0177,-37.7263,37.7263,60.0177,93.0609
JPSS1_20251017T125400_vs_HYPERNETS_20251017T124500_RHOW_R_pixel.csv,THFR_pixel,Hyp,JPSS1,3.6641600000000003,43.43485999999999,3.662578,43.43016,0.54,2.25,2025-10-17T10:45:00Z,2025-10-17T10:54:00Z,9,30,4,0.4707,0.5159,0.1491,0.6005,2.418,-0.01126,4.4e-5,0.002852,NA,FALSE,FALSE,0.003097,0.002529,34.905,-0.426848,-0.336164,-0.217571,0.258367,0.336164,0.426848,-79.6648,-50.7006,-30.5594,35.7812,50.7006,79.6648
JPSS1_20251017T125400_vs_HYPERNETS_20251017T130000_RHOW_R_pixel.csv,THFR_pixel,Hyp,JPSS1,3.6641600000000003,43.43485999999999,3.662578,43.43016,0.54,2.25,2025-10-17T11:00:00Z,2025-10-17T10:54:00Z,6,30,4,0.4841,0.508,0.1543,0.6095,2.4078,-0.010421,1.85e-4,0.00287,NA,FALSE,FALSE,0.002807,0.002279,34.1778,-0.378286,-0.292148,-0.176148,0.25564,0.292148,0.378286,-66.2178,-41.2751,-24.3244,33.8427,41.2751,66.2178
JPSS1_20251017T125400_vs_HYPERNETS_20251017T131500_RHOW_R_pixel.csv,THFR_pixel,Hyp,JPSS1,3.6641600000000003,43.43485999999999,3.662578,43.43016,0.54,2.25,2025-10-17T11:15:00Z,2025-10-17T10:54:00Z,21,30,4,0.4863,0.5185,0.1546,0.616,2.4555,-0.010896,9.8e-5,0.002856,NA,FALSE,FALSE,0.00286,0.002319,33.8088,-0.390121,-0.303767,-0.193373,0.251734,0.303767,0.390121,-69.29,-43.6373,-26.6706,33.8592,43.6373,69.29
JPSS1_20251018T123600_vs_HYPERNETS_20251018T121500_RHOW_R_pixel.csv,THFR_pixel,Hyp,JPSS1,3.6641600000000003,43.43485999999999,3.661226,43.42875500000001,0.72,2.25,2025-10-18T10:15:00Z,2025-10-18T10:36:00Z,21,30,4,0.6565,1.7162,0.2589,0.7142,1.9701,-0.010649,-0.002262,7.79e-4,NA,FALSE,FALSE,0.004403,0.00417,69.614,-0.835157,-0.755429,-0.616412,0.616412,0.755429,0.835157,-507.3148,-329.7681,-170.0171,170.0171,329.7681,507.3148
JPSS1_20251018T123600_vs_HYPERNETS_20251018T123000_RHOW_R_pixel.csv,THFR_pixel,Hyp,JPSS1,3.6641600000000003,43.43485999999999,3.661226,43.42875500000001,0.72,2.25,2025-10-18T10:30:00Z,2025-10-18T10:36:00Z,6,30,4,0.6506,1.7155,0.2516,0.7123,2.0169,-0.011168,-0.002322,8.02e-4,NA,FALSE,FALSE,0.004512,0.004273,70.0111,-0.838321,-0.758903,-0.620693,0.620693,0.758903,0.838321,-519.4553,-336.035,-173.3115,173.3115,336.035,519.4553
JPSS1_20251018T123600_vs_HYPERNETS_20251018T124500_RHOW_R_pixel.csv,THFR_pixel,Hyp,JPSS1,3.6641600000000003,43.43485999999999,3.661226,43.42875500000001,0.72,2.25,2025-10-18T10:45:00Z,2025-10-18T10:36:00Z,9,30,4,0.6608,1.7042,0.2607,0.7188,1.9823,-0.010591,-0.002242,7.85e-4,NA,FALSE,FALSE,0.004331,0.0041,69.2796,-0.832286,-0.752144,-0.612654,0.612654,0.752144,0.832286,-497.0204,-323.4964,-167.3521,167.3521,323.4964,497.0204
JPSS1_20251018T123600_vs_HYPERNETS_20251018T130000_RHOW_R_pixel.csv,THFR_pixel,Hyp,JPSS1,3.6641600000000003,43.43485999999999,3.661226,43.42875500000001,0.72,2.25,2025-10-18T11:00:00Z,2025-10-18T10:36:00Z,24,30,4,0.6678,1.6649,0.275,0.7176,1.8727,-0.009425,-0.002065,7.56e-4,NA,FALSE,FALSE,0.00409,0.003864,68.2126,-0.820677,-0.740467,-0.601916,0.601916,0.740467,0.820677,-458.2738,-302.6854,-159.4264,159.4264,302.6854,458.2738
JPSS1_20251023T124200_vs_HYPERNETS_20251023T121500_RHOW_R_pixel.csv,THFR_pixel,Hyp,JPSS1,3.6641600000000003,43.43485999999999,3.6634970000000004,43.429808,0.56,2.25,2025-10-23T10:15:00Z,2025-10-23T10:42:00Z,27,30,5,0.5777,0.3903,0.2903,0.9234,2.9374,-0.011572,0.0013,0.005346,NA,FALSE,FALSE,0.002841,0.00182,60.2529,-0.12989,-0.111533,0.036947,0.111533,0.12989,0.213186,-14.928,-12.5535,3.6947,12.5535,14.928,27.0949
JPSS1_20251023T124200_vs_HYPERNETS_20251023T123000_RHOW_R_pixel.csv,THFR_pixel,Hyp,JPSS1,3.6641600000000003,43.43485999999999,3.6634970000000004,43.429808,0.56,2.25,2025-10-23T10:30:00Z,2025-10-23T10:42:00Z,12,30,5,0.5856,0.4046,0.2908,0.9118,2.8591,-0.010797,0.001461,0.005371,NA,FALSE,FALSE,0.002832,0.001727,59.6578,-0.105216,-0.100427,0.034178,0.100427,0.105216,0.166422,-11.7588,-11.1639,3.4178,11.1639,11.7588,19.9648
JPSS1_20251023T124200_vs_HYPERNETS_20251023T130000_RHOW_R_pixel.csv,THFR_pixel,Hyp,JPSS1,3.6641600000000003,43.43485999999999,3.6634970000000004,43.429808,0.56,2.25,2025-10-23T11:00:00Z,2025-10-23T10:42:00Z,18,30,5,0.5863,0.466,0.285,0.8616,2.6047,-0.009633,0.001633,0.00536,NA,FALSE,FALSE,0.002739,0.001652,52.5123,-0.111708,-0.107699,-0.016314,0.107699,0.111708,0.123403,-12.5756,-12.0698,-1.6584,12.0698,12.5756,14.0775
JPSS1_20251027T130601_vs_HYPERNETS_20251027T124500_RHOW_R_pixel.csv,THFR_pixel,Hyp,JPSS1,3.6641600000000003,43.43485999999999,3.663012,43.427822,0.79,2.25,2025-10-27T11:45:00Z,2025-10-27T12:06:01Z,21,30,4,0.606,0.4074,0.1894,0.854,3.8506,-0.020831,-2.61e-4,0.004301,NA,FALSE,FALSE,0.002574,0.002387,47.2331,-0.441088,-0.250835,0.154871,0.333851,0.46531,0.60379,-79.4567,-36.8859,9.4768,53.2129,79.262200000000007,91.7986
JPSS1_20251027T130601_vs_HYPERNETS_20251027T130000_RHOW_R_pixel.csv,THFR_pixel,Hyp,JPSS1,3.6641600000000003,43.43485999999999,3.663012,43.427822,0.79,2.25,2025-10-27T12:00:00Z,2025-10-27T12:06:01Z,6,30,4,0.6652,0.4202,0.2086,0.8788,3.703,-0.016903,2.61e-4,0.004334,NA,FALSE,FALSE,0.00207,0.001812,50.0894,-0.358356,-0.182051,0.296461,0.263701,0.371362,0.608554,-55.9486,-24.7689,20.6418,38.054,59.2104,78.9069
JPSS1_20251027T130601_vs_HYPERNETS_20251027T131500_RHOW_R_pixel.csv,THFR_pixel,Hyp,JPSS1,3.6641600000000003,43.43485999999999,3.663012,43.427822,0.79,2.25,2025-10-27T12:15:00Z,2025-10-27T12:06:01Z,9,30,4,0.6663,0.4453,0.209,0.8788,3.6956,-0.01754,9.9e-5,0.004293,NA,FALSE,FALSE,0.002116,0.001902,47.0328,-0.375148,-0.198406,0.237783,0.279008,0.390685,0.582004,-60.1916,-27.3533,16.483,41.0208,64.3326,80.7298
JPSS1_20251027T130601_vs_HYPERNETS_20251027T133000_RHOW_R_pixel.csv,THFR_pixel,Hyp,JPSS1,3.6641600000000003,43.43485999999999,3.663012,43.427822,0.79,2.25,2025-10-27T12:30:00Z,2025-10-27T12:06:01Z,24,30,4,0.6835,0.4624,0.2152,0.8882,3.6666,-0.01679,1.77e-4,0.004287,NA,FALSE,FALSE,0.002012,0.001764,46.1721,-0.357083,-0.183596,0.257742,0.26523,0.367302,0.563793,-55.6014,-25.0137,18.4264,38.3494,58.1359,73.7546
JPSS1_20251028T124800_vs_HYPERNETS_20251028T124500_RHOW_R_pixel.csv,THFR_pixel,Hyp,JPSS1,3.6641600000000003,43.43485999999999,3.6607640000000004,43.429714000000004,0.64,2.25,2025-10-28T11:45:00Z,2025-10-28T11:48:00Z,3,30,4,0.7832,1.2688,0.3719,0.8175,1.797,-0.010454,-0.002091,0.001714,NA,FALSE,FALSE,0.003849,0.00365,46.9777,-0.545662,-0.514009,-0.438124,0.438124,0.514009,0.545662,-120.2722,-105.9656,-80.2395,80.2395,105.9656,120.2722
JPSS1_20251028T124800_vs_HYPERNETS_20251028T130000_RHOW_R_pixel.csv,THFR_pixel,Hyp,JPSS1,3.6641600000000003,43.43485999999999,3.6607640000000004,43.429714000000004,0.64,2.25,2025-10-28T12:00:00Z,2025-10-28T11:48:00Z,12,30,4,0.7739,1.277,0.3868,0.8018,1.6622,-0.009363,-0.001986,0.001573,NA,FALSE,FALSE,0.003877,0.003685,47.2436,-0.549256,-0.518085,-0.441266,0.441266,0.518085,0.549256,-121.9099,-107.7955,-81.0352,81.0352,107.7955,121.9099
JPSS1_20251028T124800_vs_HYPERNETS_20251028T131500_RHOW_R_pixel.csv,THFR_pixel,Hyp,JPSS1,3.6641600000000003,43.43485999999999,3.6607640000000004,43.429714000000004,0.64,2.25,2025-10-28T12:15:00Z,2025-10-28T11:48:00Z,27,30,4,0.7618,1.2727,0.3839,0.7884,1.6192,-0.009159,-0.001951,0.001558,NA,FALSE,FALSE,0.003986,0.003787,47.835,-0.55319,-0.522998,-0.448159,0.448159,0.522998,0.55319,-123.8605,-109.9239,-83.2502,83.2502,109.9239,123.8605
JPSS1_20251030T121200_vs_HYPERNETS_20251030T114500_RHOW_R_pixel.csv,THFR_pixel,Hyp,JPSS1,3.6641600000000003,43.43485999999999,3.66157,43.428388000000005,0.75,2.25,2025-10-30T10:45:00Z,2025-10-30T11:12:00Z,27,30,4,0.5522,1.1461,0.2085,0.6099,1.7843,-0.01135,-0.001599,0.001734,NA,FALSE,FALSE,0.005211,0.004838,60.756100000000004,-0.672114,-0.643739,-0.579186,0.579186,0.643739,0.672114,-205.5067,-181.0348,-141.6069,141.6069,181.0348,205.5067
JPSS1_20251030T121200_vs_HYPERNETS_20251030T121500_RHOW_R_pixel.csv,THFR_pixel,Hyp,JPSS1,3.6641600000000003,43.43485999999999,3.66157,43.428388000000005,0.75,2.25,2025-10-30T11:15:00Z,2025-10-30T11:12:00Z,3,30,4,0.5547,1.123,0.21,0.612,1.7834,-0.011046,-0.001515,0.001756,NA,FALSE,FALSE,0.005051,0.004672,59.7829,-0.666067,-0.632825,-0.564587,0.564587,0.632825,0.666067,-199.8626,-172.9078,-132.9421,132.9421,172.9078,199.8626
JPSS1_20251030T121200_vs_HYPERNETS_20251030T123000_RHOW_R_pixel.csv,THFR_pixel,Hyp,JPSS1,3.6641600000000003,43.43485999999999,3.66157,43.428388000000005,0.75,2.25,2025-10-30T11:30:00Z,2025-10-30T11:12:00Z,18,30,4,0.5504,1.1328,0.2085,0.6071,1.768,-0.011082,-0.00153,0.001749,NA,FALSE,FALSE,0.005145,0.004763,60.2965,-0.669679,-0.639104,-0.572391,0.572391,0.639104,0.669679,-203.1146,-177.5685,-137.4192,137.4192,177.5685,203.1146
JPSS1_20251103T123600_vs_HYPERNETS_20251103T121500_RHOW_R_pixel.csv,THFR_pixel,Hyp,JPSS1,3.6641600000000003,43.43485999999999,3.665241,43.429259,0.63,2.25,2025-11-03T11:15:00Z,2025-11-03T11:36:00Z,21,30,2,1.5979,3.3169,NA,1.5979,NA,NA,-0.007486,NA,NA,NA,NA,0.003425,0.003388,51.0961,-0.578896,-0.510961,-0.443027,0.443027,0.510961,0.578896,-145.5038,-112.863,-84.562,84.562,112.863,145.5038
JPSS1_20251103T123600_vs_HYPERNETS_20251103T123000_RHOW_R_pixel.csv,THFR_pixel,Hyp,JPSS1,3.6641600000000003,43.43485999999999,3.665241,43.429259,0.63,2.25,2025-11-03T11:30:00Z,2025-11-03T11:36:00Z,6,30,2,1.65,3.4884,NA,1.65,NA,NA,-0.008047,NA,NA,NA,NA,0.003551,0.003512,51.9142,-0.587281,-0.519142,-0.451002,0.451002,0.519142,0.587281,-150.8633,-116.8524,-87.4525,87.4525,116.8524,150.8633
JPSS1_20251103T123600_vs_HYPERNETS_20251103T124500_RHOW_R_pixel.csv,THFR_pixel,Hyp,JPSS1,3.6641600000000003,43.43485999999999,3.665241,43.429259,0.63,2.25,2025-11-03T11:45:00Z,2025-11-03T11:36:00Z,9,30,2,1.6804,3.3819,NA,1.6804,NA,NA,-0.007699,NA,NA,NA,NA,0.003224,0.003178,49.5304,-0.565964,-0.495304,-0.424643,0.424643,0.495304,0.565964,-138.3266,-106.3955,-78.7426,78.7426,106.3955,138.3266
JPSS1_20251103T123600_vs_HYPERNETS_20251103T130000_RHOW_R_pixel.csv,THFR_pixel,Hyp,JPSS1,3.6641600000000003,43.43485999999999,3.665241,43.429259,0.63,2.25,2025-11-03T12:00:00Z,2025-11-03T11:36:00Z,24,30,2,1.5249,3.0703,NA,1.5249,NA,NA,-0.006681,NA,NA,NA,NA,0.003221,0.003188,49.6967,-0.564543,-0.496967,-0.42939,0.42939,0.496967,0.564543,-136.8555,-106.3826,-79.8301,79.8301,106.3826,136.8555
JPSS1_20251108T124201_vs_HYPERNETS_20251108T123000_RHOW_R_pixel.csv,THFR_pixel,Hyp,JPSS1,3.6641600000000003,43.43485999999999,3.6596699999999998,43.429229,0.72,2.25,2025-11-08T11:30:00Z,2025-11-08T11:42:01Z,12,30,5,0.7004,1.2852,0.3588,0.8013,1.7893,-0.006342,1.77e-4,0.003096,NA,FALSE,FALSE,0.001893,0.001654,29.3161,-0.268491,-0.231263,0.051222,0.231263,0.253985,0.268491,-36.7037,-30.0835,5.1222,25.3985,30.0835,36.7037
JPSS1_20251108T124201_vs_HYPERNETS_20251108T124500_RHOW_R_pixel.csv,THFR_pixel,Hyp,JPSS1,3.6641600000000003,43.43485999999999,3.6596699999999998,43.429229,0.72,2.25,2025-11-08T11:45:00Z,2025-11-08T11:42:01Z,3,30,5,0.7033,1.2065,0.3547,0.8166,1.8797,-0.006198,3.98e-4,0.003263,NA,FALSE,FALSE,0.001713,0.001616,32.3039,-0.238062,-0.192195,0.135751,0.192195,0.238062,0.413361,-31.2444,-23.7923,13.5751,23.7923,31.2444,41.3361
JPSS1_20251109T122400_vs_HYPERNETS_20251109T120000_RHOW_R_pixel.csv,THFR_pixel,Hyp,JPSS1,3.6641600000000003,43.43485999999999,3.66696,43.429636,0.62,2.25,2025-11-09T11:00:00Z,2025-11-09T11:24:00Z,24,30,4,0.7967,1.0911,0.2882,0.8964,2.7877,-0.012019,-0.00183,0.001446,NA,FALSE,FALSE,0.00269,0.002388,48.5854,-0.599454,-0.490793,-0.377193,0.377193,0.490793,0.599454,-157.8195,-97.6001,-62.4056,62.4056,97.6001,157.8195
JPSS1_20251109T122400_vs_HYPERNETS_20251109T121500_RHOW_R_pixel.csv,THFR_pixel,Hyp,JPSS1,3.6641600000000003,43.43485999999999,3.66696,43.429636,0.62,2.25,2025-11-09T11:15:00Z,2025-11-09T11:24:00Z,9,30,4,0.8139,1.0681,0.3012,0.9064,2.7279,-0.011068,-0.001675,0.001445,NA,FALSE,FALSE,0.002457,0.002158,45.9547,-0.581579,-0.458391,-0.336359,0.336359,0.458391,0.581579,-145.8629,-86.267,-51.887,51.887,86.267,145.8629
JPSS1_20251109T122400_vs_HYPERNETS_20251109T123000_RHOW_R_pixel.csv,THFR_pixel,Hyp,JPSS1,3.6641600000000003,43.43485999999999,3.66696,43.429636,0.62,2.25,2025-11-09T11:30:00Z,2025-11-09T11:24:00Z,6,30,4,0.8513,1.0517,0.3375,0.9246,2.533,-0.009049,-0.001399,0.001393,NA,FALSE,FALSE,0.002033,0.001758,41.0439,-0.54103,-0.39978,-0.26919,0.26919,0.39978,0.54103,-122.5607,-68.5706,-37.3896,37.3896,68.5706,122.5607
JPSS1_20251109T122400_vs_HYPERNETS_20251109T124500_RHOW_R_pixel.csv,THFR_pixel,Hyp,JPSS1,3.6641600000000003,43.43485999999999,3.66696,43.429636,0.62,2.25,2025-11-09T11:45:00Z,2025-11-09T11:24:00Z,21,30,4,0.8505,1.0896,0.3312,0.9291,2.607,-0.009757,-0.001548,0.001378,NA,FALSE,FALSE,0.002165,0.001894,43.3541,-0.553974,-0.432593,-0.312159,0.312159,0.432593,0.553974,-129.6985,-77.5973,-46.4627,46.4627,77.5973,129.6985
JPSS1_20251115T121201_vs_HYPERNETS_20251115T114500_RHOW_R_pixel.csv,THFR_pixel,Hyp,JPSS1,3.6641600000000003,43.43485999999999,3.661302,43.429295,0.66,2.25,2025-11-15T10:45:00Z,2025-11-15T11:12:01Z,27,30,4,0.4576,0.5644,0.1798,0.4983,1.3812,-0.005423,5.3e-4,0.002678,NA,FALSE,FALSE,0.003511,0.003,39.4638,-0.49586,-0.433676,-0.251454,0.332454,0.433676,0.49586,-98.7472,-77.1227,-39.416,50.285,77.1227,98.7472
JPSS1_20251115T121201_vs_HYPERNETS_20251115T120000_RHOW_R_pixel.csv,THFR_pixel,Hyp,JPSS1,3.6641600000000003,43.43485999999999,3.661302,43.429295,0.66,2.25,2025-11-15T11:00:00Z,2025-11-15T11:12:01Z,12,30,4,0.4655,0.5888,0.1839,0.5062,1.3933,-0.005574,4.52e-4,0.002641,NA,FALSE,FALSE,0.003519,0.002988,37.8292,-0.502436,-0.438386,-0.270144,0.314242,0.438386,0.502436,-101.2753,-78.7342,-41.7776,47.8976,78.7342,101.2753
JPSS1_20251115T121201_vs_HYPERNETS_20251115T121500_RHOW_R_pixel.csv,THFR_pixel,Hyp,JPSS1,3.6641600000000003,43.43485999999999,3.661302,43.429295,0.66,2.25,2025-11-15T11:15:00Z,2025-11-15T11:12:01Z,3,30,4,0.4797,0.5799,0.1909,0.5204,1.4187,-0.00535,5e-4,0.002647,NA,FALSE,FALSE,0.003236,0.002769,37.9232,-0.476419,-0.413187,-0.235875,0.316,0.413187,0.476419,-91.3469,-70.9213,-35.9194,46.4054,70.9213,91.3469
JPSS1_20251118T125400_vs_HYPERNETS_20251118T123000_RHOW_R_pixel.csv,THFR_pixel,Hyp,JPSS1,3.6641600000000003,43.43485999999999,3.655736,43.431791,0.76,2.25,2025-11-18T11:30:00Z,2025-11-18T11:54:00Z,24,30,4,0.6204,1.3804,0.2167,0.7115,2.3356,-0.009456,-0.001567,8.36e-4,NA,FALSE,FALSE,0.003262,0.002968,65.2397,-0.770067,-0.604051,-0.48638,0.48638,0.604051,0.770067,-792.1529,-159.5411,-95.425,95.425,159.5411,792.1529
JPSS1_20251118T125400_vs_HYPERNETS_20251118T124500_RHOW_R_pixel.csv,THFR_pixel,Hyp,JPSS1,3.6641600000000003,43.43485999999999,3.655736,43.431791,0.76,2.25,2025-11-18T11:45:00Z,2025-11-18T11:54:00Z,9,30,4,0.6247,1.3719,0.2185,0.7158,2.3451,-0.009407,-0.001559,8.37e-4,NA,FALSE,FALSE,0.003219,0.002928,64.901,-0.767818,-0.599258,-0.480451,0.480451,0.599258,0.767818,-783.8386,-156.5474,-93.1443,93.1443,156.5474,783.8386
JPSS1_20251118T125400_vs_HYPERNETS_20251118T130000_RHOW_R_pixel.csv,THFR_pixel,Hyp,JPSS1,3.6641600000000003,43.43485999999999,3.655736,43.431791,0.76,2.25,2025-11-18T12:00:00Z,2025-11-18T11:54:00Z,6,30,4,0.6146,1.3493,0.2076,0.7216,2.5088,-0.010797,-0.00176,8.4e-4,NA,FALSE,FALSE,0.003462,0.003167,66.6646,-0.77879,-0.630158,-0.518015,0.518015,0.630158,0.77879,-841.5224,-176.375,-109.0367,109.0367,176.375,841.5224
JPSS1_20251118T125400_vs_HYPERNETS_20251118T131500_RHOW_R_pixel.csv,THFR_pixel,Hyp,JPSS1,3.6641600000000003,43.43485999999999,3.655736,43.431791,0.76,2.25,2025-11-18T12:15:00Z,2025-11-18T11:54:00Z,21,30,4,0.6752,1.5515,0.2497,0.752,2.2643,-0.007961,-0.001382,8.03e-4,NA,FALSE,FALSE,0.002718,0.002461,61.8877,-0.744189,-0.560804,-0.435492,0.435492,0.560804,0.744189,-681.0134,-133.8841,-77.6356,77.6356,133.8841,681.0134
JPSS1_20251119T123601_vs_HYPERNETS_20251119T124500_RHOW_R_pixel.csv,THFR_pixel,Hyp,JPSS1,3.6641600000000003,43.43485999999999,3.6587549999999998,43.427932000000006,0.89,2.25,2025-11-19T11:45:00Z,2025-11-19T11:36:01Z,9,30,5,0.6646,1.188,0.3886,0.7087,1.2922,-0.003577,-9.14e-4,5.46e-4,NA,FALSE,FALSE,0.002524,0.002244,53.553,-0.628315,-0.59934,-0.412618,0.412618,0.59934,0.628315,-169.0452,-149.588,-70.247,70.247,149.588,169.0452
JPSS1_20251119T123601_vs_HYPERNETS_20251119T130000_RHOW_R_pixel.csv,THFR_pixel,Hyp,JPSS1,3.6641600000000003,43.43485999999999,3.6587549999999998,43.427932000000006,0.89,2.25,2025-11-19T12:00:00Z,2025-11-19T11:36:01Z,24,30,5,0.6725,1.126,0.3953,0.7159,1.2964,-0.003268,-7.66e-4,6.16e-4,NA,FALSE,FALSE,0.002287,0.00199,49.9424,-0.598714,-0.582311,-0.346842,0.346842,0.582311,0.598714,-149.1991,-139.4127,-53.1023,53.1023,139.4127,149.1991
JPSS1_20251126T120601_vs_HYPERNETS_20251126T114500_RHOW_R_pixel.csv,THFR_pixel,Hyp,JPSS1,3.6641600000000003,43.43485999999999,3.6673630000000004,43.427443999999994,0.87,2.25,2025-11-26T10:45:00Z,2025-11-26T11:06:01Z,21,30,5,0.641,0.5827,0.3646,0.6905,1.3076,-5.56e-4,0.002431,0.004008,NA,FALSE,FALSE,0.001573,0.001319,46.9568,-0.014571,0.559453,0.672181,0.095374,0.559453,0.672181,-1.4786,55.9453,67.2181,10.5429,55.9453,67.2181
JPSS1_20251126T120601_vs_HYPERNETS_20251126T120000_RHOW_R_pixel.csv,THFR_pixel,Hyp,JPSS1,3.6641600000000003,43.43485999999999,3.6673630000000004,43.427443999999994,0.87,2.25,2025-11-26T11:00:00Z,2025-11-26T11:06:01Z,6,30,5,0.6409,0.5583,0.3617,0.6925,1.326,-4.22e-4,0.002537,0.004083,NA,FALSE,FALSE,0.001683,0.001375,54.4578,0.009447,0.630337,0.805703,0.077542,0.630337,0.805703,0.9447,63.0337,80.5703,8.406,63.0337,80.5703
JPSS1_20251126T120601_vs_HYPERNETS_20251126T121500_RHOW_R_pixel.csv,THFR_pixel,Hyp,JPSS1,3.6641600000000003,43.43485999999999,3.6673630000000004,43.427443999999994,0.87,2.25,2025-11-26T11:15:00Z,2025-11-26T11:06:01Z,9,30,5,0.6552,0.5715,0.3715,0.7066,1.3441,-5.1e-4,0.00247,0.004036,NA,FALSE,FALSE,0.001641,0.001328,51.7582,0.01169,0.610461,0.742208,0.065628,0.610461,0.742208,1.169,61.0461,74.2208,7.0237,61.0461,74.2208
JPSS1_20251126T120601_vs_HYPERNETS_20251126T123000_RHOW_R_pixel.csv,THFR_pixel,Hyp,JPSS1,3.6641600000000003,43.43485999999999,3.6673630000000004,43.427443999999994,0.87,2.25,2025-11-26T11:30:00Z,2025-11-26T11:06:01Z,24,30,5,0.6321,0.5048,0.3415,0.6974,1.424,-4.08e-4,0.002746,0.00429,NA,FALSE,FALSE,0.001961,0.001589,74.3426,0.066122,0.831338,0.879701,0.066122,0.831338,0.879701,6.6122,83.1338,87.9701,6.6122,83.1338,87.9701
JPSS1_20251201T121201_vs_HYPERNETS_20251201T114500_RHOW_R_pixel.csv,THFR_pixel,Hyp,JPSS1,3.6641600000000003,43.43485999999999,3.6568359999999998,43.432723,0.64,2.25,2025-12-01T10:45:00Z,2025-12-01T11:12:01Z,27,30,3,0.447,0.6472,0.0368,0.5538,8.3431,-0.033718,-5.35e-4,0.001668,NA,FALSE,FALSE,0.00294,0.002436,48.8012,-0.620788,-0.446624,-0.334542,0.334542,0.446624,0.620788,-196.8675,-80.709,-52.4504,52.4504,80.709,196.8675
JPSS1_20251201T121201_vs_HYPERNETS_20251201T120000_RHOW_R_pixel.csv,THFR_pixel,Hyp,JPSS1,3.6641600000000003,43.43485999999999,3.6568359999999998,43.432723,0.64,2.25,2025-12-01T11:00:00Z,2025-12-01T11:12:01Z,12,30,3,0.4536,0.6287,0.0377,0.5546,8.1494,-0.032168,-4.89e-4,0.001667,NA,FALSE,FALSE,0.002852,0.002347,46.1599,-0.615638,-0.442721,-0.29812,0.29812,0.442721,0.615638,-191.317,-79.4432,-45.5979,45.5979,79.4432,191.317
JPSS1_20251201T121201_vs_HYPERNETS_20251201T121500_RHOW_R_pixel.csv,THFR_pixel,Hyp,JPSS1,3.6641600000000003,43.43485999999999,3.6568359999999998,43.432723,0.64,2.25,2025-12-01T11:15:00Z,2025-12-01T11:12:01Z,3,30,3,0.4585,0.6181,0.0386,0.5546,7.9678,-0.030961,-4.58e-4,0.001665,NA,FALSE,FALSE,0.002794,0.00229,44.3381,-0.612435,-0.44122,-0.273247,0.273247,0.44122,0.612435,-187.6079,-78.9613,-41.4277,41.4277,78.9613,187.6079
JPSS1_20251201T121201_vs_HYPERNETS_20251201T123000_RHOW_R_pixel.csv,THFR_pixel,Hyp,JPSS1,3.6641600000000003,43.43485999999999,3.6568359999999998,43.432723,0.64,2.25,2025-12-01T11:30:00Z,2025-12-01T11:12:01Z,18,30,3,0.4734,0.6123,0.0401,0.5696,8.0889,-0.030352,-4.41e-4,0.001665,NA,FALSE,FALSE,0.002643,0.002154,41.7778,-0.600183,-0.425232,-0.2391,0.2391,0.425232,0.600183,-178.1587,-73.9833,-35.5412,35.5412,73.9833,178.1587
JPSS1_20251205T123600_vs_HYPERNETS_20251205T121500_RHOW_R_pixel.csv,THFR_pixel,Hyp,JPSS1,3.6641600000000003,43.43485999999999,3.6666449999999995,43.431351,0.44,2.25,2025-12-05T11:15:00Z,2025-12-05T11:36:00Z,21,30,4,0.7506,1.0015,0.3509,0.7854,1.758,-0.004585,-5.34e-4,0.001276,NA,FALSE,FALSE,0.001646,0.001427,35.8147,-0.444096,-0.375139,-0.28919,0.28919,0.375139,0.444096,-79.9476,-60.7964,-40.9392,40.9392,60.7964,79.9476
JPSS1_20251205T123600_vs_HYPERNETS_20251205T124500_RHOW_R_pixel.csv,THFR_pixel,Hyp,JPSS1,3.6641600000000003,43.43485999999999,3.6666449999999995,43.431351,0.44,2.25,2025-12-05T11:45:00Z,2025-12-05T11:36:00Z,9,30,4,0.7534,1.003,0.3367,0.7947,1.876,-0.005194,-6.22e-4,0.001314,NA,FALSE,FALSE,0.001711,0.00149,36.974,-0.473004,-0.396267,-0.293004,0.293004,0.396267,0.473004,-89.7571,-66.9372,-41.7615,41.7615,66.9372,89.7571
JPSS1_20251205T123600_vs_HYPERNETS_20251205T130000_RHOW_R_pixel.csv,THFR_pixel,Hyp,JPSS1,3.6641600000000003,43.43485999999999,3.6666449999999995,43.431351,0.44,2.25,2025-12-05T12:00:00Z,2025-12-05T11:36:00Z,24,30,4,0.763,1.0028,0.3519,0.8003,1.8198,-0.004781,-5.69e-4,0.001284,NA,FALSE,FALSE,0.001607,0.001394,35.402,-0.448538,-0.375458,-0.28094,0.28094,0.375458,0.448538,-81.3599,-61.0741,-39.3424,39.3424,61.0741,81.3599
JPSS1_20251208T114201_vs_HYPERNETS_20251208T111500_RHOW_R_pixel.csv,THFR_pixel,Hyp,JPSS1,3.6641600000000003,43.43485999999999,3.665169,43.427665,0.81,2.25,2025-12-08T10:15:00Z,2025-12-08T10:42:01Z,27,30,3,0.5347,1.1452,0.0426,0.6978,11.4343,-0.064245,-0.001702,0.002114,NA,FALSE,FALSE,0.003995,0.003463,63.9338,-0.768026,-0.712036,-0.547,0.547,0.712036,0.768026,-344.2152,-247.2652,-137.0411,137.0411,247.2652,344.2152
JPSS1_20251208T114201_vs_HYPERNETS_20251208T113000_RHOW_R_pixel.csv,THFR_pixel,Hyp,JPSS1,3.6641600000000003,43.43485999999999,3.665169,43.427665,0.81,2.25,2025-12-08T10:30:00Z,2025-12-08T10:42:01Z,12,30,3,0.5314,1.1196,0.0424,0.6914,11.2837,-0.063124,-0.00165,0.002116,NA,FALSE,FALSE,0.003983,0.003441,63.5788,-0.762126,-0.700793,-0.541953,0.541953,0.700793,0.762126,-335.1015,-234.2172,-132.7615,132.7615,234.2172,335.1015
JPSS1_20251208T114201_vs_HYPERNETS_20251208T114500_RHOW_R_pixel.csv,THFR_pixel,Hyp,JPSS1,3.6641600000000003,43.43485999999999,3.665169,43.427665,0.81,2.25,2025-12-08T10:45:00Z,2025-12-08T10:42:01Z,3,30,3,0.5416,0.9672,0.0437,0.689,10.8646,-0.056098,-0.001345,0.002127,NA,FALSE,FALSE,0.003595,0.003019,58.4908,-0.697612,-0.585889,-0.472694,0.472694,0.585889,0.697612,-255.8819,-141.4809,-94.1699,94.1699,141.4809,255.8819
JPSS1_20251208T114201_vs_HYPERNETS_20251208T120000_RHOW_R_pixel.csv,THFR_pixel,Hyp,JPSS1,3.6641600000000003,43.43485999999999,3.665169,43.427665,0.81,2.25,2025-12-08T11:00:00Z,2025-12-08T10:42:01Z,18,30,3,0.5254,1.029,0.0421,0.6773,10.9056,-0.059382,-0.001473,0.002124,NA,FALSE,FALSE,0.003873,0.003299,61.5924,-0.733899,-0.648335,-0.514155,0.514155,0.648335,0.733899,-296.8729,-184.3612,-114.1562,114.1562,184.3612,296.8729
JPSS1_20251208T131801_vs_HYPERNETS_20251208T134500_RHOW_R_pixel.csv,THFR_pixel,Hyp,JPSS1,3.6641600000000003,43.43485999999999,3.658416,43.429170000000006,0.79,2.25,2025-12-08T12:45:00Z,2025-12-08T12:18:01Z,27,30,1,NA,NA,NA,NA,NA,NA,NA,NA,NA,NA,NA,NA,NA,NA,NA,NA,NA,NA,NA,NA,NA,NA,NA,NA,NA,NA
JPSS1_20251227T122401_vs_HYPERNETS_20251227T120000_RHOW_R_pixel.csv,THFR_pixel,Hyp,JPSS1,3.6641600000000003,43.43485999999999,3.666293,43.43197,0.37,2.25,2025-12-27T11:00:00Z,2025-12-27T11:24:01Z,24,30,4,0.2234,0.8579,0.0756,0.2619,0.9078,-0.007236,-7.12e-4,0.001171,NA,TRUE,FALSE,0.008997,0.008168,80.6787,-0.856216,-0.800925,-0.751495,0.751495,0.800925,0.856216,-597.7757,-418.121,-302.4108,302.4108,418.121,597.7757
JPSS1_20251227T122401_vs_HYPERNETS_20251227T121500_RHOW_R_pixel.csv,THFR_pixel,Hyp,JPSS1,3.6641600000000003,43.43485999999999,3.666293,43.43197,0.37,2.25,2025-12-27T11:15:00Z,2025-12-27T11:24:01Z,9,30,4,0.2219,0.858,0.0752,0.2598,0.8973,-0.007174,-7.04e-4,0.00117,NA,TRUE,FALSE,0.009057,0.008217,80.7689,-0.85643,-0.801569,-0.752828,0.752828,0.801569,0.85643,-598.9169,-419.5317,-304.5793,304.5793,419.5317,598.9169
JPSS1_20251229T114800_vs_HYPERNETS_20251229T113000_RHOW_C_pixel.csv,THFR_pixel,Hyp,JPSS1,3.6641600000000003,43.43485999999999,3.6647950000000002,43.429376000000005,0.61,2.25,2025-12-29T10:30:00Z,2025-12-29T10:48:00Z,18,30,4,0.65,0.8787,0.2369,0.7287,2.2415,-0.011507999999999999,-0.001173,0.002188,NA,FALSE,FALSE,0.003396,0.003026,43.1839,-0.569455,-0.419222,-0.281606,0.281606,0.419222,0.569455,-138.9726,-74.6346,-39.8252,39.8252,74.6346,138.9726
JPSS1_20251229T114800_vs_HYPERNETS_20251229T114500_RHOW_C_pixel.csv,THFR_pixel,Hyp,JPSS1,3.6641600000000003,43.43485999999999,3.6647950000000002,43.429376000000005,0.61,2.25,2025-12-29T10:45:00Z,2025-12-29T10:48:00Z,3,30,4,0.6585,0.883,0.2397,0.7387,2.2761,-0.011614,-0.001198,0.002182,NA,FALSE,FALSE,0.003332,0.002969,42.7993,-0.565427,-0.413245,-0.275812,0.275812,0.413245,0.565427,-136.8852,-72.8561,-38.6626,38.6626,72.8561,136.8852
JPSS1_20251229T114800_vs_HYPERNETS_20251229T120000_RHOW_C_pixel.csv,THFR_pixel,Hyp,JPSS1,3.6641600000000003,43.43485999999999,3.6647950000000002,43.429376000000005,0.61,2.25,2025-12-29T11:00:00Z,2025-12-29T10:48:00Z,12,30,4,0.6955,0.9063,0.2595,0.7718,2.2956,-0.010952,-0.001156,0.002138,NA,FALSE,FALSE,0.002959,0.002623,40.0253,-0.539115,-0.383789,-0.244927,0.244927,0.383789,0.539115,-123.0093,-64.4282,-32.952,32.952,64.4282,123.0093
JPSS1_20251229T114800_vs_HYPERNETS_20251229T121500_RHOW_C_pixel.csv,THFR_pixel,Hyp,JPSS1,3.6641600000000003,43.43485999999999,3.6647950000000002,43.429376000000005,0.61,2.25,2025-12-29T11:15:00Z,2025-12-29T10:48:00Z,27,30,4,0.707,0.9126,0.2623,0.7865,2.3587,-0.01123,-0.001208,0.002134,NA,FALSE,FALSE,0.002899,0.002568,39.6604,-0.535374,-0.376418,-0.237648,0.237648,0.376418,0.535374,-121.3999,-62.5383,-31.6133,31.6133,62.5383,121.3999
JPSS2_20250116T124200_vs_HYPERNETS_20250116T123000_RHOW_R_pixel.csv,THFR_pixel,Hyp,JPSS2,3.6641600000000003,43.43485999999999,3.666671,43.43085,0.49,2.25,2025-01-16T11:30:00Z,2025-01-16T11:42:00Z,12,30,0,NA,NA,NA,NA,NA,NA,NA,NA,NA,NA,NA,NA,NA,NA,NA,NA,NA,NA,NA,NA,NA,NA,NA,NA,NA,NA
JPSS2_20250116T124200_vs_HYPERNETS_20250116T124500_RHOW_R_pixel.csv,THFR_pixel,Hyp,JPSS2,3.6641600000000003,43.43485999999999,3.666671,43.43085,0.49,2.25,2025-01-16T11:45:00Z,2025-01-16T11:42:00Z,3,30,0,NA,NA,NA,NA,NA,NA,NA,NA,NA,NA,NA,NA,NA,NA,NA,NA,NA,NA,NA,NA,NA,NA,NA,NA,NA,NA
JPSS2_20250116T124200_vs_HYPERNETS_20250116T130000_RHOW_R_pixel.csv,THFR_pixel,Hyp,JPSS2,3.6641600000000003,43.43485999999999,3.666671,43.43085,0.49,2.25,2025-01-16T12:00:00Z,2025-01-16T11:42:00Z,18,30,4,0.7932,0.7891,0.2552,0.9824,3.7813,-0.012294,-0.001262,0.001604,NA,FALSE,FALSE,0.001785,0.001332,31.2542,-0.540018,-0.266413,-0.038936,0.038936,0.266413,0.540018,-123.5261,-42.7224,-4.0686,4.0686,42.7224,123.5261
JPSS2_20250117T122400_vs_HYPERNETS_20250117T120000_RHOW_R_pixel.csv,THFR_pixel,Hyp,JPSS2,3.6641600000000003,43.43485999999999,3.659503,43.43044,0.62,2.25,2025-01-17T11:00:00Z,2025-01-17T11:24:00Z,24,30,4,0.7406,1.1903,0.2414,0.901,3.3632,-0.010684,-0.00152,9.35e-4,NA,FALSE,FALSE,0.002164,0.001888,56.627,-0.676376,-0.614848,-0.504742,0.504742,0.614848,0.676376,-225.5967,-159.7203,-112.5134,112.5134,159.7203,225.5967
JPSS2_20250117T122400_vs_HYPERNETS_20250117T121500_RHOW_R_pixel.csv,THFR_pixel,Hyp,JPSS2,3.6641600000000003,43.43485999999999,3.659503,43.43044,0.62,2.25,2025-01-17T11:15:00Z,2025-01-17T11:24:00Z,9,30,4,0.7501,1.1582,0.248,0.8981,3.2532,-0.009947,-0.001419,9.36e-4,NA,FALSE,FALSE,0.002058,0.001788,55.2153,-0.667198,-0.594351,-0.479306,0.479306,0.594351,0.667198,-215.5169,-146.8501,-100.1159,100.1159,146.8501,215.5169
JPSS2_20250117T122400_vs_HYPERNETS_20250117T123000_RHOW_R_pixel.csv,THFR_pixel,Hyp,JPSS2,3.6641600000000003,43.43485999999999,3.659503,43.43044,0.62,2.25,2025-01-17T11:30:00Z,2025-01-17T11:24:00Z,6,30,4,0.7601,1.2151,0.2523,0.9062,3.2543,-0.010038,-0.001472,9.13e-4,NA,FALSE,FALSE,0.002073,0.001815,56.0655,-0.668245,-0.609822,-0.502232,0.502232,0.609822,0.668245,-216.4333,-156.3334,-111.3992,111.3992,156.3334,216.4333
JPSS2_20250117T122400_vs_HYPERNETS_20250117T124500_RHOW_R_pixel.csv,THFR_pixel,Hyp,JPSS2,3.6641600000000003,43.43485999999999,3.659503,43.43044,0.62,2.25,2025-01-17T11:45:00Z,2025-01-17T11:24:00Z,21,30,4,0.7786,1.1977,0.2616,0.9184,3.2244,-0.009504,-0.001396,9.14e-4,NA,FALSE,FALSE,0.001939,0.001683,54.3328,-0.656161,-0.590219,-0.477386,0.477386,0.590219,0.656161,-204.2118,-144.1794,-100.093,100.093,144.1794,204.2118
JPSS2_20250129T120001_vs_HYPERNETS_20250129T120000_RHOW_R_pixel.csv,THFR_pixel,Hyp,JPSS2,3.6641600000000003,43.43485999999999,3.653043,43.428654,1.13,2.25,2025-01-29T11:00:00Z,2025-01-29T11:00:01Z,0,30,4,0.3968,0.5229,0.1469,0.4418,1.3291,-0.004445,5.58e-4,0.002222,NA,FALSE,FALSE,0.00315,0.002649,39.48,-0.504252,-0.455654,-0.310486,0.346202,0.455654,0.504252,-102.9969,-83.8057,-51.3861,56.6999,83.8057,102.9969
JPSS2_20250129T120001_vs_HYPERNETS_20250129T121500_RHOW_R_pixel.csv,THFR_pixel,Hyp,JPSS2,3.6641600000000003,43.43485999999999,3.653043,43.428654,1.13,2.25,2025-01-29T11:15:00Z,2025-01-29T11:00:01Z,15,30,4,0.3483,0.6883,0.1141,0.4209,1.5528,-0.009184,-2.67e-4,0.002151,NA,FALSE,FALSE,0.005249,0.004829,59.2635,-0.686232,-0.608066,-0.514469,0.514469,0.608066,0.686232,-218.8213,-159.7353,-106.4705,106.4705,159.7353,218.8213
JPSS2_20250131T130000_vs_HYPERNETS_20250131T124500_RHOW_R_pixel.csv,THFR_pixel,Hyp,JPSS2,3.6641600000000003,43.43485999999999,3.6588549999999995,43.431096999999994,0.6,2.25,2025-01-31T11:45:00Z,2025-01-31T12:00:00Z,15,30,4,-0.3448,-0.4141,-9.3097,-1.5282,-0.2508,0.005618,0.011033,0.044023,NA,TRUE,TRUE,0.004183,0.003615,197.2175,-0.668018,-0.229747,1.689797,0.500514,0.720649,2.19231,-216.9856,-49.9786,83.1862,112.3059,286.4581,509.7128
JPSS2_20250131T130000_vs_HYPERNETS_20250131T130000_RHOW_R_pixel.csv,THFR_pixel,Hyp,JPSS2,3.6641600000000003,43.43485999999999,3.6588549999999995,43.431096999999994,0.6,2.25,2025-01-31T12:00:00Z,2025-01-31T12:00:00Z,0,30,4,-0.4257,-0.4812,-9.084,-1.5126,-0.2519,0.005678,0.011303,0.045081,NA,TRUE,TRUE,0.004274,0.003729,183.083,-0.684978,-0.248881,1.52918,0.507769,0.737746,2.060806,-236.5272,-54.8131,76.939,118.5225,316.5244,546.243
JPSS2_20250131T130000_vs_HYPERNETS_20250131T131500_RHOW_R_pixel.csv,THFR_pixel,Hyp,JPSS2,3.6641600000000003,43.43485999999999,3.6588549999999995,43.431096999999994,0.6,2.25,2025-01-31T12:15:00Z,2025-01-31T12:00:00Z,15,30,4,-0.4674,-0.5075,-9.0827,-1.5241,-0.2557,0.005697,0.011365,0.045146,NA,TRUE,TRUE,0.004302,0.003773,184.8462,-0.685795,-0.243382,1.551267,0.510291,0.739608,2.07778,-238.526,-54.0357,78.568,118.9374,321.7484,560.1154
JPSS2_20250131T130000_vs_HYPERNETS_20250131T133000_RHOW_R_pixel.csv,THFR_pixel,Hyp,JPSS2,3.6641600000000003,43.43485999999999,3.6588549999999995,43.431096999999994,0.6,2.25,2025-01-31T12:30:00Z,2025-01-31T12:00:00Z,30,30,4,-0.4761,-0.5153,-9.0252,-1.5179,-0.2553,0.005706,0.011404,0.045283,NA,TRUE,TRUE,0.004318,0.003791,181.5988,-0.689362,-0.247869,1.514826,0.512135,0.742654,2.046508,-242.5028,-55.2297,77.1282,120.5431,326.9209,563.4372
JPSS2_20250203T120600_vs_HYPERNETS_20250203T114500_RHOW_R_pixel.csv,THFR_pixel,Hyp,JPSS2,3.6641600000000003,43.43485999999999,3.6664749999999997,43.429724,0.6,2.25,2025-02-03T10:45:00Z,2025-02-03T11:06:00Z,21,30,4,0.4377,0.9426,0.1397,0.5497,2.1637,-0.014624,-0.001591,0.001721,NA,FALSE,FALSE,0.005692,0.005227,65.2883,-0.733009,-0.652739,-0.572613,0.572613,0.652739,0.733009,-283.1627,-191.0454,-135.5542,135.5542,191.0454,283.1627
JPSS2_20250206T124800_vs_HYPERNETS_20250206T123000_RHOW_R_pixel.csv,THFR_pixel,Hyp,JPSS2,3.6641600000000003,43.43485999999999,3.665827,43.432342000000006,0.31,2.25,2025-02-06T11:30:00Z,2025-02-06T11:48:00Z,18,30,4,0.6933,1.07,0.2167,0.9349,4.0336,-0.014017,-0.001914,8.92e-4,NA,FALSE,FALSE,0.00255,0.002168,60.457,-0.775993,-0.676989,-0.505565,0.505565,0.676989,0.775993,-362.7504,-216.7597,-113.4513,113.4513,216.7597,362.7504
JPSS2_20250206T124800_vs_HYPERNETS_20250206T124500_RHOW_R_pixel.csv,THFR_pixel,Hyp,JPSS2,3.6641600000000003,43.43485999999999,3.665827,43.432342000000006,0.31,2.25,2025-02-06T11:45:00Z,2025-02-06T11:48:00Z,3,30,4,0.7167,1.0515,0.224,0.9663,4.1684,-0.013842,-0.001874,9.01e-4,NA,FALSE,FALSE,0.002394,0.001999,58.4839,-0.76673,-0.657586,-0.475695,0.475695,0.657586,0.76673,-343.8453,-199.8629,-100.3623,100.3623,199.8629,343.8453
JPSS2_20250206T124800_vs_HYPERNETS_20250206T130000_RHOW_R_pixel.csv,THFR_pixel,Hyp,JPSS2,3.6641600000000003,43.43485999999999,3.665827,43.432342000000006,0.31,2.25,2025-02-06T12:00:00Z,2025-02-06T11:48:00Z,12,30,4,0.73,1.0626,0.2286,0.9709,4.1237,-0.013477,-0.001844,8.95e-4,NA,FALSE,FALSE,0.002338,0.001951,58.1137,-0.76304,-0.653916,-0.472013,0.472013,0.653916,0.76304,-336.2415,-196.5376,-98.8181,98.8181,196.5376,336.2415
JPSS2_20250206T124800_vs_HYPERNETS_20250206T131500_RHOW_R_pixel.csv,THFR_pixel,Hyp,JPSS2,3.6641600000000003,43.43485999999999,3.665827,43.432342000000006,0.31,2.25,2025-02-06T12:15:00Z,2025-02-06T11:48:00Z,27,30,4,0.7465,1.0962,0.2339,0.9886,4.1778,-0.01352,-0.001872,8.84e-4,NA,FALSE,FALSE,0.002295,0.001914,58.0392,-0.760132,-0.65853,-0.47879,0.47879,0.65853,0.760132,-330.6668,-199.238,-102.659,102.659,199.238,330.6668
JPSS2_20250529T124800_vs_HYPERNETS_20250529T123000_RHOW_R_pixel.csv,THFR_pixel,Hyp,JPSS2,3.6641600000000003,43.43485999999999,3.661579,43.431628999999994,0.42,2.25,2025-05-29T10:30:00Z,2025-05-29T10:48:00Z,18,30,4,-202.091,-1.4642,-297.3344,-203.7465,-139.616,0.032706,0.042199,0.056052,NA,TRUE,TRUE,0.017386,0.011891,21847.7181,18.19889,35.106675,235.384967,18.19889,35.106675,235.384967,1725.1674,3233.4608,9883.3606,1725.1674,3233.4608,9883.3606
JPSS2_20250529T124800_vs_HYPERNETS_20250529T124500_RHOW_R_pixel.csv,THFR_pixel,Hyp,JPSS2,3.6641600000000003,43.43485999999999,3.661579,43.431628999999994,0.42,2.25,2025-05-29T10:45:00Z,2025-05-29T10:48:00Z,3,30,4,-4.2014,-1.283,-17.615,-4.9748,-1.405,0.020402,0.04165,0.116886,NA,TRUE,TRUE,0.016028,0.009736,448.8095,-0.487285,-0.218926,4.197957,0.321129,0.551236,4.718201,-100.7831,-32.6519,103.26220000000001,51.668,132.4767,382.0407
JPSS2_20250529T124800_vs_HYPERNETS_20250529T130000_RHOW_R_pixel.csv,THFR_pixel,Hyp,JPSS2,3.6641600000000003,43.43485999999999,3.661579,43.431628999999994,0.42,2.25,2025-05-29T11:00:00Z,2025-05-29T10:48:00Z,12,30,4,-4.1066,-1.2857,-17.7907,-4.915,-1.3579,0.020241,0.041728,0.119503,NA,TRUE,TRUE,0.016002,0.009792,434.3521,-0.492189,-0.231954,4.031389,0.330632,0.555067,4.567956,-102.6247,-34.7243,98.4259,53.6465,134.3069,379.7832
JPSS2_20250529T124800_vs_HYPERNETS_20250529T131500_RHOW_R_pixel.csv,THFR_pixel,Hyp,JPSS2,3.6641600000000003,43.43485999999999,3.661579,43.431628999999994,0.42,2.25,2025-05-29T11:15:00Z,2025-05-29T10:48:00Z,27,30,4,-4.1392,-1.2941,-18.4443,-5.002,-1.3565,0.020138,0.041902,0.122156,NA,TRUE,TRUE,0.015976,0.009709,428.2254,-0.483942,-0.223525,3.98201,0.322012,0.547386,4.507628,-99.2947,-33.1424,99.0197,51.5762,130.1683,370.9995
JPSS2_20250530T123000_vs_HYPERNETS_20250530T120000_RHOW_R_pixel.csv,THFR_pixel,Hyp,JPSS2,3.6641600000000003,43.43485999999999,3.6638479999999998,43.432057,0.31,2.25,2025-05-30T10:00:00Z,2025-05-30T10:30:00Z,30,30,5,0.9056,0.2995,0.454,1.4405,4.5707,-0.019857,1.33e-4,0.006433,NA,FALSE,FALSE,0.004071,0.003479,85.948,0.224908,0.305961,0.621379,0.241729,0.305961,0.621379,22.4908,30.5961,62.1379,30.5961,31.879,62.1379
JPSS2_20250530T123000_vs_HYPERNETS_20250530T121500_RHOW_R_pixel.csv,THFR_pixel,Hyp,JPSS2,3.6641600000000003,43.43485999999999,3.6638479999999998,43.432057,0.31,2.25,2025-05-30T10:15:00Z,2025-05-30T10:30:00Z,15,30,5,0.9668,0.3346,0.4747,1.4634,4.5115,-0.018651,2.56e-4,0.006388,NA,FALSE,FALSE,0.004135,0.003518,86.9117,0.269487,0.33235,0.649361,0.269487,0.33235,0.649361,26.9487,33.235,64.9361,26.9487,33.235,64.9361
JPSS2_20250530T123000_vs_HYPERNETS_20250530T123000_RHOW_R_pixel.csv,THFR_pixel,Hyp,JPSS2,3.6641600000000003,43.43485999999999,3.6638479999999998,43.432057,0.31,2.25,2025-05-30T10:30:00Z,2025-05-30T10:30:00Z,0,30,5,0.9038,0.2871,0.4591,1.4772,4.7526,-0.020419,8.6e-5,0.006458,NA,FALSE,FALSE,0.004195,0.003575,90.0829,0.235614,0.325239,0.676636,0.235614,0.325239,0.676636,23.5614,32.5239,67.6636,30.0794,32.5239,67.6636
JPSS2_20250530T123000_vs_HYPERNETS_20250530T124500_RHOW_R_pixel.csv,THFR_pixel,Hyp,JPSS2,3.6641600000000003,43.43485999999999,3.6638479999999998,43.432057,0.31,2.25,2025-05-30T10:45:00Z,2025-05-30T10:30:00Z,15,30,5,0.9914,0.3023,0.4914,1.5372,4.8085,-0.018584,4.08e-4,0.006479,NA,FALSE,FALSE,0.004472,0.00381,102.0606,0.355037,0.414374,0.763309,0.355037,0.414374,0.763309,35.5037,41.4374,76.3309,35.5037,41.4374,76.3309
JPSS2_20250530T123000_vs_HYPERNETS_20250530T130000_RHOW_R_pixel.csv,THFR_pixel,Hyp,JPSS2,3.6641600000000003,43.43485999999999,3.6638479999999998,43.432057,0.31,2.25,2025-05-30T11:00:00Z,2025-05-30T10:30:00Z,30,30,5,1.03,0.3122,0.505,1.5535,4.7786,-0.017742,5.31e-4,0.006471,NA,FALSE,FALSE,0.004551,0.003876,105.5582,0.3951,0.458276,0.776894,0.3951,0.458276,0.776894,39.51,45.8276,77.6894,39.51,45.8276,77.6894
JPSS2_20250610T122401_vs_HYPERNETS_20250610T120000_RHOW_R_pixel.csv,THFR_pixel,Hyp,JPSS2,3.6641600000000003,43.43485999999999,3.662561,43.429804,0.58,2.25,2025-06-10T10:00:00Z,2025-06-10T10:24:01Z,24,30,5,-0.1439,-0.1405,-5.7717,-1.4751,-0.377,0.014003,0.023613,0.061218,NA,TRUE,TRUE,0.007274,0.00441,101.878,-0.212268,-0.180376,-0.01863,0.180376,0.212268,0.337483,-26.9468,-22.0072,-1.8984,22.0072,26.9468,50.9395
JPSS2_20250610T122401_vs_HYPERNETS_20250610T121500_RHOW_R_pixel.csv,THFR_pixel,Hyp,JPSS2,3.6641600000000003,43.43485999999999,3.662561,43.429804,0.58,2.25,2025-06-10T10:15:00Z,2025-06-10T10:24:01Z,9,30,5,-0.113,-0.1121,-5.8814,-1.5006,-0.3828,0.013836,0.022984,0.058837,NA,TRUE,TRUE,0.007348,0.004126,109.8354,-0.146477,-0.134542,0.025425,0.134542,0.146477,0.262637,-17.1614,-15.5458,2.5425,15.5458,17.1614,35.6184
JPSS2_20250610T122401_vs_HYPERNETS_20250610T123000_RHOW_R_pixel.csv,THFR_pixel,Hyp,JPSS2,3.6641600000000003,43.43485999999999,3.662561,43.429804,0.58,2.25,2025-06-10T10:30:00Z,2025-06-10T10:24:01Z,6,30,5,-0.1504,-0.1394,-5.9822,-1.529,-0.3908,0.013948,0.023398,0.060373,NA,TRUE,TRUE,0.007333,0.004242,108.1769,-0.168915,-0.146046,0.031417,0.146046,0.168915,0.29271,-20.3247,-17.1023,3.1417,17.1023,20.3247,41.3847
JPSS2_20250610T122401_vs_HYPERNETS_20250610T124500_RHOW_R_pixel.csv,THFR_pixel,Hyp,JPSS2,3.6641600000000003,43.43485999999999,3.662561,43.429804,0.58,2.25,2025-06-10T10:45:00Z,2025-06-10T10:24:01Z,21,30,5,-0.1594,-0.1438,-6.1334,-1.5681,-0.4009,0.013916,0.023269,0.059852,NA,TRUE,TRUE,0.007391,0.004204,113.778,-0.141882,-0.118226,0.065879,0.118226,0.141882,0.26312,-16.5341,-13.4077,6.5879,13.4077,16.5341,35.7074
JPSS2_20250616T121201_vs_HYPERNETS_20250616T114500_RHOW_R_pixel.csv,THFR_pixel,Hyp,JPSS2,3.6641600000000003,43.43485999999999,3.655393,43.431756,0.79,2.25,2025-06-16T09:45:00Z,2025-06-16T10:12:01Z,27,30,5,0.7595,0.5243,0.3765,1.1777,3.6839,-0.020966,-0.001075,0.005284,NA,FALSE,FALSE,0.003131,0.002382,52.3459,-0.096316,-0.051795,0.088617,0.088617,0.096316,0.661654,-10.6582,-5.4624,8.8617,8.8617,10.6582,171.891
JPSS2_20250616T121201_vs_HYPERNETS_20250616T120000_RHOW_R_pixel.csv,THFR_pixel,Hyp,JPSS2,3.6641600000000003,43.43485999999999,3.655393,43.431756,0.79,2.25,2025-06-16T10:00:00Z,2025-06-16T10:12:01Z,12,30,5,0.7456,0.4563,0.3727,1.1782,3.725,-0.020202,-7.34e-4,0.005423,NA,FALSE,FALSE,0.003225,0.002379,58.3852,-0.063812,-0.027955,0.119771,0.063812,0.119771,0.647822,-6.8162,-2.8759,11.9771,6.8162,11.9771,183.9472
JPSS2_20250616T121201_vs_HYPERNETS_20250616T121500_RHOW_R_pixel.csv,THFR_pixel,Hyp,JPSS2,3.6641600000000003,43.43485999999999,3.655393,43.431756,0.79,2.25,2025-06-16T10:15:00Z,2025-06-16T10:12:01Z,3,30,5,0.7641,0.4615,0.3809,1.2004,3.7831,-0.019969,-6.89e-4,0.005428,NA,FALSE,FALSE,0.003234,0.00233,59.1573,-0.038542,-0.005975,0.143242,0.038542,0.143242,0.637441,-4.0088,-0.6011,14.3242,4.0088,14.3242,175.8175
JPSS2_20250616T121201_vs_HYPERNETS_20250616T123000_RHOW_R_pixel.csv,THFR_pixel,Hyp,JPSS2,3.6641600000000003,43.43485999999999,3.655393,43.431756,0.79,2.25,2025-06-16T10:30:00Z,2025-06-16T10:12:01Z,18,30,5,0.743,0.4224,0.3793,1.2262,3.9642,-0.021897,-0.00106,0.005385,NA,FALSE,FALSE,0.003304,0.002485,59.4279,-0.074315,-0.020318,0.151388,0.074315,0.151388,0.658608,-8.0281,-2.0739,15.1388,8.0281,15.1388,192.9186
JPSS2_20250617T115401_vs_HYPERNETS_20250617T113000_RHOW_R_pixel.csv,THFR_pixel,Hyp,JPSS2,3.6641600000000003,43.43485999999999,3.657247,43.42331000000001,1.4,2.25,2025-06-17T09:30:00Z,2025-06-17T09:54:01Z,24,30,4,0.6671,0.9167,0.3699,0.683,1.261,-0.004736,-8e-5,0.002442,NA,FALSE,FALSE,0.002938,0.002634,31.6299,-0.364422,-0.301073,-0.25295,0.25295,0.301073,0.364422,-57.7041,-43.2996,-33.8894,33.8894,43.2996,57.7041
JPSS2_20250617T115401_vs_HYPERNETS_20250617T114500_RHOW_R_pixel.csv,THFR_pixel,Hyp,JPSS2,3.6641600000000003,43.43485999999999,3.657247,43.42331000000001,1.4,2.25,2025-06-17T09:45:00Z,2025-06-17T09:54:01Z,9,30,4,0.6679,0.9372,0.3739,0.6832,1.2485,-0.004607,-6.6e-5,0.002418,NA,FALSE,FALSE,0.002915,0.002611,31.7379,-0.364855,-0.299003,-0.251527,0.251527,0.299003,0.364855,-57.6961,-42.9566,-33.6066,33.6066,42.9566,57.6961
JPSS2_20250617T115401_vs_HYPERNETS_20250617T120000_RHOW_R_pixel.csv,THFR_pixel,Hyp,JPSS2,3.6641600000000003,43.43485999999999,3.657247,43.42331000000001,1.4,2.25,2025-06-17T10:00:00Z,2025-06-17T09:54:01Z,6,30,4,0.647,0.9655,0.3502,0.664,1.2591,-0.005408,-2.9e-4,0.002409,NA,FALSE,FALSE,0.00348,0.00318,36.7803,-0.40087,-0.345111,-0.312044,0.312044,0.345111,0.40087,-67.4296,-52.8509,-45.3647,45.3647,52.8509,67.4296
JPSS2_20250617T115401_vs_HYPERNETS_20250617T121500_RHOW_R_pixel.csv,THFR_pixel,Hyp,JPSS2,3.6641600000000003,43.43485999999999,3.657247,43.42331000000001,1.4,2.25,2025-06-17T10:15:00Z,2025-06-17T09:54:01Z,21,30,4,0.6609,0.9835,0.3692,0.6761,1.2384,-0.004986,-2.61e-4,0.002319,NA,FALSE,FALSE,0.003266,0.002982,35.4894,-0.387752,-0.340582,-0.307724,0.307724,0.340582,0.387752,-63.6864,-51.7539,-44.4821,44.4821,51.7539,63.6864
JPSS2_20250619T125400_vs_HYPERNETS_20250619T123000_RHOW_R_pixel.csv,THFR_pixel,Hyp,JPSS2,3.6641600000000003,43.43485999999999,3.664778,43.429453,0.6,2.25,2025-06-19T10:30:00Z,2025-06-19T10:54:00Z,24,30,5,0.73,1.3155,0.369,0.8458,1.9384,-0.009973,-0.002472,8.01e-4,NA,FALSE,FALSE,0.003837,0.003531,53.6925,-0.574634,-0.48384,-0.336473,0.336473,0.48384,0.574634,-135.0915,-93.7383,-50.7098,50.7098,93.7383,135.0915
JPSS2_20250619T125400_vs_HYPERNETS_20250619T124500_RHOW_R_pixel.csv,THFR_pixel,Hyp,JPSS2,3.6641600000000003,43.43485999999999,3.664778,43.429453,0.6,2.25,2025-06-19T10:45:00Z,2025-06-19T10:54:00Z,9,30,5,0.7166,1.3499,0.3653,0.8237,1.8575,-0.009645,-0.002421,7.82e-4,NA,FALSE,FALSE,0.003954,0.003653,54.6623,-0.580871,-0.488019,-0.356646,0.356646,0.488019,0.580871,-138.5899,-95.3198,-55.4354,55.4354,95.3198,138.5899
JPSS2_20250619T125400_vs_HYPERNETS_20250619T130000_RHOW_R_pixel.csv,THFR_pixel,Hyp,JPSS2,3.6641600000000003,43.43485999999999,3.664778,43.429453,0.6,2.25,2025-06-19T11:00:00Z,2025-06-19T10:54:00Z,6,30,5,0.7218,1.3782,0.3732,0.8197,1.8006,-0.008921,-0.002245,7.94e-4,NA,FALSE,FALSE,0.003769,0.003472,53.5149,-0.571559,-0.469024,-0.335686,0.335686,0.469024,0.571559,-133.4044,-88.3325,-50.5311,50.5311,88.3325,133.4044
JPSS2_20250619T125400_vs_HYPERNETS_20250619T131500_RHOW_R_pixel.csv,THFR_pixel,Hyp,JPSS2,3.6641600000000003,43.43485999999999,3.664778,43.429453,0.6,2.25,2025-06-19T11:15:00Z,2025-06-19T10:54:00Z,21,30,5,0.704,1.3433,0.3675,0.7937,1.7143,-0.008225,-0.002018,8.56e-4,NA,FALSE,FALSE,0.003722,0.003409,52.7879,-0.568759,-0.455371,-0.344911,0.344911,0.455371,0.568759,-131.8888,-83.6112,-52.651,52.651,83.6112,131.8888
JPSS2_20250625T124200_vs_HYPERNETS_20250625T121500_RHOW_R_pixel.csv,THFR_pixel,Hyp,JPSS2,3.6641600000000003,43.43485999999999,3.65502,43.429449,0.95,2.25,2025-06-25T10:15:00Z,2025-06-25T10:42:00Z,27,30,4,1.0032,2.4757,0.5106,1.0368,2.1054,-0.009144,-0.00305,-4.8e-5,NA,FALSE,TRUE,0.002931,0.00284,62.0634,-0.792294,-0.676461,-0.504801,0.504801,0.676461,0.792294,-419.1652,-218.3122,-111.3345,111.3345,218.3122,419.1652
JPSS2_20250625T124200_vs_HYPERNETS_20250625T123000_RHOW_R_pixel.csv,THFR_pixel,Hyp,JPSS2,3.6641600000000003,43.43485999999999,3.65502,43.429449,0.95,2.25,2025-06-25T10:30:00Z,2025-06-25T10:42:00Z,12,30,4,0.98,2.5222,0.414,1.0463,2.6444,-0.01357,-0.003639,2.91e-4,NA,FALSE,FALSE,0.003499,0.003351,64.7716,-0.831579,-0.71871,-0.534847,0.534847,0.71871,0.831579,-525.0972,-273.4174,-127.0831,127.0831,273.4174,525.0972
JPSS2_20250625T124200_vs_HYPERNETS_20250625T124500_RHOW_R_pixel.csv,THFR_pixel,Hyp,JPSS2,3.6641600000000003,43.43485999999999,3.65502,43.429449,0.95,2.25,2025-06-25T10:45:00Z,2025-06-25T10:42:00Z,3,30,4,1.023,2.4581,0.4351,1.0905,2.7333,-0.013092,-0.003502,3.24e-4,NA,FALSE,FALSE,0.003136,0.002974,62.5959,-0.818885,-0.700109,-0.507183,0.507183,0.700109,0.818885,-479.9854,-249.7546,-114.09,114.09,249.7546,479.9854
JPSS2_20250625T124200_vs_HYPERNETS_20250625T130000_RHOW_R_pixel.csv,THFR_pixel,Hyp,JPSS2,3.6641600000000003,43.43485999999999,3.65502,43.429449,0.95,2.25,2025-06-25T11:00:00Z,2025-06-25T10:42:00Z,18,30,4,0.9811,2.5318,0.4384,1.0349,2.443,-0.012176,-0.003507,1.65e-4,NA,FALSE,FALSE,0.003417,0.003292,64.5664,-0.825991,-0.711879,-0.531553,0.531553,0.711879,0.825991,-508.1124,-263.383,-124.6769,124.6769,263.383,508.1124
JPSS2_20250626T122400_vs_HYPERNETS_20250626T120000_RHOW_R_pixel.csv,THFR_pixel,Hyp,JPSS2,3.6641600000000003,43.43485999999999,3.658364,43.427742,0.92,2.25,2025-06-26T10:00:00Z,2025-06-26T10:24:00Z,24,30,5,1.1008,0.5227,0.6913,1.15,1.913,0.002647,0.0087,0.012338,NA,FALSE,TRUE,0.009966,0.009889,144.7136,1.191935,1.445885,1.765487,1.191935,1.445885,1.765487,119.1935,144.5885,176.5487,119.1935,144.5885,176.5487
JPSS2_20250626T122400_vs_HYPERNETS_20250626T121500_RHOW_R_pixel.csv,THFR_pixel,Hyp,JPSS2,3.6641600000000003,43.43485999999999,3.658364,43.427742,0.92,2.25,2025-06-26T10:15:00Z,2025-06-26T10:24:00Z,9,30,5,1.1063,0.5066,0.6926,1.1564,1.9308,0.003237,0.009086,0.01259,NA,FALSE,TRUE,0.010344,0.010268,159.4117,1.299341,1.658442,1.96223,1.299341,1.658442,1.96223,129.9341,165.8442,196.223,129.9341,165.8442,196.223
JPSS2_20250626T122400_vs_HYPERNETS_20250626T123000_RHOW_R_pixel.csv,THFR_pixel,Hyp,JPSS2,3.6641600000000003,43.43485999999999,3.658364,43.427742,0.92,2.25,2025-06-26T10:30:00Z,2025-06-26T10:24:00Z,6,30,5,1.1332,0.5123,0.7061,1.186,1.9918,0.00302,0.009009,0.012574,NA,FALSE,TRUE,0.010471,0.01039,162.8709,1.350885,1.68273,2.008451,1.350885,1.68273,2.008451,135.0885,168.273,200.8451,135.0885,168.273,200.8451
JPSS2_20250626T122400_vs_HYPERNETS_20250626T124500_RHOW_R_pixel.csv,THFR_pixel,Hyp,JPSS2,3.6641600000000003,43.43485999999999,3.658364,43.427742,0.92,2.25,2025-06-26T10:45:00Z,2025-06-26T10:24:00Z,21,30,5,1.1324,0.513,0.7038,1.1859,1.9982,0.003119,0.009096,0.012643,NA,FALSE,TRUE,0.010544,0.010464,165.6442,1.380269,1.768199,2.073019,1.380269,1.768199,2.073019,138.0269,176.8199,207.3019,138.0269,176.8199,207.3019
JPSS2_20250628T114800_vs_HYPERNETS_20250628T113000_RHOW_R_pixel.csv,THFR_pixel,Hyp,JPSS2,3.6641600000000003,43.43485999999999,3.664406,43.430589,0.48,2.25,2025-06-28T09:30:00Z,2025-06-28T09:48:00Z,18,30,4,0.8297,1.7661,0.3929,0.8664,1.9104,-0.010693,-0.003222,1.66e-4,NA,FALSE,FALSE,0.0043,0.004178,65.9428,-0.764061,-0.73125,-0.626618,0.626618,0.73125,0.764061,-327.4848,-272.7494,-186.9254,186.9254,272.7494,327.4848
JPSS2_20250628T114800_vs_HYPERNETS_20250628T114500_RHOW_R_pixel.csv,THFR_pixel,Hyp,JPSS2,3.6641600000000003,43.43485999999999,3.664406,43.430589,0.48,2.25,2025-06-28T09:45:00Z,2025-06-28T09:48:00Z,3,30,4,0.8149,1.7226,0.3851,0.8512,1.8816,-0.010449,-0.003096,2.3e-4,NA,FALSE,FALSE,0.004289,0.004158,65.8146,-0.758681,-0.728293,-0.627758,0.627758,0.728293,0.758681,-318.1874,-268.4402,-187.5931,187.5931,268.4402,318.1874
JPSS2_20250628T114800_vs_HYPERNETS_20250628T120000_RHOW_R_pixel.csv,THFR_pixel,Hyp,JPSS2,3.6641600000000003,43.43485999999999,3.664406,43.430589,0.48,2.25,2025-06-28T10:00:00Z,2025-06-28T09:48:00Z,12,30,4,0.8352,1.725,0.3918,0.8734,1.947,-0.010647,-0.003134,2.36e-4,NA,FALSE,FALSE,0.004146,0.00402,65.1238,-0.754272,-0.722853,-0.619819,0.619819,0.722853,0.754272,-310.8772,-261.2098,-181.7278,181.7278,261.2098,310.8772
JPSS2_20250628T114800_vs_HYPERNETS_20250628T121500_RHOW_R_pixel.csv,THFR_pixel,Hyp,JPSS2,3.6641600000000003,43.43485999999999,3.664406,43.430589,0.48,2.25,2025-06-28T10:15:00Z,2025-06-28T09:48:00Z,27,30,4,0.8283,1.7242,0.3768,0.8709,2.0129,-0.011408,-0.003246,2.85e-4,NA,FALSE,FALSE,0.004303,0.004169,65.7813,-0.759561,-0.728756,-0.627008,0.627008,0.728756,0.759561,-320.5178,-269.0003,-187.9435,187.9435,269.0003,320.5178
JPSS2_20250629T130600_vs_HYPERNETS_20250629T124500_RHOW_R_pixel.csv,THFR_pixel,Hyp,JPSS2,3.6641600000000003,43.43485999999999,3.6673030000000004,43.436393,0.31,2.25,2025-06-29T10:45:00Z,2025-06-29T11:06:00Z,21,30,5,0.9198,0.7322,0.4414,1.1735,3.1193,-0.014716,-0.001215,0.003865,NA,FALSE,FALSE,0.002347,0.002056,44.1286,-0.222935,-0.175308,0.080166,0.175308,0.222935,0.51198,-28.6894,-21.2573,8.0166,21.2573,28.6894,104.9095
JPSS2_20250629T130600_vs_HYPERNETS_20250629T130000_RHOW_R_pixel.csv,THFR_pixel,Hyp,JPSS2,3.6641600000000003,43.43485999999999,3.6673030000000004,43.436393,0.31,2.25,2025-06-29T11:00:00Z,2025-06-29T11:06:00Z,6,30,5,0.9107,0.6874,0.4363,1.1744,3.1612,-0.014739,-0.001121,0.003937,NA,FALSE,FALSE,0.00239,0.002073,46.1045,-0.21884,-0.162925,0.088495,0.162925,0.21884,0.510071,-28.0147,-19.4636,8.8495,19.4636,28.0147,104.1112
JPSS2_20250629T130600_vs_HYPERNETS_20250629T131500_RHOW_R_pixel.csv,THFR_pixel,Hyp,JPSS2,3.6641600000000003,43.43485999999999,3.6673030000000004,43.436393,0.31,2.25,2025-06-29T11:15:00Z,2025-06-29T11:06:00Z,9,30,5,0.9349,0.6914,0.4481,1.2012,3.2199,-0.014468,-0.001054,0.00395,NA,FALSE,FALSE,0.002384,0.00204,46.8011,-0.190298,-0.141174,0.11909,0.141174,0.190298,0.489032,-23.5023,-16.438,11.909,16.438,23.5023,95.7068
JPSS2_20250629T130600_vs_HYPERNETS_20250629T133000_RHOW_R_pixel.csv,THFR_pixel,Hyp,JPSS2,3.6641600000000003,43.43485999999999,3.6673030000000004,43.436393,0.31,2.25,2025-06-29T11:30:00Z,2025-06-29T11:06:00Z,24,30,5,0.971,0.696,0.4657,1.2437,3.3215,-0.014182,-9.77e-4,0.003968,NA,FALSE,FALSE,0.002418,0.002009,48.092,-0.154681,-0.110392,0.167432,0.154681,0.167432,0.453852,-18.2986,-12.4091,16.7432,16.7432,18.2986,83.1004
JPSS2_20250630T124800_vs_HYPERNETS_20250630T123000_RHOW_R_pixel.csv,THFR_pixel,Hyp,JPSS2,3.6641600000000003,43.43485999999999,3.6675670000000005,43.434422,0.28,2.25,2025-06-30T10:30:00Z,2025-06-30T10:48:00Z,18,30,5,0.2278,0.1203,0.1447,0.5178,1.8535,-0.004332,0.004709,0.007235,NA,FALSE,FALSE,0.003281,0.003092,67.289,-0.151858,0.551036,0.66246,0.279425,0.551036,0.66246,-17.9048,55.1036,66.246,38.778,55.1036,66.246
JPSS2_20250630T124800_vs_HYPERNETS_20250630T124500_RHOW_R_pixel.csv,THFR_pixel,Hyp,JPSS2,3.6641600000000003,43.43485999999999,3.6675670000000005,43.434422,0.28,2.25,2025-06-30T10:45:00Z,2025-06-30T10:48:00Z,3,30,5,0.2367,0.1027,0.1487,0.5306,1.8939,-0.002663,0.005166,0.00736,NA,FALSE,FALSE,0.003784,0.003239,100.2021,-0.070321,1.003005,1.041814,0.163413,1.003005,1.041814,-7.564,100.3005,104.1814,19.5334,100.3005,104.1814
JPSS2_20250630T124800_vs_HYPERNETS_20250630T130000_RHOW_R_pixel.csv,THFR_pixel,Hyp,JPSS2,3.6641600000000003,43.43485999999999,3.6675670000000005,43.434422,0.28,2.25,2025-06-30T11:00:00Z,2025-06-30T10:48:00Z,12,30,5,0.2347,0.1157,0.1483,0.53,1.8948,-0.003886,0.004829,0.007267,NA,FALSE,FALSE,0.003407,0.003104,76.1654,-0.116303,0.675254,0.772642,0.238489,0.675254,0.772642,-13.161,67.5254,77.2642,31.3178,67.5254,77.2642
JPSS2_20250630T124800_vs_HYPERNETS_20250630T131500_RHOW_R_pixel.csv,THFR_pixel,Hyp,JPSS2,3.6641600000000003,43.43485999999999,3.6675670000000005,43.434422,0.28,2.25,2025-06-30T11:15:00Z,2025-06-30T10:48:00Z,27,30,5,0.2342,0.1102,0.1497,0.5367,1.9241,-0.003698,0.004891,0.007287,NA,FALSE,FALSE,0.003498,0.003122,81.8011,-0.095163,0.74775,0.841178,0.221648,0.74775,0.841178,-10.5171,74.775,84.1178,28.4766,74.775,84.1178
JPSS2_20250708T120001_vs_HYPERNETS_20250708T114500_RHOW_R_pixel.csv,THFR_pixel,Hyp,JPSS2,3.6641600000000003,43.43485999999999,3.6598699999999997,43.427344,0.91,2.25,2025-07-08T09:45:00Z,2025-07-08T10:00:01Z,15,30,5,1.1994,1.3639,0.5747,1.6543,4.7619,-0.029417,-0.005027,0.003447,NA,FALSE,FALSE,0.003042,0.002488,39.6492,-0.178643,0.035255,0.146707,0.146707,0.178643,0.778313,-21.7497,3.5255,14.6707,14.6707,21.7497,84.354
JPSS2_20250708T120001_vs_HYPERNETS_20250708T120000_RHOW_R_pixel.csv,THFR_pixel,Hyp,JPSS2,3.6641600000000003,43.43485999999999,3.6598699999999997,43.427344,0.91,2.25,2025-07-08T10:00:00Z,2025-07-08T10:00:01Z,0,30,5,1.2402,1.4855,0.5936,1.6124,4.3801,-0.024949,-0.004156,0.003498,NA,FALSE,FALSE,0.002887,0.002381,39.7285,-0.116703,0.068976,0.16406,0.116703,0.16406,0.752569,-13.2122,6.8976,16.406,13.2122,16.406,88.4115
JPSS2_20250708T120001_vs_HYPERNETS_20250708T121500_RHOW_R_pixel.csv,THFR_pixel,Hyp,JPSS2,3.6641600000000003,43.43485999999999,3.6598699999999997,43.427344,0.91,2.25,2025-07-08T10:15:00Z,2025-07-08T10:00:01Z,15,30,5,1.095,1.1699,0.5378,1.6593,5.1194,-0.035651,-0.006177,0.003376,NA,FALSE,FALSE,0.003323,0.002753,40.1083,-0.274242,-0.057039,0.105378,0.105378,0.274242,0.761885,-37.7871,-6.049,10.5378,10.5378,37.7871,76.1885
JPSS2_20250708T120001_vs_HYPERNETS_20250708T123000_RHOW_R_pixel.csv,THFR_pixel,Hyp,JPSS2,3.6641600000000003,43.43485999999999,3.6598699999999997,43.427344,0.91,2.25,2025-07-08T10:30:00Z,2025-07-08T10:00:01Z,30,30,5,1.181,1.4125,0.5649,1.6017,4.5414,-0.028363,-0.004852,0.00344,NA,FALSE,FALSE,0.002978,0.002392,38.3572,-0.195107,-0.006988,0.126647,0.126647,0.195107,0.775675,-24.2402,-0.7037,12.6647,12.6647,24.2402,81.3444
JPSS2_20250710T130001_vs_HYPERNETS_20250710T124500_RHOW_R_pixel.csv,THFR_pixel,Hyp,JPSS2,3.6641600000000003,43.43485999999999,3.659903,43.428962000000006,0.74,2.25,2025-07-10T10:45:00Z,2025-07-10T11:00:01Z,15,30,5,1.2974,2.1597,0.7239,1.4088,2.7418,-0.013286,-0.004371,2.1e-4,NA,FALSE,FALSE,0.002485,0.001868,33.8694,-0.454989,-0.20473,0.00397,0.047043,0.20473,0.454989,-83.4827,-25.7435,0.397,4.7043,25.7435,83.4827
JPSS2_20250710T130001_vs_HYPERNETS_20250710T130000_RHOW_R_pixel.csv,THFR_pixel,Hyp,JPSS2,3.6641600000000003,43.43485999999999,3.659903,43.428962000000006,0.74,2.25,2025-07-10T11:00:00Z,2025-07-10T11:00:01Z,0,30,5,1.3787,2.095,0.753,1.5123,3.0373,-0.014314,-0.004591,2.5e-4,NA,FALSE,FALSE,0.002424,0.001943,35.6698,-0.438134,-0.174656,0.071725,0.116788,0.174656,0.438134,-77.9783,-21.1616,7.1725,11.6788,21.1616,77.9783
JPSS2_20250710T130001_vs_HYPERNETS_20250710T131500_RHOW_R_pixel.csv,THFR_pixel,Hyp,JPSS2,3.6641600000000003,43.43485999999999,3.659903,43.428962000000006,0.74,2.25,2025-07-10T11:15:00Z,2025-07-10T11:00:01Z,15,30,5,1.3893,2.6738,1.0154,1.4133,1.9671,-0.005294,-0.002381,-2.89e-4,NA,TRUE,TRUE,0.001411,0.00111,29.6703,-0.23033,0.022308,0.094204,0.094204,0.169797,0.23033,-29.9258,2.2308,9.4204,9.4204,16.9797,29.9258
JPSS2_20250710T130001_vs_HYPERNETS_20250710T133000_RHOW_R_pixel.csv,THFR_pixel,Hyp,JPSS2,3.6641600000000003,43.43485999999999,3.659903,43.428962000000006,0.74,2.25,2025-07-10T11:30:00Z,2025-07-10T11:00:01Z,30,30,5,1.4386,2.147,0.8139,1.5529,2.9628,-0.012104,-0.00394,3.39e-4,NA,FALSE,FALSE,0.002119,0.001774,36.7679,-0.361999,-0.108965,0.191072,0.191072,0.197359,0.361999,-56.7396,-12.229,19.1072,19.1072,19.7359,56.7396
JPSS2_20250711T124201_vs_HYPERNETS_20250711T121500_RHOW_R_pixel.csv,THFR_pixel,Hyp,JPSS2,3.6641600000000003,43.43485999999999,3.657773,43.430913000000004,0.68,2.25,2025-07-11T10:15:00Z,2025-07-11T10:42:01Z,27,30,5,1.2365,1.3171,0.7324,1.3129,2.3533,-0.009603,-0.002773,0.001038,NA,FALSE,FALSE,0.001478,0.001109,20.1151,-0.193212,-0.125115,0.032728,0.073485,0.125115,0.193212,-23.9483,-14.3007,3.2728,7.3485,14.3007,23.9483
JPSS2_20250711T124201_vs_HYPERNETS_20250711T123000_RHOW_R_pixel.csv,THFR_pixel,Hyp,JPSS2,3.6641600000000003,43.43485999999999,3.657773,43.430913000000004,0.68,2.25,2025-07-11T10:30:00Z,2025-07-11T10:42:01Z,12,30,5,1.2654,1.325,0.7637,1.3359,2.3369,-0.008829,-0.002543,0.001051,NA,FALSE,FALSE,0.001349,0.001079,20.1137,-0.168541,-0.083627,0.100454,0.100454,0.101129,0.168541,-20.2706,-9.1258,10.0454,10.0454,10.1129,20.2706
JPSS2_20250711T124201_vs_HYPERNETS_20250711T124500_RHOW_R_pixel.csv,THFR_pixel,Hyp,JPSS2,3.6641600000000003,43.43485999999999,3.657773,43.430913000000004,0.68,2.25,2025-07-11T10:45:00Z,2025-07-11T10:42:01Z,3,30,5,1.2718,1.3246,0.7602,1.3464,2.3847,-0.009247,-0.002675,0.001035,NA,FALSE,FALSE,0.001392,0.001089,20.0583,-0.171802,-0.085202,0.082366,0.085202,0.100419,0.171802,-20.744,-9.3138,8.2366,9.3138,10.0419,20.744
JPSS2_20250711T124201_vs_HYPERNETS_20250711T130000_RHOW_R_pixel.csv,THFR_pixel,Hyp,JPSS2,3.6641600000000003,43.43485999999999,3.657773,43.430913000000004,0.68,2.25,2025-07-11T11:00:00Z,2025-07-11T10:42:01Z,18,30,5,1.2498,1.3993,0.7645,1.3144,2.2597,-0.008979,-0.002777,8.31e-4,NA,FALSE,FALSE,0.001423,0.001089,20.7119,-0.244171,-0.107841,0.053747,0.057425,0.107841,0.244171,-32.3051,-12.0877,5.3747,5.7425,12.0877,32.3051
JPSS2_20250713T120601_vs_HYPERNETS_20250713T114500_RHOW_C_pixel.csv,THFR_pixel,Hyp,JPSS2,3.6641600000000003,43.43485999999999,3.6616429999999998,43.429666,0.61,2.25,2025-07-13T09:45:00Z,2025-07-13T10:06:01Z,21,30,5,1.0781,0.5828,0.5599,1.8364,6.0228,-0.027352,-0.00281,0.004672,NA,FALSE,FALSE,0.003957,0.003371,78.7186,0.123924,0.254351,0.493696,0.254351,0.493696,0.689093,12.3924,25.4351,49.3696,25.4351,49.3696,221.6398
JPSS2_20250713T120601_vs_HYPERNETS_20250713T120000_RHOW_C_pixel.csv,THFR_pixel,Hyp,JPSS2,3.6641600000000003,43.43485999999999,3.6616429999999998,43.429666,0.61,2.25,2025-07-13T10:00:00Z,2025-07-13T10:06:01Z,6,30,5,1.0768,0.5993,0.5545,1.806,5.8824,-0.026687,-0.002681,0.004689,NA,FALSE,FALSE,0.003919,0.003336,77.8684,0.124991,0.248646,0.475811,0.248646,0.475811,0.687644,12.4991,24.8646,47.5811,24.8646,47.5811,220.1473
JPSS2_20250713T120601_vs_HYPERNETS_20250713T121500_RHOW_C_pixel.csv,THFR_pixel,Hyp,JPSS2,3.6641600000000003,43.43485999999999,3.6616429999999998,43.429666,0.61,2.25,2025-07-13T10:15:00Z,2025-07-13T10:06:01Z,9,30,5,1.052,0.5611,0.5486,1.8047,5.9373,-0.027139,-0.002713,0.004712,NA,FALSE,FALSE,0.00394,0.003335,78.5856,0.109986,0.24102,0.478804,0.24102,0.478804,0.691172,10.9986,24.102,47.8804,24.102,47.8804,223.8047
JPSS2_20250713T120601_vs_HYPERNETS_20250713T123000_RHOW_C_pixel.csv,THFR_pixel,Hyp,JPSS2,3.6641600000000003,43.43485999999999,3.6616429999999998,43.429666,0.61,2.25,2025-07-13T10:30:00Z,2025-07-13T10:06:01Z,24,30,5,1.1641,0.645,0.5885,1.8842,6.0332,-0.025315,-0.002436,0.004709,NA,FALSE,FALSE,0.004086,0.003559,86.2508,0.21864,0.336962,0.550576,0.336962,0.550576,0.659694,21.864,33.6962,55.0576,33.6962,55.0576,193.8529
JPSS2_20250715T130600_vs_HYPERNETS_20250715T124500_RHOW_R_pixel.csv,THFR_pixel,Hyp,JPSS2,3.6641600000000003,43.43485999999999,3.659392,43.426942000000004,0.96,2.25,2025-07-15T10:45:00Z,2025-07-15T11:06:00Z,21,30,5,1.0692,1.1555,0.5541,1.212,2.651,-0.012599,-0.001519,0.003546,NA,FALSE,FALSE,0.002069,0.001563,29.8078,0.034852,0.051209,0.060377,0.051209,0.060377,0.647439,3.4852,5.1209,6.0377,5.1209,6.0377,64.7439
JPSS2_20250715T130600_vs_HYPERNETS_20250715T130000_RHOW_R_pixel.csv,THFR_pixel,Hyp,JPSS2,3.6641600000000003,43.43485999999999,3.659392,43.426942000000004,0.96,2.25,2025-07-15T11:00:00Z,2025-07-15T11:06:00Z,6,30,5,1.0658,1.1055,0.5551,1.2034,2.6088,-0.01144,-0.001069,0.003715,NA,FALSE,FALSE,0.002082,0.001721,34.3507,0.073823,0.089169,0.091569,0.089169,0.091569,0.671031,7.3823,8.9169,9.1569,8.9169,9.1569,79.1944
JPSS2_20250715T130600_vs_HYPERNETS_20250715T131500_RHOW_R_pixel.csv,THFR_pixel,Hyp,JPSS2,3.6641600000000003,43.43485999999999,3.659392,43.426942000000004,0.96,2.25,2025-07-15T11:15:00Z,2025-07-15T11:06:00Z,9,30,5,1.073,1.1093,0.5584,1.2122,2.6312,-0.011571,-0.001118,0.003698,NA,FALSE,FALSE,0.002092,0.001739,34.4677,0.078843,0.091423,0.09252,0.091423,0.09252,0.671867,7.8843,9.1423,9.252,9.1423,9.252,78.8734
JPSS2_20250715T130600_vs_HYPERNETS_20250715T133000_RHOW_R_pixel.csv,THFR_pixel,Hyp,JPSS2,3.6641600000000003,43.43485999999999,3.659392,43.426942000000004,0.96,2.25,2025-07-15T11:30:00Z,2025-07-15T11:06:00Z,24,30,5,1.1161,1.1221,0.582,1.2592,2.7243,-0.011595,-0.001158,0.003666,NA,FALSE,FALSE,0.002169,0.001917,37.4222,0.117642,0.125536,0.131776,0.125536,0.131776,0.660324,11.7642,12.5536,13.1776,12.5536,13.1776,83.5834
JPSS2_20250716T124800_vs_HYPERNETS_20250716T123000_RHOW_R_pixel.csv,THFR_pixel,Hyp,JPSS2,3.6641600000000003,43.43485999999999,3.6622549999999996,43.433176,0.24,2.25,2025-07-16T10:30:00Z,2025-07-16T10:48:00Z,18,30,4,0.8748,0.686,0.2811,1.0857,4.1938,-0.026436,-0.00233,0.003911,NA,FALSE,FALSE,0.002753,0.002302,35.7321,-0.47934,-0.237283,0.070144,0.285632,0.40765,0.47934,-93.4997,-36.2336,5.754,27.6587,57.0875,93.4997
JPSS2_20250716T124800_vs_HYPERNETS_20250716T124500_RHOW_R_pixel.csv,THFR_pixel,Hyp,JPSS2,3.6641600000000003,43.43485999999999,3.6622549999999996,43.433176,0.24,2.25,2025-07-16T10:45:00Z,2025-07-16T10:48:00Z,3,30,4,0.8875,0.6956,0.2873,1.0893,4.1305,-0.025418,-0.002219,0.003899,NA,FALSE,FALSE,0.002635,0.002202,35.5001,-0.46768,-0.22764,0.081493,0.300259,0.412938,0.46768,-89.185,-34.3061,6.8147,28.9412,56.7318,89.185
JPSS2_20250716T124800_vs_HYPERNETS_20250716T130000_RHOW_R_pixel.csv,THFR_pixel,Hyp,JPSS2,3.6641600000000003,43.43485999999999,3.6622549999999996,43.433176,0.24,2.25,2025-07-16T11:00:00Z,2025-07-16T10:48:00Z,12,30,4,0.8345,0.6854,0.2631,1.0784,4.4195,-0.031294,-0.003031,0.003865,NA,FALSE,FALSE,0.003349,0.002773,35.2759,-0.527331,-0.282244,-0.00397,0.174159,0.348731,0.527331,-113.8098,-45.5577,-1.0949,17.432,53.8744,113.8098
JPSS2_20250716T124800_vs_HYPERNETS_20250716T131500_RHOW_R_pixel.csv,THFR_pixel,Hyp,JPSS2,3.6641600000000003,43.43485999999999,3.6622549999999996,43.433176,0.24,2.25,2025-07-16T11:15:00Z,2025-07-16T10:48:00Z,27,30,4,0.9042,0.7184,0.2939,1.1037,4.1452,-0.025452,-0.002308,0.003854,NA,FALSE,FALSE,0.002598,0.002151,34.6145,-0.464022,-0.223127,0.078475,0.280052,0.397928,0.464022,-87.9477,-33.4648,6.687,27.0251,54.672,87.9477
JPSS2_20250718T121200_vs_HYPERNETS_20250718T114500_RHOW_R_pixel.csv,THFR_pixel,Hyp,JPSS2,3.6641600000000003,43.43485999999999,3.666232,43.431625999999994,0.4,2.25,2025-07-18T09:45:00Z,2025-07-18T10:12:00Z,27,30,5,1.073,1.2009,0.5129,1.4228,3.9467,-0.019522,-0.002887,0.003109,NA,FALSE,FALSE,0.002862,0.00232,53.6134,-0.161654,-0.051772,0.146602,0.146602,0.161654,0.977906,-19.2825,-5.4599,14.6602,14.6602,19.2825,134.2736
JPSS2_20250718T121200_vs_HYPERNETS_20250718T120000_RHOW_R_pixel.csv,THFR_pixel,Hyp,JPSS2,3.6641600000000003,43.43485999999999,3.666232,43.431625999999994,0.4,2.25,2025-07-18T10:00:00Z,2025-07-18T10:12:00Z,12,30,5,1.0916,1.2518,0.522,1.4339,3.9387,-0.019135,-0.002838,0.003094,NA,FALSE,FALSE,0.002829,0.002276,53.1797,-0.144113,-0.03954,0.156615,0.144113,0.156615,0.977399,-16.8379,-4.1168,15.6615,15.6615,16.8379,134.1319
JPSS2_20250718T121200_vs_HYPERNETS_20250718T121500_RHOW_R_pixel.csv,THFR_pixel,Hyp,JPSS2,3.6641600000000003,43.43485999999999,3.666232,43.431625999999994,0.4,2.25,2025-07-18T10:15:00Z,2025-07-18T10:12:00Z,3,30,5,1.094,1.3611,0.5241,1.4109,3.7982,-0.018358,-0.00274,0.003062,NA,FALSE,FALSE,0.002757,0.002217,51.5156,-0.137516,-0.04833,0.141924,0.137516,0.141924,0.976983,-15.9442,-5.0785,14.1924,14.1924,15.9442,127.1029
JPSS2_20250718T121200_vs_HYPERNETS_20250718T123000_RHOW_R_pixel.csv,THFR_pixel,Hyp,JPSS2,3.6641600000000003,43.43485999999999,3.666232,43.431625999999994,0.4,2.25,2025-07-18T10:30:00Z,2025-07-18T10:12:00Z,18,30,5,1.0656,1.4062,0.5114,1.3607,3.621,-0.017716,-0.002606,0.003072,NA,FALSE,FALSE,0.002715,0.002188,50.5285,-0.152949,-0.069282,0.108443,0.108443,0.152949,0.97704,-18.0567,-7.4439,10.8443,10.8443,18.0567,121.8713
JPSS2_20250722T123600_vs_HYPERNETS_20250722T121500_RHOW_R_pixel.csv,THFR_pixel,Hyp,JPSS2,3.6641600000000003,43.43485999999999,3.6601570000000003,43.432675,0.4,2.25,2025-07-22T10:15:00Z,2025-07-22T10:36:00Z,21,30,4,0.9824,0.9256,0.3131,1.2367,4.8841,-0.027552,-0.003471,0.002627,NA,FALSE,FALSE,0.002868,0.002277,40.1756,-0.579215,-0.264228,0.032814,0.188368,0.365826,0.579215,-162.7118,-42.9653,2.6479,18.529,56.2575,162.7118
JPSS2_20250722T123600_vs_HYPERNETS_20250722T123000_RHOW_R_pixel.csv,THFR_pixel,Hyp,JPSS2,3.6641600000000003,43.43485999999999,3.6601570000000003,43.432675,0.4,2.25,2025-07-22T10:30:00Z,2025-07-22T10:36:00Z,6,30,4,0.9749,0.942,0.3122,1.2169,4.7434,-0.026834,-0.003394,0.002619,NA,FALSE,FALSE,0.002875,0.002308,40.2512,-0.580488,-0.271219,0.021066,0.183492,0.361468,0.580488,-163.2586,-44.1353,1.4593,18.1453,55.8728,163.2586
JPSS2_20250722T123600_vs_HYPERNETS_20250722T124500_RHOW_R_pixel.csv,THFR_pixel,Hyp,JPSS2,3.6641600000000003,43.43485999999999,3.6601570000000003,43.432675,0.4,2.25,2025-07-22T10:45:00Z,2025-07-22T10:36:00Z,9,30,4,0.9733,0.9818,0.3141,1.1999,4.5841,-0.02605,-0.003353,0.002588,NA,FALSE,FALSE,0.002881,0.002332,39.942,-0.581962,-0.278993,0.004181,0.166326,0.348868,0.581962,-163.8719,-45.4702,-0.1773,16.5793,54.4569,163.8719
JPSS2_20250722T123600_vs_HYPERNETS_20250722T130000_RHOW_R_pixel.csv,THFR_pixel,Hyp,JPSS2,3.6641600000000003,43.43485999999999,3.6601570000000003,43.432675,0.4,2.25,2025-07-22T11:00:00Z,2025-07-22T10:36:00Z,24,30,4,0.9907,1.0021,0.3239,1.2006,4.4509,-0.0241,-0.003073,0.002599,NA,FALSE,FALSE,0.002667,0.002167,40.1687,-0.564805,-0.260855,0.031177,0.204464,0.367582,0.564805,-152.3209,-41.4963,2.358,20.1279,55.1314,152.3209
JPSS2_20250726T130001_vs_HYPERNETS_20250726T124500_RHOW_R_pixel.csv,THFR_pixel,Hyp,JPSS2,3.6641600000000003,43.43485999999999,3.65995,43.430699,0.57,2.25,2025-07-26T10:45:00Z,2025-07-26T11:00:01Z,15,30,3,4.4083,1.0757,0.8404,4.5025,24.1225,-0.036781,-9.91e-4,0.00569,NA,FALSE,FALSE,0.006007,0.005399,288.2774,2.649986,2.74314,3.045745,2.649986,2.74314,3.045745,264.8797,274.314,303.4412,264.8797,274.314,303.4412
JPSS2_20250726T130001_vs_HYPERNETS_20250726T130000_RHOW_R_pixel.csv,THFR_pixel,Hyp,JPSS2,3.6641600000000003,43.43485999999999,3.65995,43.430699,0.57,2.25,2025-07-26T11:00:00Z,2025-07-26T11:00:01Z,0,30,5,1.0326,1.1095,0.5935,1.1077,2.0676,-0.005408,1.15e-4,0.003074,NA,FALSE,FALSE,0.001394,0.001001,20.6892,-0.065608,0.02875,0.175501,0.065608,0.146518,0.175501,-7.0215,2.875,17.5501,7.0215,17.1671,17.5501
JPSS2_20250726T130001_vs_HYPERNETS_20250726T131500_RHOW_R_pixel.csv,THFR_pixel,Hyp,JPSS2,3.6641600000000003,43.43485999999999,3.65995,43.430699,0.57,2.25,2025-07-26T11:15:00Z,2025-07-26T11:00:01Z,15,30,5,1.0741,1.3102,0.6338,1.1418,2.057,-0.007327,-0.00118,0.002232,NA,FALSE,FALSE,0.001149,0.001009,19.7474,-0.27362,-0.038103,0.04599,0.04599,0.27362,0.277446,-37.6689,-3.9612,4.599,4.599,27.7446,37.6689
JPSS2_20250726T130001_vs_HYPERNETS_20250726T133000_RHOW_R_pixel.csv,THFR_pixel,Hyp,JPSS2,3.6641600000000003,43.43485999999999,3.65995,43.430699,0.57,2.25,2025-07-26T11:30:00Z,2025-07-26T11:00:01Z,30,30,5,1.0527,1.2464,0.6189,1.1204,2.0281,-0.00698,-9.51e-4,0.002379,NA,FALSE,FALSE,0.001137,9.66e-4,19.0267,-0.220913,-0.035086,0.040639,0.040639,0.220913,0.304575,-28.3553,-3.6362,4.0639,4.0639,28.3553,30.4575
JPSS2_20250728T122401_vs_HYPERNETS_20250728T120000_RHOW_R_pixel.csv,THFR_pixel,Hyp,JPSS2,3.6641600000000003,43.43485999999999,3.6548789999999998,43.430445,0.9,2.25,2025-07-28T10:00:00Z,2025-07-28T10:24:01Z,24,30,5,0.5157,0.6079,0.2668,0.8725,2.8532,-0.007919,0.002732,0.005989,NA,FALSE,FALSE,0.00296,0.002333,55.6881,0.20239,0.239449,0.861318,0.20239,0.239449,0.861318,20.239,23.9449,86.1318,20.239,23.9449,86.1318
JPSS2_20250728T122401_vs_HYPERNETS_20250728T121500_RHOW_R_pixel.csv,THFR_pixel,Hyp,JPSS2,3.6641600000000003,43.43485999999999,3.6548789999999998,43.430445,0.9,2.25,2025-07-28T10:15:00Z,2025-07-28T10:24:01Z,9,30,5,0.3876,0.4322,0.228,0.7974,2.789,-0.0073,0.003214,0.00622,NA,FALSE,FALSE,0.003326,0.002566,70.2461,0.152523,0.178175,1.045549,0.152523,0.178175,1.045549,15.2523,17.8175,104.5549,15.2523,17.8175,104.5549
JPSS2_20250728T122401_vs_HYPERNETS_20250728T123000_RHOW_R_pixel.csv,THFR_pixel,Hyp,JPSS2,3.6641600000000003,43.43485999999999,3.6548789999999998,43.430445,0.9,2.25,2025-07-28T10:30:00Z,2025-07-28T10:24:01Z,6,30,5,0.3909,0.3946,0.2362,0.8334,2.9407,-0.007076,0.003314,0.006259,NA,FALSE,FALSE,0.003534,0.002691,83.3793,0.221103,0.250879,1.205337,0.221103,0.250879,1.205337,22.1103,25.0879,120.5337,22.1103,25.0879,120.5337
JPSS2_20250728T122401_vs_HYPERNETS_20250728T124500_RHOW_R_pixel.csv,THFR_pixel,Hyp,JPSS2,3.6641600000000003,43.43485999999999,3.6548789999999998,43.430445,0.9,2.25,2025-07-28T10:45:00Z,2025-07-28T10:24:01Z,21,30,5,0.5317,0.6859,0.2682,0.8566,2.7363,-0.008959,0.002295,0.005818,NA,FALSE,FALSE,0.002535,0.001965,38.5738,0.075424,0.079058,0.664771,0.079058,0.129188,0.664771,7.5424,7.9058,66.4771,7.9058,14.8353,66.4771
JPSS2_20250802T123001_vs_HYPERNETS_20250802T121500_RHOW_R_pixel.csv,THFR_pixel,Hyp,JPSS2,3.6641600000000003,43.43485999999999,3.660243,43.42935000000001,0.69,2.25,2025-08-02T10:15:00Z,2025-08-02T10:30:01Z,15,30,5,0.7866,0.9793,0.3763,1.0296,2.8175,-0.013633,-0.002956,9.46e-4,NA,FALSE,FALSE,0.003192,0.002779,47.3749,-0.525066,-0.436802,-0.245002,0.245002,0.436802,0.525066,-110.5555,-77.5576,-32.4506,32.4506,77.5576,110.5555
JPSS2_20250802T123001_vs_HYPERNETS_20250802T123000_RHOW_R_pixel.csv,THFR_pixel,Hyp,JPSS2,3.6641600000000003,43.43485999999999,3.660243,43.42935000000001,0.69,2.25,2025-08-02T10:30:00Z,2025-08-02T10:30:01Z,0,30,5,0.8289,1.0918,0.3997,1.0381,2.6964,-0.012051,-0.002676,9.34e-4,NA,FALSE,FALSE,0.002854,0.00246,44.8557,-0.507176,-0.393043,-0.206363,0.206363,0.393043,0.507176,-102.9123,-64.7563,-26.0021,26.0021,64.7563,102.9123
JPSS2_20250802T123001_vs_HYPERNETS_20250802T124500_RHOW_R_pixel.csv,THFR_pixel,Hyp,JPSS2,3.6641600000000003,43.43485999999999,3.660243,43.42935000000001,0.69,2.25,2025-08-02T10:45:00Z,2025-08-02T10:30:01Z,15,30,5,0.8365,1.1113,0.4038,1.0434,2.696,-0.011965,-0.002674,9.23e-4,NA,FALSE,FALSE,0.00282,0.002429,44.661,-0.504781,-0.391145,-0.205697,0.205697,0.391145,0.504781,-101.9307,-64.2427,-25.8966,25.8966,64.2427,101.9307
JPSS2_20250802T123001_vs_HYPERNETS_20250802T130000_RHOW_R_pixel.csv,THFR_pixel,Hyp,JPSS2,3.6641600000000003,43.43485999999999,3.660243,43.42935000000001,0.69,2.25,2025-08-02T11:00:00Z,2025-08-02T10:30:01Z,30,30,5,0.8456,1.1647,0.412,1.0313,2.5814,-0.011019,-0.002485,9.25e-4,NA,FALSE,FALSE,0.002688,0.002312,43.6868,-0.498368,-0.367367,-0.189565,0.189565,0.367367,0.498368,-99.3495,-58.0696,-23.3905,23.3905,58.0696,99.3495
JPSS2_20250803T121201_vs_HYPERNETS_20250803T114500_RHOW_R_pixel.csv,THFR_pixel,Hyp,JPSS2,3.6641600000000003,43.43485999999999,3.660148,43.428623,0.77,2.25,2025-08-03T09:45:00Z,2025-08-03T10:12:01Z,27,30,4,0.7421,0.4214,0.235,1.1217,5.3532,-0.024092,-0.001265,0.003518,NA,FALSE,FALSE,0.002073,0.001935,47.6483,-0.374575,-0.0857,0.316715,0.257657,0.448642,0.667467,-64.0688,-12.5229,28.252,34.771,63.9209,101.443
JPSS2_20250803T121201_vs_HYPERNETS_20250803T120000_RHOW_R_pixel.csv,THFR_pixel,Hyp,JPSS2,3.6641600000000003,43.43485999999999,3.660148,43.428623,0.77,2.25,2025-08-03T10:00:00Z,2025-08-03T10:12:01Z,12,30,4,0.6953,0.4204,0.2232,1.0946,5.3678,-0.026108,-0.001514,0.003501,NA,FALSE,FALSE,0.00229,0.002018,43.4967,-0.412389,-0.128716,0.232998,0.274778,0.485642,0.645832,-75.1854,-18.2742,20.8794,39.1371,59.7667,90.062
JPSS2_20250803T121201_vs_HYPERNETS_20250803T121500_RHOW_R_pixel.csv,THFR_pixel,Hyp,JPSS2,3.6641600000000003,43.43485999999999,3.660148,43.428623,0.77,2.25,2025-08-03T10:15:00Z,2025-08-03T10:12:01Z,3,30,4,0.7695,0.4629,0.2415,1.1179,5.1756,-0.023488,-0.001321,0.003467,NA,FALSE,FALSE,0.002022,0.001859,44.2606,-0.375503,-0.099109,0.270755,0.253206,0.448245,0.637645,-64.1572,-13.9509,24.2633,34.3567,59.3019,92.1604
JPSS2_20250803T121201_vs_HYPERNETS_20250803T123000_RHOW_R_pixel.csv,THFR_pixel,Hyp,JPSS2,3.6641600000000003,43.43485999999999,3.660148,43.428623,0.77,2.25,2025-08-03T10:30:00Z,2025-08-03T10:12:01Z,18,30,4,0.7563,0.4376,0.2375,1.1037,5.1289,-0.022974,-0.001188,0.003501,NA,FALSE,FALSE,0.002023,0.001871,46.6374,-0.371254,-0.095218,0.297744,0.250233,0.444667,0.660807,-63.0698,-13.4042,26.2172,33.7367,63.1393,99.9235
JPSS2_20250807T123600_vs_HYPERNETS_20250807T121500_RHOW_R_pixel.csv,THFR_pixel,Hyp,JPSS2,3.6641600000000003,43.43485999999999,3.662044,43.433882999999994,0.2,2.25,2025-08-07T10:15:00Z,2025-08-07T10:36:00Z,21,30,5,0.8499,0.3198,0.4515,1.5043,5.0126,-0.018781,7.48e-4,0.006609,NA,FALSE,FALSE,0.004359,0.003812,92.208,0.48205,0.579968,0.583893,0.48205,0.579968,0.583893,48.205,57.9968,58.3893,48.205,57.9968,58.3893
JPSS2_20250807T123600_vs_HYPERNETS_20250807T123000_RHOW_R_pixel.csv,THFR_pixel,Hyp,JPSS2,3.6641600000000003,43.43485999999999,3.662044,43.433882999999994,0.2,2.25,2025-08-07T10:30:00Z,2025-08-07T10:36:00Z,6,30,5,0.8348,0.2962,0.4505,1.5155,5.0985,-0.01894,7.81e-4,0.006642,NA,FALSE,FALSE,0.004428,0.003868,95.8808,0.495508,0.585273,0.608298,0.495508,0.585273,0.608298,49.5508,58.5273,60.8298,49.5508,58.5273,60.8298
JPSS2_20250807T123600_vs_HYPERNETS_20250807T124500_RHOW_R_pixel.csv,THFR_pixel,Hyp,JPSS2,3.6641600000000003,43.43485999999999,3.662044,43.433882999999994,0.2,2.25,2025-08-07T10:45:00Z,2025-08-07T10:36:00Z,9,30,5,0.882,0.3338,0.4617,1.5234,5.0262,-0.018128,8.62e-4,0.006618,NA,FALSE,FALSE,0.004457,0.003881,95.6867,0.515423,0.614386,0.628619,0.515423,0.614386,0.628619,51.5423,61.4386,62.8619,51.5423,61.4386,62.8619
JPSS2_20250807T123600_vs_HYPERNETS_20250807T130000_RHOW_R_pixel.csv,THFR_pixel,Hyp,JPSS2,3.6641600000000003,43.43485999999999,3.662044,43.433882999999994,0.2,2.25,2025-08-07T11:00:00Z,2025-08-07T10:36:00Z,24,30,5,0.8438,0.3237,0.4451,1.4763,4.8964,-0.018368,8.33e-4,0.006623,NA,FALSE,FALSE,0.004313,0.003764,90.9568,0.467637,0.562309,0.56696,0.467637,0.562309,0.56696,46.7637,56.2309,56.696,46.7637,56.2309,56.696
JPSS2_20250811T130000_vs_HYPERNETS_20250811T123000_RHOW_R_pixel.csv,THFR_pixel,Hyp,JPSS2,3.6641600000000003,43.43485999999999,3.6592469999999997,43.430848,0.6,2.25,2025-08-11T10:30:00Z,2025-08-11T11:00:00Z,30,30,5,0.8931,1.0021,0.4613,1.0149,2.2328,-0.008961,-0.001906,0.0013,NA,FALSE,FALSE,0.002155,0.00182,32.1752,-0.385486,-0.300217,-0.125302,0.125302,0.300217,0.385486,-62.7303,-42.9014,-14.3252,14.3252,42.9014,62.7303
JPSS2_20250811T130000_vs_HYPERNETS_20250811T124500_RHOW_R_pixel.csv,THFR_pixel,Hyp,JPSS2,3.6641600000000003,43.43485999999999,3.6592469999999997,43.430848,0.6,2.25,2025-08-11T10:45:00Z,2025-08-11T11:00:00Z,15,30,5,0.9004,0.9783,0.4601,1.0326,2.3175,-0.009342,-0.00196,0.001329,NA,FALSE,FALSE,0.002131,0.001772,31.4,-0.379147,-0.299448,-0.111845,0.111845,0.299448,0.379147,-61.0688,-42.7445,-12.5929,12.5929,42.7445,61.0688
JPSS2_20250811T130000_vs_HYPERNETS_20250811T130000_RHOW_R_pixel.csv,THFR_pixel,Hyp,JPSS2,3.6641600000000003,43.43485999999999,3.6592469999999997,43.430848,0.6,2.25,2025-08-11T11:00:00Z,2025-08-11T11:00:00Z,0,30,5,0.9232,0.9857,0.4808,1.0425,2.2605,-0.008437,-0.001751,0.001333,NA,FALSE,FALSE,0.001883,0.001533,28.8268,-0.3543,-0.258869,-0.088905,0.088905,0.258869,0.3543,-54.8708,-34.929,-9.7581,9.7581,34.929,54.8708
JPSS2_20250811T130000_vs_HYPERNETS_20250811T131500_RHOW_R_pixel.csv,THFR_pixel,Hyp,JPSS2,3.6641600000000003,43.43485999999999,3.6592469999999997,43.430848,0.6,2.25,2025-08-11T11:15:00Z,2025-08-11T11:00:00Z,15,30,5,0.968,1.0298,0.5113,1.0825,2.292,-0.008157,-0.001756,0.001267,NA,FALSE,FALSE,0.001695,0.00134,26.8923,-0.329557,-0.226907,-0.05828,0.05828,0.226907,0.329557,-49.1552,-29.3505,-6.1887,6.1887,29.3505,49.1552
JPSS2_20250811T130000_vs_HYPERNETS_20250811T133000_RHOW_R_pixel.csv,THFR_pixel,Hyp,JPSS2,3.6641600000000003,43.43485999999999,3.6592469999999997,43.430848,0.6,2.25,2025-08-11T11:30:00Z,2025-08-11T11:00:00Z,30,30,5,1.0071,1.0327,0.5426,1.113,2.283,-0.007328,-0.001536,0.001287,NA,FALSE,FALSE,0.001405,0.001063,24.8363,-0.291446,-0.161898,-0.012216,0.102133,0.161898,0.291446,-41.1325,-19.3172,-1.2368,10.2133,19.3172,41.1325
JPSS2_20250823T123601_vs_HYPERNETS_20250823T121500_RHOW_R_pixel.csv,THFR_pixel,Hyp,JPSS2,3.6641600000000003,43.43485999999999,3.666625,43.431079999999994,0.47,2.25,2025-08-23T10:15:00Z,2025-08-23T10:36:01Z,21,30,5,1.4324,1.1701,0.7007,1.7337,4.2897,-0.016371,-0.003408,0.001831,NA,FALSE,FALSE,0.002367,0.001938,48.1961,-0.086635,-0.060404,0.42241,0.086635,0.42241,0.892897,-9.4852,-6.4288,42.241,9.4852,42.241,94.7457
JPSS2_20250823T123601_vs_HYPERNETS_20250823T123000_RHOW_R_pixel.csv,THFR_pixel,Hyp,JPSS2,3.6641600000000003,43.43485999999999,3.666625,43.431079999999994,0.47,2.25,2025-08-23T10:30:00Z,2025-08-23T10:36:01Z,6,30,5,1.4117,1.0755,0.6809,1.7659,4.5797,-0.018353,-0.003769,0.001855,NA,FALSE,FALSE,0.002463,0.002061,49.4171,-0.127495,-0.076876,0.429061,0.127495,0.429061,0.899903,-14.6126,-8.3279,42.9061,14.6126,42.9061,93.752
JPSS2_20250823T123601_vs_HYPERNETS_20250823T124500_RHOW_R_pixel.csv,THFR_pixel,Hyp,JPSS2,3.6641600000000003,43.43485999999999,3.666625,43.431079999999994,0.47,2.25,2025-08-23T10:45:00Z,2025-08-23T10:36:01Z,9,30,5,1.4472,1.0903,0.7004,1.7925,4.5873,-0.017541,-0.003574,0.001884,NA,FALSE,FALSE,0.002471,0.002,50.4911,-0.08837,-0.048648,0.467015,0.08837,0.467015,0.894148,-9.6936,-5.1136,46.7015,9.6936,46.7015,102.6373
JPSS2_20250823T123601_vs_HYPERNETS_20250823T130000_RHOW_R_pixel.csv,THFR_pixel,Hyp,JPSS2,3.6641600000000003,43.43485999999999,3.666625,43.431079999999994,0.47,2.25,2025-08-23T11:00:00Z,2025-08-23T10:36:01Z,24,30,5,1.38,0.9222,0.6598,1.8208,5.0248,-0.020819,-0.004111,0.001943,NA,FALSE,FALSE,0.002614,0.002209,52.4758,-0.16057,-0.082138,0.46624,0.16057,0.46624,0.905281,-19.1284,-8.9488,46.624,19.1284,46.624,100.9562
JPSS2_20250824T121801_vs_HYPERNETS_20250824T120000_RHOW_R_pixel.csv,THFR_pixel,Hyp,JPSS2,3.6641600000000003,43.43485999999999,3.659985,43.427771,0.86,2.25,2025-08-24T10:00:00Z,2025-08-24T10:18:01Z,18,30,5,1.231,0.9072,0.5923,1.5536,4.0752,-0.016729,-0.002728,0.00261,NA,FALSE,FALSE,0.002139,0.001806,42.8786,-0.047501,0.11053,0.259961,0.11053,0.259961,0.781246,-4.987,11.053,25.9961,11.053,25.9961,94.4693
JPSS2_20250824T121801_vs_HYPERNETS_20250824T121500_RHOW_R_pixel.csv,THFR_pixel,Hyp,JPSS2,3.6641600000000003,43.43485999999999,3.659985,43.427771,0.86,2.25,2025-08-24T10:15:00Z,2025-08-24T10:18:01Z,3,30,5,1.2338,0.9088,0.5946,1.5475,4.0273,-0.016237,-0.002607,0.00263,NA,FALSE,FALSE,0.00213,0.001792,43.2145,-0.028761,0.118096,0.263326,0.118096,0.263326,0.777461,-2.9613,11.8096,26.3326,11.8096,26.3326,97.3082
JPSS2_20250824T121801_vs_HYPERNETS_20250824T123000_RHOW_R_pixel.csv,THFR_pixel,Hyp,JPSS2,3.6641600000000003,43.43485999999999,3.659985,43.427771,0.86,2.25,2025-08-24T10:30:00Z,2025-08-24T10:18:01Z,12,30,5,1.3039,0.9523,0.6319,1.6096,4.1001,-0.015518,-0.002509,0.002598,NA,FALSE,FALSE,0.002178,0.001889,46.6209,0.027737,0.176828,0.317281,0.176828,0.317281,0.761207,2.7737,17.6828,31.7281,17.6828,31.7281,104.7993
JPSS2_20250824T121801_vs_HYPERNETS_20250824T124500_RHOW_R_pixel.csv,THFR_pixel,Hyp,JPSS2,3.6641600000000003,43.43485999999999,3.659985,43.427771,0.86,2.25,2025-08-24T10:45:00Z,2025-08-24T10:18:01Z,27,30,5,1.2626,0.9101,0.6115,1.5612,3.9859,-0.015058,-0.00231,0.002683,NA,FALSE,FALSE,0.002154,0.001861,46.938,0.02647,0.16567,0.295234,0.16567,0.295234,0.762102,2.647,16.567,29.5234,16.567,29.5234,109.7427
JPSS2_20250831T114801_vs_HYPERNETS_20250831T113000_RHOW_R_pixel.csv,THFR_pixel,Hyp,JPSS2,3.6641600000000003,43.43485999999999,3.661829,43.432203,0.35,2.25,2025-08-31T09:30:00Z,2025-08-31T09:48:01Z,18,30,4,0.7907,1.345,0.3003,0.8713,2.5279,-0.01172,-0.001965,0.001398,NA,FALSE,FALSE,0.002897,0.002723,50.4168,-0.593796,-0.576177,-0.486548,0.486548,0.576177,0.593796,-146.2093,-136.0784,-100.2768,100.2768,136.0784,146.2093
JPSS2_20250831T114801_vs_HYPERNETS_20250831T114500_RHOW_R_pixel.csv,THFR_pixel,Hyp,JPSS2,3.6641600000000003,43.43485999999999,3.661829,43.432203,0.35,2.25,2025-08-31T09:45:00Z,2025-08-31T09:48:01Z,3,30,4,0.772,1.3545,0.2948,0.8491,2.4458,-0.011652,-0.001978,0.00138,NA,FALSE,FALSE,0.003065,0.002892,51.8476,-0.605199,-0.587383,-0.50066,0.50066,0.587383,0.605199,-153.3371,-142.4861,-105.8979,105.8979,142.4861,153.3371
JPSS2_20250831T114801_vs_HYPERNETS_20250831T120000_RHOW_R_pixel.csv,THFR_pixel,Hyp,JPSS2,3.6641600000000003,43.43485999999999,3.661829,43.432203,0.35,2.25,2025-08-31T10:00:00Z,2025-08-31T09:48:01Z,12,30,4,0.7484,1.3879,0.2945,0.8147,2.2537,-0.011085,-0.001986,0.001304,NA,FALSE,FALSE,0.00332,0.003157,53.9984,-0.622062,-0.600185,-0.518107,0.518107,0.600185,0.622062,-164.7363,-150.2871,-112.8368,112.8368,150.2871,164.7363
JPSS2_20250831T114801_vs_HYPERNETS_20250831T121500_RHOW_R_pixel.csv,THFR_pixel,Hyp,JPSS2,3.6641600000000003,43.43485999999999,3.661829,43.432203,0.35,2.25,2025-08-31T10:15:00Z,2025-08-31T09:48:01Z,27,30,4,0.7115,1.3871,0.2765,0.7777,2.1878,-0.011432,-0.002023,0.001321,NA,FALSE,FALSE,0.003682,0.003507,56.3958,-0.64183,-0.623159,-0.545287,0.545287,0.623159,0.64183,-179.3355,-165.5036,-125.9316,125.9316,165.5036,179.3355
JPSS2_20250902T124800_vs_HYPERNETS_20250902T123000_RHOW_R_pixel.csv,THFR_pixel,Hyp,JPSS2,3.6641600000000003,43.43485999999999,3.660464,43.435767,0.32,2.25,2025-09-02T10:30:00Z,2025-09-02T10:48:00Z,18,30,5,0.3731,0.1985,0.3293,1.2415,4.6805,-0.019139,1.17e-4,0.005225,NA,FALSE,FALSE,0.003451,0.002634,73.8022,-0.249687,0.165375,0.328945,0.249687,0.287958,0.328945,-33.2776,16.5375,32.8945,32.8945,33.2776,40.4412
JPSS2_20250902T124800_vs_HYPERNETS_20250902T130000_RHOW_R_pixel.csv,THFR_pixel,Hyp,JPSS2,3.6641600000000003,43.43485999999999,3.660464,43.435767,0.32,2.25,2025-09-02T11:00:00Z,2025-09-02T10:48:00Z,12,30,5,0.3993,0.1984,0.3304,1.2374,4.6343,-0.0167,7.22e-4,0.005374,NA,FALSE,FALSE,0.003638,0.002699,86.9499,-0.177006,0.219281,0.492078,0.195092,0.219281,0.492078,-21.5075,21.9281,49.2078,21.9281,24.2377,49.2078
JPSS2_20250903T123000_vs_HYPERNETS_20250903T120000_RHOW_R_pixel.csv,THFR_pixel,Hyp,JPSS2,3.6641600000000003,43.43485999999999,3.66596,43.430218000000004,0.54,2.25,2025-09-03T10:00:00Z,2025-09-03T10:30:00Z,30,30,4,0.8421,1.2918,0.3057,0.946,2.9273,-0.0131,-0.002331,0.001149,NA,FALSE,FALSE,0.002841,0.002625,53.5716,-0.619837,-0.567958,-0.483837,0.483837,0.567958,0.619837,-171.8876,-131.4607,-100.1646,100.1646,131.4607,171.8876
JPSS2_20250903T123000_vs_HYPERNETS_20250903T121500_RHOW_R_pixel.csv,THFR_pixel,Hyp,JPSS2,3.6641600000000003,43.43485999999999,3.66596,43.430218000000004,0.54,2.25,2025-09-03T10:15:00Z,2025-09-03T10:30:00Z,15,30,4,0.8283,1.2649,0.3059,0.9232,2.7864,-0.012343,-0.00221,0.001147,NA,FALSE,FALSE,0.002838,0.002628,53.4932,-0.618342,-0.561943,-0.478532,0.478532,0.561943,0.618342,-170.6672,-128.3051,-97.2431,97.2431,128.3051,170.6672
JPSS2_20250903T123000_vs_HYPERNETS_20250903T123000_RHOW_R_pixel.csv,THFR_pixel,Hyp,JPSS2,3.6641600000000003,43.43485999999999,3.66596,43.430218000000004,0.54,2.25,2025-09-03T10:30:00Z,2025-09-03T10:30:00Z,0,30,4,0.8599,1.2943,0.3127,0.9652,2.9795,-0.013058,-0.00233,0.001145,NA,FALSE,FALSE,0.002732,0.002516,52.634,-0.611915,-0.559396,-0.473821,0.473821,0.559396,0.611915,-166.303,-126.9624,-96.3796,96.3796,126.9624,166.303
JPSS2_20250903T123000_vs_HYPERNETS_20250903T124500_RHOW_R_pixel.csv,THFR_pixel,Hyp,JPSS2,3.6641600000000003,43.43485999999999,3.66596,43.430218000000004,0.54,2.25,2025-09-03T10:45:00Z,2025-09-03T10:30:00Z,15,30,4,0.8947,1.3699,0.3247,1.0051,3.1115,-0.013628,-0.0025,0.001095,NA,FALSE,FALSE,0.002685,0.002473,52.587,-0.624607,-0.568542,-0.469805,0.469805,0.568542,0.624607,-173.9,-131.8361,-95.4402,95.4402,131.8361,173.9
JPSS2_20250903T123000_vs_HYPERNETS_20250903T130000_RHOW_R_pixel.csv,THFR_pixel,Hyp,JPSS2,3.6641600000000003,43.43485999999999,3.66596,43.430218000000004,0.54,2.25,2025-09-03T11:00:00Z,2025-09-03T10:30:00Z,30,30,4,0.8996,1.3349,0.3212,1.0189,3.2323,-0.013932,-0.002467,0.001147,NA,FALSE,FALSE,0.002601,0.002369,51.4488,-0.609962,-0.556783,-0.461309,0.461309,0.556783,0.609962,-164.2915,-125.6303,-92.6286,92.6286,125.6303,164.2915
JPSS2_20250905T115400_vs_HYPERNETS_20250905T113000_RHOW_R_pixel.csv,THFR_pixel,Hyp,JPSS2,3.6641600000000003,43.43485999999999,3.651535,43.42955500000001,1.18,2.25,2025-09-05T09:30:00Z,2025-09-05T09:54:00Z,24,30,4,0.5897,0.4469,0.1926,0.9677,4.8615,-0.025829,-0.001483,0.003364,NA,FALSE,FALSE,0.002752,0.00256,48.3613,-0.520298,-0.298639,0.044607,0.375509,0.532751,0.640855,-116.7373,-46.134,0.2144,48.849,71.6302,116.7373
JPSS2_20250906T131200_vs_HYPERNETS_20250906T124500_RHOW_R_pixel.csv,THFR_pixel,Hyp,JPSS2,3.6641600000000003,43.43485999999999,3.6556079999999995,43.426771,1.14,2.25,2025-09-06T10:45:00Z,2025-09-06T11:12:00Z,27,30,3,0.4552,0.153,0.0451,1.0313,23.5609,-0.134742,-1.7e-4,0.005721,NA,FALSE,FALSE,0.002862,0.002593,64.2964,-0.225399,0.11052,0.683786,0.335919,0.561318,0.909185,-43.2722,11.052,58.3194,58.3194,125.7052,126.8276
JPSS2_20250906T131200_vs_HYPERNETS_20250906T130000_RHOW_R_pixel.csv,THFR_pixel,Hyp,JPSS2,3.6641600000000003,43.43485999999999,3.6556079999999995,43.426771,1.14,2.25,2025-09-06T11:00:00Z,2025-09-06T11:12:00Z,12,30,3,0.4471,0.1464,0.045,1.0321,23.685,-0.134824,-1.46e-4,0.005723,NA,FALSE,FALSE,0.002882,0.002624,65.6544,-0.222075,0.117485,0.703999,0.33956,0.561635,0.926073,-42.8765,11.7485,59.9879,59.6624,128.1202,128.5852
JPSS2_20250906T131200_vs_HYPERNETS_20250906T131500_RHOW_R_pixel.csv,THFR_pixel,Hyp,JPSS2,3.6641600000000003,43.43485999999999,3.6556079999999995,43.426771,1.14,2.25,2025-09-06T11:15:00Z,2025-09-06T11:12:00Z,3,30,3,0.4691,0.1431,0.0466,1.0645,24.3307,-0.130627,1.3e-5,0.005729,NA,FALSE,FALSE,0.002847,0.002695,74.216,-0.182473,0.17048,0.845527,0.352952,0.535425,1.028,-35.6095,17.048,71.7638,58.7282,115.2506,132.9282
JPSS2_20250906T131200_vs_HYPERNETS_20250906T133000_RHOW_R_pixel.csv,THFR_pixel,Hyp,JPSS2,3.6641600000000003,43.43485999999999,3.6556079999999995,43.426771,1.14,2.25,2025-09-06T11:30:00Z,2025-09-06T11:12:00Z,18,30,3,0.502,0.17,0.0477,1.0727,24.1387,-0.132066,-1.45e-4,0.005718,NA,FALSE,FALSE,0.002757,0.002584,67.401,-0.193246,0.148174,0.743683,0.34142,0.534666,0.936929,-36.8087,14.8174,63.8841,57.0801,114.8992,124.2076
JPSS2_20250915T120600_vs_HYPERNETS_20250915T114500_RHOW_R_pixel.csv,THFR_pixel,Hyp,JPSS2,3.6641600000000003,43.43485999999999,3.6649670000000003,43.42857300000001,0.7,2.25,2025-09-15T09:45:00Z,2025-09-15T10:06:00Z,21,30,4,0.8475,1.3711,0.4765,0.8666,1.576,-0.005351,-0.001495,6.25e-4,NA,FALSE,FALSE,0.00228,0.00222,44.9417,-0.514709,-0.488334,-0.423043,0.423043,0.488334,0.514709,-106.2637,-95.5153,-75.1784,75.1784,95.5153,106.2637
JPSS2_20250915T120600_vs_HYPERNETS_20250915T120000_RHOW_R_pixel.csv,THFR_pixel,Hyp,JPSS2,3.6641600000000003,43.43485999999999,3.6649670000000003,43.42857300000001,0.7,2.25,2025-09-15T10:00:00Z,2025-09-15T10:06:00Z,6,30,4,0.8342,1.3041,0.4281,0.8613,1.733,-0.006082,-0.001406,9.18e-4,NA,FALSE,FALSE,0.002231,0.00215,43.9098,-0.501421,-0.487869,-0.425546,0.425546,0.487869,0.501421,-100.6362,-95.277,-76.3269,76.3269,95.277,100.6362
JPSS2_20250915T120600_vs_HYPERNETS_20250915T121500_RHOW_R_pixel.csv,THFR_pixel,Hyp,JPSS2,3.6641600000000003,43.43485999999999,3.6649670000000003,43.42857300000001,0.7,2.25,2025-09-15T10:15:00Z,2025-09-15T10:06:00Z,9,30,4,0.8248,1.3292,0.4315,0.8497,1.6734,-0.005941,-0.001434,8.54e-4,NA,FALSE,FALSE,0.002335,0.002257,45.1147,-0.510037,-0.494957,-0.436068,0.436068,0.494957,0.510037,-104.2535,-98.0098,-79.5886,79.5886,98.0098,104.2535
JPSS2_20250915T120600_vs_HYPERNETS_20250915T123000_RHOW_R_pixel.csv,THFR_pixel,Hyp,JPSS2,3.6641600000000003,43.43485999999999,3.6649670000000003,43.42857300000001,0.7,2.25,2025-09-15T10:30:00Z,2025-09-15T10:06:00Z,24,30,4,0.8066,1.2907,0.4167,0.8321,1.6618,-0.005875,-0.001337,9.35e-4,NA,FALSE,FALSE,0.002345,0.002255,44.9094,-0.504042,-0.494774,-0.439826,0.439826,0.494774,0.504042,-101.7286,-97.9313,-80.8077,80.8077,97.9313,101.7286
JPSS2_20250918T124800_vs_HYPERNETS_20250918T123000_RHOW_R_pixel.csv,THFR_pixel,Hyp,JPSS2,3.6641600000000003,43.43485999999999,3.6561719999999998,43.432683999999995,0.69,2.25,2025-09-18T10:30:00Z,2025-09-18T10:48:00Z,18,30,4,0.7356,1.1042,0.2672,0.8259,2.5523,-0.014576,-0.00229,0.001686,NA,FALSE,FALSE,0.00379,0.003529,52.1945,-0.628637,-0.531814,-0.425122,0.425122,0.531814,0.628637,-172.3379,-115.7846,-75.1237,75.1237,115.7846,172.3379
JPSS2_20250918T124800_vs_HYPERNETS_20250918T124500_RHOW_R_pixel.csv,THFR_pixel,Hyp,JPSS2,3.6641600000000003,43.43485999999999,3.6561719999999998,43.432683999999995,0.69,2.25,2025-09-18T10:45:00Z,2025-09-18T10:48:00Z,3,30,4,0.7635,1.0854,0.2928,0.8383,2.4,-0.012289,-0.001958,0.001651,NA,FALSE,FALSE,0.003273,0.003028,48.4078,-0.596978,-0.489141,-0.376241,0.376241,0.489141,0.596978,-150.1858,-98.1625,-60.9665,60.9665,98.1625,150.1858
JPSS2_20250918T124800_vs_HYPERNETS_20250918T130000_RHOW_R_pixel.csv,THFR_pixel,Hyp,JPSS2,3.6641600000000003,43.43485999999999,3.6561719999999998,43.432683999999995,0.69,2.25,2025-09-18T11:00:00Z,2025-09-18T10:48:00Z,12,30,4,0.7579,1.1093,0.2908,0.832,2.3804,-0.012482,-0.002029,0.001624,NA,FALSE,FALSE,0.003403,0.003163,49.6523,-0.604939,-0.50538,-0.396964,0.396964,0.50538,0.604939,-155.2319,-104.3362,-66.6856,66.6856,104.3362,155.2319
JPSS2_20250918T124800_vs_HYPERNETS_20250918T131500_RHOW_R_pixel.csv,THFR_pixel,Hyp,JPSS2,3.6641600000000003,43.43485999999999,3.6561719999999998,43.432683999999995,0.69,2.25,2025-09-18T11:15:00Z,2025-09-18T10:48:00Z,27,30,4,0.7457,1.1387,0.2914,0.8136,2.2712,-0.01218,-0.00206,0.001565,NA,FALSE,FALSE,0.003584,0.003355,51.2754,-0.613475,-0.524099,-0.423379,0.423379,0.524099,0.613475,-160.8638,-111.9451,-74.5012,74.5012,111.9451,160.8638
JPSS2_20250919T123000_vs_HYPERNETS_20250919T120000_RHOW_R_pixel.csv,THFR_pixel,Hyp,JPSS2,3.6641600000000003,43.43485999999999,3.654817,43.434166,0.76,2.25,2025-09-19T10:00:00Z,2025-09-19T10:30:00Z,30,30,4,0.695,1.1009,0.2636,0.7663,2.2275,-0.010924,-0.001743,0.001415,NA,FALSE,FALSE,0.00345,0.003211,53.8243,-0.642516,-0.558931,-0.454657,0.454657,0.558931,0.642516,-180.9622,-129.2236,-84.6879,84.6879,129.2236,180.9622
JPSS2_20250919T123000_vs_HYPERNETS_20250919T121500_RHOW_R_pixel.csv,THFR_pixel,Hyp,JPSS2,3.6641600000000003,43.43485999999999,3.654817,43.434166,0.76,2.25,2025-09-19T10:15:00Z,2025-09-19T10:30:00Z,15,30,4,0.6946,1.1022,0.2576,0.7727,2.3177,-0.011641,-0.001833,0.001436,NA,FALSE,FALSE,0.003519,0.003276,54.3055,-0.647989,-0.564687,-0.459753,0.459753,0.564687,0.647989,-185.5391,-132.2104,-86.5955,86.5955,132.2104,185.5391
JPSS2_20250919T123000_vs_HYPERNETS_20250919T123000_RHOW_R_pixel.csv,THFR_pixel,Hyp,JPSS2,3.6641600000000003,43.43485999999999,3.654817,43.434166,0.76,2.25,2025-09-19T10:30:00Z,2025-09-19T10:30:00Z,0,30,4,0.7074,1.1158,0.2634,0.7857,2.3437,-0.011565,-0.001835,0.001427,NA,FALSE,FALSE,0.003409,0.003174,53.6572,-0.642474,-0.561342,-0.45544,0.45544,0.561342,0.642474,-180.956,-130.3055,-85.2499,85.2499,130.3055,180.956
JPSS2_20250919T123000_vs_HYPERNETS_20250919T124500_RHOW_R_pixel.csv,THFR_pixel,Hyp,JPSS2,3.6641600000000003,43.43485999999999,3.654817,43.434166,0.76,2.25,2025-09-19T10:45:00Z,2025-09-19T10:30:00Z,15,30,4,0.704,1.1476,0.2602,0.7843,2.3636,-0.012082,-0.001956,0.001403,NA,FALSE,FALSE,0.00357,0.00334,55.0791,-0.651765,-0.579151,-0.478177,0.478177,0.579151,0.651765,-188.6022,-139.5451,-93.812,93.812,139.5451,188.6022
JPSS2_20250919T123000_vs_HYPERNETS_20250919T130000_RHOW_R_pixel.csv,THFR_pixel,Hyp,JPSS2,3.6641600000000003,43.43485999999999,3.654817,43.434166,0.76,2.25,2025-09-19T11:00:00Z,2025-09-19T10:30:00Z,30,30,4,0.7414,1.1993,0.2811,0.8176,2.3785,-0.011684,-0.002001,0.001328,NA,FALSE,FALSE,0.003335,0.003132,53.9206,-0.637367,-0.573844,-0.475683,0.475683,0.573844,0.637367,-177.0052,-135.9407,-93.4285,93.4285,135.9407,177.0052
JPSS2_20250923T125400_vs_HYPERNETS_20250923T123000_RHOW_R_pixel.csv,THFR_pixel,Hyp,JPSS2,3.6641600000000003,43.43485999999999,3.659782,43.429098,0.73,2.25,2025-09-23T10:30:00Z,2025-09-23T10:54:00Z,24,30,4,0.8517,1.259,0.3269,0.9349,2.6736,-0.013887,-0.002479,0.001511,NA,FALSE,FALSE,0.003127,0.002905,48.7256,-0.583157,-0.529058,-0.433157,0.433157,0.529058,0.583157,-141.7789,-112.6541,-80.0247,80.0247,112.6541,141.7789
JPSS2_20250923T125400_vs_HYPERNETS_20250923T124500_RHOW_R_pixel.csv,THFR_pixel,Hyp,JPSS2,3.6641600000000003,43.43485999999999,3.659782,43.429098,0.73,2.25,2025-09-23T10:45:00Z,2025-09-23T10:54:00Z,9,30,4,0.8619,1.2247,0.3321,0.9449,2.6888,-0.013383,-0.002332,0.001552,NA,FALSE,FALSE,0.002913,0.002681,46.7032,-0.569428,-0.506927,-0.404531,0.404531,0.506927,0.569428,-133.8424,-103.3172,-70.8294,70.8294,103.3172,133.8424
JPSS2_20250923T125400_vs_HYPERNETS_20250923T130000_RHOW_R_pixel.csv,THFR_pixel,Hyp,JPSS2,3.6641600000000003,43.43485999999999,3.659782,43.429098,0.73,2.25,2025-09-23T11:00:00Z,2025-09-23T10:54:00Z,6,30,4,0.815,1.295,0.2965,0.9145,2.8212,-0.016429,-0.002855,0.001545,NA,FALSE,FALSE,0.003699,0.003463,52.8234,-0.619005,-0.572629,-0.481858,0.481858,0.572629,0.619005,-165.2101,-134.1647,-98.1942,98.1942,134.1647,165.2101
JPSS2_20250923T125400_vs_HYPERNETS_20250923T131500_RHOW_R_pixel.csv,THFR_pixel,Hyp,JPSS2,3.6641600000000003,43.43485999999999,3.659782,43.429098,0.73,2.25,2025-09-23T11:15:00Z,2025-09-23T10:54:00Z,21,30,4,0.8748,1.3098,0.3557,0.9432,2.501,-0.012387,-0.002394,0.001374,NA,FALSE,FALSE,0.002947,0.002759,47.9021,-0.568354,-0.527012,-0.437679,0.437679,0.527012,0.568354,-133.0355,-111.5357,-81.8856,81.8856,111.5357,133.0355
JPSS2_20250925T121800_vs_HYPERNETS_20250925T120000_RHOW_R_pixel.csv,THFR_pixel,Hyp,JPSS2,3.6641600000000003,43.43485999999999,3.6611350000000003,43.431591,0.44,2.25,2025-09-25T10:00:00Z,2025-09-25T10:18:00Z,18,30,5,0.4899,0.5069,0.2368,0.6095,1.5691,-0.005368,5.2e-5,0.002157,NA,FALSE,FALSE,0.002718,0.002413,41.8439,-0.468948,-0.438179,-0.314188,0.314188,0.438179,0.468948,-88.3055,-77.9925,-45.8125,45.8125,77.9925,88.3055
JPSS2_20250925T121800_vs_HYPERNETS_20250925T121500_RHOW_R_pixel.csv,THFR_pixel,Hyp,JPSS2,3.6641600000000003,43.43485999999999,3.6611350000000003,43.431591,0.44,2.25,2025-09-25T10:15:00Z,2025-09-25T10:18:00Z,3,30,5,0.5007,0.5304,0.2436,0.61240000000000006,1.5397,-0.005061,9.1e-5,0.002141,NA,FALSE,FALSE,0.002617,0.002305,40.3121,-0.454751,-0.409915,-0.310278,0.310278,0.409915,0.454751,-83.4025,-69.4671,-44.986,44.986,69.4671,83.4025
JPSS2_20250925T121800_vs_HYPERNETS_20250925T124500_RHOW_R_pixel.csv,THFR_pixel,Hyp,JPSS2,3.6641600000000003,43.43485999999999,3.6611350000000003,43.431591,0.44,2.25,2025-09-25T10:45:00Z,2025-09-25T10:18:00Z,27,30,5,0.5104,0.5211,0.2484,0.6239,1.5671,-0.004831,1.8e-4,0.002174,NA,FALSE,FALSE,0.002403,0.002115,39.5404,-0.424845,-0.362204,-0.285658,0.34257,0.362204,0.424845,-73.8662,-56.79,-39.9889,39.9889,56.79,73.8662
JPSS2_20250929T124201_vs_HYPERNETS_20250929T121500_RHOW_R_pixel.csv,THFR_pixel,Hyp,JPSS2,3.6641600000000003,43.43485999999999,3.66524,43.431123,0.43,2.25,2025-09-29T10:15:00Z,2025-09-29T10:42:01Z,27,30,4,0.8228,1.3234,0.3081,0.9117,2.6975,-0.012539,-0.002372,0.001065,NA,FALSE,FALSE,0.003117,0.002874,57.3526,-0.662266,-0.59623,-0.50749,0.50749,0.59623,0.662266,-217.5774,-147.6866,-110.5991,110.5991,147.6866,217.5774
JPSS2_20250929T124201_vs_HYPERNETS_20250929T123000_RHOW_R_pixel.csv,THFR_pixel,Hyp,JPSS2,3.6641600000000003,43.43485999999999,3.66524,43.431123,0.43,2.25,2025-09-29T10:30:00Z,2025-09-29T10:42:01Z,12,30,4,0.83,1.3345,0.3136,0.9166,2.6793,-0.01236,-0.002374,0.001042,NA,FALSE,FALSE,0.003081,0.002846,57.2175,-0.663125,-0.594804,-0.503854,0.503854,0.594804,0.663125,-217.9884,-146.8431,-108.8393,108.8393,146.8431,217.9884
JPSS2_20250929T124201_vs_HYPERNETS_20250929T124500_RHOW_R_pixel.csv,THFR_pixel,Hyp,JPSS2,3.6641600000000003,43.43485999999999,3.66524,43.431123,0.43,2.25,2025-09-29T10:45:00Z,2025-09-29T10:42:01Z,3,30,4,0.8452,1.3711,0.3248,0.9275,2.6481,-0.012016,-0.002377,9.99e-4,NA,FALSE,FALSE,0.003005,0.002783,56.9737,-0.66644,-0.595162,-0.498459,0.498459,0.595162,0.66644,-219.4157,-147.1505,-106.4948,106.4948,147.1505,219.4157
JPSS2_20250929T124201_vs_HYPERNETS_20250929T130000_RHOW_R_pixel.csv,THFR_pixel,Hyp,JPSS2,3.6641600000000003,43.43485999999999,3.66524,43.431123,0.43,2.25,2025-09-29T11:00:00Z,2025-09-29T10:42:01Z,18,30,4,0.8473,1.4402,0.3282,0.9272,2.6193,-0.012201,-0.002498,9.37e-4,NA,FALSE,FALSE,0.003122,0.002915,58.2711,-0.689066,-0.613403,-0.507049,0.507049,0.613403,0.689066,-240.3536,-159.1766,-110.1607,110.1607,159.1766,240.3536
JPSS2_20250930T122401_vs_HYPERNETS_20250930T120000_RHOW_R_pixel.csv,THFR_pixel,Hyp,JPSS2,3.6641600000000003,43.43485999999999,3.666155,43.434583999999994,0.16,2.25,2025-09-30T10:00:00Z,2025-09-30T10:24:01Z,24,30,4,0.6264,1.1164,0.2247,0.7078,2.2294,-0.012889,-0.001979,0.001485,NA,FALSE,FALSE,0.00437,0.004074,59.5099,-0.68124,-0.610921,-0.52478,0.52478,0.610921,0.68124,-218.0877,-158.5151,-112.9163,112.9163,158.5151,218.0877
JPSS2_20250930T122401_vs_HYPERNETS_20250930T121500_RHOW_R_pixel.csv,THFR_pixel,Hyp,JPSS2,3.6641600000000003,43.43485999999999,3.666155,43.434583999999994,0.16,2.25,2025-09-30T10:15:00Z,2025-09-30T10:24:01Z,9,30,4,0.5867,1.0832,0.2067,0.6694,2.1672,-0.013277,-0.001961,0.001534,NA,FALSE,FALSE,0.004792,0.004459,61.3282,-0.699278,-0.625683,-0.539687,0.539687,0.625683,0.699278,-237.3466,-169.2152,-119.4587,119.4587,169.2152,237.3466
JPSS2_20250930T122401_vs_HYPERNETS_20250930T123000_RHOW_R_pixel.csv,THFR_pixel,Hyp,JPSS2,3.6641600000000003,43.43485999999999,3.666155,43.434583999999994,0.16,2.25,2025-09-30T10:30:00Z,2025-09-30T10:24:01Z,6,30,4,0.566,1.0914,0.1987,0.647,2.1066,-0.013425,-0.001978,0.001537,NA,FALSE,FALSE,0.005096,0.004746,62.7969,-0.711319,-0.641917,-0.558567,0.558567,0.641917,0.711319,-251.1763,-181.3705,-129.0229,129.0229,181.3705,251.1763
JPSS2_20250930T122401_vs_HYPERNETS_20250930T124500_RHOW_R_pixel.csv,THFR_pixel,Hyp,JPSS2,3.6641600000000003,43.43485999999999,3.666155,43.434583999999994,0.16,2.25,2025-09-30T10:45:00Z,2025-09-30T10:24:01Z,21,30,4,0.5804,1.1042,0.2044,0.6623,2.1459,-0.013359,-0.001983,0.001529,NA,FALSE,FALSE,0.004908,0.004572,62.0373,-0.705069,-0.636571,-0.551875,0.551875,0.636571,0.705069,-243.4545,-177.1035,-125.7783,125.7783,177.1035,243.4545
JPSS2_20251001T120600_vs_HYPERNETS_20251001T114500_RHOW_R_pixel.csv,THFR_pixel,Hyp,JPSS2,3.6641600000000003,43.43485999999999,3.657203,43.432054,0.64,2.25,2025-10-01T09:45:00Z,2025-10-01T10:06:00Z,21,30,4,0.473,0.9928,0.1664,0.54,1.7526,-0.008326,-0.001113,0.001109,NA,FALSE,FALSE,0.004219,0.003849,66.1538,-0.757668,-0.682741,-0.586611,0.586611,0.682741,0.757668,-312.9838,-223.0349,-143.3076,143.3076,223.0349,312.9838
JPSS2_20251001T120600_vs_HYPERNETS_20251001T120000_RHOW_R_pixel.csv,THFR_pixel,Hyp,JPSS2,3.6641600000000003,43.43485999999999,3.657203,43.432054,0.64,2.25,2025-10-01T10:00:00Z,2025-10-01T10:06:00Z,6,30,4,0.4737,1.0028,0.1648,0.5446,1.8004,-0.008689,-0.001165,0.001112,NA,FALSE,FALSE,0.004257,0.003893,66.5042,-0.760255,-0.688133,-0.59292,0.59292,0.688133,0.760255,-317.5403,-228.0675,-147.41,147.41,228.0675,317.5403
JPSS2_20251001T120600_vs_HYPERNETS_20251001T121500_RHOW_R_pixel.csv,THFR_pixel,Hyp,JPSS2,3.6641600000000003,43.43485999999999,3.657203,43.432054,0.64,2.25,2025-10-01T10:15:00Z,2025-10-01T10:06:00Z,9,30,4,0.4636,1.0446,0.1612,0.5332,1.7642,-0.008916,-0.00123,0.001093,NA,FALSE,FALSE,0.00451,0.004145,68.1977,-0.76964,-0.709802,-0.622138,0.622138,0.709802,0.76964,-334.5326,-250.7255,-167.5064,167.5064,250.7255,334.5326
JPSS2_20251001T120600_vs_HYPERNETS_20251001T123000_RHOW_R_pixel.csv,THFR_pixel,Hyp,JPSS2,3.6641600000000003,43.43485999999999,3.657203,43.432054,0.64,2.25,2025-10-01T10:30:00Z,2025-10-01T10:06:00Z,24,30,4,0.4698,1.0287,0.1675,0.5324,1.6919,-0.00816,-0.001129,0.001083,NA,FALSE,FALSE,0.004333,0.003965,67.1198,-0.760878,-0.696518,-0.606838,0.606838,0.696518,0.760878,-318.4311,-236.0967,-156.3755,156.3755,236.0967,318.4311
JPSS2_20251002T114800_vs_HYPERNETS_20251002T113000_RHOW_R_pixel.csv,THFR_pixel,Hyp,JPSS2,3.6641600000000003,43.43485999999999,3.6632930000000004,43.428147,0.75,2.25,2025-10-02T09:30:00Z,2025-10-02T09:48:00Z,18,30,4,0.5513,1.1186,0.1929,0.6316,2.0686,-0.010444,-0.001587,0.001117,NA,FALSE,FALSE,0.00417,0.003857,65.5094,-0.743506,-0.68481,-0.596398,0.596398,0.68481,0.743506,-293.2486,-219.894,-152.4627,152.4627,219.894,293.2486
JPSS2_20251002T114800_vs_HYPERNETS_20251002T114500_RHOW_R_pixel.csv,THFR_pixel,Hyp,JPSS2,3.6641600000000003,43.43485999999999,3.6632930000000004,43.428147,0.75,2.25,2025-10-02T09:45:00Z,2025-10-02T09:48:00Z,3,30,4,0.544,1.1035,0.192,0.6201,2.0031,-0.010095,-0.001533,0.001117,NA,FALSE,FALSE,0.004207,0.003885,65.5654,-0.744041,-0.682662,-0.594275,0.594275,0.682662,0.744041,-293.9543,-218.0987,-150.5497,150.5497,218.0987,293.9543
JPSS2_20251002T114800_vs_HYPERNETS_20251002T120000_RHOW_R_pixel.csv,THFR_pixel,Hyp,JPSS2,3.6641600000000003,43.43485999999999,3.6632930000000004,43.428147,0.75,2.25,2025-10-02T10:00:00Z,2025-10-02T09:48:00Z,12,30,4,0.5437,1.0826,0.1977,0.6102,1.8835,-0.009098,-0.001388,0.001109,NA,FALSE,FALSE,0.004079,0.003748,64.6317,-0.736772,-0.669966,-0.579511,0.579511,0.669966,0.736772,-282.2974,-206.6143,-140.7279,140.7279,206.6143,282.2974
JPSS2_20251002T114800_vs_HYPERNETS_20251002T121500_RHOW_R_pixel.csv,THFR_pixel,Hyp,JPSS2,3.6641600000000003,43.43485999999999,3.6632930000000004,43.428147,0.75,2.25,2025-10-02T10:15:00Z,2025-10-02T09:48:00Z,27,30,4,0.5297,1.1247,0.1944,0.592,1.8026,-0.009325,-0.001514,0.001052,NA,FALSE,FALSE,0.004472,0.004146,67.1403,-0.748845,-0.694477,-0.617036,0.617036,0.694477,0.748845,-302.2009,-229.4727,-165.4278,165.4278,229.4727,302.2009
JPSS2_20251004T124800_vs_HYPERNETS_20251004T123000_RHOW_R_pixel.csv,THFR_pixel,Hyp,JPSS2,3.6641600000000003,43.43485999999999,3.665454,43.43429,0.12,2.25,2025-10-04T10:30:00Z,2025-10-04T10:48:00Z,18,30,5,0.2982,1.3803,0.1604,0.3298,0.6778,-0.002467,-5.36e-4,4.03e-4,NA,TRUE,FALSE,0.004769,0.004254,77.8718,-0.8234,-0.731566,-0.70073,0.70073,0.731566,0.8234,-466.2526,-272.5313,-234.1465,234.1465,272.5313,466.2526
JPSS2_20251005T123000_vs_HYPERNETS_20251005T120000_RHOW_R_pixel.csv,THFR_pixel,Hyp,JPSS2,3.6641600000000003,43.43485999999999,3.6571130000000003,43.430554,0.74,2.25,2025-10-05T10:00:00Z,2025-10-05T10:30:00Z,30,30,4,0.7486,1.1858,0.2761,0.8348,2.5244,-0.013818,-0.002351,0.001441,NA,FALSE,FALSE,0.003742,0.003472,55.2701,-0.650339,-0.568085,-0.470447,0.470447,0.568085,0.650339,-193.2974,-132.5903,-91.7191,91.7191,132.5903,193.2974
JPSS2_20251005T123000_vs_HYPERNETS_20251005T121500_RHOW_R_pixel.csv,THFR_pixel,Hyp,JPSS2,3.6641600000000003,43.43485999999999,3.6571130000000003,43.430554,0.74,2.25,2025-10-05T10:15:00Z,2025-10-05T10:30:00Z,15,30,4,0.7506,1.2101,0.2801,0.8328,2.4756,-0.013529,-0.002352,0.001408,NA,FALSE,FALSE,0.003749,0.003489,55.5601,-0.650627,-0.573542,-0.478516,0.478516,0.573542,0.650627,-193.1827,-135.3775,-94.9431,94.9431,135.3775,193.1827
JPSS2_20251005T123000_vs_HYPERNETS_20251005T123000_RHOW_R_pixel.csv,THFR_pixel,Hyp,JPSS2,3.6641600000000003,43.43485999999999,3.6571130000000003,43.430554,0.74,2.25,2025-10-05T10:30:00Z,2025-10-05T10:30:00Z,0,30,4,0.7611,1.224,0.2839,0.8446,2.5129,-0.01364,-0.002384,0.001399,NA,FALSE,FALSE,0.003688,0.003432,55.2735,-0.647953,-0.572935,-0.477717,0.477717,0.572935,0.647953,-190.8737,-134.9397,-94.8866,94.8866,134.9397,190.8737
JPSS2_20251005T123000_vs_HYPERNETS_20251005T124500_RHOW_R_pixel.csv,THFR_pixel,Hyp,JPSS2,3.6641600000000003,43.43485999999999,3.6571130000000003,43.430554,0.74,2.25,2025-10-05T10:45:00Z,2025-10-05T10:30:00Z,15,30,4,0.744,1.2502,0.28,0.8227,2.417,-0.013573,-0.002434,0.001358,NA,FALSE,FALSE,0.003922,0.003673,56.9732,-0.658402,-0.591039,-0.502369,0.502369,0.591039,0.658402,-199.934,-145.0966,-104.9287,104.9287,145.0966,199.934
JPSS2_20251005T123000_vs_HYPERNETS_20251005T130000_RHOW_R_pixel.csv,THFR_pixel,Hyp,JPSS2,3.6641600000000003,43.43485999999999,3.6571130000000003,43.430554,0.74,2.25,2025-10-05T11:00:00Z,2025-10-05T10:30:00Z,30,30,4,0.7521,1.2631,0.2958,0.8189,2.267,-0.012124,-0.002263,0.0013,NA,FALSE,FALSE,0.003729,0.003496,55.998,-0.647128,-0.581605,-0.494457,0.494457,0.581605,0.647128,-189.2975,-139.5338,-101.459,101.459,139.5338,189.2975
JPSS2_20251006T121200_vs_HYPERNETS_20251006T114500_RHOW_R_pixel.csv,THFR_pixel,Hyp,JPSS2,3.6641600000000003,43.43485999999999,3.6588179999999997,43.431139,0.6,2.25,2025-10-06T09:45:00Z,2025-10-06T10:12:00Z,27,30,4,0.5869,0.9656,0.211,0.6623,2.079,-0.010259,-0.001473,0.001326,NA,FALSE,FALSE,0.00393,0.003567,58.3879,-0.709788,-0.539602,-0.413692,0.413692,0.539602,0.709788,-275.6592,-124.1291,-70.6693,70.6693,124.1291,275.6592
JPSS2_20251006T121200_vs_HYPERNETS_20251006T120000_RHOW_R_pixel.csv,THFR_pixel,Hyp,JPSS2,3.6641600000000003,43.43485999999999,3.6588179999999997,43.431139,0.6,2.25,2025-10-06T10:00:00Z,2025-10-06T10:12:00Z,12,30,4,0.5857,0.9805,0.2109,0.6605,2.0683,-0.010305,-0.001498,0.001315,NA,FALSE,FALSE,0.003981,0.003622,58.94,-0.71208,-0.542807,-0.420127,0.420127,0.542807,0.71208,-278.694,-125.7391,-72.521,72.521,125.7391,278.694
JPSS2_20251006T121200_vs_HYPERNETS_20251006T121500_RHOW_R_pixel.csv,THFR_pixel,Hyp,JPSS2,3.6641600000000003,43.43485999999999,3.6588179999999997,43.431139,0.6,2.25,2025-10-06T10:15:00Z,2025-10-06T10:12:00Z,3,30,4,0.5956,1.0048,0.2134,0.6734,2.1247,-0.010642,-0.001573,0.001301,NA,FALSE,FALSE,0.003958,0.003614,59.21,-0.711935,-0.539599,-0.419765,0.419765,0.539599,0.711935,-278.9625,-124.4184,-72.3562,72.3562,124.4184,278.9625
JPSS2_20251006T121200_vs_HYPERNETS_20251006T123000_RHOW_R_pixel.csv,THFR_pixel,Hyp,JPSS2,3.6641600000000003,43.43485999999999,3.6588179999999997,43.431139,0.6,2.25,2025-10-06T10:30:00Z,2025-10-06T10:12:00Z,18,30,4,0.595,0.9739,0.2107,0.6769,2.175,-0.010825,-0.001555,0.001331,NA,FALSE,FALSE,0.003907,0.003554,58.4626,-0.711009,-0.535716,-0.409333,0.409333,0.535716,0.711009,-277.6789,-122.781,-69.3431,69.3431,122.781,277.6789
JPSS2_20251008T131201_vs_HYPERNETS_20251008T124500_RHOW_R_pixel.csv,THFR_pixel,Hyp,JPSS2,3.6641600000000003,43.43485999999999,3.657909,43.427692,0.94,2.25,2025-10-08T10:45:00Z,2025-10-08T11:12:01Z,27,30,4,0.8157,0.9167,0.2572,1.0536,4.3149,-0.035447,-0.004491,0.003067,NA,FALSE,FALSE,0.004865,0.003983,43.4655,-0.640992,-0.458671,-0.252333,0.252333,0.458671,0.640992,-181.1621,-92.8667,-34.6063,34.6063,92.8667,181.1621
JPSS2_20251008T131201_vs_HYPERNETS_20251008T130000_RHOW_R_pixel.csv,THFR_pixel,Hyp,JPSS2,3.6641600000000003,43.43485999999999,3.657909,43.427692,0.94,2.25,2025-10-08T11:00:00Z,2025-10-08T11:12:01Z,12,30,4,0.8145,0.9812,0.2602,1.0212,4.0075,-0.033821,-0.004513,0.002955,NA,FALSE,FALSE,0.005071,0.004305,46.1073,-0.64925600000000006,-0.491717,-0.303533,0.303533,0.491717,0.64925600000000006,-187.3668,-103.8891,-44.8038,44.8038,103.8891,187.3668
JPSS2_20251008T131201_vs_HYPERNETS_20251008T131500_RHOW_R_pixel.csv,THFR_pixel,Hyp,JPSS2,3.6641600000000003,43.43485999999999,3.657909,43.427692,0.94,2.25,2025-10-08T11:15:00Z,2025-10-08T11:12:01Z,3,30,4,0.8812,0.9641,0.2869,1.0733,4.0156,-0.02994,-0.003966,0.002976,NA,FALSE,FALSE,0.00414,0.003319,39.8007,-0.608718,-0.422842,-0.21213,0.21213,0.422842,0.608718,-156.871,-80.7159,-27.5485,27.5485,80.7159,156.871
JPSS2_20251008T131201_vs_HYPERNETS_20251008T133000_RHOW_R_pixel.csv,THFR_pixel,Hyp,JPSS2,3.6641600000000003,43.43485999999999,3.657909,43.427692,0.94,2.25,2025-10-08T11:30:00Z,2025-10-08T11:12:01Z,18,30,4,0.9245,0.9672,0.3034,1.1156,4.1025,-0.028974,-0.003868,0.002959,NA,FALSE,FALSE,0.00376,0.002896,36.8092,-0.587392,-0.39247,-0.17317,0.17317,0.39247,0.587392,-143.5048,-71.6843,-21.4835,21.4835,71.6843,143.5048
JPSS2_20251010T123601_vs_HYPERNETS_20251010T121500_RHOW_R_pixel.csv,THFR_pixel,Hyp,JPSS2,3.6641600000000003,43.43485999999999,3.660603,43.428903000000005,0.72,2.25,2025-10-10T10:15:00Z,2025-10-10T10:36:01Z,21,30,4,0.4925,0.7537,0.16,0.6014,2.2605,-0.014416,-0.001292,0.0022,NA,FALSE,FALSE,0.004936,0.004445,54.3993,-0.694528,-0.55358,-0.403045,0.403045,0.55358,0.694528,-227.4931,-135.1858,-67.6611,67.6611,135.1858,227.4931
JPSS2_20251010T123601_vs_HYPERNETS_20251010T123000_RHOW_R_pixel.csv,THFR_pixel,Hyp,JPSS2,3.6641600000000003,43.43485999999999,3.660603,43.428903000000005,0.72,2.25,2025-10-10T10:30:00Z,2025-10-10T10:36:01Z,6,30,4,0.5059,0.7461,0.1656,0.6119,2.2608,-0.013803,-0.001209,0.0022,NA,FALSE,FALSE,0.004658,0.004173,52.559,-0.68277,-0.540954,-0.383774,0.383774,0.540954,0.68277,-215.3097,-128.3586,-62.5121,62.5121,128.3586,215.3097
JPSS2_20251010T123601_vs_HYPERNETS_20251010T124500_RHOW_R_pixel.csv,THFR_pixel,Hyp,JPSS2,3.6641600000000003,43.43485999999999,3.660603,43.428903000000005,0.72,2.25,2025-10-10T10:45:00Z,2025-10-10T10:36:01Z,9,30,4,0.5115,0.7499,0.1682,0.616,2.2566,-0.013603,-0.001194,0.002193,NA,FALSE,FALSE,0.004578,0.004099,52.1381,-0.678998,-0.537298,-0.379682,0.379682,0.537298,0.678998,-211.5905,-126.4135,-61.4421,61.4421,126.4135,211.5905
JPSS2_20251010T123601_vs_HYPERNETS_20251010T130000_RHOW_R_pixel.csv,THFR_pixel,Hyp,JPSS2,3.6641600000000003,43.43485999999999,3.660603,43.428903000000005,0.72,2.25,2025-10-10T11:00:00Z,2025-10-10T10:36:01Z,24,30,4,0.5336,0.7397,0.1779,0.6338,2.2584,-0.012672,-0.001064,0.002194,NA,FALSE,FALSE,0.004151,0.00368,48.9766,-0.658696,-0.515891,-0.346961,0.346961,0.515891,0.658696,-193.0065,-115.9256,-53.5296,53.5296,115.9256,193.0065
JPSS2_20251011T121800_vs_HYPERNETS_20251011T120000_RHOW_R_pixel.csv,THFR_pixel,Hyp,JPSS2,3.6641600000000003,43.43485999999999,3.6642330000000003,43.430063999999994,0.53,2.25,2025-10-11T10:00:00Z,2025-10-11T10:18:00Z,18,30,4,0.599,1.5123,0.2414,0.6475,1.7367,-0.010308,-0.002212,8.06e-4,NA,FALSE,FALSE,0.005104,0.004832,70.4418,-0.797105,-0.728537,-0.63585,0.63585,0.728537,0.797105,-408.6013,-272.9446,-181.5167,181.5167,272.9446,408.6013
JPSS2_20251011T121800_vs_HYPERNETS_20251011T121500_RHOW_R_pixel.csv,THFR_pixel,Hyp,JPSS2,3.6641600000000003,43.43485999999999,3.6642330000000003,43.430063999999994,0.53,2.25,2025-10-11T10:15:00Z,2025-10-11T10:18:00Z,3,30,4,0.6179,1.4969,0.257,0.6622,1.7065,-0.009468,-0.0020830000000000002,7.82e-4,NA,FALSE,FALSE,0.004728,0.004472,68.9723,-0.782997,-0.713341,-0.620067,0.620067,0.713341,0.782997,-374.9094,-252.6805,-169.4934,169.4934,252.6805,374.9094
JPSS2_20251011T121800_vs_HYPERNETS_20251011T123000_RHOW_R_pixel.csv,THFR_pixel,Hyp,JPSS2,3.6641600000000003,43.43485999999999,3.6642330000000003,43.430063999999994,0.53,2.25,2025-10-11T10:30:00Z,2025-10-11T10:18:00Z,12,30,4,0.6229,1.5298,0.2698,0.6612,1.6203,-0.008789,-0.002048,7.03e-4,NA,FALSE,FALSE,0.004675,0.004429,68.9227,-0.785116,-0.71293,-0.617041,0.617041,0.71293,0.785116,-377.7576,-253.0141,-166.8702,166.8702,253.0141,377.7576
JPSS2_20251011T121800_vs_HYPERNETS_20251011T124500_RHOW_R_pixel.csv,THFR_pixel,Hyp,JPSS2,3.6641600000000003,43.43485999999999,3.6642330000000003,43.430063999999994,0.53,2.25,2025-10-11T10:45:00Z,2025-10-11T10:18:00Z,27,30,4,0.6374,1.5853,0.2837,0.6729,1.5963,-0.008498,-0.002078,6.28e-4,NA,FALSE,FALSE,0.004577,0.004352,68.7412,-0.789097,-0.714114,-0.612429,0.612429,0.714114,0.789097,-384.4648,-255.7105,-163.6485,163.6485,255.7105,384.4648
JPSS2_20251014T130001_vs_HYPERNETS_20251014T124500_RHOW_R_pixel.csv,THFR_pixel,Hyp,JPSS2,3.6641600000000003,43.43485999999999,3.662364,43.427806,0.8,2.25,2025-10-14T10:45:00Z,2025-10-14T11:00:01Z,15,30,3,0.7267,3.1059,0.1206,0.7482,4.6412,-0.035229,-0.003788,0.001281,NA,FALSE,FALSE,0.005868,0.005821,75.8065,-0.846834,-0.785149,-0.682839,0.682839,0.785149,0.846834,-613.2882,-365.4389,-233.104,233.104,365.4389,613.2882
JPSS2_20251014T130001_vs_HYPERNETS_20251014T130000_RHOW_R_pixel.csv,THFR_pixel,Hyp,JPSS2,3.6641600000000003,43.43485999999999,3.662364,43.427806,0.8,2.25,2025-10-14T11:00:00Z,2025-10-14T11:00:01Z,0,30,3,0.7229,3.0619,0.1193,0.7446,4.649,-0.03501,-0.003714,0.001299,NA,FALSE,FALSE,0.005809,0.005761,75.6478,-0.845435,-0.7837,-0.681132,0.681132,0.7837,0.845435,-605.7088,-362.3219,-231.2121,231.2121,362.3219,605.7088
JPSS2_20251014T130001_vs_HYPERNETS_20251014T131500_RHOW_R_pixel.csv,THFR_pixel,Hyp,JPSS2,3.6641600000000003,43.43485999999999,3.662364,43.427806,0.8,2.25,2025-10-14T11:15:00Z,2025-10-14T11:00:01Z,15,30,3,0.7153,3.0496,0.1182,0.7366,4.5905,-0.0348,-0.003691,0.001301,NA,FALSE,FALSE,0.005868,0.005817,75.8254,-0.846411,-0.78518,-0.68356,0.68356,0.78518,0.846411,-609.9478,-365.5061,-233.6901,233.6901,365.5061,609.9478
JPSS2_20251014T130001_vs_HYPERNETS_20251014T133000_RHOW_R_pixel.csv,THFR_pixel,Hyp,JPSS2,3.6641600000000003,43.43485999999999,3.662364,43.427806,0.8,2.25,2025-10-14T11:30:00Z,2025-10-14T11:00:01Z,30,30,3,0.7111,2.8976,0.1174,0.7323,4.5663,-0.033173,-0.003427,0.001344,NA,FALSE,FALSE,0.005558,0.005504,74.938,-0.83901,-0.776632,-0.673375,0.673375,0.776632,0.83901,-573.7924,-347.6926,-222.712,222.712,347.6926,573.7924
JPSS2_20251015T124201_vs_HYPERNETS_20251015T121500_RHOW_R_pixel.csv,THFR_pixel,Hyp,JPSS2,3.6641600000000003,43.43485999999999,3.658972,43.42973500000001,0.71,2.25,2025-10-15T10:15:00Z,2025-10-15T10:42:01Z,27,30,4,0.5461,0.7277,0.2086,0.6006,1.7291,-0.00781,-2.41e-4,0.002389,NA,FALSE,FALSE,0.003382,0.00292,39.8343,-0.505454,-0.420812,-0.313701,0.313701,0.420812,0.505454,-103.2491,-73.4937,-46.7893,46.7893,73.4937,103.2491
JPSS2_20251015T124201_vs_HYPERNETS_20251015T124500_RHOW_R_pixel.csv,THFR_pixel,Hyp,JPSS2,3.6641600000000003,43.43485999999999,3.658972,43.42973500000001,0.71,2.25,2025-10-15T10:45:00Z,2025-10-15T10:42:01Z,3,30,4,0.5433,0.7226,0.202,0.6038,1.8042,-0.008473,-3.15e-4,0.002415,NA,FALSE,FALSE,0.003469,0.003008,40.6329,-0.522508,-0.430591,-0.314412,0.314412,0.430591,0.522508,-110.3266,-76.8624,-46.885,46.885,76.8624,110.3266
JPSS2_20251015T124201_vs_HYPERNETS_20251015T130000_RHOW_R_pixel.csv,THFR_pixel,Hyp,JPSS2,3.6641600000000003,43.43485999999999,3.658972,43.42973500000001,0.71,2.25,2025-10-15T11:00:00Z,2025-10-15T10:42:01Z,18,30,4,0.5462,0.7386,0.2065,0.6029,1.7603,-0.008179,-3.11e-4,0.002384,NA,FALSE,FALSE,0.003462,0.003011,40.9908,-0.516653,-0.428595,-0.32185,0.32185,0.428595,0.516653,-107.8618,-76.0501,-48.3495,48.3495,76.0501,107.8618
JPSS2_20251016T122401_vs_HYPERNETS_20251016T120000_RHOW_R_pixel.csv,THFR_pixel,Hyp,JPSS2,3.6641600000000003,43.43485999999999,3.657795,43.430379,0.72,2.25,2025-10-16T10:00:00Z,2025-10-16T10:24:01Z,24,30,5,0.5873,1.0869,0.3209,0.6441,1.2928,-0.004459,-7.17e-4,0.001148,NA,FALSE,FALSE,0.0031580000000000002,0.00277,48.4238,-0.597282,-0.384513,-0.382454,0.382454,0.384513,0.597282,-148.3126,-62.473,-61.9312,61.9312,62.473,148.3126
JPSS2_20251016T122401_vs_HYPERNETS_20251016T123000_RHOW_R_pixel.csv,THFR_pixel,Hyp,JPSS2,3.6641600000000003,43.43485999999999,3.657795,43.430379,0.72,2.25,2025-10-16T10:30:00Z,2025-10-16T10:24:01Z,6,30,5,0.5929,1.1461,0.3262,0.648,1.287,-0.004464,-7.59e-4,0.001107,NA,FALSE,FALSE,0.00317,0.0028,49.3815,-0.599228,-0.385185,-0.380174,0.380174,0.385185,0.599228,-149.5182,-62.6505,-61.3357,61.3357,62.6505,149.5182
JPSS2_20251016T122401_vs_HYPERNETS_20251016T124500_RHOW_R_pixel.csv,THFR_pixel,Hyp,JPSS2,3.6641600000000003,43.43485999999999,3.657795,43.430379,0.72,2.25,2025-10-16T10:45:00Z,2025-10-16T10:24:01Z,21,30,5,0.5948,1.1491,0.3299,0.6476,1.2714,-0.004282,-7.1e-4,0.00111,NA,FALSE,FALSE,0.003101,0.002728,48.7567,-0.595074,-0.381858,-0.371482,0.371482,0.381858,0.595074,-146.959,-61.7751,-59.1045,59.1045,61.7751,146.959
JPSS2_20251017T120601_vs_HYPERNETS_20251017T114500_RHOW_R_pixel.csv,THFR_pixel,Hyp,JPSS2,3.6641600000000003,43.43485999999999,3.66206,43.430091,0.56,2.25,2025-10-17T09:45:00Z,2025-10-17T10:06:01Z,21,30,5,0.008,0.0186,0.1317,0.5173,2.0324,-0.007965,0.001485,0.003891,NA,FALSE,FALSE,0.003888,0.003129,47.3562,-0.526842,-0.005086,0.394826,0.394826,0.526842,0.671721,-111.3459,-0.5112,39.4826,39.4826,76.9337,111.3459
JPSS2_20251017T120601_vs_HYPERNETS_20251017T120000_RHOW_R_pixel.csv,THFR_pixel,Hyp,JPSS2,3.6641600000000003,43.43485999999999,3.66206,43.430091,0.56,2.25,2025-10-17T10:00:00Z,2025-10-17T10:06:01Z,6,30,5,0.0113,0.02,0.131,0.5145,2.0211,-0.008429,0.001367,0.003861,NA,FALSE,FALSE,0.004004,0.003223,46.9589,-0.536617,-0.100137,0.309649,0.309649,0.536617,0.682041,-115.8042,-11.128,30.9649,30.9649,71.9503,115.8042
JPSS2_20251017T120601_vs_HYPERNETS_20251017T121500_RHOW_R_pixel.csv,THFR_pixel,Hyp,JPSS2,3.6641600000000003,43.43485999999999,3.66206,43.430091,0.56,2.25,2025-10-17T10:15:00Z,2025-10-17T10:06:01Z,9,30,5,0.0116,0.0224,0.1367,0.5371,2.1101,-0.008316,0.001396,0.003868,NA,FALSE,FALSE,0.003758,0.003034,46.1174,-0.515189,-0.007671,0.389964,0.389964,0.515189,0.66627,-106.2659,-0.773,38.9964,38.9964,72.6778,106.2659
JPSS2_20251017T120601_vs_HYPERNETS_20251017T123000_RHOW_R_pixel.csv,THFR_pixel,Hyp,JPSS2,3.6641600000000003,43.43485999999999,3.66206,43.430091,0.56,2.25,2025-10-17T10:30:00Z,2025-10-17T10:06:01Z,24,30,5,0.0119,0.0221,0.1425,0.56,2.1999,-0.008457,0.00136,0.003859,NA,FALSE,FALSE,0.003587,0.002947,47.428,-0.49529,0.013697,0.422522,0.422522,0.49529,0.6569,-98.1337,1.3697,42.2522,42.2522,78.2992,98.1337
JPSS2_20251018T114801_vs_HYPERNETS_20251018T113000_RHOW_R_pixel.csv,THFR_pixel,Hyp,JPSS2,3.6641600000000003,43.43485999999999,3.667855,43.430094,0.61,2.25,2025-10-18T09:30:00Z,2025-10-18T09:48:01Z,18,30,5,0.8558,0.8936,0.449,0.9613,2.0579,-0.007108,-1.19e-4,0.003145,NA,FALSE,FALSE,0.001528,0.001304,33.9754,-0.093857,-0.063038,0.087409,0.087409,0.093857,0.675609,-10.3579,-6.7279,8.7409,8.7409,10.3579,77.8856
JPSS2_20251018T114801_vs_HYPERNETS_20251018T114500_RHOW_R_pixel.csv,THFR_pixel,Hyp,JPSS2,3.6641600000000003,43.43485999999999,3.667855,43.430094,0.61,2.25,2025-10-18T09:45:00Z,2025-10-18T09:48:01Z,3,30,5,0.8454,0.9029,0.4438,0.9492,2.03,-0.007124,-1.33e-4,0.003136,NA,FALSE,FALSE,0.001564,0.001347,33.4131,-0.107957,-0.074622,0.074447,0.074622,0.107957,0.68069,-12.1023,-8.064,7.4447,8.064,12.1023,73.2938
JPSS2_20251018T114801_vs_HYPERNETS_20251018T120000_RHOW_R_pixel.csv,THFR_pixel,Hyp,JPSS2,3.6641600000000003,43.43485999999999,3.667855,43.430094,0.61,2.25,2025-10-18T10:00:00Z,2025-10-18T09:48:01Z,12,30,5,0.8645,0.902,0.4506,0.9756,2.1121,-0.0076,-2.78e-4,0.003104,NA,FALSE,FALSE,0.001559,0.001303,32.8671,-0.092079,-0.066957,0.067188,0.067188,0.092079,0.688386,-10.1417,-7.1762,6.7188,7.1762,10.1417,72.8744
JPSS2_20251018T114801_vs_HYPERNETS_20251018T121500_RHOW_R_pixel.csv,THFR_pixel,Hyp,JPSS2,3.6641600000000003,43.43485999999999,3.667855,43.430094,0.61,2.25,2025-10-18T10:15:00Z,2025-10-18T09:48:01Z,27,30,5,0.8916,0.9039,0.4706,0.9976,2.115,-0.006797,-3.2e-5,0.0031580000000000002,NA,FALSE,FALSE,0.001429,0.001169,34.8358,-0.054383,-0.017951,0.159804,0.054383,0.159804,0.651295,-5.751,-1.8279,15.9804,5.751,15.9804,85.8356
JPSS2_20251026T123601_vs_HYPERNETS_20251026T121500_RHOW_R_pixel.csv,THFR_pixel,Hyp,JPSS2,3.6641600000000003,43.43485999999999,3.662779,43.430465,0.5,2.25,2025-10-26T11:15:00Z,2025-10-26T11:36:01Z,21,30,4,0.6483,1.1686,0.3236,0.6717,1.3943,-0.007414,-0.001415,0.001475,NA,FALSE,FALSE,0.004426,0.004141,52.8071,-0.574698,-0.547552,-0.500925,0.500925,0.547552,0.574698,-135.8422,-121.06,-101.9747,101.9747,121.06,135.8422
JPSS2_20251026T123601_vs_HYPERNETS_20251026T123000_RHOW_R_pixel.csv,THFR_pixel,Hyp,JPSS2,3.6641600000000003,43.43485999999999,3.662779,43.430465,0.5,2.25,2025-10-26T11:30:00Z,2025-10-26T11:36:01Z,6,30,4,0.6603,1.2109,0.3384,0.6819,1.3742,-0.007238,-0.001495,0.001355,NA,FALSE,FALSE,0.004393,0.004134,53.0773,-0.575186,-0.55553,-0.511117,0.511117,0.55553,0.575186,-136.0186,-124.9904,-106.6177,106.6177,124.9904,136.0186
JPSS2_20251026T123601_vs_HYPERNETS_20251026T124500_RHOW_R_pixel.csv,THFR_pixel,Hyp,JPSS2,3.6641600000000003,43.43485999999999,3.662779,43.430465,0.5,2.25,2025-10-26T11:45:00Z,2025-10-26T11:36:01Z,9,30,4,0.6531,1.1975,0.3234,0.6774,1.4192,-0.007789,-0.001543,0.001439,NA,FALSE,FALSE,0.004529,0.004259,53.6961,-0.580419,-0.558156,-0.514698,0.514698,0.558156,0.580419,-139.2439,-126.3263,-108.1296,108.1296,126.3263,139.2439
JPSS2_20251026T123601_vs_HYPERNETS_20251026T130000_RHOW_R_pixel.csv,THFR_pixel,Hyp,JPSS2,3.6641600000000003,43.43485999999999,3.662779,43.430465,0.5,2.25,2025-10-26T12:00:00Z,2025-10-26T11:36:01Z,24,30,4,0.6383,1.2807,0.2899,0.6712,1.5541,-0.010254,-0.002065,0.001473,NA,FALSE,FALSE,0.005376,0.005114,58.4088,-0.639722,-0.608478,-0.552844,0.552844,0.608478,0.639722,-178.8606,-155.5325,-126.5276,126.5276,155.5325,178.8606
JPSS2_20251028T120001_vs_HYPERNETS_20251028T114500_RHOW_R_pixel.csv,THFR_pixel,Hyp,JPSS2,3.6641600000000003,43.43485999999999,3.6673640000000005,43.429927,0.61,2.25,2025-10-28T10:45:00Z,2025-10-28T11:00:01Z,15,30,4,0.773,1.3223,0.3314,0.8225,2.0416,-0.010955,-0.001927,0.00171,NA,FALSE,FALSE,0.003474,0.003242,48.6989,-0.572685,-0.537601,-0.451905,0.451905,0.537601,0.572685,-134.2774,-116.5486,-85.5737,85.5737,116.5486,134.2774
JPSS2_20251028T120001_vs_HYPERNETS_20251028T120000_RHOW_R_pixel.csv,THFR_pixel,Hyp,JPSS2,3.6641600000000003,43.43485999999999,3.6673640000000005,43.429927,0.61,2.25,2025-10-28T11:00:00Z,2025-10-28T11:00:01Z,0,30,4,0.7641,1.3337,0.3246,0.8147,2.0444,-0.011254,-0.00198,0.001716,NA,FALSE,FALSE,0.003614,0.003378,49.685,-0.58177,-0.547143,-0.462224,0.462224,0.547143,0.58177,-139.4071,-121.0982,-89.2782,89.2782,121.0982,139.4071
JPSS2_20251028T120001_vs_HYPERNETS_20251028T121500_RHOW_R_pixel.csv,THFR_pixel,Hyp,JPSS2,3.6641600000000003,43.43485999999999,3.6673640000000005,43.429927,0.61,2.25,2025-10-28T11:15:00Z,2025-10-28T11:00:01Z,15,30,4,0.7509,1.3548,0.3134,0.804,2.0625,-0.011929,-0.00211,0.001718,NA,FALSE,FALSE,0.003879,0.003639,51.482,-0.596843,-0.566507,-0.484483,0.484483,0.566507,0.596843,-148.4291,-130.8753,-97.9986,97.9986,130.8753,148.4291
JPSS2_20251030T130000_vs_HYPERNETS_20251030T123000_RHOW_R_pixel.csv,THFR_pixel,Hyp,JPSS2,3.6641600000000003,43.43485999999999,3.661544,43.429764,0.61,2.25,2025-10-30T11:30:00Z,2025-10-30T12:00:00Z,30,30,4,0.6422,1.1667,0.2111,0.7734,2.8337,-0.020048,-0.00308,0.001552,NA,FALSE,FALSE,0.005375,0.004946,63.8144,-0.732773,-0.633979,-0.539351,0.539351,0.633979,0.732773,-328.4564,-174.666,-121.4985,121.4985,174.666,328.4564
JPSS2_20251030T130000_vs_HYPERNETS_20251030T124500_RHOW_R_pixel.csv,THFR_pixel,Hyp,JPSS2,3.6641600000000003,43.43485999999999,3.661544,43.429764,0.61,2.25,2025-10-30T11:45:00Z,2025-10-30T12:00:00Z,15,30,4,0.6107,1.1419,0.1988,0.744,2.7852,-0.020618,-0.003096,0.001584,NA,FALSE,FALSE,0.005752,0.005294,65.1121,-0.744999,-0.647179,-0.553302,0.553302,0.647179,0.744999,-349.381,-185.2102,-128.3019,128.3019,185.2102,349.381
JPSS2_20251030T130000_vs_HYPERNETS_20251030T130000_RHOW_R_pixel.csv,THFR_pixel,Hyp,JPSS2,3.6641600000000003,43.43485999999999,3.661544,43.429764,0.61,2.25,2025-10-30T12:00:00Z,2025-10-30T12:00:00Z,0,30,4,0.6303,1.1664,0.2074,0.7581,2.7709,-0.019856,-0.003043,0.001558,NA,FALSE,FALSE,0.0055,0.005063,64.3178,-0.737394,-0.63888,-0.544664,0.544664,0.63888,0.737394,-335.1371,-178.5225,-123.9579,123.9579,178.5225,335.1371
JPSS2_20251030T130000_vs_HYPERNETS_20251030T131500_RHOW_R_pixel.csv,THFR_pixel,Hyp,JPSS2,3.6641600000000003,43.43485999999999,3.661544,43.429764,0.61,2.25,2025-10-30T12:15:00Z,2025-10-30T12:00:00Z,15,30,4,0.6157,1.186,0.2026,0.7404,2.7056,-0.02,-0.003084,0.001546,NA,FALSE,FALSE,0.005758,0.005318,65.4808,-0.74525,-0.652656,-0.562213,0.562213,0.652656,0.74525,-348.3769,-189.3425,-133.3396,133.3396,189.3425,348.3769
JPSS2_20251030T130000_vs_HYPERNETS_20251030T133000_RHOW_R_pixel.csv,THFR_pixel,Hyp,JPSS2,3.6641600000000003,43.43485999999999,3.661544,43.429764,0.61,2.25,2025-10-30T12:30:00Z,2025-10-30T12:00:00Z,30,30,4,0.6295,1.1989,0.2091,0.7499,2.6892,-0.019321,-0.003015,0.001532,NA,FALSE,FALSE,0.005545,0.005118,64.7527,-0.73918,-0.644591,-0.552938,0.552938,0.644591,0.73918,-336.6429,-182.7974,-128.3327,128.3327,182.7974,336.6429
JPSS2_20251103T114801_vs_HYPERNETS_20251103T113000_RHOW_R_pixel.csv,THFR_pixel,Hyp,JPSS2,3.6641600000000003,43.43485999999999,3.662817,43.430816,0.46,2.25,2025-11-03T10:30:00Z,2025-11-03T10:48:01Z,18,30,4,0.5315,1.2146,0.2043,0.5832,1.6649,-0.006434,-0.001108,7.58e-4,NA,FALSE,FALSE,0.003417,0.00316,67.9165,-0.737423,-0.692893,-0.634634,0.634634,0.692893,0.737423,-292.6865,-225.8284,-179.762,179.762,225.8284,292.6865
JPSS2_20251103T114801_vs_HYPERNETS_20251103T114500_RHOW_R_pixel.csv,THFR_pixel,Hyp,JPSS2,3.6641600000000003,43.43485999999999,3.662817,43.430816,0.46,2.25,2025-11-03T10:45:00Z,2025-11-03T10:48:01Z,3,30,4,0.5307,1.1948,0.2016,0.5848,1.6966,-0.006562,-0.001106,7.75e-4,NA,FALSE,FALSE,0.003403,0.003143,67.6782,-0.737404,-0.689223,-0.628601,0.628601,0.689223,0.737404,-292.8903,-222.1182,-174.7997,174.7997,222.1182,292.8903
JPSS2_20251103T114801_vs_HYPERNETS_20251103T120000_RHOW_R_pixel.csv,THFR_pixel,Hyp,JPSS2,3.6641600000000003,43.43485999999999,3.662817,43.430816,0.46,2.25,2025-11-03T11:00:00Z,2025-11-03T10:48:01Z,12,30,4,0.5394,1.1868,0.2079,0.5912,1.6813,-0.006266,-0.00106,7.71e-4,NA,FALSE,FALSE,0.003268,0.003012,66.7508,-0.729976,-0.679109,-0.616641,0.616641,0.679109,0.729976,-281.2823,-212.0771,-165.7181,165.7181,212.0771,281.2823
JPSS2_20251103T114801_vs_HYPERNETS_20251103T121500_RHOW_R_pixel.csv,THFR_pixel,Hyp,JPSS2,3.6641600000000003,43.43485999999999,3.662817,43.430816,0.46,2.25,2025-11-03T11:15:00Z,2025-11-03T10:48:01Z,27,30,4,0.5495,1.1791,0.2168,0.5977,1.6474,-0.005851,-9.99e-4,7.62e-4,NA,FALSE,FALSE,0.00311,0.002858,65.6057,-0.720238,-0.666564,-0.602383,0.602383,0.666564,0.720238,-266.9953,-200.4604,-155.6215,155.6215,200.4604,266.9953
JPSS2_20251107T121200_vs_HYPERNETS_20251107T114500_RHOW_R_pixel.csv,THFR_pixel,Hyp,JPSS2,3.6641600000000003,43.43485999999999,3.657998,43.429479,0.78,2.25,2025-11-07T10:45:00Z,2025-11-07T11:12:00Z,27,30,4,0.2604,0.463,0.0841,0.3204,1.2202,-0.006009,4.33e-4,0.002124,NA,FALSE,FALSE,0.005064,0.004433,55.9311,-0.665139,-0.616813,-0.510985,0.510985,0.616813,0.665139,-201.0175,-161.5354,-111.7063,111.7063,161.5354,201.0175
JPSS2_20251107T121200_vs_HYPERNETS_20251107T120000_RHOW_R_pixel.csv,THFR_pixel,Hyp,JPSS2,3.6641600000000003,43.43485999999999,3.657998,43.429479,0.78,2.25,2025-11-07T11:00:00Z,2025-11-07T11:12:00Z,12,30,4,0.2614,0.4679,0.0844,0.3218,1.2269,-0.006083,4.16e-4,0.00212,NA,FALSE,FALSE,0.005076,0.004454,56.2562,-0.666717,-0.617826,-0.513671,0.513671,0.617826,0.666717,-202.3774,-162.2761,-112.4981,112.4981,162.2761,202.3774
JPSS2_20251107T121200_vs_HYPERNETS_20251107T121500_RHOW_R_pixel.csv,THFR_pixel,Hyp,JPSS2,3.6641600000000003,43.43485999999999,3.657998,43.429479,0.78,2.25,2025-11-07T11:15:00Z,2025-11-07T11:12:00Z,3,30,4,0.2637,0.467,0.0854,0.3236,1.2268,-0.005966,4.34e-4,0.002122,NA,FALSE,FALSE,0.004984,0.004359,55.5811,-0.659888,-0.611948,-0.507871,0.507871,0.611948,0.659888,-196.4742,-158.1906,-110.1922,110.1922,158.1906,196.4742
JPSS2_20251107T121200_vs_HYPERNETS_20251107T123000_RHOW_R_pixel.csv,THFR_pixel,Hyp,JPSS2,3.6641600000000003,43.43485999999999,3.657998,43.429479,0.78,2.25,2025-11-07T11:30:00Z,2025-11-07T11:12:00Z,18,30,4,0.2611,0.4819,0.0847,0.3195,1.2048,-0.0060350000000000004,4.03e-4,0.002111,NA,FALSE,FALSE,0.005165,0.004546,57.2027,-0.667362,-0.620592,-0.525256,0.525256,0.620592,0.667362,-203.15,-164.0649,-116.9828,116.9828,164.0649,203.15
JPSS2_20251111T123600_vs_HYPERNETS_20251111T121500_RHOW_R_pixel.csv,THFR_pixel,Hyp,JPSS2,3.6641600000000003,43.43485999999999,3.660972,43.430037,0.6,2.25,2025-11-11T11:15:00Z,2025-11-11T11:36:00Z,21,30,4,0.4626,0.9338,0.1768,0.5087,1.4637,-0.007438,-8.15e-4,0.001487,NA,FALSE,FALSE,0.004623,0.004222,61.0819,-0.69866,-0.615431,-0.52759,0.52759,0.615431,0.69866,-231.8582,-166.1674,-111.7265,111.7265,166.1674,231.8582
JPSS2_20251111T123600_vs_HYPERNETS_20251111T123000_RHOW_R_pixel.csv,THFR_pixel,Hyp,JPSS2,3.6641600000000003,43.43485999999999,3.660972,43.430037,0.6,2.25,2025-11-11T11:30:00Z,2025-11-11T11:36:00Z,6,30,4,0.4809,0.9542,0.1832,0.5293,1.5288,-0.00764,-8.71e-4,0.001472,NA,FALSE,FALSE,0.004428,0.004059,60.3747,-0.692666,-0.612811,-0.523892,0.523892,0.612811,0.692666,-225.3806,-163.8748,-110.1599,110.1599,163.8748,225.3806
JPSS2_20251111T123600_vs_HYPERNETS_20251111T124500_RHOW_R_pixel.csv,THFR_pixel,Hyp,JPSS2,3.6641600000000003,43.43485999999999,3.660972,43.430037,0.6,2.25,2025-11-11T11:45:00Z,2025-11-11T11:36:00Z,9,30,4,0.4855,0.9572,0.188,0.5313,1.501,-0.007271,-8.21e-4,0.001462,NA,FALSE,FALSE,0.004307,0.003939,59.6566,-0.681514,-0.60321,-0.518262,0.518262,0.60321,0.681514,-214.0158,-156.745,-107.6925,107.6925,156.745,214.0158
JPSS2_20251111T123600_vs_HYPERNETS_20251111T130000_RHOW_R_pixel.csv,THFR_pixel,Hyp,JPSS2,3.6641600000000003,43.43485999999999,3.660972,43.430037,0.6,2.25,2025-11-11T12:00:00Z,2025-11-11T11:36:00Z,24,30,4,0.4915,0.9512,0.1896,0.5386,1.5299,-0.007293,-8.1e-4,0.001473,NA,FALSE,FALSE,0.004191,0.003827,58.9025,-0.675798,-0.594628,-0.507854,0.507854,0.594628,0.675798,-208.4899,-151.4063,-103.2829,103.2829,151.4063,208.4899
JPSS2_20251115T130000_vs_HYPERNETS_20251115T124500_RHOW_R_pixel.csv,THFR_pixel,Hyp,JPSS2,3.6641600000000003,43.43485999999999,3.6567819999999998,43.428090000000005,0.96,2.25,2025-11-15T11:45:00Z,2025-11-15T12:00:00Z,15,30,4,0.6815,0.6993,0.2179,0.853,3.3395,-0.017736,-0.001634,0.002479,NA,FALSE,FALSE,0.003321,0.002928,50.3338,-0.617142,-0.365163,-0.063688,0.334014,0.447819,0.617142,-214.7369,-62.4457,-10.2022,34.7118,69.3239,214.7369
JPSS2_20251115T130000_vs_HYPERNETS_20251115T130000_RHOW_R_pixel.csv,THFR_pixel,Hyp,JPSS2,3.6641600000000003,43.43485999999999,3.6567819999999998,43.428090000000005,0.96,2.25,2025-11-15T12:00:00Z,2025-11-15T12:00:00Z,0,30,4,0.6928,0.7272,0.2224,0.8607,3.3306,-0.017527,-0.001645,0.002459,NA,FALSE,FALSE,0.003257,0.002866,49.4894,-0.613223,-0.36081,-0.066587,0.315352,0.433681,0.613223,-211.1674,-61.2458,-10.2621,32.8105,67.0476,211.1674
JPSS2_20251115T130000_vs_HYPERNETS_20251115T131500_RHOW_R_pixel.csv,THFR_pixel,Hyp,JPSS2,3.6641600000000003,43.43485999999999,3.6567819999999998,43.428090000000005,0.96,2.25,2025-11-15T12:15:00Z,2025-11-15T12:00:00Z,15,30,4,0.663,0.869,0.2198,0.7915,2.8497,-0.01581,-0.001582,0.00237,NA,FALSE,FALSE,0.003646,0.003185,46.9077,-0.636201,-0.410554,-0.169026,0.24343,0.410554,0.636201,-226.9499,-74.325,-22.9339,31.7635,74.325,226.9499
JPSS2_20251115T130000_vs_HYPERNETS_20251115T133000_RHOW_R_pixel.csv,THFR_pixel,Hyp,JPSS2,3.6641600000000003,43.43485999999999,3.6567819999999998,43.428090000000005,0.96,2.25,2025-11-15T12:30:00Z,2025-11-15T12:00:00Z,30,30,4,0.6998,0.7909,0.2255,0.8647,3.3159,-0.017797,-0.001765,0.002415,NA,FALSE,FALSE,0.003326,0.002893,47.0702,-0.618311,-0.367572,-0.099832,0.233497,0.381105,0.618311,-215.3137,-63.0531,-13.4284,26.322,63.0531,215.3137
JPSS2_20251116T124200_vs_HYPERNETS_20251116T121500_RHOW_R_pixel.csv,THFR_pixel,Hyp,JPSS2,3.6641600000000003,43.43485999999999,3.658895,43.430409,0.65,2.25,2025-11-16T11:15:00Z,2025-11-16T11:42:00Z,27,30,4,0.6205,1.3922,0.2784,0.6541,1.5366,-0.007503,-0.001531,0.001011,NA,FALSE,FALSE,0.004119,0.003872,62.3347,-0.721586,-0.665701,-0.567462,0.567462,0.665701,0.721586,-259.3039,-202.7717,-134.7962,134.7962,202.7717,259.3039
JPSS2_20251116T124200_vs_HYPERNETS_20251116T123000_RHOW_R_pixel.csv,THFR_pixel,Hyp,JPSS2,3.6641600000000003,43.43485999999999,3.658895,43.430409,0.65,2.25,2025-11-16T11:30:00Z,2025-11-16T11:42:00Z,12,30,4,0.6308,1.3996,0.2931,0.6607,1.4897,-0.00696,-0.001476,9.56e-4,NA,FALSE,FALSE,0.003957,0.0037200000000000002,61.5189,-0.715667,-0.659486,-0.559008,0.559008,0.659486,0.715667,-251.7235,-197.484,-130.1079,130.1079,197.484,251.7235
JPSS2_20251116T124200_vs_HYPERNETS_20251116T124500_RHOW_R_pixel.csv,THFR_pixel,Hyp,JPSS2,3.6641600000000003,43.43485999999999,3.658895,43.430409,0.65,2.25,2025-11-16T11:45:00Z,2025-11-16T11:42:00Z,3,30,4,0.6292,1.4097,0.2852,0.662,1.5365,-0.007417,-0.001548,9.8e-4,NA,FALSE,FALSE,0.004053,0.003816,62.0948,-0.722454,-0.664739,-0.563233,0.563233,0.664739,0.722454,-260.3591,-202.3485,-132.4698,132.4698,202.3485,260.3591
JPSS2_20251116T124200_vs_HYPERNETS_20251116T130000_RHOW_R_pixel.csv,THFR_pixel,Hyp,JPSS2,3.6641600000000003,43.43485999999999,3.658895,43.430409,0.65,2.25,2025-11-16T12:00:00Z,2025-11-16T11:42:00Z,18,30,4,0.6431,1.4171,0.3113,0.6692,1.4388,-0.00642,-0.001438,8.8e-4,NA,FALSE,FALSE,0.003801,0.003579,60.7595,-0.70932,-0.651641,-0.549916,0.549916,0.651641,0.70932,-244.033,-190.8815,-125.2413,125.2413,190.8815,244.033
JPSS2_20251117T122400_vs_HYPERNETS_20251117T120000_RHOW_R_pixel.csv,THFR_pixel,Hyp,JPSS2,3.6641600000000003,43.43485999999999,3.67016,43.4292,0.8,2.25,2025-11-17T11:00:00Z,2025-11-17T11:24:00Z,24,30,4,0.6119,1.0213,0.278,0.6435,1.4892,-0.005269,-6.24e-4,0.001384,NA,FALSE,FALSE,0.002856,0.002582,48.3121,-0.552656,-0.506195,-0.43666,0.43666,0.506195,0.552656,-123.5478,-103.3395,-78.008,78.008,103.3395,123.5478
JPSS2_20251117T122400_vs_HYPERNETS_20251117T121500_RHOW_R_pixel.csv,THFR_pixel,Hyp,JPSS2,3.6641600000000003,43.43485999999999,3.67016,43.4292,0.8,2.25,2025-11-17T11:15:00Z,2025-11-17T11:24:00Z,9,30,4,0.6116,0.9847,0.2745,0.6446,1.514,-0.005255,-5.66e-4,0.00143,NA,FALSE,FALSE,0.002769,0.002483,46.756,-0.545234,-0.482294,-0.40462,0.40462,0.482294,0.545234,-119.9049,-94.4822,-68.1675,68.1675,94.4822,119.9049
JPSS2_20251117T122400_vs_HYPERNETS_20251117T123100_RHOW_R_pixel.csv,THFR_pixel,Hyp,JPSS2,3.6641600000000003,43.43485999999999,3.67016,43.4292,0.8,2.25,2025-11-17T11:31:00Z,2025-11-17T11:24:00Z,7,30,4,0.6352,0.9674,0.3052,0.6618,1.4354,-0.004304,-4.16e-4,0.001377,NA,FALSE,FALSE,0.002391,0.002116,42.3321,-0.487993,-0.423044,-0.358372,0.358372,0.423044,0.487993,-95.4437,-74.0921,-55.915,55.915,74.0921,95.4437
JPSS2_20251117T122400_vs_HYPERNETS_20251117T124500_RHOW_R_pixel.csv,THFR_pixel,Hyp,JPSS2,3.6641600000000003,43.43485999999999,3.67016,43.4292,0.8,2.25,2025-11-17T11:45:00Z,2025-11-17T11:24:00Z,21,30,4,0.6402,0.9773,0.3152,0.6647,1.4016,-0.004043,-3.87e-4,0.001347,NA,FALSE,FALSE,0.002321,0.00205,41.6959,-0.47046,-0.415324,-0.361824,0.361824,0.415324,0.47046,-89.0573,-71.4539,-56.7865,56.7865,71.4539,89.0573
JPSS2_20251118T120600_vs_HYPERNETS_20251118T114500_RHOW_R_pixel.csv,THFR_pixel,Hyp,JPSS2,3.6641600000000003,43.43485999999999,3.662561,43.431309,0.42,2.25,2025-11-18T10:45:00Z,2025-11-18T11:06:00Z,21,30,4,0.5599,0.8109,0.2276,0.6037,1.6016,-0.005322,-3.96e-4,0.001462,NA,FALSE,FALSE,0.002691,0.002352,45.0192,-0.589785,-0.484036,-0.344443,0.344443,0.484036,0.589785,-143.7765,-97.9341,-53.1496,53.1496,97.9341,143.7765
JPSS2_20251119T132401_vs_HYPERNETS_20251119T130000_RHOW_R_pixel.csv,THFR_pixel,Hyp,JPSS2,3.6641600000000003,43.43485999999999,3.666025,43.423469,1.28,2.25,2025-11-19T12:00:00Z,2025-11-19T12:24:01Z,24,30,3,0.5539,0.8292,0.1428,0.5597,2.1945,-0.008826,2.08e-4,0.002512,NA,FALSE,FALSE,0.00258,0.002225,36.3543,-0.425155,-0.39168,-0.316,0.316,0.39168,0.425155,-74.2555,-64.3873,-47.1021,47.1021,64.3873,74.2555
JPSS2_20251119T132401_vs_HYPERNETS_20251119T131500_RHOW_R_pixel.csv,THFR_pixel,Hyp,JPSS2,3.6641600000000003,43.43485999999999,3.666025,43.423469,1.28,2.25,2025-11-19T12:15:00Z,2025-11-19T12:24:01Z,9,30,3,0.5834,0.8322,0.1766,0.5876,1.9546,-0.006924,2.27e-4,0.002377,NA,FALSE,FALSE,0.002251,0.00193,32.8188,-0.39171,-0.36399,-0.282567,0.282567,0.36399,0.39171,-64.5662,-57.2302,-40.2923,40.2923,57.2302,64.5662
JPSS2_20251119T132401_vs_HYPERNETS_20251119T133000_RHOW_R_pixel.csv,THFR_pixel,Hyp,JPSS2,3.6641600000000003,43.43485999999999,3.666025,43.423469,1.28,2.25,2025-11-19T12:30:00Z,2025-11-19T12:24:01Z,6,30,3,0.6123,0.8043,0.1955,0.6162,1.9417,-0.006172,2.95e-4,0.002347,NA,FALSE,FALSE,0.001884,0.001578,26.7554,-0.350647,-0.325104,-0.213237,0.213237,0.325104,0.350647,-54.1187,-48.1709,-28.4077,28.4077,48.1709,54.1187
JPSS2_20251119T132401_vs_HYPERNETS_20251119T134500_RHOW_R_pixel.csv,THFR_pixel,Hyp,JPSS2,3.6641600000000003,43.43485999999999,3.666025,43.423469,1.28,2.25,2025-11-19T12:45:00Z,2025-11-19T12:24:01Z,21,30,3,0.6378,0.8378,0.1929,0.6423,2.1386,-0.006973,2.15e-4,0.002374,NA,FALSE,FALSE,0.001767,0.001503,27.0686,-0.337009,-0.30646,-0.222249,0.222249,0.30646,0.337009,-50.992,-44.1877,-29.3362,29.3362,44.1877,50.992
JPSS2_20251121T124800_vs_HYPERNETS_20251121T123000_RHOW_R_pixel.csv,THFR_pixel,Hyp,JPSS2,3.6641600000000003,43.43485999999999,3.665218,43.429517000000004,0.6,2.25,2025-11-21T11:30:00Z,2025-11-21T11:48:00Z,18,30,4,0.5565,0.7805,0.19,0.6481,2.211,-0.008014,-1e-4,0.00222,NA,FALSE,FALSE,0.002346,0.001882,33.2219,-0.37361,-0.263164,-0.221773,0.221773,0.263164,0.37361,-63.8032,-35.881100000000004,-28.5053,28.5053,35.881100000000004,63.8032
JPSS2_20251121T124800_vs_HYPERNETS_20251121T124500_RHOW_R_pixel.csv,THFR_pixel,Hyp,JPSS2,3.6641600000000003,43.43485999999999,3.665218,43.429517000000004,0.6,2.25,2025-11-21T11:45:00Z,2025-11-21T11:48:00Z,3,30,4,0.5412,0.7554,0.1845,0.6308,2.1566,-0.007813,-3.4e-5,0.002241,NA,FALSE,FALSE,0.002409,0.001916,32.8464,-0.382193,-0.25819,-0.204461,0.204461,0.25819,0.382193,-66.0542,-35.1268,-25.703,25.703,35.1268,66.0542
JPSS2_20251121T124800_vs_HYPERNETS_20251121T130000_RHOW_R_pixel.csv,THFR_pixel,Hyp,JPSS2,3.6641600000000003,43.43485999999999,3.665218,43.429517000000004,0.6,2.25,2025-11-21T12:00:00Z,2025-11-21T11:48:00Z,12,30,4,0.539,0.8694,0.1827,0.6309,2.1783,-0.008966,-3.37e-4,0.002163,NA,FALSE,FALSE,0.00281,0.002395,41.3947,-0.453938,-0.371316,-0.331324,0.331324,0.371316,0.453938,-86.9134,-59.1814,-49.669,49.669,59.1814,86.9134
JPSS2_20251121T124800_vs_HYPERNETS_20251121T131500_RHOW_R_pixel.csv,THFR_pixel,Hyp,JPSS2,3.6641600000000003,43.43485999999999,3.665218,43.429517000000004,0.6,2.25,2025-11-21T12:15:00Z,2025-11-21T11:48:00Z,27,30,4,0.5306,0.8829,0.1808,0.6188,2.1184,-0.008624,-2.67e-4,0.002174,NA,FALSE,FALSE,0.002824,0.002391,41.3344,-0.485415,-0.400808,-0.328736,0.328736,0.400808,0.485415,-97.0964,-67.231,-49.5099,49.5099,67.231,97.0964
JPSS2_20251122T123000_vs_HYPERNETS_20251122T120000_RHOW_R_pixel.csv,THFR_pixel,Hyp,JPSS2,3.6641600000000003,43.43485999999999,3.6582049999999997,43.431052,0.64,2.25,2025-11-22T11:00:00Z,2025-11-22T11:30:00Z,30,30,4,0.7145,0.8272,0.2588,0.8034,2.494,-0.01085,-0.00116,0.001962,NA,FALSE,FALSE,0.002633,0.002287,38.0432,-0.526468,-0.354325,-0.208288,0.208288,0.354325,0.526468,-118.8076,-57.077,-26.7282,26.7282,57.077,118.8076
JPSS2_20251122T123000_vs_HYPERNETS_20251122T121500_RHOW_R_pixel.csv,THFR_pixel,Hyp,JPSS2,3.6641600000000003,43.43485999999999,3.6582049999999997,43.431052,0.64,2.25,2025-11-22T11:15:00Z,2025-11-22T11:30:00Z,15,30,4,0.7626,0.7779,0.2918,0.8381,2.4069,-0.008743,-7.99e-4,0.001967,NA,FALSE,FALSE,0.001975,0.001719,34.5737,-0.464619,-0.291346,-0.101556,0.172464,0.291346,0.464619,-91.8785,-42.8014,-12.54,20.2555,42.8014,91.8785
JPSS2_20251122T123000_vs_HYPERNETS_20251122T123000_RHOW_R_pixel.csv,THFR_pixel,Hyp,JPSS2,3.6641600000000003,43.43485999999999,3.6582049999999997,43.431052,0.64,2.25,2025-11-22T11:30:00Z,2025-11-22T11:30:00Z,0,30,4,0.7917,0.7963,0.3133,0.8603,2.3629,-0.008054,-7.42e-4,0.001921,NA,FALSE,FALSE,0.001759,0.001538,33.4102,-0.438782,-0.266926,-0.077967,0.166454,0.271134,0.438782,-82.6195,-37.8825,-9.6309,18.5108,37.8825,82.6195
JPSS2_20251122T123000_vs_HYPERNETS_20251122T124500_RHOW_R_pixel.csv,THFR_pixel,Hyp,JPSS2,3.6641600000000003,43.43485999999999,3.6582049999999997,43.431052,0.64,2.25,2025-11-22T11:45:00Z,2025-11-22T11:30:00Z,15,30,4,0.8062,0.8121,0.3249,0.8714,2.3373,-0.007731,-7.21e-4,0.001892,NA,FALSE,FALSE,0.001664,0.001453,32.5199,-0.427379,-0.255997,-0.069631,0.16352,0.265701,0.427379,-78.6846,-35.8209,-8.5536,17.3369,35.8209,78.6846
JPSS2_20251122T123000_vs_HYPERNETS_20251122T130000_RHOW_R_pixel.csv,THFR_pixel,Hyp,JPSS2,3.6641600000000003,43.43485999999999,3.6582049999999997,43.431052,0.64,2.25,2025-11-22T12:00:00Z,2025-11-22T11:30:00Z,30,30,4,0.8244,0.7979,0.3399,0.8856,2.3075,-0.007135,-6.15e-4,0.001887,NA,FALSE,FALSE,0.001475,0.001305,32.8194,-0.401336,-0.231399,-0.029731,0.22412,0.297262,0.401336,-70.482,-31.3636,-4.4184,22.7589,37.7446,70.482
JPSS2_20251126T125401_vs_HYPERNETS_20251126T123000_RHOW_R_pixel.csv,THFR_pixel,Hyp,JPSS2,3.6641600000000003,43.43485999999999,3.665108,43.428064,0.76,2.25,2025-11-26T11:30:00Z,2025-11-26T11:54:01Z,24,30,4,0.066,0.1385,0.024,0.1305,0.7089,-0.001084,0.001859,0.0024,NA,TRUE,FALSE,0.00361,0.002785,44.4052,-0.653808,-0.415885,-0.068609,0.25207,0.461826,0.653808,-188.9571,-86.6542,-9.5256,26.2143,90.4884,188.9571
JPSS2_20251126T125401_vs_HYPERNETS_20251126T124500_RHOW_R_pixel.csv,THFR_pixel,Hyp,JPSS2,3.6641600000000003,43.43485999999999,3.665108,43.428064,0.76,2.25,2025-11-26T11:45:00Z,2025-11-26T11:54:01Z,9,30,4,0.0679,0.143,0.0246,0.1337,0.7251,-0.00116,0.001844,0.002398,NA,TRUE,FALSE,0.003557,0.002736,42.9486,-0.650162,-0.417641,-0.08884,0.209822,0.430498,0.650162,-185.9514,-86.4798,-11.5826,23.0575,86.4798,185.9514
JPSS2_20251126T125401_vs_HYPERNETS_20251126T130000_RHOW_R_pixel.csv,THFR_pixel,Hyp,JPSS2,3.6641600000000003,43.43485999999999,3.665108,43.428064,0.76,2.25,2025-11-26T12:00:00Z,2025-11-26T11:54:01Z,6,30,4,0.065,0.1315,0.0235,0.1273,0.6897,-9.16e-4,0.001888,0.002405,NA,TRUE,FALSE,0.003584,0.002775,47.6768,-0.649605,-0.397669,-0.00388,0.369546,0.542383,0.649605,-185.5551,-81.7633,-3.3122,37.1399,100.9327,185.5551
JPSS2_20251127T123601_vs_HYPERNETS_20251127T121500_RHOW_R_pixel.csv,THFR_pixel,Hyp,JPSS2,3.6641600000000003,43.43485999999999,3.667555,43.43413,0.29,2.25,2025-11-27T11:15:00Z,2025-11-27T11:36:01Z,21,30,4,0.7332,0.6187,0.2675,0.8217,2.5244,-0.007934,-1.77e-4,0.002348,NA,FALSE,FALSE,0.001538,0.001313,36.9256,-0.384436,-0.232019,0.068877,0.298708,0.403475,0.47402300000000003,-62.6964,-32.2209,3.5732,44.0448,57.361,62.6964
JPSS2_20251127T123601_vs_HYPERNETS_20251127T123000_RHOW_R_pixel.csv,THFR_pixel,Hyp,JPSS2,3.6641600000000003,43.43485999999999,3.667555,43.43413,0.29,2.25,2025-11-27T11:30:00Z,2025-11-27T11:36:01Z,6,30,4,0.7423,0.6266,0.2657,0.8395,2.6518,-0.008537,-2.65e-4,0.002353,NA,FALSE,FALSE,0.001548,0.001306,36.0318,-0.398356,-0.234704,0.067658,0.309054,0.413309,0.464574,-66.3709,-33.2071,3.9405,40.603,57.4538,66.3709
JPSS2_20251127T123601_vs_HYPERNETS_20251127T124500_RHOW_R_pixel.csv,THFR_pixel,Hyp,JPSS2,3.6641600000000003,43.43485999999999,3.667555,43.43413,0.29,2.25,2025-11-27T11:45:00Z,2025-11-27T11:36:01Z,9,30,4,0.7429,0.635,0.2661,0.84,2.6518,-0.008617,-2.93e-4,0.002344,NA,FALSE,FALSE,0.001566,0.001321,35.3634,-0.403703,-0.239628,0.055339,0.314701,0.41763,0.456563,-67.8434,-34.1561,2.979,38.0457,56.2494,67.8434
JPSS2_20251127T123601_vs_HYPERNETS_20251127T130000_RHOW_R_pixel.csv,THFR_pixel,Hyp,JPSS2,3.6641600000000003,43.43485999999999,3.667555,43.43413,0.29,2.25,2025-11-27T12:00:00Z,2025-11-27T11:36:01Z,24,30,4,0.7721,0.6235,0.2901,0.8544,2.5167,-0.007129,-6.5e-5,0.002333,NA,FALSE,FALSE,0.001268,0.001045,35.4205,-0.310071,-0.166564,0.129896,0.222912,0.340882,0.472175,-45.4061,-21.0974,9.2366,29.6219,52.3854,67.5532
JPSS2_20251201T130001_vs_HYPERNETS_20251201T133000_RHOW_R_pixel.csv,THFR_pixel,Hyp,JPSS2,3.6641600000000003,43.43485999999999,3.653776,43.426916000000006,1.22,2.25,2025-12-01T12:30:00Z,2025-12-01T12:00:01Z,30,30,3,0.8043,0.8793,0.0704,0.9457,12.7141,-0.040187,-0.001057,0.001854,NA,FALSE,FALSE,0.001684,0.001237,38.2298,-0.506464,-0.267841,-0.200903,0.200903,0.267841,0.506464,-131.4739,-36.5824,-25.5827,25.5827,36.5824,131.4739
JPSS2_20251208T123001_vs_HYPERNETS_20251208T121500_RHOW_R_pixel.csv,THFR_pixel,Hyp,JPSS2,3.6641600000000003,43.43485999999999,3.659994,43.432425,0.43,2.25,2025-12-08T11:15:00Z,2025-12-08T11:30:01Z,15,30,4,0.5586,1.4259,0.2037,0.6261,1.9247,-0.008256,-0.001317,9.41e-4,NA,FALSE,FALSE,0.003619,0.003315,67.7853,-0.758582,-0.739616,-0.658887,0.658887,0.739616,0.758582,-315.7241,-284.2083,-210.3411,210.3411,284.2083,315.7241
JPSS2_20251208T123001_vs_HYPERNETS_20251208T123000_RHOW_R_pixel.csv,THFR_pixel,Hyp,JPSS2,3.6641600000000003,43.43485999999999,3.659994,43.432425,0.43,2.25,2025-12-08T11:30:00Z,2025-12-08T11:30:01Z,0,30,4,0.565,1.4462,0.2073,0.6314,1.9228,-0.008201,-0.00133,9.26e-4,NA,FALSE,FALSE,0.003586,0.003291,67.7141,-0.757861,-0.737516,-0.656796,0.656796,0.737516,0.757861,-314.8768,-281.1308,-208.2461,208.2461,281.1308,314.8768
JPSS2_20251208T123001_vs_HYPERNETS_20251208T124500_RHOW_R_pixel.csv,THFR_pixel,Hyp,JPSS2,3.6641600000000003,43.43485999999999,3.659994,43.432425,0.43,2.25,2025-12-08T11:45:00Z,2025-12-08T11:30:01Z,15,30,4,0.5774,1.3486,0.2214,0.6341,1.816,-0.006977,-0.001115,9.31e-4,NA,FALSE,FALSE,0.003231,0.00293,65.0117,-0.722818,-0.710606,-0.63790500000000006,0.63790500000000006,0.710606,0.722818,-261.8686,-245.5496,-190.3407,190.3407,245.5496,261.8686
JPSS2_20251208T123001_vs_HYPERNETS_20251208T130000_RHOW_R_pixel.csv,THFR_pixel,Hyp,JPSS2,3.6641600000000003,43.43485999999999,3.659994,43.432425,0.43,2.25,2025-12-08T12:00:00Z,2025-12-08T11:30:01Z,30,30,4,0.5778,1.484,0.2174,0.6391,1.8789,-0.007798,-0.001314,8.92e-4,NA,FALSE,FALSE,0.00348,0.003201,67.2886,-0.749677,-0.728125,-0.651333,0.651333,0.728125,0.749677,-302.732,-267.8578,-202.6832,202.6832,267.8578,302.732
JPSS2_20251214T121801_vs_HYPERNETS_20251214T120000_RHOW_R_pixel.csv,THFR_pixel,Hyp,JPSS2,3.6641600000000003,43.43485999999999,3.6605170000000005,43.428191000000005,0.8,2.25,2025-12-14T11:00:00Z,2025-12-14T11:18:01Z,18,30,5,-0.2546,-0.2936,-1.842,-0.5261,-0.1503,0.003907,0.005396,0.010607,NA,TRUE,TRUE,0.003113,0.002862,94.7377,-0.57173,-0.305348,1.218525,0.57173,0.613673,1.218525,-133.4974,-43.9569,121.8525,121.8525,133.4974,158.8478
JPSS2_20251214T121801_vs_HYPERNETS_20251214T121500_RHOW_R_pixel.csv,THFR_pixel,Hyp,JPSS2,3.6641600000000003,43.43485999999999,3.6605170000000005,43.428191000000005,0.8,2.25,2025-12-14T11:15:00Z,2025-12-14T11:18:01Z,3,30,5,-0.2441,-0.3003,-1.7337,-0.497,-0.1425,0.003934,0.005479,0.010871,NA,TRUE,TRUE,0.003345,0.003082,85.1311,-0.600835,-0.391512,1.005144,0.600835,0.646744,1.005144,-150.5228,-64.3419,100.5144,100.5144,150.5228,161.2322
JPSS2_20251228T125400_vs_HYPERNETS_20251228T123000_RHOW_R_pixel.csv,THFR_pixel,Hyp,JPSS2,3.6641600000000003,43.43485999999999,3.6587870000000002,43.428653000000004,0.82,2.25,2025-12-28T11:30:00Z,2025-12-28T11:54:00Z,24,30,4,0.592,0.876,0.2064,0.6797,2.239,-0.01199,-0.001248,0.002013,NA,FALSE,FALSE,0.003894,0.003455,49.8898,-0.638116,-0.490383,-0.351165,0.351165,0.490383,0.638116,-176.7695,-103.6375,-54.1272,54.1272,103.6375,176.7695
JPSS2_20251228T125400_vs_HYPERNETS_20251228T130000_RHOW_R_pixel.csv,THFR_pixel,Hyp,JPSS2,3.6641600000000003,43.43485999999999,3.6587870000000002,43.428653000000004,0.82,2.25,2025-12-28T12:00:00Z,2025-12-28T11:54:00Z,6,30,4,0.6254,0.8683,0.2214,0.7117,2.2885,-0.011173,-0.001109,0.002021,NA,FALSE,FALSE,0.003377,0.002949,45.6618,-0.59677500000000006,-0.447155,-0.306998,0.306998,0.447155,0.59677500000000006,-148.7015,-86.3256,-44.3247,44.3247,86.3256,148.7015
JPSS2_20251228T125400_vs_HYPERNETS_20251228T131500_RHOW_R_pixel.csv,THFR_pixel,Hyp,JPSS2,3.6641600000000003,43.43485999999999,3.6587870000000002,43.428653000000004,0.82,2.25,2025-12-28T12:15:00Z,2025-12-28T11:54:00Z,21,30,4,0.6375,0.8678,0.2269,0.7232,2.305,-0.010928,-0.001072,0.00202,NA,FALSE,FALSE,0.00322,0.002797,44.29,-0.582942,-0.432775,-0.292732,0.292732,0.432775,0.582942,-140.5476,-81.2325,-41.4198,41.4198,81.2325,140.5476
JPSS2_20251229T123600_vs_HYPERNETS_20251229T121500_RHOW_R_pixel.csv,THFR_pixel,Hyp,JPSS2,3.6641600000000003,43.43485999999999,3.6612340000000003,43.430682,0.52,2.25,2025-12-29T11:15:00Z,2025-12-29T11:36:00Z,21,30,4,0.5818,1.0987,0.2257,0.6363,1.7942,-0.008235,-8.52e-4,0.001767,NA,FALSE,FALSE,0.003489,0.003171,51.2732,-0.590645,-0.509959,-0.432046,0.432046,0.509959,0.590645,-144.8948,-105.8545,-76.214,76.214,105.8545,144.8948
JPSS2_20251229T123600_vs_HYPERNETS_20251229T123000_RHOW_R_pixel.csv,THFR_pixel,Hyp,JPSS2,3.6641600000000003,43.43485999999999,3.6612340000000003,43.430682,0.52,2.25,2025-12-29T11:30:00Z,2025-12-29T11:36:00Z,6,30,4,0.602,1.0955,0.2344,0.6576,1.8448,-0.008122,-8.32e-4,0.001766,NA,FALSE,FALSE,0.003239,0.002935,49.358,-0.574469,-0.489416,-0.408527,0.408527,0.489416,0.574469,-135.5866,-97.6252,-69.183,69.183,97.6252,135.5866
JPSS2_20251229T123600_vs_HYPERNETS_20251229T124500_RHOW_R_pixel.csv,THFR_pixel,Hyp,JPSS2,3.6641600000000003,43.43485999999999,3.6612340000000003,43.430682,0.52,2.25,2025-12-29T11:45:00Z,2025-12-29T11:36:00Z,9,30,4,0.6026,1.0608,0.2359,0.657,1.8296,-0.007628,-6.85e-4,0.001809,NA,FALSE,FALSE,0.00304,0.002716,47.0122,-0.553811,-0.454068,-0.370379,0.370379,0.454068,0.553811,-124.8066,-85.1836,-58.8328,58.8328,85.1836,124.8066
JPSS2_20251229T123600_vs_HYPERNETS_20251229T130000_RHOW_R_pixel.csv,THFR_pixel,Hyp,JPSS2,3.6641600000000003,43.43485999999999,3.6612340000000003,43.430682,0.52,2.25,2025-12-29T12:00:00Z,2025-12-29T11:36:00Z,24,30,4,0.6107,1.0403,0.2414,0.6638,1.8253,-0.0072,-5.79e-4,0.001829,NA,FALSE,FALSE,0.002827,0.002495,44.5925,-0.53618,-0.431343,-0.341087,0.341087,0.431343,0.53618,-116.2505,-77.8372,-51.781,51.781,77.8372,116.2505
JPSS2_20251230T121800_vs_HYPERNETS_20251230T120000_RHOW_R_pixel.csv,THFR_pixel,Hyp,JPSS2,3.6641600000000003,43.43485999999999,3.6562019999999995,43.43063,0.8,2.25,2025-12-30T11:00:00Z,2025-12-30T11:18:00Z,18,30,4,0.4366,0.8841,0.1889,0.4636,1.1376,-0.00478,-2.47e-4,0.001601,NA,FALSE,FALSE,0.004266,0.003854,56.5371,-0.590992,-0.54382,-0.518199,0.518199,0.54382,0.590992,-146.0732,-119.4583,-107.5757,107.5757,119.4583,146.0732
JPSS2_20251230T121800_vs_HYPERNETS_20251230T121500_RHOW_R_pixel.csv,THFR_pixel,Hyp,JPSS2,3.6641600000000003,43.43485999999999,3.6562019999999995,43.43063,0.8,2.25,2025-12-30T11:15:00Z,2025-12-30T11:18:00Z,3,30,4,0.445,0.8694,0.1975,0.4701,1.1191,-0.004311,-1.46e-4,0.001604,NA,FALSE,FALSE,0.003966,0.003547,54.17,-0.556973,-0.517169,-0.501896,0.501896,0.517169,0.556973,-127.6403,-107.1422,-100.8194,100.8194,107.1422,127.6403
JPSS2_20251230T121800_vs_HYPERNETS_20251230T123000_RHOW_R_pixel.csv,THFR_pixel,Hyp,JPSS2,3.6641600000000003,43.43485999999999,3.6562019999999995,43.43063,0.8,2.25,2025-12-30T11:30:00Z,2025-12-30T11:18:00Z,12,30,4,0.4473,0.9022,0.196,0.4738,1.1451,-0.004701,-2.61e-4,0.001576,NA,FALSE,FALSE,0.004133,0.003741,55.9866,-0.579482,-0.533555,-0.513939,0.513939,0.533555,0.579482,-139.4363,-114.5631,-105.7362,105.7362,114.5631,139.4363
JPSS2_20251230T121800_vs_HYPERNETS_20251230T124500_RHOW_R_pixel.csv,THFR_pixel,Hyp,JPSS2,3.6641600000000003,43.43485999999999,3.6562019999999995,43.43063,0.8,2.25,2025-12-30T11:45:00Z,2025-12-30T11:18:00Z,27,30,4,0.447,0.8754,0.1983,0.4722,1.1239,-0.004315,-1.47e-4,0.001603,NA,FALSE,FALSE,0.003938,0.003523,54.061,-0.551663,-0.513012,-0.50196,0.50196,0.513012,0.551663,-125.0741,-105.3584,-100.8206,100.8206,105.3584,125.0741
JPSS2_20251231T120000_vs_HYPERNETS_20251231T113000_RHOW_R_pixel.csv,THFR_pixel,Hyp,JPSS2,3.6641600000000003,43.43485999999999,3.664388,43.428720000000006,0.68,2.25,2025-12-31T10:30:00Z,2025-12-31T11:00:00Z,30,30,5,0.5976,0.7111,0.343,0.6414,1.1995,-0.001521,9.4e-4,0.002256,NA,FALSE,FALSE,0.001409,0.001112,22.0247,-0.250768,-0.058777,0.219345,0.219345,0.242765,0.250768,-33.47,-6.2448,21.9345,21.9345,24.2765,33.47
JPSS2_20251231T120000_vs_HYPERNETS_20251231T114500_RHOW_R_pixel.csv,THFR_pixel,Hyp,JPSS2,3.6641600000000003,43.43485999999999,3.664388,43.428720000000006,0.68,2.25,2025-12-31T10:45:00Z,2025-12-31T11:00:00Z,15,30,5,0.6118,0.7235,0.3528,0.6556,1.2184,-0.001525,9.2e-4,0.002236,NA,FALSE,FALSE,0.00133,0.001037,20.076,-0.236351,-0.016311,0.180804,0.180804,0.236351,0.251424,-30.9502,-1.6581,18.0804,18.0804,25.1424,30.9502
JPSS2_20251231T120000_vs_HYPERNETS_20251231T120000_RHOW_R_pixel.csv,THFR_pixel,Hyp,JPSS2,3.6641600000000003,43.43485999999999,3.664388,43.428720000000006,0.68,2.25,2025-12-31T11:00:00Z,2025-12-31T11:00:00Z,0,30,5,0.6178,0.7398,0.3567,0.6617,1.2276,-0.00159,8.8e-4,0.002212,NA,FALSE,FALSE,0.001318,0.001018,19.0094,-0.23572,-0.026798,0.128232,0.128232,0.23572,0.241978,-30.842,-2.7536,12.8232,12.8232,24.1978,30.842
JPSS2_20251231T120000_vs_HYPERNETS_20251231T121500_RHOW_R_pixel.csv,THFR_pixel,Hyp,JPSS2,3.6641600000000003,43.43485999999999,3.664388,43.428720000000006,0.68,2.25,2025-12-31T11:15:00Z,2025-12-31T11:00:00Z,15,30,5,0.6255,0.6511,0.3567,0.6731,1.2703,-0.001265,0.001101,0.002355,NA,FALSE,FALSE,0.001172,0.001034,30.7764,-0.193098,0.074102,0.425606,0.193098,0.263039,0.425606,-23.9307,7.4102,42.5606,23.9307,35.6924,42.5606
JPSS2_20251231T120000_vs_HYPERNETS_20251231T123000_RHOW_R_pixel.csv,THFR_pixel,Hyp,JPSS2,3.6641600000000003,43.43485999999999,3.664388,43.428720000000006,0.68,2.25,2025-12-31T11:30:00Z,2025-12-31T11:00:00Z,30,30,5,0.6292,0.6087,0.3551,0.6799,1.3016,-0.001159,0.001195,0.002424,NA,FALSE,FALSE,0.001149,0.001042,38.7819,-0.174718,0.102398,0.541433,0.174718,0.230572,0.541433,-21.1707,10.2398,54.1433,21.1707,29.9666,54.1433
