file_name,site_name,sensor_X,sensor_Y,lon_X,lat_X,lon_Y,lat_Y,dist,dist_limit,dateTime_X,dateTime_Y,diff_time,diff_time_limit,n,Slope,Slope_log,Slope_II_low,Slope_II,Slope_II_high,Slope_II_int_low,Slope_II_int,Slope_II_int_high,Slope_II_p,Slope_II_slope_bias_sig,Slope_II_int_bias_sig,RMSE,MSA,MAPE,MRD_25,MRD_50,MRD_75,MARD_25,MARD_50,MARD_75,Bias_25,Bias_50,Bias_75,Error_25,Error_50,Error_75
S3A_20240531T101658_vs_HYPERNETS_20240531T101500_RHOW_C.csv,MAFR,Hyp,S3A,-1.040456,45.547661999999995,-1.048084,45.55543,1.05,5,2024-05-31T08:15:00Z,2024-05-31T08:16:58Z,2,15,16,0.8434,0.6927,0.7857,0.8519,0.9237,-0.001716,-1.03e-4,0.001385,NA,TRUE,FALSE,0.004995,0.00418,62.6467,-0.178768,-0.141273,0.020921,0.110575,0.154358,0.227352,-21.8023,-16.462,2.0674,11.467,18.2536,29.503
S3A_20240603T103925_vs_HYPERNETS_20240603T104500_RHOW_C.csv,MAFR,Hyp,S3A,-1.040456,45.547661999999995,-1.045159,45.554849999999995,0.88,5,2024-06-03T08:45:00Z,2024-06-03T08:39:25Z,6,15,16,0.818,1.0466,0.7587,0.8277,0.903,-0.009111,-0.005521,-0.00223,NA,TRUE,TRUE,0.015435,0.013737,33.1516,-0.330133,-0.279457,-0.250478,0.250478,0.279457,0.330133,-49.2902,-38.7915,-33.4192,33.4192,38.7915,49.2902
S3A_20240604T101314_vs_HYPERNETS_20240604T100000_RHOW_C.csv,MAFR,Hyp,S3A,-1.040456,45.547661999999995,-1.0438679999999998,45.554338,0.79,5,2024-06-04T08:00:00Z,2024-06-04T08:13:14Z,13,15,15,0.7888,0.9551,0.7121,0.8065,0.9136,-0.013045,-0.006588,-8.88e-4,NA,TRUE,TRUE,0.020854,0.018417,34.0388,-0.301047,-0.268875,-0.251988,0.258339,0.273124,0.319804,-43.0999,-36.7754,-33.6883,33.6883,36.7754,43.0999
S3A_20240611T103156_vs_HYPERNETS_20240611T103000_RHOW_C.csv,MAFR,Hyp,S3A,-1.040456,45.547661999999995,-1.046251,45.555009,0.93,5,2024-06-11T08:30:00Z,2024-06-11T08:31:56Z,2,15,16,0.8588,0.9039,0.8346,0.86,0.8861,-0.002512,-0.00106,3.49e-4,NA,TRUE,FALSE,0.010258,0.009153,21.2878,-0.195944,-0.168556,-0.149614,0.15619,0.176494,0.225799,-24.3979,-20.2728,-17.5937,18.511,21.4363,29.1654
S3A_20240612T100545_vs_HYPERNETS_20240612T100000_RHOW_R.csv,MAFR,Hyp,S3A,-1.040456,45.547661999999995,-1.0425,45.553169,0.63,5,2024-06-12T08:00:00Z,2024-06-12T08:05:45Z,6,15,15,0.7852,0.7303,0.6956,0.8138,0.952,-0.007788,-0.003016,0.001063,NA,TRUE,FALSE,0.012267,0.00988,45.8682,-0.248747,-0.22459,-0.11524,0.159994,0.242199,0.294985,-33.1131,-28.964,-13.162,19.0468,31.9608,42.094
S3A_20240612T100545_vs_HYPERNETS_20240612T101500_RHOW_R.csv,MAFR,Hyp,S3A,-1.040456,45.547661999999995,-1.0425,45.553169,0.63,5,2024-06-12T08:15:00Z,2024-06-12T08:05:45Z,9,15,15,0.7866,0.7254,0.695,0.8175,0.9616,-0.007808,-0.00288,0.00131,NA,TRUE,FALSE,0.012081,0.009559,45.4008,-0.24019,-0.206305,-0.098913,0.153915,0.22308,0.295953,-31.6201,-25.9931,-11.1407,18.1945,28.7133,42.3577
S3A_20240619T102426_vs_HYPERNETS_20240619T101500_RHOW_C.csv,MAFR,Hyp,S3A,-1.040456,45.547661999999995,-1.0452899999999998,45.55383,0.78,5,2024-06-19T08:15:00Z,2024-06-19T08:24:26Z,9,15,16,0.7566,0.8222,0.7074,0.7634,0.8237,-0.003559,-0.001521,3.68e-4,NA,TRUE,FALSE,0.011584,0.00981,38.1659,-0.326035,-0.278822,-0.207547,0.224554,0.30129,0.329628,-48.3759,-38.6665,-26.1913,28.9664,43.1617,49.1721
S3A_20240623T102042_vs_HYPERNETS_20240623T103100_RHOW_C.csv,MAFR,Hyp,S3A,-1.040456,45.547661999999995,-1.0458759999999998,45.552813,0.71,5,2024-06-23T08:31:00Z,2024-06-23T08:20:42Z,10,15,16,0.3296,0.0504,0.3184,0.4764,0.7128,0.153253,0.166279,0.174986,NA,TRUE,TRUE,0.139803,0.137424,665.2666,1.280523,2.326754,6.125189,1.280523,2.326754,6.125189,128.0501,229.156,612.5148,128.0501,229.156,612.5148
S3A_20240624T095431_vs_HYPERNETS_20240624T094500_RHOW_C.csv,MAFR,Hyp,S3A,-1.040456,45.547661999999995,-1.050311,45.553881999999994,1.03,5,2024-06-24T07:45:00Z,2024-06-24T07:54:31Z,10,15,16,0.8866,0.4685,0.7929,0.9167,1.0598,0.006506,0.014963,0.022279,NA,FALSE,TRUE,0.013746,0.010568,87.2719,0.023579,0.084406,0.669762,0.03757,0.085722,0.669762,2.3579,8.4405,66.8276,3.7832,8.5722,66.8276
S3A_20240624T095431_vs_HYPERNETS_20240624T100000_RHOW_C.csv,MAFR,Hyp,S3A,-1.040456,45.547661999999995,-1.050311,45.553881999999994,1.03,5,2024-06-24T08:00:00Z,2024-06-24T07:54:31Z,5,15,16,0.8193,0.5038,0.7285,0.8519,0.9962,0.007274,0.016234,0.023897,NA,TRUE,TRUE,0.013501,0.009959,66.7434,-0.045285,0.026479,0.75583,0.036594,0.064694,0.75583,-4.7437,2.6479,75.4597,3.7709,6.929,75.4597
S3A_20240626T104308_vs_HYPERNETS_20240626T103000_RHOW_C.csv,MAFR,Hyp,S3A,-1.040456,45.547661999999995,-1.0433839999999999,45.554010999999996,0.74,5,2024-06-26T08:30:00Z,2024-06-26T08:43:08Z,13,15,16,0.8568,0.9515,0.8259,0.8588,0.893,-0.003797,-0.001971,-2.15e-4,NA,TRUE,TRUE,0.010906,0.009638,20.258,-0.199613,-0.176988,-0.161257,0.162046,0.184105,0.213633,-24.9403,-21.5072,-19.226,19.3382,22.5651,25.9153
S3A_20240626T104308_vs_HYPERNETS_20240626T104500_RHOW_C.csv,MAFR,Hyp,S3A,-1.040456,45.547661999999995,-1.0433839999999999,45.554010999999996,0.74,5,2024-06-26T08:45:00Z,2024-06-26T08:43:08Z,2,15,16,0.843,0.9292,0.8122,0.845,0.8792,-0.003592,-0.001748,2.5e-5,NA,TRUE,FALSE,0.011696,0.010287,21.7796,-0.205342,-0.181464,-0.170292,0.173047,0.186346,0.216357,-25.8404,-22.1693,-20.5248,20.926,22.9044,27.6474
S3A_20240627T101658_vs_HYPERNETS_20240627T101500_RHOW_C.csv,MAFR,Hyp,S3A,-1.040456,45.547661999999995,-1.043086,45.553216,0.65,5,2024-06-27T08:15:00Z,2024-06-27T08:16:58Z,2,15,16,0.832,0.7611,0.7896,0.8362,0.8856,0.001562,0.003636,0.005595,NA,TRUE,TRUE,0.006257,0.005058,25.5922,-0.122155,-0.065944,0.038759,0.061276,0.117864,0.139586,-13.9162,-7.1401,3.8586,6.1355,13.3616,15.5707
S3A_20240630T103924_vs_HYPERNETS_20240630T103000_RHOW_R.csv,MAFR,Hyp,S3A,-1.040456,45.547661999999995,-1.0459109999999998,45.55297,0.73,5,2024-06-30T08:30:00Z,2024-06-30T08:39:24Z,9,15,14,0.5997,0.5725,0.5112,0.6496,0.8255,-0.005164,-0.001297,0.001746,NA,TRUE,FALSE,0.012742,0.009924,105.7415,-0.499593,-0.402737,0.009853,0.298166,0.419898,0.535801,-100.3906,-67.4512,-0.6264,39.0996,72.3989,115.4575
S3A_20240630T103924_vs_HYPERNETS_20240630T104500_RHOW_R.csv,MAFR,Hyp,S3A,-1.040456,45.547661999999995,-1.0459109999999998,45.55297,0.73,5,2024-06-30T08:45:00Z,2024-06-30T08:39:24Z,6,15,14,0.5657,0.5572,0.4818,0.6147,0.7842,-0.00591,-0.001825,0.001377,NA,TRUE,FALSE,0.014967,0.011893,111.2757,-0.550874,-0.469241,-0.108303,0.326768,0.481517,0.586838,-123.0382,-88.4146,-13.2905,48.6013,92.8952,142.132
S3A_20240704T103539_vs_HYPERNETS_20240704T103000_RHOW_C.csv,MAFR,Hyp,S3A,-1.040456,45.547661999999995,-1.0454909999999997,45.554581999999996,0.86,5,2024-07-04T08:30:00Z,2024-07-04T08:35:39Z,6,15,16,0.5419,0.153,0.4823,0.5628,0.6568,0.07438,0.079212,0.083352,NA,TRUE,TRUE,0.059036,0.056734,380.1811,0.496474,1.026097,3.753522,0.496474,1.026097,3.753522,49.6459,101.6745,374.6301,49.6459,101.6745,374.6301
S3A_20240704T103539_vs_HYPERNETS_20240704T104500_RHOW_C.csv,MAFR,Hyp,S3A,-1.040456,45.547661999999995,-1.0454909999999997,45.554581999999996,0.86,5,2024-07-04T08:45:00Z,2024-07-04T08:35:39Z,9,15,16,0.4921,0.1471,0.437,0.5125,0.601,0.074397,0.079369,0.083609,NA,TRUE,TRUE,0.055558,0.051987,365.4684,0.382167,0.858878,3.576026,0.382167,0.858878,3.576026,38.2144,85.4216,356.8662,38.2144,85.4216,356.8662
S3A_20240708T103153_vs_HYPERNETS_20240708T103000_RHOW_C.csv,MAFR,Hyp,S3A,-1.040456,45.547661999999995,-1.041197,45.554449999999996,0.76,5,2024-07-08T08:30:00Z,2024-07-08T08:31:53Z,2,15,16,0.9033,0.8877,0.8399,0.9131,0.9926,-0.007752,-0.002839,0.00168,NA,TRUE,FALSE,0.010267,0.008628,18.3673,-0.165019,-0.104733,-0.036338,0.061547,0.107979,0.210778,-19.7822,-11.6985,-3.7821,6.5641,12.1056,26.8361
S3A_20240708T103153_vs_HYPERNETS_20240708T104500_RHOW_C.csv,MAFR,Hyp,S3A,-1.040456,45.547661999999995,-1.041197,45.554449999999996,0.76,5,2024-07-08T08:45:00Z,2024-07-08T08:31:53Z,13,15,16,0.901,0.8437,0.8261,0.916,1.0157,-0.006967,-0.001029,0.004326,NA,FALSE,FALSE,0.009393,0.008053,21.5695,-0.171287,-0.071037,0.115011,0.085361,0.154027,0.21122,-20.6848,-7.6471,11.4882,9.3361,15.8907,26.8678
S3A_20240712T102808_vs_HYPERNETS_20240712T101500_RHOW_R.csv,MAFR,Hyp,S3A,-1.040456,45.547661999999995,-1.045637,45.553955,0.81,5,2024-07-12T08:15:00Z,2024-07-12T08:28:08Z,13,15,16,0.9682,0.7309,0.9004,0.9786,1.0637,-0.001086,5.71e-4,0.002096,NA,FALSE,FALSE,0.00238,0.0021,55.6733,-0.056187,0.08457,0.174328,0.080864,0.118097,0.237792,-5.9669,8.4539,17.4155,8.639,12.4619,30.1011
S3A_20240712T102808_vs_HYPERNETS_20240712T103000_RHOW_R.csv,MAFR,Hyp,S3A,-1.040456,45.547661999999995,-1.045637,45.553955,0.81,5,2024-07-12T08:30:00Z,2024-07-12T08:28:08Z,2,15,16,0.9227,0.7267,0.8642,0.9304,1.0017,-0.001564,-5.5e-5,0.001347,NA,FALSE,FALSE,0.002881,0.002196,51.4689,-0.095016,-0.035821,0.020521,0.038828,0.082024,0.180014,-10.5116,-3.7172,2.0016,4.0411,8.6153,18.6995
S3A_20240719T104651_vs_HYPERNETS_20240719T104600_RHOW_R.csv,MAFR,Hyp,S3A,-1.040456,45.547661999999995,-1.044712,45.5525,0.63,5,2024-07-19T08:46:00Z,2024-07-19T08:46:51Z,1,15,15,0.5979,0.8579,0.5218,0.6308,0.7624,-0.007155,-0.003942,-0.001284,NA,TRUE,TRUE,0.015507,0.012965,53.0367,-0.600783,-0.532346,-0.433327,0.433327,0.532346,0.600783,-150.5371,-113.8331,-76.5482,76.5482,113.8331,150.5371
S3A_20240719T104651_vs_HYPERNETS_20240719T110100_RHOW_R.csv,MAFR,Hyp,S3A,-1.040456,45.547661999999995,-1.044712,45.5525,0.63,5,2024-07-19T09:01:00Z,2024-07-19T08:46:51Z,14,15,15,0.6314,0.8438,0.5497,0.6688,0.8136,-0.007574,-0.004186,-0.001402,NA,TRUE,TRUE,0.014191,0.011958,52.7935,-0.589608,-0.516932,-0.411825,0.411825,0.516932,0.589608,-143.6764,-107.0104,-70.019,70.019,107.0104,143.6764
S3A_20240720T102040_vs_HYPERNETS_20240720T101500_RHOW_C.csv,MAFR,Hyp,S3A,-1.040456,45.547661999999995,-1.045378,45.553174,0.72,5,2024-07-20T08:15:00Z,2024-07-20T08:20:40Z,6,15,16,0.8534,0.7386,0.8255,0.855,0.8856,0.001091,0.002115,0.003103,NA,TRUE,TRUE,0.004746,0.00391,34.2655,-0.123188,-0.074691,0.179924,0.100346,0.126835,0.179924,-14.0496,-8.0806,17.9898,11.1584,14.5263,17.9898
S3A_20240720T102040_vs_HYPERNETS_20240720T103000_RHOW_C.csv,MAFR,Hyp,S3A,-1.040456,45.547661999999995,-1.045378,45.553174,0.72,5,2024-07-20T08:30:00Z,2024-07-20T08:20:40Z,9,15,16,0.8161,0.7167,0.791,0.8175,0.8448,0.001656,0.002597,0.003508,NA,TRUE,TRUE,0.006164,0.004878,39.5141,-0.138249,-0.094688,0.21711,0.132662,0.141263,0.21711,-16.0429,-10.5357,21.711,15.2957,16.4501,21.711
S3A_20240724T101654_vs_HYPERNETS_20240724T101500_RHOW_R.csv,MAFR,Hyp,S3A,-1.040456,45.547661999999995,-1.0473339999999998,45.553143,0.81,5,2024-07-24T08:15:00Z,2024-07-24T08:16:54Z,2,15,16,0.8928,0.6312,0.828,0.9033,0.9854,-0.008559,-0.003495,0.001148,NA,TRUE,FALSE,0.011443,0.010503,59.2082,-0.173724,-0.125905,-0.115387,0.115977,0.128265,0.229293,-21.0463,-14.404,-13.0438,13.1192,14.7141,30.0387
S3A_20240724T101654_vs_HYPERNETS_20240724T103000_RHOW_R.csv,MAFR,Hyp,S3A,-1.040456,45.547661999999995,-1.0473339999999998,45.553143,0.81,5,2024-07-24T08:30:00Z,2024-07-24T08:16:54Z,13,15,16,0.8712,0.7549,0.8057,0.8824,0.9665,-0.010451,-0.005002,-2.8e-5,NA,TRUE,TRUE,0.014536,0.013495,38.9035,-0.213173,-0.164931,-0.15029,0.157388,0.169859,0.271632,-27.1213,-19.7507,-17.6873,18.6798,20.4633,37.661
S3A_20240725T095043_vs_HYPERNETS_20240725T094500_RHOW_C.csv,MAFR,Hyp,S3A,-1.040456,45.547661999999995,-1.049915,45.55487899999999,1.09,5,2024-07-25T07:45:00Z,2024-07-25T07:50:43Z,6,15,14,0.8913,0.7549,0.79990000000000006,0.9112,1.0381,-0.009615,-0.002426,0.003885,NA,FALSE,FALSE,0.010461,0.008228,28.9909,-0.120918,-0.092973,-0.083119,0.090699,0.097012,0.175713,-13.7623,-10.2503,-9.0667,9.9746,10.7443,21.3866
S3A_20240725T095043_vs_HYPERNETS_20240725T100000_RHOW_C.csv,MAFR,Hyp,S3A,-1.040456,45.547661999999995,-1.049915,45.55487899999999,1.09,5,2024-07-25T08:00:00Z,2024-07-25T07:50:43Z,9,15,14,0.764,0.8434,0.683,0.7827,0.8969,-0.009557,-0.002075,0.004455,NA,TRUE,FALSE,0.019892,0.016724,27.115,-0.222354,-0.212873,-0.170252,0.188085,0.216361,0.287102,-28.5931,-27.0448,-20.5221,23.1786,27.61,40.4572
S3A_20240728T101310_vs_HYPERNETS_20240728T100000_RHOW_C.csv,MAFR,Hyp,S3A,-1.040456,45.547661999999995,-1.04738,45.554908,0.97,5,2024-07-28T08:00:00Z,2024-07-28T08:13:10Z,13,15,16,0.7867,0.729,0.7317,0.7951,0.8639,-0.002467,-6.51e-4,0.001019,NA,TRUE,FALSE,0.007933,0.006614,43.187,-0.260487,-0.209426,0.05157,0.166138,0.22957,0.266109,-35.2248,-26.4911,5.0398,19.1666,29.8314,36.2611
S3A_20240728T101310_vs_HYPERNETS_20240728T101500_RHOW_C.csv,MAFR,Hyp,S3A,-1.040456,45.547661999999995,-1.04738,45.554908,0.97,5,2024-07-28T08:15:00Z,2024-07-28T08:13:10Z,2,15,16,0.7521,0.7356,0.6834,0.7685,0.8642,-0.003321,-7.04e-4,0.001623,NA,TRUE,FALSE,0.009528,0.007456,41.2558,-0.274278,-0.19697,-0.073979,0.139757,0.212094,0.323011,-37.856,-24.542,-8.2019,16.2718,26.9197,47.7777
S3A_20240731T103536_vs_HYPERNETS_20240731T103000_RHOW_R.csv,MAFR,Hyp,S3A,-1.040456,45.547661999999995,-1.045245,45.554728,0.87,5,2024-07-31T08:30:00Z,2024-07-31T08:35:36Z,6,15,15,0.6621,0.8882,0.5924,0.6807,0.7822,-0.004772,-0.002621,-7.48e-4,NA,TRUE,TRUE,0.011536,0.009392,42.1738,-0.531269,-0.398014,-0.328819,0.328819,0.398014,0.531269,-113.3467,-66.1168,-49.2344,49.2344,66.1168,113.3467
S3A_20240731T103536_vs_HYPERNETS_20240731T104500_RHOW_R.csv,MAFR,Hyp,S3A,-1.040456,45.547661999999995,-1.045245,45.554728,0.87,5,2024-07-31T08:45:00Z,2024-07-31T08:35:36Z,9,15,15,0.6766,0.8858,0.6049,0.6962,0.8014,-0.004753,-0.002578,-6.88e-4,NA,TRUE,TRUE,0.010906,0.008858,40.3818,-0.518034,-0.367642,-0.31354,0.31354,0.367642,0.518034,-107.4896,-58.1384,-45.9431,45.9431,58.1384,107.4896
S3A_20240801T100925_vs_HYPERNETS_20240801T101500_RHOW_C.csv,MAFR,Hyp,S3A,-1.040456,45.547661999999995,-1.045553,45.55343,0.76,5,2024-08-01T08:15:00Z,2024-08-01T08:09:25Z,6,15,16,0.7262,0.8582,0.6585,0.7429,0.8382,-0.006754,-0.003598,-8e-4,NA,TRUE,TRUE,0.014285,0.012277,43.992,-0.435496,-0.394247,-0.318274,0.330398,0.407858,0.436219,-77.1466,-65.1037,-46.7312,49.3428,68.8828,77.3739
S3A_20240805T100540_vs_HYPERNETS_20240805T100100_RHOW_R.csv,MAFR,Hyp,S3A,-1.040456,45.547661999999995,-1.0476349999999999,45.555265,1.01,5,2024-08-05T08:01:00Z,2024-08-05T08:05:40Z,5,15,15,0.8652,0.8401,0.7476,0.9309,1.1591,-0.021933,-0.006168,0.006493,NA,FALSE,FALSE,0.01847,0.014155,27.0963,-0.253773,-0.06828,0.16208,0.098927,0.188369,0.345511,-34.2911,-7.3284,16.2057,11.0216,18.8369,52.7964
S3A_20240805T100540_vs_HYPERNETS_20240805T101500_RHOW_R.csv,MAFR,Hyp,S3A,-1.040456,45.547661999999995,-1.0476349999999999,45.555265,1.01,5,2024-08-05T08:15:00Z,2024-08-05T08:05:40Z,9,15,15,0.9418,0.827,0.8127,1.0171,1.273,-0.019949,-0.004252,0.00829,NA,FALSE,FALSE,0.014696,0.011907,32.3143,-0.17373,0.035577,0.41803,0.083762,0.316966,0.461165,-21.2571,3.5577,41.8026,9.131,41.4679,46.266
S3A_20240807T105417_vs_HYPERNETS_20240807T104600_RHOW_C.csv,MAFR,Hyp,S3A,-1.040456,45.547661999999995,-1.044697,45.55484899999999,0.87,5,2024-08-07T08:46:00Z,2024-08-07T08:54:17Z,8,15,13,0.819,0.8745,0.7257,0.8397,0.9715,-0.020166,-0.011041,-0.003155,NA,TRUE,TRUE,0.024208,0.022365,39.8837,-0.504841,-0.30029,-0.239631,0.244122,0.43952,0.511501,-101.9553,-42.9163,-31.5152,32.2964,65.025,101.9553
S3A_20240807T105417_vs_HYPERNETS_20240807T110100_RHOW_C.csv,MAFR,Hyp,S3A,-1.040456,45.547661999999995,-1.044697,45.55484899999999,0.87,5,2024-08-07T09:01:00Z,2024-08-07T08:54:17Z,7,15,13,0.8065,0.9282,0.7106,0.8297,0.9688,-0.01988,-0.01027,-0.002039,NA,TRUE,TRUE,0.024413,0.02216,36.3324,-0.473453,-0.280966,-0.236421,0.238678,0.280966,0.473453,-89.9164,-39.0755,-30.9622,30.9622,39.0755,89.9164
S3A_20240808T102806_vs_HYPERNETS_20240808T101500_RHOW_C.csv,MAFR,Hyp,S3A,-1.040456,45.547661999999995,-1.047232,45.55498299999999,0.97,5,2024-08-08T08:15:00Z,2024-08-08T08:28:06Z,13,15,16,0.8618,0.8064,0.8075,0.8689,0.9351,-0.004557,-6.13e-4,0.003053,NA,TRUE,FALSE,0.010649,0.009074,22.2109,-0.170133,-0.123155,-0.036346,0.078927,0.12475,0.203218,-20.5067,-14.0453,-3.7878,8.5914,14.2533,25.6223
S3A_20240808T102806_vs_HYPERNETS_20240808T103000_RHOW_C.csv,MAFR,Hyp,S3A,-1.040456,45.547661999999995,-1.047232,45.55498299999999,0.97,5,2024-08-08T08:30:00Z,2024-08-08T08:28:06Z,2,15,16,0.9001,0.8218,0.8402,0.9086,0.9825,-0.005203,-9.59e-4,0.002965,NA,TRUE,FALSE,0.008354,0.007097,19.8705,-0.140541,-0.084126,0.007034,0.072677,0.088044,0.177217,-16.3582,-9.1854,0.6858,7.2672,9.655,21.6701
S3A_20240809T100156_vs_HYPERNETS_20240809T100100_RHOW_C.csv,MAFR,Hyp,S3A,-1.040456,45.547661999999995,-1.045475,45.554767999999996,0.88,5,2024-08-09T08:01:00Z,2024-08-09T08:01:56Z,1,15,14,0.8269,0.747,0.7131,0.8754,1.0747,-0.008429,-4.11e-4,0.00612,NA,FALSE,FALSE,0.010705,0.00681,29.1924,-0.093984,-0.033662,0.179082,0.040792,0.156853,0.265176,-10.4016,-3.4835,17.7999,4.2584,16.227,34.0275
S3A_20240809T100156_vs_HYPERNETS_20240809T101600_RHOW_C.csv,MAFR,Hyp,S3A,-1.040456,45.547661999999995,-1.045475,45.554767999999996,0.88,5,2024-08-09T08:16:00Z,2024-08-09T08:01:56Z,14,15,14,0.6335,0.8359,0.5602,0.6535,0.7624,-0.009253,-0.002963,0.002429,NA,TRUE,FALSE,0.027307,0.023171,40.0604,-0.404489,-0.380571,-0.318259,0.32746,0.383261,0.422431,-67.9519,-61.4397,-46.6834,46.6834,61.4397,67.9519
S3A_20240811T105033_vs_HYPERNETS_20240811T104600_RHOW_R.csv,MAFR,Hyp,S3A,-1.040456,45.547661999999995,-1.044607,45.554461999999994,0.82,5,2024-08-11T08:46:00Z,2024-08-11T08:50:33Z,5,15,16,0.7289,0.9301,0.6716,0.7394,0.814,-0.005008,-0.001997,7.38e-4,NA,TRUE,FALSE,0.015087,0.012515,28.7525,-0.311056,-0.270945,-0.18166,0.18166,0.270945,0.311056,-45.1904,-37.1645,-22.1988,22.1988,37.1645,45.1904
S3A_20240811T105033_vs_HYPERNETS_20240811T110000_RHOW_R.csv,MAFR,Hyp,S3A,-1.040456,45.547661999999995,-1.044607,45.554461999999994,0.82,5,2024-08-11T09:00:00Z,2024-08-11T08:50:33Z,9,15,16,0.8127,0.9153,0.7375,0.8311,0.9367,-0.005092,-0.00138,0.001914,NA,TRUE,FALSE,0.009736,0.007402,17.7612,-0.244982,-0.132132,-0.031131,0.056404,0.132132,0.244982,-32.4892,-15.2268,-3.2367,5.6869,15.2268,32.4892
S3A_20240816T102036_vs_HYPERNETS_20240816T101500_RHOW_R.csv,MAFR,Hyp,S3A,-1.040456,45.547661999999995,-1.043289,45.554535,0.8,5,2024-08-16T08:15:00Z,2024-08-16T08:20:36Z,6,15,15,0.7017,0.7059,0.6219,0.7271,0.8502,-0.004097,-0.001855,6.3e-5,NA,TRUE,FALSE,0.008996,0.007208,82.1656,-0.418431,-0.384953,-0.27293,0.302181,0.387086,0.430449,-71.9616,-62.5893,-37.5833,43.3203,63.1551,75.5835
S3A_20240816T102036_vs_HYPERNETS_20240816T103000_RHOW_R.csv,MAFR,Hyp,S3A,-1.040456,45.547661999999995,-1.043289,45.554535,0.8,5,2024-08-16T08:30:00Z,2024-08-16T08:20:36Z,9,15,15,0.7197,0.6518,0.6357,0.7481,0.8805,-0.004188,-0.001845,1.45e-4,NA,TRUE,FALSE,0.008418,0.006705,111.0118,-0.394808,-0.360415,-0.260529,0.286521,0.36842,0.411901,-65.2604,-56.3513,-35.274,40.1662,58.333,70.0508
S3A_20240819T104303_vs_HYPERNETS_20240819T103000_RHOW_C.csv,MAFR,Hyp,S3A,-1.040456,45.547661999999995,-1.0459509999999999,45.554918,0.91,5,2024-08-19T08:30:00Z,2024-08-19T08:43:03Z,13,15,16,0.7617,1.0189,0.6927,0.7778,0.8732,-0.009606,-0.004422,1.96e-4,NA,TRUE,FALSE,0.019329,0.016491,31.8308,-0.363669,-0.257436,-0.204729,0.204729,0.257436,0.363669,-57.333,-34.6691,-25.7565,25.7565,34.6691,57.333
S3A_20240819T104303_vs_HYPERNETS_20240819T104500_RHOW_C.csv,MAFR,Hyp,S3A,-1.040456,45.547661999999995,-1.0459509999999999,45.554918,0.91,5,2024-08-19T08:45:00Z,2024-08-19T08:43:03Z,2,15,16,0.7841,0.9542,0.7023,0.8095,0.9329,-0.009665,-0.003381,0.002072,NA,TRUE,FALSE,0.016469,0.013171,24.7395,-0.317881,-0.195301,-0.081268,0.081268,0.195301,0.317881,-46.6298,-24.2797,-8.8891,8.8891,24.2797,46.6298
S3A_20240821T095040_vs_HYPERNETS_20240821T094500_RHOW_R.csv,MAFR,Hyp,S3A,-1.040456,45.547661999999995,-1.0507520000000001,45.554292,1.09,5,2024-08-21T07:45:00Z,2024-08-21T07:50:40Z,6,15,15,1.0209,0.8776,0.9429,1.033,1.1316,0.004855,0.011234,0.017057,NA,FALSE,TRUE,0.014593,0.013366,29.6339,0.121894,0.23392,0.352133,0.121894,0.23392,0.352133,12.1878,23.392,35.1773,12.1878,23.392,35.1773
S3A_20240821T095040_vs_HYPERNETS_20240821T100000_RHOW_R.csv,MAFR,Hyp,S3A,-1.040456,45.547661999999995,-1.0507520000000001,45.554292,1.09,5,2024-08-21T08:00:00Z,2024-08-21T07:50:40Z,9,15,15,1.0536,0.7393,0.9941,1.0596,1.1295,0.00909,0.013355,0.017357,NA,FALSE,TRUE,0.017579,0.016995,50.8572,0.190119,0.321794,0.579584,0.190119,0.321794,0.579584,19.0045,32.1794,57.8896,19.0045,32.1794,57.8896
S3A_20240824T101307_vs_HYPERNETS_20240824T100100_RHOW_R.csv,MAFR,Hyp,S3A,-1.040456,45.547661999999995,-1.044425,45.554058,0.78,5,2024-08-24T08:01:00Z,2024-08-24T08:13:07Z,12,15,16,0.8701,0.7806,0.7916,0.8884,0.9969,-0.010095,-0.003898,0.001624,NA,TRUE,FALSE,0.012803,0.010808,30.4697,-0.241095,-0.132026,-0.063854,0.079759,0.134275,0.301259,-31.8375,-15.2108,-6.8286,8.669,15.5105,43.2671
S3A_20240824T101307_vs_HYPERNETS_20240824T101500_RHOW_R.csv,MAFR,Hyp,S3A,-1.040456,45.547661999999995,-1.044425,45.554058,0.78,5,2024-08-24T08:15:00Z,2024-08-24T08:13:07Z,2,15,16,0.8798,0.799,0.8046,0.8957,0.9971,-0.010674,-0.004826,4.26e-4,NA,TRUE,FALSE,0.012947,0.01136,31.1434,-0.230556,-0.140159,-0.107345,0.121514,0.142355,0.293577,-30.0327,-16.3008,-12.0254,13.8367,16.5983,41.7397
S3A_20240827T103533_vs_HYPERNETS_20240827T103000_RHOW_R.csv,MAFR,Hyp,S3A,-1.040456,45.547661999999995,-1.0459979999999998,45.553905,0.82,5,2024-08-27T08:30:00Z,2024-08-27T08:35:33Z,6,15,16,0.634,0.6609,0.5624,0.6611,0.7771,-0.005804,-0.002811,-2.64e-4,NA,TRUE,TRUE,0.014538,0.012017,78.4522,-0.52687,-0.43269,-0.297241,0.366579,0.456527,0.566987,-111.5953,-76.3386,-42.4368,58.0378,84.0221,130.9476
S3A_20240827T103533_vs_HYPERNETS_20240827T104500_RHOW_R.csv,MAFR,Hyp,S3A,-1.040456,45.547661999999995,-1.0459979999999998,45.553905,0.82,5,2024-08-27T08:45:00Z,2024-08-27T08:35:33Z,9,15,16,0.6613,0.6236,0.5864,0.6898,0.8116,-0.005515,-0.002551,-3.1e-5,NA,TRUE,TRUE,0.012918,0.010609,89.0422,-0.47385,-0.398485,-0.234616,0.336324,0.418651,0.511243,-90.1434,-66.2694,-31.3672,50.8357,72.0406,104.7516
S3A_20240828T100922_vs_HYPERNETS_20240828T100000_RHOW_C.csv,MAFR,Hyp,S3A,-1.040456,45.547661999999995,-1.0521209999999999,45.554112,1.16,5,2024-08-28T08:00:00Z,2024-08-28T08:09:22Z,9,15,15,0.8133,0.5913,0.7166,0.8476,1.0025,-0.004702,-0.001875,5.15e-4,NA,FALSE,FALSE,0.006839,0.005379,136.5506,-0.312109,-0.19926,0.083143,0.226706,0.299549,0.42603799999999997,-45.3726,-24.8845,6.9558,25.1496,42.7651,51.7039
S3A_20240828T100922_vs_HYPERNETS_20240828T101500_RHOW_C.csv,MAFR,Hyp,S3A,-1.040456,45.547661999999995,-1.0521209999999999,45.554112,1.16,5,2024-08-28T08:15:00Z,2024-08-28T08:09:22Z,6,15,15,0.7282,0.6514,0.643,0.7572,0.8917,-0.004456,-0.001735,5.77e-4,NA,TRUE,FALSE,0.009179,0.007201,84.743,-0.359041,-0.306534,-0.058154,0.225318,0.338968,0.377607,-56.0184,-44.2032,-7.2013,29.2337,51.2786,60.718
S3A_20240904T102802_vs_HYPERNETS_20240904T101500_RHOW_C.csv,MAFR,Hyp,S3A,-1.040456,45.547661999999995,-1.046073,45.55494899999999,0.92,5,2024-09-04T08:15:00Z,2024-09-04T08:28:02Z,13,15,15,0.9362,0.961,0.8764,0.9434,1.0156,-0.00514,-1.74e-4,0.004439,NA,FALSE,FALSE,0.006273,0.004918,8.094,-0.09219,-0.064957,0.010853,0.03288,0.072389,0.101408,-10.1553,-6.947,1.0851,3.3713,7.2389,10.6195
S3A_20240904T102802_vs_HYPERNETS_20240904T103000_RHOW_C.csv,MAFR,Hyp,S3A,-1.040456,45.547661999999995,-1.046073,45.55494899999999,0.92,5,2024-09-04T08:30:00Z,2024-09-04T08:28:02Z,2,15,15,0.9015,1.0079,0.8794,0.9023,0.9258,-0.002664,-9.53e-4,7.14e-4,NA,TRUE,FALSE,0.009,0.008068,11.383,-0.117725,-0.110941,-0.099795,0.099795,0.110941,0.117725,-13.3434,-12.4785,-11.0859,11.0859,12.4785,13.3434
S3A_20240909T095806_vs_HYPERNETS_20240909T094500_RHOW_C.csv,MAFR,Hyp,S3A,-1.040456,45.547661999999995,-1.0451989999999998,45.547383999999994,0.37,5,2024-09-09T07:45:00Z,2024-09-09T07:58:06Z,13,15,16,1.0935,0.5773,0.9494,1.2404,1.6207,0.001575,0.01305,0.021832,NA,FALSE,TRUE,0.024541,0.020304,202.0468,0.38924,0.814767,1.996153,0.38924,0.814767,1.996153,38.9238,80.4457,199.5638,38.9238,80.4457,199.5638
S3A_20240909T095806_vs_HYPERNETS_20240909T100000_RHOW_C.csv,MAFR,Hyp,S3A,-1.040456,45.547661999999995,-1.0451989999999998,45.547383999999994,0.37,5,2024-09-09T08:00:00Z,2024-09-09T07:58:06Z,2,15,16,0.9693,0.6529,0.8422,1.1076,1.4566,-0.003195,0.009667,0.019446,NA,FALSE,FALSE,0.019523,0.013631,98.2637,0.090768,0.476861,1.013421,0.090768,0.476861,1.013421,9.0761,46.2503,101.2055,9.0761,46.2503,101.2055
S3A_20240912T102034_vs_HYPERNETS_20240912T101500_RHOW_R.csv,MAFR,Hyp,S3A,-1.040456,45.547661999999995,-1.047035,45.553551,0.83,5,2024-09-12T08:15:00Z,2024-09-12T08:20:34Z,6,15,16,0.6583,0.5738,0.5877,0.6818,0.7909,-0.003549,-0.001415,4.24e-4,NA,TRUE,FALSE,0.010199,0.008376,88.2,-0.484952,-0.38033,0.008951,0.314863,0.393558,0.507925,-94.2194,-61.3796,0.3296,39.5228,64.3267,103.2214
S3A_20240912T102034_vs_HYPERNETS_20240912T103000_RHOW_R.csv,MAFR,Hyp,S3A,-1.040456,45.547661999999995,-1.047035,45.553551,0.83,5,2024-09-12T08:30:00Z,2024-09-12T08:20:34Z,9,15,16,0.6575,0.5018,0.5878,0.6799,0.7866,-0.003024,-9.99e-4,7.52e-4,NA,TRUE,FALSE,0.009788,0.008056,147.2581,-0.470489,-0.350091,0.344575,0.355302,0.462272,0.625591,-88.8632,-53.8874,34.306,50.3679,68.1672,92.3131
S3A_20240913T095423_vs_HYPERNETS_20240913T094500_RHOW_R.csv,MAFR,Hyp,S3A,-1.040456,45.547661999999995,-1.0473609999999998,45.552763,0.78,5,2024-09-13T07:45:00Z,2024-09-13T07:54:23Z,9,15,14,0.633,0.5517,0.5468,0.6684,0.8171,-0.003472,-2.27e-4,0.002428,NA,TRUE,FALSE,0.01134,0.008654,135.3414,-0.369212,-0.287824,0.081952,0.25189,0.33094,0.397903,-58.5317,-40.4966,8.1117,31.2347,49.5226,66.1474
S3A_20240913T095423_vs_HYPERNETS_20240913T100000_RHOW_R.csv,MAFR,Hyp,S3A,-1.040456,45.547661999999995,-1.0473609999999998,45.552763,0.78,5,2024-09-13T08:00:00Z,2024-09-13T07:54:23Z,6,15,14,0.6494,0.5477,0.56,0.6877,0.8446,-0.003206,5.8e-5,0.002715,NA,TRUE,FALSE,0.01038,0.007761,142.2902,-0.327591,-0.24157,0.208672,0.244275,0.314601,0.41088,-48.7274,-31.9008,20.7548,29.0957,45.5962,53.8795
S3A_20240915T104301_vs_HYPERNETS_20240915T103000_RHOW_R.csv,MAFR,Hyp,S3A,-1.040456,45.547661999999995,-1.0444239999999998,45.553115000000005,0.68,5,2024-09-15T08:30:00Z,2024-09-15T08:43:01Z,13,15,16,0.6725,0.9937,0.6036,0.6931,0.7957,-0.011685,-0.006884,-0.002703,NA,TRUE,TRUE,0.024089,0.021279,49.7046,-0.546912,-0.455438,-0.399732,0.399732,0.455438,0.546912,-120.7092,-83.6691,-66.5933,66.5933,83.6691,120.7092
S3A_20240915T104301_vs_HYPERNETS_20240915T104500_RHOW_R.csv,MAFR,Hyp,S3A,-1.040456,45.547661999999995,-1.0444239999999998,45.553115000000005,0.68,5,2024-09-15T08:45:00Z,2024-09-15T08:43:01Z,2,15,16,0.7373,0.9825,0.6706,0.7528,0.8451,-0.008806,-0.005058,-0.001718,NA,TRUE,TRUE,0.017394,0.015174,42.7635,-0.422326,-0.345597,-0.329752,0.338244,0.360928,0.422326,-73.1093,-52.8172,-49.2153,49.2153,52.8172,73.1093
S3A_20240928T100540_vs_HYPERNETS_20240928T100000_RHOW_C.csv,MAFR,Hyp,S3A,-1.040456,45.547661999999995,-1.0532979999999998,45.55448799999999,1.26,5,2024-09-28T08:00:00Z,2024-09-28T08:05:40Z,6,15,16,0.7252,0.8611,0.6569,0.7424,0.839,-0.009112,-0.004668,-7.36e-4,NA,TRUE,TRUE,0.019357,0.016842,44.0009,-0.380504,-0.354943,-0.309401,0.330209,0.364739,0.399679,-61.4217,-55.0403,-44.8114,49.3147,57.4156,66.7918
S3A_20240928T100540_vs_HYPERNETS_20240928T101500_RHOW_C.csv,MAFR,Hyp,S3A,-1.040456,45.547661999999995,-1.0532979999999998,45.55448799999999,1.26,5,2024-09-28T08:15:00Z,2024-09-28T08:05:40Z,9,15,16,0.7176,0.7994,0.6498,0.7348,0.831,-0.008451,-0.00406,-1.78e-4,NA,TRUE,TRUE,0.019217,0.016561,46.4675,-0.35271,-0.328205,-0.286455,0.291227,0.338029,0.388577,-54.4972,-48.8559,-40.1503,41.089,51.0736,64.0008
S3A_20241002T100156_vs_HYPERNETS_20241002T100000_RHOW_C.csv,MAFR,Hyp,S3A,-1.040456,45.547661999999995,-1.04273,45.553533,0.68,5,2024-10-02T08:00:00Z,2024-10-02T08:01:56Z,2,15,16,0.7762,0.8008,0.7391,0.7796,0.8222,-0.003163,5.5e-5,0.003106,NA,TRUE,FALSE,0.019558,0.017166,27.99,-0.231963,-0.222555,-0.173438,0.185563,0.224195,0.261785,-30.2146,-28.6267,-20.9861,22.7866,28.8983,35.5122
S3A_20241002T100156_vs_HYPERNETS_20241002T101500_RHOW_C.csv,MAFR,Hyp,S3A,-1.040456,45.547661999999995,-1.04273,45.553533,0.68,5,2024-10-02T08:15:00Z,2024-10-02T08:01:56Z,13,15,16,0.8489,0.739,0.7915,0.8573,0.9287,-0.003733,0.001076,0.005516,NA,TRUE,FALSE,0.011519,0.010128,26.8943,-0.185623,-0.122416,0.023795,0.115107,0.130391,0.221677,-22.8108,-13.9492,2.3767,12.81,14.455,28.5306
S3A_20241004T105032_vs_HYPERNETS_20241004T104500_RHOW_C.csv,MAFR,Hyp,S3A,-1.040456,45.547661999999995,-1.0458229999999997,45.553638,0.79,5,2024-10-04T08:45:00Z,2024-10-04T08:50:32Z,6,15,15,0.8145,0.8053,0.7842,0.8164,0.8498,0.008646,0.011135,0.013526,NA,TRUE,TRUE,0.008054,0.006701,11.6556,-0.08742,-0.013679,0.135373,0.04961,0.089269,0.154299,-9.5796,-1.3869,13.3488,5.221,9.8019,16.0125
S3A_20241004T105032_vs_HYPERNETS_20241004T110000_RHOW_C.csv,MAFR,Hyp,S3A,-1.040456,45.547661999999995,-1.0458229999999997,45.553638,0.79,5,2024-10-04T09:00:00Z,2024-10-04T08:50:32Z,9,15,16,0.6906,0.6319,0.6111,0.7222,0.8534,-0.001419,0.009324,0.018416,NA,TRUE,FALSE,0.022171,0.020422,39.7943,-0.284905,-0.207337,0.14057,0.205756,0.270727,0.374893,-39.8428,-26.1571,14.0137,25.9063,37.1428,49.5822
S3A_20241005T102421_vs_HYPERNETS_20241005T101600_RHOW_R.csv,MAFR,Hyp,S3A,-1.040456,45.547661999999995,-1.045197,45.553264999999996,0.72,5,2024-10-05T08:16:00Z,2024-10-05T08:24:21Z,8,15,14,0.9304,1.6527,0.8535,0.9421,1.0399,-0.01868,-0.011004,-0.004051,NA,FALSE,TRUE,0.016727,0.015551,24.5621,-0.215587,-0.160146,-0.148325,0.148325,0.160146,0.215587,-27.4853,-19.0712,-17.4161,17.4161,19.0712,27.4853
S3A_20241005T102421_vs_HYPERNETS_20241005T103000_RHOW_R.csv,MAFR,Hyp,S3A,-1.040456,45.547661999999995,-1.045197,45.553264999999996,0.72,5,2024-10-05T08:30:00Z,2024-10-05T08:24:21Z,6,15,15,0.8731,0.7947,0.7553,0.9365,1.1613,-0.021713,-0.006018,0.00664,NA,FALSE,FALSE,0.017629,0.01413,35.4,-0.245458,-0.087663,0.116197,0.095367,0.187582,0.336363,-32.9223,-9.6086,11.6118,9.9585,23.0894,50.8719
S3A_20241021T100925_vs_HYPERNETS_20241021T100000_RHOW_C.csv,MAFR,Hyp,S3A,-1.040456,45.547661999999995,-1.0468359999999999,45.55339,0.81,5,2024-10-21T08:00:00Z,2024-10-21T08:09:25Z,9,15,14,0.8678,1.2208,0.7608,0.9016,1.0684,-0.012683,0.001814,0.014048,NA,FALSE,FALSE,0.013666,0.013024,22.7294,-0.174091,-0.106465,0.040716,0.101746,0.13376,0.317261,-21.1067,-11.915,3.966,11.3274,15.4482,33.55
S3A_20241021T100925_vs_HYPERNETS_20241021T101500_RHOW_C.csv,MAFR,Hyp,S3A,-1.040456,45.547661999999995,-1.0468359999999999,45.55339,0.81,5,2024-10-21T08:15:00Z,2024-10-21T08:09:25Z,6,15,14,0.8861,1.1693,0.7518,0.9774,1.2707,-0.026919,-0.002205,0.016807,NA,FALSE,FALSE,0.017378,0.016131,30.3599,-0.217602,-0.058381,0.2167,0.070125,0.256199,0.44848,-27.9595,-6.2007,21.2568,7.555,27.6693,56.1999
S3A_20241024T103151_vs_HYPERNETS_20241024T103000_RHOW_C.csv,MAFR,Hyp,S3A,-1.040456,45.547661999999995,-1.0459659999999997,45.555381,0.96,5,2024-10-24T08:30:00Z,2024-10-24T08:31:51Z,2,15,16,0.6674,1.0649,0.6118,0.6787,0.7529,-0.012246,-0.007408,-0.003046,NA,TRUE,TRUE,0.031741,0.028363,47.5689,-0.547852,-0.45677,-0.392528,0.392528,0.45677,0.547852,-121.1713,-84.1651,-64.6166,64.6166,84.1651,121.1713
S3A_20241024T103151_vs_HYPERNETS_20241024T104500_RHOW_C.csv,MAFR,Hyp,S3A,-1.040456,45.547661999999995,-1.0459659999999997,45.555381,0.96,5,2024-10-24T08:45:00Z,2024-10-24T08:31:51Z,13,15,16,0.6723,1.1272,0.6098,0.6877,0.7756,-0.015559,-0.009619,-0.004353,NA,TRUE,TRUE,0.033848,0.030723,50.7273,-0.613084,-0.478196,-0.430459,0.430459,0.478196,0.613084,-158.4562,-91.817,-75.6604,75.6604,91.817,158.4562
S3A_20241031T105032_vs_HYPERNETS_20241031T104500_RHOW_C.csv,MAFR,Hyp,S3A,-1.040456,45.547661999999995,-1.047007,45.55427099999999,0.9,5,2024-10-31T09:45:00Z,2024-10-31T09:50:32Z,6,15,15,0.7672,0.9923,0.6834,0.7915,0.9166,-0.01465,-0.006168,0.001156,NA,TRUE,FALSE,0.023901,0.020298,30.4476,-0.315193,-0.237013,-0.184024,0.184024,0.237013,0.315193,-46.3821,-31.0639,-22.5527,22.5527,31.0639,46.3821
S3A_20241031T105032_vs_HYPERNETS_20241031T110000_RHOW_C.csv,MAFR,Hyp,S3A,-1.040456,45.547661999999995,-1.047007,45.55427099999999,0.9,5,2024-10-31T10:00:00Z,2024-10-31T09:50:32Z,9,15,15,0.804,0.9239,0.7044,0.8434,1.0097,-0.014243,-0.004079,0.004412,NA,FALSE,FALSE,0.018539,0.01428,22.3327,-0.282293,-0.141776,0.010188,0.065206,0.141776,0.282293,-39.6615,-16.5197,0.9218,6.5206,16.5197,39.6615
S3A_20241104T104649_vs_HYPERNETS_20241104T104500_RHOW_R.csv,MAFR,Hyp,S3A,-1.040456,45.547661999999995,-1.0439459999999998,45.554449999999996,0.8,5,2024-11-04T09:45:00Z,2024-11-04T09:46:49Z,2,15,16,0.8707,0.8979,0.7757,0.9036,1.0525,-0.022737,-0.011919,-0.002633,NA,FALSE,TRUE,0.022351,0.019572,41.9496,-0.354813,-0.182935,-0.159945,0.162897,0.186056,0.456905,-55.2428,-22.3899,-19.0403,19.4597,22.8586,85.8345
S3A_20241104T104649_vs_HYPERNETS_20241104T110000_RHOW_R.csv,MAFR,Hyp,S3A,-1.040456,45.547661999999995,-1.0439459999999998,45.554449999999996,0.8,5,2024-11-04T10:00:00Z,2024-11-04T09:46:49Z,13,15,16,0.9402,0.8398,0.8587,0.9578,1.0683,-0.019129,-0.011595,-0.00484,NA,FALSE,TRUE,0.016481,0.015266,52.3145,-0.264604,-0.211158,-0.132461,0.134492,0.227131,0.366386,-36.1259,-26.7758,-15.2689,15.5391,29.3938,59.1073
S3A_20241105T102038_vs_HYPERNETS_20241105T101500_RHOW_C.csv,MAFR,Hyp,S3A,-1.040456,45.547661999999995,-1.044442,45.554793,0.85,5,2024-11-05T09:15:00Z,2024-11-05T09:20:38Z,6,15,14,0.6738,0.7769,0.5867,0.7048,0.8467,-0.019365,-0.008114,0.00125,NA,TRUE,FALSE,0.035956,0.032031,47.3853,-0.436567,-0.391035,-0.325456,0.330018,0.422667,0.483478,-77.4878,-64.3881,-48.2487,49.2599,73.2134,93.8347
S3A_20241105T102038_vs_HYPERNETS_20241105T103000_RHOW_C.csv,MAFR,Hyp,S3A,-1.040456,45.547661999999995,-1.044442,45.554793,0.85,5,2024-11-05T09:30:00Z,2024-11-05T09:20:38Z,9,15,14,0.6814,0.7683,0.5981,0.7072,0.8362,-0.018748,-0.00849,1.85e-4,NA,TRUE,FALSE,0.03583,0.032331,49.3407,-0.463342,-0.398575,-0.333281,0.336936,0.447671,0.480892,-86.3464,-66.7555,-49.9888,50.815,81.0547,92.6635
S3A_20241108T104303_vs_HYPERNETS_20241108T103000_RHOW_C.csv,MAFR,Hyp,S3A,-1.040456,45.547661999999995,-1.0438389999999997,45.554902999999996,0.85,5,2024-11-08T09:30:00Z,2024-11-08T09:43:03Z,13,15,14,0.7595,0.9274,0.665,0.79,0.9386,-0.021226,-0.010252,-0.001015,NA,TRUE,TRUE,0.029107,0.025831,36.9655,-0.436531,-0.346513,-0.263159,0.263159,0.346513,0.436531,-77.4857,-53.4841,-35.7146,35.7146,53.4841,77.4857
S3A_20241108T104303_vs_HYPERNETS_20241108T104500_RHOW_C.csv,MAFR,Hyp,S3A,-1.040456,45.547661999999995,-1.0438389999999997,45.554902999999996,0.85,5,2024-11-08T09:45:00Z,2024-11-08T09:43:03Z,2,15,14,1.0146,0.8993,0.8905,1.053,1.245,-0.020204,-0.009665,-7.52e-4,NA,FALSE,TRUE,0.01113,0.006992,21.2801,-0.230516,-0.11722,-0.016398,0.017348,0.187716,0.254071,-29.9712,-13.5428,-1.6672,1.7654,23.1195,34.0725
S3A_20241113T101307_vs_HYPERNETS_20241113T100000_RHOW_R.csv,MAFR,Hyp,S3A,-1.040456,45.547661999999995,-1.0497999999999998,45.555730000000004,1.16,5,2024-11-13T09:00:00Z,2024-11-13T09:13:07Z,13,15,15,0.783,0.4633,0.7034,0.8029,0.9165,-0.020767999999999998,-0.012387,-0.005045,NA,TRUE,TRUE,0.029349,0.027753,270.5469,-0.551972,-0.379824,-0.303165,0.306005,0.388341,0.553946,-123.2019,-61.2447,-43.5063,44.0936,63.4898,124.1882
S3A_20241113T101307_vs_HYPERNETS_20241113T101500_RHOW_R.csv,MAFR,Hyp,S3A,-1.040456,45.547661999999995,-1.0497999999999998,45.555730000000004,1.16,5,2024-11-13T09:15:00Z,2024-11-13T09:13:07Z,2,15,15,0.7639,0.7579,0.69,0.7808,0.8835,-0.019732,-0.01199,-0.005147,NA,TRUE,TRUE,0.031026,0.029167,64.7978,-0.533585,-0.389801,-0.318811,0.324316,0.410344,0.534974,-114.4018,-63.881,-46.803,47.9998,69.5905,115.0418
S3A_20241116T103534_vs_HYPERNETS_20241116T103000_RHOW_C.csv,MAFR,Hyp,S3A,-1.040456,45.547661999999995,-1.0452679999999999,45.552946999999996,0.7,5,2024-11-16T09:30:00Z,2024-11-16T09:35:34Z,6,15,13,0.8037,0.3719,0.7585,0.8072,0.859,0.038233,0.041607,0.044777,NA,TRUE,TRUE,0.029873,0.029051,114.9284,0.227732,0.386773,0.992724,0.227732,0.386773,0.992724,22.7732,38.6773,99.2724,22.7732,38.6773,99.2724
S3A_20241116T103534_vs_HYPERNETS_20241116T104500_RHOW_C.csv,MAFR,Hyp,S3A,-1.040456,45.547661999999995,-1.0452679999999999,45.552946999999996,0.7,5,2024-11-16T09:45:00Z,2024-11-16T09:35:34Z,9,15,15,0.7168,0.7039,0.615,0.7986,1.0371,0.001151,0.020475,0.035355,NA,FALSE,TRUE,0.019586,0.015269,29.4309,-0.097232,-0.073232,0.258351,0.078202,0.12108,0.258351,-10.7904,-7.9018,25.3444,8.4839,13.7624,26.2062
S3A_20241128T102419_vs_HYPERNETS_20241128T101500_RHOW_C.csv,MAFR,Hyp,S3A,-1.040456,45.547661999999995,-1.046513,45.55408799999999,0.86,5,2024-11-28T09:15:00Z,2024-11-28T09:24:19Z,9,15,10,0.5702,1.2839,0.4561,0.6135,0.8252,-0.024255,-0.009926,7.27e-4,NA,TRUE,FALSE,0.040533,0.036084,58.4254,-0.739243,-0.461082,-0.45637,0.45637,0.461082,0.739243,-310.7345,-85.5571,-83.9506,83.9506,85.5571,310.7345
S3A_20241128T102419_vs_HYPERNETS_20241128T103000_RHOW_C.csv,MAFR,Hyp,S3A,-1.040456,45.547661999999995,-1.046513,45.55408799999999,0.86,5,2024-11-28T09:30:00Z,2024-11-28T09:24:19Z,6,15,10,0.4961,1.2684,0.3999,0.5291,0.7001,-0.026179,-0.012072,-0.00141,NA,TRUE,TRUE,0.056147,0.050928,65.7981,-0.782578,-0.565828,-0.542306,0.542306,0.565828,0.782578,-380.2655,-130.3239,-118.5735,118.5735,130.3239,380.2655
S3A_20241129T095808_vs_HYPERNETS_20241129T094500_RHOW_C.csv,MAFR,Hyp,S3A,-1.040456,45.547661999999995,-1.043475,45.55268399999999,0.61,5,2024-11-29T08:45:00Z,2024-11-29T08:58:08Z,13,15,16,1.0057,0.7858,0.9318,1.0178,1.1118,-0.007966,-0.002623,0.002268,NA,FALSE,FALSE,0.005802,0.00443,25.6684,-0.084836,0.011575,0.048312,0.021764,0.05504,0.161558,-9.3381,1.1569,4.8306,2.213,5.504,19.3913
S3A_20241129T095808_vs_HYPERNETS_20241129T100000_RHOW_C.csv,MAFR,Hyp,S3A,-1.040456,45.547661999999995,-1.043475,45.55268399999999,0.61,5,2024-11-29T09:00:00Z,2024-11-29T08:58:08Z,2,15,16,0.8862,0.7799,0.8245,0.8956,0.9729,-0.00765,-0.002655,0.001943,NA,TRUE,FALSE,0.01169,0.010381,30.9886,-0.194571,-0.111581,-0.096255,0.102732,0.119071,0.260009,-24.234,-12.5596,-10.6519,11.4498,13.5196,35.2491
S3A_20241206T101650_vs_HYPERNETS_20241206T101500_RHOW_C.csv,MAFR,Hyp,S3A,-1.040456,45.547661999999995,-1.046253,45.55489899999999,0.92,5,2024-12-06T09:15:00Z,2024-12-06T09:16:50Z,2,15,14,0.8338,0.9558,0.7317,0.8655,1.0238,-0.018034,-0.007971,5.37e-4,NA,FALSE,FALSE,0.019884,0.016592,29.0342,-0.349424,-0.231256,-0.174785,0.174785,0.231256,0.349424,-53.7103,-30.2979,-21.1807,21.1807,30.2979,53.7103
S3A_20241206T101650_vs_HYPERNETS_20241206T103000_RHOW_C.csv,MAFR,Hyp,S3A,-1.040456,45.547661999999995,-1.046253,45.55489899999999,0.92,5,2024-12-06T09:30:00Z,2024-12-06T09:16:50Z,13,15,14,0.9323,0.9998,0.8225,0.9635,1.1287,-0.018692,-0.009069,-8.55e-4,NA,FALSE,TRUE,0.014233,0.011239,23.6531,-0.326116,-0.191304,-0.096579,0.097867,0.191304,0.326116,-48.394,-23.9542,-10.6903,10.6903,23.9542,48.394
S3A_20241210T101304_vs_HYPERNETS_20241210T101500_RHOW_R.csv,MAFR,Hyp,S3A,-1.040456,45.547661999999995,-1.049548,45.554033,1,5,2024-12-10T09:15:00Z,2024-12-10T09:13:04Z,2,15,12,0.7901,1.1953,0.657,0.8509,1.102,-0.0382,-0.020811,-0.007384,NA,FALSE,TRUE,0.033774,0.031384,54.3469,-0.717432,-0.362826,-0.324487,0.333887,0.427088,0.717432,-319.2341,-57.0774,-48.0494,48.5315,57.0774,319.2341
S3A_20241221T102802_vs_HYPERNETS_20241221T101500_RHOW_R.csv,MAFR,Hyp,S3A,-1.040456,45.547661999999995,-1.046803,45.55508,0.96,5,2024-12-21T09:15:00Z,2024-12-21T09:28:02Z,13,15,16,0.7642,0.7729,0.72,0.7694,0.8223,0.001373,0.004492,0.007411,NA,TRUE,TRUE,0.013399,0.011084,28.5229,-0.19562,-0.183589,-0.12406,0.162245,0.191344,0.197695,-24.3195,-22.4874,-14.2504,19.3569,22.83,24.6093
S3A_20241221T102802_vs_HYPERNETS_20241221T103000_RHOW_R.csv,MAFR,Hyp,S3A,-1.040456,45.547661999999995,-1.046803,45.55508,0.96,5,2024-12-21T09:30:00Z,2024-12-21T09:28:02Z,2,15,16,0.8112,0.7849,0.7702,0.8152,0.8628,0.003056,0.005645,0.008091,NA,TRUE,TRUE,0.008735,0.006935,20.7392,-0.114202,-0.052023,0.0657,0.066635,0.108621,0.161147,-12.8969,-5.5107,6.57,6.6635,12.1858,19.1423
S3A_20250609T102044_vs_HYPERNETS_20250609T101500_RHOW_C.csv,MAFR,Hyp,S3A,-1.040456,45.547661999999995,-1.044843,45.552710000000005,0.66,5,2025-06-09T08:15:00Z,2025-06-09T08:20:44Z,6,15,13,0.3884,0.7437,0.3282,0.4173,0.5306,-0.005614,-5.6e-5,0.004315,NA,TRUE,FALSE,0.036998,0.028692,48.4592,-0.577509,-0.538372,-0.344672,0.344672,0.538372,0.577509,-136.6914,-116.6244,-52.5953,52.5953,116.6244,136.6914
S3A_20250609T102044_vs_HYPERNETS_20250609T103000_RHOW_C.csv,MAFR,Hyp,S3A,-1.040456,45.547661999999995,-1.044843,45.552710000000005,0.66,5,2025-06-09T08:30:00Z,2025-06-09T08:20:44Z,9,15,13,0.3844,0.6887,0.324,0.4151,0.5317,-0.00486,6.86e-4,0.005015,NA,TRUE,FALSE,0.036031,0.027287,47.974,-0.557232,-0.521846,-0.250976,0.289814,0.522555,0.557585,-125.8521,-109.1377,-33.5071,40.8081,109.1377,125.8521
S3A_20250610T095433_vs_HYPERNETS_20250610T094500_RHOW_C.csv,MAFR,Hyp,S3A,-1.040456,45.547661999999995,-1.045267,45.554122,0.81,5,2025-06-10T07:45:00Z,2025-06-10T07:54:33Z,10,15,14,0.7311,0.8009,0.6567,0.747,0.8496,-0.005857,-7.57e-4,0.003727,NA,TRUE,FALSE,0.01677,0.013699,29.1582,-0.274365,-0.240376,-0.140828,0.155084,0.255247,0.297053,-37.8104,-31.6595,-16.3912,18.4,34.274,42.2822
S3A_20250610T095433_vs_HYPERNETS_20250610T100000_RHOW_C.csv,MAFR,Hyp,S3A,-1.040456,45.547661999999995,-1.045267,45.554122,0.81,5,2025-06-10T08:00:00Z,2025-06-10T07:54:33Z,5,15,14,0.7159,0.7761,0.6438,0.7311,0.8301,-0.00605,-9.89e-4,0.003468,NA,TRUE,FALSE,0.01824,0.01517,35.3118,-0.290569,-0.26042,-0.199172,0.204662,0.274191,0.31487,-40.958,-35.2292,-24.8708,25.7377,37.7777,45.9873
S3A_20250613T101700_vs_HYPERNETS_20250613T101500_RHOW_R.csv,MAFR,Hyp,S3A,-1.040456,45.547661999999995,-1.046388,45.55328699999999,0.78,5,2025-06-13T08:15:00Z,2025-06-13T08:17:00Z,2,15,16,0.6914,0.9009,0.6234,0.71,0.8086,-0.011094,-0.004924,4.93e-4,NA,TRUE,FALSE,0.026703,0.023189,37.4342,-0.394118,-0.32631,-0.250878,0.250878,0.32631,0.394118,-65.1202,-48.4534,-33.49,33.49,48.4534,65.1202
S3A_20250613T101700_vs_HYPERNETS_20250613T103000_RHOW_R.csv,MAFR,Hyp,S3A,-1.040456,45.547661999999995,-1.046388,45.55328699999999,0.78,5,2025-06-13T08:30:00Z,2025-06-13T08:17:00Z,13,15,16,0.6654,0.8627,0.5982,0.685,0.7844,-0.009992,-0.003718,0.00176,NA,TRUE,FALSE,0.027892,0.023754,37.3034,-0.411914,-0.337402,-0.198943,0.262575,0.337402,0.411914,-70.1106,-50.9259,-24.8362,30.6184,50.9259,70.1106
S3A_20250616T103927_vs_HYPERNETS_20250616T103000_RHOW_C.csv,MAFR,Hyp,S3A,-1.040456,45.547661999999995,-1.0449039999999998,45.553036,0.69,5,2025-06-16T08:30:00Z,2025-06-16T08:39:27Z,9,15,14,0.6571,0.928,0.5863,0.6739,0.7746,-0.008571,-0.0031580000000000002,0.001551,NA,TRUE,FALSE,0.024302,0.020679,37.2119,-0.38064,-0.35495,-0.335698,0.335698,0.35495,0.38064,-61.465,-55.045,-50.5341,50.5341,55.045,61.465
S3A_20250616T103927_vs_HYPERNETS_20250616T104500_RHOW_C.csv,MAFR,Hyp,S3A,-1.040456,45.547661999999995,-1.0449039999999998,45.553036,0.69,5,2025-06-16T08:45:00Z,2025-06-16T08:39:27Z,6,15,14,0.6236,0.9252,0.55,0.6447,0.7556,-0.009263,-0.003051,0.002248,NA,TRUE,FALSE,0.027219,0.022951,39.4557,-0.384149,-0.364844,-0.357092,0.357092,0.364844,0.384149,-62.3839,-57.4416,-55.5432,55.5432,57.4416,62.3839
S3A_20250628T102815_vs_HYPERNETS_20250628T101500_RHOW_C.csv,MAFR,Hyp,S3A,-1.040456,45.547661999999995,-1.042507,45.55447899999999,0.78,5,2025-06-28T08:15:00Z,2025-06-28T08:28:15Z,13,15,16,0.8873,0.6808,0.8532,0.8896,0.9276,0.003173,0.005403,0.007541,NA,TRUE,TRUE,0.004821,0.004281,28.1652,-0.056957,-0.032636,0.085327,0.039592,0.058063,0.143802,-6.0397,-3.3737,8.4642,4.1231,6.1642,15.573
S3A_20250628T102815_vs_HYPERNETS_20250628T103000_RHOW_C.csv,MAFR,Hyp,S3A,-1.040456,45.547661999999995,-1.042507,45.55447899999999,0.78,5,2025-06-28T08:30:00Z,2025-06-28T08:28:15Z,2,15,16,0.8535,0.6728,0.8181,0.8562,0.8961,0.002017,0.004492,0.006856,NA,TRUE,TRUE,0.007508,0.006556,29.9076,-0.101749,-0.089507,-0.015282,0.083343,0.10101,0.113541,-11.3275,-9.8307,-1.6239,9.0973,11.235900000000001,12.3255
S3A_20250629T100204_vs_HYPERNETS_20250629T101500_RHOW_R.csv,MAFR,Hyp,S3A,-1.040456,45.547661999999995,-1.0456959999999997,45.554024999999996,0.82,5,2025-06-29T08:15:00Z,2025-06-29T08:02:04Z,13,15,16,0.8929,0.5409,0.8206,0.9068,1.0019,0.006642,0.011072,0.015082,NA,FALSE,TRUE,0.008887,0.006891,71.3428,0.026415,0.09027,0.855488,0.031548,0.09027,0.855488,2.6415,9.0266,85.3176,3.1544,9.0266,85.3176
S3A_20250701T105041_vs_HYPERNETS_20250701T104500_RHOW_C.csv,MAFR,Hyp,S3A,-1.040456,45.547661999999995,-1.044646,45.552446999999994,0.62,5,2025-07-01T08:45:00Z,2025-07-01T08:50:41Z,6,15,16,0.3983,0.0406,0.4412,0.6947,1.0938,0.073234,0.084262,0.091266,NA,FALSE,TRUE,0.077996,0.075825,1323.0231,1.678197,2.729804,19.423531,1.678197,2.729804,19.423531,167.6371,272.9061,1939.6847,167.6371,272.9061,1939.6847
S3A_20250701T105041_vs_HYPERNETS_20250701T110000_RHOW_C.csv,MAFR,Hyp,S3A,-1.040456,45.547661999999995,-1.044646,45.552446999999994,0.62,5,2025-07-01T09:00:00Z,2025-07-01T08:50:41Z,9,15,16,0.3992,0.0357,0.4285,0.6686,1.0434,0.075504,0.085544,0.091979,NA,FALSE,TRUE,0.078858,0.076666,2051.7165,1.710235,2.898655,26.250065,1.710235,2.898655,26.250065,171.0165,289.7604,2620.9242,171.0165,289.7604,2620.9242
S3A_20250709T104311_vs_HYPERNETS_20250709T103000_RHOW_C.csv,MAFR,Hyp,S3A,-1.040456,45.547661999999995,-1.0451209999999997,45.55426099999999,0.82,5,2025-07-09T08:30:00Z,2025-07-09T08:43:11Z,13,15,14,0.7485,0.8786,0.6631,0.7711,0.8967,-0.005103,-0.002133,4.22e-4,NA,TRUE,FALSE,0.009613,0.00759,30.5431,-0.320618,-0.27426,-0.222791,0.224983,0.27426,0.320618,-47.2766,-37.792,-28.7055,28.7055,37.792,47.2766
S3A_20250709T104311_vs_HYPERNETS_20250709T104500_RHOW_C.csv,MAFR,Hyp,S3A,-1.040456,45.547661999999995,-1.0451209999999997,45.55426099999999,0.82,5,2025-07-09T08:45:00Z,2025-07-09T08:43:11Z,2,15,14,0.7433,0.8961,0.6585,0.766,0.8909,-0.00524,-0.002246,3.29e-4,NA,TRUE,FALSE,0.009923,0.007879,31.386,-0.343337,-0.282751,-0.231459,0.231459,0.282751,0.343337,-52.4523,-39.4219,-30.1596,30.1596,39.4219,52.4523
S3A_20250710T101700_vs_HYPERNETS_20250710T101500_RHOW_R.csv,MAFR,Hyp,S3A,-1.040456,45.547661999999995,-1.046633,45.554142999999996,0.87,5,2025-07-10T08:15:00Z,2025-07-10T08:17:00Z,2,15,16,0.9057,0.7094,0.8087,0.9378,1.0875,-0.005128,-6.7e-4,0.003175,NA,FALSE,FALSE,0.006456,0.004795,47.6425,-0.137041,0.023946,0.265475,0.054716,0.205603,0.420579,-15.9135,2.3946,26.4652,5.7887,22.3477,42.0571
S3A_20250710T101700_vs_HYPERNETS_20250710T103000_RHOW_R.csv,MAFR,Hyp,S3A,-1.040456,45.547661999999995,-1.046633,45.554142999999996,0.87,5,2025-07-10T08:30:00Z,2025-07-10T08:17:00Z,13,15,16,0.8401,0.6559,0.7418,0.8813,1.0472,-0.007047,-0.001614,0.002958,NA,FALSE,FALSE,0.009328,0.006919,55.4537,-0.201442,-0.063735,0.220867,0.084337,0.225305,0.310564,-25.2792,-6.8075,22.0702,9.2182,24.3752,38.2662
S3A_20250711T095050_vs_HYPERNETS_20250711T094500_RHOW_C.csv,MAFR,Hyp,S3A,-1.040456,45.547661999999995,-1.046878,45.55424899999999,0.89,5,2025-07-11T07:45:00Z,2025-07-11T07:50:50Z,6,15,15,0.8814,0.827,0.785,0.9093,1.0533,-0.01263,-0.005539,5.83e-4,NA,FALSE,FALSE,0.012509,0.010848,37.881100000000004,-0.234584,-0.210243,-0.173505,0.193028,0.213341,0.268191,-30.6525,-26.6213,-21.0168,23.9209,27.1199,36.7422
S3A_20250724T105426_vs_HYPERNETS_20250724T104500_RHOW_C.csv,MAFR,Hyp,S3A,-1.040456,45.547661999999995,-1.0456649999999998,45.555519000000004,0.96,5,2025-07-24T08:45:00Z,2025-07-24T08:54:26Z,9,15,10,0.1434,0.133,0.1184,0.207,0.3617,0.0112,0.018488,0.022657,NA,TRUE,TRUE,0.03553,0.030476,183.2246,-0.512993,-0.49324,0.960969,0.511044,0.639089,0.960969,-105.3369,-97.3548,95.7129,101.0296,104.9273,145.8019
S3A_20250724T105426_vs_HYPERNETS_20250724T110000_RHOW_C.csv,MAFR,Hyp,S3A,-1.040456,45.547661999999995,-1.0456649999999998,45.555519000000004,0.96,5,2025-07-24T09:00:00Z,2025-07-24T08:54:26Z,6,15,10,0.1387,0.1368,0.1143,0.1995,0.3482,0.011187,0.018465,0.022635,NA,TRUE,TRUE,0.037591,0.03214,168.9988,-0.534461,-0.51517,0.915914,0.531556,0.651167,0.915914,-114.8078,-106.2856,91.2751,104.5998,114.1407,150.2632
S3A_20250725T102815_vs_HYPERNETS_20250725T101500_RHOW_C.csv,MAFR,Hyp,S3A,-1.040456,45.547661999999995,-1.046745,45.555356,0.99,5,2025-07-25T08:15:00Z,2025-07-25T08:28:15Z,13,15,15,0.9504,0.7989,0.8672,0.9664,1.077,-0.002568,0.003952,0.009803,NA,FALSE,FALSE,0.006188,0.005154,17.7856,-0.032383,0.006279,0.152841,0.032383,0.110404,0.161177,-3.3472,0.6279,15.2814,3.3082,12.4106,17.8663
S3A_20250725T102815_vs_HYPERNETS_20250725T103000_RHOW_C.csv,MAFR,Hyp,S3A,-1.040456,45.547661999999995,-1.046745,45.555356,0.99,5,2025-07-25T08:30:00Z,2025-07-25T08:28:15Z,2,15,15,0.9617,0.7657,0.8785,0.9773,1.0871,-9.76e-4,0.005278,0.010901,NA,FALSE,FALSE,0.006939,0.005795,21.4793,0.009599,0.040933,0.197876,0.036566,0.104286,0.197876,0.9538,4.0933,19.7807,3.6557,11.6428,19.7807
S3A_20250726T100204_vs_HYPERNETS_20250726T100000_RHOW_R.csv,MAFR,Hyp,S3A,-1.040456,45.547661999999995,-1.04452,45.552248999999996,0.6,5,2025-07-26T08:00:00Z,2025-07-26T08:02:04Z,2,15,16,0.896,0.6828,0.8265,0.9085,0.9987,-0.007452,-0.002161,0.002652,NA,TRUE,FALSE,0.009829,0.008639,40.3624,-0.203768,-0.110255,-0.091419,0.104344,0.111241,0.258216,-25.6386,-12.3919,-10.0791,11.6502,12.5164,34.9211
S3A_20250726T100204_vs_HYPERNETS_20250726T101500_RHOW_R.csv,MAFR,Hyp,S3A,-1.040456,45.547661999999995,-1.04452,45.552248999999996,0.6,5,2025-07-26T08:15:00Z,2025-07-26T08:02:04Z,13,15,16,0.8831,0.4585,0.8286,0.8901,0.9561,-0.006571,-0.002585,0.001125,NA,TRUE,FALSE,0.010839,0.010426,171.7028,-0.230442,-0.156612,-0.129764,0.133653,0.185601,0.252946,-29.9524,-18.5806,-14.9123,15.4272,22.8179,33.8833
S3A_20250728T105041_vs_HYPERNETS_20250728T104500_RHOW_C.csv,MAFR,Hyp,S3A,-1.040456,45.547661999999995,-1.0411089999999998,45.55184599999999,0.47,5,2025-07-28T08:45:00Z,2025-07-28T08:50:41Z,6,15,13,0.7875,0.8125,0.6731,0.8315,1.0272,-0.018534,-0.005545,0.00497,NA,FALSE,FALSE,0.021012,0.01709,29.9321,-0.252695,-0.209893,-0.169409,0.174846,0.212434,0.275045,-33.8141,-26.5652,-20.3963,21.1895,26.9734,37.9397
S3A_20250728T105041_vs_HYPERNETS_20250728T110000_RHOW_C.csv,MAFR,Hyp,S3A,-1.040456,45.547661999999995,-1.0411089999999998,45.55184599999999,0.47,5,2025-07-28T09:00:00Z,2025-07-28T08:50:41Z,9,15,13,0.8211,0.8092,0.7034,0.8645,1.0625,-0.01907,-0.006264,0.004156,NA,FALSE,FALSE,0.019,0.01542,29.7855,-0.246223,-0.210327,-0.145775,0.149479,0.219046,0.25905,-32.6653,-26.6347,-17.0652,17.575,28.0485,34.9618
S3A_20250729T102430_vs_HYPERNETS_20250729T101500_RHOW_C.csv,MAFR,Hyp,S3A,-1.040456,45.547661999999995,-1.046712,45.555245,0.97,5,2025-07-29T08:15:00Z,2025-07-29T08:24:30Z,10,15,16,0.8882,0.8264,0.8418,0.893,0.9473,-0.002375,9.8e-5,0.002428,NA,TRUE,FALSE,0.006429,0.005351,18.5787,-0.137162,-0.083129,0.026501,0.053758,0.088321,0.162838,-15.9052,-9.0677,2.6498,5.614,9.6878,19.4662
S3A_20250729T102430_vs_HYPERNETS_20250729T103000_RHOW_C.csv,MAFR,Hyp,S3A,-1.040456,45.547661999999995,-1.046712,45.555245,0.97,5,2025-07-29T08:30:00Z,2025-07-29T08:24:30Z,6,15,16,0.8016,0.8696,0.7667,0.8044,0.844,-0.0032,-0.00114,8.23e-4,NA,TRUE,FALSE,0.013272,0.011616,26.997,-0.23441,-0.223372,-0.206063,0.212447,0.22629,0.239413,-30.6191,-28.7619,-25.9553,26.9764,29.2479,31.4774
S3A_20250730T095819_vs_HYPERNETS_20250730T094500_RHOW_R.csv,MAFR,Hyp,S3A,-1.040456,45.547661999999995,-1.045459,45.552412000000004,0.66,5,2025-07-30T07:45:00Z,2025-07-30T07:58:19Z,13,15,16,1.0642,0.5705,0.9965,1.0732,1.1558,0.004373,0.006219,0.007934,NA,FALSE,TRUE,0.008379,0.007856,181.2232,0.346759,0.448236,1.601405,0.346759,0.448236,1.601405,34.4604,44.8149,160.1284,34.4604,44.8149,160.1284
S3A_20250806T101700_vs_HYPERNETS_20250806T101500_RHOW_C.csv,MAFR,Hyp,S3A,-1.040456,45.547661999999995,-1.0451219999999999,45.55436699999999,0.83,5,2025-08-06T08:15:00Z,2025-08-06T08:17:00Z,2,15,13,0.3006,0.6174,0.2511,0.3547,0.5009,-0.008369,-0.003221,4.25e-4,NA,TRUE,FALSE,0.032099,0.026079,71.3526,-0.826538,-0.721615,-0.569237,0.616363,0.721615,0.826538,-476.4964,-259.2144,-132.146,132.146,259.2144,476.4964
S3A_20250806T101700_vs_HYPERNETS_20250806T103000_RHOW_C.csv,MAFR,Hyp,S3A,-1.040456,45.547661999999995,-1.0451219999999999,45.55436699999999,0.83,5,2025-08-06T08:30:00Z,2025-08-06T08:17:00Z,13,15,13,0.3571,0.5659,0.2975,0.4064,0.5551,-0.00616,-0.002027,9.98e-4,NA,TRUE,FALSE,0.024024,0.018735,66.5094,-0.758371,-0.676099,-0.331402,0.437899,0.684758,0.767206,-313.8577,-208.7365,-49.5667,77.9039,208.7365,313.8577
S3A_20250807T095049_vs_HYPERNETS_20250807T094500_RHOW_R.csv,MAFR,Hyp,S3A,-1.040456,45.547661999999995,-1.051007,45.555178000000005,1.17,5,2025-08-07T07:45:00Z,2025-08-07T07:50:49Z,6,15,15,0.8869,0.5275,0.7639,0.9639,1.2161,-0.005426,0.001396,0.006803,NA,FALSE,FALSE,0.009009,0.007565,134.3075,-0.063236,0.270385,0.825874,0.230714,0.484345,1.04697,-6.9276,27.0385,80.5579,25.6261,51.3134,113.1959
S3A_20250807T095049_vs_HYPERNETS_20250807T100000_RHOW_R.csv,MAFR,Hyp,S3A,-1.040456,45.547661999999995,-1.051007,45.555178000000005,1.17,5,2025-08-07T08:00:00Z,2025-08-07T07:50:49Z,9,15,15,1.0044,0.5177,0.8627,1.1067,1.4197,-0.004572,0.00249,0.007996,NA,FALSE,FALSE,0.010466,0.00905,169.4033,0.073883,0.630394,1.463741,0.396465,0.637553,1.463741,7.2425,63.0394,143.3558,50.4008,64.3739,187.708
S3A_20250809T103926_vs_HYPERNETS_20250809T103000_RHOW_R.csv,MAFR,Hyp,S3A,-1.040456,45.547661999999995,-1.046016,45.553642999999994,0.79,5,2025-08-09T08:30:00Z,2025-08-09T08:39:26Z,9,15,15,0.7107,1.0045,0.6273,0.7393,0.8713,-0.011698,-0.005327,7.9e-5,NA,TRUE,FALSE,0.020943,0.017911,38.6227,-0.389431,-0.314259,-0.296073,0.296073,0.314259,0.389431,-63.8123,-45.8277,-42.0602,42.0602,45.8277,63.8123
S3A_20250809T103926_vs_HYPERNETS_20250809T104500_RHOW_R.csv,MAFR,Hyp,S3A,-1.040456,45.547661999999995,-1.046016,45.553642999999994,0.79,5,2025-08-09T08:45:00Z,2025-08-09T08:39:26Z,6,15,15,0.6902,0.9343,0.6023,0.7282,0.8803,-0.011183,-0.004003,0.001936,NA,TRUE,FALSE,0.020703,0.01683,33.8391,-0.377157,-0.279157,-0.207148,0.207148,0.279157,0.377157,-60.6824,-38.7264,-26.2514,26.2514,38.7264,60.6824
S3A_20250810T101315_vs_HYPERNETS_20250810T100000_RHOW_C.csv,MAFR,Hyp,S3A,-1.040456,45.547661999999995,-1.0486289999999998,45.553053999999996,0.88,5,2025-08-10T08:00:00Z,2025-08-10T08:13:15Z,13,15,14,0.9668,1.1529,0.8923,0.9771,1.0699,-0.010362,-0.004911,6.7e-5,NA,FALSE,FALSE,0.007554,0.006258,13.2897,-0.107126,-0.093998,-0.061942,0.061942,0.093998,0.107126,-11.998,-10.3778,-6.6044,6.6044,10.3778,11.998
S3A_20250810T101315_vs_HYPERNETS_20250810T101500_RHOW_C.csv,MAFR,Hyp,S3A,-1.040456,45.547661999999995,-1.0486289999999998,45.553053999999996,0.88,5,2025-08-10T08:15:00Z,2025-08-10T08:13:15Z,2,15,15,0.8567,0.6145,0.7808,0.8715,0.9728,-0.009677,-0.003503,0.002029,NA,TRUE,FALSE,0.013471,0.01248,59.1814,-0.200161,-0.182982,-0.162517,0.174434,0.184081,0.208308,-25.0252,-22.3964,-19.413,21.1295,22.5612,26.3181
S3A_20250814T100931_vs_HYPERNETS_20250814T100000_RHOW_C.csv,MAFR,Hyp,S3A,-1.040456,45.547661999999995,-1.048837,45.553922,0.96,5,2025-08-14T08:00:00Z,2025-08-14T08:09:31Z,10,15,14,0.7417,0.7368,0.6341,0.7977,1.0035,-0.007748,-7.74e-4,0.004769,NA,FALSE,FALSE,0.011927,0.008053,32.0333,-0.180284,-0.112616,-0.033816,0.06782,0.117901,0.304899,-22.0329,-12.6908,-3.5008,7.0773,13.3679,44.4534
S3A_20250814T100931_vs_HYPERNETS_20250814T101500_RHOW_C.csv,MAFR,Hyp,S3A,-1.040456,45.547661999999995,-1.048837,45.553922,0.96,5,2025-08-14T08:15:00Z,2025-08-14T08:09:31Z,5,15,14,0.682,0.7467,0.5903,0.7183,0.874,-0.008047,-0.001935,0.003089,NA,TRUE,FALSE,0.016489,0.01331,42.6265,-0.292472,-0.273458,-0.231425,0.247162,0.275822,0.366145,-41.3422,-37.6387,-30.1171,32.8335,38.0876,58.0729
S3A_20250820T105423_vs_HYPERNETS_20250820T104500_RHOW_R.csv,MAFR,Hyp,S3A,-1.040456,45.547661999999995,-1.047043,45.555904,1.05,5,2025-08-20T08:45:00Z,2025-08-20T08:54:23Z,9,15,16,0.7804,0.9542,0.6864,0.8236,0.9882,-0.010918,-0.005037,-1.35e-4,NA,TRUE,TRUE,0.014027,0.011406,38.3463,-0.481425,-0.435085,-0.220243,0.323534,0.44529,0.485706,-92.837,-77.0187,-28.543,45.1508,77.0187,92.837
S3A_20250820T105423_vs_HYPERNETS_20250820T110000_RHOW_R.csv,MAFR,Hyp,S3A,-1.040456,45.547661999999995,-1.047043,45.555904,1.05,5,2025-08-20T09:00:00Z,2025-08-20T08:54:23Z,6,15,16,0.8752,0.8298,0.8204,0.8824,0.9491,-0.002648,-7.49e-4,0.001017,NA,TRUE,FALSE,0.005571,0.004489,24.6853,-0.133779,-0.120006,0.009143,0.122749,0.135588,0.247512,-15.4479,-13.6393,0.6406,13.8426,14.7599,28.1209
S3A_20250821T102812_vs_HYPERNETS_20250821T101500_RHOW_R.csv,MAFR,Hyp,S3A,-1.040456,45.547661999999995,-1.046907,45.55168099999999,0.67,5,2025-08-21T08:15:00Z,2025-08-21T08:28:12Z,13,15,16,0.862,0.9397,0.7582,1.038,1.421,-0.012265,0.003712,0.015383,NA,FALSE,FALSE,0.018591,0.011364,41.2038,-0.141935,-0.040049,0.270854,0.11053,0.151901,0.385112,-16.5431,-4.2634,25.8335,12.1116,16.9549,49.2474
S3A_20250821T102812_vs_HYPERNETS_20250821T103000_RHOW_R.csv,MAFR,Hyp,S3A,-1.040456,45.547661999999995,-1.046907,45.55168099999999,0.67,5,2025-08-21T08:30:00Z,2025-08-21T08:28:12Z,2,15,16,1.0487,0.9083,0.9147,1.2248000000000001,1.6399,-0.008977,0.005195,0.01578,NA,FALSE,FALSE,0.020626,0.012891,57.4481,0.106964,0.189644,0.680958,0.106964,0.189644,0.680958,10.6964,18.9583,67.8907,10.6964,18.9583,67.8907
S3A_20250822T100201_vs_HYPERNETS_20250822T100000_RHOW_R.csv,MAFR,Hyp,S3A,-1.040456,45.547661999999995,-1.0480470000000002,45.553169,0.85,5,2025-08-22T08:00:00Z,2025-08-22T08:02:01Z,2,15,16,0.8103,0.704,0.7618,0.8163,0.8746,0.001966,0.005043,0.007913,NA,TRUE,TRUE,0.008531,0.007888,30.1409,-0.134589,-0.113843,0.221383,0.12247,0.139477,0.248635,-15.5525,-12.8469,22.1354,13.9578,16.2084,25.0897
S3A_20250822T100201_vs_HYPERNETS_20250822T101500_RHOW_R.csv,MAFR,Hyp,S3A,-1.040456,45.547661999999995,-1.0480470000000002,45.553169,0.85,5,2025-08-22T08:15:00Z,2025-08-22T08:02:01Z,13,15,16,0.8243,0.6008,0.7415,0.848,0.9699,0.002747,0.00844,0.013418,NA,TRUE,TRUE,0.008666,0.007488,58.014,-0.108764,0.020192,1.089556,0.088902,0.14814,1.089556,-12.2045,2.0191,108.9152,9.7843,17.3902,108.9152
S3A_20250824T105038_vs_HYPERNETS_20250824T104500_RHOW_C.csv,MAFR,Hyp,S3A,-1.040456,45.547661999999995,-1.0459279999999997,45.555923,1.01,5,2025-08-24T08:45:00Z,2025-08-24T08:50:38Z,6,15,15,0.838,0.772,0.7536,0.8587,0.9784,0.001087,0.008964,0.015878,NA,TRUE,TRUE,0.008535,0.007783,17.9833,-0.083997,-0.040525,0.150029,0.076951,0.100343,0.165303,-9.17,-4.2237,14.9866,8.3375,11.1535,18.9392
S3A_20250824T105038_vs_HYPERNETS_20250824T110000_RHOW_C.csv,MAFR,Hyp,S3A,-1.040456,45.547661999999995,-1.0459279999999997,45.555923,1.01,5,2025-08-24T09:00:00Z,2025-08-24T08:50:38Z,9,15,16,0.8465,0.5186,0.8161,0.8485,0.8821,0.005039,0.007208,0.009294,NA,TRUE,TRUE,0.006653,0.005411,86.041,-0.084208,-0.026262,0.080536,0.055318,0.086129,0.104293,-9.1959,-2.7328,8.0515,5.8559,9.0944,11.6437
S3A_20250828T104653_vs_HYPERNETS_20250828T104500_RHOW_R.csv,MAFR,Hyp,S3A,-1.040456,45.547661999999995,-1.0451279999999998,45.553293,0.72,5,2025-08-28T08:45:00Z,2025-08-28T08:46:53Z,2,15,16,0.8075,0.8263,0.7697,0.8108,0.8541,-0.003006,-5.88e-4,0.001707,NA,TRUE,FALSE,0.013192,0.011488,25.4747,-0.231997,-0.183412,-0.157966,0.174343,0.185628,0.244637,-30.2112,-22.4611,-18.8028,21.116,22.794,32.39
S3A_20250829T102042_vs_HYPERNETS_20250829T101500_RHOW_R.csv,MAFR,Hyp,S3A,-1.040456,45.547661999999995,-1.046707,45.553605,0.82,5,2025-08-29T08:15:00Z,2025-08-29T08:20:42Z,6,15,16,0.8759,0.7066,0.8113,0.8866,0.9688,-0.002027,5.37e-4,0.002883,NA,TRUE,FALSE,0.00522,0.0041,43.925,-0.133431,-0.047778,0.140666,0.050319,0.14175,0.259837,-15.4138,-5.0176,14.0164,5.2985,16.538,28.4795
S3A_20250905T103922_vs_HYPERNETS_20250905T103000_RHOW_R.csv,MAFR,Hyp,S3A,-1.040456,45.547661999999995,-1.045354,45.553775,0.78,5,2025-09-05T08:30:00Z,2025-09-05T08:39:22Z,9,15,16,0.6751,1.0583,0.6192,0.6863,0.7606,-0.007022,-0.003751,-8.01e-4,NA,TRUE,TRUE,0.020329,0.017548,43.6092,-0.48476,-0.447276,-0.405338,0.405338,0.447276,0.48476,-94.112,-80.922,-68.1686,68.1686,80.922,94.112
S3A_20250905T103922_vs_HYPERNETS_20250905T104500_RHOW_R.csv,MAFR,Hyp,S3A,-1.040456,45.547661999999995,-1.045354,45.553775,0.78,5,2025-09-05T08:45:00Z,2025-09-05T08:39:22Z,6,15,16,0.7004,1.0814,0.6381,0.7144,0.79990000000000006,-0.008159,-0.004463,-0.001162,NA,TRUE,TRUE,0.019257,0.016809,43.5192,-0.499857,-0.441132,-0.393042,0.393042,0.441132,0.499857,-99.9438,-78.9345,-64.7665,64.7665,78.9345,99.9438
S3A_20250906T101311_vs_HYPERNETS_20250906T100000_RHOW_R.csv,MAFR,Hyp,S3A,-1.040456,45.547661999999995,-1.044278,45.553056999999995,0.67,5,2025-09-06T08:00:00Z,2025-09-06T08:13:11Z,13,15,16,0.67490000000000006,0.805,0.609,0.6927,0.7879,-0.012219,-0.005274,8.31e-4,NA,TRUE,FALSE,0.031778,0.028147,44.8599,-0.396969,-0.341386,-0.28612,0.315079,0.345347,0.452602,-65.8945,-51.835,-40.0837,46.0362,52.7532,82.8886
S3A_20250906T101311_vs_HYPERNETS_20250906T101500_RHOW_R.csv,MAFR,Hyp,S3A,-1.040456,45.547661999999995,-1.044278,45.553056999999995,0.67,5,2025-09-06T08:15:00Z,2025-09-06T08:13:11Z,2,15,16,0.7926,0.7216,0.6911,0.8537,1.0546,-0.013135,-0.002011,0.006994,NA,FALSE,FALSE,0.016709,0.013857,39.5502,-0.312784,-0.096373,0.329661,0.136439,0.334405,0.401682,-45.574,-10.6662,32.9602,15.8327,36.5146,60.5739
S3A_20250909T103538_vs_HYPERNETS_20250909T104500_RHOW_R.csv,MAFR,Hyp,S3A,-1.040456,45.547661999999995,-1.046371,45.555162,0.95,5,2025-09-09T08:45:00Z,2025-09-09T08:35:38Z,9,15,15,0.642,0.3113,0.5969,0.6482,0.7039,0.04337,0.046377,0.049147,NA,TRUE,TRUE,0.029531,0.027392,121.0517,0.165658,0.61328,1.327887,0.165658,0.61328,1.327887,16.5554,61.328,132.0651,16.5554,61.328,132.0651
S3A_20250917T102811_vs_HYPERNETS_20250917T101500_RHOW_C.csv,MAFR,Hyp,S3A,-1.040456,45.547661999999995,-1.044679,45.554320999999995,0.81,5,2025-09-17T08:15:00Z,2025-09-17T08:28:11Z,13,15,16,0.7248,0.7885,0.6666,0.7358,0.8123,-0.005456,-0.002546,9.1e-5,NA,TRUE,FALSE,0.015143,0.012946,45.3969,-0.372572,-0.318303,-0.251494,0.2623,0.338776,0.387368,-59.3931,-46.7019,-33.6109,35.5575,51.2631,63.2315
S3A_20250917T102811_vs_HYPERNETS_20250917T103000_RHOW_C.csv,MAFR,Hyp,S3A,-1.040456,45.547661999999995,-1.044679,45.554320999999995,0.81,5,2025-09-17T08:30:00Z,2025-09-17T08:28:11Z,2,15,16,0.7192,0.7865,0.6645,0.7288,0.7993,-0.004683,-0.002023,4.02e-4,NA,TRUE,FALSE,0.014919,0.01259,42.9311,-0.348603,-0.311331,-0.2352,0.262052,0.31989,0.366291,-53.5198,-45.2076,-30.7764,35.5248,47.0466,57.8629
S3A_20250918T100200_vs_HYPERNETS_20250918T100000_RHOW_R.csv,MAFR,Hyp,S3A,-1.040456,45.547661999999995,-1.045245,45.55275,0.68,5,2025-09-18T08:00:00Z,2025-09-18T08:02:00Z,2,15,16,0.6933,0.7803,0.6258,0.7114,0.8088,-0.010942,-0.005104,3.2e-5,NA,TRUE,FALSE,0.026018,0.023269,55.1293,-0.432875,-0.399183,-0.342478,0.372721,0.406515,0.443925,-76.3333,-66.451,-52.0978,59.4619,68.4964,79.8428
S3A_20250918T100200_vs_HYPERNETS_20250918T101500_RHOW_R.csv,MAFR,Hyp,S3A,-1.040456,45.547661999999995,-1.045245,45.55275,0.68,5,2025-09-18T08:15:00Z,2025-09-18T08:02:00Z,13,15,16,0.7383,0.8011,0.6648,0.7591,0.8668,-0.011667,-0.005551,-1.96e-4,NA,TRUE,TRUE,0.022312,0.020082,51.5037,-0.415574,-0.368865,-0.301193,0.337514,0.38096,0.423646,-71.1125,-58.4628,-43.1191,50.9967,61.5417,73.5049
S3A_20250920T105038_vs_HYPERNETS_20250920T104500_RHOW_R.csv,MAFR,Hyp,S3A,-1.040456,45.547661999999995,-1.044302,45.552699,0.64,5,2025-09-20T08:45:00Z,2025-09-20T08:50:38Z,6,15,16,0.621,0.9208,0.5496,0.6493,0.7673,-0.012498,-0.005687,7.8e-5,NA,TRUE,FALSE,0.030286,0.02598,44.0672,-0.490199,-0.382081,-0.356923,0.356923,0.382081,0.490199,-96.2331,-61.8336,-55.663,55.663,61.8336,96.2331
S3A_20250920T105038_vs_HYPERNETS_20250920T110000_RHOW_R.csv,MAFR,Hyp,S3A,-1.040456,45.547661999999995,-1.044302,45.552699,0.64,5,2025-09-20T09:00:00Z,2025-09-20T08:50:38Z,9,15,16,0.6571,0.9066,0.5803,0.6892,0.8185,-0.01256,-0.005548,3.57e-4,NA,TRUE,FALSE,0.026374,0.022479,41.2385,-0.463913,-0.338795,-0.304392,0.304392,0.338795,0.463913,-86.6166,-51.2396,-43.9203,43.9203,51.2396,86.6166
S3A_20250921T102428_vs_HYPERNETS_20250921T101500_RHOW_C.csv,MAFR,Hyp,S3A,-1.040456,45.547661999999995,-1.047148,45.553902,0.87,5,2025-09-21T08:15:00Z,2025-09-21T08:24:28Z,9,15,16,0.9108,0.3403,0.8504,0.9194,0.994,-0.010801,-0.00578,-0.001136,NA,TRUE,TRUE,0.012742,0.012384,941.6553,-0.259281,-0.171885,-0.130136,0.137356,0.211821,0.26928,-35.004,-20.7988,-14.9608,15.9237,26.9076,36.8895
S3A_20250921T102428_vs_HYPERNETS_20250921T103000_RHOW_C.csv,MAFR,Hyp,S3A,-1.040456,45.547661999999995,-1.047148,45.553902,0.87,5,2025-09-21T08:30:00Z,2025-09-21T08:24:28Z,6,15,15,0.9472,1.2386,0.9053,0.9503,0.9975,-0.012592,-0.009194,-0.005957,NA,TRUE,TRUE,0.013236,0.012772,22.8163,-0.285968,-0.171573,-0.138537,0.138537,0.171573,0.285968,-40.051,-20.7107,-16.0819,16.0819,20.7107,40.051
S3A_20250924T104655_vs_HYPERNETS_20250924T110000_RHOW_C.csv,MAFR,Hyp,S3A,-1.040456,45.547661999999995,-1.045062,45.555377,0.93,5,2025-09-24T09:00:00Z,2025-09-24T08:46:55Z,13,15,15,1.0763,1.0903,1.0232,1.0808,1.1416,-0.008951,-0.004829,-9.27e-4,NA,TRUE,TRUE,0.004313,0.003928,8.9177,-0.047692,0.033196,0.03778,0.03367,0.038976,0.113584,-5.0344,3.3196,3.7779,3.367,3.8976,12.3074
S3A_20250925T102044_vs_HYPERNETS_20250925T101500_RHOW_C.csv,MAFR,Hyp,S3A,-1.040456,45.547661999999995,-1.0485470000000001,45.554533,0.99,5,2025-09-25T08:15:00Z,2025-09-25T08:20:44Z,6,15,16,0.8299,0.8735,0.8076,0.8309,0.8549,-0.001945,-3.42e-4,0.001216,NA,TRUE,FALSE,0.013503,0.011906,20.5365,-0.189914,-0.168713,-0.164606,0.167313,0.175627,0.196485,-23.444,-20.2955,-19.7049,20.0931,21.3082,24.4563
S3A_20250926T095433_vs_HYPERNETS_20250926T094500_RHOW_C.csv,MAFR,Hyp,S3A,-1.040456,45.547661999999995,-1.0457609999999997,45.552988,0.72,5,2025-09-26T07:45:00Z,2025-09-26T07:54:33Z,10,15,16,0.8492,0.7829,0.7711,0.8679,0.9769,-2.92e-4,0.005438,0.010529,NA,TRUE,FALSE,0.00838,0.006609,28.4131,-0.123167,-0.030491,0.059907,0.044235,0.107656,0.150144,-14.047,-3.1455,5.9867,4.6304,12.0792,17.6671
S3A_20250930T095049_vs_HYPERNETS_20250930T094500_RHOW_R.csv,MAFR,Hyp,S3A,-1.040456,45.547661999999995,-1.048272,45.55314,0.86,5,2025-09-30T07:45:00Z,2025-09-30T07:50:49Z,6,15,11,0.5563,0.5588,0.4537,0.6006,0.795,-0.006876,-0.002187,0.001355,NA,TRUE,FALSE,0.016133,0.013048,465.7506,-0.658969,-0.617868,-0.520704,0.570537,0.637085,0.729759,-193.7884,-161.6898,-108.6478,134.1687,175.5463,276.4706
S3A_20250930T095049_vs_HYPERNETS_20250930T100000_RHOW_R.csv,MAFR,Hyp,S3A,-1.040456,45.547661999999995,-1.048272,45.55314,0.86,5,2025-09-30T08:00:00Z,2025-09-30T07:50:49Z,9,15,11,0.5521,0.6105,0.4503,0.5961,0.7892,-0.007131,-0.002377,0.001214,NA,TRUE,FALSE,0.016603,0.013534,319.7352,-0.671384,-0.630539,-0.528884,0.581238,0.640769,0.758667,-205.0476,-170.6649,-112.2842,140.2236,178.3723,329.9504
S3A_20251002T103927_vs_HYPERNETS_20251002T103000_RHOW_C.csv,MAFR,Hyp,S3A,-1.040456,45.547661999999995,-1.046648,45.55445399999999,0.9,5,2025-10-02T08:30:00Z,2025-10-02T08:39:27Z,9,15,6,0.254,0.5448,0.151,0.3014,0.6017,-0.006753,-4.84e-4,0.002656,NA,TRUE,FALSE,0.025941,0.016083,183.8244,-0.795583,-0.653877,-0.588678,0.644598,0.754534,0.875166,-414.4011,-189.3309,-143.6695,181.6701,332.2837,677.7587
S3A_20251002T103927_vs_HYPERNETS_20251002T104500_RHOW_C.csv,MAFR,Hyp,S3A,-1.040456,45.547661999999995,-1.046648,45.55445399999999,0.9,5,2025-10-02T08:45:00Z,2025-10-02T08:39:27Z,6,15,6,0.2609,0.5317,0.1549,0.3104,0.6217,-0.006735,-4.54e-4,0.002681,NA,TRUE,FALSE,0.02492,0.015404,204.2027,-0.773198,-0.628194,-0.549621,0.625559,0.726619,0.868642,-364.6337,-168.9842,-123.1004,167.0847,289.0761,676.8316
S3A_20251006T103542_vs_HYPERNETS_20251006T103000_RHOW_C.csv,MAFR,Hyp,S3A,-1.040456,45.547661999999995,-1.0458109999999998,45.555651,0.98,5,2025-10-06T08:30:00Z,2025-10-06T08:35:42Z,6,15,16,0.7954,0.8193,0.7247,0.8114,0.9085,-0.007353,-0.00158,0.003575,NA,TRUE,FALSE,0.016187,0.013213,25.34,-0.275233,-0.160149,-0.047977,0.092078,0.176378,0.308861,-37.9811,-19.0687,-5.0474,10.1721,21.4374,44.9251
S3A_20251006T103542_vs_HYPERNETS_20251006T104500_RHOW_C.csv,MAFR,Hyp,S3A,-1.040456,45.547661999999995,-1.0458109999999998,45.555651,0.98,5,2025-10-06T08:45:00Z,2025-10-06T08:35:42Z,9,15,16,0.8377,0.8066,0.7577,0.8583,0.9723,-0.007108,-8.04e-4,0.004761,NA,TRUE,FALSE,0.012433,0.009869,24.699,-0.239771,-0.0872,0.075979,0.087613,0.134839,0.272931,-31.5446,-9.553,7.5898,9.6027,14.5122,37.7242
S3A_20251007T100931_vs_HYPERNETS_20251007T100000_RHOW_C.csv,MAFR,Hyp,S3A,-1.040456,45.547661999999995,-1.049707,45.553738,0.99,5,2025-10-07T08:00:00Z,2025-10-07T08:09:31Z,10,15,13,0.9919,1.1024,0.9333,0.9968,1.0646,-0.011676,-0.006561,-0.001772,NA,FALSE,TRUE,0.007518,0.006826,10.9213,-0.159571,-0.072797,-0.05956,0.05956,0.072797,0.159571,-18.9869,-7.8513,-6.3332,6.3332,7.8513,18.9869
S3A_20251007T100931_vs_HYPERNETS_20251007T101500_RHOW_C.csv,MAFR,Hyp,S3A,-1.040456,45.547661999999995,-1.049707,45.553738,0.99,5,2025-10-07T08:15:00Z,2025-10-07T08:09:31Z,5,15,13,1.0326,1.1154,0.9708,1.0379,1.1097,-0.012337,-0.007104,-0.002209,NA,FALSE,TRUE,0.005504,0.004644,8.5304,-0.131647,-0.038378,-0.024585,0.024585,0.038378,0.131647,-15.1605,-3.991,-2.5205,2.5205,3.991,15.1605
S3A_20251010T103157_vs_HYPERNETS_20251010T103000_RHOW_C.csv,MAFR,Hyp,S3A,-1.040456,45.547661999999995,-1.045381,45.555325,0.94,5,2025-10-10T08:30:00Z,2025-10-10T08:31:57Z,2,15,15,0.9027,0.8709,0.8573,0.9066,0.9588,0.004788,0.008526,0.01206,NA,TRUE,TRUE,0.005063,0.00377,8.9492,-0.019922,0.020601,0.080333,0.022604,0.030497,0.080333,-2.0339,2.0601,8.0291,2.2912,3.1456,8.0291
S3A_20251010T103157_vs_HYPERNETS_20251010T104500_RHOW_C.csv,MAFR,Hyp,S3A,-1.040456,45.547661999999995,-1.045381,45.555325,0.94,5,2025-10-10T08:45:00Z,2025-10-10T08:31:57Z,13,15,15,0.8953,0.7299,0.8657,0.8968,0.929,0.010385,0.01257,0.01468,NA,TRUE,TRUE,0.007053,0.005564,21.0967,0.015214,0.055241,0.274051,0.015214,0.055241,0.274051,1.5211,5.5241,27.3488,1.5211,5.5241,27.3488
S3A_20251011T100547_vs_HYPERNETS_20251011T100000_RHOW_R.csv,MAFR,Hyp,S3A,-1.040456,45.547661999999995,-1.042845,45.551821999999994,0.5,5,2025-10-11T08:00:00Z,2025-10-11T08:05:47Z,6,15,16,0.7757,0.8173,0.7097,0.7895,0.8783,-0.01277,-0.006326,-5.33e-4,NA,TRUE,TRUE,0.024323,0.022467,43.8017,-0.409355,-0.308763,-0.251245,0.281167,0.328966,0.423868,-69.3231,-44.694,-33.5585,39.1461,49.0321,73.5712
S3A_20251011T100547_vs_HYPERNETS_20251011T101500_RHOW_R.csv,MAFR,Hyp,S3A,-1.040456,45.547661999999995,-1.042845,45.551821999999994,0.5,5,2025-10-11T08:15:00Z,2025-10-11T08:05:47Z,9,15,16,0.7921,0.8046,0.729,0.804,0.8866,-0.010936,-0.005164,7e-5,NA,TRUE,FALSE,0.021436,0.019748,41.9282,-0.3401,-0.275392,-0.234796,0.257796,0.301573,0.349206,-51.5425,-38.0094,-30.6842,34.754,43.2424,53.6587
S3A_20251013T105424_vs_HYPERNETS_20251013T104500_RHOW_C.csv,MAFR,Hyp,S3A,-1.040456,45.547661999999995,-1.0469359999999999,45.55492399999999,0.95,5,2025-10-13T08:45:00Z,2025-10-13T08:54:24Z,9,15,16,0.8169,0.7428,0.7211,0.8573,1.0191,-0.007966,-0.001525,0.003893,NA,FALSE,FALSE,0.011517,0.008404,35.1123,-0.24069,-0.05203,0.121198,0.088291,0.173152,0.303926,-31.7386,-5.4886,12.1146,9.5991,18.8902,44.1217
S3A_20251013T105424_vs_HYPERNETS_20251013T110000_RHOW_C.csv,MAFR,Hyp,S3A,-1.040456,45.547661999999995,-1.0469359999999999,45.55492399999999,0.95,5,2025-10-13T09:00:00Z,2025-10-13T08:54:24Z,6,15,16,0.5549,0.9697,0.5011,0.5692,0.6466,-0.011503,-0.006222,-0.001575,NA,TRUE,TRUE,0.040688,0.035601,52.9693,-0.602038,-0.548325,-0.490002,0.490002,0.548325,0.602038,-151.2991,-121.4251,-96.2278,96.2278,121.4251,151.2991
S3A_20251014T102814_vs_HYPERNETS_20251014T101500_RHOW_C.csv,MAFR,Hyp,S3A,-1.040456,45.547661999999995,-1.04687,45.554950999999996,0.95,5,2025-10-14T08:15:00Z,2025-10-14T08:28:14Z,13,15,11,0.5987,0.7125,0.4953,0.6347,0.8133,-0.010733,-0.004368,5.99e-4,NA,TRUE,FALSE,0.020518,0.017885,94.4637,-0.574531,-0.508449,-0.443401,0.473401,0.521288,0.700307,-136.3936,-103.4378,-79.6631,90.1767,108.8938,246.3117
S3A_20251014T102814_vs_HYPERNETS_20251014T103000_RHOW_C.csv,MAFR,Hyp,S3A,-1.040456,45.547661999999995,-1.04687,45.554950999999996,0.95,5,2025-10-14T08:30:00Z,2025-10-14T08:28:14Z,2,15,11,0.6668,0.7125,0.5539,0.7042,0.8952,-0.009677,-0.003717,9.71e-4,NA,TRUE,FALSE,0.015614,0.013461,96.885,-0.494907,-0.435808,-0.366766,0.396208,0.445831,0.645117,-98.8549,-77.2445,-57.9423,65.6993,80.4503,194.4514
S3A_20251015T100203_vs_HYPERNETS_20251015T100000_RHOW_R.csv,MAFR,Hyp,S3A,-1.040456,45.547661999999995,-1.043756,45.552236,0.57,5,2025-10-15T08:00:00Z,2025-10-15T08:02:03Z,2,15,12,0.5919,0.9674,0.4856,0.66,0.897,-0.012217,-0.004184,0.001726,NA,TRUE,FALSE,0.020109,0.016784,148.1327,-0.644146,-0.445106,-0.425068,0.438197,0.456023,0.881551,-208.9136,-80.2174,-74.0311,77.9986,83.8506,719.7772
S3A_20251015T100203_vs_HYPERNETS_20251015T101500_RHOW_R.csv,MAFR,Hyp,S3A,-1.040456,45.547661999999995,-1.043756,45.552236,0.57,5,2025-10-15T08:15:00Z,2025-10-15T08:02:03Z,13,15,12,0.5544,0.9924,0.4536,0.6289,0.8719,-0.013007,-0.004314,0.001956,NA,TRUE,FALSE,0.022518,0.018646,132.1899,-0.67016,-0.472285,-0.443802,0.458811,0.484476,0.892553,-234.4167,-89.4981,-79.9128,84.7792,94.0136,740.8673
S3A_20251017T105040_vs_HYPERNETS_20251017T104500_RHOW_R.csv,MAFR,Hyp,S3A,-1.040456,45.547661999999995,-1.0445289999999998,45.553805,0.75,5,2025-10-17T08:45:00Z,2025-10-17T08:50:40Z,6,15,16,0.7467,0.9305,0.6858,0.7586,0.8391,-0.007772,-0.004118,-8.15e-4,NA,TRUE,TRUE,0.017532,0.01515,36.052,-0.349049,-0.307391,-0.296593,0.296593,0.307391,0.349049,-53.687,-44.3818,-42.1668,42.1668,44.3818,53.687
S3A_20251017T105040_vs_HYPERNETS_20251017T110000_RHOW_R.csv,MAFR,Hyp,S3A,-1.040456,45.547661999999995,-1.0445289999999998,45.553805,0.75,5,2025-10-17T09:00:00Z,2025-10-17T08:50:40Z,9,15,16,0.7875,0.8382,0.7085,0.8101,0.9263,-0.007314,-0.002595,0.001532,NA,TRUE,FALSE,0.013258,0.010477,30.1666,-0.272261,-0.171278,-0.124507,0.152062,0.175277,0.326107,-37.4283,-20.6679,-14.2238,17.9491,21.2534,49.0223
S3A_20251026T101701_vs_HYPERNETS_20251026T103000_RHOW_R.csv,MAFR,Hyp,S3A,-1.040456,45.547661999999995,-1.0489439999999999,45.550304,0.72,5,2025-10-26T09:30:00Z,2025-10-26T09:17:01Z,13,15,16,0.4667,1.048,0.4229,0.4775,0.5392,-0.011313,-0.007175,-0.003511,NA,TRUE,TRUE,0.04759,0.042229,65.3056,-0.70009,-0.645263,-0.581633,0.581633,0.645263,0.70009,-233.4338,-182.26,-139.028,139.028,182.26,233.4338
S3A_20251103T100933_vs_HYPERNETS_20251103T100000_RHOW_C.csv,MAFR,Hyp,S3A,-1.040456,45.547661999999995,-1.044983,45.5527,0.66,5,2025-11-03T09:00:00Z,2025-11-03T09:09:33Z,10,15,15,0.7429,0.8521,0.6682,0.7612,0.8672,-0.012983,-0.006051,3.3e-5,NA,TRUE,FALSE,0.024954,0.022098,40.9469,-0.350713,-0.324105,-0.276205,0.281357,0.327586,0.384583,-54.0326,-47.952,-38.1628,39.1512,48.7179,62.6159
S3A_20251103T100933_vs_HYPERNETS_20251103T101500_RHOW_C.csv,MAFR,Hyp,S3A,-1.040456,45.547661999999995,-1.044983,45.5527,0.66,5,2025-11-03T09:15:00Z,2025-11-03T09:09:33Z,5,15,15,0.7438,0.8291,0.6764,0.7575,0.8484,-0.014457,-0.008226,-0.002663,NA,TRUE,TRUE,0.02757,0.025381,49.9157,-0.489584,-0.369966,-0.327852,0.330832,0.373807,0.490542,-95.9186,-58.7215,-48.7776,49.4393,59.6953,96.2871
S3A_20251109T105425_vs_HYPERNETS_20251109T104500_RHOW_C.csv,MAFR,Hyp,S3A,-1.040456,45.547661999999995,-1.0460770000000001,45.554081999999994,0.84,5,2025-11-09T09:45:00Z,2025-11-09T09:54:25Z,9,15,15,0.8121,0.7111,0.7781,0.8144,0.8525,0.013929,0.016777,0.019499,NA,TRUE,TRUE,0.008137,0.006957,17.4312,-0.042558,0.006999,0.245382,0.042558,0.061235,0.245382,-4.4456,0.6999,24.1045,4.4456,6.5229,24.1045
S3A_20251109T105425_vs_HYPERNETS_20251109T110000_RHOW_C.csv,MAFR,Hyp,S3A,-1.040456,45.547661999999995,-1.0460770000000001,45.554081999999994,0.84,5,2025-11-09T10:00:00Z,2025-11-09T09:54:25Z,6,15,15,0.834,0.7307,0.8068,0.8354,0.8651,0.013299,0.015507,0.017639,NA,TRUE,TRUE,0.00725,0.006013,15.5997,-0.029074,0.016879,0.220072,0.029074,0.048749,0.220072,-2.9945,1.6879,21.6802,2.9945,5.1248,21.6802
S3A_20251121T104310_vs_HYPERNETS_20251121T103000_RHOW_C.csv,MAFR,Hyp,S3A,-1.040456,45.547661999999995,-1.044742,45.554515,0.83,5,2025-11-21T09:30:00Z,2025-11-21T09:43:10Z,13,15,14,0.6244,0.5767,0.5598,0.6386,0.7285,-0.014961,-0.006197,0.001486,NA,TRUE,FALSE,0.046475,0.042149,77.273,-0.451782,-0.399357,-0.382633,0.384577,0.408223,0.486301,-82.4387,-66.49,-61.9785,62.4898,68.9917,94.7659
S3A_20251121T104310_vs_HYPERNETS_20251121T104500_RHOW_C.csv,MAFR,Hyp,S3A,-1.040456,45.547661999999995,-1.044742,45.554515,0.83,5,2025-11-21T09:45:00Z,2025-11-21T09:43:10Z,2,15,14,0.6686,0.6985,0.5879,0.6929,0.8166,-0.015734,-0.004854,0.004377,NA,TRUE,FALSE,0.036779,0.032393,46.2581,-0.35942,-0.314904,-0.28601,0.304021,0.32314,0.446452,-56.1281,-45.9651,-40.07,43.6842,47.7495,81.2638
S3A_20251125T103926_vs_HYPERNETS_20251125T104500_RHOW_C.csv,MAFR,Hyp,S3A,-1.040456,45.547661999999995,-1.044658,45.5541,0.79,5,2025-11-25T09:45:00Z,2025-11-25T09:39:26Z,6,15,16,0.9179,0.973,0.8691,0.9231,0.9804,-0.008642,-0.005281,-0.002117,NA,TRUE,TRUE,0.01078,0.009972,21.7913,-0.23345,-0.169065,-0.133508,0.137251,0.190134,0.251632,-30.4553,-20.3802,-15.4086,15.9087,23.4774,31.6705
S3A_20251126T101315_vs_HYPERNETS_20251126T100000_RHOW_C.csv,MAFR,Hyp,S3A,-1.040456,45.547661999999995,-1.0417689999999997,45.553028999999995,0.61,5,2025-11-26T09:00:00Z,2025-11-26T09:13:15Z,13,15,16,0.7593,0.8488,0.7095,0.7663,0.8276,-0.006183,-0.002632,6.56e-4,NA,TRUE,FALSE,0.019093,0.016479,34.5908,-0.303962,-0.244133,-0.231899,0.233445,0.246997,0.338168,-43.6829,-32.2986,-30.1912,30.4539,32.8018,51.2768
S3A_20251126T101315_vs_HYPERNETS_20251126T101500_RHOW_C.csv,MAFR,Hyp,S3A,-1.040456,45.547661999999995,-1.0417689999999997,45.553028999999995,0.61,5,2025-11-26T09:15:00Z,2025-11-26T09:13:15Z,2,15,16,0.7755,0.8802,0.7328,0.7802,0.8306,-0.004493,-0.001684,9.54e-4,NA,TRUE,FALSE,0.016662,0.014159,28.1607,-0.245809,-0.229547,-0.199168,0.213906,0.232841,0.286318,-32.6143,-29.7938,-24.8971,27.2121,30.352,40.2413
S3A_20251130T100930_vs_HYPERNETS_20251130T100000_RHOW_C.csv,MAFR,Hyp,S3A,-1.040456,45.547661999999995,-1.0479209999999997,45.553802,0.9,5,2025-11-30T09:00:00Z,2025-11-30T09:09:30Z,10,15,15,0.7126,0.8781,0.649,0.7252,0.8103,-0.009733,-0.004874,-5.25e-4,NA,TRUE,TRUE,0.02388,0.020967,45.8368,-0.442603,-0.343153,-0.320434,0.32728,0.428747,0.448309,-79.4134,-52.2424,-47.1575,48.6505,75.0538,81.2609
S3A_20251130T100930_vs_HYPERNETS_20251130T101500_RHOW_C.csv,MAFR,Hyp,S3A,-1.040456,45.547661999999995,-1.0479209999999997,45.553802,0.9,5,2025-11-30T09:15:00Z,2025-11-30T09:09:30Z,6,15,15,0.7654,0.8257,0.6932,0.7811,0.8801,-0.008803,-0.003705,8.21e-4,NA,TRUE,FALSE,0.018016,0.015478,42.9965,-0.316928,-0.285956,-0.237507,0.239066,0.300469,0.352479,-46.3982,-40.0474,-31.1489,31.4175,42.9529,54.6384
S3A_20251203T103156_vs_HYPERNETS_20251203T103000_RHOW_C.csv,MAFR,Hyp,S3A,-1.040456,45.547661999999995,-1.046332,45.553098999999996,0.76,5,2025-12-03T09:30:00Z,2025-12-03T09:31:56Z,2,15,16,0.7335,0.8829,0.6836,0.7408,0.8028,-0.010837,-0.006369,-0.002247,NA,TRUE,TRUE,0.028008,0.025511,43.0342,-0.396212,-0.351194,-0.313251,0.314862,0.364507,0.424971,-65.6306,-54.1393,-45.6141,45.9559,57.365,74.1591
S3A_20251208T100159_vs_HYPERNETS_20251208T100000_RHOW_C.csv,MAFR,Hyp,S3A,-1.040456,45.547661999999995,-1.0442639999999999,45.55189299999999,0.56,5,2025-12-08T09:00:00Z,2025-12-08T09:01:59Z,2,15,13,0.8479,1.2453,0.7329,0.8848,1.0682,-0.031522,-0.014653,-6.81e-4,NA,FALSE,TRUE,0.027874,0.025252,29.471800000000002,-0.263788,-0.224576,-0.214946,0.214946,0.224576,0.263788,-35.8305,-28.9618,-27.3798,27.3798,28.9618,35.8305
S3A_20251208T100159_vs_HYPERNETS_20251208T101500_RHOW_C.csv,MAFR,Hyp,S3A,-1.040456,45.547661999999995,-1.0442639999999999,45.55189299999999,0.56,5,2025-12-08T09:15:00Z,2025-12-08T09:01:59Z,13,15,13,0.8368,1.2193,0.7234,0.8729,1.0532,-0.030139,-0.013554,1.91e-4,NA,FALSE,FALSE,0.027977,0.025244,29.1684,-0.265184,-0.225504,-0.218223,0.218223,0.225504,0.265184,-36.0885,-29.1163,-27.9137,27.9137,29.1163,36.0885
S3A_20251214T104652_vs_HYPERNETS_20251214T104500_RHOW_C.csv,MAFR,Hyp,S3A,-1.040456,45.547661999999995,-1.044307,45.555111000000004,0.88,5,2025-12-14T09:45:00Z,2025-12-14T09:46:52Z,2,15,16,0.8536,0.8468,0.7789,0.87,0.9719,-7.49e-4,0.004386,0.008983,NA,TRUE,FALSE,0.00787,0.006542,23.3323,-0.12692,-0.090039,0.009416,0.095956,0.124306,0.14775,-14.5371,-9.9041,0.7978,9.9664,14.1955,17.3365
S3A_20251214T104652_vs_HYPERNETS_20251214T110000_RHOW_C.csv,MAFR,Hyp,S3A,-1.040456,45.547661999999995,-1.044307,45.555111000000004,0.88,5,2025-12-14T10:00:00Z,2025-12-14T09:46:52Z,13,15,16,0.8372,0.7907,0.7735,0.8483,0.9303,0.001778,0.005877,0.009614,NA,TRUE,TRUE,0.00759,0.006129,25.594,-0.094589,-0.052212,0.063119,0.065637,0.092162,0.108965,-10.4471,-5.5229,6.31,6.931,10.1521,12.2297
S3A_20251215T102041_vs_HYPERNETS_20251215T101500_RHOW_C.csv,MAFR,Hyp,S3A,-1.040456,45.547661999999995,-1.0456809999999999,45.553905,0.81,5,2025-12-15T09:15:00Z,2025-12-15T09:20:41Z,6,15,16,0.8708,0.8332,0.8264,0.8752,0.9268,-0.003875,-0.001155,0.001413,NA,TRUE,FALSE,0.009412,0.008387,31.0245,-0.244914,-0.155178,-0.117107,0.139643,0.161158,0.312887,-32.6176,-18.3688,-13.2912,16.2341,19.2129,45.5367
S3A_20251215T102041_vs_HYPERNETS_20251215T103000_RHOW_C.csv,MAFR,Hyp,S3A,-1.040456,45.547661999999995,-1.0456809999999999,45.553905,0.81,5,2025-12-15T09:30:00Z,2025-12-15T09:20:41Z,9,15,16,0.7025,0.8319,0.6652,0.7064,0.7502,-0.003291,-4.76e-4,0.002174,NA,TRUE,FALSE,0.023356,0.019943,40.6115,-0.359212,-0.316142,-0.270974,0.291723,0.322322,0.43454,-56.4331,-46.2295,-37.1831,41.1978,47.566,76.8473
S3A_20251218T104308_vs_HYPERNETS_20251218T103000_RHOW_R.csv,MAFR,Hyp,S3A,-1.040456,45.547661999999995,-1.045617,45.553332000000005,0.75,5,2025-12-18T09:30:00Z,2025-12-18T09:43:08Z,13,15,16,0.6279,1.1198,0.5691,0.6426,0.7256,-0.016015,-0.009466,-0.003666,NA,TRUE,TRUE,0.042502,0.037676,49.9631,-0.517916,-0.443919,-0.416203,0.416203,0.443919,0.517916,-107.6315,-79.8665,-71.2925,71.2925,79.8665,107.6315
S3A_20251218T104308_vs_HYPERNETS_20251218T104500_RHOW_R.csv,MAFR,Hyp,S3A,-1.040456,45.547661999999995,-1.045617,45.553332000000005,0.75,5,2025-12-18T09:45:00Z,2025-12-18T09:43:08Z,2,15,16,0.7956,1.0306,0.7139,0.82,0.9419,-0.017342,-0.009761,-0.00316,NA,TRUE,TRUE,0.02371,0.021144,40.7679,-0.38528,-0.279802,-0.248188,0.25367,0.310589,0.471641,-62.992,-38.8769,-33.0139,33.9893,45.0944,62.992
S3A_20251227T100930_vs_HYPERNETS_20251227T100000_RHOW_C.csv,MAFR,Hyp,S3A,-1.040456,45.547661999999995,-1.048548,45.552718000000006,0.85,5,2025-12-27T09:00:00Z,2025-12-27T09:09:30Z,10,15,13,0.4826,0.7036,0.4093,0.5149,0.6478,-0.011351,-0.002256,0.004973,NA,TRUE,FALSE,0.04207,0.036247,59.1907,-0.553865,-0.490427,-0.472076,0.474885,0.491313,0.567792,-124.1476,-96.2426,-89.4212,90.4344,96.5845,130.9738
S3A_20251227T100930_vs_HYPERNETS_20251227T101500_RHOW_C.csv,MAFR,Hyp,S3A,-1.040456,45.547661999999995,-1.048548,45.552718000000006,0.85,5,2025-12-27T09:15:00Z,2025-12-27T09:09:30Z,6,15,13,0.3753,0.7081,0.3227,0.3935,0.4799,-0.008566,-0.001085,0.00505,NA,TRUE,FALSE,0.063678,0.054193,63.1794,-0.615995,-0.59696,-0.583741,0.592515,0.597713,0.628779,-160.4134,-148.1143,-140.2351,140.2351,148.1143,160.4134
S3A_20251231T100545_vs_HYPERNETS_20251231T100000_RHOW_C.csv,MAFR,Hyp,S3A,-1.040456,45.547661999999995,-1.0536839999999998,45.554590999999995,1.29,5,2025-12-31T09:00:00Z,2025-12-31T09:05:45Z,6,15,15,0.7156,0.8176,0.6546,0.7268,0.8069,-0.014492,-0.00777,-0.001716,NA,TRUE,TRUE,0.034466,0.031568,50.1725,-0.454929,-0.367722,-0.325209,0.328224,0.415246,0.458293,-83.4653,-58.1582,-48.1953,48.8592,71.0121,84.6017
S3A_20251231T100545_vs_HYPERNETS_20251231T101500_RHOW_C.csv,MAFR,Hyp,S3A,-1.040456,45.547661999999995,-1.0536839999999998,45.554590999999995,1.29,5,2025-12-31T09:15:00Z,2025-12-31T09:05:45Z,9,15,15,0.6963,0.857,0.6366,0.7073,0.7859,-0.014602,-0.007822,-0.00172,NA,TRUE,TRUE,0.037172,0.033816,48.1342,-0.460669,-0.382916,-0.345038,0.348489,0.430736,0.468373,-85.419,-62.0526,-52.6826,53.4894,75.6653,88.1075
S3B_20240603T100032_vs_HYPERNETS_20240603T100000_RHOW_R.csv,MAFR,Hyp,S3B,-1.040456,45.547661999999995,-1.0433279999999998,45.55197999999999,0.53,5,2024-06-03T08:00:00Z,2024-06-03T08:00:32Z,1,15,16,0.8128,0.8343,0.7384,0.8306,0.9344,-0.012401,-0.006308,-8.92e-4,NA,TRUE,TRUE,0.01878,0.017133,43.9738,-0.312628,-0.256771,-0.239933,0.24387,0.267393,0.361885,-45.4942,-34.548,-31.5678,32.2527,36.5114,57.4233
S3B_20240603T100032_vs_HYPERNETS_20240603T101500_RHOW_R.csv,MAFR,Hyp,S3B,-1.040456,45.547661999999995,-1.0433279999999998,45.55197999999999,0.53,5,2024-06-03T08:15:00Z,2024-06-03T08:00:32Z,14,15,16,0.8791,0.8368,0.79990000000000006,0.8974,1.0067,-0.010588,-0.004828,3.07e-4,NA,FALSE,FALSE,0.012668,0.011134,36.2248,-0.215119,-0.152112,-0.128878,0.132505,0.157766,0.289939,-27.4565,-17.9402,-14.7955,15.2746,18.7335,41.4788
S3B_20240605T104910_vs_HYPERNETS_20240605T104500_RHOW_C.csv,MAFR,Hyp,S3B,-1.040456,45.547661999999995,-1.0457439999999998,45.554939999999995,0.91,5,2024-06-05T08:45:00Z,2024-06-05T08:49:10Z,4,15,14,0.929,0.9159,0.8273,0.9539,1.0998000000000001,-0.01321,-0.004442,0.003162,NA,FALSE,FALSE,0.011087,0.007382,14.2842,-0.097145,-0.057535,-0.044611,0.048832,0.061872,0.199548,-10.7744,-6.1049,-4.6697,5.1339,6.5959,25.2027
S3B_20240606T102300_vs_HYPERNETS_20240606T103000_RHOW_R.csv,MAFR,Hyp,S3B,-1.040456,45.547661999999995,-1.04622,45.553962,0.83,5,2024-06-06T08:30:00Z,2024-06-06T08:23:00Z,7,15,16,0.8239,0.981,0.7215,0.877,1.0659,-0.021274,-0.008766,0.001526,NA,FALSE,FALSE,0.021878,0.017722,31.0675,-0.396462,-0.170224,0.018294,0.078311,0.186929,0.468268,-65.8869,-20.5145,1.8264,8.4138,23.0153,65.8869
S3B_20240613T104142_vs_HYPERNETS_20240613T103000_RHOW_C.csv,MAFR,Hyp,S3B,-1.040456,45.547661999999995,-1.045555,45.553748999999996,0.79,5,2024-06-13T08:30:00Z,2024-06-13T08:41:42Z,12,15,16,0.8146,0.7203,0.7404,0.8321,0.9351,-0.004347,-0.002025,4.2e-5,NA,TRUE,FALSE,0.007546,0.006217,55.8318,-0.252291,-0.223805,-0.123387,0.179174,0.229928,0.30496,-33.7526,-28.8361,-14.2601,21.0969,29.8581,44.5148
S3B_20240613T104142_vs_HYPERNETS_20240613T104500_RHOW_C.csv,MAFR,Hyp,S3B,-1.040456,45.547661999999995,-1.045555,45.553748999999996,0.79,5,2024-06-13T08:45:00Z,2024-06-13T08:41:42Z,3,15,16,0.8103,0.714,0.7322,0.8309,0.943,-0.00485,-0.002286,-2.6e-5,NA,TRUE,TRUE,0.007971,0.006536,56.7259,-0.259964,-0.229472,-0.129531,0.18018,0.238468,0.318293,-35.1439,-29.7846,-15.0276,21.9963,31.3155,47.4833
S3B_20240625T103029_vs_HYPERNETS_20240625T101500_RHOW_C.csv,MAFR,Hyp,S3B,-1.040456,45.547661999999995,-1.047073,45.554444999999994,0.91,5,2024-06-25T08:15:00Z,2024-06-25T08:30:29Z,15,15,16,0.8769,0.8803,0.794,0.8979,1.0153,-0.010752,-0.004333,0.001343,NA,FALSE,FALSE,0.012601,0.010205,22.8402,-0.258776,-0.118471,-0.039401,0.058967,0.125975,0.314496,-34.9566,-13.4402,-4.1047,6.2709,14.4143,46.1372
S3B_20240625T103029_vs_HYPERNETS_20240625T103000_RHOW_C.csv,MAFR,Hyp,S3B,-1.040456,45.547661999999995,-1.047073,45.554444999999994,0.91,5,2024-06-25T08:30:00Z,2024-06-25T08:30:29Z,0,15,16,0.8867,0.8817,0.8158,0.9001,0.9932,-0.009401,-0.004328,2.7e-4,NA,TRUE,FALSE,0.011735,0.0101,24.8505,-0.230385,-0.129897,-0.095923,0.102049,0.133031,0.28421,-29.9717,-14.9289,-10.6111,11.365,15.3449,39.9224
S3B_20240625T103029_vs_HYPERNETS_20240625T104500_RHOW_C.csv,MAFR,Hyp,S3B,-1.040456,45.547661999999995,-1.047073,45.554444999999994,0.91,5,2024-06-25T08:45:00Z,2024-06-25T08:30:29Z,15,15,16,0.8261,0.9005,0.7671,0.8354,0.9097,-0.009561,-0.005125,-0.001051,NA,TRUE,TRUE,0.016867,0.015239,31.2438,-0.272763,-0.21456,-0.203846,0.205727,0.222775,0.326266,-37.5507,-27.3172,-25.6039,25.9013,28.669,48.6741
S3B_20240626T100418_vs_HYPERNETS_20240626T100000_RHOW_R.csv,MAFR,Hyp,S3B,-1.040456,45.547661999999995,-1.0438689999999997,45.55285,0.64,5,2024-06-26T08:00:00Z,2024-06-26T08:04:18Z,4,15,16,0.8549,0.7813,0.7884,0.8669,0.9532,-0.006834,-0.002583,0.001284,NA,TRUE,FALSE,0.011177,0.009913,35.7096,-0.211982,-0.184013,-0.156958,0.162399,0.202527,0.233514,-26.9027,-22.5749,-18.6192,19.3888,25.3966,30.5318
S3B_20240626T100418_vs_HYPERNETS_20240626T101500_RHOW_R.csv,MAFR,Hyp,S3B,-1.040456,45.547661999999995,-1.0438689999999997,45.55285,0.64,5,2024-06-26T08:15:00Z,2024-06-26T08:04:18Z,11,15,16,0.7598,0.8147,0.7007,0.7705,0.8474,-0.00633,-0.002118,0.001712,NA,TRUE,FALSE,0.017578,0.015348,36.4359,-0.29671,-0.258894,-0.211686,0.219095,0.277,0.309154,-42.1888,-34.9369,-26.8541,28.0577,38.3344,44.817
S3B_20240630T100034_vs_HYPERNETS_20240630T100000_RHOW_C.csv,MAFR,Hyp,S3B,-1.040456,45.547661999999995,-1.043362,45.553290999999994,0.67,5,2024-06-30T08:00:00Z,2024-06-30T08:00:34Z,1,15,16,0.9443,0.6067,0.8937,0.9496,1.0091,0.001197,0.002443,0.003616,NA,FALSE,TRUE,0.002511,0.001898,148.875,0.045227,0.069205,0.474401,0.054208,0.069205,0.474401,4.5123,6.9197,47.2955,5.6552,6.9197,47.2955
S3B_20240708T095305_vs_HYPERNETS_20240708T094600_RHOW_C.csv,MAFR,Hyp,S3B,-1.040456,45.547661999999995,-1.0452259999999998,45.55359,0.76,5,2024-07-08T07:46:00Z,2024-07-08T07:53:05Z,7,15,15,0.9178,0.7872,0.8288,0.9382,1.062,-0.014275,-0.006405,5.48e-4,NA,FALSE,FALSE,0.013112,0.011381,37.8757,-0.157908,-0.146191,-0.11465,0.11822,0.148757,0.200007,-18.7528,-17.1222,-12.95,13.4071,17.4753,25.1479
S3B_20240719T100804_vs_HYPERNETS_20240719T100000_RHOW_C.csv,MAFR,Hyp,S3B,-1.040456,45.547661999999995,-1.0437389999999998,45.553419999999996,0.69,5,2024-07-19T08:00:00Z,2024-07-19T08:08:04Z,8,15,15,0.6619,0.6001,0.5819,0.6914,0.8214,-0.005365,-0.002262,3.5e-4,NA,TRUE,FALSE,0.01234,0.010184,92.1903,-0.476073,-0.375586,-0.168982,0.301982,0.428718,0.48162,-90.875,-60.1501,-21.1101,43.4879,75.045,92.9087
S3B_20240719T100804_vs_HYPERNETS_20240719T101600_RHOW_C.csv,MAFR,Hyp,S3B,-1.040456,45.547661999999995,-1.0437389999999998,45.553419999999996,0.69,5,2024-07-19T08:16:00Z,2024-07-19T08:08:04Z,8,15,15,0.7014,0.6515,0.6165,0.733,0.8714,-0.005348,-0.002237,3.79e-4,NA,TRUE,FALSE,0.01068,0.008789,71.855,-0.428592,-0.393191,-0.166847,0.265133,0.394573,0.43423,-75.0139,-64.7964,-20.2674,36.3408,65.1726,76.7504
S3B_20240725T105256_vs_HYPERNETS_20240725T104500_RHOW_C.csv,MAFR,Hyp,S3B,-1.040456,45.547661999999995,-1.044533,45.554469999999995,0.82,5,2024-07-25T08:45:00Z,2024-07-25T08:52:56Z,8,15,14,0.8989,0.8698,0.8071,0.9187,1.0457,-0.01521,-0.007134,-3.9e-5,NA,FALSE,TRUE,0.014522,0.012603,26.9268,-0.252873,-0.188529,-0.1276,0.128865,0.235532,0.272698,-33.846,-23.4184,-14.6264,14.7928,30.8106,37.511
S3B_20240725T105256_vs_HYPERNETS_20240725T110000_RHOW_C.csv,MAFR,Hyp,S3B,-1.040456,45.547661999999995,-1.044533,45.554469999999995,0.82,5,2024-07-25T09:00:00Z,2024-07-25T08:52:56Z,7,15,14,0.8819,0.87,0.8052,0.8946,0.9939,-0.014816,-0.008212,-0.002267,NA,TRUE,TRUE,0.016769,0.015531,31.6265,-0.335056,-0.221339,-0.172213,0.174334,0.287333,0.347577,-50.3887,-28.4705,-20.8041,21.1148,40.6035,53.2837
S3B_20240726T102645_vs_HYPERNETS_20240726T101500_RHOW_C.csv,MAFR,Hyp,S3B,-1.040456,45.547661999999995,-1.041172,45.55423699999999,0.73,5,2024-07-26T08:15:00Z,2024-07-26T08:26:45Z,12,15,16,1.0839,0.8324,1.0599,1.0848,1.1102,2.86e-4,0.001481,0.00265,NA,TRUE,TRUE,0.006145,0.005467,22.9425,0.106053,0.111471,0.127689,0.106053,0.111471,0.127689,10.6044,11.1471,12.7686,10.6044,11.1471,12.7686
S3B_20240726T102645_vs_HYPERNETS_20240726T103100_RHOW_C.csv,MAFR,Hyp,S3B,-1.040456,45.547661999999995,-1.041172,45.55423699999999,0.73,5,2024-07-26T08:31:00Z,2024-07-26T08:26:45Z,4,15,16,1.0155,0.8328,0.9944,1.0162,1.0384,4.86e-4,0.0016,0.00269,NA,FALSE,TRUE,0.002744,0.002411,15.4676,0.030212,0.041412,0.055824,0.030212,0.041412,0.055824,3.0212,4.1411,5.581,3.0212,4.1411,5.581
S3B_20240729T104913_vs_HYPERNETS_20240729T104500_RHOW_C.csv,MAFR,Hyp,S3B,-1.040456,45.547661999999995,-1.0455839999999998,45.55364699999999,0.78,5,2024-07-29T08:45:00Z,2024-07-29T08:49:13Z,4,15,4,-5.8541,-1.2709,-34.1255,-7.9019,-1.8297,0.009398,0.020053,0.066068,NA,TRUE,TRUE,0.010693,0.006199,1926.7017,-0.52427,-0.462885,18.575527,0.484293,0.542839,19.325564,-110.712,-86.7743,96.5781,94.3852,119.4669,466.9573
S3B_20240729T104913_vs_HYPERNETS_20240729T110000_RHOW_C.csv,MAFR,Hyp,S3B,-1.040456,45.547661999999995,-1.0455839999999998,45.55364699999999,0.78,5,2024-07-29T09:00:00Z,2024-07-29T08:49:13Z,11,15,4,-6.0569,-1.8716,-34.8007,-8.1198,-1.8945,0.01032,0.0239,0.082102,NA,TRUE,TRUE,0.010506,0.006398,749.0609,-0.603441,-0.576796,6.629631,0.587083,0.609512,7.513038,-152.2598,-136.5725,26.3782,142.398,156.2136,381.8155
S3B_20240731T095651_vs_HYPERNETS_20240731T094500_RHOW_C.csv,MAFR,Hyp,S3B,-1.040456,45.547661999999995,-1.0447039999999999,45.552124,0.6,5,2024-07-31T07:45:00Z,2024-07-31T07:56:51Z,12,15,14,0.609,0.5874,0.5222,0.6509,0.8114,-0.005356,-0.001237,0.002067,NA,TRUE,FALSE,0.013979,0.011332,89.4747,-0.473548,-0.419869,-0.065938,0.363977,0.460632,0.490279,-89.9599,-72.4845,-7.9182,50.6801,81.3654,91.1844
S3B_20240731T095651_vs_HYPERNETS_20240731T100000_RHOW_C.csv,MAFR,Hyp,S3B,-1.040456,45.547661999999995,-1.0447039999999999,45.552124,0.6,5,2024-07-31T08:00:00Z,2024-07-31T07:56:51Z,3,15,14,0.6178,0.5555,0.5288,0.6629,0.831,-0.005412,-0.001188,0.002182,NA,TRUE,FALSE,0.01344,0.010873,110.339,-0.459303,-0.390237,-0.015175,0.346492,0.445557,0.489456,-84.9574,-63.9982,-2.5594,50.5274,71.5242,86.1216
S3B_20240810T103759_vs_HYPERNETS_20240810T103100_RHOW_C.csv,MAFR,Hyp,S3B,-1.040456,45.547661999999995,-1.0436699999999999,45.553625,0.71,5,2024-08-10T08:31:00Z,2024-08-10T08:37:59Z,7,15,16,0.8711,0.8191,0.839,0.8732,0.9089,-0.001544,1.04e-4,0.001688,NA,TRUE,FALSE,0.007217,0.006151,20.9387,-0.138923,-0.112998,-0.081167,0.103889,0.116625,0.164421,-16.1416,-12.74,-8.878,11.5945,13.2022,19.6947
S3B_20240810T103759_vs_HYPERNETS_20240810T104500_RHOW_C.csv,MAFR,Hyp,S3B,-1.040456,45.547661999999995,-1.0436699999999999,45.553625,0.71,5,2024-08-10T08:45:00Z,2024-08-10T08:37:59Z,7,15,16,0.7939,0.8561,0.7647,0.7958,0.8282,-0.001466,1.74e-4,0.00175,NA,TRUE,FALSE,0.012427,0.010448,22.5588,-0.208761,-0.197044,-0.121554,0.170864,0.198365,0.233018,-26.3933,-24.5398,-13.8518,20.6561,24.7452,30.4017
S3B_20240811T101148_vs_HYPERNETS_20240811T100100_RHOW_C.csv,MAFR,Hyp,S3B,-1.040456,45.547661999999995,-1.04286,45.55426299999999,0.76,5,2024-08-11T08:01:00Z,2024-08-11T08:11:48Z,11,15,15,0.6508,0.6703,0.5715,0.6809,0.8114,-0.006228,-0.002544,5.47e-4,NA,TRUE,FALSE,0.014753,0.012069,77.5488,-0.429846,-0.36358,-0.282475,0.318363,0.413238,0.437842,-75.3919,-57.129,-39.3729,46.8466,70.4268,77.898
S3B_20240811T101148_vs_HYPERNETS_20240811T101500_RHOW_C.csv,MAFR,Hyp,S3B,-1.040456,45.547661999999995,-1.04286,45.55426299999999,0.76,5,2024-08-11T08:15:00Z,2024-08-11T08:11:48Z,3,15,15,0.6578,0.7139,0.5797,0.6854,0.8103,-0.005976,-0.002482,4.74e-4,NA,TRUE,FALSE,0.014364,0.011767,66.4029,-0.422222,-0.399128,-0.300981,0.337196,0.403916,0.431525,-73.078,-66.4248,-43.1416,50.9001,67.7615,75.9231
S3B_20240819T100418_vs_HYPERNETS_20240819T100000_RHOW_R.csv,MAFR,Hyp,S3B,-1.040456,45.547661999999995,-1.04348,45.55225,0.56,5,2024-08-19T08:00:00Z,2024-08-19T08:04:18Z,4,15,16,0.7436,0.5909,0.6761,0.7595,0.8532,0.00285,0.008732,0.013967,NA,TRUE,TRUE,0.012867,0.009388,39.6308,-0.172413,-0.062026,0.027744,0.062473,0.118528,0.21215,-20.8771,-6.6128,2.7244,6.6637,12.5901,26.9285
S3B_20240819T100418_vs_HYPERNETS_20240819T101500_RHOW_R.csv,MAFR,Hyp,S3B,-1.040456,45.547661999999995,-1.04348,45.55225,0.56,5,2024-08-19T08:15:00Z,2024-08-19T08:04:18Z,11,15,16,0.7772,0.6033,0.7196,0.7868,0.8603,0.007468,0.011649,0.015472,NA,TRUE,TRUE,0.009187,0.008184,42.8011,-0.093635,-0.055558,0.635458,0.073383,0.104253,0.635458,-10.3313,-5.8884,63.5302,7.9208,11.6409,63.5302
S3B_20240822T102645_vs_HYPERNETS_20240822T101500_RHOW_C.csv,MAFR,Hyp,S3B,-1.040456,45.547661999999995,-1.044479,45.55432,0.8,5,2024-08-22T08:15:00Z,2024-08-22T08:26:45Z,12,15,15,0.8401,0.6302,0.8249,0.8405,0.8564,0.021494,0.022539,0.023565,NA,TRUE,TRUE,0.013285,0.012037,34.9573,0.064384,0.239336,0.504816,0.064384,0.239336,0.504816,6.4283,23.9336,50.4739,6.4283,23.9336,50.4739
S3B_20240822T102645_vs_HYPERNETS_20240822T103000_RHOW_C.csv,MAFR,Hyp,S3B,-1.040456,45.547661999999995,-1.044479,45.55432,0.8,5,2024-08-22T08:30:00Z,2024-08-22T08:26:45Z,3,15,15,0.8161,0.5779,0.7766,0.8194,0.8645,0.020512,0.023506,0.026343,NA,TRUE,TRUE,0.013502,0.011518,39.2787,0.046418,0.141204,0.489838,0.046418,0.141204,0.489838,4.6413,14.1204,48.6249,4.6413,14.1204,48.6249
S3B_20240825T104912_vs_HYPERNETS_20240825T104500_RHOW_C.csv,MAFR,Hyp,S3B,-1.040456,45.547661999999995,-1.044803,45.554125,0.8,5,2024-08-25T08:45:00Z,2024-08-25T08:49:12Z,4,15,16,0.8829,0.944,0.7989,0.9045,1.0241,-0.015323,-0.008352,-0.002195,NA,FALSE,TRUE,0.016028,0.014062,29.1473,-0.25813,-0.205669,-0.160624,0.163846,0.216762,0.319605,-34.8572,-25.8935,-19.1362,19.5954,27.6806,39.6374
S3B_20240825T104912_vs_HYPERNETS_20240825T110000_RHOW_C.csv,MAFR,Hyp,S3B,-1.040456,45.547661999999995,-1.044803,45.554125,0.8,5,2024-08-25T09:00:00Z,2024-08-25T08:49:12Z,11,15,16,0.8476,0.9503,0.7807,0.8599,0.9472,-0.013333,-0.008018,-0.003192,NA,TRUE,TRUE,0.018253,0.01671,33.349,-0.312964,-0.269637,-0.219433,0.223908,0.292422,0.342947,-45.5529,-36.9824,-28.1123,28.8512,41.3272,45.5529
S3B_20240826T102302_vs_HYPERNETS_20240826T101500_RHOW_R.csv,MAFR,Hyp,S3B,-1.040456,45.547661999999995,-1.045259,45.552428,0.65,5,2024-08-26T08:15:00Z,2024-08-26T08:23:02Z,8,15,16,0.7614,0.6253,0.682,0.7861,0.9061,-0.003888,-5.91e-4,0.00227,NA,TRUE,FALSE,0.009518,0.007549,86.3073,-0.257019,-0.175966,0.206175,0.177343,0.23559,0.341709,-34.6193,-21.3542,20.6138,21.4048,26.8982,45.9956
S3B_20240826T102302_vs_HYPERNETS_20240826T103000_RHOW_R.csv,MAFR,Hyp,S3B,-1.040456,45.547661999999995,-1.045259,45.552428,0.65,5,2024-08-26T08:30:00Z,2024-08-26T08:23:02Z,7,15,16,0.7716,0.6359,0.6855,0.8031,0.9408,-0.004542,-8.02e-4,0.00239,NA,TRUE,FALSE,0.009371,0.007201,77.7267,-0.250633,-0.142314,0.17797,0.144659,0.240818,0.330982,-33.4685,-16.5929,17.7457,16.6814,26.1032,45.2543
S3B_20240827T095651_vs_HYPERNETS_20240827T094500_RHOW_R.csv,MAFR,Hyp,S3B,-1.040456,45.547661999999995,-1.0472199999999998,45.553802,0.86,5,2024-08-27T07:45:00Z,2024-08-27T07:56:51Z,12,15,15,0.7427,0.5922,0.646,0.7878,0.9606,-0.005744,-0.001221,0.002489,NA,TRUE,FALSE,0.01058,0.007987,107.4807,-0.235061,-0.184985,-0.13658,0.149054,0.194392,0.289846,-30.7783,-22.6971,-15.8193,17.5233,24.1298,40.9748
S3B_20240827T095651_vs_HYPERNETS_20240827T100000_RHOW_R.csv,MAFR,Hyp,S3B,-1.040456,45.547661999999995,-1.0472199999999998,45.553802,0.86,5,2024-08-27T08:00:00Z,2024-08-27T07:56:51Z,3,15,15,0.7991,0.5722,0.6953,0.847,1.0317,-0.005231,-8.21e-4,0.0028,NA,FALSE,FALSE,0.00839,0.005853,127.2543,-0.157265,-0.098814,0.003535,0.097567,0.119439,0.261293,-18.781,-10.9649,0.3528,10.8117,13.5639,30.9618
S3B_20240830T101918_vs_HYPERNETS_20240830T103100_RHOW_C.csv,MAFR,Hyp,S3B,-1.040456,45.547661999999995,-1.0468039999999998,45.553988,0.86,5,2024-08-30T08:31:00Z,2024-08-30T08:19:18Z,12,15,16,0.5483,0.8444,0.4859,0.5723,0.6741,-0.0026,4.69e-4,0.003074,NA,TRUE,FALSE,0.016738,0.012724,53.8855,-0.530297,-0.487472,-0.374597,0.416351,0.492892,0.538423,-112.9088,-95.1127,-60.2085,71.3647,97.2015,116.6499
S3B_20240831T095307_vs_HYPERNETS_20240831T094500_RHOW_R.csv,MAFR,Hyp,S3B,-1.040456,45.547661999999995,-1.0439299999999998,45.553264999999996,0.68,5,2024-08-31T07:45:00Z,2024-08-31T07:53:07Z,8,15,16,0.8091,0.6687,0.7689,0.8129,0.8594,0.002237,0.004169,0.005996,NA,TRUE,TRUE,0.007197,0.005862,56.6447,-0.133533,-0.090355,0.045426,0.094368,0.134203,0.145704,-15.4115,-9.9373,4.4169,10.4233,14.7627,17.0557
S3B_20240831T095307_vs_HYPERNETS_20240831T100000_RHOW_R.csv,MAFR,Hyp,S3B,-1.040456,45.547661999999995,-1.0439299999999998,45.553264999999996,0.68,5,2024-08-31T08:00:00Z,2024-08-31T07:53:07Z,7,15,16,0.8505,0.6815,0.8102,0.8542,0.9005,0.002576,0.004397,0.006124,NA,TRUE,TRUE,0.005027,0.00407,53.3281,-0.086215,-0.030511,0.119659,0.066592,0.087502,0.119659,-9.4349,-3.148,11.8892,7.1551,9.5229,12.4011
S3B_20240902T104144_vs_HYPERNETS_20240902T103000_RHOW_R.csv,MAFR,Hyp,S3B,-1.040456,45.547661999999995,-1.045477,45.55426599999999,0.83,5,2024-09-02T08:30:00Z,2024-09-02T08:41:44Z,12,15,16,0.412,0.1346,0.3582,0.4731,0.6249,0.067505,0.076225,0.082827,NA,TRUE,TRUE,0.051425,0.04596,290.0094,0.31272,0.693549,3.548614,0.31272,0.693549,3.548614,31.2704,69.343,354.575,31.2704,69.343,354.575
S3B_20240914T103028_vs_HYPERNETS_20240914T101500_RHOW_C.csv,MAFR,Hyp,S3B,-1.040456,45.547661999999995,-1.044414,45.554320999999995,0.8,5,2024-09-14T08:15:00Z,2024-09-14T08:30:28Z,15,15,13,0.612,1.229,0.5202,0.6508,0.8141,-0.009182,-0.005492,-0.002542,NA,TRUE,TRUE,0.015752,0.013384,70.6414,-0.837964,-0.766356,-0.574141,0.574141,0.766356,0.837964,-517.1473,-328.0014,-134.8198,134.8198,328.0014,517.1473
S3B_20240914T103028_vs_HYPERNETS_20240914T103000_RHOW_C.csv,MAFR,Hyp,S3B,-1.040456,45.547661999999995,-1.044414,45.554320999999995,0.8,5,2024-09-14T08:30:00Z,2024-09-14T08:30:28Z,0,15,13,0.6296,1.1622,0.5362,0.6678,0.8319,-0.00843,-0.00495,-0.002157,NA,TRUE,TRUE,0.014326,0.011995,67.5614,-0.789499,-0.737842,-0.535248,0.535248,0.737842,0.789499,-375.0573,-281.4495,-115.1685,115.1685,281.4495,375.0573
S3B_20240914T103028_vs_HYPERNETS_20240914T104500_RHOW_C.csv,MAFR,Hyp,S3B,-1.040456,45.547661999999995,-1.044414,45.554320999999995,0.8,5,2024-09-14T08:45:00Z,2024-09-14T08:30:28Z,15,15,13,0.6438,1.1752,0.5486,0.6822,0.8482,-0.008194,-0.004786,-0.002045,NA,TRUE,TRUE,0.013559,0.011309,66.6494,-0.788138,-0.722658,-0.526373,0.526373,0.722658,0.788138,-372.0055,-260.5662,-111.1366,111.1366,260.5662,372.0055
S3B_20240915T100417_vs_HYPERNETS_20240915T100000_RHOW_R.csv,MAFR,Hyp,S3B,-1.040456,45.547661999999995,-1.0452309999999998,45.55458899999999,0.86,5,2024-09-15T08:00:00Z,2024-09-15T08:04:17Z,4,15,16,0.6875,0.8974,0.6079,0.7197,0.852,-0.013982,-0.007096,-0.00128,NA,TRUE,TRUE,0.025221,0.022125,54.7757,-0.526034,-0.463914,-0.374294,0.436849,0.470832,0.547189,-110.9858,-86.5484,-60.1625,77.7054,88.9761,118.8475
S3B_20240915T100417_vs_HYPERNETS_20240915T101500_RHOW_R.csv,MAFR,Hyp,S3B,-1.040456,45.547661999999995,-1.0452309999999998,45.55458899999999,0.86,5,2024-09-15T08:15:00Z,2024-09-15T08:04:17Z,11,15,16,0.64,0.9635,0.5633,0.6746,0.8079,-0.016459,-0.008735,-0.002286,NA,TRUE,TRUE,0.0315,0.027894,55.6125,-0.604266,-0.52195,-0.425882,0.486404,0.544826,0.628361,-152.7016,-109.269,-74.5051,77.858,109.269,152.7016
S3B_20240918T102643_vs_HYPERNETS_20240918T103000_RHOW_C.csv,MAFR,Hyp,S3B,-1.040456,45.547661999999995,-1.048768,45.55092,0.74,5,2024-09-18T08:30:00Z,2024-09-18T08:26:43Z,3,15,14,0.9151,0.3973,0.8469,0.924,1.0082,0.021527,0.026935,0.031893,NA,FALSE,TRUE,0.022684,0.022052,120.4657,0.197463,0.26917,0.674516,0.197463,0.26917,0.674516,19.7439,26.9054,67.2754,19.7439,26.9054,67.2754
S3B_20240919T100031_vs_HYPERNETS_20240919T100000_RHOW_C.csv,MAFR,Hyp,S3B,-1.040456,45.547661999999995,-1.0444989999999998,45.553838,0.76,5,2024-09-19T08:00:00Z,2024-09-19T08:00:31Z,1,15,14,1.0109,0.3967,0.9423,1.0188,1.1014,0.013077,0.018508,0.023531,NA,FALSE,TRUE,0.020255,0.019741,208.1205,0.193454,0.255645,0.589387,0.193454,0.255645,0.589387,19.3449,25.5004,58.8895,19.3449,25.5004,58.8895
S3B_20241004T101142_vs_HYPERNETS_20241004T100000_RHOW_C.csv,MAFR,Hyp,S3B,-1.040456,45.547661999999995,-1.0453209999999997,45.553658,0.77,5,2024-10-04T08:00:00Z,2024-10-04T08:11:42Z,12,15,13,0.9089,1.1735,0.807,0.9309,1.0738,-0.025141,-0.012851,-0.002198,NA,FALSE,TRUE,0.020443,0.018792,24.1223,-0.208722,-0.181641,-0.162957,0.162957,0.181641,0.208722,-26.3778,-22.1958,-19.4681,19.4681,22.1958,26.3778
S3B_20241004T101142_vs_HYPERNETS_20241004T101500_RHOW_C.csv,MAFR,Hyp,S3B,-1.040456,45.547661999999995,-1.0453209999999997,45.553658,0.77,5,2024-10-04T08:15:00Z,2024-10-04T08:11:42Z,3,15,13,0.9188,1.2186,0.8369,0.9308,1.0353,-0.02146,-0.012515,-0.004472,NA,FALSE,TRUE,0.019453,0.018436,24.3664,-0.248301,-0.184716,-0.166774,0.166774,0.184716,0.248301,-33.0319,-22.6566,-20.0155,20.0155,22.6566,33.0319
S3B_20241011T103025_vs_HYPERNETS_20241011T101500_RHOW_R.csv,MAFR,Hyp,S3B,-1.040456,45.547661999999995,-1.0458979999999998,45.55368099999999,0.79,5,2024-10-11T08:15:00Z,2024-10-11T08:30:25Z,15,15,16,0.7115,0.7744,0.6569,0.7212,0.7918,-0.004093,-0.001913,7.2e-5,NA,TRUE,FALSE,0.013205,0.010666,38.9736,-0.383933,-0.321071,-0.133467,0.226436,0.324145,0.392331,-62.32,-47.2909,-15.6987,29.3821,47.9614,64.6079
S3B_20241011T103025_vs_HYPERNETS_20241011T103000_RHOW_R.csv,MAFR,Hyp,S3B,-1.040456,45.547661999999995,-1.0458979999999998,45.55368099999999,0.79,5,2024-10-11T08:30:00Z,2024-10-11T08:30:25Z,0,15,16,0.7432,0.7871,0.6889,0.7521,0.8212,-0.003177,-0.001197,6.15e-4,NA,TRUE,FALSE,0.010802,0.00857,33.9372,-0.301664,-0.260961,2.52e-4,0.207169,0.281109,0.322427,-43.1977,-35.3271,-0.1091,25.0402,39.1134,47.7697
S3B_20241011T103025_vs_HYPERNETS_20241011T104500_RHOW_R.csv,MAFR,Hyp,S3B,-1.040456,45.547661999999995,-1.0458979999999998,45.55368099999999,0.79,5,2024-10-11T08:45:00Z,2024-10-11T08:30:25Z,15,15,16,0.7319,0.7654,0.6737,0.7428,0.819,-0.003544,-0.001321,6.95e-4,NA,TRUE,FALSE,0.011501,0.009089,37.8722,-0.307946,-0.269062,-0.03161,0.200792,0.290206,0.334528,-44.4984,-36.8427,-3.4337,24.4188,40.89,50.5309
S3B_20241018T104909_vs_HYPERNETS_20241018T104500_RHOW_C.csv,MAFR,Hyp,S3B,-1.040456,45.547661999999995,-1.045915,45.555490999999996,0.97,5,2024-10-18T08:45:00Z,2024-10-18T08:49:09Z,4,15,15,0.8369,0.5439,0.741,0.868,1.0169,0.022534,0.033164,0.042238,NA,FALSE,TRUE,0.026167,0.023743,64.7019,0.130501,0.304847,0.87659,0.130501,0.304847,0.87659,13.0501,30.4847,85.6636,13.0501,30.4847,85.6636
S3B_20241018T104909_vs_HYPERNETS_20241018T110000_RHOW_C.csv,MAFR,Hyp,S3B,-1.040456,45.547661999999995,-1.045915,45.555490999999996,0.97,5,2024-10-18T09:00:00Z,2024-10-18T08:49:09Z,11,15,15,0.8171,0.6046,0.7057,0.8803,1.098,0.014243,0.030284,0.043145,NA,FALSE,TRUE,0.025852,0.021461,49.5846,0.112163,0.222922,0.70234,0.112163,0.222922,0.70234,11.2162,22.2922,70.1356,11.2162,22.2922,70.1356
S3B_20241022T104525_vs_HYPERNETS_20241022T103000_RHOW_C.csv,MAFR,Hyp,S3B,-1.040456,45.547661999999995,-1.0455459999999999,45.554936999999995,0.9,5,2024-10-22T08:30:00Z,2024-10-22T08:45:25Z,15,15,16,0.8771,0.849,0.8001,0.8941,0.9991,-0.00751,-6.38e-4,0.005511,NA,TRUE,FALSE,0.011444,0.009694,21.0184,-0.207151,-0.081633,0.116035,0.101898,0.147658,0.24484,-26.1532,-8.8889,11.5957,10.3722,15.8948,32.4589
S3B_20241022T104525_vs_HYPERNETS_20241022T104500_RHOW_C.csv,MAFR,Hyp,S3B,-1.040456,45.547661999999995,-1.0455459999999999,45.554936999999995,0.9,5,2024-10-22T08:45:00Z,2024-10-22T08:45:25Z,0,15,16,0.827,0.786,0.7857,0.831,0.879,-0.007526,-0.003956,-5.81e-4,NA,TRUE,TRUE,0.018498,0.017164,34.5658,-0.262799,-0.22074,-0.200115,0.20096,0.227763,0.282152,-35.6556,-28.3293,-25.0181,25.1501,29.4945,39.3208
S3B_20241022T104525_vs_HYPERNETS_20241022T110000_RHOW_C.csv,MAFR,Hyp,S3B,-1.040456,45.547661999999995,-1.0455459999999999,45.554936999999995,0.9,5,2024-10-22T09:00:00Z,2024-10-22T08:45:25Z,15,15,16,0.781,0.8243,0.7116,0.7967,0.8921,-0.010621,-0.003298,0.003242,NA,TRUE,FALSE,0.022511,0.019363,29.0023,-0.31874,-0.201652,-0.134002,0.14977,0.214891,0.36132,-46.8334,-25.2586,-15.4828,17.6177,27.3882,56.6758
S3B_20241031T101146_vs_HYPERNETS_20241031T100000_RHOW_C.csv,MAFR,Hyp,S3B,-1.040456,45.547661999999995,-1.0458609999999997,45.555091,0.93,5,2024-10-31T09:00:00Z,2024-10-31T09:11:46Z,12,15,14,0.7752,0.7488,0.6857,0.7996,0.9324,-0.018382,-0.007327,0.002153,NA,TRUE,FALSE,0.027544,0.024789,40.2039,-0.308765,-0.268874,-0.227347,0.231452,0.283417,0.358378,-44.6737,-36.7756,-29.4242,30.1186,39.5757,55.9858
S3B_20241031T101146_vs_HYPERNETS_20241031T101500_RHOW_C.csv,MAFR,Hyp,S3B,-1.040456,45.547661999999995,-1.0458609999999997,45.555091,0.93,5,2024-10-31T09:15:00Z,2024-10-31T09:11:46Z,3,15,14,0.8011,0.7634,0.6967,0.839,1.0104,-0.01613,-0.003347,0.007267,NA,FALSE,FALSE,0.020616,0.016059,26.9969,-0.223705,-0.139066,-0.064228,0.074301,0.142559,0.318533,-28.8827,-16.1532,-6.8645,8.0293,16.6263,47.0664
S3B_20241103T103414_vs_HYPERNETS_20241103T104500_RHOW_R.csv,MAFR,Hyp,S3B,-1.040456,45.547661999999995,-1.046148,45.55407099999999,0.84,5,2024-11-03T09:45:00Z,2024-11-03T09:34:14Z,11,15,15,0.8343,0.4345,0.7389,0.8649,1.0123,-0.021529,-0.009875,8.1e-5,NA,FALSE,FALSE,0.024113,0.021826,297.571,-0.313246,-0.198118,-0.17472,0.18778,0.211753,0.432733,-46.4321,-24.7066,-21.1726,23.1267,26.8638,76.8903
S3B_20241110T105255_vs_HYPERNETS_20241110T110000_RHOW_R.csv,MAFR,Hyp,S3B,-1.040456,45.547661999999995,-1.04538,45.555126,0.92,5,2024-11-10T10:00:00Z,2024-11-10T09:52:55Z,7,15,16,0.3877,0.0296,0.3844,0.5825,0.8829,0.158212,0.165491,0.170294,NA,TRUE,TRUE,0.156154,0.155374,3588.6814,4.759856,7.437395,43.448845,4.759856,7.437395,43.448845,472.0739,730.213,4344.4201,472.0739,730.213,4344.4201
S3B_20241112T100032_vs_HYPERNETS_20241112T100000_RHOW_C.csv,MAFR,Hyp,S3B,-1.040456,45.547661999999995,-1.0447170000000001,45.551975,0.58,5,2024-11-12T09:00:00Z,2024-11-12T09:00:32Z,1,15,10,0.6143,0.6506,0.487,0.6689,0.9188,-0.021097,-0.006381,0.004333,NA,TRUE,FALSE,0.029225,0.027221,81.0755,-0.524392,-0.413538,-0.3848,0.398201,0.451556,0.653532,-110.543,-70.534,-62.5578,66.1715,82.5904,193.3299
S3B_20241112T100032_vs_HYPERNETS_20241112T101500_RHOW_C.csv,MAFR,Hyp,S3B,-1.040456,45.547661999999995,-1.0447170000000001,45.551975,0.58,5,2024-11-12T09:15:00Z,2024-11-12T09:00:32Z,14,15,10,0.5993,0.652,0.472,0.6603,0.9237,-0.02073,-0.0054,0.005557,NA,TRUE,FALSE,0.028954,0.026515,81.5055,-0.526496,-0.390787,-0.369264,0.374126,0.42477,0.665021,-112.0432,-64.1612,-58.5451,59.7814,74.0178,203.5991
S3B_20241114T104910_vs_HYPERNETS_20241114T104500_RHOW_R.csv,MAFR,Hyp,S3B,-1.040456,45.547661999999995,-1.04683,45.553932,0.86,5,2024-11-14T09:45:00Z,2024-11-14T09:49:10Z,4,15,15,0.601,0.1815,0.5501,0.6102,0.677,0.117337,0.121543,0.125333,NA,TRUE,TRUE,0.097965,0.096974,263.2676,0.811906,1.65758,3.44176,0.811906,1.65758,3.44176,81.1898,165.758,344.0605,81.1898,165.758,344.0605
S3B_20241114T104910_vs_HYPERNETS_20241114T110000_RHOW_R.csv,MAFR,Hyp,S3B,-1.040456,45.547661999999995,-1.04683,45.553932,0.86,5,2024-11-14T10:00:00Z,2024-11-14T09:49:10Z,11,15,15,0.4835,0.1787,0.4432,0.4906,0.5431,0.117295,0.121425,0.125155,NA,TRUE,TRUE,0.084265,0.081366,194.0597,0.457601,1.133896,2.533532,0.457601,1.133896,2.533532,45.76,113.3896,253.2534,45.76,113.3896,253.2534
S3B_20241115T102300_vs_HYPERNETS_20241115T101500_RHOW_C.csv,MAFR,Hyp,S3B,-1.040456,45.547661999999995,-1.045988,45.554818999999995,0.91,5,2024-11-15T09:15:00Z,2024-11-15T09:23:00Z,8,15,15,1.0224,0.9136,0.9568,1.0303,1.1095,0.001334,0.00639,0.011086,NA,FALSE,TRUE,0.009486,0.008328,17.9547,0.078883,0.105105,0.191997,0.078883,0.105105,0.191997,7.8876,10.5105,19.1994,7.8876,10.5105,19.1994
S3B_20241115T102300_vs_HYPERNETS_20241115T103000_RHOW_C.csv,MAFR,Hyp,S3B,-1.040456,45.547661999999995,-1.045988,45.554818999999995,0.91,5,2024-11-15T09:30:00Z,2024-11-15T09:23:00Z,7,15,15,0.7883,0.9654,0.7274,0.7978,0.8752,-0.001409,0.00509,0.011016,NA,TRUE,FALSE,0.016282,0.014052,17.8891,-0.199576,-0.174416,-0.098686,0.167269,0.184797,0.208597,-24.9353,-21.1263,-11.0141,18.4833,22.6688,26.3603
S3B_20241116T095650_vs_HYPERNETS_20241116T100000_RHOW_C.csv,MAFR,Hyp,S3B,-1.040456,45.547661999999995,-1.050942,45.553318000000004,1.03,5,2024-11-16T09:00:00Z,2024-11-16T08:56:50Z,3,15,13,1.0499,0.5946,0.8845,1.1344,1.455,0.009517,0.029135,0.044431,NA,FALSE,TRUE,0.039616,0.037364,96.8453,0.375916,0.634516,0.823232,0.375916,0.634516,0.823232,37.5916,63.4516,82.3232,37.5916,63.4516,82.3232
S3B_20241204T103028_vs_HYPERNETS_20241204T101500_RHOW_R.csv,MAFR,Hyp,S3B,-1.040456,45.547661999999995,-1.0459189999999998,45.55490699999999,0.91,5,2024-12-04T09:15:00Z,2024-12-04T09:30:28Z,15,15,16,0.8099,0.7055,0.7243,0.8373,0.968,-0.016661,-0.007418,5.76e-4,NA,TRUE,FALSE,0.022361,0.019803,57.9629,-0.367623,-0.211873,-0.166875,0.185088,0.220196,0.470739,-58.4276,-26.8847,-20.0436,22.7163,28.2394,90.5795
S3B_20241204T103028_vs_HYPERNETS_20241204T103000_RHOW_R.csv,MAFR,Hyp,S3B,-1.040456,45.547661999999995,-1.0459189999999998,45.55490699999999,0.91,5,2024-12-04T09:30:00Z,2024-12-04T09:30:28Z,0,15,16,0.7565,0.808,0.6746,0.7844,0.9122,-0.017204,-0.007538,7.74e-4,NA,TRUE,FALSE,0.027785,0.024571,46.2881,-0.413959,-0.262172,-0.209814,0.221769,0.27063,0.509873,-70.9583,-35.5345,-26.5856,28.4966,37.108,105.7933
S3B_20241204T103028_vs_HYPERNETS_20241204T104500_RHOW_R.csv,MAFR,Hyp,S3B,-1.040456,45.547661999999995,-1.0459189999999998,45.55490699999999,0.91,5,2024-12-04T09:45:00Z,2024-12-04T09:30:28Z,15,15,16,0.7675,0.7889,0.6799,0.8015,0.9447,-0.01852,-0.007856,0.001192,NA,TRUE,FALSE,0.026775,0.023374,45.8951,-0.416094,-0.244947,-0.176076,0.193395,0.254956,0.513943,-71.5986,-32.4428,-21.4056,23.9775,34.2248,107.6358
S3B_20241211T104911_vs_HYPERNETS_20241211T104500_RHOW_R.csv,MAFR,Hyp,S3B,-1.040456,45.547661999999995,-1.0448979999999999,45.554694999999995,0.86,5,2024-12-11T09:45:00Z,2024-12-11T09:49:11Z,4,15,16,0.8149,0.3432,0.7162,0.8612,1.0356,0.021045,0.032905,0.042767,NA,FALSE,TRUE,0.027505,0.023468,152.0187,0.141412,0.227163,1.370445,0.141412,0.227163,1.370445,14.1265,22.7131,136.9843,14.1265,22.7131,136.9843
S3B_20241211T104911_vs_HYPERNETS_20241211T110000_RHOW_R.csv,MAFR,Hyp,S3B,-1.040456,45.547661999999995,-1.0448979999999999,45.554694999999995,0.86,5,2024-12-11T10:00:00Z,2024-12-11T09:49:11Z,11,15,16,0.8577,0.3262,0.7505,0.9146,1.1145,0.020604,0.033314,0.043745,NA,FALSE,TRUE,0.031221,0.027882,187.0789,0.212194,0.308871,1.652022,0.212194,0.308871,1.652022,21.179,30.8835,165.1386,21.179,30.8835,165.1386
S3B_20241212T102300_vs_HYPERNETS_20241212T101500_RHOW_R.csv,MAFR,Hyp,S3B,-1.040456,45.547661999999995,-1.0457989999999997,45.554612999999996,0.88,5,2024-12-12T09:15:00Z,2024-12-12T09:23:00Z,8,15,16,0.8223,0.9721,0.7524,0.8368,0.9308,-0.018714,-0.012134,-0.006219,NA,TRUE,TRUE,0.02559,0.024031,46.2147,-0.436871,-0.374216,-0.256816,0.262408,0.417369,0.487358,-77.6196,-60.0951,-34.5562,35.5775,71.642,89.852
S3B_20241212T102300_vs_HYPERNETS_20241212T103000_RHOW_R.csv,MAFR,Hyp,S3B,-1.040456,45.547661999999995,-1.0457989999999997,45.554612999999996,0.88,5,2024-12-12T09:30:00Z,2024-12-12T09:23:00Z,7,15,16,0.8063,0.8831,0.7376,0.8207,0.9131,-0.018313,-0.011755,-0.00586,NA,TRUE,TRUE,0.026694,0.025073,52.0603,-0.449737,-0.378492,-0.270376,0.275966,0.421683,0.496899,-81.7712,-61.1987,-37.0569,38.1164,72.9229,99.7245
S3B_20241215T104526_vs_HYPERNETS_20241215T103000_RHOW_C.csv,MAFR,Hyp,S3B,-1.040456,45.547661999999995,-1.046678,45.553323,0.8,5,2024-12-15T09:30:00Z,2024-12-15T09:45:26Z,15,15,15,0.6166,1.1381,0.5823,0.62,0.6602,-0.008542,-0.00529,-0.002235,NA,TRUE,TRUE,0.039738,0.036043,46.873,-0.522167,-0.426626,-0.416284,0.416284,0.426626,0.522167,-109.5642,-74.4062,-71.3162,71.3162,74.4062,109.5642
S3B_20241215T104526_vs_HYPERNETS_20241215T104500_RHOW_C.csv,MAFR,Hyp,S3B,-1.040456,45.547661999999995,-1.046678,45.553323,0.8,5,2024-12-15T09:45:00Z,2024-12-15T09:45:26Z,0,15,16,0.5831,0.6891,0.5271,0.5978,0.678,-0.009029,-0.002922,0.002462,NA,TRUE,FALSE,0.039043,0.034271,58.1736,-0.547708,-0.41117,-0.361984,0.367817,0.423033,0.597146,-121.3742,-69.8286,-56.738,58.1829,73.349,148.5134
S3B_20241215T104526_vs_HYPERNETS_20241215T110000_RHOW_C.csv,MAFR,Hyp,S3B,-1.040456,45.547661999999995,-1.046678,45.553323,0.8,5,2024-12-15T10:00:00Z,2024-12-15T09:45:26Z,15,15,16,0.5807,0.6221,0.5225,0.5974,0.683,-0.009902,-0.003321,0.002436,NA,TRUE,FALSE,0.039781,0.035083,67.9102,-0.555243,-0.413229,-0.365871,0.369943,0.42473,0.606545,-125.1508,-70.4243,-57.6987,58.7161,73.8628,154.5144
S3B_20241216T101915_vs_HYPERNETS_20241216T101500_RHOW_C.csv,MAFR,Hyp,S3B,-1.040456,45.547661999999995,-1.048568,45.55489899999999,1.02,5,2024-12-16T09:15:00Z,2024-12-16T09:19:15Z,4,15,13,0.8267,0.6142,0.7842,0.8297,0.878,0.022498,0.02628,0.029854,NA,TRUE,TRUE,0.01469,0.012932,32.0149,0.050408,0.167258,0.446586,0.050408,0.167258,0.446586,5.0408,16.7258,44.6586,5.0408,16.7258,44.6586
S3B_20241216T101915_vs_HYPERNETS_20241216T103000_RHOW_C.csv,MAFR,Hyp,S3B,-1.040456,45.547661999999995,-1.048568,45.55489899999999,1.02,5,2024-12-16T09:30:00Z,2024-12-16T09:19:15Z,11,15,13,0.8121,0.437,0.7826,0.8134,0.8455,0.029529,0.031875,0.034131,NA,TRUE,TRUE,0.019668,0.018239,77.8774,0.103421,0.188982,0.597534,0.103421,0.188982,0.597534,10.3421,18.8982,59.7534,10.3421,18.8982,59.7534
S3B_20241220T101530_vs_HYPERNETS_20241220T101500_RHOW_C.csv,MAFR,Hyp,S3B,-1.040456,45.547661999999995,-1.0452629999999998,45.554213999999995,0.82,5,2024-12-20T09:15:00Z,2024-12-20T09:15:30Z,0,15,14,0.7694,0.7784,0.6713,0.8031,0.9608,-0.019038,-0.007933,0.001349,NA,TRUE,FALSE,0.025647,0.022527,43.394,-0.365627,-0.308598,-0.225221,0.231893,0.341042,0.407524,-57.662,-44.7807,-29.0693,30.1962,51.7551,68.8802
S3B_20241223T103757_vs_HYPERNETS_20241223T103000_RHOW_R.csv,MAFR,Hyp,S3B,-1.040456,45.547661999999995,-1.045257,45.554338,0.83,5,2024-12-23T09:30:00Z,2024-12-23T09:37:57Z,8,15,11,0.5262,1.7111,0.4435,0.5491,0.6799,-0.021705,-0.010579,-0.001593,NA,TRUE,TRUE,0.054233,0.048938,65.5774,-0.741523,-0.579506,-0.515132,0.515132,0.579506,0.741523,-287.3968,-137.8154,-106.2594,106.2594,137.8154,287.3968
S3B_20241223T103757_vs_HYPERNETS_20241223T104500_RHOW_R.csv,MAFR,Hyp,S3B,-1.040456,45.547661999999995,-1.045257,45.554338,0.83,5,2024-12-23T09:45:00Z,2024-12-23T09:37:57Z,7,15,11,0.6166,1.623,0.5193,0.6437,0.7978,-0.022356,-0.011056,-0.001939,NA,TRUE,TRUE,0.040881,0.037178,59.4697,-0.666392,-0.521075,-0.438252,0.438252,0.521075,0.666392,-202.8575,-108.8009,-78.0336,78.0336,108.8009,202.8575
S3B_20250611T103037_vs_HYPERNETS_20250611T103000_RHOW_R.csv,MAFR,Hyp,S3B,-1.040456,45.547661999999995,-1.045352,45.553777,0.78,5,2025-06-11T08:30:00Z,2025-06-11T08:30:37Z,1,15,16,0.7672,0.9605,0.6865,0.7929,0.9157,-0.013207,-0.006535,-7.59e-4,NA,TRUE,TRUE,0.020882,0.017808,33.7518,-0.34296,-0.255116,-0.220111,0.220111,0.255116,0.34296,-52.3068,-34.2571,-28.2267,28.2267,34.2571,52.3068
S3B_20250616T100043_vs_HYPERNETS_20250616T100000_RHOW_R.csv,MAFR,Hyp,S3B,-1.040456,45.547661999999995,-1.0454139999999998,45.552412000000004,0.65,5,2025-06-16T08:00:00Z,2025-06-16T08:00:43Z,1,15,16,0.6436,0.6366,0.5669,0.6777,0.8101,-0.007993,-0.002132,0.002771,NA,TRUE,FALSE,0.020639,0.017394,56.1783,-0.384616,-0.348155,-0.050797,0.230777,0.361616,0.439105,-62.5248,-53.4307,-5.3691,30.9755,56.6472,79.5112
S3B_20250616T100043_vs_HYPERNETS_20250616T101500_RHOW_R.csv,MAFR,Hyp,S3B,-1.040456,45.547661999999995,-1.0454139999999998,45.552412000000004,0.65,5,2025-06-16T08:15:00Z,2025-06-16T08:00:43Z,14,15,16,0.7299,0.6275,0.6487,0.7593,0.8889,-0.00578,-8.79e-4,0.003309,NA,TRUE,FALSE,0.013593,0.011955,65.1213,-0.279357,-0.251713,0.179896,0.231661,0.265055,0.332843,-38.7799,-33.6393,17.9623,27.6975,34.6179,50.5731
S3B_20250623T101926_vs_HYPERNETS_20250623T103000_RHOW_R.csv,MAFR,Hyp,S3B,-1.040456,45.547661999999995,-1.0458389999999997,45.553926,0.81,5,2025-06-23T08:30:00Z,2025-06-23T08:19:26Z,11,15,16,0.4768,0.7927,0.4226,0.4977,0.5862,-0.006062,-0.00284,-1.04e-4,NA,TRUE,TRUE,0.025289,0.0214,65.8845,-0.659858,-0.60627,-0.543277,0.561781,0.62803,0.671242,-194.0277,-154.0051,-119.0096,128.2262,154.0051,194.0277
S3B_20250627T101542_vs_HYPERNETS_20250627T101500_RHOW_C.csv,MAFR,Hyp,S3B,-1.040456,45.547661999999995,-1.0453999999999999,45.55448699999999,0.85,5,2025-06-27T08:15:00Z,2025-06-27T08:15:42Z,1,15,16,0.9189,0.7532,0.8673,0.9247,0.986,-0.008087,-0.004169,-4.94e-4,NA,TRUE,TRUE,0.010245,0.009956,35.5171,-0.225058,-0.136323,-0.108668,0.117216,0.180866,0.234718,-29.0436,-15.7889,-12.1918,13.2794,22.2025,30.6739
S3B_20250627T101542_vs_HYPERNETS_20250627T103000_RHOW_C.csv,MAFR,Hyp,S3B,-1.040456,45.547661999999995,-1.0453999999999999,45.55448699999999,0.85,5,2025-06-27T08:30:00Z,2025-06-27T08:15:42Z,14,15,16,0.8348,0.7065,0.7879,0.8401,0.8959,-0.007552,-0.00366,-1.1e-5,NA,TRUE,TRUE,0.016766,0.015838,45.1494,-0.277045,-0.211667,-0.190363,0.192256,0.239408,0.282416,-38.3212,-26.8772,-23.5128,23.8016,31.4912,39.367
S3B_20250708T103041_vs_HYPERNETS_20250708T103000_RHOW_R.csv,MAFR,Hyp,S3B,-1.040456,45.547661999999995,-1.04404,45.554592,0.82,5,2025-07-08T08:30:00Z,2025-07-08T08:30:41Z,1,15,16,0.6922,0.6888,0.6333,0.7045,0.7838,-0.003122,-0.001225,4.79e-4,NA,TRUE,FALSE,0.010446,0.008588,51.5915,-0.427566,-0.340258,-0.077838,0.217818,0.380185,0.431424,-74.694,-51.8224,-8.4432,28.4537,61.3396,75.8781
S3B_20250708T103041_vs_HYPERNETS_20250708T104500_RHOW_R.csv,MAFR,Hyp,S3B,-1.040456,45.547661999999995,-1.04404,45.554592,0.82,5,2025-07-08T08:45:00Z,2025-07-08T08:30:41Z,14,15,16,0.713,0.724,0.6504,0.7268,0.8122,-0.003471,-0.001463,3.33e-4,NA,TRUE,FALSE,0.00984,0.00814,46.3575,-0.427937,-0.312615,-0.137425,0.219909,0.372417,0.42929,-74.8061,-45.7304,-15.9321,28.415,59.4179,75.2203
S3B_20250709T100431_vs_HYPERNETS_20250709T100000_RHOW_C.csv,MAFR,Hyp,S3B,-1.040456,45.547661999999995,-1.0429279999999999,45.551939999999995,0.51,5,2025-07-09T08:00:00Z,2025-07-09T08:04:31Z,5,15,14,0.7452,0.5155,0.6485,0.7799,0.9378,-0.002586,9.25e-4,0.003844,NA,TRUE,FALSE,0.007828,0.00621,155.9057,-0.221427,-0.132554,0.696668,0.204707,0.282501,0.742423,-28.4417,-15.3027,69.1046,25.7433,38.8367,82.4863
S3B_20250712T102657_vs_HYPERNETS_20250712T101500_RHOW_R.csv,MAFR,Hyp,S3B,-1.040456,45.547661999999995,-1.0454109999999999,45.55368399999999,0.77,5,2025-07-12T08:15:00Z,2025-07-12T08:26:57Z,12,15,16,0.9714,0.8623,0.8686,1.0044,1.1613,-0.009986,-0.004568,1.18e-4,NA,FALSE,FALSE,0.007598,0.00484,25.8129,-0.145737,-0.033254,-0.017781,0.023846,0.045834,0.231318,-17.1134,-3.4409,-1.8106,2.4432,4.7437,30.7067
S3B_20250712T102657_vs_HYPERNETS_20250712T103000_RHOW_R.csv,MAFR,Hyp,S3B,-1.040456,45.547661999999995,-1.0454109999999999,45.55368399999999,0.77,5,2025-07-12T08:30:00Z,2025-07-12T08:26:57Z,3,15,16,0.896,0.8887,0.804,0.9236,1.0611,-0.010742,-0.005451,-8.45e-4,NA,FALSE,TRUE,0.010595,0.008617,32.303,-0.234807,-0.183043,-0.12848300000000001,0.137343,0.189831,0.291521,-30.6964,-22.4059,-14.7426,15.9226,23.4329,41.8843
S3B_20250716T102313_vs_HYPERNETS_20250716T101500_RHOW_C.csv,MAFR,Hyp,S3B,-1.040456,45.547661999999995,-1.040883,45.55414699999999,0.72,5,2025-07-16T08:15:00Z,2025-07-16T08:23:13Z,8,15,16,1.0524,0.6482,0.9307,1.1015,1.3036,-0.003587,0.001575,0.005937,NA,FALSE,FALSE,0.007818,0.006621,97.7762,0.032138,0.402884,0.940304,0.255505,0.422588,0.940304,3.1959,40.2846,94.0257,25.4651,47.429,94.0257
S3B_20250716T102313_vs_HYPERNETS_20250716T103000_RHOW_C.csv,MAFR,Hyp,S3B,-1.040456,45.547661999999995,-1.040883,45.55414699999999,0.72,5,2025-07-16T08:30:00Z,2025-07-16T08:23:13Z,7,15,16,0.9016,0.7385,0.8155,0.9238,1.0465,-0.005073,-9.97e-4,0.002602,NA,FALSE,FALSE,0.006423,0.004377,37.2695,-0.133853,-0.015404,0.075646,0.029476,0.089805,0.189764,-15.4768,-1.5657,7.5644,2.9687,8.9757,23.6231
S3B_20250724T101543_vs_HYPERNETS_20250724T101500_RHOW_C.csv,MAFR,Hyp,S3B,-1.040456,45.547661999999995,-1.0456739999999998,45.553025,0.72,5,2025-07-24T08:15:00Z,2025-07-24T08:15:43Z,1,15,16,0.8185,0.6369,0.7552,0.8299,0.9119,5.64e-4,0.004651,0.008371,NA,TRUE,TRUE,0.008151,0.007682,41.2432,-0.134952,-0.105857,0.244098,0.109343,0.171322,0.316706,-15.6075,-11.8389,24.3332,12.2769,19.826,34.2849
S3B_20250724T101543_vs_HYPERNETS_20250724T103000_RHOW_C.csv,MAFR,Hyp,S3B,-1.040456,45.547661999999995,-1.0456739999999998,45.553025,0.72,5,2025-07-24T08:30:00Z,2025-07-24T08:15:43Z,14,15,16,0.8231,0.5885,0.7364,0.8506,0.9825,1.66e-4,0.006319,0.011647,NA,TRUE,TRUE,0.008624,0.007501,55.6162,-0.162227,-0.002749,0.62992,0.10606,0.192167,0.62992,-19.3716,-0.276,62.9157,11.9494,23.8061,62.9157
S3B_20250727T103810_vs_HYPERNETS_20250727T104500_RHOW_C.csv,MAFR,Hyp,S3B,-1.040456,45.547661999999995,-1.0458309999999997,45.549609,0.47,5,2025-07-27T08:45:00Z,2025-07-27T08:38:10Z,7,15,16,0.6131,0.1453,0.5566,0.7961,1.1388,0.027977,0.047882,0.061798,NA,FALSE,TRUE,0.042028,0.036041,392.788,0.253567,0.401036,1.580886,0.253567,0.401036,1.580886,25.3567,40.0618,157.9415,25.3567,40.0618,157.9415
S3B_20250728T101159_vs_HYPERNETS_20250728T101500_RHOW_C.csv,MAFR,Hyp,S3B,-1.040456,45.547661999999995,-1.042618,45.552485,0.56,5,2025-07-28T08:15:00Z,2025-07-28T08:11:59Z,3,15,13,0.495,0.8128,0.437,0.5086,0.5919,-0.007646,-0.002752,0.001453,NA,TRUE,FALSE,0.036184,0.031759,54.389,-0.584852,-0.566343,-0.530843,0.530843,0.566343,0.584852,-140.8777,-130.5968,-113.1483,113.1483,130.5968,140.8777
S3B_20250807T105309_vs_HYPERNETS_20250807T104500_RHOW_C.csv,MAFR,Hyp,S3B,-1.040456,45.547661999999995,-1.046344,45.55422699999999,0.86,5,2025-08-07T08:45:00Z,2025-08-07T08:53:09Z,8,15,16,0.8586,0.7577,0.7844,0.8746,0.9751,-0.001992,2.71e-4,0.002301,NA,TRUE,FALSE,0.004975,0.003467,39.0075,-0.166015,0.002451,0.26281,0.07619,0.222892,0.389039,-19.9168,0.2451,26.2805,7.7026,24.3799,43.4789
S3B_20250807T105309_vs_HYPERNETS_20250807T110000_RHOW_C.csv,MAFR,Hyp,S3B,-1.040456,45.547661999999995,-1.046344,45.55422699999999,0.86,5,2025-08-07T09:00:00Z,2025-08-07T08:53:09Z,7,15,16,0.8045,0.8232,0.7415,0.816,0.898,-0.004779,-0.00252,-4.67e-4,NA,TRUE,TRUE,0.009088,0.007812,41.968,-0.321287,-0.278457,-0.223511,0.230223,0.294223,0.331548,-47.3403,-38.592,-28.7943,29.9078,41.7196,49.6041
S3B_20250808T102658_vs_HYPERNETS_20250808T101500_RHOW_R.csv,MAFR,Hyp,S3B,-1.040456,45.547661999999995,-1.046146,45.55480599999999,0.91,5,2025-08-08T08:15:00Z,2025-08-08T08:26:58Z,12,15,16,0.7692,0.7634,0.6929,0.7905,0.9018,-0.007986,-0.003744,-2.7e-5,NA,TRUE,TRUE,0.014126,0.01215,45.774,-0.313269,-0.271835,-0.185774,0.228017,0.28998,0.343313,-45.6188,-37.335,-22.8228,29.5859,40.8646,52.6286
S3B_20250808T102658_vs_HYPERNETS_20250808T103000_RHOW_R.csv,MAFR,Hyp,S3B,-1.040456,45.547661999999995,-1.046146,45.55480599999999,0.91,5,2025-08-08T08:30:00Z,2025-08-08T08:26:58Z,3,15,16,0.7861,0.6911,0.7028,0.8131,0.9406,-0.006354,-0.001914,0.001923,NA,TRUE,FALSE,0.011449,0.009472,48.5064,-0.243058,-0.188526,0.147147,0.19176,0.250601,0.34267,-32.1431,-23.2364,14.5125,23.7286,27.6257,44.6559
S3B_20250809T100047_vs_HYPERNETS_20250809T100000_RHOW_R.csv,MAFR,Hyp,S3B,-1.040456,45.547661999999995,-1.046586,45.552752000000005,0.74,5,2025-08-09T08:00:00Z,2025-08-09T08:00:47Z,1,15,14,0.7527,0.6307,0.6656,0.7766,0.9062,-0.008617,-0.001805,0.004033,NA,TRUE,FALSE,0.01659,0.01472,54.5107,-0.274111,-0.254418,-0.217661,0.225237,0.263997,0.287766,-37.7633,-34.1278,-27.8218,29.087,35.8706,40.4098
S3B_20250809T100047_vs_HYPERNETS_20250809T101500_RHOW_R.csv,MAFR,Hyp,S3B,-1.040456,45.547661999999995,-1.046586,45.552752000000005,0.74,5,2025-08-09T08:15:00Z,2025-08-09T08:00:47Z,14,15,14,0.7488,0.6648,0.6579,0.7765,0.9165,-0.008106,-9.06e-4,0.005195,NA,TRUE,FALSE,0.015895,0.013486,42.8545,-0.244278,-0.220427,-0.151428,0.15856,0.235102,0.266211,-32.3243,-28.2978,-17.8464,18.8439,30.7365,36.2968
S3B_20250811T104924_vs_HYPERNETS_20250811T104500_RHOW_C.csv,MAFR,Hyp,S3B,-1.040456,45.547661999999995,-1.0437229999999997,45.55433,0.78,5,2025-08-11T08:45:00Z,2025-08-11T08:49:24Z,4,15,15,0.9285,1.081,0.8423,0.9469,1.0645,-0.010344,-0.00313,0.003288,NA,FALSE,FALSE,0.008908,0.006985,13.2862,-0.240898,-0.113503,0.011204,0.025705,0.113503,0.240898,-32.1492,-12.8036,1.1179,2.5698,12.8036,32.1492
S3B_20250811T104924_vs_HYPERNETS_20250811T110000_RHOW_C.csv,MAFR,Hyp,S3B,-1.040456,45.547661999999995,-1.0437229999999997,45.55433,0.78,5,2025-08-11T09:00:00Z,2025-08-11T08:49:24Z,11,15,15,0.9064,1.0326,0.7986,0.9447,1.1176,-0.01341,-0.002834,0.006106,NA,FALSE,FALSE,0.010804,0.00931,18.2116,-0.284722,-0.118282,0.081185,0.094403,0.13031,0.284722,-40.6187,-13.415,8.1179,9.4362,14.9835,40.6187
S3B_20250812T102313_vs_HYPERNETS_20250812T101500_RHOW_C.csv,MAFR,Hyp,S3B,-1.040456,45.547661999999995,-1.047447,45.553079999999994,0.81,5,2025-08-12T08:15:00Z,2025-08-12T08:23:13Z,8,15,13,0.5651,0.7949,0.4741,0.6169,0.8026,-0.016656,-0.005468,0.003131,NA,TRUE,FALSE,0.033485,0.028714,47.7852,-0.473683,-0.442804,-0.404176,0.404176,0.442804,0.473683,-89.9997,-79.4699,-67.8348,67.8348,79.4699,89.9997
S3B_20250812T102313_vs_HYPERNETS_20250812T103000_RHOW_C.csv,MAFR,Hyp,S3B,-1.040456,45.547661999999995,-1.047447,45.553079999999994,0.81,5,2025-08-12T08:30:00Z,2025-08-12T08:23:13Z,7,15,13,0.5674,0.8045,0.4791,0.6104,0.7778,-0.017056,-0.006567,0.001665,NA,TRUE,FALSE,0.035454,0.031152,50.7141,-0.533885,-0.441517,-0.430344,0.430344,0.441517,0.533885,-114.5392,-79.0565,-75.5445,75.5445,79.0565,114.5392
S3B_20250815T104540_vs_HYPERNETS_20250815T104500_RHOW_R.csv,MAFR,Hyp,S3B,-1.040456,45.547661999999995,-1.0444520000000002,45.55266399999999,0.64,5,2025-08-15T08:45:00Z,2025-08-15T08:45:40Z,1,15,14,0.6078,0.9262,0.5229,0.6459,0.7979,-0.006728,-0.002104,0.00164,NA,TRUE,FALSE,0.016497,0.012879,40.241,-0.437606,-0.381303,-0.324819,0.324819,0.381303,0.437606,-77.8999,-61.6338,-48.1094,48.1094,61.6338,77.8999
S3B_20250815T104540_vs_HYPERNETS_20250815T110000_RHOW_R.csv,MAFR,Hyp,S3B,-1.040456,45.547661999999995,-1.0444520000000002,45.55266399999999,0.64,5,2025-08-15T09:00:00Z,2025-08-15T08:45:40Z,14,15,14,0.4953,0.942,0.427,0.5246,0.6446,-0.007571,-0.002896,9.09e-4,NA,TRUE,FALSE,0.026201,0.021426,54.4358,-0.552547,-0.546563,-0.489249,0.489249,0.546563,0.552547,-123.4875,-120.5382,-95.7974,95.7974,120.5382,123.4875
S3B_20250816T101929_vs_HYPERNETS_20250816T101500_RHOW_C.csv,MAFR,Hyp,S3B,-1.040456,45.547661999999995,-1.046093,45.553487999999994,0.78,5,2025-08-16T08:15:00Z,2025-08-16T08:19:29Z,4,15,5,0.1244,0.6864,0.1137,0.1246,0.1365,-4e-6,1.45e-4,2.81e-4,NA,TRUE,FALSE,0.02257,0.0108,66.2005,-0.872959,-0.653924,-0.591566,0.591566,0.653924,0.872959,-687.1501,-188.9538,-144.8375,144.8375,188.9538,687.1501
S3B_20250820T101545_vs_HYPERNETS_20250820T101500_RHOW_C.csv,MAFR,Hyp,S3B,-1.040456,45.547661999999995,-1.049217,45.553616999999996,0.95,5,2025-08-20T08:15:00Z,2025-08-20T08:15:45Z,1,15,16,0.782,0.7499,0.7299,0.7894,0.8536,-0.002828,-5.63e-4,0.001532,NA,TRUE,FALSE,0.010112,0.008576,46.2368,-0.295697,-0.23508,-0.16984,0.178683,0.252532,0.301568,-41.9851,-30.7584,-20.459,21.7576,33.7857,43.1795
S3B_20250820T101545_vs_HYPERNETS_20250820T103000_RHOW_C.csv,MAFR,Hyp,S3B,-1.040456,45.547661999999995,-1.049217,45.553616999999996,0.95,5,2025-08-20T08:30:00Z,2025-08-20T08:15:45Z,14,15,16,0.7876,0.7572,0.7195,0.8022,0.8945,-0.005023,-0.001693,0.001293,NA,TRUE,FALSE,0.011002,0.009422,50.4625,-0.334194,-0.279228,-0.206109,0.241217,0.301266,0.339834,-50.1944,-38.7402,-26.003,31.8104,43.1825,51.4799
S3B_20250823T103812_vs_HYPERNETS_20250823T103000_RHOW_C.csv,MAFR,Hyp,S3B,-1.040456,45.547661999999995,-1.044442,45.552800999999995,0.65,5,2025-08-23T08:30:00Z,2025-08-23T08:38:12Z,8,15,16,0.8053,0.8997,0.7504,0.8134,0.8818,-0.008172,-0.0038,2.34e-4,NA,TRUE,FALSE,0.01787,0.016004,28.1747,-0.274081,-0.213689,-0.20008,0.206615,0.21652,0.31885,-37.7843,-27.1768,-25.0128,26.0433,27.6357,43.499
S3B_20250823T103812_vs_HYPERNETS_20250823T104500_RHOW_C.csv,MAFR,Hyp,S3B,-1.040456,45.547661999999995,-1.044442,45.552800999999995,0.65,5,2025-08-23T08:45:00Z,2025-08-23T08:38:12Z,7,15,16,0.8352,0.8081,0.7561,0.8554,0.9679,-0.007716,-0.001217,0.004528,NA,TRUE,FALSE,0.013023,0.010826,25.2038,-0.255714,-0.122662,0.045504,0.108217,0.141816,0.296582,-34.3813,-13.9817,4.5407,11.917,16.1331,42.2851
S3B_20250824T101201_vs_HYPERNETS_20250824T100000_RHOW_C.csv,MAFR,Hyp,S3B,-1.040456,45.547661999999995,-1.051005,45.555251,1.18,5,2025-08-24T08:00:00Z,2025-08-24T08:12:01Z,12,15,15,1.0091,1.3568,0.9547,1.0142,1.0774,-0.009384,-0.005279,-0.001415,NA,FALSE,TRUE,0.005594,0.004662,13.0497,-0.063646,-0.053105,-0.036115,0.042222,0.053222,0.074087,-6.8023,-5.6083,-3.7485,4.4084,5.6214,7.6937
S3B_20250824T101201_vs_HYPERNETS_20250824T101500_RHOW_C.csv,MAFR,Hyp,S3B,-1.040456,45.547661999999995,-1.051005,45.555251,1.18,5,2025-08-24T08:15:00Z,2025-08-24T08:12:01Z,3,15,15,1.0196,1.3604,0.9653,1.0247,1.0878,-0.00955,-0.00548,-0.001647,NA,FALSE,TRUE,0.005245,0.004162,12.4221,-0.072402,-0.042887,-0.023156,0.033193,0.046053,0.078823,-7.8099,-4.4809,-2.3734,3.4336,4.8276,8.2369
S3B_20250905T100047_vs_HYPERNETS_20250905T100000_RHOW_C.csv,MAFR,Hyp,S3B,-1.040456,45.547661999999995,-1.0456679999999998,45.55422099999999,0.84,5,2025-09-05T08:00:00Z,2025-09-05T08:00:47Z,1,15,16,0.898,0.6311,0.8235,0.9129,1.0119,-0.001466,0.001736,0.004626,NA,FALSE,FALSE,0.005081,0.004163,95.4193,-0.099116,0.038868,0.339596,0.05467,0.17548,0.3826,-11.0244,3.8868,33.9011,5.7126,20.0446,45.2994
S3B_20250905T100047_vs_HYPERNETS_20250905T101500_RHOW_C.csv,MAFR,Hyp,S3B,-1.040456,45.547661999999995,-1.0456679999999998,45.55422099999999,0.84,5,2025-09-05T08:15:00Z,2025-09-05T08:00:47Z,14,15,16,0.9482,0.6675,0.8685,0.9646,1.0712,-0.001462,0.001796,0.004729,NA,FALSE,FALSE,0.004533,0.003998,77.9418,-0.049297,0.109569,0.411707,0.103132,0.185483,0.411707,-5.2096,10.9569,41.0938,10.5047,19.9686,49.9769
S3B_20250907T104924_vs_HYPERNETS_20250907T110000_RHOW_C.csv,MAFR,Hyp,S3B,-1.040456,45.547661999999995,-1.044331,45.555189,0.89,5,2025-09-07T09:00:00Z,2025-09-07T08:49:24Z,11,15,16,0.8516,0.8802,0.7781,0.8675,0.9672,-0.008464,-0.002675,0.002517,NA,TRUE,FALSE,0.013229,0.010806,20.6015,-0.225534,-0.131974,-0.034953,0.071638,0.134387,0.273891,-29.1468,-15.2042,-3.6414,7.6544,15.5251,37.7406
S3B_20250919T103810_vs_HYPERNETS_20250919T103000_RHOW_C.csv,MAFR,Hyp,S3B,-1.040456,45.547661999999995,-1.044855,45.555311,0.92,5,2025-09-19T08:30:00Z,2025-09-19T08:38:10Z,8,15,16,0.7501,1.0484,0.6951,0.7592,0.8291,-0.0115,-0.007241,-0.00334,NA,TRUE,TRUE,0.024232,0.021906,39.8594,-0.487079,-0.370031,-0.316697,0.316697,0.370031,0.487079,-94.9697,-58.8348,-46.3664,46.3664,58.8348,94.9697
S3B_20250919T103810_vs_HYPERNETS_20250919T104500_RHOW_C.csv,MAFR,Hyp,S3B,-1.040456,45.547661999999995,-1.044855,45.555311,0.92,5,2025-09-19T08:45:00Z,2025-09-19T08:38:10Z,7,15,16,0.7761,1.0447,0.7145,0.7876,0.8683,-0.013204,-0.008358,-0.003961,NA,TRUE,TRUE,0.023136,0.021122,39.1844,-0.501476,-0.36187,-0.303922,0.303922,0.36187,0.501476,-100.5995,-56.8581,-43.6899,43.6899,56.8581,100.5995
S3B_20250920T101159_vs_HYPERNETS_20250920T100000_RHOW_C.csv,MAFR,Hyp,S3B,-1.040456,45.547661999999995,-1.049883,45.55378699999999,1,5,2025-09-20T08:00:00Z,2025-09-20T08:11:59Z,12,15,13,0.5315,0.7581,0.4622,0.5516,0.6582,-0.012763,-0.004726,0.002009,NA,TRUE,FALSE,0.043581,0.038843,54.1776,-0.555206,-0.474917,-0.472881,0.474262,0.498754,0.576897,-124.8233,-90.4463,-89.7106,89.7106,90.4463,124.8233
S3B_20250920T101159_vs_HYPERNETS_20250920T101500_RHOW_C.csv,MAFR,Hyp,S3B,-1.040456,45.547661999999995,-1.049883,45.55378699999999,1,5,2025-09-20T08:15:00Z,2025-09-20T08:11:59Z,3,15,13,0.5344,0.7405,0.4591,0.5609,0.6854,-0.012944,-0.0039,0.003501,NA,TRUE,FALSE,0.041114,0.036149,52.7407,-0.503937,-0.45395,-0.449567,0.449818,0.474966,0.523878,-101.5874,-83.1334,-81.6751,81.6751,83.1334,101.5874
S3B_20250927T103041_vs_HYPERNETS_20250927T104500_RHOW_C.csv,MAFR,Hyp,S3B,-1.040456,45.547661999999995,-1.046841,45.554224999999995,0.88,5,2025-09-27T08:45:00Z,2025-09-27T08:30:41Z,14,15,16,0.7238,0.9296,0.6703,0.7327,0.8009,-0.007407,-0.003561,-4.2e-5,NA,TRUE,TRUE,0.021641,0.018675,33.0734,-0.321127,-0.302575,-0.279806,0.279806,0.302575,0.321127,-47.3193,-43.3858,-38.8516,38.8516,43.3858,47.3193
S3B_20250930T105306_vs_HYPERNETS_20250930T104500_RHOW_R.csv,MAFR,Hyp,S3B,-1.040456,45.547661999999995,-1.0452919999999999,45.553867999999994,0.79,5,2025-09-30T08:45:00Z,2025-09-30T08:53:06Z,8,15,16,0.7387,0.7609,0.671,0.7549,0.8494,-0.00414,-0.002066,-2.23e-4,NA,TRUE,TRUE,0.009698,0.0076,56.1685,-0.376398,-0.304497,-0.208607,0.261944,0.321685,0.392337,-60.3588,-43.7809,-26.3596,35.6038,47.4688,64.7141
S3B_20250930T105306_vs_HYPERNETS_20250930T110000_RHOW_R.csv,MAFR,Hyp,S3B,-1.040456,45.547661999999995,-1.0452919999999999,45.553867999999994,0.79,5,2025-09-30T09:00:00Z,2025-09-30T08:53:06Z,7,15,16,0.7365,0.7779,0.6651,0.7556,0.8583,-0.004459,-0.002189,-1.91e-4,NA,TRUE,TRUE,0.009918,0.007738,53.423,-0.367411,-0.315761,-0.239069,0.266264,0.337523,0.38818,-58.0807,-46.1774,-31.4484,36.3018,50.9596,63.7058
S3B_20251001T102655_vs_HYPERNETS_20251001T101500_RHOW_R.csv,MAFR,Hyp,S3B,-1.040456,45.547661999999995,-1.046918,45.554593,0.92,5,2025-10-01T08:15:00Z,2025-10-01T08:26:55Z,12,15,11,0.5338,1.6943,0.4367,0.5736,0.7535,-0.012443,-0.006913,-0.002702,NA,TRUE,TRUE,0.023245,0.020022,77.4882,-0.910164,-0.827575,-0.637354,0.637354,0.827575,0.910164,-1013.1662,-479.9628,-175.7519,175.7519,479.9628,1013.1662
S3B_20251001T102655_vs_HYPERNETS_20251001T103000_RHOW_R.csv,MAFR,Hyp,S3B,-1.040456,45.547661999999995,-1.046918,45.554593,0.92,5,2025-10-01T08:30:00Z,2025-10-01T08:26:55Z,3,15,11,0.6096,1.6248,0.5008,0.6516,0.8476,-0.01159,-0.006428,-0.00246,NA,TRUE,TRUE,0.018117,0.015601,73.5073,-0.887803,-0.789817,-0.575045,0.575045,0.789817,0.887803,-795.4355,-375.7749,-135.3302,135.3302,375.7749,795.4355
S3B_20251002T100044_vs_HYPERNETS_20251002T100000_RHOW_R.csv,MAFR,Hyp,S3B,-1.040456,45.547661999999995,-1.047005,45.552440999999995,0.74,5,2025-10-02T08:00:00Z,2025-10-02T08:00:44Z,1,15,14,0.6118,0.624,0.5212,0.6638,0.8454,-0.005381,-0.001475,0.001592,NA,TRUE,FALSE,0.012976,0.009782,158.4326,-0.454584,-0.408467,-0.264429,0.350136,0.43829,0.477887,-83.3464,-69.1092,-36.2078,53.924,78.0869,91.5901
S3B_20251002T100044_vs_HYPERNETS_20251002T101500_RHOW_R.csv,MAFR,Hyp,S3B,-1.040456,45.547661999999995,-1.047005,45.552440999999995,0.74,5,2025-10-02T08:15:00Z,2025-10-02T08:00:44Z,14,15,14,0.608,0.5986,0.5177,0.661,0.8439,-0.005623,-0.001628,0.001501,NA,TRUE,FALSE,0.013287,0.010117,190.9427,-0.477496,-0.423449,-0.317691,0.363818,0.457055,0.493579,-91.399,-73.6063,-46.6281,57.2574,84.2047,97.4842
S3B_20251005T102308_vs_HYPERNETS_20251005T101500_RHOW_C.csv,MAFR,Hyp,S3B,-1.040456,45.547661999999995,-1.0433259999999998,45.55259,0.59,5,2025-10-05T08:15:00Z,2025-10-05T08:23:08Z,8,15,16,0.7364,0.6737,0.6525,0.7689,0.906,-0.006249,-4.68e-4,0.004438,NA,TRUE,FALSE,0.014742,0.011525,49.2204,-0.323331,-0.147604,0.134488,0.150181,0.255042,0.375271,-47.8262,-17.3185,13.3666,17.6738,27.1659,60.4377
S3B_20251005T102308_vs_HYPERNETS_20251005T103000_RHOW_C.csv,MAFR,Hyp,S3B,-1.040456,45.547661999999995,-1.0433259999999998,45.55259,0.59,5,2025-10-05T08:30:00Z,2025-10-05T08:23:08Z,7,15,16,0.7421,0.7923,0.6718,0.76,0.8598,-0.00751,-0.002929,0.00112,NA,TRUE,FALSE,0.016901,0.014391,39.5215,-0.312256,-0.256225,-0.220362,0.234376,0.262338,0.367515,-45.4444,-34.4519,-28.2878,30.6135,35.5638,58.5702
S3B_20251006T095658_vs_HYPERNETS_20251006T094500_RHOW_R.csv,MAFR,Hyp,S3B,-1.040456,45.547661999999995,-1.0478919999999998,45.553799,0.9,5,2025-10-06T07:45:00Z,2025-10-06T07:56:58Z,12,15,15,0.9312,1.5177,0.8694,0.939,1.0141,-0.017901,-0.012347,-0.007205,NA,FALSE,TRUE,0.017679,0.016856,30.3641,-0.35495,-0.229425,-0.17063999999999999,0.17063999999999999,0.229425,0.35495,-55.0421,-29.7733,-20.5817,20.5817,29.7733,55.0421
S3B_20251006T095658_vs_HYPERNETS_20251006T100000_RHOW_R.csv,MAFR,Hyp,S3B,-1.040456,45.547661999999995,-1.0478919999999998,45.553799,0.9,5,2025-10-06T08:00:00Z,2025-10-06T07:56:58Z,3,15,16,0.8861,0.8359,0.7907,0.918,1.0658,-0.017295,-0.007375,0.00117,NA,FALSE,FALSE,0.016653,0.013891,34.5091,-0.242191,-0.126842,-0.056384,0.077647,0.139335,0.328214,-32.0343,-14.5268,-5.9754,8.427,16.2005,49.8378
S3B_20251008T104535_vs_HYPERNETS_20251008T104500_RHOW_C.csv,MAFR,Hyp,S3B,-1.040456,45.547661999999995,-1.0458329999999998,45.555673999999996,0.99,5,2025-10-08T08:45:00Z,2025-10-08T08:45:35Z,1,15,15,0.9176,0.571,0.8813,0.92,0.9603,0.019809,0.022461,0.025002,NA,TRUE,TRUE,0.01763,0.017202,57.2123,0.135877,0.205028,0.610718,0.135877,0.205028,0.610718,13.5858,20.5028,60.6057,13.5858,20.5028,60.6057
S3B_20251008T104535_vs_HYPERNETS_20251008T110000_RHOW_C.csv,MAFR,Hyp,S3B,-1.040456,45.547661999999995,-1.0458329999999998,45.555673999999996,0.99,5,2025-10-08T09:00:00Z,2025-10-08T08:45:35Z,14,15,15,0.8839,0.2523,0.8232,0.892,0.9665,0.023079,0.027695,0.031955,NA,TRUE,TRUE,0.021928,0.021007,990.4822,0.166537,0.287898,0.711275,0.166537,0.287898,0.711275,16.6515,28.7898,71.0805,16.6515,28.7898,71.0805
S3B_20251009T101925_vs_HYPERNETS_20251009T101500_RHOW_C.csv,MAFR,Hyp,S3B,-1.040456,45.547661999999995,-1.0460550000000002,45.552556,0.7,5,2025-10-09T08:15:00Z,2025-10-09T08:19:25Z,4,15,15,0.8473,0.5587,0.8291,0.8478,0.867,0.022022,0.023294,0.024538,NA,TRUE,TRUE,0.01437,0.013182,48.8941,0.080139,0.19761,0.547616,0.080139,0.19761,0.547616,7.9997,19.761,54.5253,7.9997,19.761,54.5253
S3B_20251009T101925_vs_HYPERNETS_20251009T103000_RHOW_C.csv,MAFR,Hyp,S3B,-1.040456,45.547661999999995,-1.0460550000000002,45.552556,0.7,5,2025-10-09T08:30:00Z,2025-10-09T08:19:25Z,11,15,15,0.8584,0.3742,0.8206,0.8613,0.904,0.024511,0.027116,0.029598,NA,TRUE,TRUE,0.019504,0.018654,155.764,0.148901,0.22719,0.643464,0.148901,0.22719,0.643464,14.8862,22.719,63.9362,14.8862,22.719,63.9362
S3B_20251010T095314_vs_HYPERNETS_20251010T094500_RHOW_R.csv,MAFR,Hyp,S3B,-1.040456,45.547661999999995,-1.0514789999999998,45.553475,1.08,5,2025-10-10T07:45:00Z,2025-10-10T07:53:14Z,8,15,16,0.6287,0.21,0.5886,0.8639,1.268,-0.006622,0.018927,0.036335,NA,FALSE,FALSE,0.027575,0.020636,404.7439,-0.128293,-0.008704,0.938943,0.080594,0.209311,0.938943,-14.7541,-0.878,93.5066,8.7827,25.9042,130.8793
S3B_20251010T095314_vs_HYPERNETS_20251010T100000_RHOW_R.csv,MAFR,Hyp,S3B,-1.040456,45.547661999999995,-1.0514789999999998,45.553475,1.08,5,2025-10-10T08:00:00Z,2025-10-10T07:53:14Z,7,15,16,0.5736,0.2415,0.5343,0.7812,1.1424,-0.006848,0.018569,0.035952,NA,FALSE,FALSE,0.027702,0.024137,261.3608,-0.209015,-0.108828,0.707009,0.135508,0.280087,0.737829,-26.4669,-12.2118,70.3502,15.6921,39.0799,127.0503
S3B_20251012T104152_vs_HYPERNETS_20251012T103000_RHOW_C.csv,MAFR,Hyp,S3B,-1.040456,45.547661999999995,-1.0455539999999999,45.553353,0.75,5,2025-10-12T08:30:00Z,2025-10-12T08:41:52Z,12,15,15,0.7255,0.8047,0.6299,0.7721,0.9465,-0.017153,-0.006157,0.002813,NA,TRUE,FALSE,0.025289,0.020832,37.177,-0.357083,-0.227694,-0.208901,0.217732,0.228343,0.438123,-55.9574,-29.4824,-26.4092,27.8347,29.5913,78.3036
S3B_20251012T104152_vs_HYPERNETS_20251012T104500_RHOW_C.csv,MAFR,Hyp,S3B,-1.040456,45.547661999999995,-1.0455539999999999,45.553353,0.75,5,2025-10-12T08:45:00Z,2025-10-12T08:41:52Z,3,15,15,0.6745,0.8825,0.5964,0.7003,0.8224,-0.016786,-0.007981,-4.83e-4,NA,TRUE,TRUE,0.033685,0.029773,43.8652,-0.431871,-0.393673,-0.343246,0.345627,0.393673,0.431871,-76.0354,-64.9274,-52.2649,52.2649,64.9274,76.0354
S3B_20251013T101542_vs_HYPERNETS_20251013T101500_RHOW_C.csv,MAFR,Hyp,S3B,-1.040456,45.547661999999995,-1.0455639999999997,45.55470699999999,0.88,5,2025-10-13T08:15:00Z,2025-10-13T08:15:42Z,1,15,11,0.6104,0.6367,0.4936,0.6692,0.9071,-0.011426,-0.002833,0.003506,NA,TRUE,FALSE,0.018832,0.015826,117.8442,-0.470165,-0.358244,-0.336031,0.351519,0.416041,0.669067,-89.4597,-55.8224,-50.6274,54.2115,71.2449,240.6032
S3B_20251013T101542_vs_HYPERNETS_20251013T103000_RHOW_C.csv,MAFR,Hyp,S3B,-1.040456,45.547661999999995,-1.0455639999999997,45.55470699999999,0.88,5,2025-10-13T08:30:00Z,2025-10-13T08:15:42Z,14,15,11,0.5846,0.5927,0.4694,0.6534,0.9094,-0.02282,-0.010388,-0.001456,NA,TRUE,TRUE,0.030049,0.028208,107.5118,-0.678955,-0.624633,-0.505327,0.555285,0.635418,0.783864,-214.1821,-166.4061,-103.0008,124.8762,174.287,382.1599
S3B_20251016T103808_vs_HYPERNETS_20251016T103000_RHOW_R.csv,MAFR,Hyp,S3B,-1.040456,45.547661999999995,-1.044684,45.553853999999994,0.76,5,2025-10-16T08:30:00Z,2025-10-16T08:38:08Z,8,15,12,0.6442,1.3635,0.5673,0.6595,0.7667,-0.008534,-0.004232,-5.32e-4,NA,TRUE,TRUE,0.020675,0.01824,67.1007,-0.574155,-0.463979,-0.404007,0.438811,0.465516,0.724151,-136.2228,-86.5601,-67.7884,78.2964,87.0966,188.2539
S3B_20251016T103808_vs_HYPERNETS_20251016T104500_RHOW_R.csv,MAFR,Hyp,S3B,-1.040456,45.547661999999995,-1.044684,45.553853999999994,0.76,5,2025-10-16T08:45:00Z,2025-10-16T08:38:08Z,7,15,12,0.6744,1.2583,0.5897,0.693,0.8143,-0.007396,-0.002981,7.77e-4,NA,TRUE,FALSE,0.016949,0.014554,74.4471,-0.502994,-0.373324,-0.347553,0.366384,0.408151,0.707465,-103.8659,-59.573,-53.3183,57.8297,69.2181,207.2845
S3B_20251017T101157_vs_HYPERNETS_20251017T100000_RHOW_C.csv,MAFR,Hyp,S3B,-1.040456,45.547661999999995,-1.0473649999999999,45.553757,0.87,5,2025-10-17T08:00:00Z,2025-10-17T08:11:57Z,12,15,14,0.6675,0.8965,0.5924,0.687,0.7966,-0.016234,-0.00857,-0.001961,NA,TRUE,TRUE,0.033802,0.030769,50.3869,-0.623002,-0.439704,-0.387887,0.417026,0.46856,0.626198,-165.2565,-78.5397,-63.4209,65.2938,78.5397,165.2565
S3B_20251017T101157_vs_HYPERNETS_20251017T101500_RHOW_C.csv,MAFR,Hyp,S3B,-1.040456,45.547661999999995,-1.0473649999999999,45.553757,0.87,5,2025-10-17T08:15:00Z,2025-10-17T08:11:57Z,3,15,14,0.6816,0.8839,0.6042,0.702,0.8156,-0.016267,-0.008505,-0.001824,NA,TRUE,TRUE,0.032069,0.02922,50.3114,-0.617283,-0.424953,-0.369815,0.407544,0.45554,0.62083,-161.2932,-73.9225,-58.7686,68.7932,76.9691,161.2932
S3B_20251108T104156_vs_HYPERNETS_20251108T103000_RHOW_C.csv,MAFR,Hyp,S3B,-1.040456,45.547661999999995,-1.0465209999999998,45.55388299999999,0.84,5,2025-11-08T09:30:00Z,2025-11-08T09:41:56Z,12,15,15,0.774,0.4436,0.7033,0.7886,0.8842,0.026135,0.032698,0.038551,NA,TRUE,TRUE,0.021151,0.018185,88.6682,0.060346,0.312656,0.84491,0.060346,0.312656,0.84491,6.0326,31.2656,84.4215,6.0326,31.2656,84.4215
S3B_20251108T104156_vs_HYPERNETS_20251108T104500_RHOW_C.csv,MAFR,Hyp,S3B,-1.040456,45.547661999999995,-1.0465209999999998,45.55388299999999,0.84,5,2025-11-08T09:45:00Z,2025-11-08T09:41:56Z,3,15,14,0.7346,0.3374,0.684,0.7405,0.8018,0.032278,0.036737,0.040856,NA,TRUE,TRUE,0.020948,0.017844,142.1179,0.058401,0.286063,0.67987,0.058401,0.286063,0.67987,5.8151,28.6036,67.5141,5.8151,28.6036,67.5141
S3B_20251121T100432_vs_HYPERNETS_20251121T100000_RHOW_C.csv,MAFR,Hyp,S3B,-1.040456,45.547661999999995,-1.047172,45.553419,0.83,5,2025-11-21T09:00:00Z,2025-11-21T09:04:32Z,5,15,12,0.8742,0.999,0.7411,0.9186,1.1387,-0.030145,-0.011776,0.003042,NA,FALSE,FALSE,0.021563,0.018566,22.9623,-0.21012,-0.181511,-0.15377,0.15377,0.181511,0.21012,-26.6228,-22.1874,-18.1713,18.1713,22.1874,26.6228
S3B_20251121T100432_vs_HYPERNETS_20251121T101500_RHOW_C.csv,MAFR,Hyp,S3B,-1.040456,45.547661999999995,-1.047172,45.553419,0.83,5,2025-11-21T09:15:00Z,2025-11-21T09:04:32Z,10,15,13,0.7001,0.5208,0.5933,0.7481,0.9431,-0.020845,-0.004003,0.009356,NA,TRUE,FALSE,0.031722,0.026945,80.0868,-0.286059,-0.237414,-0.20038,0.223206,0.244413,0.345108,-40.0676,-31.1328,-25.0594,28.7343,32.3474,52.6969
S3B_20251125T100049_vs_HYPERNETS_20251125T100000_RHOW_R.csv,MAFR,Hyp,S3B,-1.040456,45.547661999999995,-1.0469,45.552617,0.75,5,2025-11-25T09:00:00Z,2025-11-25T09:00:49Z,1,15,12,0.6904,1.2184,0.5691,0.7572,1.0074,-0.029407,-0.013821,-0.002106,NA,FALSE,TRUE,0.03289,0.029922,78.0498,-0.85333,-0.379445,-0.340952,0.352807,0.519572,0.929624,-604.6877,-61.2493,-51.734,54.5216,114.716,604.6877
S3B_20251203T095321_vs_HYPERNETS_20251203T094500_RHOW_R.csv,MAFR,Hyp,S3B,-1.040456,45.547661999999995,-1.046066,45.553418,0.78,5,2025-12-03T08:45:00Z,2025-12-03T08:53:21Z,8,15,14,0.8326,0.7145,0.7215,0.8758,1.0632,-0.025195,-0.010956,7.72e-4,NA,FALSE,FALSE,0.024609,0.021873,50.3077,-0.365097,-0.252193,-0.184523,0.188731,0.296096,0.387935,-57.5113,-33.9003,-22.628,23.2639,42.0693,63.4083
S3B_20251203T095321_vs_HYPERNETS_20251203T100000_RHOW_R.csv,MAFR,Hyp,S3B,-1.040456,45.547661999999995,-1.046066,45.553418,0.78,5,2025-12-03T09:00:00Z,2025-12-03T08:53:21Z,7,15,14,0.7392,0.7029,0.6395,0.7791,0.9492,-0.025522,-0.010991,9.37e-4,NA,TRUE,FALSE,0.034569,0.031312,55.4325,-0.435106,-0.335264,-0.272961,0.276949,0.372222,0.460035,-77.0342,-50.6066,-37.5447,38.3028,59.2975,85.2453
S3B_20251209T103813_vs_HYPERNETS_20251209T103000_RHOW_C.csv,MAFR,Hyp,S3B,-1.040456,45.547661999999995,-1.046371,45.554384999999996,0.88,5,2025-12-09T09:30:00Z,2025-12-09T09:38:13Z,8,15,15,0.9973,0.9157,0.9523,1.0007,1.0515,2.74e-4,0.003556,0.006678,NA,FALSE,TRUE,0.004599,0.003821,9.3018,0.031406,0.044179,0.104004,0.031406,0.044179,0.104004,3.1404,4.4179,10.3961,3.1404,4.4179,10.3961
S3B_20251209T103813_vs_HYPERNETS_20251209T104500_RHOW_C.csv,MAFR,Hyp,S3B,-1.040456,45.547661999999995,-1.046371,45.554384999999996,0.88,5,2025-12-09T09:45:00Z,2025-12-09T09:38:13Z,7,15,15,0.913,0.9463,0.8628,0.9179,0.9764,-0.001774,0.00242,0.006363,NA,TRUE,FALSE,0.005956,0.005401,9.5733,-0.099719,-0.062364,-0.018015,0.054026,0.067584,0.115423,-11.082,-6.6512,-1.8771,5.7118,7.2483,13.048400000000001
S3B_20251213T103429_vs_HYPERNETS_20251213T103000_RHOW_C.csv,MAFR,Hyp,S3B,-1.040456,45.547661999999995,-1.0439059999999998,45.553717,0.73,5,2025-12-13T09:30:00Z,2025-12-13T09:34:29Z,4,15,14,0.7393,1.1906,0.6634,0.7558,0.8611,-0.012378,-0.006029,-4.56e-4,NA,TRUE,TRUE,0.02317,0.020752,38.16,-0.359655,-0.341382,-0.273507,0.273507,0.341382,0.359655,-56.1735,-51.8348,-37.7044,37.7044,51.8348,56.1735
S3B_20251213T103429_vs_HYPERNETS_20251213T104500_RHOW_C.csv,MAFR,Hyp,S3B,-1.040456,45.547661999999995,-1.0439059999999998,45.553717,0.73,5,2025-12-13T09:45:00Z,2025-12-13T09:34:29Z,11,15,14,0.6834,1.1817,0.6174,0.6963,0.7854,-0.011594,-0.005794,-6.52e-4,NA,TRUE,TRUE,0.028514,0.025565,42.7074,-0.418217,-0.384873,-0.318412,0.318412,0.384873,0.418217,-71.8952,-62.5694,-46.8082,46.8082,62.5694,71.8952
S3B_20251218T100434_vs_HYPERNETS_20251218T100000_RHOW_R.csv,MAFR,Hyp,S3B,-1.040456,45.547661999999995,-1.046348,45.552616,0.72,5,2025-12-18T09:00:00Z,2025-12-18T09:04:34Z,5,15,16,0,7.763,0,0,0,-1.762743,-1.022151,-0.584411,NA,TRUE,TRUE,9888366051199006e21,9882686269739097e21,100,-1,-1,-1,1,1,1,-6162440929366537e25,-27850546114363934e24,-10892755476639787e24,10892755476639787e24,27850546114363934e24,6162440929366537e25
S3B_20251218T100434_vs_HYPERNETS_20251218T101500_RHOW_R.csv,MAFR,Hyp,S3B,-1.040456,45.547661999999995,-1.046348,45.552616,0.72,5,2025-12-18T09:15:00Z,2025-12-18T09:04:34Z,10,15,16,0.8491,0.9783,0.7548,0.8833,1.0337,-0.020154,-0.010197,-0.001688,NA,FALSE,TRUE,0.021439,0.018601,40.7833,-0.358187,-0.185575,-0.150904,0.1664,0.190009,0.49176,-56.4328,-22.786,-17.7724,19.9679,23.4595,97.8717
S3B_20251225T102316_vs_HYPERNETS_20251225T101500_RHOW_C.csv,MAFR,Hyp,S3B,-1.040456,45.547661999999995,-1.04802,45.555565,1.06,5,2025-12-25T09:15:00Z,2025-12-25T09:23:16Z,8,15,15,0.671,0.9736,0.642,0.6731,0.7057,-0.00517,-0.00196,0.001102,NA,TRUE,FALSE,0.03842,0.034132,34.4926,-0.369293,-0.339041,-0.328742,0.328742,0.339041,0.369293,-58.5699,-51.2953,-48.9743,48.9743,51.2953,58.5699
S3B_20251225T102316_vs_HYPERNETS_20251225T103000_RHOW_C.csv,MAFR,Hyp,S3B,-1.040456,45.547661999999995,-1.04802,45.555565,1.06,5,2025-12-25T09:30:00Z,2025-12-25T09:23:16Z,7,15,15,1.1665,1.0564,1.1074,1.1717,1.2398,-0.009745,-0.005683,-0.001843,NA,TRUE,TRUE,0.007603,0.005511,7.9469,-0.005555,0.065352,0.122024,0.01578,0.107019,0.129794,-0.5602,6.5352,12.2007,1.5952,10.7019,13.0601
S3B_20251228T104542_vs_HYPERNETS_20251228T104500_RHOW_R.csv,MAFR,Hyp,S3B,-1.040456,45.547661999999995,-1.0448009999999999,45.553339,0.72,5,2025-12-28T09:45:00Z,2025-12-28T09:45:42Z,1,15,12,0.5804,1.5817,0.4997,0.6022,0.7257,-0.021456,-0.011813,-0.003812,NA,TRUE,TRUE,0.047018,0.042879,59.6684,-0.6966,-0.526586,-0.484911,0.484911,0.526586,0.6966,-258.2374,-111.6247,-94.1615,94.1615,111.6247,258.2374
S3B_20251228T104542_vs_HYPERNETS_20251228T110000_RHOW_R.csv,MAFR,Hyp,S3B,-1.040456,45.547661999999995,-1.0448009999999999,45.553339,0.72,5,2025-12-28T10:00:00Z,2025-12-28T09:45:42Z,14,15,12,0.7272,1.5622,0.6236,0.7566,0.9178,-0.022726,-0.012549,-0.004159,NA,TRUE,TRUE,0.030283,0.027926,50.2248,-0.623302,-0.412659,-0.362537,0.362537,0.412659,0.623302,-190.2611,-70.5314,-56.8901,56.8901,70.5314,190.2611
S3A_20250117T102808_vs_HYPERNETS_20250117T100000_RHOW_R.csv,THFR,Hyp,S3A,3.6641600000000003,43.43485999999999,3.65957,43.440793,0.76,5,2025-01-17T09:00:00Z,2025-01-17T09:28:08Z,28,30,12,0.9175,0.286,1.3026,2.4027,4.4318,-0.001643,0.001936,0.003876,NA,TRUE,FALSE,0.006092,0.00441,2057.8732,1.033894,1.940183,8.560822,1.033894,1.940183,8.560822,103.3027,193.0072,627.4454,103.3027,193.0072,627.4454
S3A_20250117T102808_vs_HYPERNETS_20250117T101500_RHOW_R.csv,THFR,Hyp,S3A,3.6641600000000003,43.43485999999999,3.65957,43.440793,0.76,5,2025-01-17T09:15:00Z,2025-01-17T09:28:08Z,13,30,13,1.2739,0.5254,1.4263,2.4476,4.2001,-0.00187,0.001291,0.003133,NA,TRUE,FALSE,0.005596,0.003902,1686.5852,0.948896,2.004453,10.899553,0.948896,2.004453,10.899553,94.8896,200.4453,1089.9553,94.8896,200.4453,1089.9553
S3A_20250117T102808_vs_HYPERNETS_20250117T103000_RHOW_R.csv,THFR,Hyp,S3A,3.6641600000000003,43.43485999999999,3.65957,43.440793,0.76,5,2025-01-17T09:30:00Z,2025-01-17T09:28:08Z,2,30,15,1.4656,0.4331,1.5158,2.396,3.7873,-0.001301,0.001045,0.002529,NA,TRUE,FALSE,0.005075,0.003399,8894.0171,0.852707,2.500973,10.133404,0.852707,2.500973,10.133404,85.2686,250.0973,994.1262,85.2686,250.0973,994.1262
S3A_20250117T102808_vs_HYPERNETS_20250117T104500_RHOW_R.csv,THFR,Hyp,S3A,3.6641600000000003,43.43485999999999,3.65957,43.440793,0.76,5,2025-01-17T09:45:00Z,2025-01-17T09:28:08Z,17,30,15,1.5266,0.7438,1.5011,2.3259,3.604,-0.001621,7.57e-4,0.002292,NA,TRUE,FALSE,0.004866,0.003225,479.3282,0.671457,1.403579,4.127018,0.671457,1.403579,4.127018,67.1387,140.3579,378.2823,67.1387,140.3579,378.2823
S3A_20250118T100157_vs_HYPERNETS_20250118T094500_RHOW_R.csv,THFR,Hyp,S3A,3.6641600000000003,43.43485999999999,3.6576679999999997,43.440265999999994,0.8,5,2025-01-18T08:45:00Z,2025-01-18T09:01:57Z,17,30,10,0.0056,0.4177,0.7273,1.5314,3.2244,-0.002499,6.83e-4,0.002194,NA,FALSE,FALSE,0.004109,0.002686,1394.4572,-0.325661,0.429963,12.262705,0.384374,0.991636,12.262705,-48.3414,26.0549,958.301,63.6908,137.3373,1304.7119
S3A_20250118T100157_vs_HYPERNETS_20250118T100000_RHOW_R.csv,THFR,Hyp,S3A,3.6641600000000003,43.43485999999999,3.6576679999999997,43.440265999999994,0.8,5,2025-01-18T09:00:00Z,2025-01-18T09:01:57Z,2,30,11,0.242,0.456,0.7712,1.5357,3.0583,-0.002451,3.89e-4,0.001815,NA,FALSE,FALSE,0.003747,0.002403,1632.4799,-0.34167,0.831709,11.701756,0.460347,0.884765,11.701756,-51.9799,83.1709,1136.5228,69.5832,326.3721,1136.5228
S3A_20250118T100157_vs_HYPERNETS_20250118T101500_RHOW_R.csv,THFR,Hyp,S3A,3.6641600000000003,43.43485999999999,3.6576679999999997,43.440265999999994,0.8,5,2025-01-18T09:15:00Z,2025-01-18T09:01:57Z,13,30,10,0.0853,0.5147,0.7357,1.5475,3.2553,-0.002802,5.36e-4,0.002123,NA,FALSE,FALSE,0.003987,0.002626,868.693,-0.333292,0.355817,9.780229,0.389972,0.911939,9.780229,-50.0393,21.644,965.1675,62.0635,303.6042,965.1675
S3A_20250118T100157_vs_HYPERNETS_20250118T103000_RHOW_R.csv,THFR,Hyp,S3A,3.6641600000000003,43.43485999999999,3.6576679999999997,43.440265999999994,0.8,5,2025-01-18T09:30:00Z,2025-01-18T09:01:57Z,28,30,10,0.1108,0.4949,0.7324,1.5395,3.2362,-0.00292,4.78e-4,0.002094,NA,FALSE,FALSE,0.003945,0.002613,1052.0202,-0.342068,0.304388,8.94261,0.398738,0.862284,8.94261,-52.0378,18.2554,889.3464,61.4969,308.6564,889.3464
S3A_20250129T101654_vs_HYPERNETS_20250129T101500_RHOW_R.csv,THFR,Hyp,S3A,3.6641600000000003,43.43485999999999,3.657819,43.440484999999995,0.81,5,2025-01-29T09:15:00Z,2025-01-29T09:16:54Z,2,30,13,0.7611,0.6472,0.8828,1.5262,2.6385,-0.005458,-9.8e-4,0.00161,NA,FALSE,FALSE,0.004997,0.003215,175.1559,-0.302163,-0.061284,1.731613,0.267035,0.675126,1.731613,-43.2999,-6.5284,173.1613,36.4323,173.1613,410.8756
S3A_20250129T101654_vs_HYPERNETS_20250129T103000_RHOW_R.csv,THFR,Hyp,S3A,3.6641600000000003,43.43485999999999,3.657819,43.440484999999995,0.81,5,2025-01-29T09:30:00Z,2025-01-29T09:16:54Z,13,30,13,0.7765,0.8188,0.8917,1.5385,2.6545,-0.005714,-0.001141,0.001509,NA,FALSE,FALSE,0.004952,0.003202,115.9114,-0.471452,-0.1775,0.917892,0.365949,0.664505,0.995554,-89.1976,-21.5805,91.7892,57.716,91.7892,301.4272
S3A_20250129T101654_vs_HYPERNETS_20250129T104500_RHOW_R.csv,THFR,Hyp,S3A,3.6641600000000003,43.43485999999999,3.657819,43.440484999999995,0.81,5,2025-01-29T09:45:00Z,2025-01-29T09:16:54Z,28,30,13,0.854,0.7366,0.8529,1.4167,2.3531,-0.005761,-0.001413,0.001204,NA,FALSE,FALSE,0.004474,0.003118,118.7669,-0.473539,-0.19023,0.784988,0.338247,0.689145,0.995896,-89.9476,-23.4919,78.4988,38.1046,89.9476,223.5643
S3A_20250206T100925_vs_HYPERNETS_20250206T094500_RHOW_R.csv,THFR,Hyp,S3A,3.6641600000000003,43.43485999999999,3.65896,43.441528,0.85,5,2025-02-06T08:45:00Z,2025-02-06T09:09:25Z,24,30,15,1.193,0.6139,1.3629,2.2147,3.5989,-0.002296,2.8e-4,0.001864,NA,TRUE,FALSE,0.004577,0.002669,539.6758,0.152033,0.681654,4.931978,0.409351,0.681654,4.931978,15.0833,68.1654,474.6223,46.5474,98.0461,474.6223
S3A_20250206T100925_vs_HYPERNETS_20250206T100000_RHOW_R.csv,THFR,Hyp,S3A,3.6641600000000003,43.43485999999999,3.65896,43.441528,0.85,5,2025-02-06T09:00:00Z,2025-02-06T09:09:25Z,9,30,15,1.2276,0.6313,1.3753,2.2248,3.5988,-0.002341,2.33e-4,0.001824,NA,TRUE,FALSE,0.004545,0.002656,520.6495,0.278093,0.691254,4.387049,0.466996,0.691254,4.387049,26.6567,69.1254,411.3207,50.0284,98.499,411.3207
S3A_20250206T100925_vs_HYPERNETS_20250206T101500_RHOW_R.csv,THFR,Hyp,S3A,3.6641600000000003,43.43485999999999,3.65896,43.441528,0.85,5,2025-02-06T09:15:00Z,2025-02-06T09:09:25Z,6,30,15,1.2386,0.4448,1.3739,2.2169,3.5773,-0.002254,2.76e-4,0.001844,NA,TRUE,FALSE,0.004537,0.002657,2865.8038,0.280767,0.839155,4.929644,0.465173,0.839155,4.929644,26.8971,83.9155,484.0872,51.4043,90.8952,484.0872
S3A_20250206T100925_vs_HYPERNETS_20250206T103000_RHOW_R.csv,THFR,Hyp,S3A,3.6641600000000003,43.43485999999999,3.65896,43.441528,0.85,5,2025-02-06T09:30:00Z,2025-02-06T09:09:25Z,21,30,14,1.2649,0.6321,1.3675,2.2534,3.7135,-0.002757,1.37e-4,0.001894,NA,TRUE,FALSE,0.004644,0.002728,562.6524,0.204175,1.331696,4.805515,0.447333,1.331696,4.805515,19.6204,125.8343,459.5066,46.6536,129.0472,459.5066
S3A_20250209T103153_vs_HYPERNETS_20250209T103000_RHOW_R.csv,THFR,Hyp,S3A,3.6641600000000003,43.43485999999999,3.657069,43.441832,0.96,5,2025-02-09T09:30:00Z,2025-02-09T09:31:53Z,2,30,11,0.812,1.1052,0.9742,1.8348,3.4555,-0.008973,-0.001548,0.002394,NA,FALSE,FALSE,0.006806,0.004072,104.2716,-0.51047,-0.248457,0.536821,0.350456,0.600579,0.737609,-107.8288,-33.0596,53.1174,41.2521,72.5212,255.3656
S3A_20250209T103153_vs_HYPERNETS_20250209T104500_RHOW_R.csv,THFR,Hyp,S3A,3.6641600000000003,43.43485999999999,3.657069,43.441832,0.96,5,2025-02-09T09:45:00Z,2025-02-09T09:31:53Z,13,30,11,0.8787,1.0607,1.0181,1.9063,3.5693,-0.008961,-0.001591,0.002345,NA,TRUE,FALSE,0.006772,0.003954,107.0939,-0.475616,-0.214688,0.829672,0.323684,0.622835,0.866915,-93.9816,-27.3379,82.6522,48.3673,93.6995,236.9805
S3A_20250209T103153_vs_HYPERNETS_20250209T110000_RHOW_R.csv,THFR,Hyp,S3A,3.6641600000000003,43.43485999999999,3.657069,43.441832,0.96,5,2025-02-09T10:00:00Z,2025-02-09T09:31:53Z,28,30,10,0.8789,1.2718,1.0419,2.0632,4.0855,-0.011481,-0.002067,0.002686,NA,TRUE,FALSE,0.007057,0.004234,105.4095,-0.452388,-0.195347,0.586298,0.237947,0.537216,0.77534,-85.0539,-24.34,54.9614,31.3258,89.2477,267.2478
S3A_20250213T102809_vs_HYPERNETS_20250213T100000_RHOW_R.csv,THFR,Hyp,S3A,3.6641600000000003,43.43485999999999,3.66026,43.44115,0.77,5,2025-02-13T09:00:00Z,2025-02-13T09:28:09Z,28,30,11,1.8158,1.2665,2.1101,3.9531,7.4056,-0.019743,-0.003352,0.005397,NA,TRUE,FALSE,0.017844,0.010856,271.2065,-0.221762,0.694894,4.63141,0.48225,0.865806,4.63141,-31.3632,69.4894,443.1886,65.8066,138.6681,628.2601
S3A_20250213T102809_vs_HYPERNETS_20250213T101500_RHOW_R.csv,THFR,Hyp,S3A,3.6641600000000003,43.43485999999999,3.66026,43.44115,0.77,5,2025-02-13T09:15:00Z,2025-02-13T09:28:09Z,13,30,11,1.7417,1.3876,2.1376,4.0398,7.6346,-0.019777,-0.003206,0.005562,NA,TRUE,FALSE,0.018038,0.010983,265.5046,-0.201291,0.723976,3.424402,0.518278,0.86958,3.424402,-28.3076,72.3976,342.3437,66.2099,194.6403,488.4966
S3A_20250213T102809_vs_HYPERNETS_20250213T103000_RHOW_R.csv,THFR,Hyp,S3A,3.6641600000000003,43.43485999999999,3.66026,43.44115,0.77,5,2025-02-13T09:30:00Z,2025-02-13T09:28:09Z,2,30,11,1.971,1.0736,2.0908,3.8443,7.0684,-0.019377,-0.003507,0.005124,NA,TRUE,FALSE,0.017526,0.010645,323.4301,-0.173888,0.661857,4.626061,0.286197,0.84433,4.626061,-21.9668,66.1857,435.5043,40.1118,108.0342,587.19
S3A_20250213T102809_vs_HYPERNETS_20250213T104500_RHOW_R.csv,THFR,Hyp,S3A,3.6641600000000003,43.43485999999999,3.66026,43.44115,0.77,5,2025-02-13T09:45:00Z,2025-02-13T09:28:09Z,17,30,11,2.0088,1.2372,2.1023,3.8526,7.0601,-0.019852,-0.003829,0.004914,NA,TRUE,FALSE,0.017453,0.010615,246.18,-0.231541,0.658277,4.516901,0.444744,0.865353,4.516901,-32.7732,65.8277,425.8686,64.0864,106.8283,630.4907
S3A_20250529T100548_vs_HYPERNETS_20250529T094500_RHOW_R.csv,THFR,Hyp,S3A,3.6641600000000003,43.43485999999999,3.657071,43.441675999999994,0.95,5,2025-05-29T07:45:00Z,2025-05-29T08:05:48Z,21,30,11,0.556,0.5582,0.4455,0.6266,0.8814,-1.17e-4,8.41e-4,0.001522,NA,TRUE,FALSE,0.001978,0.001509,438.1053,-0.328528,-0.016507,0.808745,0.174127,0.363672,0.888113,-49.131,-1.6785,70.8456,17.3422,57.1516,95.843
S3A_20250529T100548_vs_HYPERNETS_20250529T100000_RHOW_R.csv,THFR,Hyp,S3A,3.6641600000000003,43.43485999999999,3.657071,43.441675999999994,0.95,5,2025-05-29T08:00:00Z,2025-05-29T08:05:48Z,6,30,11,0.5576,0.3374,0.4472,0.626,0.8764,-3.9e-5,8.86e-4,0.001546,NA,TRUE,FALSE,0.001948,0.001509,8345.0748,-0.32194,0.200428,2.333937,0.32194,0.3649,2.333937,-47.6662,20.0428,228.7344,47.6662,57.4555,228.7344
S3A_20250529T100548_vs_HYPERNETS_20250529T101500_RHOW_R.csv,THFR,Hyp,S3A,3.6641600000000003,43.43485999999999,3.657071,43.441675999999994,0.95,5,2025-05-29T08:15:00Z,2025-05-29T08:05:48Z,9,30,11,0.5603,0.5892,0.4496,0.6282,0.8778,-1.98e-4,7.67e-4,0.001458,NA,TRUE,FALSE,0.001985,0.00151,351.0378,-0.327238,-0.200415,0.487101,0.232268,0.366829,0.626409,-48.899,-25.0649,44.0088,30.366,57.9352,75.2118
S3A_20250529T100548_vs_HYPERNETS_20250529T103000_RHOW_R.csv,THFR,Hyp,S3A,3.6641600000000003,43.43485999999999,3.657071,43.441675999999994,0.95,5,2025-05-29T08:30:00Z,2025-05-29T08:05:48Z,24,30,11,0.5692,0.5294,0.4568,0.6375,0.8896,-1.49e-4,7.99e-4,0.001479,NA,TRUE,FALSE,0.001906,0.001448,601.8784,-0.31444,0.008914,0.666078,0.131813,0.351842,0.785809,-46.0838,0.8914,58.0442,14.0713,54.2833,87.8243
S3A_20250601T102815_vs_HYPERNETS_20250601T100000_RHOW_R.csv,THFR,Hyp,S3A,3.6641600000000003,43.43485999999999,3.657972,43.440953,0.84,5,2025-06-01T08:00:00Z,2025-06-01T08:28:15Z,28,30,16,-1.1132,-0.049,-4.3382,-2.6348,-1.6003,0.061677,0.065027,0.070543,NA,TRUE,TRUE,0.054145,0.053255,12145.4163,7.320604,27.080277,197.366092,7.320604,27.080277,197.366092,731.9759,2707.8429,19592.059,731.9759,2707.8429,19592.059
S3A_20250601T102815_vs_HYPERNETS_20250601T101500_RHOW_R.csv,THFR,Hyp,S3A,3.6641600000000003,43.43485999999999,3.657972,43.440953,0.84,5,2025-06-01T08:15:00Z,2025-06-01T08:28:15Z,13,30,15,-1.2213,-0.0613,-4.8677,-2.8952,-1.722,0.061925,0.065636,0.071876,NA,TRUE,TRUE,0.054227,0.053314,10349.8273,8.047676,30.209394,160.720845,8.047676,30.209394,160.720845,804.4142,3020.9394,13090.4566,804.4142,3020.9394,13090.4566
S3A_20250601T102815_vs_HYPERNETS_20250601T103000_RHOW_R.csv,THFR,Hyp,S3A,3.6641600000000003,43.43485999999999,3.657972,43.440953,0.84,5,2025-06-01T08:30:00Z,2025-06-01T08:28:15Z,2,30,16,-1.1516,-0.0608,-4.4293,-2.6935,-1.6379,0.061925,0.065426,0.071182,NA,TRUE,TRUE,0.054063,0.053178,6960.5908,7.139389,26.129794,133.866232,7.139389,26.129794,133.866232,713.916,2612.7351,13300.5091,713.916,2612.7351,13300.5091
S3A_20250601T102815_vs_HYPERNETS_20250601T104600_RHOW_R.csv,THFR,Hyp,S3A,3.6641600000000003,43.43485999999999,3.657972,43.440953,0.84,5,2025-06-01T08:46:00Z,2025-06-01T08:28:15Z,18,30,16,-1.1834,-0.057,-4.379,-2.6729,-1.6315,0.061855,0.065276,0.070883,NA,TRUE,TRUE,0.054102,0.053208,8396.4745,6.934111,27.052586,152.163842,6.934111,27.052586,152.163842,693.4104,2705.1373,15120.3726,693.4104,2705.1373,15120.3726
S3A_20250609T102044_vs_HYPERNETS_20250609T100000_RHOW_R.csv,THFR,Hyp,S3A,3.6641600000000003,43.43485999999999,3.659487,43.440408,0.72,5,2025-06-09T08:00:00Z,2025-06-09T08:20:44Z,21,30,3,0.2389,0.4299,0.035,0.2484,1.7651,-0.006977,4.08e-4,0.001447,NA,FALSE,FALSE,0.005699,0.003781,179.3556,-0.78275,-0.72558,1.544794,0.78275,0.839921,2.327544,-377.1168,-264.4049,14.9512,318.8879,381.5168,448.4516
S3A_20250609T102044_vs_HYPERNETS_20250609T101500_RHOW_R.csv,THFR,Hyp,S3A,3.6641600000000003,43.43485999999999,3.659487,43.440408,0.72,5,2025-06-09T08:15:00Z,2025-06-09T08:20:44Z,6,30,3,0.2393,0.4124,0.0356,0.2484,1.7358,-0.006707,4.26e-4,0.001447,NA,FALSE,FALSE,0.005655,0.003731,212.6254,-0.770416,-0.724092,2.05692,0.770416,0.816741,2.827336,-344.7179,-262.4392,26.9147,344.7179,445.6749,464.4123
S3A_20250609T102044_vs_HYPERNETS_20250609T103000_RHOW_R.csv,THFR,Hyp,S3A,3.6641600000000003,43.43485999999999,3.659487,43.440408,0.72,5,2025-06-09T08:30:00Z,2025-06-09T08:20:44Z,9,30,3,0.2395,0.466,0.0362,0.2484,1.7062,-0.006587,4.23e-4,0.001444,NA,FALSE,FALSE,0.005661,0.003712,169.7841,-0.767434,-0.724423,1.417116,0.767434,0.810444,2.18455,-337.5323,-262.8748,12.0831,306.7211,355.8655,390.3996
S3A_20250609T102044_vs_HYPERNETS_20250609T104500_RHOW_R.csv,THFR,Hyp,S3A,3.6641600000000003,43.43485999999999,3.659487,43.440408,0.72,5,2025-06-09T08:45:00Z,2025-06-09T08:20:44Z,24,30,3,0.2333,0.3963,0.0344,0.2425,1.7083,-0.006791,4.24e-4,0.001448,NA,FALSE,FALSE,0.005851,0.003862,220.665,-0.779006,-0.730869,2.165535,0.779006,0.827143,2.944541,-363.6332,-271.5667,27.7284,363.6332,478.512,492.1912
S3A_20250610T095433_vs_HYPERNETS_20250610T093000_RHOW_R.csv,THFR,Hyp,S3A,3.6641600000000003,43.43485999999999,3.6564099999999997,43.441396,0.96,5,2025-06-10T07:30:00Z,2025-06-10T07:54:33Z,25,30,6,0.0308,0.042,0.0489,0.149,0.4538,-3.51e-4,6.29e-4,9.5e-4,NA,TRUE,FALSE,0.0062,0.003068,504.5791,-0.519851,-0.236657,0.087864,0.226538,0.432199,0.830599,-117.2004,-31.0488,7.1488,29.3226,85.1642,638.1137
S3A_20250610T095433_vs_HYPERNETS_20250610T094500_RHOW_R.csv,THFR,Hyp,S3A,3.6641600000000003,43.43485999999999,3.6564099999999997,43.441396,0.96,5,2025-06-10T07:45:00Z,2025-06-10T07:54:33Z,10,30,6,0.03,-0.0528,0.0476,0.1449,0.4412,-3.15e-4,6.4e-4,9.54e-4,NA,TRUE,FALSE,0.006361,0.003125,2886.3955,-0.434226,-0.162011,0.173024,0.209261,0.396545,0.809527,-81.6695,-19.3859,15.7386,24.1311,62.5087,612.9892
S3A_20250610T095433_vs_HYPERNETS_20250610T100000_RHOW_R.csv,THFR,Hyp,S3A,3.6641600000000003,43.43485999999999,3.6564099999999997,43.441396,0.96,5,2025-06-10T08:00:00Z,2025-06-10T07:54:33Z,5,30,6,0.0303,0.1076,0.0477,0.1451,0.4416,-3.8e-4,6.19e-4,9.47e-4,NA,TRUE,FALSE,0.006403,0.003166,277.232,-0.563448,-0.327822,-0.018127,0.324388,0.487195,0.840808,-138.0932,-48.7778,-3.779,48.0197,104.2474,671.6853
S3A_20250610T095433_vs_HYPERNETS_20250610T101500_RHOW_R.csv,THFR,Hyp,S3A,3.6641600000000003,43.43485999999999,3.6564099999999997,43.441396,0.96,5,2025-06-10T08:15:00Z,2025-06-10T07:54:33Z,20,30,6,0.0322,0.0634,0.0506,0.1539,0.4683,-3.33e-4,6.34e-4,9.52e-4,NA,TRUE,FALSE,0.005977,0.002962,455.5716,-0.476032,-0.146498,0.237473,0.220184,0.466197,0.820351,-99.8303,-17.2293,21.7727,24.6494,78.9173,605.8913
S3A_20250613T101700_vs_HYPERNETS_20250613T100000_RHOW_R.csv,THFR,Hyp,S3A,3.6641600000000003,43.43485999999999,3.658944,43.441382999999995,0.84,5,2025-06-13T08:00:00Z,2025-06-13T08:17:00Z,17,30,5,-0.0078,-0.0074,-0.2422,-0.0621,-0.0159,0.001128,0.001283,0.001891,NA,TRUE,TRUE,0.005967,0.003036,80.997,-0.045492,0.755558,1.13132,0.755558,0.931162,1.13132,-4.766,75.5558,113.132,75.5558,113.132,118.6317
S3A_20250613T101700_vs_HYPERNETS_20250613T101500_RHOW_R.csv,THFR,Hyp,S3A,3.6641600000000003,43.43485999999999,3.658944,43.441382999999995,0.84,5,2025-06-13T08:15:00Z,2025-06-13T08:17:00Z,2,30,5,-0.008,-0.0065,-0.2477,-0.0635,-0.0163,0.001126,0.001276,0.001862,NA,TRUE,TRUE,0.005785,0.003039,116.2321,0.155732,1.487725,1.553792,0.929031,1.487725,1.553792,15.5732,148.7725,155.3792,148.7725,155.3792,168.5328
S3A_20250613T101700_vs_HYPERNETS_20250613T103000_RHOW_R.csv,THFR,Hyp,S3A,3.6641600000000003,43.43485999999999,3.658944,43.441382999999995,0.84,5,2025-06-13T08:30:00Z,2025-06-13T08:17:00Z,13,30,5,-0.0082,-0.0081,-0.253,-0.0649,-0.0166,0.001127,0.001281,0.00188,NA,TRUE,TRUE,0.005682,0.002946,95.6897,0.055444,1.089617,1.248144,0.927876,1.089617,1.248144,5.5444,108.9617,124.8144,108.9617,124.8144,146.3402
S3A_20250613T101700_vs_HYPERNETS_20250613T104500_RHOW_R.csv,THFR,Hyp,S3A,3.6641600000000003,43.43485999999999,3.658944,43.441382999999995,0.84,5,2025-06-13T08:45:00Z,2025-06-13T08:17:00Z,28,30,5,-0.0083,-0.0067,-0.2558,-0.0656,-0.0168,0.001126,0.001277,0.001865,NA,TRUE,TRUE,0.005596,0.002957,118.4923,0.152032,1.446568,1.695256,0.926776,1.446568,1.695256,15.2032,144.6568,169.5256,144.6568,169.5256,170.3986
S3A_20250614T095049_vs_HYPERNETS_20250614T093000_RHOW_C.csv,THFR,Hyp,S3A,3.6641600000000003,43.43485999999999,3.6613990000000003,43.43951500000001,0.56,5,2025-06-14T07:30:00Z,2025-06-14T07:50:49Z,21,30,6,0.0206,0.1913,0.0751,0.2321,0.717,8.17e-4,0.002042,0.002438,NA,TRUE,TRUE,0.005025,0.003737,1175.7373,6.721809,7.459232,8.006757,6.721809,7.459232,8.006757,671.8691,745.1856,800.6051,671.8691,745.1856,800.6051
S3A_20250614T095049_vs_HYPERNETS_20250614T094500_RHOW_C.csv,THFR,Hyp,S3A,3.6641600000000003,43.43485999999999,3.6613990000000003,43.43951500000001,0.56,5,2025-06-14T07:45:00Z,2025-06-14T07:50:49Z,6,30,6,0.0219,0.1921,0.0761,0.235,0.7257,6.51e-4,0.001988,0.00242,NA,TRUE,TRUE,0.004959,0.003558,325.3439,2.864191,3.389939,4.273683,2.864191,3.389939,4.273683,286.3992,336.6023,426.7726,314.3504,389.7186,429.4626
S3A_20250614T095049_vs_HYPERNETS_20250614T100000_RHOW_C.csv,THFR,Hyp,S3A,3.6641600000000003,43.43485999999999,3.6613990000000003,43.43951500000001,0.56,5,2025-06-14T08:00:00Z,2025-06-14T07:50:49Z,9,30,6,0.0215,0.1949,0.0767,0.2368,0.7313,7.96e-4,0.002035,0.002436,NA,TRUE,TRUE,0.004926,0.003677,746.2382,6.568629,6.828085,7.36553,6.568629,6.828085,7.36553,656.7468,682.8033,736.0219,656.7468,682.8033,736.0219
S3A_20250614T095049_vs_HYPERNETS_20250614T101500_RHOW_C.csv,THFR,Hyp,S3A,3.6641600000000003,43.43485999999999,3.6613990000000003,43.43951500000001,0.56,5,2025-06-14T08:15:00Z,2025-06-14T07:50:49Z,24,30,6,0.0222,0.198,0.0768,0.2372,0.7325,6.72e-4,0.001994,0.002423,NA,TRUE,TRUE,0.004913,0.003559,361.0052,3.284014,4.089093,4.625361,3.284014,4.089093,4.625361,326.7732,408.7251,462.0479,390.6172,408.7251,462.0479
S3A_20250617T101316_vs_HYPERNETS_20250617T094500_RHOW_R.csv,THFR,Hyp,S3A,3.6641600000000003,43.43485999999999,3.657738,43.440546,0.82,5,2025-06-17T07:45:00Z,2025-06-17T08:13:16Z,28,30,4,0.1275,0.0093,0.0499,0.2792,1.5613,-0.00842,-2.1e-4,0.001258,NA,FALSE,FALSE,0.007399,0.005706,589.7626,-0.887445,-0.768762,4.752078,0.810855,0.921943,6.008715,-1264.9144,-364.3195,-9.6272,461.9171,1124.8605,3199.469
S3A_20250617T101316_vs_HYPERNETS_20250617T100000_RHOW_R.csv,THFR,Hyp,S3A,3.6641600000000003,43.43485999999999,3.657738,43.440546,0.82,5,2025-06-17T08:00:00Z,2025-06-17T08:13:16Z,13,30,4,0.1248,-0.0506,0.0487,0.2718,1.5178,-0.008293,-1.9e-4,0.001261,NA,FALSE,FALSE,0.007583,0.005838,2511.9085,-0.869111,-0.76013,23.972387,0.794289,0.909775,25.234571,-1121.4235,-334.9043,30.4618,403.4999,2301.8356,10115.8306
S3A_20250617T101316_vs_HYPERNETS_20250617T101500_RHOW_R.csv,THFR,Hyp,S3A,3.6641600000000003,43.43485999999999,3.657738,43.440546,0.82,5,2025-06-17T08:15:00Z,2025-06-17T08:13:16Z,2,30,4,0.1245,0.031,0.0486,0.2711,1.514,-0.008424,-2.13e-4,0.001257,NA,FALSE,FALSE,0.007662,0.005894,448.0367,-0.891085,-0.776075,3.323706,0.816896,0.924454,4.587925,-1308.9818,-379.5896,-20.9498,480.5736,972.8882,2557.4802
S3A_20250617T101316_vs_HYPERNETS_20250617T103000_RHOW_R.csv,THFR,Hyp,S3A,3.6641600000000003,43.43485999999999,3.657738,43.440546,0.82,5,2025-06-17T08:30:00Z,2025-06-17T08:13:16Z,17,30,4,0.124,-0.0181,0.0484,0.2701,1.5084,-0.008329,-1.96e-4,0.00126,NA,FALSE,FALSE,0.007655,0.005889,1059.0858,-0.875619,-0.765633,9.439622,0.801366,0.914139,10.703632,-1172.5626,-348.018,3.9651,424.4277,1483.383,5171.6258
S3A_20250621T100932_vs_HYPERNETS_20250621T094500_RHOW_R.csv,THFR,Hyp,S3A,3.6641600000000003,43.43485999999999,3.6576649999999997,43.441159999999996,0.88,5,2025-06-21T07:45:00Z,2025-06-21T08:09:32Z,25,30,10,1.2742,0.8876,1.2826,2.4577,4.7094,-0.011157,-0.001457,0.003604,NA,TRUE,FALSE,0.008175,0.005121,241.1933,0.062061,0.944487,3.548717,0.383418,1.135397,3.548717,5.7253,90.5039,353.5737,50.1635,204.4549,394.172
S3A_20250621T100932_vs_HYPERNETS_20250621T100000_RHOW_R.csv,THFR,Hyp,S3A,3.6641600000000003,43.43485999999999,3.6576649999999997,43.441159999999996,0.88,5,2025-06-21T08:00:00Z,2025-06-21T08:09:32Z,10,30,10,1.1806,0.6651,1.2211,2.356,4.5458,-0.010595,-0.001094,0.003831,NA,TRUE,FALSE,0.008197,0.005175,602.6623,0.014437,0.959052,3.764537,0.376707,1.145748,3.764537,0.7833,91.5913,376.4511,48.8256,234.9268,398.8043
S3A_20250621T100932_vs_HYPERNETS_20250621T101500_RHOW_R.csv,THFR,Hyp,S3A,3.6641600000000003,43.43485999999999,3.6576649999999997,43.441159999999996,0.88,5,2025-06-21T08:15:00Z,2025-06-21T08:09:32Z,5,30,10,1.1284,0.8095,1.1526,2.2171,4.2646,-0.01071,-0.001185,0.003767,NA,TRUE,FALSE,0.007979,0.005079,281.971,-0.057156,0.867508,3.228655,0.385578,1.09438,3.228655,-6.9065,82.7503,321.8717,49.8487,190.2127,353.0492
S3A_20250621T100932_vs_HYPERNETS_20250621T103000_RHOW_R.csv,THFR,Hyp,S3A,3.6641600000000003,43.43485999999999,3.6576649999999997,43.441159999999996,0.88,5,2025-06-21T08:30:00Z,2025-06-21T08:09:32Z,20,30,10,1.187,0.7079,1.1896,2.2768,4.3577,-0.01093,-0.001351,0.003653,NA,TRUE,FALSE,0.007972,0.005068,427.1917,-0.030138,0.869233,3.143497,0.388123,1.089971,3.143497,-3.8826,83.2363,312.0999,50.9897,176.9544,351.5232
S3A_20250624T103159_vs_HYPERNETS_20250624T101500_RHOW_C.csv,THFR,Hyp,S3A,3.6641600000000003,43.43485999999999,3.657604,43.442695,1.02,5,2025-06-24T08:15:00Z,2025-06-24T08:31:59Z,17,30,16,-2.8325,-0.0474,-9.4066,-5.811,-3.5898,0.14885,0.156127,0.167906,NA,TRUE,TRUE,0.13519,0.133814,48763.1092,23.723216,51.919704,421.453986,23.723216,51.919704,421.453986,2370.528,5191.7318,42116.2392,2370.528,5191.7318,42116.2392
S3A_20250624T103159_vs_HYPERNETS_20250624T103000_RHOW_C.csv,THFR,Hyp,S3A,3.6641600000000003,43.43485999999999,3.657604,43.442695,1.02,5,2025-06-24T08:30:00Z,2025-06-24T08:31:59Z,2,30,16,-2.8578,-0.0574,-9.5181,-5.8778,-3.6297,0.149118,0.156568,0.168631,NA,TRUE,TRUE,0.135149,0.133777,24603.6434,23.58554,52.003984,332.646857,23.58554,52.003984,332.646857,2356.4845,5200.0967,33261.8477,2356.4845,5200.0967,33261.8477
S3A_20250624T103159_vs_HYPERNETS_20250624T104500_RHOW_C.csv,THFR,Hyp,S3A,3.6641600000000003,43.43485999999999,3.657604,43.442695,1.02,5,2025-06-24T08:45:00Z,2025-06-24T08:31:59Z,13,30,16,-3.0064,-0.0636,-9.4254,-5.866,-3.6508,0.149343,0.156777,0.168723,NA,TRUE,TRUE,0.135118,0.133734,19899.9173,22.15389,52.342013,310.549245,22.15389,52.342013,310.549245,2214.4538,5234.1195,31033.0237,2214.4538,5234.1195,31033.0237
S3A_20250624T103159_vs_HYPERNETS_20250624T110000_RHOW_C.csv,THFR,Hyp,S3A,3.6641600000000003,43.43485999999999,3.657604,43.442695,1.02,5,2025-06-24T09:00:00Z,2025-06-24T08:31:59Z,28,30,16,-3.0291,-0.0535,-9.3518,-5.8325,-3.6376,0.149242,0.156574,0.168331,NA,TRUE,TRUE,0.135138,0.13375,32999.0508,22.005585,51.760201,343.639018,22.005585,51.760201,343.639018,2199.741,5175.5878,34307.5046,2199.741,5175.5878,34307.5046
S3A_20250625T100548_vs_HYPERNETS_20250625T094500_RHOW_R.csv,THFR,Hyp,S3A,3.6641600000000003,43.43485999999999,3.6596599999999997,43.441331,0.81,5,2025-06-25T07:45:00Z,2025-06-25T08:05:48Z,21,30,11,1.385,1.0215,1.6662,3.1394,5.915,-0.012592,-9.96e-4,0.005158,NA,TRUE,FALSE,0.012972,0.008231,527.8844,-0.035124,0.663058,4.824139,0.427755,0.922092,4.824139,-5.046,66.3058,442.7017,43.5058,271.0355,728.8327
S3A_20250625T100548_vs_HYPERNETS_20250625T100000_RHOW_R.csv,THFR,Hyp,S3A,3.6641600000000003,43.43485999999999,3.6596599999999997,43.441331,0.81,5,2025-06-25T08:00:00Z,2025-06-25T08:05:48Z,6,30,11,1.5224,0.6909,1.6907,3.1404,5.8332,-0.01194,-8.34e-4,0.005146,NA,TRUE,FALSE,0.012867,0.008194,2526.5132,0.015586,0.701552,4.53769,0.701419,0.861557,4.53769,-0.0037,70.1552,420.7977,70.1419,265.5408,632.0931
S3A_20250625T100548_vs_HYPERNETS_20250625T103000_RHOW_R.csv,THFR,Hyp,S3A,3.6641600000000003,43.43485999999999,3.6596599999999997,43.441331,0.81,5,2025-06-25T08:30:00Z,2025-06-25T08:05:48Z,24,30,11,1.6983,1.0927,1.7698,3.2398,5.9306,-0.0127,-0.001439,0.004713,NA,TRUE,FALSE,0.012724,0.00815,455.4924,0.04625,0.71972,4.213905,0.50714,0.899087,4.213905,2.9883,71.972,392.9782,49.2073,251.6242,606.6142
S3A_20250628T102815_vs_HYPERNETS_20250628T100000_RHOW_R.csv,THFR,Hyp,S3A,3.6641600000000003,43.43485999999999,3.659122,43.442293,0.92,5,2025-06-28T08:00:00Z,2025-06-28T08:28:15Z,28,30,15,-1.378,-0.0458,-8.5013,-4.9175,-2.8445,0.111257,0.118594,0.131276,NA,TRUE,TRUE,0.0991,0.097652,27081.7948,17.819002,31.152405,275.610323,17.819002,31.152405,275.610323,1781.5532,3115.2405,20064.2433,1781.5532,3115.2405,20064.2433
S3A_20250628T102815_vs_HYPERNETS_20250628T101500_RHOW_R.csv,THFR,Hyp,S3A,3.6641600000000003,43.43485999999999,3.659122,43.442293,0.92,5,2025-06-28T08:15:00Z,2025-06-28T08:28:15Z,13,30,16,-1.3832,-0.039,-7.971,-4.7211,-2.7962,0.111011,0.117698,0.128988,NA,TRUE,TRUE,0.099197,0.097824,31010.5684,16.577218,30.63198,334.958969,16.577218,30.63198,334.958969,1657.7062,3061.489,33436.7215,1657.7062,3061.489,33436.7215
S3A_20250628T102815_vs_HYPERNETS_20250628T103000_RHOW_R.csv,THFR,Hyp,S3A,3.6641600000000003,43.43485999999999,3.659122,43.442293,0.92,5,2025-06-28T08:30:00Z,2025-06-28T08:28:15Z,2,30,16,-1.4349,-0.0362,-7.8791,-4.6768,-2.776,0.111043,0.117716,0.128958,NA,TRUE,TRUE,0.09917,0.097787,43202.2163,16.116222,30.614048,333.224281,16.116222,30.614048,333.224281,1611.538,3059.8086,33175.4555,1611.538,3059.8086,33175.4555
S3A_20250628T102815_vs_HYPERNETS_20250628T104500_RHOW_R.csv,THFR,Hyp,S3A,3.6641600000000003,43.43485999999999,3.659122,43.442293,0.92,5,2025-06-28T08:45:00Z,2025-06-28T08:28:15Z,17,30,16,-1.5113,-0.0378,-7.7543,-4.6186,-2.7509,0.111053,0.117676,0.128795,NA,TRUE,TRUE,0.099149,0.097752,40407.7521,15.496094,31.650936,330.323772,15.496094,31.650936,330.323772,1549.3137,3163.8669,32899.607,1549.3137,3163.8669,32899.607
S3A_20250629T100204_vs_HYPERNETS_20250629T094500_RHOW_R.csv,THFR,Hyp,S3A,3.6641600000000003,43.43485999999999,3.6569849999999997,43.441593999999995,0.95,5,2025-06-29T07:45:00Z,2025-06-29T08:02:04Z,17,30,13,0.7723,0.2759,0.6632,0.9986,1.5035,-0.002378,7.5e-5,0.001704,NA,FALSE,FALSE,0.002467,0.00206,735.7563,-0.36359,-0.07761,0.928222,0.28563,0.605256,0.928222,-57.1314,-8.414,92.8222,28.563,92.8222,156.5837
S3A_20250629T100204_vs_HYPERNETS_20250629T100000_RHOW_R.csv,THFR,Hyp,S3A,3.6641600000000003,43.43485999999999,3.6569849999999997,43.441593999999995,0.95,5,2025-06-29T08:00:00Z,2025-06-29T08:02:04Z,2,30,13,0.8019,0.4258,0.6803,1.0048,1.4839,-0.002486,-9.3e-5,0.001528,NA,FALSE,FALSE,0.002322,0.00198,186.6097,-0.381531,-0.102444,0.735705,0.214551,0.607489,0.735705,-61.6896,-11.4136,73.5705,22.6147,73.5705,154.7697
S3A_20250629T100204_vs_HYPERNETS_20250629T101500_RHOW_R.csv,THFR,Hyp,S3A,3.6641600000000003,43.43485999999999,3.6569849999999997,43.441593999999995,0.95,5,2025-06-29T08:15:00Z,2025-06-29T08:02:04Z,13,30,13,0.8042,0.2383,0.6764,0.9795,1.4185,-0.002399,-1.32e-4,0.001434,NA,FALSE,FALSE,0.002227,0.001946,1419.6208,-0.383011,-0.128693,0.557959,0.197872,0.557959,0.627532,-62.0773,-14.7702,55.7959,24.6684,62.0773,157.0007
S3A_20250629T100204_vs_HYPERNETS_20250629T103000_RHOW_R.csv,THFR,Hyp,S3A,3.6641600000000003,43.43485999999999,3.6569849999999997,43.441593999999995,0.95,5,2025-06-29T08:30:00Z,2025-06-29T08:02:04Z,28,30,13,0.8206,0.2987,0.6881,0.9872,1.4163,-0.0025959999999999998,-3.17e-4,0.001272,NA,FALSE,FALSE,0.002175,0.001921,560.7745,-0.42565,-0.146499,0.447154,0.190554,0.447154,0.641837,-74.1098,-17.1645,44.7154,23.5413,68.8307,165.525
S3A_20250702T102430_vs_HYPERNETS_20250702T100000_RHOW_C.csv,THFR,Hyp,S3A,3.6641600000000003,43.43485999999999,3.658267,43.442406,0.97,5,2025-07-02T08:00:00Z,2025-07-02T08:24:30Z,24,30,16,-0.8288,-0.0485,-4.1052,-2.4499,-1.4621,0.072208,0.076629,0.084036,NA,TRUE,TRUE,0.062313,0.061191,10292.7388,7.447974,17.452607,117.900445,7.447974,17.452607,117.900445,744.5302,1745.2005,11748.5526,744.5302,1745.2005,11748.5526
S3A_20250702T102430_vs_HYPERNETS_20250702T101500_RHOW_C.csv,THFR,Hyp,S3A,3.6641600000000003,43.43485999999999,3.658267,43.442406,0.97,5,2025-07-02T08:15:00Z,2025-07-02T08:24:30Z,10,30,16,-0.8557,-0.0515,-4.1981,-2.5068,-1.4968,0.072317,0.076805,0.08432,NA,TRUE,TRUE,0.062335,0.061222,8532.3958,7.534786,17.097907,114.638164,7.534786,17.097907,114.638164,753.2224,1709.6856,11410.943,753.2224,1709.6856,11410.943
S3A_20250702T102430_vs_HYPERNETS_20250702T103000_RHOW_C.csv,THFR,Hyp,S3A,3.6641600000000003,43.43485999999999,3.658267,43.442406,0.97,5,2025-07-02T08:30:00Z,2025-07-02T08:24:30Z,6,30,0,NA,NA,NA,NA,NA,NA,NA,NA,NA,NA,NA,NA,NA,NA,NA,NA,NA,NA,NA,NA,NA,NA,NA,NA,NA,NA
S3A_20250702T102430_vs_HYPERNETS_20250702T104500_RHOW_C.csv,THFR,Hyp,S3A,3.6641600000000003,43.43485999999999,3.658267,43.442406,0.97,5,2025-07-02T08:45:00Z,2025-07-02T08:24:30Z,20,30,16,-0.9056,-0.0504,-4.1893,-2.5107,-1.5047,0.072434,0.076959,0.084509,NA,TRUE,TRUE,0.062292,0.061167,9303.4487,7.16344,16.800115,110.97539,7.16344,16.800115,110.97539,716.2555,1679.9202,11026.3866,716.2555,1679.9202,11026.3866
S3A_20250703T095819_vs_HYPERNETS_20250703T093000_RHOW_R.csv,THFR,Hyp,S3A,3.6641600000000003,43.43485999999999,3.6584489999999996,43.44164099999999,0.88,5,2025-07-03T07:30:00Z,2025-07-03T07:58:19Z,28,30,15,0.5086,0.0569,0.4635,0.6857,1.0146,-0.002207,-5.71e-4,5.34e-4,NA,FALSE,FALSE,0.003727,0.003393,591.4311,-0.799814,-0.527515,2.034055,0.619094,0.87635,2.034055,-418.7073,-111.6468,202.4644,158.8827,267.9148,643.5942
S3A_20250703T095819_vs_HYPERNETS_20250703T094500_RHOW_R.csv,THFR,Hyp,S3A,3.6641600000000003,43.43485999999999,3.6584489999999996,43.44164099999999,0.88,5,2025-07-03T07:45:00Z,2025-07-03T07:58:19Z,13,30,15,0.517,0.1186,0.4699,0.6937,1.024,-0.002333,-6.64e-4,4.66e-4,NA,FALSE,FALSE,0.003728,0.003358,221.8096,-0.802235,-0.521333,1.047779,0.62522200000000006,0.851752,1.172457,-422.2873,-108.9134,101.7931,123.7375,198.4917,637.2371
S3A_20250703T095819_vs_HYPERNETS_20250703T100000_RHOW_R.csv,THFR,Hyp,S3A,3.6641600000000003,43.43485999999999,3.6584489999999996,43.44164099999999,0.88,5,2025-07-03T08:00:00Z,2025-07-03T07:58:19Z,2,30,15,0.4911,0.0416,0.4463,0.6588,0.9725,-0.002116,-5.18e-4,5.65e-4,NA,TRUE,FALSE,0.003896,0.003545,917.3041,-0.802002,-0.541667,2.591593,0.627104,0.879848,2.591593,-424.2752,-118.182,258.3006,169.2607,298.2227,657.9341
S3A_20250703T095819_vs_HYPERNETS_20250703T101500_RHOW_R.csv,THFR,Hyp,S3A,3.6641600000000003,43.43485999999999,3.6584489999999996,43.44164099999999,0.88,5,2025-07-03T08:15:00Z,2025-07-03T07:58:19Z,17,30,15,0.4298,0.0451,0.3865,0.5649,0.8258,-0.002015,-4.81e-4,5.68e-4,NA,TRUE,FALSE,0.004816,0.004253,768.8536,-0.825325,-0.61449,1.572756,0.66763,0.89643,1.572756,-494.5368,-159.3968,155.456,169.3453,225.5386,770.042
S3A_20250707T095434_vs_HYPERNETS_20250707T101500_RHOW_R.csv,THFR,Hyp,S3A,3.6641600000000003,43.43485999999999,3.657355,43.441379,0.91,5,2025-07-07T08:15:00Z,2025-07-07T07:54:34Z,20,30,15,1.126,0.9088,1.0806,1.6546,2.5335,-0.006712,-7.85e-4,0.003085,NA,TRUE,FALSE,0.006944,0.004255,211.5195,-0.15777,0.061393,1.110343,0.15777,0.451562,1.110343,-18.7355,6.1393,111.0319,18.7355,45.1562,172.8253
S3A_20250710T101700_vs_HYPERNETS_20250710T100000_RHOW_R.csv,THFR,Hyp,S3A,3.6641600000000003,43.43485999999999,3.658505,43.44259,0.97,5,2025-07-10T08:00:00Z,2025-07-10T08:17:00Z,17,30,13,0.2949,0.1912,0.2741,0.4408,0.7089,-0.001314,-1.66e-4,5.48e-4,NA,TRUE,FALSE,0.004129,0.003225,402.0446,-0.745668,-0.597139,0.243559,0.492944,0.714827,0.750101,-293.1866,-148.2245,24.3559,57.1763,250.6643,300.162
S3A_20250710T101700_vs_HYPERNETS_20250710T101500_RHOW_R.csv,THFR,Hyp,S3A,3.6641600000000003,43.43485999999999,3.658505,43.44259,0.97,5,2025-07-10T08:15:00Z,2025-07-10T08:17:00Z,2,30,13,0.3044,0.1962,0.2835,0.4563,0.7347,-0.001287,-1.47e-4,5.61e-4,NA,TRUE,FALSE,0.003917,0.003052,403.671,-0.728705,-0.563927,0.330172,0.470672,0.707267,0.734293,-268.6026,-129.3196,33.0172,68.9013,241.6081,276.354
S3A_20250710T101700_vs_HYPERNETS_20250710T103000_RHOW_R.csv,THFR,Hyp,S3A,3.6641600000000003,43.43485999999999,3.658505,43.44259,0.97,5,2025-07-10T08:30:00Z,2025-07-10T08:17:00Z,13,30,13,0.2934,0.2448,0.2774,0.4501,0.7305,-0.001473,-2.47e-4,5.09e-4,NA,TRUE,FALSE,0.004157,0.003238,212.6123,-0.747433,-0.625236,-0.065707,0.427512,0.722566,0.751871,-295.9349,-166.8344,-7.0328,74.6762,260.4455,303.0162
S3A_20250710T101700_vs_HYPERNETS_20250710T104500_RHOW_R.csv,THFR,Hyp,S3A,3.6641600000000003,43.43485999999999,3.658505,43.44259,0.97,5,2025-07-10T08:45:00Z,2025-07-10T08:17:00Z,28,30,13,0.2984,0.2019,0.2819,0.4572,0.7417,-0.001372,-1.85e-4,5.46e-4,NA,TRUE,FALSE,0.003984,0.003082,337.8441,-0.729484,-0.577967,0.103655,0.431835,0.715453,0.73376,-269.6642,-136.9484,10.3655,56.7425,251.4353,275.6014
S3A_20250711T095050_vs_HYPERNETS_20250711T093000_RHOW_R.csv,THFR,Hyp,S3A,3.6641600000000003,43.43485999999999,3.6539900000000003,43.44157,1.11,5,2025-07-11T07:30:00Z,2025-07-11T07:50:50Z,21,30,7,0.2622,0.0645,0.1929,0.4408,1.0074,-6e-4,8.92e-4,0.001545,NA,FALSE,FALSE,0.004031,0.002576,922.7491,-0.414282,0.857707,1.327975,0.740589,0.941647,1.327975,-82.7859,85.7707,132.4251,101.9949,145.9591,574.6324
S3A_20250711T095050_vs_HYPERNETS_20250711T094500_RHOW_R.csv,THFR,Hyp,S3A,3.6641600000000003,43.43485999999999,3.6539900000000003,43.44157,1.11,5,2025-07-11T07:45:00Z,2025-07-11T07:50:50Z,6,30,7,0.2652,0.0353,0.1989,0.4595,1.0616,-9.65e-4,7.47e-4,0.001487,NA,FALSE,FALSE,0.003938,0.0025,488.4132,-0.651058,0.155496,0.426125,0.426125,0.615614,0.818224,-188.0702,15.5496,41.7084,41.7084,160.1551,698.3051
S3A_20250711T095050_vs_HYPERNETS_20250711T100000_RHOW_R.csv,THFR,Hyp,S3A,3.6641600000000003,43.43485999999999,3.6539900000000003,43.44157,1.11,5,2025-07-11T08:00:00Z,2025-07-11T07:50:50Z,9,30,7,0.2843,0.0935,0.2097,0.4802,1.0997,-6.99e-4,8.51e-4,0.001528,NA,FALSE,FALSE,0.003668,0.002386,669.3364,-0.457467,0.627198,1.100727,0.609713,0.910505,1.115401,-90.2842,62.7198,109.2097,76.317,129.095,538.5306
S3A_20250711T095050_vs_HYPERNETS_20250711T101500_RHOW_R.csv,THFR,Hyp,S3A,3.6641600000000003,43.43485999999999,3.6539900000000003,43.44157,1.11,5,2025-07-11T08:15:00Z,2025-07-11T07:50:50Z,24,30,7,0.3295,0.1676,0.2414,0.5503,1.2549,-6.94e-4,8.48e-4,0.001524,NA,FALSE,FALSE,0.003135,0.00211,509.8588,-0.428941,0.815787,1.344066,0.674679,0.92579,1.344066,-78.1286,81.5787,132.6119,93.1485,114.3945,495.7176
S3A_20250714T101317_vs_HYPERNETS_20250714T094500_RHOW_R.csv,THFR,Hyp,S3A,3.6641600000000003,43.43485999999999,3.659526,43.441452999999996,0.82,5,2025-07-14T07:45:00Z,2025-07-14T08:13:17Z,28,30,8,0.2003,0.0907,0.1538,0.3111,0.6293,-0.001236,2.76e-4,0.001023,NA,TRUE,FALSE,0.005787,0.003916,322.6529,-0.687451,0.308412,0.628152,0.513582,0.723507,0.914934,-268.4513,30.6778,62.4114,51.1335,118.1282,1105.6116
S3A_20250714T101317_vs_HYPERNETS_20250714T100000_RHOW_R.csv,THFR,Hyp,S3A,3.6641600000000003,43.43485999999999,3.659526,43.441452999999996,0.82,5,2025-07-14T08:00:00Z,2025-07-14T08:13:17Z,13,30,8,0.2017,0.1149,0.1551,0.3142,0.6365,-0.001326,2.34e-4,0.001003,NA,TRUE,FALSE,0.005788,0.003848,182.3431,-0.686605,0.028374,0.264908,0.166787,0.581936,0.915639,-268.4093,2.0183,25.5103,16.6776,100.2778,999.5955
S3A_20250714T101317_vs_HYPERNETS_20250714T101500_RHOW_R.csv,THFR,Hyp,S3A,3.6641600000000003,43.43485999999999,3.659526,43.441452999999996,0.82,5,2025-07-14T08:15:00Z,2025-07-14T08:13:17Z,2,30,8,0.2049,0.0744,0.1573,0.3182,0.6438,-0.001231,2.79e-4,0.001025,NA,TRUE,FALSE,0.005619,0.003811,438.5398,-0.68013,0.290487,0.64467,0.513556,0.742112,0.913396,-260.7689,28.8914,63.9442,51.0618,118.2431,1080.6261
S3A_20250714T101317_vs_HYPERNETS_20250714T103000_RHOW_R.csv,THFR,Hyp,S3A,3.6641600000000003,43.43485999999999,3.659526,43.441452999999996,0.82,5,2025-07-14T08:30:00Z,2025-07-14T08:13:17Z,17,30,8,0.2091,0.1048,0.1601,0.3232,0.6524,-0.001234,2.74e-4,0.001021,NA,TRUE,FALSE,0.00551,0.003735,259.9308,-0.676009,0.270566,0.635456,0.513773,0.736992,0.912065,-256.1545,26.5244,63.0022,51.1926,116.5552,1061.5794
S3A_20250718T100933_vs_HYPERNETS_20250718T094500_RHOW_R.csv,THFR,Hyp,S3A,3.6641600000000003,43.43485999999999,3.6601120000000003,43.439934,0.65,5,2025-07-18T07:45:00Z,2025-07-18T08:09:33Z,25,30,14,1.5683,1.4624,1.8271,3.064,5.1384,-0.012756,-0.003521,0.001986,NA,TRUE,FALSE,0.011141,0.006555,169.2323,-0.521658,0.097771,2.23995,0.435267,0.658333,2.23995,-111.025,9.7649,214.3595,56.7118,146.2244,401.1438
S3A_20250718T100933_vs_HYPERNETS_20250718T100000_RHOW_R.csv,THFR,Hyp,S3A,3.6641600000000003,43.43485999999999,3.6601120000000003,43.439934,0.65,5,2025-07-18T08:00:00Z,2025-07-18T08:09:33Z,10,30,14,1.5484,1.4805,1.8255,3.0686,5.1582,-0.013244,-0.003779,0.001851,NA,TRUE,FALSE,0.011128,0.006573,166.8761,-0.549034,0.080097,2.220723,0.454464,0.678757,2.220723,-124.0256,8.0093,212.4763,57.8799,162.3766,380.1337
S3A_20250718T100933_vs_HYPERNETS_20250718T101500_RHOW_R.csv,THFR,Hyp,S3A,3.6641600000000003,43.43485999999999,3.6601120000000003,43.439934,0.65,5,2025-07-18T08:15:00Z,2025-07-18T08:09:33Z,5,30,14,1.5859,1.5079,1.8042,3.0104,5.023,-0.013561,-0.004073,0.001614,NA,TRUE,FALSE,0.010945,0.006463,153.7255,-0.572836,0.046303,2.076235,0.466788,0.691025,2.076235,-136.6191,4.6248,199.1465,57.2498,175.8134,339.7864
S3A_20250718T100933_vs_HYPERNETS_20250718T103000_RHOW_R.csv,THFR,Hyp,S3A,3.6641600000000003,43.43485999999999,3.6601120000000003,43.439934,0.65,5,2025-07-18T08:30:00Z,2025-07-18T08:09:33Z,20,30,14,1.6731,1.4718,1.8697,3.107,5.1631,-0.013315,-0.003982,0.001633,NA,TRUE,FALSE,0.011014,0.006535,158.8237,-0.53963,0.095975,2.155992,0.457531,0.674678,2.155992,-119.1078,9.5966,207.0941,59.1528,157.2671,362.9419
S3A_20250721T103159_vs_HYPERNETS_20250721T101500_RHOW_C.csv,THFR,Hyp,S3A,3.6641600000000003,43.43485999999999,3.658105,43.439893,0.74,5,2025-07-21T08:15:00Z,2025-07-21T08:31:59Z,17,30,16,-1.125,-0.0286,-3.3511,-2.1008,-1.317,0.165346,0.168981,0.174779,NA,TRUE,TRUE,0.154979,0.1546,21874.8271,25.109531,30.71756,232.215329,25.109531,30.71756,232.215329,2510.7154,3068.8137,23220.3233,2510.7154,3068.8137,23220.3233
S3A_20250721T103159_vs_HYPERNETS_20250721T103000_RHOW_C.csv,THFR,Hyp,S3A,3.6641600000000003,43.43485999999999,3.658105,43.439893,0.74,5,2025-07-21T08:30:00Z,2025-07-21T08:31:59Z,2,30,16,-1.1751,-0.0334,-3.342,-2.1103,-1.3325,0.165668,0.169422,0.175367,NA,TRUE,TRUE,0.154794,0.154411,13376.8377,24.256603,29.906726,183.570048,24.256603,29.906726,183.570048,2424.7227,2988.0809,18351.4184,2424.7227,2988.0809,18351.4184
S3A_20250721T103159_vs_HYPERNETS_20250721T104500_RHOW_C.csv,THFR,Hyp,S3A,3.6641600000000003,43.43485999999999,3.658105,43.439893,0.74,5,2025-07-21T08:45:00Z,2025-07-21T08:31:59Z,13,30,16,-1.2429,-0.0303,-3.5581,-2.2443,-1.4157,0.165455,0.169095,0.174865,NA,TRUE,TRUE,0.155214,0.154846,19613.2055,26.907828,33.321246,236.694556,26.907828,33.321246,236.694556,2689.3582,3328.801,23662.2182,2689.3582,3328.801,23662.2182
S3A_20250722T100549_vs_HYPERNETS_20250722T094500_RHOW_R.csv,THFR,Hyp,S3A,3.6641600000000003,43.43485999999999,3.6595579999999996,43.44167699999999,0.85,5,2025-07-22T07:45:00Z,2025-07-22T08:05:49Z,21,30,14,0.763,0.5676,0.6657,0.7963,0.9525,-9.9e-5,5.71e-4,0.00113,NA,TRUE,FALSE,0.00115,9.36e-4,207.5312,-0.191686,-0.127059,0.010019,0.125143,0.190973,0.31047400000000003,-23.7144,-14.5564,0.9954,14.3053,23.6054,37.6568
S3A_20250722T100549_vs_HYPERNETS_20250722T100000_RHOW_R.csv,THFR,Hyp,S3A,3.6641600000000003,43.43485999999999,3.6595579999999996,43.44167699999999,0.85,5,2025-07-22T08:00:00Z,2025-07-22T08:05:49Z,6,30,14,0.7738,0.4271,0.676,0.8067,0.9627,-1.06e-4,5.57e-4,0.001112,NA,TRUE,FALSE,0.001101,8.98e-4,606.7364,-0.182671,-0.120975,0.009406,0.117228,0.18039,0.286353,-22.3512,-13.7666,0.8987,13.2826,22.0112,35.2414
S3A_20250722T100549_vs_HYPERNETS_20250722T101500_RHOW_R.csv,THFR,Hyp,S3A,3.6641600000000003,43.43485999999999,3.6595579999999996,43.44167699999999,0.85,5,2025-07-22T08:15:00Z,2025-07-22T08:05:49Z,9,30,14,0.7871,0.5753,0.69,0.8177,0.9691,-7.6e-5,5.58e-4,0.001093,NA,TRUE,FALSE,0.001031,8.32e-4,206.7947,-0.163326,-0.114623,0.037605,0.110393,0.158463,0.274424,-19.5269,-12.9514,3.668,12.413,18.8381,31.2451
S3A_20250722T100549_vs_HYPERNETS_20250722T103000_RHOW_R.csv,THFR,Hyp,S3A,3.6641600000000003,43.43485999999999,3.6595579999999996,43.44167699999999,0.85,5,2025-07-22T08:30:00Z,2025-07-22T08:05:49Z,24,30,14,0.7787,0.6532,0.6818,0.81,0.9624,-2.23e-4,4.42e-4,0.001003,NA,TRUE,FALSE,0.001112,9.48e-4,131.1989,-0.198749,-0.136456,-0.05485,0.130568,0.195173,0.278743,-24.8085,-15.8126,-5.83,15.0256,23.1196,37.6594
S3A_20250725T102815_vs_HYPERNETS_20250725T100000_RHOW_R.csv,THFR,Hyp,S3A,3.6641600000000003,43.43485999999999,3.6602230000000002,43.441598,0.81,5,2025-07-25T08:00:00Z,2025-07-25T08:28:15Z,28,30,4,-0.603,-0.4375,-1.0575,-0.6139,-0.3564,5.4e-4,6.61e-4,8.68e-4,NA,TRUE,TRUE,4.22e-4,3.64e-4,198.6087,-0.617061,-0.284167,1.665674,0.438731,0.653307,2.200663,-165.2642,-53.4983,67.7273,92.5494,194.9602,338.544
S3A_20250725T102815_vs_HYPERNETS_20250725T101500_RHOW_R.csv,THFR,Hyp,S3A,3.6641600000000003,43.43485999999999,3.6602230000000002,43.441598,0.81,5,2025-07-25T08:15:00Z,2025-07-25T08:28:15Z,13,30,4,-0.4698,-0.3325,-0.7687,-0.4762,-0.295,5.38e-4,6.39e-4,8.01e-4,NA,TRUE,TRUE,5.19e-4,4.64e-4,304.6559,-0.683395,-0.40372,2.533806,0.527887,0.714736,3.233408,-221.3616,-84.4655,62.6004,130.2513,259.3346,469.5204
S3A_20250725T102815_vs_HYPERNETS_20250725T103000_RHOW_R.csv,THFR,Hyp,S3A,3.6641600000000003,43.43485999999999,3.6602230000000002,43.441598,0.81,5,2025-07-25T08:30:00Z,2025-07-25T08:28:15Z,2,30,4,-0.6466,-0.497,-1.1133,-0.6575,-0.3883,5.51e-4,6.74e-4,8.83e-4,NA,TRUE,TRUE,4.03e-4,3.49e-4,164.1862,-0.601387,-0.26178,1.341369,0.431785,0.6401,1.850177,-155.0654,-48.3426,62.7179,87.7424,184.5167,308.04
S3A_20250726T100204_vs_HYPERNETS_20250726T094500_RHOW_R.csv,THFR,Hyp,S3A,3.6641600000000003,43.43485999999999,3.6595079999999998,43.439730000000004,0.66,5,2025-07-26T07:45:00Z,2025-07-26T08:02:04Z,17,30,14,0.9395,0.7768,0.8823,1.3768,2.1483,-0.004865,-0.001136,0.001254,NA,FALSE,FALSE,0.003565,0.002568,222.9723,-0.528914,-0.144105,0.521576,0.333079,0.543096,0.884977,-112.2756,-16.9691,52.0295,42.1407,112.1733,151.7676
S3A_20250726T100204_vs_HYPERNETS_20250726T100000_RHOW_R.csv,THFR,Hyp,S3A,3.6641600000000003,43.43485999999999,3.6595079999999998,43.439730000000004,0.66,5,2025-07-26T08:00:00Z,2025-07-26T08:02:04Z,2,30,14,0.9356,0.7776,0.9004,1.4232,2.2494,-0.004923,-0.001088,0.001339,NA,FALSE,FALSE,0.003711,0.002612,225.5195,-0.520655,-0.119824,0.539913,0.343184,0.534245,0.88323,-108.6224,-13.7781,53.9881,42.9887,107.8566,168.1536
S3A_20250726T100204_vs_HYPERNETS_20250726T101500_RHOW_R.csv,THFR,Hyp,S3A,3.6641600000000003,43.43485999999999,3.6595079999999998,43.439730000000004,0.66,5,2025-07-26T08:15:00Z,2025-07-26T08:02:04Z,13,30,14,0.9611,0.7257,0.9317,1.4776,2.3436,-0.004562,-8.37e-4,0.001511,NA,FALSE,FALSE,0.00383,0.002546,303.2769,-0.459577,-0.076553,0.840892,0.286658,0.537766,0.960671,-85.0522,-8.4617,83.6771,37.8739,88.6274,183.6731
S3A_20250726T100204_vs_HYPERNETS_20250726T103000_RHOW_R.csv,THFR,Hyp,S3A,3.6641600000000003,43.43485999999999,3.6595079999999998,43.439730000000004,0.66,5,2025-07-26T08:30:00Z,2025-07-26T08:02:04Z,28,30,14,0.9897,0.8557,0.968,1.5414,2.4545,-0.004539,-7.98e-4,0.001552,NA,FALSE,FALSE,0.003929,0.002536,200.7616,-0.42611,-0.041436,0.79353,0.2924,0.507873,0.937377,-74.2849,-4.5091,79.3267,35.0221,78.7011,193.957
S3A_20250729T102430_vs_HYPERNETS_20250729T104500_RHOW_R.csv,THFR,Hyp,S3A,3.6641600000000003,43.43485999999999,3.660812,43.441844999999994,0.82,5,2025-07-29T08:45:00Z,2025-07-29T08:24:30Z,20,30,2,17.3862,54.1778,NA,17.3862,NA,NA,-0.010745,NA,NA,NA,NA,4.17e-4,3.91e-4,62.1843,-0.742324,-0.621843,-0.501361,0.501361,0.621843,0.742324,-400.0952,-243.118,-135.4151,135.4151,243.118,400.0952
S3A_20250730T095819_vs_HYPERNETS_20250730T094500_RHOW_R.csv,THFR,Hyp,S3A,3.6641600000000003,43.43485999999999,3.656338,43.442415000000004,1.05,5,2025-07-30T07:45:00Z,2025-07-30T07:58:19Z,13,30,15,1.5116,0.7719,1.4911,2.3138,3.5903,-0.004478,-4.04e-4,0.002221,NA,TRUE,FALSE,0.006346,0.003908,317.0813,0.111241,0.498238,3.061197,0.344135,0.504928,3.061197,10.1993,49.8238,294.722,34.113,67.3296,294.722
S3A_20250730T095819_vs_HYPERNETS_20250730T101600_RHOW_R.csv,THFR,Hyp,S3A,3.6641600000000003,43.43485999999999,3.656338,43.442415000000004,1.05,5,2025-07-30T08:16:00Z,2025-07-30T07:58:19Z,18,30,15,1.5847,0.7367,1.492,2.2597,3.4225,-0.004732,-7.53e-4,0.001874,NA,TRUE,FALSE,0.006052,0.003746,356.6199,0.050232,0.463601,2.552761,0.239741,0.519327,2.552761,3.9234,46.3601,247.9711,27.8494,51.9327,247.9711
S3A_20250802T102045_vs_HYPERNETS_20250802T101500_RHOW_R.csv,THFR,Hyp,S3A,3.6641600000000003,43.43485999999999,3.661271,43.44187599999999,0.82,5,2025-08-02T08:15:00Z,2025-08-02T08:20:45Z,6,30,6,0.4023,0.5433,0.2632,0.4341,0.7159,-6.89e-4,2.18e-4,7.68e-4,NA,TRUE,FALSE,0.002992,0.00192,188.3082,-0.456967,-0.383365,-0.277481,0.350939,0.45405,0.626639,-84.1589,-63.0749,-38.481,54.691,83.1775,175.6051
S3A_20250802T102045_vs_HYPERNETS_20250802T104500_RHOW_R.csv,THFR,Hyp,S3A,3.6641600000000003,43.43485999999999,3.661271,43.44187599999999,0.82,5,2025-08-02T08:45:00Z,2025-08-02T08:20:45Z,24,30,6,1.0516,0.3446,0.6501,1.1823,2.1504,-0.001085,1.3e-4,7.99e-4,NA,FALSE,FALSE,8.89e-4,5.99e-4,1353.1847,0.00933,0.100828,0.430855,0.095638,0.159878,0.455189,0.828,10.0779,41.7555,9.5601,18.491,46.3809
S3A_20250803T095434_vs_HYPERNETS_20250803T093000_RHOW_R.csv,THFR,Hyp,S3A,3.6641600000000003,43.43485999999999,3.658411,43.441658999999994,0.89,5,2025-08-03T07:30:00Z,2025-08-03T07:54:34Z,25,30,15,1.2672,0.6832,1.0888,1.4602,1.9582,-0.001572,1.4e-5,0.001196,NA,TRUE,FALSE,0.002601,0.001804,368.428,-0.313479,0.166159,0.984069,0.25669,0.376461,0.984069,-45.6833,16.6159,95.9257,25.6222,60.3749,131.158
S3A_20250803T095434_vs_HYPERNETS_20250803T094500_RHOW_R.csv,THFR,Hyp,S3A,3.6641600000000003,43.43485999999999,3.658411,43.441658999999994,0.89,5,2025-08-03T07:45:00Z,2025-08-03T07:54:34Z,10,30,15,1.2915,0.5602,1.1082,1.4651,1.9371,-0.001424,5.9e-5,0.001181,NA,TRUE,FALSE,0.002569,0.001792,907.8697,-0.282966,0.191514,0.926544,0.255175,0.343771,0.926544,-39.4782,19.1514,90.7128,26.9842,52.3858,94.1738
S3A_20250803T095434_vs_HYPERNETS_20250803T100000_RHOW_R.csv,THFR,Hyp,S3A,3.6641600000000003,43.43485999999999,3.658411,43.441658999999994,0.89,5,2025-08-03T08:00:00Z,2025-08-03T07:54:34Z,5,30,15,1.309,0.8982,1.1231,1.4846,1.9625,-0.001727,-1.71e-4,0.001006,NA,TRUE,FALSE,0.002515,0.00177,151.4524,-0.326475,0.188008,0.884544,0.258538,0.375331,0.936203,-48.4865,18.8008,86.588,25.8162,60.0847,160.812
S3A_20250803T095434_vs_HYPERNETS_20250803T101500_RHOW_R.csv,THFR,Hyp,S3A,3.6641600000000003,43.43485999999999,3.658411,43.441658999999994,0.89,5,2025-08-03T08:15:00Z,2025-08-03T07:54:34Z,20,30,15,1.3074,0.6895,1.122,1.4531,1.8819,-0.001468,-7.1e-5,0.001008,NA,TRUE,FALSE,0.002412,0.001705,371.7161,-0.294797,0.198083,0.775784,0.251173,0.337733,0.797819,-41.8063,19.8083,76.3218,25.0936,50.9966,133.6912
S3A_20250806T101700_vs_HYPERNETS_20250806T100000_RHOW_R.csv,THFR,Hyp,S3A,3.6641600000000003,43.43485999999999,3.6590649999999996,43.440383999999995,0.74,5,2025-08-06T08:00:00Z,2025-08-06T08:17:00Z,17,30,7,0.0864,-0.0637,0.1465,0.384,1.0066,-0.001302,2.13e-4,7.91e-4,NA,FALSE,FALSE,0.003596,0.002295,708.436,-0.464096,-0.066397,0.307339,0.187258,0.620073,0.831354,-95.0449,-7.1119,25.342,24.4238,67.8922,1022.4765
S3A_20250806T101700_vs_HYPERNETS_20250806T101500_RHOW_R.csv,THFR,Hyp,S3A,3.6641600000000003,43.43485999999999,3.6590649999999996,43.440383999999995,0.74,5,2025-08-06T08:15:00Z,2025-08-06T08:17:00Z,2,30,7,0.0869,-0.0172,0.1397,0.3653,0.9556,-0.00129,2.15e-4,7.91e-4,NA,TRUE,FALSE,0.003774,0.002403,410.276,-0.508247,-0.084151,0.362853,0.229303,0.642039,0.867506,-111.3261,-9.1883,30.6517,32.117,75.0642,766.2138
S3A_20250806T101700_vs_HYPERNETS_20250806T103000_RHOW_R.csv,THFR,Hyp,S3A,3.6641600000000003,43.43485999999999,3.6590649999999996,43.440383999999995,0.74,5,2025-08-06T08:30:00Z,2025-08-06T08:17:00Z,13,30,7,0.0895,-0.0223,0.1472,0.3854,1.009,-0.001317,2.06e-4,7.88e-4,NA,FALSE,FALSE,0.00358,0.002292,392.887,-0.510759,-0.161616,0.36484,0.280899,0.621336,0.868393,-109.828,-19.277,30.8449,41.0161,75.3105,721.567
S3A_20250806T101700_vs_HYPERNETS_20250806T104500_RHOW_R.csv,THFR,Hyp,S3A,3.6641600000000003,43.43485999999999,3.6590649999999996,43.440383999999995,0.74,5,2025-08-06T08:45:00Z,2025-08-06T08:17:00Z,28,30,7,0.091,-0.0622,0.1498,0.3923,1.0271,-0.001214,2.46e-4,8.03e-4,NA,FALSE,FALSE,0.003479,0.002255,1334.5725,-0.282456,0.280558,0.909235,0.371634,0.608947,1.169476,-56.5036,28.0558,85.6285,36.8607,135.5759,1133.4929
S3A_20250807T095049_vs_HYPERNETS_20250807T093000_RHOW_R.csv,THFR,Hyp,S3A,3.6641600000000003,43.43485999999999,3.65482,43.442220999999996,1.11,5,2025-08-07T07:30:00Z,2025-08-07T07:50:49Z,21,30,6,0.0934,0.0997,0.0875,0.2561,0.7496,3.92e-4,0.001347,0.001674,NA,TRUE,TRUE,0.003342,0.002335,621.7733,1.507901,1.951923,2.799826,1.507901,1.951923,2.799826,150.5599,194.09,278.32,181.634,248.5873,294.4389
S3A_20250807T095049_vs_HYPERNETS_20250807T094500_RHOW_R.csv,THFR,Hyp,S3A,3.6641600000000003,43.43485999999999,3.65482,43.442220999999996,1.11,5,2025-08-07T07:45:00Z,2025-08-07T07:50:49Z,6,30,6,0.0924,0.1012,0.0866,0.2534,0.7418,3.82e-4,0.001344,0.001673,NA,TRUE,TRUE,0.003379,0.002341,594.4092,1.459205,1.764774,2.616902,1.459205,1.764774,2.616902,145.8471,175.7491,259.5548,165.9108,237.1716,283.4029
S3A_20250807T095049_vs_HYPERNETS_20250807T100000_RHOW_R.csv,THFR,Hyp,S3A,3.6641600000000003,43.43485999999999,3.65482,43.442220999999996,1.11,5,2025-08-07T08:00:00Z,2025-08-07T07:50:49Z,9,30,6,0.0934,0.076,0.0879,0.2576,0.7543,3.89e-4,0.001347,0.001674,NA,TRUE,TRUE,0.003324,0.002325,813.2072,1.619939,1.820353,2.684925,1.619939,1.820353,2.684925,161.958,181.759,265.7608,175.5887,233.1289,288.9985
S3A_20250807T095049_vs_HYPERNETS_20250807T101500_RHOW_R.csv,THFR,Hyp,S3A,3.6641600000000003,43.43485999999999,3.65482,43.442220999999996,1.11,5,2025-08-07T08:15:00Z,2025-08-07T07:50:49Z,24,30,6,0.0961,0.0924,0.0903,0.2644,0.7741,3.76e-4,0.001342,0.001672,NA,TRUE,TRUE,0.003234,0.002279,673.9744,1.539678,1.831591,2.669911,1.539678,1.831591,2.669911,153.5648,183.1325,263.7568,181.1995,224.8716,286.9875
S3A_20250810T101315_vs_HYPERNETS_20250810T094500_RHOW_R.csv,THFR,Hyp,S3A,3.6641600000000003,43.43485999999999,3.659893,43.442288999999995,0.9,5,2025-08-10T07:45:00Z,2025-08-10T08:13:15Z,28,30,6,0.1968,0.27,0.1173,0.2322,0.4594,4.43e-4,8.64e-4,0.001077,NA,TRUE,TRUE,0.002954,0.001764,409.4915,1.305572,1.362045,2.209101,1.305572,1.362045,2.209101,130.5483,136.195,216.8741,135.1377,185.7912,246.9984
S3A_20250810T101315_vs_HYPERNETS_20250810T100000_RHOW_R.csv,THFR,Hyp,S3A,3.6641600000000003,43.43485999999999,3.659893,43.442288999999995,0.9,5,2025-08-10T08:00:00Z,2025-08-10T08:13:15Z,13,30,6,0.196,0.2092,0.1167,0.2318,0.4604,4.38e-4,8.63e-4,0.001077,NA,TRUE,TRUE,0.002963,0.001762,664.705,1.121099,1.272147,2.054589,1.121099,1.272147,2.054589,112.0983,126.9358,202.7287,121.3806,179.5841,239.4034
S3A_20250810T101315_vs_HYPERNETS_20250810T101500_RHOW_R.csv,THFR,Hyp,S3A,3.6641600000000003,43.43485999999999,3.659893,43.442288999999995,0.9,5,2025-08-10T08:15:00Z,2025-08-10T08:13:15Z,2,30,6,0.1983,0.2312,0.1179,0.235,0.4683,4.13e-4,8.52e-4,0.001072,NA,TRUE,TRUE,0.002922,0.001712,440.3844,0.688026,0.938347,1.760926,0.750774,0.938347,1.760926,68.4394,93.7601,171.9763,91.0914,145.1645,230.2368
S3A_20250810T101315_vs_HYPERNETS_20250810T103000_RHOW_R.csv,THFR,Hyp,S3A,3.6641600000000003,43.43485999999999,3.659893,43.442288999999995,0.9,5,2025-08-10T08:30:00Z,2025-08-10T08:13:15Z,17,30,6,0.2014,0.3011,0.1198,0.2386,0.4749,3.71e-4,8.3e-4,0.001061,NA,TRUE,TRUE,0.002885,0.00163,214.5489,0.311723,0.560255,1.287645,0.52887,0.663771,1.308018,30.759,55.8992,125.025,52.7929,101.8036,214.0395
S3A_20250822T100201_vs_HYPERNETS_20250822T094500_RHOW_R.csv,THFR,Hyp,S3A,3.6641600000000003,43.43485999999999,3.6582619999999997,43.440353,0.78,5,2025-08-22T07:45:00Z,2025-08-22T08:02:01Z,17,30,14,1.4205,1.123,1.3982,2.2326,3.5649,-0.007955,-0.00259,7.7e-4,NA,TRUE,FALSE,0.005671,0.003321,128.1057,-0.494931,0.089368,1.031212,0.301801,0.58824,1.049068,-102.4547,8.8696,102.9641,34.1679,117.4566,238.4204
S3A_20250822T100201_vs_HYPERNETS_20250822T100000_RHOW_R.csv,THFR,Hyp,S3A,3.6641600000000003,43.43485999999999,3.6582619999999997,43.440353,0.78,5,2025-08-22T08:00:00Z,2025-08-22T08:02:01Z,2,30,14,1.4169,1.0414,1.4302,2.3064,3.7195,-0.007884,-0.002457,9.08e-4,NA,TRUE,FALSE,0.00584,0.003415,155.779,-0.467822,0.121509,1.128451,0.277046,0.57059,1.142517,-92.6355,12.0685,112.4441,33.7773,119.1265,257.8743
S3A_20250822T100201_vs_HYPERNETS_20250822T101500_RHOW_R.csv,THFR,Hyp,S3A,3.6641600000000003,43.43485999999999,3.6582619999999997,43.440353,0.78,5,2025-08-22T08:15:00Z,2025-08-22T08:02:01Z,13,30,14,1.3873,0.7833,1.4438,2.3528,3.8343,-0.007659,-0.002227,0.001106,NA,TRUE,FALSE,0.006004,0.003504,348.6131,-0.445104,0.148195,1.308443,0.255661,0.553374,1.308443,-85.1581,14.7067,130.7943,29.3398,118.5584,275.5034
S3A_20250822T100201_vs_HYPERNETS_20250822T103000_RHOW_R.csv,THFR,Hyp,S3A,3.6641600000000003,43.43485999999999,3.6582619999999997,43.440353,0.78,5,2025-08-22T08:30:00Z,2025-08-22T08:02:01Z,28,30,14,1.5155,0.8065,1.4704,2.3329,3.7015,-0.007339,-0.00226,9.42e-4,NA,TRUE,FALSE,0.005795,0.003395,331.2712,-0.421902,0.158154,1.426096,0.254407,0.538665,1.426096,-77.6837,15.7247,142.3719,25.4749,115.701,253.3533
S3A_20250829T102042_vs_HYPERNETS_20250829T100000_RHOW_C.csv,THFR,Hyp,S3A,3.6641600000000003,43.43485999999999,3.658595,43.441444999999995,0.86,5,2025-08-29T08:00:00Z,2025-08-29T08:20:42Z,21,30,5,-1.8776,-0.5449,-19.4032,-5.2425,-1.4164,0.005522,0.009334,0.023444,NA,TRUE,TRUE,0.003479,0.003114,375.2696,2.175917,3.234026,3.790094,2.175917,3.234026,3.790094,217.5917,323.4026,379.0094,217.5917,323.4026,379.0094
S3A_20250829T102042_vs_HYPERNETS_20250829T103000_RHOW_C.csv,THFR,Hyp,S3A,3.6641600000000003,43.43485999999999,3.658595,43.441444999999995,0.86,5,2025-08-29T08:30:00Z,2025-08-29T08:20:42Z,9,30,5,-2.4631,-0.3443,-34.8823,-9.1728,-2.4121,0.00514,0.008027,0.019004,NA,TRUE,TRUE,0.00397,0.003683,1131.5595,7.083862,9.084207,9.094678,7.083862,9.084207,9.094678,708.3862,908.4207,909.4678,708.3862,908.4207,909.4678
S3A_20250902T101656_vs_HYPERNETS_20250902T100000_RHOW_R.csv,THFR,Hyp,S3A,3.6641600000000003,43.43485999999999,3.660826,43.44148699999999,0.79,5,2025-09-02T08:00:00Z,2025-09-02T08:16:56Z,17,30,14,0.8179,0.4841,0.7051,1.015,1.4612,-0.001719,-6.5e-5,0.001084,NA,FALSE,FALSE,0.00173,0.001362,343.104,-0.403803,-0.154696,0.49303,0.179619,0.453986,0.671754,-67.9064,-18.3058,45.163,21.9758,70.0055,102.1394
S3A_20250902T101656_vs_HYPERNETS_20250902T101500_RHOW_R.csv,THFR,Hyp,S3A,3.6641600000000003,43.43485999999999,3.660826,43.44148699999999,0.79,5,2025-09-02T08:15:00Z,2025-09-02T08:16:56Z,2,30,14,0.8052,0.5622,0.6981,1.0146,1.4746,-0.001716,-2.7e-5,0.001135,NA,FALSE,FALSE,0.001784,0.001375,211.46190000000001,-0.401048,-0.158106,0.493385,0.186084,0.452281,0.668653,-67.1463,-18.7949,45.4698,22.9233,69.4387,102.1634
S3A_20250902T101656_vs_HYPERNETS_20250902T103000_RHOW_R.csv,THFR,Hyp,S3A,3.6641600000000003,43.43485999999999,3.660826,43.44148699999999,0.79,5,2025-09-02T08:30:00Z,2025-09-02T08:16:56Z,13,30,14,0.8371,0.4766,0.7214,1.0382,1.4939,-0.001692,-4.8e-5,0.001095,NA,FALSE,FALSE,0.001714,0.001294,375.5605,-0.383593,-0.133737,0.582896,0.157543,0.437221,0.748932,-62.4012,-15.4449,53.3275,18.7551,72.6797,97.1202
S3A_20250902T101656_vs_HYPERNETS_20250902T104500_RHOW_R.csv,THFR,Hyp,S3A,3.6641600000000003,43.43485999999999,3.660826,43.44148699999999,0.79,5,2025-09-02T08:45:00Z,2025-09-02T08:16:56Z,28,30,14,0.8333,0.5398,0.7201,1.0411,1.505,-0.001698,-3.4e-5,0.001116,NA,FALSE,FALSE,0.001738,0.001296,250.2401,-0.385908,-0.131689,0.610634,0.156892,0.43679,0.771819,-63.0289,-15.1764,55.7697,18.6559,74.8339,97.7521
S3A_20250903T095044_vs_HYPERNETS_20250903T093000_RHOW_R.csv,THFR,Hyp,S3A,3.6641600000000003,43.43485999999999,3.653207,43.440618,1.09,5,2025-09-03T07:30:00Z,2025-09-03T07:50:44Z,21,30,14,0.6387,0.6893,0.542,0.7039,0.9143,-8.04e-4,-1.23e-4,4.01e-4,NA,TRUE,FALSE,0.001674,0.001376,59.545,-0.470809,-0.351433,0.092913,0.309156,0.418447,0.576899,-89.118,-54.7402,8.2112,36.4025,70.4013,138.1316
S3A_20250903T095044_vs_HYPERNETS_20250903T094500_RHOW_R.csv,THFR,Hyp,S3A,3.6641600000000003,43.43485999999999,3.653207,43.440618,1.09,5,2025-09-03T07:45:00Z,2025-09-03T07:50:44Z,6,30,15,0.583,0.334,0.5009,0.6714,0.9001,-5.68e-4,1.25e-4,6.43e-4,NA,TRUE,FALSE,0.001717,0.001425,740.1591,-0.466312,-0.33655,0.229273,0.324194,0.41394,0.6169,-87.6625,-50.7273,22.6497,32.6761,70.6309,161.6138
S3A_20250903T095044_vs_HYPERNETS_20250903T100000_RHOW_R.csv,THFR,Hyp,S3A,3.6641600000000003,43.43485999999999,3.653207,43.440618,1.09,5,2025-09-03T08:00:00Z,2025-09-03T07:50:44Z,9,30,15,0.5973,0.4329,0.5128,0.6837,0.9116,-6.33e-4,6.6e-5,5.9e-4,NA,TRUE,FALSE,0.001685,0.001385,281.3979,-0.478439,-0.386317,0.046748,0.197281,0.433036,0.60608,-92.3407,-62.9506,3.8158,22.4705,76.378,154.3576
S3A_20250903T095044_vs_HYPERNETS_20250903T101500_RHOW_R.csv,THFR,Hyp,S3A,3.6641600000000003,43.43485999999999,3.653207,43.440618,1.09,5,2025-09-03T08:15:00Z,2025-09-03T07:50:44Z,24,30,15,0.5886,0.4175,0.5053,0.6728,0.8958,-6.87e-4,2.2e-5,5.55e-4,NA,TRUE,FALSE,0.001773,0.001432,319.5952,-0.528456,-0.391396,-0.024917,0.189158,0.444773,0.61098,-112.2254,-64.3104,-2.8385,23.3962,80.1065,157.58
S3A_20250906T101311_vs_HYPERNETS_20250906T094500_RHOW_R.csv,THFR,Hyp,S3A,3.6641600000000003,43.43485999999999,3.6602479999999997,43.442060999999995,0.86,5,2025-09-06T07:45:00Z,2025-09-06T08:13:11Z,28,30,15,1.0503,0.6842,1.0267,1.5866,2.4517,-0.004543,-0.00115,0.001045,NA,TRUE,FALSE,0.004028,0.002391,187.2714,-0.377687,-0.125216,0.710569,0.221942,0.559144,0.743588,-63.373,-14.3139,70.3854,28.5682,86.1995,166.3968
S3A_20250906T101311_vs_HYPERNETS_20250906T100000_RHOW_R.csv,THFR,Hyp,S3A,3.6641600000000003,43.43485999999999,3.6602479999999997,43.442060999999995,0.86,5,2025-09-06T08:00:00Z,2025-09-06T08:13:11Z,13,30,15,1.1119,0.6961,1.0699,1.6404,2.5151,-0.004542,-0.001199,9.82e-4,NA,TRUE,FALSE,0.004,0.002329,180.0527,-0.357806,-0.089604,0.784086,0.17375,0.573774,0.799075,-58.395,-9.8423,77.2948,21.086,90.6261,158.769
S3A_20250906T101311_vs_HYPERNETS_20250906T101500_RHOW_R.csv,THFR,Hyp,S3A,3.6641600000000003,43.43485999999999,3.6602479999999997,43.442060999999995,0.86,5,2025-09-06T08:15:00Z,2025-09-06T08:13:11Z,2,30,15,1.1457,0.7349,1.0836,1.6458,2.4996,-0.004648,-0.001328,8.58e-4,NA,TRUE,FALSE,0.003906,0.002294,153.7752,-0.38096,-0.08671,0.650614,0.253934,0.538559,0.691092,-64.0351,-9.4942,64.6806,34.0384,76.2668,162.1092
S3A_20250906T101311_vs_HYPERNETS_20250906T103000_RHOW_R.csv,THFR,Hyp,S3A,3.6641600000000003,43.43485999999999,3.6602479999999997,43.442060999999995,0.86,5,2025-09-06T08:30:00Z,2025-09-06T08:13:11Z,17,30,15,1.1576,0.8333,1.1187,1.719,2.6415,-0.004709,-0.001293,9.29e-4,NA,TRUE,FALSE,0.00407,0.002345,115.5904,-0.393075,-0.057226,0.751849,0.237894,0.563292,0.751849,-66.2682,-6.07,74.9041,31.2968,85.1007,151.3391
S3A_20250910T100928_vs_HYPERNETS_20250910T094500_RHOW_R.csv,THFR,Hyp,S3A,3.6641600000000003,43.43485999999999,3.6583579999999998,43.44251200000001,0.97,5,2025-09-10T07:45:00Z,2025-09-10T08:09:28Z,24,30,14,0.8044,0.4302,0.7261,1.1029,1.6752,-0.001941,-1.61e-4,0.001011,NA,FALSE,FALSE,0.0019,0.001436,371.4593,-0.483984,-0.138857,0.821841,0.172137,0.588167,1.020946,-98.0525,-16.1268,73.6812,21.0129,116.2902,173.5071
S3A_20250910T100928_vs_HYPERNETS_20250910T100000_RHOW_R.csv,THFR,Hyp,S3A,3.6641600000000003,43.43485999999999,3.6583579999999998,43.44251200000001,0.97,5,2025-09-10T08:00:00Z,2025-09-10T08:09:28Z,9,30,14,0.7824,0.4501,0.697,1.0463,1.5708,-0.002096,-3.05e-4,8.89e-4,NA,FALSE,FALSE,0.00187,0.001572,300.9871,-0.585056,-0.187658,0.567582,0.228451,0.662608,0.797114,-151.7397,-23.1009,50.1635,30.1829,90.911,196.5063
S3A_20250910T100928_vs_HYPERNETS_20250910T101500_RHOW_R.csv,THFR,Hyp,S3A,3.6641600000000003,43.43485999999999,3.6583579999999998,43.44251200000001,0.97,5,2025-09-10T08:15:00Z,2025-09-10T08:09:28Z,6,30,14,0.8254,0.3825,0.7318,1.0935,1.634,-0.001775,-1.06e-4,0.00101,NA,FALSE,FALSE,0.001818,0.001371,595.6681,-0.443482,-0.136714,0.733724,0.15852,0.554106,0.932311,-82.3183,-15.8389,65.9669,18.9063,99.8631,186.9096
S3A_20250910T100928_vs_HYPERNETS_20250910T103000_RHOW_R.csv,THFR,Hyp,S3A,3.6641600000000003,43.43485999999999,3.6583579999999998,43.44251200000001,0.97,5,2025-09-10T08:30:00Z,2025-09-10T08:09:28Z,21,30,14,0.8164,0.3065,0.7228,1.0785,1.6092,-0.001742,-9e-5,0.001018,NA,FALSE,FALSE,0.001816,0.001388,1277.5325,-0.378584,-0.146174,0.708562,0.165538,0.511024,0.909484,-61.6479,-17.1222,63.7857,19.8892,82.8052,211.7851
S3A_20250917T102811_vs_HYPERNETS_20250917T100000_RHOW_R.csv,THFR,Hyp,S3A,3.6641600000000003,43.43485999999999,3.661792,43.440188,0.62,5,2025-09-17T08:00:00Z,2025-09-17T08:28:11Z,28,30,7,0.0129,-0.2049,0.1016,0.2712,0.7245,-9.53e-4,5.46e-4,0.001107,NA,TRUE,FALSE,0.004114,0.003334,340.0991,-0.766381,4.937394,5.317152,0.94886,4.937394,5.317152,-458.6978,493.7394,531.161,499.472,558.1704,797.2861
S3A_20250917T102811_vs_HYPERNETS_20250917T101500_RHOW_R.csv,THFR,Hyp,S3A,3.6641600000000003,43.43485999999999,3.661792,43.440188,0.62,5,2025-09-17T08:15:00Z,2025-09-17T08:28:11Z,13,30,7,0.0134,-0.2003,0.1022,0.273,0.7291,-9.46e-4,5.49e-4,0.001108,NA,TRUE,FALSE,0.00408,0.003315,359.1262,-0.764775,5.139338,5.78697,0.948369,5.139338,5.78697,-454.1898,513.9338,578.6839,543.4927,582.9193,805.5605
S3A_20250917T102811_vs_HYPERNETS_20250917T103000_RHOW_R.csv,THFR,Hyp,S3A,3.6641600000000003,43.43485999999999,3.661792,43.440188,0.62,5,2025-09-17T08:30:00Z,2025-09-17T08:28:11Z,2,30,7,0.0154,-0.2025,0.1032,0.2756,0.7359,-9.47e-4,5.48e-4,0.001108,NA,TRUE,FALSE,0.004032,0.003282,350.5954,-0.763635,5.189511,5.4991390000000004,0.947701,5.189511,5.4991390000000004,-449.9565,518.9511,549.5152,523.0376,572.6767,795.5937
S3A_20250917T102811_vs_HYPERNETS_20250917T104500_RHOW_R.csv,THFR,Hyp,S3A,3.6641600000000003,43.43485999999999,3.661792,43.440188,0.62,5,2025-09-17T08:45:00Z,2025-09-17T08:28:11Z,17,30,7,0.0157,-0.1911,0.1038,0.2771,0.7399,-9.16e-4,5.59e-4,0.001112,NA,TRUE,FALSE,0.003988,0.003271,438.6268,-0.761278,6.285034,6.990865,0.946995,6.285034,6.990865,-443.689,628.5034,699.0625,660.0163,705.2806,916.0328
S3A_20250918T100200_vs_HYPERNETS_20250918T094500_RHOW_R.csv,THFR,Hyp,S3A,3.6641600000000003,43.43485999999999,3.657427,43.440141,0.8,5,2025-09-18T07:45:00Z,2025-09-18T08:02:00Z,17,30,14,0.6904,0.402,0.6593,1.0381,1.6344,-0.002195,-1.25e-4,0.00119,NA,FALSE,FALSE,0.002475,0.001865,742.8428,-0.38344,-0.242773,1.294872,0.266317,0.483555,1.429495,-62.3642,-32.1208,117.7257,36.2989,96.2036,200.5709
S3A_20250918T100200_vs_HYPERNETS_20250918T100000_RHOW_R.csv,THFR,Hyp,S3A,3.6641600000000003,43.43485999999999,3.657427,43.440141,0.8,5,2025-09-18T08:00:00Z,2025-09-18T08:02:00Z,2,30,14,0.7233,0.6226,0.6737,1.0462,1.6247,-0.002295,-2.39e-4,0.001085,NA,FALSE,FALSE,0.00237,0.001808,129.0864,-0.403837,-0.243963,1.108695,0.261333,0.48885,1.258288,-67.7405,-32.2923,100.9921,35.3825,98.3183,170.7563
S3A_20250918T100200_vs_HYPERNETS_20250918T101500_RHOW_R.csv,THFR,Hyp,S3A,3.6641600000000003,43.43485999999999,3.657427,43.440141,0.8,5,2025-09-18T08:15:00Z,2025-09-18T08:02:00Z,13,30,14,0.7239,0.6333,0.6568,1.0017,1.5278,-0.002439,-4.01e-4,9.35e-4,NA,FALSE,FALSE,0.002324,0.001855,117.5722,-0.50188,-0.298387,0.795734,0.308308,0.562941,0.980641,-101.1462,-42.5366,72.3296,44.5759,107.0199,146.0159
S3A_20250918T100200_vs_HYPERNETS_20250918T103000_RHOW_R.csv,THFR,Hyp,S3A,3.6641600000000003,43.43485999999999,3.657427,43.440141,0.8,5,2025-09-18T08:30:00Z,2025-09-18T08:02:00Z,28,30,14,0.7321,0.6538,0.6577,0.995,1.5053,-0.002466,-4.51e-4,8.82e-4,NA,FALSE,FALSE,0.002292,0.001856,108.3397,-0.542164,-0.303813,0.710564,0.321227,0.585273,0.906858,-119.6432,-43.6591,64.3132,47.3417,95.7178,145.3977
S3A_20250922T095817_vs_HYPERNETS_20250922T093000_RHOW_R.csv,THFR,Hyp,S3A,3.6641600000000003,43.43485999999999,3.661541,43.439323,0.54,5,2025-09-22T07:30:00Z,2025-09-22T07:58:17Z,28,30,15,0.815,0.9379,0.717,1.021,1.4539,-0.001795,2e-5,0.001294,NA,FALSE,FALSE,0.002302,0.001763,160.4968,-0.478944,-0.185862,0.459164,0.249503,0.494498,0.830146,-92.0035,-22.8292,43.8772,30.8794,86.3552,142.8036
S3A_20250922T095817_vs_HYPERNETS_20250922T094500_RHOW_R.csv,THFR,Hyp,S3A,3.6641600000000003,43.43485999999999,3.661541,43.439323,0.54,5,2025-09-22T07:45:00Z,2025-09-22T07:58:17Z,13,30,15,0.8155,0.9467,0.7135,1.0071,1.4217,-0.001892,-8.6e-5,0.001193,NA,FALSE,FALSE,0.002248,0.001784,151.9257,-0.505637,-0.200945,0.343488,0.255959,0.522345,0.799387,-102.3961,-25.1478,33.0836,34.77,95.6675,135.0974
S3A_20250922T095817_vs_HYPERNETS_20250922T100000_RHOW_R.csv,THFR,Hyp,S3A,3.6641600000000003,43.43485999999999,3.661541,43.439323,0.54,5,2025-09-22T08:00:00Z,2025-09-22T07:58:17Z,2,30,15,0.8227,0.5138,0.7194,1.0149,1.4316,-0.001697,4.8e-5,0.001286,NA,FALSE,FALSE,0.002237,0.00172,2132.3622,-0.47331,-0.186885,0.666948,0.244784,0.482227,1.026767,-89.8923,-22.9839,60.0655,31.4308,93.135,124.2343
S3A_20250922T095817_vs_HYPERNETS_20250922T101500_RHOW_R.csv,THFR,Hyp,S3A,3.6641600000000003,43.43485999999999,3.661541,43.439323,0.54,5,2025-09-22T08:15:00Z,2025-09-22T07:58:17Z,17,30,15,0.8385,0.8183,0.7361,1.045,1.4836,-0.001773,2.2e-5,0.001287,NA,FALSE,FALSE,0.002264,0.001696,265.9483,-0.472317,-0.17015,0.605873,0.260345,0.488665,0.952786,-89.5988,-20.5037,56.5627,30.97,95.5666,134.3413
S3A_20250925T102044_vs_HYPERNETS_20250925T100000_RHOW_R.csv,THFR,Hyp,S3A,3.6641600000000003,43.43485999999999,3.660847,43.440599999999996,0.69,5,2025-09-25T08:00:00Z,2025-09-25T08:20:44Z,21,30,15,0.7178,0.4971,0.6726,1.0157,1.5338,-0.001716,8.6e-5,0.00128,NA,FALSE,FALSE,0.002433,0.00185,1153.2884,-0.544051,-0.270125,0.49214,0.284099,0.550619,0.782638,-119.3455,-37.0098,45.3609,39.7107,116.2082,147.2668
S3A_20250925T102044_vs_HYPERNETS_20250925T101500_RHOW_R.csv,THFR,Hyp,S3A,3.6641600000000003,43.43485999999999,3.660847,43.440599999999996,0.69,5,2025-09-25T08:15:00Z,2025-09-25T08:20:44Z,6,30,14,0.7966,1.1254,0.7037,1.0475,1.5593,-0.002404,-4.31e-4,8.94e-4,NA,FALSE,FALSE,0.002255,0.001716,55.9669,-0.559499,-0.312385,0.03105,0.296732,0.557627,0.624316,-127.0202,-45.5811,2.1057,42.3024,88.1648,136.0227
S3A_20250925T102044_vs_HYPERNETS_20250925T104500_RHOW_R.csv,THFR,Hyp,S3A,3.6641600000000003,43.43485999999999,3.660847,43.440599999999996,0.69,5,2025-09-25T08:45:00Z,2025-09-25T08:20:44Z,24,30,15,0.7413,0.588,0.6908,1.0393,1.5637,-0.001702,8.3e-5,0.001269,NA,FALSE,FALSE,0.002387,0.001789,620.5125,-0.52823,-0.25668,0.52073,0.281727,0.53679,0.793578,-112.0027,-34.5315,48.2579,39.3076,108.1903,139.5855
S3A_20250926T095433_vs_HYPERNETS_20250926T093000_RHOW_R.csv,THFR,Hyp,S3A,3.6641600000000003,43.43485999999999,3.6564579999999993,43.441517,0.97,5,2025-09-26T07:30:00Z,2025-09-26T07:54:33Z,25,30,15,1.208,0.7933,1.6658,2.7934,4.6841,-0.007442,-0.001217,0.002495,NA,TRUE,FALSE,0.009018,0.00514,711.998,-0.29333,0.287257,3.841538,0.301557,0.526916,3.841538,-41.5808,28.7257,372.9252,40.0378,67.858,585.7511
S3A_20250926T095433_vs_HYPERNETS_20250926T100000_RHOW_R.csv,THFR,Hyp,S3A,3.6641600000000003,43.43485999999999,3.6564579999999993,43.441517,0.97,5,2025-09-26T08:00:00Z,2025-09-26T07:54:33Z,5,30,15,1.2984,0.9169,1.7229,2.8747,4.7964,-0.007536,-0.001319,0.002407,NA,TRUE,FALSE,0.009001,0.005158,470.6522,-0.312968,0.317399,3.503338,0.331348,0.498256,3.503338,-45.715,31.7399,344.8353,42.7766,67.2746,536.0026
S3A_20250929T101700_vs_HYPERNETS_20250929T100000_RHOW_R.csv,THFR,Hyp,S3A,3.6641600000000003,43.43485999999999,3.6596789999999997,43.440059999999995,0.68,5,2025-09-29T08:00:00Z,2025-09-29T08:17:00Z,17,30,15,0.9422,0.7858,0.8114,1.101,1.494,-9.26e-4,3.28e-4,0.001253,NA,FALSE,FALSE,0.001835,0.0012,156.18,-0.288981,-0.071051,0.961287,0.112412,0.345167,0.996127,-40.6569,-7.6486,91.9518,12.6689,52.7108,148.8017
S3A_20250929T101700_vs_HYPERNETS_20250929T101500_RHOW_R.csv,THFR,Hyp,S3A,3.6641600000000003,43.43485999999999,3.6596789999999997,43.440059999999995,0.68,5,2025-09-29T08:15:00Z,2025-09-29T08:17:00Z,2,30,15,0.948,0.7416,0.815,1.0963,1.4748000000000001,-9.21e-4,3.01e-4,0.00121,NA,FALSE,FALSE,0.001773,0.001178,193.1945,-0.276147,-0.078961,0.889103,0.115678,0.348951,0.932866,-38.1727,-8.573,85.3401,13.0827,52.3568,134.7347
S3A_20250929T101700_vs_HYPERNETS_20250929T103000_RHOW_R.csv,THFR,Hyp,S3A,3.6641600000000003,43.43485999999999,3.6596789999999997,43.440059999999995,0.68,5,2025-09-29T08:30:00Z,2025-09-29T08:17:00Z,13,30,15,0.9543,0.6441,0.8199,1.0989,1.4729,-8.23e-4,3.62e-4,0.001246,NA,FALSE,FALSE,0.001775,0.001157,357.5161,-0.187515,-0.016465,0.908456,0.090752,0.313546,0.908456,-23.5434,-1.6741,87.3424,9.9818,45.6761,94.8316
S3A_20250929T101700_vs_HYPERNETS_20250929T104500_RHOW_R.csv,THFR,Hyp,S3A,3.6641600000000003,43.43485999999999,3.6596789999999997,43.440059999999995,0.68,5,2025-09-29T08:45:00Z,2025-09-29T08:17:00Z,28,30,15,0.9796,0.5565,0.841,1.1209,1.4939,-7.7e-4,3.82e-4,0.001246,NA,FALSE,FALSE,0.001773,0.001149,784.8698,-0.089835,0.038108,0.923096,0.0864,0.22354,0.923096,-9.8715,3.8108,88.9815,9.0372,28.7896,91.438
S3A_20250930T095049_vs_HYPERNETS_20250930T093000_RHOW_R.csv,THFR,Hyp,S3A,3.6641600000000003,43.43485999999999,3.654749,43.442051,1.1,5,2025-09-30T07:30:00Z,2025-09-30T07:50:49Z,21,30,14,0.5594,0.283,0.5192,0.8044,1.2464,-0.001468,1.11e-4,0.00113,NA,FALSE,FALSE,0.00242,0.002065,775.3138,-0.497589,-0.272504,0.692523,0.346852,0.695712,0.914494,-100.3222,-38.1042,63.4793,53.1136,102.539,519.1762
S3A_20250930T095049_vs_HYPERNETS_20250930T094500_RHOW_R.csv,THFR,Hyp,S3A,3.6641600000000003,43.43485999999999,3.654749,43.442051,1.1,5,2025-09-30T07:45:00Z,2025-09-30T07:50:49Z,6,30,14,0.5705,0.3917,0.5241,0.8066,1.2414,-0.001574,2.2e-5,0.00106,NA,FALSE,FALSE,0.0024,0.00207,289.1566,-0.507088,-0.285833,0.5281,0.349352,0.642747,0.892187,-104.3569,-40.5139,47.0905,53.7012,95.2493,502.6149
S3A_20250930T095049_vs_HYPERNETS_20250930T100000_RHOW_R.csv,THFR,Hyp,S3A,3.6641600000000003,43.43485999999999,3.654749,43.442051,1.1,5,2025-09-30T08:00:00Z,2025-09-30T07:50:49Z,9,30,14,0.5727,0.4033,0.5209,0.796,1.2164,-0.00161,-2.2e-5,0.001016,NA,FALSE,FALSE,0.002414,0.002096,270.8787,-0.516831,-0.304236,0.419686,0.357739,0.580128,0.894534,-108.504,-44.0829,37.3,55.7122,86.0429,497.7161
S3A_20250930T095049_vs_HYPERNETS_20250930T101500_RHOW_R.csv,THFR,Hyp,S3A,3.6641600000000003,43.43485999999999,3.654749,43.442051,1.1,5,2025-09-30T08:15:00Z,2025-09-30T07:50:49Z,24,30,14,0.571,0.4144,0.5195,0.794,1.2135,-0.00153,3.1e-5,0.001052,NA,FALSE,FALSE,0.002402,0.002071,259.3171,-0.509672,-0.299583,0.46667,0.357445,0.600005,0.890157,-105.3186,-43.1958,42.1241,55.6379,88.0425,496.5142
S3A_20251007T100931_vs_HYPERNETS_20251007T094500_RHOW_R.csv,THFR,Hyp,S3A,3.6641600000000003,43.43485999999999,3.659729,43.441624999999995,0.83,5,2025-10-07T07:45:00Z,2025-10-07T08:09:31Z,25,30,15,0.7822,0.5979,0.672,0.9009,1.2076,-0.001016,3.87e-4,0.001434,NA,FALSE,FALSE,0.002149,0.001695,454.3638,-0.434852,-0.21583,0.544414,0.236385,0.441228,0.75081,-76.956,-27.5234,50.8342,31.0036,78.9639,94.7458
S3A_20251007T100931_vs_HYPERNETS_20251007T100000_RHOW_R.csv,THFR,Hyp,S3A,3.6641600000000003,43.43485999999999,3.659729,43.441624999999995,0.83,5,2025-10-07T08:00:00Z,2025-10-07T08:09:31Z,10,30,15,0.7929,0.6508,0.6805,0.9041,1.2011,-0.001007,3.57e-4,0.001383,NA,FALSE,FALSE,0.002074,0.001641,309.9577,-0.425806,-0.212207,0.494524,0.234207,0.428844,0.728311,-74.1595,-26.9369,46.1192,30.6375,75.0835,94.7154
S3A_20251007T100931_vs_HYPERNETS_20251007T101500_RHOW_R.csv,THFR,Hyp,S3A,3.6641600000000003,43.43485999999999,3.659729,43.441624999999995,0.83,5,2025-10-07T08:15:00Z,2025-10-07T08:09:31Z,5,30,15,0.799,0.594,0.6857,0.9105,1.209,-8.58e-4,4.67e-4,0.001464,NA,FALSE,FALSE,0.002056,0.001573,500.5782,-0.292091,-0.196991,0.55004,0.208877,0.337821,0.642445,-41.5568,-24.5317,51.421,24.6925,51.0165,77.5965
S3A_20251007T100931_vs_HYPERNETS_20251007T103000_RHOW_R.csv,THFR,Hyp,S3A,3.6641600000000003,43.43485999999999,3.659729,43.441624999999995,0.83,5,2025-10-07T08:30:00Z,2025-10-07T08:09:31Z,20,30,14,0.8446,0.9869,0.715,0.9605,1.2904,-0.001234,2.85e-4,0.001416,NA,FALSE,FALSE,0.001992,0.001445,47.2129,-0.304819,-0.170877,0.16492,0.175094,0.290266,0.374897,-43.9395,-20.6093,15.5271,21.2302,41.0164,59.9742
S3A_20251010T103157_vs_HYPERNETS_20251010T101500_RHOW_R.csv,THFR,Hyp,S3A,3.6641600000000003,43.43485999999999,3.660585,43.440795,0.72,5,2025-10-10T08:15:00Z,2025-10-10T08:31:57Z,17,30,14,0.9047,0.6376,0.8156,1.2375,1.8777,-0.003162,2.34e-4,0.002472,NA,FALSE,FALSE,0.004177,0.002394,183.0679,-0.212482,-0.041243,1.494691,0.120599,0.273901,1.494691,-27.1418,-4.3834,141.3445,13.0757,37.7368,143.3759
S3A_20251010T103157_vs_HYPERNETS_20251010T103000_RHOW_R.csv,THFR,Hyp,S3A,3.6641600000000003,43.43485999999999,3.660585,43.440795,0.72,5,2025-10-10T08:30:00Z,2025-10-10T08:31:57Z,2,30,14,0.9387,0.6419,0.8406,1.2683,1.9135,-0.003244,1.43e-4,0.002387,NA,FALSE,FALSE,0.004132,0.002337,181.5542,-0.203468,-0.021853,1.480143,0.110404,0.266651,1.480143,-25.7631,-2.3007,140.1914,11.8122,36.3744,145.8953
S3A_20251010T103157_vs_HYPERNETS_20251010T110000_RHOW_R.csv,THFR,Hyp,S3A,3.6641600000000003,43.43485999999999,3.660585,43.440795,0.72,5,2025-10-10T09:00:00Z,2025-10-10T08:31:57Z,28,30,14,0.9955,0.4587,0.8823,1.3179,1.9687,-0.003074,1.89e-4,0.002374,NA,FALSE,FALSE,0.004128,0.002254,947.0393,-0.145935,0.022403,1.503162,0.099962,0.21622,1.503162,-17.2101,2.1649,142.9617,11.2192,26.7984,142.9617
S3A_20251011T100547_vs_HYPERNETS_20251011T094500_RHOW_R.csv,THFR,Hyp,S3A,3.6641600000000003,43.43485999999999,3.660264,43.439828,0.64,5,2025-10-11T07:45:00Z,2025-10-11T08:05:47Z,21,30,14,0.7847,0.6301,0.6743,0.9647,1.3802,-0.001369,5.97e-4,0.001972,NA,FALSE,FALSE,0.002502,0.001809,187.0656,-0.205962,-0.142066,0.754048,0.170712,0.312625,0.846177,-25.979,-16.5998,72.5056,20.5854,43.9824,111.7851
S3A_20251011T100547_vs_HYPERNETS_20251011T100000_RHOW_R.csv,THFR,Hyp,S3A,3.6641600000000003,43.43485999999999,3.660264,43.439828,0.64,5,2025-10-11T08:00:00Z,2025-10-11T08:05:47Z,6,30,14,0.8106,0.5479,0.6946,0.9878,1.4048,-0.001301,6.17e-4,0.001967,NA,FALSE,FALSE,0.00245,0.001709,320.6004,-0.174087,-0.11653,0.96237,0.146401,0.308939,1.035134,-21.094,-13.2232,91.1544,17.1515,40.0883,120.7897
S3A_20251011T100547_vs_HYPERNETS_20251011T101500_RHOW_R.csv,THFR,Hyp,S3A,3.6641600000000003,43.43485999999999,3.660264,43.439828,0.64,5,2025-10-11T08:15:00Z,2025-10-11T08:05:47Z,9,30,14,0.8406,0.5893,0.7206,1.0258,1.4602,-0.001398,5.54e-4,0.001925,NA,FALSE,FALSE,0.002443,0.001645,247.0246,-0.16536,-0.090082,0.874775,0.120781,0.327932,0.946943,-19.8664,-9.9554,83.9909,13.7373,42.2345,119.9088
S3A_20251011T100547_vs_HYPERNETS_20251011T103000_RHOW_R.csv,THFR,Hyp,S3A,3.6641600000000003,43.43485999999999,3.660264,43.439828,0.64,5,2025-10-11T08:30:00Z,2025-10-11T08:05:47Z,24,30,14,0.8509,0.5342,0.7278,1.0307,1.4596,-0.001251,6.34e-4,0.001964,NA,FALSE,FALSE,0.00243,0.001582,375.5953,-0.129554,-0.06977,1.020349,0.108039,0.317884,1.06665,-14.8919,-7.5184,97.0616,12.1128,39.2219,118.7521
S3A_20251014T102814_vs_HYPERNETS_20251014T100000_RHOW_R.csv,THFR,Hyp,S3A,3.6641600000000003,43.43485999999999,3.6596949999999997,43.440895,0.76,5,2025-10-14T08:00:00Z,2025-10-14T08:28:14Z,28,30,16,-0.1139,-0.0068,-2.7161,-1.5758,-0.9142,0.118885,0.121605,0.126295,NA,TRUE,TRUE,0.111241,0.111013,12565.3302,22.364046,30.482928,159.065287,22.364046,30.482928,159.065287,2224.051,3047.9746,15857.7179,2224.051,3047.9746,15857.7179
S3A_20251014T102814_vs_HYPERNETS_20251014T101500_RHOW_R.csv,THFR,Hyp,S3A,3.6641600000000003,43.43485999999999,3.6596949999999997,43.440895,0.76,5,2025-10-14T08:15:00Z,2025-10-14T08:28:14Z,13,30,16,-0.1068,-0.007,-2.7161,-1.5756,-0.914,0.118804,0.121467,0.126058,NA,TRUE,TRUE,0.111328,0.1111,14187.5318,23.05685,31.731202,186.413815,23.05685,31.731202,186.413815,2290.58,3172.5623,18579.2859,2290.58,3172.5623,18579.2859
S3A_20251014T102814_vs_HYPERNETS_20251014T103000_RHOW_R.csv,THFR,Hyp,S3A,3.6641600000000003,43.43485999999999,3.6596949999999997,43.440895,0.76,5,2025-10-14T08:30:00Z,2025-10-14T08:28:14Z,2,30,16,-0.0952,-0.007,-2.7431,-1.5908,-0.9226,0.119005,0.121816,0.126663,NA,TRUE,TRUE,0.111144,0.110919,9594.9661,22.090317,30.395286,136.045673,22.090317,30.395286,136.045673,2193.4803,3039.1547,13560.4986,2193.4803,3039.1547,13560.4986
S3A_20251014T102814_vs_HYPERNETS_20251014T104500_RHOW_R.csv,THFR,Hyp,S3A,3.6641600000000003,43.43485999999999,3.6596949999999997,43.440895,0.76,5,2025-10-14T08:45:00Z,2025-10-14T08:28:14Z,17,30,16,-0.0723,-0.0054,-2.7726,-1.6073,-0.9318,0.118959,0.121739,0.126534,NA,TRUE,TRUE,0.111231,0.11101,12422.4127,22.130786,32.157171,149.776863,22.130786,32.157171,149.776863,2196.8624,3215.426,14937.9166,2196.8624,3215.426,14937.9166
S3A_20251015T100203_vs_HYPERNETS_20251015T094500_RHOW_R.csv,THFR,Hyp,S3A,3.6641600000000003,43.43485999999999,3.6575800000000003,43.442045,0.96,5,2025-10-15T07:45:00Z,2025-10-15T08:02:03Z,17,30,14,0.8436,0.5597,1.0961,1.8725,3.199,-0.005812,-5.2e-4,0.002577,NA,TRUE,FALSE,0.006631,0.003849,412.511,-0.362569,0.167164,2.301656,0.291601,0.518123,2.301656,-59.4374,16.4598,227.1028,29.6051,104.801,233.5734
S3A_20251015T100203_vs_HYPERNETS_20251015T100000_RHOW_R.csv,THFR,Hyp,S3A,3.6641600000000003,43.43485999999999,3.6575800000000003,43.442045,0.96,5,2025-10-15T08:00:00Z,2025-10-15T08:02:03Z,2,30,14,0.8723,0.6046,1.1003,1.8715,3.1832,-0.005969,-6.46e-4,0.002484,NA,TRUE,FALSE,0.006544,0.003814,329.0232,-0.370026,0.160728,2.100154,0.286962,0.514013,2.100154,-61.4981,15.8266,207.8856,28.4115,107.6193,222.2127
S3A_20251015T100203_vs_HYPERNETS_20251015T101500_RHOW_R.csv,THFR,Hyp,S3A,3.6641600000000003,43.43485999999999,3.6575800000000003,43.442045,0.96,5,2025-10-15T08:15:00Z,2025-10-15T08:02:03Z,13,30,14,0.8876,0.6087,1.0938,1.8534,3.1405,-0.00602,-7.05e-4,0.002432,NA,TRUE,FALSE,0.006469,0.003773,323.0994,-0.377653,0.146311,1.990331,0.266968,0.514981,1.990331,-63.558,14.395,197.0979,26.446,108.001,214.6836
S3A_20251015T100203_vs_HYPERNETS_20251015T103000_RHOW_R.csv,THFR,Hyp,S3A,3.6641600000000003,43.43485999999999,3.6575800000000003,43.442045,0.96,5,2025-10-15T08:30:00Z,2025-10-15T08:02:03Z,28,30,14,0.9505,0.3171,1.132,1.9065,3.2109,-0.005788,-6.14e-4,0.002459,NA,TRUE,FALSE,0.006467,0.003748,4674.0887,-0.337873,0.184037,2.534799,0.294283,0.550492,2.534799,-53.3061,18.1824,247.2303,32.4325,94.1247,249.0692
S3A_20251018T102430_vs_HYPERNETS_20251018T100000_RHOW_R.csv,THFR,Hyp,S3A,3.6641600000000003,43.43485999999999,3.660452,43.440172000000004,0.66,5,2025-10-18T08:00:00Z,2025-10-18T08:24:30Z,24,30,15,1.2553,0.922,1.2328,1.9091,2.9564,-0.004096,1.23e-4,0.002848,NA,TRUE,FALSE,0.006633,0.003829,158.3277,0.141588,0.31758,2.524401,0.23255,0.471205,2.524401,14.1181,31.758,240.5055,25.8968,47.1205,240.5055
S3A_20251018T102430_vs_HYPERNETS_20251018T101500_RHOW_R.csv,THFR,Hyp,S3A,3.6641600000000003,43.43485999999999,3.660452,43.440172000000004,0.66,5,2025-10-18T08:15:00Z,2025-10-18T08:24:30Z,10,30,15,1.27,0.8086,1.2322,1.8973,2.9214,-0.0039,2.06e-4,0.002873,NA,TRUE,FALSE,0.006593,0.003834,224.9966,0.171919,0.320772,2.682352,0.232236,0.470083,2.682352,17.1533,32.0772,251.8274,23.1865,47.0083,251.8274
S3A_20251018T102430_vs_HYPERNETS_20251018T103000_RHOW_R.csv,THFR,Hyp,S3A,3.6641600000000003,43.43485999999999,3.660452,43.440172000000004,0.66,5,2025-10-18T08:30:00Z,2025-10-18T08:24:30Z,6,30,15,1.2994,0.7994,1.2433,1.9006,2.9055,-0.003912,1.43e-4,0.002796,NA,TRUE,FALSE,0.006521,0.003811,233.6986,0.181296,0.322728,2.549916,0.237726,0.471265,2.549916,18.0941,32.2728,240.9383,23.7421,47.1265,240.9383
S3A_20251018T102430_vs_HYPERNETS_20251018T104500_RHOW_R.csv,THFR,Hyp,S3A,3.6641600000000003,43.43485999999999,3.660452,43.440172000000004,0.66,5,2025-10-18T08:45:00Z,2025-10-18T08:24:30Z,20,30,15,1.3167,0.801,1.2768,1.9653,3.0253,-0.003698,3.35e-4,0.002955,NA,TRUE,FALSE,0.006732,0.004027,245.5367,0.259724,0.412625,2.864315,0.318451,0.434002,2.864315,25.9513,41.2625,269.2462,31.7968,54.1143,269.2462
S3A_20251023T095434_vs_HYPERNETS_20251023T094500_RHOW_R.csv,THFR,Hyp,S3A,3.6641600000000003,43.43485999999999,3.655896,43.442046999999995,1.04,5,2025-10-23T07:45:00Z,2025-10-23T07:54:34Z,10,30,14,0.7251,1.0677,1.975,3.535,6.3273,-0.015294,-0.003899,0.002468,NA,TRUE,FALSE,0.014077,0.007353,268.4452,-0.37058,-0.044482,1.671161,0.248371,0.467696,1.671161,-60.1708,-4.7489,160.0831,29.7514,78.8009,173.2631
S3A_20251023T095434_vs_HYPERNETS_20251023T101500_RHOW_R.csv,THFR,Hyp,S3A,3.6641600000000003,43.43485999999999,3.655896,43.442046999999995,1.04,5,2025-10-23T08:15:00Z,2025-10-23T07:54:34Z,20,30,14,1.1665,1.2347,2.0413,3.5894,6.3114,-0.015982,-0.004549,0.001954,NA,TRUE,FALSE,0.013627,0.007068,192.5169,-0.390956,0.003844,1.350525,0.32299,0.446174,1.350525,-64.2516,0.1329,131.8273,37.0122,71.0419,144.6083
S3A_20251030T101317_vs_HYPERNETS_20251030T094500_RHOW_R.csv,THFR,Hyp,S3A,3.6641600000000003,43.43485999999999,3.6581970000000004,43.440425,0.78,5,2025-10-30T08:45:00Z,2025-10-30T09:13:17Z,28,30,15,0.679,0.569,0.5851,0.7961,1.0831,-7.45e-4,3.9e-4,0.001224,NA,FALSE,FALSE,0.002113,0.001668,438.6797,-0.45582,-0.258773,0.582695,0.282798,0.466926,0.746076,-83.8011,-34.9114,52.7306,39.509,87.5911,98.7802
S3A_20251030T101317_vs_HYPERNETS_20251030T100000_RHOW_R.csv,THFR,Hyp,S3A,3.6641600000000003,43.43485999999999,3.6581970000000004,43.440425,0.78,5,2025-10-30T09:00:00Z,2025-10-30T09:13:17Z,13,30,15,0.6937,0.6761,0.5972,0.8092,1.0963,-7.87e-4,3.46e-4,0.001182,NA,FALSE,FALSE,0.002047,0.001626,194.9691,-0.451097,-0.297597,0.569073,0.303104,0.464151,0.764789,-82.2331,-42.3684,51.5984,43.4979,86.6196,102.4749
S3A_20251030T101317_vs_HYPERNETS_20251030T101500_RHOW_R.csv,THFR,Hyp,S3A,3.6641600000000003,43.43485999999999,3.6581970000000004,43.440425,0.78,5,2025-10-30T09:15:00Z,2025-10-30T09:13:17Z,2,30,14,0.7008,0.9092,0.5955,0.8258,1.1451,-0.001006,3.09e-4,0.001257,NA,FALSE,FALSE,0.002081,0.001631,52.4248,-0.417362,-0.26607,0.161943,0.252779,0.414078,0.465683,-71.6411,-36.3422,15.9913,33.8944,70.6819,87.1797
S3A_20251030T101317_vs_HYPERNETS_20251030T103000_RHOW_R.csv,THFR,Hyp,S3A,3.6641600000000003,43.43485999999999,3.6581970000000004,43.440425,0.78,5,2025-10-30T09:30:00Z,2025-10-30T09:13:17Z,17,30,15,0.7051,0.7617,0.6064,0.8177,1.1027,-7.79e-4,3.36e-4,0.001164,NA,FALSE,FALSE,0.001989,0.001577,118.6272,-0.441719,-0.292523,0.554075,0.296932,0.454338,0.746443,-79.1669,-41.3474,50.6099,42.2366,83.2637,98.7889
S3A_20251103T100933_vs_HYPERNETS_20251103T094500_RHOW_R.csv,THFR,Hyp,S3A,3.6641600000000003,43.43485999999999,3.659467,43.441106999999995,0.79,5,2025-11-03T08:45:00Z,2025-11-03T09:09:33Z,25,30,13,0.7898,1.1481,0.7476,1.2139,1.9712,-0.002277,-7.7e-5,0.001278,NA,FALSE,FALSE,0.002514,0.001675,114.5861,-0.659441,-0.197185,0.642666,0.326838,0.659441,0.924698,-193.635,-24.5617,64.2666,48.5527,193.635,333.2923
S3A_20251103T100933_vs_HYPERNETS_20251103T100000_RHOW_R.csv,THFR,Hyp,S3A,3.6641600000000003,43.43485999999999,3.659467,43.441106999999995,0.79,5,2025-11-03T09:00:00Z,2025-11-03T09:09:33Z,10,30,14,0.7568,0.6525,0.7386,1.1751,1.8694,-0.001732,1.75e-4,0.001374,NA,FALSE,FALSE,0.002497,0.001745,461.0075,-0.624171,-0.166662,1.637818,0.381214,0.676979,1.71997,-171.7337,-20.067,155.5326,55.2349,201.3062,317.0365
S3A_20251103T100933_vs_HYPERNETS_20251103T101500_RHOW_R.csv,THFR,Hyp,S3A,3.6641600000000003,43.43485999999999,3.659467,43.441106999999995,0.79,5,2025-11-03T09:15:00Z,2025-11-03T09:09:33Z,5,30,14,0.7411,0.6962,0.7208,1.1448,1.8184,-0.001645,2.25e-4,0.001402,NA,FALSE,FALSE,0.002497,0.001757,370.5276,-0.616342,-0.186363,1.621733,0.374898,0.671582,1.704482,-166.3867,-22.9962,154.0258,54.3703,197.6572,337.544
S3A_20251103T100933_vs_HYPERNETS_20251103T103000_RHOW_R.csv,THFR,Hyp,S3A,3.6641600000000003,43.43485999999999,3.659467,43.441106999999995,0.79,5,2025-11-03T09:30:00Z,2025-11-03T09:09:33Z,20,30,13,0.8276,1.1064,0.7602,1.2143,1.9396,-0.002201,-8.8e-5,0.001235,NA,FALSE,FALSE,0.002409,0.001602,114.5382,-0.644583,-0.196617,0.605902,0.30846,0.644583,0.900498,-181.3595,-24.4736,60.5902,44.6047,181.3595,313.2047
S3A_20251107T100548_vs_HYPERNETS_20251107T094500_RHOW_R.csv,THFR,Hyp,S3A,3.6641600000000003,43.43485999999999,3.6587210000000003,43.44208,0.92,5,2025-11-07T08:45:00Z,2025-11-07T09:05:48Z,21,30,14,0.8827,0.5378,0.7676,1.1206,1.6359,-0.001293,9.91e-4,0.002556,NA,FALSE,FALSE,0.003017,0.001766,289.0684,-0.019128,0.09313,1.435226,0.062233,0.200709,1.435226,-1.9803,9.1972,139.4698,6.5601,21.8518,159.6402
S3A_20251107T100548_vs_HYPERNETS_20251107T100000_RHOW_R.csv,THFR,Hyp,S3A,3.6641600000000003,43.43485999999999,3.6587210000000003,43.44208,0.92,5,2025-11-07T09:00:00Z,2025-11-07T09:05:48Z,6,30,13,0.919,0.9607,0.7859,1.1759,1.7596,-0.001738,9.23e-4,0.002702,NA,FALSE,FALSE,0.003123,0.001833,70.3932,0.00554,0.145799,0.762733,0.079068,0.211841,0.762733,0.554,14.5799,76.2733,7.9068,21.1841,114.005
S3A_20251107T100548_vs_HYPERNETS_20251107T101500_RHOW_R.csv,THFR,Hyp,S3A,3.6641600000000003,43.43485999999999,3.6587210000000003,43.44208,0.92,5,2025-11-07T09:15:00Z,2025-11-07T09:05:48Z,9,30,14,0.9103,0.4259,0.7806,1.1119,1.5839,-0.001294,8.67e-4,0.002384,NA,FALSE,FALSE,0.002782,0.001629,779.9463,-0.022977,0.074793,1.441806,0.055996,0.202812,1.441806,-2.3697,7.3703,138.3679,5.6197,22.299,162.4556
S3A_20251107T100548_vs_HYPERNETS_20251107T103000_RHOW_R.csv,THFR,Hyp,S3A,3.6641600000000003,43.43485999999999,3.6587210000000003,43.44208,0.92,5,2025-11-07T09:30:00Z,2025-11-07T09:05:48Z,24,30,14,0.9253,0.5399,0.7915,1.1209,1.5873,-0.001207,8.99e-4,0.002385,NA,FALSE,FALSE,0.002773,0.001635,302.7382,-0.011366,0.111259,1.44066,0.075304,0.213209,1.44066,-1.167,11.0374,138.2962,7.7937,22.4276,155.4357
S3A_20251115T095817_vs_HYPERNETS_20251115T093000_RHOW_R.csv,THFR,Hyp,S3A,3.6641600000000003,43.43485999999999,3.657004,43.440543,0.86,5,2025-11-15T08:30:00Z,2025-11-15T08:58:17Z,28,30,14,0.5949,0.5215,1.0366,1.8222,3.2033,-0.004469,3.41e-4,0.003077,NA,TRUE,FALSE,0.007311,0.003872,510.8966,-0.26522,-0.023673,5.600744,0.139754,0.418035,5.600744,-36.7369,-2.4251,499.6407,14.989,73.8304,499.6407
S3A_20251115T095817_vs_HYPERNETS_20251115T094500_RHOW_R.csv,THFR,Hyp,S3A,3.6641600000000003,43.43485999999999,3.657004,43.440543,0.86,5,2025-11-15T08:45:00Z,2025-11-15T08:58:17Z,13,30,14,0.633,0.5796,1.0357,1.8127,3.1724,-0.004578,2.5e-4,0.003009,NA,TRUE,FALSE,0.007206,0.003818,407.3576,-0.282141,-0.025163,5.131937,0.135151,0.419166,5.131937,-40.1566,-2.5829,459.5607,14.0719,73.8754,463.2749
S3A_20251115T095817_vs_HYPERNETS_20251115T100000_RHOW_R.csv,THFR,Hyp,S3A,3.6641600000000003,43.43485999999999,3.657004,43.440543,0.86,5,2025-11-15T09:00:00Z,2025-11-15T08:58:17Z,2,30,14,0.6788,0.5851,1.0532,1.8354,3.1984,-0.004766,1.15e-4,0.002915,NA,TRUE,FALSE,0.007113,0.003765,411.5116,-0.287741,-0.022617,4.330935,0.139911,0.452832,4.330935,-41.1419,-2.3141,395.8404,14.6937,83.4519,401.2091
S3A_20251115T095817_vs_HYPERNETS_20251115T101500_RHOW_R.csv,THFR,Hyp,S3A,3.6641600000000003,43.43485999999999,3.657004,43.440543,0.86,5,2025-11-15T09:15:00Z,2025-11-15T08:58:17Z,17,30,14,0.6829,0.3721,1.0573,1.842,3.2093,-0.004607,2.04e-4,0.002966,NA,TRUE,FALSE,0.007134,0.003759,2173.3526,-0.117435,-0.009195,6.092341,0.106286,0.404113,6.092341,-13.3128,-0.93,529.3338,11.8992,69.6911,532.8463
S3A_20251118T102044_vs_HYPERNETS_20251118T100000_RHOW_R.csv,THFR,Hyp,S3A,3.6641600000000003,43.43485999999999,3.65936,43.44158099999999,0.84,5,2025-11-18T09:00:00Z,2025-11-18T09:20:44Z,21,30,14,0.6709,0.669,0.608,0.9264,1.4115,-8.55e-4,4.48e-4,0.001303,NA,FALSE,FALSE,0.00196,0.001387,129.8864,-0.265072,-0.166767,1.779159,0.237481,0.453589,1.779159,-36.138,-20.0281,168.355,31.2103,63.4169,199.8484
S3A_20251118T102044_vs_HYPERNETS_20251118T101500_RHOW_R.csv,THFR,Hyp,S3A,3.6641600000000003,43.43485999999999,3.65936,43.44158099999999,0.84,5,2025-11-18T09:15:00Z,2025-11-18T09:20:44Z,6,30,15,0.6456,0.5909,0.5958,0.8904,1.3307,-6.12e-4,5.51e-4,0.001329,NA,FALSE,FALSE,0.001946,0.001451,223.0531,-0.270835,-0.195698,1.076943,0.243424,0.376725,1.201665,-37.224,-24.3315,95.5348,32.175,42.0155,172.5608
S3A_20251118T102044_vs_HYPERNETS_20251118T103000_RHOW_R.csv,THFR,Hyp,S3A,3.6641600000000003,43.43485999999999,3.65936,43.44158099999999,0.84,5,2025-11-18T09:30:00Z,2025-11-18T09:20:44Z,9,30,15,0.6621,0.4768,0.6087,0.9069,1.3514,-4.86e-4,6.29e-4,0.001377,NA,FALSE,FALSE,0.001928,0.001403,494.7838,-0.245883,-0.137065,1.870093,0.245883,0.444855,1.870093,-32.7066,-15.8835,186.972,32.7066,71.9919,186.972
S3A_20251118T102044_vs_HYPERNETS_20251118T104500_RHOW_R.csv,THFR,Hyp,S3A,3.6641600000000003,43.43485999999999,3.65936,43.44158099999999,0.84,5,2025-11-18T09:45:00Z,2025-11-18T09:20:44Z,24,30,15,0.5822,0.6059,0.5426,0.8163,1.2282,-8.54e-4,4.06e-4,0.001243,NA,FALSE,FALSE,0.002109,0.001702,178.106,-0.401906,-0.312453,0.828173,0.335576,0.420313,1.059999,-67.277,-45.4446,72.7657,50.5975,72.5069,171.2046
S3A_20251119T095433_vs_HYPERNETS_20251119T093000_RHOW_R.csv,THFR,Hyp,S3A,3.6641600000000003,43.43485999999999,3.6584149999999998,43.442040999999996,0.92,5,2025-11-19T08:30:00Z,2025-11-19T08:54:33Z,25,30,5,37.6932,1.7832,19.3997,42.9586,95.1276,-0.007284,-0.002298,-4.7e-5,NA,TRUE,TRUE,0.001844,0.001711,1740.0401,15.29034,15.769112,15.770888,15.29034,15.769112,15.770888,1529.034,1576.9112,1577.0888,1529.034,1576.9112,1577.0888
S3A_20251119T095433_vs_HYPERNETS_20251119T100000_RHOW_R.csv,THFR,Hyp,S3A,3.6641600000000003,43.43485999999999,3.6584149999999998,43.442040999999996,0.92,5,2025-11-19T09:00:00Z,2025-11-19T08:54:33Z,5,30,5,13.7,0.4998,6.7147,16.5232,40.659,-0.00177,3.53e-4,0.001216,NA,TRUE,FALSE,0.001843,0.001719,2237.355,17.015698,20.468449,23.847157,17.015698,20.468449,23.847157,1701.5698,2046.8449,2384.7157,1701.5698,2046.8449,2384.7157
S3A_20251119T095433_vs_HYPERNETS_20251119T101500_RHOW_R.csv,THFR,Hyp,S3A,3.6641600000000003,43.43485999999999,3.6584149999999998,43.442040999999996,0.92,5,2025-11-19T09:15:00Z,2025-11-19T08:54:33Z,20,30,5,7.2575,0.4894,3.489,10.2124,29.8917,-0.003701,-7.5e-5,0.001164,NA,TRUE,FALSE,0.001749,0.001622,974.7609,6.175916,8.613444,11.116638,6.175916,8.613444,11.116638,617.5916,861.3444,1111.6638,617.5916,861.3444,1111.6638
S3A_20251122T101659_vs_HYPERNETS_20251122T100000_RHOW_R.csv,THFR,Hyp,S3A,3.6641600000000003,43.43485999999999,3.659357,43.442550000000004,0.94,5,2025-11-22T09:00:00Z,2025-11-22T09:16:59Z,17,30,14,0.6672,0.8718,0.6905,1.1233,1.8273,-0.001813,2.9e-5,0.001161,NA,FALSE,FALSE,0.002541,0.001691,104.3621,-0.39247,-0.150791,0.522796,0.368302,0.483062,0.858378,-64.6027,-18.9645,52.1183,44.1745,64.1701,255.5796
S3A_20251122T101659_vs_HYPERNETS_20251122T101500_RHOW_R.csv,THFR,Hyp,S3A,3.6641600000000003,43.43485999999999,3.659357,43.442550000000004,0.94,5,2025-11-22T09:15:00Z,2025-11-22T09:16:59Z,2,30,15,0.6563,0.754,0.6761,1.0672,1.6847,-0.00155,7.5e-5,0.001105,NA,FALSE,FALSE,0.002443,0.001735,188.723,-0.575001,-0.299048,1.070266,0.406505,0.615463,1.309612,-136.3683,-42.663,97.5745,56.0464,160.0529,225.6501
S3A_20251122T101659_vs_HYPERNETS_20251122T103000_RHOW_R.csv,THFR,Hyp,S3A,3.6641600000000003,43.43485999999999,3.659357,43.442550000000004,0.94,5,2025-11-22T09:30:00Z,2025-11-22T09:16:59Z,13,30,15,0.6341,0.5388,0.6674,1.0611,1.687,-0.0014,1.9e-4,0.001189,NA,FALSE,FALSE,0.002514,0.00175,596.3031,-0.427155,-0.224922,1.558319,0.33979,0.523241,1.760616,-74.6712,-29.0193,133.9575,47.3069,80.8029,276.3414
S3A_20251122T101659_vs_HYPERNETS_20251122T104500_RHOW_R.csv,THFR,Hyp,S3A,3.6641600000000003,43.43485999999999,3.659357,43.442550000000004,0.94,5,2025-11-22T09:45:00Z,2025-11-22T09:16:59Z,28,30,15,0.6355,0.6592,0.6489,1.0211,1.6067,-0.001559,6.1e-5,0.00109,NA,FALSE,FALSE,0.002457,0.001794,280.3274,-0.618972,-0.329086,0.931517,0.404555,0.651582,1.211721,-163.4146,-49.0503,84.9366,62.4083,148.8837,235.1892
S3A_20251126T101315_vs_HYPERNETS_20251126T094500_RHOW_R.csv,THFR,Hyp,S3A,3.6641600000000003,43.43485999999999,3.659777,43.439983,0.67,5,2025-11-26T08:45:00Z,2025-11-26T09:13:15Z,28,30,14,0.6879,0.9381,0.915,1.5683,2.6879,-0.003598,-4.31e-4,0.001417,NA,FALSE,FALSE,0.00427,0.0024,141.3321,-0.598529,-0.211438,1.035614,0.37766,0.668679,1.035614,-154.3765,-28.1859,103.0331,60.6538,145.7595,211.8652
S3A_20251126T101315_vs_HYPERNETS_20251126T100000_RHOW_R.csv,THFR,Hyp,S3A,3.6641600000000003,43.43485999999999,3.659777,43.439983,0.67,5,2025-11-26T09:00:00Z,2025-11-26T09:13:15Z,13,30,15,0.7208,0.7556,0.8812,1.4516,2.3911,-0.003283,-4.69e-4,0.00124,NA,FALSE,FALSE,0.003954,0.002426,273.2247,-0.600322,-0.203483,0.613184,0.421846,0.686664,0.780036,-156.2525,-25.5466,61.1394,55.327,105.7533,283.2895
S3A_20251126T101315_vs_HYPERNETS_20251126T101500_RHOW_R.csv,THFR,Hyp,S3A,3.6641600000000003,43.43485999999999,3.659777,43.439983,0.67,5,2025-11-26T09:15:00Z,2025-11-26T09:13:15Z,2,30,15,0.6746,0.4454,0.9356,1.57,2.6345,-0.002582,2.9e-5,0.001585,NA,FALSE,FALSE,0.004262,0.002341,2120.6658,-0.37205,-0.057834000000000003,5.708052,0.328419,0.631395,5.708052,-59.3453,-6.1384,570.7723,48.9805,160.4022,570.7723
S3A_20251126T101315_vs_HYPERNETS_20251126T103000_RHOW_R.csv,THFR,Hyp,S3A,3.6641600000000003,43.43485999999999,3.659777,43.439983,0.67,5,2025-11-26T09:30:00Z,2025-11-26T09:13:15Z,17,30,15,0.6802,0.6204,0.8865,1.4755,2.4556,-0.002847,-1.62e-4,0.001451,NA,FALSE,FALSE,0.00412,0.00241,552.444,-0.553731,-0.124049,1.35823,0.412052,0.673187,1.35823,-129.2466,-14.1616,127.2951,63.514,184.0437,233.5589
S3A_20251130T100930_vs_HYPERNETS_20251130T094500_RHOW_R.csv,THFR,Hyp,S3A,3.6641600000000003,43.43485999999999,3.6578310000000003,43.442213,0.97,5,2025-11-30T08:45:00Z,2025-11-30T09:09:30Z,24,30,6,0.1138,0.2856,0.0862,0.242,0.6792,3.33e-4,0.001193,0.0015,NA,TRUE,TRUE,0.002843,0.001864,138.5609,0.639297,1.169615,1.764011,0.804476,1.169615,1.764011,62.5129,116.5176,175.0455,109.6964,159.4392,247.9104
S3A_20251130T100930_vs_HYPERNETS_20251130T100000_RHOW_R.csv,THFR,Hyp,S3A,3.6641600000000003,43.43485999999999,3.6578310000000003,43.442213,0.97,5,2025-11-30T09:00:00Z,2025-11-30T09:09:30Z,10,30,6,0.114,0.2101,0.0889,0.2514,0.7112,5.52e-4,0.001274,0.00153,NA,TRUE,TRUE,0.00273,0.002043,457.1169,2.889638,4.685634,5.888048,2.889638,4.685634,5.888048,281.0918,467.5416,586.8989,282.3719,467.5416,586.8989
S3A_20251130T100930_vs_HYPERNETS_20251130T103000_RHOW_R.csv,THFR,Hyp,S3A,3.6641600000000003,43.43485999999999,3.6578310000000003,43.442213,0.97,5,2025-11-30T09:30:00Z,2025-11-30T09:09:30Z,20,30,6,0.1102,0.1999,0.0853,0.2409,0.6799,6.38e-4,0.001304,0.00154,NA,TRUE,TRUE,0.002856,0.002177,1236.6063,8.701571,9.947674,12.560036,8.701571,9.947674,12.560036,869.7344,992.2329,1251.4253,869.7344,992.2329,1251.4253
S3A_20251203T103156_vs_HYPERNETS_20251203T101500_RHOW_R.csv,THFR,Hyp,S3A,3.6641600000000003,43.43485999999999,3.662917,43.440618,0.65,5,2025-12-03T09:15:00Z,2025-12-03T09:31:56Z,17,30,10,0.3917,0.7909,0.6374,1.3031,2.6641,-0.002573,0.001096,0.002891,NA,FALSE,FALSE,0.004501,0.002939,497.8773,-0.180192,0.951883,4.34777,0.433479,0.951883,4.34777,-22.1057,94.6498,386.1044,70.0702,109.8363,388.717
S3A_20251203T103156_vs_HYPERNETS_20251203T103000_RHOW_R.csv,THFR,Hyp,S3A,3.6641600000000003,43.43485999999999,3.662917,43.440618,0.65,5,2025-12-03T09:30:00Z,2025-12-03T09:31:56Z,2,30,10,0.3999,0.7696,0.6091,1.2394,2.522,-0.002711,0.001012,0.002842,NA,FALSE,FALSE,0.004421,0.002976,541.8694,-0.227471,0.663999,3.563462,0.454552,0.723499,3.563462,-29.5929,65.8337,319.5019,58.1121,85.874,362.0786
S3A_20251203T103156_vs_HYPERNETS_20251203T104500_RHOW_R.csv,THFR,Hyp,S3A,3.6641600000000003,43.43485999999999,3.662917,43.440618,0.65,5,2025-12-03T09:45:00Z,2025-12-03T09:31:56Z,13,30,7,-0.3016,0.1323,-2.9,-1.116,-0.4295,0.008045,0.010461,0.016738,NA,TRUE,TRUE,0.005381,0.004005,9190.8486,-0.090815,1.263237,8.322627,0.242702,1.263237,8.322627,-10.1576,126.3237,798.4937,33.2519,126.3237,798.4937
S3A_20251203T103156_vs_HYPERNETS_20251203T110000_RHOW_R.csv,THFR,Hyp,S3A,3.6641600000000003,43.43485999999999,3.662917,43.440618,0.65,5,2025-12-03T10:00:00Z,2025-12-03T09:31:56Z,28,30,10,0.3903,0.8023,0.6099,1.2433,2.5348,-0.002677,0.001035,0.002857,NA,FALSE,FALSE,0.004451,0.002984,470.397,-0.220024,0.370258,3.763794,0.324505,0.489165,3.763794,-28.341,36.7809,337.152,34.9679,86.9022,344.1314
S3A_20251208T100159_vs_HYPERNETS_20251208T094500_RHOW_R.csv,THFR,Hyp,S3A,3.6641600000000003,43.43485999999999,3.6581360000000003,43.44261,0.99,5,2025-12-08T08:45:00Z,2025-12-08T09:01:59Z,17,30,13,0.5012,0.22,0.5099,0.8525,1.4252,-7.51e-4,6.02e-4,0.001411,NA,FALSE,FALSE,0.002269,0.001836,3428.2221,-0.37036,-0.26776,4.490099,0.37036,0.912619,4.490099,-58.8209,-36.5673,449.0099,58.8209,221.2205,1004.2103
S3A_20251208T100159_vs_HYPERNETS_20251208T100000_RHOW_R.csv,THFR,Hyp,S3A,3.6641600000000003,43.43485999999999,3.6581360000000003,43.44261,0.99,5,2025-12-08T09:00:00Z,2025-12-08T09:01:59Z,2,30,12,0.5181,0.453,0.5046,0.8637,1.4785,-0.001234,4.19e-4,0.001384,NA,FALSE,FALSE,0.002251,0.001866,290.5633,-0.407322,-0.305791,2.546838,0.383358,0.786224,2.546838,-69.0972,-44.282,253.2053,62.1709,152.3974,396.3575
S3A_20251208T100159_vs_HYPERNETS_20251208T101500_RHOW_R.csv,THFR,Hyp,S3A,3.6641600000000003,43.43485999999999,3.6581360000000003,43.44261,0.99,5,2025-12-08T09:15:00Z,2025-12-08T09:01:59Z,13,30,12,0.5315,0.535,0.5023,0.8491,1.4355,-0.001318,3.4e-4,0.00132,NA,FALSE,FALSE,0.002205,0.001857,187.8645,-0.424771,-0.330515,1.766155,0.401382,0.723615,1.766155,-74.25,-49.7451,174.3396,65.8937,123.8857,345.0638
S3A_20251208T100159_vs_HYPERNETS_20251208T103000_RHOW_R.csv,THFR,Hyp,S3A,3.6641600000000003,43.43485999999999,3.6581360000000003,43.44261,0.99,5,2025-12-08T09:30:00Z,2025-12-08T09:01:59Z,28,30,12,0.5377,0.5487,0.4978,0.8333,1.395,-0.001341,3.02e-4,0.001284,NA,FALSE,FALSE,0.002186,0.001854,175.8476,-0.437401,-0.343511,1.789152,0.416349,0.682838,1.789152,-78.1012,-52.7285,178.6927,68.8476,132.7949,292.4115
S3A_20251230T103156_vs_HYPERNETS_20251230T101500_RHOW_R.csv,THFR,Hyp,S3A,3.6641600000000003,43.43485999999999,3.658413,43.442394,0.96,5,2025-12-30T09:15:00Z,2025-12-30T09:31:56Z,17,30,15,0.9042,0.5945,1.2853,2.1629,3.6399,-0.00348,0.001188,0.003962,NA,TRUE,FALSE,0.007878,0.004881,787.2949,0.393431,0.614268,4.228185,0.485713,0.668545,4.228185,39.3257,61.4268,417.6072,48.4051,80.7257,417.6072
S3A_20251230T103156_vs_HYPERNETS_20251230T103000_RHOW_R.csv,THFR,Hyp,S3A,3.6641600000000003,43.43485999999999,3.658413,43.442394,0.96,5,2025-12-30T09:30:00Z,2025-12-30T09:31:56Z,2,30,14,0.9688,0.9307,1.2702,2.1728,3.7167,-0.004522,8.45e-4,0.003982,NA,TRUE,FALSE,0.0079,0.004926,266.9923,0.409912,0.660699,2.619205,0.409912,0.660699,2.619205,40.9769,65.8055,250.6919,44.8342,65.8055,250.6919
S3A_20251230T103156_vs_HYPERNETS_20251230T104500_RHOW_R.csv,THFR,Hyp,S3A,3.6641600000000003,43.43485999999999,3.658413,43.442394,0.96,5,2025-12-30T09:45:00Z,2025-12-30T09:31:56Z,13,30,15,1.0509,0.6191,1.2408,2.0306,3.323,-0.00396,7.01e-4,0.003549,NA,TRUE,FALSE,0.007317,0.004438,768.9279,0.312917,0.444012,3.130537,0.331192,0.622829,3.130537,31.2897,44.4012,308.6724,33.1147,62.2829,308.6724
S3A_20251230T103156_vs_HYPERNETS_20251230T110000_RHOW_R.csv,THFR,Hyp,S3A,3.6641600000000003,43.43485999999999,3.658413,43.442394,0.96,5,2025-12-30T10:00:00Z,2025-12-30T09:31:56Z,28,30,15,1.0676,0.6022,1.2657,2.073,3.3951,-0.003909,7.38e-4,0.003575,NA,TRUE,FALSE,0.007382,0.004527,882.3572,0.346193,0.487304,3.375761,0.405628,0.660838,3.375761,34.6169,48.7304,331.3484,40.469,66.0838,331.3484
S3A_20251231T100545_vs_HYPERNETS_20251231T094500_RHOW_R.csv,THFR,Hyp,S3A,3.6641600000000003,43.43485999999999,3.6590819999999997,43.44184099999999,0.88,5,2025-12-31T08:45:00Z,2025-12-31T09:05:45Z,21,30,12,0.5975,0.5708,0.7006,1.259,2.2622,-0.002259,6.48e-4,0.002266,NA,FALSE,FALSE,0.003489,0.001844,299.2581,-0.068984,0.123598,1.165392,0.108933,0.194488,1.165392,-7.4408,12.3508,111.9682,11.7694,21.9885,111.9682
S3A_20251231T100545_vs_HYPERNETS_20251231T100000_RHOW_R.csv,THFR,Hyp,S3A,3.6641600000000003,43.43485999999999,3.6590819999999997,43.44184099999999,0.88,5,2025-12-31T09:00:00Z,2025-12-31T09:05:45Z,6,30,14,0.4808,0.4644,0.7808,1.3657,2.3887,-0.002065,7.86e-4,0.002416,NA,FALSE,FALSE,0.004226,0.002336,413.713,-0.158721,0.060793,2.849884,0.14622,0.343356,2.849884,-18.8764,6.0068,274.3144,17.1357,48.266,274.3144
S3A_20251231T100545_vs_HYPERNETS_20251231T101500_RHOW_R.csv,THFR,Hyp,S3A,3.6641600000000003,43.43485999999999,3.6590819999999997,43.44184099999999,0.88,5,2025-12-31T09:15:00Z,2025-12-31T09:05:45Z,9,30,14,0.5268,0.4425,0.7743,1.3424,2.3275,-0.002142,7.08e-4,0.002352,NA,FALSE,FALSE,0.004095,0.002262,551.1807,-0.16331,0.028754,3.211912,0.160069,0.301052,3.211912,-19.5192,2.8239,300.7175,19.0581,43.2371,300.7175
S3A_20251231T100545_vs_HYPERNETS_20251231T103000_RHOW_R.csv,THFR,Hyp,S3A,3.6641600000000003,43.43485999999999,3.6590819999999997,43.44184099999999,0.88,5,2025-12-31T09:30:00Z,2025-12-31T09:05:45Z,24,30,14,0.552,0.5375,0.7821,1.3507,2.3328,-0.002341,5.78e-4,0.002268,NA,FALSE,FALSE,0.004015,0.002238,296.3638,-0.18776,0.022961,2.563092,0.18072,0.36885,2.563092,-23.1198,2.2424,244.6568,22.0618,46.7972,244.6568
S3B_20250117T094918_vs_HYPERNETS_20250117T093000_RHOW_R.csv,THFR,Hyp,S3B,3.6641600000000003,43.43485999999999,3.6603770000000004,43.44102099999999,0.75,5,2025-01-17T08:30:00Z,2025-01-17T08:49:18Z,19,30,5,2.2139,1.2486,1.3514,2.3296,4.0161,-0.001709,-4.86e-4,2.23e-4,NA,TRUE,FALSE,7.06e-4,5.66e-4,76.3527,0.364959,0.810696,0.978084,0.469773,0.810696,0.978084,36.4959,81.0696,97.8084,81.0696,88.5986,97.8084
S3B_20250117T094918_vs_HYPERNETS_20250117T094500_RHOW_R.csv,THFR,Hyp,S3B,3.6641600000000003,43.43485999999999,3.6603770000000004,43.44102099999999,0.75,5,2025-01-17T08:45:00Z,2025-01-17T08:49:18Z,4,30,1,NA,NA,NA,NA,NA,NA,NA,NA,NA,NA,NA,NA,NA,NA,NA,NA,NA,NA,NA,NA,NA,NA,NA,NA,NA,NA
S3B_20250117T094918_vs_HYPERNETS_20250117T100000_RHOW_R.csv,THFR,Hyp,S3B,3.6641600000000003,43.43485999999999,3.6603770000000004,43.44102099999999,0.75,5,2025-01-17T09:00:00Z,2025-01-17T08:49:18Z,11,30,1,NA,NA,NA,NA,NA,NA,NA,NA,NA,NA,NA,NA,NA,NA,NA,NA,NA,NA,NA,NA,NA,NA,NA,NA,NA,NA
S3B_20250117T094918_vs_HYPERNETS_20250117T101500_RHOW_R.csv,THFR,Hyp,S3B,3.6641600000000003,43.43485999999999,3.6603770000000004,43.44102099999999,0.75,5,2025-01-17T09:15:00Z,2025-01-17T08:49:18Z,26,30,3,-171.5808,-1.7569,-5783.5054,-284.5783,-14.0027,0.001352,0.003544,0.048077,NA,TRUE,TRUE,0.001646,0.001231,21453.4834,76.824735,136.130094,313.042562,76.824735,136.130094,313.042562,4939.4085,13613.0094,25847.0055,4939.4085,13613.0094,25847.0055
S3B_20250204T102256_vs_HYPERNETS_20250204T100000_RHOW_R.csv,THFR,Hyp,S3B,3.6641600000000003,43.43485999999999,3.6595240000000002,43.440343999999996,0.72,5,2025-02-04T09:00:00Z,2025-02-04T09:22:56Z,23,30,11,0.7885,0.8609,1.2075,2.338,4.5268,-0.004721,2.71e-4,0.00285,NA,TRUE,FALSE,0.005461,0.003373,246.9829,0.230203,0.487209,1.779056,0.230203,0.487209,1.779056,23.0003,48.7209,176.7062,24.3959,48.7209,176.7062
S3B_20250204T102256_vs_HYPERNETS_20250204T103000_RHOW_R.csv,THFR,Hyp,S3B,3.6641600000000003,43.43485999999999,3.6595240000000002,43.440343999999996,0.72,5,2025-02-04T09:30:00Z,2025-02-04T09:22:56Z,7,30,15,1.28,0.853,1.3958,2.2423,3.602,-0.002629,-3.8e-5,0.001574,NA,TRUE,FALSE,0.004432,0.002394,234.2436,0.11299,0.39492,3.326745,0.193089,0.39492,3.326745,11.2988,39.492,297.2798,22.3062,41.5832,297.2798
S3B_20250204T102256_vs_HYPERNETS_20250204T104500_RHOW_R.csv,THFR,Hyp,S3B,3.6641600000000003,43.43485999999999,3.6595240000000002,43.440343999999996,0.72,5,2025-02-04T09:45:00Z,2025-02-04T09:22:56Z,22,30,15,1.2405,0.7806,1.3949,2.2584,3.6564,-0.002349,1.68e-4,0.001723,NA,TRUE,FALSE,0.004534,0.002451,310.9112,0.201611,0.582281,4.135031,0.201611,0.582281,4.135031,20.0826,58.2281,357.6711,20.0826,58.2281,357.6711
S3B_20250205T095645_vs_HYPERNETS_20250205T093000_RHOW_R.csv,THFR,Hyp,S3B,3.6641600000000003,43.43485999999999,3.656301,43.44165399999999,0.99,5,2025-02-05T08:30:00Z,2025-02-05T08:56:45Z,27,30,11,0.4909,0.5725,1.1715,2.3187,4.5891,-0.004547,4.12e-4,0.002918,NA,TRUE,FALSE,0.00566,0.003416,394.1991,0.037898,0.481551,2.847779,0.27794,0.481551,2.847779,3.1695,48.1551,279.6065,33.3099,64.3694,279.6065
S3B_20250205T095645_vs_HYPERNETS_20250205T094500_RHOW_R.csv,THFR,Hyp,S3B,3.6641600000000003,43.43485999999999,3.656301,43.44165399999999,0.99,5,2025-02-05T08:45:00Z,2025-02-05T08:56:45Z,12,30,15,0.9107,0.6404,1.321,2.228,3.7577,-0.002381,3.42e-4,0.001957,NA,TRUE,FALSE,0.004763,0.002686,555.74,-0.059965,0.439995,5.275696,0.39568,0.504884,5.275696,-8.385,43.9995,436.3054,42.564,101.9727,436.3054
S3B_20250205T095645_vs_HYPERNETS_20250205T100000_RHOW_R.csv,THFR,Hyp,S3B,3.6641600000000003,43.43485999999999,3.656301,43.44165399999999,0.99,5,2025-02-05T09:00:00Z,2025-02-05T08:56:45Z,3,30,15,0.9868,0.5916,1.3407,2.244,3.7558,-0.002393,3.05e-4,0.001917,NA,TRUE,FALSE,0.004703,0.002666,757.9104,-0.047557,0.459693,4.870553,0.301226,0.483587,4.870553,-6.9168,45.9693,420.651,36.8953,93.6436,420.651
S3B_20250205T095645_vs_HYPERNETS_20250205T101500_RHOW_R.csv,THFR,Hyp,S3B,3.6641600000000003,43.43485999999999,3.656301,43.44165399999999,0.99,5,2025-02-05T09:15:00Z,2025-02-05T08:56:45Z,18,30,15,1.0522,0.5274,1.3317,2.2065,3.6559,-0.002436,2.38e-4,0.001852,NA,TRUE,FALSE,0.004601,0.002602,1303.7021,-0.042035,0.434818,4.300627,0.28725,0.478969,4.300627,-5.8986,43.4818,390.3974,33.8076,91.9273,390.3974
S3B_20250213T094920_vs_HYPERNETS_20250213T100000_RHOW_R.csv,THFR,Hyp,S3B,3.6641600000000003,43.43485999999999,3.6556399999999996,43.441002,0.97,5,2025-02-13T09:00:00Z,2025-02-13T08:49:20Z,11,30,4,-12.3533,-1.3584,-55.2967,-14.9517,-4.0428,0.003668,0.007566,0.021984,NA,TRUE,TRUE,0.003045,0.001866,1218.5496,1.097528,1.380899,12.468866,1.097528,1.380899,12.468866,108.5399,137.5606,424.6412,108.5399,137.5606,424.6412
S3B_20250213T094920_vs_HYPERNETS_20250213T101500_RHOW_R.csv,THFR,Hyp,S3B,3.6641600000000003,43.43485999999999,3.6556399999999996,43.441002,0.97,5,2025-02-13T09:15:00Z,2025-02-13T08:49:20Z,26,30,4,-15.5185,-1.9872,-68.1584,-18.6598,-5.1085,0.004219,0.009512,0.028848,NA,TRUE,TRUE,0.003005,0.001833,787.8183,1.055742,1.173059,7.9955,1.055742,1.173059,7.9955,104.7342,117.3015,318.8283,104.7342,117.3015,318.8283
S3B_20250216T101147_vs_HYPERNETS_20250216T094500_RHOW_R.csv,THFR,Hyp,S3B,3.6641600000000003,43.43485999999999,3.6597779999999998,43.440093999999995,0.68,5,2025-02-16T08:45:00Z,2025-02-16T09:11:47Z,27,30,5,-0.0661,-0.1598,-0.4056,-0.1204,-0.0357,0.001405,0.001625,0.002367,NA,TRUE,TRUE,0.004619,0.002768,155.1045,1.217937,1.586597,1.776123,1.217937,1.586597,1.776123,121.7937,158.6597,177.6123,158.6597,177.6123,224.2996
S3B_20250216T101147_vs_HYPERNETS_20250216T100000_RHOW_R.csv,THFR,Hyp,S3B,3.6641600000000003,43.43485999999999,3.6597779999999998,43.440093999999995,0.68,5,2025-02-16T09:00:00Z,2025-02-16T09:11:47Z,12,30,5,-0.0665,-0.1396,-0.4057,-0.1206,-0.0359,0.0014,0.001607,0.002304,NA,TRUE,TRUE,0.004572,0.002854,244.6981,2.274735,2.453952,3.208073,2.274735,2.453952,3.208073,227.4735,245.3952,320.8073,245.3952,320.8073,336.766
S3B_20250216T101147_vs_HYPERNETS_20250216T101500_RHOW_R.csv,THFR,Hyp,S3B,3.6641600000000003,43.43485999999999,3.6597779999999998,43.440093999999995,0.68,5,2025-02-16T09:15:00Z,2025-02-16T09:11:47Z,3,30,5,-0.0673,-0.1377,-0.4077,-0.1214,-0.0362,0.001398,0.001602,0.002283,NA,TRUE,TRUE,0.004532,0.002871,290.4335,2.635642,3.180059,3.882648,2.635642,3.180059,3.882648,263.5642,318.0059,388.2648,318.0059,388.2648,389.3604
S3B_20250531T101538_vs_HYPERNETS_20250531T103100_RHOW_R.csv,THFR,Hyp,S3B,3.6641600000000003,43.43485999999999,3.659116,43.440380999999995,0.74,5,2025-05-31T08:31:00Z,2025-05-31T08:15:38Z,15,30,10,0.0338,0.0525,0.099,0.2067,0.4315,9.91e-4,0.001933,0.002384,NA,TRUE,TRUE,0.003717,0.003233,485.1412,-0.583742,-0.288001,9.507647,0.48836,0.738371,9.507647,-144.4532,-42.2818,947.2611,98.4354,286.9868,947.2611
S3B_20250601T094927_vs_HYPERNETS_20250601T093000_RHOW_R.csv,THFR,Hyp,S3B,3.6641600000000003,43.43485999999999,3.662182,43.441303,0.73,5,2025-06-01T07:30:00Z,2025-06-01T07:49:27Z,19,30,7,0.1145,0.1174,0.1494,0.386,0.9968,2.91e-4,0.001903,0.002527,NA,TRUE,TRUE,0.003748,0.003286,966.6874,3.12717,13.772257,14.228298,3.731936,13.772257,14.228298,110.4218,1377.2257,1422.8178,499.3053,1377.2257,1422.8178
S3B_20250601T094927_vs_HYPERNETS_20250601T094500_RHOW_R.csv,THFR,Hyp,S3B,3.6641600000000003,43.43485999999999,3.662182,43.441303,0.73,5,2025-06-01T07:45:00Z,2025-06-01T07:49:27Z,4,30,7,0.119,0.1261,0.1555,0.4016,1.0375,2.99e-4,0.001906,0.002528,NA,FALSE,TRUE,0.00362,0.003197,1079.8318,4.663644,14.514577,16.17773,5.251449,14.514577,16.17773,154.202,1451.4577,1613.6736,595.2537,1451.4577,1613.6736
S3B_20250601T094927_vs_HYPERNETS_20250601T100000_RHOW_R.csv,THFR,Hyp,S3B,3.6641600000000003,43.43485999999999,3.662182,43.441303,0.73,5,2025-06-01T08:00:00Z,2025-06-01T07:49:27Z,11,30,7,0.118,0.1435,0.1532,0.3956,1.0213,2.43e-4,0.001884,0.002519,NA,FALSE,TRUE,0.00366,0.003208,784.8285,3.78285,10.930062,11.324227,4.378821,10.930062,11.324227,130.4542,1093.0062,1131.9729,544.2038,1093.0062,1131.9729
S3B_20250601T094927_vs_HYPERNETS_20250601T101500_RHOW_R.csv,THFR,Hyp,S3B,3.6641600000000003,43.43485999999999,3.662182,43.441303,0.73,5,2025-06-01T08:15:00Z,2025-06-01T07:49:27Z,26,30,6,0.0643,0.0301,0.1165,0.3563,1.0894,1.7e-4,0.002257,0.00294,NA,FALSE,TRUE,0.003765,0.003491,960.8572,2.589109,12.425703,14.134054,3.447641,12.425703,14.134054,32.1237,1239.2454,1412.7476,465.4215,1239.2454,1412.7476
S3B_20250604T101153_vs_HYPERNETS_20250604T101500_RHOW_R.csv,THFR,Hyp,S3B,3.6641600000000003,43.43485999999999,3.6596419999999994,43.439989,0.68,5,2025-06-04T08:15:00Z,2025-06-04T08:11:53Z,3,30,16,3.1038,1.1667,3.4546,5.4458,8.5847,-0.017787,-0.005829,0.001757,NA,TRUE,FALSE,0.021542,0.011672,264.074,-0.253645,0.886279,2.880513,0.56033,0.979691,2.880513,-36.9694,85.9698,278.0218,88.5231,160.5371,343.9301
S3B_20250604T101153_vs_HYPERNETS_20250604T103000_RHOW_R.csv,THFR,Hyp,S3B,3.6641600000000003,43.43485999999999,3.6596419999999994,43.439989,0.68,5,2025-06-04T08:30:00Z,2025-06-04T08:11:53Z,18,30,16,3.1197,1.4267,3.4913,5.5112,8.6998,-0.019993,-0.007198,9.08e-4,NA,TRUE,FALSE,0.021468,0.011628,229.022,-0.51709,0.478151,2.393911,0.539945,0.716437,2.393911,-107.4441,47.6257,229.282,63.2853,157.2023,373.2896
S3B_20250608T100809_vs_HYPERNETS_20250608T094500_RHOW_R.csv,THFR,Hyp,S3B,3.6641600000000003,43.43485999999999,3.660572,43.440754,0.72,5,2025-06-08T07:45:00Z,2025-06-08T08:08:09Z,23,30,5,0.7772,0.3303,0.4266,1.4486,4.9188,-0.002059,9e-6,6.19e-4,NA,FALSE,FALSE,3.94e-4,2.92e-4,70.0057,0.137777,0.160945,0.621032,0.137777,0.160945,0.621032,13.7777,16.0945,62.1032,13.7777,16.0945,62.1032
S3B_20250608T100809_vs_HYPERNETS_20250608T100000_RHOW_R.csv,THFR,Hyp,S3B,3.6641600000000003,43.43485999999999,3.660572,43.440754,0.72,5,2025-06-08T08:00:00Z,2025-06-08T08:08:09Z,8,30,5,0.439,0.1261,0.2671,0.9448,3.3416,-0.001601,1.74e-4,6.75e-4,NA,FALSE,FALSE,3.72e-4,2.78e-4,86.0387,-0.125565,-0.082144,0.248542,0.125565,0.248542,0.269785,-14.3596,-8.9496,24.8542,14.3596,24.8542,36.946
S3B_20250611T103037_vs_HYPERNETS_20250611T101500_RHOW_R.csv,THFR,Hyp,S3B,3.6641600000000003,43.43485999999999,3.659504,43.44166799999999,0.85,5,2025-06-11T08:15:00Z,2025-06-11T08:30:37Z,16,30,16,0.6769,0.2977,0.5883,0.7393,0.9292,0.002683,0.003731,0.004565,NA,TRUE,TRUE,0.003155,0.002428,397.0983,0.171505,0.290192,8.414873,0.171505,0.290192,8.414873,17.1459,29.0176,841.0836,17.1459,29.0176,841.0836
S3B_20250611T103037_vs_HYPERNETS_20250611T103000_RHOW_R.csv,THFR,Hyp,S3B,3.6641600000000003,43.43485999999999,3.659504,43.44166799999999,0.85,5,2025-06-11T08:30:00Z,2025-06-11T08:30:37Z,1,30,16,0.6906,0.3214,0.6003,0.7538,0.9465,0.002644,0.003697,0.004535,NA,TRUE,TRUE,0.003149,0.002442,308.4354,0.196892,0.304016,8.149347,0.196892,0.304016,8.149347,19.6839,30.4015,814.7808,19.6839,30.4015,814.7808
S3B_20250611T103037_vs_HYPERNETS_20250611T104500_RHOW_R.csv,THFR,Hyp,S3B,3.6641600000000003,43.43485999999999,3.659504,43.44166799999999,0.85,5,2025-06-11T08:45:00Z,2025-06-11T08:30:37Z,14,30,16,0.7009,0.3479,0.6093,0.7642,0.9585,0.002519,0.003592,0.0044470000000000004,NA,TRUE,TRUE,0.003066,0.002362,242.8063,0.185183,0.283259,5.84499,0.185183,0.283259,5.84499,18.5157,28.3247,583.0546,18.5157,28.3247,583.0546
S3B_20250611T103037_vs_HYPERNETS_20250611T110000_RHOW_R.csv,THFR,Hyp,S3B,3.6641600000000003,43.43485999999999,3.659504,43.44166799999999,0.85,5,2025-06-11T09:00:00Z,2025-06-11T08:30:37Z,29,30,16,0.7202,0.313,0.626,0.7855,0.9855,0.002643,0.003692,0.004529,NA,TRUE,TRUE,0.003225,0.002567,348.581,0.26554,0.339135,9.300381,0.26554,0.339135,9.300381,26.5519,33.8661,929.879,26.5519,33.8661,929.879
S3B_20250616T100043_vs_HYPERNETS_20250616T094500_RHOW_R.csv,THFR,Hyp,S3B,3.6641600000000003,43.43485999999999,3.6586419999999995,43.441120999999995,0.83,5,2025-06-16T07:45:00Z,2025-06-16T08:00:43Z,16,30,9,0.3173,0.1993,0.2442,0.4361,0.7789,-9.92e-4,5.59e-4,0.001428,NA,TRUE,FALSE,0.004397,0.003369,1072.4723,-0.629755,0.752969,1.331177,0.712889,0.907791,1.331177,-170.0916,75.2969,133.1177,104.9807,170.0916,248.2979
S3B_20250616T100043_vs_HYPERNETS_20250616T100000_RHOW_R.csv,THFR,Hyp,S3B,3.6641600000000003,43.43485999999999,3.6586419999999995,43.441120999999995,0.83,5,2025-06-16T08:00:00Z,2025-06-16T08:00:43Z,1,30,9,0.3182,0.2673,0.2447,0.4365,0.7786,-0.001057,5.21e-4,0.001405,NA,TRUE,FALSE,0.004429,0.003363,421.8952,-0.630278,0.444186,0.917834,0.476032,0.71333,0.917834,-170.4736,44.4186,91.7834,76.5286,163.1998,248.8332
S3B_20250616T100043_vs_HYPERNETS_20250616T101500_RHOW_R.csv,THFR,Hyp,S3B,3.6641600000000003,43.43485999999999,3.6586419999999995,43.441120999999995,0.83,5,2025-06-16T08:15:00Z,2025-06-16T08:00:43Z,14,30,9,0.3175,0.2559,0.2447,0.4381,0.7842,-0.001108,4.99e-4,0.001397,NA,TRUE,FALSE,0.00444,0.00336,446.6764,-0.630243,0.269527,0.726242,0.432383,0.713413,0.91439,-170.448,26.9527,72.6242,72.6242,141.8244,248.9341
S3B_20250616T100043_vs_HYPERNETS_20250616T103000_RHOW_R.csv,THFR,Hyp,S3B,3.6641600000000003,43.43485999999999,3.6586419999999995,43.441120999999995,0.83,5,2025-06-16T08:30:00Z,2025-06-16T08:00:43Z,29,30,9,0.3081,0.2525,0.2379,0.427,0.7662,-0.001129,4.93e-4,0.001396,NA,TRUE,FALSE,0.004624,0.003497,446.0574,-0.638118,0.312642,0.673679,0.480519,0.673679,0.920745,-176.333,31.2642,67.3679,67.3679,140.4281,257.0896
S3B_20250619T102310_vs_HYPERNETS_20250619T100000_RHOW_R.csv,THFR,Hyp,S3B,3.6641600000000003,43.43485999999999,3.658015,43.440638,0.81,5,2025-06-19T08:00:00Z,2025-06-19T08:23:10Z,23,30,5,0.0687,0.2474,0.0362,0.077,0.1639,-1.02e-4,1.16e-4,2.18e-4,NA,TRUE,FALSE,0.004678,0.002342,187.75,-0.93282,-0.918363,-0.229278,0.918363,0.93282,0.97313,-1388.543,-1124.9295,-29.7485,633.3908,1124.9295,1388.543
S3B_20250619T102310_vs_HYPERNETS_20250619T101500_RHOW_R.csv,THFR,Hyp,S3B,3.6641600000000003,43.43485999999999,3.658015,43.440638,0.81,5,2025-06-19T08:15:00Z,2025-06-19T08:23:10Z,8,30,5,0.068,0.3613,0.0357,0.0764,0.1632,-1.2e-4,1.08e-4,2.15e-4,NA,TRUE,FALSE,0.00477,0.002436,113.5943,-0.945874,-0.919751,-0.514651,0.919751,0.945874,0.978536,-1747.5542,-1146.114,-106.0372,232.0902,1146.114,1747.5542
S3B_20250619T102310_vs_HYPERNETS_20250619T103000_RHOW_R.csv,THFR,Hyp,S3B,3.6641600000000003,43.43485999999999,3.658015,43.440638,0.81,5,2025-06-19T08:30:00Z,2025-06-19T08:23:10Z,7,30,5,0.0649,0.2591,0.0339,0.0732,0.1577,-1.26e-4,1.07e-4,2.15e-4,NA,TRUE,FALSE,0.005005,0.002582,146.4051,-0.951016,-0.923199,-0.562739,0.923199,0.951016,0.981006,-1941.4691,-1202.0651,-128.6965,390.2298,1202.0651,1941.4691
S3B_20250619T102310_vs_HYPERNETS_20250619T104500_RHOW_R.csv,THFR,Hyp,S3B,3.6641600000000003,43.43485999999999,3.658015,43.440638,0.81,5,2025-06-19T08:45:00Z,2025-06-19T08:23:10Z,22,30,5,0.0661,0.1506,0.0347,0.0743,0.159,-1.05e-4,1.16e-4,2.19e-4,NA,TRUE,FALSE,0.004868,0.002446,301.5981,-0.937619,-0.921273,-0.189358,0.921273,0.937619,0.975935,-1503.0555,-1170.2139,-23.359,1170.2139,1205.5722,1503.0555
S3B_20250620T095659_vs_HYPERNETS_20250620T093000_RHOW_R.csv,THFR,Hyp,S3B,3.6641600000000003,43.43485999999999,3.6581940000000004,43.441314,0.87,5,2025-06-20T07:30:00Z,2025-06-20T07:56:59Z,27,30,8,0.092,0.0774,0.147,0.3456,0.8126,3.09e-4,0.001961,0.002664,NA,TRUE,TRUE,0.004219,0.003861,1189.051,-0.507491,10.512071,12.543688,0.753747,10.512071,12.543688,-108.6579,1050.9813,1252.0729,310.6215,1050.9813,1252.0729
S3B_20250620T095659_vs_HYPERNETS_20250620T094500_RHOW_R.csv,THFR,Hyp,S3B,3.6641600000000003,43.43485999999999,3.6581940000000004,43.441314,0.87,5,2025-06-20T07:45:00Z,2025-06-20T07:56:59Z,12,30,8,0.0918,0.0806,0.1472,0.3462,0.8141,2.8e-4,0.001949,0.002659,NA,TRUE,TRUE,0.004216,0.00385,884.6453,-0.506947,9.513429,10.901072,0.755198,9.513429,10.901072,-108.5602,951.273,1089.3473,313.1026,951.273,1089.3473
S3B_20250620T095659_vs_HYPERNETS_20250620T100000_RHOW_R.csv,THFR,Hyp,S3B,3.6641600000000003,43.43485999999999,3.6581940000000004,43.441314,0.87,5,2025-06-20T08:00:00Z,2025-06-20T07:56:59Z,3,30,8,0.0905,0.0817,0.1474,0.347,0.8168,2.67e-4,0.001945,0.002658,NA,TRUE,TRUE,0.004214,0.003844,900.121,-0.503847,9.228737,10.36616,0.756594,9.228737,10.36616,-107.4248,922.2958,1036.4888,315.6672,922.2958,1036.4888
S3B_20250620T095659_vs_HYPERNETS_20250620T101500_RHOW_R.csv,THFR,Hyp,S3B,3.6641600000000003,43.43485999999999,3.6581940000000004,43.441314,0.87,5,2025-06-20T08:15:00Z,2025-06-20T07:56:59Z,18,30,8,0.0903,0.0859,0.1486,0.35,0.8243,2.51e-4,0.001939,0.002656,NA,TRUE,TRUE,0.004182,0.003816,1190.6352,-0.498185,8.76251,9.496185,0.756391,8.76251,9.496185,-105.2462,875.9532,949.5436,315.4676,875.9532,949.5436
S3B_20250623T101926_vs_HYPERNETS_20250623T100000_RHOW_R.csv,THFR,Hyp,S3B,3.6641600000000003,43.43485999999999,3.6592529999999996,43.440653999999995,0.76,5,2025-06-23T08:00:00Z,2025-06-23T08:19:26Z,19,30,3,-0.5349,-0.9753,-2.9667,-0.5467,-0.1007,1.94e-4,3.48e-4,0.001185,NA,TRUE,TRUE,3.57e-4,3.24e-4,121.0789,-0.786505,-0.65683,0.701262,0.786505,0.91618,1.487768,-489.6202,-191.4012,2.4635,198.5799,205.9355,504.1457
S3B_20250623T101926_vs_HYPERNETS_20250623T101500_RHOW_R.csv,THFR,Hyp,S3B,3.6641600000000003,43.43485999999999,3.6592529999999996,43.440653999999995,0.76,5,2025-06-23T08:15:00Z,2025-06-23T08:19:26Z,4,30,3,-0.5272,-0.6437,-3.1561,-0.5408,-0.0927,1.85e-4,3.13e-4,0.001062,NA,TRUE,TRUE,3.31e-4,3.05e-4,274.1682,-0.744067,-0.580665,3.078123,0.744067,0.90747,3.82219,-407.6656,-138.4729,80.121,329.5397,673.6911,814.4121
S3B_20250623T101926_vs_HYPERNETS_20250623T103000_RHOW_R.csv,THFR,Hyp,S3B,3.6641600000000003,43.43485999999999,3.6592529999999996,43.440653999999995,0.76,5,2025-06-23T08:30:00Z,2025-06-23T08:19:26Z,11,30,3,-0.5116,-0.7147,-2.9726,-0.524,-0.0924,1.87e-4,3.2e-4,0.001075,NA,TRUE,TRUE,3.46e-4,3.18e-4,209.9169,-0.762693,-0.6131,2.079511,0.762693,0.912285,2.842203,-442.8302,-158.4651,49.44,286.2502,477.2122,711.2053
S3B_20250623T101926_vs_HYPERNETS_20250623T104500_RHOW_R.csv,THFR,Hyp,S3B,3.6641600000000003,43.43485999999999,3.6592529999999996,43.440653999999995,0.76,5,2025-06-23T08:45:00Z,2025-06-23T08:19:26Z,26,30,3,-0.5173,-0.9685,-2.7423,-0.5276,-0.1015,1.95e-4,3.48e-4,0.001143,NA,TRUE,TRUE,3.7e-4,3.35e-4,118.8173,-0.795355,-0.671732,0.651039,0.795355,0.918977,1.446393,-513.1716,-204.6296,-1.2114,200.9835,204.6296,513.1716
S3B_20250624T095315_vs_HYPERNETS_20250624T093000_RHOW_R.csv,THFR,Hyp,S3B,3.6641600000000003,43.43485999999999,3.658377,43.442063,0.93,5,2025-06-24T07:30:00Z,2025-06-24T07:53:15Z,23,30,6,0.0039,0.0197,0.0663,0.2056,0.637,5.26e-4,0.001414,0.001701,NA,TRUE,TRUE,0.003915,0.002701,590.8234,1.348797,2.980108,3.690359,1.348797,2.980108,3.690359,122.5481,297.6814,367.9071,289.6695,349.2734,445.4967
S3B_20250624T095315_vs_HYPERNETS_20250624T094500_RHOW_R.csv,THFR,Hyp,S3B,3.6641600000000003,43.43485999999999,3.658377,43.442063,0.93,5,2025-06-24T07:45:00Z,2025-06-24T07:53:15Z,8,30,6,0.0042,0.0171,0.0673,0.2087,0.6466,5.42e-4,0.001419,0.001702,NA,TRUE,TRUE,0.003856,0.002695,733.5637,1.66221,3.316403,3.905355,1.66221,3.316403,3.905355,154.0753,331.4962,389.7252,325.956,373.5532,443.6367
S3B_20250624T095315_vs_HYPERNETS_20250624T100000_RHOW_R.csv,THFR,Hyp,S3B,3.6641600000000003,43.43485999999999,3.658377,43.442063,0.93,5,2025-06-24T08:00:00Z,2025-06-24T07:53:15Z,7,30,6,0.0033,0.0037,0.0664,0.2059,0.6379,5.2e-4,0.001412,0.0017,NA,TRUE,TRUE,0.003913,0.002692,653.0575,1.187659,2.89728,3.508184,1.267512,2.89728,3.508184,106.5997,288.5927,350.4429,274.0243,339.8669,437.8243
S3B_20250624T095315_vs_HYPERNETS_20250624T101500_RHOW_R.csv,THFR,Hyp,S3B,3.6641600000000003,43.43485999999999,3.658377,43.442063,0.93,5,2025-06-24T08:15:00Z,2025-06-24T07:53:15Z,22,30,6,0.004,-0.0135,0.0667,0.2068,0.6407,5.95e-4,0.001436,0.001708,NA,TRUE,TRUE,0.003888,0.002765,2013.2252,2.595493,4.8151,5.154893,2.595493,4.8151,5.154893,241.5723,481.5025,515.22260000000006,462.6318,481.5025,515.22260000000006
S3B_20250627T101542_vs_HYPERNETS_20250627T100000_RHOW_R.csv,THFR,Hyp,S3B,3.6641600000000003,43.43485999999999,3.6594979999999997,43.442314,0.91,5,2025-06-27T08:00:00Z,2025-06-27T08:15:42Z,16,30,13,0.49370000000000003,0.3174,0.412,0.5783,0.8117,-0.001302,-2.38e-4,5.21e-4,NA,TRUE,FALSE,0.003446,0.002646,1161.6,-0.592148,-0.497198,-0.260029,0.333562,0.526613,0.615224,-145.1867,-98.8855,-35.1403,50.0516,111.2438,159.8913
S3B_20250627T101542_vs_HYPERNETS_20250627T101500_RHOW_R.csv,THFR,Hyp,S3B,3.6641600000000003,43.43485999999999,3.6594979999999997,43.442314,0.91,5,2025-06-27T08:15:00Z,2025-06-27T08:15:42Z,1,30,13,0.4974,0.4527,0.4149,0.5802,0.8113,-0.001255,-2.14e-4,5.31e-4,NA,TRUE,FALSE,0.003389,0.002581,326.0337,-0.577822,-0.486648,-0.253065,0.333099,0.51022,0.609133,-136.8671,-94.7981,-33.8804,49.9473,104.1733,155.8415
S3B_20250627T101542_vs_HYPERNETS_20250627T103000_RHOW_R.csv,THFR,Hyp,S3B,3.6641600000000003,43.43485999999999,3.6594979999999997,43.442314,0.91,5,2025-06-27T08:30:00Z,2025-06-27T08:15:42Z,14,30,13,0.5047,0.4204,0.4214,0.5939,0.837,-0.001361,-2.68e-4,5.07e-4,NA,TRUE,FALSE,0.003338,0.002567,415.5126,-0.5852,-0.488657,-0.313678,0.341667,0.518777,0.610514,-141.0803,-95.5635,-45.7041,51.8987,107.8039,156.7486
S3B_20250627T101542_vs_HYPERNETS_20250627T104500_RHOW_R.csv,THFR,Hyp,S3B,3.6641600000000003,43.43485999999999,3.6594979999999997,43.442314,0.91,5,2025-06-27T08:45:00Z,2025-06-27T08:15:42Z,29,30,13,0.5147,0.3947,0.4302,0.6093,0.8631,-0.001391,-2.76e-4,5.11e-4,NA,TRUE,FALSE,0.003219,0.002475,534.4526,-0.579048,-0.478951,-0.231727,0.290449,0.512503,0.603622,-137.5567,-91.9206,-30.1621,40.9341,105.1293,152.2843
S3B_20250628T094931_vs_HYPERNETS_20250628T093000_RHOW_R.csv,THFR,Hyp,S3B,3.6641600000000003,43.43485999999999,3.661289,43.440023,0.62,5,2025-06-28T07:30:00Z,2025-06-28T07:49:31Z,20,30,10,0.4433,0.6384,0.3481,0.5687,0.9291,-0.001246,1.21e-4,9.58e-4,NA,TRUE,FALSE,0.002899,0.002137,467.9072,-0.631625,-0.526009,0.006356,0.395978,0.621293,0.796287,-171.4932,-115.303,-1.4017,52.8864,164.0569,433.9967
S3B_20250628T094931_vs_HYPERNETS_20250628T094500_RHOW_R.csv,THFR,Hyp,S3B,3.6641600000000003,43.43485999999999,3.661289,43.440023,0.62,5,2025-06-28T07:45:00Z,2025-06-28T07:49:31Z,5,30,10,0.4398,0.6549,0.3444,0.5585,0.9058,-0.001243,1.07e-4,9.4e-4,NA,TRUE,FALSE,0.002977,0.002163,416.0164,-0.64856,-0.535502,-0.055825,0.420976,0.631455,0.802707,-184.5834,-119.3588,-9.1007,72.7611,171.3844,448.2798
S3B_20250628T094931_vs_HYPERNETS_20250628T100000_RHOW_R.csv,THFR,Hyp,S3B,3.6641600000000003,43.43485999999999,3.661289,43.440023,0.62,5,2025-06-28T08:00:00Z,2025-06-28T07:49:31Z,10,30,9,0.4704,1.1012,0.3518,0.5873,0.9803,-0.001846,-1.57e-4,8.55e-4,NA,TRUE,FALSE,0.003086,0.002197,49.7877,-0.638108,-0.443063,-0.258634,0.300426,0.443063,0.638108,-176.3257,-79.5534,-34.8861,34.8861,79.5534,176.3257
S3B_20250628T094931_vs_HYPERNETS_20250628T101500_RHOW_R.csv,THFR,Hyp,S3B,3.6641600000000003,43.43485999999999,3.661289,43.440023,0.62,5,2025-06-28T08:15:00Z,2025-06-28T07:49:31Z,25,30,10,0.4412,0.6384,0.3447,0.5551,0.894,-0.001316,4.7e-5,8.93e-4,NA,TRUE,FALSE,0.003047,0.002174,450.4472,-0.650641,-0.558255,-0.129291,0.456551,0.63881,0.808876,-186.2474,-129.5691,-18.0424,84.0948,176.916,472.3193
S3B_20250701T101158_vs_HYPERNETS_20250701T094500_RHOW_R.csv,THFR,Hyp,S3B,3.6641600000000003,43.43485999999999,3.6601190000000003,43.439814,0.64,5,2025-07-01T07:45:00Z,2025-07-01T08:11:58Z,27,30,9,0.4025,0.2475,0.3023,0.4592,0.6974,-7.17e-4,2.57e-4,8.97e-4,NA,TRUE,FALSE,0.003614,0.002724,1699.5149,-0.62217,0.913285,1.694857,0.673662,0.913285,1.694857,-164.6692,91.3285,169.4857,119.4698,169.4857,215.3568
S3B_20250701T101158_vs_HYPERNETS_20250701T100000_RHOW_R.csv,THFR,Hyp,S3B,3.6641600000000003,43.43485999999999,3.6601190000000003,43.439814,0.64,5,2025-07-01T08:00:00Z,2025-07-01T08:11:58Z,12,30,9,0.4044,0.3695,0.3038,0.4609,0.6991,-7.81e-4,2.12e-4,8.66e-4,NA,TRUE,FALSE,0.003642,0.002695,270.8897,-0.623827,-0.026928,1.0996,0.623827,0.675919,1.0996,-165.835,-2.7673,109.96,73.6583,121.415,208.5649
S3B_20250701T101158_vs_HYPERNETS_20250701T101500_RHOW_R.csv,THFR,Hyp,S3B,3.6641600000000003,43.43485999999999,3.6601190000000003,43.439814,0.64,5,2025-07-01T08:15:00Z,2025-07-01T08:11:58Z,3,30,9,0.3943,0.3316,0.2967,0.4475,0.6747,-7.4e-4,2.27e-4,8.69e-4,NA,TRUE,FALSE,0.003793,0.0028,408.1627,-0.630982,0.051687,1.163304,0.622546,0.678707,1.163304,-170.9892,5.1687,116.3304,80.1156,127.3524,211.2424
S3B_20250701T101158_vs_HYPERNETS_20250701T103000_RHOW_R.csv,THFR,Hyp,S3B,3.6641600000000003,43.43485999999999,3.6601190000000003,43.439814,0.64,5,2025-07-01T08:30:00Z,2025-07-01T08:11:58Z,18,30,9,0.3967,0.2548,0.2986,0.4498,0.6775,-6.87e-4,2.61e-4,8.9e-4,NA,TRUE,FALSE,0.003718,0.002779,1343.4568,-0.627689,0.411549,1.821355,0.627689,0.84282,1.821355,-168.5924,41.1549,182.1355,96.1498,182.1355,209.3482
S3B_20250705T100815_vs_HYPERNETS_20250705T094500_RHOW_R.csv,THFR,Hyp,S3B,3.6641600000000003,43.43485999999999,3.659014,43.442077,0.9,5,2025-07-05T07:45:00Z,2025-07-05T08:08:15Z,23,30,7,0.1479,-0.0714,0.1505,0.3783,0.951,-0.001655,9.28e-4,0.001955,NA,TRUE,FALSE,0.004901,0.004171,317.9801,-0.638083,4.318317,4.895398,0.8817,4.318317,4.895398,-208.5092,431.8317,487.3358,414.4782,438.61,565.2072
S3B_20250705T100815_vs_HYPERNETS_20250705T100000_RHOW_R.csv,THFR,Hyp,S3B,3.6641600000000003,43.43485999999999,3.659014,43.442077,0.9,5,2025-07-05T08:00:00Z,2025-07-05T08:08:15Z,8,30,7,0.1483,-0.0688,0.1521,0.3828,0.9634,-0.001633,9.39e-4,0.00196,NA,TRUE,FALSE,0.004829,0.004133,361.7557,-0.632401,4.716232,5.40645,0.880311,4.716232,5.40645,-204.1059,471.6232,539.626,430.2724,504.5261,661.3487
S3B_20250705T100815_vs_HYPERNETS_20250705T101500_RHOW_R.csv,THFR,Hyp,S3B,3.6641600000000003,43.43485999999999,3.659014,43.442077,0.9,5,2025-07-05T08:15:00Z,2025-07-05T08:08:15Z,7,30,7,0.1514,-0.0734,0.153,0.3842,0.9649,-0.001735,8.94e-4,0.001941,NA,TRUE,FALSE,0.004838,0.004092,258.1199,-0.635456,3.187095,3.882059,0.880659,3.187095,3.882059,-206.0882,318.7095,387.34,338.4598,393.068,451.6026
S3B_20250705T100815_vs_HYPERNETS_20250705T103000_RHOW_R.csv,THFR,Hyp,S3B,3.6641600000000003,43.43485999999999,3.659014,43.442077,0.9,5,2025-07-05T08:30:00Z,2025-07-05T08:08:15Z,22,30,7,0.1496,-0.0673,0.1475,0.369,0.9231,-0.001699,9.01e-4,0.001941,NA,TRUE,FALSE,0.005053,0.004241,251.7891,-0.650583,3.333346,3.739533,0.884178,3.333346,3.739533,-218.1862,333.3346,373.5478,343.719,393.5544,431.0074
S3B_20250709T100431_vs_HYPERNETS_20250709T094500_RHOW_R.csv,THFR,Hyp,S3B,3.6641600000000003,43.43485999999999,3.659928,43.439659,0.63,5,2025-07-09T07:45:00Z,2025-07-09T08:04:31Z,20,30,14,0.8509,0.3516,0.7421,0.8884,1.0636,-7.1e-5,6.5e-4,0.001252,NA,FALSE,FALSE,9.38e-4,7.49e-4,1421.5455,-0.121356,-0.00558,0.313485,0.088827,0.140776,0.459473,-13.8159,-0.5958,30.7932,9.5188,16.402,48.8128
S3B_20250709T100431_vs_HYPERNETS_20250709T100000_RHOW_R.csv,THFR,Hyp,S3B,3.6641600000000003,43.43485999999999,3.659928,43.439659,0.63,5,2025-07-09T08:00:00Z,2025-07-09T08:04:31Z,5,30,14,0.8421,0.536,0.7304,0.8847,1.0716,-3.84e-4,4.34e-4,0.00111,NA,FALSE,FALSE,9.81e-4,8.54e-4,179.2899,-0.209135,-0.081071,0.245188,0.094144,0.240546,0.38207,-26.6082,-8.8253,24.1695,10.3558,30.0489,39.9747
S3B_20250709T100431_vs_HYPERNETS_20250709T101500_RHOW_R.csv,THFR,Hyp,S3B,3.6641600000000003,43.43485999999999,3.659928,43.439659,0.63,5,2025-07-09T08:15:00Z,2025-07-09T08:04:31Z,10,30,14,0.8529,0.6483,0.7382,0.8985,1.0937,-5.19e-4,3.42e-4,0.00105,NA,FALSE,FALSE,9.84e-4,8.61e-4,89.6783,-0.226379,-0.083067,0.239048,0.100773,0.259823,0.368837,-29.4761,-9.0616,23.5859,11.213,31.3232,40.7599
S3B_20250709T100431_vs_HYPERNETS_20250709T103000_RHOW_R.csv,THFR,Hyp,S3B,3.6641600000000003,43.43485999999999,3.659928,43.439659,0.63,5,2025-07-09T08:30:00Z,2025-07-09T08:04:31Z,25,30,14,0.8665,0.538,0.7532,0.9079,1.0945,-4.93e-4,3.25e-4,0.001003,NA,FALSE,FALSE,9.22e-4,8.04e-4,175.6181,-0.216978,-0.076748,0.209556,0.096301,0.248682,0.328502,-27.9642,-8.3219,20.7296,10.6682,28.8313,39.2572
S3B_20250713T100046_vs_HYPERNETS_20250713T094500_RHOW_R.csv,THFR,Hyp,S3B,3.6641600000000003,43.43485999999999,3.656924,43.44124899999999,0.92,5,2025-07-13T07:45:00Z,2025-07-13T08:00:46Z,16,30,15,1.2297,0.7788,1.3274,2.1263,3.4062,-0.006719,-0.001787,0.001291,NA,TRUE,FALSE,0.005823,0.003424,250.7563,-0.484488,-0.026645,1.472243,0.33274,0.527029,1.472243,-93.9863,-2.7374,146.7118,33.0681,111.4294,217.2927
S3B_20250713T100046_vs_HYPERNETS_20250713T100000_RHOW_R.csv,THFR,Hyp,S3B,3.6641600000000003,43.43485999999999,3.656924,43.44124899999999,0.92,5,2025-07-13T08:00:00Z,2025-07-13T08:00:46Z,1,30,15,1.3091,0.7174,1.3584,2.1496,3.4017,-0.006524,-0.001765,0.001243,NA,TRUE,FALSE,0.00575,0.003348,333.3546,-0.45058,-0.002172,1.551494,0.350816,0.509971,1.551494,-82.0308,-0.2176,153.7298,34.8847,104.0697,203.8774
S3B_20250713T100046_vs_HYPERNETS_20250713T101500_RHOW_R.csv,THFR,Hyp,S3B,3.6641600000000003,43.43485999999999,3.656924,43.44124899999999,0.92,5,2025-07-13T08:15:00Z,2025-07-13T08:00:46Z,14,30,15,1.3366,0.7482,1.3962,2.2144,3.5119,-0.006285,-0.001596,0.001361,NA,TRUE,FALSE,0.005869,0.0034,304.9422,-0.381592,0.061663,1.850995,0.329284,0.479116,1.850995,-62.0599,6.1663,181.3376,39.4915,91.9813,201.3721
S3B_20250713T100046_vs_HYPERNETS_20250713T103000_RHOW_R.csv,THFR,Hyp,S3B,3.6641600000000003,43.43485999999999,3.656924,43.44124899999999,0.92,5,2025-07-13T08:30:00Z,2025-07-13T08:00:46Z,29,30,15,1.3159,0.9368,1.3933,2.2192,3.5348,-0.006737,-0.001845,0.001226,NA,TRUE,FALSE,0.005854,0.003399,167.3527,-0.467331,0.016876,1.46398,0.3741,0.502454,1.46398,-87.8824,1.6876,146.2096,37.7567,100.9865,235.7017
S3B_20250716T102313_vs_HYPERNETS_20250716T100000_RHOW_R.csv,THFR,Hyp,S3B,3.6641600000000003,43.43485999999999,3.65807,43.440926999999995,0.84,5,2025-07-16T08:00:00Z,2025-07-16T08:23:13Z,23,30,3,0.1525,0.5885,0.0487,0.1534,0.4835,-0.001258,1.97e-4,6.58e-4,NA,TRUE,FALSE,0.006095,0.003614,63.5268,-0.705382,-0.579083,-0.042022,0.537061,0.579083,0.705382,-275.6956,-137.5765,-26.0595,88.4639,137.5765,275.6956
S3B_20250716T102313_vs_HYPERNETS_20250716T101500_RHOW_R.csv,THFR,Hyp,S3B,3.6641600000000003,43.43485999999999,3.65807,43.440926999999995,0.84,5,2025-07-16T08:15:00Z,2025-07-16T08:23:13Z,8,30,3,0.1503,0.6021,0.0483,0.1512,0.4734,-0.001252,1.94e-4,6.56e-4,NA,TRUE,FALSE,0.006212,0.003677,59.1346,-0.717101,-0.599889,-0.130026,0.469862,0.599889,0.717101,-288.3881,-149.9305,-36.579,82.9934,149.9305,288.3881
S3B_20250716T102313_vs_HYPERNETS_20250716T103000_RHOW_R.csv,THFR,Hyp,S3B,3.6641600000000003,43.43485999999999,3.65807,43.440926999999995,0.84,5,2025-07-16T08:30:00Z,2025-07-16T08:23:13Z,7,30,3,0.1515,0.5438,0.0481,0.1524,0.4827,-0.001237,2.06e-4,6.62e-4,NA,TRUE,FALSE,0.006105,0.003623,79.402,-0.65261,-0.473328,0.301756,0.65261,0.831892,0.954366,-236.0746,-89.8715,4.5855,98.5781,107.6839,251.4853
S3B_20250716T102313_vs_HYPERNETS_20250716T104500_RHOW_R.csv,THFR,Hyp,S3B,3.6641600000000003,43.43485999999999,3.65807,43.440926999999995,0.84,5,2025-07-16T08:45:00Z,2025-07-16T08:23:13Z,22,30,3,0.1482,0.6695,0.0474,0.1491,0.4688,-0.001327,1.73e-4,6.5e-4,NA,TRUE,FALSE,0.006399,0.003819,56.1191,-0.7843,-0.730256,-0.422615,0.422615,0.730256,0.7843,-378.8816,-270.7225,-104.6662,104.6662,270.7225,378.8816
S3B_20250717T095702_vs_HYPERNETS_20250717T093000_RHOW_R.csv,THFR,Hyp,S3B,3.6641600000000003,43.43485999999999,3.65797,43.441438,0.89,5,2025-07-17T07:30:00Z,2025-07-17T07:57:02Z,27,30,14,0.7917,0.4224,0.6789,0.8462,1.0548,2.49e-4,0.001086,0.001758,NA,FALSE,TRUE,0.001334,8.49e-4,483.9623,-0.061742,0.002474,0.380668,0.04495,0.086775,0.464201,-6.5812,0.2236,38.0457,4.7089,9.5075,49.1675
S3B_20250717T095702_vs_HYPERNETS_20250717T094500_RHOW_R.csv,THFR,Hyp,S3B,3.6641600000000003,43.43485999999999,3.65797,43.441438,0.89,5,2025-07-17T07:45:00Z,2025-07-17T07:57:02Z,12,30,14,0.7824,0.4172,0.671,0.8358,1.0411,2.67e-4,0.001098,0.001766,NA,FALSE,TRUE,0.001342,8.62e-4,498.5297,-0.059862,-0.001712,0.363378,0.046682,0.098813,0.474301,-6.3676,-0.194,36.3007,4.8986,10.9739,47.3301
S3B_20250717T095702_vs_HYPERNETS_20250717T100000_RHOW_R.csv,THFR,Hyp,S3B,3.6641600000000003,43.43485999999999,3.65797,43.441438,0.89,5,2025-07-17T08:00:00Z,2025-07-17T07:57:02Z,3,30,14,0.8001,0.3571,0.687,0.853,1.059,1.79e-4,0.001016,0.001691,NA,FALSE,TRUE,0.001285,7.96e-4,860.1655,-0.065271,-0.005186,0.305516,0.055504,0.08267,0.395933,-6.9829,-0.5279,30.5281,5.8785,9.0165,39.5222
S3B_20250717T095702_vs_HYPERNETS_20250717T101500_RHOW_R.csv,THFR,Hyp,S3B,3.6641600000000003,43.43485999999999,3.65797,43.441438,0.89,5,2025-07-17T08:15:00Z,2025-07-17T07:57:02Z,18,30,14,0.7879,0.5062,0.6772,0.8387,1.0388,1.36e-4,9.73e-4,0.001649,NA,FALSE,TRUE,0.001271,8.25e-4,246.2991,-0.080197,-0.02952,0.255653,0.076698,0.102979,0.353569,-8.719,-3.0442,25.5369,8.307,11.4886,35.2705
S3B_20250720T101928_vs_HYPERNETS_20250720T100000_RHOW_R.csv,THFR,Hyp,S3B,3.6641600000000003,43.43485999999999,3.6583270000000003,43.440419999999996,0.78,5,2025-07-20T08:00:00Z,2025-07-20T08:19:28Z,19,30,10,0.3172,0.3926,0.246,0.3702,0.5571,-0.001528,-5.27e-4,1.38e-4,NA,TRUE,FALSE,0.005377,0.00398,90.6568,-0.8953,-0.636467,-0.109824,0.565897,0.768701,0.929642,-886.2391,-178.321,-14.9077,84.223,267.8107,886.2391
S3B_20250720T101928_vs_HYPERNETS_20250720T101500_RHOW_R.csv,THFR,Hyp,S3B,3.6641600000000003,43.43485999999999,3.6583270000000003,43.440419999999996,0.78,5,2025-07-20T08:15:00Z,2025-07-20T08:19:28Z,4,30,10,0.3203,0.4138,0.2483,0.3769,0.572,-0.001629,-5.76e-4,1.17e-4,NA,TRUE,FALSE,0.005356,0.003996,84.0605,-0.895712,-0.631437,-0.251539,0.518532,0.767143,0.931306,-890.7737,-174.6476,-36.5974,108.1893,240.5378,890.7737
S3B_20250720T101928_vs_HYPERNETS_20250720T103000_RHOW_R.csv,THFR,Hyp,S3B,3.6641600000000003,43.43485999999999,3.6583270000000003,43.440419999999996,0.78,5,2025-07-20T08:30:00Z,2025-07-20T08:19:28Z,11,30,10,0.3398,0.4223,0.2634,0.3994,0.6058,-0.001642,-5.87e-4,1.08e-4,NA,TRUE,FALSE,0.004962,0.003716,81.4533,-0.891059,-0.610293,-0.225032,0.493741,0.753515,0.927333,-850.7049,-159.6899,-31.7416,97.9628,225.7509,850.7049
S3B_20250720T101928_vs_HYPERNETS_20250720T104500_RHOW_R.csv,THFR,Hyp,S3B,3.6641600000000003,43.43485999999999,3.6583270000000003,43.440419999999996,0.78,5,2025-07-20T08:45:00Z,2025-07-20T08:19:28Z,26,30,10,0.3487,0.4511,0.2703,0.41,0.6221,-0.001668,-6.03e-4,9.8e-5,NA,TRUE,FALSE,0.004814,0.003614,71.1035,-0.889648,-0.601173,-0.232714,0.499746,0.747849,0.925966,-840.4956,-153.7716,-33.2219,100.1188,171.8946,840.4956
S3B_20250721T095317_vs_HYPERNETS_20250721T093000_RHOW_R.csv,THFR,Hyp,S3B,3.6641600000000003,43.43485999999999,3.655925,43.441368999999995,0.98,5,2025-07-21T07:30:00Z,2025-07-21T07:53:17Z,23,30,15,0.9688,0.6234,1.1311,1.8467,3.0151,-0.004928,2.59e-4,0.003436,NA,TRUE,FALSE,0.007306,0.004192,303.1217,0.07958,0.351843,3.246682,0.149877,0.351843,3.246682,7.8064,35.1843,308.1999,16.5383,35.1843,308.1999
S3B_20250721T095317_vs_HYPERNETS_20250721T094500_RHOW_R.csv,THFR,Hyp,S3B,3.6641600000000003,43.43485999999999,3.655925,43.441368999999995,0.98,5,2025-07-21T07:45:00Z,2025-07-21T07:53:17Z,8,30,15,1.0174,0.6655,1.1355,1.8351,2.9657,-0.005544,-2.06e-4,0.003097,NA,TRUE,FALSE,0.007037,0.004019,239.4241,-0.07978,0.228858,2.339624,0.117045,0.228858,2.339624,-8.6777,22.8858,229.369,13.3054,25.3823,229.369
S3B_20250721T095317_vs_HYPERNETS_20250721T100000_RHOW_R.csv,THFR,Hyp,S3B,3.6641600000000003,43.43485999999999,3.655925,43.441368999999995,0.98,5,2025-07-21T08:00:00Z,2025-07-21T07:53:17Z,7,30,15,1.0672,0.631,1.1415,1.8238,2.9138,-0.005778,-4.53e-4,0.00288,NA,TRUE,FALSE,0.006826,0.003917,278.0665,-0.089658,0.172186,2.113172,0.104193,0.23595,2.113172,-9.8502,17.2186,207.5011,11.6382,29.7998,207.5011
S3B_20250721T095317_vs_HYPERNETS_20250721T101500_RHOW_R.csv,THFR,Hyp,S3B,3.6641600000000003,43.43485999999999,3.655925,43.441368999999995,0.98,5,2025-07-21T08:15:00Z,2025-07-21T07:53:17Z,22,30,15,1.1231,0.6392,1.1682,1.8501,2.93,-0.005967,-6.5e-4,0.002707,NA,TRUE,FALSE,0.006719,0.003904,268.0578,-0.082133,0.154193,2.042893,0.106514,0.249911,2.042893,-8.9522,15.4193,200.7664,11.9406,31.4235,200.7664
S3B_20250724T101543_vs_HYPERNETS_20250724T100000_RHOW_R.csv,THFR,Hyp,S3B,3.6641600000000003,43.43485999999999,3.659204,43.44104899999999,0.8,5,2025-07-24T08:00:00Z,2025-07-24T08:15:43Z,16,30,15,1.2215,1.3614,1.2871,2.0471,3.2557,-0.008753,-0.003596,-3.54e-4,NA,TRUE,TRUE,0.005255,0.003322,134.9676,-0.867284,-0.579141,0.258581,0.546052,0.861752,0.968176,-654.1435,-137.609,23.2606,89.6032,272.9633,734.3798
S3B_20250724T101543_vs_HYPERNETS_20250724T101500_RHOW_R.csv,THFR,Hyp,S3B,3.6641600000000003,43.43485999999999,3.659204,43.44104899999999,0.8,5,2025-07-24T08:15:00Z,2025-07-24T08:15:43Z,1,30,15,1.2192,1.2559,1.4004,2.2785,3.7071,-0.007756,-0.002788,2.66e-4,NA,TRUE,FALSE,0.005689,0.003264,178.2326,-0.831445,-0.484045,0.526087,0.57451,0.836995,0.94038,-493.5986,-93.8152,48.1961,91.4133,335.7554,675.5255
S3B_20250724T101543_vs_HYPERNETS_20250724T103000_RHOW_R.csv,THFR,Hyp,S3B,3.6641600000000003,43.43485999999999,3.659204,43.44104899999999,0.8,5,2025-07-24T08:30:00Z,2025-07-24T08:15:43Z,14,30,15,1.4686,1.0549,1.5815,2.5316,4.0527,-0.007715,-0.002892,1.22e-4,NA,TRUE,FALSE,0.005696,0.003222,301.1369,-0.811113,-0.419929,0.643178,0.524873,0.816493,0.970055,-429.6308,-72.3928,60.3431,85.7956,346.3173,595.9323
S3B_20250724T101543_vs_HYPERNETS_20250724T104500_RHOW_R.csv,THFR,Hyp,S3B,3.6641600000000003,43.43485999999999,3.659204,43.44104899999999,0.8,5,2025-07-24T08:45:00Z,2025-07-24T08:15:43Z,29,30,15,1.2597,1.1663,1.3921,2.2442,3.6179,-0.007925,-0.002966,1.11e-4,NA,TRUE,FALSE,0.005562,0.00323,205.3312,-0.837642,-0.49797400000000003,0.462864,0.587914,0.832692,0.947153,-516.2089,-99.193,42.6616,88.6418,306.2676,714.8556
S3B_20250725T094932_vs_HYPERNETS_20250725T093000_RHOW_R.csv,THFR,Hyp,S3B,3.6641600000000003,43.43485999999999,3.659083,43.44038,0.74,5,2025-07-25T07:30:00Z,2025-07-25T07:49:32Z,20,30,6,0.0646,0.083,0.1252,0.3837,1.1752,-8.99e-4,8.7e-4,0.001447,NA,FALSE,FALSE,0.0041,0.002484,787.4068,-0.196463,0.546513,0.8844,0.517173,0.695364,0.929486,-37.0448,54.54,87.7,63.7367,85.3769,276.2784
S3B_20250725T094932_vs_HYPERNETS_20250725T094500_RHOW_R.csv,THFR,Hyp,S3B,3.6641600000000003,43.43485999999999,3.659083,43.44038,0.74,5,2025-07-25T07:45:00Z,2025-07-25T07:49:32Z,5,30,5,0.1617,0.4661,0.0836,0.1836,0.4032,1.4e-4,6.67e-4,9.07e-4,NA,TRUE,TRUE,0.003685,0.001977,101.3295,0.025224,1.017796,1.532422,0.772241,1.017796,1.532422,2.5224,101.7796,153.2422,101.7796,153.2422,171.8792
S3B_20250725T094932_vs_HYPERNETS_20250725T100000_RHOW_R.csv,THFR,Hyp,S3B,3.6641600000000003,43.43485999999999,3.659083,43.44038,0.74,5,2025-07-25T08:00:00Z,2025-07-25T07:49:32Z,10,30,6,0.064,0.0368,0.1273,0.3903,1.1962,-9.24e-4,8.63e-4,0.001445,NA,FALSE,FALSE,0.004042,0.002451,1027.6824,-0.238779,0.486797,0.831052,0.482177,0.677236,0.883522,-44.3324,48.4336,82.4534,63.2048,87.0724,269.0564
S3B_20250725T094932_vs_HYPERNETS_20250725T101500_RHOW_R.csv,THFR,Hyp,S3B,3.6641600000000003,43.43485999999999,3.659083,43.44038,0.74,5,2025-07-25T08:15:00Z,2025-07-25T07:49:32Z,25,30,6,0.0575,-0.0251,0.1196,0.3671,1.1263,-9.82e-4,8.44e-4,0.00144,NA,FALSE,FALSE,0.00431,0.002522,1545.1261,-0.345717,0.224976,0.521388,0.360069,0.549395,0.744761,-64.5957,22.1952,51.621,37.6116,79.7224,292.9832
S3B_20250728T101159_vs_HYPERNETS_20250728T101500_RHOW_R.csv,THFR,Hyp,S3B,3.6641600000000003,43.43485999999999,3.658013,43.441162,0.86,5,2025-07-28T08:15:00Z,2025-07-28T08:11:59Z,3,30,14,0.4418,0.2695,0.3859,0.5669,0.8328,-0.001271,-3.3e-4,3.1e-4,NA,TRUE,FALSE,0.002932,0.002363,305.8716,-0.773371,-0.498539,0.196548,0.391713,0.637752,0.847158,-353.6253,-100.3069,15.7178,55.3607,139.7172,561.2819
S3B_20250728T101159_vs_HYPERNETS_20250728T103000_RHOW_R.csv,THFR,Hyp,S3B,3.6641600000000003,43.43485999999999,3.658013,43.441162,0.86,5,2025-07-28T08:30:00Z,2025-07-28T08:11:59Z,18,30,14,0.4573,0.2031,0.3993,0.5865,0.8614,-0.001228,-3.02e-4,3.29e-4,NA,TRUE,FALSE,0.002752,0.002219,695.0917,-0.756607,-0.467981,0.274925,0.453349,0.696501,0.838977,-321.0468,-89.1785,24.1252,70.0423,131.0199,515.9061
S3B_20250801T100815_vs_HYPERNETS_20250801T094500_RHOW_R.csv,THFR,Hyp,S3B,3.6641600000000003,43.43485999999999,3.658763,43.440758,0.79,5,2025-08-01T07:45:00Z,2025-08-01T08:08:15Z,23,30,16,1.7314,0.7149,1.6486,2.4462,3.6298,-0.004307,-6.39e-4,0.001833,NA,TRUE,FALSE,0.006744,0.003881,537.31,0.255612,0.710318,2.342117,0.387812,0.710318,2.342117,24.9574,70.5712,224.7633,38.7312,86.3016,224.7633
S3B_20250801T100815_vs_HYPERNETS_20250801T100000_RHOW_R.csv,THFR,Hyp,S3B,3.6641600000000003,43.43485999999999,3.658763,43.440758,0.79,5,2025-08-01T08:00:00Z,2025-08-01T08:08:15Z,8,30,16,1.7608,0.8957,1.6662,2.4629,3.6404,-0.00457,-8.46e-4,0.001673,NA,TRUE,FALSE,0.006692,0.003835,225.5031,0.251677,0.491089,2.261583,0.387008,0.589414,2.261583,24.408,49.1088,217.3178,38.6579,65.1201,250.8269
S3B_20250801T100815_vs_HYPERNETS_20250801T101500_RHOW_R.csv,THFR,Hyp,S3B,3.6641600000000003,43.43485999999999,3.658763,43.440758,0.79,5,2025-08-01T08:15:00Z,2025-08-01T08:08:15Z,7,30,16,1.7848,0.7627,1.6838,2.4839,3.6643,-0.004234,-6.34e-4,0.001806,NA,TRUE,FALSE,0.006753,0.003911,409.5015,0.282213,0.75504,2.365842,0.413814,0.75504,2.365842,27.6765,75.1321,227.5601,41.3292,84.035,227.5601
S3B_20250801T100815_vs_HYPERNETS_20250801T103000_RHOW_R.csv,THFR,Hyp,S3B,3.6641600000000003,43.43485999999999,3.658763,43.440758,0.79,5,2025-08-01T08:30:00Z,2025-08-01T08:08:15Z,22,30,16,1.7989,0.8844,1.7004,2.5116,3.7097,-0.004514,-8.14e-4,0.001691,NA,TRUE,FALSE,0.006749,0.00389,243.2451,0.275856,0.523208,2.317569,0.413055,0.634323,2.317569,26.97,52.3136,224.0163,41.2504,68.2061,292.8973
S3B_20250804T103042_vs_HYPERNETS_20250804T101500_RHOW_R.csv,THFR,Hyp,S3B,3.6641600000000003,43.43485999999999,3.6586489999999996,43.440948,0.81,5,2025-08-04T08:15:00Z,2025-08-04T08:30:42Z,16,30,4,-32.04,-2.5867,-118.3197,-36.5506,-11.291,0.00486,0.010104,0.02708,NA,TRUE,TRUE,0.003489,0.002309,1827.7626,3.763523,5.503474,20.017577,3.763523,5.503474,20.017577,320.6225,546.7763,1133.8987,320.6225,546.7763,1133.8987
S3B_20250804T103042_vs_HYPERNETS_20250804T103000_RHOW_R.csv,THFR,Hyp,S3B,3.6641600000000003,43.43485999999999,3.6586489999999996,43.440948,0.81,5,2025-08-04T08:30:00Z,2025-08-04T08:30:42Z,1,30,4,-27.1603,-2.957,-105.8217,-31.4493,-9.3465,0.005013,0.010918,0.030786,NA,TRUE,TRUE,0.003457,0.002249,1288.6315,2.704772,4.098705,14.280249,2.704772,4.098705,14.280249,228.6702,406.5515,847.9821,228.6702,406.5515,847.9821
S3B_20250804T103042_vs_HYPERNETS_20250804T104500_RHOW_R.csv,THFR,Hyp,S3B,3.6641600000000003,43.43485999999999,3.6586489999999996,43.440948,0.81,5,2025-08-04T08:45:00Z,2025-08-04T08:30:42Z,14,30,4,-30.1844,-3.1135,-163.5117,-39.393,-9.4905,0.004537,0.010905,0.037335,NA,TRUE,TRUE,0.003477,0.002303,1528.9047,3.722934,5.778181,17.344294,3.722934,5.778181,17.344294,315.7281,570.461,1138.3714,315.7281,570.461,1138.3714
S3B_20250804T103042_vs_HYPERNETS_20250804T110000_RHOW_R.csv,THFR,Hyp,S3B,3.6641600000000003,43.43485999999999,3.6586489999999996,43.440948,0.81,5,2025-08-04T09:00:00Z,2025-08-04T08:30:42Z,29,30,4,-29.1674,-1.7828,-99.8085,-32.6392,-10.6736,0.004419,0.008336,0.020311,NA,TRUE,TRUE,0.003515,0.002338,2897.5876,4.151764,6.537515,31.361627,4.151764,6.537515,31.361627,354.2262,643.5585,1524.4329,354.2262,643.5585,1524.4329
S3B_20250805T100431_vs_HYPERNETS_20250805T094500_RHOW_R.csv,THFR,Hyp,S3B,3.6641600000000003,43.43485999999999,3.6604270000000003,43.44169399999999,0.82,5,2025-08-05T07:45:00Z,2025-08-05T08:04:31Z,20,30,15,1.0427,0.9711,0.9391,1.3749,2.0131,-0.002576,-5.08e-4,9.05e-4,NA,FALSE,FALSE,0.002619,0.001702,214.7115,-0.649205,-0.059842,0.897245,0.383954,0.652745,1.148021,-185.0812,-6.3651,84.2481,46.104,162.4384,232.3753
S3B_20250805T100431_vs_HYPERNETS_20250805T100000_RHOW_R.csv,THFR,Hyp,S3B,3.6641600000000003,43.43485999999999,3.6604270000000003,43.44169399999999,0.82,5,2025-08-05T08:00:00Z,2025-08-05T08:04:31Z,5,30,15,1.0665,0.8356,0.9523,1.3821,2.0059,-0.002457,-4.65e-4,9.08e-4,NA,FALSE,FALSE,0.002578,0.001649,364.9743,-0.633894,-0.046031999999999997,0.98581,0.36682,0.638266,1.237311,-173.1643,-4.8253,90.795,43.0287,156.9318,222.0338
S3B_20250805T100431_vs_HYPERNETS_20250805T101500_RHOW_R.csv,THFR,Hyp,S3B,3.6641600000000003,43.43485999999999,3.6604270000000003,43.44169399999999,0.82,5,2025-08-05T08:15:00Z,2025-08-05T08:04:31Z,10,30,15,1.0694,0.942,0.9432,1.3481,1.9267,-0.002652,-6.7e-4,7.17e-4,NA,FALSE,FALSE,0.002418,0.001633,237.0123,-0.665248,-0.066058,0.602402,0.339003,0.66915,0.909469,-198.7487,-7.073,57.9482,42.6945,141.4229,249.664
S3B_20250805T100431_vs_HYPERNETS_20250805T103000_RHOW_R.csv,THFR,Hyp,S3B,3.6641600000000003,43.43485999999999,3.6604270000000003,43.44169399999999,0.82,5,2025-08-05T08:30:00Z,2025-08-05T08:04:31Z,25,30,15,1.0833,0.629,0.9544,1.3618,1.9431,-0.002497,-5.68e-4,7.83e-4,NA,FALSE,FALSE,0.002437,0.001604,1133.5319,-0.648526,-0.049604,0.789609,0.343619,0.653318,1.070394,-184.5424,-5.2193,73.8594,41.896,146.1332,233.6007
S3B_20250808T102658_vs_HYPERNETS_20250808T100000_RHOW_R.csv,THFR,Hyp,S3B,3.6641600000000003,43.43485999999999,3.659286,43.441368,0.82,5,2025-08-08T08:00:00Z,2025-08-08T08:26:58Z,27,30,2,0.157,0.3551,NA,0.157,NA,NA,8.9e-5,NA,NA,NA,NA,2.14e-4,1.9e-4,53.6188,-0.590416,-0.536188,-0.481959,0.481959,0.536188,0.590416,-149.806,-121.7524,-96.8493,96.8493,121.7524,149.806
S3B_20250808T102658_vs_HYPERNETS_20250808T101500_RHOW_R.csv,THFR,Hyp,S3B,3.6641600000000003,43.43485999999999,3.659286,43.441368,0.82,5,2025-08-08T08:15:00Z,2025-08-08T08:26:58Z,12,30,2,0.1261,0.4658,NA,0.1261,NA,NA,7.4e-5,NA,NA,NA,NA,4.09e-4,3.89e-4,72.334,-0.744004,-0.72334,-0.702677,0.702677,0.72334,0.744004,-294.1273,-265.5565,-239.0568,239.0568,265.5565,294.1273
S3B_20250808T102658_vs_HYPERNETS_20250808T103000_RHOW_R.csv,THFR,Hyp,S3B,3.6641600000000003,43.43485999999999,3.659286,43.441368,0.82,5,2025-08-08T08:30:00Z,2025-08-08T08:26:58Z,3,30,2,0.1334,0.4348,NA,0.1334,NA,NA,7.8e-5,NA,NA,NA,NA,3.49e-4,3.28e-4,68.497,-0.711577,-0.68497,-0.658363,0.658363,0.68497,0.711577,-250.7267,-222.0581,-195.7329,195.7329,222.0581,250.7267
S3B_20250808T102658_vs_HYPERNETS_20250808T104500_RHOW_R.csv,THFR,Hyp,S3B,3.6641600000000003,43.43485999999999,3.659286,43.441368,0.82,5,2025-08-08T08:45:00Z,2025-08-08T08:26:58Z,18,30,2,0.1535,0.4445,NA,0.1535,NA,NA,7.7e-5,NA,NA,NA,NA,2.93e-4,2.75e-4,64.5841,-0.674625,-0.645841,-0.617057,0.617057,0.645841,0.674625,-210.6202,-186.1649,-163.6351,163.6351,186.1649,210.6202
S3B_20250809T100047_vs_HYPERNETS_20250809T094500_RHOW_R.csv,THFR,Hyp,S3B,3.6641600000000003,43.43485999999999,3.6635340000000007,43.440875999999996,0.67,5,2025-08-09T07:45:00Z,2025-08-09T08:00:47Z,16,30,10,1.1381,0.7294,1.8186,3.7134,7.5822,-0.0224,-0.004735,0.003917,NA,TRUE,FALSE,0.013884,0.008526,412.8321,-0.025334,0.688698,5.139279,0.650841,0.739504,5.139279,-3.7685,68.7696,484.3249,65.887,236.1601,504.6001
S3B_20250809T100047_vs_HYPERNETS_20250809T100000_RHOW_R.csv,THFR,Hyp,S3B,3.6641600000000003,43.43485999999999,3.6635340000000007,43.440875999999996,0.67,5,2025-08-09T08:00:00Z,2025-08-09T08:00:47Z,1,30,10,1.1948,0.5442,1.8614,3.794,7.733,-0.021801,-0.004471,0.004031,NA,TRUE,FALSE,0.013955,0.008583,1043.1431,0.00308,0.889129,5.342161,0.662318,0.903763,5.342161,-0.8664,87.847,503.9971,78.1074,212.3255,511.288
S3B_20250809T100047_vs_HYPERNETS_20250809T101500_RHOW_R.csv,THFR,Hyp,S3B,3.6641600000000003,43.43485999999999,3.6635340000000007,43.440875999999996,0.67,5,2025-08-09T08:15:00Z,2025-08-09T08:00:47Z,14,30,10,1.2026,0.7507,1.7983,3.6539,7.4244,-0.022597,-0.004915,0.003787,NA,TRUE,FALSE,0.013748,0.008455,378.742,-0.043151,0.638629,4.857367,0.623317,0.729578,4.857367,-5.7737,63.8343,458.662,62.3103,239.1261,483.4072
S3B_20250809T100047_vs_HYPERNETS_20250809T103000_RHOW_R.csv,THFR,Hyp,S3B,3.6641600000000003,43.43485999999999,3.6635340000000007,43.440875999999996,0.67,5,2025-08-09T08:30:00Z,2025-08-09T08:00:47Z,29,30,10,1.2828,0.7445,1.8435,3.7334,7.5606,-0.022571,-0.00496,0.003737,NA,TRUE,FALSE,0.013759,0.008463,398.0644,-0.019733,0.683844,4.877611,0.659219,0.724941,4.877611,-3.2312,68.3351,461.6869,66.3103,231.5534,479.4262
S3B_20250812T102313_vs_HYPERNETS_20250812T100000_RHOW_R.csv,THFR,Hyp,S3B,3.6641600000000003,43.43485999999999,3.6601800000000004,43.441382999999995,0.79,5,2025-08-12T08:00:00Z,2025-08-12T08:23:13Z,23,30,3,0.1551,0.4461,0.0124,0.2425,4.75,-0.030931,-6e-4,9.48e-4,NA,FALSE,FALSE,0.006902,0.005697,73.0101,-0.863807,-0.759298,-0.610993,0.610993,0.759298,0.863807,-1045.0834,-315.4518,-178.0654,178.0654,315.4518,1045.0834
S3B_20250812T102313_vs_HYPERNETS_20250812T101500_RHOW_R.csv,THFR,Hyp,S3B,3.6641600000000003,43.43485999999999,3.6601800000000004,43.441382999999995,0.79,5,2025-08-12T08:15:00Z,2025-08-12T08:23:13Z,8,30,4,0.0427,-0.0649,0.0356,0.2181,1.337,-0.005522,1.82e-4,0.001113,NA,FALSE,FALSE,0.006062,0.004802,632.3106,-0.810642,-0.669392,5.31071,0.713706,0.863263,6.472662,-588.028,-213.9652,15.3,260.2065,895.593,2472.7437
S3B_20250812T102313_vs_HYPERNETS_20250812T103000_RHOW_R.csv,THFR,Hyp,S3B,3.6641600000000003,43.43485999999999,3.6601800000000004,43.441382999999995,0.79,5,2025-08-12T08:30:00Z,2025-08-12T08:23:13Z,7,30,4,0.0421,-0.0763,0.0355,0.2175,1.3341,-0.005532,1.81e-4,0.001113,NA,FALSE,FALSE,0.006085,0.004828,776.5644,-0.811204,-0.68039,6.731769,0.719565,0.863669,7.909748,-590.0782,-222.7289,17.001,265.743,1010.1405,2924.78
S3B_20250812T102313_vs_HYPERNETS_20250812T104500_RHOW_R.csv,THFR,Hyp,S3B,3.6641600000000003,43.43485999999999,3.6601800000000004,43.441382999999995,0.79,5,2025-08-12T08:45:00Z,2025-08-12T08:23:13Z,22,30,4,0.044,-0.0871,0.0365,0.2238,1.3719,-0.005435,1.96e-4,0.001115,NA,FALSE,FALSE,0.005847,0.00464,2184.3077,-0.804613,-0.631552,20.900881,0.69095,0.858879,22.011007,-566.3936,-186.7206,77.6694,238.8918,1008.6602,3871.9498
S3B_20250813T095702_vs_HYPERNETS_20250813T093000_RHOW_R.csv,THFR,Hyp,S3B,3.6641600000000003,43.43485999999999,3.661982,43.439236,0.52,5,2025-08-13T07:30:00Z,2025-08-13T07:57:02Z,27,30,14,1.6648,0.7411,1.9787,3.3313,5.6084,-0.014835,-0.004773,0.001204,NA,TRUE,FALSE,0.011138,0.006822,319.7351,-0.586492,0.36025,3.775121,0.629464,0.876405,3.775121,-167.3862,33.8269,367.9134,70.6352,324.243,534.858
S3B_20250813T095702_vs_HYPERNETS_20250813T094500_RHOW_R.csv,THFR,Hyp,S3B,3.6641600000000003,43.43485999999999,3.661982,43.439236,0.52,5,2025-08-13T07:45:00Z,2025-08-13T07:57:02Z,12,30,14,1.7667,0.7958,2.0547,3.4444,5.7741,-0.014998,-0.004933,0.001071,NA,TRUE,FALSE,0.011168,0.006866,288.6887,-0.576833,0.406216,3.761575,0.668643,0.873826,3.761575,-161.4048,38.345,367.4439,76.3278,318.1427,529.4036
S3B_20250813T095702_vs_HYPERNETS_20250813T100000_RHOW_R.csv,THFR,Hyp,S3B,3.6641600000000003,43.43485999999999,3.661982,43.439236,0.52,5,2025-08-13T08:00:00Z,2025-08-13T07:57:02Z,3,30,14,1.8877,0.7305,2.1296,3.5467,5.9067,-0.014437,-0.004694,0.001156,NA,TRUE,FALSE,0.011229,0.006917,366.6701,-0.535495,0.458957,4.031537,0.678921,0.864126,4.031537,-137.2195,43.6799,392.5687,81.988,306.839,526.3766
S3B_20250813T095702_vs_HYPERNETS_20250813T101500_RHOW_R.csv,THFR,Hyp,S3B,3.6641600000000003,43.43485999999999,3.661982,43.439236,0.52,5,2025-08-13T08:15:00Z,2025-08-13T07:57:02Z,18,30,14,1.9938,0.9008,2.1728,3.5882,5.9256,-0.014843,-0.005064,8.57e-4,NA,TRUE,FALSE,0.01114,0.006902,249.221,-0.542516,0.4726,3.650002,0.682966,0.868712,3.650002,-140.4797,45.2217,357.4187,82.053,308.3505,507.9002
S3B_20250816T101929_vs_HYPERNETS_20250816T100000_RHOW_R.csv,THFR,Hyp,S3B,3.6641600000000003,43.43485999999999,3.657979,43.440892999999996,0.84,5,2025-08-16T08:00:00Z,2025-08-16T08:19:29Z,19,30,13,2.6901,1.402,2.6425,4.3616,7.1992,-0.021145,-0.006847,0.001816,NA,TRUE,FALSE,0.017286,0.010982,214.8841,-0.414629,0.428253,2.792441,0.428253,0.91434,2.792441,-70.8318,42.8253,279.2441,70.8318,144.8349,601.6215
S3B_20250816T101929_vs_HYPERNETS_20250816T101500_RHOW_R.csv,THFR,Hyp,S3B,3.6641600000000003,43.43485999999999,3.657979,43.440892999999996,0.84,5,2025-08-16T08:15:00Z,2025-08-16T08:19:29Z,4,30,13,2.6437,1.4899,2.665,4.4413,7.4016,-0.022799,-0.007628,0.001475,NA,TRUE,FALSE,0.017332,0.010996,206.8898,-0.481404,0.422396,2.780603,0.481404,0.920119,2.780603,-92.8283,42.2396,278.0603,92.8283,144.2978,598.6887
S3B_20250816T101929_vs_HYPERNETS_20250816T103000_RHOW_R.csv,THFR,Hyp,S3B,3.6641600000000003,43.43485999999999,3.657979,43.440892999999996,0.84,5,2025-08-16T08:30:00Z,2025-08-16T08:19:29Z,11,30,13,2.6934,1.4972,2.6345,4.3412,7.1533,-0.022609,-0.007773,0.001232,NA,TRUE,FALSE,0.01713,0.01087,196.4434,-0.493028,0.402873,2.676925,0.493028,0.921427,2.676925,-97.2497,40.2873,267.6925,97.2497,138.6793,569.7358
S3B_20250816T101929_vs_HYPERNETS_20250816T104500_RHOW_R.csv,THFR,Hyp,S3B,3.6641600000000003,43.43485999999999,3.657979,43.440892999999996,0.84,5,2025-08-16T08:45:00Z,2025-08-16T08:19:29Z,26,30,13,2.6906,1.6577,2.6382,4.3515,7.1775,-0.024089,-0.008647,7.15e-4,NA,TRUE,FALSE,0.017033,0.010829,186.6132,-0.626753,0.381813,2.563959,0.626753,0.92541,2.563959,-167.9188,38.1813,256.3959,95.9723,194.0898,556.9238
S3B_20250824T101201_vs_HYPERNETS_20250824T094500_RHOW_R.csv,THFR,Hyp,S3B,3.6641600000000003,43.43485999999999,3.658236,43.442806,1.01,5,2025-08-24T07:45:00Z,2025-08-24T08:12:01Z,27,30,15,0.9835,0.3811,0.8481,1.1572,1.579,-0.001115,7.8e-5,9.51e-4,NA,FALSE,FALSE,0.001607,0.00106,4548.8281,-0.46462,-0.053943,0.73918,0.065954,0.493575,0.914585,-87.057,-5.7019,68.8848,7.0617,97.4625,117.0096
S3B_20250824T101201_vs_HYPERNETS_20250824T100000_RHOW_R.csv,THFR,Hyp,S3B,3.6641600000000003,43.43485999999999,3.658236,43.442806,1.01,5,2025-08-24T08:00:00Z,2025-08-24T08:12:01Z,12,30,15,0.9767,0.7804,0.8411,1.1418,1.55,-0.001311,-8.4e-5,8.2e-4,NA,FALSE,FALSE,0.001533,0.001102,188.6204,-0.516196,-0.087104,0.618498,0.171408,0.538721,0.871646,-106.9195,-9.5415,57.6444,20.0446,98.5049,142.5471
S3B_20250824T101201_vs_HYPERNETS_20250824T101500_RHOW_R.csv,THFR,Hyp,S3B,3.6641600000000003,43.43485999999999,3.658236,43.442806,1.01,5,2025-08-24T08:15:00Z,2025-08-24T08:12:01Z,3,30,14,0.9859,1.1002,0.8346,1.1172,1.4956,-0.001719,-4.09e-4,5.7e-4,NA,FALSE,FALSE,0.001389,0.001081,55.8223,-0.509485,-0.171978,0.079985,0.159739,0.496388,0.686057,-104.0781,-20.8226,7.5817,19.0493,72.4012,127.2434
S3B_20250824T101201_vs_HYPERNETS_20250824T103000_RHOW_R.csv,THFR,Hyp,S3B,3.6641600000000003,43.43485999999999,3.658236,43.442806,1.01,5,2025-08-24T08:30:00Z,2025-08-24T08:12:01Z,18,30,15,0.9541,0.7467,0.8185,1.0786,1.4214,-0.001321,-1.95e-4,6.6e-4,NA,FALSE,FALSE,0.001351,0.001092,210.3304,-0.546924,-0.149068,0.374261,0.172715,0.571337,0.658267,-121.0347,-17.5183,34.7942,20.9268,64.9821,160.6966
S3B_20250831T103044_vs_HYPERNETS_20250831T101500_RHOW_R.csv,THFR,Hyp,S3B,3.6641600000000003,43.43485999999999,3.659426,43.441812999999996,0.86,5,2025-08-31T08:15:00Z,2025-08-31T08:30:44Z,16,30,4,0.1971,0.4608,0.0619,0.2583,1.078,-0.001559,4.26e-4,9.01e-4,NA,FALSE,FALSE,0.003415,0.002136,467.9955,-0.758129,-0.644877,3.737488,0.69091,0.779314,4.768359,-318.9533,-191.5609,12.0208,232.9199,361.7225,646.5152
S3B_20250831T103044_vs_HYPERNETS_20250831T103000_RHOW_R.csv,THFR,Hyp,S3B,3.6641600000000003,43.43485999999999,3.659426,43.441812999999996,0.86,5,2025-08-31T08:30:00Z,2025-08-31T08:30:44Z,1,30,4,0.1941,0.4166,0.0609,0.2555,1.0718,-0.001602,4.19e-4,9.01e-4,NA,FALSE,FALSE,0.003479,0.002191,480.8664,-0.770199,-0.67119,3.806958,0.705886,0.799816,4.902594,-348.9862,-211.1342,3.299,246.3167,422.9579,795.8165
S3B_20250831T103044_vs_HYPERNETS_20250831T104500_RHOW_R.csv,THFR,Hyp,S3B,3.6641600000000003,43.43485999999999,3.659426,43.441812999999996,0.86,5,2025-08-31T08:45:00Z,2025-08-31T08:30:44Z,14,30,4,0.1951,0.3222,0.0612,0.2564,1.0737,-0.001537,4.33e-4,9.04e-4,NA,FALSE,FALSE,0.0034390000000000002,0.002149,964.9052,-0.751007,-0.64231799999999994,8.720466,0.690178,0.763976,9.722849,-303.3877,-190.1613,36.7519,232.8138,326.2675,697.5749
S3B_20250831T103044_vs_HYPERNETS_20250831T110000_RHOW_R.csv,THFR,Hyp,S3B,3.6641600000000003,43.43485999999999,3.659426,43.441812999999996,0.86,5,2025-08-31T09:00:00Z,2025-08-31T08:30:44Z,29,30,4,0.2072,0.1722,0.065,0.273,1.1465,-0.001534,4.36e-4,9.05e-4,NA,FALSE,FALSE,0.00317,0.002008,2856.2688,-0.732297,-0.621963,27.667648,0.671376,0.743805,28.635117,-274.6519,-174.0546,87.1952,213.294,291.9122,872.1491
S3B_20250905T100047_vs_HYPERNETS_20250905T094500_RHOW_C.csv,THFR,Hyp,S3B,3.6641600000000003,43.43485999999999,3.658153,43.44071,0.81,5,2025-09-05T07:45:00Z,2025-09-05T08:00:47Z,16,30,15,0.841,0.5217,0.7592,1.114,1.6347,-0.001836,4.5e-5,0.001328,NA,FALSE,FALSE,0.002337,0.001645,707.6463,-0.352651,-0.15469,0.849658,0.202003,0.443967,1.045554,-56.0364,-18.2998,75.5641,24.5706,79.8456,152.3006
S3B_20250905T100047_vs_HYPERNETS_20250905T100000_RHOW_C.csv,THFR,Hyp,S3B,3.6641600000000003,43.43485999999999,3.658153,43.44071,0.81,5,2025-09-05T08:00:00Z,2025-09-05T08:00:47Z,1,30,15,0.8649,0.5901,0.781,1.1465,1.6829,-0.001976,-4.9e-5,0.001264,NA,FALSE,FALSE,0.002326,0.001626,427.718,-0.386985,-0.151399,0.85324,0.198189,0.467066,1.043036,-64.5381,-17.841,76.7195,24.0217,87.6404,155.0934
S3B_20250905T100047_vs_HYPERNETS_20250905T101500_RHOW_C.csv,THFR,Hyp,S3B,3.6641600000000003,43.43485999999999,3.658153,43.44071,0.81,5,2025-09-05T08:15:00Z,2025-09-05T08:00:47Z,14,30,15,0.8822,0.4955,0.7891,1.1474,1.6684,-0.001959,-7.6e-5,0.001219,NA,FALSE,FALSE,0.002258,0.001585,903.8774,-0.356282,-0.151972,0.772311,0.194408,0.474622,0.954638,-58.0411,-17.9206,69.8093,22.3196,90.3392,147.6872
S3B_20250905T100047_vs_HYPERNETS_20250905T103000_RHOW_C.csv,THFR,Hyp,S3B,3.6641600000000003,43.43485999999999,3.658153,43.44071,0.81,5,2025-09-05T08:30:00Z,2025-09-05T08:00:47Z,29,30,15,0.8952,0.7821,0.7982,1.1566,1.6759,-0.002148,-2.21e-4,0.001109,NA,FALSE,FALSE,0.002213,0.001593,156.7543,-0.455638,-0.15877,0.717423,0.203301,0.487367,0.983587,-84.0143,-18.8735,64.8759,22.0594,95.0715,137.0445
S3B_20250908T102313_vs_HYPERNETS_20250908T100000_RHOW_R.csv,THFR,Hyp,S3B,3.6641600000000003,43.43485999999999,3.659308,43.440870999999994,0.78,5,2025-09-08T08:00:00Z,2025-09-08T08:23:13Z,23,30,5,3.5688,0.8989,1.7317,5.2157,15.7091,-0.002884,7e-6,9.67e-4,NA,TRUE,FALSE,0.001329,0.001169,451.95,3.854418,4.994245,5.513036,3.854418,4.994245,5.513036,385.4418,499.4245,551.3036,385.4418,499.4245,551.3036
S3B_20250908T102313_vs_HYPERNETS_20250908T101500_RHOW_R.csv,THFR,Hyp,S3B,3.6641600000000003,43.43485999999999,3.659308,43.440870999999994,0.78,5,2025-09-08T08:15:00Z,2025-09-08T08:23:13Z,8,30,5,3.2988,1.2146,1.6256,5.0416,15.636,-0.003989,-3.08e-4,8.79e-4,NA,TRUE,FALSE,0.001268,0.001097,311.1979,1.302748,4.116456,4.285014,1.302748,4.116456,4.285014,130.2748,411.6456,428.5014,130.2748,411.6456,428.5014
S3B_20250908T102313_vs_HYPERNETS_20250908T104500_RHOW_R.csv,THFR,Hyp,S3B,3.6641600000000003,43.43485999999999,3.659308,43.440870999999994,0.78,5,2025-09-08T08:45:00Z,2025-09-08T08:23:13Z,22,30,5,3.3433,0.7772,1.617,4.8291,14.422,-0.002693,5.9e-5,9.8e-4,NA,TRUE,FALSE,0.001316,0.001157,459.5028,4.821837,5.472117,5.48548,4.821837,5.472117,5.48548,482.1837,547.2117,548.548,482.1837,547.2117,548.548
S3B_20250912T101927_vs_HYPERNETS_20250912T100000_RHOW_R.csv,THFR,Hyp,S3B,3.6641600000000003,43.43485999999999,3.660148,43.442355000000006,0.9,5,2025-09-12T08:00:00Z,2025-09-12T08:19:27Z,19,30,6,0.0054,0.0177,0.0325,0.1006,0.3114,2.8e-5,4.84e-4,6.32e-4,NA,TRUE,TRUE,0.003937,0.001898,147.0085,-0.417447,-0.23109,0.06645,0.212054,0.368018,0.811308,-73.3497,-30.2139,5.4558,27.0273,60.2045,446.8662
S3B_20250912T101927_vs_HYPERNETS_20250912T103000_RHOW_R.csv,THFR,Hyp,S3B,3.6641600000000003,43.43485999999999,3.660148,43.442355000000006,0.9,5,2025-09-12T08:30:00Z,2025-09-12T08:19:27Z,11,30,6,0.0059,0.011,0.0339,0.105,0.3251,5.5e-5,4.93e-4,6.34e-4,NA,TRUE,TRUE,0.00373,0.001791,195.2693,-0.280017,-0.040494,0.325566,0.160992,0.383394,0.798485,-40.193600000000004,-4.4314,31.2439,18.4348,47.0025,565.6734
S3B_20250912T101927_vs_HYPERNETS_20250912T104500_RHOW_R.csv,THFR,Hyp,S3B,3.6641600000000003,43.43485999999999,3.660148,43.442355000000006,0.9,5,2025-09-12T08:45:00Z,2025-09-12T08:19:27Z,26,30,6,0.0072,0.0518,0.0366,0.1133,0.3506,7e-5,4.98e-4,6.36e-4,NA,TRUE,TRUE,0.003425,0.001693,146.5206,-0.151078,0.221855,0.759631,0.254871,0.590664,0.925743,-20.6236,22.1501,73.122,27.8012,62.069,420.0102
S3B_20250916T101544_vs_HYPERNETS_20250916T100000_RHOW_R.csv,THFR,Hyp,S3B,3.6641600000000003,43.43485999999999,3.658235,43.441348,0.87,5,2025-09-16T08:00:00Z,2025-09-16T08:15:44Z,16,30,15,0.9911,1.3607,1.1175,1.8104,2.9329,-0.005292,-0.001619,6.48e-4,NA,TRUE,FALSE,0.004185,0.002563,99.5907,-0.719289,-0.380471,0.528507,0.425351,0.743896,0.888567,-257.6148,-61.4129,48.0194,74.5525,214.0313,314.2452
S3B_20250916T101544_vs_HYPERNETS_20250916T101500_RHOW_R.csv,THFR,Hyp,S3B,3.6641600000000003,43.43485999999999,3.658235,43.441348,0.87,5,2025-09-16T08:15:00Z,2025-09-16T08:15:44Z,1,30,15,1.0273,1.5761,1.1452,1.8502,2.9892,-0.005647,-0.001855,4.92e-4,NA,TRUE,FALSE,0.004148,0.002569,94.8708,-0.756786,-0.414631,0.519675,0.444515,0.80927,0.900611,-321.0818,-70.8325,47.3477,79.7596,214.6492,370.3485
S3B_20250916T101544_vs_HYPERNETS_20250916T103000_RHOW_R.csv,THFR,Hyp,S3B,3.6641600000000003,43.43485999999999,3.658235,43.441348,0.87,5,2025-09-16T08:30:00Z,2025-09-16T08:15:44Z,14,30,15,1.0924,1.3799,1.184,1.8988,3.0452,-0.00519,-0.001616,6.13e-4,NA,TRUE,FALSE,0.004145,0.002458,99.1015,-0.708084,-0.324561,0.579738,0.37635,0.746196,0.911915,-245.5213,-48.0519,53.2037,60.9022,198.69,311.5858
S3B_20250916T101544_vs_HYPERNETS_20250916T104500_RHOW_R.csv,THFR,Hyp,S3B,3.6641600000000003,43.43485999999999,3.658235,43.441348,0.87,5,2025-09-16T08:45:00Z,2025-09-16T08:15:44Z,29,30,15,1.1137,1.4637,1.2075,1.9366,3.1061,-0.005336,-0.001706,5.57e-4,NA,TRUE,FALSE,0.004153,0.002457,98.5078,-0.728519,-0.326295,0.588842,0.376033,0.786054,0.922008,-276.9112,-48.433,54.2616,60.7766,186.9204,352.1177
S3B_20250917T094933_vs_HYPERNETS_20250917T093000_RHOW_R.csv,THFR,Hyp,S3B,3.6641600000000003,43.43485999999999,3.66176,43.441272,0.74,5,2025-09-17T07:30:00Z,2025-09-17T07:49:33Z,20,30,6,-0.2726,-0.4265,-0.9281,-0.3878,-0.1621,0.002489,0.002831,0.00365,NA,TRUE,TRUE,0.003987,0.003337,1716.0985,7.80978,10.798524,13.748084,7.80978,10.798524,13.748084,776.7229,1071.1106,1372.0835,1001.7482,1320.6856,1759.7244
S3B_20250917T094933_vs_HYPERNETS_20250917T094500_RHOW_R.csv,THFR,Hyp,S3B,3.6641600000000003,43.43485999999999,3.66176,43.441272,0.74,5,2025-09-17T07:45:00Z,2025-09-17T07:49:33Z,5,30,6,-0.269,-0.4583,-0.9155,-0.3827,-0.1599,0.002496,0.002849,0.003693,NA,TRUE,TRUE,0.004014,0.003322,1209.806,5.863064,8.236476,10.682408,5.863064,8.236476,10.682408,584.4706,811.7151,1066.8575,740.94,1034.2122,1676.7754
S3B_20250917T094933_vs_HYPERNETS_20250917T100000_RHOW_R.csv,THFR,Hyp,S3B,3.6641600000000003,43.43485999999999,3.66176,43.441272,0.74,5,2025-09-17T08:00:00Z,2025-09-17T07:49:33Z,10,30,6,-0.2647,-0.4161,-0.9003,-0.3764,-0.1573,0.002493,0.002842,0.003675,NA,TRUE,TRUE,0.004063,0.003355,1756.5088,6.096591,9.43455,10.904839,6.096591,9.43455,10.904839,601.5482,934.3517,1090.4712,868.01,1087.3013,1693.216
S3B_20250917T094933_vs_HYPERNETS_20250917T101500_RHOW_R.csv,THFR,Hyp,S3B,3.6641600000000003,43.43485999999999,3.66176,43.441272,0.74,5,2025-09-17T08:15:00Z,2025-09-17T07:49:33Z,25,30,6,-0.2659,-0.4019,-0.9052,-0.3783,-0.1581,0.002492,0.002839,0.003668,NA,TRUE,TRUE,0.00405,0.003355,2012.9789,6.474199,10.213761,11.323237,6.474199,10.213761,11.323237,632.1245,1017.5415,1132.2782,972.2111,1126.1661,1701.4006
S3B_20250924T100815_vs_HYPERNETS_20250924T100000_RHOW_R.csv,THFR,Hyp,S3B,3.6641600000000003,43.43485999999999,3.6578399999999998,43.440819,0.84,5,2025-09-24T08:00:00Z,2025-09-24T08:08:15Z,8,30,15,1.1782,0.7631,1.3801,2.2549,3.6841,-0.005566,-5.6e-4,0.002504,NA,TRUE,FALSE,0.007185,0.003972,697.7404,-0.006841,0.30918,2.197775,0.215589,0.498647,2.197775,-0.7645,30.918,218.5072,23.392,49.8647,360.2511
S3B_20250924T100815_vs_HYPERNETS_20250924T101500_RHOW_R.csv,THFR,Hyp,S3B,3.6641600000000003,43.43485999999999,3.6578399999999998,43.440819,0.84,5,2025-09-24T08:15:00Z,2025-09-24T08:08:15Z,7,30,15,1.236,0.6839,1.3325,2.1337,3.4167,-0.005663,-7.81e-4,0.002268,NA,TRUE,FALSE,0.006822,0.003705,1098.1067,-0.048394,0.233407,1.837645,0.193871,0.397249,1.837645,-5.2053,23.3407,182.1884,20.6123,39.7249,335.1036
S3B_20250927T103041_vs_HYPERNETS_20250927T101500_RHOW_R.csv,THFR,Hyp,S3B,3.6641600000000003,43.43485999999999,3.6601120000000003,43.44211200000001,0.87,5,2025-09-27T08:15:00Z,2025-09-27T08:30:41Z,16,30,7,0.1052,0.0916,0.0814,0.1907,0.4472,1e-5,7.43e-4,0.001056,NA,TRUE,TRUE,0.004177,0.002804,727.6074,1.146158,3.148288,3.432074,1.95511,3.148288,3.432074,9.4056,314.8288,342.4124,306.9657,316.6725,655.5089
S3B_20250927T103041_vs_HYPERNETS_20250927T103000_RHOW_R.csv,THFR,Hyp,S3B,3.6641600000000003,43.43485999999999,3.6601120000000003,43.44211200000001,0.87,5,2025-09-27T08:30:00Z,2025-09-27T08:30:41Z,1,30,7,0.1,0.0843,0.0775,0.182,0.4272,-6e-6,7.37e-4,0.001054,NA,TRUE,FALSE,0.004431,0.002915,729.9401,0.742139,2.264103,2.561325,1.560247,2.264103,2.561325,-4.6006,226.4103,255.3464,229.4326,249.9603,597.6101
S3B_20250927T103041_vs_HYPERNETS_20250927T104500_RHOW_R.csv,THFR,Hyp,S3B,3.6641600000000003,43.43485999999999,3.6601120000000003,43.44211200000001,0.87,5,2025-09-27T08:45:00Z,2025-09-27T08:30:41Z,14,30,7,0.1004,0.1109,0.078,0.1831,0.4298,-2.8e-5,7.28e-4,0.00105,NA,TRUE,FALSE,0.004421,0.002878,329.6237,0.311661,1.820371,2.160018,1.12954,1.820371,2.160018,-22.2626,182.0371,214.6376,184.3441,245.3337,569.2587
S3B_20250927T103041_vs_HYPERNETS_20250927T110000_RHOW_R.csv,THFR,Hyp,S3B,3.6641600000000003,43.43485999999999,3.6601120000000003,43.44211200000001,0.87,5,2025-09-27T09:00:00Z,2025-09-27T08:30:41Z,29,30,7,0.0974,0.0987,0.0767,0.1811,0.4276,-6.3e-5,7.16e-4,0.001046,NA,TRUE,FALSE,0.004513,0.002884,342.0557,0.083627,1.175437,1.485825,0.903693,1.175437,1.485825,-36.7104,117.5437,147.4234,121.0459,172.5604,581.6812
S3B_20251001T102655_vs_HYPERNETS_20251001T100000_RHOW_R.csv,THFR,Hyp,S3B,3.6641600000000003,43.43485999999999,3.659877,43.441195,0.79,5,2025-10-01T08:00:00Z,2025-10-01T08:26:55Z,27,30,14,1.1098,0.4883,1.0172,1.563,2.4016,-0.001877,6.12e-4,0.002232,NA,TRUE,FALSE,0.003832,0.002297,797.8637,0.041694,0.32191,2.395703,0.08176,0.32191,2.395703,4.1526,32.1828,230.8553,8.4631,32.1828,230.8553
S3B_20251001T102655_vs_HYPERNETS_20251001T101500_RHOW_R.csv,THFR,Hyp,S3B,3.6641600000000003,43.43485999999999,3.659877,43.441195,0.79,5,2025-10-01T08:15:00Z,2025-10-01T08:26:55Z,12,30,13,1.1032,0.8125,1.0017,1.5883,2.5183,-0.00245,4.85e-4,0.002336,NA,TRUE,FALSE,0.003958,0.002342,147.868,0.077546,0.308347,1.200817,0.077546,0.308347,1.200817,7.7546,30.8347,120.0817,7.7546,30.8347,120.0817
S3B_20251001T102655_vs_HYPERNETS_20251001T103000_RHOW_R.csv,THFR,Hyp,S3B,3.6641600000000003,43.43485999999999,3.659877,43.441195,0.79,5,2025-10-01T08:30:00Z,2025-10-01T08:26:55Z,3,30,13,1.1126,0.8688,1.002,1.5798,2.4906,-0.002566,3.83e-4,0.002253,NA,TRUE,FALSE,0.003878,0.002271,122.5792,0.049028,0.29831,1.1405,0.057704,0.29831,1.1405,4.9028,29.831,114.05,5.7704,29.831,114.05
S3B_20251001T102655_vs_HYPERNETS_20251001T104500_RHOW_R.csv,THFR,Hyp,S3B,3.6641600000000003,43.43485999999999,3.659877,43.441195,0.79,5,2025-10-01T08:45:00Z,2025-10-01T08:26:55Z,18,30,14,1.1104,0.5428,1.0055,1.5312,2.3317,-0.001998,4.9e-4,0.002125,NA,TRUE,FALSE,0.003695,0.002191,501.5465,-0.004136,0.26899,2.117257,0.109269,0.272997,2.117257,-0.4574,26.8973,204.8771,11.6867,32.2253,204.8771
S3B_20251002T100044_vs_HYPERNETS_20251002T094500_RHOW_R.csv,THFR,Hyp,S3B,3.6641600000000003,43.43485999999999,3.65622,43.44182599999999,1.01,5,2025-10-02T07:45:00Z,2025-10-02T08:00:44Z,16,30,14,0.6577,0.2139,0.5862,0.8805,1.3225,-7.55e-4,6.4e-4,0.001569,NA,FALSE,FALSE,0.002001,0.001546,7427.7689,-0.392201,-0.191222,1.044896,0.246179,0.454695,1.09027,-65.9284,-23.655,100.5203,32.6577,83.4504,136.5593
S3B_20251002T100044_vs_HYPERNETS_20251002T100000_RHOW_R.csv,THFR,Hyp,S3B,3.6641600000000003,43.43485999999999,3.65622,43.44182599999999,1.01,5,2025-10-02T08:00:00Z,2025-10-02T08:00:44Z,1,30,14,0.6673,0.5323,0.5891,0.8762,1.3034,-9.54e-4,4.79e-4,0.001443,NA,FALSE,FALSE,0.001935,0.001578,243.6382,-0.429762,-0.220066,0.791948,0.237787,0.496601,0.919657,-77.5291,-28.2236,75.0735,31.2262,96.639,151.5094
S3B_20251002T100044_vs_HYPERNETS_20251002T101500_RHOW_R.csv,THFR,Hyp,S3B,3.6641600000000003,43.43485999999999,3.65622,43.44182599999999,1.01,5,2025-10-02T08:15:00Z,2025-10-02T08:00:44Z,14,30,14,0.6484,0.4287,0.5729,0.853,1.2701,-7.94e-4,5.9e-4,0.001519,NA,FALSE,FALSE,0.001984,0.001599,495.9779,-0.414597,-0.222683,0.859722,0.269421,0.47749,0.938582,-72.3342,-28.6565,82.5532,31.7509,91.4727,121.6494
S3B_20251002T100044_vs_HYPERNETS_20251002T103000_RHOW_R.csv,THFR,Hyp,S3B,3.6641600000000003,43.43485999999999,3.65622,43.44182599999999,1.01,5,2025-10-02T08:30:00Z,2025-10-02T08:00:44Z,29,30,14,0.6533,0.385,0.571,0.8394,1.234,-8.45e-4,5.19e-4,0.001446,NA,FALSE,FALSE,0.001936,0.001613,697.6247,-0.429966,-0.242359,0.686914,0.253485,0.490201,0.788175,-77.1418,-31.9887,66.1742,33.9947,87.9488,143.588
S3B_20251005T102308_vs_HYPERNETS_20251005T101500_RHOW_R.csv,THFR,Hyp,S3B,3.6641600000000003,43.43485999999999,3.6614210000000003,43.44199699999999,0.82,5,2025-10-05T08:15:00Z,2025-10-05T08:23:08Z,8,30,15,0.9343,0.7942,1.0043,1.6068,2.5708,-0.004906,-0.001265,0.001011,NA,TRUE,FALSE,0.00455,0.002773,304.197,-0.67112,-0.443092,0.280841,0.495377,0.639043,0.88199,-205.5185,-79.5629,25.0728,67.2034,177.0417,299.2838
S3B_20251005T102308_vs_HYPERNETS_20251005T103000_RHOW_R.csv,THFR,Hyp,S3B,3.6641600000000003,43.43485999999999,3.6614210000000003,43.44199699999999,0.82,5,2025-10-05T08:30:00Z,2025-10-05T08:23:08Z,7,30,15,0.9449,0.9294,1.0134,1.6203,2.5907,-0.005023,-0.001342,9.6e-4,NA,TRUE,FALSE,0.004539,0.002779,202.6187,-0.681991,-0.549255,0.283617,0.554486,0.659526,0.883311,-215.2436,-121.855,25.3572,86.0191,193.7079,305.1998
S3B_20251005T102308_vs_HYPERNETS_20251005T104500_RHOW_R.csv,THFR,Hyp,S3B,3.6641600000000003,43.43485999999999,3.6614210000000003,43.44199699999999,0.82,5,2025-10-05T08:45:00Z,2025-10-05T08:23:08Z,22,30,15,0.9839,0.9148,1.0102,1.5927,2.5112,-0.005086,-0.001469,8.25e-4,NA,TRUE,FALSE,0.004366,0.002733,214.1639,-0.702245,-0.558315,0.2159,0.50435700000000006,0.701,0.885208,-235.8499,-126.4056,19.3073,81.2122,221.351,308.6381
S3B_20251006T095658_vs_HYPERNETS_20251006T094500_RHOW_R.csv,THFR,Hyp,S3B,3.6641600000000003,43.43485999999999,3.6581370000000004,43.442337,0.96,5,2025-10-06T07:45:00Z,2025-10-06T07:56:58Z,12,30,15,0.8664,0.7012,0.7491,1.0307,1.4181,-3.37e-4,9.79e-4,0.001936,NA,FALSE,FALSE,0.002189,0.001423,351.9816,-0.169229,0.033555,1.180466,0.096188,0.420696,1.218974,-20.5773,3.3555,111.1799,10.6828,61.5652,185.9871
S3B_20251006T095658_vs_HYPERNETS_20251006T100000_RHOW_R.csv,THFR,Hyp,S3B,3.6641600000000003,43.43485999999999,3.6581370000000004,43.442337,0.96,5,2025-10-06T08:00:00Z,2025-10-06T07:56:58Z,3,30,15,0.8792,0.6482,0.7575,1.0298,1.4,-3.48e-4,9.29e-4,0.001868,NA,FALSE,FALSE,0.002094,0.001363,477.2368,-0.160926,0.029119,1.064449,0.093299000000000007,0.472393,1.136088,-19.349,2.9119,101.4341,10.325,55.0641,160.4
S3B_20251006T095658_vs_HYPERNETS_20251006T101500_RHOW_R.csv,THFR,Hyp,S3B,3.6641600000000003,43.43485999999999,3.6581370000000004,43.442337,0.96,5,2025-10-06T08:15:00Z,2025-10-06T07:56:58Z,18,30,14,0.9338,0.9894,0.7906,1.0643,1.4328,-6.67e-4,6.76e-4,0.001673,NA,FALSE,FALSE,0.001932,0.001183,82.6056,-0.157409,0.019826,0.695166,0.068596,0.226039,0.695166,-18.8638,1.9694,69.2892,7.3656,29.3587,104.7738
S3B_20251009T101925_vs_HYPERNETS_20251009T100000_RHOW_R.csv,THFR,Hyp,S3B,3.6641600000000003,43.43485999999999,3.6598469999999996,43.442104,0.88,5,2025-10-09T08:00:00Z,2025-10-09T08:19:25Z,19,30,8,0.2715,0.4333,0.1963,0.305,0.4738,-2.48e-4,6.11e-4,0.001163,NA,TRUE,FALSE,0.005361,0.003608,162.3445,-0.596627,0.220877,0.85818,0.62423,0.735536,0.868152,-151.7051,14.4479,85.1112,73.1904,120.7015,266.9077
S3B_20251009T101925_vs_HYPERNETS_20251009T101500_RHOW_R.csv,THFR,Hyp,S3B,3.6641600000000003,43.43485999999999,3.6598469999999996,43.442104,0.88,5,2025-10-09T08:15:00Z,2025-10-09T08:19:25Z,4,30,8,0.2693,0.3133,0.1949,0.3019,0.4677,-1.59e-4,6.63e-4,0.001194,NA,TRUE,FALSE,0.005344,0.00368,745.8106,-0.596888,0.988026,2.16611,0.671135,1.225942,2.16611,-151.7597,86.4061,216.6053,157.0782,217.7027,264.8889
S3B_20251009T101925_vs_HYPERNETS_20251009T103000_RHOW_R.csv,THFR,Hyp,S3B,3.6641600000000003,43.43485999999999,3.6598469999999996,43.442104,0.88,5,2025-10-09T08:30:00Z,2025-10-09T08:19:25Z,11,30,8,0.2596,0.3829,0.1878,0.2913,0.452,-1.91e-4,6.45e-4,0.001184,NA,TRUE,FALSE,0.00566,0.003838,264.1558,-0.612109,0.619046,1.448548,0.683906,1.032308,1.448548,-161.6807,47.703,144.3944,134.0035,153.1046,280.2141
S3B_20251009T101925_vs_HYPERNETS_20251009T104500_RHOW_R.csv,THFR,Hyp,S3B,3.6641600000000003,43.43485999999999,3.6598469999999996,43.442104,0.88,5,2025-10-09T08:45:00Z,2025-10-09T08:19:25Z,26,30,8,0.2487,0.323,0.18,0.2788,0.4317,-1.44e-4,6.73e-4,0.0012,NA,TRUE,FALSE,0.005967,0.004075,632.6301,-0.626923,1.218202,2.1559720000000002,0.695741,1.325119,2.1559720000000002,-172.0415,112.3104,215.2672,175.3154,223.6316,294.3164
S3B_20251010T095314_vs_HYPERNETS_20251010T093000_RHOW_R.csv,THFR,Hyp,S3B,3.6641600000000003,43.43485999999999,3.6596919999999997,43.439642,0.64,5,2025-10-10T07:30:00Z,2025-10-10T07:53:14Z,23,30,14,0.8248,0.6853,0.7743,1.208,1.8846,-0.00409,-4e-6,0.002615,NA,FALSE,FALSE,0.004565,0.003027,142.5301,-0.310445,-0.099256,1.491202,0.199411,0.400932,1.541653,-45.4399,-11.052,141.4353,24.9185,52.9499,201.4206
S3B_20251010T095314_vs_HYPERNETS_20251010T094500_RHOW_R.csv,THFR,Hyp,S3B,3.6641600000000003,43.43485999999999,3.6596919999999997,43.439642,0.64,5,2025-10-10T07:45:00Z,2025-10-10T07:53:14Z,8,30,14,0.8348,0.5239,0.7759,1.2033,1.8662,-0.003422,3.83e-4,0.002837,NA,FALSE,FALSE,0.00459,0.002912,379.6571,-0.238661,-0.084776,1.568985,0.20283,0.323574,1.578608,-31.3943,-9.2912,148.8104,21.5564,45.991,180.4682
S3B_20251010T095314_vs_HYPERNETS_20251010T100000_RHOW_R.csv,THFR,Hyp,S3B,3.6641600000000003,43.43485999999999,3.6596919999999997,43.439642,0.64,5,2025-10-10T08:00:00Z,2025-10-10T07:53:14Z,7,30,14,0.8968,0.5016,0.8231,1.2659,1.9471,-0.003341,3.79e-4,0.002797,NA,FALSE,FALSE,0.00457,0.002717,493.5044,-0.189629,-0.034105,1.607653,0.166959,0.312255,1.607653,-23.4358,-3.5522,153.0859,20.0761,39.4087,173.0336
S3B_20251010T095314_vs_HYPERNETS_20251010T101500_RHOW_R.csv,THFR,Hyp,S3B,3.6641600000000003,43.43485999999999,3.6596919999999997,43.439642,0.64,5,2025-10-10T08:15:00Z,2025-10-10T07:53:14Z,22,30,14,0.8932,0.5713,0.8288,1.284,1.9892,-0.003266,4.76e-4,0.002892,NA,FALSE,FALSE,0.004701,0.002716,299.4643,-0.160496,-0.010001,1.759778,0.148569,0.333552,1.759778,-19.1269,-1.0173,167.2795,17.4581,40.4616,183.8661
S3B_20251013T101542_vs_HYPERNETS_20251013T100000_RHOW_R.csv,THFR,Hyp,S3B,3.6641600000000003,43.43485999999999,3.658302,43.442309,0.95,5,2025-10-13T08:00:00Z,2025-10-13T08:15:42Z,16,30,15,1.022,0.8046,1.0482,1.652,2.6037,-0.003593,-3e-6,0.002274,NA,TRUE,FALSE,0.005312,0.002813,292.7352,-0.151661,0.128608,1.781281,0.169627,0.395821,1.781281,-18.1634,12.8608,170.727,18.7729,48.4161,301.986
S3B_20251013T101542_vs_HYPERNETS_20251013T101500_RHOW_R.csv,THFR,Hyp,S3B,3.6641600000000003,43.43485999999999,3.658302,43.442309,0.95,5,2025-10-13T08:15:00Z,2025-10-13T08:15:42Z,1,30,15,1.0401,0.822,1.0494,1.6438,2.5749,-0.003758,-1.47e-4,0.002158,NA,TRUE,FALSE,0.005205,0.002766,258.8444,-0.181694,0.117767,1.576706,0.18089,0.360432,1.576706,-22.4796,11.7767,152.6684,18.9248,53.5656,268.704
S3B_20251013T101542_vs_HYPERNETS_20251013T103000_RHOW_R.csv,THFR,Hyp,S3B,3.6641600000000003,43.43485999999999,3.658302,43.442309,0.95,5,2025-10-13T08:30:00Z,2025-10-13T08:15:42Z,14,30,15,1.0379,0.874,1.0578,1.6633,2.6153,-0.003737,-1.1e-4,0.002198,NA,TRUE,FALSE,0.005273,0.002801,211.7911,-0.170321,0.132511,1.666096,0.179108,0.37558,1.666096,-20.798,13.2511,161.0984,19.0297,51.3934,283.6277
S3B_20251013T101542_vs_HYPERNETS_20251013T104500_RHOW_R.csv,THFR,Hyp,S3B,3.6641600000000003,43.43485999999999,3.658302,43.442309,0.95,5,2025-10-13T08:45:00Z,2025-10-13T08:15:42Z,29,30,15,1.0661,0.829,1.089,1.7137,2.6967,-0.003529,2.8e-5,0.002288,NA,TRUE,FALSE,0.005375,0.002844,266.6672,-0.108611,0.17453,2.165802,0.170589,0.297754,2.165802,-12.423,17.453,202.1382,18.7184,41.4365,324.8648
S3B_20251014T094931_vs_HYPERNETS_20251014T093000_RHOW_R.csv,THFR,Hyp,S3B,3.6641600000000003,43.43485999999999,3.662703,43.440414,0.63,5,2025-10-14T07:30:00Z,2025-10-14T07:49:31Z,20,30,4,-2.7215,-1.2554,-8.261,-2.9673,-1.0658,0.001321,0.002325,0.005121,NA,TRUE,TRUE,0.001288,9.54e-4,1457.603,-0.77492,-0.409626,14.03881,0.557131,0.845206,14.864105,-622.7331,-95.5487,151.3411,157.3049,1295.2468,5946.3448
S3B_20251014T094931_vs_HYPERNETS_20251014T094500_RHOW_R.csv,THFR,Hyp,S3B,3.6641600000000003,43.43485999999999,3.662703,43.440414,0.63,5,2025-10-14T07:45:00Z,2025-10-14T07:49:31Z,5,30,4,-3.2348,-2.2346,-10.2363,-3.5569,-1.236,0.001424,0.002675,0.006273,NA,TRUE,TRUE,0.001234,9.17e-4,459.1466,-0.766525,-0.422618,4.020248,0.558156,0.839355,4.872665,-594.1791,-96.1586,80.9063,153.0617,656.6296,2349.2211
S3B_20251014T094931_vs_HYPERNETS_20251014T100000_RHOW_R.csv,THFR,Hyp,S3B,3.6641600000000003,43.43485999999999,3.662703,43.440414,0.63,5,2025-10-14T08:00:00Z,2025-10-14T07:49:31Z,10,30,4,-3.4518,-2.3427,-11.17,-3.8137,-1.3021,0.001425,0.00271,0.006474,NA,TRUE,TRUE,0.001222,8.89e-4,449.869,-0.75302500000000006,-0.388331,3.982971,0.532155,0.83007,4.796605,-556.3613,-85.2496,88.1614,139.107,629.2994,2284.3
S3B_20251014T094931_vs_HYPERNETS_20251014T101500_RHOW_R.csv,THFR,Hyp,S3B,3.6641600000000003,43.43485999999999,3.662703,43.440414,0.63,5,2025-10-14T08:15:00Z,2025-10-14T07:49:31Z,25,30,4,-4.049,-2.4757,-13.7848,-4.5254,-1.4857,0.001408,0.002738,0.006787,NA,TRUE,TRUE,0.001201,8.33e-4,484.2426,-0.709423,-0.272107,4.479622,0.482673,0.80012,5.159872,-458.9255,-56.2342,119.452,109.8339,600.2353,2338.2287
S3B_20251017T101157_vs_HYPERNETS_20251017T094500_RHOW_C.csv,THFR,Hyp,S3B,3.6641600000000003,43.43485999999999,3.6578370000000002,43.441579999999995,0.91,5,2025-10-17T07:45:00Z,2025-10-17T08:11:57Z,27,30,15,1.1265,0.8374,1.5627,2.6224,4.4006,-0.008748,-0.001807,0.002329,NA,TRUE,FALSE,0.009609,0.004907,200.6367,-0.047365,0.251167,2.295554,0.180924,0.448307,2.295554,-5.2046,25.1167,228.5903,18.6121,52.5085,228.5903
S3B_20251017T101157_vs_HYPERNETS_20251017T100000_RHOW_C.csv,THFR,Hyp,S3B,3.6641600000000003,43.43485999999999,3.6578370000000002,43.441579999999995,0.91,5,2025-10-17T08:00:00Z,2025-10-17T08:11:57Z,12,30,15,1.2293,0.8057,1.597,2.6566,4.4192,-0.008555,-0.001781,0.002291,NA,TRUE,FALSE,0.009525,0.004891,217.6238,-4.3e-5,0.267708,2.337883,0.189706,0.46897,2.337883,-0.1186,26.7708,231.8208,18.7146,53.8142,231.8208
S3B_20251017T101157_vs_HYPERNETS_20251017T101500_RHOW_C.csv,THFR,Hyp,S3B,3.6641600000000003,43.43485999999999,3.6578370000000002,43.441579999999995,0.91,5,2025-10-17T08:15:00Z,2025-10-17T08:11:57Z,3,30,15,1.3011,0.7459,1.6886,2.8086,4.6715,-0.008109,-0.001514,0.002451,NA,TRUE,FALSE,0.009691,0.005094,284.9336,0.088182,0.353193,3.029552,0.239216,0.355729,3.029552,8.7915,35.3193,294.4873,27.1527,55.2142,294.4873
S3B_20251017T101157_vs_HYPERNETS_20251017T103000_RHOW_C.csv,THFR,Hyp,S3B,3.6641600000000003,43.43485999999999,3.6578370000000002,43.441579999999995,0.91,5,2025-10-17T08:30:00Z,2025-10-17T08:11:57Z,18,30,15,1.522,1.3315,1.7064,2.7607,4.4666,-0.012147,-0.004289,5.68e-4,NA,TRUE,FALSE,0.008883,0.004727,103.1461,-0.37414,0.043336,0.647,0.281517,0.514104,0.791658,-60.9526,4.3336,64.1836,39.2222,77.7323,130.7375
S3B_20251028T102658_vs_HYPERNETS_20251028T100000_RHOW_R.csv,THFR,Hyp,S3B,3.6641600000000003,43.43485999999999,3.6596189999999997,43.440042,0.68,5,2025-10-28T09:00:00Z,2025-10-28T09:26:58Z,27,30,14,0.8637,0.6123,0.7342,0.9444,1.2147,-1.25e-4,7.49e-4,0.001429,NA,FALSE,FALSE,0.00141,9.45e-4,159.3766,-0.077572,0.162992,1.256032,0.111643,0.21352,1.256032,-8.4287,16.1675,122.0559,11.5908,24.0839,122.0559
S3B_20251028T102658_vs_HYPERNETS_20251028T101500_RHOW_R.csv,THFR,Hyp,S3B,3.6641600000000003,43.43485999999999,3.6596189999999997,43.440042,0.68,5,2025-10-28T09:15:00Z,2025-10-28T09:26:58Z,12,30,13,0.8491,0.7132,0.7122,0.9281,1.2094,-1.96e-4,7.94e-4,0.001554,NA,FALSE,FALSE,0.0014,9.64e-4,81.1009,-0.069759,0.110607,0.716123,0.110607,0.205194,0.716123,-7.499,11.0607,71.6123,11.0607,24.2533,71.6123
S3B_20251028T102658_vs_HYPERNETS_20251028T103000_RHOW_R.csv,THFR,Hyp,S3B,3.6641600000000003,43.43485999999999,3.6596189999999997,43.440042,0.68,5,2025-10-28T09:30:00Z,2025-10-28T09:26:58Z,3,30,13,0.8408,0.8201,0.7105,0.903,1.1477,-3.29e-4,6.07e-4,0.001343,NA,FALSE,FALSE,0.001225,8.9e-4,45.3313,-0.163975,0.024909,0.40266,0.067518,0.164024,0.40266,-19.6136,2.4909,40.266,6.7518,19.6207,40.266
S3B_20251028T102658_vs_HYPERNETS_20251028T104500_RHOW_R.csv,THFR,Hyp,S3B,3.6641600000000003,43.43485999999999,3.6596189999999997,43.440042,0.68,5,2025-10-28T09:45:00Z,2025-10-28T09:26:58Z,18,30,14,0.8294,0.6693,0.7168,0.8755,1.0695,-3.38e-4,4.14e-4,0.001029,NA,FALSE,FALSE,0.001128,9.22e-4,94.9224,-0.244466,-0.090535,0.494591,0.155513,0.263254,0.509448,-32.4553,-9.9602,48.7955,18.4552,35.7323,54.6165
S3B_20251109T101545_vs_HYPERNETS_20251109T100000_RHOW_R.csv,THFR,Hyp,S3B,3.6641600000000003,43.43485999999999,3.658722,43.44054,0.77,5,2025-11-09T09:00:00Z,2025-11-09T09:15:45Z,16,30,15,0.5693,0.5744,0.5275,0.7905,1.1846,-0.001176,6.2e-5,8.89e-4,NA,FALSE,FALSE,0.002227,0.001735,232.6352,-0.483011,-0.376585,0.326244,0.379146,0.504386,0.802131,-93.5931,-60.4068,26.6987,61.0698,85.7475,223.5923
S3B_20251109T101545_vs_HYPERNETS_20251109T101500_RHOW_R.csv,THFR,Hyp,S3B,3.6641600000000003,43.43485999999999,3.658722,43.44054,0.77,5,2025-11-09T09:15:00Z,2025-11-09T09:15:45Z,1,30,15,0.5973,0.4178,0.5533,0.829,1.2422,-0.001059,1.4e-4,9.41e-4,NA,FALSE,FALSE,0.002091,0.001584,1003.2164,-0.42777,-0.335785,0.811963,0.372848,0.677215,0.851877,-74.8994,-50.5537,81.1127,59.5784,82.1541,211.3883
S3B_20251109T101545_vs_HYPERNETS_20251109T103000_RHOW_R.csv,THFR,Hyp,S3B,3.6641600000000003,43.43485999999999,3.658722,43.44054,0.77,5,2025-11-09T09:30:00Z,2025-11-09T09:15:45Z,14,30,14,0.6056,0.9527,0.5505,0.8407,1.2841,-0.001578,-1.27e-4,8.24e-4,NA,FALSE,FALSE,0.002191,0.001686,60.8467,-0.477805,-0.35959,-0.148156,0.358562,0.467036,0.750042,-91.6183,-56.1507,-17.4129,55.9003,77.6756,164.0897
S3B_20251109T101545_vs_HYPERNETS_20251109T104500_RHOW_R.csv,THFR,Hyp,S3B,3.6641600000000003,43.43485999999999,3.658722,43.44054,0.77,5,2025-11-09T09:45:00Z,2025-11-09T09:15:45Z,29,30,14,0.6339,0.8346,0.5692,0.861,1.3022,-0.001425,-5.2e-5,8.56e-4,NA,FALSE,FALSE,0.002055,0.001545,65.8318,-0.424105,-0.336078,0.436744,0.352139,0.51579,0.749164,-73.7125,-50.6212,40.4303,53.3004,70.6952,183.8739
S3B_20251117T100817_vs_HYPERNETS_20251117T094500_RHOW_R.csv,THFR,Hyp,S3B,3.6641600000000003,43.43485999999999,3.658691,43.441919,0.9,5,2025-11-17T08:45:00Z,2025-11-17T09:08:17Z,23,30,14,0.8746,0.8412,0.8378,1.3212,2.0835,-0.001444,5.08e-4,0.001746,NA,FALSE,FALSE,0.003028,0.001526,138.4651,-0.009709,0.145763,1.718407,0.107781,0.311917,1.718407,-1.015,14.3681,169.3695,10.9698,39.5593,169.3695
S3B_20251117T100817_vs_HYPERNETS_20251117T100000_RHOW_R.csv,THFR,Hyp,S3B,3.6641600000000003,43.43485999999999,3.658691,43.441919,0.9,5,2025-11-17T09:00:00Z,2025-11-17T09:08:17Z,8,30,15,0.8804,0.6948,0.8281,1.2533,1.897,-0.001242,4.44e-4,0.001558,NA,FALSE,FALSE,0.002767,0.001448,340.7712,-0.166079,-0.015893,1.284013,0.12098,0.377287,1.284013,-20.7926,-1.615,125.05,12.2048,60.5876,125.05
S3B_20251117T100817_vs_HYPERNETS_20251117T101500_RHOW_R.csv,THFR,Hyp,S3B,3.6641600000000003,43.43485999999999,3.658691,43.441919,0.9,5,2025-11-17T09:15:00Z,2025-11-17T09:08:17Z,7,30,15,0.8702,0.5706,0.807,1.2104,1.8153,-0.001315,3.65e-4,0.001486,NA,FALSE,FALSE,0.002659,0.001472,890.5793,-0.20116,-0.053059,1.015483,0.090233,0.428455,1.015483,-26.2523,-5.6032,99.7863,9.9217,69.1138,114.5795
S3B_20251121T100432_vs_HYPERNETS_20251121T101500_RHOW_R.csv,THFR,Hyp,S3B,3.6641600000000003,43.43485999999999,3.660355,43.440633999999996,0.71,5,2025-11-21T09:15:00Z,2025-11-21T09:04:32Z,10,30,11,0.5161,0.9755,1.0537,2.0743,4.0836,-0.008489,-0.001497,0.002055,NA,TRUE,FALSE,0.006223,0.003643,144.0309,-0.368972,-0.009997,0.917444,0.263604,0.49669,0.972486,-59.1113,-1.0098,91.5822,36.0961,83.8591,235.0689
S3B_20251121T100432_vs_HYPERNETS_20251121T103000_RHOW_R.csv,THFR,Hyp,S3B,3.6641600000000003,43.43485999999999,3.660355,43.440633999999996,0.71,5,2025-11-21T09:30:00Z,2025-11-21T09:04:32Z,25,30,11,0.5366,1.0432,1.1105,2.1873,4.3084,-0.008735,-0.001617,0.001996,NA,TRUE,FALSE,0.006248,0.003633,147.6944,-0.352671,-0.125886,0.81608,0.231959,0.511888,1.011686,-55.2501,-14.4015,79.7193,30.5533,71.5349,247.6988
S3B_20251125T100049_vs_HYPERNETS_20251125T094500_RHOW_R.csv,THFR,Hyp,S3B,3.6641600000000003,43.43485999999999,3.657278,43.437605,0.63,5,2025-11-25T08:45:00Z,2025-11-25T09:00:49Z,16,30,13,0.834,0.6645,1.8918,3.4688,6.3607,-0.009995,-7.62e-4,0.004273,NA,TRUE,FALSE,0.013792,0.007435,1214.3738,-0.117002,0.723019,7.019098,0.348162,0.72316,7.019098,-13.2505,72.3019,701.9098,37.7662,131.3584,701.9098
S3B_20251129T095705_vs_HYPERNETS_20251129T093000_RHOW_R.csv,THFR,Hyp,S3B,3.6641600000000003,43.43485999999999,3.6550689999999997,43.440870999999994,0.99,5,2025-11-29T08:30:00Z,2025-11-29T08:57:05Z,27,30,13,0.4423,0.6592,0.5092,0.8791,1.5175,-0.002714,-2.91e-4,0.001112,NA,FALSE,FALSE,0.003427,0.002642,137.6379,-0.667749,-0.452435,1.46335,0.493133,0.914856,1.46335,-200.9775,-82.6266,146.335,97.2904,186.4894,623.7122
S3B_20251129T095705_vs_HYPERNETS_20251129T094500_RHOW_R.csv,THFR,Hyp,S3B,3.6641600000000003,43.43485999999999,3.6550689999999997,43.440870999999994,0.99,5,2025-11-29T08:45:00Z,2025-11-29T08:57:05Z,12,30,13,0.445,0.872,0.5021,0.8631,1.4836,-0.002889,-4.08e-4,0.001036,NA,FALSE,FALSE,0.003475,0.002732,102.5043,-0.685669,-0.509582,-0.051199,0.509582,0.685669,0.980712,-218.1355,-103.9076,-5.3962,103.9076,126.7818,325.325
S3B_20251129T095705_vs_HYPERNETS_20251129T100000_RHOW_R.csv,THFR,Hyp,S3B,3.6641600000000003,43.43485999999999,3.6550689999999997,43.440870999999994,0.99,5,2025-11-29T09:00:00Z,2025-11-29T08:57:05Z,3,30,14,0.414,0.5598,0.4923,0.8288,1.3955,-0.002279,-1.02e-4,0.001191,NA,FALSE,FALSE,0.003449,0.002806,355.6109,-0.717187,-0.512973,0.753935,0.538395,0.825818,1.022367,-254.0206,-105.3417,66.3616,104.6397,213.1913,876.0939
S3B_20251129T095705_vs_HYPERNETS_20251129T101500_RHOW_R.csv,THFR,Hyp,S3B,3.6641600000000003,43.43485999999999,3.6550689999999997,43.440870999999994,0.99,5,2025-11-29T09:15:00Z,2025-11-29T08:57:05Z,18,30,14,0.4261,0.4493,0.4947,0.8291,1.3894,-0.002246,-9.7e-5,0.001185,NA,FALSE,FALSE,0.003401,0.002768,749.5463,-0.692299,-0.511816,0.693157,0.523198,0.80902,0.979034,-225.0045,-104.8502,61.1432,103.8635,216.0901,829.5621
S3B_20251214T100818_vs_HYPERNETS_20251214T094500_RHOW_R.csv,THFR,Hyp,S3B,3.6641600000000003,43.43485999999999,3.658717,43.440526,0.77,5,2025-12-14T08:45:00Z,2025-12-14T09:08:18Z,23,30,14,0.4479,0.7036,2.1219,3.8273,6.9034,-0.008746,-0.001355,0.002743,NA,TRUE,FALSE,0.010905,0.005666,645.2105,0.164164,0.633706,4.022888,0.335985,0.633706,4.022888,16.3308,63.0869,386.1048,36.6327,80.1308,386.1048
S3B_20251214T100818_vs_HYPERNETS_20251214T100000_RHOW_R.csv,THFR,Hyp,S3B,3.6641600000000003,43.43485999999999,3.658717,43.440526,0.77,5,2025-12-14T09:00:00Z,2025-12-14T09:08:18Z,8,30,15,0.7692,0.7115,2.2099,3.8603,6.7432,-0.008333,-0.001598,0.002258,NA,TRUE,FALSE,0.010395,0.005296,519.8237,0.086116,0.542036,3.162012,0.219443,0.542036,3.162012,8.5669,54.2036,300.3835,21.6961,71.657,300.3835
S3B_20251214T100818_vs_HYPERNETS_20251214T101500_RHOW_R.csv,THFR,Hyp,S3B,3.6641600000000003,43.43485999999999,3.658717,43.440526,0.77,5,2025-12-14T09:15:00Z,2025-12-14T09:08:18Z,7,30,15,0.9229,0.7899,2.2371,3.8907,6.7665,-0.00872,-0.0018600000000000001,0.002084,NA,TRUE,FALSE,0.010289,0.005244,411.7269,0.084908,0.54344,2.943612,0.214849,0.54344,2.943612,8.4667,54.344,278.623,21.1861,70.4132,278.623
S3B_20251217T103045_vs_HYPERNETS_20251217T101500_RHOW_R.csv,THFR,Hyp,S3B,3.6641600000000003,43.43485999999999,3.6602710000000003,43.441838,0.84,5,2025-12-17T09:15:00Z,2025-12-17T09:30:45Z,16,30,15,0.6582,0.4979,1.0491,1.7851,3.0375,-0.00501,-6.87e-4,0.001854,NA,TRUE,FALSE,0.005912,0.003473,1385.0612,-0.630736,-0.278102,0.814539,0.408818,0.63795,1.210652,-170.8605,-38.5237,64.8237,73.4455,165.6193,500.2359
S3B_20251217T103045_vs_HYPERNETS_20251217T103000_RHOW_R.csv,THFR,Hyp,S3B,3.6641600000000003,43.43485999999999,3.6602710000000003,43.441838,0.84,5,2025-12-17T09:30:00Z,2025-12-17T09:30:45Z,1,30,15,0.6743,0.7121,1.0188,1.7254,2.9221,-0.004643,-5e-4,0.001947,NA,TRUE,FALSE,0.005856,0.003393,528.5552,-0.587022,-0.26442,0.75574,0.284215,0.624961,1.149455,-143.1722,-35.9471,59.6416,39.7602,148.6547,383.8853
S3B_20251217T103045_vs_HYPERNETS_20251217T110000_RHOW_R.csv,THFR,Hyp,S3B,3.6641600000000003,43.43485999999999,3.6602710000000003,43.441838,0.84,5,2025-12-17T10:00:00Z,2025-12-17T09:30:45Z,29,30,15,0.7133,0.7419,1.0063,1.692,2.8449,-0.00475,-6.06e-4,0.001858,NA,TRUE,FALSE,0.005718,0.003355,474.2394,-0.594387,-0.280749,0.664654,0.287081,0.632781,1.073542,-147.6525,-39.0336,52.4702,40.2739,133.2753,400.1205
S3B_20251218T100434_vs_HYPERNETS_20251218T094500_RHOW_R.csv,THFR,Hyp,S3B,3.6641600000000003,43.43485999999999,3.6587479999999997,43.44049699999999,0.76,5,2025-12-18T08:45:00Z,2025-12-18T09:04:34Z,20,30,14,0.2977,0.5556,2.2231,4.0187,7.2645,-0.012202,-0.002708,0.002544,NA,TRUE,FALSE,0.013321,0.007128,899.882,-0.311952,-0.009844,3.781278,0.299046,0.656614,3.809748,-45.3577,-2.5571,326.8098,42.0923,111.6213,463.0021
S3B_20251218T100434_vs_HYPERNETS_20251218T100000_RHOW_R.csv,THFR,Hyp,S3B,3.6641600000000003,43.43485999999999,3.6587479999999997,43.44049699999999,0.76,5,2025-12-18T09:00:00Z,2025-12-18T09:04:34Z,5,30,14,1.0682,0.6299,5.2674,9.5036,17.1467,-0.009865,-0.001435,0.003238,NA,TRUE,FALSE,0.014069,0.007986,2664.7037,1.17256,2.655461,9.783734,1.17256,2.655461,9.783734,117.2344,264.9719,893.885,117.2344,264.9719,893.885
S3B_20251229T101931_vs_HYPERNETS_20251229T100000_RHOW_R.csv,THFR,Hyp,S3B,3.6641600000000003,43.43485999999999,3.658693,43.440602,0.78,5,2025-12-29T09:00:00Z,2025-12-29T09:19:31Z,20,30,14,0.5575,0.7829,0.8935,1.5613,2.7281,-0.004226,0,0.002419,NA,FALSE,FALSE,0.005585,0.002972,179.6412,-0.208119,-0.068491,1.323914,0.147634,0.306225,1.323914,-26.3187,-7.4627,131.8072,17.3404,44.7119,131.8072
S3B_20251229T101931_vs_HYPERNETS_20251229T101500_RHOW_R.csv,THFR,Hyp,S3B,3.6641600000000003,43.43485999999999,3.658693,43.440602,0.78,5,2025-12-29T09:15:00Z,2025-12-29T09:19:31Z,5,30,14,0.6226,0.818,0.8836,1.5263,2.6365,-0.004474,-2.08e-4,0.002261,NA,FALSE,FALSE,0.005357,0.002941,136.7102,-0.237239,-0.101392,1.270039,0.173017,0.321304,1.270039,-31.1422,-11.3992,127.0039,20.9512,47.9363,127.0039
S3B_20251229T101931_vs_HYPERNETS_20251229T103000_RHOW_R.csv,THFR,Hyp,S3B,3.6641600000000003,43.43485999999999,3.658693,43.440602,0.78,5,2025-12-29T09:30:00Z,2025-12-29T09:19:31Z,10,30,14,0.6543,0.9038,0.8914,1.5324,2.6344,-0.004656,-3.42e-4,0.002167,NA,FALSE,FALSE,0.005263,0.002905,116.352,-0.259249,-0.110431,0.837098,0.183478,0.351055,0.837098,-35.002,-12.5619,82.6751,22.6093,48.9776,93.7066
S3B_20251229T101931_vs_HYPERNETS_20251229T104500_RHOW_R.csv,THFR,Hyp,S3B,3.6641600000000003,43.43485999999999,3.658693,43.440602,0.78,5,2025-12-29T09:45:00Z,2025-12-29T09:19:31Z,25,30,14,0.6465,0.9082,0.8837,1.52,2.6142,-0.004675,-3.5e-4,0.002164,NA,FALSE,FALSE,0.005263,0.002931,115.9271,-0.265524,-0.120122,0.77778,0.194044,0.366448,0.781521,-36.1531,-13.8184,76.7965,24.2167,49.5662,91.9614
S3B_20251230T095319_vs_HYPERNETS_20251230T094500_RHOW_R.csv,THFR,Hyp,S3B,3.6641600000000003,43.43485999999999,3.6596729999999997,43.441188999999994,0.79,5,2025-12-30T08:45:00Z,2025-12-30T08:53:19Z,8,30,15,0.631,0.7101,1.3935,2.4158,4.188,-0.006,-6.9e-5,0.003353,NA,TRUE,FALSE,0.009023,0.004775,407.3871,0.078725,0.287069,3.655674,0.129295,0.598169,3.655674,7.8708,28.7069,360.3744,14.5139,59.8169,360.3744
S3B_20251230T095319_vs_HYPERNETS_20251230T100000_RHOW_R.csv,THFR,Hyp,S3B,3.6641600000000003,43.43485999999999,3.6596729999999997,43.441188999999994,0.79,5,2025-12-30T09:00:00Z,2025-12-30T08:53:19Z,7,30,15,0.635,0.6995,1.4266,2.4747,4.2928,-0.005808,4.7e-5,0.003422,NA,TRUE,FALSE,0.009092,0.004879,450.823,0.11865,0.420194,4.105939,0.227202,0.559535,4.105939,11.8567,42.0194,401.1798,23.5411,64.1695,401.1798
S3B_20251230T095319_vs_HYPERNETS_20251230T101500_RHOW_R.csv,THFR,Hyp,S3B,3.6641600000000003,43.43485999999999,3.6596729999999997,43.441188999999994,0.79,5,2025-12-30T09:15:00Z,2025-12-30T08:53:19Z,22,30,15,0.6897,0.6305,1.4496,2.508,4.3392,-0.005693,9.2e-5,0.003437,NA,TRUE,FALSE,0.009069,0.004917,541.7556,0.15786,0.424106,4.503019,0.269083,0.51144,4.503019,15.7259,42.4106,432.4763,26.6929,66.5547,432.4763
S3A_20250625T100548_vs_HYPERNETS_20250625T094500_RHOW_R_NE.csv,THFR_NE,Hyp,S3A,3.6641600000000003,43.43485999999999,3.665363,43.435909,0.15,5,2025-06-25T07:45:00Z,2025-06-25T08:05:48Z,21,30,5,0.6943,0.3186,0.4138,0.7357,1.3079,-3.63e-4,0.001135,0.001978,NA,FALSE,FALSE,0.001773,0.001308,836.8293,0.433441,0.70309,0.867024,0.433441,0.70309,0.867024,43.3441,70.309,86.7024,43.3441,70.309,86.7024
S3A_20250625T100548_vs_HYPERNETS_20250625T100000_RHOW_R_NE.csv,THFR_NE,Hyp,S3A,3.6641600000000003,43.43485999999999,3.665363,43.435909,0.15,5,2025-06-25T08:00:00Z,2025-06-25T08:05:48Z,6,30,5,0.6975,0.1678,0.4205,0.7365,1.2897,-1.06e-4,0.001252,0.002028,NA,FALSE,FALSE,0.001791,0.001402,5652.7356,1.495405,1.547239,1.830891,1.495405,1.547239,1.830891,149.5405,154.7239,183.0891,149.5405,154.7239,183.0891
S3A_20250625T100548_vs_HYPERNETS_20250625T103000_RHOW_R_NE.csv,THFR_NE,Hyp,S3A,3.6641600000000003,43.43485999999999,3.665363,43.435909,0.15,5,2025-06-25T08:30:00Z,2025-06-25T08:05:48Z,24,30,5,0.726,0.3708,0.4365,0.7673,1.3489,-2.67e-4,0.001168,0.001984,NA,FALSE,FALSE,0.001667,0.001254,735.8816,0.856726,0.985554,1.153774,0.856726,0.985554,1.153774,85.6726,98.5554,115.3774,85.6726,98.5554,115.3774
S3A_20250703T095819_vs_HYPERNETS_20250703T093000_RHOW_R_NE.csv,THFR_NE,Hyp,S3A,3.6641600000000003,43.43485999999999,3.6653200000000004,43.436232000000004,0.18,5,2025-07-03T07:30:00Z,2025-07-03T07:58:19Z,28,30,9,0.4755,0.2482,0.3565,0.6013,1.0142,-0.001351,7.68e-4,0.002025,NA,FALSE,FALSE,0.003916,0.003224,1045.12,-0.499216,0.877122,2.028998,0.647197,0.877122,2.028998,-99.687,87.7122,202.8998,99.687,183.4443,202.8998
S3A_20250703T095819_vs_HYPERNETS_20250703T094500_RHOW_R_NE.csv,THFR_NE,Hyp,S3A,3.6641600000000003,43.43485999999999,3.6653200000000004,43.436232000000004,0.18,5,2025-07-03T07:45:00Z,2025-07-03T07:58:19Z,13,30,9,0.4828,0.342,0.3618,0.609,1.0253,-0.001503,6.73e-4,0.001965,NA,FALSE,FALSE,0.003881,0.003129,334.7376,-0.500668,0.141223,1.284583,0.500668,0.649512,1.284583,-100.2674,14.1223,128.4583,73.9337,128.4583,179.7836
S3A_20250703T095819_vs_HYPERNETS_20250703T100000_RHOW_R_NE.csv,THFR_NE,Hyp,S3A,3.6641600000000003,43.43485999999999,3.6653200000000004,43.436232000000004,0.18,5,2025-07-03T08:00:00Z,2025-07-03T07:58:19Z,2,30,9,0.4583,0.2203,0.3433,0.5775,0.9713,-0.00127,8.08e-4,0.002044,NA,TRUE,FALSE,0.004136,0.003418,1677.1298,-0.516209,1.245201,2.161265,0.656392,1.245201,2.161265,-106.7007,124.5201,216.1265,124.5201,191.0291,216.1265
S3A_20250703T095819_vs_HYPERNETS_20250703T101500_RHOW_R_NE.csv,THFR_NE,Hyp,S3A,3.6641600000000003,43.43485999999999,3.6653200000000004,43.436232000000004,0.18,5,2025-07-03T08:15:00Z,2025-07-03T07:58:19Z,17,30,9,0.3966,0.214,0.2966,0.495,0.8259,-0.001247,7.98e-4,0.002023,NA,TRUE,FALSE,0.005258,0.004194,1401.1646,-0.576882,0.52258,1.471691,0.576882,0.712141,1.471691,-136.3409,52.258,147.1691,108.9266,147.1691,230.7855
S3A_20250707T095434_vs_HYPERNETS_20250707T101500_RHOW_R_NE.csv,THFR_NE,Hyp,S3A,3.6641600000000003,43.43485999999999,3.66506,43.436056,0.15,5,2025-07-07T08:15:00Z,2025-07-07T07:54:34Z,20,30,11,0.7074,0.5347,0.5653,0.8115,1.1649,-0.001936,2.39e-4,0.001755,NA,FALSE,FALSE,0.002835,0.002261,301.4209,-0.386827,-0.277614,-0.174719,0.27322,0.384383,0.477938,-63.0873,-38.4302,-21.5353,37.5958,56.0992,64.4963
S3A_20250714T101317_vs_HYPERNETS_20250714T094500_RHOW_R_NE.csv,THFR_NE,Hyp,S3A,3.6641600000000003,43.43485999999999,3.666179,43.436890999999996,0.28,5,2025-07-14T07:45:00Z,2025-07-14T08:13:17Z,28,30,5,0.851,0.7897,0.5711,0.8767,1.3461,-0.00267,8.12e-4,0.00308,NA,FALSE,FALSE,0.001581,0.0014,71.5586,-0.205502,-0.119939,0.083186,0.119939,0.205502,0.293568,-25.8657,-13.6285,8.3186,13.6285,25.8657,41.5564
S3A_20250714T101317_vs_HYPERNETS_20250714T100000_RHOW_R_NE.csv,THFR_NE,Hyp,S3A,3.6641600000000003,43.43485999999999,3.666179,43.436890999999996,0.28,5,2025-07-14T08:00:00Z,2025-07-14T08:13:17Z,13,30,5,0.862,0.8427,0.5857,0.8861,1.3407,-0.002714,6.87e-4,0.002934,NA,FALSE,FALSE,0.001506,0.001352,61.1578,-0.201111,-0.116568,0.071322,0.116568,0.201111,0.402177,-25.1739,-13.1949,7.1322,13.1949,25.1739,67.2735
S3A_20250714T101317_vs_HYPERNETS_20250714T101500_RHOW_R_NE.csv,THFR_NE,Hyp,S3A,3.6641600000000003,43.43485999999999,3.666179,43.436890999999996,0.28,5,2025-07-14T08:15:00Z,2025-07-14T08:13:17Z,2,30,5,0.8728,0.8,0.5965,0.8963,1.3469,-0.002437,8.26e-4,0.002997,NA,FALSE,FALSE,0.00144,0.001273,69.1574,-0.166905,-0.09851,0.096384,0.09851,0.166905,0.275604,-20.0344,-10.9274,9.6384,10.9274,20.0344,38.0461
S3A_20250714T101317_vs_HYPERNETS_20250714T103000_RHOW_R_NE.csv,THFR_NE,Hyp,S3A,3.6641600000000003,43.43485999999999,3.666179,43.436890999999996,0.28,5,2025-07-14T08:30:00Z,2025-07-14T08:13:17Z,17,30,5,0.8846,0.7992,0.6065,0.908,1.3595,-0.002378,8.41e-4,0.002991,NA,FALSE,FALSE,0.0014,0.00123,70.6627,-0.145374,-0.086924,0.11093,0.11093,0.145374,0.277599,-17.0103,-9.5199,11.093,11.093,17.0103,38.4272
S3A_20250722T100549_vs_HYPERNETS_20250722T094500_RHOW_R_NE.csv,THFR_NE,Hyp,S3A,3.6641600000000003,43.43485999999999,3.666489,43.436828,0.29,5,2025-07-22T07:45:00Z,2025-07-22T08:05:49Z,21,30,9,0.6705,0.4204,0.5247,0.7175,0.9813,-2.93e-4,9.7e-4,0.001894,NA,TRUE,FALSE,0.001723,0.001434,399.7109,-0.281848,-0.141295,0.15373,0.15373,0.281848,0.467833,-39.2463,-16.4545,15.373,16.4545,39.2463,87.911
S3A_20250722T100549_vs_HYPERNETS_20250722T100000_RHOW_R_NE.csv,THFR_NE,Hyp,S3A,3.6641600000000003,43.43485999999999,3.666489,43.436828,0.29,5,2025-07-22T08:00:00Z,2025-07-22T08:05:49Z,6,30,9,0.6803,0.312,0.5325,0.7278,0.9947,-3.11e-4,9.55e-4,0.001881,NA,TRUE,FALSE,0.001668,0.001357,1210.6321,-0.272988,-0.124094,0.129059,0.129059,0.272988,0.394035,-37.5493,-14.1676,12.9059,14.1676,37.5493,65.0259
S3A_20250722T100549_vs_HYPERNETS_20250722T101500_RHOW_R_NE.csv,THFR_NE,Hyp,S3A,3.6641600000000003,43.43485999999999,3.666489,43.436828,0.29,5,2025-07-22T08:15:00Z,2025-07-22T08:05:49Z,9,30,9,0.6943,0.4244,0.5455,0.7403,1.0046,-3.19e-4,9.25e-4,0.001841,NA,FALSE,FALSE,0.001588,0.001292,399.131,-0.256161,-0.116864,0.123443,0.123443,0.256161,0.441604,-34.4377,-13.2329,12.3443,13.2329,34.4377,79.0843
S3A_20250722T100549_vs_HYPERNETS_20250722T103000_RHOW_R_NE.csv,THFR_NE,Hyp,S3A,3.6641600000000003,43.43485999999999,3.666489,43.436828,0.29,5,2025-07-22T08:30:00Z,2025-07-22T08:05:49Z,24,30,9,0.6856,0.4826,0.5381,0.7317,0.995,-4.46e-4,8.38e-4,0.001782,NA,TRUE,FALSE,0.001669,0.001334,244.1056,-0.298258,-0.13516,0.076301,0.13516,0.298258,0.540993,-42.5026,-15.6283,7.6301,15.6283,42.5026,109.1045
S3A_20250725T102815_vs_HYPERNETS_20250725T100000_RHOW_R_NE.csv,THFR_NE,Hyp,S3A,3.6641600000000003,43.43485999999999,3.6676070000000003,43.436837,0.36,5,2025-07-25T08:00:00Z,2025-07-25T08:28:15Z,28,30,4,0.69,-0.0057,0.4297,2.5913,15.6283,-0.005425,6.67e-4,0.001678,NA,FALSE,FALSE,0.001551,0.001411,777.5708,1.781098,2.290415,8.285026,1.781098,2.290415,8.285026,173.2383,228.2275,483.6935,173.2383,228.2275,483.6935
S3A_20250725T102815_vs_HYPERNETS_20250725T101500_RHOW_R_NE.csv,THFR_NE,Hyp,S3A,3.6641600000000003,43.43485999999999,3.6676070000000003,43.436837,0.36,5,2025-07-25T08:15:00Z,2025-07-25T08:28:15Z,13,30,4,0.5067,-0.0273,0.332,2.01,12.1678,-0.00489,7.6e-4,0.001694,NA,FALSE,FALSE,0.001479,0.001322,1086.3612,1.310475,1.698992,11.252129,1.310475,1.698992,11.252129,127.0849,169.4258,454.3915,127.0849,169.4258,454.3915
S3A_20250725T102815_vs_HYPERNETS_20250725T103000_RHOW_R_NE.csv,THFR_NE,Hyp,S3A,3.6641600000000003,43.43485999999999,3.6676070000000003,43.436837,0.36,5,2025-07-25T08:30:00Z,2025-07-25T08:28:15Z,2,30,4,0.7771,0.0116,0.4619,2.7751,16.6722,-0.00574,6.1e-4,0.001667,NA,FALSE,FALSE,0.001559,0.001421,664.8322,1.893189,2.409747,7.16488,1.893189,2.409747,7.16488,183.8964,240.2754,467.8627,183.8964,240.2754,467.8627
S3A_20250802T102045_vs_HYPERNETS_20250802T101500_RHOW_R_NE.csv,THFR_NE,Hyp,S3A,3.6641600000000003,43.43485999999999,3.667685,43.437279999999994,0.39,5,2025-08-02T08:15:00Z,2025-08-02T08:20:45Z,6,30,6,0.397,0.3174,0.2375,0.4653,0.9116,-3.94e-4,0.001041,0.001774,NA,TRUE,FALSE,0.002737,0.002121,463.6116,-0.0989,1.171646,1.933927,0.598799,1.185937,1.933927,-20.0984,109.2763,193.1985,80.5128,169.1773,193.1985
S3A_20250802T102045_vs_HYPERNETS_20250802T104500_RHOW_R_NE.csv,THFR_NE,Hyp,S3A,3.6641600000000003,43.43485999999999,3.667685,43.437279999999994,0.39,5,2025-08-02T08:45:00Z,2025-08-02T08:20:45Z,24,30,6,1.0242,0.1961,0.6008,1.2673,2.6734,-8.17e-4,9.47e-4,0.001784,NA,FALSE,FALSE,0.001702,0.001345,3291.0625,1.140655,2.63459,3.473976,1.140655,2.63459,3.473976,110.7688,254.5203,347.3921,110.7688,254.5203,347.3921
S3A_20250803T095434_vs_HYPERNETS_20250803T093000_RHOW_R_NE.csv,THFR_NE,Hyp,S3A,3.6641600000000003,43.43485999999999,3.666151,43.43649,0.24,5,2025-08-03T07:30:00Z,2025-08-03T07:54:34Z,25,30,14,1.2161,0.4539,1.0317,1.4188,1.951,-0.001434,3.74e-4,0.001689,NA,TRUE,FALSE,0.002757,0.002029,564.658,-0.042902,0.277798,1.174122,0.236573,0.343943,1.174122,-5.3489,27.755,114.3962,26.435,42.8997,115.4996
S3A_20250803T095434_vs_HYPERNETS_20250803T094500_RHOW_R_NE.csv,THFR_NE,Hyp,S3A,3.6641600000000003,43.43485999999999,3.666151,43.43649,0.24,5,2025-08-03T07:45:00Z,2025-08-03T07:54:34Z,10,30,14,1.241,0.3582,1.051,1.4246,1.9311,-0.001288,4.12e-4,0.001666,NA,TRUE,FALSE,0.002732,0.00202,1449.5043,-0.005567,0.291609,1.094522,0.259947,0.310016,1.094522,-1.3425,29.1401,106.9868,26.0595,39.5408,106.9868
S3A_20250803T095434_vs_HYPERNETS_20250803T100000_RHOW_R_NE.csv,THFR_NE,Hyp,S3A,3.6641600000000003,43.43485999999999,3.666151,43.43649,0.24,5,2025-08-03T08:00:00Z,2025-08-03T07:54:34Z,5,30,14,1.2571,0.6307,1.0646,1.443,1.9559,-0.001586,1.91e-4,0.001503,NA,TRUE,FALSE,0.002668,0.001985,212.9806,-0.058723,0.256221,1.0476240000000001,0.245646,0.319961,1.0476240000000001,-7.242,25.622,102.3836,25.5254,41.3097,118.2325
S3A_20250803T095434_vs_HYPERNETS_20250803T101500_RHOW_R_NE.csv,THFR_NE,Hyp,S3A,3.6641600000000003,43.43485999999999,3.666151,43.43649,0.24,5,2025-08-03T08:15:00Z,2025-08-03T07:54:34Z,20,30,14,1.2569,0.4588,1.0641,1.4136,1.8779,-0.001331,2.82e-4,0.001496,NA,TRUE,FALSE,0.002575,0.001922,575.7798,-0.027042,0.276156,0.908858,0.259089,0.321087,0.908858,-3.6269,27.6106,89.1555,25.9084,38.4161,97.8159
S3A_20250810T101315_vs_HYPERNETS_20250810T094500_RHOW_R_NE.csv,THFR_NE,Hyp,S3A,3.6641600000000003,43.43485999999999,3.6666019999999997,43.43692,0.3,5,2025-08-10T07:45:00Z,2025-08-10T08:13:15Z,28,30,5,0.6364,0.4771,0.4506,0.6501,0.9378,2.09e-4,8.38e-4,0.001274,NA,TRUE,TRUE,0.001482,0.001152,427.8105,0.344033,0.997924,2.563878,0.344033,0.997924,2.563878,34.4033,99.7924,256.3878,37.7887,99.7924,256.3878
S3A_20250810T101315_vs_HYPERNETS_20250810T100000_RHOW_R_NE.csv,THFR_NE,Hyp,S3A,3.6641600000000003,43.43485999999999,3.6666019999999997,43.43692,0.3,5,2025-08-10T08:00:00Z,2025-08-10T08:13:15Z,13,30,5,0.6349,0.3885,0.4474,0.6489,0.9412,1.95e-4,8.36e-4,0.001278,NA,TRUE,TRUE,0.001492,0.001153,734.8319,0.344847,0.87952,2.275588,0.344847,0.87952,2.275588,34.4847,87.952,227.5588,38.0512,87.952,227.5588
S3A_20250810T101315_vs_HYPERNETS_20250810T101500_RHOW_R_NE.csv,THFR_NE,Hyp,S3A,3.6641600000000003,43.43485999999999,3.6666019999999997,43.43692,0.3,5,2025-08-10T08:15:00Z,2025-08-10T08:13:15Z,2,30,5,0.6428,0.4326,0.4511,0.6574,0.9581,1.47e-4,8.1e-4,0.001264,NA,TRUE,TRUE,0.00145,0.001106,483.5601,0.062822,0.730043,2.095108,0.269168,0.730043,2.095108,6.2822,73.0043,209.5108,36.8304,73.0043,209.5108
S3A_20250810T101315_vs_HYPERNETS_20250810T103000_RHOW_R_NE.csv,THFR_NE,Hyp,S3A,3.6641600000000003,43.43485999999999,3.6666019999999997,43.43692,0.3,5,2025-08-10T08:30:00Z,2025-08-10T08:13:15Z,17,30,5,0.6528,0.547,0.459,0.6674,0.9705,6.2e-5,7.48e-4,0.001219,NA,TRUE,TRUE,0.001394,0.001046,231.733,-0.155489,0.438749,1.52168,0.265066,0.438749,1.52168,-18.4118,43.8749,152.168,36.0666,43.8749,152.168
S3A_20250902T101656_vs_HYPERNETS_20250902T100000_RHOW_R_NE.csv,THFR_NE,Hyp,S3A,3.6641600000000003,43.43485999999999,3.667145,43.436615,0.31,5,2025-09-02T08:00:00Z,2025-09-02T08:16:56Z,17,30,13,0.7484,0.2362,0.6417,0.9639,1.4479,-0.001584,3.33e-4,0.00161,NA,FALSE,FALSE,0.001783,0.001446,487.7852,-0.22271,-0.091629,0.85511,0.105418,0.461955,0.85511,-28.6521,-10.0872,85.511,11.7841,85.511,89.7392
S3A_20250902T101656_vs_HYPERNETS_20250902T101500_RHOW_R_NE.csv,THFR_NE,Hyp,S3A,3.6641600000000003,43.43485999999999,3.667145,43.436615,0.31,5,2025-09-02T08:15:00Z,2025-09-02T08:16:56Z,2,30,13,0.7359,0.2784,0.635,0.962,1.4573,-0.001564,3.79e-4,0.001661,NA,FALSE,FALSE,0.001834,0.00146,297.2983,-0.217065,-0.090451,0.948343,0.114983,0.459994,0.948343,-27.7245,-9.9445,94.8343,12.9922,85.1832,94.8343
S3A_20250902T101656_vs_HYPERNETS_20250902T103000_RHOW_R_NE.csv,THFR_NE,Hyp,S3A,3.6641600000000003,43.43485999999999,3.667145,43.436615,0.31,5,2025-09-02T08:30:00Z,2025-09-02T08:16:56Z,13,30,13,0.7665,0.2318,0.6569,0.986,1.48,-0.001556,3.49e-4,0.001618,NA,FALSE,FALSE,0.001772,0.001376,535.5709,-0.196354,-0.059185,0.916227,0.084474,0.443717,0.916227,-24.4329,-6.2908,91.6227,9.2268,79.7647,91.6227
S3A_20250902T101656_vs_HYPERNETS_20250902T104500_RHOW_R_NE.csv,THFR_NE,Hyp,S3A,3.6641600000000003,43.43485999999999,3.667145,43.436615,0.31,5,2025-09-02T08:45:00Z,2025-09-02T08:16:56Z,28,30,13,0.7627,0.2651,0.6558,0.9888,1.491,-0.001563,3.61e-4,0.001638,NA,FALSE,FALSE,0.001796,0.001379,354.8407,-0.19668,-0.055559,0.963563,0.084858,0.446496,0.963563,-24.4835,-5.8827,96.3563,9.2726,80.6673,96.3563
S3A_20250906T101311_vs_HYPERNETS_20250906T094500_RHOW_R_NE.csv,THFR_NE,Hyp,S3A,3.6641600000000003,43.43485999999999,3.666996,43.436744,0.31,5,2025-09-06T07:45:00Z,2025-09-06T08:13:11Z,28,30,15,1.0836,0.6435,1.0364,1.584,2.4209,-0.004186,-9.05e-4,0.001243,NA,TRUE,FALSE,0.004004,0.00238,251.6458,-0.300696,-0.057716,1.200906,0.240815,0.582188,1.200906,-43.0049,-6.1251,112.9392,31.8244,64.4418,163.8838
S3A_20250906T101311_vs_HYPERNETS_20250906T100000_RHOW_R_NE.csv,THFR_NE,Hyp,S3A,3.6641600000000003,43.43485999999999,3.666996,43.436744,0.31,5,2025-09-06T08:00:00Z,2025-09-06T08:13:11Z,13,30,15,1.145,0.6558,1.0801,1.6377,2.4832,-0.004184,-9.53e-4,0.001178,NA,TRUE,FALSE,0.003988,0.002361,242.4287,-0.257508,-0.019356,1.304257,0.216867,0.567591,1.304257,-34.6826,-1.9738,121.5742,27.8077,67.1731,169.1159
S3A_20250906T101311_vs_HYPERNETS_20250906T101500_RHOW_R_NE.csv,THFR_NE,Hyp,S3A,3.6641600000000003,43.43485999999999,3.666996,43.436744,0.31,5,2025-09-06T08:15:00Z,2025-09-06T08:13:11Z,2,30,15,1.1776,0.6927,1.0942,1.6431,2.4674,-0.004287,-0.001082,0.001052,NA,TRUE,FALSE,0.003893,0.002329,204.6198,-0.339728,-0.016238,1.116506,0.231359,0.575872,1.116506,-51.4972,-1.6506,105.8096,30.255,62.2708,154.5188
S3A_20250906T101311_vs_HYPERNETS_20250906T103000_RHOW_R_NE.csv,THFR_NE,Hyp,S3A,3.6641600000000003,43.43485999999999,3.666996,43.436744,0.31,5,2025-09-06T08:30:00Z,2025-09-06T08:13:11Z,17,30,15,1.1928,0.7902,1.1293,1.7162,2.608,-0.004349,-0.001047,0.001125,NA,TRUE,FALSE,0.004068,0.002418,146.844,-0.35894,0.01552,1.242103,0.238794,0.553552,1.242103,-56.3484,1.552,118.5865,27.8988,74.3083,156.598
S3A_20250910T100928_vs_HYPERNETS_20250910T094500_RHOW_R_NE.csv,THFR_NE,Hyp,S3A,3.6641600000000003,43.43485999999999,3.6661140000000003,43.437536,0.34,5,2025-09-10T07:45:00Z,2025-09-10T08:09:28Z,24,30,14,0.8741,0.3457,0.7467,1.0539,1.4873,-7.57e-4,5.91e-4,0.001546,NA,FALSE,FALSE,0.001647,0.00106,478.5924,-0.00312,0.104721,0.838141,0.076435,0.240327,0.871198,-0.3135,10.3271,79.5259,7.5357,28.7938,90.0781
S3A_20250910T100928_vs_HYPERNETS_20250910T100000_RHOW_R_NE.csv,THFR_NE,Hyp,S3A,3.6641600000000003,43.43485999999999,3.6661140000000003,43.437536,0.34,5,2025-09-10T08:00:00Z,2025-09-10T08:09:28Z,9,30,14,0.8405,0.3593,0.7156,0.9998,1.3968,-9.03e-4,4.53e-4,0.001424,NA,FALSE,FALSE,0.001515,0.001025,377.8795,-0.08987,-0.035241,0.573593,0.064972,0.208349,0.66278,-9.8756,-3.7006,53.7812,6.9487,27.6962,72.8589
S3A_20250910T100928_vs_HYPERNETS_20250910T101500_RHOW_R_NE.csv,THFR_NE,Hyp,S3A,3.6641600000000003,43.43485999999999,3.6661140000000003,43.437536,0.34,5,2025-09-10T08:15:00Z,2025-09-10T08:09:28Z,6,30,14,0.8864,0.3049,0.7533,1.0449,1.4492,-6.05e-4,6.43e-4,0.001543,NA,FALSE,FALSE,0.001589,0.001011,785.8909,-3.19e-4,0.098474,0.789234,0.074353,0.246388,0.789234,-0.0323,9.7414,76.811,7.3564,30.0403,78.824700000000007
S3A_20250910T100928_vs_HYPERNETS_20250910T103000_RHOW_R_NE.csv,THFR_NE,Hyp,S3A,3.6641600000000003,43.43485999999999,3.6661140000000003,43.437536,0.34,5,2025-09-10T08:30:00Z,2025-09-10T08:09:28Z,21,30,14,0.8756,0.2453,0.7439,1.0305,1.4275,-5.78e-4,6.59e-4,0.001551,NA,FALSE,FALSE,0.001577,0.001014,1714.3213,-0.010509,0.090617,0.810135,0.06475,0.247637,0.810135,-1.063,8.9389,80.4875,6.3837,31.8335,80.4875
S3A_20251007T100931_vs_HYPERNETS_20251007T094500_RHOW_R_NE.csv,THFR_NE,Hyp,S3A,3.6641600000000003,43.43485999999999,3.666112,43.436732000000006,0.26,5,2025-10-07T07:45:00Z,2025-10-07T08:09:31Z,25,30,8,0.5469,0.4647,0.4466,0.5623,0.7079,-1.73e-4,6.39e-4,0.001284,NA,TRUE,FALSE,0.003226,0.002463,1134.1351,-0.412628,-0.35147,0.062555,0.358466,0.416179,0.532744,-70.2592,-54.2309,3.4623,51.7117,63.3072,86.802
S3A_20251007T100931_vs_HYPERNETS_20251007T100000_RHOW_R_NE.csv,THFR_NE,Hyp,S3A,3.6641600000000003,43.43485999999999,3.666112,43.436732000000006,0.26,5,2025-10-07T08:00:00Z,2025-10-07T08:09:31Z,10,30,8,0.5491,0.5079,0.4474,0.565,0.7134,-2.15e-4,6.15e-4,0.001273,NA,TRUE,FALSE,0.003217,0.002473,751.8174,-0.415186,-0.356601,0.028133,0.35744,0.417665,0.511959,-70.999,-55.4252,-0.0372,53.3196,62.8917,89.6032
S3A_20251007T100931_vs_HYPERNETS_20251007T101500_RHOW_R_NE.csv,THFR_NE,Hyp,S3A,3.6641600000000003,43.43485999999999,3.666112,43.436732000000006,0.26,5,2025-10-07T08:15:00Z,2025-10-07T08:09:31Z,5,30,8,0.5543,0.4715,0.454,0.5694,0.7141,-1.14e-4,6.74e-4,0.001302,NA,TRUE,FALSE,0.003091,0.002379,1264.2401,-0.364099,-0.2887,0.459531,0.317927,0.376305,0.566161,-57.3464,-40.8753,42.7445,45.4537,60.4578,77.6482
S3A_20251007T100931_vs_HYPERNETS_20251007T103000_RHOW_R_NE.csv,THFR_NE,Hyp,S3A,3.6641600000000003,43.43485999999999,3.666112,43.436732000000006,0.26,5,2025-10-07T08:30:00Z,2025-10-07T08:09:31Z,20,30,7,0.6233,0.846,0.5701,0.6253,0.6859,-1.73e-4,1.93e-4,5.26e-4,NA,TRUE,FALSE,0.002909,0.00218,41.5986,-0.35486,-0.318626,0.011098,0.281502,0.328917,0.386644,-55.1306,-46.7622,-1.6447,37.3625,49.0128,63.045
S3A_20251015T100203_vs_HYPERNETS_20251015T094500_RHOW_R_NE.csv,THFR_NE,Hyp,S3A,3.6641600000000003,43.43485999999999,3.666292,43.437031,0.3,5,2025-10-15T07:45:00Z,2025-10-15T08:02:03Z,17,30,9,0.5255,0.5929,0.8572,1.8643,4.0546,-0.008473,0.001866,0.00662,NA,FALSE,FALSE,0.009796,0.006295,747.7127,0.075635,1.653513,5.720462,0.230908,1.653513,5.720462,7.5635,165.3513,572.0462,28.7058,165.3513,572.0462
S3A_20251015T100203_vs_HYPERNETS_20251015T100000_RHOW_R_NE.csv,THFR_NE,Hyp,S3A,3.6641600000000003,43.43485999999999,3.666292,43.437031,0.3,5,2025-10-15T08:00:00Z,2025-10-15T08:02:03Z,2,30,9,0.5579,0.6324,0.8612,1.8664,4.0448,-0.008769,0.001699,0.006528,NA,FALSE,FALSE,0.009686,0.006222,588.7051,0.071054,1.586346,5.335309,0.272969,1.586346,5.335309,7.1054,158.6346,533.5309,27.8547,158.6346,533.5309
S3A_20251015T100203_vs_HYPERNETS_20251015T101500_RHOW_R_NE.csv,THFR_NE,Hyp,S3A,3.6641600000000003,43.43485999999999,3.666292,43.437031,0.3,5,2025-10-15T08:15:00Z,2025-10-15T08:02:03Z,13,30,9,0.5768,0.6329,0.8569,1.8521,4.0029,-0.00895,0.00159,0.006467,NA,FALSE,FALSE,0.009592,0.00615,578.5359,0.058831,1.511516,5.061257,0.261534,1.511516,5.061257,5.8831,151.1516,506.1257,26.1534,151.1516,506.1257
S3A_20251015T100203_vs_HYPERNETS_20251015T103000_RHOW_R_NE.csv,THFR_NE,Hyp,S3A,3.6641600000000003,43.43485999999999,3.666292,43.437031,0.3,5,2025-10-15T08:30:00Z,2025-10-15T08:02:03Z,28,30,9,0.6309,0.3635,0.8884,1.9118,4.1143,-0.008865,0.001591,0.006449,NA,FALSE,FALSE,0.009599,0.006185,8930.1935,0.097228,1.555684,5.037625,0.105057,1.555684,5.037625,9.7228,155.5684,503.7625,11.7389,155.5684,503.7625
S3A_20251107T100548_vs_HYPERNETS_20251107T094500_RHOW_R_NE.csv,THFR_NE,Hyp,S3A,3.6641600000000003,43.43485999999999,3.666907,43.437177,0.34,5,2025-11-07T08:45:00Z,2025-11-07T09:05:48Z,21,30,13,0.9012,0.2857,0.7662,0.9581,1.1981,7.85e-4,0.001881,0.002757,NA,FALSE,TRUE,0.002133,0.00169,638.3372,0.120063,0.273847,1.362959,0.120063,0.273847,1.362959,12.0063,27.3847,136.2959,12.0063,27.3847,136.2959
S3A_20251107T100548_vs_HYPERNETS_20251107T100000_RHOW_R_NE.csv,THFR_NE,Hyp,S3A,3.6641600000000003,43.43485999999999,3.666907,43.437177,0.34,5,2025-11-07T09:00:00Z,2025-11-07T09:05:48Z,6,30,12,0.9862,0.5576,0.8395,1.0324,1.2695,4.73e-4,0.001591,0.0025,NA,FALSE,TRUE,0.002066,0.001743,98.6312,0.195295,0.329618,0.856285,0.195295,0.329618,0.856285,19.482,32.9461,83.4928,19.482,32.9461,83.4928
S3A_20251107T100548_vs_HYPERNETS_20251107T101500_RHOW_R_NE.csv,THFR_NE,Hyp,S3A,3.6641600000000003,43.43485999999999,3.666907,43.437177,0.34,5,2025-11-07T09:15:00Z,2025-11-07T09:05:48Z,9,30,13,0.9002,0.22,0.7716,0.9472,1.1626,8.16e-4,0.001824,0.002645,NA,FALSE,TRUE,0.001984,0.001577,1844.8752,0.112726,0.251283,1.043703,0.112726,0.251283,1.043703,11.2726,25.1283,104.3703,11.2726,25.1283,104.3703
S3A_20251107T100548_vs_HYPERNETS_20251107T103000_RHOW_R_NE.csv,THFR_NE,Hyp,S3A,3.6641600000000003,43.43485999999999,3.666907,43.437177,0.34,5,2025-11-07T09:30:00Z,2025-11-07T09:05:48Z,24,30,13,0.9099,0.2825,0.7825,0.9541,1.1633,8.99e-4,0.001862,0.002652,NA,FALSE,TRUE,0.002015,0.001651,693.8115,0.145542,0.287396,1.042088,0.145542,0.287396,1.042088,14.5542,28.7396,104.2088,14.5542,28.7396,104.2088
S3A_20251119T095433_vs_HYPERNETS_20251119T093000_RHOW_R_NE.csv,THFR_NE,Hyp,S3A,3.6641600000000003,43.43485999999999,3.666172,43.436914,0.28,5,2025-11-19T08:30:00Z,2025-11-19T08:54:33Z,25,30,5,19.3619,0.9764,11.2133,38.9917,135.5854,-0.01102,-0.001789,8.65e-4,NA,TRUE,FALSE,0.001945,0.001841,1937.42,13.617943,17.829491,22.70641,13.617943,17.829491,22.70641,1361.7943,1782.9491,2270.641,1361.7943,1782.9491,2270.641
S3A_20251119T095433_vs_HYPERNETS_20251119T100000_RHOW_R_NE.csv,THFR_NE,Hyp,S3A,3.6641600000000003,43.43485999999999,3.666172,43.436914,0.28,5,2025-11-19T09:00:00Z,2025-11-19T08:54:33Z,5,30,5,6.4916,0.1464,4.1762,14.9974,53.8578,-0.002801,6.17e-4,0.001569,NA,TRUE,FALSE,0.001949,0.001849,2795.6764,14.690137,18.154892,21.296302,14.690137,18.154892,21.296302,1469.0137,1815.4892,2129.6302,1469.0137,1815.4892,2129.6302
S3A_20251119T095433_vs_HYPERNETS_20251119T101500_RHOW_R_NE.csv,THFR_NE,Hyp,S3A,3.6641600000000003,43.43485999999999,3.666172,43.436914,0.28,5,2025-11-19T09:15:00Z,2025-11-19T08:54:33Z,20,30,5,1.708,-0.0092,2.395,9.2693,35.8745,-0.004674,2.29e-4,0.001495,NA,TRUE,FALSE,0.001861,0.001752,1235.8279,6.936772,7.62651,9.810882,6.936772,7.62651,9.810882,693.6772,762.651,981.0882,693.6772,762.651,981.0882
S3A_20251122T101659_vs_HYPERNETS_20251122T100000_RHOW_R_NE.csv,THFR_NE,Hyp,S3A,3.6641600000000003,43.43485999999999,3.666753,43.43747,0.36,5,2025-11-22T09:00:00Z,2025-11-22T09:16:59Z,17,30,12,0.8509,0.7029,0.7661,1.2624,2.0802,-0.00134,0.001106,0.002591,NA,FALSE,FALSE,0.003129,0.001891,148.402,0.149761,0.391993,1.45029,0.149761,0.391993,1.45029,14.9115,39.0572,122.1598,14.9115,39.0572,122.1598
S3A_20251122T101659_vs_HYPERNETS_20251122T101500_RHOW_R_NE.csv,THFR_NE,Hyp,S3A,3.6641600000000003,43.43485999999999,3.666753,43.43747,0.36,5,2025-11-22T09:15:00Z,2025-11-22T09:16:59Z,2,30,13,0.8502,0.5432,0.7644,1.2037,1.8953,-9.35e-4,0.001115,0.002417,NA,FALSE,FALSE,0.002914,0.001723,260.8087,0.073088,0.205234,2.921153,0.073088,0.205234,2.921153,7.3088,20.5234,292.1153,7.3088,20.5234,292.1153
S3A_20251122T101659_vs_HYPERNETS_20251122T103000_RHOW_R_NE.csv,THFR_NE,Hyp,S3A,3.6641600000000003,43.43485999999999,3.666753,43.43747,0.36,5,2025-11-22T09:30:00Z,2025-11-22T09:16:59Z,13,30,13,0.8252,0.3868,0.7517,1.1944,1.8977,-7.59e-4,0.001258,0.002528,NA,FALSE,FALSE,0.003022,0.001816,904.6853,0.108454,0.409934,3.334935,0.108454,0.409934,3.334935,10.8454,40.9934,333.4935,10.8454,40.9934,333.4935
S3A_20251122T101659_vs_HYPERNETS_20251122T104500_RHOW_R_NE.csv,THFR_NE,Hyp,S3A,3.6641600000000003,43.43485999999999,3.666753,43.43747,0.36,5,2025-11-22T09:45:00Z,2025-11-22T09:16:59Z,28,30,13,0.8221,0.4693,0.7349,1.152,1.8059,-9.39e-4,0.001097,0.002395,NA,FALSE,FALSE,0.002825,0.001638,397.1703,0.004309,0.134832,2.645309,0.040192,0.134832,2.645309,0.4309,13.4832,264.5309,4.1875,13.4832,264.5309
S3A_20251208T100159_vs_HYPERNETS_20251208T094500_RHOW_R_NE.csv,THFR_NE,Hyp,S3A,3.6641600000000003,43.43485999999999,3.6670770000000004,43.437472,0.37,5,2025-12-08T08:45:00Z,2025-12-08T09:01:59Z,17,30,9,-0.0061,-0.0933,-1.5764,-0.7053,-0.3156,0.004999,0.006072,0.00847,NA,TRUE,TRUE,0.003982,0.003062,32318.6262,-0.252736,0.109243,89.411707,0.252736,0.556396,89.411707,-33.8215,10.9243,8941.1707,33.8215,125.4263,8941.1707
S3A_20251208T100159_vs_HYPERNETS_20251208T100000_RHOW_R_NE.csv,THFR_NE,Hyp,S3A,3.6641600000000003,43.43485999999999,3.6670770000000004,43.437472,0.37,5,2025-12-08T09:00:00Z,2025-12-08T09:01:59Z,2,30,8,0.1212,-0.0465,0.259,0.6163,1.4662,-9.23e-4,0.001767,0.002897,NA,FALSE,FALSE,0.003347,0.002563,2483.2269,-0.270214,0.00256,24.735429,0.204215,0.449141,24.735429,-37.1699,0.0739,689.5112,26.153,86.1708,689.5112
S3A_20251208T100159_vs_HYPERNETS_20251208T101500_RHOW_R_NE.csv,THFR_NE,Hyp,S3A,3.6641600000000003,43.43485999999999,3.6670770000000004,43.437472,0.37,5,2025-12-08T09:15:00Z,2025-12-08T09:01:59Z,13,30,8,0.1176,-0.0452,0.2527,0.6013,1.4309,-9.54e-4,0.001754,0.002892,NA,FALSE,FALSE,0.003397,0.00263,1670.7989,-0.28779,-0.029447,14.629512,0.223504,0.465484,14.629512,-40.5711,-3.2283,559.74,29.3866,91.9337,559.74
S3A_20251208T100159_vs_HYPERNETS_20251208T103000_RHOW_R_NE.csv,THFR_NE,Hyp,S3A,3.6641600000000003,43.43485999999999,3.6670770000000004,43.437472,0.37,5,2025-12-08T09:30:00Z,2025-12-08T09:01:59Z,28,30,8,0.114,-0.0471,0.2469,0.5876,1.3986,-9.49e-4,0.001757,0.002893,NA,FALSE,FALSE,0.003452,0.002691,1710.4443,-0.301602,-0.04675,14.038736,0.23616,0.47896,14.038736,-43.3721,-5.071,542.4626,31.5611,96.9325,542.4626
S3A_20251231T100545_vs_HYPERNETS_20251231T094500_RHOW_R_NE.csv,THFR_NE,Hyp,S3A,3.6641600000000003,43.43485999999999,3.6666719999999997,43.436502000000004,0.27,5,2025-12-31T08:45:00Z,2025-12-31T09:05:45Z,21,30,12,0.6225,0.431,0.7016,1.2511,2.2309,-0.002089,7.5e-4,0.002342,NA,FALSE,FALSE,0.003447,0.001782,357.6338,-0.104739,0.090209,1.815546,0.105661,0.156977,1.815546,-11.6993,8.8897,180.8347,11.8145,18.4434,180.8347
S3A_20251231T100545_vs_HYPERNETS_20251231T100000_RHOW_R_NE.csv,THFR_NE,Hyp,S3A,3.6641600000000003,43.43485999999999,3.6666719999999997,43.436502000000004,0.27,5,2025-12-31T09:00:00Z,2025-12-31T09:05:45Z,6,30,14,0.4572,0.2932,0.7693,1.3492,2.3661,-0.001798,0.001036,0.002653,NA,FALSE,FALSE,0.00432,0.002456,620.3087,-0.134531,0.214811,4.954275,0.154038,0.296215,4.954275,-15.55,20.5018,449.8581,18.262,32.7828,449.8581
S3A_20251231T100545_vs_HYPERNETS_20251231T101500_RHOW_R_NE.csv,THFR_NE,Hyp,S3A,3.6641600000000003,43.43485999999999,3.6666719999999997,43.436502000000004,0.27,5,2025-12-31T09:15:00Z,2025-12-31T09:05:45Z,9,30,14,0.5022,0.2814,0.7625,1.3262,2.3066,-0.001877,9.6e-4,0.002591,NA,FALSE,FALSE,0.00419,0.00241,1029.7911,-0.148652,0.272124,5.290937,0.165519,0.372159,5.290937,-17.4636,24.7606,467.4734,19.8827,39.9547,467.4734
S3A_20251231T100545_vs_HYPERNETS_20251231T103000_RHOW_R_NE.csv,THFR_NE,Hyp,S3A,3.6641600000000003,43.43485999999999,3.6666719999999997,43.436502000000004,0.27,5,2025-12-31T09:30:00Z,2025-12-31T09:05:45Z,24,30,14,0.5264,0.3545,0.77,1.3344,2.3125,-0.002077,8.31e-4,0.002508,NA,FALSE,FALSE,0.004109,0.00238,494.2084,-0.156829,0.163424,4.525106,0.174828,0.278214,4.525106,-18.6001,15.437,406.2919,21.2682,31.9118,406.2919
S3B_20250117T094918_vs_HYPERNETS_20250117T093000_RHOW_R_NE.csv,THFR_NE,Hyp,S3B,3.6641600000000003,43.43485999999999,3.666691,43.436749,0.29,5,2025-01-17T08:30:00Z,2025-01-17T08:49:18Z,19,30,5,3.3098,0.4232,1.7048,5.5544,18.0966,-0.00662,0.002471,0.005261,NA,TRUE,FALSE,0.006061,0.005772,930.4559,7.216709,7.470744,11.828449,7.216709,7.470744,11.828449,721.6709,747.0744,1182.8449,721.6709,747.0744,1182.8449
S3B_20250117T094918_vs_HYPERNETS_20250117T094500_RHOW_R_NE.csv,THFR_NE,Hyp,S3B,3.6641600000000003,43.43485999999999,3.666494,43.436726,0.28,5,2025-01-17T08:45:00Z,2025-01-17T08:49:18Z,4,30,1,NA,NA,NA,NA,NA,NA,NA,NA,NA,NA,NA,NA,NA,NA,NA,NA,NA,NA,NA,NA,NA,NA,NA,NA,NA,NA
S3B_20250117T094918_vs_HYPERNETS_20250117T100000_RHOW_R_NE.csv,THFR_NE,Hyp,S3B,3.6641600000000003,43.43485999999999,3.6671650000000002,43.436803999999995,0.33,5,2025-01-17T09:00:00Z,2025-01-17T08:49:18Z,11,30,1,NA,NA,NA,NA,NA,NA,NA,NA,NA,NA,NA,NA,NA,NA,NA,NA,NA,NA,NA,NA,NA,NA,NA,NA,NA,NA
S3B_20250117T094918_vs_HYPERNETS_20250117T101500_RHOW_R_NE.csv,THFR_NE,Hyp,S3B,3.6641600000000003,43.43485999999999,3.666782,43.436759,0.3,5,2025-01-17T09:15:00Z,2025-01-17T08:49:18Z,26,30,3,-306.5965,-0.4891,-7697.1365,-430.3145,-24.0571,0.005932,0.009222,0.068073,NA,TRUE,TRUE,0.005963,0.005729,90905.7532,656.439073,1018.018065,1216.156257,656.439073,1018.018065,1216.156257,54807.8106,101801.8065,119992.0735,54807.8106,101801.8065,119992.0735
S3B_20250601T094927_vs_HYPERNETS_20250601T093000_RHOW_R_NE.csv,THFR_NE,Hyp,S3B,3.6641600000000003,43.43485999999999,3.666267,43.436673,0.26,5,2025-06-01T07:30:00Z,2025-06-01T07:49:27Z,19,30,6,-0.0466,0.0086,-0.9344,-0.3044,-0.0992,0.003896,0.004238,0.00529,NA,TRUE,TRUE,0.004179,0.003989,1790.8898,18.01003,18.932854,19.98675,18.01003,18.932854,19.98675,1800.505,1893.2192,1998.0318,1800.505,1893.2192,1998.0318
S3B_20250601T094927_vs_HYPERNETS_20250601T094500_RHOW_R_NE.csv,THFR_NE,Hyp,S3B,3.6641600000000003,43.43485999999999,3.666267,43.436673,0.26,5,2025-06-01T07:45:00Z,2025-06-01T07:49:27Z,4,30,6,-0.048,0.0139,-0.9756,-0.3178,-0.1035,0.003895,0.004236,0.005283,NA,TRUE,TRUE,0.004101,0.003936,2106.4075,19.178792,20.408617,22.053219,19.178792,20.408617,22.053219,1917.7634,2039.1584,2204.8627,1917.7634,2039.1584,2204.8627
S3B_20250601T094927_vs_HYPERNETS_20250601T100000_RHOW_R_NE.csv,THFR_NE,Hyp,S3B,3.6641600000000003,43.43485999999999,3.666267,43.436673,0.26,5,2025-06-01T08:00:00Z,2025-06-01T07:49:27Z,11,30,6,-0.0456,0.0162,-0.9648,-0.314,-0.1022,0.0039,0.004253,0.005338,NA,TRUE,TRUE,0.004089,0.003914,1593.1427,13.351398,14.916859,15.728842,13.351398,14.916859,15.728842,1334.2754,1490.184,1572.8696,1334.2754,1490.184,1572.8696
S3B_20250601T094927_vs_HYPERNETS_20250601T101500_RHOW_R_NE.csv,THFR_NE,Hyp,S3B,3.6641600000000003,43.43485999999999,3.666267,43.436673,0.26,5,2025-06-01T08:15:00Z,2025-06-01T07:49:27Z,26,30,5,-0.0639,-0.0021,-1.2942,-0.3348,-0.0866,0.003956,0.004415,0.006187,NA,TRUE,TRUE,0.00415,0.00398,1447.5582,14.847873,18.038369,18.466029,14.847873,18.038369,18.466029,1484.7873,1803.8369,1846.6029,1484.7873,1803.8369,1846.6029
S3B_20250620T095659_vs_HYPERNETS_20250620T093000_RHOW_R_NE.csv,THFR_NE,Hyp,S3B,3.6641600000000003,43.43485999999999,3.6655510000000002,43.436282999999996,0.19,5,2025-06-20T07:30:00Z,2025-06-20T07:56:59Z,27,30,8,0.1171,0.0841,0.1491,0.3448,0.797,7.61e-4,0.002362,0.003054,NA,TRUE,TRUE,0.004089,0.00384,1457.288,-0.463248,10.906282,13.427635,0.674,10.906282,13.427635,-88.785,1086.4254,1339.8529,208.9141,1086.4254,1339.8529
S3B_20250620T095659_vs_HYPERNETS_20250620T094500_RHOW_R_NE.csv,THFR_NE,Hyp,S3B,3.6641600000000003,43.43485999999999,3.6655510000000002,43.436282999999996,0.19,5,2025-06-20T07:45:00Z,2025-06-20T07:56:59Z,12,30,8,0.1171,0.0906,0.1494,0.3453,0.7984,7.33e-4,0.002349,0.003049,NA,TRUE,TRUE,0.004082,0.003828,1053.599,-0.46275,10.148182,11.16557,0.675929,10.148182,11.16557,-88.6966,1014.7595,1113.91,210.7807,1014.7595,1113.91
S3B_20250620T095659_vs_HYPERNETS_20250620T100000_RHOW_R_NE.csv,THFR_NE,Hyp,S3B,3.6641600000000003,43.43485999999999,3.6655510000000002,43.436282999999996,0.19,5,2025-06-20T08:00:00Z,2025-06-20T07:56:59Z,3,30,8,0.1159,0.0901,0.1496,0.3462,0.8013,7.2e-4,0.002345,0.003047,NA,TRUE,TRUE,0.004079,0.003822,1085.461,-0.459491,9.588375,11.105189,0.677809,9.588375,11.105189,-87.6694,953.7771,1110.2726,212.71,953.7771,1110.2726
S3B_20250620T095659_vs_HYPERNETS_20250620T101500_RHOW_R_NE.csv,THFR_NE,Hyp,S3B,3.6641600000000003,43.43485999999999,3.6655510000000002,43.436282999999996,0.19,5,2025-06-20T08:15:00Z,2025-06-20T07:56:59Z,18,30,8,0.1162,0.0893,0.1508,0.3492,0.8086,7.03e-4,0.002339,0.003045,NA,TRUE,TRUE,0.004048,0.003794,1504.2569,-0.453438,9.099981,10.178472,0.677563,9.099981,10.178472,-85.6983,906.0074,1017.6827,212.5598,906.0074,1017.6827
S3B_20250624T095315_vs_HYPERNETS_20250624T093000_RHOW_R_NE.csv,THFR_NE,Hyp,S3B,3.6641600000000003,43.43485999999999,3.669215,43.436735000000006,0.46,5,2025-06-24T07:30:00Z,2025-06-24T07:53:15Z,23,30,6,1.0797,0.4641,0.865,1.0961,1.3888,0.001424,0.002027,0.002503,NA,FALSE,TRUE,0.00236,0.002225,678.9866,3.219533,5.23874,5.710334,3.219533,5.23874,5.710334,312.9289,522.6326,571.0181,312.9289,522.6326,571.0181
S3B_20250624T095315_vs_HYPERNETS_20250624T094500_RHOW_R_NE.csv,THFR_NE,Hyp,S3B,3.6641600000000003,43.43485999999999,3.669215,43.436735000000006,0.46,5,2025-06-24T07:45:00Z,2025-06-24T07:53:15Z,8,30,6,1.0963,0.4412,0.8796,1.1127,1.4075,0.001464,0.002054,0.002521,NA,FALSE,TRUE,0.002419,0.00228,822.6818,3.796303,5.719138,6.067661,3.796303,5.719138,6.067661,371.4264,571.3226,606.7556,371.4264,571.3226,606.7556
S3B_20250624T095315_vs_HYPERNETS_20250624T100000_RHOW_R_NE.csv,THFR_NE,Hyp,S3B,3.6641600000000003,43.43485999999999,3.669215,43.436735000000006,0.46,5,2025-06-24T08:00:00Z,2025-06-24T07:53:15Z,7,30,6,1.0808,0.4434,0.8633,1.0976,1.3955,0.001401,0.002017,0.002501,NA,FALSE,TRUE,0.002358,0.002218,729.0726,2.925159,4.943901,5.631254,2.925159,4.943901,5.631254,283.3374,492.8142,562.9594,283.3374,492.8142,562.9594
S3B_20250624T095315_vs_HYPERNETS_20250624T101500_RHOW_R_NE.csv,THFR_NE,Hyp,S3B,3.6641600000000003,43.43485999999999,3.669215,43.436735000000006,0.46,5,2025-06-24T08:15:00Z,2025-06-24T07:53:15Z,22,30,6,1.0857,0.3375,0.8688,1.1024,1.3987,0.001572,0.002147,0.002599,NA,FALSE,TRUE,0.002478,0.002345,2036.4511,5.414277,7.799439,8.184735,5.414277,7.799439,8.184735,530.0541,779.8191,818.3703,530.0541,779.8191,818.3703
S3B_20250627T101542_vs_HYPERNETS_20250627T100000_RHOW_R_NE.csv,THFR_NE,Hyp,S3B,3.6641600000000003,43.43485999999999,3.6669140000000002,43.437265999999994,0.35,5,2025-06-27T08:00:00Z,2025-06-27T08:15:42Z,16,30,13,0.4579,0.2578,0.3897,0.5785,0.859,-0.001429,-1.5e-4,7.11e-4,NA,TRUE,FALSE,0.003605,0.002671,1315.7959,-0.527145,-0.439626,0.00221,0.326676,0.469447,0.537465,-111.4813,-78.4522,0.221,43.3258,88.4826,116.1999
S3B_20250627T101542_vs_HYPERNETS_20250627T101500_RHOW_R_NE.csv,THFR_NE,Hyp,S3B,3.6641600000000003,43.43485999999999,3.6669140000000002,43.437265999999994,0.35,5,2025-06-27T08:15:00Z,2025-06-27T08:15:42Z,1,30,13,0.461,0.3754,0.3918,0.5804,0.8599,-0.001385,-1.26e-4,7.23e-4,NA,TRUE,FALSE,0.003554,0.002603,364.1277,-0.510537,-0.427868,-0.075248,0.326208,0.442799,0.51803,-104.3053,-74.7847,-8.1371,41.9896,79.4685,107.4816
S3B_20250627T101542_vs_HYPERNETS_20250627T103000_RHOW_R_NE.csv,THFR_NE,Hyp,S3B,3.6641600000000003,43.43485999999999,3.6669140000000002,43.437265999999994,0.35,5,2025-06-27T08:30:00Z,2025-06-27T08:15:42Z,14,30,13,0.4671,0.3457,0.3985,0.5942,0.8859,-0.001491,-1.81e-4,6.98e-4,NA,TRUE,FALSE,0.003502,0.00258,464.7174,-0.519091,-0.430107,-0.101306,0.345014,0.454716,0.523429,-107.9394,-75.4715,-11.2726,44.214,83.3908,109.8325
S3B_20250627T101542_vs_HYPERNETS_20250627T104500_RHOW_R_NE.csv,THFR_NE,Hyp,S3B,3.6641600000000003,43.43485999999999,3.6669140000000002,43.437265999999994,0.35,5,2025-06-27T08:45:00Z,2025-06-27T08:15:42Z,29,30,13,0.4758,0.3248,0.4071,0.6096,0.9129,-0.00152,-1.89e-4,7.01e-4,NA,TRUE,FALSE,0.003388,0.002495,601.2159,-0.511958,-0.419289,-0.022432,0.283117,0.449243,0.518103,-104.9002,-72.2028,-2.2946,39.4928,81.5683,107.5134
S3B_20250705T100815_vs_HYPERNETS_20250705T094500_RHOW_R_NE.csv,THFR_NE,Hyp,S3B,3.6641600000000003,43.43485999999999,3.666539,43.436833,0.29,5,2025-07-05T07:45:00Z,2025-07-05T08:08:15Z,23,30,8,0.3443,0.2373,0.249,0.4713,0.8921,-5.6e-4,0.001106,0.001986,NA,TRUE,FALSE,0.003661,0.003086,363.5698,-0.399061,4.521473,4.800809,0.754853,4.521473,4.800809,-71.7206,452.1473,480.0774,322.693,452.1473,480.0774
S3B_20250705T100815_vs_HYPERNETS_20250705T100000_RHOW_R_NE.csv,THFR_NE,Hyp,S3B,3.6641600000000003,43.43485999999999,3.666539,43.436833,0.29,5,2025-07-05T08:00:00Z,2025-07-05T08:08:15Z,8,30,8,0.3471,0.223,0.2513,0.4766,0.9039,-5.36e-4,0.001122,0.001996,NA,TRUE,FALSE,0.003601,0.00306,535.546,-0.389216,4.988196,5.686835,0.751985,4.988196,5.686835,-69.0414,498.6168,568.62,317.8089,498.6168,568.62
S3B_20250705T100815_vs_HYPERNETS_20250705T101500_RHOW_R_NE.csv,THFR_NE,Hyp,S3B,3.6641600000000003,43.43485999999999,3.666539,43.436833,0.29,5,2025-07-05T08:15:00Z,2025-07-05T08:08:15Z,7,30,8,0.3504,0.2521,0.2531,0.478,0.9025,-6.16e-4,0.001071,0.001965,NA,TRUE,FALSE,0.0036,0.003016,300.3032,-0.394918,3.526136,3.760585,0.753139,3.526136,3.760585,-70.497,352.5621,375.9537,292.9545,364.8116,388.6866
S3B_20250705T100815_vs_HYPERNETS_20250705T103000_RHOW_R_NE.csv,THFR_NE,Hyp,S3B,3.6641600000000003,43.43485999999999,3.666539,43.436833,0.29,5,2025-07-05T08:30:00Z,2025-07-05T08:08:15Z,22,30,8,0.3402,0.2523,0.2449,0.4592,0.8612,-5.78e-4,0.001079,0.001962,NA,TRUE,FALSE,0.003787,0.003146,294.8244,-0.421218,3.343829,3.739612,0.759957,3.343829,3.739612,-77.9651,334.2889,373.7533,282.2719,354.4543,398.9537
S3B_20250717T095702_vs_HYPERNETS_20250717T093000_RHOW_R_NE.csv,THFR_NE,Hyp,S3B,3.6641600000000003,43.43485999999999,3.6659900000000003,43.436468,0.23,5,2025-07-17T07:30:00Z,2025-07-17T07:57:02Z,27,30,3,-7.8948,-0.3382,-52.4029,-8.1472,-1.2667,0.003849,0.005472,0.01591,NA,TRUE,TRUE,0.003501,0.003314,3117.0476,7.835377,8.09866,42.969668,7.835377,8.09866,42.969668,783.1453,809.866,2578.3288,783.1453,809.866,2578.3288
S3B_20250717T095702_vs_HYPERNETS_20250717T094500_RHOW_R_NE.csv,THFR_NE,Hyp,S3B,3.6641600000000003,43.43485999999999,3.6659900000000003,43.436468,0.23,5,2025-07-17T07:45:00Z,2025-07-17T07:57:02Z,12,30,3,-7.409,-0.3223,-48.1435,-7.6357,-1.2111,0.003847,0.005424,0.015362,NA,TRUE,TRUE,0.003495,0.003305,3186.2316,7.432287,7.673578,44.197975,7.432287,7.673578,44.197975,742.8834,767.3578,2562.3774,742.8834,767.3578,2562.3774
S3B_20250717T095702_vs_HYPERNETS_20250717T100000_RHOW_R_NE.csv,THFR_NE,Hyp,S3B,3.6641600000000003,43.43485999999999,3.6659900000000003,43.436468,0.23,5,2025-07-17T08:00:00Z,2025-07-17T07:57:02Z,3,30,3,-6.2429,-0.233,-21.5468,-6.2909,-1.8367,0.004028,0.005188,0.009159,NA,TRUE,TRUE,0.003491,0.00329,5291.8699,6.604346,6.815248,76.181327,6.604346,6.815248,76.181327,660.1421,681.5248,3284.2346,660.1421,681.5248,3284.2346
S3B_20250717T095702_vs_HYPERNETS_20250717T101500_RHOW_R_NE.csv,THFR_NE,Hyp,S3B,3.6641600000000003,43.43485999999999,3.6659900000000003,43.436468,0.23,5,2025-07-17T08:15:00Z,2025-07-17T07:57:02Z,18,30,3,-6.1266,-0.4233,-23.2799,-6.1855,-1.6435,0.004136,0.0057539999999999996,0.011846,NA,TRUE,TRUE,0.003401,0.003194,1614.0417,5.024733,5.171519,21.771652,5.024733,5.171519,21.771652,502.2945,517.1519,1458.7934,502.2945,517.1519,1458.7934
S3B_20250805T100431_vs_HYPERNETS_20250805T094500_RHOW_R_NE.csv,THFR_NE,Hyp,S3B,3.6641600000000003,43.43485999999999,3.6673810000000007,43.436811,0.34,5,2025-08-05T07:45:00Z,2025-08-05T08:04:31Z,20,30,9,0.6552,0.4873,0.5729,1.1242,2.2057,-0.003,0.00149,0.003779,NA,FALSE,FALSE,0.003745,0.002577,474.4078,-0.113516,0.315908,1.864838,0.127707,0.315908,1.864838,-12.8052,31.5908,186.4838,14.6404,31.5908,186.4838
S3B_20250805T100431_vs_HYPERNETS_20250805T100000_RHOW_R_NE.csv,THFR_NE,Hyp,S3B,3.6641600000000003,43.43485999999999,3.6673810000000007,43.436811,0.34,5,2025-08-05T08:00:00Z,2025-08-05T08:04:31Z,5,30,9,0.6776,0.4136,0.5827,1.1346,2.2093,-0.002951,0.00148,0.003756,NA,FALSE,FALSE,0.003706,0.002522,876.0574,-0.07855,0.307264,2.00015,0.103705,0.307264,2.00015,-8.5246,30.7264,200.015,11.5704,30.7264,200.015
S3B_20250805T100431_vs_HYPERNETS_20250805T101500_RHOW_R_NE.csv,THFR_NE,Hyp,S3B,3.6641600000000003,43.43485999999999,3.6673810000000007,43.436811,0.34,5,2025-08-05T08:15:00Z,2025-08-05T08:04:31Z,10,30,9,0.7005,0.461,0.582,1.1129,2.1278,-0.003195,0.001266,0.003599,NA,FALSE,FALSE,0.003474,0.002439,540.3433,-0.139803,0.21357400000000001,1.477407,0.143573,0.286858,1.477407,-16.2524,21.3574,147.7407,16.7642,40.2245,147.7407
S3B_20250805T100431_vs_HYPERNETS_20250805T103000_RHOW_R_NE.csv,THFR_NE,Hyp,S3B,3.6641600000000003,43.43485999999999,3.6673810000000007,43.436811,0.34,5,2025-08-05T08:30:00Z,2025-08-05T08:04:31Z,25,30,9,0.7109,0.2986,0.589,1.1243,2.146,-0.003027,0.001346,0.003637,NA,FALSE,FALSE,0.003515,0.002426,2930.1772,-0.103663,0.243642,1.653464,0.119221,0.243642,1.653464,-11.5652,24.3642,165.3464,13.5359,24.3642,165.3464
S3B_20250809T100047_vs_HYPERNETS_20250809T094500_RHOW_R_NE.csv,THFR_NE,Hyp,S3B,3.6641600000000003,43.43485999999999,3.6670990000000003,43.436592000000005,0.31,5,2025-08-09T07:45:00Z,2025-08-09T08:00:47Z,16,30,3,-4.8073,-0.4316,-54.1543,-5.2504,-0.509,0.003103,0.005024,0.024831,NA,TRUE,TRUE,0.002822,0.002492,1580.8366,2.921358,4.01086,22.796621,2.921358,4.01086,22.796621,276.6966,401.086,1360.7338,276.6966,401.086,1360.7338
S3B_20250809T100047_vs_HYPERNETS_20250809T100000_RHOW_R_NE.csv,THFR_NE,Hyp,S3B,3.6641600000000003,43.43485999999999,3.6670990000000003,43.436592000000005,0.31,5,2025-08-09T08:00:00Z,2025-08-09T08:00:47Z,1,30,3,-5.0152,-0.2607,-56.2616,-5.4737,-0.5325,0.003067,0.004642,0.020833,NA,TRUE,TRUE,0.002895,0.002578,5365.579,3.705366,5.02337,79.290003,3.705366,5.02337,79.290003,351.7006,502.337,2951.1503,351.7006,502.337,2951.1503
S3B_20250809T100047_vs_HYPERNETS_20250809T101500_RHOW_R_NE.csv,THFR_NE,Hyp,S3B,3.6641600000000003,43.43485999999999,3.6670990000000003,43.436592000000005,0.31,5,2025-08-09T08:15:00Z,2025-08-09T08:00:47Z,14,30,3,-4.6397,-0.4461,-52.7544,-5.0751,-0.4882,0.003106,0.005063,0.025406,NA,TRUE,TRUE,0.002806,0.002471,1428.5765,2.738706,3.771367,20.575625,2.738706,3.771367,20.575625,259.3263,377.1367,1253.2351,259.3263,377.1367,1253.2351
S3B_20250809T100047_vs_HYPERNETS_20250809T103000_RHOW_R_NE.csv,THFR_NE,Hyp,S3B,3.6641600000000003,43.43485999999999,3.6670990000000003,43.436592000000005,0.31,5,2025-08-09T08:30:00Z,2025-08-09T08:00:47Z,29,30,3,-4.8886,-0.4412,-50.8455,-5.2741,-0.5471,0.003119,0.005036,0.023518,NA,TRUE,TRUE,0.002822,0.002492,1551.6174,2.939612,4.083471,22.376384,2.939612,4.083471,22.376384,276.9898,408.3471,1355.4198,276.9898,408.3471,1355.4198
S3B_20250812T102313_vs_HYPERNETS_20250812T100000_RHOW_R_NE.csv,THFR_NE,Hyp,S3B,3.6641600000000003,43.43485999999999,3.666487,43.43641,0.26,5,2025-08-12T08:00:00Z,2025-08-12T08:23:13Z,23,30,2,0.2461,0.7567,NA,0.2461,NA,NA,1.38e-4,NA,NA,NA,NA,0.005609,0.004059,58.7728,-0.664387,-0.587728,-0.511069,0.511069,0.587728,0.664387,-217.6568,-161.2993,-114.9405,114.9405,161.2993,217.6568
S3B_20250812T102313_vs_HYPERNETS_20250812T101500_RHOW_R_NE.csv,THFR_NE,Hyp,S3B,3.6641600000000003,43.43485999999999,3.666487,43.43641,0.26,5,2025-08-12T08:15:00Z,2025-08-12T08:23:13Z,8,30,3,0.1738,0.1783,0.0145,0.212,3.1017,-0.010125,7.45e-4,0.001488,NA,FALSE,FALSE,0.004634,0.003236,628.9187,-0.649186,-0.5587,8.505244,0.649186,0.739672,9.15443,-195.0344,-126.6033,186.2617,195.0344,284.1307,744.5706
S3B_20250812T102313_vs_HYPERNETS_20250812T103000_RHOW_R_NE.csv,THFR_NE,Hyp,S3B,3.6641600000000003,43.43485999999999,3.666487,43.43641,0.26,5,2025-08-12T08:30:00Z,2025-08-12T08:23:13Z,7,30,3,0.1729,0.1515,0.0144,0.2115,3.1101,-0.010203,7.44e-4,0.001488,NA,FALSE,FALSE,0.004654,0.003262,778.0285,-0.660771,-0.581097,10.719109,0.660771,0.740446,11.37988,-203.2697,-138.7186,210.5297,203.2697,285.2758,841.7423
S3B_20250812T102313_vs_HYPERNETS_20250812T104500_RHOW_R_NE.csv,THFR_NE,Hyp,S3B,3.6641600000000003,43.43485999999999,3.666487,43.43641,0.26,5,2025-08-12T08:45:00Z,2025-08-12T08:23:13Z,22,30,3,0.1783,0.0932,0.0149,0.2175,3.1798,-0.009924,7.58e-4,0.001489,NA,FALSE,FALSE,0.004454,0.003122,2230.3046,-0.609265,-0.487114,32.601747,0.609265,0.731416,33.211012,-169.4325,-94.9752,484.8475,169.4325,272.3237,1475.7694
S3B_20250831T103044_vs_HYPERNETS_20250831T101500_RHOW_R_NE.csv,THFR_NE,Hyp,S3B,3.6641600000000003,43.43485999999999,3.666739,43.436473,0.28,5,2025-08-31T08:15:00Z,2025-08-31T08:30:44Z,16,30,3,0.1214,0.1179,0.0109,0.2385,5.2274,-0.014907,9.14e-4,0.001636,NA,FALSE,FALSE,0.004027,0.002986,839.7682,-0.519148,-0.306087,11.924332,0.519148,0.732209,12.44348,-131.9794,-44.1103,317.7943,131.9794,273.4255,869.1969
S3B_20250831T103044_vs_HYPERNETS_20250831T103000_RHOW_R_NE.csv,THFR_NE,Hyp,S3B,3.6641600000000003,43.43485999999999,3.666739,43.436473,0.28,5,2025-08-31T08:30:00Z,2025-08-31T08:30:44Z,1,30,3,0.119,0.1017,0.0107,0.2357,5.1798,-0.015055,9.09e-4,0.001636,NA,FALSE,FALSE,0.004097,0.003045,862.6561,-0.559007,-0.382101,12.189783,0.559007,0.735913,12.74879,-147.5528,-61.8388,298.9749,147.5528,278.663,887.6736
S3B_20250831T103044_vs_HYPERNETS_20250831T104500_RHOW_R_NE.csv,THFR_NE,Hyp,S3B,3.6641600000000003,43.43485999999999,3.666739,43.436473,0.28,5,2025-08-31T08:45:00Z,2025-08-31T08:30:44Z,14,30,3,0.1197,0.0547,0.0108,0.2367,5.2007,-0.014794,9.21e-4,0.001636,NA,FALSE,FALSE,0.004057,0.003013,1787.7321,-0.514885,-0.296446,26.152873,0.514885,0.733324,26.667758,-130.8658,-42.1355,514.1013,130.8658,274.9875,1317.7501
S3B_20250831T103044_vs_HYPERNETS_20250831T110000_RHOW_R_NE.csv,THFR_NE,Hyp,S3B,3.6641600000000003,43.43485999999999,3.666739,43.436473,0.28,5,2025-08-31T09:00:00Z,2025-08-31T08:30:44Z,29,30,3,0.1267,0.0022,0.0114,0.2519,5.5457,-0.014762,9.24e-4,0.001636,NA,FALSE,FALSE,0.003758,0.002829,5391.557,-0.487904,-0.260043,80.25543,0.487904,0.715764,80.743334,-118.0506,-35.1431,994.0907,118.0506,251.8202,2285.6711
S3B_20250912T101927_vs_HYPERNETS_20250912T100000_RHOW_R_NE.csv,THFR_NE,Hyp,S3B,3.6641600000000003,43.43485999999999,3.6670670000000003,43.437076999999995,0.34,5,2025-09-12T08:00:00Z,2025-09-12T08:19:27Z,19,30,12,1.4458,0.9631,1.7499,3.1616,5.7122,-0.013796,-0.003024,0.002939,NA,TRUE,FALSE,0.011414,0.006669,198.3198,-0.204692,0.588953,2.929598,0.301713,0.623613,2.929598,-25.9154,58.2126,271.2169,42.6616,88.4483,271.2169
S3B_20250912T101927_vs_HYPERNETS_20250912T103000_RHOW_R_NE.csv,THFR_NE,Hyp,S3B,3.6641600000000003,43.43485999999999,3.6670670000000003,43.437076999999995,0.34,5,2025-09-12T08:30:00Z,2025-09-12T08:19:27Z,11,30,12,1.5121,0.906,1.8356,3.3181,5.9977,-0.012999,-0.002576,0.00319,NA,TRUE,FALSE,0.011623,0.006741,234.2454,-0.082526,0.699019,3.337459,0.121782,0.699019,3.337459,-9.0052,69.0817,311.1104,13.8745,78.739,311.1104
S3B_20250912T101927_vs_HYPERNETS_20250912T104500_RHOW_R_NE.csv,THFR_NE,Hyp,S3B,3.6641600000000003,43.43485999999999,3.6670670000000003,43.437076999999995,0.34,5,2025-09-12T08:45:00Z,2025-09-12T08:19:27Z,26,30,12,1.4935,0.9625,1.97,3.6034,6.5911,-0.012253,-0.002016,0.00358,NA,TRUE,FALSE,0.012033,0.006964,252.8732,0.050104,0.870176,4.131469,0.173136,0.870176,4.131469,4.9952,86.0217,409.9151,17.1246,86.0217,409.9151
S3B_20250917T094933_vs_HYPERNETS_20250917T093000_RHOW_R_NE.csv,THFR_NE,Hyp,S3B,3.6641600000000003,43.43485999999999,3.6677900000000005,43.437205,0.39,5,2025-09-17T07:30:00Z,2025-09-17T07:49:33Z,20,30,6,-0.9702,-0.3488,-2.9581,-1.2969,-0.5686,0.009597,0.010701,0.01322,NA,TRUE,TRUE,0.009695,0.009228,6682.2647,41.149174,44.21039,48.929305,41.149174,44.21039,48.929305,4114.7845,4414.2343,4891.2221,4114.7845,4414.2343,4891.2221
S3B_20250917T094933_vs_HYPERNETS_20250917T094500_RHOW_R_NE.csv,THFR_NE,Hyp,S3B,3.6641600000000003,43.43485999999999,3.6677900000000005,43.437205,0.39,5,2025-09-17T07:45:00Z,2025-09-17T07:49:33Z,5,30,6,-0.9571,-0.3743,-2.9191,-1.2796,-0.5609,0.009623,0.010762,0.013359,NA,TRUE,TRUE,0.009669,0.009213,4773.0573,31.006587,35.228849,38.567072,31.006587,35.228849,38.567072,3098.9608,3514.9659,3856.3277,3098.9608,3514.9659,3856.3277
S3B_20250917T094933_vs_HYPERNETS_20250917T100000_RHOW_R_NE.csv,THFR_NE,Hyp,S3B,3.6641600000000003,43.43485999999999,3.6677900000000005,43.437205,0.39,5,2025-09-17T08:00:00Z,2025-09-17T07:49:33Z,10,30,6,-0.9411,-0.3393,-2.8716,-1.2586,-0.5516,0.009612,0.010737,0.013303,NA,TRUE,TRUE,0.009696,0.009246,6804.3909,33.068766,37.163076,40.837057,33.068766,37.163076,40.837057,3303.6731,3713.3859,4081.7653,3303.6731,3713.3859,4081.7653
S3B_20250917T094933_vs_HYPERNETS_20250917T101500_RHOW_R_NE.csv,THFR_NE,Hyp,S3B,3.6641600000000003,43.43485999999999,3.6677900000000005,43.437205,0.39,5,2025-09-17T08:15:00Z,2025-09-17T07:49:33Z,25,30,6,-0.9454,-0.3274,-2.8879,-1.2651,-0.5542,0.009607,0.010725,0.01328,NA,TRUE,TRUE,0.009698,0.009246,7761.6586,34.551078,40.392055,42.226438,34.551078,40.392055,42.226438,3441.3711,4039.1309,4221.6579,3441.3711,4039.1309,4221.6579
S3B_20250927T103041_vs_HYPERNETS_20250927T101500_RHOW_R_NE.csv,THFR_NE,Hyp,S3B,3.6641600000000003,43.43485999999999,3.6669970000000003,43.43682,0.32,5,2025-09-27T08:15:00Z,2025-09-27T08:30:41Z,16,30,6,0.1256,0.1249,0.0757,0.1854,0.4541,8.19e-4,0.00132,0.001525,NA,TRUE,TRUE,0.003345,0.002325,1228.2523,4.619141,4.740034,5.129083,4.619141,4.740034,5.129083,461.9105,473.9388,512.653,461.9105,473.9388,512.653
S3B_20250927T103041_vs_HYPERNETS_20250927T103000_RHOW_R_NE.csv,THFR_NE,Hyp,S3B,3.6641600000000003,43.43485999999999,3.6669970000000003,43.43682,0.32,5,2025-09-27T08:30:00Z,2025-09-27T08:30:41Z,1,30,6,0.1199,0.1104,0.0722,0.1772,0.4346,8.03e-4,0.001315,0.001523,NA,TRUE,TRUE,0.003527,0.002374,1237.1938,3.498683,3.577737,3.889409,3.498683,3.577737,3.889409,349.849,357.7732,388.6145,349.849,357.7732,388.6145
S3B_20250927T103041_vs_HYPERNETS_20250927T104500_RHOW_R_NE.csv,THFR_NE,Hyp,S3B,3.6641600000000003,43.43485999999999,3.6669970000000003,43.43682,0.32,5,2025-09-27T08:45:00Z,2025-09-27T08:30:41Z,14,30,6,0.1207,0.1565,0.0727,0.1783,0.4373,7.82e-4,0.001306,0.001519,NA,TRUE,TRUE,0.003505,0.002331,556.0898,2.410669,2.976075,3.394105,2.410669,2.976075,3.394105,240.3765,297.1979,339.191,283.4767,305.4306,339.191
S3B_20250927T103041_vs_HYPERNETS_20250927T110000_RHOW_R_NE.csv,THFR_NE,Hyp,S3B,3.6641600000000003,43.43485999999999,3.6669970000000003,43.43682,0.32,5,2025-09-27T09:00:00Z,2025-09-27T08:30:41Z,29,30,6,0.1199,0.1326,0.0724,0.178,0.4376,7.52e-4,0.001295,0.001515,NA,TRUE,TRUE,0.003522,0.002291,581.1606,1.715512,2.104143,2.448758,1.715512,2.104143,2.448758,171.2841,209.9124,244.7361,201.2185,239.0853,285.8425
S3B_20251005T102308_vs_HYPERNETS_20251005T101500_RHOW_R_NE.csv,THFR_NE,Hyp,S3B,3.6641600000000003,43.43485999999999,3.667644,43.436411,0.33,5,2025-10-05T08:15:00Z,2025-10-05T08:23:08Z,8,30,11,0.674,0.7053,0.7978,1.4994,2.8177,-0.005784,-1.4e-4,0.002864,NA,FALSE,FALSE,0.005627,0.003499,352.8518,-0.224854,-0.023824,1.731073,0.188188,0.392142,1.731073,-29.524,-2.4406,150.323,20.2414,63.901,201.5675
S3B_20251005T102308_vs_HYPERNETS_20251005T103000_RHOW_R_NE.csv,THFR_NE,Hyp,S3B,3.6641600000000003,43.43485999999999,3.667644,43.436411,0.33,5,2025-10-05T08:30:00Z,2025-10-05T08:23:08Z,7,30,11,0.6801,0.7969,0.8053,1.5134,2.8443,-0.005958,-2.32e-4,0.002815,NA,FALSE,FALSE,0.005612,0.003494,227.3517,-0.272256,-0.025878,1.724717,0.146122,0.568361,1.724717,-39.2505,-2.6565,150.033,17.1182,64.1927,201.4817
S3B_20251005T102308_vs_HYPERNETS_20251005T104500_RHOW_R_NE.csv,THFR_NE,Hyp,S3B,3.6641600000000003,43.43485999999999,3.667644,43.436411,0.33,5,2025-10-05T08:45:00Z,2025-10-05T08:23:08Z,22,30,11,0.7271,0.7814,0.8051,1.4945,2.7741,-0.006183,-4.34e-4,0.002663,NA,FALSE,FALSE,0.00541,0.003427,240.3721,-0.319774,-0.051129,1.467538,0.206349,0.526848,1.514584,-47.9187,-5.3884,128.1194,26.1458,65.3055,199.8547
S3B_20251006T095658_vs_HYPERNETS_20251006T094500_RHOW_R_NE.csv,THFR_NE,Hyp,S3B,3.6641600000000003,43.43485999999999,3.66672,43.437048,0.32,5,2025-10-06T07:45:00Z,2025-10-06T07:56:58Z,12,30,8,0.3376,0.0624,0.2681,0.5545,1.1468,0.003682,0.005343,0.006146,NA,FALSE,TRUE,0.005304,0.004423,2533.5955,1.117065,23.12117,28.564537,1.151945,23.12117,28.564537,97.5429,2262.1583,2856.4535,104.955,2262.1583,2856.4535
S3B_20251006T095658_vs_HYPERNETS_20251006T100000_RHOW_R_NE.csv,THFR_NE,Hyp,S3B,3.6641600000000003,43.43485999999999,3.66672,43.437048,0.32,5,2025-10-06T08:00:00Z,2025-10-06T07:56:58Z,3,30,8,0.337,0.0553,0.268,0.5547,1.1483,0.003663,0.005335,0.006143,NA,FALSE,TRUE,0.005296,0.004416,3008.9438,1.088609,20.372601,26.587094,1.12407,20.372601,26.587094,95.3306,2000.7468,2656.5269,102.8022,2000.7468,2656.5269
S3B_20251006T095658_vs_HYPERNETS_20251006T101500_RHOW_R_NE.csv,THFR_NE,Hyp,S3B,3.6641600000000003,43.43485999999999,3.66672,43.437048,0.32,5,2025-10-06T08:15:00Z,2025-10-06T07:56:58Z,18,30,7,0.3843,0.0911,0.2619,0.5607,1.2005,0.002979,0.00498,0.005915,NA,FALSE,TRUE,0.004859,0.003954,2357.1473,0.822173,22.760885,41.773566,0.887365,22.760885,41.773566,61.8101,2276.0885,4145.9684,73.3373,2276.0885,4145.9684
S3B_20251009T101925_vs_HYPERNETS_20251009T100000_RHOW_R_NE.csv,THFR_NE,Hyp,S3B,3.6641600000000003,43.43485999999999,3.6659170000000003,43.437160999999996,0.29,5,2025-10-09T08:00:00Z,2025-10-09T08:19:25Z,19,30,2,-0.9462,-1.432,NA,-0.9462,NA,NA,0.02152,NA,NA,NA,NA,0.00472,0.004534,33.4598,-0.375173,-0.334598,-0.294023,0.294023,0.334598,0.375173,-60.9848,-51.4153,-42.4147,42.4147,51.4153,60.9848
S3B_20251009T101925_vs_HYPERNETS_20251009T101500_RHOW_R_NE.csv,THFR_NE,Hyp,S3B,3.6641600000000003,43.43485999999999,3.666372,43.436744,0.28,5,2025-10-09T08:15:00Z,2025-10-09T08:19:25Z,4,30,7,0.5909,0.4038,0.4728,0.6053,0.7748,1.49e-4,8.26e-4,0.001355,NA,TRUE,TRUE,0.002662,0.001831,1121.3579,0.273106,1.151135,2.172139,0.606569,1.151135,2.172139,16.0603,115.1135,210.4754,75.5007,115.1135,210.4754
S3B_20251009T101925_vs_HYPERNETS_20251009T103000_RHOW_R_NE.csv,THFR_NE,Hyp,S3B,3.6641600000000003,43.43485999999999,3.666372,43.436744,0.28,5,2025-10-09T08:30:00Z,2025-10-09T08:19:25Z,11,30,7,0.5708,0.5114,0.4572,0.5846,0.7475,1.07e-4,7.9e-4,0.001325,NA,TRUE,TRUE,0.002913,0.001935,364.9373,0.125196,0.585501,1.499462,0.484392,0.585501,1.499462,4.9771,58.5501,147.3468,55.7616,78.1138,147.3468
S3B_20251009T101925_vs_HYPERNETS_20251009T104500_RHOW_R_NE.csv,THFR_NE,Hyp,S3B,3.6641600000000003,43.43485999999999,3.666372,43.436744,0.28,5,2025-10-09T08:45:00Z,2025-10-09T08:19:25Z,26,30,7,0.5457,0.4203,0.4375,0.5588,0.7136,1.8e-4,8.45e-4,0.001365,NA,TRUE,TRUE,0.003202,0.00215,939.5734,0.305883,1.613331,2.204553,0.689173,1.613331,2.204553,15.3437,161.3331,216.2694,88.5009,161.3331,216.2694
S3B_20251117T100817_vs_HYPERNETS_20251117T094500_RHOW_R_NE.csv,THFR_NE,Hyp,S3B,3.6641600000000003,43.43485999999999,3.666679,43.436945,0.31,5,2025-11-17T08:45:00Z,2025-11-17T09:08:17Z,23,30,14,0.9985,0.7285,0.8661,1.2597,1.8321,-3.72e-4,0.001094,0.002102,NA,FALSE,FALSE,0.002733,0.001759,231.2515,0.203942,0.622356,2.969878,0.203942,0.622356,2.969878,20.3875,62.1646,282.4797,20.3875,62.1646,282.4797
S3B_20251117T100817_vs_HYPERNETS_20251117T100000_RHOW_R_NE.csv,THFR_NE,Hyp,S3B,3.6641600000000003,43.43485999999999,3.666679,43.436945,0.31,5,2025-11-17T09:00:00Z,2025-11-17T09:08:17Z,8,30,15,0.9698,0.5824,0.8458,1.1873,1.6665,-1.65e-4,0.001091,0.001985,NA,FALSE,FALSE,0.002496,0.001582,587.4225,0.102031,0.416594,2.206582,0.103129,0.416594,2.206582,10.2026,41.6594,218.0976,10.8773,41.6594,218.0976
S3B_20251117T100817_vs_HYPERNETS_20251117T101500_RHOW_R_NE.csv,THFR_NE,Hyp,S3B,3.6641600000000003,43.43485999999999,3.666679,43.436945,0.31,5,2025-11-17T09:15:00Z,2025-11-17T09:08:17Z,7,30,15,0.9509,0.4709,0.8252,1.1466,1.593,-2.24e-4,0.001016,0.001909,NA,FALSE,FALSE,0.002354,0.001431,1565.9818,0.059962,0.340657,1.821599,0.062248,0.340657,1.821599,5.9962,34.0657,180.1921,6.2247,46.7843,180.1921
S3B_20251217T103045_vs_HYPERNETS_20251217T101500_RHOW_R_NE.csv,THFR_NE,Hyp,S3B,3.6641600000000003,43.43485999999999,3.667069,43.436440999999995,0.29,5,2025-12-17T09:15:00Z,2025-12-17T09:30:45Z,16,30,9,0.2018,0.2832,0.4739,1.0458,2.3082,-0.0033,0.001995,0.004395,NA,FALSE,FALSE,0.005596,0.004217,2436.7909,-0.298338,-0.09127,4.045175,0.298338,0.326532,4.045175,-42.5187,-10.0437,404.5175,42.5187,48.4851,404.5175
S3B_20251217T103045_vs_HYPERNETS_20251217T103000_RHOW_R_NE.csv,THFR_NE,Hyp,S3B,3.6641600000000003,43.43485999999999,3.667069,43.436440999999995,0.29,5,2025-12-17T09:30:00Z,2025-12-17T09:30:45Z,1,30,9,0.2128,0.4308,0.4615,1.0162,2.2376,-0.003201,0.00203,0.004406,NA,FALSE,FALSE,0.005579,0.004242,861.2383,-0.311166,0.406804,3.766215,0.342445,0.406804,3.766215,-45.1729,40.6804,376.6215,45.1729,52.7185,376.6215
S3B_20251217T103045_vs_HYPERNETS_20251217T110000_RHOW_R_NE.csv,THFR_NE,Hyp,S3B,3.6641600000000003,43.43485999999999,3.667069,43.436440999999995,0.29,5,2025-12-17T10:00:00Z,2025-12-17T09:30:45Z,29,30,9,0.2382,0.4478,0.4573,1.0026,2.1982,-0.003464,0.001891,0.004334,NA,FALSE,FALSE,0.005453,0.004197,770.963,-0.323333,0.325675,3.177192,0.325675,0.363331,3.177192,-47.7832,32.5675,317.7192,47.7832,57.0676,317.7192
S3A_20250117T102808_vs_HYPERNETS_20250117T100000_RHOW_R_poly.csv,THFR_poly,Hyp,S3A,3.6641600000000003,43.43485999999999,3.6651390000000004,43.438676,0.43,5,2025-01-17T09:00:00Z,2025-01-17T09:28:08Z,28,30,12,0.9451,0.1508,0.9977,1.7521,3.0767,3.8e-5,0.002374,0.003705,NA,FALSE,TRUE,0.004636,0.003701,2140.7543,0.887108,1.750943,8.212609,0.887108,1.750943,8.212609,88.6524,174.5862,736.3442,88.6524,174.5862,736.3442
S3A_20250117T102808_vs_HYPERNETS_20250117T101500_RHOW_R_poly.csv,THFR_poly,Hyp,S3A,3.6641600000000003,43.43485999999999,3.6651730000000002,43.438688,0.43,5,2025-01-17T09:15:00Z,2025-01-17T09:28:08Z,13,30,14,1.2865,0.4627,1.2125,1.8957,2.964,-2.59e-4,0.001531,0.002676,NA,TRUE,FALSE,0.004052,0.003032,4140.6373,0.903617,2.006382,12.818802,0.903617,2.006382,12.818802,89.9425,199.5742,1242.4439,89.9425,199.5742,1242.4439
S3A_20250117T102808_vs_HYPERNETS_20250117T103000_RHOW_R_poly.csv,THFR_poly,Hyp,S3A,3.6641600000000003,43.43485999999999,3.665168,43.438686,0.43,5,2025-01-17T09:30:00Z,2025-01-17T09:28:08Z,2,30,16,1.3681,0.3652,1.2706,1.8537,2.7044,6e-6,0.001353,0.002275,NA,TRUE,TRUE,0.003678,0.002704,10251.2559,0.908876,2.962299,9.611852,0.908876,2.962299,9.611852,90.5667,282.3618,960.9,90.5667,282.3618,960.9
S3A_20250117T102808_vs_HYPERNETS_20250117T104500_RHOW_R_poly.csv,THFR_poly,Hyp,S3A,3.6641600000000003,43.43485999999999,3.665168,43.438686,0.43,5,2025-01-17T09:45:00Z,2025-01-17T09:28:08Z,17,30,16,1.3886,0.6166,1.2579,1.7954,2.5626,-1.95e-4,0.001147,0.002087,NA,TRUE,FALSE,0.003475,0.002538,712.3976,0.550525,1.464166,4.585784,0.550525,1.464166,4.585784,55.052,146.051,452.2045,55.052,146.051,452.2045
S3A_20250118T100157_vs_HYPERNETS_20250118T094500_RHOW_R_poly.csv,THFR_poly,Hyp,S3A,3.6641600000000003,43.43485999999999,3.665456,43.43867,0.44,5,2025-01-18T08:45:00Z,2025-01-18T09:01:57Z,17,30,14,0.2303,0.0216,0.9653,1.7393,3.1339,1.93e-4,0.002281,0.00344,NA,FALSE,TRUE,0.004859,0.003388,3378.3345,0.969744,1.411903,79.265763,0.969744,1.411903,79.265763,96.6776,140.9892,6665.1942,96.6776,140.9892,6665.1942
S3A_20250118T100157_vs_HYPERNETS_20250118T100000_RHOW_R_poly.csv,THFR_poly,Hyp,S3A,3.6641600000000003,43.43485999999999,3.665456,43.43867,0.44,5,2025-01-18T09:00:00Z,2025-01-18T09:01:57Z,2,30,15,0.3597,0.0461,0.961,1.6759,2.9225,3.78e-4,0.002269,0.003354,NA,FALSE,TRUE,0.004638,0.003295,19849.2048,0.963228,1.209692,53.703518,0.963228,1.209692,53.703518,96.0448,120.9692,4158.5074,96.0448,120.9692,4158.5074
S3A_20250118T100157_vs_HYPERNETS_20250118T101500_RHOW_R_poly.csv,THFR_poly,Hyp,S3A,3.6641600000000003,43.43485999999999,3.665456,43.43867,0.44,5,2025-01-18T09:15:00Z,2025-01-18T09:01:57Z,13,30,14,0.3182,0.0575,0.9707,1.7416,3.1246,5.8e-5,0.002195,0.003386,NA,FALSE,TRUE,0.004763,0.003341,5794.1256,1.02607,1.33695,23.434967,1.02607,1.33695,23.434967,102.2588,133.6942,2259.9478,102.2588,133.6942,2259.9478
S3A_20250118T100157_vs_HYPERNETS_20250118T103000_RHOW_R_poly.csv,THFR_poly,Hyp,S3A,3.6641600000000003,43.43485999999999,3.665456,43.43867,0.44,5,2025-01-18T09:30:00Z,2025-01-18T09:01:57Z,28,30,14,0.3444,0.0595,0.9636,1.7258,3.0908,9e-6,0.002163,0.003366,NA,FALSE,TRUE,0.004724,0.003308,6083.7096,1.049612,1.325492,18.786985,1.049612,1.325492,18.786985,104.7541,132.4707,1833.0186,104.7541,132.4707,1833.0186
S3A_20250129T101654_vs_HYPERNETS_20250129T101500_RHOW_R_poly.csv,THFR_poly,Hyp,S3A,3.6641600000000003,43.43485999999999,3.666113,43.437951,0.38,5,2025-01-29T09:15:00Z,2025-01-29T09:16:54Z,2,30,15,0.9524,0.646,0.9981,1.5845,2.5155,-0.003851,-3.4e-4,0.001872,NA,FALSE,FALSE,0.004742,0.002654,503.4601,-0.482442,-0.028137,1.93233,0.172667,0.533232,1.93233,-93.4776,-2.8951,169.5787,20.9318,103.8266,213.4318
S3A_20250129T101654_vs_HYPERNETS_20250129T103000_RHOW_R_poly.csv,THFR_poly,Hyp,S3A,3.6641600000000003,43.43485999999999,3.666113,43.437951,0.38,5,2025-01-29T09:30:00Z,2025-01-29T09:16:54Z,13,30,15,0.9688,0.8214,1.0079,1.5964,2.5284,-0.004074,-4.95e-4,0.001765,NA,TRUE,FALSE,0.004692,0.00264,224.6551,-0.52504,-0.027389,1.638612,0.198331,0.588012,1.638612,-110.6151,-2.8161,148.3883,24.9088,116.1578,259.342
S3A_20250129T101654_vs_HYPERNETS_20250129T104500_RHOW_R_poly.csv,THFR_poly,Hyp,S3A,3.6641600000000003,43.43485999999999,3.666144,43.437965999999996,0.38,5,2025-01-29T09:45:00Z,2025-01-29T09:16:54Z,28,30,11,0.947,1.4244,0.929,1.6707,3.0046,-0.010178,-0.00243,0.001878,NA,FALSE,FALSE,0.004748,0.00298,65.6623,-0.419809,-0.07839,0.229431,0.148487,0.466283,0.59331,-76.6764,-8.5057,20.64,17.838,46.6283,146.1965
S3A_20250206T100925_vs_HYPERNETS_20250206T094500_RHOW_R_poly.csv,THFR_poly,Hyp,S3A,3.6641600000000003,43.43485999999999,3.6654079999999998,43.43926,0.5,5,2025-02-06T08:45:00Z,2025-02-06T09:09:25Z,24,30,16,1.1237,0.2817,1.0005,1.3987,1.9553,0.002363,0.003336,0.004031,NA,TRUE,TRUE,0.004374,0.004032,1832.1541,2.217823,4.52229,26.617974,2.217823,4.52229,26.617974,221.5359,452.2012,2645.4153,221.5359,452.2012,2645.4153
S3A_20250206T100925_vs_HYPERNETS_20250206T100000_RHOW_R_poly.csv,THFR_poly,Hyp,S3A,3.6641600000000003,43.43485999999999,3.6654079999999998,43.43926,0.5,5,2025-02-06T09:00:00Z,2025-02-06T09:09:25Z,9,30,16,1.14,0.2868,1.0112,1.4055,1.9537,0.002339,0.003304,0.003998,NA,TRUE,TRUE,0.004352,0.004018,1719.1099,2.221229,4.40311,21.126625,2.221229,4.40311,21.126625,221.7572,440.2682,2044.6013,221.7572,440.2682,2044.6013
S3A_20250206T100925_vs_HYPERNETS_20250206T101500_RHOW_R_poly.csv,THFR_poly,Hyp,S3A,3.6641600000000003,43.43485999999999,3.6654079999999998,43.43926,0.5,5,2025-02-06T09:15:00Z,2025-02-06T09:09:25Z,6,30,16,1.1414,0.2112,1.0104,1.4,1.9398,0.002391,0.003334,0.004014,NA,TRUE,TRUE,0.004359,0.004032,8314.3045,2.244624,4.43185,33.617073,2.244624,4.43185,33.617073,223.9221,442.8335,3351.2824,223.9221,442.8335,3351.2824
S3A_20250206T100925_vs_HYPERNETS_20250206T103000_RHOW_R_poly.csv,THFR_poly,Hyp,S3A,3.6641600000000003,43.43485999999999,3.6654079999999998,43.43926,0.5,5,2025-02-06T09:30:00Z,2025-02-06T09:09:25Z,21,30,15,1.1773,0.2723,1.023,1.4253,1.9857,0.002191,0.003229,0.003974,NA,TRUE,TRUE,0.004349,0.004017,2549.5758,2.162396,4.209966,36.555286,2.162396,4.209966,36.555286,215.1397,420.9966,2378.5675,215.1397,420.9966,2378.5675
S3A_20250209T103153_vs_HYPERNETS_20250209T103000_RHOW_R_poly.csv,THFR_poly,Hyp,S3A,3.6641600000000003,43.43485999999999,3.665483,43.438885,0.46,5,2025-02-09T09:30:00Z,2025-02-09T09:31:53Z,2,30,15,1.0734,0.599,1.1956,1.9313,3.1196,-0.006724,-0.00194,0.001022,NA,TRUE,FALSE,0.005837,0.003406,416.7152,-0.63291,-0.12747,1.122134,0.48617,0.70939700000000006,1.153522,-173.3383,-14.6092,110.1425,70.5062,151.7136,307.5412
S3A_20250209T103153_vs_HYPERNETS_20250209T104500_RHOW_R_poly.csv,THFR_poly,Hyp,S3A,3.6641600000000003,43.43485999999999,3.665483,43.438885,0.46,5,2025-02-09T09:45:00Z,2025-02-09T09:31:53Z,13,30,15,1.1472,0.5655,1.248,2.0035,3.2163,-0.00666,-0.001948,9.87e-4,NA,TRUE,FALSE,0.005825,0.003368,541.0217,-0.615045,-0.092879,1.236711,0.435588,0.694412,1.236711,-160.7158,-10.2389,120.8948,64.0617,158.8032,298.0105
S3A_20250209T103153_vs_HYPERNETS_20250209T110000_RHOW_R_poly.csv,THFR_poly,Hyp,S3A,3.6641600000000003,43.43485999999999,3.665483,43.438885,0.46,5,2025-02-09T10:00:00Z,2025-02-09T09:31:53Z,28,30,14,1.2939,1.1416,1.3423,2.1852,3.5575,-0.007957,-0.00254,7.87e-4,NA,TRUE,FALSE,0.005979,0.003394,102.6557,-0.596171,-0.115868,0.73806,0.274398,0.639856,0.918259,-148.2747,-13.5836,69.8667,38.9992,138.277,230.102
S3A_20250213T102809_vs_HYPERNETS_20250213T100000_RHOW_R_poly.csv,THFR_poly,Hyp,S3A,3.6641600000000003,43.43485999999999,3.664585,43.439617,0.53,5,2025-02-13T09:00:00Z,2025-02-13T09:28:09Z,28,30,16,1.6339,1.073,1.847,2.9229,4.6256,-0.01005,-0.00333,9.16e-4,NA,TRUE,FALSE,0.009857,0.005507,274.765,-0.733454,-0.075617,1.901236,0.632427,0.751399,1.901236,-275.445,-11.4086,188.7441,136.5685,253.8067,455.3653
S3A_20250213T102809_vs_HYPERNETS_20250213T101500_RHOW_R_poly.csv,THFR_poly,Hyp,S3A,3.6641600000000003,43.43485999999999,3.664585,43.439617,0.53,5,2025-02-13T09:15:00Z,2025-02-13T09:28:09Z,13,30,16,1.6096,1.1879,1.876,2.9896,4.7641,-0.010005,-0.003221,0.001035,NA,TRUE,FALSE,0.010003,0.005566,231.6248,-0.738579,-0.057477,2.003735,0.640716,0.759974,2.003735,-282.5288,-8.9451,199.3305,145.902,262.8694,444.2766
S3A_20250213T102809_vs_HYPERNETS_20250213T103000_RHOW_R_poly.csv,THFR_poly,Hyp,S3A,3.6641600000000003,43.43485999999999,3.664585,43.439617,0.53,5,2025-02-13T09:30:00Z,2025-02-13T09:28:09Z,2,30,16,1.7104,0.9019,1.8183,2.8291,4.4018,-0.009686,-0.003293,8.15e-4,NA,TRUE,FALSE,0.009601,0.005368,440.7877,-0.698924,-0.082473,1.899364,0.522319,0.75258,1.899364,-233.9145,-12.3755,185.0313,94.6768,249.4122,435.1897
S3A_20250213T102809_vs_HYPERNETS_20250213T104500_RHOW_R_poly.csv,THFR_poly,Hyp,S3A,3.6641600000000003,43.43485999999999,3.664585,43.439617,0.53,5,2025-02-13T09:45:00Z,2025-02-13T09:28:09Z,17,30,16,1.7355,1.055,1.8253,2.8302,4.3884,-0.009896,-0.003468,6.77e-4,NA,TRUE,FALSE,0.009541,0.005349,270.7758,-0.701514,-0.086065,1.75369,0.621103,0.756265,1.75369,-237.0848,-12.8803,173.0278,122.2054,227.9325,427.2324
S3A_20250529T100548_vs_HYPERNETS_20250529T094500_RHOW_R_poly.csv,THFR_poly,Hyp,S3A,3.6641600000000003,43.43485999999999,3.6654449999999996,43.439034,0.48,5,2025-05-29T07:45:00Z,2025-05-29T08:05:48Z,21,30,11,0.4882,0.369,0.4107,0.6787,1.1216,-0.00108,6.8e-4,0.001746,NA,FALSE,FALSE,0.002455,0.001836,680.8323,-0.367646,0.00996,0.867484,0.313832,0.41995,0.949521,-58.1434,0.996,86.2432,46.1141,72.3988,171.9671
S3A_20250529T100548_vs_HYPERNETS_20250529T100000_RHOW_R_poly.csv,THFR_poly,Hyp,S3A,3.6641600000000003,43.43485999999999,3.6654449999999996,43.439034,0.48,5,2025-05-29T08:00:00Z,2025-05-29T08:05:48Z,6,30,11,0.4893,0.1824,0.4111,0.6785,1.12,-0.001002,7.24e-4,0.00177,NA,FALSE,FALSE,0.002435,0.001833,13292.1948,-0.359647,-0.002011,2.917737,0.306553,0.412974,2.917737,-56.1693,-0.2015,275.5153,44.5501,70.3501,446.7716
S3A_20250529T100548_vs_HYPERNETS_20250529T101500_RHOW_R_poly.csv,THFR_poly,Hyp,S3A,3.6641600000000003,43.43485999999999,3.6654449999999996,43.439034,0.48,5,2025-05-29T08:15:00Z,2025-05-29T08:05:48Z,9,30,11,0.4909,0.3882,0.4127,0.6817,1.126,-0.001226,5.91e-4,0.001691,NA,FALSE,FALSE,0.002472,0.001836,543.5145,-0.377733,-0.072089,0.419028,0.298311,0.384646,0.699809,-60.7126,-7.769,41.6715,34.3394,58.9371,111.6631
S3A_20250529T100548_vs_HYPERNETS_20250529T103000_RHOW_R_poly.csv,THFR_poly,Hyp,S3A,3.6641600000000003,43.43485999999999,3.6654449999999996,43.439034,0.48,5,2025-05-29T08:30:00Z,2025-05-29T08:05:48Z,24,30,11,0.4991,0.337,0.4191,0.6915,1.1408,-0.001158,6.29e-4,0.001712,NA,FALSE,FALSE,0.002403,0.00179,950.7563,-0.362842,-0.053243,0.818029,0.302671,0.409166,0.975628,-56.9519,-5.6238,80.2311,43.8546,58.1994,149.9121
S3A_20250609T102044_vs_HYPERNETS_20250609T100000_RHOW_R_poly.csv,THFR_poly,Hyp,S3A,3.6641600000000003,43.43485999999999,3.6659940000000004,43.437720999999996,0.35,5,2025-06-09T08:00:00Z,2025-06-09T08:20:44Z,21,30,7,0.0722,-0.0535,0.0702,0.1753,0.4376,-8.16e-4,2.4e-4,6.62e-4,NA,TRUE,FALSE,0.005969,0.003553,161.404,-0.643909,-0.488678,-0.279089,0.47306,0.498598,0.890141,-207.6036,-95.5717,-43.1638,89.8582,99.4407,552.4426
S3A_20250609T102044_vs_HYPERNETS_20250609T101500_RHOW_R_poly.csv,THFR_poly,Hyp,S3A,3.6641600000000003,43.43485999999999,3.6659940000000004,43.437720999999996,0.35,5,2025-06-09T08:15:00Z,2025-06-09T08:20:44Z,6,30,7,0.0729,-0.0449,0.0703,0.1752,0.4367,-7.69e-4,2.57e-4,6.69e-4,NA,TRUE,FALSE,0.005917,0.003471,182.5216,-0.592589,-0.366251,-0.148402,0.346267,0.397102,0.889523,-179.7617,-57.7912,-20.0749,53.0392,65.8656,616.4593
S3A_20250609T102044_vs_HYPERNETS_20250609T103000_RHOW_R_poly.csv,THFR_poly,Hyp,S3A,3.6641600000000003,43.43485999999999,3.6659940000000004,43.437720999999996,0.35,5,2025-06-09T08:30:00Z,2025-06-09T08:20:44Z,9,30,7,0.0723,-0.029,0.07,0.1746,0.4353,-7.73e-4,2.56e-4,6.69e-4,NA,TRUE,FALSE,0.005947,0.003486,148.9474,-0.601454,-0.339213,-0.134446,0.336477,0.414577,0.88969,-184.077,-51.3347,-18.7228,50.7119,70.8168,533.4921
S3A_20250609T102044_vs_HYPERNETS_20250609T104500_RHOW_R_poly.csv,THFR_poly,Hyp,S3A,3.6641600000000003,43.43485999999999,3.6659940000000004,43.437720999999996,0.35,5,2025-06-09T08:45:00Z,2025-06-09T08:20:44Z,24,30,7,0.0689,-0.0475,0.0678,0.1696,0.4242,-7.82e-4,2.55e-4,6.69e-4,NA,TRUE,FALSE,0.006151,0.003612,189.4759,-0.633876,-0.351622,-0.178401,0.339734,0.474471,0.892327,-203.3978,-54.2311,-23.7787,51.4787,90.2844,639.2114
S3A_20250610T095433_vs_HYPERNETS_20250610T093000_RHOW_R_poly.csv,THFR_poly,Hyp,S3A,3.6641600000000003,43.43485999999999,3.665651,43.439493,0.53,5,2025-06-10T07:30:00Z,2025-06-10T07:54:33Z,25,30,5,-4.4246,-0.6816,-25.1017,-7.6183,-2.3121,0.003358,0.006315,0.016058,NA,TRUE,TRUE,0.002814,0.001667,1331.0763,-0.292853,0.937606,1.133726,0.526304,0.937606,1.133726,-41.4133,93.7606,113.3726,93.7606,111.1057,113.3726
S3A_20250610T095433_vs_HYPERNETS_20250610T094500_RHOW_R_poly.csv,THFR_poly,Hyp,S3A,3.6641600000000003,43.43485999999999,3.665651,43.439493,0.53,5,2025-06-10T07:45:00Z,2025-06-10T07:54:33Z,10,30,5,-4.068,-0.4574,-24.1778,-7.2403,-2.1682,0.003136,0.005632,0.013964,NA,TRUE,TRUE,0.002854,0.00167,7689.1482,-0.178898,1.010658,1.290035,0.416685,1.010658,1.290035,-21.7876,101.0658,129.0035,71.434,101.0658,129.0035
S3A_20250610T095433_vs_HYPERNETS_20250610T100000_RHOW_R_poly.csv,THFR_poly,Hyp,S3A,3.6641600000000003,43.43485999999999,3.665651,43.439493,0.53,5,2025-06-10T08:00:00Z,2025-06-10T07:54:33Z,5,30,5,-3.5999,-0.6314,-24.6268,-7.1189,-2.0578,0.003386,0.006625,0.017828,NA,TRUE,TRUE,0.002764,0.00162,712.2386,-0.353812,0.645152,0.942695,0.565162,0.645152,0.942695,-54.7538,64.5152,94.2695,64.5152,94.2695,129.9709
S3A_20250610T095433_vs_HYPERNETS_20250610T101500_RHOW_R_poly.csv,THFR_poly,Hyp,S3A,3.6641600000000003,43.43485999999999,3.665651,43.439493,0.53,5,2025-06-10T08:15:00Z,2025-06-10T07:54:33Z,20,30,5,-5.2503,-0.7368,-29.3182,-8.9404,-2.7263,0.003438,0.006558,0.01679,NA,TRUE,TRUE,0.002822,0.001689,1211.0628,-0.214841,1.180775,1.432804,0.48877,1.180775,1.432804,-27.3627,118.0775,143.2804,95.6066,118.0775,143.2804
S3A_20250613T101700_vs_HYPERNETS_20250613T100000_RHOW_R_poly.csv,THFR_poly,Hyp,S3A,3.6641600000000003,43.43485999999999,3.6657370000000005,43.439034,0.48,5,2025-06-13T08:00:00Z,2025-06-13T08:17:00Z,17,30,6,0.0729,0.1929,0.048,0.1272,0.3375,9.54e-4,0.001553,0.001778,NA,TRUE,TRUE,0.004862,0.002923,208.0982,1.606403,1.859553,2.236614,1.606403,1.859553,2.236614,160.2719,185.9541,222.9226,185.5406,210.3964,357.5759
S3A_20250613T101700_vs_HYPERNETS_20250613T101500_RHOW_R_poly.csv,THFR_poly,Hyp,S3A,3.6641600000000003,43.43485999999999,3.6657370000000005,43.439034,0.48,5,2025-06-13T08:15:00Z,2025-06-13T08:17:00Z,2,30,6,0.0742,0.1836,0.049,0.1303,0.3464,9.85e-4,0.001565,0.001783,NA,TRUE,TRUE,0.004718,0.002943,271.9397,2.440312,2.51506,2.989187,2.440312,2.51506,2.989187,244.0305,251.45,298.1766,248.3295,284.2265,384.6923
S3A_20250613T101700_vs_HYPERNETS_20250613T103000_RHOW_R_poly.csv,THFR_poly,Hyp,S3A,3.6641600000000003,43.43485999999999,3.6657370000000005,43.439034,0.48,5,2025-06-13T08:30:00Z,2025-06-13T08:17:00Z,13,30,6,0.0761,0.1856,0.0501,0.1329,0.3525,9.7e-4,0.001559,0.001781,NA,TRUE,TRUE,0.00462,0.002872,267.7518,2.010164,2.088907,2.627184,2.010164,2.088907,2.627184,201.0152,208.8247,261.6182,205.6472,245.4606,368.643
S3A_20250613T101700_vs_HYPERNETS_20250613T104500_RHOW_R_poly.csv,THFR_poly,Hyp,S3A,3.6641600000000003,43.43485999999999,3.6657370000000005,43.439034,0.48,5,2025-06-13T08:45:00Z,2025-06-13T08:17:00Z,28,30,6,0.0769,0.1809,0.0506,0.1344,0.3566,9.88e-4,0.001566,0.001783,NA,TRUE,TRUE,0.004554,0.002886,324.5313,2.460626,2.572603,3.022912,2.460626,2.572603,3.022912,246.0466,257.2194,301.6101,254.5277,288.1844,374.2722
S3A_20250614T095049_vs_HYPERNETS_20250614T093000_RHOW_C_poly.csv,THFR_poly,Hyp,S3A,3.6641600000000003,43.43485999999999,3.665819,43.437585999999996,0.33,5,2025-06-14T07:30:00Z,2025-06-14T07:50:49Z,21,30,6,0.1342,0.143,0.119,0.3455,1.0029,0.001828,0.003489,0.004061,NA,FALSE,TRUE,0.004957,0.004476,2977.7737,8.942358,11.295759,12.655739,8.942358,11.295759,12.655739,887.2534,1129.3755,1263.9313,887.2534,1129.3755,1263.9313
S3A_20250614T095049_vs_HYPERNETS_20250614T094500_RHOW_C_poly.csv,THFR_poly,Hyp,S3A,3.6641600000000003,43.43485999999999,3.665819,43.437585999999996,0.33,5,2025-06-14T07:45:00Z,2025-06-14T07:50:49Z,6,30,6,0.1371,0.1888,0.1207,0.3498,1.0142,0.001599,0.003408,0.004032,NA,FALSE,TRUE,0.004827,0.004297,613.2026,4.25775,6.377844,7.80811,4.25775,6.377844,7.80811,419.9433,634.5626,779.7292,419.9433,634.5626,779.7292
S3A_20250614T095049_vs_HYPERNETS_20250614T100000_RHOW_C_poly.csv,THFR_poly,Hyp,S3A,3.6641600000000003,43.43485999999999,3.665819,43.437585999999996,0.33,5,2025-06-14T08:00:00Z,2025-06-14T07:50:49Z,9,30,6,0.1378,0.1628,0.1215,0.3525,1.0223,0.0018,0.003478,0.004057,NA,FALSE,TRUE,0.004875,0.004415,1623.557,8.735174,10.697669,11.328757,8.735174,10.697669,11.328757,867.9114,1069.7395,1132.4568,867.9114,1069.7395,1132.4568
S3A_20250614T095049_vs_HYPERNETS_20250614T101500_RHOW_C_poly.csv,THFR_poly,Hyp,S3A,3.6641600000000003,43.43485999999999,3.665819,43.437585999999996,0.33,5,2025-06-14T08:15:00Z,2025-06-14T07:50:49Z,24,30,6,0.1384,0.1841,0.1218,0.3531,1.0238,0.001627,0.003418,0.004036,NA,FALSE,TRUE,0.004804,0.004298,698.5704,4.505882,6.894209,8.152106,4.505882,6.894209,8.152106,442.7849,686.4615,814.591,442.7849,686.4615,814.591
S3A_20250617T101316_vs_HYPERNETS_20250617T094500_RHOW_R_poly.csv,THFR_poly,Hyp,S3A,3.6641600000000003,43.43485999999999,3.6659390000000003,43.438196000000005,0.4,5,2025-06-17T07:45:00Z,2025-06-17T08:13:16Z,28,30,5,0.1352,0.1889,0.0941,0.3435,1.2544,-0.002073,6.37e-4,0.001379,NA,FALSE,FALSE,0.005077,0.003084,1099.8669,-0.640353,-0.465268,-0.207506,0.465268,0.640353,0.767016,-178.0505,-87.0096,-26.184,87.0096,178.0505,329.2148
S3A_20250617T101316_vs_HYPERNETS_20250617T100000_RHOW_R_poly.csv,THFR_poly,Hyp,S3A,3.6641600000000003,43.43485999999999,3.6659390000000003,43.438196000000005,0.4,5,2025-06-17T08:00:00Z,2025-06-17T08:13:16Z,13,30,5,0.1316,0.0234,0.0914,0.3339,1.2192,-0.001985,6.61e-4,0.001386,NA,FALSE,FALSE,0.005219,0.00313,4853.1431,-0.593743,-0.376181,0.073315,0.376181,0.593743,0.77236,-146.1496,-60.3029,7.3315,60.3029,146.1496,339.2896
S3A_20250617T101316_vs_HYPERNETS_20250617T101500_RHOW_R_poly.csv,THFR_poly,Hyp,S3A,3.6641600000000003,43.43485999999999,3.6659390000000003,43.438196000000005,0.4,5,2025-06-17T08:15:00Z,2025-06-17T08:13:16Z,2,30,5,0.1314,0.2336,0.0913,0.3331,1.2162,-0.002091,6.32e-4,0.001378,NA,FALSE,FALSE,0.005254,0.003181,823.9783,-0.67298500000000006,-0.482609,-0.245656,0.482609,0.67298500000000006,0.774297,-205.7968,-93.2775,-32.5656,93.2775,205.7968,343.0608
S3A_20250617T101316_vs_HYPERNETS_20250617T103000_RHOW_R_poly.csv,THFR_poly,Hyp,S3A,3.6641600000000003,43.43485999999999,3.6659390000000003,43.438196000000005,0.4,5,2025-06-17T08:30:00Z,2025-06-17T08:13:16Z,17,30,5,0.1308,0.1101,0.0909,0.332,1.2121,-0.002016,6.52e-4,0.001383,NA,FALSE,FALSE,0.005259,0.003157,2012.9763,-0.632787,-0.407637,-0.03082,0.407637,0.632787,0.7741,-172.3214,-68.8154,-3.18,68.8154,172.3214,342.67380000000003
S3A_20250621T100932_vs_HYPERNETS_20250621T094500_RHOW_R_poly.csv,THFR_poly,Hyp,S3A,3.6641600000000003,43.43485999999999,3.665032,43.439136000000005,0.48,5,2025-06-21T07:45:00Z,2025-06-21T08:09:32Z,25,30,16,1.7793,0.8026,1.7603,2.665,4.0348,-0.006545,-0.002063,8.97e-4,NA,TRUE,FALSE,0.00699,0.004168,405.7326,-0.410383,0.249581,2.149618,0.32053,0.698904,2.149618,-75.3115,24.9089,207.0298,41.5983,175.8288,388.5635
S3A_20250621T100932_vs_HYPERNETS_20250621T100000_RHOW_R_poly.csv,THFR_poly,Hyp,S3A,3.6641600000000003,43.43485999999999,3.665032,43.439136000000005,0.48,5,2025-06-21T08:00:00Z,2025-06-21T08:09:32Z,10,30,16,1.6819,0.5981,1.6834,2.5619,3.8988,-0.006073,-0.001708,0.00116,NA,TRUE,FALSE,0.006994,0.004125,1367.6649,-0.381025,0.307984,2.2647369999999998,0.403846,0.713294,2.2647369999999998,-67.2821,30.1375,216.1374,43.5318,173.1204,427.6008
S3A_20250621T100932_vs_HYPERNETS_20250621T101500_RHOW_R_poly.csv,THFR_poly,Hyp,S3A,3.6641600000000003,43.43485999999999,3.665032,43.439136000000005,0.48,5,2025-06-21T08:15:00Z,2025-06-21T08:09:32Z,5,30,16,1.5996,0.7351,1.5883,2.4087,3.653,-0.00612,-0.001768,0.001101,NA,TRUE,FALSE,0.006804,0.003982,537.2223,-0.423149,0.203011,2.012993,0.349055,0.668386,2.012993,-79.1201,19.4043,194.4375,35.8861,173.4437,350.9829
S3A_20250621T100932_vs_HYPERNETS_20250621T103000_RHOW_R_poly.csv,THFR_poly,Hyp,S3A,3.6641600000000003,43.43485999999999,3.665032,43.439136000000005,0.48,5,2025-06-21T08:30:00Z,2025-06-21T08:09:32Z,20,30,16,1.6604,0.6401,1.6342,2.4683,3.728,-0.006283,-0.001911,9.84e-4,NA,TRUE,FALSE,0.006808,0.004017,937.2502,-0.442713,0.181334,1.913062,0.34825,0.671565,1.913062,-84.724,17.7742,186.7814,36.2355,172.8989,349.8608
S3A_20250625T100548_vs_HYPERNETS_20250625T094500_RHOW_R_poly.csv,THFR_poly,Hyp,S3A,3.6641600000000003,43.43485999999999,3.6662479999999995,43.439368,0.53,5,2025-06-25T07:45:00Z,2025-06-25T08:05:48Z,21,30,8,0.1113,-0.0848,0.1879,0.443,1.0444,-0.001113,0.001133,0.002086,NA,FALSE,FALSE,0.004437,0.003711,999.4587,-0.520057,2.061383,2.952678,0.887095,2.061383,2.952678,-114.2166,205.1352,291.0033,216.4256,245.1032,611.2309
S3A_20250625T100548_vs_HYPERNETS_20250625T100000_RHOW_R_poly.csv,THFR_poly,Hyp,S3A,3.6641600000000003,43.43485999999999,3.6662479999999995,43.439368,0.53,5,2025-06-25T08:00:00Z,2025-06-25T08:05:48Z,6,30,8,0.1127,-0.0846,0.188,0.4429,1.0438,-9.39e-4,0.001206,0.002116,NA,FALSE,FALSE,0.004399,0.003756,6103.1593,-0.512269,4.299961,5.633184,0.884787,4.299961,5.633184,-110.6442,429.2418,562.1002,348.9537,497.5371,843.621
S3A_20250625T100548_vs_HYPERNETS_20250625T103000_RHOW_R_poly.csv,THFR_poly,Hyp,S3A,3.6641600000000003,43.43485999999999,3.6662479999999995,43.439368,0.53,5,2025-06-25T08:30:00Z,2025-06-25T08:05:48Z,24,30,8,0.1143,-0.0653,0.1943,0.4582,1.0808,-0.001061,0.001156,0.002096,NA,FALSE,FALSE,0.004278,0.003626,917.5957,-0.498524,2.886926,3.95765,0.883322,2.886926,3.95765,-105.252,288.6301,393.3072,264.7448,329.4847,691.7063
S3A_20250629T100204_vs_HYPERNETS_20250629T094500_RHOW_R_poly.csv,THFR_poly,Hyp,S3A,3.6641600000000003,43.43485999999999,3.664265,43.439345,0.5,5,2025-06-29T07:45:00Z,2025-06-29T08:02:04Z,17,30,16,0.9336,0.2404,0.8137,1.0069,1.246,0.00272,0.003676,0.004449,NA,FALSE,TRUE,0.003973,0.003704,1529.2937,0.45631,1.291843,7.359478,0.45631,1.291843,7.359478,45.6132,127.9752,733.0567,45.6132,127.9752,733.0567
S3A_20250629T100204_vs_HYPERNETS_20250629T100000_RHOW_R_poly.csv,THFR_poly,Hyp,S3A,3.6641600000000003,43.43485999999999,3.664265,43.439345,0.5,5,2025-06-29T08:00:00Z,2025-06-29T08:02:04Z,2,30,16,0.947,0.3145,0.8291,1.0088,1.2275,0.002639,0.003541,0.004283,NA,FALSE,TRUE,0.003812,0.003577,514.6975,0.455666,1.157273,5.774415,0.455666,1.157273,5.774415,45.5562,115.4077,576.2123,45.5562,115.4077,576.2123
S3A_20250629T100204_vs_HYPERNETS_20250629T101500_RHOW_R_poly.csv,THFR_poly,Hyp,S3A,3.6641600000000003,43.43485999999999,3.664265,43.439345,0.5,5,2025-06-29T08:15:00Z,2025-06-29T08:02:04Z,13,30,16,0.9293,0.2144,0.8183,0.9788,1.1707,0.002723,0.003539,0.004222,NA,FALSE,TRUE,0.003658,0.003449,2687.6326,0.44295,1.034301,6.066235,0.44295,1.034301,6.066235,44.2784,103.4287,606.1043,44.2784,103.4287,606.1043
S3A_20250629T100204_vs_HYPERNETS_20250629T103000_RHOW_R_poly.csv,THFR_poly,Hyp,S3A,3.6641600000000003,43.43485999999999,3.664265,43.439345,0.5,5,2025-06-29T08:30:00Z,2025-06-29T08:02:04Z,28,30,16,0.9361,0.2532,0.8269,0.9814,1.1648,0.00259,0.003395,0.004074,NA,FALSE,TRUE,0.003511,0.003314,1142.9285,0.399676,0.922773,4.790162,0.399676,0.922773,4.790162,39.9615,92.2593,478.7932,39.9615,92.2593,478.7932
S3A_20250703T095819_vs_HYPERNETS_20250703T093000_RHOW_R_poly.csv,THFR_poly,Hyp,S3A,3.6641600000000003,43.43485999999999,3.665355,43.439789,0.56,5,2025-07-03T07:30:00Z,2025-07-03T07:58:19Z,28,30,14,0.6699,0.2614,0.591,0.8787,1.3063,-0.002594,-4.7e-4,9.6e-4,NA,FALSE,FALSE,0.003271,0.002575,947.0724,-0.568095,-0.331346,0.556395,0.396559,0.610779,0.749095,-132.8067,-49.9073,51.3296,64.0079,119.3929,190.7108
S3A_20250703T095819_vs_HYPERNETS_20250703T094500_RHOW_R_poly.csv,THFR_poly,Hyp,S3A,3.6641600000000003,43.43485999999999,3.665355,43.439789,0.56,5,2025-07-03T07:45:00Z,2025-07-03T07:58:19Z,13,30,14,0.6801,0.3777,0.599,0.8889,1.319,-0.002748,-5.81e-4,8.79e-4,NA,FALSE,FALSE,0.003253,0.00255,308.3315,-0.570419,-0.396745,0.20551,0.382905,0.547128,0.726916,-133.7488,-65.9423,19.8044,62.1758,116.9369,159.4493
S3A_20250703T095819_vs_HYPERNETS_20250703T100000_RHOW_R_poly.csv,THFR_poly,Hyp,S3A,3.6641600000000003,43.43485999999999,3.665355,43.439789,0.56,5,2025-07-03T08:00:00Z,2025-07-03T07:58:19Z,2,30,14,0.6471,0.2287,0.5695,0.8442,1.2514,-0.002473,-4.01e-4,9.98e-4,NA,FALSE,FALSE,0.003382,0.002726,1524.0335,-0.578196,-0.352796,0.888214,0.41404,0.618272,1.04348,-138.5776,-54.854,82.5289,70.9177,133.2596,214.7635
S3A_20250703T095819_vs_HYPERNETS_20250703T101500_RHOW_R_poly.csv,THFR_poly,Hyp,S3A,3.6641600000000003,43.43485999999999,3.665355,43.439789,0.56,5,2025-07-03T08:15:00Z,2025-07-03T07:58:19Z,17,30,14,0.5635,0.2251,0.4925,0.7239,1.0641,-0.002374,-3.7e-4,9.94e-4,NA,FALSE,FALSE,0.004112,0.003462,1287.3827000000001,-0.63371,-0.444075,0.351775,0.502,0.606479,0.75508,-175.0924,-80.5485,30.3906,72.9355,140.9531,203.8586
S3A_20250707T095434_vs_HYPERNETS_20250707T101500_RHOW_R_poly.csv,THFR_poly,Hyp,S3A,3.6641600000000003,43.43485999999999,3.6649200000000004,43.439347,0.5,5,2025-07-07T08:15:00Z,2025-07-07T07:54:34Z,20,30,14,0.4881,0.4435,0.4786,0.763,1.2163,-0.002851,1e-6,0.00179,NA,FALSE,FALSE,0.004366,0.003148,343.0329,-0.486171,-0.265137,-0.094433,0.246043,0.431803,0.708176,-97.5502,-36.264,-10.4338,32.7658,57.341,179.1515
S3A_20250710T101700_vs_HYPERNETS_20250710T100000_RHOW_R_poly.csv,THFR_poly,Hyp,S3A,3.6641600000000003,43.43485999999999,3.6653940000000005,43.439458,0.52,5,2025-07-10T08:00:00Z,2025-07-10T08:17:00Z,17,30,14,0.7302,0.2712,0.6264,0.893,1.2732,-0.001574,8.7e-5,0.001253,NA,FALSE,FALSE,0.002369,0.001643,463.6597,-0.166504,0.027591,1.308838,0.162831,0.379783,1.331351,-19.9774,2.7302,129.439,19.4511,60.3664,157.5525
S3A_20250710T101700_vs_HYPERNETS_20250710T101500_RHOW_R_poly.csv,THFR_poly,Hyp,S3A,3.6641600000000003,43.43485999999999,3.6653940000000005,43.439458,0.52,5,2025-07-10T08:15:00Z,2025-07-10T08:17:00Z,2,30,14,0.7473,0.2702,0.6433,0.9235,1.3258,-0.001571,1.17e-4,0.001293,NA,FALSE,FALSE,0.002339,0.001644,469.8477,-0.111781,0.082426,1.388019,0.109598,0.400226,1.388019,-12.5851,8.2311,138.0039,12.309,60.4016,172.1474
S3A_20250710T101700_vs_HYPERNETS_20250710T103000_RHOW_R_poly.csv,THFR_poly,Hyp,S3A,3.6641600000000003,43.43485999999999,3.6653940000000005,43.439458,0.52,5,2025-07-10T08:30:00Z,2025-07-10T08:17:00Z,13,30,14,0.7221,0.3199,0.6259,0.9093,1.321,-0.001946,-9.5e-5,0.001178,NA,FALSE,FALSE,0.002497,0.001706,231.9373,-0.17849,0.040964,0.653452,0.173223,0.325898,0.917896,-21.7272,3.9997,64.4222,20.9521,38.4162,104.2745
S3A_20250710T101700_vs_HYPERNETS_20250710T104500_RHOW_R_poly.csv,THFR_poly,Hyp,S3A,3.6641600000000003,43.43485999999999,3.6653940000000005,43.439458,0.52,5,2025-07-10T08:45:00Z,2025-07-10T08:17:00Z,28,30,14,0.7222,0.2697,0.6294,0.9217,1.3496,-0.001826,1.9e-5,0.001279,NA,FALSE,FALSE,0.002503,0.001722,384.3812,-0.116526,0.091585,0.985188,0.115789,0.389901,1.098832,-13.1896,9.1347,96.4707,13.0952,44.2823,127.6481
S3A_20250711T095050_vs_HYPERNETS_20250711T093000_RHOW_R_poly.csv,THFR_poly,Hyp,S3A,3.6641600000000003,43.43485999999999,3.666126,43.439510000000006,0.54,5,2025-07-11T07:30:00Z,2025-07-11T07:50:50Z,21,30,16,0.9113,0.6656,1.0314,1.6327,2.5846,-0.004508,-2.49e-4,0.002441,NA,TRUE,FALSE,0.005988,0.004009,636.0332,-0.310347,0.202318,1.740316,0.298946,0.614886,1.740316,-45.186,19.8202,169.9894,40.3164,83.9024,266.2935
S3A_20250711T095050_vs_HYPERNETS_20250711T094500_RHOW_R_poly.csv,THFR_poly,Hyp,S3A,3.6641600000000003,43.43485999999999,3.666126,43.439510000000006,0.54,5,2025-07-11T07:45:00Z,2025-07-11T07:50:50Z,6,30,16,0.9894,0.7504,1.0696,1.6726,2.6157,-0.005342,-8.72e-4,0.001986,NA,TRUE,FALSE,0.005728,0.003869,356.8371,-0.329192,-0.067006,1.239576,0.298852,0.453696,1.239576,-49.4148,-7.1922,123.9574,38.7292,70.094,147.5531
S3A_20250711T095050_vs_HYPERNETS_20250711T100000_RHOW_R_poly.csv,THFR_poly,Hyp,S3A,3.6641600000000003,43.43485999999999,3.666126,43.439510000000006,0.54,5,2025-07-11T08:00:00Z,2025-07-11T07:50:50Z,9,30,16,1.0596,0.7385,1.1095,1.7178,2.6595,-0.004671,-5.18e-4,0.002164,NA,TRUE,FALSE,0.005762,0.003753,467.9522,-0.275,0.134566,1.532073,0.25124,0.59991,1.532073,-38.0755,13.4564,150.8592,33.5628,77.8385,221.5034
S3A_20250711T095050_vs_HYPERNETS_20250711T101500_RHOW_R_poly.csv,THFR_poly,Hyp,S3A,3.6641600000000003,43.43485999999999,3.666126,43.439510000000006,0.54,5,2025-07-11T08:15:00Z,2025-07-11T07:50:50Z,24,30,16,1.2372,0.8221,1.2456,1.9003,2.8991,-0.004301,-3.88e-4,0.002177,NA,TRUE,FALSE,0.005901,0.003709,368.3384,-0.184947,0.310151,1.736965,0.195914,0.640001,1.736965,-22.6917,30.6883,170.3127,22.9685,65.6559,255.7087
S3A_20250714T101317_vs_HYPERNETS_20250714T094500_RHOW_R_poly.csv,THFR_poly,Hyp,S3A,3.6641600000000003,43.43485999999999,3.666783,43.438922000000005,0.5,5,2025-07-14T07:45:00Z,2025-07-14T08:13:17Z,28,30,16,1.2755,1.0161,1.4157,2.2301,3.5129,-0.007748,-0.001065,0.003177,NA,TRUE,FALSE,0.009732,0.005571,212.5653,-0.058067,0.390945,2.679017,0.205412,0.576221,2.679017,-6.2164,38.2483,263.2359,20.7624,93.1779,392.925
S3A_20250714T101317_vs_HYPERNETS_20250714T100000_RHOW_R_poly.csv,THFR_poly,Hyp,S3A,3.6641600000000003,43.43485999999999,3.666783,43.438922000000005,0.5,5,2025-07-14T08:00:00Z,2025-07-14T08:13:17Z,13,30,16,1.3457,1.1584,1.4386,2.2422,3.4946,-0.008112,-0.001423,0.002869,NA,TRUE,FALSE,0.009537,0.005474,158.5073,-0.050767,0.387455,2.368124,0.208087,0.624217,2.368124,-5.3938,38.008,234.9449,20.9309,107.6264,324.7672
S3A_20250714T101317_vs_HYPERNETS_20250714T101500_RHOW_R_poly.csv,THFR_poly,Hyp,S3A,3.6641600000000003,43.43485999999999,3.666783,43.438922000000005,0.5,5,2025-07-14T08:15:00Z,2025-07-14T08:13:17Z,2,30,16,1.378,0.9669,1.4595,2.2682,3.5249,-0.007584,-0.001118,0.003043,NA,TRUE,FALSE,0.009621,0.00556,247.624,-0.005693,0.461892,2.595489,0.249663,0.627942,2.595489,-0.6211,45.2663,254.6527,24.6715,90.8986,381.5643
S3A_20250714T101317_vs_HYPERNETS_20250714T103000_RHOW_R_poly.csv,THFR_poly,Hyp,S3A,3.6641600000000003,43.43485999999999,3.666783,43.438922000000005,0.5,5,2025-07-14T08:30:00Z,2025-07-14T08:13:17Z,17,30,16,1.4016,1.0781,1.4821,2.302,3.5757,-0.007553,-0.001104,0.003048,NA,TRUE,FALSE,0.009673,0.005627,189.9672,0.016867,0.48945,2.65201,0.28113899999999997,0.667027,2.65201,1.6471,48.1043,259.8912,27.8009,92.4651,391.1858
S3A_20250718T100933_vs_HYPERNETS_20250718T094500_RHOW_R_poly.csv,THFR_poly,Hyp,S3A,3.6641600000000003,43.43485999999999,3.6649810000000005,43.437955,0.35,5,2025-07-18T07:45:00Z,2025-07-18T08:09:33Z,25,30,15,1.4824,0.5632,1.7846,2.9315,4.8153,-0.010553,-0.002721,0.002047,NA,TRUE,FALSE,0.010711,0.006321,580.6373,-0.127247,0.235262,3.170876,0.231852,0.660002,3.170876,-14.5804,23.5262,312.9899,23.1847,106.9224,312.9899
S3A_20250718T100933_vs_HYPERNETS_20250718T100000_RHOW_R_poly.csv,THFR_poly,Hyp,S3A,3.6641600000000003,43.43485999999999,3.6649810000000005,43.437955,0.35,5,2025-07-18T08:00:00Z,2025-07-18T08:09:33Z,10,30,15,1.4655,0.7416,1.7849,2.9381,4.8365,-0.01103,-0.002985,0.001903,NA,TRUE,FALSE,0.010698,0.006328,248.3405,-0.146816,0.159702,3.032848,0.160303,0.681066,3.032848,-17.224,15.9702,300.5816,17.5621,117.4826,300.5816
S3A_20250718T100933_vs_HYPERNETS_20250718T101500_RHOW_R_poly.csv,THFR_poly,Hyp,S3A,3.6641600000000003,43.43485999999999,3.6649810000000005,43.437955,0.35,5,2025-07-18T08:15:00Z,2025-07-18T08:09:33Z,5,30,15,1.4965,0.766,1.7605,2.8788,4.7076,-0.01131,-0.003239,0.001697,NA,TRUE,FALSE,0.010524,0.006252,222.2434,-0.178731,0.096031,2.709261,0.178731,0.694618,2.709261,-21.8421,9.6031,269.5805,21.8421,128.4876,282.498
S3A_20250718T100933_vs_HYPERNETS_20250718T103000_RHOW_R_poly.csv,THFR_poly,Hyp,S3A,3.6641600000000003,43.43485999999999,3.6649810000000005,43.437955,0.35,5,2025-07-18T08:30:00Z,2025-07-18T08:09:33Z,20,30,15,1.5767,0.6617,1.8223,2.9688,4.8368,-0.011064,-0.003135,0.001732,NA,TRUE,FALSE,0.010585,0.006271,337.3251,-0.13615,0.255618,2.899763,0.224391,0.677575,2.899763,-15.798400000000001,25.5618,287.687,22.3993,116.7334,287.687
S3A_20250722T100549_vs_HYPERNETS_20250722T094500_RHOW_R_poly.csv,THFR_poly,Hyp,S3A,3.6641600000000003,43.43485999999999,3.66487,43.440225999999996,0.6,5,2025-07-22T07:45:00Z,2025-07-22T08:05:49Z,21,30,16,0.4277,0.0088,0.502,0.8011,1.2785,8.35e-4,0.00264,0.003772,NA,FALSE,TRUE,0.003576,0.002224,939.0973,-0.022449,0.108957,6.232029,0.071976,0.184974,6.232029,-2.3733,10.5901,623.1974,7.7786,20.4346,623.1974
S3A_20250722T100549_vs_HYPERNETS_20250722T100000_RHOW_R_poly.csv,THFR_poly,Hyp,S3A,3.6641600000000003,43.43485999999999,3.66487,43.440225999999996,0.6,5,2025-07-22T08:00:00Z,2025-07-22T08:05:49Z,6,30,16,0.4258,-0.0049,0.5059,0.8094,1.295,8.25e-4,0.002642,0.003777,NA,FALSE,TRUE,0.003599,0.002236,2074.3755,-0.025166,0.100752,6.760811,0.071831,0.159535,6.760811,-2.6372,9.945,675.6467,7.6913,18.1589,675.6467
S3A_20250722T100549_vs_HYPERNETS_20250722T101500_RHOW_R_poly.csv,THFR_poly,Hyp,S3A,3.6641600000000003,43.43485999999999,3.66487,43.440225999999996,0.6,5,2025-07-22T08:15:00Z,2025-07-22T08:05:49Z,9,30,16,0.4402,0.0106,0.5154,0.8222,1.3117,8.21e-4,0.00263,0.003765,NA,FALSE,TRUE,0.003571,0.002211,949.529,-0.009538,0.10747,6.297876,0.060789,0.144939,6.297876,-0.975,10.6553,629.6196,6.0785,15.587,629.6196
S3A_20250722T100549_vs_HYPERNETS_20250722T103000_RHOW_R_poly.csv,THFR_poly,Hyp,S3A,3.6641600000000003,43.43485999999999,3.66487,43.440225999999996,0.6,5,2025-07-22T08:30:00Z,2025-07-22T08:05:49Z,24,30,16,0.4285,0.0181,0.5081,0.8127,1.2998,6.43e-4,0.002527,0.003705,NA,FALSE,TRUE,0.003522,0.002164,639.3507,-0.046206,0.063511,4.899684,0.078259,0.169956,4.899684,-4.8945,6.3102,489.6787,7.795,19.5335,489.6787
S3A_20250725T102815_vs_HYPERNETS_20250725T100000_RHOW_R_poly.csv,THFR_poly,Hyp,S3A,3.6641600000000003,43.43485999999999,3.666484,43.438106000000005,0.41,5,2025-07-25T08:00:00Z,2025-07-25T08:28:15Z,28,30,13,0.2117,0.0715,0.2781,0.4905,0.8654,-0.001107,2.51e-4,0.001021,NA,TRUE,FALSE,0.003544,0.002739,478.7538,-0.722036,-0.388524,0.268643,0.388524,0.722036,0.917311,-259.759,-63.5387,26.8643,63.5387,194.8754,259.831
S3A_20250725T102815_vs_HYPERNETS_20250725T101500_RHOW_R_poly.csv,THFR_poly,Hyp,S3A,3.6641600000000003,43.43485999999999,3.666484,43.438106000000005,0.41,5,2025-07-25T08:15:00Z,2025-07-25T08:28:15Z,13,30,13,0.1924,0.0425,0.2591,0.4585,0.8115,-0.001204,2.02e-4,9.96e-4,NA,TRUE,FALSE,0.003924,0.002999,688.8415,-0.743669,-0.426872,0.141678,0.426872,0.743669,0.923643,-290.1202,-74.4812,14.1678,74.4812,166.3115,303.4741
S3A_20250725T102815_vs_HYPERNETS_20250725T103000_RHOW_R_poly.csv,THFR_poly,Hyp,S3A,3.6641600000000003,43.43485999999999,3.666484,43.438106000000005,0.41,5,2025-07-25T08:30:00Z,2025-07-25T08:28:15Z,2,30,13,0.2154,0.0894,0.2863,0.5059,0.8938,-0.001111,2.52e-4,0.001023,NA,TRUE,FALSE,0.003422,0.00265,406.6159,-0.710908,-0.363339,0.51329,0.51329,0.710908,0.915557,-245.9102,-57.0694,51.329,57.0694,190.6612,250.6883
S3A_20250726T100204_vs_HYPERNETS_20250726T094500_RHOW_R_poly.csv,THFR_poly,Hyp,S3A,3.6641600000000003,43.43485999999999,3.665847,43.437736,0.35,5,2025-07-26T07:45:00Z,2025-07-26T08:02:04Z,17,30,16,0.858,0.5088,1.2204,2.0069,3.3004,-0.008666,-0.003142,2.18e-4,NA,TRUE,FALSE,0.006601,0.004064,332.5671,-0.627294,-0.229614,0.488857,0.277328,0.661371,0.885372,-174.2455,-29.9676,48.2449,38.3791,104.8677,362.9853
S3A_20250726T100204_vs_HYPERNETS_20250726T100000_RHOW_R_poly.csv,THFR_poly,Hyp,S3A,3.6641600000000003,43.43485999999999,3.665847,43.437736,0.35,5,2025-07-26T08:00:00Z,2025-07-26T08:02:04Z,2,30,16,0.8335,0.5065,1.2578,2.0815,3.4444,-0.008721,-0.003122,2.62e-4,NA,TRUE,FALSE,0.006723,0.004063,335.8794,-0.61762,-0.253855,0.537921,0.266005,0.592929,0.882128,-167.6664,-34.0365,53.7347,36.2407,94.5832,392.0392
S3A_20250726T100204_vs_HYPERNETS_20250726T101500_RHOW_R_poly.csv,THFR_poly,Hyp,S3A,3.6641600000000003,43.43485999999999,3.665847,43.437736,0.35,5,2025-07-26T08:15:00Z,2025-07-26T08:02:04Z,13,30,16,0.8467,0.4716,1.3076,2.1685,3.5963,-0.008228,-0.002805,4.64e-4,NA,TRUE,FALSE,0.006815,0.003965,454.0398,-0.58411,-0.115581,0.756101,0.330037,0.66566,1.006825,-144.7014,-13.6355,74.2278,34.7048,117.1085,412.5172
S3A_20250726T100204_vs_HYPERNETS_20250726T103000_RHOW_R_poly.csv,THFR_poly,Hyp,S3A,3.6641600000000003,43.43485999999999,3.665847,43.437736,0.35,5,2025-07-26T08:30:00Z,2025-07-26T08:02:04Z,28,30,16,0.866,0.5611,1.3681,2.2736,3.7782,-0.008285,-0.002823,4.63e-4,NA,TRUE,FALSE,0.006879,0.003883,299.3037,-0.561027,-0.177766,0.681642,0.28051,0.675617,0.862025,-131.4023,-21.6242,68.1415,29.0599,89.735,449.4466
S3A_20250729T102430_vs_HYPERNETS_20250729T104500_RHOW_R_poly.csv,THFR_poly,Hyp,S3A,3.6641600000000003,43.43485999999999,3.664062,43.440818,0.66,5,2025-07-29T08:45:00Z,2025-07-29T08:24:30Z,20,30,6,0.1535,0.6906,0.0944,0.1736,0.319,-5.17e-4,4.58e-4,9.89e-4,NA,TRUE,FALSE,0.005808,0.005083,73.8817,-0.802485,-0.762917,-0.668806,0.668806,0.762917,0.802485,-407.0211,-323.428,-204.7139,204.7139,323.428,407.0211
S3A_20250730T095819_vs_HYPERNETS_20250730T094500_RHOW_R_poly.csv,THFR_poly,Hyp,S3A,3.6641600000000003,43.43485999999999,3.665841,43.438622,0.44,5,2025-07-30T07:45:00Z,2025-07-30T07:58:19Z,13,30,16,1.2335,0.7119,1.263,1.9397,2.9792,-0.002744,3.8e-4,0.002415,NA,TRUE,FALSE,0.005311,0.003223,473.9355,0.154686,0.59587,2.113882,0.175954,0.666039,2.113882,15.454,59.4867,203.8781,17.5938,88.5124,240.0016
S3A_20250730T095819_vs_HYPERNETS_20250730T101600_RHOW_R_poly.csv,THFR_poly,Hyp,S3A,3.6641600000000003,43.43485999999999,3.665841,43.438622,0.44,5,2025-07-30T08:16:00Z,2025-07-30T07:58:19Z,18,30,16,1.2864,0.6763,1.2561,1.8898,2.8433,-0.002959,1.16e-4,0.00216,NA,TRUE,FALSE,0.005036,0.003014,560.6955,0.096558,0.460864,1.775235,0.13482,0.614211,1.775235,9.6558,46.0697,172.6419,13.4609,61.7974,278.2473
S3A_20250802T102045_vs_HYPERNETS_20250802T101500_RHOW_R_poly.csv,THFR_poly,Hyp,S3A,3.6641600000000003,43.43485999999999,3.665033,43.439626999999994,0.54,5,2025-08-02T08:15:00Z,2025-08-02T08:20:45Z,6,30,16,0.3683,0.0939,0.3573,0.5356,0.8031,-9.34e-4,-2.8e-5,5.77e-4,NA,TRUE,FALSE,0.002743,0.002197,207.0511,-0.608562,-0.529933,0.696495,0.538083,0.630705,1.025879,-156.8061,-112.7616,68.1144,110.7383,136.2209,214.3691
S3A_20250802T102045_vs_HYPERNETS_20250802T104500_RHOW_R_poly.csv,THFR_poly,Hyp,S3A,3.6641600000000003,43.43485999999999,3.665033,43.439626999999994,0.54,5,2025-08-02T08:45:00Z,2025-08-02T08:20:45Z,24,30,16,0.5309,-0.0253,0.7276,1.1912,1.9501,-0.001286,-9e-5,6.4e-4,NA,FALSE,FALSE,0.001588,0.00117,1210.7665,-0.038488,0.205903,2.06385,0.210314,0.842021,2.06385,-5.4731,20.587,203.9853,21.029,129.9524,294.0151
S3A_20250803T095434_vs_HYPERNETS_20250803T093000_RHOW_R_poly.csv,THFR_poly,Hyp,S3A,3.6641600000000003,43.43485999999999,3.665667,43.437782,0.35,5,2025-08-03T07:30:00Z,2025-08-03T07:54:34Z,25,30,15,1.0996,0.516,0.9615,1.3561,1.9125,-0.001117,6.54e-4,0.00191,NA,FALSE,FALSE,0.002846,0.00194,816.7984,-0.021871,0.317728,1.030663,0.250604,0.525653,1.030663,-2.3212,31.7728,100.4624,25.6787,52.5653,124.6382
S3A_20250803T095434_vs_HYPERNETS_20250803T094500_RHOW_R_poly.csv,THFR_poly,Hyp,S3A,3.6641600000000003,43.43485999999999,3.665667,43.437782,0.35,5,2025-08-03T07:45:00Z,2025-08-03T07:54:34Z,10,30,15,1.1231,0.4138,0.9762,1.3607,1.8967,-9.87e-4,6.97e-4,0.001905,NA,FALSE,FALSE,0.002821,0.001936,2156.6144,0.008818,0.329673,1.143221,0.251497,0.355132,1.143221,0.8331,32.9673,114.0312,28.3242,55.0705,114.0312
S3A_20250803T095434_vs_HYPERNETS_20250803T100000_RHOW_R_poly.csv,THFR_poly,Hyp,S3A,3.6641600000000003,43.43485999999999,3.665667,43.437782,0.35,5,2025-08-03T08:00:00Z,2025-08-03T07:54:34Z,5,30,15,1.1382,0.6963,0.9892,1.3788,1.9218,-0.001285,4.83e-4,0.001751,NA,FALSE,FALSE,0.002753,0.001892,290.1702,-0.022793,0.315997,0.893684,0.247711,0.329194,0.951472,-2.5254,31.5997,86.8194,25.7296,35.0678,133.2943
S3A_20250803T095434_vs_HYPERNETS_20250803T101500_RHOW_R_poly.csv,THFR_poly,Hyp,S3A,3.6641600000000003,43.43485999999999,3.665667,43.437782,0.35,5,2025-08-03T08:15:00Z,2025-08-03T07:54:34Z,20,30,15,1.1387,0.5181,0.9836,1.3495,1.8515,-0.001059,5.76e-4,0.001768,NA,FALSE,FALSE,0.002674,0.001836,840.8125,-4.6e-5,0.301968,0.796053,0.237583,0.520322,0.806145,-0.1104,30.1968,77.9846,26.7028,52.0322,117.4032
S3A_20250806T101700_vs_HYPERNETS_20250806T100000_RHOW_R_poly.csv,THFR_poly,Hyp,S3A,3.6641600000000003,43.43485999999999,3.665864,43.43835800000001,0.41,5,2025-08-06T08:00:00Z,2025-08-06T08:17:00Z,17,30,7,0.0983,0.1024,0.1575,0.4118,1.0768,-0.001329,2.89e-4,9.08e-4,NA,FALSE,FALSE,0.003545,0.002332,802.8836,-0.628806,-0.02873,0.582725,0.391994,0.655214,0.964972,-170.0853,-2.958,53.1048,53.1048,151.5081,633.4351
S3A_20250806T101700_vs_HYPERNETS_20250806T101500_RHOW_R_poly.csv,THFR_poly,Hyp,S3A,3.6641600000000003,43.43485999999999,3.665864,43.43835800000001,0.41,5,2025-08-06T08:15:00Z,2025-08-06T08:17:00Z,2,30,7,0.0982,0.1675,0.1502,0.3918,1.0222,-0.001317,2.92e-4,9.08e-4,NA,FALSE,FALSE,0.003718,0.002445,469.2947,-0.643967,-0.121852,0.652013,0.428725,0.662549,1.009996,-181.2565,-13.8761,59.7746,59.7746,166.9417,655.125
S3A_20250806T101700_vs_HYPERNETS_20250806T103000_RHOW_R_poly.csv,THFR_poly,Hyp,S3A,3.6641600000000003,43.43485999999999,3.665864,43.43835800000001,0.41,5,2025-08-06T08:30:00Z,2025-08-06T08:17:00Z,13,30,7,0.1014,0.1643,0.1582,0.4133,1.0794,-0.001345,2.82e-4,9.05e-4,NA,FALSE,FALSE,0.003528,0.002335,449.073,-0.647406,-0.157968,0.654486,0.418759,0.691091,1.010455,-185.8142,-18.7603,60.0108,60.0108,152.347,672.3798
S3A_20250806T101700_vs_HYPERNETS_20250806T104500_RHOW_R_poly.csv,THFR_poly,Hyp,S3A,3.6641600000000003,43.43485999999999,3.665864,43.43835800000001,0.41,5,2025-08-06T08:45:00Z,2025-08-06T08:17:00Z,28,30,7,0.1033,0.0871,0.1611,0.4207,1.0987,-0.001235,3.24e-4,9.21e-4,NA,FALSE,FALSE,0.003432,0.002297,1510.9854,-0.525904,0.465629,1.189528,0.528192,0.657933,1.332619,-112.9291,46.5629,112.4015,75.3923,144.3518,597.7926
S3A_20250807T095049_vs_HYPERNETS_20250807T093000_RHOW_R_poly.csv,THFR_poly,Hyp,S3A,3.6641600000000003,43.43485999999999,3.6650519999999998,43.438863999999995,0.45,5,2025-08-07T07:30:00Z,2025-08-07T07:50:49Z,21,30,16,1.6409,0.8305,1.7762,2.7788,4.3472,-0.007265,-0.001863,0.001591,NA,TRUE,FALSE,0.008189,0.004676,423.6526,-0.108858,0.355867,2.101487,0.230913,0.60239,2.101487,-12.3962,35.1167,207.4816,24.2646,75.4628,326.556
S3A_20250807T095049_vs_HYPERNETS_20250807T094500_RHOW_R_poly.csv,THFR_poly,Hyp,S3A,3.6641600000000003,43.43485999999999,3.6650519999999998,43.438863999999995,0.45,5,2025-08-07T07:45:00Z,2025-08-07T07:50:49Z,6,30,16,1.6412,0.8395,1.7523,2.7301,4.2536,-0.007355,-0.00196,0.001503,NA,TRUE,FALSE,0.008093,0.004628,405.5848,-0.134031,0.335531,1.951209,0.22565,0.572353,1.951209,-15.6615,33.1245,193.2489,26.4535,75.471,297.3298
S3A_20250807T095049_vs_HYPERNETS_20250807T100000_RHOW_R_poly.csv,THFR_poly,Hyp,S3A,3.6641600000000003,43.43485999999999,3.6650519999999998,43.438863999999995,0.45,5,2025-08-07T08:00:00Z,2025-08-07T07:50:49Z,9,30,16,1.6977,0.7789,1.7787,2.7544,4.2653,-0.00736,-0.002022,0.001426,NA,TRUE,FALSE,0.008057,0.00463,538.9958,-0.124111,0.353997,1.943447,0.241597,0.583482,1.943447,-14.3909,35.0003,192.5653,26.9324,76.8774,292.7868
S3A_20250807T095049_vs_HYPERNETS_20250807T101500_RHOW_R_poly.csv,THFR_poly,Hyp,S3A,3.6641600000000003,43.43485999999999,3.6650519999999998,43.438863999999995,0.45,5,2025-08-07T08:15:00Z,2025-08-07T07:50:49Z,24,30,16,1.7406,0.8184,1.8201,2.8166,4.3587,-0.007449,-0.002086,0.00138,NA,TRUE,FALSE,0.008098,0.004666,453.3604,-0.114997,0.384791,1.941236,0.262591,0.612681,1.941236,-13.2091,38.0899,192.8216,27.6105,76.179,287.2218
S3A_20250810T101315_vs_HYPERNETS_20250810T094500_RHOW_R_poly.csv,THFR_poly,Hyp,S3A,3.6641600000000003,43.43485999999999,3.665229,43.439536000000004,0.53,5,2025-08-10T07:45:00Z,2025-08-10T08:13:15Z,28,30,13,1.5416,0.8009,1.9994,3.5212,6.2013,-0.011605,-0.002393,0.002838,NA,TRUE,FALSE,0.012227,0.00671,359.9986,0.249848,0.818109,3.545299,0.682511,0.818109,3.545299,24.9848,81.8109,354.5299,68.2511,91.6498,354.5299
S3A_20250810T101315_vs_HYPERNETS_20250810T100000_RHOW_R_poly.csv,THFR_poly,Hyp,S3A,3.6641600000000003,43.43485999999999,3.665229,43.439536000000004,0.53,5,2025-08-10T08:00:00Z,2025-08-10T08:13:15Z,13,30,13,1.6222,0.7313,1.9974,3.4903,6.0992,-0.011712,-0.002549,0.002695,NA,TRUE,FALSE,0.0121,0.006643,495.4903,0.246481,0.710361,3.17762,0.612073,0.738286,3.17762,24.6481,71.0361,317.762,61.2073,89.222,317.762
S3A_20250810T101315_vs_HYPERNETS_20250810T101500_RHOW_R_poly.csv,THFR_poly,Hyp,S3A,3.6641600000000003,43.43485999999999,3.665229,43.439536000000004,0.53,5,2025-08-10T08:15:00Z,2025-08-10T08:13:15Z,2,30,13,1.6427,0.8,2.0272,3.5438,6.1949,-0.011973,-0.002694,0.002614,NA,TRUE,FALSE,0.012119,0.00664,374.3553,0.21114,0.574337,2.947439,0.277729,0.740471,2.947439,21.114,57.4337,294.7439,33.048,91.8933,294.7439
S3A_20250810T101315_vs_HYPERNETS_20250810T103000_RHOW_R_poly.csv,THFR_poly,Hyp,S3A,3.6641600000000003,43.43485999999999,3.665229,43.439536000000004,0.53,5,2025-08-10T08:30:00Z,2025-08-10T08:13:15Z,17,30,13,1.7013,0.9403,2.052,3.5735,6.2229,-0.012543,-0.003068,0.002372,NA,TRUE,FALSE,0.012046,0.006575,246.0668,-0.067068,0.30926,2.35547,0.254693,0.752826,2.35547,-7.1889,30.926,235.547,25.4693,90.5836,304.5726
S3A_20250822T100201_vs_HYPERNETS_20250822T094500_RHOW_R_poly.csv,THFR_poly,Hyp,S3A,3.6641600000000003,43.43485999999999,3.66627,43.437777,0.37,5,2025-08-22T07:45:00Z,2025-08-22T08:02:01Z,17,30,16,1.4458,0.6339,1.7052,2.7243,4.3523,-0.009181,-0.003334,3.25e-4,NA,TRUE,FALSE,0.007507,0.004362,264.1917,-0.581852,0.326577,0.954187,0.494352,0.645156,0.978867,-139.4088,32.2996,94.0236,49.3787,135.3254,381.9512
S3A_20250822T100201_vs_HYPERNETS_20250822T100000_RHOW_R_poly.csv,THFR_poly,Hyp,S3A,3.6641600000000003,43.43485999999999,3.66627,43.437777,0.37,5,2025-08-22T08:00:00Z,2025-08-22T08:02:01Z,2,30,16,1.4336,0.5831,1.753,2.8203,4.5374,-0.009089,-0.003209,4.46e-4,NA,TRUE,FALSE,0.007657,0.004422,343.2219,-0.561527,0.422648,0.999151,0.53449,0.655517,1.009686,-128.2016,42.1518,97.8738,59.187,132.8497,377.8659
S3A_20250822T100201_vs_HYPERNETS_20250822T101500_RHOW_R_poly.csv,THFR_poly,Hyp,S3A,3.6641600000000003,43.43485999999999,3.66627,43.437777,0.37,5,2025-08-22T08:15:00Z,2025-08-22T08:02:01Z,13,30,16,1.3927,0.4229,1.7778,2.8811,4.6693,-0.008787,-0.002952,6.48e-4,NA,TRUE,FALSE,0.007804,0.0045,956.5827,-0.543887,0.574177,1.283685,0.557352,0.803139,1.283685,-119.3168,57.3428,127.3349,87.3567,122.6285,369.92380000000003
S3A_20250822T100201_vs_HYPERNETS_20250822T103000_RHOW_R_poly.csv,THFR_poly,Hyp,S3A,3.6641600000000003,43.43485999999999,3.66627,43.437777,0.37,5,2025-08-22T08:30:00Z,2025-08-22T08:02:01Z,28,30,16,1.5486,0.443,1.7896,2.8466,4.5278,-0.00847,-0.00293,5.52e-4,NA,TRUE,FALSE,0.007608,0.004402,922.95,-0.531886,0.771668,1.546952,0.541636,0.925633,1.546952,-113.6583,75.3901,154.6925,109.0757,143.1518,346.6078
S3A_20250829T102042_vs_HYPERNETS_20250829T100000_RHOW_C_poly.csv,THFR_poly,Hyp,S3A,3.6641600000000003,43.43485999999999,3.6618419999999996,43.440791,0.69,5,2025-08-29T08:00:00Z,2025-08-29T08:20:42Z,21,30,5,-6.121,-1.2517,-31.5272,-9.8671,-3.0881,0.008143,0.014898,0.036481,NA,TRUE,TRUE,0.004982,0.00407,528.3567,2.15662,4.025379,4.599082,2.15662,4.025379,4.599082,215.662,402.5379,459.9082,215.662,402.5379,459.9082
S3A_20250829T102042_vs_HYPERNETS_20250829T103000_RHOW_C_poly.csv,THFR_poly,Hyp,S3A,3.6641600000000003,43.43485999999999,3.6618419999999996,43.440791,0.69,5,2025-08-29T08:30:00Z,2025-08-29T08:20:42Z,9,30,5,-9.3442,-0.8278,-58.4475,-17.2646,-5.0997,0.007243,0.012437,0.030021,NA,TRUE,TRUE,0.00541,0.004639,1573.2923,7.034746,10.799545,10.968977,7.034746,10.799545,10.968977,703.4746,1079.9545,1096.8977,703.4746,1079.9545,1096.8977
S3A_20250902T101656_vs_HYPERNETS_20250902T100000_RHOW_R_poly.csv,THFR_poly,Hyp,S3A,3.6641600000000003,43.43485999999999,3.6643250000000003,43.439693999999996,0.54,5,2025-09-02T08:00:00Z,2025-09-02T08:16:56Z,17,30,16,0.8038,0.358,0.704,0.9548,1.2949,4.37e-4,0.001549,0.002369,NA,FALSE,TRUE,0.002095,0.001517,638.7487,0.09984,0.800402,2.21674,0.103563,0.800402,2.21674,9.9731,79.0453,214.0919,10.5677,79.0453,214.0919
S3A_20250902T101656_vs_HYPERNETS_20250902T101500_RHOW_R_poly.csv,THFR_poly,Hyp,S3A,3.6641600000000003,43.43485999999999,3.6643250000000003,43.439693999999996,0.54,5,2025-09-02T08:15:00Z,2025-09-02T08:16:56Z,2,30,16,0.7961,0.3993,0.6997,0.9566,1.3078,4.34e-4,0.001572,0.002404,NA,FALSE,TRUE,0.002148,0.001538,412.6904,0.103311,0.827091,2.04446,0.104244,0.827091,2.04446,10.3206,81.9635,196.7492,10.5971,81.9635,196.7492
S3A_20250902T101656_vs_HYPERNETS_20250902T103000_RHOW_R_poly.csv,THFR_poly,Hyp,S3A,3.6641600000000003,43.43485999999999,3.6643250000000003,43.439693999999996,0.54,5,2025-09-02T08:30:00Z,2025-09-02T08:16:56Z,13,30,16,0.8229,0.3525,0.7206,0.9765,1.3233,4.63e-4,0.001565,0.002379,NA,FALSE,TRUE,0.002138,0.00156,706.4089,0.13307,0.858167,2.606179,0.13307,0.858167,2.606179,13.2988,84.6546,252.3688,13.2988,84.6546,252.3688
S3A_20250902T101656_vs_HYPERNETS_20250902T104500_RHOW_R_poly.csv,THFR_poly,Hyp,S3A,3.6641600000000003,43.43485999999999,3.6643250000000003,43.439693999999996,0.54,5,2025-09-02T08:45:00Z,2025-09-02T08:16:56Z,28,30,16,0.8213,0.3833,0.7202,0.9796,1.3323,4.62e-4,0.001576,0.002395,NA,FALSE,TRUE,0.002165,0.001572,498.1081,0.131437,0.873657,2.698796,0.131437,0.873657,2.698796,13.1324,86.2788,259.3544,13.1324,86.2788,259.3544
S3A_20250903T095044_vs_HYPERNETS_20250903T093000_RHOW_R_poly.csv,THFR_poly,Hyp,S3A,3.6641600000000003,43.43485999999999,3.6646419999999997,43.438345000000005,0.39,5,2025-09-03T07:30:00Z,2025-09-03T07:50:44Z,21,30,15,1.1142,0.3657,0.9847,1.1575,1.3607,0.002442,0.003057,0.003581,NA,FALSE,TRUE,0.003652,0.003534,489.6616,1.186637,1.515333,7.988606,1.186637,1.515333,7.988606,118.6308,151.5333,678.2235,118.6308,151.5333,678.2235
S3A_20250903T095044_vs_HYPERNETS_20250903T094500_RHOW_R_poly.csv,THFR_poly,Hyp,S3A,3.6641600000000003,43.43485999999999,3.6646419999999997,43.438345000000005,0.39,5,2025-09-03T07:45:00Z,2025-09-03T07:50:44Z,6,30,16,1.0327,0.2199,0.9001,1.1135,1.3775,0.002645,0.003399,0.004007,NA,FALSE,TRUE,0.003898,0.003722,2360.3315,1.246573,1.490744,12.40151,1.246573,1.490744,12.40151,124.4841,148.9759,1239.3831,124.4841,148.9759,1239.3831
S3A_20250903T095044_vs_HYPERNETS_20250903T100000_RHOW_R_poly.csv,THFR_poly,Hyp,S3A,3.6641600000000003,43.43485999999999,3.6646419999999997,43.438345000000005,0.39,5,2025-09-03T08:00:00Z,2025-09-03T07:50:44Z,9,30,16,1.0582,0.2701,0.9247,1.1323,1.3865,0.002576,0.003309,0.003908,NA,FALSE,TRUE,0.003854,0.003691,1042.9624,1.039704,1.419105,10.939072,1.039704,1.419105,10.939072,103.9546,141.9064,1093.7366,103.9546,141.9064,1093.7366
S3A_20250903T095044_vs_HYPERNETS_20250903T101500_RHOW_R_poly.csv,THFR_poly,Hyp,S3A,3.6641600000000003,43.43485999999999,3.6646419999999997,43.438345000000005,0.39,5,2025-09-03T08:15:00Z,2025-09-03T07:50:44Z,24,30,16,1.0415,0.2611,0.9106,1.1126,1.3594,0.002506,0.003245,0.00385,NA,FALSE,TRUE,0.003745,0.003583,1131.139,0.860559,1.392568,9.800678,0.860559,1.392568,9.800678,86.0058,139.2556,980.0614,86.0058,139.2556,980.0614
S3A_20250906T101311_vs_HYPERNETS_20250906T094500_RHOW_R_poly.csv,THFR_poly,Hyp,S3A,3.6641600000000003,43.43485999999999,3.666143,43.439268,0.52,5,2025-09-06T07:45:00Z,2025-09-06T08:13:11Z,28,30,16,1.0225,0.6946,1.0077,1.523,2.3018,-0.003395,-5.2e-4,0.001382,NA,TRUE,FALSE,0.003946,0.002344,279.3751,-0.262154,-0.083078,1.097853,0.17292,0.394436,1.097853,-35.9733,-9.1442,100.8312,19.607,63.5897,138.4631
S3A_20250906T101311_vs_HYPERNETS_20250906T100000_RHOW_R_poly.csv,THFR_poly,Hyp,S3A,3.6641600000000003,43.43485999999999,3.666143,43.439268,0.52,5,2025-09-06T08:00:00Z,2025-09-06T08:13:11Z,13,30,16,1.0802,0.7054,1.0491,1.574,2.3615,-0.003396,-5.62e-4,0.001327,NA,TRUE,FALSE,0.003924,0.002287,268.5881,-0.223768,-0.048814,1.117346,0.131608,0.385148,1.117346,-29.5922,-5.2004,103.2175,15.1555,62.741,134.1238
S3A_20250906T101311_vs_HYPERNETS_20250906T101500_RHOW_R_poly.csv,THFR_poly,Hyp,S3A,3.6641600000000003,43.43485999999999,3.666143,43.439268,0.52,5,2025-09-06T08:15:00Z,2025-09-06T08:13:11Z,2,30,16,1.1104,0.7422,1.061,1.5776,2.3458,-0.003489,-6.76e-4,0.001216,NA,TRUE,FALSE,0.003829,0.002255,225.833,-0.316938,-0.053549,1.03829,0.190309,0.425425,1.03829,-46.9761,-5.6997,96.193,21.2057,70.1403,132.2305
S3A_20250906T101311_vs_HYPERNETS_20250906T103000_RHOW_R_poly.csv,THFR_poly,Hyp,S3A,3.6641600000000003,43.43485999999999,3.666143,43.439268,0.52,5,2025-09-06T08:30:00Z,2025-09-06T08:13:11Z,17,30,16,1.1252,0.837,1.0974,1.65,2.481,-0.003557,-6.57e-4,0.001272,NA,TRUE,FALSE,0.003995,0.002293,158.3038,-0.34807,-0.020955,1.207915,0.17528,0.399056,1.207915,-53.4868,-2.1869,111.9034,21.4251,66.4359,131.9728
S3A_20250910T100928_vs_HYPERNETS_20250910T094500_RHOW_R_poly.csv,THFR_poly,Hyp,S3A,3.6641600000000003,43.43485999999999,3.665671,43.439397,0.52,5,2025-09-10T07:45:00Z,2025-09-10T08:09:28Z,24,30,16,0.8262,0.2531,0.7209,0.9669,1.2969,6.77e-4,0.001583,0.002259,NA,FALSE,TRUE,0.001987,0.001499,692.5541,0.143439,0.700419,3.87463,0.143439,0.700419,3.87463,14.2855,67.9483,382.6993,14.2855,67.9483,382.6993
S3A_20250910T100928_vs_HYPERNETS_20250910T100000_RHOW_R_poly.csv,THFR_poly,Hyp,S3A,3.6641600000000003,43.43485999999999,3.665671,43.439397,0.52,5,2025-09-10T08:00:00Z,2025-09-10T08:09:28Z,9,30,16,0.7865,0.2642,0.6852,0.9134,1.2177,5.6e-4,0.001479,0.002169,NA,FALSE,TRUE,0.001807,0.001313,536.7954,0.038333,0.480907,2.640787,0.072926,0.480907,2.640787,3.8106,46.7267,260.815,7.8664,46.7267,260.815
S3A_20250910T100928_vs_HYPERNETS_20250910T101500_RHOW_R_poly.csv,THFR_poly,Hyp,S3A,3.6641600000000003,43.43485999999999,3.665671,43.439397,0.52,5,2025-09-10T08:15:00Z,2025-09-10T08:09:28Z,6,30,16,0.8329,0.2268,0.7245,0.9589,1.2691,7.86e-4,0.00163,0.002268,NA,FALSE,TRUE,0.001969,0.001523,1091.2291,0.175709,0.635141,4.492632,0.175709,0.635141,4.492632,17.5709,61.9386,442.022,17.5709,61.9386,442.022
S3A_20250910T100928_vs_HYPERNETS_20250910T103000_RHOW_R_poly.csv,THFR_poly,Hyp,S3A,3.6641600000000003,43.43485999999999,3.665671,43.439397,0.52,5,2025-09-10T08:30:00Z,2025-09-10T08:09:28Z,21,30,16,0.821,0.187,0.714,0.9447,1.2499,8.14e-4,0.00165,0.002282,NA,FALSE,TRUE,0.001961,0.001509,2239.0142,0.159363,0.608047,5.445626,0.159363,0.608047,5.445626,15.9344,59.4964,536.3638,15.9344,59.4964,536.3638
S3A_20250917T102811_vs_HYPERNETS_20250917T100000_RHOW_R_poly.csv,THFR_poly,Hyp,S3A,3.6641600000000003,43.43485999999999,3.665004,43.438453,0.41,5,2025-09-17T08:00:00Z,2025-09-17T08:28:11Z,28,30,8,0.0276,-0.0911,0.1158,0.2783,0.669,-3.17e-4,8.16e-4,0.001287,NA,TRUE,FALSE,0.003781,0.003085,720.6706,-0.655593,5.036867,5.92717,0.931369,5.036867,5.92717,-234.8561,502.3114,592.5579,523.0066,601.1445,1018.771
S3A_20250917T102811_vs_HYPERNETS_20250917T101500_RHOW_R_poly.csv,THFR_poly,Hyp,S3A,3.6641600000000003,43.43485999999999,3.665004,43.438453,0.41,5,2025-09-17T08:15:00Z,2025-09-17T08:28:11Z,13,30,8,0.0282,-0.0879,0.1165,0.2801,0.6732,-3.11e-4,8.19e-4,0.001288,NA,TRUE,FALSE,0.00375,0.00307,817.3026,-0.653364,5.512459,6.068252,0.930789,5.512459,6.068252,-232.4777,551.1402,606.4779,557.034,619.3047,1008.3133
S3A_20250917T102811_vs_HYPERNETS_20250917T103000_RHOW_R_poly.csv,THFR_poly,Hyp,S3A,3.6641600000000003,43.43485999999999,3.665004,43.438453,0.41,5,2025-09-17T08:30:00Z,2025-09-17T08:28:11Z,2,30,8,0.0302,-0.0893,0.1177,0.2828,0.6794,-3.12e-4,8.18e-4,0.001288,NA,TRUE,FALSE,0.003706,0.003041,779.2095,-0.652005,5.254991,6.082822,0.92977,5.254991,6.082822,-230.6689,524.7374,608.1234,540.3525,616.8013,993.88
S3A_20250917T102811_vs_HYPERNETS_20250917T104500_RHOW_R_poly.csv,THFR_poly,Hyp,S3A,3.6641600000000003,43.43485999999999,3.665004,43.438453,0.41,5,2025-09-17T08:45:00Z,2025-09-17T08:28:11Z,17,30,8,0.0306,-0.0785,0.1184,0.2844,0.6832,-2.84e-4,8.29e-4,0.001293,NA,TRUE,FALSE,0.00367,0.003036,2012.5646,-0.648711,6.875792,7.622384,0.928898,6.875792,7.622384,-227.295,686.7656,762.1829,704.859,767.8394,979.4754
S3A_20250918T100200_vs_HYPERNETS_20250918T094500_RHOW_R_poly.csv,THFR_poly,Hyp,S3A,3.6641600000000003,43.43485999999999,3.666695,43.437678999999996,0.37,5,2025-09-18T07:45:00Z,2025-09-18T08:02:00Z,17,30,16,0.5881,0.2688,0.7038,1.1277,1.807,-0.001886,1.9e-4,0.001486,NA,FALSE,FALSE,0.003177,0.002268,2895.5507,-0.451551,0.356436,2.355114,0.479339,0.579825,2.355114,-82.5142,34.4041,235.472,71.5284,130.2269,235.472
S3A_20250918T100200_vs_HYPERNETS_20250918T100000_RHOW_R_poly.csv,THFR_poly,Hyp,S3A,3.6641600000000003,43.43485999999999,3.666695,43.437678999999996,0.37,5,2025-09-18T08:00:00Z,2025-09-18T08:02:00Z,2,30,16,0.6235,0.4299,0.714,1.1333,1.7989,-0.001998,8.7e-5,0.0014,NA,FALSE,FALSE,0.003066,0.002203,389.7426,-0.456053,0.298768,1.780591,0.457999,0.565538,1.780591,-84.0485,28.8276,177.6723,71.2771,111.6006,177.6723
S3A_20250918T100200_vs_HYPERNETS_20250918T101500_RHOW_R_poly.csv,THFR_poly,Hyp,S3A,3.6641600000000003,43.43485999999999,3.666695,43.437678999999996,0.37,5,2025-09-18T08:15:00Z,2025-09-18T08:02:00Z,13,30,16,0.6305,0.4373,0.6882,1.0792,1.6924,-0.002146,-5.1e-5,0.001286,NA,FALSE,FALSE,0.002973,0.00221,353.8285,-0.485945,0.150822,1.36627,0.441973,0.600459,1.36627,-94.8887,13.9328,136.353,74.0223,119.4174,160.1725
S3A_20250918T100200_vs_HYPERNETS_20250918T103000_RHOW_R_poly.csv,THFR_poly,Hyp,S3A,3.6641600000000003,43.43485999999999,3.666695,43.437678999999996,0.37,5,2025-09-18T08:30:00Z,2025-09-18T08:02:00Z,28,30,16,0.6415,0.4527,0.6867,1.0708,1.6697,-0.002184,-9.6e-5,0.001243,NA,FALSE,FALSE,0.002925,0.002184,317.311,-0.489594,0.107804,1.053967,0.446724,0.606825,1.053967,-96.1484,9.7255,104.2641,67.9814,102.6172,146.2735
S3A_20250922T095817_vs_HYPERNETS_20250922T093000_RHOW_R_poly.csv,THFR_poly,Hyp,S3A,3.6641600000000003,43.43485999999999,3.665556,43.43871500000001,0.44,5,2025-09-22T07:30:00Z,2025-09-22T07:58:17Z,28,30,14,0.6719,0.4083,0.6453,1.019,1.6091,-0.002123,5.15e-4,0.002185,NA,FALSE,FALSE,0.003016,0.002318,369.8169,-0.369122,-0.175681,1.201046,0.266036,0.427756,1.254276,-58.9762,-21.3315,113.8398,35.8823,74.9898,146.9189
S3A_20250922T095817_vs_HYPERNETS_20250922T094500_RHOW_R_poly.csv,THFR_poly,Hyp,S3A,3.6641600000000003,43.43485999999999,3.665556,43.43871500000001,0.44,5,2025-09-22T07:45:00Z,2025-09-22T07:58:17Z,13,30,14,0.6757,0.4123,0.6414,1.0067,1.5802,-0.002265,3.97e-4,0.002093,NA,FALSE,FALSE,0.002952,0.002337,350.3118,-0.413526,-0.189682,0.994375,0.303603,0.464945,1.067457,-71.323,-23.4315,94.8151,34.3161,86.9938,128.0594
S3A_20250922T095817_vs_HYPERNETS_20250922T100000_RHOW_R_poly.csv,THFR_poly,Hyp,S3A,3.6641600000000003,43.43485999999999,3.665556,43.43871500000001,0.44,5,2025-09-22T08:00:00Z,2025-09-22T07:58:17Z,2,30,14,0.6824,0.1666,0.6473,1.0156,1.5934,-0.002064,5.23e-4,0.002172,NA,FALSE,FALSE,0.002965,0.002281,5898.0249,-0.276645,-0.172833,1.111795,0.238981,0.410704,1.169551,-38.2951,-20.925,105.8217,31.4033,61.0809,143.6174
S3A_20250922T095817_vs_HYPERNETS_20250922T101500_RHOW_R_poly.csv,THFR_poly,Hyp,S3A,3.6641600000000003,43.43485999999999,3.665556,43.43871500000001,0.44,5,2025-09-22T08:15:00Z,2025-09-22T07:58:17Z,17,30,14,0.6924,0.3346,0.6628,1.0448,1.647,-0.002128,5.04e-4,0.002174,NA,FALSE,FALSE,0.002991,0.002251,665.3984,-0.281666,-0.153384,1.242533,0.256923,0.433145,1.285428,-39.2151,-18.1549,118.0558,34.585,60.4847,149.4544
S3A_20250925T102044_vs_HYPERNETS_20250925T100000_RHOW_R_poly.csv,THFR_poly,Hyp,S3A,3.6641600000000003,43.43485999999999,3.664664,43.439143,0.48,5,2025-09-25T08:00:00Z,2025-09-25T08:20:44Z,21,30,14,0.6939,0.3129,0.6285,0.9572,1.4578,-0.001279,5.82e-4,0.001804,NA,FALSE,FALSE,0.00231,0.001781,1276.7903,-0.387824,-0.149605,1.058967,0.24343,0.444331,1.102593,-64.7396,-17.5964,99.8607,29.035,79.9837,118.6425
S3A_20250925T102044_vs_HYPERNETS_20250925T101500_RHOW_R_poly.csv,THFR_poly,Hyp,S3A,3.6641600000000003,43.43485999999999,3.664664,43.439143,0.48,5,2025-09-25T08:15:00Z,2025-09-25T08:20:44Z,6,30,13,0.778,0.9354,0.6668,1.0009,1.5026,-0.002064,1.2e-5,0.001396,NA,FALSE,FALSE,0.00207,0.001621,58.9438,-0.451737,-0.17351,0.229216,0.229216,0.451737,0.556229,-82.3942,-20.9936,22.9216,22.9216,82.3942,111.3973
S3A_20250925T102044_vs_HYPERNETS_20250925T104500_RHOW_R_poly.csv,THFR_poly,Hyp,S3A,3.6641600000000003,43.43485999999999,3.664664,43.439143,0.48,5,2025-09-25T08:45:00Z,2025-09-25T08:20:44Z,24,30,14,0.7162,0.3826,0.6455,0.9793,1.4857,-0.001263,5.79e-4,0.001793,NA,FALSE,FALSE,0.002272,0.001715,685.9976,-0.370005,-0.126096,1.06045,0.222602,0.4265,1.092403,-59.9439,-14.4354,100.4983,28.6359,74.3925,116.4308
S3A_20250926T095433_vs_HYPERNETS_20250926T093000_RHOW_R_poly.csv,THFR_poly,Hyp,S3A,3.6641600000000003,43.43485999999999,3.6646240000000003,43.43961,0.53,5,2025-09-26T07:30:00Z,2025-09-26T07:54:33Z,25,30,16,1.468,0.3551,1.3,1.8024,2.4989,0.002351,0.004509,0.006065,NA,TRUE,TRUE,0.007817,0.006994,1386.5937,1.88537,3.675237,9.561424,1.88537,3.675237,9.561424,188.4433,356.7495,950.9092,188.4433,356.7495,950.9092
S3A_20250926T095433_vs_HYPERNETS_20250926T100000_RHOW_R_poly.csv,THFR_poly,Hyp,S3A,3.6641600000000003,43.43485999999999,3.6646240000000003,43.43961,0.53,5,2025-09-26T08:00:00Z,2025-09-26T07:54:33Z,5,30,16,1.53,0.4004,1.3487,1.8549,2.551,0.002323,0.004442,0.005984,NA,TRUE,TRUE,0.007858,0.007046,949.9197,2.019033,3.592716,7.865168,2.019033,3.592716,7.865168,201.8553,349.9953,781.771,201.8553,349.9953,781.771
S3A_20250929T101700_vs_HYPERNETS_20250929T100000_RHOW_R_poly.csv,THFR_poly,Hyp,S3A,3.6641600000000003,43.43485999999999,3.6663910000000004,43.437738,0.37,5,2025-09-29T08:00:00Z,2025-09-29T08:17:00Z,17,30,16,0.9017,0.6735,0.7823,1.0047,1.2904,-2e-4,6.58e-4,0.001326,NA,FALSE,FALSE,0.001515,0.001002,262.546,-0.093346,0.186185,1.127274,0.201388,0.315821,1.127274,-10.8645,18.0213,112.6877,24.1073,38.2423,121.0322
S3A_20250929T101700_vs_HYPERNETS_20250929T101500_RHOW_R_poly.csv,THFR_poly,Hyp,S3A,3.6641600000000003,43.43485999999999,3.6663910000000004,43.437738,0.37,5,2025-09-29T08:15:00Z,2025-09-29T08:17:00Z,2,30,16,0.9031,0.6334,0.7837,0.9996,1.2749,-1.98e-4,6.38e-4,0.001295,NA,FALSE,FALSE,0.001466,9.84e-4,336.7518,-0.09864,0.167946,1.106846,0.20314,0.310584,1.106846,-11.518,16.2967,110.6744,21.802,39.6448,121.1066
S3A_20250929T101700_vs_HYPERNETS_20250929T103000_RHOW_R_poly.csv,THFR_poly,Hyp,S3A,3.6641600000000003,43.43485999999999,3.6663910000000004,43.437738,0.37,5,2025-09-29T08:30:00Z,2025-09-29T08:17:00Z,13,30,16,0.909,0.5574,0.789,1.0023,1.2733,-1.16e-4,6.91e-4,0.001327,NA,FALSE,FALSE,0.001471,9.73e-4,656.2014,-0.080302,0.190673,1.217619,0.188984,0.348849,1.217619,-9.2005,18.6252,120.5571,23.3634,39.9239,120.5571
S3A_20250929T101700_vs_HYPERNETS_20250929T104500_RHOW_R_poly.csv,THFR_poly,Hyp,S3A,3.6641600000000003,43.43485999999999,3.6663910000000004,43.437738,0.37,5,2025-09-29T08:45:00Z,2025-09-29T08:17:00Z,28,30,16,0.9308,0.4802,0.8083,1.0219,1.2919,-7.1e-5,7.13e-4,0.001332,NA,FALSE,FALSE,0.001477,9.64e-4,1471.9426,-0.057822,0.220098,1.346402,0.176325,0.323338,1.346402,-6.5245,21.6637,130.5082,20.9717,41.3801,130.5082
S3A_20250930T095049_vs_HYPERNETS_20250930T093000_RHOW_R_poly.csv,THFR_poly,Hyp,S3A,3.6641600000000003,43.43485999999999,3.6651230000000004,43.43916,0.48,5,2025-09-30T07:30:00Z,2025-09-30T07:50:49Z,21,30,16,0.6197,0.4193,0.6675,1.0427,1.6289,-0.001634,2.09e-4,0.001388,NA,FALSE,FALSE,0.002991,0.002241,1527.9933,-0.531384,-0.221665,0.959449,0.271891,0.634402,1.087177,-114.1264,-28.6389,90.5885,37.3476,124.7859,371.6481
S3A_20250930T095049_vs_HYPERNETS_20250930T094500_RHOW_R_poly.csv,THFR_poly,Hyp,S3A,3.6641600000000003,43.43485999999999,3.6651230000000004,43.43916,0.48,5,2025-09-30T07:45:00Z,2025-09-30T07:50:49Z,6,30,16,0.6335,0.5496,0.6709,1.0425,1.62,-0.001753,1.15e-4,0.001317,NA,FALSE,FALSE,0.002933,0.002226,548.6528,-0.545278,-0.307441,0.733931,0.356688,0.569198,1.041001,-120.9037,-44.6932,67.196,51.7053,133.5699,380.2911
S3A_20250930T095049_vs_HYPERNETS_20250930T100000_RHOW_R_poly.csv,THFR_poly,Hyp,S3A,3.6641600000000003,43.43485999999999,3.6651230000000004,43.43916,0.48,5,2025-09-30T08:00:00Z,2025-09-30T07:50:49Z,9,30,16,0.6377,0.5616,0.6648,1.0277,1.5888,-0.001805,6.4e-5,0.001272,NA,FALSE,FALSE,0.002897,0.002222,512.3038,-0.555856,-0.320358,0.584681,0.350031,0.580565,0.997009,-126.2907,-47.4652,52.2621,52.4774,127.6531,377.6778
S3A_20250930T095049_vs_HYPERNETS_20250930T101500_RHOW_R_poly.csv,THFR_poly,Hyp,S3A,3.6641600000000003,43.43485999999999,3.6651230000000004,43.43916,0.48,5,2025-09-30T08:15:00Z,2025-09-30T07:50:49Z,24,30,16,0.6361,0.5699,0.6636,1.0261,1.5867,-0.001711,1.25e-4,0.001313,NA,FALSE,FALSE,0.002905,0.00221,489.1281,-0.544918,-0.288843,0.741798,0.339283,0.56749,1.009595,-120.6148,-40.653,69.5368,47.7214,128.6315,375.7306
S3A_20251007T100931_vs_HYPERNETS_20251007T094500_RHOW_R_poly.csv,THFR_poly,Hyp,S3A,3.6641600000000003,43.43485999999999,3.6652,43.439892,0.57,5,2025-10-07T07:45:00Z,2025-10-07T08:09:31Z,25,30,16,0.5799,0.1977,0.5122,0.7071,0.9762,0.002381,0.003539,0.004378,NA,TRUE,TRUE,0.003395,0.002912,1501.454,0.345379,0.949588,7.778507,0.345379,0.949588,7.778507,34.5355,88.0836,773.4931,34.5355,88.0836,773.4931
S3A_20251007T100931_vs_HYPERNETS_20251007T100000_RHOW_R_poly.csv,THFR_poly,Hyp,S3A,3.6641600000000003,43.43485999999999,3.6652,43.439892,0.57,5,2025-10-07T08:00:00Z,2025-10-07T08:09:31Z,10,30,16,0.5869,0.2139,0.5169,0.7094,0.9737,0.002375,0.003517,0.004349,NA,TRUE,TRUE,0.003347,0.002881,1071.9771,0.334205,0.91223,7.338802,0.334205,0.91223,7.338802,33.4204,85.5713,728.1757,33.4204,85.5713,728.1757
S3A_20251007T100931_vs_HYPERNETS_20251007T101500_RHOW_R_poly.csv,THFR_poly,Hyp,S3A,3.6641600000000003,43.43485999999999,3.6652,43.439892,0.57,5,2025-10-07T08:15:00Z,2025-10-07T08:09:31Z,5,30,16,0.592,0.193,0.5211,0.7146,0.9799,0.002496,0.003602,0.004409,NA,TRUE,TRUE,0.003431,0.002959,1788.268,0.387579,0.998371,13.017981,0.387579,0.998371,13.017981,38.7567,94.2042,1301.4157,38.7567,94.2042,1301.4157
S3A_20251007T100931_vs_HYPERNETS_20251007T103000_RHOW_R_poly.csv,THFR_poly,Hyp,S3A,3.6641600000000003,43.43485999999999,3.6652,43.439892,0.57,5,2025-10-07T08:30:00Z,2025-10-07T08:09:31Z,20,30,15,0.6362,0.2901,0.5504,0.7587,1.0459,0.002158,0.003395,0.004293,NA,FALSE,TRUE,0.003275,0.00278,464.4975,0.433166,0.608896,7.488819,0.433166,0.608896,7.488819,43.2975,60.8896,563.1377,43.2975,60.8896,563.1377
S3A_20251010T103157_vs_HYPERNETS_20251010T101500_RHOW_R_poly.csv,THFR_poly,Hyp,S3A,3.6641600000000003,43.43485999999999,3.664959,43.439116000000006,0.48,5,2025-10-10T08:15:00Z,2025-10-10T08:31:57Z,17,30,15,0.9009,0.7223,0.7975,1.1454,1.645,-0.002003,4.78e-4,0.002206,NA,FALSE,FALSE,0.003506,0.002155,310.5735,-0.252239,-0.086903,1.029068,0.145884,0.324494,1.171895,-34.1719,-9.5174,93.4106,15.6691,45.4981,176.2606
S3A_20251010T103157_vs_HYPERNETS_20251010T103000_RHOW_R_poly.csv,THFR_poly,Hyp,S3A,3.6641600000000003,43.43485999999999,3.664959,43.439116000000006,0.48,5,2025-10-10T08:30:00Z,2025-10-10T08:31:57Z,2,30,15,0.9316,0.7247,0.8213,1.1733,1.676,-0.002073,3.99e-4,0.002129,NA,FALSE,FALSE,0.00346,0.0020830000000000002,309.5408,-0.24479,-0.065085,1.021551,0.13992,0.320453,1.181741,-32.8448,-6.9616,93.0055,14.9803,44.0073,171.916
S3A_20251010T103157_vs_HYPERNETS_20251010T110000_RHOW_R_poly.csv,THFR_poly,Hyp,S3A,3.6641600000000003,43.43485999999999,3.664959,43.439116000000006,0.48,5,2025-10-10T09:00:00Z,2025-10-10T08:31:57Z,28,30,15,0.9836,0.5081,0.8616,1.2188,1.724,-0.001925,4.46e-4,0.002122,NA,FALSE,FALSE,0.00345,0.001955,1813.6836,-0.187619,-0.025131,1.049798,0.09847,0.265402,1.143615,-23.5166,-2.5779,96.3659,10.9558,36.1288,172.3439
S3A_20251011T100547_vs_HYPERNETS_20251011T094500_RHOW_R_poly.csv,THFR_poly,Hyp,S3A,3.6641600000000003,43.43485999999999,3.66583,43.438068,0.38,5,2025-10-11T07:45:00Z,2025-10-11T08:05:47Z,21,30,16,0.907,0.3524,0.7876,0.9974,1.2632,0.002248,0.003357,0.004233,NA,FALSE,TRUE,0.003775,0.003346,505.5235,0.63125,1.225413,6.57523,0.63125,1.225413,6.57523,63.1249,119.0246,655.7184,63.1249,119.0246,655.7184
S3A_20251011T100547_vs_HYPERNETS_20251011T100000_RHOW_R_poly.csv,THFR_poly,Hyp,S3A,3.6641600000000003,43.43485999999999,3.66583,43.438068,0.38,5,2025-10-11T08:00:00Z,2025-10-11T08:05:47Z,6,30,16,0.933,0.3165,0.8107,1.0204,1.2843,0.002316,0.003385,0.004235,NA,FALSE,TRUE,0.003854,0.003468,784.8889,0.694681,1.257984,8.774914,0.694681,1.257984,8.774914,69.4663,122.6858,877.4901,69.4663,122.6858,877.4901
S3A_20251011T100547_vs_HYPERNETS_20251011T101500_RHOW_R_poly.csv,THFR_poly,Hyp,S3A,3.6641600000000003,43.43485999999999,3.66583,43.438068,0.38,5,2025-10-11T08:15:00Z,2025-10-11T08:05:47Z,9,30,16,0.9675,0.3369,0.8406,1.0589,1.334,0.002235,0.003325,0.00419,NA,FALSE,TRUE,0.003931,0.003558,632.2221,0.709417,1.301019,7.291393,0.709417,1.301019,7.291393,70.9402,126.7997,728.0412,70.9402,126.7997,728.0412
S3A_20251011T100547_vs_HYPERNETS_20251011T103000_RHOW_R_poly.csv,THFR_poly,Hyp,S3A,3.6641600000000003,43.43485999999999,3.66583,43.438068,0.38,5,2025-10-11T08:30:00Z,2025-10-11T08:05:47Z,24,30,16,0.9766,0.3085,0.849,1.0645,1.3348,0.002358,0.003403,0.004236,NA,FALSE,TRUE,0.004002,0.003652,920.9734,0.78847,1.35762,10.067991,0.78847,1.35762,10.067991,78.8465,133.2208,1006.5969,78.8465,133.2208,1006.5969
S3A_20251015T100203_vs_HYPERNETS_20251015T094500_RHOW_R_poly.csv,THFR_poly,Hyp,S3A,3.6641600000000003,43.43485999999999,3.6653310000000006,43.439065,0.48,5,2025-10-15T07:45:00Z,2025-10-15T08:02:03Z,17,30,16,0.8547,0.421,1.0295,1.6517,2.6498,-0.002147,0.001365,0.003554,NA,TRUE,FALSE,0.00621,0.003772,626.8005,0.33548,1.367945,4.7989560000000004,0.33548,1.367945,4.7989560000000004,33.5041,136.6265,479.5344,33.5041,136.6265,479.5344
S3A_20251015T100203_vs_HYPERNETS_20251015T100000_RHOW_R_poly.csv,THFR_poly,Hyp,S3A,3.6641600000000003,43.43485999999999,3.6653310000000006,43.439065,0.48,5,2025-10-15T08:00:00Z,2025-10-15T08:02:03Z,2,30,16,0.8768,0.4472,1.032,1.648,2.6318,-0.002249,0.001274,0.00348,NA,TRUE,FALSE,0.006125,0.003714,501.3754,0.320234,1.317526,4.447635,0.320234,1.317526,4.447635,31.9888,131.6233,444.526,31.9888,131.6233,444.526
S3A_20251015T100203_vs_HYPERNETS_20251015T101500_RHOW_R_poly.csv,THFR_poly,Hyp,S3A,3.6641600000000003,43.43485999999999,3.6653310000000006,43.439065,0.48,5,2025-10-15T08:15:00Z,2025-10-15T08:02:03Z,13,30,16,0.8861,0.4483,1.0248,1.6303,2.5937,-0.002275,0.001235,0.003442,NA,TRUE,FALSE,0.006052,0.003664,494.5054,0.299928,1.259043,4.220853,0.299928,1.259043,4.220853,29.9622,125.8061,421.8121,29.9622,125.8061,421.8121
S3A_20251015T100203_vs_HYPERNETS_20251015T103000_RHOW_R_poly.csv,THFR_poly,Hyp,S3A,3.6641600000000003,43.43485999999999,3.6653310000000006,43.439065,0.48,5,2025-10-15T08:30:00Z,2025-10-15T08:02:03Z,28,30,16,0.9394,0.2698,1.0591,1.6749,2.6488,-0.002068,0.001331,0.00348,NA,TRUE,FALSE,0.00608,0.00376,6799.2894,0.368859,1.390509,5.003588,0.368859,1.390509,5.003588,36.806,139.0388,500.3455,36.806,139.0388,500.3455
S3A_20251018T102430_vs_HYPERNETS_20251018T100000_RHOW_R_poly.csv,THFR_poly,Hyp,S3A,3.6641600000000003,43.43485999999999,3.6657210000000005,43.438145000000006,0.39,5,2025-10-18T08:00:00Z,2025-10-18T08:24:30Z,24,30,16,1.3471,0.9509,1.2946,1.9314,2.8813,-0.003248,3.55e-4,0.00277,NA,TRUE,FALSE,0.006584,0.003942,232.6149,0.203636,0.460803,2.251633,0.36676,0.536004,2.251633,20.345,45.9451,212.8181,38.5491,69.4181,251.1863
S3A_20251018T102430_vs_HYPERNETS_20251018T101500_RHOW_R_poly.csv,THFR_poly,Hyp,S3A,3.6641600000000003,43.43485999999999,3.6657210000000005,43.438145000000006,0.39,5,2025-10-18T08:15:00Z,2025-10-18T08:24:30Z,10,30,16,1.3595,0.8287,1.2939,1.9194,2.8473,-0.003061,4.39e-4,0.002799,NA,TRUE,FALSE,0.006548,0.003944,386.3002,0.236068,0.491927,2.204583,0.324039,0.548143,2.204583,23.5472,49.0903,209.0321,33.496,54.8994,209.0321
S3A_20251018T102430_vs_HYPERNETS_20251018T103000_RHOW_R_poly.csv,THFR_poly,Hyp,S3A,3.6641600000000003,43.43485999999999,3.6657210000000005,43.438145000000006,0.39,5,2025-10-18T08:30:00Z,2025-10-18T08:24:30Z,6,30,16,1.3866,0.8174,1.3051,1.9223,2.8314,-0.003072,3.8e-4,0.002724,NA,TRUE,FALSE,0.00648,0.003924,411.6743,0.238955,0.499161,2.119755,0.333966,0.549912,2.119755,23.8369,49.8351,202.1877,39.6522,56.6756,212.913
S3A_20251018T102430_vs_HYPERNETS_20251018T104500_RHOW_R_poly.csv,THFR_poly,Hyp,S3A,3.6641600000000003,43.43485999999999,3.6657210000000005,43.438145000000006,0.39,5,2025-10-18T08:45:00Z,2025-10-18T08:24:30Z,20,30,16,1.4096,0.8226,1.3411,1.9891,2.95,-0.002874,5.64e-4,0.002882,NA,TRUE,FALSE,0.006692,0.004119,408.8337,0.31286,0.588975,2.363494,0.348817,0.588975,2.363494,31.1446,58.8632,224.3818,34.8816,63.931,224.3818
S3A_20251023T095434_vs_HYPERNETS_20251023T094500_RHOW_R_poly.csv,THFR_poly,Hyp,S3A,3.6641600000000003,43.43485999999999,3.666254,43.439457,0.54,5,2025-10-23T07:45:00Z,2025-10-23T07:54:34Z,10,30,14,1.1786,1.0931,1.6125,2.7737,4.771,-0.007791,3.6e-4,0.005099,NA,TRUE,FALSE,0.011837,0.007616,275.199,0.558631,0.860371,2.710016,0.558631,0.860371,2.710016,55.8623,85.9156,267.3125,59.7623,89.9618,267.3125
S3A_20251023T095434_vs_HYPERNETS_20251023T101500_RHOW_R_poly.csv,THFR_poly,Hyp,S3A,3.6641600000000003,43.43485999999999,3.666254,43.439457,0.54,5,2025-10-23T08:15:00Z,2025-10-23T07:54:34Z,20,30,14,1.4988,1.2056,1.6911,2.8164,4.6905,-0.008022,-1.5e-4,0.004577,NA,TRUE,FALSE,0.011435,0.007514,217.1539,0.682282,0.955261,2.408348,0.682282,0.955261,2.408348,68.2282,95.5217,240.2861,69.0144,104.6574,240.2861
S3A_20251030T101317_vs_HYPERNETS_20251030T094500_RHOW_R_poly.csv,THFR_poly,Hyp,S3A,3.6641600000000003,43.43485999999999,3.665149,43.438598000000006,0.42,5,2025-10-30T08:45:00Z,2025-10-30T09:13:17Z,28,30,16,0.8258,0.2748,0.72,0.8895,1.0988,0.00215,0.002927,0.003557,NA,FALSE,TRUE,0.002914,0.002517,1584.1845,0.543233,1.215272,12.088619,0.543233,1.215272,12.088619,54.1157,116.2656,1208.8195,54.1157,116.2656,1208.8195
S3A_20251030T101317_vs_HYPERNETS_20251030T100000_RHOW_R_poly.csv,THFR_poly,Hyp,S3A,3.6641600000000003,43.43485999999999,3.665149,43.438598000000006,0.42,5,2025-10-30T09:00:00Z,2025-10-30T09:13:17Z,13,30,16,0.8413,0.3206,0.734,0.904,1.1134,0.002102,0.002879,0.003509,NA,FALSE,TRUE,0.002895,0.002523,761.2266,0.556556,1.200463,8.243263,0.556556,1.200463,8.243263,55.3928,115.4442,824.1071,55.3928,115.4442,824.1071
S3A_20251030T101317_vs_HYPERNETS_20251030T101500_RHOW_R_poly.csv,THFR_poly,Hyp,S3A,3.6641600000000003,43.43485999999999,3.665149,43.438598000000006,0.42,5,2025-10-30T09:15:00Z,2025-10-30T09:13:17Z,2,30,15,0.8547,0.373,0.7382,0.9208,1.1486,0.001975,0.002852,0.003555,NA,FALSE,TRUE,0.002923,0.002547,450.43,0.55229,0.816611,8.424633,0.55229,0.816611,8.424633,54.8729,81.6611,674.5951,54.8729,81.6611,674.5951
S3A_20251030T101317_vs_HYPERNETS_20251030T103000_RHOW_R_poly.csv,THFR_poly,Hyp,S3A,3.6641600000000003,43.43485999999999,3.665149,43.438598000000006,0.42,5,2025-10-30T09:30:00Z,2025-10-30T09:13:17Z,17,30,16,0.853,0.3533,0.745,0.9138,1.1209,0.002104,0.002866,0.003488,NA,FALSE,TRUE,0.002896,0.002549,518.6429,0.577718,1.194771,7.141728,0.577718,1.194771,7.141728,57.4645,115.7613,712.0298,57.4645,115.7613,712.0298
S3A_20251103T100933_vs_HYPERNETS_20251103T094500_RHOW_R_poly.csv,THFR_poly,Hyp,S3A,3.6641600000000003,43.43485999999999,3.665905,43.438951,0.48,5,2025-11-03T08:45:00Z,2025-11-03T09:09:33Z,25,30,15,0.3791,0.0587,0.5653,0.9561,1.6171,-1.43e-4,0.001528,0.002515,NA,FALSE,FALSE,0.003135,0.002509,1137.1115,-0.262682,0.333397,8.236477,0.309555,0.529541,8.236477,-35.693,33.3397,703.159,36.6292,110.9847,703.159
S3A_20251103T100933_vs_HYPERNETS_20251103T100000_RHOW_R_poly.csv,THFR_poly,Hyp,S3A,3.6641600000000003,43.43485999999999,3.665905,43.438951,0.48,5,2025-11-03T09:00:00Z,2025-11-03T09:09:33Z,10,30,16,0.3228,0.0105,0.5687,0.9528,1.5963,2.03e-4,0.001759,0.002687,NA,FALSE,TRUE,0.003325,0.002694,1377.1286,-0.251943,0.511578,11.395611,0.273808,0.659118,11.395611,-33.7199,48.7863,1080.8675,37.5844,116.5082,1080.8675
S3A_20251103T100933_vs_HYPERNETS_20251103T101500_RHOW_R_poly.csv,THFR_poly,Hyp,S3A,3.6641600000000003,43.43485999999999,3.665905,43.438951,0.48,5,2025-11-03T09:15:00Z,2025-11-03T09:09:33Z,5,30,16,0.3205,0.0193,0.5553,0.9294,1.5555,2.64e-4,0.001793,0.002706,NA,FALSE,TRUE,0.003336,0.002718,1275.889,-0.265463,0.523915,13.627882,0.2973,0.652942,13.627882,-36.2041,50.3823,1320.7321,41.1393,113.8008,1320.7321
S3A_20251103T100933_vs_HYPERNETS_20251103T103000_RHOW_R_poly.csv,THFR_poly,Hyp,S3A,3.6641600000000003,43.43485999999999,3.665905,43.438951,0.48,5,2025-11-03T09:30:00Z,2025-11-03T09:09:33Z,20,30,15,0.4082,0.0565,0.5688,0.9551,1.6036,-1.16e-4,0.001526,0.002504,NA,FALSE,FALSE,0.00307,0.002457,1577.0876,-0.26186,0.406609,9.581462,0.345908,0.50667,9.581462,-35.5434,40.6609,728.5822,40.2804,100.2082,728.5822
S3A_20251107T100548_vs_HYPERNETS_20251107T094500_RHOW_R_poly.csv,THFR_poly,Hyp,S3A,3.6641600000000003,43.43485999999999,3.6662779999999997,43.439086999999994,0.5,5,2025-11-07T08:45:00Z,2025-11-07T09:05:48Z,21,30,16,0.884,0.3692,0.77,0.9554,1.1855,5.99e-4,0.001501,0.002227,NA,FALSE,TRUE,0.001944,0.001347,606.9618,0.04983,0.376832,2.142971,0.052752,0.376832,2.142971,4.9777,37.6735,213.5398,5.3233,37.6735,213.5398
S3A_20251107T100548_vs_HYPERNETS_20251107T100000_RHOW_R_poly.csv,THFR_poly,Hyp,S3A,3.6641600000000003,43.43485999999999,3.6662779999999997,43.439086999999994,0.5,5,2025-11-07T09:00:00Z,2025-11-07T09:05:48Z,6,30,15,0.9752,0.6138,0.8533,1.0249,1.231,3.88e-4,0.00121,0.001895,NA,FALSE,TRUE,0.001733,0.00131,104.6104,0.090618,0.42624,1.928562,0.090618,0.42624,1.928562,9.0593,42.624,189.7949,9.0593,42.624,189.7949
S3A_20251107T100548_vs_HYPERNETS_20251107T101500_RHOW_R_poly.csv,THFR_poly,Hyp,S3A,3.6641600000000003,43.43485999999999,3.6662779999999997,43.439086999999994,0.5,5,2025-11-07T09:15:00Z,2025-11-07T09:05:48Z,9,30,16,0.8855,0.29,0.7747,0.9448,1.1523,5.81e-4,0.00142,0.002109,NA,FALSE,TRUE,0.00178,0.001233,1720.7276,0.041622,0.324499,2.139705,0.049605,0.324499,2.139705,4.1531,32.4163,213.5945,5.1548,32.4163,213.5945
S3A_20251107T100548_vs_HYPERNETS_20251107T103000_RHOW_R_poly.csv,THFR_poly,Hyp,S3A,3.6641600000000003,43.43485999999999,3.6662779999999997,43.439086999999994,0.5,5,2025-11-07T09:30:00Z,2025-11-07T09:05:48Z,24,30,16,0.8953,0.3627,0.7848,0.9509,1.1522,6.58e-4,0.001459,0.00212,NA,FALSE,TRUE,0.001788,0.001272,667.9978,0.058348,0.351212,2.551327,0.058348,0.351212,2.551327,5.8217,35.009,254.1013,5.8217,35.009,254.1013
S3A_20251115T095817_vs_HYPERNETS_20251115T093000_RHOW_R_poly.csv,THFR_poly,Hyp,S3A,3.6641600000000003,43.43485999999999,3.6667,43.437755,0.38,5,2025-11-15T08:30:00Z,2025-11-15T08:58:17Z,28,30,15,0.9638,0.7052,1.168,1.9209,3.1592,-0.002799,0.001236,0.003689,NA,TRUE,FALSE,0.007447,0.004318,606.6529,0.163922,0.504146,4.27122,0.252062,0.590963,4.27122,16.2641,50.4146,375.737,25.1613,62.8056,375.737
S3A_20251115T095817_vs_HYPERNETS_20251115T094500_RHOW_R_poly.csv,THFR_poly,Hyp,S3A,3.6641600000000003,43.43485999999999,3.6667,43.437755,0.38,5,2025-11-15T08:45:00Z,2025-11-15T08:58:17Z,13,30,15,0.9968,0.7568,1.1689,1.9102,3.1216,-0.002882,0.001145,0.003609,NA,TRUE,FALSE,0.007339,0.004249,478.5974,0.160545,0.514695,3.92442,0.242025,0.624588,3.92442,15.9434,51.4695,347.2565,24.1645,62.4588,360.3008
S3A_20251115T095817_vs_HYPERNETS_20251115T100000_RHOW_R_poly.csv,THFR_poly,Hyp,S3A,3.6641600000000003,43.43485999999999,3.6667,43.437755,0.38,5,2025-11-15T09:00:00Z,2025-11-15T08:58:17Z,2,30,15,1.0437,0.7596,1.1896,1.9321,3.1381,-0.003025,0.001018,0.003507,NA,TRUE,FALSE,0.007257,0.00422,495.7095,0.166145,0.511236,3.395598,0.253931,0.592525,3.395598,16.4633,51.1236,309.7457,25.3609,59.2525,334.0162
S3A_20251115T095817_vs_HYPERNETS_20251115T101500_RHOW_R_poly.csv,THFR_poly,Hyp,S3A,3.6641600000000003,43.43485999999999,3.6667,43.437755,0.38,5,2025-11-15T09:15:00Z,2025-11-15T08:58:17Z,17,30,15,1.0489,0.5095,1.194,1.9388,3.148,-0.002865,0.001115,0.003565,NA,TRUE,FALSE,0.00729,0.004265,2932.4629,0.185325,0.540326,4.75937,0.265313,0.540326,4.75937,18.4166,54.0326,395.1749,26.5012,65.5245,395.1749
S3A_20251118T102044_vs_HYPERNETS_20251118T100000_RHOW_R_poly.csv,THFR_poly,Hyp,S3A,3.6641600000000003,43.43485999999999,3.666138,43.439122000000005,0.5,5,2025-11-18T09:00:00Z,2025-11-18T09:20:44Z,21,30,14,0.8612,0.7832,0.7424,1.0689,1.5389,-7.45e-4,5.17e-4,0.001394,NA,FALSE,FALSE,0.001889,0.001119,113.804,-0.07839,0.120641,0.766659,0.112645,0.346069,0.766659,-8.5089,11.7581,76.2908,11.7147,42.2678,79.5116
S3A_20251118T102044_vs_HYPERNETS_20251118T101500_RHOW_R_poly.csv,THFR_poly,Hyp,S3A,3.6641600000000003,43.43485999999999,3.666138,43.439122000000005,0.5,5,2025-11-18T09:15:00Z,2025-11-18T09:20:44Z,6,30,15,0.8043,0.6573,0.7132,1.0265,1.4776,-4.94e-4,6.97e-4,0.001525,NA,FALSE,FALSE,0.001972,0.001263,298.8534,-0.267039,-0.070022,1.334421,0.094502,0.34301,1.334421,-36.5936,-7.5294,117.8387,10.4425,49.5283,136.1407
S3A_20251118T102044_vs_HYPERNETS_20251118T103000_RHOW_R_poly.csv,THFR_poly,Hyp,S3A,3.6641600000000003,43.43485999999999,3.666138,43.439122000000005,0.5,5,2025-11-18T09:30:00Z,2025-11-18T09:20:44Z,9,30,15,0.8237,0.5332,0.7286,1.0456,1.5004,-3.54e-4,7.87e-4,0.001581,NA,FALSE,FALSE,0.001999,0.001248,681.8626,-0.067773,0.244745,1.444645,0.158581,0.371664,1.444645,-7.2763,24.4745,127.7651,16.1845,42.5112,133.7087
S3A_20251118T102044_vs_HYPERNETS_20251118T104500_RHOW_R_poly.csv,THFR_poly,Hyp,S3A,3.6641600000000003,43.43485999999999,3.666138,43.439122000000005,0.5,5,2025-11-18T09:45:00Z,2025-11-18T09:20:44Z,24,30,15,0.726,0.6777,0.6484,0.9411,1.3659,-7.7e-4,5.3e-4,0.001425,NA,FALSE,FALSE,0.001986,0.001501,239.3418,-0.480923,-0.196652,1.054288,0.273459,0.487512,1.153206,-92.6651,-24.479,92.4725,34.5367,95.1267,143.9392
S3A_20251119T095433_vs_HYPERNETS_20251119T093000_RHOW_R_poly.csv,THFR_poly,Hyp,S3A,3.6641600000000003,43.43485999999999,3.6659640000000002,43.438846999999996,0.47,5,2025-11-19T08:30:00Z,2025-11-19T08:54:33Z,25,30,6,-0.2216,-0.2477,-1.014,-0.3835,-0.145,0.002143,0.002443,0.003236,NA,TRUE,TRUE,0.003351,0.002835,1906.7301,12.771837,16.547045,23.910367,12.771837,16.547045,23.910367,1276.559,1628.0214,2377.49,1276.559,1628.0214,2377.49
S3A_20251119T095433_vs_HYPERNETS_20251119T100000_RHOW_R_poly.csv,THFR_poly,Hyp,S3A,3.6641600000000003,43.43485999999999,3.6659640000000002,43.438846999999996,0.47,5,2025-11-19T09:00:00Z,2025-11-19T08:54:33Z,5,30,6,-0.1832,-0.2155,-0.8403,-0.3176,-0.12,0.00214,0.002434,0.003213,NA,TRUE,TRUE,0.003829,0.003081,2863.9301,15.84666,17.898974,20.126446,15.84666,17.898974,20.126446,1584.5686,1781.8956,2012.4531,1584.5686,1781.8956,2012.4531
S3A_20251119T095433_vs_HYPERNETS_20251119T101500_RHOW_R_poly.csv,THFR_poly,Hyp,S3A,3.6641600000000003,43.43485999999999,3.6659640000000002,43.438846999999996,0.47,5,2025-11-19T09:15:00Z,2025-11-19T08:54:33Z,20,30,6,-0.1741,-0.2702,-0.7926,-0.3002,-0.1137,0.00215,0.002461,0.003283,NA,TRUE,TRUE,0.003991,0.003098,1289.6513,5.997391,7.332692,10.182163,5.997391,7.332692,10.182163,597.5521,732.5403,1007.7959,715.3034,921.3289,1213.8634
S3A_20251122T101659_vs_HYPERNETS_20251122T100000_RHOW_R_poly.csv,THFR_poly,Hyp,S3A,3.6641600000000003,43.43485999999999,3.665461,43.439211,0.5,5,2025-11-22T09:00:00Z,2025-11-22T09:16:59Z,17,30,15,0.7842,0.7762,0.7689,1.1898,1.8411,-8.27e-4,7.68e-4,0.001799,NA,FALSE,FALSE,0.002693,0.001501,144.2721,0.068591,0.763645,1.770142,0.126959,0.763645,1.770142,6.6883,76.3645,175.0288,13.5855,76.3645,175.0288
S3A_20251122T101659_vs_HYPERNETS_20251122T101500_RHOW_R_poly.csv,THFR_poly,Hyp,S3A,3.6641600000000003,43.43485999999999,3.665461,43.439211,0.5,5,2025-11-22T09:15:00Z,2025-11-22T09:16:59Z,2,30,16,0.7574,0.6981,0.7476,1.1307,1.7102,-6.07e-4,8.29e-4,0.001779,NA,FALSE,FALSE,0.002592,0.001539,261.6956,-0.086429,0.42762,1.286348,0.152904,0.477719,1.286348,-9.464,42.2544,116.2157,15.7321,59.2669,116.2157
S3A_20251122T101659_vs_HYPERNETS_20251122T103000_RHOW_R_poly.csv,THFR_poly,Hyp,S3A,3.6641600000000003,43.43485999999999,3.665461,43.439211,0.5,5,2025-11-22T09:30:00Z,2025-11-22T09:16:59Z,13,30,16,0.736,0.5237,0.7385,1.1251,1.7141,-4.61e-4,9.46e-4,0.001869,NA,FALSE,FALSE,0.002684,0.001601,918.8299,-0.021907,0.537666,2.187635,0.116549,0.537666,2.187635,-2.2514,52.6901,214.5564,13.2025,52.6901,214.5564
S3A_20251122T101659_vs_HYPERNETS_20251122T104500_RHOW_R_poly.csv,THFR_poly,Hyp,S3A,3.6641600000000003,43.43485999999999,3.665461,43.439211,0.5,5,2025-11-22T09:45:00Z,2025-11-22T09:16:59Z,28,30,16,0.7319,0.6216,0.7175,1.0815,1.6304,-6.13e-4,8.16e-4,0.001764,NA,FALSE,FALSE,0.002549,0.001551,403.909,-0.116209,0.320184,1.15958,0.156134,0.438004,1.15958,-13.1606,31.7615,105.083,18.5112,47.4923,120.978
S3A_20251126T101315_vs_HYPERNETS_20251126T094500_RHOW_R_poly.csv,THFR_poly,Hyp,S3A,3.6641600000000003,43.43485999999999,3.665807,43.43748399999999,0.32,5,2025-11-26T08:45:00Z,2025-11-26T09:13:15Z,28,30,14,0.9508,0.9381,1.1455,1.9334,3.2631,-0.00358,1.84e-4,0.002414,NA,TRUE,FALSE,0.005558,0.002912,179.4266,-0.054004,0.244126,1.51241,0.143107,0.244126,1.51241,-5.7624,24.3767,145.0331,16.6474,24.3767,145.0331
S3A_20251126T101315_vs_HYPERNETS_20251126T100000_RHOW_R_poly.csv,THFR_poly,Hyp,S3A,3.6641600000000003,43.43485999999999,3.665807,43.43748399999999,0.32,5,2025-11-26T09:00:00Z,2025-11-26T09:13:15Z,13,30,15,1.0031,0.7727,1.1157,1.8015,2.9089,-0.003291,2.8e-5,0.0020830000000000002,NA,TRUE,FALSE,0.005085,0.002691,301.3409,-0.20984,0.144269,2.181872,0.181833,0.313088,2.181872,-26.5939,14.4269,208.7175,20.3883,36.5932,208.7175
S3A_20251126T101315_vs_HYPERNETS_20251126T101500_RHOW_R_poly.csv,THFR_poly,Hyp,S3A,3.6641600000000003,43.43485999999999,3.665807,43.43748399999999,0.32,5,2025-11-26T09:15:00Z,2025-11-26T09:13:15Z,2,30,15,0.9547,0.5002,1.1805,1.9483,3.2157,-0.002463,6.46e-4,0.00253,NA,TRUE,FALSE,0.005552,0.003002,2194.6912,0.137696,0.948257,5.28307,0.164777,0.948257,5.28307,13.3101,94.8257,496.2391,16.706,94.8257,496.2391
S3A_20251126T101315_vs_HYPERNETS_20251126T103000_RHOW_R_poly.csv,THFR_poly,Hyp,S3A,3.6641600000000003,43.43485999999999,3.665807,43.43748399999999,0.32,5,2025-11-26T09:30:00Z,2025-11-26T09:13:15Z,17,30,15,0.9538,0.6441,1.1202,1.8312,2.9935,-0.002777,4.08e-4,0.002356,NA,TRUE,FALSE,0.00532,0.002819,604.694,-0.061912,0.232602,3.606543,0.142963,0.232602,3.606543,-6.624,23.2602,319.9586,15.3555,23.2602,319.9586
S3A_20251130T100930_vs_HYPERNETS_20251130T094500_RHOW_R_poly.csv,THFR_poly,Hyp,S3A,3.6641600000000003,43.43485999999999,3.6650449999999997,43.43923,0.49,5,2025-11-30T08:45:00Z,2025-11-30T09:09:30Z,24,30,6,0.0557,0.0843,0.0859,0.2612,0.7943,6.46e-4,0.001695,0.002039,NA,TRUE,TRUE,0.003043,0.002338,272.4161,0.642258,2.116486,2.904103,0.887742,2.116486,2.904103,58.9427,203.9899,290.3663,164.5342,260.3059,290.3663
S3A_20251130T100930_vs_HYPERNETS_20251130T100000_RHOW_R_poly.csv,THFR_poly,Hyp,S3A,3.6641600000000003,43.43485999999999,3.6650449999999997,43.43923,0.49,5,2025-11-30T09:00:00Z,2025-11-30T09:09:30Z,10,30,6,0.0577,0.0522,0.0892,0.2714,0.8254,9.11e-4,0.001782,0.002068,NA,TRUE,TRUE,0.002991,0.002516,846.7025,2.741603,6.658013,8.714931,2.741603,6.658013,8.714931,260.9773,638.3567,871.492,265.3268,638.3567,871.492
S3A_20251130T100930_vs_HYPERNETS_20251130T103000_RHOW_R_poly.csv,THFR_poly,Hyp,S3A,3.6641600000000003,43.43485999999999,3.6650449999999997,43.43923,0.49,5,2025-11-30T09:30:00Z,2025-11-30T09:09:30Z,20,30,6,0.0578,0.0452,0.0856,0.2599,0.7892,0.001011,0.001814,0.002078,NA,TRUE,TRUE,0.003118,0.002651,3194.7882,8.616149,12.043186,13.032653,8.616149,12.043186,13.032653,850.3713,1202.2427,1303.1881,850.3713,1202.2427,1303.1881
S3A_20251203T103156_vs_HYPERNETS_20251203T101500_RHOW_R_poly.csv,THFR_poly,Hyp,S3A,3.6641600000000003,43.43485999999999,3.6643840000000005,43.43982,0.55,5,2025-12-03T09:15:00Z,2025-12-03T09:31:56Z,17,30,16,1.279,0.7637,1.9612,3.2503,5.3868,-0.00363,7.12e-4,0.003332,NA,TRUE,FALSE,0.00918,0.005286,752.9225,0.865998,1.356477,6.813588,0.865998,1.356477,6.813588,86.3545,134.9659,594.8615,86.3545,134.9659,594.8615
S3A_20251203T103156_vs_HYPERNETS_20251203T103000_RHOW_R_poly.csv,THFR_poly,Hyp,S3A,3.6641600000000003,43.43485999999999,3.6643840000000005,43.43982,0.55,5,2025-12-03T09:30:00Z,2025-12-03T09:31:56Z,2,30,16,1.2798,0.7584,1.8681,3.0809,5.0811,-0.003789,5.83e-4,0.003234,NA,TRUE,FALSE,0.009031,0.005132,733.0339,0.722095,1.191642,5.889653,0.722095,1.191642,5.889653,72.0878,118.304,523.5127,72.0878,118.304,523.5127
S3A_20251203T103156_vs_HYPERNETS_20251203T104500_RHOW_R_poly.csv,THFR_poly,Hyp,S3A,3.6641600000000003,43.43485999999999,3.6643840000000005,43.43982,0.55,5,2025-12-03T09:45:00Z,2025-12-03T09:31:56Z,13,30,12,0.8436,0.2453,1.8121,3.432,6.5,-0.00626,0.001199,0.005138,NA,TRUE,FALSE,0.010709,0.007112,7426.7044,1.03222,1.791337,7.37207,1.03222,1.791337,7.37207,103.0546,178.6724,647.1817,103.0546,178.6724,647.1817
S3A_20251203T103156_vs_HYPERNETS_20251203T110000_RHOW_R_poly.csv,THFR_poly,Hyp,S3A,3.6641600000000003,43.43485999999999,3.6643840000000005,43.43982,0.55,5,2025-12-03T10:00:00Z,2025-12-03T09:31:56Z,28,30,16,1.2582,0.7798,1.873,3.0953,5.1151,-0.003758,6.16e-4,0.003262,NA,TRUE,FALSE,0.009065,0.005155,665.1034,0.581466,1.255718,6.155245,0.581466,1.255718,6.155245,57.9965,124.8024,545.8501,57.9965,124.8024,545.8501
S3A_20251208T100159_vs_HYPERNETS_20251208T094500_RHOW_R_poly.csv,THFR_poly,Hyp,S3A,3.6641600000000003,43.43485999999999,3.6661310000000005,43.439586999999996,0.55,5,2025-12-08T08:45:00Z,2025-12-08T09:01:59Z,17,30,16,0.1849,-0.027,0.4091,0.6933,1.1752,0.002524,0.00349,0.004059,NA,FALSE,TRUE,0.00391,0.003223,21224.6439,0.945696,2.689889,78.918156,0.945696,2.689889,78.918156,94.2522,240.6221,7753.4342,94.2522,240.6221,7753.4342
S3A_20251208T100159_vs_HYPERNETS_20251208T100000_RHOW_R_poly.csv,THFR_poly,Hyp,S3A,3.6641600000000003,43.43485999999999,3.6661310000000005,43.439586999999996,0.55,5,2025-12-08T09:00:00Z,2025-12-08T09:01:59Z,2,30,15,0.2629,0.0277,0.3686,0.6193,1.0406,0.002333,0.003278,0.003841,NA,FALSE,TRUE,0.003394,0.002845,7744.3334,0.801291,1.193516,58.274618,0.801291,1.193516,58.274618,79.7061,119.3516,2576.2161,79.7061,119.3516,2576.2161
S3A_20251208T100159_vs_HYPERNETS_20251208T101500_RHOW_R_poly.csv,THFR_poly,Hyp,S3A,3.6641600000000003,43.43485999999999,3.6661310000000005,43.439586999999996,0.55,5,2025-12-08T09:15:00Z,2025-12-08T09:01:59Z,13,30,15,0.262,0.0287,0.3617,0.6065,1.0172,0.002266,0.003236,0.003814,NA,FALSE,TRUE,0.003333,0.002807,2304.2987,0.710703,1.132735,35.429277,0.710703,1.132735,35.429277,70.8429,113.2735,1709.4465,70.8429,113.2735,1709.4465
S3A_20251208T100159_vs_HYPERNETS_20251208T103000_RHOW_R_poly.csv,THFR_poly,Hyp,S3A,3.6641600000000003,43.43485999999999,3.6661310000000005,43.439586999999996,0.55,5,2025-12-08T09:30:00Z,2025-12-08T09:01:59Z,28,30,15,0.2595,0.0291,0.3546,0.5939,0.9947,0.002239,0.003218,0.003802,NA,TRUE,TRUE,0.003305,0.002794,2341.4779,0.655189,1.119125,33.985997,0.655189,1.119125,33.985997,65.4337,111.9125,1653.1303,65.4337,111.9125,1653.1303
S3A_20251230T103156_vs_HYPERNETS_20251230T101500_RHOW_R_poly.csv,THFR_poly,Hyp,S3A,3.6641600000000003,43.43485999999999,3.6662179999999998,43.439474,0.54,5,2025-12-30T09:15:00Z,2025-12-30T09:31:56Z,17,30,16,0.6386,0.5472,0.9114,1.4993,2.4665,-0.002463,4.13e-4,0.002162,NA,FALSE,FALSE,0.004792,0.002765,825.739,-0.297593,-0.054402,2.10493,0.144986,0.498923,2.10493,-44.3649,-6.0324,209.1295,15.9204,99.6309,209.1295
S3A_20251230T103156_vs_HYPERNETS_20251230T103000_RHOW_R_poly.csv,THFR_poly,Hyp,S3A,3.6641600000000003,43.43485999999999,3.6662179999999998,43.439474,0.54,5,2025-12-30T09:30:00Z,2025-12-30T09:31:56Z,2,30,15,0.7397,0.8235,0.9209,1.5217,2.5146,-0.003238,-1.4e-5,0.001937,NA,FALSE,FALSE,0.004633,0.002564,160.7648,-0.165682,-0.007151,1.798866,0.135515,0.475855,1.798866,-19.9002,-0.7202,179.5755,15.6809,90.7868,179.5755
S3A_20251230T103156_vs_HYPERNETS_20251230T104500_RHOW_R_poly.csv,THFR_poly,Hyp,S3A,3.6641600000000003,43.43485999999999,3.6662179999999998,43.439474,0.54,5,2025-12-30T09:45:00Z,2025-12-30T09:31:56Z,13,30,16,0.7298,0.5679,0.8749,1.4023,2.2476,-0.002757,1.12e-4,0.001903,NA,FALSE,FALSE,0.004371,0.00264,916.0118,-0.401544,-0.151751,1.446891,0.193002,0.52719800000000006,1.446891,-68.3316,-17.9908,143.5201,23.9173,111.5228,163.5393
S3A_20251230T103156_vs_HYPERNETS_20251230T110000_RHOW_R_poly.csv,THFR_poly,Hyp,S3A,3.6641600000000003,43.43485999999999,3.6662179999999998,43.439474,0.54,5,2025-12-30T10:00:00Z,2025-12-30T09:31:56Z,28,30,16,0.7419,0.5535,0.8922,1.4309,2.2949,-0.002714,1.42e-4,0.001923,NA,FALSE,FALSE,0.004396,0.002617,1058.364,-0.29896,-0.111435,1.558428,0.174513,0.516344,1.558428,-45.1759,-12.806,154.0393,21.1407,106.7841,155.5004
S3A_20251231T100545_vs_HYPERNETS_20251231T094500_RHOW_R_poly.csv,THFR_poly,Hyp,S3A,3.6641600000000003,43.43485999999999,3.6659240000000004,43.439501,0.54,5,2025-12-31T08:45:00Z,2025-12-31T09:05:45Z,21,30,14,0.8724,0.2671,0.8344,1.3149,2.072,0.001172,0.003056,0.004251,NA,FALSE,TRUE,0.004683,0.003839,2046.4509,1.138281,2.428271,24.843246,1.138281,2.428271,24.843246,113.8274,233.8346,2481.9689,113.8274,233.8346,2481.9689
S3A_20251231T100545_vs_HYPERNETS_20251231T100000_RHOW_R_poly.csv,THFR_poly,Hyp,S3A,3.6641600000000003,43.43485999999999,3.6659240000000004,43.439501,0.54,5,2025-12-31T09:00:00Z,2025-12-31T09:05:45Z,6,30,16,0.7268,0.2775,0.8739,1.4015,2.2477,0.001173,0.003252,0.004548,NA,FALSE,TRUE,0.00541,0.004238,1088.7825,0.993358,2.76501,11.233789,0.993358,2.76501,11.233789,99.3165,274.8648,1123.3222,99.3165,274.8648,1123.3222
S3A_20251231T100545_vs_HYPERNETS_20251231T101500_RHOW_R_poly.csv,THFR_poly,Hyp,S3A,3.6641600000000003,43.43485999999999,3.6659240000000004,43.439501,0.54,5,2025-12-31T09:15:00Z,2025-12-31T09:05:45Z,9,30,16,0.7604,0.2593,0.8659,1.3726,2.176,0.001157,0.003202,0.004491,NA,FALSE,TRUE,0.005278,0.00415,1799.2966,0.982983,2.643421,14.920611,0.982983,2.643421,14.920611,98.2446,260.729,1491.3298,98.2446,260.729,1491.3298
S3A_20251231T100545_vs_HYPERNETS_20251231T103000_RHOW_R_poly.csv,THFR_poly,Hyp,S3A,3.6641600000000003,43.43485999999999,3.6659240000000004,43.439501,0.54,5,2025-12-31T09:30:00Z,2025-12-31T09:05:45Z,24,30,16,0.7834,0.306,0.8738,1.3781,2.1736,0.001002,0.003085,0.004406,NA,FALSE,TRUE,0.005188,0.004076,941.1498,0.924823,2.457402,10.886219,0.924823,2.457402,10.886219,92.4469,242.9623,1087.8051,92.4469,242.9623,1087.8051
S3B_20250117T094918_vs_HYPERNETS_20250117T093000_RHOW_R_poly.csv,THFR_poly,Hyp,S3B,3.6641600000000003,43.43485999999999,3.6620679999999997,43.440324,0.63,5,2025-01-17T08:30:00Z,2025-01-17T08:49:18Z,19,30,9,0.5058,0.7823,0.4431,0.87,1.7084,-0.001059,3.88e-4,0.001125,NA,FALSE,FALSE,0.001557,0.001123,92.786,-0.507452,0.136682,1.123212,0.507452,0.702554,1.123212,-103.0261,13.6682,112.3212,55.6066,112.3212,222.3835
S3B_20250117T094918_vs_HYPERNETS_20250117T094500_RHOW_R_poly.csv,THFR_poly,Hyp,S3B,3.6641600000000003,43.43485999999999,3.66235,43.440208,0.61,5,2025-01-17T08:45:00Z,2025-01-17T08:49:18Z,4,30,1,NA,NA,NA,NA,NA,NA,NA,NA,NA,NA,NA,NA,NA,NA,NA,NA,NA,NA,NA,NA,NA,NA,NA,NA,NA,NA
S3B_20250117T094918_vs_HYPERNETS_20250117T100000_RHOW_R_poly.csv,THFR_poly,Hyp,S3B,3.6641600000000003,43.43485999999999,3.6615610000000003,43.440533,0.67,5,2025-01-17T09:00:00Z,2025-01-17T08:49:18Z,11,30,5,0.3159,-0.0024,0.2032,0.7296,2.6198,-0.003392,9.05e-4,0.002101,NA,FALSE,FALSE,0.002236,0.001768,2973.894,-0.396071,-0.204585,2.864275,0.396071,0.802874,2.864275,-65.5823,-25.7205,286.4275,65.5823,286.4275,407.2888
S3B_20250117T094918_vs_HYPERNETS_20250117T101500_RHOW_R_poly.csv,THFR_poly,Hyp,S3B,3.6641600000000003,43.43485999999999,3.661955,43.44037,0.64,5,2025-01-17T09:15:00Z,2025-01-17T08:49:18Z,26,30,7,0.4313,0.1228,0.3276,0.7619,1.7719,-0.001028,6.69e-4,0.001398,NA,FALSE,FALSE,0.001958,0.001426,13234.9013,-0.320158,2.310832,70.543615,0.618222,2.310832,70.543615,-48.8663,231.0832,3612.9499,139.9109,430.975,3612.9499
S3B_20250204T102256_vs_HYPERNETS_20250204T100000_RHOW_R_poly.csv,THFR_poly,Hyp,S3B,3.6641600000000003,43.43485999999999,3.6662049999999997,43.437773,0.36,5,2025-02-04T09:00:00Z,2025-02-04T09:22:56Z,23,30,11,1.0025,0.8191,1.3833,2.6527,5.0872,-0.004908,6.45e-4,0.003541,NA,TRUE,FALSE,0.006531,0.004415,306.4034,0.589415,0.841776,2.405649,0.589415,0.841776,2.405649,58.5068,84.1776,239.7334,58.5068,84.1776,239.7334
S3B_20250204T102256_vs_HYPERNETS_20250204T103000_RHOW_R_poly.csv,THFR_poly,Hyp,S3B,3.6641600000000003,43.43485999999999,3.6662049999999997,43.437773,0.36,5,2025-02-04T09:30:00Z,2025-02-04T09:22:56Z,7,30,16,1.5718,0.8186,1.6459,2.5483,3.9455,-0.002209,2.93e-4,0.001909,NA,TRUE,FALSE,0.005194,0.003067,455.6291,0.414613,0.797867,3.202949,0.414613,0.797867,3.202949,41.4588,79.6489,288.6534,41.4588,79.6489,288.6534
S3B_20250204T102256_vs_HYPERNETS_20250204T104500_RHOW_R_poly.csv,THFR_poly,Hyp,S3B,3.6641600000000003,43.43485999999999,3.6662049999999997,43.437773,0.36,5,2025-02-04T09:45:00Z,2025-02-04T09:22:56Z,22,30,16,1.5319,0.7274,1.6482,2.5738,4.0193,-0.001949,4.98e-4,0.002065,NA,TRUE,FALSE,0.005299,0.003166,849.5164,0.605725,0.962916,3.624186,0.605725,0.962916,3.624186,60.4102,95.5159,323.1006,60.4102,95.5159,323.1006
S3B_20250205T095645_vs_HYPERNETS_20250205T093000_RHOW_R_poly.csv,THFR_poly,Hyp,S3B,3.6641600000000003,43.43485999999999,3.664918,43.439134,0.48,5,2025-02-05T08:30:00Z,2025-02-05T08:56:45Z,27,30,11,0.0082,0.3486,1.3661,2.741,5.4997,-0.006152,-1.26e-4,0.0028769999999999998,NA,TRUE,FALSE,0.006849,0.003786,459.7903,0.008786,0.237543,4.20568,0.080283,0.237543,4.20568,0.8786,23.7543,419.8142,8.296,23.7543,419.8142
S3B_20250205T095645_vs_HYPERNETS_20250205T094500_RHOW_R_poly.csv,THFR_poly,Hyp,S3B,3.6641600000000003,43.43485999999999,3.664918,43.439134,0.48,5,2025-02-05T08:45:00Z,2025-02-05T08:56:45Z,12,30,16,0.2624,0.0561,1.3772,2.3696,4.0771,-0.001453,0.001407,0.003069,NA,TRUE,FALSE,0.006097,0.003868,1778.9024,-0.021202,3.037877,28.678337,0.135181,3.037877,28.678337,-2.1684,302.343,2853.5833,15.491,302.343,2853.5833
S3B_20250205T095645_vs_HYPERNETS_20250205T100000_RHOW_R_poly.csv,THFR_poly,Hyp,S3B,3.6641600000000003,43.43485999999999,3.664918,43.439134,0.48,5,2025-02-05T09:00:00Z,2025-02-05T08:56:45Z,3,30,16,0.3399,0.0532,1.3885,2.3842,4.0939,-0.001491,0.001377,0.003047,NA,TRUE,FALSE,0.006045,0.003838,2540.2327,-0.01032,3.045472,37.948803,0.136762,3.045472,37.948803,-1.0448,304.0747,3793.1674,15.5941,304.0747,3793.1674
S3B_20250205T095645_vs_HYPERNETS_20250205T101500_RHOW_R_poly.csv,THFR_poly,Hyp,S3B,3.6641600000000003,43.43485999999999,3.664918,43.439134,0.48,5,2025-02-05T09:15:00Z,2025-02-05T08:56:45Z,18,30,16,0.4226,0.0464,1.3679,2.3415,4.0082,-0.00157,0.001318,0.003005,NA,TRUE,FALSE,0.00596,0.003813,4130.8029,-0.020418,2.950862,39.931473,0.135727,2.950862,39.931473,-2.0851,295.0241,3991.9491,15.5945,295.0241,3991.9491
S3B_20250213T094920_vs_HYPERNETS_20250213T100000_RHOW_R_poly.csv,THFR_poly,Hyp,S3B,3.6641600000000003,43.43485999999999,3.6643120000000002,43.43885,0.44,5,2025-02-13T09:00:00Z,2025-02-13T08:49:20Z,11,30,5,-0.1802,-0.2794,-2.2782,-0.6039,-0.1601,0.002753,0.003821,0.007847,NA,TRUE,TRUE,0.005381,0.003794,1197.9119,1.368748,1.868668,1.978999,1.368748,1.868668,1.978999,136.8748,186.8668,197.8999,186.8668,197.8999,939.3265
S3B_20250213T094920_vs_HYPERNETS_20250213T101500_RHOW_R_poly.csv,THFR_poly,Hyp,S3B,3.6641600000000003,43.43485999999999,3.6643120000000002,43.43885,0.44,5,2025-02-13T09:15:00Z,2025-02-13T08:49:20Z,26,30,5,-0.1799,-0.2636,-2.3124,-0.6122,-0.1621,0.002759,0.003844,0.007943,NA,TRUE,TRUE,0.005323,0.003746,790.6218,1.30158,1.470299,2.016852,1.30158,1.470299,2.016852,130.158,147.0299,201.6852,147.0299,201.6852,929.1962
S3B_20250216T101147_vs_HYPERNETS_20250216T094500_RHOW_R_poly.csv,THFR_poly,Hyp,S3B,3.6641600000000003,43.43485999999999,3.665025,43.438295000000004,0.39,5,2025-02-16T08:45:00Z,2025-02-16T09:11:47Z,27,30,6,0.0896,0.3112,0.086,0.2525,0.7416,4.89e-4,0.00156,0.001925,NA,TRUE,TRUE,0.003661,0.002617,276.2288,2.592934,2.795394,3.601072,2.592934,2.795394,3.601072,259.2931,279.0437,358.6633,267.019,293.6456,358.6633
S3B_20250216T101147_vs_HYPERNETS_20250216T100000_RHOW_R_poly.csv,THFR_poly,Hyp,S3B,3.6641600000000003,43.43485999999999,3.665025,43.438295000000004,0.39,5,2025-02-16T09:00:00Z,2025-02-16T09:11:47Z,12,30,6,0.0877,0.2783,0.0861,0.2537,0.7469,5.78e-4,0.001592,0.001936,NA,TRUE,TRUE,0.003653,0.002695,416.3611,4.078805,4.67464,5.284708,4.078805,4.67464,5.284708,407.4208,467.0547,528.0459,407.4208,467.0547,528.0459
S3B_20250216T101147_vs_HYPERNETS_20250216T101500_RHOW_R_poly.csv,THFR_poly,Hyp,S3B,3.6641600000000003,43.43485999999999,3.665025,43.438295000000004,0.39,5,2025-02-16T09:15:00Z,2025-02-16T09:11:47Z,3,30,6,0.0876,0.2733,0.0866,0.2553,0.7526,6.11e-4,0.001603,0.00194,NA,TRUE,TRUE,0.003633,0.002716,531.6611,5.396189,5.917182,6.647587,5.396189,5.917182,6.647587,539.5661,590.6852,664.4822,539.5661,590.6852,664.4822
S3B_20250531T101538_vs_HYPERNETS_20250531T103100_RHOW_R_poly.csv,THFR_poly,Hyp,S3B,3.6641600000000003,43.43485999999999,3.662355,43.43977,0.57,5,2025-05-31T08:31:00Z,2025-05-31T08:15:38Z,15,30,6,-0.2849,-0.1281,-1.2861,-0.4882,-0.1853,0.003566,0.004067,0.005388,NA,TRUE,TRUE,0.004716,0.004255,3014.2932,15.397567,17.059228,22.017197,15.397567,17.059228,22.017197,1538.6611,1704.8958,2186.7005,1538.6611,1704.8958,2186.7005
S3B_20250601T094927_vs_HYPERNETS_20250601T093000_RHOW_R_poly.csv,THFR_poly,Hyp,S3B,3.6641600000000003,43.43485999999999,3.6651970000000005,43.43886,0.45,5,2025-06-01T07:30:00Z,2025-06-01T07:49:27Z,19,30,8,-0.1654,-0.1096,-0.8191,-0.3671,-0.1645,0.004339,0.00501,0.006506,NA,TRUE,TRUE,0.004934,0.004747,1628.9934,-0.556867,18.783615,20.57574,0.792542,18.783615,20.57574,-127.8766,1874.9178,2055.407,410.7124,1874.9178,2055.407
S3B_20250601T094927_vs_HYPERNETS_20250601T094500_RHOW_R_poly.csv,THFR_poly,Hyp,S3B,3.6641600000000003,43.43485999999999,3.6651970000000005,43.43886,0.45,5,2025-06-01T07:45:00Z,2025-06-01T07:49:27Z,4,30,8,-0.1728,-0.1055,-0.8496,-0.3811,-0.171,0.004339,0.005007,0.006497,NA,TRUE,TRUE,0.004809,0.004636,1953.5143,-0.537617,20.369312999999998,22.444663,0.785207,20.369312999999998,22.444663,-118.4717,2036.8983,2243.8939,393.6128,2036.8983,2243.8939
S3B_20250601T094927_vs_HYPERNETS_20250601T100000_RHOW_R_poly.csv,THFR_poly,Hyp,S3B,3.6641600000000003,43.43485999999999,3.6651970000000005,43.43886,0.45,5,2025-06-01T08:00:00Z,2025-06-01T07:49:27Z,11,30,8,-0.1707,-0.1135,-0.8333,-0.3742,-0.168,0.004348,0.005028,0.006541,NA,TRUE,TRUE,0.004868,0.004679,1506.2993,-0.546505,14.005682,16.68919,0.791524,14.005682,16.68919,-122.8553,1400.5305,1668.708,409.1593,1400.5305,1668.708
S3B_20250601T094927_vs_HYPERNETS_20250601T101500_RHOW_R_poly.csv,THFR_poly,Hyp,S3B,3.6641600000000003,43.43485999999999,3.6651970000000005,43.43886,0.45,5,2025-06-01T08:15:00Z,2025-06-01T07:49:27Z,26,30,7,-0.1492,-0.098,-0.9715,-0.3859,-0.1533,0.004122,0.004938,0.006992,NA,TRUE,TRUE,0.004603,0.004418,1109.0335,-0.557348,14.729759,19.265427,0.728494,14.729759,19.265427,-129.1432,1472.9759,1926.2184,294.3772,1472.9759,1926.2184
S3B_20250604T101153_vs_HYPERNETS_20250604T101500_RHOW_R_poly.csv,THFR_poly,Hyp,S3B,3.6641600000000003,43.43485999999999,3.66686,43.436573,0.29,5,2025-06-04T08:15:00Z,2025-06-04T08:11:53Z,3,30,14,2.3996,0.887,2.0869,3.0473,4.4497,-0.007291,-0.002232,0.001232,NA,TRUE,FALSE,0.010587,0.005657,359.1076,-0.375927,0.600857,1.762215,0.429803,0.774277,1.762215,-61.0622,59.1671,174.7928,71.814,119.7384,302.0025
S3B_20250604T101153_vs_HYPERNETS_20250604T103000_RHOW_R_poly.csv,THFR_poly,Hyp,S3B,3.6641600000000003,43.43485999999999,3.66686,43.436573,0.29,5,2025-06-04T08:30:00Z,2025-06-04T08:11:53Z,18,30,14,2.4151,1.131,2.1049,3.083,4.5155,-0.00847,-0.003004,7.28e-4,NA,TRUE,FALSE,0.01053,0.005629,181.7034,-0.499482,0.380195,1.735078,0.496124,0.638326,1.735078,-99.8206,37.5545,172.0937,69.6441,119.1814,268.619
S3B_20250608T100809_vs_HYPERNETS_20250608T094500_RHOW_R_poly.csv,THFR_poly,Hyp,S3B,3.6641600000000003,43.43485999999999,3.664646,43.439375000000005,0.5,5,2025-06-08T07:45:00Z,2025-06-08T08:08:09Z,23,30,5,2.2987,0.4742,1.1041,3.2192,9.3859,-0.00361,6.6e-5,0.001326,NA,TRUE,FALSE,0.001507,0.001388,267.7839,1.754633,2.184167,2.353603,1.754633,2.184167,2.353603,175.4633,218.4167,235.3603,175.4633,218.4167,235.3603
S3B_20250608T100809_vs_HYPERNETS_20250608T100000_RHOW_R_poly.csv,THFR_poly,Hyp,S3B,3.6641600000000003,43.43485999999999,3.664646,43.439375000000005,0.5,5,2025-06-08T08:00:00Z,2025-06-08T08:08:09Z,8,30,5,1.3754,0.2306,0.6775,2.0996,6.5072,-0.002832,4.3e-4,0.001483,NA,FALSE,FALSE,0.001366,0.001244,260.7146,1.22219,1.45249,1.525965,1.22219,1.45249,1.525965,122.219,145.249,152.5965,122.219,145.249,152.5965
S3B_20250611T103037_vs_HYPERNETS_20250611T101500_RHOW_R_poly.csv,THFR_poly,Hyp,S3B,3.6641600000000003,43.43485999999999,3.659504,43.44166799999999,0.85,5,2025-06-11T08:15:00Z,2025-06-11T08:30:37Z,16,30,16,0.4188,0.0724,0.434,0.6695,1.0327,0.008351,0.010357,0.011657,NA,FALSE,TRUE,0.009364,0.008532,1440.6541,0.686706,1.713291,21.257238,0.686706,1.713291,21.257238,68.6631,171.2955,2122.3864,68.6631,171.2955,2122.3864
S3B_20250611T103037_vs_HYPERNETS_20250611T103000_RHOW_R_poly.csv,THFR_poly,Hyp,S3B,3.6641600000000003,43.43485999999999,3.659504,43.44166799999999,0.85,5,2025-06-11T08:30:00Z,2025-06-11T08:30:37Z,1,30,16,0.4268,0.077,0.4424,0.6826,1.0531,0.008302,0.010325,0.011637,NA,FALSE,TRUE,0.009391,0.008592,1059.9108,0.69964,1.76372,20.380056,0.69964,1.76372,20.380056,69.9595,176.3213,2033.3712,69.9595,176.3213,2033.3712
S3B_20250611T103037_vs_HYPERNETS_20250611T104500_RHOW_R_poly.csv,THFR_poly,Hyp,S3B,3.6641600000000003,43.43485999999999,3.659504,43.44166799999999,0.85,5,2025-06-11T08:45:00Z,2025-06-11T08:30:37Z,14,30,16,0.4294,0.0832,0.4476,0.692,1.0698,0.008144,0.01023,0.01158,NA,FALSE,TRUE,0.009322,0.008529,829.4533,0.653883,1.732867,17.664412,0.653883,1.732867,17.664412,65.3611,173.2378,1764.8941,65.3611,173.2378,1764.8941
S3B_20250611T103037_vs_HYPERNETS_20250611T110000_RHOW_R_poly.csv,THFR_poly,Hyp,S3B,3.6641600000000003,43.43485999999999,3.659504,43.44166799999999,0.85,5,2025-06-11T09:00:00Z,2025-06-11T08:30:37Z,29,30,16,0.4347,0.0733,0.4583,0.7112,1.1037,0.008262,0.010321,0.011648,NA,FALSE,TRUE,0.009555,0.008806,1188.0278,0.6898,1.915662,23.050286,0.6898,1.915662,23.050286,68.9721,191.512,2299.6919,68.9721,191.512,2299.6919
S3B_20250616T100043_vs_HYPERNETS_20250616T094500_RHOW_R_poly.csv,THFR_poly,Hyp,S3B,3.6641600000000003,43.43485999999999,3.664438,43.439031,0.46,5,2025-06-16T07:45:00Z,2025-06-16T08:00:43Z,16,30,15,0.7962,0.3986,0.7708,1.1855,1.8234,-0.003305,-3.84e-4,0.001515,NA,FALSE,FALSE,0.00377,0.00279,769.2207,-0.4776,-0.012521,0.917901,0.375298,0.496909,1.156312,-91.5552,-1.268,85.8704,38.1233,98.7713,414.5977
S3B_20250616T100043_vs_HYPERNETS_20250616T100000_RHOW_R_poly.csv,THFR_poly,Hyp,S3B,3.6641600000000003,43.43485999999999,3.664438,43.439031,0.46,5,2025-06-16T08:00:00Z,2025-06-16T08:00:43Z,1,30,15,0.7868,0.5169,0.7697,1.1899,1.8396,-0.003517,-4.94e-4,0.001462,NA,FALSE,FALSE,0.003814,0.002836,318.0998,-0.499692,-0.082736,0.865344,0.264571,0.534445,1.167782,-100.3609,-9.0198,78.3989,26.3335,114.7973,378.2417
S3B_20250616T100043_vs_HYPERNETS_20250616T101500_RHOW_R_poly.csv,THFR_poly,Hyp,S3B,3.6641600000000003,43.43485999999999,3.664438,43.439031,0.46,5,2025-06-16T08:15:00Z,2025-06-16T08:00:43Z,14,30,15,0.8014,0.504,0.7757,1.1929,1.8347,-0.003685,-6.32e-4,0.001353,NA,FALSE,FALSE,0.003745,0.002817,337.0354,-0.516664,-0.110723,0.777794,0.237359,0.56218,1.101648,-107.8191,-12.4509,70.6984,26.0451,127.454,362.0607
S3B_20250616T100043_vs_HYPERNETS_20250616T103000_RHOW_R_poly.csv,THFR_poly,Hyp,S3B,3.6641600000000003,43.43485999999999,3.664438,43.439031,0.46,5,2025-06-16T08:30:00Z,2025-06-16T08:00:43Z,29,30,15,0.7826,0.4836,0.7589,1.1682,1.7982,-0.003909,-7.72e-4,0.001266,NA,FALSE,FALSE,0.003765,0.002912,334.1099,-0.558128,-0.129662,0.690983,0.204923,0.605849,1.036735,-127.6412,-14.8978,63.0717,22.1306,113.8405,380.2809
S3B_20250620T095659_vs_HYPERNETS_20250620T093000_RHOW_R_poly.csv,THFR_poly,Hyp,S3B,3.6641600000000003,43.43485999999999,3.665482,43.439166,0.49,5,2025-06-20T07:30:00Z,2025-06-20T07:56:59Z,27,30,9,0.0273,-0.0057,0.1925,0.4295,0.9587,6.35e-4,0.002614,0.003501,NA,TRUE,TRUE,0.004425,0.004229,2098.3479,-0.520038,12.39719,16.414966,0.626842,12.39719,16.414966,-108.35,1239.719,1641.4966,167.983,1239.719,1641.4966
S3B_20250620T095659_vs_HYPERNETS_20250620T094500_RHOW_R_poly.csv,THFR_poly,Hyp,S3B,3.6641600000000003,43.43485999999999,3.665482,43.439166,0.49,5,2025-06-20T07:45:00Z,2025-06-20T07:56:59Z,12,30,9,0.0253,-0.0032,0.1925,0.4297,0.9592,5.92e-4,0.0025959999999999998,0.003493,NA,TRUE,TRUE,0.004427,0.004236,1465.5884,-0.522307,11.158575,14.775253,0.629242,11.158575,14.775253,-109.3393,1115.8575,1477.5253,169.7179,1115.8575,1477.5253
S3B_20250620T095659_vs_HYPERNETS_20250620T100000_RHOW_R_poly.csv,THFR_poly,Hyp,S3B,3.6641600000000003,43.43485999999999,3.665482,43.439166,0.49,5,2025-06-20T08:00:00Z,2025-06-20T07:56:59Z,3,30,9,0.0217,-0.0047,0.1926,0.43,0.9603,5.7e-4,0.002586,0.003489,NA,TRUE,TRUE,0.004435,0.004246,1531.6701,-0.522834,10.736056,14.683061,0.632154,10.736056,14.683061,-109.5705,1073.6056,1468.3061,171.8527,1073.6056,1468.3061
S3B_20250620T095659_vs_HYPERNETS_20250620T101500_RHOW_R_poly.csv,THFR_poly,Hyp,S3B,3.6641600000000003,43.43485999999999,3.665482,43.439166,0.49,5,2025-06-20T08:15:00Z,2025-06-20T07:56:59Z,18,30,9,0.0182,-0.0052,0.1937,0.4327,0.9666,5.4e-4,0.002573,0.003484,NA,TRUE,TRUE,0.004426,0.004238,2258.6927,-0.520801,10.304424,13.55511,0.632439,10.304424,13.55511,-108.6817,1030.4424,1355.511,172.0638,1030.4424,1355.511
S3B_20250623T101926_vs_HYPERNETS_20250623T100000_RHOW_R_poly.csv,THFR_poly,Hyp,S3B,3.6641600000000003,43.43485999999999,3.666505,43.438501,0.45,5,2025-06-23T08:00:00Z,2025-06-23T08:19:26Z,19,30,6,0.1387,0.3155,0.0815,0.1707,0.3577,1.52e-4,5.35e-4,7.18e-4,NA,TRUE,TRUE,0.00342,0.001712,218.7885,-0.522794,0.031052,0.520196,0.501192,0.541781,0.740727,-110.7909,-8.4091,52.0106,58.273,98.2309,313.8155
S3B_20250623T101926_vs_HYPERNETS_20250623T101500_RHOW_R_poly.csv,THFR_poly,Hyp,S3B,3.6641600000000003,43.43485999999999,3.666505,43.438501,0.45,5,2025-06-23T08:15:00Z,2025-06-23T08:19:26Z,4,30,6,0.142,0.2284,0.0834,0.1746,0.3655,1.72e-4,5.45e-4,7.23e-4,NA,TRUE,TRUE,0.003309,0.00167,507.7378,-0.406277,0.187997,0.675639,0.500276,0.662615,0.770248,-69.9755,10.0056,67.5485,64.9438,75.9995,285.4435
S3B_20250623T101926_vs_HYPERNETS_20250623T103000_RHOW_R_poly.csv,THFR_poly,Hyp,S3B,3.6641600000000003,43.43485999999999,3.666505,43.438501,0.45,5,2025-06-23T08:30:00Z,2025-06-23T08:19:26Z,11,30,6,0.1401,0.2516,0.0823,0.1723,0.3607,1.66e-4,5.42e-4,7.21e-4,NA,TRUE,TRUE,0.003369,0.001694,386.1252,-0.452161,0.138733,0.599357,0.521527,0.597928,0.750558,-84.2142,4.3297,59.9355,59.6497,78.3972,297.7636
S3B_20250623T101926_vs_HYPERNETS_20250623T104500_RHOW_R_poly.csv,THFR_poly,Hyp,S3B,3.6641600000000003,43.43485999999999,3.666505,43.438501,0.45,5,2025-06-23T08:45:00Z,2025-06-23T08:19:26Z,26,30,6,0.1432,0.3181,0.0841,0.1762,0.3693,1.43e-4,5.31e-4,7.17e-4,NA,TRUE,TRUE,0.003297,0.00166,212.6165,-0.538712,0.017394,0.476473,0.472107,0.525947,0.741126,-118.461,-9.7439,47.6468,54.6729,103.6735,309.237
S3B_20250624T095315_vs_HYPERNETS_20250624T093000_RHOW_R_poly.csv,THFR_poly,Hyp,S3B,3.6641600000000003,43.43485999999999,3.665158,43.43898,0.47,5,2025-06-24T07:30:00Z,2025-06-24T07:53:15Z,23,30,6,-0.082,-0.0808,-1.14,-0.3752,-0.1235,0.002517,0.003035,0.00461,NA,TRUE,TRUE,0.004395,0.003223,879.885,1.166822,3.370197,4.797929,1.233279,3.370197,4.797929,107.3842,325.6834,479.2197,279.3874,464.4086,549.8251
S3B_20250624T095315_vs_HYPERNETS_20250624T094500_RHOW_R_poly.csv,THFR_poly,Hyp,S3B,3.6641600000000003,43.43485999999999,3.665158,43.43898,0.47,5,2025-06-24T07:45:00Z,2025-06-24T07:53:15Z,8,30,6,-0.083,-0.0805,-1.1574,-0.3809,-0.1253,0.002514,0.003026,0.004582,NA,TRUE,TRUE,0.004343,0.003217,1100.8755,1.457864,3.726374,5.065471,1.457864,3.726374,5.065471,136.7632,361.8792,506.2282,314.7165,494.9105,547.6094
S3B_20250624T095315_vs_HYPERNETS_20250624T100000_RHOW_R_poly.csv,THFR_poly,Hyp,S3B,3.6641600000000003,43.43485999999999,3.665158,43.43898,0.47,5,2025-06-24T08:00:00Z,2025-06-24T07:53:15Z,7,30,6,-0.0834,-0.1009,-1.1409,-0.3757,-0.1237,0.002518,0.003039,0.004619,NA,TRUE,TRUE,0.004393,0.003214,986.7172,1.017487,3.307567,4.576686,1.184913,3.307567,4.576686,92.5225,315.9548,457.6009,264.1551,452.5914,540.6853
S3B_20250624T095315_vs_HYPERNETS_20250624T101500_RHOW_R_poly.csv,THFR_poly,Hyp,S3B,3.6641600000000003,43.43485999999999,3.665158,43.43898,0.47,5,2025-06-24T08:15:00Z,2025-06-24T07:53:15Z,22,30,6,-0.0822,-0.1031,-1.1467,-0.3774,-0.1242,0.002503,0.002994,0.004486,NA,TRUE,TRUE,0.00438,0.003287,3135.4414,2.330912,5.330721,6.596787,2.330912,5.330721,6.596787,219.1067,522.448,659.6514,449.7591,602.2556,659.6514
S3B_20250627T101542_vs_HYPERNETS_20250627T100000_RHOW_R_poly.csv,THFR_poly,Hyp,S3B,3.6641600000000003,43.43485999999999,3.6664619999999997,43.439103,0.51,5,2025-06-27T08:00:00Z,2025-06-27T08:15:42Z,16,30,13,0.3861,0.1845,0.3511,0.5574,0.8847,-0.001413,7.9e-5,0.00102,NA,TRUE,FALSE,0.003866,0.002882,1851.252,-0.494007,-0.378102,0.573128,0.413238,0.5283,0.755921,-97.6311,-60.7981,57.3128,59.6111,83.7714,111.999
S3B_20250627T101542_vs_HYPERNETS_20250627T101500_RHOW_R_poly.csv,THFR_poly,Hyp,S3B,3.6641600000000003,43.43485999999999,3.6664619999999997,43.439103,0.51,5,2025-06-27T08:15:00Z,2025-06-27T08:15:42Z,1,30,13,0.3891,0.2884,0.3529,0.5592,0.8859,-0.00137,1.02e-4,0.001031,NA,TRUE,FALSE,0.003818,0.00281,509.6116,-0.476234,-0.359324,0.472753,0.400926,0.476234,0.755412,-90.9251,-56.0851,47.2753,53.6259,77.6205,103.4501
S3B_20250627T101542_vs_HYPERNETS_20250627T103000_RHOW_R_poly.csv,THFR_poly,Hyp,S3B,3.6641600000000003,43.43485999999999,3.6664619999999997,43.439103,0.51,5,2025-06-27T08:30:00Z,2025-06-27T08:15:42Z,14,30,13,0.3932,0.2597,0.3595,0.5724,0.9116,-0.001474,5e-5,0.001006,NA,TRUE,FALSE,0.003763,0.002786,650.3992,-0.485388,-0.403271,0.418254,0.416883,0.446838,0.752933,-94.3211,-67.5802,41.8254,56.4542,80.7788,105.7553
S3B_20250627T101542_vs_HYPERNETS_20250627T104500_RHOW_R_poly.csv,THFR_poly,Hyp,S3B,3.6641600000000003,43.43485999999999,3.6664619999999997,43.439103,0.51,5,2025-06-27T08:45:00Z,2025-06-27T08:15:42Z,29,30,13,0.3999,0.2432,0.3676,0.5873,0.9384,-0.0015,4.2e-5,0.001007,NA,TRUE,FALSE,0.003651,0.002705,844.9738,-0.477755,-0.35442,0.511098,0.391944,0.508554,0.748561,-91.481,-54.8994,51.1098,54.8994,78.4521,103.4812
S3B_20250628T094931_vs_HYPERNETS_20250628T093000_RHOW_R_poly.csv,THFR_poly,Hyp,S3B,3.6641600000000003,43.43485999999999,3.663647,43.439282,0.49,5,2025-06-28T07:30:00Z,2025-06-28T07:49:31Z,20,30,16,0.021,-0.4137,0.4104,0.7082,1.222,-0.001515,1.63e-4,0.001136,NA,FALSE,FALSE,0.00387,0.003589,1739.5709,-0.780182,-0.635298,10.528391,0.731789,0.951253,10.528391,-355.7513,-178.9281,1050.4524,247.6743,649.566,2271.1025
S3B_20250628T094931_vs_HYPERNETS_20250628T094500_RHOW_R_poly.csv,THFR_poly,Hyp,S3B,3.6641600000000003,43.43485999999999,3.663647,43.439282,0.49,5,2025-06-28T07:45:00Z,2025-06-28T07:49:31Z,5,30,16,0.0169,-0.4211,0.4032,0.6958,1.2007,-0.001589,1.21e-4,0.001111,NA,FALSE,FALSE,0.00395,0.00368,1545.3569,-0.790492,-0.6573,9.116613,0.737758,0.953198,9.116613,-377.6763,-196.7478,906.5336,271.2152,597.3343,2088.2401
S3B_20250628T094931_vs_HYPERNETS_20250628T100000_RHOW_R_poly.csv,THFR_poly,Hyp,S3B,3.6641600000000003,43.43485999999999,3.663647,43.439282,0.49,5,2025-06-28T08:00:00Z,2025-06-28T07:49:31Z,10,30,15,0.1216,-0.3575,0.3481,0.6081,1.0621,-0.001587,1.9e-5,9.39e-4,NA,FALSE,FALSE,0.003653,0.003447,845.8354,-0.7905,-0.704239,6.197505,0.729665,0.927016,6.197505,-378.3804,-238.1107,436.4636,248.021,411.2327,2517.8536
S3B_20250628T094931_vs_HYPERNETS_20250628T101500_RHOW_R_poly.csv,THFR_poly,Hyp,S3B,3.6641600000000003,43.43485999999999,3.663647,43.439282,0.49,5,2025-06-28T08:15:00Z,2025-06-28T07:49:31Z,25,30,16,0.0019,-0.434,0.3997,0.6898,1.1904,-0.001658,8.1e-5,0.001089,NA,FALSE,FALSE,0.004032,0.003755,1614.5382,-0.792494,-0.655677,8.12394,0.742322,0.956753,8.12394,-382.4172,-195.4658,803.1865,274.6661,559.9842,1785.842
S3B_20250701T101158_vs_HYPERNETS_20250701T094500_RHOW_R_poly.csv,THFR_poly,Hyp,S3B,3.6641600000000003,43.43485999999999,3.6652970000000002,43.437932000000004,0.35,5,2025-07-01T07:45:00Z,2025-07-01T08:11:58Z,27,30,16,1.0383,0.4307,0.9934,1.4783,2.1997,-0.003674,-8.5e-4,0.001047,NA,FALSE,FALSE,0.003994,0.002571,1506.6754,-0.479386,0.048808,1.019628,0.313309,0.75332,1.216817,-130.1963,4.8808,93.0118,45.5536,127.7631,676.6237
S3B_20250701T101158_vs_HYPERNETS_20250701T100000_RHOW_R_poly.csv,THFR_poly,Hyp,S3B,3.6641600000000003,43.43485999999999,3.6652970000000002,43.437932000000004,0.35,5,2025-07-01T08:00:00Z,2025-07-01T08:11:58Z,12,30,16,1.046,0.6511,0.9982,1.4832,2.2037,-0.00388,-9.98e-4,9.42e-4,NA,FALSE,FALSE,0.003959,0.002551,264.3687,-0.665892,0.029225,0.919319,0.272313,0.735244,1.203704,-231.5224,2.9149,82.1246,26.6818,177.2984,694.1974
S3B_20250701T101158_vs_HYPERNETS_20250701T101500_RHOW_R_poly.csv,THFR_poly,Hyp,S3B,3.6641600000000003,43.43485999999999,3.6652970000000002,43.437932000000004,0.35,5,2025-07-01T08:15:00Z,2025-07-01T08:11:58Z,3,30,16,1.0109,0.5863,0.9681,1.4414,2.1461,-0.003782,-9.19e-4,0.001003,NA,FALSE,FALSE,0.003962,0.002544,383.6965,-0.641906,0.019045,0.913651,0.300262,0.719867,1.197549,-213.9099,1.8952,81.8381,29.843,165.6208,705.186
S3B_20250701T101158_vs_HYPERNETS_20250701T103000_RHOW_R_poly.csv,THFR_poly,Hyp,S3B,3.6641600000000003,43.43485999999999,3.6652970000000002,43.437932000000004,0.35,5,2025-07-01T08:30:00Z,2025-07-01T08:11:58Z,18,30,16,1.028,0.4558,0.9759,1.4454,2.1408,-0.003547,-7.92e-4,0.001069,NA,FALSE,FALSE,0.003935,0.002512,1197.534,-0.528246,0.028672,1.056407,0.372154,0.79059,1.193745,-148.3028,2.8618,98.4443,49.0879,129.9699,662.1716
S3B_20250705T100815_vs_HYPERNETS_20250705T094500_RHOW_R_poly.csv,THFR_poly,Hyp,S3B,3.6641600000000003,43.43485999999999,3.666388,43.438757,0.47,5,2025-07-05T07:45:00Z,2025-07-05T08:08:15Z,23,30,10,0.279,-0.1911,0.2862,0.551,1.0609,-0.001239,9.03e-4,0.002015,NA,FALSE,FALSE,0.003882,0.003634,660.1461,-0.643318,1.89789,5.903538,0.709247,2.537433,5.903538,-185.8431,91.0259,590.3532,247.509,491.3222,668.0596
S3B_20250705T100815_vs_HYPERNETS_20250705T100000_RHOW_R_poly.csv,THFR_poly,Hyp,S3B,3.6641600000000003,43.43485999999999,3.666388,43.438757,0.47,5,2025-07-05T08:00:00Z,2025-07-05T08:08:15Z,8,30,10,0.2795,-0.1832,0.2887,0.5569,1.0742,-0.001215,9.19e-4,0.002025,NA,FALSE,FALSE,0.003838,0.003601,1158.7198,-0.639146,2.047931,7.290252,0.705433,2.681281,7.290252,-182.5403,98.0473,728.5855,242.8613,548.0581,753.4676
S3B_20250705T100815_vs_HYPERNETS_20250705T101500_RHOW_R_poly.csv,THFR_poly,Hyp,S3B,3.6641600000000003,43.43485999999999,3.666388,43.438757,0.47,5,2025-07-05T08:15:00Z,2025-07-05T08:08:15Z,7,30,10,0.2811,-0.1998,0.2897,0.5584,1.0763,-0.001328,8.59e-4,0.001993,NA,FALSE,FALSE,0.003849,0.003587,568.1426,-0.640872,1.411901,4.76716,0.708053,2.049145,4.76716,-183.9938,72.2252,476.3626,238.2728,394.0043,554.5294
S3B_20250705T100815_vs_HYPERNETS_20250705T103000_RHOW_R_poly.csv,THFR_poly,Hyp,S3B,3.6641600000000003,43.43485999999999,3.666388,43.438757,0.47,5,2025-07-05T08:30:00Z,2025-07-05T08:08:15Z,22,30,10,0.2723,-0.1964,0.2787,0.5364,1.0323,-0.001314,8.62e-4,0.001993,NA,FALSE,FALSE,0.004026,0.003741,559.0204,-0.650741,1.301305,4.799487,0.717598,1.955182,4.799487,-191.9102,64.3253,479.7613,241.0318,415.5141,526.7825
S3B_20250709T100431_vs_HYPERNETS_20250709T094500_RHOW_R_poly.csv,THFR_poly,Hyp,S3B,3.6641600000000003,43.43485999999999,3.665629,43.437844999999996,0.35,5,2025-07-09T07:45:00Z,2025-07-09T08:04:31Z,20,30,15,0.8924,0.3484,0.7779,0.9431,1.1432,1.49e-4,9.21e-4,0.001557,NA,FALSE,TRUE,0.001238,8.16e-4,3425.1324,-0.04063,0.030756,0.50786,0.042174,0.132722,0.50786,-4.2446,3.0756,50.7852,4.3611,13.2722,53.2452
S3B_20250709T100431_vs_HYPERNETS_20250709T100000_RHOW_R_poly.csv,THFR_poly,Hyp,S3B,3.6641600000000003,43.43485999999999,3.665629,43.437844999999996,0.35,5,2025-07-09T08:00:00Z,2025-07-09T08:04:31Z,5,30,15,0.8803,0.5518,0.765,0.9353,1.1434,-1.36e-4,7.18e-4,0.001417,NA,FALSE,FALSE,0.001166,8.27e-4,408.3718,-0.154836,0.027529,0.336679,0.078731,0.182218,0.428225,-18.3559,2.7529,33.3981,7.7802,22.282,42.821
S3B_20250709T100431_vs_HYPERNETS_20250709T101500_RHOW_R_poly.csv,THFR_poly,Hyp,S3B,3.6641600000000003,43.43485999999999,3.665629,43.437844999999996,0.35,5,2025-07-09T08:15:00Z,2025-07-09T08:04:31Z,10,30,15,0.891,0.6723,0.7734,0.9485,1.1631,-2.58e-4,6.31e-4,0.001355,NA,FALSE,FALSE,0.001154,8.29e-4,191.4771,-0.178316,0.010967,0.306474,0.087925,0.200913,0.415543,-21.7474,1.0967,30.2187,8.7308,25.1428,44.7148
S3B_20250709T100431_vs_HYPERNETS_20250709T103000_RHOW_R_poly.csv,THFR_poly,Hyp,S3B,3.6641600000000003,43.43485999999999,3.665629,43.437844999999996,0.35,5,2025-07-09T08:30:00Z,2025-07-09T08:04:31Z,25,30,15,0.9011,0.5566,0.7835,0.9565,1.1677,-2.43e-4,6.25e-4,0.001336,NA,FALSE,FALSE,0.001135,7.88e-4,400.8677,-0.171537,0.011473,0.295652,0.090744,0.198135,0.367948,-20.7597,1.1473,29.3795,9.0365,24.4362,36.7945
S3B_20250713T100046_vs_HYPERNETS_20250713T094500_RHOW_R_poly.csv,THFR_poly,Hyp,S3B,3.6641600000000003,43.43485999999999,3.6649990000000003,43.438497,0.41,5,2025-07-13T07:45:00Z,2025-07-13T08:00:46Z,16,30,16,0.9722,0.5766,1.271,2.0674,3.3627,-0.006179,-0.001472,0.001422,NA,TRUE,FALSE,0.00601,0.003743,479.0284,-0.32891,-0.123342,1.42945,0.320821,0.463105,1.42945,-49.0118,-14.1753,142.467,47.2599,61.7546,142.467
S3B_20250713T100046_vs_HYPERNETS_20250713T100000_RHOW_R_poly.csv,THFR_poly,Hyp,S3B,3.6641600000000003,43.43485999999999,3.6649990000000003,43.438497,0.41,5,2025-07-13T08:00:00Z,2025-07-13T08:00:46Z,1,30,16,1.0463,0.5299,1.2954,2.0887,3.3679,-0.006024,-0.001441,0.001401,NA,TRUE,FALSE,0.005935,0.003661,680.3907,-0.304514,6.97e-4,1.45483,0.295865,0.441535,1.45483,-43.7848,-0.014,144.2688,42.0435,68.8513,144.2688
S3B_20250713T100046_vs_HYPERNETS_20250713T101500_RHOW_R_poly.csv,THFR_poly,Hyp,S3B,3.6641600000000003,43.43485999999999,3.6649990000000003,43.438497,0.41,5,2025-07-13T08:15:00Z,2025-07-13T08:00:46Z,14,30,16,1.0673,0.555,1.3339,2.1542,3.4791,-0.005804,-0.001293,0.0015,NA,TRUE,FALSE,0.00603,0.003642,606.1626,-0.249572,0.159631,1.662017,0.24158,0.405704,1.662017,-33.2614,15.9552,163.1557,31.8603,66.4477,163.1557
S3B_20250713T100046_vs_HYPERNETS_20250713T103000_RHOW_R_poly.csv,THFR_poly,Hyp,S3B,3.6641600000000003,43.43485999999999,3.6649990000000003,43.438497,0.41,5,2025-07-13T08:30:00Z,2025-07-13T08:00:46Z,29,30,16,1.047,0.7026,1.333,2.1595,3.4983,-0.006239,-0.001539,0.001362,NA,TRUE,FALSE,0.006016,0.003666,280.877,-0.292768,-0.1588,1.452562,0.291053,0.426533,1.452562,-41.3963,-18.9825,145.056,41.0554,64.548,145.056
S3B_20250716T102313_vs_HYPERNETS_20250716T100000_RHOW_R_poly.csv,THFR_poly,Hyp,S3B,3.6641600000000003,43.43485999999999,3.665953,43.439066999999994,0.49,5,2025-07-16T08:00:00Z,2025-07-16T08:23:13Z,23,30,12,0.2903,0.461,0.2438,0.3082,0.3897,2.99e-4,5.84e-4,8.09e-4,NA,TRUE,TRUE,0.003331,0.002047,204.1471,-0.518287,-0.352556,-0.143406,0.269666,0.481196,0.555555,-107.6016,-55.316,-16.7554,37.0052,76.6353,126.64
S3B_20250716T102313_vs_HYPERNETS_20250716T101500_RHOW_R_poly.csv,THFR_poly,Hyp,S3B,3.6641600000000003,43.43485999999999,3.665953,43.439066999999994,0.49,5,2025-07-16T08:15:00Z,2025-07-16T08:23:13Z,8,30,12,0.2858,0.476,0.2401,0.3034,0.3834,2.9e-4,5.76e-4,8.02e-4,NA,TRUE,TRUE,0.003427,0.002122,177.3011,-0.531223,-0.37794,-0.215874,0.305331,0.450413,0.565879,-113.3288,-61.4634,-27.6943,41.8339,81.3361,131.9199
S3B_20250716T102313_vs_HYPERNETS_20250716T103000_RHOW_R_poly.csv,THFR_poly,Hyp,S3B,3.6641600000000003,43.43485999999999,3.665953,43.439066999999994,0.49,5,2025-07-16T08:30:00Z,2025-07-16T08:23:13Z,7,30,12,0.2879,0.2761,0.2416,0.306,0.3875,3.25e-4,6.06e-4,8.28e-4,NA,TRUE,TRUE,0.00333,0.002022,2471.5903,-0.515563,-0.258272,-0.01736,0.16239,0.475943,0.652058,-106.4256,-37.5249,-2.3963,16.5683,72.7219,123.654
S3B_20250716T102313_vs_HYPERNETS_20250716T104500_RHOW_R_poly.csv,THFR_poly,Hyp,S3B,3.6641600000000003,43.43485999999999,3.665953,43.439066999999994,0.49,5,2025-07-16T08:45:00Z,2025-07-16T08:23:13Z,22,30,12,0.2822,0.6022,0.2374,0.299,0.3766,2.3e-4,5.25e-4,7.59e-4,NA,TRUE,TRUE,0.003601,0.002299,83.5152,-0.560039,-0.498178,-0.370535,0.457704,0.520145,0.59236,-127.3146,-99.2741,-59.9514,84.5878,108.6016,146.4603
S3B_20250717T095702_vs_HYPERNETS_20250717T093000_RHOW_R_poly.csv,THFR_poly,Hyp,S3B,3.6641600000000003,43.43485999999999,3.6647730000000003,43.439376,0.51,5,2025-07-17T07:30:00Z,2025-07-17T07:57:02Z,27,30,15,0.5144,0.3193,0.5073,0.7871,1.2212,-5.7e-4,0.001062,0.002114,NA,FALSE,FALSE,0.002661,0.001864,934.9462,-0.316081,-0.178296,0.420422,0.29718,0.347043,0.453855,-46.2238,-21.6984,41.906,31.5814,47.7348,66.0572
S3B_20250717T095702_vs_HYPERNETS_20250717T094500_RHOW_R_poly.csv,THFR_poly,Hyp,S3B,3.6641600000000003,43.43485999999999,3.6647730000000003,43.439376,0.51,5,2025-07-17T07:45:00Z,2025-07-17T07:57:02Z,12,30,15,0.5094,0.3151,0.5016,0.7777,1.2059,-5.53e-4,0.001071,0.002118,NA,FALSE,FALSE,0.00268,0.001877,962.8016,-0.329143,-0.188195,0.398979,0.296609,0.347664,0.449982,-49.12,-23.1823,39.7232,30.4821,46.8871,66.9648
S3B_20250717T095702_vs_HYPERNETS_20250717T100000_RHOW_R_poly.csv,THFR_poly,Hyp,S3B,3.6641600000000003,43.43485999999999,3.6647730000000003,43.439376,0.51,5,2025-07-17T08:00:00Z,2025-07-17T07:57:02Z,3,30,15,0.5198,0.265,0.5112,0.7923,1.2278,-6.53e-4,0.001005,0.002075,NA,FALSE,FALSE,0.002634,0.001812,1657.6319,-0.330224,-0.173759,0.341996,0.256998,0.34348,0.413099,-49.333,-21.03,34.0603,26.0275,46.4062,66.5919
S3B_20250717T095702_vs_HYPERNETS_20250717T101500_RHOW_R_poly.csv,THFR_poly,Hyp,S3B,3.6641600000000003,43.43485999999999,3.6647730000000003,43.439376,0.51,5,2025-07-17T08:15:00Z,2025-07-17T07:57:02Z,18,30,15,0.5148,0.386,0.5041,0.7796,1.2057,-7.13e-4,9.6e-4,0.002042,NA,FALSE,FALSE,0.002647,0.001827,481.652,-0.346252,-0.194709,0.289121,0.221082,0.351262,0.498261,-52.9832,-24.1788,28.7622,25.194,50.5815,100.9602
S3B_20250720T101928_vs_HYPERNETS_20250720T100000_RHOW_R_poly.csv,THFR_poly,Hyp,S3B,3.6641600000000003,43.43485999999999,3.665239,43.438534000000004,0.42,5,2025-07-20T08:00:00Z,2025-07-20T08:19:28Z,19,30,13,0.3475,0.2514,0.3037,0.4668,0.7175,-0.001844,-6.43e-4,1.39e-4,NA,TRUE,FALSE,0.004692,0.003536,272.1584,-0.856009,-0.633928,-0.198534,0.433736,0.714683,0.907331,-594.4859,-173.1704,-24.7714,76.5961,250.4873,979.1133
S3B_20250720T101928_vs_HYPERNETS_20250720T101500_RHOW_R_poly.csv,THFR_poly,Hyp,S3B,3.6641600000000003,43.43485999999999,3.665239,43.438534000000004,0.42,5,2025-07-20T08:15:00Z,2025-07-20T08:19:28Z,4,30,13,0.3516,0.258,0.3084,0.4758,0.734,-0.001942,-6.98e-4,1.08e-4,NA,TRUE,FALSE,0.004663,0.003542,244.0263,-0.856861,-0.647642,-0.336724,0.424459,0.711722,0.90738,-598.6236,-183.8025,-50.7669,73.7497,246.8876,979.6834
S3B_20250720T101928_vs_HYPERNETS_20250720T103000_RHOW_R_poly.csv,THFR_poly,Hyp,S3B,3.6641600000000003,43.43485999999999,3.665239,43.438534000000004,0.42,5,2025-07-20T08:30:00Z,2025-07-20T08:19:28Z,11,30,13,0.3712,0.2613,0.3261,0.5037,0.778,-0.001979,-7.19e-4,9.7e-5,NA,TRUE,FALSE,0.004346,0.003317,236.7651,-0.851549,-0.636458,-0.305275,0.392163,0.69469,0.902064,-573.6243,-175.0712,-43.9418,64.5179,227.5354,921.0759
S3B_20250720T101928_vs_HYPERNETS_20250720T104500_RHOW_R_poly.csv,THFR_poly,Hyp,S3B,3.6641600000000003,43.43485999999999,3.665239,43.438534000000004,0.42,5,2025-07-20T08:45:00Z,2025-07-20T08:19:28Z,26,30,13,0.3808,0.2933,0.3346,0.517,0.7989,-0.002013,-7.4e-4,8.3e-5,NA,TRUE,FALSE,0.004222,0.003233,182.4881,-0.850552,-0.634712,-0.349588,0.377669,0.687729,0.899775,-569.1297,-173.7566,-53.7487,60.6863,220.2346,897.7566
S3B_20250721T095317_vs_HYPERNETS_20250721T093000_RHOW_R_poly.csv,THFR_poly,Hyp,S3B,3.6641600000000003,43.43485999999999,3.6643320000000004,43.439183,0.48,5,2025-07-21T07:30:00Z,2025-07-21T07:53:17Z,23,30,16,0.9888,0.4953,1.1227,1.7785,2.8175,-0.003161,0.00118,0.00392,NA,TRUE,FALSE,0.007262,0.004446,546.7261,0.225417,0.762923,4.896055,0.225417,0.762923,4.896055,22.2066,76.2825,488.797,22.2066,76.2825,488.797
S3B_20250721T095317_vs_HYPERNETS_20250721T094500_RHOW_R_poly.csv,THFR_poly,Hyp,S3B,3.6641600000000003,43.43485999999999,3.6643320000000004,43.439183,0.48,5,2025-07-21T07:45:00Z,2025-07-21T07:53:17Z,8,30,16,1.0282,0.5268,1.1236,1.7626,2.7649,-0.003687,7.71e-4,0.003613,NA,TRUE,FALSE,0.006995,0.004235,425.6734,0.140867,0.550301,3.943245,0.155351,0.550301,3.943245,13.8329,54.4492,394.318,15.5711,54.4492,394.318
S3B_20250721T095317_vs_HYPERNETS_20250721T100000_RHOW_R_poly.csv,THFR_poly,Hyp,S3B,3.6641600000000003,43.43485999999999,3.6643320000000004,43.439183,0.48,5,2025-07-21T08:00:00Z,2025-07-21T07:53:17Z,7,30,16,1.0688,0.4982,1.1262,1.7474,2.711,-0.003863,5.71e-4,0.003428,NA,TRUE,FALSE,0.006791,0.004136,519.2108,0.148761,0.518441,3.525861,0.17372,0.518441,3.525861,14.5789,51.3711,352.3984,17.6661,51.3711,352.3984
S3B_20250721T095317_vs_HYPERNETS_20250721T101500_RHOW_R_poly.csv,THFR_poly,Hyp,S3B,3.6641600000000003,43.43485999999999,3.6643320000000004,43.439183,0.48,5,2025-07-21T08:15:00Z,2025-07-21T07:53:17Z,22,30,16,1.1174,0.5057,1.1501,1.77,2.7238,-0.004021,4.02e-4,0.003277,NA,TRUE,FALSE,0.006693,0.004124,502.27,0.154855,0.531022,3.229347,0.180322,0.531022,3.229347,15.2245,52.6709,322.7444,18.4605,52.6709,322.7444
S3B_20250724T101543_vs_HYPERNETS_20250724T100000_RHOW_R_poly.csv,THFR_poly,Hyp,S3B,3.6641600000000003,43.43485999999999,3.665792,43.438603,0.44,5,2025-07-24T08:00:00Z,2025-07-24T08:15:43Z,16,30,11,1.1714,1.3874,1.2947,2.4025,4.4581,-0.017186,-0.005657,5.56e-4,NA,TRUE,FALSE,0.005821,0.003197,60.4497,-0.228786,-0.090748,0.196832,0.109859,0.302235,0.374399,-30.2579,-9.9806,19.1611,12.3676,30.8494,59.953
S3B_20250724T101543_vs_HYPERNETS_20250724T101500_RHOW_R_poly.csv,THFR_poly,Hyp,S3B,3.6641600000000003,43.43485999999999,3.665877,43.438666,0.45,5,2025-07-24T08:15:00Z,2025-07-24T08:15:43Z,1,30,16,1.2865,0.7245,1.3625,2.1174,3.2905,-0.00506,-0.001215,0.001259,NA,TRUE,FALSE,0.005411,0.002632,210.1344,0.063864,0.187998,1.377677,0.15971,0.219926,1.377677,6.3841,18.7948,137.7281,16.872,25.5836,137.7281
S3B_20250724T101543_vs_HYPERNETS_20250724T103000_RHOW_R_poly.csv,THFR_poly,Hyp,S3B,3.6641600000000003,43.43485999999999,3.665877,43.438666,0.45,5,2025-07-24T08:30:00Z,2025-07-24T08:15:43Z,14,30,16,1.5171,0.6313,1.5367,2.3502,3.5945,-0.005017,-0.001299,0.001133,NA,TRUE,FALSE,0.005491,0.002814,414.1898,0.191045,0.394221,1.593976,0.191045,0.394221,1.593976,19.093,39.3826,159.3879,19.5535,39.3826,159.3879
S3B_20250724T101543_vs_HYPERNETS_20250724T104500_RHOW_R_poly.csv,THFR_poly,Hyp,S3B,3.6641600000000003,43.43485999999999,3.665877,43.438666,0.45,5,2025-07-24T08:45:00Z,2025-07-24T08:15:43Z,29,30,16,1.313,0.6897,1.3533,2.0836,3.208,-0.005196,-0.001369,0.001118,NA,TRUE,FALSE,0.005275,0.002544,250.46190000000001,0.037142,0.116245,1.068675,0.100815,0.192818,1.068675,3.7137,11.6179,106.8439,10.0801,21.9136,106.8439
S3B_20250725T094932_vs_HYPERNETS_20250725T093000_RHOW_R_poly.csv,THFR_poly,Hyp,S3B,3.6641600000000003,43.43485999999999,3.6660459999999997,43.438329,0.42,5,2025-07-25T07:30:00Z,2025-07-25T07:49:32Z,20,30,6,-0.0189,-0.0142,-0.8161,-0.2639,-0.0853,0.002411,0.00281,0.004045,NA,TRUE,TRUE,0.004244,0.003043,773.3833,1.2324,2.785025,2.955521,1.299635,2.785025,2.955521,109.5871,278.487,295.4728,276.7756,290.907,403.2916
S3B_20250725T094932_vs_HYPERNETS_20250725T094500_RHOW_R_poly.csv,THFR_poly,Hyp,S3B,3.6641600000000003,43.43485999999999,3.6660459999999997,43.438329,0.42,5,2025-07-25T07:45:00Z,2025-07-25T07:49:32Z,5,30,5,0.0305,0.1703,0.0485,0.1885,0.7321,1.07e-4,0.001412,0.001748,NA,TRUE,TRUE,0.004078,0.002871,329.5607,2.075637,4.179767,4.500801,2.075637,4.179767,4.500801,207.5637,417.9767,450.0801,411.5906,417.9767,450.0801
S3B_20250725T094932_vs_HYPERNETS_20250725T100000_RHOW_R_poly.csv,THFR_poly,Hyp,S3B,3.6641600000000003,43.43485999999999,3.6660459999999997,43.438329,0.42,5,2025-07-25T08:00:00Z,2025-07-25T07:49:32Z,10,30,6,-0.0199,-0.0321,-0.83,-0.2684,-0.0868,0.002413,0.002816,0.00406,NA,TRUE,TRUE,0.00418,0.003004,966.3593,1.131974,2.63552,2.827855,1.25909,2.63552,2.827855,99.9087,263.5318,282.6803,261.6203,277.5124,393.632
S3B_20250725T094932_vs_HYPERNETS_20250725T101500_RHOW_R_poly.csv,THFR_poly,Hyp,S3B,3.6641600000000003,43.43485999999999,3.6660459999999997,43.438329,0.42,5,2025-07-25T08:15:00Z,2025-07-25T07:49:32Z,25,30,6,-0.0192,-0.0514,-0.7807,-0.2525,-0.0817,0.002417,0.002828,0.004099,NA,TRUE,TRUE,0.004428,0.003062,1371.3333,0.839558,1.993521,2.180856,1.099523,1.993521,2.180856,75.298,199.2707,218.012,195.802,214.0695,394.6398
S3B_20250728T101159_vs_HYPERNETS_20250728T101500_RHOW_R_poly.csv,THFR_poly,Hyp,S3B,3.6641600000000003,43.43485999999999,3.664851,43.438783,0.44,5,2025-07-28T08:15:00Z,2025-07-28T08:11:59Z,3,30,16,1.2132,0.694,1.356,2.1398,3.3767,-0.005773,-0.001266,0.00159,NA,TRUE,FALSE,0.006394,0.003331,338.4189,-0.088157,0.051505,1.569656,0.056178,0.335815,1.569656,-10.0539,5.1473,154.3344,5.6707,49.0746,154.3344
S3B_20250728T101159_vs_HYPERNETS_20250728T103000_RHOW_R_poly.csv,THFR_poly,Hyp,S3B,3.6641600000000003,43.43485999999999,3.664851,43.438783,0.44,5,2025-07-28T08:30:00Z,2025-07-28T08:11:59Z,18,30,16,1.2754,0.5869,1.4066,2.212,3.4785,-0.005587,-0.001175,0.001631,NA,TRUE,FALSE,0.006448,0.003329,731.0598,-0.0065970000000000004,0.13897,1.666507,0.119091,0.283599,1.666507,-0.6641,13.896,163.514,11.8784,39.5894,163.514
S3B_20250801T100815_vs_HYPERNETS_20250801T094500_RHOW_R_poly.csv,THFR_poly,Hyp,S3B,3.6641600000000003,43.43485999999999,3.666011,43.438387,0.42,5,2025-08-01T07:45:00Z,2025-08-01T08:08:15Z,23,30,16,1.3863,0.5899,1.416,2.1728,3.3341,-0.004001,-4.02e-4,0.001944,NA,TRUE,FALSE,0.006014,0.003266,1022.8109,0.197814,0.45785,1.829626,0.197814,0.45785,1.829626,19.6595,44.9008,166.2487,19.6595,44.9008,166.2487
S3B_20250801T100815_vs_HYPERNETS_20250801T100000_RHOW_R_poly.csv,THFR_poly,Hyp,S3B,3.6641600000000003,43.43485999999999,3.666011,43.438387,0.42,5,2025-08-01T08:00:00Z,2025-08-01T08:08:15Z,8,30,16,1.4111,0.7534,1.43,2.1876,3.3464,-0.00425,-5.85e-4,0.00181,NA,TRUE,FALSE,0.005962,0.003226,358.3944,0.058826,0.255521,1.767724,0.191169,0.276268,1.767724,5.7785,25.5392,160.5944,18.9956,27.6265,160.5944
S3B_20250801T100815_vs_HYPERNETS_20250801T101500_RHOW_R_poly.csv,THFR_poly,Hyp,S3B,3.6641600000000003,43.43485999999999,3.666011,43.438387,0.42,5,2025-08-01T08:15:00Z,2025-08-01T08:08:15Z,7,30,16,1.4336,0.6361,1.4453,2.2063,3.368,-0.00394,-3.97e-4,0.001924,NA,TRUE,FALSE,0.006013,0.003293,740.7301,0.227267,0.511326,1.847584,0.227267,0.511326,1.847584,22.6517,50.058,168.5415,22.6517,50.058,168.5415
S3B_20250801T100815_vs_HYPERNETS_20250801T103000_RHOW_R_poly.csv,THFR_poly,Hyp,S3B,3.6641600000000003,43.43485999999999,3.666011,43.438387,0.42,5,2025-08-01T08:30:00Z,2025-08-01T08:08:15Z,22,30,16,1.4444,0.7423,1.4599,2.2308,3.4089,-0.004195,-5.57e-4,0.001824,NA,TRUE,FALSE,0.006006,0.003276,393.7972,0.082042,0.277758,1.841056,0.213491,0.299293,1.841056,8.1622,27.7746,167.9183,21.1619,29.9192,167.9183
S3B_20250804T103042_vs_HYPERNETS_20250804T101500_RHOW_R_poly.csv,THFR_poly,Hyp,S3B,3.6641600000000003,43.43485999999999,3.666175,43.43815500000001,0.4,5,2025-08-04T08:15:00Z,2025-08-04T08:30:42Z,16,30,4,-60.6904,-1.6805,-315.3311,-77.794,-19.1922,0.010032,0.022198,0.071511,NA,TRUE,TRUE,0.008017,0.00584,4332.0207,11.607975,12.300225,44.012457,11.607975,12.300225,44.012457,1154.7484,1230.0224,2297.119,1154.7484,1230.0224,2297.119
S3B_20250804T103042_vs_HYPERNETS_20250804T103000_RHOW_R_poly.csv,THFR_poly,Hyp,S3B,3.6641600000000003,43.43485999999999,3.666175,43.43815500000001,0.4,5,2025-08-04T08:30:00Z,2025-08-04T08:30:42Z,1,30,4,-51.0317,-1.8644,-279.5963,-66.9366,-16.0249,0.010328,0.023929,0.080739,NA,TRUE,TRUE,0.007979,0.00578,3101.565,8.848805,9.41707,31.583914,8.848805,9.41707,31.583914,881.1853,941.666,1740.2792,881.1853,941.666,1740.2792
S3B_20250804T103042_vs_HYPERNETS_20250804T104500_RHOW_R_poly.csv,THFR_poly,Hyp,S3B,3.6641600000000003,43.43485999999999,3.666175,43.43815500000001,0.4,5,2025-08-04T08:45:00Z,2025-08-04T08:30:42Z,14,30,4,-53.6804,-1.7121,-409.0889,-83.8438,-17.184,0.009707,0.023902,0.093161,NA,TRUE,TRUE,0.008004,0.005835,3651.8879,11.481111,12.799709,37.837476,11.481111,12.799709,37.837476,1141.0807,1278.7272,2304.0001,1141.0807,1278.7272,2304.0001
S3B_20250804T103042_vs_HYPERNETS_20250804T110000_RHOW_R_poly.csv,THFR_poly,Hyp,S3B,3.6641600000000003,43.43485999999999,3.666175,43.43815500000001,0.4,5,2025-08-04T09:00:00Z,2025-08-04T08:30:42Z,29,30,4,-55.5468,-1.2157,-271.6241,-69.4691,-17.767,0.009215,0.018433,0.054476,NA,TRUE,TRUE,0.008044,0.005869,6727.6553,12.631101,14.317838,68.96329,12.631101,14.317838,68.96329,1256.0098,1429.0441,3053.4456,1256.0098,1429.0441,3053.4456
S3B_20250805T100431_vs_HYPERNETS_20250805T094500_RHOW_R_poly.csv,THFR_poly,Hyp,S3B,3.6641600000000003,43.43485999999999,3.6643350000000003,43.439026,0.46,5,2025-08-05T07:45:00Z,2025-08-05T08:04:31Z,20,30,16,1.0668,0.4468,0.9479,1.3211,1.8411,-7.1e-5,0.001518,0.002658,NA,FALSE,FALSE,0.00333,0.002499,395.9651,0.355075,1.245303,3.358918,0.355075,1.245303,3.358918,35.4927,123.8157,335.762,35.4927,123.8157,335.762
S3B_20250805T100431_vs_HYPERNETS_20250805T100000_RHOW_R_poly.csv,THFR_poly,Hyp,S3B,3.6641600000000003,43.43485999999999,3.6643350000000003,43.439026,0.46,5,2025-08-05T08:00:00Z,2025-08-05T08:04:31Z,5,30,16,1.0873,0.3934,0.9607,1.3269,1.8328,4.5e-5,0.001565,0.002666,NA,FALSE,TRUE,0.003331,0.002548,652.1454,0.415536,1.314086,4.313832,0.415536,1.314086,4.313832,41.5346,129.928,431.1645,41.5346,129.928,431.1645
S3B_20250805T100431_vs_HYPERNETS_20250805T101500_RHOW_R_poly.csv,THFR_poly,Hyp,S3B,3.6641600000000003,43.43485999999999,3.6643350000000003,43.439026,0.46,5,2025-08-05T08:15:00Z,2025-08-05T08:04:31Z,10,30,16,1.0848,0.4358,0.9508,1.2916,1.7546,-1.1e-4,0.001384,0.002485,NA,FALSE,FALSE,0.003089,0.002326,419.984,0.29412,1.036087,3.326579,0.29412,1.036087,3.326579,29.3952,103.1903,332.656,29.3952,103.1903,332.656
S3B_20250805T100431_vs_HYPERNETS_20250805T103000_RHOW_R_poly.csv,THFR_poly,Hyp,S3B,3.6641600000000003,43.43485999999999,3.6643350000000003,43.439026,0.46,5,2025-08-05T08:30:00Z,2025-08-05T08:04:31Z,25,30,16,1.0981,0.3115,0.9619,1.3049,1.7701,2.8e-5,0.001481,0.002551,NA,FALSE,TRUE,0.003167,0.002432,1838.7605,0.360115,1.139906,4.56834,0.360115,1.139906,4.56834,35.9898,113.1713,456.3254,35.9898,113.1713,456.3254
S3B_20250808T102658_vs_HYPERNETS_20250808T100000_RHOW_R_poly.csv,THFR_poly,Hyp,S3B,3.6641600000000003,43.43485999999999,3.6654449999999996,43.439454,0.52,5,2025-08-08T08:00:00Z,2025-08-08T08:26:58Z,27,30,6,0.0492,0.0793,0.0487,0.1434,0.4228,-1.15e-4,4.05e-4,5.81e-4,NA,TRUE,FALSE,0.003597,0.001733,569.8875,-0.219264,-0.052067,0.12727,0.153304,0.202904,0.725635,-28.1665,-6.3213,12.6702,16.1768,25.5613,456.0315
S3B_20250808T102658_vs_HYPERNETS_20250808T101500_RHOW_R_poly.csv,THFR_poly,Hyp,S3B,3.6641600000000003,43.43485999999999,3.6654449999999996,43.439454,0.52,5,2025-08-08T08:15:00Z,2025-08-08T08:26:58Z,12,30,6,0.0478,0.1613,0.048,0.1418,0.4187,-1.93e-4,3.79e-4,5.72e-4,NA,TRUE,FALSE,0.00371,0.001865,184.8639,-0.559979,-0.416459,-0.257181,0.355236,0.552954,0.810897,-127.347,-75.2696,-34.6788,57.5633,123.8014,555.2386
S3B_20250808T102658_vs_HYPERNETS_20250808T103000_RHOW_R_poly.csv,THFR_poly,Hyp,S3B,3.6641600000000003,43.43485999999999,3.6654449999999996,43.439454,0.52,5,2025-08-08T08:30:00Z,2025-08-08T08:26:58Z,3,30,6,0.0484,0.1816,0.048,0.1414,0.4169,-1.75e-4,3.84e-4,5.74e-4,NA,TRUE,FALSE,0.003703,0.001829,178.6834,-0.513168,-0.340297,-0.194838,0.27743,0.497456,0.801278,-105.7183,-54.4139,-24.2111,40.2127,99.3778,541.0356
S3B_20250808T102658_vs_HYPERNETS_20250808T104500_RHOW_R_poly.csv,THFR_poly,Hyp,S3B,3.6641600000000003,43.43485999999999,3.6654449999999996,43.439454,0.52,5,2025-08-08T08:45:00Z,2025-08-08T08:26:58Z,18,30,6,0.0492,0.1415,0.0488,0.144,0.4246,-1.52e-4,3.92e-4,5.77e-4,NA,TRUE,FALSE,0.003611,0.001757,251.7453,-0.420454,-0.256609,-0.078991,0.183425,0.414629,0.773689,-72.574700000000007,-37.2045,-8.5977,24.179,70.8656,499.4844
S3B_20250809T100047_vs_HYPERNETS_20250809T094500_RHOW_R_poly.csv,THFR_poly,Hyp,S3B,3.6641600000000003,43.43485999999999,3.6649990000000003,43.438744,0.44,5,2025-08-09T07:45:00Z,2025-08-09T08:00:47Z,16,30,12,1.2489,0.9151,1.8755,3.478,6.4499,-0.014899,-0.003435,0.002747,NA,TRUE,FALSE,0.012602,0.007227,576.1711,-0.169117,0.305415,3.01068,0.263011,0.891073,3.01068,-20.9826,28.6445,269.8726,36.4554,152.3445,634.5081
S3B_20250809T100047_vs_HYPERNETS_20250809T100000_RHOW_R_poly.csv,THFR_poly,Hyp,S3B,3.6641600000000003,43.43485999999999,3.6649990000000003,43.438744,0.44,5,2025-08-09T08:00:00Z,2025-08-09T08:00:47Z,1,30,12,1.3015,0.7015,1.9179,3.5506,6.5732,-0.014363,-0.003168,0.002879,NA,TRUE,FALSE,0.012659,0.007276,1702.0071,0.016733,0.391006,3.152223,0.268377,0.877317,3.152223,-0.1448,37.7878,283.3058,35.4772,181.1344,655.163
S3B_20250809T100047_vs_HYPERNETS_20250809T101500_RHOW_R_poly.csv,THFR_poly,Hyp,S3B,3.6641600000000003,43.43485999999999,3.6649990000000003,43.438744,0.44,5,2025-08-09T08:15:00Z,2025-08-09T08:00:47Z,14,30,12,1.2938,0.9428,1.8493,3.4134,6.3005,-0.014976,-0.003539,0.002657,NA,TRUE,FALSE,0.012483,0.007169,525.7592,-0.197596,0.288552,2.855871,0.28234,0.89112,2.855871,-25.1906,27.0063,256.8268,40.0225,142.8321,595.4179
S3B_20250809T100047_vs_HYPERNETS_20250809T103000_RHOW_R_poly.csv,THFR_poly,Hyp,S3B,3.6641600000000003,43.43485999999999,3.6649990000000003,43.438744,0.44,5,2025-08-09T08:30:00Z,2025-08-09T08:00:47Z,29,30,12,1.3642,0.921,1.8948,3.487,6.4169,-0.014968,-0.003576,0.002615,NA,TRUE,FALSE,0.012486,0.007175,558.6714,-0.144854,0.317295,2.897468,0.2547,0.890013,2.897468,-17.7201,29.8518,261.8322,34.9248,149.0801,595.2844
S3B_20250812T102313_vs_HYPERNETS_20250812T100000_RHOW_R_poly.csv,THFR_poly,Hyp,S3B,3.6641600000000003,43.43485999999999,3.6650579999999997,43.439879,0.56,5,2025-08-12T08:00:00Z,2025-08-12T08:23:13Z,23,30,5,0.2846,0.626,0.2314,0.2866,0.3551,1.86e-4,3.49e-4,4.8e-4,NA,TRUE,TRUE,0.003272,0.001582,62.092,-0.180018,0.26693,0.292732,0.26693,0.292732,0.682725,-21.9539,26.693,29.2732,26.693,29.2732,168.2195
S3B_20250812T102313_vs_HYPERNETS_20250812T101500_RHOW_R_poly.csv,THFR_poly,Hyp,S3B,3.6641600000000003,43.43485999999999,3.6650579999999997,43.439879,0.56,5,2025-08-12T08:15:00Z,2025-08-12T08:23:13Z,8,30,6,0.2303,0.2509,0.1389,0.341,0.8373,-3.81e-4,0.00064899999999999995,0.001068,NA,TRUE,FALSE,0.003188,0.001752,586.435,-0.411425,0.001271,0.460983,0.146702,0.577354,0.663273,-80.95,0.1189,43.4251,13.8257,88.0523,186.8359
S3B_20250812T102313_vs_HYPERNETS_20250812T103000_RHOW_R_poly.csv,THFR_poly,Hyp,S3B,3.6641600000000003,43.43485999999999,3.6650579999999997,43.439879,0.56,5,2025-08-12T08:30:00Z,2025-08-12T08:23:13Z,7,30,6,0.229,0.2093,0.1383,0.34,0.836,-3.84e-4,0.00064899999999999995,0.001068,NA,TRUE,FALSE,0.003203,0.00177,726.1022,-0.437155,-0.027604,0.528782,0.186819,0.622156,0.697669,-88.8183,-2.9019,49.3097,19.8184,97.2502,190.322
S3B_20250812T102313_vs_HYPERNETS_20250812T104500_RHOW_R_poly.csv,THFR_poly,Hyp,S3B,3.6641600000000003,43.43485999999999,3.6650579999999997,43.439879,0.56,5,2025-08-12T08:45:00Z,2025-08-12T08:23:13Z,22,30,6,0.2363,0.1211,0.1425,0.3494,0.8571,-3.18e-4,6.74e-4,0.001078,NA,TRUE,FALSE,0.003075,0.001733,2079.9208,-0.221404,0.178691,0.911322,0.242591,0.507878,1.026925,-32.6375,17.8314,85.8759,28.1149,80.9657,178.5586
S3B_20250813T095702_vs_HYPERNETS_20250813T093000_RHOW_R_poly.csv,THFR_poly,Hyp,S3B,3.6641600000000003,43.43485999999999,3.6644010000000002,43.43836,0.39,5,2025-08-13T07:30:00Z,2025-08-13T07:57:02Z,27,30,15,1.2612,0.491,1.8355,3.0968,5.2248,-0.01185,-0.003505,0.001442,NA,TRUE,FALSE,0.010883,0.006809,671.1103,-0.581273,0.837352,2.242239,0.694792,0.996062,2.242239,-140.1435,83.7352,224.086,99.1934,214.7711,570.4882
S3B_20250813T095702_vs_HYPERNETS_20250813T094500_RHOW_R_poly.csv,THFR_poly,Hyp,S3B,3.6641600000000003,43.43485999999999,3.6644010000000002,43.43836,0.39,5,2025-08-13T07:45:00Z,2025-08-13T07:57:02Z,12,30,15,1.3416,0.5282,1.9007,3.1974,5.3788,-0.012001,-0.00363,0.001346,NA,TRUE,FALSE,0.010889,0.006809,569.1982,-0.569305,0.873028,2.257181,0.69211,0.995974,2.257181,-133.3649,87.3028,225.6687,100.4087,220.0473,569.3404
S3B_20250813T095702_vs_HYPERNETS_20250813T100000_RHOW_R_poly.csv,THFR_poly,Hyp,S3B,3.6641600000000003,43.43485999999999,3.6644010000000002,43.43836,0.39,5,2025-08-13T08:00:00Z,2025-08-13T07:57:02Z,3,30,15,1.4423,0.4922,1.9714,3.3021,5.5311,-0.01168,-0.003491,0.001397,NA,TRUE,FALSE,0.01092,0.006773,808.4104,-0.540006,0.9503,2.403634,0.70632,0.995544,2.403634,-118.9838,95.03,240.154,95.6163,228.4264,581.7179
S3B_20250813T095702_vs_HYPERNETS_20250813T101500_RHOW_R_poly.csv,THFR_poly,Hyp,S3B,3.6641600000000003,43.43485999999999,3.6644010000000002,43.43836,0.39,5,2025-08-13T08:15:00Z,2025-08-13T07:57:02Z,18,30,15,1.5392,0.62,2.0018,3.3305,5.5411,-0.011983,-0.003756,0.001189,NA,TRUE,FALSE,0.010821,0.006708,445.2876,-0.541088,0.711777,2.208647,0.683562,0.995596,2.208647,-119.0385,71.1777,220.8623,96.377,219.649,549.0511
S3B_20250816T101929_vs_HYPERNETS_20250816T100000_RHOW_R_poly.csv,THFR_poly,Hyp,S3B,3.6641600000000003,43.43485999999999,3.6649300000000005,43.438794,0.44,5,2025-08-16T08:00:00Z,2025-08-16T08:19:29Z,19,30,13,2.681,1.4669,2.566,4.1887,6.8374,-0.0182,-0.005309,0.002588,NA,TRUE,FALSE,0.017172,0.010769,210.8572,-0.30927,0.46889,2.735371,0.394423,0.895314,2.735371,-44.7744,46.889,273.5371,46.889,151.5276,601.4815
S3B_20250816T101929_vs_HYPERNETS_20250816T101500_RHOW_R_poly.csv,THFR_poly,Hyp,S3B,3.6641600000000003,43.43485999999999,3.6649300000000005,43.438794,0.44,5,2025-08-16T08:15:00Z,2025-08-16T08:19:29Z,4,30,13,2.645,1.5607,2.5859,4.2601,7.0182,-0.019638,-0.005995,0.002286,NA,TRUE,FALSE,0.017215,0.010778,203.5192,-0.388064,0.462867,2.723711,0.462867,0.903293,2.723711,-63.4157,46.2867,272.3711,63.4157,150.9759,551.0001
S3B_20250816T101929_vs_HYPERNETS_20250816T103000_RHOW_R_poly.csv,THFR_poly,Hyp,S3B,3.6641600000000003,43.43485999999999,3.6649300000000005,43.438794,0.44,5,2025-08-16T08:30:00Z,2025-08-16T08:19:29Z,11,30,13,2.6822,1.5631,2.5548,4.1609,6.7768,-0.019441,-0.006117,0.002064,NA,TRUE,FALSE,0.017012,0.010655,193.5175,-0.401781,0.442788,2.621593,0.442788,0.905679,2.621593,-67.1627,44.2788,262.1593,67.1627,145.2039,535.8385
S3B_20250816T101929_vs_HYPERNETS_20250816T104500_RHOW_R_poly.csv,THFR_poly,Hyp,S3B,3.6641600000000003,43.43485999999999,3.6649300000000005,43.438794,0.44,5,2025-08-16T08:45:00Z,2025-08-16T08:19:29Z,26,30,13,2.681,1.7224,2.5601,4.1747,6.8074,-0.020909,-0.006992,0.001543,NA,TRUE,FALSE,0.016913,0.010619,184.4025,-0.559573,0.421128,2.510327,0.559573,0.880915,2.510327,-127.0524,42.1128,251.0327,88.0915,153.6235,464.3033
S3B_20250824T101201_vs_HYPERNETS_20250824T094500_RHOW_R_poly.csv,THFR_poly,Hyp,S3B,3.6641600000000003,43.43485999999999,3.6653670000000003,43.43965,0.54,5,2025-08-24T07:45:00Z,2025-08-24T08:12:01Z,27,30,15,1.0954,0.305,0.9506,1.3204,1.8342,-0.001254,1.98e-4,0.001243,NA,FALSE,FALSE,0.002156,0.001439,8838.33,-0.18716,0.124221,0.924087,0.131533,0.351026,0.934722,-24.7086,12.4221,86.601,13.1509,47.1139,113.7503
S3B_20250824T101201_vs_HYPERNETS_20250824T100000_RHOW_R_poly.csv,THFR_poly,Hyp,S3B,3.6641600000000003,43.43485999999999,3.6653670000000003,43.43965,0.54,5,2025-08-24T08:00:00Z,2025-08-24T08:12:01Z,12,30,15,1.0873,0.6655,0.9422,1.3042,1.8053,-0.001501,6e-6,0.001095,NA,FALSE,FALSE,0.002049,0.001402,323.4464,-0.326887,0.050184,0.790457,0.125269,0.378975,0.891442,-49.0102,5.0184,74.1815,13.3057,61.0241,128.562
S3B_20250824T101201_vs_HYPERNETS_20250824T101500_RHOW_R_poly.csv,THFR_poly,Hyp,S3B,3.6641600000000003,43.43485999999999,3.6653670000000003,43.43965,0.54,5,2025-08-24T08:15:00Z,2025-08-24T08:12:01Z,3,30,14,1.1423,1.0388,0.967,1.2895,1.7195,-0.001999,-5.09e-4,6.09e-4,NA,FALSE,FALSE,0.001696,0.001119,53.6762,-0.382665,-0.070342,0.20656,0.144352,0.337976,0.535514,-63.3463,-7.7984,20.463,16.9122,51.8568,90.7835
S3B_20250824T101201_vs_HYPERNETS_20250824T103000_RHOW_R_poly.csv,THFR_poly,Hyp,S3B,3.6641600000000003,43.43485999999999,3.6653670000000003,43.43965,0.54,5,2025-08-24T08:30:00Z,2025-08-24T08:12:01Z,18,30,15,1.0599,0.6326,0.9119,1.2319,1.6641,-0.00154,-1.2e-4,9.32e-4,NA,FALSE,FALSE,0.001802,0.001254,369.6791,-0.403093,-0.011476,0.524399,0.176903,0.434735,0.724372,-67.7661,-1.161,49.2919,21.0769,76.9081,109.5811
S3B_20250831T103044_vs_HYPERNETS_20250831T101500_RHOW_R_poly.csv,THFR_poly,Hyp,S3B,3.6641600000000003,43.43485999999999,3.6657340000000005,43.439965,0.58,5,2025-08-31T08:15:00Z,2025-08-31T08:30:44Z,16,30,12,0.1821,0.0743,0.2059,0.3673,0.6554,-7.12e-4,8e-6,4.11e-4,NA,TRUE,FALSE,0.00296,0.002143,316.854,-0.849915,-0.609444,0.125209,0.535953,0.814357,0.912279,-573.4178,-156.1916,11.8004,109.1982,255.8178,794.6054
S3B_20250831T103044_vs_HYPERNETS_20250831T103000_RHOW_R_poly.csv,THFR_poly,Hyp,S3B,3.6641600000000003,43.43485999999999,3.6657340000000005,43.439965,0.58,5,2025-08-31T08:30:00Z,2025-08-31T08:30:44Z,1,30,12,0.1787,0.0649,0.2028,0.3621,0.6465,-7.25e-4,1e-6,4.08e-4,NA,TRUE,FALSE,0.003025,0.002179,319.4273,-0.853393,-0.616553,-0.031929,0.473399,0.81645,0.913149,-589.5654,-160.9057,-3.4852,82.1095,258.7813,814.7477
S3B_20250831T103044_vs_HYPERNETS_20250831T104500_RHOW_R_poly.csv,THFR_poly,Hyp,S3B,3.6641600000000003,43.43485999999999,3.6657340000000005,43.439965,0.58,5,2025-08-31T08:45:00Z,2025-08-31T08:30:44Z,14,30,12,0.1797,0.0316,0.2029,0.362,0.6459,-6.73e-4,2.9e-5,4.23e-4,NA,TRUE,FALSE,0.002981,0.002139,618.0791,-0.852473,-0.59999,0.2731,0.59137,0.810118,0.908448,-584.4012,-150.4539,26.0719,113.836,246.9381,786.62
S3B_20250831T103044_vs_HYPERNETS_20250831T110000_RHOW_R_poly.csv,THFR_poly,Hyp,S3B,3.6641600000000003,43.43485999999999,3.6657340000000005,43.439965,0.58,5,2025-08-31T09:00:00Z,2025-08-31T08:30:44Z,29,30,12,0.1851,-0.022,0.2134,0.3823,0.6847,-6.99e-4,1.9e-5,4.19e-4,NA,TRUE,FALSE,0.002818,0.00205,1752.1536,-0.846421,-0.586707,0.340414,0.593096,0.804429,0.906303,-557.8372,-142.0747,31.9965,118.7802,239.0793,760.9185
S3B_20250905T100047_vs_HYPERNETS_20250905T094500_RHOW_C_poly.csv,THFR_poly,Hyp,S3B,3.6641600000000003,43.43485999999999,3.665257,43.438651,0.43,5,2025-09-05T07:45:00Z,2025-09-05T08:00:47Z,16,30,16,0.5502,0.0709,0.5776,0.895,1.3868,6.09e-4,0.002279,0.003357,NA,FALSE,TRUE,0.003219,0.002416,1856.6161,-0.057852,0.489745,7.543163,0.251526,0.489745,7.543163,-6.2124,48.9159,753.7961,34.2759,49.5343,753.7961
S3B_20250905T100047_vs_HYPERNETS_20250905T100000_RHOW_C_poly.csv,THFR_poly,Hyp,S3B,3.6641600000000003,43.43485999999999,3.665257,43.438651,0.43,5,2025-09-05T08:00:00Z,2025-09-05T08:00:47Z,1,30,16,0.5606,0.087,0.593,0.9211,1.4308,4.79e-4,0.002203,0.003313,NA,FALSE,TRUE,0.003207,0.002451,1155.1506,-0.052387,0.488249,6.933425,0.262625,0.488249,6.933425,-5.5871,48.8224,693.2202,36.5531,50.2875,693.2202
S3B_20250905T100047_vs_HYPERNETS_20250905T101500_RHOW_C_poly.csv,THFR_poly,Hyp,S3B,3.6641600000000003,43.43485999999999,3.665257,43.438651,0.43,5,2025-09-05T08:15:00Z,2025-09-05T08:00:47Z,14,30,16,0.5659,0.0648,0.5936,0.9196,1.4246,4.81e-4,0.002195,0.003302,NA,FALSE,TRUE,0.003183,0.002429,2264.4538,-0.050443,0.475085,7.664151,0.253655,0.475085,7.664151,-5.355,47.4777,766.3992,34.8989,51.4059,766.3992
S3B_20250905T100047_vs_HYPERNETS_20250905T103000_RHOW_C_poly.csv,THFR_poly,Hyp,S3B,3.6641600000000003,43.43485999999999,3.665257,43.438651,0.43,5,2025-09-05T08:30:00Z,2025-09-05T08:00:47Z,29,30,16,0.5748,0.1184,0.5996,0.9271,1.4335,3.08e-4,0.002078,0.003223,NA,FALSE,TRUE,0.003102,0.002377,553.0937,-0.066444,0.416955,5.609885,0.274593,0.416955,5.609885,-7.1399,41.6949,560.8346,33.022,55.2426,560.8346
S3B_20250908T102313_vs_HYPERNETS_20250908T100000_RHOW_R_poly.csv,THFR_poly,Hyp,S3B,3.6641600000000003,43.43485999999999,3.666225,43.438196000000005,0.41,5,2025-09-08T08:00:00Z,2025-09-08T08:23:13Z,23,30,11,0.1448,0.0738,0.1501,0.2743,0.5015,-1.49e-4,7.13e-4,0.001184,NA,TRUE,FALSE,0.003799,0.003168,462.5552,-0.732962,-0.559546,2.903888,0.732962,0.855204,2.903888,-274.6771,-127.0386,289.4519,235.3278,287.0789,382.4936
S3B_20250908T102313_vs_HYPERNETS_20250908T101500_RHOW_R_poly.csv,THFR_poly,Hyp,S3B,3.6641600000000003,43.43485999999999,3.666225,43.438196000000005,0.41,5,2025-09-08T08:15:00Z,2025-09-08T08:23:13Z,8,30,11,0.1381,0.0886,0.1471,0.2708,0.4984,-2.26e-4,6.78e-4,0.001169,NA,TRUE,FALSE,0.003952,0.00328,265.0925,-0.742923,-0.563956,2.255704,0.742923,0.866971,2.255704,-289.0267,-129.3346,224.1175,207.917,283.5762,351.4317
S3B_20250908T102313_vs_HYPERNETS_20250908T104500_RHOW_R_poly.csv,THFR_poly,Hyp,S3B,3.6641600000000003,43.43485999999999,3.666225,43.438196000000005,0.41,5,2025-09-08T08:45:00Z,2025-09-08T08:23:13Z,22,30,11,0.1384,0.0621,0.1464,0.269,0.4942,-1.82e-4,7e-4,0.00118,NA,TRUE,FALSE,0.003937,0.00328,576.28,-0.741519,-0.565448,2.832444,0.741519,0.863927,2.832444,-286.9496,-130.122,282.6027,234.6232,294.5725,374.4411
S3B_20250912T101927_vs_HYPERNETS_20250912T100000_RHOW_R_poly.csv,THFR_poly,Hyp,S3B,3.6641600000000003,43.43485999999999,3.6651330000000004,43.439365,0.51,5,2025-09-12T08:00:00Z,2025-09-12T08:19:27Z,19,30,16,1.6759,0.8987,2.0596,3.3165,5.3406,-0.012453,-0.00468,1.47e-4,NA,TRUE,FALSE,0.009987,0.00558,195.1913,-0.473808,-0.088052,1.995638,0.44118,0.793577,1.995638,-90.2286,-10.1666,199.4791,58.4447,146.3441,511.044
S3B_20250912T101927_vs_HYPERNETS_20250912T103000_RHOW_R_poly.csv,THFR_poly,Hyp,S3B,3.6641600000000003,43.43485999999999,3.6651330000000004,43.439365,0.51,5,2025-09-12T08:30:00Z,2025-09-12T08:19:27Z,11,30,16,1.7749,0.8497,2.1652,3.482,5.5996,-0.011561,-0.004143,4.7e-4,NA,TRUE,FALSE,0.010152,0.005612,232.4397,-0.362887,-0.008111,2.435173,0.325595,0.790393,2.435173,-56.9883,-1.0056,243.3341,48.6994,154.3515,460.0002
S3B_20250912T101927_vs_HYPERNETS_20250912T104500_RHOW_R_poly.csv,THFR_poly,Hyp,S3B,3.6641600000000003,43.43485999999999,3.6651330000000004,43.439365,0.51,5,2025-09-12T08:45:00Z,2025-09-12T08:19:27Z,26,30,16,1.803,0.9123,2.3356,3.7937,6.1623,-0.010892,-0.003609,8.74e-4,NA,TRUE,FALSE,0.010497,0.005791,233.9809,-0.221953,0.155103,3.16168,0.19434,0.7554,3.16168,-28.6535,15.5003,313.2196,23.3796,180.9154,424.2094
S3B_20250916T101544_vs_HYPERNETS_20250916T100000_RHOW_R_poly.csv,THFR_poly,Hyp,S3B,3.6641600000000003,43.43485999999999,3.6649130000000003,43.439049,0.47,5,2025-09-16T08:00:00Z,2025-09-16T08:15:44Z,16,30,16,1.0889,0.5889,1.1627,1.8116,2.8225,-0.003735,-6.32e-4,0.00136,NA,TRUE,FALSE,0.004346,0.002328,436.223,-0.037999,0.112883,1.642385,0.113131,0.360715,1.642385,-4.0856,11.2614,158.095,12.4904,56.6074,158.095
S3B_20250916T101544_vs_HYPERNETS_20250916T101500_RHOW_R_poly.csv,THFR_poly,Hyp,S3B,3.6641600000000003,43.43485999999999,3.6649130000000003,43.439049,0.47,5,2025-09-16T08:15:00Z,2025-09-16T08:15:44Z,1,30,16,1.125,0.7883,1.1909,1.8504,2.8752,-0.00407,-8.62e-4,0.001202,NA,TRUE,FALSE,0.004303,0.002295,159.4986,-0.188357,0.030113,1.360093,0.138708,0.338913,1.360093,-23.8598,2.9725,134.6857,16.1075,51.2911,134.6857
S3B_20250916T101544_vs_HYPERNETS_20250916T103000_RHOW_R_poly.csv,THFR_poly,Hyp,S3B,3.6641600000000003,43.43485999999999,3.6649130000000003,43.439049,0.47,5,2025-09-16T08:30:00Z,2025-09-16T08:15:44Z,14,30,16,1.1893,0.5896,1.2318,1.9,2.9306,-0.003643,-6.28e-4,0.001326,NA,TRUE,FALSE,0.004347,0.002343,476.7512,0.024245,0.183278,1.73257,0.142702,0.30507,1.73257,2.3278,18.2962,165.9746,14.2468,44.0289,165.9746
S3B_20250916T101544_vs_HYPERNETS_20250916T104500_RHOW_R_poly.csv,THFR_poly,Hyp,S3B,3.6641600000000003,43.43485999999999,3.6649130000000003,43.439049,0.47,5,2025-09-16T08:45:00Z,2025-09-16T08:15:44Z,29,30,16,1.2129,0.7184,1.2567,1.9385,2.9903,-0.003788,-7.22e-4,0.001266,NA,TRUE,FALSE,0.004358,0.002353,221.8382,-0.058401,0.136254,1.621753,0.112318,0.305963,1.621753,-6.2236,13.6131,157.0548,11.4548,44.2031,157.0548
S3B_20250917T094933_vs_HYPERNETS_20250917T093000_RHOW_R_poly.csv,THFR_poly,Hyp,S3B,3.6641600000000003,43.43485999999999,3.6649830000000003,43.439356000000004,0.5,5,2025-09-17T07:30:00Z,2025-09-17T07:49:33Z,20,30,12,-0.5427,-0.6673,-2.2067,-1.2172,-0.6714,0.004901,0.006052,0.00814,NA,TRUE,TRUE,0.005144,0.004402,2245.353,-0.829025,1.174113,26.462432,0.837837,1.939953,26.462432,-485.4836,30.343,2626.079,419.0055,1560.0366,2919.7439
S3B_20250917T094933_vs_HYPERNETS_20250917T094500_RHOW_R_poly.csv,THFR_poly,Hyp,S3B,3.6641600000000003,43.43485999999999,3.6649830000000003,43.439356000000004,0.5,5,2025-09-17T07:45:00Z,2025-09-17T07:49:33Z,5,30,12,-0.5476,-0.7159,-2.1825,-1.2067,-0.6672,0.004956,0.006147,0.008299,NA,TRUE,TRUE,0.00515,0.004438,1614.0994,-0.840864,0.939839,20.066578,0.849214,1.709948,20.066578,-529.0678,21.28,1980.7557,430.6566,1430.9641,2669.4978
S3B_20250917T094933_vs_HYPERNETS_20250917T100000_RHOW_R_poly.csv,THFR_poly,Hyp,S3B,3.6641600000000003,43.43485999999999,3.6649830000000003,43.439356000000004,0.5,5,2025-09-17T08:00:00Z,2025-09-17T07:49:33Z,10,30,12,-0.5641,-0.6643,-2.141,-1.1911,-0.6627,0.004996,0.006202,0.00837,NA,TRUE,TRUE,0.0051919999999999996,0.00451,2281.4881,-0.855234,0.779962,23.157687,0.864025,1.553195,23.157687,-591.7689,14.8235,2295.1676,471.0906,1466.4398,2875.6726
S3B_20250917T094933_vs_HYPERNETS_20250917T101500_RHOW_R_poly.csv,THFR_poly,Hyp,S3B,3.6641600000000003,43.43485999999999,3.6649830000000003,43.439356000000004,0.5,5,2025-09-17T08:15:00Z,2025-09-17T07:49:33Z,25,30,12,-0.5713,-0.6467,-2.1538,-1.1993,-0.6678,0.004999,0.006205,0.008371,NA,TRUE,TRUE,0.005185,0.004504,2596.0918,-0.855978,0.77378,25.628468,0.864671,1.545536,25.628468,-595.3284,14.9051,2552.9946,472.5183,1479.1583,2873.8141
S3B_20250924T100815_vs_HYPERNETS_20250924T100000_RHOW_R_poly.csv,THFR_poly,Hyp,S3B,3.6641600000000003,43.43485999999999,3.66535,43.438848,0.45,5,2025-09-24T08:00:00Z,2025-09-24T08:08:15Z,8,30,14,1.1132,0.4223,1.0782,1.7093,2.7098,-0.002662,0.001079,0.0034390000000000002,NA,TRUE,FALSE,0.005521,0.00375,999.1864,0.235463,0.458134,3.0486,0.292817,0.458134,3.0486,23.5262,45.8063,292.4549,29.3303,50.3193,292.4549
S3B_20250924T100815_vs_HYPERNETS_20250924T101500_RHOW_R_poly.csv,THFR_poly,Hyp,S3B,3.6641600000000003,43.43485999999999,3.66535,43.438848,0.45,5,2025-09-24T08:15:00Z,2025-09-24T08:08:15Z,7,30,14,1.1381,0.3679,1.051,1.6231,2.5068,-0.002719,8.72e-4,0.003198,NA,TRUE,FALSE,0.00513,0.003429,1628.7232,0.187449,0.364151,2.335026,0.225648,0.389279,2.335026,18.738,36.4123,225.2849,22.5339,51.9858,225.2849
S3B_20250927T103041_vs_HYPERNETS_20250927T101500_RHOW_R_poly.csv,THFR_poly,Hyp,S3B,3.6641600000000003,43.43485999999999,3.6643770000000004,43.440160999999996,0.59,5,2025-09-27T08:15:00Z,2025-09-27T08:30:41Z,16,30,11,0.1976,0.3517,0.4341,0.8569,1.6916,-0.00255,4.05e-4,0.001902,NA,FALSE,FALSE,0.004276,0.003349,849.5957,-0.457318,1.731875,2.188431,0.676209,1.731875,2.188431,-90.2243,173.1875,218.4892,148.083,174.9922,240.5212
S3B_20250927T103041_vs_HYPERNETS_20250927T103000_RHOW_R_poly.csv,THFR_poly,Hyp,S3B,3.6641600000000003,43.43485999999999,3.6643770000000004,43.440160999999996,0.59,5,2025-09-27T08:30:00Z,2025-09-27T08:30:41Z,1,30,11,0.208,0.3415,0.4148,0.8158,1.6044,-0.00269,3.23e-4,0.001855,NA,FALSE,FALSE,0.004354,0.003419,892.3722,-0.499055,1.163791,1.62102,0.691993,1.163791,1.62102,-105.2101,116.3791,161.4343,127.9304,159.8455,184.1711
S3B_20250927T103041_vs_HYPERNETS_20250927T104500_RHOW_R_poly.csv,THFR_poly,Hyp,S3B,3.6641600000000003,43.43485999999999,3.6643770000000004,43.440160999999996,0.59,5,2025-09-27T08:45:00Z,2025-09-27T08:30:41Z,14,30,11,0.2061,0.4168,0.4167,0.82,1.6136,-0.002759,2.89e-4,0.001838,NA,FALSE,FALSE,0.004352,0.0034,370.9911,-0.499523,0.54926,1.482976,0.582941,0.763718,1.482976,-105.5139,54.926,148.1979,87.9466,155.33,175.1308
S3B_20250927T103041_vs_HYPERNETS_20250927T110000_RHOW_R_poly.csv,THFR_poly,Hyp,S3B,3.6641600000000003,43.43485999999999,3.6643770000000004,43.440160999999996,0.59,5,2025-09-27T09:00:00Z,2025-09-27T08:30:41Z,29,30,11,0.2284,0.3989,0.4115,0.8054,1.5764,-0.002972,1.64e-4,0.001766,NA,FALSE,FALSE,0.004336,0.003378,415.5662,-0.527038,0.248333,1.066673,0.527038,0.709211,1.066673,-115.8808,24.8333,106.6032,73.3984,111.811,167.805
S3B_20251001T102655_vs_HYPERNETS_20251001T100000_RHOW_R_poly.csv,THFR_poly,Hyp,S3B,3.6641600000000003,43.43485999999999,3.6638940000000004,43.439675,0.54,5,2025-10-01T08:00:00Z,2025-10-01T08:26:55Z,27,30,16,1.6227,0.3105,1.4226,1.9333,2.6273,0.002858,0.004668,0.006,NA,TRUE,TRUE,0.007867,0.007102,2286.131,2.909609,4.131043,24.328431,2.909609,4.131043,24.328431,290.7803,411.472,2419.5426,290.7803,411.472,2419.5426
S3B_20251001T102655_vs_HYPERNETS_20251001T101500_RHOW_R_poly.csv,THFR_poly,Hyp,S3B,3.6641600000000003,43.43485999999999,3.6638940000000004,43.439675,0.54,5,2025-10-01T08:15:00Z,2025-10-01T08:26:55Z,12,30,15,1.5863,0.3428,1.3772,1.9151,2.6631,0.002756,0.004807,0.006282,NA,TRUE,TRUE,0.008076,0.007316,1460.7207,2.89876,3.922477,22.764632,2.89876,3.922477,22.764632,289.5234,392.2477,1790.8848,289.5234,392.2477,1790.8848
S3B_20251001T102655_vs_HYPERNETS_20251001T103000_RHOW_R_poly.csv,THFR_poly,Hyp,S3B,3.6641600000000003,43.43485999999999,3.6638940000000004,43.439675,0.54,5,2025-10-01T08:30:00Z,2025-10-01T08:26:55Z,3,30,15,1.5889,0.3768,1.3761,1.9022,2.6294,0.002651,0.004699,0.006181,NA,TRUE,TRUE,0.007991,0.007241,1049.5497,2.797262,3.682845,15.173343,2.797262,3.682845,15.173343,279.3607,368.2845,1333.1355,279.3607,368.2845,1333.1355
S3B_20251001T102655_vs_HYPERNETS_20251001T104500_RHOW_R_poly.csv,THFR_poly,Hyp,S3B,3.6641600000000003,43.43485999999999,3.6638940000000004,43.439675,0.54,5,2025-10-01T08:45:00Z,2025-10-01T08:26:55Z,18,30,16,1.6084,0.3373,1.4049,1.8908,2.5446,0.002747,0.004536,0.005865,NA,TRUE,TRUE,0.007716,0.006973,1547.5089,2.699725,3.74098,15.93747,2.699725,3.74098,15.93747,269.8393,373.0948,1546.8923,269.8393,373.0948,1546.8923
S3B_20251002T100044_vs_HYPERNETS_20251002T094500_RHOW_R_poly.csv,THFR_poly,Hyp,S3B,3.6641600000000003,43.43485999999999,3.6643660000000002,43.439503,0.52,5,2025-10-02T07:45:00Z,2025-10-02T08:00:44Z,16,30,16,1.1621,0.1917,1.0143,1.2477,1.5348,0.00329,0.004087,0.004734,NA,TRUE,TRUE,0.004977,0.004774,12375.4934,1.842276,2.373421,18.505768,1.842276,2.373421,18.505768,183.2398,237.1055,1835.2764,183.2398,237.1055,1835.2764
S3B_20251002T100044_vs_HYPERNETS_20251002T100000_RHOW_R_poly.csv,THFR_poly,Hyp,S3B,3.6641600000000003,43.43485999999999,3.6643660000000002,43.439503,0.52,5,2025-10-02T08:00:00Z,2025-10-02T08:00:44Z,1,30,16,1.1627,0.3464,1.018,1.2381,1.5059,0.003087,0.00388,0.004532,NA,TRUE,TRUE,0.004777,0.004586,696.4458,1.631838,2.015124,8.02404,1.631838,2.015124,8.02404,162.3024,201.2971,793.3213,162.3024,201.2971,793.3213
S3B_20251002T100044_vs_HYPERNETS_20251002T101500_RHOW_R_poly.csv,THFR_poly,Hyp,S3B,3.6641600000000003,43.43485999999999,3.6643660000000002,43.439503,0.52,5,2025-10-02T08:15:00Z,2025-10-02T08:00:44Z,14,30,16,1.1306,0.2888,0.989,1.2065,1.4719,0.003255,0.004029,0.004664,NA,FALSE,TRUE,0.004819,0.004632,1288.0696,1.709089,2.107017,17.051622,1.709089,2.107017,17.051622,169.8923,210.6014,1703.6038,169.8923,210.6014,1703.6038
S3B_20251002T100044_vs_HYPERNETS_20251002T103000_RHOW_R_poly.csv,THFR_poly,Hyp,S3B,3.6641600000000003,43.43485999999999,3.6643660000000002,43.439503,0.52,5,2025-10-02T08:30:00Z,2025-10-02T08:00:44Z,29,30,16,1.1193,0.2772,0.983,1.1844,1.427,0.003209,0.003947,0.004559,NA,FALSE,TRUE,0.004677,0.004508,1521.4195,1.533209,1.877997,13.304433,1.533209,1.877997,13.304433,152.4616,187.743,1320.7921,152.4616,187.743,1320.7921
S3B_20251005T102308_vs_HYPERNETS_20251005T101500_RHOW_R_poly.csv,THFR_poly,Hyp,S3B,3.6641600000000003,43.43485999999999,3.665128,43.439398000000004,0.51,5,2025-10-05T08:15:00Z,2025-10-05T08:23:08Z,8,30,16,1.0009,0.801,0.9766,1.4688,2.209,-0.002874,-2.43e-4,0.001507,NA,FALSE,FALSE,0.003913,0.002047,264.0019,-0.335146,-0.034643,0.878706,0.084361,0.356986,0.878706,-50.4089,-3.6082,83.4371,9.206,55.6023,136.9695
S3B_20251005T102308_vs_HYPERNETS_20251005T103000_RHOW_R_poly.csv,THFR_poly,Hyp,S3B,3.6641600000000003,43.43485999999999,3.665128,43.439398000000004,0.51,5,2025-10-05T08:30:00Z,2025-10-05T08:23:08Z,7,30,16,1.0112,0.9052,0.9855,1.4814,2.2267,-0.002978,-3.15e-4,0.001457,NA,FALSE,FALSE,0.003901,0.002048,171.7242,-0.332061,-0.052843,0.813797,0.154546,0.357287,0.892701,-49.7169,-5.6667,78.8288,18.3862,55.6536,163.8059
S3B_20251005T102308_vs_HYPERNETS_20251005T104500_RHOW_R_poly.csv,THFR_poly,Hyp,S3B,3.6641600000000003,43.43485999999999,3.665128,43.439398000000004,0.51,5,2025-10-05T08:45:00Z,2025-10-05T08:23:08Z,22,30,16,1.0368,0.8932,0.9829,1.4546,2.1525,-0.00301,-4.2e-4,0.001331,NA,FALSE,FALSE,0.003717,0.001977,180.4203,-0.334147,-0.066937,0.649651,0.1688,0.365518,0.838535,-50.2056,-7.2362,63.4326,20.4456,53.0397,183.3014
S3B_20251006T095658_vs_HYPERNETS_20251006T094500_RHOW_R_poly.csv,THFR_poly,Hyp,S3B,3.6641600000000003,43.43485999999999,3.664959,43.439373,0.51,5,2025-10-06T07:45:00Z,2025-10-06T07:56:58Z,12,30,16,1.1058,0.2951,0.9664,1.1827,1.4474,0.003666,0.004512,0.005203,NA,FALSE,TRUE,0.005292,0.005096,1013.292,1.607766,2.200718,11.269779,1.607766,2.200718,11.269779,160.7697,219.511,1122.3665,160.7697,219.511,1122.3665
S3B_20251006T095658_vs_HYPERNETS_20251006T100000_RHOW_R_poly.csv,THFR_poly,Hyp,S3B,3.6641600000000003,43.43485999999999,3.664959,43.439373,0.51,5,2025-10-06T08:00:00Z,2025-10-06T07:56:58Z,3,30,16,1.1095,0.2802,0.9717,1.1807,1.4346,0.003638,0.004462,0.00514,NA,FALSE,TRUE,0.005234,0.005048,1221.8142,1.568744,2.034,10.914053,1.568744,2.034,10.914053,156.8543,203.3991,1091.3382,156.8543,203.3991,1091.3382
S3B_20251006T095658_vs_HYPERNETS_20251006T101500_RHOW_R_poly.csv,THFR_poly,Hyp,S3B,3.6641600000000003,43.43485999999999,3.664959,43.439373,0.51,5,2025-10-06T08:15:00Z,2025-10-06T07:56:58Z,18,30,15,1.1528,0.343,1.01,1.2094,1.4483,0.003454,0.004268,0.004947,NA,TRUE,TRUE,0.005152,0.004981,726.6636,1.585628,1.942445,13.347023,1.585628,1.942445,13.347023,158.4402,194.2445,1048.9752,158.4402,194.2445,1048.9752
S3B_20251009T101925_vs_HYPERNETS_20251009T100000_RHOW_R_poly.csv,THFR_poly,Hyp,S3B,3.6641600000000003,43.43485999999999,3.6639040000000005,43.439972000000004,0.57,5,2025-10-09T08:00:00Z,2025-10-09T08:19:25Z,19,30,11,0.6294,1.5957,1.5766,3.1244,6.1919,-0.029859,-0.008992,0.001537,NA,TRUE,FALSE,0.013596,0.008412,146.1145,-0.601415,-0.304378,1.123086,0.325392,0.61206,1.40227,-150.9768,-43.7562,85.7473,48.3062,157.7717,201.4484
S3B_20251009T101925_vs_HYPERNETS_20251009T101500_RHOW_R_poly.csv,THFR_poly,Hyp,S3B,3.6641600000000003,43.43485999999999,3.66475,43.439602,0.53,5,2025-10-09T08:15:00Z,2025-10-09T08:19:25Z,4,30,16,1.0324,0.5526,1.5642,2.5894,4.2866,-0.010813,-0.003052,0.001636,NA,TRUE,FALSE,0.01151,0.006087,811.4673,-0.399964,0.324169,1.729369,0.494706,0.600381,1.729369,-68.8645,30.5835,171.12,54.0984,133.1041,171.12
S3B_20251009T101925_vs_HYPERNETS_20251009T103000_RHOW_R_poly.csv,THFR_poly,Hyp,S3B,3.6641600000000003,43.43485999999999,3.66475,43.439602,0.53,5,2025-10-09T08:30:00Z,2025-10-09T08:19:25Z,11,30,16,1.0176,0.6831,1.5099,2.4943,4.1207,-0.011114,-0.003259,0.001496,NA,TRUE,FALSE,0.011373,0.006084,317.8028,-0.42381,0.09774,1.397851,0.357611,0.624421,1.397851,-76.0112,9.7007,136.7206,55.7817,126.8122,178.1426
S3B_20251009T101925_vs_HYPERNETS_20251009T104500_RHOW_R_poly.csv,THFR_poly,Hyp,S3B,3.6641600000000003,43.43485999999999,3.66475,43.439602,0.53,5,2025-10-09T08:45:00Z,2025-10-09T08:19:25Z,26,30,16,0.9658,0.5612,1.4439,2.3872,3.9468,-0.010699,-0.002999,0.001659,NA,TRUE,FALSE,0.011354,0.006141,680.7568,-0.44352,0.449475,1.7875,0.538377,0.751206,1.7875,-81.9577,38.5469,178.4531,81.7968,149.9697,178.4531
S3B_20251010T095314_vs_HYPERNETS_20251010T093000_RHOW_R_poly.csv,THFR_poly,Hyp,S3B,3.6641600000000003,43.43485999999999,3.667438,43.436936,0.35,5,2025-10-10T07:30:00Z,2025-10-10T07:53:14Z,23,30,16,0.7201,0.6905,0.784,1.2285,1.925,-0.004113,-3.94e-4,0.00198,NA,FALSE,FALSE,0.005157,0.003574,233.0503,-0.421278,-0.220329,0.761395,0.295081,0.484501,0.87458,-72.9809,-28.2973,72.1914,42.0034,77.7227,169.9554
S3B_20251010T095314_vs_HYPERNETS_20251010T094500_RHOW_R_poly.csv,THFR_poly,Hyp,S3B,3.6641600000000003,43.43485999999999,3.667438,43.436936,0.35,5,2025-10-10T07:45:00Z,2025-10-10T07:53:14Z,8,30,16,0.7325,0.535,0.7865,1.2274,1.9156,-0.003517,-3.8e-5,0.00219,NA,FALSE,FALSE,0.00515,0.003452,715.6472,-0.352155,-0.130062,0.980343,0.339057,0.440869,0.980343,-54.3699,-15.6504,90.1159,45.4929,60.0719,147.6884
S3B_20251010T095314_vs_HYPERNETS_20251010T100000_RHOW_R_poly.csv,THFR_poly,Hyp,S3B,3.6641600000000003,43.43485999999999,3.667438,43.436936,0.35,5,2025-10-10T08:00:00Z,2025-10-10T07:53:14Z,7,30,16,0.789,0.512,0.8314,1.29,2.0015,-0.003448,-3e-5,0.002172,NA,FALSE,FALSE,0.005073,0.003282,951.606,-0.28314,-0.073402,1.300827,0.274079,0.466207,1.300827,-39.5155,-8.6358,126.1848,37.7583,63.8126,135.9668
S3B_20251010T095314_vs_HYPERNETS_20251010T101500_RHOW_R_poly.csv,THFR_poly,Hyp,S3B,3.6641600000000003,43.43485999999999,3.667438,43.436936,0.35,5,2025-10-10T08:15:00Z,2025-10-10T07:53:14Z,22,30,16,0.7847,0.5746,0.8411,1.3119,2.0464,-0.003395,3.7e-5,0.002236,NA,FALSE,FALSE,0.005168,0.003283,546.0793,-0.294148,-0.040457,1.325063,0.276521,0.445652,1.325063,-41.7663,-5.132,126.9556,38.2247,63.6641,133.2949
S3B_20251013T101542_vs_HYPERNETS_20251013T100000_RHOW_R_poly.csv,THFR_poly,Hyp,S3B,3.6641600000000003,43.43485999999999,3.665198,43.439173000000004,0.49,5,2025-10-13T08:00:00Z,2025-10-13T08:15:42Z,16,30,16,1.2139,0.8979,1.1712,1.751,2.618,-0.002451,6.25e-4,0.002682,NA,TRUE,FALSE,0.005681,0.003344,575.2745,0.127672,0.362091,2.106511,0.282909,0.551989,2.106511,12.7629,36.0841,196.9797,28.2389,84.0186,400.6936
S3B_20251013T101542_vs_HYPERNETS_20251013T101500_RHOW_R_poly.csv,THFR_poly,Hyp,S3B,3.6641600000000003,43.43485999999999,3.665198,43.439173000000004,0.49,5,2025-10-13T08:15:00Z,2025-10-13T08:15:42Z,1,30,16,1.2289,0.9138,1.172,1.7407,2.5854,-0.002599,4.84e-4,0.00256,NA,TRUE,FALSE,0.005567,0.003257,505.0421,0.090362,0.341761,1.961262,0.262046,0.595292,1.961262,9.0322,34.0809,184.4552,26.1,86.3418,363.2173
S3B_20251013T101542_vs_HYPERNETS_20251013T103000_RHOW_R_poly.csv,THFR_poly,Hyp,S3B,3.6641600000000003,43.43485999999999,3.665198,43.439173000000004,0.49,5,2025-10-13T08:30:00Z,2025-10-13T08:15:42Z,14,30,16,1.2302,0.9739,1.1814,1.7618,2.6273,-0.002584,5.2e-4,0.002602,NA,TRUE,FALSE,0.005642,0.003318,393.0919,0.105986,0.359611,2.056524,0.278805,0.587862,2.056524,10.5944,35.8641,193.0611,27.7754,86.4704,382.0665
S3B_20251013T101542_vs_HYPERNETS_20251013T104500_RHOW_R_poly.csv,THFR_poly,Hyp,S3B,3.6641600000000003,43.43485999999999,3.665198,43.439173000000004,0.49,5,2025-10-13T08:45:00Z,2025-10-13T08:15:42Z,29,30,16,1.2648,0.925,1.2165,1.8157,2.71,-0.002379,6.63e-4,0.002701,NA,TRUE,FALSE,0.005773,0.003475,511.3648,0.17777,0.415779,2.206563,0.328514,0.522507,2.206563,17.7767,41.455,206.9209,33.6397,74.5761,426.9844
S3B_20251014T094931_vs_HYPERNETS_20251014T093000_RHOW_R_poly.csv,THFR_poly,Hyp,S3B,3.6641600000000003,43.43485999999999,3.665866,43.43942,0.53,5,2025-10-14T07:30:00Z,2025-10-14T07:49:31Z,20,30,10,0.0149,0.0507,0.1114,0.2343,0.4926,-2.34e-4,8.5e-4,0.001366,NA,TRUE,FALSE,0.005136,0.003489,1072.189,-0.618081,-0.209608,0.625092,0.468218,0.68102,0.809694,-166.4131,-33.5049,61.9516,70.5723,90.3532,415.6413
S3B_20251014T094931_vs_HYPERNETS_20251014T094500_RHOW_R_poly.csv,THFR_poly,Hyp,S3B,3.6641600000000003,43.43485999999999,3.665866,43.43942,0.53,5,2025-10-14T07:45:00Z,2025-10-14T07:49:31Z,5,30,10,0.0158,0.1123,0.1152,0.2423,0.5095,-2.41e-4,8.47e-4,0.001364,NA,TRUE,FALSE,0.004949,0.003353,356.954,-0.601664,-0.2686,0.657736,0.444606,0.705786,0.829273,-155.638,-40.5875,64.6671,76.798,83.5963,399.9411
S3B_20251014T094931_vs_HYPERNETS_20251014T100000_RHOW_R_poly.csv,THFR_poly,Hyp,S3B,3.6641600000000003,43.43485999999999,3.665866,43.43942,0.53,5,2025-10-14T08:00:00Z,2025-10-14T07:49:31Z,10,30,10,0.0171,0.1199,0.1176,0.2471,0.5196,-2.44e-4,8.45e-4,0.001363,NA,TRUE,FALSE,0.004838,0.003302,353.4124,-0.597388,-0.223571,0.754318,0.446218,0.735801,0.870918,-152.3267,-34.0912,74.2774,80.4386,89.4958,388.9146
S3B_20251014T094931_vs_HYPERNETS_20251014T101500_RHOW_R_poly.csv,THFR_poly,Hyp,S3B,3.6641600000000003,43.43485999999999,3.665866,43.43942,0.53,5,2025-10-14T08:15:00Z,2025-10-14T07:49:31Z,25,30,10,0.0183,0.1251,0.1177,0.2473,0.5198,-2.12e-4,8.6e-4,0.00137,NA,TRUE,FALSE,0.004803,0.00331,390.6559,-0.592779,-0.121324,1.070734,0.50426,0.763951,1.114047,-149.4629,-22.1598,105.8559,80.3582,121.6476,385.5063
S3B_20251017T101157_vs_HYPERNETS_20251017T094500_RHOW_C_poly.csv,THFR_poly,Hyp,S3B,3.6641600000000003,43.43485999999999,3.664688,43.439253,0.49,5,2025-10-17T07:45:00Z,2025-10-17T08:11:57Z,27,30,15,1.2926,0.9135,1.4723,2.3909,3.8825,-0.006252,-4.29e-4,0.003156,NA,TRUE,FALSE,0.008819,0.005038,196.3334,0.143321,0.441535,3.333644,0.238051,0.441535,3.333644,14.2604,44.1535,319.61130000000003,28.0338,58.4138,319.61130000000003
S3B_20251017T101157_vs_HYPERNETS_20251017T100000_RHOW_C_poly.csv,THFR_poly,Hyp,S3B,3.6641600000000003,43.43485999999999,3.664688,43.439253,0.49,5,2025-10-17T08:00:00Z,2025-10-17T08:11:57Z,12,30,15,1.3843,0.8744,1.5081,2.422,3.8898,-0.006046,-4.05e-4,0.003107,NA,TRUE,FALSE,0.008753,0.005093,212.903,0.198543,0.460593,3.413766,0.268479,0.460593,3.413766,19.8194,46.0593,323.7367,31.7204,49.2412,323.7367
S3B_20251017T101157_vs_HYPERNETS_20251017T101500_RHOW_C_poly.csv,THFR_poly,Hyp,S3B,3.6641600000000003,43.43485999999999,3.664688,43.439253,0.49,5,2025-10-17T08:15:00Z,2025-10-17T08:11:57Z,3,30,15,1.4642,0.8121,1.5946,2.5606,4.112,-0.005654,-1.62e-4,0.003258,NA,TRUE,FALSE,0.008962,0.00537,273.7706,0.300016,0.605695,4.209528,0.300016,0.605695,4.209528,30.0013,60.5695,389.4714,30.0013,60.5695,389.4714
S3B_20251017T101157_vs_HYPERNETS_20251017T103000_RHOW_C_poly.csv,THFR_poly,Hyp,S3B,3.6641600000000003,43.43485999999999,3.664688,43.439253,0.49,5,2025-10-17T08:30:00Z,2025-10-17T08:11:57Z,18,30,15,1.6462,1.4051,1.6226,2.517,3.9043,-0.009083,-0.002692,0.001428,NA,TRUE,FALSE,0.008066,0.004628,98.0839,-0.050145,0.297615,0.957578,0.22717,0.4331,1.037074,-5.3299,29.7615,92.4526,22.716,43.31,217.6397
S3B_20251028T102658_vs_HYPERNETS_20251028T100000_RHOW_R_poly.csv,THFR_poly,Hyp,S3B,3.6641600000000003,43.43485999999999,3.665385,43.43778399999999,0.34,5,2025-10-28T09:00:00Z,2025-10-28T09:26:58Z,27,30,16,0.8286,0.2672,0.72,0.9056,1.1391,0.00176,0.002423,0.00295,NA,FALSE,TRUE,0.002503,0.002155,1132.9186,0.558336,1.419051,13.823997,0.558336,1.419051,13.823997,55.6668,137.6893,1382.3535,55.6668,137.6893,1382.3535
S3B_20251028T102658_vs_HYPERNETS_20251028T101500_RHOW_R_poly.csv,THFR_poly,Hyp,S3B,3.6641600000000003,43.43485999999999,3.665385,43.43778399999999,0.34,5,2025-10-28T09:15:00Z,2025-10-28T09:26:58Z,12,30,15,0.8417,0.2844,0.7257,0.9115,1.1448,0.001603,0.002315,0.002883,NA,FALSE,TRUE,0.002386,0.002045,1040.3695,0.522787,0.922245,10.417454,0.522787,0.922245,10.417454,52.0649,92.2245,723.1974,52.0649,92.2245,723.1974
S3B_20251028T102658_vs_HYPERNETS_20251028T103000_RHOW_R_poly.csv,THFR_poly,Hyp,S3B,3.6641600000000003,43.43485999999999,3.665385,43.43778399999999,0.34,5,2025-10-28T09:30:00Z,2025-10-28T09:26:58Z,3,30,15,0.8272,0.3536,0.7176,0.8819,1.0839,0.001493,0.002165,0.002712,NA,FALSE,TRUE,0.002119,0.0018,410.9337,0.418618,0.713425,6.079843,0.418618,0.713425,6.079843,41.7301,71.3425,457.6906,41.7301,71.3425,457.6906
S3B_20251028T102658_vs_HYPERNETS_20251028T104500_RHOW_R_poly.csv,THFR_poly,Hyp,S3B,3.6641600000000003,43.43485999999999,3.665385,43.43778399999999,0.34,5,2025-10-28T09:45:00Z,2025-10-28T09:26:58Z,18,30,16,0.784,0.2971,0.6878,0.8314,1.005,0.001568,0.00216,0.00265,NA,FALSE,TRUE,0.001991,0.001659,648.2422,0.303414,0.750197,7.176296,0.303414,0.750197,7.176296,30.2809,73.738,717.6237,30.2809,73.738,717.6237
S3B_20251109T101545_vs_HYPERNETS_20251109T100000_RHOW_R_poly.csv,THFR_poly,Hyp,S3B,3.6641600000000003,43.43485999999999,3.665441,43.438148000000005,0.38,5,2025-11-09T09:00:00Z,2025-11-09T09:15:45Z,16,30,16,0.7031,0.6273,0.638,0.9122,1.3042,-0.001003,1.56e-4,9.66e-4,NA,FALSE,FALSE,0.002004,0.001459,252.191,-0.437127,-0.237171,0.427154,0.240905,0.446197,0.852024,-77.7307,-31.0973,36.1302,31.7406,80.6665,165.0809
S3B_20251109T101545_vs_HYPERNETS_20251109T101500_RHOW_R_poly.csv,THFR_poly,Hyp,S3B,3.6641600000000003,43.43485999999999,3.665441,43.438148000000005,0.38,5,2025-11-09T09:15:00Z,2025-11-09T09:15:45Z,1,30,16,0.7379,0.4701,0.6695,0.9571,1.3684,-8.78e-4,2.43e-4,0.001027,NA,FALSE,FALSE,0.001943,0.001356,1117.87,-0.292518,-0.117262,1.23542,0.205292,0.541626,1.23542,-42.0227,-13.3488,123.1977,25.8335,101.3069,161.9341
S3B_20251109T101545_vs_HYPERNETS_20251109T103000_RHOW_R_poly.csv,THFR_poly,Hyp,S3B,3.6641600000000003,43.43485999999999,3.665441,43.438148000000005,0.38,5,2025-11-09T09:30:00Z,2025-11-09T09:15:45Z,14,30,15,0.747,0.9225,0.666,0.9651,1.3983,-0.001357,-2.9e-5,8.88e-4,NA,FALSE,FALSE,0.001973,0.001381,58.0746,-0.4472,-0.222834,0.073107,0.220624,0.446119,0.655856,-80.8976,-28.6726,7.1514,28.3082,80.544,141.4152
S3B_20251109T101545_vs_HYPERNETS_20251109T104500_RHOW_R_poly.csv,THFR_poly,Hyp,S3B,3.6641600000000003,43.43485999999999,3.665441,43.438148000000005,0.38,5,2025-11-09T09:45:00Z,2025-11-09T09:15:45Z,29,30,15,0.7794,0.8071,0.6893,0.9889,1.4187,-0.001198,5.2e-5,9.24e-4,NA,FALSE,FALSE,0.00188,0.001278,74.4714,-0.321109,-0.189839,0.977446,0.198652,0.495058,0.977446,-48.2667,-23.4323,97.7416,24.7931,96.662,129.8891
S3B_20251117T100817_vs_HYPERNETS_20251117T094500_RHOW_R_poly.csv,THFR_poly,Hyp,S3B,3.6641600000000003,43.43485999999999,3.666036,43.438856,0.47,5,2025-11-17T08:45:00Z,2025-11-17T09:08:17Z,23,30,15,1.1218,0.3973,0.9883,1.4103,2.0125,0.001083,0.002524,0.003534,NA,FALSE,TRUE,0.004213,0.003506,879.063,1.324655,1.701705,12.597694,1.324655,1.701705,12.597694,132.404,170.1705,1160.0968,132.404,170.1705,1160.0968
S3B_20251117T100817_vs_HYPERNETS_20251117T100000_RHOW_R_poly.csv,THFR_poly,Hyp,S3B,3.6641600000000003,43.43485999999999,3.666036,43.438856,0.47,5,2025-11-17T09:00:00Z,2025-11-17T09:08:17Z,8,30,16,1.0913,0.356,0.9641,1.3312,1.8381,0.001257,0.002505,0.003408,NA,FALSE,TRUE,0.003954,0.00332,1180.495,1.125992,2.394724,9.705858,1.125992,2.394724,9.705858,112.586,225.0827,965.3406,112.586,225.0827,965.3406
S3B_20251117T100817_vs_HYPERNETS_20251117T101500_RHOW_R_poly.csv,THFR_poly,Hyp,S3B,3.6641600000000003,43.43485999999999,3.666036,43.438856,0.47,5,2025-11-17T09:15:00Z,2025-11-17T09:08:17Z,7,30,16,1.0694,0.3033,0.9398,1.2845,1.7556,0.001198,0.002428,0.003328,NA,FALSE,TRUE,0.003788,0.003171,2575.0706,1.017672,2.088633,7.522807,1.017672,2.088633,7.522807,101.7523,196.7548,739.8742,101.7523,196.7548,739.8742
S3B_20251121T100432_vs_HYPERNETS_20251121T101500_RHOW_R_poly.csv,THFR_poly,Hyp,S3B,3.6641600000000003,43.43485999999999,3.665802,43.43874,0.45,5,2025-11-21T09:15:00Z,2025-11-21T09:04:32Z,10,30,12,0.7683,0.8515,1.1863,2.2051,4.0991,-0.006454,-6.69e-4,0.002443,NA,TRUE,FALSE,0.006825,0.003864,184.9631,-0.102036,0.60921,2.022017,0.490261,0.64928,2.022017,-13.0674,60.8134,198.9151,54.9381,130.4722,198.9151
S3B_20251121T100432_vs_HYPERNETS_20251121T103000_RHOW_R_poly.csv,THFR_poly,Hyp,S3B,3.6641600000000003,43.43485999999999,3.665802,43.43874,0.45,5,2025-11-21T09:30:00Z,2025-11-21T09:04:32Z,25,30,12,0.7982,0.9208,1.2513,2.3289,4.3345,-0.006759,-8.25e-4,0.002364,NA,TRUE,FALSE,0.006869,0.003888,175.9919,-0.05964,0.345889,1.734991,0.328724,0.58748,1.734991,-8.0785,34.5692,172.0349,35.7236,119.186,180.0895
S3B_20251125T100049_vs_HYPERNETS_20251125T094500_RHOW_R_poly.csv,THFR_poly,Hyp,S3B,3.6641600000000003,43.43485999999999,3.6649840000000005,43.436406999999996,0.18,5,2025-11-25T08:45:00Z,2025-11-25T09:00:49Z,16,30,7,0.0159,0.0051,0.1407,0.3759,1.0042,-0.001002,7.52e-4,0.001409,NA,FALSE,FALSE,0.004614,0.003403,3007.6338,0.384391,5.273828,11.43013,1.194932,5.273828,11.43013,-11.2208,527.3828,1138.864,334.8971,1041.5369,1587.5998
S3B_20251129T095705_vs_HYPERNETS_20251129T093000_RHOW_R_poly.csv,THFR_poly,Hyp,S3B,3.6641600000000003,43.43485999999999,3.666138,43.438009,0.39,5,2025-11-29T08:30:00Z,2025-11-29T08:57:05Z,27,30,15,0.5423,0.4027,0.6277,1.023,1.6671,-0.00191,3.12e-4,0.001676,NA,FALSE,FALSE,0.0034,0.002204,508.27,-0.347562,0.016752,4.446325,0.30788,0.434227,4.446325,-53.3604,1.6752,443.7684,44.5296,76.7493,443.7684
S3B_20251129T095705_vs_HYPERNETS_20251129T094500_RHOW_R_poly.csv,THFR_poly,Hyp,S3B,3.6641600000000003,43.43485999999999,3.666138,43.438009,0.39,5,2025-11-29T08:45:00Z,2025-11-29T08:57:05Z,12,30,15,0.5441,0.5365,0.6182,1.0033,1.6284,-0.002092,1.86e-4,0.001589,NA,FALSE,FALSE,0.003371,0.002233,156.9474,-0.386964,-0.069242,2.346901,0.338113,0.448685,2.346901,-63.2233,-7.4393,233.1834,51.212,81.3844,233.1834
S3B_20251129T095705_vs_HYPERNETS_20251129T100000_RHOW_R_poly.csv,THFR_poly,Hyp,S3B,3.6641600000000003,43.43485999999999,3.666138,43.438009,0.39,5,2025-11-29T09:00:00Z,2025-11-29T08:57:05Z,3,30,16,0.5044,0.3969,0.6076,0.9747,1.5638,-0.001603,4.79e-4,0.001778,NA,FALSE,FALSE,0.003433,0.002409,451.2614,-0.390899,-0.087266,2.079011,0.363231,0.487104,2.079011,-64.2989,-9.6285,204.243,51.3899,79.0438,204.243
S3B_20251129T095705_vs_HYPERNETS_20251129T101500_RHOW_R_poly.csv,THFR_poly,Hyp,S3B,3.6641600000000003,43.43485999999999,3.666138,43.438009,0.39,5,2025-11-29T09:15:00Z,2025-11-29T08:57:05Z,18,30,16,0.5174,0.3328,0.6098,0.9741,1.5561,-0.001557,4.93e-4,0.001777,NA,FALSE,FALSE,0.003388,0.002382,959.8133,-0.378803,-0.079224,2.283544,0.35276,0.501414,2.283544,-61.0983,-8.6169,226.9537,54.5861,87.8747,226.9537
S3B_20251214T100818_vs_HYPERNETS_20251214T094500_RHOW_R_poly.csv,THFR_poly,Hyp,S3B,3.6641600000000003,43.43485999999999,3.665958,43.438187,0.4,5,2025-12-14T08:45:00Z,2025-12-14T09:08:18Z,23,30,14,0.5752,0.7204,2.0219,3.6358,6.5379,-0.007482,-5.09e-4,0.003368,NA,TRUE,FALSE,0.010633,0.005832,686.193,0.416378,0.961299,3.954625,0.416378,0.961299,3.954625,41.4503,96.1197,371.6846,41.4503,96.1197,371.6846
S3B_20251214T100818_vs_HYPERNETS_20251214T100000_RHOW_R_poly.csv,THFR_poly,Hyp,S3B,3.6641600000000003,43.43485999999999,3.665958,43.438187,0.4,5,2025-12-14T09:00:00Z,2025-12-14T09:08:18Z,8,30,15,0.8618,0.6799,2.1039,3.6598,6.3663,-0.007018,-6.95e-4,0.00294,NA,TRUE,FALSE,0.010147,0.00553,651.3059,0.2334,0.613356,5.452511,0.2334,0.613356,5.452511,23.3244,61.3356,533.4152,24.7804,61.3356,533.4152
S3B_20251214T100818_vs_HYPERNETS_20251214T101500_RHOW_R_poly.csv,THFR_poly,Hyp,S3B,3.6641600000000003,43.43485999999999,3.665958,43.438187,0.4,5,2025-12-14T09:15:00Z,2025-12-14T09:08:18Z,7,30,15,1.0073,0.7557,2.1313,3.6885,6.3835,-0.007372,-9.43e-4,0.002771,NA,TRUE,FALSE,0.010042,0.00548,514.1304,0.218766,0.616831,5.093644,0.227597,0.616831,5.093644,21.8018,61.6831,498.9897,25.083,61.6831,498.9897
S3B_20251217T103045_vs_HYPERNETS_20251217T101500_RHOW_R_poly.csv,THFR_poly,Hyp,S3B,3.6641600000000003,43.43485999999999,3.6644910000000004,43.439717,0.54,5,2025-12-17T09:15:00Z,2025-12-17T09:30:45Z,16,30,16,0.5974,0.5529,0.9374,1.5568,2.5854,-0.003739,-3.95e-4,0.001619,NA,FALSE,FALSE,0.005081,0.003171,1996.7399,-0.713622,-0.334642,0.230511,0.347638,0.714099,1.003772,-249.1904,-50.4099,14.0663,53.3781,188.5149,434.3969
S3B_20251217T103045_vs_HYPERNETS_20251217T103000_RHOW_R_poly.csv,THFR_poly,Hyp,S3B,3.6641600000000003,43.43485999999999,3.6644910000000004,43.439717,0.54,5,2025-12-17T09:30:00Z,2025-12-17T09:30:45Z,1,30,16,0.6106,0.7687,0.9106,1.5052,2.4878,-0.003434,-2.35e-4,0.001701,NA,FALSE,FALSE,0.005035,0.003124,707.4441,-0.594981,-0.188906,0.296075,0.213113,0.63171,0.967951,-150.4525,-23.5104,23.2032,27.2568,117.0174,413.106
S3B_20251217T103045_vs_HYPERNETS_20251217T110000_RHOW_R_poly.csv,THFR_poly,Hyp,S3B,3.6641600000000003,43.43485999999999,3.6644910000000004,43.439717,0.54,5,2025-12-17T10:00:00Z,2025-12-17T09:30:45Z,29,30,16,0.6403,0.7982,0.8979,1.4742,2.4203,-0.003512,-3.15e-4,0.001632,NA,FALSE,FALSE,0.00492,0.003114,639.4397,-0.585105,-0.207541,0.222042,0.229167,0.62551,0.934987,-145.0803,-26.3778,16.3123,29.8776,114.8548,385.101
S3B_20251218T100434_vs_HYPERNETS_20251218T094500_RHOW_R_poly.csv,THFR_poly,Hyp,S3B,3.6641600000000003,43.43485999999999,3.66542,43.438746,0.44,5,2025-12-18T08:45:00Z,2025-12-18T09:04:34Z,20,30,14,0.1366,0.517,1.7466,3.1604,5.7185,-0.008091,-0.001374,0.002338,NA,TRUE,FALSE,0.010903,0.005782,1181.7701,-0.435449,-0.04921,2.703678,0.179011,0.635969,2.897234,-77.7732,-5.3996,225.1949,17.8974,191.0346,2066.4069
S3B_20251218T100434_vs_HYPERNETS_20251218T100000_RHOW_R_poly.csv,THFR_poly,Hyp,S3B,3.6641600000000003,43.43485999999999,3.66542,43.438746,0.44,5,2025-12-18T09:00:00Z,2025-12-18T09:04:34Z,5,30,14,0.4789,0.6009,4.1768,7.5533,13.6593,-0.006847,-6.91e-4,0.002713,NA,TRUE,FALSE,0.011343,0.006056,2938.276,0.590324,2.318687,8.238808,0.928756,2.318687,8.238808,56.397,231.5892,812.2202,150.4453,483.0917,826.9333
S3B_20251229T101931_vs_HYPERNETS_20251229T100000_RHOW_R_poly.csv,THFR_poly,Hyp,S3B,3.6641600000000003,43.43485999999999,3.665763,43.438499,0.43,5,2025-12-29T09:00:00Z,2025-12-29T09:19:31Z,20,30,15,0.6935,0.6304,0.8265,1.355,2.2214,-0.002097,8.38e-4,0.002628,NA,FALSE,FALSE,0.004586,0.002485,414.1267,-0.201503,0.085323,2.808449,0.15137,0.301227,2.808449,-25.2778,8.5323,243.1206,17.9074,33.2227,307.9432
S3B_20251229T101931_vs_HYPERNETS_20251229T101500_RHOW_R_poly.csv,THFR_poly,Hyp,S3B,3.6641600000000003,43.43485999999999,3.665763,43.438499,0.43,5,2025-12-29T09:15:00Z,2025-12-29T09:19:31Z,5,30,15,0.7351,0.5679,0.8177,1.3205,2.1323,-0.002229,6.86e-4,0.002492,NA,FALSE,FALSE,0.004358,0.002381,676.2734,-0.226191,0.04519,2.525865,0.174541,0.272873,2.525865,-29.2646,4.519,213.8934,21.2473,36.2869,271.6643
S3B_20251229T101931_vs_HYPERNETS_20251229T103000_RHOW_R_poly.csv,THFR_poly,Hyp,S3B,3.6641600000000003,43.43485999999999,3.665763,43.438499,0.43,5,2025-12-29T09:30:00Z,2025-12-29T09:19:31Z,10,30,15,0.7598,0.7493,0.8254,1.3246,2.1257,-0.002354,5.79e-4,0.002406,NA,FALSE,FALSE,0.004262,0.00234,243.6713,-0.229801,0.043344,2.131352,0.179793,0.268548,2.131352,-29.8554,4.3344,186.4803,20.8947,36.7143,288.727
S3B_20251229T101931_vs_HYPERNETS_20251229T104500_RHOW_R_poly.csv,THFR_poly,Hyp,S3B,3.6641600000000003,43.43485999999999,3.665763,43.438499,0.43,5,2025-12-29T09:45:00Z,2025-12-29T09:19:31Z,25,30,15,0.7522,0.7983,0.8192,1.3155,2.1125,-0.00239,5.6e-4,0.002396,NA,FALSE,FALSE,0.004258,0.00234,200.5259,-0.238557,0.029847,2.051676,0.186631,0.274377,2.051676,-31.3524,2.9847,180.5948,20.4772,37.8126,311.0792
S3B_20251230T095319_vs_HYPERNETS_20251230T094500_RHOW_R_poly.csv,THFR_poly,Hyp,S3B,3.6641600000000003,43.43485999999999,3.666254,43.43855800000001,0.45,5,2025-12-30T08:45:00Z,2025-12-30T08:53:19Z,8,30,16,0.6204,0.465,1.0656,1.7824,2.9813,-0.003226,5.55e-4,0.002815,NA,TRUE,FALSE,0.006342,0.003567,509.1629,-0.030113,0.46993,2.828386,0.288429,0.525474,2.828386,-3.1519,46.0555,273.3918,29.4307,67.2515,273.3918
S3B_20251230T095319_vs_HYPERNETS_20251230T100000_RHOW_R_poly.csv,THFR_poly,Hyp,S3B,3.6641600000000003,43.43485999999999,3.666254,43.43855800000001,0.45,5,2025-12-30T09:00:00Z,2025-12-30T08:53:19Z,7,30,16,0.6284,0.4611,1.0913,1.8267,3.0576,-0.003099,6.35e-4,0.002865,NA,TRUE,FALSE,0.006397,0.003596,539.9408,0.006558,0.584124,3.118734,0.307655,0.610323,3.118734,0.5963,56.5153,297.7492,33.4845,73.4344,297.7492
S3B_20251230T095319_vs_HYPERNETS_20251230T101500_RHOW_R_poly.csv,THFR_poly,Hyp,S3B,3.6641600000000003,43.43485999999999,3.666254,43.43855800000001,0.45,5,2025-12-30T09:15:00Z,2025-12-30T08:53:19Z,22,30,16,0.6692,0.4021,1.1096,1.8512,3.0883,-0.003012,6.69e-4,0.002875,NA,TRUE,FALSE,0.006368,0.003585,936.4824,0.02802,0.729736,3.313902,0.297303,0.729736,3.313902,2.7264,70.0431,309.1726,34.7917,78.6024,309.1726
S3A_20250117T102808_vs_HYPERNETS_20250117T100000_RHOW_R_pixel.csv,THFR_pixel,Hyp,S3A,3.6641600000000003,43.43485999999999,3.6645160000000003,43.43408899999999,0.09,5,2025-01-17T09:00:00Z,2025-01-17T09:28:08Z,28,30,12,0.9789,0.2498,1.2748,2.328,4.2514,-0.001214,0.002179,0.004036,NA,TRUE,FALSE,0.006033,0.004521,2070.4383,1.116746,1.933765,10.110812,1.116746,1.933765,10.110812,111.569,192.8094,849.8082,111.569,192.8094,849.8082
S3A_20250117T102808_vs_HYPERNETS_20250117T101500_RHOW_R_pixel.csv,THFR_pixel,Hyp,S3A,3.6641600000000003,43.43485999999999,3.664496,43.434122,0.09,5,2025-01-17T09:15:00Z,2025-01-17T09:28:08Z,13,30,12,1.1757,0.3283,1.3009,2.3107,4.1041,-0.001732,0.001771,0.003744,NA,TRUE,FALSE,0.005766,0.004332,2160.8543,1.001549,1.770149,6.475214,1.001549,1.770149,6.475214,100.0888,176.4905,613.1981,100.0888,176.4905,613.1981
S3A_20250117T102808_vs_HYPERNETS_20250117T103000_RHOW_R_pixel.csv,THFR_pixel,Hyp,S3A,3.6641600000000003,43.43485999999999,3.6644970000000003,43.434125,0.09,5,2025-01-17T09:30:00Z,2025-01-17T09:28:08Z,2,30,14,1.425,0.3283,1.4311,2.3034,3.7075,-0.001157,0.001379,0.002954,NA,TRUE,FALSE,0.005196,0.003732,9410.3194,0.941589,2.266753,11.345574,0.941589,2.266753,11.345574,94.1587,222.216,1117.3677,94.1587,222.216,1117.3677
S3A_20250117T102808_vs_HYPERNETS_20250117T104500_RHOW_R_pixel.csv,THFR_pixel,Hyp,S3A,3.6641600000000003,43.43485999999999,3.6644970000000003,43.434125,0.09,5,2025-01-17T09:45:00Z,2025-01-17T09:28:08Z,17,30,14,1.4876,0.5778,1.4229,2.2423,3.5334,-0.001492,0.001077,0.002707,NA,TRUE,FALSE,0.004977,0.003548,556.7369,0.771701,1.901648,5.268456,0.771701,1.901648,5.268456,77.1252,187.2025,514.5448,77.1252,187.2025,514.5448
S3A_20250118T100157_vs_HYPERNETS_20250118T094500_RHOW_R_pixel.csv,THFR_pixel,Hyp,S3A,3.6641600000000003,43.43485999999999,3.6632730000000002,43.43379,0.14,5,2025-01-18T08:45:00Z,2025-01-18T09:01:57Z,17,30,9,0.0063,0.1506,0.6649,1.4859,3.321,-0.002425,0.001401,0.003112,NA,FALSE,FALSE,0.00441,0.002715,1628.026,-0.104288,-0.007105,15.510558,0.104288,0.37144,15.510558,-11.643,-0.7156,1551.0558,11.643,59.0937,1551.0558
S3A_20250118T100157_vs_HYPERNETS_20250118T100000_RHOW_R_pixel.csv,THFR_pixel,Hyp,S3A,3.6641600000000003,43.43485999999999,3.6632730000000002,43.43379,0.14,5,2025-01-18T09:00:00Z,2025-01-18T09:01:57Z,2,30,10,0.2956,0.3056,0.7357,1.5306,3.1845,-0.002439,9.52e-4,0.002581,NA,FALSE,FALSE,0.003985,0.002422,3362.9855,-0.118678,0.521498,13.923855,0.157389,0.746249,13.923855,-13.4689,41.3391,1354.4749,19.0063,87.6148,1354.4749
S3A_20250118T100157_vs_HYPERNETS_20250118T101500_RHOW_R_pixel.csv,THFR_pixel,Hyp,S3A,3.6641600000000003,43.43485999999999,3.6632730000000002,43.43379,0.14,5,2025-01-18T09:15:00Z,2025-01-18T09:01:57Z,13,30,9,0.0833,0.2807,0.677,1.5114,3.3745,-0.002827,0.001217,0.003029,NA,FALSE,FALSE,0.004274,0.002646,949.9267,-0.101642,-0.018261,10.479655,0.101642,0.371153,10.479655,-11.3142,-1.86,1047.9655,11.3142,59.0212,1047.9655
S3A_20250118T100157_vs_HYPERNETS_20250118T103000_RHOW_R_pixel.csv,THFR_pixel,Hyp,S3A,3.6641600000000003,43.43485999999999,3.6632730000000002,43.43379,0.14,5,2025-01-18T09:30:00Z,2025-01-18T09:01:57Z,28,30,9,0.1085,0.2715,0.6755,1.507,3.3622,-0.00298,0.001147,0.002996,NA,FALSE,FALSE,0.004223,0.002631,1180.3087,-0.105341,-0.032451,9.309001,0.105341,0.384572,9.309001,-11.7744,-3.3539,930.9001,11.7744,62.4885,930.9001
S3A_20250129T101654_vs_HYPERNETS_20250129T101500_RHOW_R_pixel.csv,THFR_pixel,Hyp,S3A,3.6641600000000003,43.43485999999999,3.6628,43.434136,0.14,5,2025-01-29T09:15:00Z,2025-01-29T09:16:54Z,2,30,12,0.639,0.4714,0.8261,1.5072,2.7498,-0.006264,-8.63e-4,0.002098,NA,FALSE,FALSE,0.005236,0.003562,454.5387,-0.392185,-0.132018,2.017601,0.298314,0.757978,2.017601,-71.0012,-15.4608,195.6586,42.5419,174.5137,469.0207
S3A_20250129T101654_vs_HYPERNETS_20250129T103000_RHOW_R_pixel.csv,THFR_pixel,Hyp,S3A,3.6641600000000003,43.43485999999999,3.6628,43.434136,0.14,5,2025-01-29T09:30:00Z,2025-01-29T09:16:54Z,13,30,12,0.6539,0.6192,0.8341,1.519,2.7662,-0.006527,-0.001019,0.002005,NA,FALSE,FALSE,0.005188,0.00354,211.3398,-0.520785,-0.135394,1.397527,0.433824,0.75416,1.431728,-111.8071,-15.9131,125.1195,51.2729,134.8676,452.1804
S3A_20250129T101654_vs_HYPERNETS_20250129T104500_RHOW_R_pixel.csv,THFR_pixel,Hyp,S3A,3.6641600000000003,43.43485999999999,3.6628849999999997,43.434090999999995,0.13,5,2025-01-29T09:45:00Z,2025-01-29T09:16:54Z,28,30,9,0.516,2.1044,0.7953,1.7233,3.7343,-0.01732,-0.004086,0.002021,NA,FALSE,FALSE,0.005391,0.004331,85.7671,-0.679163,-0.255258,0.289491,0.289491,0.679163,0.906408,-211.685,-34.2747,28.9491,34.2747,192.0519,228.8521
S3A_20250206T100925_vs_HYPERNETS_20250206T094500_RHOW_R_pixel.csv,THFR_pixel,Hyp,S3A,3.6641600000000003,43.43485999999999,3.6638270000000004,43.435208,0.05,5,2025-02-06T08:45:00Z,2025-02-06T09:09:25Z,24,30,14,1.0311,0.4272,1.0563,1.7125,2.7763,-0.001476,6.39e-4,0.001943,NA,TRUE,FALSE,0.003468,0.002127,637.6733,0.15883,0.723694,4.690438,0.249396,0.725083,4.690438,15.7838,66.702,468.6034,24.9351,74.2714,468.6034
S3A_20250206T100925_vs_HYPERNETS_20250206T100000_RHOW_R_pixel.csv,THFR_pixel,Hyp,S3A,3.6641600000000003,43.43485999999999,3.6638270000000004,43.435208,0.05,5,2025-02-06T09:00:00Z,2025-02-06T09:09:25Z,9,30,14,1.0577,0.4379,1.0679,1.7223,2.7777,-0.00152,5.94e-4,0.001905,NA,TRUE,FALSE,0.003434,0.002113,623.2235,0.16628,0.692947,4.272147,0.254319,0.693092,4.272147,16.5302,64.4156,424.5762,25.43,71.8031,424.5762
S3A_20250206T100925_vs_HYPERNETS_20250206T101500_RHOW_R_pixel.csv,THFR_pixel,Hyp,S3A,3.6641600000000003,43.43485999999999,3.6638270000000004,43.435208,0.05,5,2025-02-06T09:15:00Z,2025-02-06T09:09:25Z,6,30,14,1.0658,0.2895,1.0671,1.7157,2.7584,-0.001444,6.3e-4,0.00192,NA,TRUE,FALSE,0.003427,0.002113,3996.6486,0.170651,0.794989,4.747173,0.262632,0.794989,4.747173,16.9395,72.3391,474.4758,26.7312,76.3508,474.4758
S3A_20250206T100925_vs_HYPERNETS_20250206T103000_RHOW_R_pixel.csv,THFR_pixel,Hyp,S3A,3.6641600000000003,43.43485999999999,3.6638270000000004,43.435208,0.05,5,2025-02-06T09:30:00Z,2025-02-06T09:09:25Z,21,30,13,1.1059,0.4806,1.0725,1.761,2.8913,-0.001971,4.4e-4,0.001909,NA,TRUE,FALSE,0.003476,0.00211,580.9973,0.152573,0.296237,4.192616,0.217443,0.296237,4.192616,15.2573,29.6237,419.2616,27.0873,29.6237,419.2616
S3A_20250209T103153_vs_HYPERNETS_20250209T103000_RHOW_R_pixel.csv,THFR_pixel,Hyp,S3A,3.6641600000000003,43.43485999999999,3.662309,43.435098000000004,0.15,5,2025-02-09T09:30:00Z,2025-02-09T09:31:53Z,2,30,11,0.8277,0.6941,0.9693,1.8182,3.4107,-0.008316,-0.00102,0.002869,NA,FALSE,FALSE,0.006871,0.004095,404.8017,-0.408472,0.001488,2.017585,0.276024,0.570606,2.030028,-74.8407,0.1488,173.8173,32.0432,126.964,335.7689
S3A_20250209T103153_vs_HYPERNETS_20250209T104500_RHOW_R_pixel.csv,THFR_pixel,Hyp,S3A,3.6641600000000003,43.43485999999999,3.662309,43.435098000000004,0.15,5,2025-02-09T09:45:00Z,2025-02-09T09:31:53Z,13,30,11,0.8943,0.6588,1.0131,1.8891,3.5226,-0.008302,-0.001063,0.00282,NA,TRUE,FALSE,0.00685,0.004047,524.1594,-0.36842,0.038858,2.051446,0.306855,0.539519,2.051446,-62.3913,3.8858,178.5685,33.9803,103.5551,325.5353
S3A_20250209T103153_vs_HYPERNETS_20250209T110000_RHOW_R_pixel.csv,THFR_pixel,Hyp,S3A,3.6641600000000003,43.43485999999999,3.662309,43.435098000000004,0.15,5,2025-02-09T10:00:00Z,2025-02-09T09:31:53Z,28,30,10,0.9418,1.1727,1.0572,2.0747,4.0715,-0.011078,-0.001783,0.002953,NA,TRUE,FALSE,0.007137,0.0042,106.7315,-0.372249,0.02615,0.785913,0.243215,0.528853,0.824236,-61.5689,2.3932,78.2057,30.1147,81.3293,222.9381
S3A_20250213T102809_vs_HYPERNETS_20250213T100000_RHOW_R_pixel.csv,THFR_pixel,Hyp,S3A,3.6641600000000003,43.43485999999999,3.6651230000000004,43.43451,0.09,5,2025-02-13T09:00:00Z,2025-02-13T09:28:09Z,28,30,12,1.2642,0.9393,1.3921,2.4699,4.3823,-0.009814,-0.001444,0.003274,NA,TRUE,FALSE,0.009889,0.005419,212.3637,-0.053992,0.168848,2.164499,0.121649,0.325189,2.164499,-5.7085,16.8532,197.0055,12.2162,38.8051,197.0055
S3A_20250213T102809_vs_HYPERNETS_20250213T101500_RHOW_R_pixel.csv,THFR_pixel,Hyp,S3A,3.6641600000000003,43.43485999999999,3.6651230000000004,43.43451,0.09,5,2025-02-13T09:15:00Z,2025-02-13T09:28:09Z,13,30,12,1.2289,1.0232,1.4127,2.5291,4.5276,-0.009896,-0.001393,0.003356,NA,TRUE,FALSE,0.010062,0.005523,184.3927,-0.096369,0.185955,2.354665,0.158713,0.40507,2.354665,-10.734,18.5698,212.9948,17.37,55.3344,212.9948
S3A_20250213T102809_vs_HYPERNETS_20250213T103000_RHOW_R_pixel.csv,THFR_pixel,Hyp,S3A,3.6641600000000003,43.43485999999999,3.6651230000000004,43.43451,0.09,5,2025-02-13T09:30:00Z,2025-02-13T09:28:09Z,2,30,12,1.3433,0.8062,1.376,2.3959,4.1718,-0.009536,-0.001489,0.003132,NA,TRUE,FALSE,0.009596,0.005261,339.5037,0.114657,0.308981,1.906826,0.190609,0.343057,1.906826,11.4626,30.8906,175.4306,18.9881,34.2907,175.4306
S3A_20250213T102809_vs_HYPERNETS_20250213T104500_RHOW_R_pixel.csv,THFR_pixel,Hyp,S3A,3.6641600000000003,43.43485999999999,3.6651230000000004,43.43451,0.09,5,2025-02-13T09:45:00Z,2025-02-13T09:28:09Z,17,30,12,1.3648,0.9203,1.3829,2.3999,4.1647,-0.009803,-0.00168,0.003001,NA,TRUE,FALSE,0.009526,0.005209,202.5108,-0.052967,0.155927,1.857074,0.104525,0.255076,1.857074,-5.5969,15.5272,171.1129,10.5553,26.0002,171.1129
S3A_20250529T100548_vs_HYPERNETS_20250529T094500_RHOW_R_pixel.csv,THFR_pixel,Hyp,S3A,3.6641600000000003,43.43485999999999,3.662513,43.435311000000006,0.14,5,2025-05-29T07:45:00Z,2025-05-29T08:05:48Z,21,30,9,0.5259,0.4127,0.3951,0.5993,0.9089,-2.45e-4,0.001167,0.002098,NA,TRUE,FALSE,0.00204,0.001621,508.7222,-0.335656,-0.037723,0.323927,0.265414,0.335656,0.355089,-50.5245,-3.9201,32.3927,32.3927,50.5245,55.0601
S3A_20250529T100548_vs_HYPERNETS_20250529T100000_RHOW_R_pixel.csv,THFR_pixel,Hyp,S3A,3.6641600000000003,43.43485999999999,3.662513,43.435311000000006,0.14,5,2025-05-29T08:00:00Z,2025-05-29T08:05:48Z,6,30,9,0.5276,0.2164,0.3968,0.5996,0.906,-1.75e-4,0.001204,0.002116,NA,TRUE,FALSE,0.00201,0.001619,10192.1915,-0.327667,-0.049129,1.143142,0.259671,0.328681,1.143142,-48.7358,-5.1667,114.3142,35.0752,48.9604,114.3142
S3A_20250529T100548_vs_HYPERNETS_20250529T101500_RHOW_R_pixel.csv,THFR_pixel,Hyp,S3A,3.6641600000000003,43.43485999999999,3.662513,43.435311000000006,0.14,5,2025-05-29T08:15:00Z,2025-05-29T08:05:48Z,9,30,9,0.5311,0.4298,0.3994,0.6037,0.9126,-3.7e-4,0.001075,0.002032,NA,TRUE,FALSE,0.002054,0.001621,405.3874,-0.334837,-0.115898,0.044998,0.115898,0.334837,0.3769,-50.3391,-13.1091,4.4998,13.1091,50.3391,60.4878
S3A_20250529T100548_vs_HYPERNETS_20250529T103000_RHOW_R_pixel.csv,THFR_pixel,Hyp,S3A,3.6641600000000003,43.43485999999999,3.662513,43.435311000000006,0.14,5,2025-05-29T08:30:00Z,2025-05-29T08:05:48Z,24,30,9,0.539,0.3752,0.4054,0.6127,0.9261,-3.24e-4,0.001106,0.002052,NA,TRUE,FALSE,0.001971,0.001572,715.3192,-0.32107,-0.097942,0.208592,0.208592,0.32107,0.359929,-47.2906,-10.8576,20.8592,20.8592,47.2906,56.2327
S3A_20250609T102044_vs_HYPERNETS_20250609T100000_RHOW_R_pixel.csv,THFR_pixel,Hyp,S3A,3.6641600000000003,43.43485999999999,3.6643930000000005,43.433862999999995,0.11,5,2025-06-09T08:00:00Z,2025-06-09T08:20:44Z,21,30,5,0.2892,0.5536,0.1949,0.2978,0.455,-2.29e-4,2.76e-4,6.07e-4,NA,TRUE,FALSE,0.004185,0.002303,129.3309,-0.769136,-0.686312,-0.349218,0.686312,0.769136,0.769693,-333.1558,-218.7878,-53.6613,218.7878,333.1558,334.2027
S3A_20250609T102044_vs_HYPERNETS_20250609T101500_RHOW_R_pixel.csv,THFR_pixel,Hyp,S3A,3.6641600000000003,43.43485999999999,3.6643930000000005,43.433862999999995,0.11,5,2025-06-09T08:15:00Z,2025-06-09T08:20:44Z,6,30,5,0.2892,0.5393,0.1966,0.2972,0.4492,-1.67e-4,3.07e-4,6.2e-4,NA,TRUE,FALSE,0.004146,0.002222,146.1465,-0.714019,-0.68461,-0.254982,0.68461,0.714019,0.722404,-249.673,-217.0682,-34.2249,217.0682,249.673,260.2356
S3A_20250609T102044_vs_HYPERNETS_20250609T103000_RHOW_R_pixel.csv,THFR_pixel,Hyp,S3A,3.6641600000000003,43.43485999999999,3.6643930000000005,43.433862999999995,0.11,5,2025-06-09T08:30:00Z,2025-06-09T08:20:44Z,9,30,5,0.2893,0.591,0.1973,0.2972,0.4476,-1.68e-4,3.03e-4,6.15e-4,NA,TRUE,FALSE,0.004152,0.002217,119.918,-0.719507,-0.684989,-0.229385,0.684989,0.719507,0.73045,-256.5154,-217.4492,-29.7666,217.4492,256.5154,270.9888
S3A_20250609T102044_vs_HYPERNETS_20250609T104500_RHOW_R_pixel.csv,THFR_pixel,Hyp,S3A,3.6641600000000003,43.43485999999999,3.6643930000000005,43.433862999999995,0.11,5,2025-06-09T08:45:00Z,2025-06-09T08:20:44Z,24,30,5,0.2823,0.5158,0.1908,0.2905,0.4422,-1.9e-4,2.98e-4,6.19e-4,NA,TRUE,FALSE,0.004301,0.002326,152.6266,-0.724775,-0.692358,-0.29727,0.692358,0.724775,0.758027,-263.3387,-225.053,-42.3022,225.053,263.3387,313.2697
S3A_20250610T095433_vs_HYPERNETS_20250610T093000_RHOW_R_pixel.csv,THFR_pixel,Hyp,S3A,3.6641600000000003,43.43485999999999,3.6647950000000002,43.434931,0.05,5,2025-06-10T07:30:00Z,2025-06-10T07:54:33Z,25,30,5,0.8312,0.4441,0.5952,0.8478,1.2076,-2.17e-4,0.001139,0.002091,NA,FALSE,FALSE,0.001614,0.001253,603.487,-0.09327,-0.04157,2.193719,0.09327,0.282582,2.193719,-10.2864,-4.3373,219.3719,10.2864,39.3887,219.3719
S3A_20250610T095433_vs_HYPERNETS_20250610T094500_RHOW_R_pixel.csv,THFR_pixel,Hyp,S3A,3.6641600000000003,43.43485999999999,3.6647950000000002,43.434931,0.05,5,2025-06-10T07:45:00Z,2025-06-10T07:54:33Z,10,30,5,0.8086,0.2426,0.5796,0.8246,1.173,-1.21e-4,0.001202,0.002132,NA,FALSE,FALSE,0.001727,0.001336,3412.1895,-0.114074,0.028641,2.314129,0.114074,0.166972,2.314129,-12.8762,2.8641,231.4129,12.8762,20.044,231.4129
S3A_20250610T095433_vs_HYPERNETS_20250610T100000_RHOW_R_pixel.csv,THFR_pixel,Hyp,S3A,3.6641600000000003,43.43485999999999,3.6647950000000002,43.434931,0.05,5,2025-06-10T08:00:00Z,2025-06-10T07:54:33Z,5,30,5,0.8103,0.552,0.5832,0.8258,1.1694,-2.81e-4,0.001075,0.002032,NA,FALSE,FALSE,0.001668,0.001335,327.384,-0.127378,-0.120748,1.711672,0.127378,0.344427,1.711672,-14.5971,-13.7331,171.1672,14.5971,52.5383,171.1672
S3A_20250610T095433_vs_HYPERNETS_20250610T101500_RHOW_R_pixel.csv,THFR_pixel,Hyp,S3A,3.6641600000000003,43.43485999999999,3.6647950000000002,43.434931,0.05,5,2025-06-10T08:15:00Z,2025-06-10T07:54:33Z,20,30,5,0.8584,0.4773,0.6172,0.875,1.2406,-1.44e-4,0.001175,0.002106,NA,FALSE,FALSE,0.001545,0.001156,553.5331,-0.061819,0.09277,2.59453,0.09277,0.203437,2.59453,-6.5892,9.277,259.453,9.277,25.5393,259.453
S3A_20250613T101700_vs_HYPERNETS_20250613T100000_RHOW_R_pixel.csv,THFR_pixel,Hyp,S3A,3.6641600000000003,43.43485999999999,3.6637910000000007,43.434963999999994,0.03,5,2025-06-13T08:00:00Z,2025-06-13T08:17:00Z,17,30,6,0.1622,0.3355,0.1142,0.1697,0.2521,8.09e-4,0.001044,0.001202,NA,TRUE,TRUE,0.004491,0.002316,122.9364,0.68971,0.846454,1.056386,0.77397,0.846454,1.056386,68.8478,84.5944,105.4052,82.4384,99.7785,250.8417
S3A_20250613T101700_vs_HYPERNETS_20250613T101500_RHOW_R_pixel.csv,THFR_pixel,Hyp,S3A,3.6641600000000003,43.43485999999999,3.6637910000000007,43.434963999999994,0.03,5,2025-06-13T08:15:00Z,2025-06-13T08:17:00Z,2,30,6,0.1659,0.3211,0.1163,0.1737,0.2595,8.31e-4,0.001061,0.001215,NA,TRUE,TRUE,0.004331,0.002337,167.3108,1.040248,1.377206,1.656982,1.040248,1.377206,1.656982,103.9097,136.7306,165.673,126.1531,163.5629,269.5817
S3A_20250613T101700_vs_HYPERNETS_20250613T103000_RHOW_R_pixel.csv,THFR_pixel,Hyp,S3A,3.6641600000000003,43.43485999999999,3.6637910000000007,43.434963999999994,0.03,5,2025-06-13T08:30:00Z,2025-06-13T08:17:00Z,13,30,6,0.1693,0.3144,0.119,0.1772,0.2639,8.2e-4,0.001052,0.001208,NA,TRUE,TRUE,0.004237,0.002266,168.1187,0.845432,1.075675,1.347028,0.845432,1.075675,1.347028,84.5148,106.8389,134.6339,98.3402,131.3585,254.5058
S3A_20250613T101700_vs_HYPERNETS_20250613T104500_RHOW_R_pixel.csv,THFR_pixel,Hyp,S3A,3.6641600000000003,43.43485999999999,3.6637910000000007,43.434963999999994,0.03,5,2025-06-13T08:45:00Z,2025-06-13T08:17:00Z,28,30,6,0.1712,0.3029,0.1203,0.1792,0.2668,8.34e-4,0.001061,0.001214,NA,TRUE,TRUE,0.004162,0.00228,209.7694,1.065365,1.446056,1.628259,1.065365,1.446056,1.628259,106.1803,144.0424,162.8242,135.8931,162.2801,259.5083
S3A_20250614T095049_vs_HYPERNETS_20250614T093000_RHOW_C_pixel.csv,THFR_pixel,Hyp,S3A,3.6641600000000003,43.43485999999999,3.664853,43.433766999999996,0.13,5,2025-06-14T07:30:00Z,2025-06-14T07:50:49Z,21,30,6,0.0566,0.2069,0.0911,0.2774,0.845,0.001117,0.002551,0.003021,NA,TRUE,TRUE,0.004954,0.004024,1453.5197,8.59662,9.128024,9.873224,8.59662,9.128024,9.873224,859.6545,911.7309,987.2013,859.6545,911.7309,987.2013
S3A_20250614T095049_vs_HYPERNETS_20250614T094500_RHOW_C_pixel.csv,THFR_pixel,Hyp,S3A,3.6641600000000003,43.43485999999999,3.664853,43.433766999999996,0.13,5,2025-06-14T07:45:00Z,2025-06-14T07:50:49Z,6,30,6,0.0586,0.2198,0.0923,0.2809,0.8549,9.23e-4,0.002486,0.003,NA,TRUE,TRUE,0.004863,0.003845,409.3931,3.787494,4.409131,5.306603,3.787494,4.409131,5.306603,378.6496,439.03,530.116,378.6496,439.03,530.116
S3A_20250614T095049_vs_HYPERNETS_20250614T100000_RHOW_C_pixel.csv,THFR_pixel,Hyp,S3A,3.6641600000000003,43.43485999999999,3.664853,43.433766999999996,0.13,5,2025-06-14T08:00:00Z,2025-06-14T07:50:49Z,9,30,6,0.0583,0.2139,0.0929,0.283,0.8617,0.001092,0.002542,0.003018,NA,TRUE,TRUE,0.00486,0.003963,925.4237,8.334031,8.445211,9.10003,8.334031,8.445211,9.10003,833.3814,844.5211,909.2758,833.3814,844.5211,909.2758
S3A_20250614T095049_vs_HYPERNETS_20250614T101500_RHOW_C_pixel.csv,THFR_pixel,Hyp,S3A,3.6641600000000003,43.43485999999999,3.664853,43.433766999999996,0.13,5,2025-06-14T08:15:00Z,2025-06-14T07:50:49Z,24,30,6,0.0593,0.2242,0.0932,0.2835,0.8629,9.47e-4,0.002494,0.003002,NA,TRUE,TRUE,0.004825,0.003846,452.91,4.36518,5.207987,5.727396,4.36518,5.207987,5.727396,434.9406,520.7019,572.3117,434.9406,520.7019,572.3117
S3A_20250617T101316_vs_HYPERNETS_20250617T094500_RHOW_R_pixel.csv,THFR_pixel,Hyp,S3A,3.6641600000000003,43.43485999999999,3.661768,43.433817,0.23,5,2025-06-17T07:45:00Z,2025-06-17T08:13:16Z,28,30,4,0.1969,0.1758,0.0626,0.3019,1.4552,-0.00686,5.25e-4,0.002057,NA,FALSE,FALSE,0.006498,0.005103,733.9403,-0.665093,-0.394882,6.785734,0.497837,0.729393,7.570959,-224.3578,-75.7448,97.8265,109.8175,319.9987,900.6428
S3A_20250617T101316_vs_HYPERNETS_20250617T100000_RHOW_R_pixel.csv,THFR_pixel,Hyp,S3A,3.6641600000000003,43.43485999999999,3.661768,43.433817,0.23,5,2025-06-17T08:00:00Z,2025-06-17T08:13:16Z,13,30,4,0.1923,0.1015,0.0611,0.2939,1.4135,-0.006734,5.47e-4,0.002061,NA,FALSE,FALSE,0.006683,0.005235,3232.7444,-0.672592,-0.331901,31.905972,0.470924,0.735237,32.591757,-231.5388,-64.6112,223.1732,105.4321,328.7376,1376.0338
S3A_20250617T101316_vs_HYPERNETS_20250617T101500_RHOW_R_pixel.csv,THFR_pixel,Hyp,S3A,3.6641600000000003,43.43485999999999,3.661768,43.433817,0.23,5,2025-06-17T08:15:00Z,2025-06-17T08:13:16Z,2,30,4,0.1919,0.1968,0.061,0.2932,1.4098,-0.006855,5.22e-4,0.002056,NA,FALSE,FALSE,0.006758,0.005291,550.0932,-0.675437,-0.41427,4.916856,0.513769,0.737606,5.724768,-234.5245,-81.5246,79.1436,116.6519,332.7792,848.6804
S3A_20250617T101316_vs_HYPERNETS_20250617T103000_RHOW_R_pixel.csv,THFR_pixel,Hyp,S3A,3.6641600000000003,43.43485999999999,3.661768,43.433817,0.23,5,2025-06-17T08:30:00Z,2025-06-17T08:13:16Z,17,30,4,0.191,0.1412,0.0607,0.292,1.4048,-0.006768,5.4e-4,0.00206,NA,FALSE,FALSE,0.006754,0.005286,1343.0896,-0.675135,-0.357246,12.960662,0.485088,0.737341,13.683149,-234.1903,-69.574700000000007,149.1644,109.3079,332.2925,1090.9116
S3A_20250621T100932_vs_HYPERNETS_20250621T094500_RHOW_R_pixel.csv,THFR_pixel,Hyp,S3A,3.6641600000000003,43.43485999999999,3.6625810000000003,43.434776,0.13,5,2025-06-21T07:45:00Z,2025-06-21T08:09:32Z,25,30,12,1.4329,0.8136,1.4404,2.4932,4.3156,-0.008255,-0.001482,0.002431,NA,TRUE,FALSE,0.007713,0.004518,259.3626,-0.158057,0.384586,2.713376,0.234048,0.616354,2.713376,-19.0561,36.7597,266.0945,29.7747,102.1367,266.0945
S3A_20250621T100932_vs_HYPERNETS_20250621T100000_RHOW_R_pixel.csv,THFR_pixel,Hyp,S3A,3.6641600000000003,43.43485999999999,3.6625810000000003,43.434776,0.13,5,2025-06-21T08:00:00Z,2025-06-21T08:09:32Z,10,30,12,1.3372,0.6173,1.3749,2.3967,4.1779,-0.007807,-0.00116,0.002654,NA,TRUE,FALSE,0.00774,0.004558,746.4242,-0.145461,0.372878,3.203666,0.150839,0.604325,3.203666,-17.0231,35.4613,318.5989,17.5518,102.9697,318.5989
S3A_20250621T100932_vs_HYPERNETS_20250621T101500_RHOW_R_pixel.csv,THFR_pixel,Hyp,S3A,3.6641600000000003,43.43485999999999,3.6625810000000003,43.434776,0.13,5,2025-06-21T08:15:00Z,2025-06-21T08:09:32Z,5,30,12,1.271,0.7459,1.2965,2.2545,3.9205,-0.007917,-0.001245,0.002592,NA,TRUE,FALSE,0.007552,0.004487,321.0592,-0.234357,0.30741,2.478332,0.268483,0.583503,2.478332,-30.7096,28.8849,243.353,36.8106,93.9096,243.353
S3A_20250621T100932_vs_HYPERNETS_20250621T103000_RHOW_R_pixel.csv,THFR_pixel,Hyp,S3A,3.6641600000000003,43.43485999999999,3.6625810000000003,43.434776,0.13,5,2025-06-21T08:30:00Z,2025-06-21T08:09:32Z,20,30,12,1.3297,0.6599,1.3362,2.3127,4.0027,-0.008106,-0.001396,0.00248,NA,TRUE,FALSE,0.007542,0.004483,523.1769,-0.215476,0.32859,2.278721,0.260573,0.599265,2.278721,-27.6305,31.0979,221.3571,35.4215,96.0808,222.9674
S3A_20250625T100548_vs_HYPERNETS_20250625T094500_RHOW_R_pixel.csv,THFR_pixel,Hyp,S3A,3.6641600000000003,43.43485999999999,3.6637270000000006,43.435079,0.04,5,2025-06-25T07:45:00Z,2025-06-25T08:05:48Z,21,30,5,0.6575,0.3449,0.4094,0.6882,1.1568,-3.38e-4,8.89e-4,0.001619,NA,FALSE,FALSE,0.001752,0.001219,671.0291,0.199731,0.411656,0.420132,0.251526,0.411656,0.420132,19.9731,41.1656,42.0132,33.6052,41.1656,42.0132
S3A_20250625T100548_vs_HYPERNETS_20250625T100000_RHOW_R_pixel.csv,THFR_pixel,Hyp,S3A,3.6641600000000003,43.43485999999999,3.6637270000000006,43.435079,0.04,5,2025-06-25T08:00:00Z,2025-06-25T08:05:48Z,6,30,5,0.6602,0.1847,0.4165,0.689,1.1397,-1.08e-4,9.98e-4,0.001668,NA,FALSE,FALSE,0.001739,0.001314,4612.0244,1.068389,1.131934,1.153287,1.068389,1.131934,1.153287,106.8389,113.1934,115.3287,106.8389,113.1934,115.3287
S3A_20250625T100548_vs_HYPERNETS_20250625T103000_RHOW_R_pixel.csv,THFR_pixel,Hyp,S3A,3.6641600000000003,43.43485999999999,3.6637270000000006,43.435079,0.04,5,2025-06-25T08:30:00Z,2025-06-25T08:05:48Z,24,30,5,0.6873,0.3986,0.4321,0.7178,1.1925,-2.52e-4,9.19e-4,0.001624,NA,FALSE,FALSE,0.001595,0.001166,588.2131,0.554003,0.638245,0.645784,0.554003,0.638245,0.645784,55.4003,63.8245,64.5784,55.4003,63.8245,64.5784
S3A_20250629T100204_vs_HYPERNETS_20250629T094500_RHOW_R_pixel.csv,THFR_pixel,Hyp,S3A,3.6641600000000003,43.43485999999999,3.6615840000000004,43.435438000000005,0.22,5,2025-06-29T07:45:00Z,2025-06-29T08:02:04Z,17,30,14,0.8446,0.401,0.7237,1.0288,1.4627,-0.00157,4.01e-4,0.001787,NA,FALSE,FALSE,0.002317,0.001725,641.2934,-0.354325,-0.075149,0.949502,0.151483,0.424282,0.952444,-55.9699,-8.2004,92.3738,17.9706,69.3397,103.8636
S3A_20250629T100204_vs_HYPERNETS_20250629T100000_RHOW_R_pixel.csv,THFR_pixel,Hyp,S3A,3.6641600000000003,43.43485999999999,3.6615840000000004,43.435438000000005,0.22,5,2025-06-29T08:00:00Z,2025-06-29T08:02:04Z,2,30,14,0.8711,0.5825,0.7413,1.0336,1.4411,-0.001665,2.4e-4,0.001607,NA,FALSE,FALSE,0.002147,0.001637,166.0816,-0.370196,-0.09014,0.770857,0.158883,0.428275,0.808424,-60.3171,-9.9782,75.271,18.9688,74.9163,99.7761
S3A_20250629T100204_vs_HYPERNETS_20250629T101500_RHOW_R_pixel.csv,THFR_pixel,Hyp,S3A,3.6641600000000003,43.43485999999999,3.6615840000000004,43.435438000000005,0.22,5,2025-06-29T08:15:00Z,2025-06-29T08:02:04Z,13,30,14,0.8686,0.3449,0.7362,1.0059,1.3743,-0.001565,2.15e-4,0.001517,NA,FALSE,FALSE,0.002004,0.001602,1229.6207,-0.375779,-0.108239,0.601766,0.163248,0.432574,0.654753,-61.6703,-12.1973,58.8821,19.1556,72.8985,88.112
S3A_20250629T100204_vs_HYPERNETS_20250629T103000_RHOW_R_pixel.csv,THFR_pixel,Hyp,S3A,3.6641600000000003,43.43485999999999,3.6615840000000004,43.435438000000005,0.22,5,2025-06-29T08:30:00Z,2025-06-29T08:02:04Z,28,30,14,0.8837,0.4238,0.7483,1.012,1.3685,-0.001735,3.9e-5,0.001351,NA,FALSE,FALSE,0.001914,0.001586,488.1493,-0.396188,-0.109644,0.496676,0.204993,0.452596,0.586206,-67.3349,-12.3424,48.6774,22.2418,68.663,87.8104
S3A_20250703T095819_vs_HYPERNETS_20250703T093000_RHOW_R_pixel.csv,THFR_pixel,Hyp,S3A,3.6641600000000003,43.43485999999999,3.663679,43.435682,0.1,5,2025-07-03T07:30:00Z,2025-07-03T07:58:19Z,28,30,9,0.5158,0.3281,0.3895,0.5803,0.8646,-6.71e-4,7.89e-4,0.001768,NA,TRUE,FALSE,0.003471,0.002825,809.3068,-0.42393,0.561669,1.448763,0.442608,0.655224,1.448763,-73.59,56.1669,144.8763,65.5224,79.4068,181.8993
S3A_20250703T095819_vs_HYPERNETS_20250703T094500_RHOW_R_pixel.csv,THFR_pixel,Hyp,S3A,3.6641600000000003,43.43485999999999,3.663679,43.435682,0.1,5,2025-07-03T07:45:00Z,2025-07-03T07:58:19Z,13,30,9,0.5239,0.4418,0.3961,0.5878,0.8723,-7.91e-4,6.96e-4,0.001698,NA,TRUE,FALSE,0.003436,0.00273,254.129,-0.427437,0.006317,0.951414,0.302187,0.444223,0.951414,-74.6533,0.6317,95.1414,43.3049,79.9282,112.6189
S3A_20250703T095819_vs_HYPERNETS_20250703T100000_RHOW_R_pixel.csv,THFR_pixel,Hyp,S3A,3.6641600000000003,43.43485999999999,3.663679,43.435682,0.1,5,2025-07-03T08:00:00Z,2025-07-03T07:58:19Z,2,30,9,0.4962,0.2939,0.3749,0.5573,0.8284,-6.03e-4,8.27e-4,0.001789,NA,TRUE,FALSE,0.003713,0.003018,1302.3551,-0.438676,0.912305,1.704918,0.461521,0.912305,1.704918,-78.1503,91.2305,170.4918,85.7082,97.9791,194.209
S3A_20250703T095819_vs_HYPERNETS_20250703T101500_RHOW_R_pixel.csv,THFR_pixel,Hyp,S3A,3.6641600000000003,43.43485999999999,3.663679,43.435682,0.1,5,2025-07-03T08:15:00Z,2025-07-03T07:58:19Z,17,30,9,0.4262,0.2883,0.3223,0.4777,0.7079,-6.05e-4,8.17e-4,0.001777,NA,TRUE,FALSE,0.004931,0.003795,1087.2502,-0.50614,0.342593,1.159307,0.435059,0.529053,1.159307,-102.4867,34.2593,115.9307,77.0096,112.3382,130.0325
S3A_20250707T095434_vs_HYPERNETS_20250707T101500_RHOW_R_pixel.csv,THFR_pixel,Hyp,S3A,3.6641600000000003,43.43485999999999,3.6632390000000004,43.435051,0.08,5,2025-07-07T08:15:00Z,2025-07-07T07:54:34Z,20,30,13,0.8731,0.5542,0.7281,1.0155,1.4164,-0.002693,6e-6,0.00194,NA,FALSE,FALSE,0.002787,0.002121,225.4625,-0.255457,-0.22079,0.159473,0.22079,0.255457,0.36106,-34.3105,-28.3351,15.9473,28.3351,34.3105,56.5093
S3A_20250710T101700_vs_HYPERNETS_20250710T100000_RHOW_R_pixel.csv,THFR_pixel,Hyp,S3A,3.6641600000000003,43.43485999999999,3.6639410000000003,43.436507,0.18,5,2025-07-10T08:00:00Z,2025-07-10T08:17:00Z,17,30,12,0.4499,0.3767,0.3689,0.503,0.6859,-2.75e-4,4.49e-4,9.8e-4,NA,TRUE,FALSE,0.002908,0.002149,372.8258,-0.518321,-0.371518,0.210966,0.293596,0.429717,0.539578,-107.6563,-59.7578,21.0921,30.4689,75.3523,117.2087
S3A_20250710T101700_vs_HYPERNETS_20250710T101500_RHOW_R_pixel.csv,THFR_pixel,Hyp,S3A,3.6641600000000003,43.43485999999999,3.6639410000000003,43.436507,0.18,5,2025-07-10T08:15:00Z,2025-07-10T08:17:00Z,2,30,12,0.4678,0.3823,0.3836,0.5228,0.7124,-2.43e-4,4.71e-4,9.95e-4,NA,TRUE,FALSE,0.002685,0.001977,375.0107,-0.486675,-0.32712,0.284998,0.304724,0.416503,0.514836,-94.8617,-49.3899,28.4885,34.0262,66.4398,106.1917
S3A_20250710T101700_vs_HYPERNETS_20250710T103000_RHOW_R_pixel.csv,THFR_pixel,Hyp,S3A,3.6641600000000003,43.43485999999999,3.6639410000000003,43.436507,0.18,5,2025-07-10T08:30:00Z,2025-07-10T08:17:00Z,13,30,12,0.4574,0.458,0.3745,0.5159,0.7107,-4.3e-4,3.57e-4,9.28e-4,NA,TRUE,FALSE,0.002894,0.002145,188.4403,-0.522125,-0.386196,-0.114027,0.152181,0.422525,0.549327,-109.3432,-63.0358,-13.0078,17.9539,73.2117,121.9183
S3A_20250710T101700_vs_HYPERNETS_20250710T104500_RHOW_R_pixel.csv,THFR_pixel,Hyp,S3A,3.6641600000000003,43.43485999999999,3.6639410000000003,43.436507,0.18,5,2025-07-10T08:45:00Z,2025-07-10T08:17:00Z,28,30,12,0.4689,0.3983,0.384,0.5273,0.7239,-3.25e-4,4.26e-4,9.74e-4,NA,TRUE,FALSE,0.002702,0.001968,307.4554,-0.488954,-0.338258,0.061768000000000003,0.182023,0.394166,0.521547,-95.7446,-51.6548,6.1638,18.0805,65.0618,109.1366
S3A_20250711T095050_vs_HYPERNETS_20250711T093000_RHOW_R_pixel.csv,THFR_pixel,Hyp,S3A,3.6641600000000003,43.43485999999999,3.660966,43.43512200000001,0.26,5,2025-07-11T07:30:00Z,2025-07-11T07:50:50Z,21,30,15,0.8822,0.5014,0.9079,1.4326,2.2606,-0.003788,1.48e-4,0.002643,NA,FALSE,FALSE,0.005,0.003268,391.7107,-0.198966,0.353828,1.759657,0.242934,0.353828,1.759657,-24.9836,35.3828,166.3782,32.0922,47.8972,166.3782
S3A_20250711T095050_vs_HYPERNETS_20250711T094500_RHOW_R_pixel.csv,THFR_pixel,Hyp,S3A,3.6641600000000003,43.43485999999999,3.660966,43.43512200000001,0.26,5,2025-07-11T07:45:00Z,2025-07-11T07:50:50Z,6,30,15,0.9579,0.595,0.945,1.4663,2.2753,-0.00444,-3.87e-4,0.002225,NA,FALSE,FALSE,0.004714,0.003108,220.4975,-0.256254,-0.065364,1.039104,0.189729,0.312868,1.039104,-34.5222,-6.9935,103.1339,22.2502,41.2859,103.1339
S3A_20250711T095050_vs_HYPERNETS_20250711T100000_RHOW_R_pixel.csv,THFR_pixel,Hyp,S3A,3.6641600000000003,43.43485999999999,3.660966,43.43512200000001,0.26,5,2025-07-11T08:00:00Z,2025-07-11T07:50:50Z,9,30,15,1.0249,0.5629,0.9854,1.5102,2.3146,-0.003878,-1.11e-4,0.002346,NA,FALSE,FALSE,0.004744,0.00304,288.2146,-0.160287,0.305608,1.502888,0.191577,0.305608,1.502888,-19.1441,30.5608,143.685,23.2594,36.0469,143.685
S3A_20250711T095050_vs_HYPERNETS_20250711T101500_RHOW_R_pixel.csv,THFR_pixel,Hyp,S3A,3.6641600000000003,43.43485999999999,3.660966,43.43512200000001,0.26,5,2025-07-11T08:15:00Z,2025-07-11T07:50:50Z,24,30,15,1.1898,0.6373,1.1082,1.6669,2.5074,-0.003465,2.9e-5,0.002352,NA,TRUE,FALSE,0.0049,0.003014,231.7796,0.027281,0.416936,1.686159,0.115846,0.416936,1.686159,2.6484,41.693600000000004,161.1538,13.1126,41.693600000000004,161.1538
S3A_20250714T101317_vs_HYPERNETS_20250714T094500_RHOW_R_pixel.csv,THFR_pixel,Hyp,S3A,3.6641600000000003,43.43485999999999,3.664019,43.435141,0.03,5,2025-07-14T07:45:00Z,2025-07-14T08:13:17Z,28,30,14,0.9525,1.0328,1.3099,2.2545,3.8804,-0.01204,-0.002417,0.003174,NA,TRUE,FALSE,0.010029,0.005773,120.0127,-0.163169,0.066704,1.888214,0.173241,0.235911,1.888214,-19.4992,5.8565,181.9757,19.7666,26.661,181.9757
S3A_20250714T101317_vs_HYPERNETS_20250714T100000_RHOW_R_pixel.csv,THFR_pixel,Hyp,S3A,3.6641600000000003,43.43485999999999,3.664019,43.435141,0.03,5,2025-07-14T08:00:00Z,2025-07-14T08:13:17Z,13,30,14,1.0379,1.1251,1.3316,2.2708,3.8723,-0.012508,-0.002816,0.002868,NA,TRUE,FALSE,0.009821,0.005652,109.5204,-0.157786,0.060269,1.757236,0.165741,0.281896,1.757236,-18.7352,5.2894,169.833,18.6194,36.7331,169.833
S3A_20250714T101317_vs_HYPERNETS_20250714T101500_RHOW_R_pixel.csv,THFR_pixel,Hyp,S3A,3.6641600000000003,43.43485999999999,3.664019,43.435141,0.03,5,2025-07-14T08:15:00Z,2025-07-14T08:13:17Z,2,30,14,1.0716,1.0578,1.3505,2.2966,3.9056,-0.01191,-0.002502,0.00303,NA,TRUE,FALSE,0.009886,0.005618,112.9399,-0.118173,0.097933,1.824314,0.132812,0.232038,1.824314,-13.401,9.1905,176.3977,15.3594,26.9021,176.3977
S3A_20250714T101317_vs_HYPERNETS_20250714T103000_RHOW_R_pixel.csv,THFR_pixel,Hyp,S3A,3.6641600000000003,43.43485999999999,3.664019,43.435141,0.03,5,2025-07-14T08:30:00Z,2025-07-14T08:13:17Z,17,30,14,1.0907,1.0619,1.3682,2.325,3.9511,-0.011782,-0.002437,0.003063,NA,TRUE,FALSE,0.00993,0.005612,115.0211,-0.094937,0.117221,1.858298,0.109416,0.242607,1.858298,-10.4895,11.1623,179.7684,12.3299,28.5468,179.7684
S3A_20250718T100933_vs_HYPERNETS_20250718T094500_RHOW_R_pixel.csv,THFR_pixel,Hyp,S3A,3.6641600000000003,43.43485999999999,3.6657110000000004,43.433734,0.18,5,2025-07-18T07:45:00Z,2025-07-18T08:09:33Z,25,30,6,0.5223,0.3424,0.386,0.5386,0.7514,2.81e-4,7.97e-4,0.001166,NA,TRUE,TRUE,0.002322,0.001456,832.1133,-0.055491,0.487625,1.874755,0.422194,0.487625,1.874755,-10.3057,48.7272,173.487,47.1162,60.6702,181.1766
S3A_20250718T100933_vs_HYPERNETS_20250718T100000_RHOW_R_pixel.csv,THFR_pixel,Hyp,S3A,3.6641600000000003,43.43485999999999,3.6657110000000004,43.433734,0.18,5,2025-07-18T08:00:00Z,2025-07-18T08:09:33Z,10,30,6,0.5229,0.5421,0.3882,0.5386,0.7472,2.55e-4,7.71e-4,0.001142,NA,TRUE,TRUE,0.002324,0.001434,241.7766,-0.132321,0.370551,1.717647,0.338899,0.420234,1.717647,-19.6331,36.9386,158.2972,39.9956,55.9754,170.0405
S3A_20250718T100933_vs_HYPERNETS_20250718T101500_RHOW_R_pixel.csv,THFR_pixel,Hyp,S3A,3.6641600000000003,43.43485999999999,3.6657110000000004,43.433734,0.18,5,2025-07-18T08:15:00Z,2025-07-18T08:09:33Z,5,30,6,0.514,0.5692,0.3831,0.529,0.7307,2.52e-4,7.62e-4,0.001132,NA,TRUE,TRUE,0.00241,0.001451,209.4481,-0.121278,0.315206,1.449284,0.298461,0.386598,1.468235,-17.2738,31.478,134.2718,34.4707,53.0855,149.5916
S3A_20250718T100933_vs_HYPERNETS_20250718T103000_RHOW_R_pixel.csv,THFR_pixel,Hyp,S3A,3.6641600000000003,43.43485999999999,3.6657110000000004,43.433734,0.18,5,2025-07-18T08:30:00Z,2025-07-18T08:09:33Z,20,30,6,0.533,0.4647,0.3966,0.5487,0.7591,2.83e-4,7.87e-4,0.001152,NA,TRUE,TRUE,0.002229,0.001393,408.4265,0.066014,0.477819,1.639699,0.417704,0.477819,1.639699,4.4096,47.7788,153.2341,47.2997,57.5631,160.6351
S3A_20250722T100549_vs_HYPERNETS_20250722T094500_RHOW_R_pixel.csv,THFR_pixel,Hyp,S3A,3.6641600000000003,43.43485999999999,3.664801,43.435248,0.07,5,2025-07-22T07:45:00Z,2025-07-22T08:05:49Z,21,30,14,0.7381,0.4702,0.6436,0.771,0.9235,-2.27e-4,4.27e-4,9.73e-4,NA,TRUE,FALSE,0.001285,0.001067,214.8844,-0.255817,-0.201565,-0.046821,0.156499,0.240705,0.313349,-34.3784,-25.3002,-4.9131,18.1896,31.706,45.6434
S3A_20250722T100549_vs_HYPERNETS_20250722T100000_RHOW_R_pixel.csv,THFR_pixel,Hyp,S3A,3.6641600000000003,43.43485999999999,3.664801,43.435248,0.07,5,2025-07-22T08:00:00Z,2025-07-22T08:05:49Z,6,30,14,0.7479,0.3515,0.6522,0.781,0.9353,-2.42e-4,4.13e-4,9.6e-4,NA,TRUE,FALSE,0.001238,0.001028,635.5738,-0.249236,-0.199244,-0.047513,0.142181,0.232571,0.301928,-33.2,-24.9083,-5.0137,16.6193,30.3138,43.2608
S3A_20250722T100549_vs_HYPERNETS_20250722T101500_RHOW_R_pixel.csv,THFR_pixel,Hyp,S3A,3.6641600000000003,43.43485999999999,3.664801,43.435248,0.07,5,2025-07-22T08:15:00Z,2025-07-22T08:05:49Z,9,30,14,0.761,0.476,0.6662,0.7917,0.9408,-2.1e-4,4.15e-4,9.4e-4,NA,TRUE,FALSE,0.001158,9.53e-4,213.6466,-0.229984,-0.187642,-0.022141,0.135524,0.207823,0.275755,-29.881,-23.1075,-2.3363,15.7241,26.2352,38.08
S3A_20250722T100549_vs_HYPERNETS_20250722T103000_RHOW_R_pixel.csv,THFR_pixel,Hyp,S3A,3.6641600000000003,43.43485999999999,3.664801,43.435248,0.07,5,2025-07-22T08:30:00Z,2025-07-22T08:05:49Z,24,30,14,0.7525,0.5409,0.6575,0.7842,0.9354,-3.58e-4,3.03e-4,8.57e-4,NA,TRUE,FALSE,0.001273,0.001084,135.7758,-0.255002,-0.213361,-0.108107,0.15507,0.248805,0.324784,-34.2286,-27.138,-12.1347,18.4137,33.1253,48.1064
S3A_20250725T102815_vs_HYPERNETS_20250725T100000_RHOW_R_pixel.csv,THFR_pixel,Hyp,S3A,3.6641600000000003,43.43485999999999,3.6667310000000004,43.435838000000004,0.23,5,2025-07-25T08:00:00Z,2025-07-25T08:28:15Z,28,30,2,-4.2255,-0.9598,NA,-4.2255,NA,NA,0.001874,NA,NA,NA,NA,0.001026,7.32e-4,899.3458,4.515334,8.993458,13.471582,4.515334,8.993458,13.471582,114.4374,343.3375,816.576,114.4374,343.3375,816.576
S3A_20250725T102815_vs_HYPERNETS_20250725T101500_RHOW_R_pixel.csv,THFR_pixel,Hyp,S3A,3.6641600000000003,43.43485999999999,3.6667310000000004,43.435838000000004,0.23,5,2025-07-25T08:15:00Z,2025-07-25T08:28:15Z,13,30,2,-3.3951,-0.7087,NA,-3.3951,NA,NA,0.001712,NA,NA,NA,NA,0.001046,7.53e-4,1394.8738,6.907775,13.882144,20.856513,7.007666,13.948738,20.88981,120.048,418.7574,1122.9568,144.0122,455.7681,1165.8311
S3A_20250725T102815_vs_HYPERNETS_20250725T103000_RHOW_R_pixel.csv,THFR_pixel,Hyp,S3A,3.6641600000000003,43.43485999999999,3.6667310000000004,43.435838000000004,0.23,5,2025-07-25T08:30:00Z,2025-07-25T08:28:15Z,2,30,2,-5.8195,-1.2854,NA,-5.8195,NA,NA,0.002106,NA,NA,NA,NA,0.001015,7.52e-4,738.2309,3.809768,7.382309,10.95485,3.809768,7.382309,10.95485,132.869,338.3025,724.9663,132.869,338.3025,724.9663
S3A_20250726T100204_vs_HYPERNETS_20250726T094500_RHOW_R_pixel.csv,THFR_pixel,Hyp,S3A,3.6641600000000003,43.43485999999999,3.664054,43.433498,0.15,5,2025-07-26T07:45:00Z,2025-07-26T08:02:04Z,17,30,14,0.8292,0.5227,0.8093,1.2874,2.0481,-0.00484,-0.001163,0.001148,NA,FALSE,FALSE,0.003476,0.002627,199.2888,-0.510444,-0.218938,0.323078,0.279791,0.481704,0.639174,-105.2534,-28.0475,32.2952,30.927,94.1376,150.5489
S3A_20250726T100204_vs_HYPERNETS_20250726T100000_RHOW_R_pixel.csv,THFR_pixel,Hyp,S3A,3.6641600000000003,43.43485999999999,3.664054,43.433498,0.15,5,2025-07-26T08:00:00Z,2025-07-26T08:02:04Z,2,30,14,0.8228,0.5213,0.8267,1.3308,2.1424,-0.004886,-0.001118,0.001222,NA,FALSE,FALSE,0.003586,0.002625,201.3516,-0.502057,-0.196937,0.396859,0.277561,0.484306,0.6298,-101.9448,-24.5542,39.5228,30.6231,90.2427,150.1772
S3A_20250726T100204_vs_HYPERNETS_20250726T101500_RHOW_R_pixel.csv,THFR_pixel,Hyp,S3A,3.6641600000000003,43.43485999999999,3.664054,43.433498,0.15,5,2025-07-26T08:15:00Z,2025-07-26T08:02:04Z,13,30,14,0.8433,0.4865,0.8553,1.3818,2.2322,-0.004542,-8.84e-4,0.00138,NA,FALSE,FALSE,0.003654,0.002495,269.1554,-0.437144,-0.123893,0.573156,0.224725,0.53989,0.598228,-78.1455,-14.1533,57.3031,29.0708,71.5649,144.2419
S3A_20250726T100204_vs_HYPERNETS_20250726T103000_RHOW_R_pixel.csv,THFR_pixel,Hyp,S3A,3.6641600000000003,43.43485999999999,3.664054,43.433498,0.15,5,2025-07-26T08:30:00Z,2025-07-26T08:02:04Z,28,30,14,0.8681,0.5744,0.8892,1.4414,2.3366,-0.004516,-8.47e-4,0.001416,NA,FALSE,FALSE,0.003716,0.002409,177.3254,-0.397587,-0.125581,0.605846,0.223778,0.505884,0.625331,-66.3195,-14.4074,60.4702,29.2706,68.1249,130.9634
S3A_20250730T095819_vs_HYPERNETS_20250730T094500_RHOW_R_pixel.csv,THFR_pixel,Hyp,S3A,3.6641600000000003,43.43485999999999,3.6631430000000003,43.43603,0.15,5,2025-07-30T07:45:00Z,2025-07-30T07:58:19Z,13,30,14,1.1667,0.4904,1.1552,1.8492,2.9599,-0.003568,2.13e-4,0.002576,NA,TRUE,FALSE,0.005061,0.003224,382.3073,0.224284,0.557038,2.505967,0.224284,0.557038,2.505967,22.4198,55.5316,243.4176,22.4198,55.5316,243.4176
S3A_20250730T095819_vs_HYPERNETS_20250730T101600_RHOW_R_pixel.csv,THFR_pixel,Hyp,S3A,3.6641600000000003,43.43485999999999,3.6631430000000003,43.43603,0.15,5,2025-07-30T08:16:00Z,2025-07-30T07:58:19Z,18,30,14,1.2322,0.4575,1.1596,1.8116,2.8302,-0.003815,-1e-4,0.002279,NA,TRUE,FALSE,0.004763,0.003025,449.5028,0.166796,0.402891,2.020726,0.216947,0.402891,2.020726,16.6733,40.2793,197.463,24.1842,40.2793,197.463
S3A_20250802T102045_vs_HYPERNETS_20250802T101500_RHOW_R_pixel.csv,THFR_pixel,Hyp,S3A,3.6641600000000003,43.43485999999999,3.665629,43.435917,0.17,5,2025-08-02T08:15:00Z,2025-08-02T08:20:45Z,6,30,8,0.347,0.4083,0.246,0.4376,0.7786,-8.43e-4,3.22e-4,9.77e-4,NA,TRUE,FALSE,0.003252,0.002229,240.799,-0.438744,0.037491,0.886055,0.350335,0.724318,0.886055,-82.7965,0.7796,88.6052,50.9763,88.7949,224.7174
S3A_20250802T102045_vs_HYPERNETS_20250802T104500_RHOW_R_pixel.csv,THFR_pixel,Hyp,S3A,3.6641600000000003,43.43485999999999,3.665629,43.435917,0.17,5,2025-08-02T08:45:00Z,2025-08-02T08:20:45Z,24,30,8,0.8245,0.284,0.5987,1.1411,2.1749,-0.001179,2.45e-4,9.92e-4,NA,FALSE,FALSE,0.00132,9.94e-4,1697.3299,0.30404,1.035952,1.864251,0.530928,1.035952,1.864251,27.986,102.0579,186.1516,69.1921,128.4286,186.1516
S3A_20250803T095434_vs_HYPERNETS_20250803T093000_RHOW_R_pixel.csv,THFR_pixel,Hyp,S3A,3.6641600000000003,43.43485999999999,3.6643240000000006,43.435459,0.07,5,2025-08-03T07:30:00Z,2025-08-03T07:54:34Z,25,30,14,1.1628,0.436,0.9872,1.3626,1.8807,-0.001453,3.06e-4,0.001581,NA,FALSE,FALSE,0.002523,0.001874,564.3316,-0.178123,0.221162,1.139266,0.250478,0.364325,1.139266,-23.2165,22.0865,111.0338,27.2128,51.2535,116.7862
S3A_20250803T095434_vs_HYPERNETS_20250803T094500_RHOW_R_pixel.csv,THFR_pixel,Hyp,S3A,3.6641600000000003,43.43485999999999,3.6643240000000006,43.435459,0.07,5,2025-08-03T07:45:00Z,2025-08-03T07:54:34Z,10,30,14,1.1871,0.3427,1.0057,1.3682,1.8614,-0.001312,3.43e-4,0.00156,NA,TRUE,FALSE,0.002492,0.001866,1456.2396,-0.11776,0.234356,1.060997,0.213629,0.363162,1.060997,-14.3549,23.4102,103.7407,23.9247,47.0792,107.1837
S3A_20250803T095434_vs_HYPERNETS_20250803T100000_RHOW_R_pixel.csv,THFR_pixel,Hyp,S3A,3.6641600000000003,43.43485999999999,3.6643240000000006,43.435459,0.07,5,2025-08-03T08:00:00Z,2025-08-03T07:54:34Z,5,30,14,1.2026,0.6105,1.0188,1.3859,1.8853,-0.0016,1.31e-4,0.001404,NA,TRUE,FALSE,0.002431,0.00183,210.7243,-0.191488,0.222976,1.014853,0.250609,0.397715,1.014853,-25.4306,22.2751,99.2096,25.0588,55.2296,110.1338
S3A_20250803T095434_vs_HYPERNETS_20250803T101500_RHOW_R_pixel.csv,THFR_pixel,Hyp,S3A,3.6641600000000003,43.43485999999999,3.6643240000000006,43.435459,0.07,5,2025-08-03T08:15:00Z,2025-08-03T07:54:34Z,20,30,14,1.2028,0.4418,1.0182,1.3576,1.8101,-0.001354,2.18e-4,0.001397,NA,TRUE,FALSE,0.002335,0.001767,576.5187,-0.164514,0.219397,0.878376,0.236161,0.372087,0.878376,-21.2024,21.932,86.189,25.5454,48.5906,91.5276
S3A_20250806T101700_vs_HYPERNETS_20250806T100000_RHOW_R_pixel.csv,THFR_pixel,Hyp,S3A,3.6641600000000003,43.43485999999999,3.6638010000000003,43.433396,0.17,5,2025-08-06T08:00:00Z,2025-08-06T08:17:00Z,17,30,4,0.2831,0.1573,0.0886,0.3766,1.6004,-0.001956,8.06e-4,0.001456,NA,FALSE,FALSE,0.002624,0.001793,857.9322,-0.275006,0.001993,8.47863,0.175311,0.379685,8.783695,-43.4121,-1.3464,173.5173,20.0145,70.2289,366.7031
S3A_20250806T101700_vs_HYPERNETS_20250806T101500_RHOW_R_pixel.csv,THFR_pixel,Hyp,S3A,3.6641600000000003,43.43485999999999,3.6638010000000003,43.433396,0.17,5,2025-08-06T08:15:00Z,2025-08-06T08:17:00Z,2,30,4,0.2689,0.2465,0.0844,0.3544,1.4892,-0.001896,8.1e-4,0.001454,NA,FALSE,FALSE,0.002838,0.001903,481.5661,-0.253465,0.045496,4.743257,0.203809,0.416863,5.028715,-40.896,2.9699,144.2687,20.8739,76.7016,322.3736
S3A_20250806T101700_vs_HYPERNETS_20250806T103000_RHOW_R_pixel.csv,THFR_pixel,Hyp,S3A,3.6641600000000003,43.43485999999999,3.6638010000000003,43.433396,0.17,5,2025-08-06T08:30:00Z,2025-08-06T08:17:00Z,13,30,4,0.2849,0.2559,0.0893,0.3759,1.5812,-0.001932,8.03e-4,0.001453,NA,FALSE,FALSE,0.002623,0.001784,457.6625,-0.246781,0.047029,4.511098,0.204768,0.406366,4.778222,-38.7682,3.1221,141.5123,20.9546,71.924,299.9416
S3A_20250806T101700_vs_HYPERNETS_20250806T104500_RHOW_R_pixel.csv,THFR_pixel,Hyp,S3A,3.6641600000000003,43.43485999999999,3.6638010000000003,43.433396,0.17,5,2025-08-06T08:45:00Z,2025-08-06T08:17:00Z,28,30,4,0.2909,0.1304,0.0912,0.3836,1.6129,-0.00178,8.39e-4,0.001461,NA,FALSE,FALSE,0.00253,0.001767,1637.4517,-0.041261,0.392895,16.523248,0.461956,0.610686,16.523248,-12.3373,36.8863,313.6949,50.311,96.1132,435.8072
S3A_20250807T095049_vs_HYPERNETS_20250807T093000_RHOW_R_pixel.csv,THFR_pixel,Hyp,S3A,3.6641600000000003,43.43485999999999,3.661259,43.435261,0.24,5,2025-08-07T07:30:00Z,2025-08-07T07:50:49Z,21,30,5,0.5222,0.3328,0.2787,0.5801,1.2073,-1.97e-4,0.001225,0.001908,NA,FALSE,FALSE,0.002082,0.001602,622.9742,0.473673,0.785863,2.206796,0.473673,0.785863,2.206796,47.3673,78.5863,220.6796,50.5144,78.5863,220.6796
S3A_20250807T095049_vs_HYPERNETS_20250807T094500_RHOW_R_pixel.csv,THFR_pixel,Hyp,S3A,3.6641600000000003,43.43485999999999,3.661259,43.435261,0.24,5,2025-08-07T07:45:00Z,2025-08-07T07:50:49Z,6,30,5,0.5166,0.3331,0.2755,0.5743,1.1969,-2.21e-4,0.001215,0.001904,NA,FALSE,FALSE,0.002114,0.001609,594.3089,0.4011,0.712863,1.965317,0.4011,0.712863,1.965317,40.11,71.2863,196.5317,52.2851,71.2863,196.5317
S3A_20250807T095049_vs_HYPERNETS_20250807T100000_RHOW_R_pixel.csv,THFR_pixel,Hyp,S3A,3.6641600000000003,43.43485999999999,3.661259,43.435261,0.24,5,2025-08-07T08:00:00Z,2025-08-07T07:50:49Z,9,30,5,0.5244,0.2792,0.279,0.5839,1.2219,-2.24e-4,0.001219,0.001909,NA,FALSE,FALSE,0.002069,0.001585,842.2896,0.417768,0.756381,1.945176,0.417768,0.756381,1.945176,41.7768,75.6381,194.5176,49.6717,75.6381,194.5176
S3A_20250807T095049_vs_HYPERNETS_20250807T101500_RHOW_R_pixel.csv,THFR_pixel,Hyp,S3A,3.6641600000000003,43.43485999999999,3.661259,43.435261,0.24,5,2025-08-07T08:15:00Z,2025-08-07T07:50:49Z,24,30,5,0.5387,0.319,0.2871,0.599,1.2498,-2.3e-4,0.001212,0.001903,NA,FALSE,FALSE,0.001988,0.001535,682.9088,0.525986,0.758575,1.870388,0.525986,0.758575,1.870388,52.5986,75.8575,187.0388,52.5986,75.8575,187.0388
S3A_20250810T101315_vs_HYPERNETS_20250810T094500_RHOW_R_pixel.csv,THFR_pixel,Hyp,S3A,3.6641600000000003,43.43485999999999,3.66425,43.4358,0.1,5,2025-08-10T07:45:00Z,2025-08-10T08:13:15Z,28,30,6,0.7951,0.5646,0.57,0.8268,1.1993,-4.68e-4,7.22e-4,0.001543,NA,FALSE,FALSE,0.001282,0.001012,310.5343,0.203552,0.724988,2.136274,0.328773,0.724988,2.136274,18.9303,71.5322,203.6714,39.3278,71.5322,203.6714
S3A_20250810T101315_vs_HYPERNETS_20250810T100000_RHOW_R_pixel.csv,THFR_pixel,Hyp,S3A,3.6641600000000003,43.43485999999999,3.66425,43.4358,0.1,5,2025-08-10T08:00:00Z,2025-08-10T08:13:15Z,13,30,6,0.7934,0.4946,0.5685,0.8252,1.1977,-4.75e-4,7.2e-4,0.001542,NA,FALSE,FALSE,0.001288,0.001009,524.3136,0.201582,0.668937,1.892887,0.330065,0.668937,1.892887,18.7079,66.4221,180.7345,39.5479,66.4221,180.7345
S3A_20250810T101315_vs_HYPERNETS_20250810T101500_RHOW_R_pixel.csv,THFR_pixel,Hyp,S3A,3.6641600000000003,43.43485999999999,3.66425,43.4358,0.1,5,2025-08-10T08:15:00Z,2025-08-10T08:13:15Z,2,30,6,0.8036,0.5409,0.5752,0.8359,1.2149,-5.28e-4,6.86e-4,0.001522,NA,FALSE,FALSE,0.001256,9.82e-4,346.4466,0.127278,0.435738,1.722534,0.22797,0.451951,1.722534,12.6054,41.9416,163.5349,24.8245,48.6233,163.5349
S3A_20250810T101315_vs_HYPERNETS_20250810T103000_RHOW_R_pixel.csv,THFR_pixel,Hyp,S3A,3.6641600000000003,43.43485999999999,3.66425,43.4358,0.1,5,2025-08-10T08:30:00Z,2025-08-10T08:13:15Z,17,30,6,0.8149,0.6459,0.5853,0.8469,1.2253,-6.25e-4,6.07e-4,0.001459,NA,FALSE,FALSE,0.001206,9.15e-4,163.7329,6.6e-4,0.23414,1.225109,0.133088,0.310808,1.225109,-0.0758,22.6243,115.8146,14.9334,35.1561,115.8146
S3A_20250822T100201_vs_HYPERNETS_20250822T094500_RHOW_R_pixel.csv,THFR_pixel,Hyp,S3A,3.6641600000000003,43.43485999999999,3.663851,43.434110000000004,0.09,5,2025-08-22T07:45:00Z,2025-08-22T08:02:01Z,17,30,13,1.2272,0.6777,1.4053,2.4233,4.1788,-0.010343,-0.003083,0.001127,NA,TRUE,FALSE,0.006843,0.003835,197.2546,-0.327513,-0.016446,1.154697,0.293186,0.611806,1.154697,-48.7018,-1.6721,115.4697,41.48,72.5759,216.6504
S3A_20250822T100201_vs_HYPERNETS_20250822T100000_RHOW_R_pixel.csv,THFR_pixel,Hyp,S3A,3.6641600000000003,43.43485999999999,3.663851,43.434110000000004,0.09,5,2025-08-22T08:00:00Z,2025-08-22T08:02:01Z,2,30,13,1.2053,0.6174,1.4403,2.5041,4.3537,-0.010237,-0.002941,0.001256,NA,TRUE,FALSE,0.007007,0.003888,252.9146,-0.299378,0.015718,1.284849,0.27934,0.595569,1.284849,-42.7303,1.5718,128.4849,38.7618,67.3329,203.3097
S3A_20250822T100201_vs_HYPERNETS_20250822T101500_RHOW_R_pixel.csv,THFR_pixel,Hyp,S3A,3.6641600000000003,43.43485999999999,3.663851,43.434110000000004,0.09,5,2025-08-22T08:15:00Z,2025-08-22T08:02:01Z,13,30,13,1.1599,0.4439,1.4561,2.5523,4.4737,-0.009903,-0.00267,0.001457,NA,TRUE,FALSE,0.007168,0.003967,677.5004,-0.274759,0.04588,1.423758,0.184366,0.576046,1.423758,-37.8851,4.588,142.3758,18.5901,95.2574,194.1001
S3A_20250822T100201_vs_HYPERNETS_20250822T103000_RHOW_R_pixel.csv,THFR_pixel,Hyp,S3A,3.6641600000000003,43.43485999999999,3.663851,43.434110000000004,0.09,5,2025-08-22T08:30:00Z,2025-08-22T08:02:01Z,28,30,13,1.3197,0.4663,1.4766,2.5335,4.347,-0.009668,-0.00274,0.0012979999999999999,NA,TRUE,FALSE,0.006949,0.003837,645.4369,-0.258865,0.050158,1.327595,0.181084,0.561348,1.327595,-34.9282,5.0158,132.7595,18.1084,118.1621,185.246
S3A_20250829T102042_vs_HYPERNETS_20250829T100000_RHOW_C_pixel.csv,THFR_pixel,Hyp,S3A,3.6641600000000003,43.43485999999999,3.661813,43.43476,0.19,5,2025-08-29T08:00:00Z,2025-08-29T08:20:42Z,21,30,5,-2.2784,-0.6085,-19.0935,-5.3081,-1.4757,0.005222,0.009041,0.022777,NA,TRUE,TRUE,0.003179,0.002755,342.9802,1.491227,2.44607,3.199305,1.491227,2.44607,3.199305,149.1227,244.607,319.9305,149.1227,244.607,319.9305
S3A_20250829T102042_vs_HYPERNETS_20250829T103000_RHOW_C_pixel.csv,THFR_pixel,Hyp,S3A,3.6641600000000003,43.43485999999999,3.661813,43.43476,0.19,5,2025-08-29T08:30:00Z,2025-08-29T08:20:42Z,9,30,5,-3.1747,-0.3928,-34.5699,-9.2877,-2.4953,0.004817,0.007717,0.018512,NA,TRUE,TRUE,0.003652,0.003324,1060.1152,5.341077,7.207526,7.849645,5.341077,7.207526,7.849645,534.1077,720.7526,784.9645,534.1077,720.7526,784.9645
S3A_20250902T101656_vs_HYPERNETS_20250902T100000_RHOW_R_pixel.csv,THFR_pixel,Hyp,S3A,3.6641600000000003,43.43485999999999,3.665432,43.435077,0.11,5,2025-09-02T08:00:00Z,2025-09-02T08:16:56Z,17,30,14,0.8115,0.4276,0.7007,1.0117,1.4606,-0.001582,8.3e-5,0.001235,NA,FALSE,FALSE,0.001748,0.001375,382.4937,-0.415684,-0.12932,0.706016,0.151333,0.470601,0.829871,-72.8499,-14.8529,65.0988,17.9442,88.9019,100.9438
S3A_20250902T101656_vs_HYPERNETS_20250902T101500_RHOW_R_pixel.csv,THFR_pixel,Hyp,S3A,3.6641600000000003,43.43485999999999,3.665432,43.435077,0.11,5,2025-09-02T08:15:00Z,2025-09-02T08:16:56Z,2,30,14,0.7988,0.4963,0.6938,1.0112,1.4739,-0.001578,1.21e-4,0.001286,NA,FALSE,FALSE,0.001804,0.001409,237.01,-0.412891,-0.132893,0.786919,0.156572,0.468964,0.903621,-72.0674,-15.3278,72.6178,18.6563,88.3204,110.9036
S3A_20250902T101656_vs_HYPERNETS_20250902T103000_RHOW_R_pixel.csv,THFR_pixel,Hyp,S3A,3.6641600000000003,43.43485999999999,3.665432,43.435077,0.11,5,2025-09-02T08:30:00Z,2025-09-02T08:16:56Z,13,30,14,0.8309,0.4209,0.7172,1.0347,1.4929,-0.001553,1e-4,0.001246,NA,FALSE,FALSE,0.001737,0.001324,419.1875,-0.395876,-0.107745,0.760009,0.127004,0.454442,0.868395,-67.1826,-12.0755,70.1833,14.6328,83.3135,98.7151
S3A_20250902T101656_vs_HYPERNETS_20250902T104500_RHOW_R_pixel.csv,THFR_pixel,Hyp,S3A,3.6641600000000003,43.43485999999999,3.665432,43.435077,0.11,5,2025-09-02T08:45:00Z,2025-09-02T08:16:56Z,28,30,14,0.827,0.4766,0.7158,1.0376,1.5041,-0.001559,1.13e-4,0.001267,NA,FALSE,FALSE,0.001764,0.001335,280.6167,-0.398023,-0.105661,0.80039,0.126344,0.453845,0.903075,-67.8288,-11.8149,73.8871,14.537,83.1022,101.4946
S3A_20250903T095044_vs_HYPERNETS_20250903T093000_RHOW_R_pixel.csv,THFR_pixel,Hyp,S3A,3.6641600000000003,43.43485999999999,3.6601200000000005,43.434353,0.33,5,2025-09-03T07:30:00Z,2025-09-03T07:50:44Z,21,30,13,0.7489,0.6778,0.6337,0.8026,1.0164,-7.42e-4,1e-6,5.88e-4,NA,FALSE,FALSE,0.001237,0.001063,55.3651,-0.324581,-0.251881,0.038471,0.251881,0.297534,0.494373,-48.0562,-33.6685,3.8471,29.0731,42.3557,95.9618
S3A_20250903T095044_vs_HYPERNETS_20250903T094500_RHOW_R_pixel.csv,THFR_pixel,Hyp,S3A,3.6641600000000003,43.43485999999999,3.6601200000000005,43.434353,0.33,5,2025-09-03T07:45:00Z,2025-09-03T07:50:44Z,6,30,14,0.6717,0.2563,0.5686,0.7567,1.0071,-4.72e-4,3.39e-4,9.49e-4,NA,FALSE,FALSE,0.001393,0.001162,962.5646,-0.313521,-0.209388,0.187769,0.260036,0.309462,0.510116,-45.6785,-26.84,18.1142,28.3828,42.3229,104.3756
S3A_20250903T095044_vs_HYPERNETS_20250903T100000_RHOW_R_pixel.csv,THFR_pixel,Hyp,S3A,3.6641600000000003,43.43485999999999,3.6601200000000005,43.434353,0.33,5,2025-09-03T08:00:00Z,2025-09-03T07:50:44Z,9,30,14,0.6915,0.3509,0.5858,0.7717,1.0167,-5.36e-4,2.66e-4,8.75e-4,NA,FALSE,FALSE,0.001335,0.001121,354.8903,-0.302952,-0.215248,0.085431000000000007,0.188721,0.291044,0.495155,-43.4641,-27.6528,8.2329,21.4268,41.057,98.2838
S3A_20250903T095044_vs_HYPERNETS_20250903T101500_RHOW_R_pixel.csv,THFR_pixel,Hyp,S3A,3.6641600000000003,43.43485999999999,3.6601200000000005,43.434353,0.33,5,2025-09-03T08:15:00Z,2025-09-03T07:50:44Z,24,30,14,0.6838,0.334,0.5794,0.7609,0.9993,-6.02e-4,2.07e-4,8.24e-4,NA,TRUE,FALSE,0.001397,0.001171,406.4106,-0.335514,-0.273826,-0.001566,0.163889,0.301281,0.501731,-50.5251,-37.7095,-0.3309,19.9467,43.1336,100.91
S3A_20250906T101311_vs_HYPERNETS_20250906T094500_RHOW_R_pixel.csv,THFR_pixel,Hyp,S3A,3.6641600000000003,43.43485999999999,3.665071,43.435599,0.11,5,2025-09-06T07:45:00Z,2025-09-06T08:13:11Z,28,30,15,0.9816,0.6371,0.9984,1.5686,2.4646,-0.004722,-0.001208,0.001028,NA,FALSE,FALSE,0.004098,0.002609,221.8883,-0.406331,-0.188083,0.925144,0.242956,0.60494,0.967923,-69.1961,-23.1653,89.8328,32.2027,85.9587,217.708
S3A_20250906T101311_vs_HYPERNETS_20250906T100000_RHOW_R_pixel.csv,THFR_pixel,Hyp,S3A,3.6641600000000003,43.43485999999999,3.665071,43.435599,0.11,5,2025-09-06T08:00:00Z,2025-09-06T08:13:11Z,13,30,15,1.0415,0.6493,1.0398,1.6218,2.5296,-0.004726,-0.001256,9.68e-4,NA,TRUE,FALSE,0.00406,0.002547,213.6039,-0.387512,-0.15503,1.01151,0.196327,0.631597,1.035555,-64.0407,-18.3474,97.5308,24.509,80.791,207.9325
S3A_20250906T101311_vs_HYPERNETS_20250906T101500_RHOW_R_pixel.csv,THFR_pixel,Hyp,S3A,3.6641600000000003,43.43485999999999,3.665071,43.435599,0.11,5,2025-09-06T08:15:00Z,2025-09-06T08:13:11Z,2,30,15,1.076,0.6868,1.0526,1.6272,2.5154,-0.004838,-0.001384,8.5e-4,NA,TRUE,FALSE,0.003967,0.002512,181.7957,-0.398639,-0.152344,0.854661,0.284857,0.58375,0.905696,-67.1818,-17.9724,83.4768,40.0535,85.4212,209.3777
S3A_20250906T101311_vs_HYPERNETS_20250906T103000_RHOW_R_pixel.csv,THFR_pixel,Hyp,S3A,3.6641600000000003,43.43485999999999,3.665071,43.435599,0.11,5,2025-09-06T08:30:00Z,2025-09-06T08:13:11Z,17,30,15,1.0836,0.7819,1.0874,1.6996,2.6564,-0.004892,-0.00135,9.17e-4,NA,TRUE,FALSE,0.004119,0.002538,133.8908,-0.409833,-0.124979,0.966666,0.269011,0.661181,0.966666,-69.7611,-14.283,94.8672,36.9437,80.4776,199.3935
S3A_20250910T100928_vs_HYPERNETS_20250910T094500_RHOW_R_pixel.csv,THFR_pixel,Hyp,S3A,3.6641600000000003,43.43485999999999,3.6633610000000005,43.436187,0.16,5,2025-09-10T07:45:00Z,2025-09-10T08:09:28Z,24,30,14,0.8408,0.4009,0.7443,1.1104,1.6567,-0.001572,1.27e-4,0.001266,NA,FALSE,FALSE,0.001864,0.001355,428.5347,-0.29008,-0.078245,0.962207,0.209737,0.413354,1.050818,-41.0947,-8.5103,90.3965,22.7239,72.9493,129.7418
S3A_20250910T100928_vs_HYPERNETS_20250910T100000_RHOW_R_pixel.csv,THFR_pixel,Hyp,S3A,3.6641600000000003,43.43485999999999,3.6633610000000005,43.436187,0.16,5,2025-09-10T08:00:00Z,2025-09-10T08:09:28Z,9,30,14,0.8159,0.4182,0.7146,1.0535,1.5529,-0.001724,-1.8e-5,0.00114,NA,FALSE,FALSE,0.001778,0.001417,344.3536,-0.440885,-0.135155,0.689864,0.187449,0.522861,0.820349,-80.432,-15.6504,64.6154,23.4368,91.7675,129.1038
S3A_20250910T100928_vs_HYPERNETS_20250910T101500_RHOW_R_pixel.csv,THFR_pixel,Hyp,S3A,3.6641600000000003,43.43485999999999,3.6633610000000005,43.436187,0.16,5,2025-09-10T08:15:00Z,2025-09-10T08:09:28Z,6,30,14,0.8602,0.3549,0.7506,1.1009,1.6149,-0.001404,1.82e-4,0.001264,NA,FALSE,FALSE,0.001787,0.001278,693.8704,-0.229917,-0.075963,0.868726,0.164837,0.363521,0.953867,-29.8855,-8.2413,81.9397,18.6184,60.1869,113.4747
S3A_20250910T100928_vs_HYPERNETS_20250910T103000_RHOW_R_pixel.csv,THFR_pixel,Hyp,S3A,3.6641600000000003,43.43485999999999,3.6633610000000005,43.436187,0.16,5,2025-09-10T08:30:00Z,2025-09-10T08:09:28Z,21,30,14,0.8505,0.2848,0.7413,1.0858,1.5904,-0.001373,1.99e-4,0.001272,NA,FALSE,FALSE,0.00178,0.001293,1501.4477,-0.192695,-0.086085,0.842097,0.118096,0.347357,0.931069,-23.9122,-9.4404,79.5486,13.4255,56.9964,114.981
S3A_20250917T102811_vs_HYPERNETS_20250917T100000_RHOW_R_pixel.csv,THFR_pixel,Hyp,S3A,3.6641600000000003,43.43485999999999,3.6632770000000003,43.434354,0.09,5,2025-09-17T08:00:00Z,2025-09-17T08:28:11Z,28,30,8,0.1019,0.0459,0.1171,0.2675,0.6112,-1.93e-4,8.04e-4,0.00124,NA,TRUE,FALSE,0.003535,0.002816,515.8385,-0.62235,4.661139,5.490211,0.893268,4.661139,5.490211,-179.4598,463.8282,548.7941,415.5429,527.8749,696.8488
S3A_20250917T102811_vs_HYPERNETS_20250917T101500_RHOW_R_pixel.csv,THFR_pixel,Hyp,S3A,3.6641600000000003,43.43485999999999,3.6632770000000003,43.434354,0.09,5,2025-09-17T08:15:00Z,2025-09-17T08:28:11Z,13,30,8,0.1029,0.0468,0.1179,0.2692,0.6149,-1.87e-4,8.06e-4,0.001241,NA,TRUE,FALSE,0.003504,0.002801,576.8317,-0.619828,5.055688,5.71934,0.892345,5.055688,5.71934,-177.4748,505.2315,571.7604,465.6673,544.1373,712.4992
S3A_20250917T102811_vs_HYPERNETS_20250917T103000_RHOW_R_pixel.csv,THFR_pixel,Hyp,S3A,3.6641600000000003,43.43485999999999,3.6632770000000003,43.434354,0.09,5,2025-09-17T08:30:00Z,2025-09-17T08:28:11Z,2,30,8,0.1055,0.0468,0.1192,0.2718,0.6197,-1.86e-4,8.05e-4,0.00124,NA,TRUE,FALSE,0.003459,0.002772,552.5178,-0.618157,4.875902,5.627309,0.890793,4.875902,5.627309,-175.9653,485.9927,562.5246,434.0142,541.8955,703.1543
S3A_20250917T102811_vs_HYPERNETS_20250917T104500_RHOW_R_pixel.csv,THFR_pixel,Hyp,S3A,3.6641600000000003,43.43485999999999,3.6632770000000003,43.434354,0.09,5,2025-09-17T08:45:00Z,2025-09-17T08:28:11Z,17,30,8,0.1062,0.0439,0.1199,0.2734,0.6232,-1.6e-4,8.16e-4,0.001245,NA,TRUE,FALSE,0.003421,0.002766,1285.818,-0.614444,6.153445,7.120305,0.889417,6.153445,7.120305,-173.1495,614.8268,710.4241,534.4947,661.9428,877.8566
S3A_20250918T100200_vs_HYPERNETS_20250918T094500_RHOW_R_pixel.csv,THFR_pixel,Hyp,S3A,3.6641600000000003,43.43485999999999,3.6631990000000005,43.433738000000005,0.15,5,2025-09-18T07:45:00Z,2025-09-18T08:02:00Z,17,30,14,0.6949,0.3141,0.6354,0.9746,1.495,-0.001754,5.3e-5,0.001231,NA,FALSE,FALSE,0.002219,0.001794,1500.1338,-0.425104,-0.257181,1.145536,0.278648,0.523567,1.259191,-74.5428,-34.6226,105.7901,38.7983,112.0797,179.6852
S3A_20250918T100200_vs_HYPERNETS_20250918T100000_RHOW_R_pixel.csv,THFR_pixel,Hyp,S3A,3.6641600000000003,43.43485999999999,3.6631990000000005,43.433738000000005,0.15,5,2025-09-18T08:00:00Z,2025-09-18T08:02:00Z,2,30,14,0.7243,0.5264,0.6499,0.9823,1.4846,-0.00184,-5.4e-5,0.001127,NA,FALSE,FALSE,0.002117,0.001737,209.4188,-0.442824,-0.254512,0.972345,0.286057,0.526193,1.102187,-79.5702,-34.1452,89.9738,40.3415,102.7504,171.8439
S3A_20250918T100200_vs_HYPERNETS_20250918T101500_RHOW_R_pixel.csv,THFR_pixel,Hyp,S3A,3.6641600000000003,43.43485999999999,3.6631990000000005,43.433738000000005,0.15,5,2025-09-18T08:15:00Z,2025-09-18T08:02:00Z,13,30,14,0.7194,0.5315,0.6337,0.9405,1.3958,-0.00197,-2.07e-4,9.82e-4,NA,FALSE,FALSE,0.002098,0.001784,193.6008,-0.517909,-0.288956,0.680805,0.3333,0.577641,0.846997,-107.5004,-40.6464,62.8826,50.7341,97.2238,158.1507
S3A_20250918T100200_vs_HYPERNETS_20250918T103000_RHOW_R_pixel.csv,THFR_pixel,Hyp,S3A,3.6641600000000003,43.43485999999999,3.6631990000000005,43.433738000000005,0.15,5,2025-09-18T08:30:00Z,2025-09-18T08:02:00Z,28,30,14,0.7262,0.5491,0.635,0.9342,1.3743,-0.001991,-2.53e-4,9.29e-4,NA,FALSE,FALSE,0.00207,0.001774,176.3052,-0.55761,-0.29214,0.601255,0.345241,0.599901,0.777192,-126.5817,-41.299,55.3057,52.4987,93.996,158.1116
S3A_20250922T095817_vs_HYPERNETS_20250922T093000_RHOW_R_pixel.csv,THFR_pixel,Hyp,S3A,3.6641600000000003,43.43485999999999,3.664055,43.433544,0.15,5,2025-09-22T07:30:00Z,2025-09-22T07:58:17Z,28,30,14,0.7462,0.5573,0.6728,1.021,1.5493,-0.002204,1.58e-4,0.001715,NA,FALSE,FALSE,0.002642,0.002087,213.2318,-0.469426,-0.179435,0.775139,0.297949,0.518546,0.865982,-90.4201,-21.8816,74.9523,33.5088,99.9788,138.0922
S3A_20250922T095817_vs_HYPERNETS_20250922T094500_RHOW_R_pixel.csv,THFR_pixel,Hyp,S3A,3.6641600000000003,43.43485999999999,3.664055,43.433544,0.15,5,2025-09-22T07:45:00Z,2025-09-22T07:58:17Z,13,30,14,0.7502,0.5637,0.6701,1.0087,1.5182,-0.002325,4e-5,0.001612,NA,FALSE,FALSE,0.002582,0.002107,201.5254,-0.491331,-0.193375,0.610932,0.260572,0.536537,0.723956,-98.4616,-23.991,59.3873,32.9013,93.0875,126.625
S3A_20250922T095817_vs_HYPERNETS_20250922T100000_RHOW_R_pixel.csv,THFR_pixel,Hyp,S3A,3.6641600000000003,43.43485999999999,3.664055,43.433544,0.15,5,2025-09-22T08:00:00Z,2025-09-22T07:58:17Z,2,30,14,0.7577,0.2667,0.6764,1.0175,1.5306,-0.002131,1.67e-4,0.001694,NA,FALSE,FALSE,0.002577,0.002051,3079.5062,-0.47205,-0.176609,1.080181,0.28231,0.520464,1.151727,-91.327,-21.4732,101.5559,31.5184,108.5391,132.86
S3A_20250922T095817_vs_HYPERNETS_20250922T101500_RHOW_R_pixel.csv,THFR_pixel,Hyp,S3A,3.6641600000000003,43.43485999999999,3.664055,43.433544,0.15,5,2025-09-22T08:15:00Z,2025-09-22T07:58:17Z,17,30,14,0.7695,0.4706,0.6916,1.0468,1.5843,-0.002201,1.48e-4,0.0017,NA,FALSE,FALSE,0.002605,0.002021,366.7847,-0.462939,-0.157255,1.006452,0.319765,0.513124,1.072334,-88.172,-18.6905,95.9887,35.7888,105.3946,136.9783
S3A_20250925T102044_vs_HYPERNETS_20250925T100000_RHOW_R_pixel.csv,THFR_pixel,Hyp,S3A,3.6641600000000003,43.43485999999999,3.665241,43.43412,0.12,5,2025-09-25T08:00:00Z,2025-09-25T08:20:44Z,21,30,14,0.6849,0.3829,0.6204,0.945,1.4394,-0.001605,2.33e-4,0.00144,NA,FALSE,FALSE,0.002259,0.001818,855.2103,-0.463541,-0.259669,1.007328,0.288944,0.500196,1.114927,-86.6925,-35.1613,93.1896,40.6391,100.2261,132.6251
S3A_20250925T102044_vs_HYPERNETS_20250925T101500_RHOW_R_pixel.csv,THFR_pixel,Hyp,S3A,3.6641600000000003,43.43485999999999,3.665241,43.43412,0.12,5,2025-09-25T08:15:00Z,2025-09-25T08:20:44Z,6,30,13,0.7379,1.0303,0.6422,0.9827,1.5035,-0.002388,-2.33e-4,0.001176,NA,FALSE,FALSE,0.00219,0.001764,55.9526,-0.497051,-0.296874,0.114442,0.296874,0.497051,0.667719,-98.8273,-42.222,11.4442,42.222,98.8273,114.0657
S3A_20250925T102044_vs_HYPERNETS_20250925T104500_RHOW_R_pixel.csv,THFR_pixel,Hyp,S3A,3.6641600000000003,43.43485999999999,3.665241,43.43412,0.12,5,2025-09-25T08:45:00Z,2025-09-25T08:20:44Z,24,30,14,0.7072,0.4602,0.6374,0.9669,1.4667,-0.001588,2.3e-4,0.001429,NA,FALSE,FALSE,0.002205,0.001752,465.862,-0.447227,-0.242048,1.021276,0.270927,0.484205,1.118874,-81.1841,-32.0259,94.9164,37.1606,94.006,132.2652
S3A_20250926T095433_vs_HYPERNETS_20250926T093000_RHOW_R_pixel.csv,THFR_pixel,Hyp,S3A,3.6641600000000003,43.43485999999999,3.6640610000000002,43.43496699999999,0.01,5,2025-09-26T07:30:00Z,2025-09-26T07:54:33Z,25,30,14,0.9881,0.436,1.3872,2.3934,4.1294,-0.006727,-6.26e-4,0.00291,NA,TRUE,FALSE,0.007877,0.004569,674.5873,0.126692,0.359056,4.878791,0.270722,0.368604,4.878791,12.535,35.8426,462.9481,28.0031,42.7847,462.9481
S3A_20250926T095433_vs_HYPERNETS_20250926T100000_RHOW_R_pixel.csv,THFR_pixel,Hyp,S3A,3.6641600000000003,43.43485999999999,3.6640610000000002,43.43496699999999,0.01,5,2025-09-26T08:00:00Z,2025-09-26T07:54:33Z,5,30,14,1.0668,0.5171,1.4349,2.4628,4.2272,-0.0068,-7.12e-4,0.002834,NA,TRUE,FALSE,0.007857,0.00458,441.747,0.140542,0.366624,4.29829,0.250705,0.366624,4.29829,14.0282,36.5,413.7554,28.1127,42.7431,413.7554
S3A_20250929T101700_vs_HYPERNETS_20250929T100000_RHOW_R_pixel.csv,THFR_pixel,Hyp,S3A,3.6641600000000003,43.43485999999999,3.66424,43.433613,0.14,5,2025-09-29T08:00:00Z,2025-09-29T08:17:00Z,17,30,14,0.956,0.633,0.8246,1.1884,1.7126,-0.001243,5.43e-4,0.001782,NA,FALSE,FALSE,0.002422,0.001471,194.9952,-0.12907,0.079658,1.54248,0.132254,0.255981,1.54248,-15.0269,7.8526,148.2321,13.2241,34.6556,151.8184
S3A_20250929T101700_vs_HYPERNETS_20250929T101500_RHOW_R_pixel.csv,THFR_pixel,Hyp,S3A,3.6641600000000003,43.43485999999999,3.66424,43.433613,0.14,5,2025-09-29T08:15:00Z,2025-09-29T08:17:00Z,2,30,14,0.9656,0.5936,0.8291,1.1843,1.6918,-0.001243,5.07e-4,0.001732,NA,FALSE,FALSE,0.002354,0.001436,243.1064,-0.138234,0.071431,1.434849,0.123846,0.260459,1.434849,-16.2948,7.0354,138.2157,12.3821,35.4691,140.0165
S3A_20250929T101700_vs_HYPERNETS_20250929T103000_RHOW_R_pixel.csv,THFR_pixel,Hyp,S3A,3.6641600000000003,43.43485999999999,3.66424,43.433613,0.14,5,2025-09-29T08:30:00Z,2025-09-29T08:17:00Z,13,30,14,0.9739,0.5075,0.8347,1.1878,1.6901,-0.001133,5.68e-4,0.001764,NA,FALSE,FALSE,0.002363,0.001449,460.492,-0.109765,0.100119,1.456452,0.13887,0.232105,1.456452,-12.4627,9.8994,140.443,15.1473,29.6198,140.443
S3A_20250929T101700_vs_HYPERNETS_20250929T104500_RHOW_R_pixel.csv,THFR_pixel,Hyp,S3A,3.6641600000000003,43.43485999999999,3.66424,43.433613,0.14,5,2025-09-29T08:45:00Z,2025-09-29T08:17:00Z,28,30,14,1.0015,0.4302,0.8564,1.2117,1.7143,-0.001071,5.89e-4,0.001763,NA,FALSE,FALSE,0.002377,0.001458,1016.9855,-0.073523,0.134642,1.46863,0.101945,0.218995,1.46863,-8.0218,13.3727,141.8576,11.3613,22.1497,141.8576
S3A_20250930T095049_vs_HYPERNETS_20250930T093000_RHOW_R_pixel.csv,THFR_pixel,Hyp,S3A,3.6641600000000003,43.43485999999999,3.661616,43.435767,0.23,5,2025-09-30T07:30:00Z,2025-09-30T07:50:49Z,21,30,14,0.5221,0.2492,0.5139,0.8205,1.3102,-0.001606,1.43e-4,0.001238,NA,FALSE,FALSE,0.00261,0.002252,1026.3571,-0.565153,-0.372405,0.905065,0.373219,0.71629,1.144994,-134.8447,-59.3385,79.2574,59.5456,129.947,421.1745
S3A_20250930T095049_vs_HYPERNETS_20250930T094500_RHOW_R_pixel.csv,THFR_pixel,Hyp,S3A,3.6641600000000003,43.43485999999999,3.661616,43.435767,0.23,5,2025-09-30T07:45:00Z,2025-09-30T07:50:49Z,6,30,14,0.5341,0.3577,0.5184,0.8227,1.3057,-0.00172,5.3e-5,0.00117,NA,FALSE,FALSE,0.002583,0.002259,377.0292,-0.5796,-0.376102,0.717734,0.377078,0.724422,0.990922,-142.2777,-60.2828,60.5378,60.5337,110.8658,408.5767
S3A_20250930T095049_vs_HYPERNETS_20250930T100000_RHOW_R_pixel.csv,THFR_pixel,Hyp,S3A,3.6641600000000003,43.43485999999999,3.661616,43.435767,0.23,5,2025-09-30T08:00:00Z,2025-09-30T07:50:49Z,9,30,14,0.5377,0.3689,0.5149,0.8119,1.2802,-0.001761,7e-6,0.001129,NA,FALSE,FALSE,0.002591,0.002284,352.8435,-0.590097,-0.384915,0.589426,0.38765,0.730314,0.889635,-148.186,-62.5804,49.0032,63.3053,95.2926,405.8095
S3A_20250930T095049_vs_HYPERNETS_20250930T101500_RHOW_R_pixel.csv,THFR_pixel,Hyp,S3A,3.6641600000000003,43.43485999999999,3.661616,43.435767,0.23,5,2025-09-30T08:15:00Z,2025-09-30T07:50:49Z,24,30,14,0.5361,0.3813,0.5135,0.8099,1.2771,-0.001677,6.2e-5,0.001164,NA,FALSE,FALSE,0.002582,0.002259,337.4487,-0.578538,-0.383805,0.649394,0.384985,0.723097,0.91516,-141.9609,-62.2865,55.841,62.5977,100.9067,403.7476
S3A_20251007T100931_vs_HYPERNETS_20251007T094500_RHOW_R_pixel.csv,THFR_pixel,Hyp,S3A,3.6641600000000003,43.43485999999999,3.664578,43.435179000000005,0.05,5,2025-10-07T07:45:00Z,2025-10-07T08:09:31Z,25,30,14,0.6547,0.401,0.563,0.8069,1.1563,-0.001265,4.42e-4,0.001633,NA,FALSE,FALSE,0.002568,0.002132,602.3576,-0.405447,-0.286877,0.697084,0.297763,0.476085,0.853662,-68.4939,-40.2284,62.2507,42.4467,84.4925,123.6604
S3A_20251007T100931_vs_HYPERNETS_20251007T100000_RHOW_R_pixel.csv,THFR_pixel,Hyp,S3A,3.6641600000000003,43.43485999999999,3.664578,43.435179000000005,0.05,5,2025-10-07T08:00:00Z,2025-10-07T08:09:31Z,10,30,14,0.6649,0.4446,0.5697,0.81,1.1516,-0.001263,4.12e-4,0.00159,NA,FALSE,FALSE,0.002506,0.002098,408.7122,-0.421239,-0.28244,0.638,0.294141,0.484353,0.798257,-73.2954,-39.3622,56.7804,41.7059,84.5809,114.7469
S3A_20251007T100931_vs_HYPERNETS_20251007T101500_RHOW_R_pixel.csv,THFR_pixel,Hyp,S3A,3.6641600000000003,43.43485999999999,3.664578,43.435179000000005,0.05,5,2025-10-07T08:15:00Z,2025-10-07T08:09:31Z,5,30,14,0.6706,0.4037,0.5743,0.8156,1.1584,-0.001116,5.12e-4,0.001657,NA,FALSE,FALSE,0.002454,0.002004,667.6681,-0.303033,-0.25965,0.702264,0.264972,0.404495,0.849091,-43.5239,-35.0725,62.7882,36.0509,68.8353,107.5062
S3A_20251007T100931_vs_HYPERNETS_20251007T103000_RHOW_R_pixel.csv,THFR_pixel,Hyp,S3A,3.6641600000000003,43.43485999999999,3.664578,43.435179000000005,0.05,5,2025-10-07T08:30:00Z,2025-10-07T08:09:31Z,20,30,13,0.7197,0.8492,0.6043,0.8714,1.2565,-0.001664,2.42e-4,0.001564,NA,FALSE,FALSE,0.002338,0.001843,55.7677,-0.28079,-0.23177,-0.042254,0.23177,0.28079,0.502686,-39.0414,-30.1694,-4.4118,30.1694,39.0414,97.6528
S3A_20251010T103157_vs_HYPERNETS_20251010T101500_RHOW_R_pixel.csv,THFR_pixel,Hyp,S3A,3.6641600000000003,43.43485999999999,3.665296,43.434278,0.11,5,2025-10-10T08:15:00Z,2025-10-10T08:31:57Z,17,30,12,0.6612,0.5725,0.5949,0.9798,1.6138,-0.003327,3.41e-4,0.002568,NA,FALSE,FALSE,0.003825,0.002843,252.526,-0.416693,-0.272166,1.454384,0.272724,0.432139,1.454384,-71.4475,-37.394,145.1444,37.4993,76.1037,145.1444
S3A_20251010T103157_vs_HYPERNETS_20251010T103000_RHOW_R_pixel.csv,THFR_pixel,Hyp,S3A,3.6641600000000003,43.43485999999999,3.665296,43.434278,0.11,5,2025-10-10T08:30:00Z,2025-10-10T08:31:57Z,2,30,12,0.6872,0.575,0.6133,1.0048,1.6462,-0.003409,2.61e-4,0.002501,NA,FALSE,FALSE,0.003727,0.002754,251.3641,-0.413007,-0.254525,1.409825,0.258398,0.42751,1.409825,-70.3713,-34.1427,140.8655,34.8437,74.6776,142.0442
S3A_20251010T103157_vs_HYPERNETS_20251010T110000_RHOW_R_pixel.csv,THFR_pixel,Hyp,S3A,3.6641600000000003,43.43485999999999,3.665296,43.434278,0.11,5,2025-10-10T09:00:00Z,2025-10-10T08:31:57Z,28,30,12,0.7322,0.4,0.6445,1.0456,1.6964,-0.003287,2.8e-4,0.002478,NA,FALSE,FALSE,0.003593,0.002574,1439.077,-0.373474,-0.220252,1.46079,0.224016,0.383329,1.46079,-59.6117,-28.2477,145.6921,28.8686,62.1665,145.6921
S3A_20251011T100547_vs_HYPERNETS_20251011T094500_RHOW_R_pixel.csv,THFR_pixel,Hyp,S3A,3.6641600000000003,43.43485999999999,3.665542,43.433413,0.2,5,2025-10-11T07:45:00Z,2025-10-11T08:05:47Z,21,30,14,0.7513,0.6251,0.663,0.9859,1.4661,-0.001779,4.94e-4,0.002022,NA,FALSE,FALSE,0.002842,0.002122,198.5749,-0.343619,-0.16633,1.08045,0.240689,0.358927,1.167903,-52.4205,-20.01,102.6643,29.287,55.9911,139.4793
S3A_20251011T100547_vs_HYPERNETS_20251011T100000_RHOW_R_pixel.csv,THFR_pixel,Hyp,S3A,3.6641600000000003,43.43485999999999,3.665542,43.433413,0.2,5,2025-10-11T08:00:00Z,2025-10-11T08:05:47Z,6,30,14,0.7777,0.5432,0.6828,1.0096,1.4926,-0.001709,5.14e-4,0.002017,NA,FALSE,FALSE,0.002784,0.002022,334.6424,-0.315924,-0.136464,1.160235,0.216935,0.345782,1.230866,-46.2265,-15.8909,109.9064,26.812,49.4563,161.16
S3A_20251011T100547_vs_HYPERNETS_20251011T101500_RHOW_R_pixel.csv,THFR_pixel,Hyp,S3A,3.6641600000000003,43.43485999999999,3.665542,43.433413,0.2,5,2025-10-11T08:15:00Z,2025-10-11T08:05:47Z,9,30,14,0.8061,0.5843,0.7084,1.0483,1.5515,-0.001811,4.49e-4,0.001977,NA,FALSE,FALSE,0.002772,0.001958,259.8769,-0.31136200000000003,-0.118021,1.210249,0.196279,0.362356,1.277896,-45.2879,-13.4134,114.9109,24.6186,48.5329,149.626
S3A_20251011T100547_vs_HYPERNETS_20251011T103000_RHOW_R_pixel.csv,THFR_pixel,Hyp,S3A,3.6641600000000003,43.43485999999999,3.665542,43.433413,0.2,5,2025-10-11T08:30:00Z,2025-10-11T08:05:47Z,24,30,14,0.8173,0.5299,0.7153,1.0534,1.5512,-0.001657,5.31e-4,0.002016,NA,FALSE,FALSE,0.002754,0.001888,390.61,-0.276762,-0.096212,1.223939,0.179472,0.327558,1.269629,-38.3126,-10.7284,116.393,22.0044,41.1715,148.9212
S3A_20251015T100203_vs_HYPERNETS_20251015T094500_RHOW_R_pixel.csv,THFR_pixel,Hyp,S3A,3.6641600000000003,43.43485999999999,3.663249,43.435656,0.12,5,2025-10-15T07:45:00Z,2025-10-15T08:02:03Z,17,30,15,0.9357,0.7127,1.1806,1.9552,3.238,-0.005363,-5.67e-4,0.002329,NA,TRUE,FALSE,0.006783,0.003632,348.9656,-0.287713,0.108509,2.154231,0.178636,0.387325,2.154231,-40.7776,10.8509,210.6742,19.8869,63.2187,210.6742
S3A_20251015T100203_vs_HYPERNETS_20251015T100000_RHOW_R_pixel.csv,THFR_pixel,Hyp,S3A,3.6641600000000003,43.43485999999999,3.663249,43.435656,0.12,5,2025-10-15T08:00:00Z,2025-10-15T08:02:03Z,2,30,15,0.964,0.7613,1.1841,1.9522,3.2184,-0.005501,-6.84e-4,0.002238,NA,TRUE,FALSE,0.006699,0.003599,281.0857,-0.297863,0.089711,1.992397,0.186146,0.396406,1.992397,-42.7937,8.9711,195.8446,19.6843,65.6744,195.8446
S3A_20251015T100203_vs_HYPERNETS_20251015T101500_RHOW_R_pixel.csv,THFR_pixel,Hyp,S3A,3.6641600000000003,43.43485999999999,3.663249,43.435656,0.12,5,2025-10-15T08:15:00Z,2025-10-15T08:02:03Z,13,30,15,0.9776,0.7643,1.1765,1.9324,3.174,-0.005544,-7.38e-4,0.002188,NA,TRUE,FALSE,0.006626,0.003562,275.4997,-0.304117,0.06652,1.891825,0.184493,0.396802,1.891825,-44.0217,6.652,186.0797,19.3843,65.783,186.0797
S3A_20251015T100203_vs_HYPERNETS_20251015T103000_RHOW_R_pixel.csv,THFR_pixel,Hyp,S3A,3.6641600000000003,43.43485999999999,3.663249,43.435656,0.12,5,2025-10-15T08:30:00Z,2025-10-15T08:02:03Z,28,30,15,1.042,0.4317,1.2166,1.9864,3.2433,-0.005301,-6.34e-4,0.002225,NA,TRUE,FALSE,0.006628,0.003532,3754.2534,-0.244842,0.134934,2.284673,0.188034,0.302399,2.284673,-32.6409,13.4934,219.2685,21.2844,43.3484,219.2685
S3A_20251018T102430_vs_HYPERNETS_20251018T100000_RHOW_R_pixel.csv,THFR_pixel,Hyp,S3A,3.6641600000000003,43.43485999999999,3.665064,43.433831,0.14,5,2025-10-18T08:00:00Z,2025-10-18T08:24:30Z,24,30,15,1.1591,0.91,1.1839,1.8631,2.9318,-0.004388,-8.2e-5,0.002654,NA,TRUE,FALSE,0.006439,0.003443,179.9945,0.053707,0.218785,2.106039,0.150249,0.476143,2.106039,5.3688,21.8785,202.1846,15.0233,68.1978,254.1558
S3A_20251018T102430_vs_HYPERNETS_20251018T101500_RHOW_R_pixel.csv,THFR_pixel,Hyp,S3A,3.6641600000000003,43.43485999999999,3.665064,43.433831,0.14,5,2025-10-18T08:15:00Z,2025-10-18T08:24:30Z,10,30,15,1.1748,0.7905,1.183,1.8516,2.8981,-0.004197,-1e-6,0.00268,NA,TRUE,FALSE,0.006397,0.003449,286.7981,0.085475,0.215008,2.408177,0.17581,0.391116,2.408177,8.5416,21.5008,224.6162,17.5743,64.2349,247.4518
S3A_20251018T102430_vs_HYPERNETS_20251018T103000_RHOW_R_pixel.csv,THFR_pixel,Hyp,S3A,3.6641600000000003,43.43485999999999,3.665064,43.433831,0.14,5,2025-10-18T08:30:00Z,2025-10-18T08:24:30Z,6,30,15,1.2043,0.7792,1.1931,1.8548,2.8836,-0.004214,-6.2e-5,0.002609,NA,TRUE,FALSE,0.006323,0.003425,302.9395,0.090348,0.21799,2.337794,0.182141,0.403962,2.337794,9.0312,21.799,218.467,18.2017,67.7744,253.6611
S3A_20251018T102430_vs_HYPERNETS_20251018T104500_RHOW_R_pixel.csv,THFR_pixel,Hyp,S3A,3.6641600000000003,43.43485999999999,3.665064,43.433831,0.14,5,2025-10-18T08:45:00Z,2025-10-18T08:24:30Z,20,30,15,1.2186,0.7872,1.2259,1.918,3.0008,-0.003995,1.25e-4,0.002759,NA,TRUE,FALSE,0.006519,0.003638,306.0953,0.161381,0.287033,2.634744,0.244761,0.434019,2.634744,16.1284,28.7033,244.9092,25.737,43.4019,244.9092
S3A_20251023T095434_vs_HYPERNETS_20251023T094500_RHOW_R_pixel.csv,THFR_pixel,Hyp,S3A,3.6641600000000003,43.43485999999999,3.6633340000000008,43.435566,0.1,5,2025-10-23T07:45:00Z,2025-10-23T07:54:34Z,10,30,13,0.6933,0.9459,1.7977,3.3096,6.0929,-0.015339,-0.003155,0.003463,NA,TRUE,FALSE,0.01354,0.007363,264.4242,-0.226009,0.280267,2.020099,0.280267,0.320608,2.020099,-29.2005,28.0267,202.0099,29.2005,40.8799,202.0099
S3A_20251023T095434_vs_HYPERNETS_20251023T101500_RHOW_R_pixel.csv,THFR_pixel,Hyp,S3A,3.6641600000000003,43.43485999999999,3.6633340000000008,43.435566,0.1,5,2025-10-23T08:15:00Z,2025-10-23T07:54:34Z,20,30,13,1.1293,1.124,1.8675,3.3701,6.0818,-0.01604,-0.003835,0.002928,NA,TRUE,FALSE,0.013079,0.007132,188.6676,-0.150335,0.381752,1.584297,0.214359,0.381752,1.584297,-17.6934,38.1752,158.4297,27.2847,40.0941,158.4297
S3A_20251030T101317_vs_HYPERNETS_20251030T094500_RHOW_R_pixel.csv,THFR_pixel,Hyp,S3A,3.6641600000000003,43.43485999999999,3.662756,43.434079999999994,0.14,5,2025-10-30T08:45:00Z,2025-10-30T09:13:17Z,28,30,15,0.6437,0.5747,0.5533,0.7437,0.9996,-7.54e-4,2.58e-4,0.001011,NA,TRUE,FALSE,0.002169,0.001782,505.9997,-0.544887,-0.333849,0.27642,0.340598,0.574043,0.705498,-120.1778,-50.1161,17.2196,51.6606,106.4967,143.9098
S3A_20251030T101317_vs_HYPERNETS_20251030T100000_RHOW_R_pixel.csv,THFR_pixel,Hyp,S3A,3.6641600000000003,43.43485999999999,3.662756,43.434079999999994,0.14,5,2025-10-30T09:00:00Z,2025-10-30T09:13:17Z,13,30,15,0.6571,0.6873,0.5645,0.7559,1.0123,-7.94e-4,2.17e-4,9.72e-4,NA,FALSE,FALSE,0.002105,0.001743,224.4101,-0.577586,-0.327458,0.264652,0.342932,0.585414,0.709517,-136.7753,-48.6895,16.3506,52.2334,104.7222,154.9048
S3A_20251030T101317_vs_HYPERNETS_20251030T101500_RHOW_R_pixel.csv,THFR_pixel,Hyp,S3A,3.6641600000000003,43.43485999999999,3.662756,43.434079999999994,0.14,5,2025-10-30T09:15:00Z,2025-10-30T09:13:17Z,2,30,14,0.6722,0.9716,0.5696,0.7763,1.0581,-0.001023,1.37e-4,9.88e-4,NA,FALSE,FALSE,0.002109,0.001717,59.3837,-0.521422,-0.315722,-0.229698,0.315324,0.497946,0.604028,-109.6639,-46.1395,-29.9965,46.0545,81.8488,123.1194
S3A_20251030T101317_vs_HYPERNETS_20251030T103000_RHOW_R_pixel.csv,THFR_pixel,Hyp,S3A,3.6641600000000003,43.43485999999999,3.662756,43.434079999999994,0.14,5,2025-10-30T09:30:00Z,2025-10-30T09:13:17Z,17,30,15,0.6678,0.7804,0.5734,0.7639,1.0178,-7.85e-4,2.08e-4,9.54e-4,NA,FALSE,FALSE,0.002042,0.001689,136.5631,-0.5689,-0.318339,0.250521,0.329294,0.577822,0.696105,-132.0145,-46.7005,15.592,49.1165,100.7617,149.2037
S3A_20251103T100933_vs_HYPERNETS_20251103T094500_RHOW_R_pixel.csv,THFR_pixel,Hyp,S3A,3.6641600000000003,43.43485999999999,3.664246,43.434642999999994,0.03,5,2025-11-03T08:45:00Z,2025-11-03T09:09:33Z,25,30,13,0.7131,0.7313,0.685,1.12,1.8313,-0.001962,1.05e-4,0.001369,NA,FALSE,FALSE,0.002405,0.001708,108.436,-0.407833,-0.186108,1.067361,0.256945,0.599434,1.067361,-68.8712,-22.8665,106.7361,34.5795,106.7361,206.131
S3A_20251103T100933_vs_HYPERNETS_20251103T100000_RHOW_R_pixel.csv,THFR_pixel,Hyp,S3A,3.6641600000000003,43.43485999999999,3.664246,43.434642999999994,0.03,5,2025-11-03T09:00:00Z,2025-11-03T09:09:33Z,10,30,14,0.6897,0.4318,0.6795,1.0854,1.7338,-0.001461,3.2e-4,0.001435,NA,FALSE,FALSE,0.002378,0.001756,421.9303,-0.405381,-0.175778,1.778722,0.32185,0.630424,1.784459,-69.3254,-21.3368,168.4446,44.9467,114.8182,214.6948
S3A_20251103T100933_vs_HYPERNETS_20251103T101500_RHOW_R_pixel.csv,THFR_pixel,Hyp,S3A,3.6641600000000003,43.43485999999999,3.664246,43.434642999999994,0.03,5,2025-11-03T09:15:00Z,2025-11-03T09:09:33Z,5,30,14,0.6753,0.462,0.663,1.0575,1.6867,-0.001381,3.66e-4,0.001461,NA,FALSE,FALSE,0.002386,0.001779,340.0556,-0.393508,-0.189649,1.89573,0.315005,0.623353,1.89573,-65.8452,-23.4173,180.7995,44.1393,111.7403,222.3713
S3A_20251103T100933_vs_HYPERNETS_20251103T103000_RHOW_R_pixel.csv,THFR_pixel,Hyp,S3A,3.6641600000000003,43.43485999999999,3.664246,43.434642999999994,0.03,5,2025-11-03T09:30:00Z,2025-11-03T09:09:33Z,20,30,13,0.7486,0.702,0.6963,1.1203,1.8026,-0.001893,9.5e-5,0.00133,NA,FALSE,FALSE,0.002302,0.00164,113.2802,-0.375319,-0.18126,1.731757,0.236658,0.581957,1.731757,-60.0817,-22.1389,173.1757,31.0029,136.8541,191.9387
S3A_20251107T100548_vs_HYPERNETS_20251107T094500_RHOW_R_pixel.csv,THFR_pixel,Hyp,S3A,3.6641600000000003,43.43485999999999,3.6641820000000003,43.435724,0.1,5,2025-11-07T08:45:00Z,2025-11-07T09:05:48Z,21,30,14,0.737,0.3408,0.6385,0.9269,1.3457,-6.81e-4,0.001175,0.002453,NA,FALSE,FALSE,0.002459,0.001669,486.2759,-0.112666,-0.007912,1.31501,0.098829,0.251288,1.31501,-12.7074,-0.9032,127.3679,10.9766,29.2952,127.3679
S3A_20251107T100548_vs_HYPERNETS_20251107T100000_RHOW_R_pixel.csv,THFR_pixel,Hyp,S3A,3.6641600000000003,43.43485999999999,3.6641820000000003,43.435724,0.1,5,2025-11-07T09:00:00Z,2025-11-07T09:05:48Z,6,30,13,0.8086,0.7195,0.683,0.9998,1.4635,-0.00123,8.84e-4,0.002329,NA,FALSE,FALSE,0.002353,0.001407,60.0559,-0.084456,0.003322,0.795345,0.084456,0.146431,0.795345,-9.2247,0.3322,79.5345,9.2247,17.1552,79.5345
S3A_20251107T100548_vs_HYPERNETS_20251107T101500_RHOW_R_pixel.csv,THFR_pixel,Hyp,S3A,3.6641600000000003,43.43485999999999,3.6641820000000003,43.435724,0.1,5,2025-11-07T09:15:00Z,2025-11-07T09:05:48Z,9,30,14,0.7568,0.2625,0.648,0.9198,1.3057,-6.95e-4,0.001072,0.002316,NA,FALSE,FALSE,0.002272,0.001599,1414.8017,-0.117223,-0.018637,1.061546,0.111486,0.221176,1.061546,-13.2807,-2.0394,104.5158,12.5492,26.815,104.5158
S3A_20251107T100548_vs_HYPERNETS_20251107T103000_RHOW_R_pixel.csv,THFR_pixel,Hyp,S3A,3.6641600000000003,43.43485999999999,3.6641820000000003,43.435724,0.1,5,2025-11-07T09:30:00Z,2025-11-07T09:05:48Z,24,30,14,0.7696,0.3449,0.6573,0.9272,1.3079,-6.2e-4,0.001098,0.002316,NA,FALSE,FALSE,0.00224,0.001546,520.7772,-0.107256,0.014575,1.105945,0.102685,0.20791,1.105945,-12.0153,1.2927,109.88720000000001,11.4447,23.2454,109.88720000000001
S3A_20251115T095817_vs_HYPERNETS_20251115T093000_RHOW_R_pixel.csv,THFR_pixel,Hyp,S3A,3.6641600000000003,43.43485999999999,3.6635890000000004,43.434109,0.1,5,2025-11-15T08:30:00Z,2025-11-15T08:58:17Z,28,30,14,0.7034,0.542,1.0288,1.7828,3.0895,-0.004003,5.47e-4,0.003173,NA,TRUE,FALSE,0.006996,0.003704,446.9429,-0.045072,0.149278,3.805396,0.111973,0.352202,3.805396,-4.7309,14.6854,360.1236,11.0174,54.6037,360.1236
S3A_20251115T095817_vs_HYPERNETS_20251115T094500_RHOW_R_pixel.csv,THFR_pixel,Hyp,S3A,3.6641600000000003,43.43485999999999,3.6635890000000004,43.434109,0.1,5,2025-11-15T08:45:00Z,2025-11-15T08:58:17Z,13,30,14,0.7391,0.5972,1.0289,1.7735,3.0568,-0.004099,4.59e-4,0.003102,NA,TRUE,FALSE,0.006888,0.003635,354.5854,-0.049788,0.117283,3.469615,0.090592,0.348582,3.469615,-5.2532,11.6007,329.3689,8.9643,53.7004,329.3689
S3A_20251115T095817_vs_HYPERNETS_20251115T100000_RHOW_R_pixel.csv,THFR_pixel,Hyp,S3A,3.6641600000000003,43.43485999999999,3.6635890000000004,43.434109,0.1,5,2025-11-15T09:00:00Z,2025-11-15T08:58:17Z,2,30,14,0.7845,0.6025,1.0472,1.7957,3.0791,-0.004269,3.26e-4,0.003006,NA,TRUE,FALSE,0.006796,0.003589,356.5256,-0.046338,0.061713,2.90864,0.056596,0.349456,2.90864,-4.8593,6.1664,280.4743,5.6559,53.8963,280.4743
S3A_20251115T095817_vs_HYPERNETS_20251115T101500_RHOW_R_pixel.csv,THFR_pixel,Hyp,S3A,3.6641600000000003,43.43485999999999,3.6635890000000004,43.434109,0.1,5,2025-11-15T09:15:00Z,2025-11-15T08:58:17Z,17,30,14,0.7891,0.3915,1.0513,1.8022,3.0894,-0.004116,4.14e-4,0.003056,NA,TRUE,FALSE,0.00682,0.003609,1885.1927,-0.029777,0.155483,4.687121,0.118114,0.389213,4.687121,-3.0805,15.3063,426.7256,11.6319,58.9971,426.7256
S3A_20251118T102044_vs_HYPERNETS_20251118T100000_RHOW_R_pixel.csv,THFR_pixel,Hyp,S3A,3.6641600000000003,43.43485999999999,3.6639060000000003,43.435140000000004,0.04,5,2025-11-18T09:00:00Z,2025-11-18T09:20:44Z,21,30,13,0.7511,0.7329,0.675,1.0625,1.6725,-0.001443,3.19e-4,0.001438,NA,FALSE,FALSE,0.002198,0.001471,113.3326,-0.324751,-0.131521,0.562639,0.294678,0.500036,0.562639,-48.0935,-15.1438,56.2639,41.7792,56.2639,115.8044
S3A_20251118T102044_vs_HYPERNETS_20251118T101500_RHOW_R_pixel.csv,THFR_pixel,Hyp,S3A,3.6641600000000003,43.43485999999999,3.6639060000000003,43.435140000000004,0.04,5,2025-11-18T09:15:00Z,2025-11-18T09:20:44Z,6,30,14,0.7323,0.571,0.6665,1.019,1.558,-0.001089,4.3e-4,0.001423,NA,FALSE,FALSE,0.002126,0.001525,219.4241,-0.374328,-0.135508,1.855067,0.231428,0.472707,1.886985,-59.8655,-15.6886,169.4791,28.1966,83.4226,201.7655
S3A_20251118T102044_vs_HYPERNETS_20251118T103000_RHOW_R_pixel.csv,THFR_pixel,Hyp,S3A,3.6641600000000003,43.43485999999999,3.6639060000000003,43.435140000000004,0.04,5,2025-11-18T09:30:00Z,2025-11-18T09:20:44Z,9,30,14,0.7511,0.4571,0.6809,1.0378,1.5817,-9.39e-4,5.19e-4,0.001476,NA,FALSE,FALSE,0.002127,0.001466,468.2304,-0.293766,-0.091328,2.107693,0.278217,0.488207,2.107693,-41.6215,-10.1193,195.2688,38.5703,76.1211,214.3915
S3A_20251118T102044_vs_HYPERNETS_20251118T104500_RHOW_R_pixel.csv,THFR_pixel,Hyp,S3A,3.6641600000000003,43.43485999999999,3.6639060000000003,43.435140000000004,0.04,5,2025-11-18T09:45:00Z,2025-11-18T09:20:44Z,24,30,14,0.6598,0.5783,0.6078,0.9371,1.4448,-0.00141,2.46e-4,0.00132,NA,FALSE,FALSE,0.002221,0.001797,178.3441,-0.550704,-0.252244,0.970075,0.310563,0.594651,1.060708,-123.0055,-33.7968,92.0658,45.6631,125.5763,175.3255
S3A_20251119T095433_vs_HYPERNETS_20251119T093000_RHOW_R_pixel.csv,THFR_pixel,Hyp,S3A,3.6641600000000003,43.43485999999999,3.6644240000000003,43.435825,0.11,5,2025-11-19T08:30:00Z,2025-11-19T08:54:33Z,25,30,5,21.5339,0.9523,11.4332,38.0864,126.8739,-0.009953,-0.001468,0.001079,NA,TRUE,FALSE,0.002164,0.002076,2183.0576,16.24014,21.129838,24.451953,16.24014,21.129838,24.451953,1624.014,2112.9838,2445.1953,1624.014,2112.9838,2445.1953
S3A_20251119T095433_vs_HYPERNETS_20251119T100000_RHOW_R_pixel.csv,THFR_pixel,Hyp,S3A,3.6641600000000003,43.43485999999999,3.6644240000000003,43.435825,0.11,5,2025-11-19T09:00:00Z,2025-11-19T08:54:33Z,5,30,5,7.3974,0.165,4.2329,14.6491,50.6975,-0.002288,8.83e-4,0.001799,NA,TRUE,FALSE,0.002168,0.002084,3106.7642,17.556083,19.565299,25.295858,17.556083,19.565299,25.295858,1755.6083,1956.5299,2529.5858,1755.6083,1956.5299,2529.5858
S3A_20251119T095433_vs_HYPERNETS_20251119T101500_RHOW_R_pixel.csv,THFR_pixel,Hyp,S3A,3.6641600000000003,43.43485999999999,3.6644240000000003,43.435825,0.11,5,2025-11-19T09:15:00Z,2025-11-19T08:54:33Z,20,30,5,2.4178,0.038,2.38,9.0541,34.443600000000004,-0.004175,5.03e-4,0.001733,NA,TRUE,FALSE,0.002078,0.001987,1374.5999,8.327894,9.173951,10.606906,8.327894,9.173951,10.606906,832.7894,917.3951,1060.6906,832.7894,917.3951,1060.6906
S3A_20251122T101659_vs_HYPERNETS_20251122T100000_RHOW_R_pixel.csv,THFR_pixel,Hyp,S3A,3.6641600000000003,43.43485999999999,3.6639110000000006,43.436233,0.15,5,2025-11-22T09:00:00Z,2025-11-22T09:16:59Z,17,30,13,0.6736,0.7103,0.6816,1.1374,1.898,-0.001687,4.53e-4,0.001736,NA,FALSE,FALSE,0.002673,0.001622,115.8222,-0.183864,-0.071578,0.554972,0.183864,0.404876,0.554972,-22.5285,-7.7096,55.4972,22.5285,51.0051,68.0323
S3A_20251122T101659_vs_HYPERNETS_20251122T101500_RHOW_R_pixel.csv,THFR_pixel,Hyp,S3A,3.6641600000000003,43.43485999999999,3.6639110000000006,43.436233,0.15,5,2025-11-22T09:15:00Z,2025-11-22T09:16:59Z,2,30,14,0.672,0.5447,0.6723,1.0806,1.7368,-0.001354,4.9e-4,0.001638,NA,FALSE,FALSE,0.002536,0.00165,204.5674,-0.2281,-0.062217,1.976449,0.207854,0.338954,1.990244,-29.5833,-6.7806,178.5522,25.3493,37.6918,198.3252
S3A_20251122T101659_vs_HYPERNETS_20251122T103000_RHOW_R_pixel.csv,THFR_pixel,Hyp,S3A,3.6641600000000003,43.43485999999999,3.6639110000000006,43.436233,0.15,5,2025-11-22T09:30:00Z,2025-11-22T09:16:59Z,13,30,14,0.649,0.3817,0.6626,1.073,1.7375,-0.00119,6.14e-4,0.001728,NA,FALSE,FALSE,0.002622,0.001693,691.4282,-0.221131,0.156028,2.272633,0.232225,0.419103,2.272633,-28.4218,12.7073,204.0908,30.247,44.5489,218.7996
S3A_20251122T101659_vs_HYPERNETS_20251122T104500_RHOW_R_pixel.csv,THFR_pixel,Hyp,S3A,3.6641600000000003,43.43485999999999,3.6639110000000006,43.436233,0.15,5,2025-11-22T09:45:00Z,2025-11-22T09:16:59Z,28,30,14,0.6513,0.4702,0.6456,1.0339,1.6558,-0.00136,4.76e-4,0.001622,NA,FALSE,FALSE,0.002519,0.001707,311.3146,-0.263583,-0.127817,1.76253,0.230525,0.315605,1.799021,-35.8148,-14.6911,159.2874,29.9623,40.3353,183.6178
S3A_20251126T101315_vs_HYPERNETS_20251126T094500_RHOW_R_pixel.csv,THFR_pixel,Hyp,S3A,3.6641600000000003,43.43485999999999,3.664502,43.433651,0.14,5,2025-11-26T08:45:00Z,2025-11-26T09:13:15Z,28,30,13,0.7356,0.8809,1.0101,1.7918,3.1786,-0.004661,-4.44e-4,0.001934,NA,TRUE,FALSE,0.005098,0.002756,154.8115,-0.252495,8.19e-4,1.197443,0.190943,0.503019,1.197443,-33.7784,0.0819,119.7443,23.6007,101.2148,198.8048
S3A_20251126T101315_vs_HYPERNETS_20251126T100000_RHOW_R_pixel.csv,THFR_pixel,Hyp,S3A,3.6641600000000003,43.43485999999999,3.664502,43.433651,0.14,5,2025-11-26T09:00:00Z,2025-11-26T09:13:15Z,13,30,14,0.8134,0.6735,0.98740000000000006,1.6687,2.8202,-0.004263,-5.82e-4,0.001597,NA,FALSE,FALSE,0.004661,0.002622,235.2674,-0.394734,-0.149774,0.961959,0.356247,0.600151,0.961959,-65.2171,-18.2051,96.1492,55.424,93.6829,217.9024
S3A_20251126T101315_vs_HYPERNETS_20251126T101500_RHOW_R_pixel.csv,THFR_pixel,Hyp,S3A,3.6641600000000003,43.43485999999999,3.664502,43.433651,0.14,5,2025-11-26T09:15:00Z,2025-11-26T09:13:15Z,2,30,14,0.7504,0.409,1.0431,1.7975,3.0978,-0.003385,3.1e-5,0.002013,NA,TRUE,FALSE,0.005056,0.002721,1571.7704,-0.178364,0.088209,5.48787,0.170851,0.582531,5.48787,-21.7121,8.7289,491.7243,20.6093,126.582,498.9405
S3A_20251126T101315_vs_HYPERNETS_20251126T103000_RHOW_R_pixel.csv,THFR_pixel,Hyp,S3A,3.6641600000000003,43.43485999999999,3.664502,43.433651,0.14,5,2025-11-26T09:30:00Z,2025-11-26T09:13:15Z,17,30,14,0.7616,0.5481,0.99,1.6914,2.8898,-0.003712,-2.01e-4,0.001853,NA,FALSE,FALSE,0.004866,0.002659,452.1699,-0.267972,0.009652,2.165521,0.23299,0.54565,2.165521,-36.6095,0.8878,209.7699,30.4039,107.5342,236.9874
S3A_20251130T100930_vs_HYPERNETS_20251130T094500_RHOW_R_pixel.csv,THFR_pixel,Hyp,S3A,3.6641600000000003,43.43485999999999,3.6628629999999998,43.435993,0.16,5,2025-11-30T08:45:00Z,2025-11-30T09:09:30Z,24,30,6,0.0425,0.1029,0.0504,0.1513,0.4535,5.96e-4,0.00119,0.001388,NA,TRUE,TRUE,0.003042,0.001895,149.8096,0.313594,1.301243,1.782586,0.832841,1.301243,1.782586,27.3114,127.0959,178.1859,109.3079,174.521,310.8362
S3A_20251130T100930_vs_HYPERNETS_20251130T100000_RHOW_R_pixel.csv,THFR_pixel,Hyp,S3A,3.6641600000000003,43.43485999999999,3.6628629999999998,43.435993,0.16,5,2025-11-30T09:00:00Z,2025-11-30T09:09:30Z,10,30,6,0.0428,0.0685,0.0523,0.1572,0.4722,7.46e-4,0.001241,0.001405,NA,TRUE,TRUE,0.002894,0.002074,505.7722,1.992586,4.650859,5.911319,1.992586,4.650859,5.911319,189.1389,452.5432,591.1177,351.2247,463.8233,591.1177
S3A_20251130T100930_vs_HYPERNETS_20251130T103000_RHOW_R_pixel.csv,THFR_pixel,Hyp,S3A,3.6641600000000003,43.43485999999999,3.6628629999999998,43.435993,0.16,5,2025-11-30T09:30:00Z,2025-11-30T09:09:30Z,20,30,6,0.0424,0.0665,0.0502,0.1505,0.4512,8.03e-4,0.001259,0.001411,NA,TRUE,TRUE,0.003018,0.002208,1795.6458,6.696196,8.817769,8.908643,6.696196,8.817769,8.908643,661.2371,881.766,890.861,661.2371,881.766,890.861
S3A_20251203T103156_vs_HYPERNETS_20251203T101500_RHOW_R_pixel.csv,THFR_pixel,Hyp,S3A,3.6641600000000003,43.43485999999999,3.664575,43.43565,0.09,5,2025-12-03T09:15:00Z,2025-12-03T09:31:56Z,17,30,7,0.3837,0.4224,0.9758,2.5869,6.8579,-0.013687,0.002045,0.007979,NA,FALSE,FALSE,0.011175,0.007891,1279.3827000000001,0.851631,5.222292,10.872088,0.851631,5.222292,10.872088,83.9692,522.2292,1025.3671,83.9692,522.2292,1025.3671
S3A_20251203T103156_vs_HYPERNETS_20251203T103000_RHOW_R_pixel.csv,THFR_pixel,Hyp,S3A,3.6641600000000003,43.43485999999999,3.664575,43.43565,0.09,5,2025-12-03T09:30:00Z,2025-12-03T09:31:56Z,2,30,7,0.4185,0.4047,0.9315,2.4628,6.5115,-0.014068,0.001876,0.007906,NA,FALSE,FALSE,0.010975,0.007752,1446.2709,0.746452,4.692286,9.09739,0.746452,4.692286,9.09739,73.5709,469.2286,859.078,73.5709,469.2286,859.078
S3A_20251203T103156_vs_HYPERNETS_20251203T104500_RHOW_R_pixel.csv,THFR_pixel,Hyp,S3A,3.6641600000000003,43.43485999999999,3.664575,43.43565,0.09,5,2025-12-03T09:45:00Z,2025-12-03T09:31:56Z,13,30,6,-0.4416,0.1452,-8.0882,-2.64,-0.8617,0.016777,0.023793,0.045288,NA,TRUE,TRUE,0.012236,0.009432,21078.2859,0.889056,3.467601,13.160371,0.889056,3.467601,13.160371,88.0121,286.0433,1226.4199,88.0121,286.0433,1226.4199
S3A_20251203T103156_vs_HYPERNETS_20251203T110000_RHOW_R_pixel.csv,THFR_pixel,Hyp,S3A,3.6641600000000003,43.43485999999999,3.664575,43.43565,0.09,5,2025-12-03T10:00:00Z,2025-12-03T09:31:56Z,28,30,7,0.3831,0.4164,0.9316,2.4676,6.5363,-0.013946,0.00194,0.007937,NA,FALSE,FALSE,0.01103,0.007795,1239.7535,0.761598,4.594639,8.866709,0.761598,4.594639,8.866709,75.0218,459.4639,802.4754,75.0218,459.4639,802.4754
S3A_20251208T100159_vs_HYPERNETS_20251208T094500_RHOW_R_pixel.csv,THFR_pixel,Hyp,S3A,3.6641600000000003,43.43485999999999,3.664047,43.436202,0.15,5,2025-12-08T08:45:00Z,2025-12-08T09:01:59Z,17,30,14,0.3384,0.0173,0.4314,0.7349,1.2521,1.94e-4,0.001376,0.00207,NA,FALSE,TRUE,0.002507,0.002025,10205.7288,-0.320104,0.139975,11.066444,0.332182,0.536372,11.066444,-47.104,5.7853,1008.7327,49.7548,76.0895,1008.7327
S3A_20251208T100159_vs_HYPERNETS_20251208T100000_RHOW_R_pixel.csv,THFR_pixel,Hyp,S3A,3.6641600000000003,43.43485999999999,3.664047,43.436202,0.15,5,2025-12-08T09:00:00Z,2025-12-08T09:01:59Z,2,30,13,0.3985,0.1424,0.4402,0.7531,1.2883,-3.19e-4,0.001064,0.001873,NA,FALSE,FALSE,0.002313,0.001872,718.5612,-0.355106,-0.294606,2.802325,0.355106,0.472511,2.802325,-55.0642,-41.7648,280.2325,49.483,60.1583,280.2325
S3A_20251208T100159_vs_HYPERNETS_20251208T101500_RHOW_R_pixel.csv,THFR_pixel,Hyp,S3A,3.6641600000000003,43.43485999999999,3.664047,43.436202,0.15,5,2025-12-08T09:15:00Z,2025-12-08T09:01:59Z,13,30,13,0.4111,0.182,0.4367,0.7396,1.2526,-3.93e-4,0.001001,0.001824,NA,FALSE,FALSE,0.002265,0.001862,477.5237,-0.375072,-0.310678,2.141846,0.353114,0.487128,2.141846,-60.0185,-45.07,214.1846,52.1519,63.7984,214.1846
S3A_20251208T100159_vs_HYPERNETS_20251208T103000_RHOW_R_pixel.csv,THFR_pixel,Hyp,S3A,3.6641600000000003,43.43485999999999,3.664047,43.436202,0.15,5,2025-12-08T09:30:00Z,2025-12-08T09:01:59Z,28,30,13,0.4172,0.1896,0.4316,0.7254,1.2192,-4.15e-4,9.72e-4,0.001798,NA,FALSE,FALSE,0.002246,0.001859,473.7951,-0.389108,-0.322973,1.750172,0.361259,0.489221,1.750172,-63.695,-47.7047,175.0172,51.1258,68.1967,175.0172
S3A_20251230T103156_vs_HYPERNETS_20251230T101500_RHOW_R_pixel.csv,THFR_pixel,Hyp,S3A,3.6641600000000003,43.43485999999999,3.6636800000000003,43.435625,0.09,5,2025-12-30T09:15:00Z,2025-12-30T09:31:56Z,17,30,14,0.6045,0.3462,0.9451,1.6481,2.8738,-0.003389,7.44e-4,0.003114,NA,FALSE,FALSE,0.005793,0.003344,744.3626,-0.050326,0.170932,2.666448,0.167355,0.278511,2.666448,-5.341,17.091,265.9019,16.7339,32.7838,265.9019
S3A_20251230T103156_vs_HYPERNETS_20251230T103000_RHOW_R_pixel.csv,THFR_pixel,Hyp,S3A,3.6641600000000003,43.43485999999999,3.6636800000000003,43.435625,0.09,5,2025-12-30T09:30:00Z,2025-12-30T09:31:56Z,2,30,13,0.6667,0.6856,0.9461,1.6844,2.9991,-0.004638,2.73e-4,0.003032,NA,FALSE,FALSE,0.005733,0.003253,186.5638,-0.069348,0.153316,1.977443,0.153316,0.303102,1.977443,-7.4516,15.3316,197.7443,15.3316,30.4816,197.7443
S3A_20251230T103156_vs_HYPERNETS_20251230T104500_RHOW_R_pixel.csv,THFR_pixel,Hyp,S3A,3.6641600000000003,43.43485999999999,3.6636800000000003,43.435625,0.09,5,2025-12-30T09:45:00Z,2025-12-30T09:31:56Z,13,30,14,0.7318,0.3811,0.9156,1.5554,2.6421,-0.003867,3.15e-4,0.002777,NA,FALSE,FALSE,0.005281,0.003086,770.8494,-0.112714,0.027297,1.902082,0.090518,0.263119,1.902082,-12.7362,2.5998,189.5479,9.6455,35.7226,189.5479
S3A_20251230T103156_vs_HYPERNETS_20251230T110000_RHOW_R_pixel.csv,THFR_pixel,Hyp,S3A,3.6641600000000003,43.43485999999999,3.6636800000000003,43.435625,0.09,5,2025-12-30T10:00:00Z,2025-12-30T09:31:56Z,28,30,14,0.7427,0.3697,0.9338,1.5875,2.6988,-0.003823,3.46e-4,0.002798,NA,FALSE,FALSE,0.005325,0.003097,889.6138,-0.091456,0.076632,2.103912,0.103691,0.245702,2.103912,-10.1083,7.6312,209.2146,10.6819,32.3681,209.2146
S3A_20251231T100545_vs_HYPERNETS_20251231T094500_RHOW_R_pixel.csv,THFR_pixel,Hyp,S3A,3.6641600000000003,43.43485999999999,3.664449,43.435520000000004,0.08,5,2025-12-31T08:45:00Z,2025-12-31T09:05:45Z,21,30,12,0.5635,0.3906,0.6575,1.1803,2.119,-0.002017,7.03e-4,0.002218,NA,FALSE,FALSE,0.003287,0.001743,337.3628,-0.112632,0.011908,2.279631,0.093488,0.230438,2.279631,-12.7661,1.0523,224.7031,10.3131,29.9661,224.7031
S3A_20251231T100545_vs_HYPERNETS_20251231T100000_RHOW_R_pixel.csv,THFR_pixel,Hyp,S3A,3.6641600000000003,43.43485999999999,3.664449,43.435520000000004,0.08,5,2025-12-31T09:00:00Z,2025-12-31T09:05:45Z,6,30,14,0.4185,0.2746,0.7209,1.2663,2.2244,-0.001699,9.72e-4,0.002492,NA,FALSE,FALSE,0.004061,0.002392,569.1422,-0.183145,0.244584,3.938207,0.190293,0.402022,3.938207,-22.425,21.7794,365.1578,23.5045,46.7292,365.1578
S3A_20251231T100545_vs_HYPERNETS_20251231T101500_RHOW_R_pixel.csv,THFR_pixel,Hyp,S3A,3.6641600000000003,43.43485999999999,3.664449,43.435520000000004,0.08,5,2025-12-31T09:15:00Z,2025-12-31T09:05:45Z,9,30,14,0.4613,0.2662,0.7144,1.2448,2.1688,-0.001774,9e-4,0.002434,NA,FALSE,FALSE,0.003938,0.00238,935.84,-0.193944,0.234446,4.483318,0.199552,0.410758,4.483318,-24.0616,20.1937,407.6985,24.9348,47.7538,407.6985
S3A_20251231T100545_vs_HYPERNETS_20251231T103000_RHOW_R_pixel.csv,THFR_pixel,Hyp,S3A,3.6641600000000003,43.43485999999999,3.664449,43.435520000000004,0.08,5,2025-12-31T09:30:00Z,2025-12-31T09:05:45Z,24,30,14,0.4841,0.334,0.7214,1.2525,2.1745,-0.001962,7.79e-4,0.002357,NA,FALSE,FALSE,0.003859,0.002355,452.1362,-0.212221,0.184603,3.578654,0.214468,0.373814,3.578654,-26.94,16.0804,328.3025,27.3023,45.2757,328.3025
S3B_20250117T094918_vs_HYPERNETS_20250117T093000_RHOW_R_pixel.csv,THFR_pixel,Hyp,S3B,3.6641600000000003,43.43485999999999,3.6633030000000004,43.434962999999996,0.07,5,2025-01-17T08:30:00Z,2025-01-17T08:49:18Z,19,30,7,0.5673,0.3492,0.3745,0.7513,1.5073,5.98e-4,0.0021,0.002848,NA,FALSE,TRUE,0.002052,0.001838,228.6295,0.400711,2.089108,3.614065,0.400711,2.089108,3.614065,39.9978,208.9108,360.8824,39.9978,208.9108,360.8824
S3B_20250117T094918_vs_HYPERNETS_20250117T094500_RHOW_R_pixel.csv,THFR_pixel,Hyp,S3B,3.6641600000000003,43.43485999999999,3.6637170000000006,43.435214,0.05,5,2025-01-17T08:45:00Z,2025-01-17T08:49:18Z,4,30,1,NA,NA,NA,NA,NA,NA,NA,NA,NA,NA,NA,NA,NA,NA,NA,NA,NA,NA,NA,NA,NA,NA,NA,NA,NA,NA
S3B_20250117T094918_vs_HYPERNETS_20250117T100000_RHOW_R_pixel.csv,THFR_pixel,Hyp,S3B,3.6641600000000003,43.43485999999999,3.6630270000000005,43.434818,0.09,5,2025-01-17T09:00:00Z,2025-01-17T08:49:18Z,11,30,4,0.5143,0.1093,0.161,0.6863,2.9266,-0.00361,0.002279,0.003659,NA,FALSE,FALSE,0.002203,0.001454,3629.8236,0.056267,1.832676,38.074646,0.056267,1.832676,38.074646,5.6265,120.7451,986.5705,5.6265,120.7451,986.5705
S3B_20250117T094918_vs_HYPERNETS_20250117T101500_RHOW_R_pixel.csv,THFR_pixel,Hyp,S3B,3.6641600000000003,43.43485999999999,3.663209,43.434937,0.08,5,2025-01-17T09:15:00Z,2025-01-17T08:49:18Z,26,30,5,0.5333,0.0695,0.2565,0.6742,1.7726,-1.47e-4,0.002238,0.003145,NA,FALSE,FALSE,0.002198,0.00153,23788.7151,0.03804,2.947906,420.7344,0.03804,2.947906,420.7344,3.804,294.7906,42073.44,3.804,294.7906,42073.44
S3B_20250204T102256_vs_HYPERNETS_20250204T100000_RHOW_R_pixel.csv,THFR_pixel,Hyp,S3B,3.6641600000000003,43.43485999999999,3.6640610000000002,43.433921,0.1,5,2025-02-04T09:00:00Z,2025-02-04T09:22:56Z,23,30,11,0.9268,0.8003,1.3502,2.603,5.0185,-0.004966,5.44e-4,0.003402,NA,TRUE,FALSE,0.006355,0.0042,297.9163,0.502881,0.777346,2.52378,0.502881,0.777346,2.52378,49.5998,77.7346,252.347,49.5998,77.7346,252.347
S3B_20250204T102256_vs_HYPERNETS_20250204T103000_RHOW_R_pixel.csv,THFR_pixel,Hyp,S3B,3.6641600000000003,43.43485999999999,3.6640610000000002,43.433921,0.1,5,2025-02-04T09:30:00Z,2025-02-04T09:22:56Z,7,30,14,1.4012,0.6971,1.5168,2.5005,4.1221,-0.00312,1.79e-4,0.002181,NA,TRUE,FALSE,0.005375,0.003235,354.7236,0.391146,0.763444,5.238567,0.391146,0.763444,5.238567,39.0074,76.0807,487.5984,39.0074,76.0807,487.5984
S3B_20250204T102256_vs_HYPERNETS_20250204T104500_RHOW_R_pixel.csv,THFR_pixel,Hyp,S3B,3.6641600000000003,43.43485999999999,3.6640610000000002,43.433921,0.1,5,2025-02-04T09:45:00Z,2025-02-04T09:22:56Z,22,30,14,1.3524,0.62,1.5122,2.5131,4.1767,-0.002769,4.32e-4,0.002358,NA,TRUE,FALSE,0.005485,0.003343,562.3844,0.456185,0.857829,6.025072,0.456185,0.857829,6.025072,45.4258,85.3146,557.0839,45.4258,85.3146,557.0839
S3B_20250205T095645_vs_HYPERNETS_20250205T093000_RHOW_R_pixel.csv,THFR_pixel,Hyp,S3B,3.6641600000000003,43.43485999999999,3.6618579999999996,43.435427,0.2,5,2025-02-05T08:30:00Z,2025-02-05T08:56:45Z,27,30,11,0.6632,0.5679,1.2464,2.4448,4.7951,-0.00434,7.94e-4,0.003412,NA,TRUE,FALSE,0.006148,0.003992,425.0016,0.346642,0.622351,3.335271,0.346642,0.622351,3.335271,34.6255,62.2351,330.545,34.6255,62.2351,330.545
S3B_20250205T095645_vs_HYPERNETS_20250205T094500_RHOW_R_pixel.csv,THFR_pixel,Hyp,S3B,3.6641600000000003,43.43485999999999,3.6618579999999996,43.435427,0.2,5,2025-02-05T08:45:00Z,2025-02-05T08:56:45Z,12,30,14,0.9872,0.4741,1.3614,2.344,4.0357,-0.002466,7.51e-4,0.002619,NA,TRUE,FALSE,0.005384,0.003381,711.9826,0.340716,0.851038,7.357142,0.344125,0.851038,7.357142,33.6669,84.6227,664.2617,42.7055,84.6227,664.2617
S3B_20250205T095645_vs_HYPERNETS_20250205T100000_RHOW_R_pixel.csv,THFR_pixel,Hyp,S3B,3.6641600000000003,43.43485999999999,3.6618579999999996,43.435427,0.2,5,2025-02-05T09:00:00Z,2025-02-05T08:56:45Z,3,30,14,1.0693,0.434,1.3844,2.3639,4.0364,-0.002492,6.98e-4,0.002567,NA,TRUE,FALSE,0.005326,0.003364,993.2602,0.35566,1.035374,6.606526,0.35566,1.035374,6.606526,35.1532,101.3997,606.0637,39.4574,101.3997,606.0637
S3B_20250205T095645_vs_HYPERNETS_20250205T101500_RHOW_R_pixel.csv,THFR_pixel,Hyp,S3B,3.6641600000000003,43.43485999999999,3.6618579999999996,43.435427,0.2,5,2025-02-05T09:15:00Z,2025-02-05T08:56:45Z,18,30,14,1.1401,0.3823,1.378,2.3271,3.93,-0.002544,6.17e-4,0.002489,NA,TRUE,FALSE,0.005218,0.003296,1738.4506,0.337821,1.068598,5.613369,0.337821,1.068598,5.613369,33.4006,103.754,527.3957,37.3815,103.754,527.3957
S3B_20250213T094920_vs_HYPERNETS_20250213T100000_RHOW_R_pixel.csv,THFR_pixel,Hyp,S3B,3.6641600000000003,43.43485999999999,3.6617230000000003,43.434568999999996,0.2,5,2025-02-13T09:00:00Z,2025-02-13T08:49:20Z,11,30,4,-11.8368,-1.2521,-61.3255,-15.1544,-3.7449,0.003581,0.007659,0.024158,NA,TRUE,TRUE,0.003077,0.001886,1219.2172,0.692101,1.284721,12.784792,0.692101,1.284721,12.784792,69.1944,121.0036,475.0616,69.1944,121.0036,475.0616
S3B_20250213T094920_vs_HYPERNETS_20250213T101500_RHOW_R_pixel.csv,THFR_pixel,Hyp,S3B,3.6641600000000003,43.43485999999999,3.6617230000000003,43.434568999999996,0.2,5,2025-02-13T09:15:00Z,2025-02-13T08:49:20Z,26,30,4,-15.0475,-1.8395,-74.5167,-18.9129,-4.8002,0.004118,0.009631,0.031351,NA,TRUE,TRUE,0.003038,0.001852,789.6556,0.598467,1.278739,8.576827,0.598467,1.278739,8.576827,59.5084,119.2274,418.4403,59.5084,119.2274,418.4403
S3B_20250216T101147_vs_HYPERNETS_20250216T094500_RHOW_R_pixel.csv,THFR_pixel,Hyp,S3B,3.6641600000000003,43.43485999999999,3.664455,43.433859,0.11,5,2025-02-16T08:45:00Z,2025-02-16T09:11:47Z,27,30,5,0.0174,0.0819,0.033,0.1287,0.5017,5.68e-4,0.001538,0.001787,NA,TRUE,TRUE,0.004169,0.00283,209.5652,1.691096,2.504026,2.512985,1.691096,2.504026,2.512985,169.1096,250.4026,251.2985,250.4026,251.2985,295.3005
S3B_20250216T101147_vs_HYPERNETS_20250216T100000_RHOW_R_pixel.csv,THFR_pixel,Hyp,S3B,3.6641600000000003,43.43485999999999,3.664455,43.433859,0.11,5,2025-02-16T09:00:00Z,2025-02-16T09:11:47Z,12,30,5,0.017,0.0778,0.0331,0.129,0.5028,6.43e-4,0.001557,0.001792,NA,TRUE,TRUE,0.004138,0.002916,321.6641,3.079188,3.679019,4.186844,3.079188,3.679019,4.186844,307.9188,367.9019,418.6844,367.9019,418.6844,432.3897
S3B_20250216T101147_vs_HYPERNETS_20250216T101500_RHOW_R_pixel.csv,THFR_pixel,Hyp,S3B,3.6641600000000003,43.43485999999999,3.664455,43.433859,0.11,5,2025-02-16T09:15:00Z,2025-02-16T09:11:47Z,3,30,5,0.0167,0.0733,0.0333,0.1298,0.5063,6.67e-4,0.001563,0.001793,NA,TRUE,TRUE,0.004105,0.002933,378.5744,3.743723,4.662666,4.758484,3.743723,4.662666,4.758484,374.3723,466.2666,475.8484,432.5147,466.2666,475.8484
S3B_20250601T094927_vs_HYPERNETS_20250601T093000_RHOW_R_pixel.csv,THFR_pixel,Hyp,S3B,3.6641600000000003,43.43485999999999,3.6641170000000005,43.435685,0.09,5,2025-06-01T07:30:00Z,2025-06-01T07:49:27Z,19,30,7,0.0467,0.043,0.0893,0.2352,0.6193,0.001242,0.002255,0.00264,NA,TRUE,TRUE,0.00383,0.003484,1124.3348,5.17719,13.600103,13.936194,5.827577,13.600103,13.936194,132.8693,1360.0103,1393.609,599.0708,1360.0103,1393.609
S3B_20250601T094927_vs_HYPERNETS_20250601T094500_RHOW_R_pixel.csv,THFR_pixel,Hyp,S3B,3.6641600000000003,43.43485999999999,3.6641170000000005,43.435685,0.09,5,2025-06-01T07:45:00Z,2025-06-01T07:49:27Z,4,30,7,0.0483,0.0443,0.0929,0.2448,0.6446,0.001246,0.002257,0.002641,NA,TRUE,TRUE,0.003692,0.003395,1330.4908,6.633817,13.933859,14.387402,7.269387,13.933859,14.387402,165.3858,1393.3859,1438.4599,665.0565,1393.3859,1438.4599
S3B_20250601T094927_vs_HYPERNETS_20250601T100000_RHOW_R_pixel.csv,THFR_pixel,Hyp,S3B,3.6641600000000003,43.43485999999999,3.6641170000000005,43.435685,0.09,5,2025-06-01T08:00:00Z,2025-06-01T07:49:27Z,11,30,7,0.0476,0.0463,0.0915,0.2411,0.6349,0.001211,0.002244,0.002636,NA,TRUE,TRUE,0.00374,0.003407,1011.9365,4.063171,9.582594,10.94087,4.706176,9.582594,10.94087,112.5394,958.2594,1093.8407,526.2238,958.2594,1093.8407
S3B_20250601T094927_vs_HYPERNETS_20250601T101500_RHOW_R_pixel.csv,THFR_pixel,Hyp,S3B,3.6641600000000003,43.43485999999999,3.6641170000000005,43.435685,0.09,5,2025-06-01T08:15:00Z,2025-06-01T07:49:27Z,26,30,6,0.0503,0.0488,0.0865,0.2641,0.8064,5.96e-4,0.002141,0.002646,NA,TRUE,TRUE,0.003686,0.003396,847.8457,1.883797,10.942769,13.446704,2.816636,10.942769,13.446704,4.9116,1079.2374,1344.2261,385.8389,1079.2374,1344.2261
S3B_20250604T101153_vs_HYPERNETS_20250604T101500_RHOW_R_pixel.csv,THFR_pixel,Hyp,S3B,3.6641600000000003,43.43485999999999,3.6644419999999998,43.433722,0.13,5,2025-06-04T08:15:00Z,2025-06-04T08:11:53Z,3,30,11,2.0464,1.041,1.6472,2.5393,3.9146,-0.008822,-0.00259,0.001452,NA,TRUE,FALSE,0.008511,0.005155,127.171,-0.165859,0.329923,1.051205,0.441821,0.661911,1.051205,-35.4128,32.9923,103.5435,44.3964,124.0735,209.3469
S3B_20250604T101153_vs_HYPERNETS_20250604T103000_RHOW_R_pixel.csv,THFR_pixel,Hyp,S3B,3.6641600000000003,43.43485999999999,3.6644419999999998,43.433722,0.13,5,2025-06-04T08:30:00Z,2025-06-04T08:11:53Z,18,30,11,2.0697,1.1782,1.6683,2.5823,3.9971,-0.01006,-0.003344,9.95e-4,NA,TRUE,FALSE,0.008455,0.005132,106.7377,-0.351529,0.314877,1.031079,0.374839,0.702971,1.031079,-68.3444,31.4877,101.547,37.3531,128.24,250.8401
S3B_20250608T100809_vs_HYPERNETS_20250608T094500_RHOW_R_pixel.csv,THFR_pixel,Hyp,S3B,3.6641600000000003,43.43485999999999,3.6660679999999997,43.433611,0.21,5,2025-06-08T07:45:00Z,2025-06-08T08:08:09Z,23,30,4,4.0889,2.3447,1.29,5.276,21.5782,-0.013402,-0.002378,3.17e-4,NA,TRUE,FALSE,9.54e-4,5.53e-4,67.0384,0.043264,0.163123,0.712418,0.144129,0.186163,0.712418,3.6326,16.1889,54.9375,16.5189,20.04,54.9375
S3B_20250608T100809_vs_HYPERNETS_20250608T100000_RHOW_R_pixel.csv,THFR_pixel,Hyp,S3B,3.6641600000000003,43.43485999999999,3.6660679999999997,43.433611,0.21,5,2025-06-08T08:00:00Z,2025-06-08T08:08:09Z,8,30,4,2.9979,2.1893,0.9571,3.7622,14.7886,-0.011714,-0.002093,3.55e-4,NA,FALSE,FALSE,8.15e-4,4.9e-4,47.8377,-0.17103,-0.092327,0.305326,0.107041,0.220305,0.59164,-21.3328,-10.2298,18.6709,12.0319,29.2921,66.1782
S3B_20250616T100043_vs_HYPERNETS_20250616T094500_RHOW_R_pixel.csv,THFR_pixel,Hyp,S3B,3.6641600000000003,43.43485999999999,3.664455,43.434622,0.04,5,2025-06-16T07:45:00Z,2025-06-16T08:00:43Z,16,30,15,0.9038,0.4622,0.8112,1.1835,1.7268,-0.002764,-2.76e-4,0.001429,NA,FALSE,FALSE,0.003244,0.002389,456.3797,-0.456182,-0.0838,1.103295,0.330514,0.720464,1.103295,-86.7195,-9.1465,108.3338,42.6796,122.5082,274.9951
S3B_20250616T100043_vs_HYPERNETS_20250616T100000_RHOW_R_pixel.csv,THFR_pixel,Hyp,S3B,3.6641600000000003,43.43485999999999,3.664455,43.434622,0.04,5,2025-06-16T08:00:00Z,2025-06-16T08:00:43Z,1,30,15,0.8972,0.5748,0.8097,1.188,1.7428,-0.002967,-3.85e-4,0.001375,NA,FALSE,FALSE,0.003283,0.002432,202.7687,-0.484889,-0.085206,0.961909,0.342573,0.58411,1.088805,-97.8378,-9.3142,91.0899,34.1881,140.4481,257.3118
S3B_20250616T100043_vs_HYPERNETS_20250616T101500_RHOW_R_pixel.csv,THFR_pixel,Hyp,S3B,3.6641600000000003,43.43485999999999,3.664455,43.434622,0.04,5,2025-06-16T08:15:00Z,2025-06-16T08:00:43Z,14,30,15,0.9119,0.5667,0.8173,1.1909,1.7353,-0.003113,-5.23e-4,0.001254,NA,FALSE,FALSE,0.003202,0.002407,209.6091,-0.508173,-0.08547,0.841258,0.239386,0.608886,1.034103,-107.7253,-9.3458,78.6163,25.4103,128.831,245.2224
S3B_20250616T100043_vs_HYPERNETS_20250616T103000_RHOW_R_pixel.csv,THFR_pixel,Hyp,S3B,3.6641600000000003,43.43485999999999,3.664455,43.434622,0.04,5,2025-06-16T08:30:00Z,2025-06-16T08:00:43Z,29,30,15,0.8927,0.5489,0.8002,1.1662,1.6996,-0.003319,-6.63e-4,0.001159,NA,FALSE,FALSE,0.003196,0.002504,207.9641,-0.549671,-0.106357,0.771742,0.241624,0.647897,0.978779,-127.5384,-11.9015,72.9275,27.1223,115.7327,258.8354
S3B_20250619T102310_vs_HYPERNETS_20250619T100000_RHOW_R_pixel.csv,THFR_pixel,Hyp,S3B,3.6641600000000003,43.43485999999999,3.661372,43.435107,0.23,5,2025-06-19T08:00:00Z,2025-06-19T08:23:10Z,23,30,3,0.3332,0.4482,0.124,0.3346,0.9026,-0.001425,8.51e-4,0.001695,NA,TRUE,FALSE,0.003919,0.002668,160.1302,0.531588,1.654987,2.106046,1.1234,1.654987,2.106046,4.1026,165.4987,207.3121,155.0358,165.4987,207.3121
S3B_20250619T102310_vs_HYPERNETS_20250619T101500_RHOW_R_pixel.csv,THFR_pixel,Hyp,S3B,3.6641600000000003,43.43485999999999,3.661372,43.435107,0.23,5,2025-06-19T08:15:00Z,2025-06-19T08:23:10Z,8,30,3,0.3308,0.4941,0.1225,0.3322,0.9011,-0.001549,8.13e-4,0.001684,NA,TRUE,FALSE,0.00402,0.002655,98.6538,0.261042,1.120836,1.180432,0.859794,1.120836,1.180432,-8.4026,112.0836,117.9617,117.9617,124.0028,136.2761
S3B_20250619T102310_vs_HYPERNETS_20250619T103000_RHOW_R_pixel.csv,THFR_pixel,Hyp,S3B,3.6641600000000003,43.43485999999999,3.661372,43.435107,0.23,5,2025-06-19T08:30:00Z,2025-06-19T08:23:10Z,7,30,3,0.3176,0.5046,0.1196,0.3189,0.8502,-0.001516,8.01e-4,0.001671,NA,TRUE,FALSE,0.004314,0.002791,83.6959,0.130403,0.876799,0.947442,0.746396,0.876799,0.947442,-17.7936,87.6799,94.6161,94.6161,101.8085,129.2453
S3B_20250619T102310_vs_HYPERNETS_20250619T104500_RHOW_R_pixel.csv,THFR_pixel,Hyp,S3B,3.6641600000000003,43.43485999999999,3.661372,43.435107,0.23,5,2025-06-19T08:45:00Z,2025-06-19T08:23:10Z,22,30,3,0.3216,0.4449,0.1239,0.3229,0.8417,-0.001311,8.48e-4,0.001677,NA,TRUE,FALSE,0.004157,0.002794,157.5182,0.385734,1.377833,2.059591,0.992099,1.377833,2.059591,-3.3623,137.7833,198.2668,145.7782,154.042,208.2953
S3B_20250620T095659_vs_HYPERNETS_20250620T093000_RHOW_R_pixel.csv,THFR_pixel,Hyp,S3B,3.6641600000000003,43.43485999999999,3.6635630000000003,43.435124,0.06,5,2025-06-20T07:30:00Z,2025-06-20T07:56:59Z,27,30,9,0.1377,0.0866,0.1677,0.3555,0.7536,7.71e-4,0.00226,0.002963,NA,TRUE,TRUE,0.00382,0.003625,1242.3858,-0.550183,10.871068,13.355527,0.564389,10.871068,13.355527,-122.3124,1087.1068,1335.5527,129.5628,1087.1068,1335.5527
S3B_20250620T095659_vs_HYPERNETS_20250620T094500_RHOW_R_pixel.csv,THFR_pixel,Hyp,S3B,3.6641600000000003,43.43485999999999,3.6635630000000003,43.435124,0.06,5,2025-06-20T07:45:00Z,2025-06-20T07:56:59Z,12,30,9,0.1365,0.0916,0.1676,0.3556,0.7546,7.35e-4,0.002245,0.002956,NA,TRUE,TRUE,0.003826,0.003631,912.7258,-0.552308,10.407076,11.258301,0.57634,10.407076,11.258301,-123.368,1040.7076,1125.8301,136.0383,1040.7076,1125.8301
S3B_20250620T095659_vs_HYPERNETS_20250620T100000_RHOW_R_pixel.csv,THFR_pixel,Hyp,S3B,3.6641600000000003,43.43485999999999,3.6635630000000003,43.435124,0.06,5,2025-06-20T08:00:00Z,2025-06-20T07:56:59Z,3,30,9,0.1341,0.0914,0.1674,0.3559,0.7568,7.13e-4,0.002237,0.002954,NA,TRUE,TRUE,0.003835,0.003641,934.7871,-0.552802,9.39916,11.367811,0.586744,9.39916,11.367811,-123.6148,939.916,1136.7811,141.9809,939.916,1136.7811
S3B_20250620T095659_vs_HYPERNETS_20250620T101500_RHOW_R_pixel.csv,THFR_pixel,Hyp,S3B,3.6641600000000003,43.43485999999999,3.6635630000000003,43.435124,0.06,5,2025-06-20T08:15:00Z,2025-06-20T07:56:59Z,18,30,9,0.1326,0.0917,0.1682,0.3582,0.7629,6.85e-4,0.002226,0.00295,NA,TRUE,TRUE,0.003822,0.003633,1264.7379,-0.550898,9.016697,10.441413,0.597645,9.016697,10.441413,-122.6664,901.6697,1044.1413,148.5369,901.6697,1044.1413
S3B_20250623T101926_vs_HYPERNETS_20250623T100000_RHOW_R_pixel.csv,THFR_pixel,Hyp,S3B,3.6641600000000003,43.43485999999999,3.6635980000000004,43.434053,0.1,5,2025-06-23T08:00:00Z,2025-06-23T08:19:26Z,19,30,1,NA,NA,NA,NA,NA,NA,NA,NA,NA,NA,NA,NA,NA,NA,NA,NA,NA,NA,NA,NA,NA,NA,NA,NA,NA,NA
S3B_20250623T101926_vs_HYPERNETS_20250623T101500_RHOW_R_pixel.csv,THFR_pixel,Hyp,S3B,3.6641600000000003,43.43485999999999,3.6635980000000004,43.434053,0.1,5,2025-06-23T08:15:00Z,2025-06-23T08:19:26Z,4,30,1,NA,NA,NA,NA,NA,NA,NA,NA,NA,NA,NA,NA,NA,NA,NA,NA,NA,NA,NA,NA,NA,NA,NA,NA,NA,NA
S3B_20250623T101926_vs_HYPERNETS_20250623T103000_RHOW_R_pixel.csv,THFR_pixel,Hyp,S3B,3.6641600000000003,43.43485999999999,3.6635980000000004,43.434053,0.1,5,2025-06-23T08:30:00Z,2025-06-23T08:19:26Z,11,30,1,NA,NA,NA,NA,NA,NA,NA,NA,NA,NA,NA,NA,NA,NA,NA,NA,NA,NA,NA,NA,NA,NA,NA,NA,NA,NA
S3B_20250623T101926_vs_HYPERNETS_20250623T104500_RHOW_R_pixel.csv,THFR_pixel,Hyp,S3B,3.6641600000000003,43.43485999999999,3.6635980000000004,43.434053,0.1,5,2025-06-23T08:45:00Z,2025-06-23T08:19:26Z,26,30,1,NA,NA,NA,NA,NA,NA,NA,NA,NA,NA,NA,NA,NA,NA,NA,NA,NA,NA,NA,NA,NA,NA,NA,NA,NA,NA
S3B_20250624T095315_vs_HYPERNETS_20250624T093000_RHOW_R_pixel.csv,THFR_pixel,Hyp,S3B,3.6641600000000003,43.43485999999999,3.666559,43.435762000000004,0.22,5,2025-06-24T07:30:00Z,2025-06-24T07:53:15Z,23,30,6,0.483,0.3294,0.3139,0.5231,0.8716,0.001038,0.001756,0.002187,NA,TRUE,TRUE,0.002268,0.001995,615.1092,1.881902,3.673385,4.114027,1.881902,3.673385,4.114027,178.8638,365.5805,411.3986,178.8638,365.5805,411.3986
S3B_20250624T095315_vs_HYPERNETS_20250624T094500_RHOW_R_pixel.csv,THFR_pixel,Hyp,S3B,3.6641600000000003,43.43485999999999,3.666559,43.435762000000004,0.22,5,2025-06-24T07:45:00Z,2025-06-24T07:53:15Z,8,30,6,0.4905,0.3108,0.319,0.531,0.8839,0.001062,0.001769,0.002194,NA,TRUE,TRUE,0.002236,0.001988,759.8831,2.27209,3.989231,4.429249,2.27209,3.989231,4.429249,218.3689,398.0879,442.8536,218.3689,398.0879,442.8536
S3B_20250624T095315_vs_HYPERNETS_20250624T100000_RHOW_R_pixel.csv,THFR_pixel,Hyp,S3B,3.6641600000000003,43.43485999999999,3.666559,43.435762000000004,0.22,5,2025-06-24T08:00:00Z,2025-06-24T07:53:15Z,7,30,6,0.483,0.3066,0.3132,0.5239,0.8761,0.001023,0.001751,0.002186,NA,TRUE,TRUE,0.002265,0.001986,675.4632,1.68218,3.415753,4.094924,1.68218,3.415753,4.094924,158.8797,339.8386,409.2141,158.8797,339.8386,409.2141
S3B_20250624T095315_vs_HYPERNETS_20250624T101500_RHOW_R_pixel.csv,THFR_pixel,Hyp,S3B,3.6641600000000003,43.43485999999999,3.666559,43.435762000000004,0.22,5,2025-06-24T08:15:00Z,2025-06-24T07:53:15Z,22,30,6,0.4858,0.2222,0.3157,0.5261,0.8768,0.001133,0.001813,0.002221,NA,TRUE,TRUE,0.002293,0.002059,2039.9483,3.427803,5.527822,6.003361,3.427803,5.527822,6.003361,328.8992,552.7819,599.7949,328.8992,552.7819,599.7949
S3B_20250627T101542_vs_HYPERNETS_20250627T100000_RHOW_R_pixel.csv,THFR_pixel,Hyp,S3B,3.6641600000000003,43.43485999999999,3.664275,43.435965,0.12,5,2025-06-27T08:00:00Z,2025-06-27T08:15:42Z,16,30,13,0.4501,0.2914,0.3781,0.5455,0.7871,-0.001423,-3.21e-4,4.42e-4,NA,TRUE,FALSE,0.00374,0.002822,1047.3931,-0.616787,-0.531103,-0.248507,0.273862,0.557143,0.646519,-160.9517,-113.2662,-33.0685,37.7148,125.8066,182.9005
S3B_20250627T101542_vs_HYPERNETS_20250627T101500_RHOW_R_pixel.csv,THFR_pixel,Hyp,S3B,3.6641600000000003,43.43485999999999,3.664275,43.435965,0.12,5,2025-06-27T08:15:00Z,2025-06-27T08:15:42Z,1,30,13,0.4533,0.4173,0.3804,0.5473,0.7874,-0.001381,-2.99e-4,4.53e-4,NA,TRUE,FALSE,0.003684,0.002757,297.8786,-0.603328,-0.521264,-0.26612,0.329983,0.541807,0.631666,-152.0972,-108.8833,-36.262,49.2499,118.2487,171.4925
S3B_20250627T101542_vs_HYPERNETS_20250627T103000_RHOW_R_pixel.csv,THFR_pixel,Hyp,S3B,3.6641600000000003,43.43485999999999,3.664275,43.435965,0.12,5,2025-06-27T08:30:00Z,2025-06-27T08:15:42Z,14,30,13,0.4595,0.3869,0.3866,0.5603,0.812,-0.001481,-3.5e-4,4.3e-4,NA,TRUE,FALSE,0.003631,0.002747,379.0095,-0.61026,-0.523137,-0.32249100000000003,0.347166,0.549812,0.635792,-156.5813,-109.704,-47.5996,53.1784,122.1295,174.5687
S3B_20250627T101542_vs_HYPERNETS_20250627T104500_RHOW_R_pixel.csv,THFR_pixel,Hyp,S3B,3.6641600000000003,43.43485999999999,3.664275,43.435965,0.12,5,2025-06-27T08:45:00Z,2025-06-27T08:15:42Z,29,30,13,0.4682,0.363,0.3946,0.5748,0.8372,-0.00151,-3.58e-4,4.33e-4,NA,TRUE,FALSE,0.00351,0.002649,484.4435,-0.604479,-0.514086,-0.278139,0.291715,0.543943,0.631722,-152.8312,-105.7977,-38.5309,41.1862,119.2706,171.534
S3B_20250628T094931_vs_HYPERNETS_20250628T093000_RHOW_R_pixel.csv,THFR_pixel,Hyp,S3B,3.6641600000000003,43.43485999999999,3.664772,43.43362,0.15,5,2025-06-28T07:30:00Z,2025-06-28T07:49:31Z,20,30,10,0.5082,0.2385,0.3996,0.5615,0.789,4.9e-5,9.01e-4,0.001508,NA,TRUE,TRUE,0.002172,0.001782,970.4812,-0.374656,-0.120048,2.9406,0.32917,0.503539,2.9406,-60.2154,-13.9613,293.9144,49.3391,102.2299,293.9144
S3B_20250628T094931_vs_HYPERNETS_20250628T094500_RHOW_R_pixel.csv,THFR_pixel,Hyp,S3B,3.6641600000000003,43.43485999999999,3.664772,43.43362,0.15,5,2025-06-28T07:45:00Z,2025-06-28T07:49:31Z,5,30,10,0.4988,0.2428,0.3922,0.5513,0.7749,1.7e-5,8.79e-4,0.001492,NA,TRUE,TRUE,0.002271,0.001874,853.8043,-0.382305,-0.161745,2.478573,0.343894,0.519172,2.478573,-62.1182,-19.6528,247.8461,52.6186,109.3336,247.8461
S3B_20250628T094931_vs_HYPERNETS_20250628T100000_RHOW_R_pixel.csv,THFR_pixel,Hyp,S3B,3.6641600000000003,43.43485999999999,3.664772,43.43362,0.15,5,2025-06-28T08:00:00Z,2025-06-28T07:49:31Z,10,30,9,0.5623,0.4095,0.4607,0.5835,0.739,-1.29e-4,5.3e-4,0.00105,NA,TRUE,FALSE,0.00215,0.001759,170.3883,-0.400449,-0.235057,3.328836,0.320601,0.464164,3.328836,-66.7914,-30.7288,332.8836,47.1889,86.6244,332.8836
S3B_20250628T094931_vs_HYPERNETS_20250628T101500_RHOW_R_pixel.csv,THFR_pixel,Hyp,S3B,3.6641600000000003,43.43485999999999,3.664772,43.43362,0.15,5,2025-06-28T08:15:00Z,2025-06-28T07:49:31Z,25,30,10,0.495,0.2353,0.3887,0.5483,0.7735,-6.1e-5,8.31e-4,0.001464,NA,TRUE,FALSE,0.002338,0.001972,921.4486,-0.39101,-0.236983,2.272103,0.347376,0.526098,2.272103,-64.5089,-31.5603,226.8419,53.4972,112.2155,226.8419
S3B_20250701T101158_vs_HYPERNETS_20250701T094500_RHOW_R_pixel.csv,THFR_pixel,Hyp,S3B,3.6641600000000003,43.43485999999999,3.66528,43.433482,0.18,5,2025-07-01T07:45:00Z,2025-07-01T08:11:58Z,27,30,9,0.6603,0.389,0.5464,0.682,0.8514,-2.83e-4,4.08e-4,9.63e-4,NA,TRUE,FALSE,0.002021,0.001601,1577.6583,-0.257087,0.792572,1.128245,0.334207,0.792572,1.128245,-34.6053,79.2572,112.8245,50.1969,99.33,160.7841
S3B_20250701T101158_vs_HYPERNETS_20250701T100000_RHOW_R_pixel.csv,THFR_pixel,Hyp,S3B,3.6641600000000003,43.43485999999999,3.66528,43.433482,0.18,5,2025-07-01T08:00:00Z,2025-07-01T08:11:58Z,12,30,9,0.663,0.5609,0.549,0.6846,0.8536,-3.62e-4,3.42e-4,9.07e-4,NA,TRUE,FALSE,0.002042,0.001571,236.9347,-0.261286,0.013767,0.74861,0.218838,0.337127,0.74861,-35.3704,1.3767,74.861,28.0144,50.8585,130.1292
S3B_20250701T101158_vs_HYPERNETS_20250701T101500_RHOW_R_pixel.csv,THFR_pixel,Hyp,S3B,3.6641600000000003,43.43485999999999,3.66528,43.433482,0.18,5,2025-07-01T08:15:00Z,2025-07-01T08:11:58Z,3,30,9,0.6434,0.5096,0.5322,0.6646,0.83,-3.39e-4,3.65e-4,9.29e-4,NA,TRUE,FALSE,0.002201,0.001678,366.3432,-0.28777,0.09567,0.7955,0.22968,0.349735,0.7955,-40.4041,9.567,79.55,29.1251,53.7834,129.1936
S3B_20250701T101158_vs_HYPERNETS_20250701T103000_RHOW_R_pixel.csv,THFR_pixel,Hyp,S3B,3.6641600000000003,43.43485999999999,3.66528,43.433482,0.18,5,2025-07-01T08:30:00Z,2025-07-01T08:11:58Z,18,30,9,0.6479,0.4029,0.5381,0.6681,0.8295,-2.57e-4,4.15e-4,9.55e-4,NA,TRUE,FALSE,0.002123,0.001657,1242.7408,-0.27861,0.470581,1.228145,0.343932,0.614975,1.228145,-38.6213,47.0581,122.8145,47.0581,62.0945,159.7234
S3B_20250705T100815_vs_HYPERNETS_20250705T094500_RHOW_R_pixel.csv,THFR_pixel,Hyp,S3B,3.6641600000000003,43.43485999999999,3.664651,43.435749,0.11,5,2025-07-05T07:45:00Z,2025-07-05T08:08:15Z,23,30,8,0.4592,0.3484,0.356,0.4831,0.6554,5.91e-4,0.001273,0.001776,NA,TRUE,TRUE,0.002817,0.002415,347.2709,-0.371391,3.058099,3.21528,0.502454,3.058099,3.21528,-59.7927,305.7654,321.3889,101.1223,305.7654,321.3889
S3B_20250705T100815_vs_HYPERNETS_20250705T100000_RHOW_R_pixel.csv,THFR_pixel,Hyp,S3B,3.6641600000000003,43.43485999999999,3.664651,43.435749,0.11,5,2025-07-05T08:00:00Z,2025-07-05T08:08:15Z,8,30,8,0.4639,0.3112,0.359,0.4885,0.6648,6.05e-4,0.001289,0.001792,NA,TRUE,TRUE,0.002751,0.002389,582.5873,-0.361291,3.448021,3.792848,0.496637,3.448021,3.792848,-57.2996,344.6975,378.86130000000003,98.7984,344.6975,378.86130000000003
S3B_20250705T100815_vs_HYPERNETS_20250705T101500_RHOW_R_pixel.csv,THFR_pixel,Hyp,S3B,3.6641600000000003,43.43485999999999,3.664651,43.435749,0.11,5,2025-07-05T08:15:00Z,2025-07-05T08:08:15Z,7,30,8,0.4662,0.3633,0.3621,0.4899,0.6627,5.51e-4,0.001238,0.001746,NA,TRUE,TRUE,0.002756,0.002345,290.2151,-0.366952,2.236821,2.589968,0.499182,2.236821,2.589968,-58.654,223.5592,258.8732,99.8212,223.5592,258.8732
S3B_20250705T100815_vs_HYPERNETS_20250705T103000_RHOW_R_pixel.csv,THFR_pixel,Hyp,S3B,3.6641600000000003,43.43485999999999,3.664651,43.435749,0.11,5,2025-07-05T08:30:00Z,2025-07-05T08:08:15Z,22,30,8,0.4495,0.3626,0.3516,0.4707,0.6301,5.88e-4,0.001245,0.001736,NA,TRUE,TRUE,0.002965,0.002475,284.8093,-0.393891,2.253447,2.447616,0.512797,2.253447,2.447616,-65.6035,225.2465,244.7174,105.3912,225.2465,244.7174
S3B_20250709T100431_vs_HYPERNETS_20250709T094500_RHOW_R_pixel.csv,THFR_pixel,Hyp,S3B,3.6641600000000003,43.43485999999999,3.665549,43.433331,0.2,5,2025-07-09T07:45:00Z,2025-07-09T08:04:31Z,20,30,14,0.827,0.3104,0.7159,0.871,1.0597,-8.2e-5,6.95e-4,0.001333,NA,FALSE,FALSE,0.001017,8.33e-4,1800.3948,-0.13927,-0.042057,0.385468,0.107182,0.162609,0.439194,-16.1832,-4.466,37.8741,12.016,18.3423,48.0219
S3B_20250709T100431_vs_HYPERNETS_20250709T100000_RHOW_R_pixel.csv,THFR_pixel,Hyp,S3B,3.6641600000000003,43.43485999999999,3.665549,43.433331,0.2,5,2025-07-09T08:00:00Z,2025-07-09T08:04:31Z,5,30,14,0.8197,0.4795,0.7072,0.8674,1.0638,-3.76e-4,4.84e-4,0.001185,NA,FALSE,FALSE,0.001052,9.29e-4,222.7429,-0.223484,-0.09755,0.289239,0.100741,0.261213,0.373842,-29.0515,-10.8095,28.0227,11.2042,35.3648,40.471
S3B_20250709T100431_vs_HYPERNETS_20250709T101500_RHOW_R_pixel.csv,THFR_pixel,Hyp,S3B,3.6641600000000003,43.43485999999999,3.665549,43.433331,0.2,5,2025-07-09T08:15:00Z,2025-07-09T08:04:31Z,10,30,14,0.8307,0.5837,0.7157,0.8809,1.0844,-5.04e-4,3.93e-4,0.001122,NA,FALSE,FALSE,0.001047,9.36e-4,109.1772,-0.238085,-0.093973,0.278671,0.107575,0.282087,0.362773,-31.7124,-10.3817,27.0431,12.0548,36.1422,43.9492
S3B_20250709T100431_vs_HYPERNETS_20250709T103000_RHOW_R_pixel.csv,THFR_pixel,Hyp,S3B,3.6641600000000003,43.43485999999999,3.665549,43.433331,0.2,5,2025-07-09T08:30:00Z,2025-07-09T08:04:31Z,25,30,14,0.8437,0.4811,0.7294,0.8901,1.0863,-4.85e-4,3.76e-4,0.001081,NA,FALSE,FALSE,9.9e-4,8.79e-4,218.4117,-0.233306,-0.081134,0.238812,0.095187,0.277744,0.319948,-30.9401,-8.8343,23.2691,10.5265,31.5647,42.4985
S3B_20250713T100046_vs_HYPERNETS_20250713T094500_RHOW_R_pixel.csv,THFR_pixel,Hyp,S3B,3.6641600000000003,43.43485999999999,3.6631210000000007,43.435005000000004,0.09,5,2025-07-13T07:45:00Z,2025-07-13T08:00:46Z,16,30,14,1.045,0.4925,1.233,2.073,3.4852,-0.007658,-0.0018600000000000001,0.001588,NA,TRUE,FALSE,0.005845,0.003395,309.0437,-0.222084,0.034729,1.637932,0.181549,0.478422,1.637932,-28.5685,3.3712,163.0038,19.3409,91.7558,163.0038
S3B_20250713T100046_vs_HYPERNETS_20250713T100000_RHOW_R_pixel.csv,THFR_pixel,Hyp,S3B,3.6641600000000003,43.43485999999999,3.6631210000000007,43.435005000000004,0.09,5,2025-07-13T08:00:00Z,2025-07-13T08:00:46Z,1,30,14,1.1285,0.451,1.2622,2.0979,3.4869,-0.007481,-0.001852,0.001535,NA,TRUE,FALSE,0.005766,0.003337,423.9767,-0.179655,0.05541,1.778589,0.142662,0.457817,1.778589,-21.9819,5.4587,176.1275,15.6318,84.4799,176.1275
S3B_20250713T100046_vs_HYPERNETS_20250713T101500_RHOW_R_pixel.csv,THFR_pixel,Hyp,S3B,3.6641600000000003,43.43485999999999,3.6631210000000007,43.435005000000004,0.09,5,2025-07-13T08:15:00Z,2025-07-13T08:00:46Z,14,30,14,1.1483,0.4783,1.2959,2.1584,3.5948,-0.007208,-0.001671,0.001654,NA,TRUE,FALSE,0.005881,0.003388,382.5196,-0.098817,0.090639,2.19126,0.127694,0.422499,2.19126,-11.1161,8.9878,215.1211,13.4715,73.2053,215.1211
S3B_20250713T100046_vs_HYPERNETS_20250713T103000_RHOW_R_pixel.csv,THFR_pixel,Hyp,S3B,3.6641600000000003,43.43485999999999,3.6631210000000007,43.435005000000004,0.09,5,2025-07-13T08:30:00Z,2025-07-13T08:00:46Z,29,30,14,1.125,0.6211,1.2924,2.161,3.6134,-0.007648,-0.001901,0.001536,NA,TRUE,FALSE,0.005867,0.003388,194.1988,-0.194456,0.075443,1.595744,0.185082,0.444186,1.595744,-24.1459,7.4609,159.1666,21.8798,79.9494,159.1666
S3B_20250716T102313_vs_HYPERNETS_20250716T100000_RHOW_R_pixel.csv,THFR_pixel,Hyp,S3B,3.6641600000000003,43.43485999999999,3.6621900000000003,43.434400999999994,0.17,5,2025-07-16T08:00:00Z,2025-07-16T08:23:13Z,23,30,2,0.2485,0.6465,NA,0.2485,NA,NA,1.99e-4,NA,NA,NA,NA,0.006604,0.004678,40.4261,-0.533689,-0.331559,-0.129428,0.238482,0.404261,0.570041,-166.6583,-87.8496,-32.3322,47.0227,101.5067,176.1816
S3B_20250716T102313_vs_HYPERNETS_20250716T101500_RHOW_R_pixel.csv,THFR_pixel,Hyp,S3B,3.6641600000000003,43.43485999999999,3.6621900000000003,43.434400999999994,0.17,5,2025-07-16T08:15:00Z,2025-07-16T08:23:13Z,8,30,2,0.2451,0.6622,NA,0.2451,NA,NA,1.93e-4,NA,NA,NA,NA,0.006746,0.004775,38.9304,-0.564627,-0.389304,-0.213981,0.213981,0.389304,0.564627,-177.3246,-100.0013,-44.2372,44.2372,100.0013,177.3246
S3B_20250716T102313_vs_HYPERNETS_20250716T103000_RHOW_R_pixel.csv,THFR_pixel,Hyp,S3B,3.6641600000000003,43.43485999999999,3.6621900000000003,43.434400999999994,0.17,5,2025-07-16T08:30:00Z,2025-07-16T08:23:13Z,7,30,2,0.2469,0.5969,NA,0.2469,NA,NA,2.16e-4,NA,NA,NA,NA,0.006615,0.00472,61.3149,-0.429575,-0.123001,0.183574,0.551649,0.613149,0.674649,-145.8525,-59.4801,-3.4519,88.184,137.649,200.1161
S3B_20250716T102313_vs_HYPERNETS_20250716T104500_RHOW_R_pixel.csv,THFR_pixel,Hyp,S3B,3.6641600000000003,43.43485999999999,3.6621900000000003,43.434400999999994,0.17,5,2025-07-16T08:45:00Z,2025-07-16T08:23:13Z,22,30,2,0.2416,0.7364,NA,0.2416,NA,NA,1.6e-4,NA,NA,NA,NA,0.006974,0.005005,55.5631,-0.650954,-0.555631,-0.460309,0.460309,0.555631,0.650954,-213.3525,-149.131,-98.0716,98.0716,149.131,213.3525
S3B_20250717T095702_vs_HYPERNETS_20250717T093000_RHOW_R_pixel.csv,THFR_pixel,Hyp,S3B,3.6641600000000003,43.43485999999999,3.6644740000000002,43.434931,0.03,5,2025-07-17T07:30:00Z,2025-07-17T07:57:02Z,27,30,14,0.7716,0.2647,0.663,0.8216,1.0182,5.45e-4,0.001334,0.00197,NA,FALSE,TRUE,0.00139,9.09e-4,563.3348,-0.044505,0.083835,0.534453,0.055852,0.104918,0.534453,-4.6634,8.3835,53.1235,5.9157,11.3507,53.1235
S3B_20250717T095702_vs_HYPERNETS_20250717T094500_RHOW_R_pixel.csv,THFR_pixel,Hyp,S3B,3.6641600000000003,43.43485999999999,3.6644740000000002,43.434931,0.03,5,2025-07-17T07:45:00Z,2025-07-17T07:57:02Z,12,30,14,0.7629,0.2622,0.6559,0.8115,1.0041,5.66e-4,0.001346,0.001976,NA,FALSE,TRUE,0.001393,9.19e-4,578.0548,-0.050668,0.080105,0.504243,0.066144,0.102542,0.504243,-5.3474,8.0103,50.1622,7.083,11.077,50.1622
S3B_20250717T095702_vs_HYPERNETS_20250717T100000_RHOW_R_pixel.csv,THFR_pixel,Hyp,S3B,3.6641600000000003,43.43485999999999,3.6644740000000002,43.434931,0.03,5,2025-07-17T08:00:00Z,2025-07-17T07:57:02Z,3,30,14,0.7774,0.2231,0.6678,0.8282,1.027,4.58e-4,0.001266,0.001918,NA,FALSE,TRUE,0.001356,8.47e-4,981.2023,-0.04297,0.071593,0.448206,0.053019,0.103836,0.448206,-4.4906,7.1553,44.5306,5.5988,10.7575,44.5306
S3B_20250717T095702_vs_HYPERNETS_20250717T101500_RHOW_R_pixel.csv,THFR_pixel,Hyp,S3B,3.6641600000000003,43.43485999999999,3.6644740000000002,43.434931,0.03,5,2025-07-17T08:15:00Z,2025-07-17T07:57:02Z,18,30,14,0.7663,0.3215,0.6593,0.8143,1.0058,4.23e-4,0.001224,0.001873,NA,FALSE,TRUE,0.001327,8.35e-4,286.0248,-0.065115,0.041857,0.388923,0.056906,0.087959,0.388923,-6.9681,4.1807,38.6336,6.037,9.0778,38.6336
S3B_20250720T101928_vs_HYPERNETS_20250720T100000_RHOW_R_pixel.csv,THFR_pixel,Hyp,S3B,3.6641600000000003,43.43485999999999,3.662975,43.433708,0.16,5,2025-07-20T08:00:00Z,2025-07-20T08:19:28Z,19,30,7,0.293,0.4601,0.1955,0.3396,0.5899,-0.001564,-1.65e-4,6.41e-4,NA,TRUE,FALSE,0.005884,0.004146,255.9998,-0.72531,-0.678465,-0.550695,0.633174,0.691595,0.81662,-266.8205,-211.008,-123.3324,174.7106,224.2494,474.3787
S3B_20250720T101928_vs_HYPERNETS_20250720T101500_RHOW_R_pixel.csv,THFR_pixel,Hyp,S3B,3.6641600000000003,43.43485999999999,3.662975,43.433708,0.16,5,2025-07-20T08:15:00Z,2025-07-20T08:19:28Z,4,30,7,0.2972,0.4682,0.1978,0.3461,0.6056,-0.001652,-2.01e-4,6.28e-4,NA,TRUE,FALSE,0.005809,0.004143,230.4862,-0.74797,-0.729919,-0.601224,0.675617,0.739415,0.815403,-297.0067,-270.2587,-151.0859,212.69,283.7522,471.5725
S3B_20250720T101928_vs_HYPERNETS_20250720T103000_RHOW_R_pixel.csv,THFR_pixel,Hyp,S3B,3.6641600000000003,43.43485999999999,3.662975,43.433708,0.16,5,2025-07-20T08:30:00Z,2025-07-20T08:19:28Z,11,30,7,0.3149,0.478,0.2096,0.3664,0.6405,-0.001659,-2.07e-4,6.24e-4,NA,TRUE,FALSE,0.005372,0.003848,224.0314,-0.734239,-0.721153,-0.595233,0.676996,0.72634,0.804602,-276.4446,-258.6193,-148.1292,212.5281,265.4163,440.1157
S3B_20250720T101928_vs_HYPERNETS_20250720T104500_RHOW_R_pixel.csv,THFR_pixel,Hyp,S3B,3.6641600000000003,43.43485999999999,3.662975,43.433708,0.16,5,2025-07-20T08:45:00Z,2025-07-20T08:19:28Z,26,30,7,0.3231,0.5276,0.2151,0.376,0.657,-0.001678,-2.18e-4,6.17e-4,NA,TRUE,FALSE,0.005199,0.003734,172.9061,-0.734317,-0.723227,-0.593464,0.681538,0.732374,0.800109,-276.3987,-261.3064,-147.5978,216.7349,273.656,427.9285
S3B_20250721T095317_vs_HYPERNETS_20250721T093000_RHOW_R_pixel.csv,THFR_pixel,Hyp,S3B,3.6641600000000003,43.43485999999999,3.662319,43.43515500000001,0.15,5,2025-07-21T07:30:00Z,2025-07-21T07:53:17Z,23,30,15,0.7569,0.5664,1.0589,1.7787,2.9878,-0.005575,-2.08e-4,0.002988,NA,TRUE,FALSE,0.007103,0.003992,413.8779,-0.115771,0.073655,2.568432,0.115771,0.296198,2.568432,-13.0936,7.3655,245.5666,12.5113,29.6198,245.5666
S3B_20250721T095317_vs_HYPERNETS_20250721T094500_RHOW_R_pixel.csv,THFR_pixel,Hyp,S3B,3.6641600000000003,43.43485999999999,3.662319,43.43515500000001,0.15,5,2025-07-21T07:45:00Z,2025-07-21T07:53:17Z,8,30,15,0.8055,0.6002,1.0605,1.7675,2.9459,-0.006219,-6.56e-4,0.002682,NA,TRUE,FALSE,0.006864,0.003912,333.7692,-0.188742,-0.045665,1.815093,0.159985,0.34495,1.815093,-23.3235,-4.785,178.8313,19.0467,52.6602,178.8313
S3B_20250721T095317_vs_HYPERNETS_20250721T100000_RHOW_R_pixel.csv,THFR_pixel,Hyp,S3B,3.6641600000000003,43.43485999999999,3.662319,43.43515500000001,0.15,5,2025-07-21T08:00:00Z,2025-07-21T07:53:17Z,7,30,15,0.8571,0.5654,1.0636,1.7566,2.9011,-0.006485,-8.93e-4,0.002492,NA,TRUE,FALSE,0.006668,0.003849,407.8838,-0.210233,-0.089677,1.624895,0.180112,0.372473,1.624895,-26.683,-9.8512,160.3187,21.5073,59.3558,160.3187
S3B_20250721T095317_vs_HYPERNETS_20250721T101500_RHOW_R_pixel.csv,THFR_pixel,Hyp,S3B,3.6641600000000003,43.43485999999999,3.662319,43.43515500000001,0.15,5,2025-07-21T08:15:00Z,2025-07-21T07:53:17Z,22,30,15,0.9115,0.5747,1.0868,1.7819,2.9217,-0.006694,-0.001084,0.002338,NA,TRUE,FALSE,0.006552,0.003812,394.3816,-0.212528,-0.101564,1.565958,0.18303,0.376952,1.565958,-27.0261,-11.3045,154.6174,21.971,60.5014,154.6174
S3B_20250724T101543_vs_HYPERNETS_20250724T100000_RHOW_R_pixel.csv,THFR_pixel,Hyp,S3B,3.6641600000000003,43.43485999999999,3.663882,43.434779,0.02,5,2025-07-24T08:00:00Z,2025-07-24T08:15:43Z,16,30,11,1.2495,1.9951,1.4547,2.726,5.1085,-0.020994,-0.007631,-5.01e-4,NA,TRUE,TRUE,0.006561,0.004161,83.6381,-0.617651,-0.119704,0.369286,0.263558,0.628883,0.698758,-161.6538,-13.5981,33.5627,37.7771,154.077,232.0207
S3B_20250724T101543_vs_HYPERNETS_20250724T101500_RHOW_R_pixel.csv,THFR_pixel,Hyp,S3B,3.6641600000000003,43.43485999999999,3.66386,43.434718000000004,0.03,5,2025-07-24T08:15:00Z,2025-07-24T08:15:43Z,1,30,15,1.3197,0.9026,1.4822,2.3991,3.8832,-0.0077210000000000004,-0.002559,6.29e-4,NA,TRUE,FALSE,0.006148,0.003231,163.4241,-0.49496,-0.027407,0.661479,0.254282,0.538381,0.854617,-98.7399,-2.818,60.5824,30.3852,108.7908,161.3389
S3B_20250724T101543_vs_HYPERNETS_20250724T103000_RHOW_R_pixel.csv,THFR_pixel,Hyp,S3B,3.6641600000000003,43.43485999999999,3.66386,43.434718000000004,0.03,5,2025-07-24T08:30:00Z,2025-07-24T08:15:43Z,14,30,15,1.5851,0.7745,1.6747,2.6657,4.243,-0.007671,-0.002669,4.74e-4,NA,TRUE,FALSE,0.006195,0.00331,284.1526,-0.432589,0.10406,0.788273,0.228449,0.470176,0.892649,-76.627,10.406,73.7445,26.1101,88.7418,133.1763
S3B_20250724T101543_vs_HYPERNETS_20250724T104500_RHOW_R_pixel.csv,THFR_pixel,Hyp,S3B,3.6641600000000003,43.43485999999999,3.66386,43.434718000000004,0.03,5,2025-07-24T08:45:00Z,2025-07-24T08:15:43Z,29,30,15,1.3618,0.8504,1.474,2.363,3.7882,-0.007892,-0.002747,4.63e-4,NA,TRUE,FALSE,0.00601,0.003189,189.3552,-0.519822,-0.036144,0.592116,0.252112,0.554106,0.803732,-108.789,-3.7499,54.5852,30.8937,97.3135,171.2934
S3B_20250725T094932_vs_HYPERNETS_20250725T093000_RHOW_R_pixel.csv,THFR_pixel,Hyp,S3B,3.6641600000000003,43.43485999999999,3.6623910000000004,43.433932000000006,0.18,5,2025-07-25T07:30:00Z,2025-07-25T07:49:32Z,20,30,5,0.6465,0.3661,0.3738,0.692,1.281,-3.95e-4,0.001144,0.001976,NA,FALSE,FALSE,0.001893,0.001397,621.4044,-0.009336,0.180349,1.646016,0.180349,0.234982,1.646016,-0.9424,18.0349,164.6016,18.0349,30.7158,164.6016
S3B_20250725T094932_vs_HYPERNETS_20250725T094500_RHOW_R_pixel.csv,THFR_pixel,Hyp,S3B,3.6641600000000003,43.43485999999999,3.6623910000000004,43.433932000000006,0.18,5,2025-07-25T07:45:00Z,2025-07-25T07:49:32Z,5,30,4,0.7501,0.7505,0.5055,0.7572,1.1342,-4.62e-4,6.51e-4,0.001394,NA,FALSE,FALSE,0.001194,9.27e-4,99.0461,0.375294,0.592878,1.114263,0.469076,0.592878,1.114263,32.7084,59.2597,97.8957,47.2326,59.2597,97.8957
S3B_20250725T094932_vs_HYPERNETS_20250725T100000_RHOW_R_pixel.csv,THFR_pixel,Hyp,S3B,3.6641600000000003,43.43485999999999,3.6623910000000004,43.433932000000006,0.18,5,2025-07-25T08:00:00Z,2025-07-25T07:49:32Z,10,30,5,0.6566,0.3161,0.3781,0.7038,1.3101,-4.37e-4,0.001131,0.001974,NA,FALSE,FALSE,0.001849,0.001357,812.2201,-0.029639,0.144436,1.492117,0.144436,0.223,1.492117,-3.0545,14.4436,149.2117,14.4436,28.7002,149.2117
S3B_20250725T094932_vs_HYPERNETS_20250725T101500_RHOW_R_pixel.csv,THFR_pixel,Hyp,S3B,3.6641600000000003,43.43485999999999,3.6623910000000004,43.433932000000006,0.18,5,2025-07-25T08:15:00Z,2025-07-25T07:49:32Z,25,30,5,0.616,0.2289,0.3517,0.6626,1.2482,-5.51e-4,0.001093,0.001966,NA,FALSE,FALSE,0.002057,0.001482,1229.8991,-0.1909,-0.050026,1.025552,0.1909,0.271751,1.025552,-23.5942,-5.266,102.5552,23.5942,37.3156,102.5552
S3B_20250728T101159_vs_HYPERNETS_20250728T101500_RHOW_R_pixel.csv,THFR_pixel,Hyp,S3B,3.6641600000000003,43.43485999999999,3.662925,43.434695999999995,0.1,5,2025-07-28T08:15:00Z,2025-07-28T08:11:59Z,3,30,15,1.083,0.6235,1.364,2.2582,3.7386,-0.008211,-0.002482,9.79e-4,NA,TRUE,FALSE,0.006767,0.00367,330.1813,-0.413002,-0.035113,0.817847,0.141675,0.563212,0.860301,-70.556,-3.6391,80.238,15.4462,78.9743,181.5185
S3B_20250728T101159_vs_HYPERNETS_20250728T103000_RHOW_R_pixel.csv,THFR_pixel,Hyp,S3B,3.6641600000000003,43.43485999999999,3.662925,43.434695999999995,0.1,5,2025-07-28T08:30:00Z,2025-07-28T08:11:59Z,18,30,15,1.1441,0.5119,1.4145,2.3345,3.8531,-0.00801,-0.002386,0.001021,NA,TRUE,FALSE,0.006799,0.003606,708.3152,-0.374334,0.002189,0.891519,0.218144,0.525903,0.891519,-59.9339,0.2189,87.8086,21.7428,66.649,164.4201
S3B_20250801T100815_vs_HYPERNETS_20250801T094500_RHOW_R_pixel.csv,THFR_pixel,Hyp,S3B,3.6641600000000003,43.43485999999999,3.6638960000000003,43.434464999999996,0.05,5,2025-08-01T07:45:00Z,2025-08-01T08:08:15Z,23,30,14,1.6882,0.5693,1.6006,2.5107,3.9382,-0.00585,-8.22e-4,0.002383,NA,TRUE,FALSE,0.007332,0.004528,590.174,0.162541,0.661927,3.421505,0.269616,0.661927,3.421505,15.8305,65.6649,331.7377,32.989,65.6649,331.7377
S3B_20250801T100815_vs_HYPERNETS_20250801T100000_RHOW_R_pixel.csv,THFR_pixel,Hyp,S3B,3.6641600000000003,43.43485999999999,3.6638960000000003,43.434464999999996,0.05,5,2025-08-01T08:00:00Z,2025-08-01T08:08:15Z,8,30,14,1.72,0.7427,1.6179,2.5269,3.9467,-0.006114,-0.00103,0.002226,NA,TRUE,FALSE,0.007277,0.004488,248.4959,0.14197,0.609418,3.31766,0.358959,0.609418,3.31766,13.6436,60.715,321.7394,38.1612,68.6518,321.7394
S3B_20250801T100815_vs_HYPERNETS_20250801T101500_RHOW_R_pixel.csv,THFR_pixel,Hyp,S3B,3.6641600000000003,43.43485999999999,3.6638960000000003,43.434464999999996,0.05,5,2025-08-01T08:15:00Z,2025-08-01T08:08:15Z,7,30,14,1.7454,0.6211,1.6357,2.5491,3.9727,-0.00575,-8.15e-4,0.002351,NA,TRUE,FALSE,0.007344,0.004563,445.9367,0.19567,0.698267,3.424219,0.250167,0.698267,3.424219,19.1933,69.338,332.5018,29.2362,69.338,332.5018
S3B_20250801T100815_vs_HYPERNETS_20250801T103000_RHOW_R_pixel.csv,THFR_pixel,Hyp,S3B,3.6641600000000003,43.43485999999999,3.6638960000000003,43.434464999999996,0.05,5,2025-08-01T08:30:00Z,2025-08-01T08:08:15Z,22,30,14,1.7558,0.7315,1.6485,2.5719,4.0126,-0.006002,-9.67e-4,0.00226,NA,TRUE,FALSE,0.007339,0.004548,268.0609,0.181054,0.65072,3.328755,0.371832,0.65072,3.328755,17.6733,64.796,323.9836,40.6673,70.9156,323.9836
S3B_20250804T103042_vs_HYPERNETS_20250804T101500_RHOW_R_pixel.csv,THFR_pixel,Hyp,S3B,3.6641600000000003,43.43485999999999,3.6635210000000007,43.43444099999999,0.07,5,2025-08-04T08:15:00Z,2025-08-04T08:30:42Z,16,30,4,-53.9242,-1.5326,-274.6128,-68.5469,-17.1102,0.009498,0.020177,0.062957,NA,TRUE,TRUE,0.007511,0.005738,4148.6432,12.812616,13.910058,42.583874,12.812616,13.910058,42.583874,1270.9629,1390.9082,2479.5363,1270.9629,1390.9082,2479.5363
S3B_20250804T103042_vs_HYPERNETS_20250804T103000_RHOW_R_pixel.csv,THFR_pixel,Hyp,S3B,3.6641600000000003,43.43485999999999,3.6635210000000007,43.43444099999999,0.07,5,2025-08-04T08:30:00Z,2025-08-04T08:30:42Z,1,30,4,-45.3708,-1.7045,-243.5871,-58.98,-14.2809,0.009761,0.021702,0.071018,NA,TRUE,TRUE,0.007471,0.005679,2979.7338,9.778386,10.679239,30.69819,9.778386,10.679239,30.69819,971.2567,1067.6708,1881.8113,971.2567,1067.6708,1881.8113
S3B_20250804T103042_vs_HYPERNETS_20250804T104500_RHOW_R_pixel.csv,THFR_pixel,Hyp,S3B,3.6641600000000003,43.43485999999999,3.6635210000000007,43.43444099999999,0.07,5,2025-08-04T08:45:00Z,2025-08-04T08:30:42Z,14,30,4,-47.924,-1.5839,-357.3894,-73.8775,-15.2716,0.009198,0.021678,0.08205,NA,TRUE,TRUE,0.007499,0.005733,3526.6246,12.665189,14.477933,37.078991,12.665189,14.477933,37.078991,1255.0102,1445.5046,2488.8867,1255.0102,1445.5046,2488.8867
S3B_20250804T103042_vs_HYPERNETS_20250804T110000_RHOW_R_pixel.csv,THFR_pixel,Hyp,S3B,3.6641600000000003,43.43485999999999,3.6635210000000007,43.43444099999999,0.07,5,2025-08-04T09:00:00Z,2025-08-04T08:30:42Z,29,30,4,-49.3528,-1.1057,-236.1951,-61.2115,-15.8634,0.008774,0.016859,0.048057,NA,TRUE,TRUE,0.007539,0.005768,6378.77,13.922909,16.184243,66.049034,13.922909,16.184243,66.049034,1380.4896,1614.0045,3295.9706,1380.4896,1614.0045,3295.9706
S3B_20250805T100431_vs_HYPERNETS_20250805T094500_RHOW_R_pixel.csv,THFR_pixel,Hyp,S3B,3.6641600000000003,43.43485999999999,3.6659010000000003,43.435344,0.15,5,2025-08-05T07:45:00Z,2025-08-05T08:04:31Z,20,30,14,0.9953,0.5869,0.9048,1.3821,2.111,-0.002788,-2.68e-4,0.001382,NA,FALSE,FALSE,0.002872,0.001801,247.4675,-0.449453,-0.03032,1.432829,0.130701,0.55131,1.469967,-89.3332,-3.131,134.8024,15.0446,122.8734,167.5822
S3B_20250805T100431_vs_HYPERNETS_20250805T100000_RHOW_R_pixel.csv,THFR_pixel,Hyp,S3B,3.6641600000000003,43.43485999999999,3.6659010000000003,43.435344,0.15,5,2025-08-05T08:00:00Z,2025-08-05T08:04:31Z,5,30,14,1.0209,0.4967,0.9177,1.3892,2.1029,-0.002656,-2.24e-4,0.001383,NA,FALSE,FALSE,0.002836,0.001746,432.2143,-0.39595,-0.016063,1.386969,0.081975,0.512208,1.421781,-70.6078,-1.6366,130.7171,8.9591,105.2509,160.4431
S3B_20250805T100431_vs_HYPERNETS_20250805T101500_RHOW_R_pixel.csv,THFR_pixel,Hyp,S3B,3.6641600000000003,43.43485999999999,3.6659010000000003,43.435344,0.15,5,2025-08-05T08:15:00Z,2025-08-05T08:04:31Z,10,30,14,1.0317,0.5634,0.9125,1.3601,2.0272,-0.002899,-4.61e-4,0.001175,NA,FALSE,FALSE,0.002653,0.001723,275.2552,-0.483804,-0.042294,1.129583,0.187884,0.581439,1.199266,-101.1364,-4.4277,106.7794,23.1627,136.8135,152.9115
S3B_20250805T100431_vs_HYPERNETS_20250805T103000_RHOW_R_pixel.csv,THFR_pixel,Hyp,S3B,3.6641600000000003,43.43485999999999,3.6659010000000003,43.435344,0.15,5,2025-08-05T08:30:00Z,2025-08-05T08:04:31Z,25,30,14,1.0453,0.3555,0.9229,1.3732,2.0432,-0.002728,-3.55e-4,0.00124,NA,FALSE,FALSE,0.002682,0.0017,1377.4906,-0.416598,-0.024444,1.182278,0.150994,0.527098,1.238621,-76.2547,-2.5155,111.8968,17.7867,111.7517,144.5804
S3B_20250808T102658_vs_HYPERNETS_20250808T100000_RHOW_R_pixel.csv,THFR_pixel,Hyp,S3B,3.6641600000000003,43.43485999999999,3.663455,43.434935,0.06,5,2025-08-08T08:00:00Z,2025-08-08T08:26:58Z,27,30,3,0.10780000000000001,0.4743,0.053900000000000003,0.108,0.2161,-1.6e-4,2.15e-4,4.03e-4,NA,TRUE,FALSE,0.004903,0.002883,41.3977,-0.600257,-0.330307,-0.185863,0.185863,0.330307,0.600257,-239.1845,-49.3222,-24.8095,24.8095,49.3222,239.1845
S3B_20250808T102658_vs_HYPERNETS_20250808T101500_RHOW_R_pixel.csv,THFR_pixel,Hyp,S3B,3.6641600000000003,43.43485999999999,3.663455,43.434935,0.06,5,2025-08-08T08:15:00Z,2025-08-08T08:26:58Z,12,30,3,0.1067,0.5509,0.0562,0.1069,0.2032,-1.63e-4,1.94e-4,3.82e-4,NA,TRUE,FALSE,0.005077,0.003113,63.2609,-0.715237,-0.556499,-0.511927,0.511927,0.556499,0.715237,-322.983,-125.4788,-105.7471,105.7471,125.4788,322.983
S3B_20250808T102658_vs_HYPERNETS_20250808T103000_RHOW_R_pixel.csv,THFR_pixel,Hyp,S3B,3.6641600000000003,43.43485999999999,3.663455,43.434935,0.06,5,2025-08-08T08:30:00Z,2025-08-08T08:26:58Z,3,30,3,0.1062,0.5283,0.055,0.1063,0.2055,-1.62e-4,2.01e-4,3.89e-4,NA,TRUE,FALSE,0.005068,0.003069,58.7866,-0.690212,-0.506588,-0.44488,0.44488,0.506588,0.690212,-300.8005,-102.6705,-81.2648,81.2648,102.6705,300.8005
S3B_20250808T102658_vs_HYPERNETS_20250808T104500_RHOW_R_pixel.csv,THFR_pixel,Hyp,S3B,3.6641600000000003,43.43485999999999,3.663455,43.434935,0.06,5,2025-08-08T08:45:00Z,2025-08-08T08:26:58Z,18,30,3,0.1082,0.5133,0.0545,0.1084,0.2157,-1.75e-4,2.06e-4,3.97e-4,NA,TRUE,FALSE,0.004931,0.002955,54.0734,-0.655934,-0.441054,-0.375694,0.375694,0.441054,0.655934,-272.1402,-78.9081,-61.063,61.063,78.9081,272.1402
S3B_20250809T100047_vs_HYPERNETS_20250809T094500_RHOW_R_pixel.csv,THFR_pixel,Hyp,S3B,3.6641600000000003,43.43485999999999,3.6657940000000004,43.434779999999996,0.13,5,2025-08-09T07:45:00Z,2025-08-09T08:00:47Z,16,30,10,0.9873,0.5091,1.7958,3.6947,7.6012,-0.022403,-0.004566,0.004104,NA,TRUE,FALSE,0.013993,0.00867,509.914,0.290292,1.20306,5.186201,0.65007,1.20306,5.186201,27.733,119.7268,484.0789,71.9812,170.5414,510.188
S3B_20250809T100047_vs_HYPERNETS_20250809T100000_RHOW_R_pixel.csv,THFR_pixel,Hyp,S3B,3.6641600000000003,43.43485999999999,3.6657940000000004,43.434779999999996,0.13,5,2025-08-09T08:00:00Z,2025-08-09T08:00:47Z,1,30,10,1.0411,0.385,1.8377,3.7748,7.7542,-0.02181,-0.004303,0.004219,NA,TRUE,FALSE,0.014062,0.008745,1376.0786,0.333874,1.642189,5.390389,0.689953,1.642189,5.390389,32.0243,163.4766,503.7428,84.6506,202.1497,516.9378
S3B_20250809T100047_vs_HYPERNETS_20250809T101500_RHOW_R_pixel.csv,THFR_pixel,Hyp,S3B,3.6641600000000003,43.43485999999999,3.6657940000000004,43.434779999999996,0.13,5,2025-08-09T08:15:00Z,2025-08-09T08:00:47Z,14,30,10,1.0547,0.5257,1.7746,3.6355,7.4477,-0.022623,-0.004745,0.003982,NA,TRUE,FALSE,0.013859,0.008593,465.7399,0.274379,1.101206,4.901337,0.633615,1.101206,4.901337,26.1756,109.5947,458.4269,68.2732,159.8838,488.7993
S3B_20250809T100047_vs_HYPERNETS_20250809T103000_RHOW_R_pixel.csv,THFR_pixel,Hyp,S3B,3.6641600000000003,43.43485999999999,3.6657940000000004,43.434779999999996,0.13,5,2025-08-09T08:30:00Z,2025-08-09T08:00:47Z,29,30,10,1.1321,0.5216,1.8186,3.7146,7.5874,-0.022611,-0.004789,0.003935,NA,TRUE,FALSE,0.013867,0.008608,493.5333,0.303208,1.207153,4.920966,0.657718,1.207153,4.920966,29.0393,119.8979,461.4505,72.4201,170.7005,484.7815
S3B_20250812T102313_vs_HYPERNETS_20250812T100000_RHOW_R_pixel.csv,THFR_pixel,Hyp,S3B,3.6641600000000003,43.43485999999999,3.6641710000000005,43.434723,0.02,5,2025-08-12T08:00:00Z,2025-08-12T08:23:13Z,23,30,4,0.2498,0.54990000000000006,0.0891,0.2831,0.8997,-0.00309,8.8e-5,0.001088,NA,TRUE,FALSE,0.005115,0.003646,44.4443,-0.694649,-0.382036,-0.039029,0.167678,0.417884,0.694649,-241.4156,-79.6094,-4.9314,17.1074,84.0935,241.4156
S3B_20250812T102313_vs_HYPERNETS_20250812T101500_RHOW_R_pixel.csv,THFR_pixel,Hyp,S3B,3.6641600000000003,43.43485999999999,3.6641710000000005,43.434723,0.02,5,2025-08-12T08:15:00Z,2025-08-12T08:23:13Z,8,30,5,0.201,0.2228,0.0963,0.258,0.6908,-0.001331,4.82e-4,0.001159,NA,TRUE,FALSE,0.004627,0.003239,390.8494,-0.648309,-0.308628,-0.070009,0.308628,0.648309,0.829127,-184.3406,-44.6399,-7.5279,44.6399,184.3406,485.2288
S3B_20250812T102313_vs_HYPERNETS_20250812T103000_RHOW_R_pixel.csv,THFR_pixel,Hyp,S3B,3.6641600000000003,43.43485999999999,3.6641710000000005,43.434723,0.02,5,2025-08-12T08:30:00Z,2025-08-12T08:23:13Z,7,30,5,0.2002,0.2017,0.0959,0.2573,0.69,-0.001338,4.81e-4,0.001159,NA,TRUE,FALSE,0.004647,0.003261,481.2856,-0.649354,-0.343716,-0.076962,0.343716,0.649354,0.829634,-185.1883,-52.373,-8.338,52.373,185.1883,486.9706
S3B_20250812T102313_vs_HYPERNETS_20250812T104500_RHOW_R_pixel.csv,THFR_pixel,Hyp,S3B,3.6641600000000003,43.43485999999999,3.6641710000000005,43.434723,0.02,5,2025-08-12T08:45:00Z,2025-08-12T08:23:13Z,22,30,5,0.2064,0.1426,0.099,0.2647,0.7078,-0.00128,4.99e-4,0.001165,NA,TRUE,FALSE,0.004434,0.003112,1357.535,-0.637156,-0.196476,0.108362,0.196476,0.637156,0.823193,-175.6009,-24.4518,10.8362,24.4518,175.6009,465.5874
S3B_20250813T095702_vs_HYPERNETS_20250813T093000_RHOW_R_pixel.csv,THFR_pixel,Hyp,S3B,3.6641600000000003,43.43485999999999,3.6643250000000003,43.433282999999996,0.18,5,2025-08-13T07:30:00Z,2025-08-13T07:57:02Z,27,30,12,1.374,0.5972,1.8111,3.3124,6.0585,-0.016176,-0.003646,0.003205,NA,TRUE,FALSE,0.012692,0.007652,397.83,-0.092081,0.697289,3.715049,0.298384,0.889334,3.715049,-10.1438,66.517,358.2727,31.8013,163.769,360.8151
S3B_20250813T095702_vs_HYPERNETS_20250813T094500_RHOW_R_pixel.csv,THFR_pixel,Hyp,S3B,3.6641600000000003,43.43485999999999,3.6643250000000003,43.433282999999996,0.18,5,2025-08-13T07:45:00Z,2025-08-13T07:57:02Z,12,30,12,1.4683,0.636,1.8804,3.4262,6.2427,-0.016401,-0.003827,0.003075,NA,TRUE,FALSE,0.012716,0.007657,351.9329,-0.071411,0.752565,3.688187,0.29069,0.918626,3.688187,-7.6903,71.9769,355.4977,35.6519,170.1458,355.4977
S3B_20250813T095702_vs_HYPERNETS_20250813T100000_RHOW_R_pixel.csv,THFR_pixel,Hyp,S3B,3.6641600000000003,43.43485999999999,3.6643250000000003,43.433282999999996,0.18,5,2025-08-13T08:00:00Z,2025-08-13T07:57:02Z,3,30,12,1.5754,0.5891,1.949,3.5335,6.4062,-0.015978,-0.00367,0.003119,NA,TRUE,FALSE,0.012778,0.007636,462.5787,-0.006363,0.807642,3.908679,0.26299,0.937133,3.908679,-0.6496,77.4136,379.1062,33.3052,177.4628,379.1062
S3B_20250813T095702_vs_HYPERNETS_20250813T101500_RHOW_R_pixel.csv,THFR_pixel,Hyp,S3B,3.6641600000000003,43.43485999999999,3.6643250000000003,43.433282999999996,0.18,5,2025-08-13T08:15:00Z,2025-08-13T07:57:02Z,18,30,12,1.6933,0.7156,1.9881,3.5732,6.4222,-0.016359,-0.004014,0.002855,NA,TRUE,FALSE,0.012673,0.007565,292.9118,0.014908,0.802643,3.560116,0.256618,0.931854,3.560116,1.4794,77.0751,342.9455,33.3927,173.2008,342.9455
S3B_20250816T101929_vs_HYPERNETS_20250816T100000_RHOW_R_pixel.csv,THFR_pixel,Hyp,S3B,3.6641600000000003,43.43485999999999,3.662461,43.434400999999994,0.15,5,2025-08-16T08:00:00Z,2025-08-16T08:19:29Z,19,30,13,2.7421,1.561,2.5907,4.2028,6.818,-0.017855,-0.005127,0.002718,NA,TRUE,FALSE,0.01732,0.010972,213.4984,-0.44195,0.526585,2.848295,0.488265,0.849384,2.848295,-79.1955,52.6585,284.8295,79.1955,159.4144,563.9392
S3B_20250816T101929_vs_HYPERNETS_20250816T101500_RHOW_R_pixel.csv,THFR_pixel,Hyp,S3B,3.6641600000000003,43.43485999999999,3.662461,43.434400999999994,0.15,5,2025-08-16T08:15:00Z,2025-08-16T08:19:29Z,4,30,13,2.7084,1.6622,2.6103,4.2744,6.9993,-0.019294,-0.005816,0.002415,NA,TRUE,FALSE,0.017362,0.010979,206.0779,-0.505609,0.474738,2.836283,0.505609,0.870756,2.836283,-102.269,47.4738,283.6283,102.269,158.8454,520.8885
S3B_20250816T101929_vs_HYPERNETS_20250816T103000_RHOW_R_pixel.csv,THFR_pixel,Hyp,S3B,3.6641600000000003,43.43485999999999,3.662461,43.434400999999994,0.15,5,2025-08-16T08:30:00Z,2025-08-16T08:19:29Z,11,30,13,2.7432,1.6645,2.5796,4.1749,6.7568,-0.019089,-0.005938,0.002188,NA,TRUE,FALSE,0.017158,0.010849,195.6789,-0.516691,0.454496,2.731078,0.516691,0.870723,2.731078,-106.9069,45.4496,273.1078,99.8393,152.8923,506.4282
S3B_20250816T101929_vs_HYPERNETS_20250816T104500_RHOW_R_pixel.csv,THFR_pixel,Hyp,S3B,3.6641600000000003,43.43485999999999,3.662461,43.434400999999994,0.15,5,2025-08-16T08:45:00Z,2025-08-16T08:19:29Z,26,30,13,2.7424,1.8284,2.585,4.1887,6.7874,-0.020552,-0.006815,0.001662,NA,TRUE,FALSE,0.017057,0.010788,185.2573,-0.644173,0.432661,2.616448,0.644173,0.894662,2.616448,-181.0358,43.2661,261.6448,96.2594,214.1435,407.1221
S3B_20250824T101201_vs_HYPERNETS_20250824T094500_RHOW_R_pixel.csv,THFR_pixel,Hyp,S3B,3.6641600000000003,43.43485999999999,3.663012,43.436473,0.2,5,2025-08-24T07:45:00Z,2025-08-24T08:12:01Z,27,30,14,1.0091,0.2532,0.8616,1.214,1.7106,-0.001234,2.65e-4,0.001329,NA,FALSE,FALSE,0.001899,0.001187,6092.8941,-0.185861,0.044589,1.064029,0.050709,0.293198,1.064029,-23.6603,4.4576,101.8984,5.0707,37.6572,108.7889
S3B_20250824T101201_vs_HYPERNETS_20250824T100000_RHOW_R_pixel.csv,THFR_pixel,Hyp,S3B,3.6641600000000003,43.43485999999999,3.663012,43.436473,0.2,5,2025-08-24T08:00:00Z,2025-08-24T08:12:01Z,12,30,14,1.0062,0.5605,0.8576,1.2022,1.6853,-0.001478,7.2e-5,0.001178,NA,FALSE,FALSE,0.001792,0.001154,231.2331,-0.275487,0.007883,0.910056,0.09211,0.355302,0.948549,-38.939,0.7829,87.2333,10.1703,55.2767,104.2563
S3B_20250824T101201_vs_HYPERNETS_20250824T101500_RHOW_R_pixel.csv,THFR_pixel,Hyp,S3B,3.6641600000000003,43.43485999999999,3.663012,43.436473,0.2,5,2025-08-24T08:15:00Z,2025-08-24T08:12:01Z,3,30,13,1.0393,0.9648,0.8661,1.1962,1.6521,-0.002087,-3.91e-4,8.37e-4,NA,FALSE,FALSE,0.001561,0.001055,50.3174,-0.3596,-0.059126,0.180883,0.150047,0.3596,0.46945,-56.1525,-6.2842,18.0883,17.6536,56.1525,83.2247
S3B_20250824T101201_vs_HYPERNETS_20250824T103000_RHOW_R_pixel.csv,THFR_pixel,Hyp,S3B,3.6641600000000003,43.43485999999999,3.663012,43.436473,0.2,5,2025-08-24T08:30:00Z,2025-08-24T08:12:01Z,18,30,14,0.9897,0.5299,0.8383,1.1391,1.5479,-0.001497,-6.4e-5,9.9e-4,NA,FALSE,FALSE,0.001543,0.001096,261.4637,-0.325605,-0.052069,0.60471,0.150832,0.389536,0.699108,-48.7957,-5.4977,58.0276,15.9172,64.0152,88.3104
S3B_20250831T103044_vs_HYPERNETS_20250831T101500_RHOW_R_pixel.csv,THFR_pixel,Hyp,S3B,3.6641600000000003,43.43485999999999,3.665213,43.43484699999999,0.09,5,2025-08-31T08:15:00Z,2025-08-31T08:30:44Z,16,30,3,0.2547,0.2358,0.0219,0.3031,4.1977,-0.011489,8.62e-4,0.001754,NA,FALSE,FALSE,0.003437,0.002525,669.9014,-0.475582,-0.321517,9.412181,0.475582,0.629647,9.887763,-99.4906,-47.3877,269.7111,99.4906,170.0123,637.5388
S3B_20250831T103044_vs_HYPERNETS_20250831T103000_RHOW_R_pixel.csv,THFR_pixel,Hyp,S3B,3.6641600000000003,43.43485999999999,3.665213,43.43484699999999,0.09,5,2025-08-31T08:30:00Z,2025-08-31T08:30:44Z,1,30,3,0.2509,0.2194,0.0215,0.2995,4.1776,-0.011667,8.56e-4,0.001754,NA,FALSE,FALSE,0.003508,0.002584,688.7519,-0.515305,-0.395841,9.618052,0.515305,0.634769,10.133357,-112.8829,-65.5195,253.0576,112.8829,173.7994,651.5992
S3B_20250831T103044_vs_HYPERNETS_20250831T104500_RHOW_R_pixel.csv,THFR_pixel,Hyp,S3B,3.6641600000000003,43.43485999999999,3.665213,43.43484699999999,0.09,5,2025-08-31T08:45:00Z,2025-08-31T08:30:44Z,14,30,3,0.2521,0.1574,0.0216,0.3008,4.1921,-0.011448,8.71e-4,0.001755,NA,FALSE,FALSE,0.003466,0.002552,1429.0694,-0.47164,-0.312091,20.808355,0.47164,0.631189,21.279995,-98.533,-45.368,443.4254,98.533,171.1417,978.8786
S3B_20250831T103044_vs_HYPERNETS_20250831T110000_RHOW_R_pixel.csv,THFR_pixel,Hyp,S3B,3.6641600000000003,43.43485999999999,3.665213,43.43484699999999,0.09,5,2025-08-31T09:00:00Z,2025-08-31T08:30:44Z,29,30,3,0.2678,0.0875,0.0229,0.3202,4.4836,-0.011462,8.74e-4,0.001755,NA,FALSE,FALSE,0.003165,0.002369,4314.7371,-0.4417,-0.276498,64.141107,0.4417,0.606903,64.582807,-87.5125,-38.2165,868.1737,87.5125,154.3901,1715.4465
S3B_20250905T100047_vs_HYPERNETS_20250905T094500_RHOW_C_pixel.csv,THFR_pixel,Hyp,S3B,3.6641600000000003,43.43485999999999,3.6630860000000003,43.434536,0.09,5,2025-09-05T07:45:00Z,2025-09-05T08:00:47Z,16,30,14,0.8224,0.3472,0.7318,1.0977,1.6464,-0.001983,1.34e-4,0.001545,NA,FALSE,FALSE,0.002323,0.001729,865.4529,-0.386452,-0.11842,1.0913,0.209181,0.46952,1.162295,-64.9803,-13.4348,102.4614,26.4514,88.7151,133.3923
S3B_20250905T100047_vs_HYPERNETS_20250905T100000_RHOW_C_pixel.csv,THFR_pixel,Hyp,S3B,3.6641600000000003,43.43485999999999,3.6630860000000003,43.434536,0.09,5,2025-09-05T08:00:00Z,2025-09-05T08:00:47Z,1,30,14,0.8457,0.3977,0.7536,1.1319,1.7,-0.002152,2.7e-5,0.001478,NA,FALSE,FALSE,0.002317,0.001707,519.1005,-0.41577,-0.099455,1.09217,0.213032,0.495836,1.159037,-73.8556,-11.0569,103.0349,27.076,98.4593,134.2795
S3B_20250905T100047_vs_HYPERNETS_20250905T101500_RHOW_C_pixel.csv,THFR_pixel,Hyp,S3B,3.6641600000000003,43.43485999999999,3.6630860000000003,43.434536,0.09,5,2025-09-05T08:15:00Z,2025-09-05T08:00:47Z,14,30,14,0.8639,0.325,0.7626,1.1345,1.6878,-0.002145,-1e-5,0.001425,NA,FALSE,FALSE,0.002249,0.001665,1108.7114,-0.375817,-0.092812,1.004625,0.212362,0.472171,1.077701,-61.6938,-10.2385,94.9505,26.5264,90.1494,126.5737
S3B_20250905T100047_vs_HYPERNETS_20250905T103000_RHOW_C_pixel.csv,THFR_pixel,Hyp,S3B,3.6641600000000003,43.43485999999999,3.6630860000000003,43.434536,0.09,5,2025-09-05T08:30:00Z,2025-09-05T08:00:47Z,29,30,14,0.8772,0.5599,0.7719,1.1441,1.6959,-0.002339,-1.57e-4,0.001315,NA,FALSE,FALSE,0.002203,0.001667,183.4799,-0.463659,-0.096354,0.934127,0.22929,0.531776,1.018541,-90.2115,-10.6694,88.3651,25.2282,113.575,127.8568
S3B_20250908T102313_vs_HYPERNETS_20250908T100000_RHOW_R_pixel.csv,THFR_pixel,Hyp,S3B,3.6641600000000003,43.43485999999999,3.6635750000000002,43.434785,0.05,5,2025-09-08T08:00:00Z,2025-09-08T08:23:13Z,23,30,5,0.1353,0.1796,0.0663,0.1634,0.4028,0.001152,0.00169,0.001909,NA,TRUE,TRUE,0.003343,0.002546,388.9235,3.202553,4.771696,5.179875,3.202553,4.771696,5.179875,320.2553,477.1696,517.9875,320.2553,477.1696,517.9875
S3B_20250908T102313_vs_HYPERNETS_20250908T101500_RHOW_R_pixel.csv,THFR_pixel,Hyp,S3B,3.6641600000000003,43.43485999999999,3.6635750000000002,43.434785,0.05,5,2025-09-08T08:15:00Z,2025-09-08T08:23:13Z,8,30,5,0.1349,0.1887,0.0661,0.1629,0.4015,0.001124,0.001679,0.001904,NA,TRUE,TRUE,0.003359,0.002508,301.48630000000003,2.498761,3.598842,3.926497,2.498761,3.598842,3.926497,249.8761,359.8842,392.6497,249.8761,359.8842,392.6497
S3B_20250908T102313_vs_HYPERNETS_20250908T104500_RHOW_R_pixel.csv,THFR_pixel,Hyp,S3B,3.6641600000000003,43.43485999999999,3.6635750000000002,43.434785,0.05,5,2025-09-08T08:45:00Z,2025-09-08T08:23:13Z,22,30,5,0.1335,0.1798,0.0654,0.1614,0.3986,0.001145,0.001688,0.001908,NA,TRUE,TRUE,0.003392,0.002558,363.0173,2.972165,4.318276,4.605689,2.972165,4.318276,4.605689,297.2165,431.8276,460.5689,297.2165,431.8276,460.5689
S3B_20250912T101927_vs_HYPERNETS_20250912T100000_RHOW_R_pixel.csv,THFR_pixel,Hyp,S3B,3.6641600000000003,43.43485999999999,3.664768,43.435904,0.13,5,2025-09-12T08:00:00Z,2025-09-12T08:19:27Z,19,30,14,1.5677,1.2793,2.042,3.4897,5.9639,-0.016991,-0.00624,5e-5,NA,TRUE,FALSE,0.010452,0.006074,147.7117,-0.476492,-0.106264,1.717652,0.442665,0.732983,1.737806,-91.0275,-12.6779,164.5691,74.315,141.846,387.9781
S3B_20250912T101927_vs_HYPERNETS_20250912T103000_RHOW_R_pixel.csv,THFR_pixel,Hyp,S3B,3.6641600000000003,43.43485999999999,3.664768,43.435904,0.13,5,2025-09-12T08:30:00Z,2025-09-12T08:19:27Z,11,30,14,1.6555,1.2176,2.1325,3.6386,6.2085,-0.015723,-0.005521,4.57e-4,NA,TRUE,FALSE,0.010625,0.006113,160.5188,-0.341528,-0.028674,1.943976,0.341355,0.738619,1.943976,-51.8667,-3.308,186.3554,51.529,145.4842,343.1279
S3B_20250912T101927_vs_HYPERNETS_20250912T104500_RHOW_R_pixel.csv,THFR_pixel,Hyp,S3B,3.6641600000000003,43.43485999999999,3.664768,43.435904,0.13,5,2025-09-12T08:45:00Z,2025-09-12T08:19:27Z,26,30,14,1.6347,1.1264,2.2727,3.9168,6.7502,-0.014555,-0.0047,0.001018,NA,TRUE,FALSE,0.010994,0.00629,196.4423,-0.213851,0.079847,2.356017,0.180153,0.705654,2.356017,-27.2877,7.8201,225.325,22.0535,138.2829,308.7496
S3B_20250916T101544_vs_HYPERNETS_20250916T100000_RHOW_R_pixel.csv,THFR_pixel,Hyp,S3B,3.6641600000000003,43.43485999999999,3.662821,43.434948999999996,0.11,5,2025-09-16T08:00:00Z,2025-09-16T08:15:44Z,16,30,14,0.8861,0.5196,1.0716,1.8099,3.0569,-0.006018,-0.001675,8.97e-4,NA,TRUE,FALSE,0.004345,0.002746,288.9888,-0.556066,-0.152719,1.37,0.359887,0.70393,1.37,-127.3828,-18.3218,135.4112,56.7217,148.853,277.7771
S3B_20250916T101544_vs_HYPERNETS_20250916T101500_RHOW_R_pixel.csv,THFR_pixel,Hyp,S3B,3.6641600000000003,43.43485999999999,3.662821,43.434948999999996,0.11,5,2025-09-16T08:15:00Z,2025-09-16T08:15:44Z,1,30,14,0.9205,0.7295,1.0969,1.8475,3.1119,-0.006365,-0.001898,7.54e-4,NA,TRUE,FALSE,0.004304,0.002727,131.3872,-0.58541,-0.147159,0.908016,0.461398,0.708453,0.908016,-142.9408,-17.5348,90.8008,83.7794,127.0333,282.6221
S3B_20250916T101544_vs_HYPERNETS_20250916T103000_RHOW_R_pixel.csv,THFR_pixel,Hyp,S3B,3.6641600000000003,43.43485999999999,3.662821,43.434948999999996,0.11,5,2025-09-16T08:30:00Z,2025-09-16T08:15:44Z,14,30,14,0.9869,0.5256,1.1344,1.8971,3.1725,-0.005897,-0.001665,8.65e-4,NA,TRUE,FALSE,0.004299,0.002634,310.4455,-0.517499,-0.107633,1.490963,0.316569,0.677879,1.490963,-109.0804,-12.2957,147.0979,46.7218,144.988,255.7796
S3B_20250916T101544_vs_HYPERNETS_20250916T104500_RHOW_R_pixel.csv,THFR_pixel,Hyp,S3B,3.6641600000000003,43.43485999999999,3.662821,43.434948999999996,0.11,5,2025-09-16T08:45:00Z,2025-09-16T08:15:44Z,29,30,14,1.0061,0.6652,1.1572,1.9354,3.2369,-0.006053,-0.001758,8.1e-4,NA,TRUE,FALSE,0.004306,0.002623,165.8523,-0.517734,-0.094304,1.322357,0.376024,0.678205,1.322357,-109.2675,-10.6439,131.312,60.2997,134.6556,255.0702
S3B_20250917T094933_vs_HYPERNETS_20250917T093000_RHOW_R_pixel.csv,THFR_pixel,Hyp,S3B,3.6641600000000003,43.43485999999999,3.665989,43.435598000000006,0.17,5,2025-09-17T07:30:00Z,2025-09-17T07:49:33Z,20,30,6,-0.2037,-0.1066,-1.2196,-0.4343,-0.1547,0.004383,0.004807,0.005998,NA,TRUE,TRUE,0.004625,0.004454,2887.6173,17.109894,19.130721,21.365967,17.109894,19.130721,21.365967,1710.453,1909.186,2135.8591,1710.453,1909.186,2135.8591
S3B_20250917T094933_vs_HYPERNETS_20250917T094500_RHOW_R_pixel.csv,THFR_pixel,Hyp,S3B,3.6641600000000003,43.43485999999999,3.665989,43.435598000000006,0.17,5,2025-09-17T07:45:00Z,2025-09-17T07:49:33Z,5,30,6,-0.2009,-0.1125,-1.2034,-0.4285,-0.1526,0.004391,0.004828,0.006055,NA,TRUE,TRUE,0.004619,0.004439,2052.6682,12.757668,15.132852,16.72428,12.757668,15.132852,16.72428,1274.1078,1508.9415,1672.2696,1274.1078,1508.9415,1672.2696
S3B_20250917T094933_vs_HYPERNETS_20250917T100000_RHOW_R_pixel.csv,THFR_pixel,Hyp,S3B,3.6641600000000003,43.43485999999999,3.665989,43.435598000000006,0.17,5,2025-09-17T08:00:00Z,2025-09-17T07:49:33Z,10,30,6,-0.1974,-0.1066,-1.1838,-0.4214,-0.15,0.004388,0.004819,0.006032,NA,TRUE,TRUE,0.004656,0.004472,2937.5414,13.903554,15.681681,17.751961,13.903554,15.681681,17.751961,1389.8178,1564.6835,1774.299,1389.8178,1564.6835,1774.299
S3B_20250917T094933_vs_HYPERNETS_20250917T101500_RHOW_R_pixel.csv,THFR_pixel,Hyp,S3B,3.6641600000000003,43.43485999999999,3.665989,43.435598000000006,0.17,5,2025-09-17T08:15:00Z,2025-09-17T07:49:33Z,25,30,6,-0.1982,-0.1028,-1.1902,-0.4236,-0.1508,0.004386,0.004816,0.006022,NA,TRUE,TRUE,0.004652,0.004472,3354.3355,14.593133,17.072283,18.318969,14.593133,17.072283,18.318969,1454.7501,1706.8832,1831.1935,1454.7501,1706.8832,1831.1935
S3B_20250924T100815_vs_HYPERNETS_20250924T100000_RHOW_R_pixel.csv,THFR_pixel,Hyp,S3B,3.6641600000000003,43.43485999999999,3.6630140000000004,43.434476999999994,0.1,5,2025-09-24T08:00:00Z,2025-09-24T08:08:15Z,8,30,14,1.1824,0.545,1.3792,2.3134,3.8804,-0.006469,-6.11e-4,0.002882,NA,TRUE,FALSE,0.007579,0.004376,643.9735,0.022726,0.407065,2.31749,0.181404,0.498715,2.31749,2.0072,40.6796,231.035,18.0467,50.0928,231.035
S3B_20250924T100815_vs_HYPERNETS_20250924T101500_RHOW_R_pixel.csv,THFR_pixel,Hyp,S3B,3.6641600000000003,43.43485999999999,3.6630140000000004,43.434476999999994,0.1,5,2025-09-24T08:15:00Z,2025-09-24T08:08:15Z,7,30,14,1.2524,0.4831,1.3376,2.1968,3.6079,-0.006626,-8.9e-4,0.002602,NA,TRUE,FALSE,0.007196,0.004104,1001.0528,-0.018598,0.306885,1.966298,0.132016,0.38908,1.966298,-2.1878,30.6865,195.6962,13.4211,38.7053,195.6962
S3B_20250927T103041_vs_HYPERNETS_20250927T101500_RHOW_R_pixel.csv,THFR_pixel,Hyp,S3B,3.6641600000000003,43.43485999999999,3.665414,43.43541200000001,0.12,5,2025-09-27T08:15:00Z,2025-09-27T08:30:41Z,16,30,7,0.1346,0.1263,0.0926,0.2007,0.4348,3.56e-4,0.001026,0.001335,NA,TRUE,TRUE,0.003946,0.002816,911.1386,1.438685,4.218114,4.5245,2.19143,4.218114,4.5245,23.4924,421.8114,452.2052,386.8106,436.0051,498.6982
S3B_20250927T103041_vs_HYPERNETS_20250927T103000_RHOW_R_pixel.csv,THFR_pixel,Hyp,S3B,3.6641600000000003,43.43485999999999,3.665414,43.43541200000001,0.12,5,2025-09-27T08:30:00Z,2025-09-27T08:30:41Z,1,30,7,0.128,0.1185,0.0882,0.1915,0.4156,3.4e-4,0.001019,0.001332,NA,TRUE,TRUE,0.004195,0.002927,914.931,0.995936,3.163784,3.387592,1.760657,3.163784,3.387592,8.4056,316.3784,338.4297,291.0071,321.7585,450.2953
S3B_20250927T103041_vs_HYPERNETS_20250927T104500_RHOW_R_pixel.csv,THFR_pixel,Hyp,S3B,3.6641600000000003,43.43485999999999,3.665414,43.43541200000001,0.12,5,2025-09-27T08:45:00Z,2025-09-27T08:30:41Z,14,30,7,0.1287,0.152,0.0887,0.1926,0.4181,3.18e-4,0.00101,0.001328,NA,TRUE,TRUE,0.004183,0.002891,416.229,0.670188,2.338764,2.808403,1.434671,2.338764,2.808403,-1.6302,233.8764,279.8362,222.7024,253.2035,421.1107
S3B_20250927T103041_vs_HYPERNETS_20250927T110000_RHOW_R_pixel.csv,THFR_pixel,Hyp,S3B,3.6641600000000003,43.43485999999999,3.665414,43.43541200000001,0.12,5,2025-09-27T09:00:00Z,2025-09-27T08:30:41Z,29,30,7,0.1255,0.1391,0.0871,0.1905,0.4165,2.83e-4,9.98e-4,0.001324,NA,TRUE,TRUE,0.004271,0.002896,432.6679,0.375725,1.635176,1.962381,1.143569,1.635176,1.962381,-13.6399,163.5176,195.2804,167.9399,214.2249,368.0848
S3B_20251001T102655_vs_HYPERNETS_20251001T100000_RHOW_R_pixel.csv,THFR_pixel,Hyp,S3B,3.6641600000000003,43.43485999999999,3.664667,43.43463,0.05,5,2025-10-01T08:00:00Z,2025-10-01T08:26:55Z,27,30,14,1.2055,0.5394,1.0959,1.674,2.5569,-0.001967,6.54e-4,0.002369,NA,TRUE,FALSE,0.00422,0.002658,627.8406,0.170911,0.446661,2.688299,0.186296,0.446661,2.688299,17.0849,44.48,258.9969,20.0344,44.48,258.9969
S3B_20251001T102655_vs_HYPERNETS_20251001T101500_RHOW_R_pixel.csv,THFR_pixel,Hyp,S3B,3.6641600000000003,43.43485999999999,3.664667,43.43463,0.05,5,2025-10-01T08:15:00Z,2025-10-01T08:26:55Z,12,30,13,1.1776,0.8263,1.0651,1.6843,2.6634,-0.002466,6.24e-4,0.002578,NA,TRUE,FALSE,0.004383,0.002784,166.5091,0.162799,0.374548,1.40411,0.162799,0.374548,1.40411,16.2799,37.4548,140.411,16.2799,37.4548,140.411
S3B_20251001T102655_vs_HYPERNETS_20251001T103000_RHOW_R_pixel.csv,THFR_pixel,Hyp,S3B,3.6641600000000003,43.43485999999999,3.664667,43.43463,0.05,5,2025-10-01T08:30:00Z,2025-10-01T08:26:55Z,3,30,13,1.1876,0.8824,1.0656,1.6753,2.6339,-0.002587,5.16e-4,0.00249,NA,TRUE,FALSE,0.004301,0.002707,140.6616,0.145904,0.364004,1.302847,0.180651,0.364004,1.302847,14.5904,36.4004,130.2847,18.1958,36.4004,130.2847
S3B_20251001T102655_vs_HYPERNETS_20251001T104500_RHOW_R_pixel.csv,THFR_pixel,Hyp,S3B,3.6641600000000003,43.43485999999999,3.664667,43.43463,0.05,5,2025-10-01T08:45:00Z,2025-10-01T08:26:55Z,18,30,14,1.2061,0.5963,1.0837,1.6399,2.4816,-0.002093,5.23e-4,0.002252,NA,TRUE,FALSE,0.004076,0.002523,403.259,0.122517,0.387848,2.38563,0.161809,0.387848,2.38563,12.2499,38.7027,230.8091,16.0812,47.0252,230.8091
S3B_20251002T100044_vs_HYPERNETS_20251002T094500_RHOW_R_pixel.csv,THFR_pixel,Hyp,S3B,3.6641600000000003,43.43485999999999,3.662425,43.435496,0.16,5,2025-10-02T07:45:00Z,2025-10-02T08:00:44Z,16,30,14,0.7167,0.1359,0.63,0.9328,1.3812,-1.34e-4,0.001281,0.002237,NA,FALSE,FALSE,0.002209,0.001571,10222.7813,-0.101637,0.238681,1.64349,0.105331,0.320328,1.64349,-11.3136,22.3463,164.044,11.776,34.5112,164.044
S3B_20251002T100044_vs_HYPERNETS_20251002T100000_RHOW_R_pixel.csv,THFR_pixel,Hyp,S3B,3.6641600000000003,43.43485999999999,3.662425,43.435496,0.16,5,2025-10-02T08:00:00Z,2025-10-02T08:00:44Z,1,30,14,0.7268,0.3474,0.6336,0.9283,1.3601,-3.38e-4,0.001111,0.002099,NA,FALSE,FALSE,0.002069,0.001517,324.9398,-0.133687,0.156683,1.336421,0.141289,0.298808,1.336421,-15.4329,14.3621,133.3662,16.4604,35.8979,133.3662
S3B_20251002T100044_vs_HYPERNETS_20251002T101500_RHOW_R_pixel.csv,THFR_pixel,Hyp,S3B,3.6641600000000003,43.43485999999999,3.662425,43.435496,0.16,5,2025-10-02T08:15:00Z,2025-10-02T08:00:44Z,14,30,14,0.7055,0.2741,0.6158,0.9038,1.3263,-1.74e-4,0.001228,0.002183,NA,FALSE,FALSE,0.002127,0.001569,682.6422,-0.133247,0.179592,1.383958,0.137496,0.300504,1.383958,-15.3737,16.6209,138.1579,15.9432,33.9862,138.1579
S3B_20251002T100044_vs_HYPERNETS_20251002T103000_RHOW_R_pixel.csv,THFR_pixel,Hyp,S3B,3.6641600000000003,43.43485999999999,3.662425,43.435496,0.16,5,2025-10-02T08:30:00Z,2025-10-02T08:00:44Z,29,30,14,0.7099,0.2485,0.6141,0.8894,1.288,-2.25e-4,0.001152,0.002104,NA,FALSE,FALSE,0.002021,0.001534,954.6811,-0.156669,0.122856,1.118505,0.160594,0.2682,1.118505,-18.5795,11.1959,111.6975,19.1322,34.1884,111.6975
S3B_20251005T102308_vs_HYPERNETS_20251005T101500_RHOW_R_pixel.csv,THFR_pixel,Hyp,S3B,3.6641600000000003,43.43485999999999,3.665576,43.43547,0.13,5,2025-10-05T08:15:00Z,2025-10-05T08:23:08Z,8,30,14,0.7862,0.5733,0.8782,1.4592,2.4246,-0.004908,-0.001012,0.001333,NA,FALSE,FALSE,0.004275,0.00278,279.3597,-0.50682,-0.241144,0.396688,0.315505,0.501289,0.667523,-102.8034,-32.385,38.9592,46.0945,100.5663,200.8833
S3B_20251005T102308_vs_HYPERNETS_20251005T103000_RHOW_R_pixel.csv,THFR_pixel,Hyp,S3B,3.6641600000000003,43.43485999999999,3.665576,43.43547,0.13,5,2025-10-05T08:30:00Z,2025-10-05T08:23:08Z,7,30,14,0.7947,0.6703,0.8851,1.4696,2.4401,-0.004995,-0.001069,0.001296,NA,FALSE,FALSE,0.004261,0.00277,181.3075,-0.510911,-0.239345,0.369137,0.333667,0.507754,0.667013,-104.4744,-32.0617,35.4683,45.8679,103.1673,200.389
S3B_20251005T102308_vs_HYPERNETS_20251005T104500_RHOW_R_pixel.csv,THFR_pixel,Hyp,S3B,3.6641600000000003,43.43485999999999,3.665576,43.43547,0.13,5,2025-10-05T08:45:00Z,2025-10-05T08:23:08Z,22,30,14,0.8367,0.659,0.8835,1.4463,2.3676,-0.005065,-0.001197,0.001167,NA,FALSE,FALSE,0.004093,0.002724,192.2365,-0.521496,-0.248936,0.260599,0.331258,0.519157,0.669578,-108.9921,-33.6956,24.3095,39.5899,107.9781,198.8509
S3B_20251006T095658_vs_HYPERNETS_20251006T094500_RHOW_R_pixel.csv,THFR_pixel,Hyp,S3B,3.6641600000000003,43.43485999999999,3.6644740000000002,43.435923,0.12,5,2025-10-06T07:45:00Z,2025-10-06T07:56:58Z,12,30,15,0.6073,0.1366,0.5348,0.7627,1.0878,0.002147,0.003251,0.004025,NA,FALSE,TRUE,0.003163,0.002505,851.2499,0.248382,0.641125,6.941305,0.248382,0.641125,6.941305,24.8373,64.1125,521.7607,24.8373,64.1125,521.7607
S3B_20251006T095658_vs_HYPERNETS_20251006T100000_RHOW_R_pixel.csv,THFR_pixel,Hyp,S3B,3.6641600000000003,43.43485999999999,3.6644740000000002,43.435923,0.12,5,2025-10-06T08:00:00Z,2025-10-06T07:56:58Z,3,30,15,0.6157,0.1301,0.5391,0.7621,1.0773,0.002127,0.003214,0.003982,NA,FALSE,TRUE,0.003093,0.002456,1032.7506,0.266662,0.575089,6.184908,0.266662,0.575089,6.184908,26.6656,57.5089,460.7319,26.6656,57.5089,460.7319
S3B_20251006T095658_vs_HYPERNETS_20251006T101500_RHOW_R_pixel.csv,THFR_pixel,Hyp,S3B,3.6641600000000003,43.43485999999999,3.6644740000000002,43.435923,0.12,5,2025-10-06T08:15:00Z,2025-10-06T07:56:58Z,18,30,14,0.6713,0.1922,0.5704,0.7901,1.0946,0.001851,0.00296,0.003761,NA,FALSE,TRUE,0.002812,0.002245,557.5536,0.301424,0.521342,1.581029,0.301424,0.521342,1.581029,30.139,52.0547,158.0696,30.139,52.0547,158.0696
S3B_20251009T101925_vs_HYPERNETS_20251009T100000_RHOW_R_pixel.csv,THFR_pixel,Hyp,S3B,3.6641600000000003,43.43485999999999,3.6635980000000004,43.436716000000004,0.21,5,2025-10-09T08:00:00Z,2025-10-09T08:19:25Z,19,30,2,0.3109,0.5752,NA,0.3109,NA,NA,0.00307,NA,NA,NA,NA,0.006173,0.006155,45.919,-0.464978,-0.45919,-0.453401,0.453401,0.45919,0.464978,-86.9404,-84.95,-82.9808,82.9808,84.95,86.9404
S3B_20251009T101925_vs_HYPERNETS_20251009T101500_RHOW_R_pixel.csv,THFR_pixel,Hyp,S3B,3.6641600000000003,43.43485999999999,3.664145,43.436101,0.14,5,2025-10-09T08:15:00Z,2025-10-09T08:19:25Z,4,30,7,0.4673,0.3431,0.3803,0.4767,0.5976,4.44e-4,9.27e-4,0.001312,NA,TRUE,TRUE,0.00342,0.002345,1227.8461,0.262706,1.372536,2.413503,0.721141,1.372536,2.413503,4.5624,137.2536,241.2497,93.1325,137.2536,241.2497
S3B_20251009T101925_vs_HYPERNETS_20251009T103000_RHOW_R_pixel.csv,THFR_pixel,Hyp,S3B,3.6641600000000003,43.43485999999999,3.664145,43.436101,0.14,5,2025-10-09T08:30:00Z,2025-10-09T08:19:25Z,11,30,7,0.4514,0.439,0.3675,0.4605,0.5769,4.1e-4,8.99e-4,0.001289,NA,TRUE,TRUE,0.003685,0.002448,404.6647,0.105749,1.013279,1.534966,0.585031,1.013279,1.534966,-5.7337,101.3279,153.37,92.095,101.3279,153.37
S3B_20251009T101925_vs_HYPERNETS_20251009T104500_RHOW_R_pixel.csv,THFR_pixel,Hyp,S3B,3.6641600000000003,43.43485999999999,3.664145,43.436101,0.14,5,2025-10-09T08:45:00Z,2025-10-09T08:19:25Z,26,30,7,0.4316,0.3569,0.3521,0.4401,0.5502,4.69e-4,9.42e-4,0.00132,NA,TRUE,TRUE,0.00398,0.002664,1032.7806,0.308707,1.529191,2.724813,0.807609,1.529191,2.724813,3.9168,152.9191,271.0917,107.4388,152.9191,271.0917
S3B_20251010T095314_vs_HYPERNETS_20251010T093000_RHOW_R_pixel.csv,THFR_pixel,Hyp,S3B,3.6641600000000003,43.43485999999999,3.6628819999999997,43.433853,0.15,5,2025-10-10T07:30:00Z,2025-10-10T07:53:14Z,23,30,14,0.8272,0.7131,0.7821,1.225,1.9186,-0.004335,-1.46e-4,0.002528,NA,FALSE,FALSE,0.004648,0.003054,141.7108,-0.343364,-0.101124,1.478028,0.196363,0.44064,1.567326,-53.3172,-11.319,138.8036,24.4374,69.9417,203.7891
S3B_20251010T095314_vs_HYPERNETS_20251010T094500_RHOW_R_pixel.csv,THFR_pixel,Hyp,S3B,3.6641600000000003,43.43485999999999,3.6628819999999997,43.433853,0.15,5,2025-10-10T07:45:00Z,2025-10-10T07:53:14Z,8,30,14,0.8375,0.5442,0.7837,1.2202,1.8999,-0.003656,2.46e-4,0.002752,NA,FALSE,FALSE,0.004669,0.002941,373.7402,-0.28232,-0.084742,1.555523,0.196716,0.367808,1.613257,-39.6893,-9.3131,146.0983,21.7914,51.7054,220.2331
S3B_20251010T095314_vs_HYPERNETS_20251010T100000_RHOW_R_pixel.csv,THFR_pixel,Hyp,S3B,3.6641600000000003,43.43485999999999,3.6628819999999997,43.433853,0.15,5,2025-10-10T08:00:00Z,2025-10-10T07:53:14Z,7,30,14,0.8999,0.521,0.8311,1.2837,1.9827,-0.003575,2.42e-4,0.002713,NA,FALSE,FALSE,0.004646,0.002745,485.0759,-0.231792,-0.029656,1.593582,0.173017,0.324529,1.627849,-30.4459,-3.0868,150.3273,19.8507,48.0696,202.4872
S3B_20251010T095314_vs_HYPERNETS_20251010T101500_RHOW_R_pixel.csv,THFR_pixel,Hyp,S3B,3.6641600000000003,43.43485999999999,3.6628819999999997,43.433853,0.15,5,2025-10-10T08:15:00Z,2025-10-10T07:53:14Z,22,30,14,0.8961,0.5944,0.8371,1.302,2.0253,-0.003498,3.41e-4,0.002809,NA,FALSE,FALSE,0.004775,0.00276,295.8539,-0.213544,-0.005475,1.745324,0.158132,0.337867,1.762704,-27.3794,-0.5632,164.3661,18.9859,42.4419,209.0232
S3B_20251013T101542_vs_HYPERNETS_20251013T100000_RHOW_R_pixel.csv,THFR_pixel,Hyp,S3B,3.6641600000000003,43.43485999999999,3.6629449999999997,43.436001,0.16,5,2025-10-13T08:00:00Z,2025-10-13T08:15:42Z,16,30,14,0.9956,0.5814,1.014,1.6405,2.6541,-0.00377,3.15e-4,0.00284,NA,TRUE,FALSE,0.005538,0.003073,393.8413,-0.030941,0.226742,2.553215,0.153001,0.373094,2.553215,-3.1944,22.5283,246.937,15.4863,37.0364,246.937
S3B_20251013T101542_vs_HYPERNETS_20251013T101500_RHOW_R_pixel.csv,THFR_pixel,Hyp,S3B,3.6641600000000003,43.43485999999999,3.6629449999999997,43.436001,0.16,5,2025-10-13T08:15:00Z,2025-10-13T08:15:42Z,1,30,14,1.0154,0.5988,1.0162,1.6334,2.6255,-0.003944,1.64e-4,0.002719,NA,TRUE,FALSE,0.005422,0.003019,346.0915,-0.059883,0.205485,2.241018,0.140792,0.33156,2.241018,-6.389,20.3695,218.235,14.6759,33.019,218.235
S3B_20251013T101542_vs_HYPERNETS_20251013T103000_RHOW_R_pixel.csv,THFR_pixel,Hyp,S3B,3.6641600000000003,43.43485999999999,3.6629449999999997,43.436001,0.16,5,2025-10-13T08:30:00Z,2025-10-13T08:15:42Z,14,30,14,1.012,0.6401,1.0237,1.6522,2.6665,-0.003921,2.05e-4,0.002762,NA,TRUE,FALSE,0.005496,0.003057,274.9971,-0.047929,0.221257,2.363296,0.146976,0.347564,2.363296,-5.0505,21.945,229.9138,15.2212,34.6232,229.9138
S3B_20251013T101542_vs_HYPERNETS_20251013T104500_RHOW_R_pixel.csv,THFR_pixel,Hyp,S3B,3.6641600000000003,43.43485999999999,3.6629449999999997,43.436001,0.16,5,2025-10-13T08:45:00Z,2025-10-13T08:15:42Z,29,30,14,1.0392,0.606,1.0535,1.7017,2.7486,-0.003703,3.46e-4,0.002852,NA,TRUE,FALSE,0.005612,0.003142,354.0407,0.012638,0.27407,3.171521,0.133834,0.364579,3.171521,1.2633,27.2576,301.5744,14.4136,44.1692,301.5744
S3B_20251014T094931_vs_HYPERNETS_20251014T093000_RHOW_R_pixel.csv,THFR_pixel,Hyp,S3B,3.6641600000000003,43.43485999999999,3.6655640000000003,43.434529,0.12,5,2025-10-14T07:30:00Z,2025-10-14T07:49:31Z,20,30,4,-0.8451,-0.1067,-3.4722,-0.9943,-0.2847,0.002311,0.002685,0.003994,NA,TRUE,TRUE,0.001747,0.001632,1736.7513,1.57551,2.707608,18.49961,1.57551,2.707608,18.49961,156.05,257.6187,800.6279,156.05,257.6187,800.6279
S3B_20251014T094931_vs_HYPERNETS_20251014T094500_RHOW_R_pixel.csv,THFR_pixel,Hyp,S3B,3.6641600000000003,43.43485999999999,3.6655640000000003,43.434529,0.12,5,2025-10-14T07:45:00Z,2025-10-14T07:49:31Z,5,30,4,-1.0014,-0.1797,-4.2657,-1.1919,-0.333,0.00234,0.002802,0.004458,NA,TRUE,TRUE,0.001719,0.001621,626.2116,1.679614,2.660442,7.242945,1.679614,2.660442,7.242945,166.5822,256.5069,548.2395,166.5822,256.5069,548.2395
S3B_20251014T094931_vs_HYPERNETS_20251014T100000_RHOW_R_pixel.csv,THFR_pixel,Hyp,S3B,3.6641600000000003,43.43485999999999,3.6655640000000003,43.434529,0.12,5,2025-10-14T08:00:00Z,2025-10-14T07:49:31Z,10,30,4,-1.0684,-0.1868,-4.6201,-1.2779,-0.3535,0.002341,0.002814,0.004524,NA,TRUE,TRUE,0.001738,0.001648,631.8183,1.834105,2.876873,7.360951,1.834105,2.876873,7.360951,181.942,277.5008,574.2369,181.942,277.5008,574.2369
S3B_20251014T094931_vs_HYPERNETS_20251014T101500_RHOW_R_pixel.csv,THFR_pixel,Hyp,S3B,3.6641600000000003,43.43485999999999,3.6655640000000003,43.434529,0.12,5,2025-10-14T08:15:00Z,2025-10-14T07:49:31Z,25,30,4,-1.2549,-0.1943,-5.5913,-1.5164,-0.4113,0.00234,0.002823,0.004606,NA,TRUE,TRUE,0.001798,0.001723,718.6868,2.3293180000000002,3.605006,8.462556,2.3293180000000002,3.605006,8.462556,231.0921,347.6092,686.3601,231.0921,347.6092,686.3601
S3B_20251017T101157_vs_HYPERNETS_20251017T094500_RHOW_C_pixel.csv,THFR_pixel,Hyp,S3B,3.6641600000000003,43.43485999999999,3.662622,43.435286,0.13,5,2025-10-17T07:45:00Z,2025-10-17T08:11:57Z,27,30,15,1.1741,0.9108,1.5295,2.5454,4.2359,-0.008078,-0.001479,0.002486,NA,TRUE,FALSE,0.009288,0.004847,187.9042,-0.191995,0.249266,2.290645,0.247028,0.318814,2.290645,-24.0266,24.9266,228.8169,28.3569,36.9869,228.8169
S3B_20251017T101157_vs_HYPERNETS_20251017T100000_RHOW_C_pixel.csv,THFR_pixel,Hyp,S3B,3.6641600000000003,43.43485999999999,3.662622,43.435286,0.13,5,2025-10-17T08:00:00Z,2025-10-17T08:11:57Z,12,30,15,1.2738,0.8728,1.5642,2.5786,4.2508,-0.007881,-0.001454,0.002445,NA,TRUE,FALSE,0.009208,0.004831,201.7416,-0.138695,0.336249,2.328874,0.208129,0.367008,2.328874,-16.3889,33.6249,232.0497,26.2915,36.7008,232.0497
S3B_20251017T101157_vs_HYPERNETS_20251017T101500_RHOW_C_pixel.csv,THFR_pixel,Hyp,S3B,3.6641600000000003,43.43485999999999,3.662622,43.435286,0.13,5,2025-10-17T08:15:00Z,2025-10-17T08:11:57Z,3,30,15,1.3478,0.8096,1.6539,2.7261,4.4935,-0.007452,-0.001195,0.002601,NA,TRUE,FALSE,0.009383,0.005013,257.0243,0.044851,0.426356,3.004104,0.135792,0.426356,3.004104,4.4745,42.6356,294.7594,14.6499,43.5422,294.7594
S3B_20251017T101157_vs_HYPERNETS_20251017T103000_RHOW_C_pixel.csv,THFR_pixel,Hyp,S3B,3.6641600000000003,43.43485999999999,3.662622,43.435286,0.13,5,2025-10-17T08:30:00Z,2025-10-17T08:11:57Z,18,30,15,1.5577,1.4258,1.6747,2.6796,4.2875,-0.011295,-0.003888,7.41e-4,NA,TRUE,FALSE,0.008556,0.004595,98.0486,-0.328809,0.064894,0.504637,0.291721,0.461387,0.770351,-49.2664,6.4894,50.4291,34.8821,53.6875,221.1685
S3B_20251028T102658_vs_HYPERNETS_20251028T100000_RHOW_R_pixel.csv,THFR_pixel,Hyp,S3B,3.6641600000000003,43.43485999999999,3.663269,43.433742,0.14,5,2025-10-28T09:00:00Z,2025-10-28T09:26:58Z,27,30,13,0.7717,0.3502,0.6626,0.8105,0.9913,-9.4e-5,5.34e-4,0.001047,NA,TRUE,FALSE,0.001078,9.88e-4,416.0388,-0.227559,-0.138976,0.589436,0.17092,0.38946,0.589436,-29.4597,-16.1408,58.943600000000004,17.5534,58.943600000000004,66.2625
S3B_20251028T102658_vs_HYPERNETS_20251028T101500_RHOW_R_pixel.csv,THFR_pixel,Hyp,S3B,3.6641600000000003,43.43485999999999,3.663269,43.433742,0.14,5,2025-10-28T09:15:00Z,2025-10-28T09:26:58Z,12,30,12,0.8,0.6202,0.6872,0.8312,1.0054,-3.32e-4,3.3e-4,8.77e-4,NA,FALSE,FALSE,0.001005,9.13e-4,70.2331,-0.253852,-0.144283,0.232124,0.147152,0.295495,0.419322,-34.704,-16.8615,22.4086,17.0089,37.3574,63.7515
S3B_20251028T102658_vs_HYPERNETS_20251028T103000_RHOW_R_pixel.csv,THFR_pixel,Hyp,S3B,3.6641600000000003,43.43485999999999,3.663269,43.433742,0.14,5,2025-10-28T09:30:00Z,2025-10-28T09:26:58Z,3,30,12,0.789,0.7245,0.6885,0.8117,0.957,-4.57e-4,1.42e-4,6.5e-4,NA,TRUE,FALSE,0.001119,9.55e-4,45.2228,-0.348059,-0.199087,0.065927,0.193869,0.254619,0.426979,-53.7428,-24.8672,6.3434,22.9988,28.3156,74.5283
S3B_20251028T102658_vs_HYPERNETS_20251028T104500_RHOW_R_pixel.csv,THFR_pixel,Hyp,S3B,3.6641600000000003,43.43485999999999,3.663269,43.433742,0.14,5,2025-10-28T09:45:00Z,2025-10-28T09:26:58Z,18,30,13,0.7303,0.3771,0.6372,0.756,0.8971,-3.73e-4,2.12e-4,7.05e-4,NA,TRUE,FALSE,0.00139,0.001155,271.5368,-0.429099,-0.236803,0.011889,0.221655,0.294097,0.492198,-75.1618,-31.0277,1.1889,28.4777,41.6626,96.9273
S3B_20251109T101545_vs_HYPERNETS_20251109T100000_RHOW_R_pixel.csv,THFR_pixel,Hyp,S3B,3.6641600000000003,43.43485999999999,3.663438,43.434156,0.1,5,2025-11-09T09:00:00Z,2025-11-09T09:15:45Z,16,30,14,0.6386,0.5672,0.5887,0.908,1.4007,-0.00174,-8.8e-5,9.84e-4,NA,FALSE,FALSE,0.002311,0.001824,219.5193,-0.641984,-0.336793,0.277121,0.362454,0.625417,0.780431,-180.166,-50.8931,26.3302,48.032,136.5914,200.7153
S3B_20251109T101545_vs_HYPERNETS_20251109T101500_RHOW_R_pixel.csv,THFR_pixel,Hyp,S3B,3.6641600000000003,43.43485999999999,3.663438,43.434156,0.1,5,2025-11-09T09:15:00Z,2025-11-09T09:15:45Z,1,30,14,0.6696,0.4026,0.6171,0.9518,1.468,-0.001597,5e-6,0.001044,NA,FALSE,FALSE,0.002215,0.001684,919.1523,-0.583857,-0.258939,0.756703,0.284883,0.613149,0.937832,-140.5727,-34.9578,69.5817,39.926,134.1258,205.8553
S3B_20251109T101545_vs_HYPERNETS_20251109T103000_RHOW_R_pixel.csv,THFR_pixel,Hyp,S3B,3.6641600000000003,43.43485999999999,3.663438,43.434156,0.1,5,2025-11-09T09:30:00Z,2025-11-09T09:15:45Z,14,30,13,0.6722,1.0433,0.6101,0.9669,1.5325,-0.002289,-3.03e-4,9.51e-4,NA,FALSE,FALSE,0.002308,0.001793,63.9923,-0.653547,-0.342639,-0.008775,0.301562,0.580062,0.745816,-188.6392,-52.1234,-0.8852,41.1504,132.855,194.0547
S3B_20251109T101545_vs_HYPERNETS_20251109T104500_RHOW_R_pixel.csv,THFR_pixel,Hyp,S3B,3.6641600000000003,43.43485999999999,3.663438,43.434156,0.1,5,2025-11-09T09:45:00Z,2025-11-09T09:15:45Z,29,30,13,0.7061,0.9469,0.6314,0.9902,1.5529,-0.002098,-2.17e-4,9.82e-4,NA,FALSE,FALSE,0.002189,0.001656,64.7071,-0.594573,-0.264146,0.025136,0.264146,0.594573,0.757989,-146.6536,-35.8965,2.5136,35.8965,118.4395,164.3232
S3B_20251117T100817_vs_HYPERNETS_20251117T094500_RHOW_R_pixel.csv,THFR_pixel,Hyp,S3B,3.6641600000000003,43.43485999999999,3.663857,43.43566,0.09,5,2025-11-17T08:45:00Z,2025-11-17T09:08:17Z,23,30,14,0.934,0.5533,0.8463,1.2894,1.9645,-4.97e-4,0.001232,0.002367,NA,FALSE,FALSE,0.003129,0.001973,322.12,0.180293,0.866527,5.006142,0.180293,0.866527,5.006142,17.9937,83.6803,497.2876,17.9937,83.6803,497.2876
S3B_20251117T100817_vs_HYPERNETS_20251117T100000_RHOW_R_pixel.csv,THFR_pixel,Hyp,S3B,3.6641600000000003,43.43485999999999,3.663857,43.43566,0.09,5,2025-11-17T09:00:00Z,2025-11-17T09:08:17Z,8,30,15,0.9282,0.4726,0.8354,1.2222,1.7882,-3.06e-4,0.001176,0.002189,NA,FALSE,FALSE,0.002855,0.001758,571.9715,0.127766,0.966511,3.771862,0.127766,0.966511,3.771862,12.7308,96.6511,370.2053,12.7308,96.6511,370.2053
S3B_20251117T100817_vs_HYPERNETS_20251117T101500_RHOW_R_pixel.csv,THFR_pixel,Hyp,S3B,3.6641600000000003,43.43485999999999,3.663857,43.43566,0.09,5,2025-11-17T09:15:00Z,2025-11-17T09:08:17Z,7,30,15,0.9142,0.392,0.8149,1.1803,1.7096,-3.7e-4,0.0011,0.002115,NA,FALSE,FALSE,0.002715,0.001604,1403.8529,0.080671,0.816364,3.116381,0.080671,0.816364,3.116381,8.0348,81.6364,306.3373,8.0348,81.6364,306.3373
S3B_20251121T100432_vs_HYPERNETS_20251121T101500_RHOW_R_pixel.csv,THFR_pixel,Hyp,S3B,3.6641600000000003,43.43485999999999,3.6623840000000003,43.43517800000001,0.15,5,2025-11-21T09:15:00Z,2025-11-21T09:04:32Z,10,30,10,0.4698,0.8734,1.1968,2.4915,5.1865,-0.010777,-0.001198,0.003403,NA,TRUE,FALSE,0.008514,0.005063,206.9071,-0.020062,0.61022,1.612328,0.321832,0.718176,1.612328,-3.1792,59.2382,161.173,38.7999,111.6324,161.173
S3B_20251121T100432_vs_HYPERNETS_20251121T103000_RHOW_R_pixel.csv,THFR_pixel,Hyp,S3B,3.6641600000000003,43.43485999999999,3.6623840000000003,43.43517800000001,0.15,5,2025-11-21T09:30:00Z,2025-11-21T09:04:32Z,25,30,10,0.4801,0.9345,1.2631,2.6313,5.4816,-0.011154,-0.001373,0.003322,NA,TRUE,FALSE,0.008561,0.005049,204.5525,-0.046279,0.475103,1.595734,0.290111,0.606896,1.595734,-4.9055,46.6653,158.0396,33.5414,86.3979,165.552
S3B_20251125T100049_vs_HYPERNETS_20251125T094500_RHOW_R_pixel.csv,THFR_pixel,Hyp,S3B,3.6641600000000003,43.43485999999999,3.6636140000000004,43.433243999999995,0.19,5,2025-11-25T08:45:00Z,2025-11-25T09:00:49Z,16,30,9,0.9111,0.2532,0.7264,1.3483,2.503,-0.002476,0.002015,0.004435,NA,FALSE,FALSE,0.005228,0.003715,3356.2102,0.180758,2.851488,20.465886,0.244978,2.851488,20.465886,18.0758,285.1488,2046.5886,32.4465,285.1488,2046.5886
S3B_20251129T095705_vs_HYPERNETS_20251129T093000_RHOW_R_pixel.csv,THFR_pixel,Hyp,S3B,3.6641600000000003,43.43485999999999,3.66214,43.434529,0.17,5,2025-11-29T08:30:00Z,2025-11-29T08:57:05Z,27,30,12,0.4943,0.6326,0.6032,1.0913,1.9742,-0.004118,-4.05e-4,0.001647,NA,FALSE,FALSE,0.003782,0.002857,136.1568,-0.582963,-0.325738,0.943785,0.355934,0.633473,1.267991,-146.3838,-48.3541,76.9531,50.1684,176.5746,371.4621
S3B_20251129T095705_vs_HYPERNETS_20251129T094500_RHOW_R_pixel.csv,THFR_pixel,Hyp,S3B,3.6641600000000003,43.43485999999999,3.66214,43.434529,0.17,5,2025-11-29T08:45:00Z,2025-11-29T08:57:05Z,12,30,12,0.5008,0.7353,0.5958,1.0733,1.9335,-0.004367,-5.63e-4,0.001549,NA,FALSE,FALSE,0.003769,0.002896,103.9696,-0.605819,-0.346392,0.569345,0.353706,0.653969,1.184344,-160.8084,-53.0351,36.0815,54.7577,169.4242,304.609
S3B_20251129T095705_vs_HYPERNETS_20251129T100000_RHOW_R_pixel.csv,THFR_pixel,Hyp,S3B,3.6641600000000003,43.43485999999999,3.66214,43.434529,0.17,5,2025-11-29T09:00:00Z,2025-11-29T08:57:05Z,3,30,13,0.4785,0.3991,0.5824,1.0157,1.7715,-0.003314,-1.3e-4,0.001696,NA,FALSE,FALSE,0.003693,0.002949,388.2848,-0.567404,-0.344151,1.79062,0.369889,0.75503,1.79062,-131.1628,-52.474,179.062,58.7022,179.062,308.2134
S3B_20251129T095705_vs_HYPERNETS_20251129T101500_RHOW_R_pixel.csv,THFR_pixel,Hyp,S3B,3.6641600000000003,43.43485999999999,3.66214,43.434529,0.17,5,2025-11-29T09:15:00Z,2025-11-29T08:57:05Z,18,30,13,0.4952,0.3154,0.5857,1.0164,1.7638,-0.00327,-1.26e-4,0.001686,NA,FALSE,FALSE,0.003635,0.002908,830.192,-0.55997,-0.34123,1.843055,0.365216,0.750197,1.843055,-127.2573,-51.7979,184.3055,57.534,184.3055,300.3152
S3B_20251214T100818_vs_HYPERNETS_20251214T094500_RHOW_R_pixel.csv,THFR_pixel,Hyp,S3B,3.6641600000000003,43.43485999999999,3.663876,43.43422699999999,0.07,5,2025-12-14T08:45:00Z,2025-12-14T09:08:18Z,23,30,13,0.2782,0.5755,2.035,3.7871,7.0478,-0.009528,-0.001103,0.003425,NA,TRUE,FALSE,0.011262,0.006179,709.7618,0.114719,0.516893,4.760608,0.244958,0.516893,4.760608,11.4719,51.6893,476.0608,32.443,51.6893,476.0608
S3B_20251214T100818_vs_HYPERNETS_20251214T100000_RHOW_R_pixel.csv,THFR_pixel,Hyp,S3B,3.6641600000000003,43.43485999999999,3.663876,43.43422699999999,0.07,5,2025-12-14T09:00:00Z,2025-12-14T09:08:18Z,8,30,14,0.6528,0.5865,2.1267,3.8199,6.8613,-0.008929,-0.001349,0.002871,NA,TRUE,FALSE,0.010706,0.005753,570.7808,0.091869,0.673366,4.894539,0.158477,0.673366,4.894539,9.1637,66.6452,488.2241,17.4897,66.6452,488.2241
S3B_20251214T100818_vs_HYPERNETS_20251214T101500_RHOW_R_pixel.csv,THFR_pixel,Hyp,S3B,3.6641600000000003,43.43485999999999,3.663876,43.43422699999999,0.07,5,2025-12-14T09:15:00Z,2025-12-14T09:08:18Z,7,30,14,0.8084,0.6644,2.1563,3.8576,6.9011,-0.009392,-0.001646,0.002684,NA,TRUE,FALSE,0.010598,0.0057,455.6038,0.086887,0.664481,4.552171,0.163706,0.664481,4.552171,8.6483,65.8439,454.2655,18.4972,65.8439,454.2655
S3B_20251217T103045_vs_HYPERNETS_20251217T101500_RHOW_R_pixel.csv,THFR_pixel,Hyp,S3B,3.6641600000000003,43.43485999999999,3.6652910000000003,43.434995,0.09,5,2025-12-17T09:15:00Z,2025-12-17T09:30:45Z,16,30,15,0.5698,0.3931,0.8871,1.5064,2.5582,-0.004081,-4.51e-4,0.001687,NA,FALSE,FALSE,0.004958,0.003172,1419.0221,-0.564852,-0.391608,0.490316,0.424394,0.66196,0.923317,-135.7523,-64.3678,36.4177,74.0124,109.037,290.9416
S3B_20251217T103045_vs_HYPERNETS_20251217T103000_RHOW_R_pixel.csv,THFR_pixel,Hyp,S3B,3.6641600000000003,43.43485999999999,3.6652910000000003,43.434995,0.09,5,2025-12-17T09:30:00Z,2025-12-17T09:30:45Z,1,30,15,0.5832,0.5722,0.8617,1.4561,2.4605,-0.003771,-2.93e-4,0.001765,NA,FALSE,FALSE,0.004913,0.003127,522.7798,-0.528339,-0.176015,0.46514,0.180346,0.609787,0.884604,-115.2505,-21.3614,35.6084,22.0044,101.982,278.8061
S3B_20251217T103045_vs_HYPERNETS_20251217T110000_RHOW_R_pixel.csv,THFR_pixel,Hyp,S3B,3.6641600000000003,43.43485999999999,3.6652910000000003,43.434995,0.09,5,2025-12-17T10:00:00Z,2025-12-17T09:30:45Z,29,30,15,0.615,0.6001,0.8511,1.4279,2.3954,-0.00386,-3.83e-4,0.00169,NA,FALSE,FALSE,0.004794,0.003117,470.5016,-0.537468,-0.179557,0.378117,0.201545,0.615766,0.823455,-119.3674,-21.8854,27.7556,25.2895,89.4893,284.8416
S3B_20251218T100434_vs_HYPERNETS_20251218T094500_RHOW_R_pixel.csv,THFR_pixel,Hyp,S3B,3.6641600000000003,43.43485999999999,3.664353,43.434172000000004,0.08,5,2025-12-18T08:45:00Z,2025-12-18T09:04:34Z,20,30,10,-0.2443,0.4966,-6.8847,-3.2756,-1.5584,0.015931,0.021675,0.033749,NA,TRUE,TRUE,0.013775,0.008197,1356.9378,-0.169586,0.206727,14.645025,0.272427,0.483024,14.645025,-22.1334,20.0891,1277.7078,32.9417,98.6078,1277.7078
S3B_20251218T100434_vs_HYPERNETS_20251218T100000_RHOW_R_pixel.csv,THFR_pixel,Hyp,S3B,3.6641600000000003,43.43485999999999,3.664353,43.434172000000004,0.08,5,2025-12-18T09:00:00Z,2025-12-18T09:04:34Z,5,30,10,-0.4701,0.5495,-16.5005,-7.8456,-3.7304,0.015654,0.0211,0.032554,NA,TRUE,TRUE,0.014523,0.009394,3728.6894,1.704231,5.203764,41.117398,1.704231,5.203764,41.117398,169.817,464.8594,3472.5905,169.817,464.8594,3472.5905
S3B_20251229T101931_vs_HYPERNETS_20251229T100000_RHOW_R_pixel.csv,THFR_pixel,Hyp,S3B,3.6641600000000003,43.43485999999999,3.6632540000000002,43.43423,0.1,5,2025-12-29T09:00:00Z,2025-12-29T09:19:31Z,20,30,14,0.6628,0.8676,0.8211,1.3925,2.3616,-0.003057,4.54e-4,0.002524,NA,FALSE,FALSE,0.004724,0.002503,158.3381,-0.221818,5.9e-4,0.951171,0.090171,0.246367,1.018622,-28.5966,0.0584,87.0793,9.5368,32.6968,104.8455
S3B_20251229T101931_vs_HYPERNETS_20251229T101500_RHOW_R_pixel.csv,THFR_pixel,Hyp,S3B,3.6641600000000003,43.43485999999999,3.6632540000000002,43.43423,0.1,5,2025-12-29T09:15:00Z,2025-12-29T09:19:31Z,5,30,14,0.7125,0.9028,0.8149,1.3613,2.274,-0.003239,2.68e-4,0.002367,NA,FALSE,FALSE,0.004489,0.00242,118.7083,-0.242024,-0.033207,0.795173,0.138665,0.269584,0.840857,-32.0402,-3.4362,75.6669,15.5415,36.9197,89.5357
S3B_20251229T101931_vs_HYPERNETS_20251229T103000_RHOW_R_pixel.csv,THFR_pixel,Hyp,S3B,3.6641600000000003,43.43485999999999,3.6632540000000002,43.43423,0.1,5,2025-12-29T09:30:00Z,2025-12-29T09:19:31Z,10,30,14,0.7397,0.987,0.8233,1.3667,2.269,-0.003383,1.49e-4,0.002276,NA,FALSE,FALSE,0.004393,0.002384,105.4576,-0.258804,-0.088742,0.713192,0.140378,0.272841,0.82158,-34.9172,-9.8202,65.8724,16.3961,37.5455,92.8964
S3B_20251229T101931_vs_HYPERNETS_20251229T104500_RHOW_R_pixel.csv,THFR_pixel,Hyp,S3B,3.6641600000000003,43.43485999999999,3.6632540000000002,43.43423,0.1,5,2025-12-29T09:45:00Z,2025-12-29T09:19:31Z,25,30,14,0.7316,0.9922,0.8161,1.3557,2.2518,-0.0034,1.41e-4,0.002273,NA,FALSE,FALSE,0.004392,0.002396,105.1246,-0.277243,-0.100941,0.698269,0.150287,0.286767,0.814742,-38.3621,-11.3084,64.3657,17.7436,40.2128,96.5067
S3B_20251230T095319_vs_HYPERNETS_20251230T094500_RHOW_R_pixel.csv,THFR_pixel,Hyp,S3B,3.6641600000000003,43.43485999999999,3.662892,43.435354000000004,0.12,5,2025-12-30T08:45:00Z,2025-12-30T08:53:19Z,8,30,14,0.4989,0.4319,1.1669,2.0798,3.7068,-0.005484,3.24e-4,0.003582,NA,TRUE,FALSE,0.007989,0.004428,460.915,-0.062245,0.307808,3.952405,0.176113,0.307808,3.952405,-6.6803,30.7582,387.5569,20.6824,30.7582,387.5569
S3B_20251230T095319_vs_HYPERNETS_20251230T100000_RHOW_R_pixel.csv,THFR_pixel,Hyp,S3B,3.6641600000000003,43.43485999999999,3.662892,43.435354000000004,0.12,5,2025-12-30T09:00:00Z,2025-12-30T08:53:19Z,7,30,14,0.5008,0.4265,1.1947,2.1306,3.7997,-0.005315,4.23e-4,0.003641,NA,TRUE,FALSE,0.008056,0.004477,496.5911,-0.026554,0.355415,4.546897,0.160724,0.355415,4.546897,-2.7568,35.4966,442.4324,19.1524,35.4966,442.4324
S3B_20251230T095319_vs_HYPERNETS_20251230T101500_RHOW_R_pixel.csv,THFR_pixel,Hyp,S3B,3.6641600000000003,43.43485999999999,3.662892,43.435354000000004,0.12,5,2025-12-30T09:15:00Z,2025-12-30T08:53:19Z,22,30,14,0.5511,0.3827,1.2135,2.1583,3.8385,-0.005199,4.68e-4,0.003655,NA,TRUE,FALSE,0.008029,0.004481,713.0835,0.037313,0.41337,5.159195,0.11993,0.41337,5.159195,3.7193,41.1426,495.1986,13.6276,41.1426,495.1986
