file_name,site_name,sensor_X,sensor_Y,lon_X,lat_X,lon_Y,lat_Y,dist,dist_limit,dateTime_X,dateTime_Y,diff_time,diff_time_limit,n,Slope,Slope_log,Slope_II_low,Slope_II,Slope_II_high,Slope_II_int_low,Slope_II_int,Slope_II_int_high,Slope_II_p,Slope_II_slope_bias_sig,Slope_II_int_bias_sig,RMSE,MSA,MAPE,MRD_25,MRD_50,MRD_75,MARD_25,MARD_50,MARD_75,Bias_25,Bias_50,Bias_75,Error_25,Error_50,Error_75
SNPP_20240611T131200_vs_HYPERNETS_20240611T124500_RHOW_C.csv,MAFR,Hyp,SNPP,-1.040456,45.547661999999995,-1.0058399999999998,45.538681,2.88,2.25,2024-06-11T10:45:00Z,2024-06-11T11:12:00Z,27,15,5,0.8351,0.8697,0.7962,0.8354,0.8765,0.003346,0.006102,0.008729,NA,TRUE,TRUE,0.00662,0.005577,7.4297,-0.098241,-0.086483,-0.033782,0.053326,0.086483,0.098241,-10.8944,-9.4671,-3.4963,5.3326,9.4671,10.8944
SNPP_20240611T131200_vs_HYPERNETS_20240611T130000_RHOW_C.csv,MAFR,Hyp,SNPP,-1.040456,45.547661999999995,-1.0058399999999998,45.538681,2.88,2.25,2024-06-11T11:00:00Z,2024-06-11T11:12:00Z,12,15,5,0.8304,0.8832,0.8064,0.8305,0.8553,0.003943,0.005628,0.007264,NA,TRUE,TRUE,0.007445,0.006176,7.7924,-0.107624,-0.093136,-0.053925,0.053925,0.093136,0.107624,-12.0604,-10.2701,-5.6998,5.6998,10.2701,12.0604
SNPP_20240611T131200_vs_HYPERNETS_20240611T131500_RHOW_C.csv,MAFR,Hyp,SNPP,-1.040456,45.547661999999995,-1.0058399999999998,45.538681,2.88,2.25,2024-06-11T11:15:00Z,2024-06-11T11:12:00Z,3,15,5,0.8543,0.8917,0.8254,0.8544,0.8845,0.003122,0.005124,0.007057,NA,TRUE,TRUE,0.005955,0.005001,6.5944,-0.089713,-0.075827,-0.039137,0.039137,0.075827,0.089713,-9.8555,-8.2049,-4.0731,4.0731,8.2049,9.8555
SNPP_20240611T131200_vs_HYPERNETS_20240611T133000_RHOW_C.csv,MAFR,Hyp,SNPP,-1.040456,45.547661999999995,-1.0058399999999998,45.538681,2.88,2.25,2024-06-11T11:30:00Z,2024-06-11T11:12:00Z,18,15,5,0.9167,0.8937,0.8277,0.9182,1.0186,-0.001509,0.00476,0.01041,NA,FALSE,FALSE,0.002399,0.001996,4.0261,-0.035334,0.003157,0.015837,0.015837,0.035334,0.037344,-3.6628,0.3157,1.5837,1.5837,3.6628,3.8793
SNPP_20240612T125400_vs_HYPERNETS_20240612T123000_RHOW_C.csv,MAFR,Hyp,SNPP,-1.040456,45.547661999999995,-1.015143,45.539665,2.17,2.25,2024-06-12T10:30:00Z,2024-06-12T10:54:00Z,24,15,5,0.8447,0.8276,0.7165,0.8483,1.0043,-0.0019,0.007453,0.015353,NA,FALSE,FALSE,0.004445,0.003869,7.0876,-0.055293,-0.021347,0.041696,0.041696,0.055293,0.098601,-5.8529,-2.1813,4.1696,4.1696,5.8529,10.9387
SNPP_20240612T125400_vs_HYPERNETS_20240612T131500_RHOW_C.csv,MAFR,Hyp,SNPP,-1.040456,45.547661999999995,-1.015143,45.539665,2.17,2.25,2024-06-12T11:15:00Z,2024-06-12T10:54:00Z,21,15,5,0.9096,0.8327,0.7189,0.9179,1.1721,-0.00753,0.006748,0.01793,NA,FALSE,FALSE,0.00398,0.003824,9.0583,0.024014,0.055562,0.106927,0.055562,0.060434,0.106927,2.4014,5.5562,10.6927,5.5562,6.4321,10.6927
SNPP_20240808T133001_vs_HYPERNETS_20240808T131500_RHOW_C.csv,MAFR,Hyp,SNPP,-1.040456,45.547661999999995,-1.010347,45.534423999999994,2.77,2.25,2024-08-08T11:15:00Z,2024-08-08T11:30:01Z,15,15,5,0.9418,1.5129,0.8735,0.9426,1.0171,-0.02081,-0.015812,-0.01118,NA,FALSE,TRUE,0.019744,0.019663,33.9037,-0.383038,-0.287196,-0.225515,0.225515,0.287196,0.383038,-62.0846,-40.2911,-29.118,29.118,40.2911,62.0846
SNPP_20240808T133001_vs_HYPERNETS_20240808T133000_RHOW_C.csv,MAFR,Hyp,SNPP,-1.040456,45.547661999999995,-1.010347,45.534423999999994,2.77,2.25,2024-08-08T11:30:00Z,2024-08-08T11:30:01Z,0,15,5,1.0007,1.5367,0.8832,1.0032,1.1394,-0.02531,-0.016615,-0.00896,NA,FALSE,TRUE,0.016498,0.016413,30.6073,-0.358182,-0.257489,-0.189568,0.189568,0.257489,0.358182,-55.8074,-34.6781,-23.3909,23.3909,34.6781,55.8074
SNPP_20240808T133001_vs_HYPERNETS_20240808T134500_RHOW_C.csv,MAFR,Hyp,SNPP,-1.040456,45.547661999999995,-1.010347,45.534423999999994,2.77,2.25,2024-08-08T11:45:00Z,2024-08-08T11:30:01Z,15,15,5,1.0513,1.599,0.8988,1.0554,1.2392,-0.030553,-0.018989,-0.009141,NA,FALSE,TRUE,0.015691,0.015505,29.7799,-0.360673,-0.25558,-0.170019,0.170019,0.25558,0.360673,-56.4145,-34.3327,-20.4846,20.4846,34.3327,56.4145
SNPP_20240809T130601_vs_HYPERNETS_20240809T124600_RHOW_C.csv,MAFR,Hyp,SNPP,-1.040456,45.547661999999995,-1.0119349999999998,45.539283999999995,2.41,2.25,2024-08-09T10:46:00Z,2024-08-09T11:06:01Z,20,15,5,0.7969,0.9223,0.694,0.7993,0.9205,-0.004628,0.003738,0.011001,NA,TRUE,FALSE,0.011591,0.010111,13.5682,-0.146725,-0.128839,-0.118739,0.118739,0.128839,0.146725,-17.1955,-14.7894,-13.4738,13.4738,14.7894,17.1955
SNPP_20240809T130601_vs_HYPERNETS_20240809T130000_RHOW_C.csv,MAFR,Hyp,SNPP,-1.040456,45.547661999999995,-1.0119349999999998,45.539283999999995,2.41,2.25,2024-08-09T11:00:00Z,2024-08-09T11:06:01Z,6,15,5,0.8162,0.9837,0.7688,0.8167,0.8675,-0.002709,8.99e-4,0.004296,NA,TRUE,FALSE,0.013052,0.012116,16.87,-0.17536,-0.169161,-0.158786,0.158786,0.169161,0.17536,-21.2651,-20.3602,-18.8758,18.8758,20.3602,21.2651
SNPP_20240809T130601_vs_HYPERNETS_20240809T131500_RHOW_C.csv,MAFR,Hyp,SNPP,-1.040456,45.547661999999995,-1.0119349999999998,45.539283999999995,2.41,2.25,2024-08-09T11:15:00Z,2024-08-09T11:06:01Z,9,15,5,0.8338,0.9607,0.7842,0.8343,0.8875,-0.001658,0.001975,0.005389,NA,TRUE,FALSE,0.010277,0.009329,13.1698,-0.142953,-0.128725,-0.127458,0.127458,0.128725,0.142953,-16.6797,-14.7744,-14.6076,14.6076,14.7744,16.6797
SNPP_20240809T130601_vs_HYPERNETS_20240809T133100_RHOW_C.csv,MAFR,Hyp,SNPP,-1.040456,45.547661999999995,-1.0119349999999998,45.539283999999995,2.41,2.25,2024-08-09T11:31:00Z,2024-08-09T11:06:01Z,25,15,5,0.8551,0.9563,0.7514,0.8573,0.9781,-0.006022,0.001996,0.009023,NA,TRUE,FALSE,0.008438,0.007472,10.6912,-0.13184,-0.110417,-0.084107,0.084107,0.110417,0.13184,-15.1862,-12.4122,-9.1831,9.1831,12.4122,15.1862
SNPP_20240810T124800_vs_HYPERNETS_20240810T123100_RHOW_C.csv,MAFR,Hyp,SNPP,-1.040456,45.547661999999995,-1.0179009999999997,45.544525,1.79,2.25,2024-08-10T10:31:00Z,2024-08-10T10:48:00Z,17,15,5,0.8631,1.013,0.7515,0.8657,0.9973,-0.008908,-2.95e-4,0.007182,NA,TRUE,FALSE,0.009789,0.009084,14.0085,-0.149291,-0.149208,-0.147094,0.147094,0.149208,0.149291,-17.5491,-17.5376,-17.2462,17.2462,17.5376,17.5491
SNPP_20240810T124800_vs_HYPERNETS_20240810T131500_RHOW_C.csv,MAFR,Hyp,SNPP,-1.040456,45.547661999999995,-1.0179009999999997,45.544525,1.79,2.25,2024-08-10T11:15:00Z,2024-08-10T10:48:00Z,27,15,5,0.8551,1.0112,0.7518,0.8573,0.9776,-0.008341,-3.77e-4,0.006607,NA,TRUE,FALSE,0.010534,0.009822,14.9608,-0.159124,-0.156506,-0.153845,0.153845,0.156506,0.159124,-18.9236,-18.5545,-18.1816,18.1816,18.5545,18.9236
SNPP_20240827T123000_vs_HYPERNETS_20240827T120000_RHOW_C.csv,MAFR,Hyp,SNPP,-1.040456,45.547661999999995,-1.007255,45.539997,2.73,2.25,2024-08-27T10:00:00Z,2024-08-27T10:30:00Z,30,15,5,0.9077,0.842,0.5243,0.9721,1.8025,-0.027891,0.00542,0.023385,NA,FALSE,FALSE,0.007363,0.004504,15.1219,0.024865,0.046472,0.046507,0.024865,0.046472,0.046507,2.4865,4.6472,4.6507,2.4865,4.6472,4.6507
SNPP_20240827T123000_vs_HYPERNETS_20240827T121500_RHOW_C.csv,MAFR,Hyp,SNPP,-1.040456,45.547661999999995,-1.007255,45.539997,2.73,2.25,2024-08-27T10:15:00Z,2024-08-27T10:30:00Z,15,15,5,0.904,1.0493,0.6615,0.9194,1.2779,-0.017447,-9.2e-5,0.012395,NA,FALSE,FALSE,0.005241,0.004978,10.9638,-0.107037,-0.098057,-0.095453,0.095453,0.098057,0.107037,-11.9867,-10.8718,-10.5525,10.5525,10.8718,11.9867
SNPP_20240827T123000_vs_HYPERNETS_20240827T123000_RHOW_C.csv,MAFR,Hyp,SNPP,-1.040456,45.547661999999995,-1.007255,45.539997,2.73,2.25,2024-08-27T10:30:00Z,2024-08-27T10:30:00Z,0,15,5,0.8743,0.9899,0.6808,0.8834,1.1464,-0.010507,0.002092,0.011801,NA,FALSE,FALSE,0.004778,0.004274,8.8576,-0.101186,-0.09301,-0.082957,0.082957,0.09301,0.101186,-11.2578,-10.2548,-9.0462,9.0462,10.2548,11.2578
SNPP_20240827T123000_vs_HYPERNETS_20240827T124600_RHOW_C.csv,MAFR,Hyp,SNPP,-1.040456,45.547661999999995,-1.007255,45.539997,2.73,2.25,2024-08-27T10:46:00Z,2024-08-27T10:30:00Z,16,15,5,0.6896,0.9865,0.497,0.7027,0.9936,-0.019434,-7.42e-4,0.012479,NA,TRUE,FALSE,0.021312,0.019843,30.7817,-0.315008,-0.298507,-0.26645,0.26645,0.298507,0.315008,-45.9872,-42.5531,-36.3234,36.3234,42.5531,45.9872
SNPP_20240827T123000_vs_HYPERNETS_20240827T130000_RHOW_C.csv,MAFR,Hyp,SNPP,-1.040456,45.547661999999995,-1.007255,45.539997,2.73,2.25,2024-08-27T11:00:00Z,2024-08-27T10:30:00Z,30,15,5,0.8705,0.9863,0.6896,0.8783,1.1188,-0.009204,0.00232,0.011367,NA,FALSE,FALSE,0.004754,0.004129,8.4233,-0.103902,-0.092113,-0.073785,0.073785,0.092113,0.103902,-11.5949,-10.1459,-7.9663,7.9663,10.1459,11.5949
SNPP_20240928T123000_vs_HYPERNETS_20240928T121500_RHOW_C.csv,MAFR,Hyp,SNPP,-1.040456,45.547661999999995,-1.0090379999999999,45.542542000000005,2.51,2.25,2024-09-28T10:15:00Z,2024-09-28T10:30:00Z,15,15,5,0.6511,0.7988,0.4696,0.6634,0.9372,-0.007172,0.005985,0.015298,NA,TRUE,FALSE,0.012536,0.010189,18.6435,-0.268354,-0.223229,-0.122703,0.122703,0.223229,0.268354,-36.6781,-28.738,-13.9864,13.9864,28.738,36.6781
SNPP_20240928T123000_vs_HYPERNETS_20240928T123000_RHOW_C.csv,MAFR,Hyp,SNPP,-1.040456,45.547661999999995,-1.0090379999999999,45.542542000000005,2.51,2.25,2024-09-28T10:30:00Z,2024-09-28T10:30:00Z,0,15,5,0.691,0.8065,0.5356,0.6985,0.9109,-0.003523,0.006128,0.013528,NA,TRUE,FALSE,0.009707,0.007797,14.9615,-0.217665,-0.195121,-0.0892,0.0892,0.195121,0.217665,-27.8225,-24.2423,-9.7936,9.7936,24.2423,27.8225
SNPP_20240928T123000_vs_HYPERNETS_20240928T124500_RHOW_C.csv,MAFR,Hyp,SNPP,-1.040456,45.547661999999995,-1.0090379999999999,45.542542000000005,2.51,2.25,2024-09-28T10:45:00Z,2024-09-28T10:30:00Z,15,15,5,0.71,0.7917,0.5227,0.7215,0.9961,-0.005708,0.006301,0.015,NA,TRUE,FALSE,0.008215,0.006666,13.9086,-0.197817,-0.152935,-0.042446,0.086362,0.152935,0.197817,-24.6598,-18.0546,-4.4327,8.6362,18.0546,24.6598
SNPP_20240928T123000_vs_HYPERNETS_20240928T130000_RHOW_C.csv,MAFR,Hyp,SNPP,-1.040456,45.547661999999995,-1.0090379999999999,45.542542000000005,2.51,2.25,2024-09-28T11:00:00Z,2024-09-28T10:30:00Z,30,15,5,0.742,0.8082,0.5809,0.7494,0.9668,-0.003163,0.006061,0.013211,NA,TRUE,FALSE,0.006666,0.005442,11.8324,-0.158557,-0.13721,-0.033021,0.09615,0.13721,0.158557,-18.8434,-15.9031,-3.4149,9.615,15.9031,18.8434
SNPP_20241211T124200_vs_HYPERNETS_20241211T121500_RHOW_C.csv,MAFR,Hyp,SNPP,-1.040456,45.547661999999995,-1.0134389999999998,45.53857000000001,2.34,2.25,2024-12-11T11:15:00Z,2024-12-11T11:42:00Z,27,15,5,0.6109,0.7779,0.4931,0.6155,0.7682,-0.001582,0.00998,0.019244,NA,TRUE,FALSE,0.022645,0.01913,22.1304,-0.279841,-0.248156,-0.165005,0.165005,0.248156,0.279841,-38.8582,-33.0064,-19.7612,19.7612,33.0064,38.8582
SNPP_20241211T124200_vs_HYPERNETS_20241211T123000_RHOW_C.csv,MAFR,Hyp,SNPP,-1.040456,45.547661999999995,-1.0134389999999998,45.53857000000001,2.34,2.25,2024-12-11T11:30:00Z,2024-12-11T11:42:00Z,12,15,5,0.6741,0.8137,0.5638,0.6775,0.8143,-0.001447,0.008295,0.016401,NA,TRUE,FALSE,0.017351,0.01468,18.057,-0.229103,-0.204492,-0.13323,0.13323,0.204492,0.229103,-29.7191,-25.7058,-15.3708,15.3708,25.7058,29.7191
SNPP_20241211T124200_vs_HYPERNETS_20241211T124500_RHOW_C.csv,MAFR,Hyp,SNPP,-1.040456,45.547661999999995,-1.0134389999999998,45.53857000000001,2.34,2.25,2024-12-11T11:45:00Z,2024-12-11T11:42:00Z,3,15,5,0.7386,0.8497,0.6611,0.74,0.8282,7.01e-4,0.006653,0.011971,NA,TRUE,TRUE,0.012812,0.010889,14.1602,-0.184047,-0.172655,-0.102009,0.102009,0.172655,0.184047,-22.5561,-20.8686,-11.3597,11.3597,20.8686,22.5561
SNPP_20241211T124200_vs_HYPERNETS_20241211T130000_RHOW_C.csv,MAFR,Hyp,SNPP,-1.040456,45.547661999999995,-1.0134389999999998,45.53857000000001,2.34,2.25,2024-12-11T12:00:00Z,2024-12-11T11:42:00Z,18,15,5,0.6964,0.8269,0.6277,0.6976,0.7753,0.002196,0.007645,0.012548,NA,TRUE,TRUE,0.015882,0.013564,17.025,-0.221242,-0.206981,-0.13193,0.13193,0.206981,0.221242,-28.4096,-26.1003,-15.1981,15.1981,26.1003,28.4096
JPSS1_20240531T120600_vs_HYPERNETS_20240531T114500_RHOW_C.csv,MAFR,Hyp,JPSS1,-1.040456,45.547661999999995,-0.9987900000000001,45.543296999999995,3.28,2.25,2024-05-31T09:45:00Z,2024-05-31T10:06:00Z,21,15,5,0.6746,0.6255,0.4146,0.7085,1.2107,-0.007484,0.007713,0.016606,NA,FALSE,FALSE,0.005798,0.005353,22.0563,-0.15007,-0.092545,0.133392,0.133392,0.15007,0.195486,-17.6567,-10.1983,13.3392,13.3392,17.6567,24.2987
JPSS1_20240531T120600_vs_HYPERNETS_20240531T120000_RHOW_C.csv,MAFR,Hyp,JPSS1,-1.040456,45.547661999999995,-0.9987900000000001,45.543296999999995,3.28,2.25,2024-05-31T10:00:00Z,2024-05-31T10:06:00Z,6,15,5,0.6695,0.5962,0.4001,0.7088,1.2556,-0.008333,0.007992,0.017208,NA,FALSE,FALSE,0.005925,0.00547,24.1108,-0.142947,-0.078442,0.161669,0.142947,0.161669,0.205486,-16.6789,-8.5118,16.1669,16.1669,16.6789,25.8632
JPSS1_20240531T120600_vs_HYPERNETS_20240531T121500_RHOW_C.csv,MAFR,Hyp,JPSS1,-1.040456,45.547661999999995,-0.9987900000000001,45.543296999999995,3.28,2.25,2024-05-31T10:15:00Z,2024-05-31T10:06:00Z,9,15,5,0.5917,0.6164,0.339,0.6356,1.1918,-0.013321,0.006501,0.017073,NA,FALSE,FALSE,0.010008,0.008521,23.851,-0.258792,-0.212146,-0.043256,0.212146,0.258792,0.302529,-34.9148,-26.9271,-4.5211,26.9271,30.2529,34.9148
JPSS1_20240531T120600_vs_HYPERNETS_20240531T123000_RHOW_C.csv,MAFR,Hyp,JPSS1,-1.040456,45.547661999999995,-0.9987900000000001,45.543296999999995,3.28,2.25,2024-05-31T10:30:00Z,2024-05-31T10:06:00Z,24,15,5,0.4805,0.5417,0.2586,0.5312,1.091,-0.01577,0.00728,0.018503,NA,FALSE,FALSE,0.0163,0.013634,30.6816,-0.367286,-0.307636,-0.13767,0.225114,0.307636,0.367286,-58.0492,-44.4326,-15.9649,22.5114,44.4326,58.0492
JPSS1_20240605T121201_vs_HYPERNETS_20240605T114500_RHOW_C.csv,MAFR,Hyp,JPSS1,-1.040456,45.547661999999995,-1.001445,45.534656999999996,3.37,2.25,2024-06-05T09:45:00Z,2024-06-05T10:12:01Z,27,15,5,0.7684,1.0826,0.6891,0.7698,0.8599,-0.008348,-0.002037,0.003612,NA,TRUE,FALSE,0.019449,0.018161,26.879,-0.268846,-0.248922,-0.243435,0.243435,0.248922,0.268846,-36.7701,-33.142,-32.1763,32.1763,33.142,36.7701
JPSS1_20240605T121201_vs_HYPERNETS_20240605T121500_RHOW_C.csv,MAFR,Hyp,JPSS1,-1.040456,45.547661999999995,-1.001445,45.534656999999996,3.37,2.25,2024-06-05T10:15:00Z,2024-06-05T10:12:01Z,3,15,5,0.7701,1.1071,0.6609,0.773,0.9041,-0.012218,-0.002923,0.005024,NA,TRUE,FALSE,0.020275,0.019021,28.0123,-0.284926,-0.264663,-0.240796,0.240796,0.264663,0.284926,-39.8457,-35.992,-31.717,31.717,35.992,39.8457
JPSS1_20240605T121201_vs_HYPERNETS_20240605T123000_RHOW_C.csv,MAFR,Hyp,JPSS1,-1.040456,45.547661999999995,-1.001445,45.534656999999996,3.37,2.25,2024-06-05T10:30:00Z,2024-06-05T10:12:01Z,18,15,5,0.8344,1.0907,0.7546,0.8357,0.9256,-0.008365,-0.002514,0.002768,NA,TRUE,FALSE,0.014005,0.013204,21.4486,-0.206247,-0.201896,-0.19889,0.19889,0.201896,0.206247,-25.9838,-25.2969,-24.8268,24.8268,25.2969,25.9838
JPSS1_20240619T124800_vs_HYPERNETS_20240619T123000_RHOW_C.csv,MAFR,Hyp,JPSS1,-1.040456,45.547661999999995,-1.017852,45.53911200000001,2,2.25,2024-06-19T10:30:00Z,2024-06-19T10:48:00Z,18,15,5,0.8493,0.9463,0.6839,0.8558,1.0708,-0.005738,6.95e-4,0.005835,NA,FALSE,FALSE,0.004488,0.00362,11.1605,-0.13425,-0.119324,-0.053286,0.053286,0.119324,0.13425,-15.5068,-13.5491,-5.6286,5.6286,13.5491,15.5068
JPSS1_20240713T133601_vs_HYPERNETS_20240713T131500_RHOW_C.csv,MAFR,Hyp,JPSS1,-1.040456,45.547661999999995,-1.024545,45.53157,2.18,2.25,2024-07-13T11:15:00Z,2024-07-13T11:36:01Z,21,15,5,0.8596,1.1763,0.8134,0.86,0.9092,-0.0087,-0.005994,-0.003435,NA,TRUE,TRUE,0.014018,0.013687,26.7769,-0.268244,-0.262288,-0.242292,0.242292,0.262288,0.268244,-36.6576,-35.5543,-31.9769,31.9769,35.5543,36.6576
JPSS1_20240713T133601_vs_HYPERNETS_20240713T140000_RHOW_C.csv,MAFR,Hyp,JPSS1,-1.040456,45.547661999999995,-1.024545,45.53157,2.18,2.25,2024-07-13T12:00:00Z,2024-07-13T11:36:01Z,24,15,5,1.1878,1.0955,1.0682,1.1899,1.3253,-0.008156,-0.003107,0.001427,NA,TRUE,FALSE,0.005018,0.004019,9.2681,0.062987,0.117479,0.131463,0.062987,0.117479,0.131463,6.2987,11.7479,13.1463,6.2987,11.7479,13.1463
JPSS1_20240721T124800_vs_HYPERNETS_20240721T123100_RHOW_C.csv,MAFR,Hyp,JPSS1,-1.040456,45.547661999999995,-1.0134109999999998,45.539260999999996,2.31,2.25,2024-07-21T10:31:00Z,2024-07-21T10:48:00Z,17,15,5,0.4273,0.3284,0.2068,0.6183,1.8491,-0.05237,0.022852,0.048005,NA,FALSE,FALSE,0.01704,0.01455,29.2622,-0.08763,0.06951,0.264451,0.08763,0.264451,0.379299,-9.6047,6.951,26.4451,9.6047,26.4451,61.1081
JPSS1_20240810T131200_vs_HYPERNETS_20240810T124500_RHOW_C.csv,MAFR,Hyp,JPSS1,-1.040456,45.547661999999995,-1.007237,45.55526699999999,2.72,2.25,2024-08-10T10:45:00Z,2024-08-10T11:12:00Z,27,15,5,0.8565,1.2596,0.6556,0.8668,1.1459,-0.027128,-0.008362,0.005833,NA,FALSE,FALSE,0.018005,0.017317,28.1014,-0.307036,-0.281119,-0.236471,0.236471,0.281119,0.307036,-44.3076,-39.1051,-30.9709,30.9709,39.1051,44.3076
JPSS1_20240810T131200_vs_HYPERNETS_20240810T130100_RHOW_C.csv,MAFR,Hyp,JPSS1,-1.040456,45.547661999999995,-1.007237,45.55526699999999,2.72,2.25,2024-08-10T11:01:00Z,2024-08-10T11:12:00Z,11,15,5,0.8752,1.2718,0.7583,0.878,1.0166,-0.01854,-0.009209,-0.001149,NA,FALSE,TRUE,0.017784,0.017425,28.3609,-0.301789,-0.267189,-0.224578,0.224578,0.267189,0.301789,-43.2233,-36.4608,-28.962,28.962,36.4608,43.2233
JPSS1_20240810T131200_vs_HYPERNETS_20240810T131500_RHOW_C.csv,MAFR,Hyp,JPSS1,-1.040456,45.547661999999995,-1.007237,45.55526699999999,2.72,2.25,2024-08-10T11:15:00Z,2024-08-10T11:12:00Z,3,15,5,0.8639,1.2589,0.7502,0.8666,1.0011,-0.017808,-0.00871,-8.34e-4,NA,FALSE,TRUE,0.018139,0.017731,28.6123,-0.302122,-0.270839,-0.230215,0.230215,0.270839,0.302122,-43.2916,-37.144,-29.9064,29.9064,37.144,43.2916
JPSS1_20240810T131200_vs_HYPERNETS_20240810T133000_RHOW_C.csv,MAFR,Hyp,JPSS1,-1.040456,45.547661999999995,-1.007237,45.55526699999999,2.72,2.25,2024-08-10T11:30:00Z,2024-08-10T11:12:00Z,18,15,5,0.8188,1.2122,0.7464,0.8199,0.9006,-0.012573,-0.006972,-0.001872,NA,TRUE,TRUE,0.020086,0.019467,30.1228,-0.30689,-0.28285,-0.254054,0.254054,0.28285,0.30689,-44.2773,-39.4407,-34.058,34.058,39.4407,44.2773
JPSS1_20240811T125400_vs_HYPERNETS_20240811T123000_RHOW_C.csv,MAFR,Hyp,JPSS1,-1.040456,45.547661999999995,-1.0137019999999999,45.540245,2.24,2.25,2024-08-11T10:30:00Z,2024-08-11T10:54:00Z,24,15,5,0.7941,0.8123,0.5965,0.8052,1.0869,-0.009804,0.007004,0.019456,NA,FALSE,FALSE,0.007167,0.005542,8.3997,-0.106711,-0.057079,8.01e-4,0.057079,0.076821,0.106711,-11.9458,-6.0534,0.0801,6.0534,7.6821,11.9458
JPSS1_20240811T125400_vs_HYPERNETS_20240811T131600_RHOW_C.csv,MAFR,Hyp,JPSS1,-1.040456,45.547661999999995,-1.0137019999999999,45.540245,2.24,2.25,2024-08-11T11:16:00Z,2024-08-11T10:54:00Z,22,15,5,0.7196,0.779,0.5077,0.7354,1.0652,-0.013118,0.007988,0.02256,NA,FALSE,FALSE,0.011866,0.00938,12.5121,-0.16782,-0.115486,-0.05032,0.05032,0.115486,0.16782,-20.1663,-13.0565,-5.2986,5.2986,13.0565,20.1663
JPSS1_20240912T125400_vs_HYPERNETS_20240912T123000_RHOW_C.csv,MAFR,Hyp,JPSS1,-1.040456,45.547661999999995,-1.018371,45.538879,1.98,2.25,2024-09-12T10:30:00Z,2024-09-12T10:54:00Z,24,15,5,0.8522,1.3119,0.7327,0.8552,0.9982,-0.012677,-0.006811,-0.001785,NA,TRUE,TRUE,0.013108,0.012752,34.5791,-0.341659,-0.321192,-0.285342,0.285342,0.321192,0.341659,-51.897,-47.317,-39.9271,39.9271,47.317,51.897
JPSS1_20240912T125400_vs_HYPERNETS_20240912T131500_RHOW_C.csv,MAFR,Hyp,JPSS1,-1.040456,45.547661999999995,-1.018371,45.538879,1.98,2.25,2024-09-12T11:15:00Z,2024-09-12T10:54:00Z,21,15,5,1.0902,1.2166,0.8602,1.1004,1.4076,-0.014491,-0.005156,0.002142,NA,FALSE,FALSE,0.003264,0.002457,11.6524,-0.112146,-0.057703,0.010702,0.017595,0.057703,0.112146,-12.6311,-6.1236,1.0702,1.7595,6.1236,12.6311
JPSS1_20240915T120001_vs_HYPERNETS_20240915T114500_RHOW_R.csv,MAFR,Hyp,JPSS1,-1.040456,45.547661999999995,-1.015353,45.536652000000004,2.31,2.25,2024-09-15T09:45:00Z,2024-09-15T10:00:01Z,15,15,5,0.7302,1.378,0.5619,0.7386,0.9709,-0.011995,-0.004346,0.001473,NA,TRUE,FALSE,0.013719,0.012952,42.6636,-0.408166,-0.371268,-0.343475,0.343475,0.371268,0.408166,-68.9664,-59.0503,-52.3171,52.3171,59.0503,68.9664
JPSS1_20240915T120001_vs_HYPERNETS_20240915T120000_RHOW_R.csv,MAFR,Hyp,JPSS1,-1.040456,45.547661999999995,-1.015353,45.536652000000004,2.31,2.25,2024-09-15T10:00:00Z,2024-09-15T10:00:01Z,0,15,5,0.7294,1.4347,0.5475,0.7397,0.9996,-0.014439,-0.005493,0.001127,NA,TRUE,FALSE,0.015168,0.014454,45.391,-0.443947,-0.394171,-0.364226,0.364226,0.394171,0.443947,-79.8391,-65.0632,-57.2886,57.2886,65.0632,79.8391
JPSS1_20240915T120001_vs_HYPERNETS_20240915T121500_RHOW_R.csv,MAFR,Hyp,JPSS1,-1.040456,45.547661999999995,-1.015353,45.536652000000004,2.31,2.25,2024-09-15T10:15:00Z,2024-09-15T10:00:01Z,15,15,5,0.7377,1.3376,0.5627,0.7469,0.9913,-0.011671,-0.003869,0.00201,NA,TRUE,FALSE,0.012733,0.01195,40.6114,-0.390901,-0.36164,-0.325359,0.325359,0.36164,0.390901,-64.177,-56.6514,-48.2269,48.2269,56.6514,64.177
JPSS1_20240915T120001_vs_HYPERNETS_20240915T123000_RHOW_R.csv,MAFR,Hyp,JPSS1,-1.040456,45.547661999999995,-1.015353,45.536652000000004,2.31,2.25,2024-09-15T10:30:00Z,2024-09-15T10:00:01Z,30,15,5,0.7875,1.3355,0.5487,0.8063,1.1849,-0.0165,-0.004845,0.003086,NA,FALSE,FALSE,0.011486,0.010807,38.1872,-0.391161,-0.343908,-0.281224,0.281224,0.343908,0.391161,-64.247,-52.4176,-39.1255,39.1255,52.4176,64.247
JPSS1_20240928T125401_vs_HYPERNETS_20240928T123000_RHOW_C.csv,MAFR,Hyp,JPSS1,-1.040456,45.547661999999995,-1.0138009999999997,45.53915000000001,2.28,2.25,2024-09-28T10:30:00Z,2024-09-28T10:54:01Z,24,15,5,0.8009,0.9623,0.6379,0.8077,1.0226,-0.009099,8.48e-4,0.008705,NA,FALSE,FALSE,0.009136,0.008052,16.897,-0.190726,-0.158178,-0.123672,0.123672,0.158178,0.190726,-23.5676,-18.79,-14.1125,14.1125,18.79,23.5676
JPSS1_20240928T125401_vs_HYPERNETS_20240928T124500_RHOW_C.csv,MAFR,Hyp,JPSS1,-1.040456,45.547661999999995,-1.0138009999999997,45.53915000000001,2.28,2.25,2024-09-28T10:45:00Z,2024-09-28T10:54:01Z,9,15,5,0.8241,0.9451,0.6225,0.8352,1.1205,-0.011716,0.001002,0.010481,NA,FALSE,FALSE,0.007566,0.006345,13.4899,-0.162969,-0.119287,-0.078902,0.078902,0.119287,0.162969,-19.4698,-13.5444,-8.5661,8.5661,13.5444,19.4698
JPSS1_20240928T125401_vs_HYPERNETS_20240928T130000_RHOW_C.csv,MAFR,Hyp,JPSS1,-1.040456,45.547661999999995,-1.0138009999999997,45.53915000000001,2.28,2.25,2024-09-28T11:00:00Z,2024-09-28T10:54:01Z,6,15,5,0.8649,0.973,0.6982,0.8713,1.0874,-0.008892,4.72e-4,0.007975,NA,FALSE,FALSE,0.005948,0.005104,11.4112,-0.130656,-0.10288,-0.069876,0.069876,0.10288,0.130656,-15.0292,-11.4678,-7.5125,7.5125,11.4678,15.0292
JPSS1_20240928T125401_vs_HYPERNETS_20240928T131500_RHOW_C.csv,MAFR,Hyp,JPSS1,-1.040456,45.547661999999995,-1.0138009999999997,45.53915000000001,2.28,2.25,2024-09-28T11:15:00Z,2024-09-28T10:54:01Z,21,15,5,1.1176,0.9296,0.938,1.123,1.3446,-0.003895,0.003047,0.008844,NA,FALSE,FALSE,0.007252,0.006901,23.7233,0.158755,0.241181,0.30349,0.158755,0.241181,0.30349,15.8755,24.1181,30.349,15.8755,24.1181,30.349
JPSS1_20241004T124201_vs_HYPERNETS_20241004T121500_RHOW_C.csv,MAFR,Hyp,JPSS1,-1.040456,45.547661999999995,-1.0191679999999999,45.546505,1.66,2.25,2024-10-04T10:15:00Z,2024-10-04T10:42:01Z,27,15,5,0.6281,1.2793,0.5313,0.6309,0.7491,-0.015663,-0.006616,0.001003,NA,TRUE,FALSE,0.036572,0.034855,47.5385,-0.473151,-0.448557,-0.443725,0.443725,0.448557,0.473151,-89.8076,-81.3423,-79.7672,79.7672,81.3423,89.8076
JPSS1_20241004T124201_vs_HYPERNETS_20241004T130000_RHOW_C.csv,MAFR,Hyp,JPSS1,-1.040456,45.547661999999995,-1.0191679999999999,45.546505,1.66,2.25,2024-10-04T11:00:00Z,2024-10-04T10:42:01Z,18,15,5,0.4692,0.962,0.2713,0.5023,0.9301,-0.028629,0.003691,0.021146,NA,TRUE,FALSE,0.039727,0.033914,43.7769,-0.495949,-0.400362,-0.378831,0.378831,0.400362,0.495949,-98.3924,-66.7673,-60.9869,60.9869,66.7673,98.3924
JPSS1_20241010T123001_vs_HYPERNETS_20241010T121500_RHOW_C.csv,MAFR,Hyp,JPSS1,-1.040456,45.547661999999995,-1.0054639999999997,45.539683999999994,2.87,2.25,2024-10-10T10:15:00Z,2024-10-10T10:30:01Z,15,15,5,0.5733,0.7178,0.4429,0.5797,0.7588,4.64e-4,0.013922,0.024203,NA,TRUE,TRUE,0.02139,0.017657,20.1916,-0.289882,-0.215928,-0.134963,0.134963,0.215928,0.289882,-40.8217,-27.5393,-15.602,15.602,27.5393,40.8217
JPSS1_20241010T123001_vs_HYPERNETS_20241010T123000_RHOW_C.csv,MAFR,Hyp,JPSS1,-1.040456,45.547661999999995,-1.0054639999999997,45.539683999999994,2.87,2.25,2024-10-10T10:30:00Z,2024-10-10T10:30:01Z,0,15,5,0.5764,0.6878,0.3818,0.5953,0.9281,-0.009173,0.014729,0.03006,NA,TRUE,FALSE,0.018773,0.014453,16.2522,-0.243701,-0.157189,-0.075283,0.075283,0.157189,0.243701,-32.2229,-18.6506,-8.1412,8.1412,18.6506,32.2229
JPSS1_20241011T121201_vs_HYPERNETS_20241011T114500_RHOW_C.csv,MAFR,Hyp,JPSS1,-1.040456,45.547661999999995,-1.0035279999999998,45.540596,2.98,2.25,2024-10-11T09:45:00Z,2024-10-11T10:12:01Z,27,15,5,0.6323,0.9128,0.5872,0.6328,0.6818,8.32e-4,0.003428,0.005836,NA,TRUE,TRUE,0.018064,0.016001,29.115,-0.31627,-0.279772,-0.26444,0.26444,0.279772,0.31627,-46.2566,-38.8449,-35.9508,35.9508,38.8449,46.2566
JPSS1_20241011T121201_vs_HYPERNETS_20241011T120000_RHOW_C.csv,MAFR,Hyp,JPSS1,-1.040456,45.547661999999995,-1.0035279999999998,45.540596,2.98,2.25,2024-10-11T10:00:00Z,2024-10-11T10:12:01Z,12,15,5,0.7128,0.8897,0.6527,0.7137,0.7803,0.001404,0.004437,0.00721,NA,TRUE,TRUE,0.010383,0.00859,17.109,-0.206382,-0.138552,-0.138187,0.138187,0.138552,0.206382,-26.0052,-16.0836,-16.0345,16.0345,16.0836,26.0052
JPSS1_20241011T121201_vs_HYPERNETS_20241011T121500_RHOW_C.csv,MAFR,Hyp,JPSS1,-1.040456,45.547661999999995,-1.0035279999999998,45.540596,2.98,2.25,2024-10-11T10:15:00Z,2024-10-11T10:12:01Z,3,15,5,0.6584,0.8484,0.5943,0.6595,0.7318,0.001984,0.005436,0.008547,NA,TRUE,TRUE,0.013158,0.010813,20.2276,-0.248395,-0.204753,-0.163292,0.163292,0.204753,0.248395,-33.0485,-25.747,-19.516,19.516,25.747,33.0485
JPSS1_20241011T121201_vs_HYPERNETS_20241011T123000_RHOW_C.csv,MAFR,Hyp,JPSS1,-1.040456,45.547661999999995,-1.0035279999999998,45.540596,2.98,2.25,2024-10-11T10:30:00Z,2024-10-11T10:12:01Z,18,15,5,0.6984,0.8829,0.645,0.699,0.7576,0.001817,0.00453,0.007032,NA,TRUE,TRUE,0.011291,0.009409,18.4683,-0.225178,-0.153929,-0.152568,0.152568,0.153929,0.225178,-29.0619,-18.1933,-18.0036,18.0036,18.1933,29.0619
JPSS1_20241023T132401_vs_HYPERNETS_20241023T130000_RHOW_C.csv,MAFR,Hyp,JPSS1,-1.040456,45.547661999999995,-1.008106,45.533820999999996,2.96,2.25,2024-10-23T11:00:00Z,2024-10-23T11:24:01Z,24,15,5,0.8295,1.7097,0.7519,0.8308,0.9179,-0.026518,-0.01924,-0.012653,NA,TRUE,TRUE,0.033923,0.033377,45.5532,-0.477975,-0.392606,-0.346738,0.346738,0.392606,0.477975,-91.5615,-64.6377,-53.0779,53.0779,64.6377,91.5615
JPSS1_20241023T132401_vs_HYPERNETS_20241023T131500_RHOW_C.csv,MAFR,Hyp,JPSS1,-1.040456,45.547661999999995,-1.008106,45.533820999999996,2.96,2.25,2024-10-23T11:15:00Z,2024-10-23T11:24:01Z,9,15,5,0.7656,1.5967,0.6147,0.7717,0.9686,-0.031708,-0.015059,-0.001795,NA,TRUE,TRUE,0.035616,0.03436,45.8202,-0.467286,-0.390486,-0.382548,0.382548,0.390486,0.467286,-87.718,-64.0652,-61.9559,61.9559,64.0652,87.718
JPSS1_20241023T132401_vs_HYPERNETS_20241023T133000_RHOW_C.csv,MAFR,Hyp,JPSS1,-1.040456,45.547661999999995,-1.008106,45.533820999999996,2.96,2.25,2024-10-23T11:30:00Z,2024-10-23T11:24:01Z,6,15,5,0.8076,1.5436,0.697,0.8103,0.9421,-0.023824,-0.013475000000000001,-0.004575,NA,TRUE,TRUE,0.029264,0.02837,41.552,-0.411166,-0.345079,-0.33238,0.33238,0.345079,0.411166,-69.8272,-52.6902,-49.7858,49.7858,52.6902,69.8272
JPSS1_20241023T132401_vs_HYPERNETS_20241023T134500_RHOW_C.csv,MAFR,Hyp,JPSS1,-1.040456,45.547661999999995,-1.008106,45.533820999999996,2.96,2.25,2024-10-23T11:45:00Z,2024-10-23T11:24:01Z,21,15,5,0.8544,1.7329,0.7708,0.8558,0.9503,-0.028032,-0.020259,-0.013259,NA,TRUE,TRUE,0.03253,0.032124,44.8169,-0.477048,-0.397359,-0.323299,0.323299,0.397359,0.477048,-91.2222,-65.9362,-47.7757,47.7757,65.9362,91.2222
JPSS1_20241024T130601_vs_HYPERNETS_20241024T124500_RHOW_R.csv,MAFR,Hyp,JPSS1,-1.040456,45.547661999999995,-1.010105,45.540065999999996,2.51,2.25,2024-10-24T10:45:00Z,2024-10-24T11:06:01Z,21,15,5,0.553,1.4006,0.4227,0.5597,0.7412,-0.02299,-0.008433,0.00256,NA,TRUE,FALSE,0.046091,0.043745,56.9478,-0.563843,-0.556711,-0.508678,0.508678,0.556711,0.563843,-129.2753,-125.5867,-103.5326,103.5326,125.5867,129.2753
JPSS1_20241024T130601_vs_HYPERNETS_20241024T130000_RHOW_R.csv,MAFR,Hyp,JPSS1,-1.040456,45.547661999999995,-1.010105,45.540065999999996,2.51,2.25,2024-10-24T11:00:00Z,2024-10-24T11:06:01Z,6,15,5,0.5436,1.3721,0.3697,0.5587,0.8442,-0.030577,-0.007906,0.007097,NA,TRUE,FALSE,0.045543,0.042949,56.3574,-0.579982,-0.547861,-0.492654,0.492654,0.547861,0.579982,-138.0851,-121.1709,-97.104,97.104,121.1709,138.0851
JPSS1_20241105T124201_vs_HYPERNETS_20241105T121500_RHOW_C.csv,MAFR,Hyp,JPSS1,-1.040456,45.547661999999995,-1.020066,45.556107,1.85,2.25,2024-11-05T11:15:00Z,2024-11-05T11:42:01Z,27,15,5,0.5529,1.4608,0.513,0.5533,0.5969,-0.014523,-0.010709,-0.007174,NA,TRUE,TRUE,0.052302,0.049841,59.7518,-0.609516,-0.571495,-0.536469,0.536469,0.571495,0.609516,-156.0925,-133.3697,-115.7353,115.7353,133.3697,156.0925
JPSS1_20241105T124201_vs_HYPERNETS_20241105T130000_RHOW_C.csv,MAFR,Hyp,JPSS1,-1.040456,45.547661999999995,-1.020066,45.556107,1.85,2.25,2024-11-05T12:00:00Z,2024-11-05T11:42:01Z,18,15,5,0.6113,1.3877,0.5644,0.6119,0.6634,-0.012321,-0.008434,-0.004848,NA,TRUE,TRUE,0.039739,0.03773,53.0113,-0.535274,-0.491359,-0.469939,0.469939,0.491359,0.535274,-115.1803,-96.6023,-88.6575,88.6575,96.6023,115.1803
JPSS1_20241211T130601_vs_HYPERNETS_20241211T124500_RHOW_C.csv,MAFR,Hyp,JPSS1,-1.040456,45.547661999999995,-1.0111029999999999,45.537845999999995,2.54,2.25,2024-12-11T11:45:00Z,2024-12-11T12:06:01Z,21,15,5,0.833,1.1012,0.7607,0.834,0.9143,-0.009114,-0.003569,0.00149,NA,TRUE,FALSE,0.015707,0.01503,22.8772,-0.225182,-0.215322,-0.201772,0.201772,0.215322,0.225182,-29.0626,-27.4409,-25.2775,25.2775,27.4409,29.0626
JPSS1_20241211T130601_vs_HYPERNETS_20241211T130000_RHOW_C.csv,MAFR,Hyp,JPSS1,-1.040456,45.547661999999995,-1.0111029999999999,45.537845999999995,2.54,2.25,2024-12-11T12:00:00Z,2024-12-11T12:06:01Z,6,15,5,0.7915,1.0775,0.7241,0.7925,0.8674,-0.00802,-0.002665,0.002228,NA,TRUE,FALSE,0.018478,0.017505,25.3231,-0.254015,-0.244412,-0.226532,0.226532,0.244412,0.254015,-34.051,-32.3472,-29.2879,29.2879,32.3472,34.051
JPSS1_20241211T130601_vs_HYPERNETS_20241211T131500_RHOW_C.csv,MAFR,Hyp,JPSS1,-1.040456,45.547661999999995,-1.0111029999999999,45.537845999999995,2.54,2.25,2024-12-11T12:15:00Z,2024-12-11T12:06:01Z,9,15,5,0.9478,1.1249,0.8704,0.9488,1.0344,-0.009653,-0.004388,4.42e-4,NA,FALSE,FALSE,0.007705,0.007537,13.7372,-0.13667,-0.120436,-0.102481,0.102481,0.120436,0.13667,-15.8305,-13.6927,-11.4182,11.4182,13.6927,15.8305
JPSS1_20241211T130601_vs_HYPERNETS_20241211T133000_RHOW_C.csv,MAFR,Hyp,JPSS1,-1.040456,45.547661999999995,-1.0111029999999999,45.537845999999995,2.54,2.25,2024-12-11T12:30:00Z,2024-12-11T12:06:01Z,24,15,5,1.0468,1.113,0.9051,1.0503,1.2187,-0.014009,-0.004607,0.003495,NA,FALSE,FALSE,0.002728,0.002313,5.3709,-0.062013,-0.023384,-0.020386,0.020386,0.023384,0.062013,-6.6113,-2.3944,-2.081,2.081,2.3944,6.6113
JPSS1_20250112T130601_vs_HYPERNETS_20250112T124500_RHOW_R.csv,MAFR,Hyp,JPSS1,-1.040456,45.547661999999995,-1.015,45.536907,2.32,2.25,2025-01-12T11:45:00Z,2025-01-12T12:06:01Z,21,15,5,0.7637,1.5743,0.6671,0.7659,0.8793,-0.025603,-0.015702,-0.007077,NA,TRUE,TRUE,0.037306,0.036137,46.5387,-0.483098,-0.404064,-0.382529,0.382529,0.404064,0.483098,-93.4601,-67.8033,-61.9509,61.9509,67.8033,93.4601
JPSS1_20250112T130601_vs_HYPERNETS_20250112T130000_RHOW_R.csv,MAFR,Hyp,JPSS1,-1.040456,45.547661999999995,-1.015,45.536907,2.32,2.25,2025-01-12T12:00:00Z,2025-01-12T12:06:01Z,6,15,5,0.8008,1.6364,0.7361,0.8016,0.873,-0.024132,-0.017974,-0.01232,NA,TRUE,TRUE,0.035852,0.035084,46.0838,-0.486693,-0.403125,-0.358517,0.358517,0.403125,0.486693,-94.8153,-67.5393,-55.8889,55.8889,67.5393,94.8153
JPSS1_20250112T130601_vs_HYPERNETS_20250112T131500_RHOW_R.csv,MAFR,Hyp,JPSS1,-1.040456,45.547661999999995,-1.015,45.536907,2.32,2.25,2025-01-12T12:15:00Z,2025-01-12T12:06:01Z,9,15,5,0.7748,1.6579,0.7249,0.7753,0.8292,-0.023772,-0.018902,-0.014349,NA,TRUE,TRUE,0.040129,0.039209,48.62,-0.512878,-0.441242,-0.371367,0.371367,0.441242,0.512878,-105.2872,-78.9685,-59.0754,59.0754,78.9685,105.2872
JPSS1_20250112T130601_vs_HYPERNETS_20250112T133000_RHOW_R.csv,MAFR,Hyp,JPSS1,-1.040456,45.547661999999995,-1.015,45.536907,2.32,2.25,2025-01-12T12:30:00Z,2025-01-12T12:06:01Z,24,15,5,0.8591,1.6922,0.7713,0.8606,0.9603,-0.028843,-0.020539,-0.013096,NA,TRUE,TRUE,0.032548,0.032148,44.3841,-0.482167,-0.404439,-0.317373,0.317373,0.404439,0.482167,-93.1125,-67.9089,-46.4928,46.4928,67.9089,93.1125
JPSS1_20250225T124201_vs_HYPERNETS_20250225T121500_RHOW_C.csv,MAFR,Hyp,JPSS1,-1.040456,45.547661999999995,-1.0125239999999998,45.53599200000001,2.54,2.25,2025-02-25T11:15:00Z,2025-02-25T11:42:01Z,27,15,5,0.6239,0.8084,0.4986,0.629,0.7935,-0.004579,0.009699,0.021017,NA,TRUE,FALSE,0.025856,0.022503,23.6272,-0.282976,-0.243871,-0.193204,0.193204,0.243871,0.282976,-39.4654,-32.2525,-23.9471,23.9471,32.2525,39.4654
JPSS1_20250225T124201_vs_HYPERNETS_20250225T124500_RHOW_C.csv,MAFR,Hyp,JPSS1,-1.040456,45.547661999999995,-1.0125239999999998,45.53599200000001,2.54,2.25,2025-02-25T11:45:00Z,2025-02-25T11:42:01Z,3,15,5,0.6942,0.8511,0.6556,0.6945,0.7358,0.004684,0.008029,0.011186,NA,TRUE,TRUE,0.019082,0.01672,18.8933,-0.225135,-0.206999,-0.171531,0.171531,0.206999,0.225135,-29.0547,-26.1033,-20.7046,20.7046,26.1033,29.0547
JPSS1_20250310T133601_vs_HYPERNETS_20250310T131500_RHOW_C.csv,MAFR,Hyp,JPSS1,-1.040456,45.547661999999995,-1.022189,45.524151,2.98,2.25,2025-03-10T12:15:00Z,2025-03-10T12:36:01Z,21,15,5,0.9417,1.5604,0.8319,0.944,1.0712,-0.02415,-0.015945,-0.008713,NA,FALSE,TRUE,0.01966,0.019559,34.2157,-0.360956,-0.281064,-0.257697,0.257697,0.281064,0.360956,-56.4837,-39.0945,-34.7158,34.7158,39.0945,56.4837
JPSS1_20250310T133601_vs_HYPERNETS_20250310T133000_RHOW_C.csv,MAFR,Hyp,JPSS1,-1.040456,45.547661999999995,-1.022189,45.524151,2.98,2.25,2025-03-10T12:30:00Z,2025-03-10T12:36:01Z,6,15,5,1.2234,1.5738,1.0424,1.2283,1.4474,-0.027035,-0.016141,-0.006896,NA,TRUE,TRUE,0.006466,0.004785,14.6691,-0.176704,-0.070075,-0.021183,0.021183,0.070075,0.176704,-21.463,-7.5355,-2.1642,2.1642,7.5355,21.463
JPSS1_20250408T125400_vs_HYPERNETS_20250408T123000_RHOW_C.csv,MAFR,Hyp,JPSS1,-1.040456,45.547661999999995,-1.017753,45.538929,2.02,2.25,2025-04-08T10:30:00Z,2025-04-08T10:54:00Z,24,15,5,0.8737,1.2173,0.751,0.8769,1.0239,-0.017227,-0.008106,-2.94e-4,NA,FALSE,TRUE,0.016127,0.015744,27.5318,-0.311774,-0.255063,-0.21368,0.21368,0.255063,0.311774,-45.301,-34.2395,-27.1747,27.1747,34.2395,45.301
JPSS1_20250408T125400_vs_HYPERNETS_20250408T131500_RHOW_C.csv,MAFR,Hyp,JPSS1,-1.040456,45.547661999999995,-1.017753,45.538929,2.02,2.25,2025-04-08T11:15:00Z,2025-04-08T10:54:00Z,21,15,5,1.0735,1.2885,1.0219,1.0739,1.1285,-0.012997,-0.010126,-0.007393,NA,TRUE,TRUE,0.006431,0.006244,14.882,-0.157075,-0.123878,-0.09596,0.09596,0.123878,0.157075,-18.6345,-14.1393,-10.6146,10.6146,14.1393,18.6345
JPSS1_20250424T125401_vs_HYPERNETS_20250424T123000_RHOW_C.csv,MAFR,Hyp,JPSS1,-1.040456,45.547661999999995,-1.014981,45.539866999999994,2.17,2.25,2025-04-24T10:30:00Z,2025-04-24T10:54:01Z,24,15,5,0.7545,0.6508,0.5275,0.7722,1.1304,-0.00534,0.016117,0.030774,NA,FALSE,FALSE,0.007398,0.006448,15.2802,-0.052124,0.027682,0.170254,0.052124,0.081553,0.170254,-5.4991,2.7682,17.0254,5.4991,8.8794,17.0254
JPSS1_20250424T125401_vs_HYPERNETS_20250424T131500_RHOW_C.csv,MAFR,Hyp,JPSS1,-1.040456,45.547661999999995,-1.014981,45.539866999999994,2.17,2.25,2025-04-24T11:15:00Z,2025-04-24T10:54:01Z,21,15,5,0.9165,0.6831,0.6405,0.9379,1.3735,-0.008762,0.013795,0.029198000000000002,NA,FALSE,FALSE,0.011386,0.010581,25.8865,0.121186,0.186217,0.321475,0.121186,0.186217,0.321475,12.1186,18.6217,32.1475,12.1186,18.6217,32.1475
JPSS1_20250425T123601_vs_HYPERNETS_20250425T121500_RHOW_C.csv,MAFR,Hyp,JPSS1,-1.040456,45.547661999999995,-1.011286,45.539219,2.46,2.25,2025-04-25T10:15:00Z,2025-04-25T10:36:01Z,21,15,5,0.7614,0.8218,0.5378,0.778,1.1255,-0.016216,0.008865,0.026202,NA,FALSE,FALSE,0.010632,0.007449,8.2047,-0.112061,-0.053473,-0.007086,0.021319,0.053473,0.112061,-12.6203,-5.6494,-0.7137,2.1319,5.6494,12.6203
JPSS1_20250425T123601_vs_HYPERNETS_20250425T123000_RHOW_C.csv,MAFR,Hyp,JPSS1,-1.040456,45.547661999999995,-1.011286,45.539219,2.46,2.25,2025-04-25T10:30:00Z,2025-04-25T10:36:01Z,6,15,5,0.808,0.8311,0.7249,0.8094,0.9038,0.003138,0.009601,0.015388,NA,TRUE,TRUE,0.006246,0.005139,7.0452,-0.096592,-0.041359,0.029303,0.041359,0.085986,0.096592,-10.6919,-4.3144,2.9303,4.3144,8.5986,10.6919
JPSS1_20250425T123601_vs_HYPERNETS_20250425T124500_RHOW_C.csv,MAFR,Hyp,JPSS1,-1.040456,45.547661999999995,-1.011286,45.539219,2.46,2.25,2025-04-25T10:45:00Z,2025-04-25T10:36:01Z,9,15,5,0.844,0.8593,0.7896,0.8446,0.9034,0.004512,0.008449,0.01213,NA,TRUE,TRUE,0.004461,0.003729,5.474,-0.05335,-0.025992,0.037817,0.037817,0.05335,0.078093,-5.6357,-2.6686,3.7817,3.7817,5.6357,7.8451
JPSS1_20250425T123601_vs_HYPERNETS_20250425T130000_RHOW_C.csv,MAFR,Hyp,JPSS1,-1.040456,45.547661999999995,-1.011286,45.539219,2.46,2.25,2025-04-25T11:00:00Z,2025-04-25T10:36:01Z,24,15,5,0.8016,0.837,0.5927,0.8143,1.1188,-0.013027,0.008213,0.023673,NA,FALSE,FALSE,0.007959,0.005723,7.0068,-0.084079,-0.028882,0.018442,0.028882,0.045737,0.084079,-9.1797,-2.9741,1.8442,2.9741,4.5737,9.1797
JPSS1_20250514T131801_vs_HYPERNETS_20250514T130000_RHOW_C.csv,MAFR,Hyp,JPSS1,-1.040456,45.547661999999995,-1.0189599999999999,45.536533000000006,2.08,2.25,2025-05-14T11:00:00Z,2025-05-14T11:18:01Z,18,15,5,0.7522,0.843,0.5425,0.7664,1.0827,-0.015469,0.006267,0.021654,NA,FALSE,FALSE,0.012628,0.009784,11.8358,-0.140431,-0.107961,-0.069163,0.069163,0.107961,0.140431,-16.3374,-12.1027,-7.4302,7.4302,12.1027,16.3374
JPSS1_20250518T134200_vs_HYPERNETS_20250518T131500_RHOW_C.csv,MAFR,Hyp,JPSS1,-1.040456,45.547661999999995,-1.015955,45.52955200000001,2.78,2.25,2025-05-18T11:15:00Z,2025-05-18T11:42:00Z,27,15,5,0.9767,1.7313,0.8723,0.9786,1.0979,-0.023266,-0.016258,-0.010012,NA,FALSE,TRUE,0.017586,0.017515,36.2231,-0.375566,-0.28076,-0.260724,0.260724,0.28076,0.375566,-60.145,-39.0356,-35.2675,35.2675,39.0356,60.145
JPSS1_20250518T134200_vs_HYPERNETS_20250518T133000_RHOW_C.csv,MAFR,Hyp,JPSS1,-1.040456,45.547661999999995,-1.015955,45.52955200000001,2.78,2.25,2025-05-18T11:30:00Z,2025-05-18T11:42:00Z,12,15,5,1.0857,1.7774,0.9993,1.0869,1.1821,-0.02268,-0.017531,-0.012796,NA,FALSE,TRUE,0.013012,0.012834,30.8171,-0.331351,-0.206815,-0.20361,0.20361,0.206815,0.331351,-49.5552,-26.074,-25.5667,25.5667,26.074,49.5552
JPSS1_20250518T134200_vs_HYPERNETS_20250518T134500_RHOW_C.csv,MAFR,Hyp,JPSS1,-1.040456,45.547661999999995,-1.015955,45.52955200000001,2.78,2.25,2025-05-18T11:45:00Z,2025-05-18T11:42:00Z,3,15,5,1.4692,1.5661,1.264,1.4744,1.7199,-0.019724,-0.011023,-0.003563,NA,TRUE,TRUE,0.009672,0.008438,25.196,0.094739,0.183891,0.242497,0.183891,0.242497,0.276494,9.4739,18.3891,24.2497,18.3891,24.2497,27.6494
JPSS1_20250518T134200_vs_HYPERNETS_20250518T140000_RHOW_C.csv,MAFR,Hyp,JPSS1,-1.040456,45.547661999999995,-1.015955,45.52955200000001,2.78,2.25,2025-05-18T12:00:00Z,2025-05-18T11:42:00Z,18,15,5,1.3255,1.8818,1.2898,1.3256,1.3624,-0.022512,-0.020791,-0.019117,NA,TRUE,TRUE,0.008021,0.006869,22.0827,-0.254011,-0.094637,-0.06388,0.06388,0.094637,0.254011,-34.0503,-10.453,-6.8239,6.8239,10.453,34.0503
JPSS1_20250616T130000_vs_HYPERNETS_20250616T123000_RHOW_C.csv,MAFR,Hyp,JPSS1,-1.040456,45.547661999999995,-1.0048839999999999,45.543448999999995,2.81,2.25,2025-06-16T10:30:00Z,2025-06-16T11:00:00Z,30,15,5,0.5442,0.9104,0.3449,0.5673,0.9332,-0.032443,9e-4,0.021171,NA,TRUE,FALSE,0.041988,0.038535,41.55,-0.39856,-0.394155,-0.382862,0.382862,0.394155,0.39856,-66.2676,-65.0586,-62.0382,62.0382,65.0586,66.2676
JPSS1_20250616T130000_vs_HYPERNETS_20250616T124500_RHOW_C.csv,MAFR,Hyp,JPSS1,-1.040456,45.547661999999995,-1.0048839999999999,45.543448999999995,2.81,2.25,2025-06-16T10:45:00Z,2025-06-16T11:00:00Z,15,15,5,0.5998,0.9278,0.4184,0.614,0.901,-0.023277,8.93e-4,0.017364,NA,TRUE,FALSE,0.034347,0.031611,36.9158,-0.358851,-0.346602,-0.34416,0.34416,0.346602,0.358851,-55.97,-53.046,-52.4763,52.4763,53.046,55.97
JPSS1_20250616T130000_vs_HYPERNETS_20250616T130000_RHOW_C.csv,MAFR,Hyp,JPSS1,-1.040456,45.547661999999995,-1.0048839999999999,45.543448999999995,2.81,2.25,2025-06-16T11:00:00Z,2025-06-16T11:00:00Z,0,15,5,0.6577,0.8898,0.4992,0.6662,0.8891,-0.013201,0.003297,0.015659,NA,TRUE,FALSE,0.023856,0.021404,27.6649,-0.291372,-0.264432,-0.237971,0.237971,0.264432,0.291372,-41.1178,-35.9494,-31.2286,31.2286,35.9494,41.1178
JPSS1_20250616T130000_vs_HYPERNETS_20250616T131500_RHOW_C.csv,MAFR,Hyp,JPSS1,-1.040456,45.547661999999995,-1.0048839999999999,45.543448999999995,2.81,2.25,2025-06-16T11:15:00Z,2025-06-16T11:00:00Z,15,15,5,0.7106,0.8824,0.4911,0.7284,1.0805,-0.021066,0.002936,0.019117,NA,FALSE,FALSE,0.01794,0.01558,21.4067,-0.219478,-0.187445,-0.166691,0.166691,0.187445,0.219478,-28.1194,-23.0686,-20.0035,20.0035,23.0686,28.1194
JPSS1_20250616T130000_vs_HYPERNETS_20250616T133000_RHOW_C.csv,MAFR,Hyp,JPSS1,-1.040456,45.547661999999995,-1.0048839999999999,45.543448999999995,2.81,2.25,2025-06-16T11:30:00Z,2025-06-16T11:00:00Z,30,15,5,0.8492,0.9142,0.63,0.8623,1.1803,-0.016891,0.001832,0.015511,NA,FALSE,FALSE,0.007918,0.006277,9.5429,-0.095167,-0.074836,-0.052935,0.052935,0.074836,0.095167,-10.5176,-8.089,-5.5894,5.5894,8.089,10.5176
JPSS1_20250618T122400_vs_HYPERNETS_20250618T120000_RHOW_R.csv,MAFR,Hyp,JPSS1,-1.040456,45.547661999999995,-1.0016129999999999,45.540524,3.13,2.25,2025-06-18T10:00:00Z,2025-06-18T10:24:00Z,24,15,5,0.6688,2.3837,0.48,0.6819,0.9687,-0.03573,-0.018512,-0.006391,NA,TRUE,TRUE,0.038351,0.037608,66.3249,-0.698558,-0.596946,-0.594189,0.594189,0.596946,0.698558,-231.7388,-148.1057,-146.4201,146.4201,148.1057,231.7388
JPSS1_20250618T122400_vs_HYPERNETS_20250618T121500_RHOW_R.csv,MAFR,Hyp,JPSS1,-1.040456,45.547661999999995,-1.0016129999999999,45.540524,3.13,2.25,2025-06-18T10:15:00Z,2025-06-18T10:24:00Z,9,15,5,0.5518,2.3122,0.4413,0.5563,0.7012,-0.027621,-0.017278,-0.009073,NA,TRUE,TRUE,0.050325,0.048945,72.0096,-0.727542,-0.724282,-0.640291,0.640291,0.724282,0.727542,-267.0287,-262.6894,-178.0028,178.0028,262.6894,267.0287
JPSS1_20250618T122400_vs_HYPERNETS_20250618T123000_RHOW_R.csv,MAFR,Hyp,JPSS1,-1.040456,45.547661999999995,-1.0016129999999999,45.540524,3.13,2.25,2025-06-18T10:30:00Z,2025-06-18T10:24:00Z,6,15,5,0.4373,2.0362,0.2564,0.4658,0.8463,-0.046795,-0.015678,0.001451,NA,TRUE,FALSE,0.062047,0.059371,75.3893,-0.79873,-0.744254,-0.671326,0.671326,0.744254,0.79873,-396.8447,-291.0126,-204.2526,204.2526,291.0126,396.8447
JPSS1_20250711T133001_vs_HYPERNETS_20250711T131500_RHOW_C.csv,MAFR,Hyp,JPSS1,-1.040456,45.547661999999995,-1.0100989999999999,45.533733000000005,2.83,2.25,2025-07-11T11:15:00Z,2025-07-11T11:30:01Z,15,15,5,0.6706,1.376,0.3488,0.758,1.6473,-0.05997,-0.014722,0.006098,NA,FALSE,FALSE,0.028419,0.027035,55.5756,-0.677541,-0.522602,-0.432187,0.432187,0.522602,0.677541,-210.1168,-109.4687,-76.1143,76.1143,109.4687,210.1168
JPSS1_20250712T131200_vs_HYPERNETS_20250712T124500_RHOW_C.csv,MAFR,Hyp,JPSS1,-1.040456,45.547661999999995,-1.0067789999999999,45.536816,2.89,2.25,2025-07-12T10:45:00Z,2025-07-12T11:12:00Z,27,15,5,0.7784,1.0118,0.6181,0.7852,0.9975,-0.013721,-0.001894,0.007416,NA,TRUE,FALSE,0.014873,0.013862,25.1136,-0.235302,-0.234807,-0.22659,0.22659,0.234807,0.235302,-30.7707,-30.686,-29.2976,29.2976,30.686,30.7707
JPSS1_20250712T131200_vs_HYPERNETS_20250712T130000_RHOW_C.csv,MAFR,Hyp,JPSS1,-1.040456,45.547661999999995,-1.0067789999999999,45.536816,2.89,2.25,2025-07-12T11:00:00Z,2025-07-12T11:12:00Z,12,15,5,0.8128,0.9641,0.5588,0.8339,1.2444,-0.023123,-0.00169,0.012673,NA,FALSE,FALSE,0.011723,0.010361,19.6053,-0.184091,-0.154642,-0.152987,0.152987,0.154642,0.184091,-22.5627,-18.2931,-18.0619,18.0619,18.2931,22.5627
JPSS1_20250712T131200_vs_HYPERNETS_20250712T131500_RHOW_C.csv,MAFR,Hyp,JPSS1,-1.040456,45.547661999999995,-1.0067789999999999,45.536816,2.89,2.25,2025-07-12T11:15:00Z,2025-07-12T11:12:00Z,3,15,5,0.8909,0.9788,0.5759,0.9246,1.4845,-0.03135,-0.003742,0.013454,NA,FALSE,FALSE,0.009012,0.007458,15.1702,-0.114247,-0.112363,-0.095019,0.095019,0.112363,0.114247,-12.8983,-12.6587,-10.4996,10.4996,12.6587,12.8983
JPSS1_20250712T131200_vs_HYPERNETS_20250712T133000_RHOW_C.csv,MAFR,Hyp,JPSS1,-1.040456,45.547661999999995,-1.0067789999999999,45.536816,2.89,2.25,2025-07-12T11:30:00Z,2025-07-12T11:12:00Z,18,15,5,1.5533,0.975,1.1176,1.5831,2.2425,-0.018126,-4.9e-4,0.01196,NA,TRUE,FALSE,0.016613,0.015106,56.9483,0.558931,0.614666,0.672144,0.558931,0.614666,0.672144,55.8931,61.4666,67.2144,55.8931,61.4666,67.2144
JPSS1_20250716T134200_vs_HYPERNETS_20250716T131500_RHOW_C.csv,MAFR,Hyp,JPSS1,-1.040456,45.547661999999995,-1.020303,45.532341,2.32,2.25,2025-07-16T11:15:00Z,2025-07-16T11:42:00Z,27,15,5,0.8525,1.7059,0.6189,0.8679,1.2171,-0.038297,-0.015015,0.001588,NA,FALSE,FALSE,0.024628,0.023821,41.626,-0.435328,-0.361915,-0.298109,0.298109,0.361915,0.435328,-77.0941,-56.7188,-42.4723,42.4723,56.7188,77.0941
JPSS1_20250716T134200_vs_HYPERNETS_20250716T133000_RHOW_C.csv,MAFR,Hyp,JPSS1,-1.040456,45.547661999999995,-1.020303,45.532341,2.32,2.25,2025-07-16T11:30:00Z,2025-07-16T11:42:00Z,12,15,5,0.9322,1.7538,0.7179,0.9429,1.2385,-0.035096,-0.016495,-0.002333,NA,FALSE,TRUE,0.020502,0.020086,38.368,-0.410764,-0.30583,-0.267958,0.267958,0.30583,0.410764,-69.7114,-44.0568,-36.6043,36.6043,44.0568,69.7114
JPSS1_20250716T134200_vs_HYPERNETS_20250716T134500_RHOW_C.csv,MAFR,Hyp,JPSS1,-1.040456,45.547661999999995,-1.020303,45.532341,2.32,2.25,2025-07-16T11:45:00Z,2025-07-16T11:42:00Z,3,15,5,1.1225,1.8501,0.9455,1.1278,1.3453,-0.031218,-0.019244,-0.009207,NA,FALSE,TRUE,0.012725,0.012208,29.8275,-0.342465,-0.179513,-0.171561,0.171561,0.179513,0.342465,-52.0832,-21.8788,-20.7089,20.7089,21.8788,52.0832
JPSS1_20250716T134200_vs_HYPERNETS_20250716T140000_RHOW_C.csv,MAFR,Hyp,JPSS1,-1.040456,45.547661999999995,-1.020303,45.532341,2.32,2.25,2025-07-16T12:00:00Z,2025-07-16T11:42:00Z,18,15,5,1.1791,2.0197,1.0995,1.18,1.2663,-0.029204,-0.024291,-0.019713,NA,TRUE,TRUE,0.014573,0.014051,32.3933,-0.394224,-0.238264,-0.137592,0.137592,0.238264,0.394224,-65.0775,-31.279,-15.9544,15.9544,31.279,65.0775
JPSS1_20250906T122401_vs_HYPERNETS_20250906T120000_RHOW_C.csv,MAFR,Hyp,JPSS1,-1.040456,45.547661999999995,-1.001977,45.537739,3.2,2.25,2025-09-06T10:00:00Z,2025-09-06T10:24:01Z,24,15,5,0.5044,0.8291,0.2595,0.575,1.2741,-0.044004,0.004786,0.026806,NA,FALSE,FALSE,0.02961,0.024873,33.5371,-0.328204,-0.301033,-0.266638,0.266638,0.301033,0.328204,-48.8546,-43.0682,-36.3584,36.3584,43.0682,48.8546
JPSS1_20250906T122401_vs_HYPERNETS_20250906T121500_RHOW_C.csv,MAFR,Hyp,JPSS1,-1.040456,45.547661999999995,-1.001977,45.537739,3.2,2.25,2025-09-06T10:15:00Z,2025-09-06T10:24:01Z,9,15,5,0.7467,0.9983,0.5049,0.7683,1.169,-0.019755,0.002415,0.016985,NA,FALSE,FALSE,0.012318,0.010404,18.4472,-0.229955,-0.225574,-0.192989,0.192989,0.225574,0.229955,-29.8626,-29.1278,-23.914,23.914,29.1278,29.8626
JPSS1_20250906T122401_vs_HYPERNETS_20250906T123000_RHOW_C.csv,MAFR,Hyp,JPSS1,-1.040456,45.547661999999995,-1.001977,45.537739,3.2,2.25,2025-09-06T10:30:00Z,2025-09-06T10:24:01Z,6,15,5,0.8131,1.0495,0.7188,0.8151,0.9242,-0.006468,-3.97e-4,0.004957,NA,TRUE,FALSE,0.011369,0.01068,19.5781,-0.202033,-0.190537,-0.179189,0.179189,0.190537,0.202033,-25.3184,-23.5386,-21.8307,21.8307,23.5386,25.3184
JPSS1_20250906T122401_vs_HYPERNETS_20250906T124500_RHOW_C.csv,MAFR,Hyp,JPSS1,-1.040456,45.547661999999995,-1.001977,45.537739,3.2,2.25,2025-09-06T10:45:00Z,2025-09-06T10:24:01Z,21,15,5,0.7507,1.0628,0.6458,0.7533,0.8788,-0.009821,-0.002006,0.004693,NA,TRUE,FALSE,0.01824,0.017372,28.3862,-0.307321,-0.264103,-0.260175,0.260175,0.264103,0.307321,-44.3669,-35.8886,-35.1671,35.1671,35.8886,44.3669
JPSS1_20250918T133601_vs_HYPERNETS_20250918T131500_RHOW_C.csv,MAFR,Hyp,JPSS1,-1.040456,45.547661999999995,-1.017378,45.529179000000006,2.73,2.25,2025-09-18T11:15:00Z,2025-09-18T11:36:01Z,21,15,5,1.1894,1.8259,0.8809,1.208,1.6565,-0.029211,-0.013956,-0.002831,NA,FALSE,TRUE,0.007875,0.006881,26.833,-0.272689,-0.161994,-0.147308,0.147308,0.161994,0.272689,-37.4927,-19.3309,-17.2756,17.2756,19.3309,37.4927
JPSS1_20250926T124801_vs_HYPERNETS_20250926T130000_RHOW_R.csv,MAFR,Hyp,JPSS1,-1.040456,45.547661999999995,-1.0152189999999999,45.535904,2.36,2.25,2025-09-26T11:00:00Z,2025-09-26T10:48:01Z,12,15,5,0.5773,0.8137,0.5024,0.5791,0.6675,0.001028,0.007411,0.012949,NA,TRUE,TRUE,0.025805,0.02298,29.7648,-0.338952,-0.317874,-0.279437,0.279437,0.317874,0.338952,-51.2751,-46.6006,-38.7804,38.7804,46.6006,51.2751
JPSS1_20250926T124801_vs_HYPERNETS_20250926T131500_RHOW_R.csv,MAFR,Hyp,JPSS1,-1.040456,45.547661999999995,-1.0152189999999999,45.535904,2.36,2.25,2025-09-26T11:15:00Z,2025-09-26T10:48:01Z,27,15,5,0.8493,0.9155,0.5783,0.8728,1.3172,-0.020905,0.002755,0.018432,NA,FALSE,FALSE,0.00611,0.00474,7.762,-0.129404,-0.087333,-0.001996,0.029594,0.087333,0.129404,-14.8638,-9.569,-0.2,2.9594,9.569,14.8638
JPSS1_20250929T133000_vs_HYPERNETS_20250929T140000_RHOW_C.csv,MAFR,Hyp,JPSS1,-1.040456,45.547661999999995,-1.0014349999999999,45.533176000000005,3.44,2.25,2025-09-29T12:00:00Z,2025-09-29T11:30:00Z,30,15,5,0.796,1.2496,0.7,0.798,0.9097,-0.016404,-0.008991,-0.002488,NA,TRUE,TRUE,0.022988,0.022398,35.829,-0.378198,-0.343483,-0.314845,0.314845,0.343483,0.378198,-60.823,-52.3191,-45.9524,45.9524,52.3191,60.823
JPSS1_20251006T130000_vs_HYPERNETS_20251006T123000_RHOW_C.csv,MAFR,Hyp,JPSS1,-1.040456,45.547661999999995,-1.0198829999999999,45.537937,1.94,2.25,2025-10-06T10:30:00Z,2025-10-06T11:00:00Z,30,15,5,0.7917,1.5163,0.6366,0.7978,0.9998,-0.029125,-0.014877,-0.003508,NA,TRUE,TRUE,0.029725,0.029138,44.7202,-0.452065,-0.436089,-0.374381,0.374381,0.436089,0.452065,-82.5033,-77.3329,-59.8418,59.8418,77.3329,82.5033
JPSS1_20251014T121201_vs_HYPERNETS_20251014T114500_RHOW_C.csv,MAFR,Hyp,JPSS1,-1.040456,45.547661999999995,-1.00883,45.54092,2.58,2.25,2025-10-14T09:45:00Z,2025-10-14T10:12:01Z,27,15,5,0.676,1.1799,0.4807,0.6901,0.9907,-0.017501,-0.003437,0.00636,NA,TRUE,FALSE,0.019338,0.017936,39.6924,-0.397675,-0.374839,-0.358818,0.358818,0.374839,0.397675,-66.0234,-59.9588,-55.9621,55.9621,59.9588,66.0234
JPSS1_20251018T123600_vs_HYPERNETS_20251018T121500_RHOW_C.csv,MAFR,Hyp,JPSS1,-1.040456,45.547661999999995,-1.009755,45.537288999999994,2.66,2.25,2025-10-18T10:15:00Z,2025-10-18T10:36:00Z,21,15,5,0.7213,1.0068,0.5949,0.7256,0.885,-0.009883,-8.85e-4,0.006493,NA,TRUE,FALSE,0.017525,0.016377,29.1143,-0.2878,-0.280029,-0.269003,0.269003,0.280029,0.2878,-40.4099,-38.8945,-36.7995,36.7995,38.8945,40.4099
JPSS1_20251018T123600_vs_HYPERNETS_20251018T123000_RHOW_C.csv,MAFR,Hyp,JPSS1,-1.040456,45.547661999999995,-1.009755,45.537288999999994,2.66,2.25,2025-10-18T10:30:00Z,2025-10-18T10:36:00Z,6,15,5,0.7368,1.0113,0.6226,0.7401,0.8799,-0.008833,-0.001065,0.00547,NA,TRUE,FALSE,0.016542,0.01551,28.0604,-0.273967,-0.270301,-0.262273,0.262273,0.270301,0.273967,-37.7347,-37.0428,-35.5516,35.5516,37.0428,37.7347
JPSS1_20251030T121200_vs_HYPERNETS_20251030T114500_RHOW_C.csv,MAFR,Hyp,JPSS1,-1.040456,45.547661999999995,-1.00671,45.541531,2.72,2.25,2025-10-30T10:45:00Z,2025-10-30T11:12:00Z,27,15,5,0.6069,0.9747,0.5142,0.6095,0.7225,-0.004675,0.00256,0.008663,NA,TRUE,FALSE,0.024626,0.022447,34.6427,-0.361356,-0.353027,-0.336362,0.336362,0.353027,0.361356,-56.5817,-54.5659,-50.6845,50.6845,54.5659,56.5817
JPSS1_20251030T121200_vs_HYPERNETS_20251030T120000_RHOW_C.csv,MAFR,Hyp,JPSS1,-1.040456,45.547661999999995,-1.00671,45.541531,2.72,2.25,2025-10-30T11:00:00Z,2025-10-30T11:12:00Z,12,15,5,0.5573,1.0383,0.3572,0.5794,0.9398,-0.030965,-0.003142,0.014012,NA,TRUE,FALSE,0.037782,0.035614,46.3769,-0.49358,-0.448029,-0.414508,0.414508,0.448029,0.49358,-97.4645,-81.1689,-70.7964,70.7964,81.1689,97.4645
JPSS1_20251030T121200_vs_HYPERNETS_20251030T121500_RHOW_C.csv,MAFR,Hyp,JPSS1,-1.040456,45.547661999999995,-1.00671,45.541531,2.72,2.25,2025-10-30T11:15:00Z,2025-10-30T11:12:00Z,3,15,5,0.6457,0.9638,0.5465,0.6485,0.7695,-0.003738,0.00339,0.009397,NA,TRUE,FALSE,0.019341,0.017316,28.7686,-0.308845,-0.288504,-0.259431,0.259431,0.288504,0.308845,-44.6854,-40.549,-35.0314,35.0314,40.549,44.6854
JPSS1_20251030T121200_vs_HYPERNETS_20251030T123000_RHOW_C.csv,MAFR,Hyp,JPSS1,-1.040456,45.547661999999995,-1.00671,45.541531,2.72,2.25,2025-10-30T11:30:00Z,2025-10-30T11:12:00Z,18,15,5,0.672,1.0897,0.5655,0.6752,0.8061,-0.009686,-0.001355,0.005623,NA,TRUE,FALSE,0.023325,0.022018,35.1414,-0.347707,-0.340735,-0.339665,0.339665,0.340735,0.347707,-53.3053,-51.684,-51.4383,51.4383,51.684,53.3053
JPSS1_20251115T121201_vs_HYPERNETS_20251115T114500_RHOW_C.csv,MAFR,Hyp,JPSS1,-1.040456,45.547661999999995,-1.0078229999999997,45.538364,2.75,2.25,2025-11-15T10:45:00Z,2025-11-15T11:12:01Z,27,15,5,0.6926,1.3159,0.577,0.6963,0.8402,-0.01586,-0.006483,0.001287,NA,TRUE,FALSE,0.027397,0.026265,42.4137,-0.407903,-0.389314,-0.380237,0.380237,0.389314,0.407903,-68.8914,-63.7502,-61.352,61.352,63.7502,68.8914
JPSS1_20251115T121201_vs_HYPERNETS_20251115T120000_RHOW_C.csv,MAFR,Hyp,JPSS1,-1.040456,45.547661999999995,-1.0078229999999997,45.538364,2.75,2.25,2025-11-15T11:00:00Z,2025-11-15T11:12:01Z,12,15,5,0.7129,1.325,0.575,0.7183,0.8973,-0.017941,-0.006611,0.00246,NA,TRUE,FALSE,0.025479,0.024445,40.7657,-0.396484,-0.37642,-0.362669,0.362669,0.37642,0.396484,-65.6958,-60.3643,-56.9044,56.9044,60.3643,65.6958
JPSS1_20251115T121201_vs_HYPERNETS_20251115T121500_RHOW_C.csv,MAFR,Hyp,JPSS1,-1.040456,45.547661999999995,-1.0078229999999997,45.538364,2.75,2.25,2025-11-15T11:15:00Z,2025-11-15T11:12:01Z,3,15,5,0.7096,1.2962,0.5978,0.7129,0.8502,-0.014647,-0.006009,0.001234,NA,TRUE,FALSE,0.025129,0.024077,40.3401,-0.384609,-0.368815,-0.360445,0.360445,0.368815,0.384609,-62.4984,-58.4323,-56.3587,56.3587,58.4323,62.4984
JPSS1_20251115T121201_vs_HYPERNETS_20251115T123000_RHOW_C.csv,MAFR,Hyp,JPSS1,-1.040456,45.547661999999995,-1.0078229999999997,45.538364,2.75,2.25,2025-11-15T11:30:00Z,2025-11-15T11:12:01Z,18,15,5,0.8245,1.3175,0.6308,0.8345,1.1038,-0.020901,-0.006319,0.004706,NA,FALSE,FALSE,0.015926,0.015282,30.6482,-0.303896,-0.280639,-0.257184,0.257184,0.280639,0.303896,-43.6568,-39.0123,-34.6228,34.6228,39.0123,43.6568
JPSS1_20251130T123000_vs_HYPERNETS_20251130T120000_RHOW_C.csv,MAFR,Hyp,JPSS1,-1.040456,45.547661999999995,-1.0089139999999999,45.53786099999999,2.69,2.25,2025-11-30T11:00:00Z,2025-11-30T11:30:00Z,30,15,5,0.6716,1.172,0.6238,0.6721,0.7242,-0.009212,-0.005371,-0.001807,NA,TRUE,TRUE,0.031114,0.02957,41.5756,-0.413573,-0.400241,-0.391169,0.391169,0.400241,0.413573,-70.5243,-66.7335,-64.2491,64.2491,66.7335,70.5243
JPSS1_20251130T123000_vs_HYPERNETS_20251130T123000_RHOW_C.csv,MAFR,Hyp,JPSS1,-1.040456,45.547661999999995,-1.0089139999999999,45.53786099999999,2.69,2.25,2025-11-30T11:30:00Z,2025-11-30T11:30:00Z,0,15,5,0.8097,1.1435,0.7479,0.8105,0.8782,-0.008,-0.003969,-2.49e-4,NA,TRUE,TRUE,0.015955,0.015242,27.2159,-0.26821,-0.245844,-0.242861,0.242861,0.245844,0.26821,-36.6513,-32.5986,-32.0761,32.0761,32.5986,36.6513
JPSS1_20251130T123000_vs_HYPERNETS_20251130T124500_RHOW_C.csv,MAFR,Hyp,JPSS1,-1.040456,45.547661999999995,-1.0089139999999999,45.53786099999999,2.69,2.25,2025-11-30T11:45:00Z,2025-11-30T11:30:00Z,15,15,5,0.7544,1.093,0.7007,0.755,0.8136,-0.005567,-0.001984,0.001342,NA,TRUE,FALSE,0.018173,0.016981,28.7671,-0.275176,-0.273827,-0.268047,0.268047,0.273827,0.275176,-37.9645,-37.7083,-36.6208,36.6208,37.7083,37.9645
JPSS1_20251130T123000_vs_HYPERNETS_20251130T130000_RHOW_C.csv,MAFR,Hyp,JPSS1,-1.040456,45.547661999999995,-1.0089139999999999,45.53786099999999,2.69,2.25,2025-11-30T12:00:00Z,2025-11-30T11:30:00Z,30,15,5,0.7909,1.192,0.7024,0.7926,0.8944,-0.011538,-0.005193,4.31e-4,NA,TRUE,FALSE,0.018905,0.018126,30.9198,-0.305001,-0.297009,-0.262256,0.262256,0.297009,0.305001,-43.8851,-42.2493,-35.5483,35.5483,42.2493,43.8851
JPSS1_20251215T124801_vs_HYPERNETS_20251215T123000_RHOW_C.csv,MAFR,Hyp,JPSS1,-1.040456,45.547661999999995,-1.022543,45.546432,1.4,2.25,2025-12-15T11:30:00Z,2025-12-15T11:48:01Z,18,15,4,0.4692,1.8098,0.4232,0.4695,0.5209,-0.020665,-0.016139,-0.01206,NA,TRUE,TRUE,0.06414,0.062859,72.887200000000007,-0.748062,-0.716645,-0.697455,0.697455,0.716645,0.748062,-303.4062,-253.028,-231.2705,231.2705,253.028,303.4062
JPSS1_20251215T124801_vs_HYPERNETS_20251215T131500_RHOW_C.csv,MAFR,Hyp,JPSS1,-1.040456,45.547661999999995,-1.022543,45.546432,1.4,2.25,2025-12-15T12:15:00Z,2025-12-15T11:48:01Z,27,15,4,0.5715,1.9098,0.4657,0.5729,0.7047,-0.027628,-0.017746,-0.009712,NA,TRUE,TRUE,0.050488,0.049772,68.149,-0.711241,-0.663289,-0.633538,0.633538,0.663289,0.711241,-252.3176,-197.4868,-173.1923,173.1923,197.4868,252.3176
JPSS2_20240531T125400_vs_HYPERNETS_20240531T123000_RHOW_C.csv,MAFR,Hyp,JPSS2,-1.040456,45.547661999999995,-1.012497,45.53890200000001,2.39,2.25,2024-05-31T10:30:00Z,2024-05-31T10:54:00Z,24,15,5,0.8599,0.7889,0.7073,0.8651,1.0582,0.00218,0.010083,0.016543,NA,FALSE,TRUE,0.005609,0.00492,16.9606,0.066401,0.207404,0.245829,0.066401,0.207404,0.245829,6.6401,20.7404,24.5829,6.6401,20.7404,24.5829
JPSS2_20240531T125400_vs_HYPERNETS_20240531T130000_RHOW_C.csv,MAFR,Hyp,JPSS2,-1.040456,45.547661999999995,-1.012497,45.53890200000001,2.39,2.25,2024-05-31T11:00:00Z,2024-05-31T10:54:00Z,6,15,5,0.7569,0.8184,0.5743,0.7667,1.0236,-0.007676,0.005667,0.015662,NA,FALSE,FALSE,0.008745,0.006755,10.8616,-0.156301,-0.095904,-0.032182,0.033266,0.095904,0.156301,-18.5256,-10.6078,-3.3252,3.3266,10.6078,18.5256
JPSS2_20240626T130600_vs_HYPERNETS_20240626T124500_RHOW_C.csv,MAFR,Hyp,JPSS2,-1.040456,45.547661999999995,-1.0130039999999998,45.554297999999996,2.26,2.25,2024-06-26T10:45:00Z,2024-06-26T11:06:00Z,21,15,5,0.7611,0.8098,0.634,0.7651,0.9234,2.06e-4,0.011695,0.021214,NA,TRUE,TRUE,0.009164,0.006804,7.9726,-0.102482,-0.037144,0.02213,0.037144,0.076319,0.102482,-11.4184,-3.8577,2.213,3.8577,7.6319,11.4184
JPSS2_20240626T130600_vs_HYPERNETS_20240626T130000_RHOW_C.csv,MAFR,Hyp,JPSS2,-1.040456,45.547661999999995,-1.0130039999999998,45.554297999999996,2.26,2.25,2024-06-26T11:00:00Z,2024-06-26T11:06:00Z,6,15,5,0.7813,0.8127,0.6819,0.7836,0.9003,0.003062,0.011382,0.018624,NA,TRUE,TRUE,0.007691,0.006045,7.7715,-0.093219,-0.028005,0.037049,0.037049,0.093219,0.098144,-10.2802,-2.8812,3.7049,3.7049,9.8144,10.2802
JPSS2_20240626T130600_vs_HYPERNETS_20240626T131500_RHOW_C.csv,MAFR,Hyp,JPSS2,-1.040456,45.547661999999995,-1.0130039999999998,45.554297999999996,2.26,2.25,2024-06-26T11:15:00Z,2024-06-26T11:06:00Z,9,15,5,0.7616,0.7741,0.6175,0.767,0.9528,8.62e-4,0.013799,0.024213,NA,TRUE,TRUE,0.007911,0.006394,9.5866,-0.071282,0.010832,0.08799,0.071282,0.08799,0.142416,-7.6754,1.0832,8.799,7.6754,8.799,16.6067
JPSS2_20240626T130600_vs_HYPERNETS_20240626T133000_RHOW_C.csv,MAFR,Hyp,JPSS2,-1.040456,45.547661999999995,-1.0130039999999998,45.554297999999996,2.26,2.25,2024-06-26T11:30:00Z,2024-06-26T11:06:00Z,24,15,5,0.7838,0.7563,0.6474,0.7884,0.9601,0.003318,0.014748,0.024133,NA,TRUE,TRUE,0.006701,0.006249,11.9919,-0.038502,0.05658,0.149287,0.05658,0.102727,0.149287,-4.0044,5.658,14.9287,5.658,11.4488,14.9287
JPSS2_20240705T134200_vs_HYPERNETS_20240705T131500_RHOW_C.csv,MAFR,Hyp,JPSS2,-1.040456,45.547661999999995,-1.017137,45.52870600000001,2.79,2.25,2024-07-05T11:15:00Z,2024-07-05T11:42:00Z,27,15,5,0.9355,1.8389,0.8488,0.9369,1.0341,-0.020714,-0.015707,-0.011171,NA,FALSE,TRUE,0.019025,0.01896,42.1344,-0.434955,-0.34659,-0.334186,0.334186,0.34659,0.434955,-76.977,-53.0434,-50.1922,50.1922,53.0434,76.977
JPSS2_20240707T130001_vs_HYPERNETS_20240707T124500_RHOW_C.csv,MAFR,Hyp,JPSS2,-1.040456,45.547661999999995,-1.0128249999999999,45.540676,2.29,2.25,2024-07-07T10:45:00Z,2024-07-07T11:00:01Z,15,15,5,0.6914,0.9038,0.4119,0.7327,1.3033,-0.036585,0.004791,0.028053,NA,FALSE,FALSE,0.018821,0.014589,18.4747,-0.189374,-0.147065,-0.131959,0.131959,0.147065,0.189374,-23.3614,-17.2422,-15.202,15.202,17.2422,23.3614
JPSS2_20240707T130001_vs_HYPERNETS_20240707T130000_RHOW_C.csv,MAFR,Hyp,JPSS2,-1.040456,45.547661999999995,-1.0128249999999999,45.540676,2.29,2.25,2024-07-07T11:00:00Z,2024-07-07T11:00:01Z,0,15,5,0.7706,0.9368,0.5199,0.7931,1.21,-0.025539,0.003215,0.022063,NA,FALSE,FALSE,0.013821,0.011054,14.9415,-0.154695,-0.127225,-0.102632,0.102632,0.127225,0.154695,-18.3005,-14.577,-11.437,11.437,14.577,18.3005
JPSS2_20240707T130001_vs_HYPERNETS_20240707T131500_RHOW_C.csv,MAFR,Hyp,JPSS2,-1.040456,45.547661999999995,-1.0128249999999999,45.540676,2.29,2.25,2024-07-07T11:15:00Z,2024-07-07T11:00:01Z,15,15,5,0.8838,1.0278,0.786,0.8857,0.998,-0.008276,-8.26e-4,0.005787,NA,TRUE,FALSE,0.009017,0.00841,12.9751,-0.153774,-0.114521,-0.1116,0.1116,0.114521,0.153774,-18.1717,-12.9333,-12.5619,12.5619,12.9333,18.1717
JPSS2_20240707T130001_vs_HYPERNETS_20240707T133000_RHOW_C.csv,MAFR,Hyp,JPSS2,-1.040456,45.547661999999995,-1.0128249999999999,45.540676,2.29,2.25,2024-07-07T11:30:00Z,2024-07-07T11:00:01Z,30,15,5,1.8305,1.0009,1.5403,1.8391,2.1959,-0.008243,0.002506,0.011509,NA,TRUE,FALSE,0.029621,0.027791,92.7361,0.845263,0.980247,0.982355,0.845263,0.980247,0.982355,84.5263,98.0247,98.2355,84.5263,98.0247,98.2355
JPSS2_20240802T131200_vs_HYPERNETS_20240802T124500_RHOW_R.csv,MAFR,Hyp,JPSS2,-1.040456,45.547661999999995,-1.0071539999999999,45.539078,2.77,2.25,2024-08-02T10:45:00Z,2024-08-02T11:12:00Z,27,15,5,0.8033,1.5477,0.6997,0.8057,0.9277,-0.01354,-0.008826,-0.004733,NA,TRUE,TRUE,0.016646,0.016332,46.1929,-0.494678,-0.438229,-0.368762,0.368762,0.438229,0.494678,-97.8937,-78.0083,-58.419,58.419,78.0083,97.8937
JPSS2_20240802T131200_vs_HYPERNETS_20240802T130000_RHOW_R.csv,MAFR,Hyp,JPSS2,-1.040456,45.547661999999995,-1.0071539999999999,45.539078,2.77,2.25,2024-08-02T11:00:00Z,2024-08-02T11:12:00Z,12,15,5,0.8654,1.4265,0.76,0.8676,0.9904,-0.010603,-0.006523,-0.002949,NA,TRUE,TRUE,0.011131,0.010921,36.9956,-0.395126,-0.333534,-0.279507,0.279507,0.333534,0.395126,-65.3238,-50.0453,-38.7938,38.7938,50.0453,65.3238
JPSS2_20240802T131200_vs_HYPERNETS_20240802T131500_RHOW_R.csv,MAFR,Hyp,JPSS2,-1.040456,45.547661999999995,-1.0071539999999999,45.539078,2.77,2.25,2024-08-02T11:15:00Z,2024-08-02T11:12:00Z,3,15,5,0.9748,1.4803,0.8219,0.9793,1.1667,-0.013554,-0.007794,-0.00296,NA,FALSE,TRUE,0.008523,0.008431,32.0552,-0.320617,-0.298525,-0.222259,0.222259,0.298525,0.320617,-47.1924,-42.5567,-28.5775,28.5775,42.5567,47.1924
JPSS2_20240802T131200_vs_HYPERNETS_20240802T133000_RHOW_R.csv,MAFR,Hyp,JPSS2,-1.040456,45.547661999999995,-1.0071539999999999,45.539078,2.77,2.25,2024-08-02T11:30:00Z,2024-08-02T11:12:00Z,18,15,5,1.0955,1.4894,0.8951,1.1027,1.3584,-0.015097,-0.008059,-0.002345,NA,FALSE,TRUE,0.005534,0.005232,24.1299,-0.229054,-0.225138,-0.124381,0.124381,0.225138,0.229054,-29.7108,-29.0553,-14.2049,14.2049,29.0553,29.7108
JPSS2_20240826T122400_vs_HYPERNETS_20240826T120000_RHOW_C.csv,MAFR,Hyp,JPSS2,-1.040456,45.547661999999995,-1.0025009999999999,45.537159,3.18,2.25,2024-08-26T10:00:00Z,2024-08-26T10:24:00Z,24,15,5,0.6649,1.0197,0.4873,0.6761,0.9381,-0.019158,3.02e-4,0.014328,NA,TRUE,FALSE,0.025622,0.023754,32.0053,-0.368668,-0.315178,-0.272499,0.272499,0.315178,0.368668,-58.3953,-46.0234,-37.4568,37.4568,46.0234,58.3953
JPSS2_20240826T122400_vs_HYPERNETS_20240826T121500_RHOW_C.csv,MAFR,Hyp,JPSS2,-1.040456,45.547661999999995,-1.0025009999999999,45.537159,3.18,2.25,2024-08-26T10:15:00Z,2024-08-26T10:24:00Z,9,15,5,0.6797,0.9717,0.4791,0.6947,1.0075,-0.019545,0.002205,0.017204,NA,FALSE,FALSE,0.021132,0.019025,26.8639,-0.302093,-0.274746,-0.208021,0.208021,0.274746,0.302093,-43.2856,-37.8828,-26.266,26.266,37.8828,43.2856
JPSS2_20240826T122400_vs_HYPERNETS_20240826T123100_RHOW_C.csv,MAFR,Hyp,JPSS2,-1.040456,45.547661999999995,-1.0025009999999999,45.537159,3.18,2.25,2024-08-26T10:31:00Z,2024-08-26T10:24:00Z,7,15,5,0.652,0.9657,0.4215,0.6766,1.0861,-0.027168,0.002125,0.020373,NA,FALSE,FALSE,0.023511,0.021011,28.8082,-0.329062,-0.282942,-0.222479,0.222479,0.282942,0.329062,-49.045,-39.4587,-28.6139,28.6139,39.4587,49.045
JPSS2_20240826T122400_vs_HYPERNETS_20240826T124500_RHOW_C.csv,MAFR,Hyp,JPSS2,-1.040456,45.547661999999995,-1.0025009999999999,45.537159,3.18,2.25,2024-08-26T10:45:00Z,2024-08-26T10:24:00Z,21,15,5,0.6625,0.9683,0.4343,0.6856,1.0822,-0.026093,0.001987,0.019775,NA,FALSE,FALSE,0.022654,0.020274,28.109,-0.319654,-0.275802,-0.218328,0.218328,0.275802,0.319654,-46.9841,-38.0838,-27.9308,27.9308,38.0838,46.9841
JPSS2_20240827T134801_vs_HYPERNETS_20240827T133000_RHOW_C.csv,MAFR,Hyp,JPSS2,-1.040456,45.547661999999995,-1.0157709999999998,45.526485,3.04,2.25,2024-08-27T11:30:00Z,2024-08-27T11:48:01Z,18,15,5,1.3558,2.0791,1.0393,1.372,1.8111,-0.030153,-0.014744,-0.003071,NA,TRUE,TRUE,0.006118,0.004504,19.8758,-0.113295,0.023539,0.052432,0.052432,0.071089,0.113295,-12.7771,2.3539,5.2432,5.2432,7.1089,12.7771
JPSS2_20240827T134801_vs_HYPERNETS_20240827T134500_RHOW_C.csv,MAFR,Hyp,JPSS2,-1.040456,45.547661999999995,-1.0157709999999998,45.526485,3.04,2.25,2024-08-27T11:45:00Z,2024-08-27T11:48:01Z,3,15,5,1.2496,2.4038,1.0288,1.2572,1.5364,-0.035208,-0.022743,-0.012543,NA,TRUE,TRUE,0.012096,0.011255,32.7098,-0.328957,-0.242173,-0.161808,0.161808,0.242173,0.328957,-49.0217,-31.9562,-19.3044,19.3044,31.9562,49.0217
JPSS2_20240827T134801_vs_HYPERNETS_20240827T141500_RHOW_C.csv,MAFR,Hyp,JPSS2,-1.040456,45.547661999999995,-1.0157709999999998,45.526485,3.04,2.25,2024-08-27T12:15:00Z,2024-08-27T11:48:01Z,27,15,5,1.0478,2.0522,0.6875,1.0841,1.7095,-0.046805,-0.017463,0.001145,NA,FALSE,FALSE,0.014442,0.013518,35.6796,-0.377783,-0.308569,-0.161157,0.161157,0.308569,0.377783,-60.7156,-44.6276,-19.2118,19.2118,44.6276,60.7156
JPSS2_20240830T124800_vs_HYPERNETS_20240830T123000_RHOW_C.csv,MAFR,Hyp,JPSS2,-1.040456,45.547661999999995,-1.0150239999999997,45.53851300000001,2.23,2.25,2024-08-30T10:30:00Z,2024-08-30T10:48:00Z,18,15,5,0.8265,0.8962,0.7028,0.83,0.9801,-0.001207,0.00338,0.007265,NA,TRUE,FALSE,0.003246,0.002411,6.7895,-0.07936,-0.063932,0.020711,0.056852,0.063932,0.07936,-8.6201,-6.8298,2.0711,5.6852,6.8298,8.6201
JPSS2_20240907T134200_vs_HYPERNETS_20240907T131500_RHOW_C.csv,MAFR,Hyp,JPSS2,-1.040456,45.547661999999995,-1.017717,45.541363,1.91,2.25,2024-09-07T11:15:00Z,2024-09-07T11:42:00Z,27,15,4,0.9192,1.6468,0.5884,0.9306,1.4719,-0.070326,-0.025539,0.002778,NA,FALSE,FALSE,0.03151,0.031283,40.5655,-0.464036,-0.382265,-0.323885,0.323885,0.382265,0.464036,-88.1106,-62.2993,-47.9977,47.9977,62.2993,88.1106
JPSS2_20240907T134200_vs_HYPERNETS_20240907T140000_RHOW_C.csv,MAFR,Hyp,JPSS2,-1.040456,45.547661999999995,-1.017717,45.541363,1.91,2.25,2024-09-07T12:00:00Z,2024-09-07T11:42:00Z,18,15,4,1.3375,1.4686,0.6285,1.3984,3.1114,-0.102215,-0.017608,0.020418,NA,FALSE,FALSE,0.008275,0.006642,14.8842,-0.092476,0.002516,0.097755,0.042647,0.148596,0.254791,-10.822,0.1661,9.4028,4.3039,14.6558,27.8821
JPSS2_20240928T120600_vs_HYPERNETS_20240928T114500_RHOW_C.csv,MAFR,Hyp,JPSS2,-1.040456,45.547661999999995,-0.9999480000000001,45.532925000000006,3.56,2.25,2024-09-28T09:45:00Z,2024-09-28T10:06:00Z,21,15,5,0.5318,0.6753,0.4185,0.5368,0.6886,0.004612,0.012505,0.018658,NA,TRUE,TRUE,0.015364,0.011643,18.2858,-0.245923,-0.219865,-0.113947,0.113947,0.219865,0.245923,-32.6124,-28.1829,-12.8601,12.8601,28.1829,32.6124
JPSS2_20240928T120600_vs_HYPERNETS_20240928T121500_RHOW_C.csv,MAFR,Hyp,JPSS2,-1.040456,45.547661999999995,-0.9999480000000001,45.532925000000006,3.56,2.25,2024-09-28T10:15:00Z,2024-09-28T10:06:00Z,9,15,5,0.5634,0.6768,0.4769,0.5659,0.6715,0.007695,0.012841,0.017178,NA,TRUE,TRUE,0.01217,0.008895,14.7752,-0.209821,-0.118093,-0.068661,0.068661,0.118093,0.209821,-26.5537,-13.3907,-7.3722,7.3722,13.3907,26.5537
JPSS2_20240928T120600_vs_HYPERNETS_20240928T123000_RHOW_C.csv,MAFR,Hyp,JPSS2,-1.040456,45.547661999999995,-0.9999480000000001,45.532925000000006,3.56,2.25,2024-09-28T10:30:00Z,2024-09-28T10:06:00Z,24,15,5,0.5966,0.6797,0.5296,0.5979,0.675,0.009306,0.012859,0.016007,NA,TRUE,TRUE,0.00961,0.006587,11.223,-0.178465,-0.034246,-0.015509,0.034246,0.092387,0.178465,-21.7234,-3.546,-1.5753,3.546,9.2387,21.7234
JPSS2_20241011T130000_vs_HYPERNETS_20241011T123000_RHOW_C.csv,MAFR,Hyp,JPSS2,-1.040456,45.547661999999995,-1.0134319999999999,45.538097,2.36,2.25,2024-10-11T10:30:00Z,2024-10-11T11:00:00Z,30,15,5,0.8638,1.1911,0.5727,0.8919,1.389,-0.027185,-0.004251,0.010475,NA,FALSE,FALSE,0.010678,0.009719,23.27,-0.250543,-0.220617,-0.164472,0.164472,0.220617,0.250543,-33.43,-28.3066,-19.6848,19.6848,28.3066,33.43
JPSS2_20241011T130000_vs_HYPERNETS_20241011T124500_RHOW_C.csv,MAFR,Hyp,JPSS2,-1.040456,45.547661999999995,-1.0134319999999999,45.538097,2.36,2.25,2024-10-11T10:45:00Z,2024-10-11T11:00:00Z,15,15,5,0.8567,1.1992,0.6278,0.8712,1.209,-0.018928,-0.003331,0.007909,NA,FALSE,FALSE,0.010307,0.009278,22.0681,-0.225282,-0.212053,-0.1779,0.1779,0.212053,0.225282,-29.0792,-26.9121,-21.6397,21.6397,26.9121,29.0792
JPSS2_20241011T130000_vs_HYPERNETS_20241011T130000_RHOW_C.csv,MAFR,Hyp,JPSS2,-1.040456,45.547661999999995,-1.0134319999999999,45.538097,2.36,2.25,2024-10-11T11:00:00Z,2024-10-11T11:00:00Z,0,15,5,0.8779,1.2269,0.6706,0.8887,1.1778,-0.017333,-0.004022,0.006022,NA,FALSE,FALSE,0.009903,0.009145,22.223,-0.219784,-0.2021,-0.17039,0.17039,0.2021,0.219784,-28.1696,-25.3289,-20.5386,20.5386,25.3289,28.1696
JPSS2_20241011T130000_vs_HYPERNETS_20241011T131500_RHOW_C.csv,MAFR,Hyp,JPSS2,-1.040456,45.547661999999995,-1.0134319999999999,45.538097,2.36,2.25,2024-10-11T11:15:00Z,2024-10-11T11:00:00Z,15,15,5,0.8503,1.2769,0.6979,0.8556,1.049,-0.015172,-0.005572,0.002258,NA,FALSE,FALSE,0.013295,0.012739,28.4081,-0.272456,-0.249458,-0.218013,0.218013,0.249458,0.272456,-37.4488,-33.2371,-27.8793,27.8793,33.2371,37.4488
JPSS2_20241011T130000_vs_HYPERNETS_20241011T133000_RHOW_C.csv,MAFR,Hyp,JPSS2,-1.040456,45.547661999999995,-1.0134319999999999,45.538097,2.36,2.25,2024-10-11T11:30:00Z,2024-10-11T11:00:00Z,30,15,5,0.8396,1.364,0.6298,0.8515,1.1512,-0.027736,-0.010908,0.001538,NA,FALSE,FALSE,0.019792,0.019247,37.4136,-0.445137,-0.335566,-0.280358,0.280358,0.335566,0.445137,-80.2248,-50.504,-38.958,38.958,50.504,80.2248
JPSS2_20241013T122401_vs_HYPERNETS_20241013T121500_RHOW_C.csv,MAFR,Hyp,JPSS2,-1.040456,45.547661999999995,-1.004746,45.542522000000005,2.84,2.25,2024-10-13T10:15:00Z,2024-10-13T10:24:01Z,9,15,5,0.6864,0.8578,0.5025,0.6981,0.9697,-0.006997,0.004719,0.013153,NA,TRUE,FALSE,0.01056,0.008304,16.9129,-0.25988,-0.182836,-0.084511,0.084511,0.182836,0.25988,-35.1132,-22.3745,-9.2313,9.2313,22.3745,35.1132
JPSS2_20241013T122401_vs_HYPERNETS_20241013T123000_RHOW_C.csv,MAFR,Hyp,JPSS2,-1.040456,45.547661999999995,-1.004746,45.542522000000005,2.84,2.25,2024-10-13T10:30:00Z,2024-10-13T10:24:01Z,6,15,5,0.7003,0.8479,0.5033,0.7139,1.0124,-0.00768,0.004855,0.013694,NA,FALSE,FALSE,0.009486,0.007158,14.4649,-0.241683,-0.159243,-0.053396,0.053396,0.159243,0.241683,-31.871,-18.9405,-5.6408,5.6408,18.9405,31.871
JPSS2_20241013T122401_vs_HYPERNETS_20241013T124500_RHOW_C.csv,MAFR,Hyp,JPSS2,-1.040456,45.547661999999995,-1.004746,45.542522000000005,2.84,2.25,2024-10-13T10:45:00Z,2024-10-13T10:24:01Z,21,15,5,0.7345,0.8742,0.5604,0.7436,0.9865,-0.005453,0.004467,0.011945,NA,TRUE,FALSE,0.007971,0.006003,12.5336,-0.212171,-0.142149,-0.045148,0.045148,0.142149,0.212171,-26.931,-16.5704,-4.7283,4.7283,16.5704,26.931
JPSS2_20241101T131201_vs_HYPERNETS_20241101T124500_RHOW_C.csv,MAFR,Hyp,JPSS2,-1.040456,45.547661999999995,-1.0098649999999998,45.539803,2.54,2.25,2024-11-01T11:45:00Z,2024-11-01T12:12:01Z,27,15,5,0.7529,1.287,0.5742,0.7623,1.012,-0.027252,-0.007671,0.007077,NA,FALSE,FALSE,0.027788,0.026308,36.2915,-0.360881,-0.339023,-0.285596,0.285596,0.339023,0.360881,-56.4653,-51.2912,-39.9768,39.9768,51.2912,56.4653
JPSS2_20241101T131201_vs_HYPERNETS_20241101T130000_RHOW_C.csv,MAFR,Hyp,JPSS2,-1.040456,45.547661999999995,-1.0098649999999998,45.539803,2.54,2.25,2024-11-01T12:00:00Z,2024-11-01T12:12:01Z,12,15,5,0.7315,1.2942,0.5599,0.7403,0.9787,-0.027297,-0.007955,0.006675,NA,TRUE,FALSE,0.03063,0.029021,38.4697,-0.380635,-0.362677,-0.310342,0.310342,0.362677,0.380635,-61.4556,-56.9063,-44.9993,44.9993,56.9063,61.4556
JPSS2_20241101T131201_vs_HYPERNETS_20241101T131500_RHOW_C.csv,MAFR,Hyp,JPSS2,-1.040456,45.547661999999995,-1.0098649999999998,45.539803,2.54,2.25,2024-11-01T12:15:00Z,2024-11-01T12:12:01Z,3,15,5,0.8478,1.352,0.709,0.8521,1.0241,-0.023009,-0.010396,9.9e-5,NA,FALSE,FALSE,0.021848,0.021245,32.3843,-0.312965,-0.287171,-0.25333,0.25333,0.287171,0.312965,-45.5529,-40.286,-33.9279,33.9279,40.286,45.5529
JPSS2_20241101T131201_vs_HYPERNETS_20241101T133000_RHOW_C.csv,MAFR,Hyp,JPSS2,-1.040456,45.547661999999995,-1.0098649999999998,45.539803,2.54,2.25,2024-11-01T12:30:00Z,2024-11-01T12:12:01Z,18,15,5,1.2577,1.4739,1.165,1.2588,1.3601,-0.020749,-0.015322,-0.0103,NA,TRUE,TRUE,0.005397,0.00426,11.9183,-0.103808,-0.001895,0.034284,0.034284,0.057537,0.103808,-11.5832,-0.1899,3.4284,3.4284,5.7537,11.5832
JPSS2_20241102T124801_vs_HYPERNETS_20241102T124500_RHOW_C.csv,MAFR,Hyp,JPSS2,-1.040456,45.547661999999995,-1.0099809999999998,45.541992,2.46,2.25,2024-11-02T11:45:00Z,2024-11-02T11:48:01Z,3,15,5,0.5987,0.8232,0.4307,0.6102,0.8645,-0.01028,0.011529,0.026924,NA,TRUE,FALSE,0.027471,0.021904,22.1027,-0.258069,-0.19078,-0.149138,0.149138,0.19078,0.258069,-34.7834,-23.5758,-17.5279,17.5279,23.5758,34.7834
JPSS2_20241102T124801_vs_HYPERNETS_20241102T130000_RHOW_C.csv,MAFR,Hyp,JPSS2,-1.040456,45.547661999999995,-1.0099809999999998,45.541992,2.46,2.25,2024-11-02T12:00:00Z,2024-11-02T11:48:01Z,12,15,5,0.6127,0.8525,0.4462,0.6235,0.8712,-0.011432,0.009978,0.025302,NA,TRUE,FALSE,0.027478,0.022566,23.4168,-0.259195,-0.202791,-0.186612,0.186612,0.202791,0.259195,-34.9882,-25.4375,-22.9425,22.9425,25.4375,34.9882
JPSS2_20241102T124801_vs_HYPERNETS_20241102T131500_RHOW_C.csv,MAFR,Hyp,JPSS2,-1.040456,45.547661999999995,-1.0099809999999998,45.541992,2.46,2.25,2024-11-02T12:15:00Z,2024-11-02T11:48:01Z,27,15,5,0.7552,0.8918,0.6063,0.7612,0.9555,-0.006851,0.007532,0.01899,NA,TRUE,FALSE,0.013136,0.010146,11.5822,-0.146692,-0.088354,-0.081427,0.081427,0.088354,0.146692,-17.191,-9.6917,-8.8645,8.8645,9.6917,17.191
JPSS2_20241210T123601_vs_HYPERNETS_20241210T130000_RHOW_R.csv,MAFR,Hyp,JPSS2,-1.040456,45.547661999999995,-1.016297,45.537052,2.22,2.25,2024-12-10T12:00:00Z,2024-12-10T11:36:01Z,24,15,5,-0.0524,-0.2408,-0.6862,-0.1814,-0.048,0.02312,0.032594,0.068426,NA,TRUE,TRUE,0.059109,0.05127,65.3292,-0.806664,-0.723045,-0.526584,0.526584,0.723045,0.806664,-417.2348,-261.0696,-111.2309,111.2309,261.0696,417.2348
JPSS2_20241214T130601_vs_HYPERNETS_20241214T131500_RHOW_C.csv,MAFR,Hyp,JPSS2,-1.040456,45.547661999999995,-1.0124009999999999,45.542271,2.27,2.25,2024-12-14T12:15:00Z,2024-12-14T12:06:01Z,9,15,5,0.7811,1.0992,0.7228,0.7818,0.8457,-0.008299,-0.003282,0.001356,NA,TRUE,FALSE,0.021753,0.020431,27.2602,-0.262399,-0.256991,-0.249006,0.249006,0.256991,0.262399,-35.5747,-34.5879,-33.1568,33.1568,34.5879,35.5747
JPSS2_20241214T130601_vs_HYPERNETS_20241214T133000_RHOW_C.csv,MAFR,Hyp,JPSS2,-1.040456,45.547661999999995,-1.0124009999999999,45.542271,2.27,2.25,2024-12-14T12:30:00Z,2024-12-14T12:06:01Z,24,15,5,1.1911,1.2186,1.0346,1.1948,1.3797,-0.020204,-0.009698,-6e-4,NA,TRUE,TRUE,0.004894,0.003778,7.3947,-0.026218,-0.007845,0.044254,0.026218,0.044254,0.115291,-2.6924,-0.7907,4.4254,2.6924,4.4254,11.5291
JPSS2_20250310T124801_vs_HYPERNETS_20250310T124500_RHOW_C.csv,MAFR,Hyp,JPSS2,-1.040456,45.547661999999995,-1.0137269999999998,45.539005,2.3,2.25,2025-03-10T11:45:00Z,2025-03-10T11:48:01Z,3,15,5,1.7677,1.1747,1.2311,1.81,2.6612,-0.035181,-0.005575,0.014562,NA,TRUE,FALSE,0.024828,0.022602,62.4151,0.55248,0.614176,0.653059,0.55248,0.614176,0.653059,55.248,61.4176,65.3059,55.248,61.4176,65.3059
JPSS2_20250310T124801_vs_HYPERNETS_20250310T130000_RHOW_C.csv,MAFR,Hyp,JPSS2,-1.040456,45.547661999999995,-1.0137269999999998,45.539005,2.3,2.25,2025-03-10T12:00:00Z,2025-03-10T11:48:01Z,12,15,5,0.8478,1.0811,0.7192,0.8514,1.008,-0.012308,-0.001483,0.007661,NA,FALSE,FALSE,0.012535,0.011757,17.7012,-0.180387,-0.168892,-0.16724,0.16724,0.168892,0.180387,-22.0088,-20.3213,-20.0825,20.0825,20.3213,22.0088
JPSS2_20250310T124801_vs_HYPERNETS_20250310T131500_RHOW_C.csv,MAFR,Hyp,JPSS2,-1.040456,45.547661999999995,-1.0137269999999998,45.539005,2.3,2.25,2025-03-10T12:15:00Z,2025-03-10T11:48:01Z,27,15,5,0.9586,1.1456,0.7841,0.9648,1.1872,-0.018862,-0.00458,0.007027,NA,FALSE,FALSE,0.007325,0.006838,11.9664,-0.127859,-0.110255,-0.101604,0.101604,0.110255,0.127859,-14.6604,-12.3917,-11.3095,11.3095,12.3917,14.6604
JPSS2_20250325T130600_vs_HYPERNETS_20250325T130000_RHOW_C.csv,MAFR,Hyp,JPSS2,-1.040456,45.547661999999995,-1.0095379999999998,45.538879,2.6,2.25,2025-03-25T12:00:00Z,2025-03-25T12:06:00Z,6,15,5,0.5968,0.4394,0.31,0.6751,1.4703,-0.018184,0.027342,0.048248,NA,FALSE,FALSE,0.015063,0.012125,32.2038,-0.055468,0.112895,0.395855,0.060813,0.112895,0.395855,-5.8725,11.2895,39.5855,6.4751,11.2895,39.5855
JPSS2_20250325T130600_vs_HYPERNETS_20250325T131500_RHOW_C.csv,MAFR,Hyp,JPSS2,-1.040456,45.547661999999995,-1.0095379999999998,45.538879,2.6,2.25,2025-03-25T12:15:00Z,2025-03-25T12:06:00Z,9,15,5,0.6848,0.4817,0.3615,0.7661,1.6233,-0.020505,0.025176,0.046734,NA,FALSE,FALSE,0.016074,0.012711,34.4926,0.038315,0.197022,0.462637,0.038315,0.197022,0.462637,3.8315,19.7022,46.2637,3.8315,19.7022,46.2637
JPSS2_20250325T130600_vs_HYPERNETS_20250325T133000_RHOW_C.csv,MAFR,Hyp,JPSS2,-1.040456,45.547661999999995,-1.0095379999999998,45.538879,2.6,2.25,2025-03-25T12:30:00Z,2025-03-25T12:06:00Z,24,15,5,0.8359,0.4765,0.4611,0.9124,1.8052,-0.009745,0.027716,0.04665,NA,FALSE,FALSE,0.025068,0.02404,72.6776,0.382405,0.497985,0.863396,0.382405,0.497985,0.863396,38.2405,49.7985,86.3396,38.2405,49.7985,86.3396
JPSS2_20250407T122401_vs_HYPERNETS_20250407T120000_RHOW_C.csv,MAFR,Hyp,JPSS2,-1.040456,45.547661999999995,-1.008673,45.539840999999996,2.63,2.25,2025-04-07T10:00:00Z,2025-04-07T10:24:01Z,24,15,5,0.7448,0.9612,0.6005,0.7504,0.9377,-0.006353,0.004649,0.013454,NA,TRUE,FALSE,0.011953,0.01001,16.1894,-0.19218,-0.168555,-0.12725,0.12725,0.168555,0.19218,-23.79,-20.2725,-14.5804,14.5804,20.2725,23.79
JPSS2_20250408T134800_vs_HYPERNETS_20250408T133000_RHOW_C.csv,MAFR,Hyp,JPSS2,-1.040456,45.547661999999995,-1.0135319999999999,45.523697,3.39,2.25,2025-04-08T11:30:00Z,2025-04-08T11:48:00Z,18,15,5,1.6673,2.835,0.9709,1.7803,3.2645,-0.056862,-0.0156,0.006902,NA,FALSE,FALSE,0.01293,0.011362,47.2518,0.017133,0.303703,0.375643,0.303703,0.375643,0.735102,1.7133,30.3703,37.5643,30.3703,37.5643,73.5102
JPSS2_20250409T132400_vs_HYPERNETS_20250409T131500_RHOW_C.csv,MAFR,Hyp,JPSS2,-1.040456,45.547661999999995,-1.0091459999999999,45.541412,2.54,2.25,2025-04-09T11:15:00Z,2025-04-09T11:24:00Z,9,15,5,1.0252,2.2076,0.8021,1.0355,1.3369,-0.038078,-0.021431,-0.008536,NA,FALSE,TRUE,0.019686,0.019469,41.2428,-0.437768,-0.308808,-0.277646,0.277646,0.308808,0.437768,-77.8626,-44.6776,-38.4362,38.4362,44.6776,77.8626
JPSS2_20250409T132400_vs_HYPERNETS_20250409T133000_RHOW_C.csv,MAFR,Hyp,JPSS2,-1.040456,45.547661999999995,-1.0091459999999999,45.541412,2.54,2.25,2025-04-09T11:30:00Z,2025-04-09T11:24:00Z,6,15,5,1.6669,2.0329,1.0423,1.7431,2.9152,-0.052378,-0.016937,0.004254,NA,TRUE,FALSE,0.011273,0.009859,35.2359,0.016873,0.248417,0.330344,0.248417,0.330344,0.51345,1.6873,24.8417,33.0344,24.8417,33.0344,51.345
JPSS2_20250410T130600_vs_HYPERNETS_20250410T124500_RHOW_C.csv,MAFR,Hyp,JPSS2,-1.040456,45.547661999999995,-1.0149359999999998,45.534583999999995,2.47,2.25,2025-04-10T10:45:00Z,2025-04-10T11:06:00Z,21,15,5,0.9524,1.4481,0.713,0.9661,1.3092,-0.042519,-0.016442,0.002802,NA,FALSE,FALSE,0.019571,0.019016,28.7993,-0.3159,-0.25932,-0.227025,0.227025,0.25932,0.3159,-46.1775,-35.0111,-29.3702,29.3702,35.0111,46.1775
JPSS2_20250410T130600_vs_HYPERNETS_20250410T130000_RHOW_C.csv,MAFR,Hyp,JPSS2,-1.040456,45.547661999999995,-1.0149359999999998,45.534583999999995,2.47,2.25,2025-04-10T11:00:00Z,2025-04-10T11:06:00Z,6,15,5,1.0596,1.4516,0.7303,1.0868,1.6173,-0.052303,-0.016446,0.007648,NA,FALSE,FALSE,0.012188,0.011072,20.452,-0.23622,-0.176535,-0.141741,0.141741,0.176535,0.23622,-30.9278,-21.4381,-16.515,16.515,21.4381,30.9278
JPSS2_20250410T130600_vs_HYPERNETS_20250410T131500_RHOW_C.csv,MAFR,Hyp,JPSS2,-1.040456,45.547661999999995,-1.0149359999999998,45.534583999999995,2.47,2.25,2025-04-10T11:15:00Z,2025-04-10T11:06:00Z,9,15,5,1.1136,1.473,0.7123,1.1584,1.8838,-0.06484,-0.017917,0.010937,NA,FALSE,FALSE,0.01089,0.010698,20.3248,-0.220432,-0.158694,-0.10330400000000001,0.10330400000000001,0.158694,0.220432,-28.2762,-18.8629,-11.5205,11.5205,18.8629,28.2762
JPSS2_20250410T130600_vs_HYPERNETS_20250410T133000_RHOW_C.csv,MAFR,Hyp,JPSS2,-1.040456,45.547661999999995,-1.0149359999999998,45.534583999999995,2.47,2.25,2025-04-10T11:30:00Z,2025-04-10T11:06:00Z,24,15,5,2.2935,1.4992,1.2928,2.4796,4.7557,-0.085978,-0.017543,0.018138,NA,TRUE,FALSE,0.031893,0.026942,80.9855,0.661388,0.821969,0.873183,0.661388,0.821969,0.873183,66.1388,82.1969,87.3183,66.1388,82.1969,87.3183
JPSS2_20250411T124800_vs_HYPERNETS_20250411T123000_RHOW_C.csv,MAFR,Hyp,JPSS2,-1.040456,45.547661999999995,-1.0157199999999997,45.54063,2.08,2.25,2025-04-11T10:30:00Z,2025-04-11T10:48:00Z,18,15,5,0.7048,0.8741,0.4751,0.7255,1.1079,-0.022332,0.007034,0.026265,NA,FALSE,FALSE,0.017247,0.014047,16.5272,-0.180196,-0.135193,-0.114203,0.114203,0.135193,0.180196,-21.9803,-15.6327,-12.8927,12.8927,15.6327,21.9803
JPSS2_20250411T124800_vs_HYPERNETS_20250411T131500_RHOW_C.csv,MAFR,Hyp,JPSS2,-1.040456,45.547661999999995,-1.0157199999999997,45.54063,2.08,2.25,2025-04-11T11:15:00Z,2025-04-11T10:48:00Z,27,15,5,0.8856,0.9673,0.7554,0.8892,1.0467,-0.008233,0.002446,0.011519,NA,FALSE,FALSE,0.006062,0.005069,6.9998,-0.080971,-0.071815,-0.042665,0.042665,0.071815,0.080971,-8.8104,-7.7371,-4.4567,4.4567,7.7371,8.8104
JPSS2_20250513T124800_vs_HYPERNETS_20250513T123000_RHOW_C.csv,MAFR,Hyp,JPSS2,-1.040456,45.547661999999995,-1.021151,45.565285,2.47,2.25,2025-05-13T10:30:00Z,2025-05-13T10:48:00Z,18,15,5,0.6353,0.582,0.4069,0.6606,1.0726,-0.003474,0.025451,0.043266,NA,FALSE,FALSE,0.011795,0.010758,19.9636,-0.048257,0.089168,0.217898,0.089168,0.17989,0.217898,-5.0704,8.9168,21.7898,8.9168,21.7898,21.9348
JPSS2_20250513T124800_vs_HYPERNETS_20250513T124500_RHOW_C.csv,MAFR,Hyp,JPSS2,-1.040456,45.547661999999995,-1.021151,45.565285,2.47,2.25,2025-05-13T10:45:00Z,2025-05-13T10:48:00Z,3,15,5,0.6333,0.5827,0.4014,0.6601,1.0854,-0.004493,0.025413,0.0436,NA,FALSE,FALSE,0.011902,0.010805,19.8667,-0.047065,0.089723,0.217055,0.089723,0.184319,0.217055,-4.939,8.9723,21.7055,8.9723,21.7055,22.597
JPSS2_20250513T124800_vs_HYPERNETS_20250513T130000_RHOW_C.csv,MAFR,Hyp,JPSS2,-1.040456,45.547661999999995,-1.021151,45.565285,2.47,2.25,2025-05-13T11:00:00Z,2025-05-13T10:48:00Z,12,15,5,0.6567,0.5978,0.4405,0.6766,1.0391,-8.78e-4,0.02449,0.041007,NA,FALSE,FALSE,0.010806,0.009962,18.7451,-0.048467,0.079402,0.208822,0.079402,0.157609,0.208822,-5.0935,7.9402,20.8822,7.9402,18.7097,20.8822
JPSS2_20250513T124800_vs_HYPERNETS_20250513T131500_RHOW_C.csv,MAFR,Hyp,JPSS2,-1.040456,45.547661999999995,-1.021151,45.565285,2.47,2.25,2025-05-13T11:15:00Z,2025-05-13T10:48:00Z,27,15,5,0.8764,0.6415,0.6084,0.8978,1.325,-0.002577,0.021412,0.037667,NA,FALSE,FALSE,0.016415,0.015674,35.4273,0.205868,0.326152,0.449627,0.205868,0.326152,0.449627,20.5868,32.6152,44.9627,20.5868,32.6152,44.9627
JPSS2_20250618T131200_vs_HYPERNETS_20250618T130000_RHOW_R.csv,MAFR,Hyp,JPSS2,-1.040456,45.547661999999995,-1.009105,45.531502,3.04,2.25,2025-06-18T11:00:00Z,2025-06-18T11:12:00Z,12,15,5,0.7312,1.3263,0.5028,0.7502,1.1195,-0.044072,-0.011851,0.009743,NA,FALSE,FALSE,0.035006,0.033646,40.7204,-0.430073,-0.402195,-0.385978,0.385978,0.402195,0.430073,-75.4611,-67.2785,-62.8607,62.8607,67.2785,75.4611
JPSS2_20250618T131200_vs_HYPERNETS_20250618T131500_RHOW_R.csv,MAFR,Hyp,JPSS2,-1.040456,45.547661999999995,-1.009105,45.531502,3.04,2.25,2025-06-18T11:15:00Z,2025-06-18T11:12:00Z,3,15,5,0.9275,1.3295,0.5796,0.9701,1.6237,-0.056386,-0.012104,0.014353,NA,FALSE,FALSE,0.015734,0.014132,23.5539,-0.278794,-0.24298,-0.218123,0.218123,0.24298,0.278794,-38.6566,-32.0969,-27.8973,27.8973,32.0969,38.6566
JPSS2_20250619T125400_vs_HYPERNETS_20250619T131500_RHOW_R.csv,MAFR,Hyp,JPSS2,-1.040456,45.547661999999995,-1.01238,45.537777,2.45,2.25,2025-06-19T11:15:00Z,2025-06-19T10:54:00Z,21,15,5,0.7558,1.8491,0.633,0.7596,0.9115,-0.01215,-0.007815,-0.004203,NA,TRUE,TRUE,0.014989,0.014674,56.3216,-0.596535,-0.537225,-0.458066,0.458066,0.537225,0.596535,-147.8532,-116.0877,-84.5243,84.5243,116.0877,147.8532
JPSS2_20250623T132400_vs_HYPERNETS_20250623T130000_RHOW_R.csv,MAFR,Hyp,JPSS2,-1.040456,45.547661999999995,-1.02107,45.532669,2.25,2.25,2025-06-23T11:00:00Z,2025-06-23T11:24:00Z,24,15,4,0.5458,0.6574,0.2233,1.265,7.1674,-0.209197,-0.014743,0.019577,NA,FALSE,FALSE,0.015908,0.015046,56.9744,-0.520457,-0.280764,0.137286,0.356891,0.607896,0.820749,-124.1792,-42.2604,6.3773,58.4008,84.7222,140.2858
JPSS2_20250627T120600_vs_HYPERNETS_20250627T114500_RHOW_C.csv,MAFR,Hyp,JPSS2,-1.040456,45.547661999999995,-0.9975119999999998,45.53881500000001,3.49,2.25,2025-06-27T09:45:00Z,2025-06-27T10:06:00Z,21,15,5,0.5665,1.1556,0.4741,0.5694,0.6838,-0.015439,-0.00397,0.00558,NA,TRUE,FALSE,0.050341,0.047134,48.1403,-0.477077,-0.459528,-0.451489,0.451489,0.459528,0.477077,-91.2328,-85.0235,-82.3117,82.3117,85.0235,91.2328
JPSS2_20250710T130001_vs_HYPERNETS_20250710T124600_RHOW_C.csv,MAFR,Hyp,JPSS2,-1.040456,45.547661999999995,-1.0090089999999998,45.542782,2.51,2.25,2025-07-10T10:46:00Z,2025-07-10T11:00:01Z,14,15,5,0.7218,1.3733,0.631,0.7238,0.8303,-0.009874,-0.005806,-0.002259,NA,TRUE,TRUE,0.017072,0.016355,46.0984,-0.493655,-0.428153,-0.387255,0.387255,0.428153,0.493655,-97.4939,-74.872,-63.2001,63.2001,74.872,97.4939
JPSS2_20250710T130001_vs_HYPERNETS_20250710T130000_RHOW_C.csv,MAFR,Hyp,JPSS2,-1.040456,45.547661999999995,-1.0090089999999998,45.542782,2.51,2.25,2025-07-10T11:00:00Z,2025-07-10T11:00:01Z,0,15,5,0.8327,1.4265,0.7304,0.8349,0.9543,-0.010997,-0.006888,-0.003293,NA,TRUE,TRUE,0.01285,0.012571,40.4433,-0.461436,-0.366551,-0.315213,0.315213,0.366551,0.461436,-85.6789,-57.866,-46.0309,46.0309,57.866,85.6789
JPSS2_20250710T130001_vs_HYPERNETS_20250710T131500_RHOW_C.csv,MAFR,Hyp,JPSS2,-1.040456,45.547661999999995,-1.0090089999999998,45.542782,2.51,2.25,2025-07-10T11:15:00Z,2025-07-10T11:00:01Z,15,15,5,0.9755,1.4005,0.8084,0.981,1.1904,-0.013197,-0.007033,-0.001953,NA,FALSE,TRUE,0.007714,0.007592,30.1623,-0.290502,-0.2882,-0.218542,0.218542,0.2882,0.290502,-40.9447,-40.4889,-27.9659,27.9659,40.4889,40.9447
JPSS2_20250711T124201_vs_HYPERNETS_20250711T121500_RHOW_C.csv,MAFR,Hyp,JPSS2,-1.040456,45.547661999999995,-1.0129329999999999,45.537498,2.43,2.25,2025-07-11T10:15:00Z,2025-07-11T10:42:01Z,27,15,5,0.8391,1.2378,0.6628,0.8468,1.0818,-0.016323,-0.004136,0.005404,NA,FALSE,FALSE,0.012822,0.012081,25.3907,-0.235109,-0.221481,-0.200218,0.200218,0.221481,0.235109,-30.7375,-28.449,-25.034,25.034,28.449,30.7375
JPSS2_20250711T124201_vs_HYPERNETS_20250711T123000_RHOW_C.csv,MAFR,Hyp,JPSS2,-1.040456,45.547661999999995,-1.0129329999999999,45.537498,2.43,2.25,2025-07-11T10:30:00Z,2025-07-11T10:42:01Z,12,15,5,0.831,1.2958,0.645,0.8399,1.0937,-0.022619,-0.008141,0.002978,NA,FALSE,FALSE,0.017869,0.017272,32.739,-0.367897,-0.287742,-0.257665,0.257665,0.287742,0.367897,-58.2021,-40.3985,-34.7101,34.7101,40.3985,58.2021
JPSS2_20250711T124201_vs_HYPERNETS_20250711T124500_RHOW_C.csv,MAFR,Hyp,JPSS2,-1.040456,45.547661999999995,-1.0129329999999999,45.537498,2.43,2.25,2025-07-11T10:45:00Z,2025-07-11T10:42:01Z,3,15,5,0.8341,1.2633,0.5882,0.8525,1.2355,-0.029915,-0.008311,0.006596,NA,FALSE,FALSE,0.017438,0.016633,31.8032,-0.396472,-0.268837,-0.241656,0.241656,0.268837,0.396472,-65.6923,-36.7685,-31.8664,31.8664,36.7685,65.6923
JPSS2_20250711T124201_vs_HYPERNETS_20250711T130000_RHOW_C.csv,MAFR,Hyp,JPSS2,-1.040456,45.547661999999995,-1.0129329999999999,45.537498,2.43,2.25,2025-07-11T11:00:00Z,2025-07-11T10:42:01Z,18,15,5,0.7415,1.1449,0.4003,0.8185,1.6733,-0.058255,-0.008175,0.016321,NA,FALSE,FALSE,0.021183,0.01881,33.4122,-0.472953,-0.262686,-0.238855,0.238855,0.262686,0.472953,-89.7363,-35.6275,-31.381,31.381,35.6275,89.7363
JPSS2_20250712T122401_vs_HYPERNETS_20250712T120000_RHOW_C.csv,MAFR,Hyp,JPSS2,-1.040456,45.547661999999995,-1.0074059999999998,45.550571,2.6,2.25,2025-07-12T10:00:00Z,2025-07-12T10:24:01Z,24,15,5,0.7146,0.7121,0.5952,0.7184,0.8672,0.006861,0.014944,0.021642,NA,TRUE,TRUE,0.006822,0.005189,10.7226,-0.026158,-8.91e-4,0.132488,0.026158,0.13152,0.132488,-2.6861,-0.0891,13.2488,2.6861,13.2488,15.1437
JPSS2_20250712T122401_vs_HYPERNETS_20250712T121500_RHOW_C.csv,MAFR,Hyp,JPSS2,-1.040456,45.547661999999995,-1.0074059999999998,45.550571,2.6,2.25,2025-07-12T10:15:00Z,2025-07-12T10:24:01Z,9,15,5,0.7104,0.7162,0.6212,0.7124,0.8171,0.010583,0.016144,0.020992,NA,TRUE,TRUE,0.006916,0.005734,12.0414,0.003078,0.100156,0.138083,0.100156,0.128103,0.138083,0.3078,10.0156,13.8083,10.0156,13.8083,14.6925
JPSS2_20250712T122401_vs_HYPERNETS_20250712T123000_RHOW_C.csv,MAFR,Hyp,JPSS2,-1.040456,45.547661999999995,-1.0074059999999998,45.550571,2.6,2.25,2025-07-12T10:30:00Z,2025-07-12T10:24:01Z,6,15,5,0.7113,0.73740000000000006,0.6416,0.7124,0.791,0.010173,0.014529,0.018452,NA,TRUE,TRUE,0.006939,0.00519,9.1867,-0.039086,0.024841,0.077932,0.039086,0.077932,0.145036,-4.0676,2.4841,7.7932,4.0676,7.7932,16.964
JPSS2_20250712T122401_vs_HYPERNETS_20250712T124500_RHOW_C.csv,MAFR,Hyp,JPSS2,-1.040456,45.547661999999995,-1.0074059999999998,45.550571,2.6,2.25,2025-07-12T10:45:00Z,2025-07-12T10:24:01Z,21,15,5,0.7598,0.7743,0.7242,0.76,0.7976,0.009781,0.011866,0.013853,NA,TRUE,TRUE,0.005459,0.004107,7.2714,-0.048607,0.008008,0.044307,0.044307,0.048607,0.115441,-5.1091,0.8008,4.4307,4.4307,5.1091,13.0507
JPSS2_20250717T123000_vs_HYPERNETS_20250717T120000_RHOW_C.csv,MAFR,Hyp,JPSS2,-1.040456,45.547661999999995,-1.0099009999999997,45.537144,2.65,2.25,2025-07-17T10:00:00Z,2025-07-17T10:30:00Z,30,15,5,0.7777,1.3258,0.6061,0.7858,1.0188,-0.021173,-0.006958,0.004006,NA,FALSE,FALSE,0.020784,0.020027,34.9206,-0.340373,-0.308922,-0.293277,0.293277,0.308922,0.340373,-51.6009,-44.7016,-41.4981,41.4981,44.7016,51.6009
JPSS2_20250717T123000_vs_HYPERNETS_20250717T121500_RHOW_C.csv,MAFR,Hyp,JPSS2,-1.040456,45.547661999999995,-1.0099009999999997,45.537144,2.65,2.25,2025-07-17T10:15:00Z,2025-07-17T10:30:00Z,15,15,5,0.7329,1.3013,0.5969,0.7379,0.9123,-0.01805,-0.006769,0.002357,NA,TRUE,FALSE,0.024647,0.023728,38.6261,-0.364887,-0.362106,-0.346524,0.346524,0.362106,0.364887,-57.4523,-56.7659,-53.0278,53.0278,56.7659,57.4523
JPSS2_20250717T123000_vs_HYPERNETS_20250717T123000_RHOW_C.csv,MAFR,Hyp,JPSS2,-1.040456,45.547661999999995,-1.0099009999999997,45.537144,2.65,2.25,2025-07-17T10:30:00Z,2025-07-17T10:30:00Z,0,15,5,0.7542,1.3278,0.6159,0.7592,0.9359,-0.018696,-0.007429,0.001712,NA,TRUE,FALSE,0.023564,0.022781,37.8065,-0.363407,-0.333747,-0.333505,0.333505,0.333747,0.363407,-57.0862,-50.0931,-50.0386,50.0386,50.0931,57.0862
JPSS2_20250717T123000_vs_HYPERNETS_20250717T124500_RHOW_C.csv,MAFR,Hyp,JPSS2,-1.040456,45.547661999999995,-1.0099009999999997,45.537144,2.65,2.25,2025-07-17T10:45:00Z,2025-07-17T10:30:00Z,15,15,5,0.8475,1.3134,0.6789,0.8543,1.0751,-0.019049,-0.006722,0.003074,NA,FALSE,FALSE,0.015344,0.014857,28.8836,-0.269581,-0.245617,-0.236043,0.236043,0.245617,0.269581,-36.9078,-32.5587,-30.8975,30.8975,32.5587,36.9078
JPSS2_20250717T123000_vs_HYPERNETS_20250717T130000_RHOW_C.csv,MAFR,Hyp,JPSS2,-1.040456,45.547661999999995,-1.0099009999999997,45.537144,2.65,2.25,2025-07-17T11:00:00Z,2025-07-17T10:30:00Z,30,15,5,0.8527,1.3014,0.6914,0.8588,1.0667,-0.018403,-0.006826,0.002494,NA,FALSE,FALSE,0.015138,0.014689,28.6624,-0.266801,-0.256599,-0.239887,0.239887,0.256599,0.266801,-36.3887,-34.5169,-31.5595,31.5595,34.5169,36.3887
JPSS2_20250726T130001_vs_HYPERNETS_20250726T133000_RHOW_C.csv,MAFR,Hyp,JPSS2,-1.040456,45.547661999999995,-1.0166,45.539871,2.05,2.25,2025-07-26T11:30:00Z,2025-07-26T11:00:01Z,30,15,5,1.5045,0.8452,1.0857,1.5329,2.1642,-0.013936,0.009363,0.025865,NA,TRUE,FALSE,0.029997,0.029028,82.4554,0.771333,0.90237,0.928846,0.771333,0.90237,0.928846,77.1333,90.237,92.8846,77.1333,90.237,92.8846
JPSS2_20250730T133000_vs_HYPERNETS_20250730T140000_RHOW_C.csv,MAFR,Hyp,JPSS2,-1.040456,45.547661999999995,-1.0087939999999997,45.536098,2.78,2.25,2025-07-30T12:00:00Z,2025-07-30T11:30:00Z,30,15,5,1.2764,1.9452,0.9757,1.292,1.7109,-0.051424,-0.026861,-0.008312,NA,FALSE,TRUE,0.012129,0.010684,25.6865,-0.311245,-0.184654,-0.085254,0.085254,0.184654,0.311245,-45.1895,-22.6473,-9.3199,9.3199,22.6473,45.1895
JPSS2_20250731T130601_vs_HYPERNETS_20250731T124500_RHOW_C.csv,MAFR,Hyp,JPSS2,-1.040456,45.547661999999995,-1.0094979999999998,45.538898,2.6,2.25,2025-07-31T10:45:00Z,2025-07-31T11:06:01Z,21,15,5,0.8172,0.8336,0.76,0.8178,0.88,0.005576,0.009077,0.01233,NA,TRUE,TRUE,0.003978,0.003024,5.3497,-0.029726,-0.012309,0.040637,0.029726,0.040637,0.088341,-3.0637,-1.2462,4.0637,3.0637,4.0637,9.6472
JPSS2_20250731T130601_vs_HYPERNETS_20250731T130000_RHOW_C.csv,MAFR,Hyp,JPSS2,-1.040456,45.547661999999995,-1.0094979999999998,45.538898,2.6,2.25,2025-07-31T11:00:00Z,2025-07-31T11:06:01Z,6,15,5,0.7767,0.8081,0.7134,0.7775,0.8474,0.005618,0.009702,0.013448,NA,TRUE,TRUE,0.005879,0.004661,7.311,-0.080556,-0.058665,0.018687,0.058665,0.080556,0.087426,-8.7614,-6.2321,1.8687,6.2321,8.7426,8.7614
JPSS2_20250731T130601_vs_HYPERNETS_20250731T131500_RHOW_C.csv,MAFR,Hyp,JPSS2,-1.040456,45.547661999999995,-1.0094979999999998,45.538898,2.6,2.25,2025-07-31T11:15:00Z,2025-07-31T11:06:01Z,9,15,5,0.7662,0.7681,0.522,0.7873,1.1874,-0.013516,0.009616,0.024952,NA,FALSE,FALSE,0.00683,0.005311,9.1847,-0.083088,0.001362,0.068839,0.068839,0.083088,0.124444,-9.0617,0.1362,6.8839,6.8839,9.0617,12.4444
JPSS2_20250731T130601_vs_HYPERNETS_20250731T133000_RHOW_C.csv,MAFR,Hyp,JPSS2,-1.040456,45.547661999999995,-1.0094979999999998,45.538898,2.6,2.25,2025-07-31T11:30:00Z,2025-07-31T11:06:01Z,24,15,5,0.866,0.7733,0.5837,0.8915,1.3618,-0.014826,0.00933,0.025145,NA,FALSE,FALSE,0.006018,0.005769,14.1032,0.035268,0.129938,0.203127,0.081956,0.129938,0.203127,3.5268,12.9938,20.3127,8.9273,12.9938,20.3127
JPSS2_20250823T123601_vs_HYPERNETS_20250823T121500_RHOW_C.csv,MAFR,Hyp,JPSS2,-1.040456,45.547661999999995,-1.008897,45.538631,2.66,2.25,2025-08-23T10:15:00Z,2025-08-23T10:36:01Z,21,15,5,0.5575,0.8849,0.2896,0.6308,1.374,-0.049252,0.003917,0.028328,NA,FALSE,FALSE,0.027391,0.022495,29.7248,-0.333494,-0.258915,-0.214793,0.214793,0.258915,0.333494,-50.0361,-34.9374,-27.355,27.355,34.9374,50.0361
JPSS2_20250823T123601_vs_HYPERNETS_20250823T123000_RHOW_C.csv,MAFR,Hyp,JPSS2,-1.040456,45.547661999999995,-1.008897,45.538631,2.66,2.25,2025-08-23T10:30:00Z,2025-08-23T10:36:01Z,6,15,5,0.5878,0.9149,0.3105,0.6573,1.3916,-0.049069,0.002702,0.027156,NA,FALSE,FALSE,0.025776,0.021458,29.1501,-0.339333,-0.248291,-0.214033,0.214033,0.248291,0.339333,-51.3622,-33.0303,-27.2318,27.2318,33.0303,51.3622
JPSS2_20250823T123601_vs_HYPERNETS_20250823T124500_RHOW_C.csv,MAFR,Hyp,JPSS2,-1.040456,45.547661999999995,-1.008897,45.538631,2.66,2.25,2025-08-23T10:45:00Z,2025-08-23T10:36:01Z,9,15,5,0.5966,0.9188,0.3117,0.6721,1.4492,-0.051394,0.002465,0.027444,NA,FALSE,FALSE,0.024643,0.020262,27.9806,-0.33391,-0.229523,-0.202282,0.202282,0.229523,0.33391,-50.13,-29.7897,-25.3575,25.3575,29.7897,50.13
JPSS2_20250823T123601_vs_HYPERNETS_20250823T130000_RHOW_C.csv,MAFR,Hyp,JPSS2,-1.040456,45.547661999999995,-1.008897,45.538631,2.66,2.25,2025-08-23T11:00:00Z,2025-08-23T10:36:01Z,24,15,5,0.6693,0.9505,0.3631,0.7368,1.4954,-0.047889,0.001284,0.025513,NA,FALSE,FALSE,0.019446,0.015774,23.467,-0.297532,-0.183777,-0.158374,0.158374,0.183777,0.297532,-42.3553,-22.5155,-18.8176,18.8176,22.5155,42.3553
JPSS2_20250906T131800_vs_HYPERNETS_20250906T130000_RHOW_C.csv,MAFR,Hyp,JPSS2,-1.040456,45.547661999999995,-1.0191679999999999,45.589298,4.92,2.25,2025-09-06T11:00:00Z,2025-09-06T11:18:00Z,18,15,5,0.7367,1.6506,0.4811,0.7629,1.2095,-0.041956,-0.015424,0.00131,NA,FALSE,FALSE,0.030195,0.029509,52.5915,-0.581043,-0.504498,-0.42538,0.42538,0.504498,0.581043,-138.6881,-101.8157,-74.0281,74.0281,101.8157,138.6881
JPSS2_20250906T131800_vs_HYPERNETS_20250906T131600_RHOW_C.csv,MAFR,Hyp,JPSS2,-1.040456,45.547661999999995,-1.0191679999999999,45.589298,4.92,2.25,2025-09-06T11:16:00Z,2025-09-06T11:18:00Z,2,15,5,0.9121,1.652,0.6894,0.9243,1.2391,-0.029389,-0.014327,-0.003091,NA,FALSE,TRUE,0.018164,0.01795,41.27,-0.447358,-0.394192,-0.306242,0.306242,0.394192,0.447358,-80.9491,-65.0688,-44.1424,44.1424,65.0688,80.9491
JPSS2_20250917T130601_vs_HYPERNETS_20250917T124500_RHOW_C.csv,MAFR,Hyp,JPSS2,-1.040456,45.547661999999995,-1.0144209999999998,45.537406999999995,2.33,2.25,2025-09-17T10:45:00Z,2025-09-17T11:06:01Z,21,15,5,0.9047,1.2912,0.7002,0.9147,1.1948,-0.018808,-0.007046,0.001958,NA,FALSE,FALSE,0.011015,0.010629,28.248,-0.284076,-0.2289,-0.195032,0.195032,0.2289,0.284076,-39.6797,-29.6849,-24.2285,24.2285,29.6849,39.6797
JPSS2_20250917T130601_vs_HYPERNETS_20250917T130000_RHOW_C.csv,MAFR,Hyp,JPSS2,-1.040456,45.547661999999995,-1.0144209999999998,45.537406999999995,2.33,2.25,2025-09-17T11:00:00Z,2025-09-17T11:06:01Z,6,15,5,0.9259,1.2783,0.693,0.9393,1.2732,-0.020935,-0.007221,0.002896,NA,FALSE,FALSE,0.010159,0.009714,26.5262,-0.276309,-0.21625,-0.165173,0.165173,0.21625,0.276309,-38.1805,-27.5916,-19.7853,19.7853,27.5916,38.1805
JPSS2_20250917T130601_vs_HYPERNETS_20250917T131500_RHOW_C.csv,MAFR,Hyp,JPSS2,-1.040456,45.547661999999995,-1.0144209999999998,45.537406999999995,2.33,2.25,2025-09-17T11:15:00Z,2025-09-17T11:06:01Z,9,15,5,1.124,1.2231,0.8341,1.1413,1.5617,-0.019239,-0.005622,0.00433,NA,FALSE,FALSE,0.003441,0.002662,11.8774,-0.072001,-0.009618,0.036796,0.036796,0.072001,0.103702,-7.7587,-0.9711,3.6796,3.6796,7.7587,10.3702
JPSS2_20251001T120600_vs_HYPERNETS_20251001T114500_RHOW_C.csv,MAFR,Hyp,JPSS2,-1.040456,45.547661999999995,-0.99903,45.536713000000006,3.45,2.25,2025-10-01T09:45:00Z,2025-10-01T10:06:00Z,21,15,5,0.7248,1.5267,0.5841,0.7303,0.9129,-0.013407,-0.006826,-0.001562,NA,TRUE,TRUE,0.017297,0.016543,50.8691,-0.527098,-0.467524,-0.400293,0.400293,0.467524,0.527098,-111.4602,-87.8018,-66.748,66.748,87.8018,111.4602
JPSS2_20251001T120600_vs_HYPERNETS_20251001T120000_RHOW_C.csv,MAFR,Hyp,JPSS2,-1.040456,45.547661999999995,-0.99903,45.536713000000006,3.45,2.25,2025-10-01T10:00:00Z,2025-10-01T10:06:00Z,6,15,5,0.7117,1.5237,0.5668,0.7177,0.909,-0.014405,-0.007276,-0.001648,NA,TRUE,TRUE,0.018594,0.017799,52.5172,-0.5322,-0.493767,-0.42745,0.42745,0.493767,0.5322,-113.7666,-97.5377,-74.6574,74.6574,97.5377,113.7666
JPSS2_20251006T121200_vs_HYPERNETS_20251006T114500_RHOW_C.csv,MAFR,Hyp,JPSS2,-1.040456,45.547661999999995,-1.0018219999999998,45.535789,3.29,2.25,2025-10-06T09:45:00Z,2025-10-06T10:12:00Z,27,15,5,0.6948,1.3978,0.5821,0.6982,0.8374,-0.018939,-0.008962,-6.43e-4,NA,TRUE,TRUE,0.031708,0.03059,45.2938,-0.436559,-0.400138,-0.398393,0.398393,0.400138,0.436559,-77.4808,-66.7049,-66.2214,66.2214,66.7049,77.4808
JPSS2_20251006T121200_vs_HYPERNETS_20251006T120000_RHOW_C.csv,MAFR,Hyp,JPSS2,-1.040456,45.547661999999995,-1.0018219999999998,45.535789,3.29,2.25,2025-10-06T10:00:00Z,2025-10-06T10:12:00Z,12,15,5,0.6445,1.2271,0.4371,0.6628,1.005,-0.026877,-0.003737,0.011523,NA,FALSE,FALSE,0.028688,0.026542,40.9823,-0.442826,-0.363457,-0.344335,0.344335,0.363457,0.442826,-79.4773,-57.0986,-52.517,52.517,57.0986,79.4773
JPSS2_20251006T121200_vs_HYPERNETS_20251006T121500_RHOW_C.csv,MAFR,Hyp,JPSS2,-1.040456,45.547661999999995,-1.0018219999999998,45.535789,3.29,2.25,2025-10-06T10:15:00Z,2025-10-06T10:12:00Z,3,15,5,0.724,1.3906,0.6026,0.7279,0.8793,-0.019026,-0.00868,-1.15e-4,NA,TRUE,TRUE,0.028243,0.027279,42.6085,-0.407695,-0.372977,-0.369873,0.369873,0.372977,0.407695,-68.8318,-59.4837,-58.6982,58.6982,59.4837,68.8318
JPSS2_20251006T121200_vs_HYPERNETS_20251006T123000_RHOW_C.csv,MAFR,Hyp,JPSS2,-1.040456,45.547661999999995,-1.0018219999999998,45.535789,3.29,2.25,2025-10-06T10:30:00Z,2025-10-06T10:12:00Z,18,15,5,0.7307,1.4792,0.5361,0.7429,1.0297,-0.031237,-0.011099,0.003431,NA,FALSE,FALSE,0.030112,0.029153,44.3748,-0.445809,-0.409306,-0.400209,0.400209,0.409306,0.445809,-80.4433,-69.2923,-66.7249,66.7249,69.2923,80.4433
JPSS2_20251009T125401_vs_HYPERNETS_20251009T123000_RHOW_C.csv,MAFR,Hyp,JPSS2,-1.040456,45.547661999999995,-1.0167609999999998,45.552226999999995,1.92,2.25,2025-10-09T10:30:00Z,2025-10-09T10:54:01Z,24,15,5,0.9343,1.1261,0.8452,0.9357,1.0359,-0.010689,-0.003803,0.002418,NA,FALSE,FALSE,0.008586,0.008221,13.7449,-0.112832,-0.10626,-0.102481,0.102481,0.10626,0.112832,-12.7182,-11.8893,-11.4182,11.4182,11.8893,12.7182
JPSS2_20251009T125401_vs_HYPERNETS_20251009T131500_RHOW_C.csv,MAFR,Hyp,JPSS2,-1.040456,45.547661999999995,-1.0167609999999998,45.552226999999995,1.92,2.25,2025-10-09T11:15:00Z,2025-10-09T10:54:01Z,21,15,5,0.9024,1.0561,0.8162,0.9038,1.0007,-0.007093,-5.46e-4,0.005367,NA,FALSE,FALSE,0.007809,0.007049,11.1949,-0.112041,-0.101986,-0.07833,0.07833,0.101986,0.112041,-12.6178,-11.3569,-8.4987,8.4987,11.3569,12.6178
JPSS2_20251014T130001_vs_HYPERNETS_20251014T124500_RHOW_C.csv,MAFR,Hyp,JPSS2,-1.040456,45.547661999999995,-1.0112219999999998,45.542713000000006,2.34,2.25,2025-10-14T10:45:00Z,2025-10-14T11:00:01Z,15,15,5,0.753,1.298,0.5889,0.7606,0.9824,-0.026264,-0.009259,0.003907,NA,TRUE,FALSE,0.028642,0.027616,38.3101,-0.383725,-0.361234,-0.325019,0.325019,0.361234,0.383725,-62.2652,-56.5518,-48.1523,48.1523,56.5518,62.2652
JPSS2_20251014T130001_vs_HYPERNETS_20251014T130000_RHOW_C.csv,MAFR,Hyp,JPSS2,-1.040456,45.547661999999995,-1.0112219999999998,45.542713000000006,2.34,2.25,2025-10-14T11:00:00Z,2025-10-14T11:00:01Z,0,15,5,0.8157,1.3794,0.6832,0.8198,0.9837,-0.024421000000000002,-0.012181,-0.00198,NA,TRUE,TRUE,0.026178,0.025641,37.0482,-0.360411,-0.345636,-0.314558,0.314558,0.345636,0.360411,-56.3504,-52.8202,-45.8913,45.8913,52.8202,56.3504
JPSS2_20251014T130001_vs_HYPERNETS_20251014T131500_RHOW_C.csv,MAFR,Hyp,JPSS2,-1.040456,45.547661999999995,-1.0112219999999998,45.542713000000006,2.34,2.25,2025-10-14T11:15:00Z,2025-10-14T11:00:01Z,15,15,5,0.8698,1.3806,0.7856,0.8712,0.9662,-0.018401,-0.011769,-0.005789,NA,TRUE,TRUE,0.021042,0.020761,32.6692,-0.322148,-0.285318,-0.260306,0.260306,0.285318,0.322148,-47.5248,-39.9224,-35.191,35.191,39.9224,47.5248
JPSS2_20251014T130001_vs_HYPERNETS_20251014T133000_RHOW_C.csv,MAFR,Hyp,JPSS2,-1.040456,45.547661999999995,-1.0112219999999998,45.542713000000006,2.34,2.25,2025-10-14T11:30:00Z,2025-10-14T11:00:01Z,30,15,5,0.9993,1.3124,0.7024,1.0219,1.4868,-0.036517,-0.009759,0.008632,NA,FALSE,FALSE,0.009609,0.008499,17.7887,-0.205201,-0.144963,-0.078157,0.078157,0.144963,0.205201,-25.818,-16.954,-8.4783,8.4783,16.954,25.818
JPSS2_20251015T124201_vs_HYPERNETS_20251015T121500_RHOW_C.csv,MAFR,Hyp,JPSS2,-1.040456,45.547661999999995,-1.017012,45.539970000000004,2.02,2.25,2025-10-15T10:15:00Z,2025-10-15T10:42:01Z,27,15,5,0.8137,1.1979,0.6078,0.8256,1.1214,-0.016229,-0.00509,0.00311,NA,FALSE,FALSE,0.012318,0.011658,33.4341,-0.333081,-0.274687,-0.255725,0.255725,0.274687,0.333081,-49.9432,-37.8714,-34.3589,34.3589,37.8714,49.9432
JPSS2_20251016T122401_vs_HYPERNETS_20251016T120000_RHOW_C.csv,MAFR,Hyp,JPSS2,-1.040456,45.547661999999995,-1.0030999999999999,45.5397,3.04,2.25,2025-10-16T10:00:00Z,2025-10-16T10:24:01Z,24,15,5,0.7536,1.1103,0.5961,0.7605,0.9702,-0.010464,-0.002595,0.003574,NA,TRUE,FALSE,0.012416,0.011584,32.1659,-0.305739,-0.292083,-0.283839,0.283839,0.292083,0.305739,-44.0381,-41.2594,-39.6334,39.6334,41.2594,44.0381
JPSS2_20251016T122401_vs_HYPERNETS_20251016T123000_RHOW_C.csv,MAFR,Hyp,JPSS2,-1.040456,45.547661999999995,-1.0030999999999999,45.5397,3.04,2.25,2025-10-16T10:30:00Z,2025-10-16T10:24:01Z,6,15,5,0.7826,1.1059,0.5781,0.7951,1.0934,-0.014586,-0.003526,0.004516,NA,FALSE,FALSE,0.011871,0.011122,31.3086,-0.312675,-0.279845,-0.261063,0.261063,0.279845,0.312675,-45.4916,-38.859,-35.3296,35.3296,38.859,45.4916
JPSS2_20251016T122401_vs_HYPERNETS_20251016T124500_RHOW_C.csv,MAFR,Hyp,JPSS2,-1.040456,45.547661999999995,-1.0030999999999999,45.5397,3.04,2.25,2025-10-16T10:45:00Z,2025-10-16T10:24:01Z,21,15,5,0.8228,1.068,0.6344,0.8321,1.0915,-0.010514,-0.00185,0.004756,NA,FALSE,FALSE,0.008162,0.007458,23.2204,-0.217642,-0.206279,-0.205459,0.205459,0.206279,0.217642,-27.8187,-25.9889,-25.8588,25.8588,25.9889,27.8187
JPSS2_20251115T130000_vs_HYPERNETS_20251115T123000_RHOW_C.csv,MAFR,Hyp,JPSS2,-1.040456,45.547661999999995,-1.0114639999999997,45.53890200000001,2.46,2.25,2025-11-15T11:30:00Z,2025-11-15T12:00:00Z,30,15,5,0.9404,1.7205,0.7872,0.9452,1.1349,-0.024637,-0.014409,-0.00589,NA,FALSE,TRUE,0.017513,0.017364,37.0441,-0.365706,-0.296586,-0.272218,0.272218,0.296586,0.365706,-57.6555,-42.1638,-37.4038,37.4038,42.1638,57.6555
JPSS2_20251115T130000_vs_HYPERNETS_20251115T124500_RHOW_C.csv,MAFR,Hyp,JPSS2,-1.040456,45.547661999999995,-1.0114639999999997,45.53890200000001,2.46,2.25,2025-11-15T11:45:00Z,2025-11-15T12:00:00Z,15,15,5,1.3279,1.5218,0.9061,1.3641,2.0535,-0.030327,-0.007874,0.007041,NA,FALSE,FALSE,0.007539,0.006995,24.6851,0.065039,0.170181,0.190499,0.170181,0.190499,0.346099,6.5039,17.0181,19.0499,17.0181,19.0499,34.6099
JPSS2_20251115T130000_vs_HYPERNETS_20251115T130000_RHOW_C.csv,MAFR,Hyp,JPSS2,-1.040456,45.547661999999995,-1.0114639999999997,45.53890200000001,2.46,2.25,2025-11-15T12:00:00Z,2025-11-15T12:00:00Z,0,15,5,1.5937,1.5255,1.0337,1.6527,2.6425,-0.034741,-0.008039,0.008662,NA,TRUE,FALSE,0.012872,0.011707,43.8038,0.273579,0.407888,0.449744,0.378886,0.407888,0.449744,27.3579,40.7888,44.9744,40.7888,44.9744,61.0009
JPSS2_20251115T130000_vs_HYPERNETS_20251115T131500_RHOW_C.csv,MAFR,Hyp,JPSS2,-1.040456,45.547661999999995,-1.0114639999999997,45.53890200000001,2.46,2.25,2025-11-15T12:15:00Z,2025-11-15T12:00:00Z,15,15,5,1.388,1.5807,1.0031,1.4139,1.9928,-0.028608,-0.009679,0.003751,NA,TRUE,FALSE,0.007506,0.006877,23.5677,0.057246,0.185936,0.191552,0.185936,0.191552,0.280184,5.7246,18.5936,19.1552,18.5936,19.1552,28.0184
JPSS2_20251125T131201_vs_HYPERNETS_20251125T133000_RHOW_R.csv,MAFR,Hyp,JPSS2,-1.040456,45.547661999999995,-1.005113,45.533611,3.17,2.25,2025-11-25T12:30:00Z,2025-11-25T12:12:01Z,18,15,5,0.3637,2.4783,0.3168,0.3648,0.4201,-0.017697,-0.012463,-0.007918,NA,TRUE,TRUE,0.076764,0.072604,79.9259,-0.800784,-0.778563,-0.732121,0.732121,0.778563,0.800784,-401.9687,-351.5965,-273.3027,273.3027,351.5965,401.9687
JPSS2_20251228T125400_vs_HYPERNETS_20251228T123000_RHOW_C.csv,MAFR,Hyp,JPSS2,-1.040456,45.547661999999995,-1.0109039999999998,45.539665,2.47,2.25,2025-12-28T11:30:00Z,2025-12-28T11:54:00Z,24,15,5,0.7331,1.0031,0.6141,0.7368,0.884,-0.010902,0.001839,0.012459,NA,TRUE,FALSE,0.023286,0.020944,24.0315,-0.277412,-0.230338,-0.212216,0.212216,0.230338,0.277412,-38.3915,-29.9271,-26.9383,26.9383,29.9271,38.3915
JPSS2_20251228T125400_vs_HYPERNETS_20251228T124500_RHOW_C.csv,MAFR,Hyp,JPSS2,-1.040456,45.547661999999995,-1.0109039999999998,45.539665,2.47,2.25,2025-12-28T11:45:00Z,2025-12-28T11:54:00Z,9,15,5,0.7485,0.9493,0.6259,0.7523,0.9042,-0.007674,0.004638,0.014881,NA,TRUE,FALSE,0.018103,0.015437,17.9126,-0.191458,-0.182576,-0.153581,0.153581,0.182576,0.191458,-23.6794,-22.3356,-18.1448,18.1448,22.3356,23.6794
JPSS2_20251228T125400_vs_HYPERNETS_20251228T130000_RHOW_C.csv,MAFR,Hyp,JPSS2,-1.040456,45.547661999999995,-1.0109039999999998,45.539665,2.47,2.25,2025-12-28T12:00:00Z,2025-12-28T11:54:00Z,6,15,5,0.6402,0.9899,0.565,0.6418,0.729,-0.006723,0.001935,0.009557,NA,TRUE,FALSE,0.036927,0.033608,33.6084,-0.353508,-0.334165,-0.326147,0.326147,0.334165,0.353508,-54.681,-50.1873,-48.4002,48.4002,50.1873,54.681
JPSS2_20251228T125400_vs_HYPERNETS_20251228T131500_RHOW_C.csv,MAFR,Hyp,JPSS2,-1.040456,45.547661999999995,-1.0109039999999998,45.539665,2.47,2.25,2025-12-28T12:15:00Z,2025-12-28T11:54:00Z,21,15,5,0.5972,0.9252,0.4736,0.6025,0.7665,-0.010169,0.006045,0.01879,NA,TRUE,FALSE,0.038032,0.033253,32.2701,-0.331542,-0.314229,-0.300661,0.300661,0.314229,0.331542,-49.5979,-45.8213,-42.9921,42.9921,45.8213,49.5979
SNPP_20250119T121201_vs_HYPERNETS_20250119T114500_RHOW_R.csv,THFR,Hyp,SNPP,3.6641600000000003,43.43485999999999,3.6911840000000002,43.426075000000004,2.39,2.25,2025-01-19T10:45:00Z,2025-01-19T11:12:01Z,27,30,4,-0.599,-0.97,-3.0755,-0.764,-0.1898,0.003463,0.005899,0.015704,NA,TRUE,TRUE,0.002963,0.002507,59.1138,-0.636241,-0.328867,0.150801,0.448979,0.70339,0.845548,-196.2262,-59.5744,9.0628,63.6091,108.2703,196.2262
SNPP_20250119T121201_vs_HYPERNETS_20250119T120000_RHOW_R.csv,THFR,Hyp,SNPP,3.6641600000000003,43.43485999999999,3.6911840000000002,43.426075000000004,2.39,2.25,2025-01-19T11:00:00Z,2025-01-19T11:12:01Z,12,30,4,-0.5981,-1.0343,-3.0748,-0.7633,-0.1895,0.00351,0.006089,0.016479,NA,TRUE,TRUE,0.003107,0.002642,56.6527,-0.651148,-0.370229,0.054762,0.478394,0.633649,0.721782,-209.062,-69.0761,0.4483,53.9109,101.6248,209.062
SNPP_20250119T121201_vs_HYPERNETS_20250119T121500_RHOW_R.csv,THFR,Hyp,SNPP,3.6641600000000003,43.43485999999999,3.6911840000000002,43.426075000000004,2.39,2.25,2025-01-19T11:15:00Z,2025-01-19T11:12:01Z,3,30,4,-0.6004,-1.1608,-2.9887,-0.7562,-0.1913,0.003607,0.006408,0.01748,NA,TRUE,TRUE,0.003417,0.002889,53.4716,-0.675177,-0.430204,-0.079441,0.376984,0.517445,0.675177,-232.7467,-85.4456,-13.2155,39.6464,91.9127,232.7467
SNPP_20250129T122401_vs_HYPERNETS_20250129T120000_RHOW_R.csv,THFR,Hyp,SNPP,3.6641600000000003,43.43485999999999,3.687225,43.423111000000006,2.28,2.25,2025-01-29T11:00:00Z,2025-01-29T11:24:01Z,24,30,3,0.7391,1.3731,0.1317,0.7576,4.3589,-0.026293,-0.001547,0.002754,NA,FALSE,FALSE,0.003269,0.003212,48.5681,-0.535407,-0.517431,-0.45183,0.45183,0.517431,0.535407,-115.4035,-107.2241,-83.7457,83.7457,107.2241,115.4035
SNPP_20250129T122401_vs_HYPERNETS_20250129T121500_RHOW_R.csv,THFR,Hyp,SNPP,3.6641600000000003,43.43485999999999,3.687225,43.423111000000006,2.28,2.25,2025-01-29T11:15:00Z,2025-01-29T11:24:01Z,9,30,3,0.8861,2.3619,0.1149,0.9336,7.5886,-0.06719,-0.005058,0.002587,NA,FALSE,FALSE,0.005699,0.005677,62.3518,-0.688487,-0.644133,-0.568856,0.568856,0.644133,0.688487,-224.3183,-181.0038,-135.5592,135.5592,181.0038,224.3183
SNPP_20250129T122401_vs_HYPERNETS_20250129T124500_RHOW_R.csv,THFR,Hyp,SNPP,3.6641600000000003,43.43485999999999,3.687225,43.423111000000006,2.28,2.25,2025-01-29T11:45:00Z,2025-01-29T11:24:01Z,21,30,3,0.7597,2.3812,0.0948,0.8046,6.8294,-0.071215,-0.005162,0.00262,NA,FALSE,FALSE,0.007334,0.007305,67.9274,-0.735385,-0.697739,-0.632396,0.632396,0.697739,0.735385,-281.7914,-230.8396,-176.4338,176.4338,230.8396,281.7914
SNPP_20250205T115401_vs_HYPERNETS_20250205T113000_RHOW_R.csv,THFR,Hyp,SNPP,3.6641600000000003,43.43485999999999,3.683469,43.420059,2.27,2.25,2025-02-05T10:30:00Z,2025-02-05T10:54:01Z,24,30,4,0.6198,1.0393,0.1957,0.7976,3.25,-0.011111,-0.001595,7.41e-4,NA,FALSE,FALSE,0.00266,0.00238,65.5915,-0.758185,-0.659285,-0.557015,0.557015,0.659285,0.758185,-479.1691,-194.4951,-133.9669,133.9669,194.4951,479.1691
SNPP_20250205T115401_vs_HYPERNETS_20250205T114500_RHOW_R.csv,THFR,Hyp,SNPP,3.6641600000000003,43.43485999999999,3.683469,43.420059,2.27,2.25,2025-02-05T10:45:00Z,2025-02-05T10:54:01Z,9,30,4,0.6201,0.9894,0.1953,0.8047,3.3155,-0.011099,-0.001558,7.58e-4,NA,FALSE,FALSE,0.002591,0.0023,64.4253,-0.754473,-0.643222,-0.533002,0.533002,0.643222,0.754473,-470.3875,-181.9976,-120.5943,120.5943,181.9976,470.3875
SNPP_20250205T115401_vs_HYPERNETS_20250205T120000_RHOW_R.csv,THFR,Hyp,SNPP,3.6641600000000003,43.43485999999999,3.683469,43.420059,2.27,2.25,2025-02-05T11:00:00Z,2025-02-05T10:54:01Z,6,30,4,0.6181,1.0699,0.1946,0.8032,3.3162,-0.011595,-0.001672,7.32e-4,NA,FALSE,FALSE,0.002726,0.002449,66.4079,-0.761303,-0.673452,-0.576227,0.576227,0.673452,0.761303,-489.0927,-206.6834,-146.6519,146.6519,206.6834,489.0927
SNPP_20250205T115401_vs_HYPERNETS_20250205T121500_RHOW_R.csv,THFR,Hyp,SNPP,3.6641600000000003,43.43485999999999,3.683469,43.420059,2.27,2.25,2025-02-05T11:15:00Z,2025-02-05T10:54:01Z,21,30,4,0.5982,1.0191,0.1883,0.7779,3.2141,-0.011373,-0.001616,7.46e-4,NA,FALSE,FALSE,0.002794,0.002505,66.528,-0.765212,-0.668829,-0.568897,0.568897,0.668829,0.765212,-498.8064,-202.9951,-140.476,140.476,202.9951,498.8064
SNPP_20250531T123601_vs_HYPERNETS_20250531T121500_RHOW_R.csv,THFR,Hyp,SNPP,3.6641600000000003,43.43485999999999,3.693051,43.425129000000005,2.57,2.25,2025-05-31T10:15:00Z,2025-05-31T10:36:01Z,21,30,1,NA,NA,NA,NA,NA,NA,NA,NA,NA,NA,NA,NA,NA,NA,NA,NA,NA,NA,NA,NA,NA,NA,NA,NA,NA,NA
SNPP_20250531T123601_vs_HYPERNETS_20250531T123000_RHOW_R.csv,THFR,Hyp,SNPP,3.6641600000000003,43.43485999999999,3.693051,43.425129000000005,2.57,2.25,2025-05-31T10:30:00Z,2025-05-31T10:36:01Z,6,30,1,NA,NA,NA,NA,NA,NA,NA,NA,NA,NA,NA,NA,NA,NA,NA,NA,NA,NA,NA,NA,NA,NA,NA,NA,NA,NA
SNPP_20250531T123601_vs_HYPERNETS_20250531T124500_RHOW_R.csv,THFR,Hyp,SNPP,3.6641600000000003,43.43485999999999,3.693051,43.425129000000005,2.57,2.25,2025-05-31T10:45:00Z,2025-05-31T10:36:01Z,9,30,1,NA,NA,NA,NA,NA,NA,NA,NA,NA,NA,NA,NA,NA,NA,NA,NA,NA,NA,NA,NA,NA,NA,NA,NA,NA,NA
SNPP_20250531T123601_vs_HYPERNETS_20250531T130000_RHOW_R.csv,THFR,Hyp,SNPP,3.6641600000000003,43.43485999999999,3.693051,43.425129000000005,2.57,2.25,2025-05-31T11:00:00Z,2025-05-31T10:36:01Z,24,30,1,NA,NA,NA,NA,NA,NA,NA,NA,NA,NA,NA,NA,NA,NA,NA,NA,NA,NA,NA,NA,NA,NA,NA,NA,NA,NA
SNPP_20250616T123601_vs_HYPERNETS_20250616T121500_RHOW_R.csv,THFR,Hyp,SNPP,3.6641600000000003,43.43485999999999,3.691616,43.423588,2.55,2.25,2025-06-16T10:15:00Z,2025-06-16T10:36:01Z,21,30,2,2.6706,7.3953,NA,2.6706,NA,NA,-0.024246,NA,NA,NA,NA,0.006406,0.006045,58.5469,-0.717008,-0.585469,-0.45393,0.45393,0.585469,0.717008,-353.989,-212.1552,-114.6327,114.6327,212.1552,353.989
SNPP_20250616T123601_vs_HYPERNETS_20250616T123000_RHOW_R.csv,THFR,Hyp,SNPP,3.6641600000000003,43.43485999999999,3.691616,43.423588,2.55,2.25,2025-06-16T10:30:00Z,2025-06-16T10:36:01Z,6,30,2,2.9231,8.1305,NA,2.9231,NA,NA,-0.027114,NA,NA,NA,NA,0.006481,0.006084,58.4668,-0.717766,-0.584668,-0.451571,0.451571,0.584668,0.717766,-358.6078,-213.6654,-114.5319,114.5319,213.6654,358.6078
SNPP_20250616T123601_vs_HYPERNETS_20250616T124500_RHOW_R.csv,THFR,Hyp,SNPP,3.6641600000000003,43.43485999999999,3.691616,43.423588,2.55,2.25,2025-06-16T10:45:00Z,2025-06-16T10:36:01Z,9,30,2,2.9497,7.9475,NA,2.9497,NA,NA,-0.0264,NA,NA,NA,NA,0.006166,0.005744,57.1876,-0.708763,-0.571876,-0.434989,0.434989,0.571876,0.708763,-343.6625,-203.8159,-108.0502,108.0502,203.8159,343.6625
SNPP_20250616T123601_vs_HYPERNETS_20250616T130000_RHOW_R.csv,THFR,Hyp,SNPP,3.6641600000000003,43.43485999999999,3.691616,43.423588,2.55,2.25,2025-06-16T11:00:00Z,2025-06-16T10:36:01Z,24,30,2,2.9532,7.8079,NA,2.9532,NA,NA,-0.025855,NA,NA,NA,NA,0.005984,0.005547,56.4226,-0.703308,-0.564226,-0.425144,0.425144,0.564226,0.703308,-334.9068,-198.1105,-104.3424,104.3424,198.1105,334.9068
SNPP_20250621T124200_vs_HYPERNETS_20250621T121500_RHOW_R.csv,THFR,Hyp,SNPP,3.6641600000000003,43.43485999999999,3.6847370000000006,43.420806999999996,2.28,2.25,2025-06-21T10:15:00Z,2025-06-21T10:42:00Z,27,30,3,1.3445,6.4365,0.4773,1.351,3.8242,-0.024959,-0.007177,-8.95e-4,NA,FALSE,TRUE,0.004693,0.004654,69.9871,-0.845346,-0.718054,-0.563489,0.563489,0.718054,0.845346,-1038.5097,-254.6784,-144.9601,144.9601,254.6784,1038.5097
SNPP_20250621T124200_vs_HYPERNETS_20250621T123000_RHOW_R.csv,THFR,Hyp,SNPP,3.6641600000000003,43.43485999999999,3.6847370000000006,43.420806999999996,2.28,2.25,2025-06-21T10:30:00Z,2025-06-21T10:42:00Z,12,30,3,1.4398,6.8949,0.4545,1.4491,4.6204,-0.030592,-0.007854,-7.22e-4,NA,FALSE,TRUE,0.004689,0.004634,69.6561,-0.846118,-0.71914,-0.558294,0.558294,0.71914,0.846118,-1050.3983,-256.0497,-143.0847,143.0847,256.0497,1050.3983
SNPP_20250621T124200_vs_HYPERNETS_20250621T124500_RHOW_R.csv,THFR,Hyp,SNPP,3.6641600000000003,43.43485999999999,3.6847370000000006,43.420806999999996,2.28,2.25,2025-06-21T10:45:00Z,2025-06-21T10:42:00Z,3,30,3,1.3634,6.0152,0.4131,1.3731,4.5645,-0.0277,-0.00656,-2e-4,NA,FALSE,TRUE,0.004138,0.004088,67.7234,-0.832558,-0.69574,-0.531164,0.531164,0.69574,0.832558,-935.9572,-228.6667,-127.7898,127.7898,228.6667,935.9572
SNPP_20250621T124200_vs_HYPERNETS_20250621T130000_RHOW_R.csv,THFR,Hyp,SNPP,3.6641600000000003,43.43485999999999,3.6847370000000006,43.420806999999996,2.28,2.25,2025-06-21T11:00:00Z,2025-06-21T10:42:00Z,18,30,3,1.4517,6.3663,0.5018,1.4592,4.243,-0.025405,-0.007073,-7.68e-4,NA,FALSE,TRUE,0.004113,0.004049,67.2803,-0.831206,-0.69243,-0.524214,0.524214,0.69243,0.831206,-940.7183,-225.1291,-124.6903,124.6903,225.1291,940.7183
SNPP_20250626T124801_vs_HYPERNETS_20250626T123000_RHOW_C.csv,THFR,Hyp,SNPP,3.6641600000000003,43.43485999999999,3.6856679999999997,43.420616,2.35,2.25,2025-06-26T10:30:00Z,2025-06-26T10:48:01Z,18,30,5,1.0278,0.8904,0.8082,1.0376,1.3321,-8.87e-4,0.001257,0.002926,NA,FALSE,FALSE,0.001605,0.00153,23.861,0.158099,0.18179,0.352321,0.158099,0.18179,0.352321,15.8099,18.179,35.2321,15.8099,18.179,35.2321
SNPP_20250626T124801_vs_HYPERNETS_20250626T124500_RHOW_C.csv,THFR,Hyp,SNPP,3.6641600000000003,43.43485999999999,3.6856679999999997,43.420616,2.35,2.25,2025-06-26T10:45:00Z,2025-06-26T10:48:01Z,3,30,5,1.0256,0.8823,0.7798,1.0387,1.3837,-0.00116,0.001325,0.003191,NA,FALSE,FALSE,0.001697,0.001605,25.3919,0.141708,0.196427,0.381891,0.141708,0.196427,0.381891,14.1708,19.6427,38.1891,14.1708,19.6427,38.1891
SNPP_20250626T124801_vs_HYPERNETS_20250626T130000_RHOW_C.csv,THFR,Hyp,SNPP,3.6641600000000003,43.43485999999999,3.6856679999999997,43.420616,2.35,2.25,2025-06-26T11:00:00Z,2025-06-26T10:48:01Z,12,30,5,1.0301,0.845,0.7597,1.0468,1.4422,-0.001101,0.001616,0.003588,NA,FALSE,FALSE,0.002034,0.001937,32.6859,0.196657,0.249398,0.476748,0.196657,0.249398,0.476748,19.6657,24.9398,47.6748,19.6657,24.9398,47.6748
SNPP_20250626T124801_vs_HYPERNETS_20250626T131500_RHOW_C.csv,THFR,Hyp,SNPP,3.6641600000000003,43.43485999999999,3.6856679999999997,43.420616,2.35,2.25,2025-06-26T11:15:00Z,2025-06-26T10:48:01Z,27,30,5,1.0227,0.8405,0.6965,1.051,1.586,-0.002174,0.001531,0.003986,NA,FALSE,FALSE,0.002046,0.001884,31.6637,0.148674,0.255181,0.502051,0.148674,0.255181,0.502051,14.8674,25.5181,50.2051,14.8674,25.5181,50.2051
SNPP_20250628T121200_vs_HYPERNETS_20250628T114500_RHOW_R.csv,THFR,Hyp,SNPP,3.6641600000000003,43.43485999999999,3.694257,43.42168399999999,2.84,2.25,2025-06-28T09:45:00Z,2025-06-28T10:12:00Z,27,30,5,0.9666,0.9897,0.5923,1.016,1.7428,-0.005349,-6.47e-4,0.002094,NA,FALSE,FALSE,0.001115,9.57e-4,20.4034,-0.14678,-0.055678,-0.046006,0.055678,0.14678,0.312454,-17.203,-5.8961,-4.8224,5.8961,17.203,31.2454
SNPP_20250628T121200_vs_HYPERNETS_20250628T120000_RHOW_R.csv,THFR,Hyp,SNPP,3.6641600000000003,43.43485999999999,3.694257,43.42168399999999,2.84,2.25,2025-06-28T10:00:00Z,2025-06-28T10:12:00Z,12,30,5,0.9926,0.9933,0.6075,1.0438,1.7933,-0.005445,-6.92e-4,0.002074,NA,FALSE,FALSE,0.001056,8.54e-4,19.6617,-0.137337,-0.036598,-0.022723,0.036598,0.137337,0.338532,-15.9202,-3.7988,-2.3251,3.7988,15.9202,33.8532
SNPP_20250628T121200_vs_HYPERNETS_20250628T121500_RHOW_R.csv,THFR,Hyp,SNPP,3.6641600000000003,43.43485999999999,3.694257,43.42168399999999,2.84,2.25,2025-06-28T10:15:00Z,2025-06-28T10:12:00Z,3,30,5,0.9869,0.9852,0.5871,1.0464,1.8648,-0.006227,-8.93e-4,0.0021,NA,FALSE,FALSE,0.0012,0.001009,21.3226,-0.173635,-0.061896,-0.033377,0.061896,0.173635,0.316058,-21.0119,-6.5979,-3.453,6.5979,21.0119,31.6058
SNPP_20250628T121200_vs_HYPERNETS_20250628T123000_RHOW_R.csv,THFR,Hyp,SNPP,3.6641600000000003,43.43485999999999,3.694257,43.42168399999999,2.84,2.25,2025-06-28T10:30:00Z,2025-06-28T10:12:00Z,18,30,5,0.9881,1.0103,0.6011,1.0408,1.8021,-0.005787,-8.38e-4,0.002019,NA,FALSE,FALSE,0.001141,9.62e-4,20.2835,-0.159497,-0.059849,-0.036451,0.059849,0.159497,0.287703,-18.9764,-6.3659,-3.783,6.3659,18.9764,28.7703
SNPP_20250629T115400_vs_HYPERNETS_20250629T113000_RHOW_R.csv,THFR,Hyp,SNPP,3.6641600000000003,43.43485999999999,3.688895,43.423496,2.37,2.25,2025-06-29T09:30:00Z,2025-06-29T09:54:00Z,24,30,5,0.9409,2.4364,0.5989,0.9797,1.6026,-0.00874,-0.004234,-0.001479,NA,FALSE,TRUE,0.004471,0.00438,69.7417,-0.832335,-0.786834,-0.603837,0.603837,0.786834,0.832335,-496.4272,-369.1172,-152.4212,152.4212,369.1172,496.4272
SNPP_20250709T120601_vs_HYPERNETS_20250709T114500_RHOW_R.csv,THFR,Hyp,SNPP,3.6641600000000003,43.43485999999999,3.69365,43.424717,2.64,2.25,2025-07-09T09:45:00Z,2025-07-09T10:06:01Z,21,30,4,0.992,1.1155,0.3431,1.1447,3.8187,-0.020311,-0.002482,0.002863,NA,FALSE,FALSE,0.002118,0.001771,30.2231,-0.411116,-0.204095,-0.030389,0.118166,0.227051,0.411116,-77.2111,-27.105,-3.5733,11.9955,29.3137,77.2111
SNPP_20250709T120601_vs_HYPERNETS_20250709T120000_RHOW_R.csv,THFR,Hyp,SNPP,3.6641600000000003,43.43485999999999,3.69365,43.424717,2.64,2.25,2025-07-09T10:00:00Z,2025-07-09T10:06:01Z,6,30,4,0.9851,1.1402,0.3488,1.1207,3.6008,-0.018795,-0.002302,0.002831,NA,FALSE,FALSE,0.00206,0.001744,29.9394,-0.403858,-0.205069,-0.038364,0.116523,0.220987,0.403858,-74.7821,-27.0743,-4.455,11.8846,28.3578,74.7821
SNPP_20250709T120601_vs_HYPERNETS_20250709T121500_RHOW_R.csv,THFR,Hyp,SNPP,3.6641600000000003,43.43485999999999,3.69365,43.424717,2.64,2.25,2025-07-09T10:15:00Z,2025-07-09T10:06:01Z,9,30,4,0.9548,1.1755,0.3271,1.1091,3.7613,-0.022486,-0.002999,0.002748,NA,FALSE,FALSE,0.002667,0.002197,31.3129,-0.463002,-0.264547,-0.114674,0.114674,0.264547,0.463002,-95.3154,-37.6838,-13.1942,13.1942,37.6838,95.3154
SNPP_20250709T120601_vs_HYPERNETS_20250709T123000_RHOW_R.csv,THFR,Hyp,SNPP,3.6641600000000003,43.43485999999999,3.69365,43.424717,2.64,2.25,2025-07-09T10:30:00Z,2025-07-09T10:06:01Z,24,30,4,0.9668,1.1903,0.3389,1.1063,3.6113,-0.020576,-0.002731,0.002736,NA,FALSE,FALSE,0.002444,0.002014,30.1652,-0.441953,-0.246513,-0.096857,0.106213,0.246513,0.441953,-87.5205,-34.1838,-11.0116,12.0453,34.1838,87.5205
SNPP_20250716T131800_vs_HYPERNETS_20250716T134500_RHOW_R.csv,THFR,Hyp,SNPP,3.6641600000000003,43.43485999999999,3.6903300000000003,43.42037200000001,2.66,2.25,2025-07-16T11:45:00Z,2025-07-16T11:18:00Z,27,30,2,0.7927,1.206,NA,0.7927,NA,NA,-7.68e-4,NA,NA,NA,NA,0.002494,0.002333,35.6546,-0.398621,-0.356546,-0.314471,0.314471,0.356546,0.398621,-67.4135,-56.7576,-46.78,46.78,56.7576,67.4135
SNPP_20250720T120000_vs_HYPERNETS_20250720T113000_RHOW_R.csv,THFR,Hyp,SNPP,3.6641600000000003,43.43485999999999,3.693403,43.42189,2.77,2.25,2025-07-20T09:30:00Z,2025-07-20T10:00:00Z,30,30,2,1.5761,10.7554,NA,1.5761,NA,NA,-0.014102,NA,NA,NA,NA,0.007856,0.007775,74.9801,-0.867595,-0.749801,-0.632008,0.632008,0.749801,0.867595,-2750.1388,-1086.9409,-394.3018,394.3018,1086.9409,2750.1388
SNPP_20250720T120000_vs_HYPERNETS_20250720T114500_RHOW_R.csv,THFR,Hyp,SNPP,3.6641600000000003,43.43485999999999,3.693403,43.42189,2.77,2.25,2025-07-20T09:45:00Z,2025-07-20T10:00:00Z,15,30,2,1.6375,11.3048,NA,1.6375,NA,NA,-0.014968,NA,NA,NA,NA,0.007982,0.007892,75.0766,-0.868228,-0.750766,-0.633305,0.633305,0.750766,0.868228,-2797.4158,-1101.3752,-398.1343,398.1343,1101.3752,2797.4158
SNPP_20250720T120000_vs_HYPERNETS_20250720T120000_RHOW_R.csv,THFR,Hyp,SNPP,3.6641600000000003,43.43485999999999,3.693403,43.42189,2.77,2.25,2025-07-20T10:00:00Z,2025-07-20T10:00:00Z,0,30,2,1.5977,10.2457,NA,1.5977,NA,NA,-0.013299,NA,NA,NA,NA,0.007217,0.007124,73.5839,-0.860071,-0.735839,-0.611607,0.611607,0.735839,0.860071,-2564.9616,-1014.7925,-366.3341,366.3341,1014.7925,2564.9616
SNPP_20250720T120000_vs_HYPERNETS_20250720T121500_RHOW_R.csv,THFR,Hyp,SNPP,3.6641600000000003,43.43485999999999,3.693403,43.42189,2.77,2.25,2025-07-20T10:15:00Z,2025-07-20T10:00:00Z,15,30,2,1.5658,10.1997,NA,1.5658,NA,NA,-0.013227,NA,NA,NA,NA,0.007372,0.007288,74.0127,-0.86233,-0.740127,-0.617924,0.617924,0.740127,0.86233,-2605.6147,-1032.2801,-373.851,373.851,1032.2801,2605.6147
SNPP_20250720T120000_vs_HYPERNETS_20250720T123000_RHOW_R.csv,THFR,Hyp,SNPP,3.6641600000000003,43.43485999999999,3.693403,43.42189,2.77,2.25,2025-07-20T10:30:00Z,2025-07-20T10:00:00Z,30,30,2,1.5199,9.587,NA,1.5199,NA,NA,-0.012264,NA,NA,NA,NA,0.00705,0.006971,73.4454,-0.859137,-0.734454,-0.609772,0.609772,0.734454,0.859137,-2502.0811,-995.5608,-361.2667,361.2667,995.5608,2502.0811
SNPP_20250722T130600_vs_HYPERNETS_20250722T124500_RHOW_R.csv,THFR,Hyp,SNPP,3.6641600000000003,43.43485999999999,3.689453,43.417407999999995,2.82,2.25,2025-07-22T10:45:00Z,2025-07-22T11:06:00Z,21,30,3,0.969,1.1097,0.0973,1.0738,11.8542,-0.079102,-0.002674,0.004249,NA,FALSE,FALSE,0.002602,0.002151,34.0822,-0.456152,-0.323978,-0.217069,0.217069,0.323978,0.456152,-89.5584,-47.9242,-28.9329,28.9329,47.9242,89.5584
SNPP_20250722T130600_vs_HYPERNETS_20250722T130000_RHOW_R.csv,THFR,Hyp,SNPP,3.6641600000000003,43.43485999999999,3.689453,43.417407999999995,2.82,2.25,2025-07-22T11:00:00Z,2025-07-22T11:06:00Z,6,30,3,0.9822,1.0931,0.1013,1.0802,11.5232,-0.074445,-0.002503,0.004241,NA,FALSE,FALSE,0.002408,0.00195,31.9721,-0.432228,-0.29244,-0.193573,0.193573,0.29244,0.432228,-81.7209,-41.3308,-24.9463,24.9463,41.3308,81.7209
SNPP_20250802T125400_vs_HYPERNETS_20250802T123000_RHOW_R.csv,THFR,Hyp,SNPP,3.6641600000000003,43.43485999999999,3.689029,43.424217,2.33,2.25,2025-08-02T10:30:00Z,2025-08-02T10:54:00Z,24,30,4,0.9206,0.9223,0.2903,1.1897,4.8757,-0.024981,-0.003344,0.001935,NA,FALSE,FALSE,0.00289,0.00223,39.9394,-0.577532,-0.366828,-0.18869,0.18869,0.366828,0.577532,-158.055,-61.28,-23.9082,23.9082,61.28,158.055
SNPP_20250802T125400_vs_HYPERNETS_20250802T124500_RHOW_R.csv,THFR,Hyp,SNPP,3.6641600000000003,43.43485999999999,3.689029,43.424217,2.33,2.25,2025-08-02T10:45:00Z,2025-08-02T10:54:00Z,9,30,4,0.9265,0.9251,0.2922,1.1973,4.9065,-0.025041,-0.003359,0.001932,NA,FALSE,FALSE,0.00287,0.002206,39.7301,-0.575379,-0.365178,-0.1871,0.1871,0.365178,0.575379,-156.8192,-60.7883,-23.6878,23.6878,60.7883,156.8192
SNPP_20250802T125400_vs_HYPERNETS_20250802T130000_RHOW_R.csv,THFR,Hyp,SNPP,3.6641600000000003,43.43485999999999,3.689029,43.424217,2.33,2.25,2025-08-02T11:00:00Z,2025-08-02T10:54:00Z,6,30,4,0.9434,0.9443,0.3003,1.1907,4.7213,-0.023556,-0.003219,0.00191,NA,FALSE,FALSE,0.00276,0.002121,39.0084,-0.568864,-0.354354,-0.175574,0.175574,0.354354,0.568864,-151.9716,-58.2111,-21.8516,21.8516,58.2111,151.9716
SNPP_20250802T125400_vs_HYPERNETS_20250802T131500_RHOW_R.csv,THFR,Hyp,SNPP,3.6641600000000003,43.43485999999999,3.689029,43.424217,2.33,2.25,2025-08-02T11:15:00Z,2025-08-02T10:54:00Z,21,30,4,0.9433,0.9022,0.2987,1.2048,4.8594,-0.023722,-0.003144,0.001958,NA,FALSE,FALSE,0.002684,0.001991,37.0014,-0.56153,-0.327299,-0.135783,0.135783,0.327299,0.56153,-147.8311,-52.4894,-16.0916,16.0916,52.4894,147.8311
SNPP_20250805T120000_vs_HYPERNETS_20250805T113000_RHOW_R.csv,THFR,Hyp,SNPP,3.6641600000000003,43.43485999999999,3.690316,43.420235000000005,2.67,2.25,2025-08-05T09:30:00Z,2025-08-05T10:00:00Z,30,30,5,1.0641,0.9198,0.5415,1.2247,2.7698,-0.010935,-0.002282,0.001544,NA,FALSE,FALSE,0.00171,0.001334,28.6127,-0.324111,-0.134621,0.028168,0.134621,0.235198,0.324111,-47.9533,-15.5564,2.8168,15.5564,23.5198,47.9533
SNPP_20250805T120000_vs_HYPERNETS_20250805T114500_RHOW_R.csv,THFR,Hyp,SNPP,3.6641600000000003,43.43485999999999,3.690316,43.420235000000005,2.67,2.25,2025-08-05T09:45:00Z,2025-08-05T10:00:00Z,15,30,5,1.0964,0.978,0.5746,1.2325,2.6435,-0.00984,-0.002145,0.001443,NA,FALSE,FALSE,0.001548,0.001213,27.2488,-0.294142,-0.111825,0.036657,0.111825,0.229268,0.294142,-41.6715,-12.5904,3.6657,12.5904,22.9268,41.6715
SNPP_20250805T120000_vs_HYPERNETS_20250805T120000_RHOW_R.csv,THFR,Hyp,SNPP,3.6641600000000003,43.43485999999999,3.690316,43.420235000000005,2.67,2.25,2025-08-05T10:00:00Z,2025-08-05T10:00:00Z,0,30,5,1.0866,0.9674,0.5643,1.2297,2.6795,-0.010219,-0.002214,0.00146,NA,FALSE,FALSE,0.001609,0.00126,27.6348,-0.30908,-0.123399,0.03225,0.123399,0.220293,0.30908,-44.7346,-14.077,3.225,14.077,22.0293,44.7346
SNPP_20250805T120000_vs_HYPERNETS_20250805T121500_RHOW_R.csv,THFR,Hyp,SNPP,3.6641600000000003,43.43485999999999,3.690316,43.420235000000005,2.67,2.25,2025-08-05T10:15:00Z,2025-08-05T10:00:00Z,15,30,5,1.1001,0.9652,0.5708,1.2457,2.7186,-0.010247,-0.002216,0.001464,NA,FALSE,FALSE,0.001576,0.001246,27.7137,-0.298692,-0.111928,0.045196,0.111928,0.236091,0.298692,-42.5907,-12.6035,4.5196,12.6035,23.6091,42.5907
SNPP_20250805T120000_vs_HYPERNETS_20250805T123000_RHOW_R.csv,THFR,Hyp,SNPP,3.6641600000000003,43.43485999999999,3.690316,43.420235000000005,2.67,2.25,2025-08-05T10:30:00Z,2025-08-05T10:00:00Z,30,30,5,1.0932,1.0071,0.5676,1.2374,2.698,-0.01062,-0.002393,0.00138,NA,FALSE,FALSE,0.001679,0.001282,26.818,-0.324356,-0.135591,0.021819,0.135591,0.154427,0.324356,-48.007,-15.686,2.1819,15.4427,15.686,48.007
SNPP_20250813T124800_vs_HYPERNETS_20250813T123000_RHOW_R.csv,THFR,Hyp,SNPP,3.6641600000000003,43.43485999999999,3.6896459999999998,43.420586,2.6,2.25,2025-08-13T10:30:00Z,2025-08-13T10:48:00Z,18,30,1,NA,NA,NA,NA,NA,NA,NA,NA,NA,NA,NA,NA,NA,NA,NA,NA,NA,NA,NA,NA,NA,NA,NA,NA,NA,NA
SNPP_20250813T124800_vs_HYPERNETS_20250813T124500_RHOW_R.csv,THFR,Hyp,SNPP,3.6641600000000003,43.43485999999999,3.6896459999999998,43.420586,2.6,2.25,2025-08-13T10:45:00Z,2025-08-13T10:48:00Z,3,30,1,NA,NA,NA,NA,NA,NA,NA,NA,NA,NA,NA,NA,NA,NA,NA,NA,NA,NA,NA,NA,NA,NA,NA,NA,NA,NA
SNPP_20250813T124800_vs_HYPERNETS_20250813T130000_RHOW_R.csv,THFR,Hyp,SNPP,3.6641600000000003,43.43485999999999,3.6896459999999998,43.420586,2.6,2.25,2025-08-13T11:00:00Z,2025-08-13T10:48:00Z,12,30,1,NA,NA,NA,NA,NA,NA,NA,NA,NA,NA,NA,NA,NA,NA,NA,NA,NA,NA,NA,NA,NA,NA,NA,NA,NA,NA
SNPP_20250813T124800_vs_HYPERNETS_20250813T131500_RHOW_R.csv,THFR,Hyp,SNPP,3.6641600000000003,43.43485999999999,3.6896459999999998,43.420586,2.6,2.25,2025-08-13T11:15:00Z,2025-08-13T10:48:00Z,27,30,1,NA,NA,NA,NA,NA,NA,NA,NA,NA,NA,NA,NA,NA,NA,NA,NA,NA,NA,NA,NA,NA,NA,NA,NA,NA,NA
SNPP_20250831T121201_vs_HYPERNETS_20250831T114500_RHOW_R.csv,THFR,Hyp,SNPP,3.6641600000000003,43.43485999999999,3.6896970000000002,43.42664,2.26,2.25,2025-08-31T09:45:00Z,2025-08-31T10:12:01Z,27,30,5,0.929,0.879,0.57,0.9762,1.6717,-0.004491,-5.58e-4,0.001739,NA,FALSE,FALSE,9.79e-4,8.76e-4,18.1548,-0.185186,-0.159284,-0.034155,0.159284,0.18018700000000001,0.185186,-22.7274,-18.9462,-3.5363,18.0187,18.9462,22.7274
SNPP_20250831T121201_vs_HYPERNETS_20250831T120000_RHOW_R.csv,THFR,Hyp,SNPP,3.6641600000000003,43.43485999999999,3.6896970000000002,43.42664,2.26,2.25,2025-08-31T10:00:00Z,2025-08-31T10:12:01Z,12,30,5,0.8955,0.9063,0.5711,0.9321,1.5214,-0.003977,-5.15e-4,0.001606,NA,FALSE,FALSE,0.001124,0.001025,18.7541,-0.206966,-0.188514,-0.080114,0.102241,0.188514,0.206966,-26.098,-23.2308,-8.7092,10.2241,23.2308,26.098
SNPP_20250831T121201_vs_HYPERNETS_20250831T121500_RHOW_R.csv,THFR,Hyp,SNPP,3.6641600000000003,43.43485999999999,3.6896970000000002,43.42664,2.26,2.25,2025-08-31T10:15:00Z,2025-08-31T10:12:01Z,3,30,5,0.8527,0.903,0.534,0.8913,1.4875,-0.004287,-5.8e-4,0.001642,NA,FALSE,FALSE,0.001454,0.001309,21.2364,-0.255374,-0.231722,-0.124414,0.124414,0.231722,0.255374,-34.2957,-30.1612,-14.2093,14.2093,30.1612,34.2957
SNPP_20250831T121201_vs_HYPERNETS_20250831T123000_RHOW_R.csv,THFR,Hyp,SNPP,3.6641600000000003,43.43485999999999,3.6896970000000002,43.42664,2.26,2.25,2025-08-31T10:30:00Z,2025-08-31T10:12:01Z,18,30,5,0.8299,0.9335,0.5715,0.8513,1.2679,-0.002929,-3.36e-4,0.001405,NA,FALSE,FALSE,0.001421,0.001261,19.6627,-0.237455,-0.23289,-0.150955,0.150955,0.23289,0.237455,-31.1398,-30.3593,-17.7794,17.7794,30.3593,31.1398
SNPP_20250903T130000_vs_HYPERNETS_20250903T123000_RHOW_C.csv,THFR,Hyp,SNPP,3.6641600000000003,43.43485999999999,3.688876,43.423901,2.34,2.25,2025-09-03T10:30:00Z,2025-09-03T11:00:00Z,30,30,3,0.7161,0.8373,0.0598,0.8721,12.7093,-0.066648,-0.001329,0.003153,NA,FALSE,FALSE,0.002522,0.002035,35.8134,-0.441743,-0.242062,-0.21649,0.21649,0.242062,0.441743,-91.8192,-31.937,-27.6988,27.6988,31.937,91.8192
SNPP_20250903T130000_vs_HYPERNETS_20250903T124500_RHOW_C.csv,THFR,Hyp,SNPP,3.6641600000000003,43.43485999999999,3.688876,43.423901,2.34,2.25,2025-09-03T10:45:00Z,2025-09-03T11:00:00Z,15,30,3,0.7415,0.8784,0.0615,0.9095,13.4439,-0.070234,-0.001504,0.003146,NA,FALSE,FALSE,0.002478,0.002,36.3608,-0.458507,-0.277453,-0.225632,0.225632,0.277453,0.458507,-95.9523,-38.3994,-29.4277,29.4277,38.3994,95.9523
SNPP_20250903T130000_vs_HYPERNETS_20250903T130000_RHOW_C.csv,THFR,Hyp,SNPP,3.6641600000000003,43.43485999999999,3.688876,43.423901,2.34,2.25,2025-09-03T11:00:00Z,2025-09-03T11:00:00Z,0,30,3,0.7424,0.8552,0.061,0.9205,13.8893,-0.071102,-0.00146,0.003155,NA,FALSE,FALSE,0.0024,0.001887,34.5457,-0.440714,-0.246056,-0.200499,0.200499,0.246056,0.440714,-90.7242,-32.6358,-25.2816,25.2816,32.6358,90.7242
SNPP_20250903T130000_vs_HYPERNETS_20250903T131500_RHOW_C.csv,THFR,Hyp,SNPP,3.6641600000000003,43.43485999999999,3.688876,43.423901,2.34,2.25,2025-09-03T11:15:00Z,2025-09-03T11:00:00Z,15,30,3,0.7225,0.8606,0.059,0.9023,13.797,-0.072799,-0.001506,0.003157,NA,FALSE,FALSE,0.002553,0.002046,36.5668,-0.461344,-0.275388,-0.224852,0.224852,0.275388,0.461344,-97.8081,-38.0048,-29.2827,29.2827,38.0048,97.8081
SNPP_20250903T130000_vs_HYPERNETS_20250903T133000_RHOW_C.csv,THFR,Hyp,SNPP,3.6641600000000003,43.43485999999999,3.688876,43.423901,2.34,2.25,2025-09-03T11:30:00Z,2025-09-03T11:00:00Z,30,30,3,0.7551,0.8744,0.062,0.9364,14.1344,-0.072199,-0.001531,0.003151,NA,FALSE,FALSE,0.002377,0.001871,34.7757,-0.447341,-0.261007,-0.204798,0.204798,0.261007,0.447341,-92.197,-35.3192,-26.0695,26.0695,35.3192,92.197
SNPP_20250905T121800_vs_HYPERNETS_20250905T120000_RHOW_R.csv,THFR,Hyp,SNPP,3.6641600000000003,43.43485999999999,3.6885970000000006,43.421524,2.47,2.25,2025-09-05T10:00:00Z,2025-09-05T10:18:00Z,18,30,5,1.1489,1.3732,0.6259,1.262,2.5444,-0.009657,-0.002415,0.001177,NA,FALSE,FALSE,0.001607,0.001259,29.47,-0.304292,-0.129838,0.019805,0.129838,0.21854,0.304292,-43.7385,-14.9211,1.9805,14.9211,21.854,43.7385
SNPP_20250905T121800_vs_HYPERNETS_20250905T121500_RHOW_R.csv,THFR,Hyp,SNPP,3.6641600000000003,43.43485999999999,3.6885970000000006,43.421524,2.47,2.25,2025-09-05T10:15:00Z,2025-09-05T10:18:00Z,3,30,5,1.1387,1.3939,0.6178,1.2536,2.5437,-0.010041,-0.002559,0.001128,NA,FALSE,FALSE,0.001705,0.001297,29.159300000000002,-0.327193,-0.148546,0.001503,0.148546,0.172121,0.327193,-48.631,-17.4462,0.1503,17.2121,17.4462,48.631
SNPP_20250905T121800_vs_HYPERNETS_20250905T123000_RHOW_R.csv,THFR,Hyp,SNPP,3.6641600000000003,43.43485999999999,3.6885970000000006,43.421524,2.47,2.25,2025-09-05T10:30:00Z,2025-09-05T10:18:00Z,12,30,5,1.1216,1.4028,0.612,1.231,2.476,-0.009823,-0.002515,0.001119,NA,FALSE,FALSE,0.001731,0.001343,29.3755,-0.330827,-0.161824,-0.013052,0.153554,0.161824,0.330827,-49.4381,-19.3067,-1.3225,15.3554,19.3067,49.4381
SNPP_20250905T121800_vs_HYPERNETS_20250905T124500_RHOW_R.csv,THFR,Hyp,SNPP,3.6641600000000003,43.43485999999999,3.6885970000000006,43.421524,2.47,2.25,2025-09-05T10:45:00Z,2025-09-05T10:18:00Z,27,30,5,1.1323,1.4344,0.6531,1.2132,2.2535,-0.007725,-0.001984,0.001107,NA,FALSE,FALSE,0.001396,0.001084,27.6329,-0.264288,-0.116309,0.008577,0.116309,0.213499,0.264288,-35.9227,-13.1617,0.8577,13.1617,21.3499,35.9227
SNPP_20250906T120000_vs_HYPERNETS_20250906T113000_RHOW_R.csv,THFR,Hyp,SNPP,3.6641600000000003,43.43485999999999,3.692837,43.43441,2.32,2.25,2025-09-06T09:30:00Z,2025-09-06T10:00:00Z,30,30,1,NA,NA,NA,NA,NA,NA,NA,NA,NA,NA,NA,NA,NA,NA,NA,NA,NA,NA,NA,NA,NA,NA,NA,NA,NA,NA
SNPP_20250922T120000_vs_HYPERNETS_20250922T113000_RHOW_R.csv,THFR,Hyp,SNPP,3.6641600000000003,43.43485999999999,3.6939800000000003,43.425354000000006,2.63,2.25,2025-09-22T09:30:00Z,2025-09-22T10:00:00Z,30,30,5,0.7937,1.3026,0.4453,0.8598,1.6603,-0.007372,-0.001927,8.93e-4,NA,FALSE,FALSE,0.003095,0.002881,44.7389,-0.531185,-0.410135,-0.289602,0.289602,0.410135,0.531185,-113.3035,-69.5302,-40.7661,40.7661,69.5302,113.3035
SNPP_20250922T120000_vs_HYPERNETS_20250922T114500_RHOW_R.csv,THFR,Hyp,SNPP,3.6641600000000003,43.43485999999999,3.6939800000000003,43.425354000000006,2.63,2.25,2025-09-22T09:45:00Z,2025-09-22T10:00:00Z,15,30,5,0.791,1.3605,0.4467,0.8545,1.6346,-0.007546,-0.002073,7.88e-4,NA,FALSE,FALSE,0.003292,0.003094,46.7755,-0.546616,-0.424374,-0.305089,0.305089,0.424374,0.546616,-120.5636,-73.7239,-43.9034,43.9034,73.7239,120.5636
SNPP_20250922T120000_vs_HYPERNETS_20250922T120000_RHOW_R.csv,THFR,Hyp,SNPP,3.6641600000000003,43.43485999999999,3.6939800000000003,43.425354000000006,2.63,2.25,2025-09-22T10:00:00Z,2025-09-22T10:00:00Z,0,30,5,0.7965,1.3284,0.4773,0.8426,1.4875,-0.005646,-0.001498,8.52e-4,NA,FALSE,FALSE,0.002707,0.00251,41.8219,-0.485306,-0.383467,-0.278201,0.278201,0.383467,0.485306,-94.2902,-62.1974,-38.5428,38.5428,62.1974,94.2902
SNPP_20250922T120000_vs_HYPERNETS_20250922T121500_RHOW_R.csv,THFR,Hyp,SNPP,3.6641600000000003,43.43485999999999,3.6939800000000003,43.425354000000006,2.63,2.25,2025-09-22T10:15:00Z,2025-09-22T10:00:00Z,15,30,5,0.8149,1.2999,0.4682,0.8743,1.6326,-0.006592,-0.001709,9.07e-4,NA,FALSE,FALSE,0.002728,0.002518,41.6273,-0.495777,-0.38242,-0.26322,0.26322,0.38242,0.495777,-98.3248,-61.9224,-35.7258,35.7258,61.9224,98.3248
SNPP_20250922T120000_vs_HYPERNETS_20250922T123000_RHOW_R.csv,THFR,Hyp,SNPP,3.6641600000000003,43.43485999999999,3.6939800000000003,43.425354000000006,2.63,2.25,2025-09-22T10:30:00Z,2025-09-22T10:00:00Z,30,30,5,0.8068,1.3636,0.4779,0.8566,1.5353,-0.006157,-0.001701,7.85e-4,NA,FALSE,FALSE,0.00283,0.002643,43.2203,-0.500941,-0.390581,-0.281281,0.281281,0.390581,0.500941,-100.3771,-64.0906,-39.1365,39.1365,64.0906,100.3771
SNPP_20250923T114201_vs_HYPERNETS_20250923T111500_RHOW_R.csv,THFR,Hyp,SNPP,3.6641600000000003,43.43485999999999,3.689506,43.420494,2.6,2.25,2025-09-23T09:15:00Z,2025-09-23T09:42:01Z,27,30,1,NA,NA,NA,NA,NA,NA,NA,NA,NA,NA,NA,NA,NA,NA,NA,NA,NA,NA,NA,NA,NA,NA,NA,NA,NA,NA
SNPP_20250925T124801_vs_HYPERNETS_20250925T124500_RHOW_R.csv,THFR,Hyp,SNPP,3.6641600000000003,43.43485999999999,3.691164,43.424778,2.45,2.25,2025-09-25T10:45:00Z,2025-09-25T10:48:01Z,3,30,4,0.8847,1.2078,0.3213,0.9935,3.0718,-0.01445,-0.002501,0.001363,NA,FALSE,FALSE,0.002824,0.002539,49.3231,-0.621937,-0.522956,-0.39425,0.39425,0.522956,0.621937,-170.2638,-111.1725,-68.1156,68.1156,111.1725,170.2638
SNPP_20250925T124801_vs_HYPERNETS_20250925T130000_RHOW_R.csv,THFR,Hyp,SNPP,3.6641600000000003,43.43485999999999,3.691164,43.424778,2.45,2.25,2025-09-25T11:00:00Z,2025-09-25T10:48:01Z,12,30,4,0.8953,1.2032,0.323,1.0086,3.1501,-0.014713,-0.002528,0.001373,NA,FALSE,FALSE,0.002774,0.002479,48.7451,-0.61848,-0.517412,-0.386384,0.386384,0.517412,0.61848,-167.9829,-108.7734,-65.9789,65.9789,108.7734,167.9829
SNPP_20250925T124801_vs_HYPERNETS_20250925T131500_RHOW_R.csv,THFR,Hyp,SNPP,3.6641600000000003,43.43485999999999,3.691164,43.424778,2.45,2.25,2025-09-25T11:15:00Z,2025-09-25T10:48:01Z,27,30,4,0.9215,1.2416,0.3414,1.0256,3.0808,-0.013893,-0.002483,0.001315,NA,FALSE,FALSE,0.002619,0.002341,47.811,-0.606643,-0.51219,-0.383657,0.383657,0.51219,0.606643,-159.3685,-106.2106,-65.502,65.502,106.2106,159.3685
SNPP_20250929T131200_vs_HYPERNETS_20250929T124500_RHOW_R.csv,THFR,Hyp,SNPP,3.6641600000000003,43.43485999999999,3.69232,43.425968000000005,2.48,2.25,2025-09-29T10:45:00Z,2025-09-29T11:12:00Z,27,30,2,1.0065,3.3355,NA,1.0065,NA,NA,-0.001871,NA,NA,NA,NA,0.001834,0.001834,58.7981,-0.784049,-0.587981,-0.391914,0.391914,0.587981,0.784049,-1894.2717,-690.8182,-213.5949,213.5949,690.8182,1894.2717
SNPP_20250929T131200_vs_HYPERNETS_20250929T130000_RHOW_R.csv,THFR,Hyp,SNPP,3.6641600000000003,43.43485999999999,3.69232,43.425968000000005,2.48,2.25,2025-09-29T11:00:00Z,2025-09-29T11:12:00Z,12,30,2,1.0086,3.4718,NA,1.0086,NA,NA,-0.002027,NA,NA,NA,NA,0.001978,0.001978,59.4543,-0.788064,-0.594543,-0.401022,0.401022,0.594543,0.788064,-2020.1788,-727.7809,-223.1903,223.1903,727.7809,2020.1788
SNPP_20250929T131200_vs_HYPERNETS_20250929T131500_RHOW_R.csv,THFR,Hyp,SNPP,3.6641600000000003,43.43485999999999,3.69232,43.425968000000005,2.48,2.25,2025-09-29T11:15:00Z,2025-09-29T11:12:00Z,3,30,2,1.0034,3.4787,NA,1.0034,NA,NA,-0.002035,NA,NA,NA,NA,0.002016,0.002015,59.7003,-0.789377,-0.597003,-0.404629,0.404629,0.597003,0.789377,-2037.861,-734.0479,-225.3888,225.3888,734.0479,2037.861
SNPP_20250929T131200_vs_HYPERNETS_20250929T133000_RHOW_R.csv,THFR,Hyp,SNPP,3.6641600000000003,43.43485999999999,3.69232,43.425968000000005,2.48,2.25,2025-09-29T11:30:00Z,2025-09-29T11:12:00Z,18,30,2,1.0016,3.5085,NA,1.0016,NA,NA,-0.00207,NA,NA,NA,NA,0.002061,0.002061,59.9338,-0.790711,-0.599338,-0.407965,0.407965,0.599338,0.790711,-2070.5757,-744.0871,-228.2461,228.2461,744.0871,2070.5757
SNPP_20250930T125400_vs_HYPERNETS_20250930T123000_RHOW_R.csv,THFR,Hyp,SNPP,3.6641600000000003,43.43485999999999,3.691911,43.41906399999999,2.85,2.25,2025-09-30T10:30:00Z,2025-09-30T10:54:00Z,24,30,2,2.4908,10.042,NA,2.4908,NA,NA,-0.023197,NA,NA,NA,NA,0.007294,0.007055,68.0123,-0.804666,-0.680123,-0.555581,0.555581,0.680123,0.804666,-738.9599,-398.2719,-195.9318,195.9318,398.2719,738.9599
SNPP_20250930T125400_vs_HYPERNETS_20250930T124500_RHOW_R.csv,THFR,Hyp,SNPP,3.6641600000000003,43.43485999999999,3.691911,43.41906399999999,2.85,2.25,2025-09-30T10:45:00Z,2025-09-30T10:54:00Z,9,30,2,2.5705,10.1458,NA,2.5705,NA,NA,-0.023474,NA,NA,NA,NA,0.007084,0.006827,67.2986,-0.800383,-0.672986,-0.545589,0.545589,0.672986,0.800383,-721.8889,-387.8455,-189.5686,189.5686,387.8455,721.8889
SNPP_20250930T125400_vs_HYPERNETS_20250930T130000_RHOW_R.csv,THFR,Hyp,SNPP,3.6641600000000003,43.43485999999999,3.691911,43.41906399999999,2.85,2.25,2025-09-30T11:00:00Z,2025-09-30T10:54:00Z,6,30,2,2.5405,9.7175,NA,2.5405,NA,NA,-0.022334,NA,NA,NA,NA,0.006768,0.006503,66.3799,-0.794442,-0.663799,-0.533156,0.533156,0.663799,0.794442,-694.3082,-372.6611,-181.2617,181.2617,372.6611,694.3082
SNPP_20250930T125400_vs_HYPERNETS_20250930T131500_RHOW_R.csv,THFR,Hyp,SNPP,3.6641600000000003,43.43485999999999,3.691911,43.41906399999999,2.85,2.25,2025-09-30T11:15:00Z,2025-09-30T10:54:00Z,21,30,2,2.679,10.678,NA,2.679,NA,NA,-0.024891,NA,NA,NA,NA,0.007193,0.006926,67.4794,-0.801848,-0.674794,-0.547739,0.547739,0.674794,0.801848,-732.4936,-392.7375,-191.6422,191.6422,392.7375,732.4936
SNPP_20251001T123000_vs_HYPERNETS_20251001T120000_RHOW_R.csv,THFR,Hyp,SNPP,3.6641600000000003,43.43485999999999,3.6908619999999996,43.424965,2.42,2.25,2025-10-01T10:00:00Z,2025-10-01T10:30:00Z,30,30,3,0.5958,0.9474,0.0522,0.7002,9.3993,-0.055726,-0.00123,0.00283,NA,FALSE,FALSE,0.003587,0.003108,50.4664,-0.58709,-0.469782,-0.404796,0.404796,0.469782,0.58709,-152.5919,-88.6018,-69.0202,69.0202,88.6018,152.5919
SNPP_20251001T123000_vs_HYPERNETS_20251001T121500_RHOW_R.csv,THFR,Hyp,SNPP,3.6641600000000003,43.43485999999999,3.6908619999999996,43.424965,2.42,2.25,2025-10-01T10:15:00Z,2025-10-01T10:30:00Z,15,30,3,0.5827,0.9834,0.0509,0.6857,9.2349,-0.057208,-0.001326,0.002823,NA,FALSE,FALSE,0.003852,0.00338,53.1676,-0.616451,-0.516817,-0.439471,0.439471,0.516817,0.616451,-169.9914,-106.9609,-80.1261,80.1261,106.9609,169.9914
SNPP_20251001T123000_vs_HYPERNETS_20251001T123000_RHOW_R.csv,THFR,Hyp,SNPP,3.6641600000000003,43.43485999999999,3.6908619999999996,43.424965,2.42,2.25,2025-10-01T10:30:00Z,2025-10-01T10:30:00Z,0,30,3,0.5922,0.965,0.0528,0.6884,8.9727,-0.054167,-0.001242,0.002819,NA,FALSE,FALSE,0.003696,0.003232,51.7596,-0.598431,-0.49005,-0.422989,0.422989,0.49005,0.598431,-158.6204,-96.0977,-74.4893,74.4893,96.0977,158.6204
SNPP_20251001T123000_vs_HYPERNETS_20251001T124500_RHOW_R.csv,THFR,Hyp,SNPP,3.6641600000000003,43.43485999999999,3.6908619999999996,43.424965,2.42,2.25,2025-10-01T10:45:00Z,2025-10-01T10:30:00Z,15,30,3,0.587,0.9905,0.0529,0.6786,8.7076,-0.053885,-0.001289,0.00281,NA,FALSE,FALSE,0.003847,0.003394,53.3889,-0.615123,-0.518251,-0.444835,0.444835,0.518251,0.615123,-168.4665,-107.5771,-81.7227,81.7227,107.5771,168.4665
SNPP_20251001T123000_vs_HYPERNETS_20251001T130000_RHOW_R.csv,THFR,Hyp,SNPP,3.6641600000000003,43.43485999999999,3.6908619999999996,43.424965,2.42,2.25,2025-10-01T11:00:00Z,2025-10-01T10:30:00Z,30,30,3,0.582,0.982,0.053900000000000003,0.6639,8.1741,-0.050741,-0.001222,0.002801,NA,FALSE,FALSE,0.003889,0.003437,53.5495,-0.611465,-0.512707,-0.448131,0.448131,0.512707,0.611465,-166.1172,-105.2154,-82.4559,82.4559,105.2154,166.1172
SNPP_20251002T121201_vs_HYPERNETS_20251002T114500_RHOW_R.csv,THFR,Hyp,SNPP,3.6641600000000003,43.43485999999999,3.6875260000000005,43.421870999999996,2.38,2.25,2025-10-02T09:45:00Z,2025-10-02T10:12:01Z,27,30,4,0.7643,1.7498,0.3395,0.8071,1.9186,-0.008879,-0.002069,7.96e-4,NA,FALSE,FALSE,0.00341,0.003251,61.5636,-0.756196,-0.655284,-0.514725,0.514725,0.655284,0.756196,-315.4074,-198.2288,-110.3353,110.3353,198.2288,315.4074
SNPP_20251002T121201_vs_HYPERNETS_20251002T120000_RHOW_R.csv,THFR,Hyp,SNPP,3.6641600000000003,43.43485999999999,3.6875260000000005,43.421870999999996,2.38,2.25,2025-10-02T10:00:00Z,2025-10-02T10:12:01Z,12,30,4,0.7603,1.7034,0.3573,0.7949,1.7683,-0.007706,-0.001881,7.38e-4,NA,FALSE,FALSE,0.003264,0.003108,60.6626,-0.740884,-0.642209,-0.507951,0.507951,0.642209,0.740884,-291.089,-186.0096,-107.0387,107.0387,186.0096,291.089
SNPP_20251002T121201_vs_HYPERNETS_20251002T121500_RHOW_R.csv,THFR,Hyp,SNPP,3.6641600000000003,43.43485999999999,3.6875260000000005,43.421870999999996,2.38,2.25,2025-10-02T10:15:00Z,2025-10-02T10:12:01Z,3,30,4,0.7383,1.7726,0.3475,0.7717,1.7137,-0.008056,-0.002047,6.59e-4,NA,FALSE,FALSE,0.00366,0.003503,63.1436,-0.76729,-0.663602,-0.527748,0.527748,0.663602,0.76729,-335.5951,-206.7661,-115.2971,115.2971,206.7661,335.5951
SNPP_20251002T121201_vs_HYPERNETS_20251002T123000_RHOW_R.csv,THFR,Hyp,SNPP,3.6641600000000003,43.43485999999999,3.6875260000000005,43.421870999999996,2.38,2.25,2025-10-02T10:30:00Z,2025-10-02T10:12:01Z,18,30,4,0.7672,1.7856,0.3584,0.8029,1.7986,-0.008133,-0.002038,6.83e-4,NA,FALSE,FALSE,0.003389,0.003244,61.6139,-0.75236,-0.650485,-0.514264,0.514264,0.650485,0.75236,-310.5256,-193.4906,-109.829,109.829,193.4906,310.5256
SNPP_20251005T130001_vs_HYPERNETS_20251005T124500_RHOW_R.csv,THFR,Hyp,SNPP,3.6641600000000003,43.43485999999999,3.68626,43.419338,2.49,2.25,2025-10-05T10:45:00Z,2025-10-05T11:00:01Z,15,30,3,0.6736,0.9324,0.0618,0.7721,9.6489,-0.06695,-0.001442,0.0038,NA,FALSE,FALSE,0.003575,0.003124,42.6909,-0.500214,-0.369542,-0.32492,0.32492,0.369542,0.500214,-107.2964,-58.6148,-48.4552,48.4552,58.6148,107.2964
SNPP_20251005T130001_vs_HYPERNETS_20251005T130000_RHOW_R.csv,THFR,Hyp,SNPP,3.6641600000000003,43.43485999999999,3.68626,43.419338,2.49,2.25,2025-10-05T11:00:00Z,2025-10-05T11:00:01Z,0,30,3,0.685,0.9328,0.0644,0.7766,9.3635,-0.063775,-0.001387,0.003788,NA,FALSE,FALSE,0.003444,0.00301,41.7748,-0.488834,-0.356578,-0.316076,0.316076,0.356578,0.488834,-102.5276,-55.419,-46.4722,46.4722,55.419,102.5276
SNPP_20251005T130001_vs_HYPERNETS_20251005T131500_RHOW_R.csv,THFR,Hyp,SNPP,3.6641600000000003,43.43485999999999,3.68626,43.419338,2.49,2.25,2025-10-05T11:15:00Z,2025-10-05T11:00:01Z,15,30,3,0.6879,0.9158,0.0648,0.7794,9.3786,-0.062822,-0.001319,0.003793,NA,FALSE,FALSE,0.00334,0.002896,40.5149,-0.474042,-0.332753,-0.300058,0.300058,0.332753,0.474042,-97.3845,-49.8696,-43.0251,43.0251,49.8696,97.3845
SNPP_20251005T130001_vs_HYPERNETS_20251005T133000_RHOW_R.csv,THFR,Hyp,SNPP,3.6641600000000003,43.43485999999999,3.68626,43.419338,2.49,2.25,2025-10-05T11:30:00Z,2025-10-05T11:00:01Z,30,30,3,0.7001,0.9338,0.0662,0.7919,9.4721,-0.063129,-0.001378,0.003785,NA,FALSE,FALSE,0.003285,0.002858,40.5474,-0.477485,-0.342875,-0.302163,0.302163,0.342875,0.477485,-98.0677,-52.1781,-43.5444,43.5444,52.1781,98.0677
SNPP_20251010T130600_vs_HYPERNETS_20251010T124500_RHOW_R.csv,THFR,Hyp,SNPP,3.6641600000000003,43.43485999999999,3.6854310000000003,43.421574,2.27,2.25,2025-10-10T10:45:00Z,2025-10-10T11:06:00Z,21,30,4,0.6979,0.8499,0.22,0.9027,3.7031,-0.024151,-0.003169,0.001945,NA,FALSE,FALSE,0.004473,0.003898,52.0826,-0.69736,-0.441377,-0.264843,0.264843,0.441377,0.69736,-332.4619,-88.099,-36.0347,36.0347,88.099,332.4619
SNPP_20251010T130600_vs_HYPERNETS_20251010T130000_RHOW_R.csv,THFR,Hyp,SNPP,3.6641600000000003,43.43485999999999,3.6854310000000003,43.421574,2.27,2.25,2025-10-10T11:00:00Z,2025-10-10T11:06:00Z,6,30,4,0.7324,0.8614,0.2327,0.9286,3.7063,-0.02263,-0.002976,0.001948,NA,FALSE,FALSE,0.004054,0.003481,49.095,-0.679557,-0.415357,-0.226749,0.226749,0.415357,0.679557,-306.2595,-79.2855,-29.3811,29.3811,79.2855,306.2595
SNPP_20251010T130600_vs_HYPERNETS_20251010T131500_RHOW_R.csv,THFR,Hyp,SNPP,3.6641600000000003,43.43485999999999,3.6854310000000003,43.421574,2.27,2.25,2025-10-10T11:15:00Z,2025-10-10T11:06:00Z,9,30,4,0.7533,0.9047,0.2414,0.939,3.6517,-0.021647,-0.002896,0.001925,NA,FALSE,FALSE,0.003872,0.003318,48.239,-0.671948,-0.405467,-0.215909,0.215909,0.405467,0.671948,-294.8005,-76.0749,-27.5936,27.5936,76.0749,294.8005
SNPP_20251010T130600_vs_HYPERNETS_20251010T133000_RHOW_R.csv,THFR,Hyp,SNPP,3.6641600000000003,43.43485999999999,3.6854310000000003,43.421574,2.27,2.25,2025-10-10T11:30:00Z,2025-10-10T11:06:00Z,24,30,4,0.799,0.9793,0.2592,0.9776,3.6869,-0.020807,-0.002876,0.001878,NA,FALSE,FALSE,0.003557,0.003024,46.7247,-0.656699,-0.381529,-0.192077,0.192077,0.381529,0.656699,-275.3181,-69.0721,-23.7953,23.7953,69.0721,275.3181
SNPP_20251011T124801_vs_HYPERNETS_20251011T123000_RHOW_R.csv,THFR,Hyp,SNPP,3.6641600000000003,43.43485999999999,3.6872670000000003,43.421196,2.41,2.25,2025-10-11T10:30:00Z,2025-10-11T10:48:01Z,18,30,4,0.7791,1.0849,0.3582,0.8176,1.8659,-0.008807,-0.001536,0.00165,NA,FALSE,FALSE,0.003017,0.002802,43.1333,-0.500402,-0.402494,-0.333425,0.333425,0.402494,0.500402,-103.8162,-67.8921,-50.2486,50.2486,67.8921,103.8162
SNPP_20251011T124801_vs_HYPERNETS_20251011T124500_RHOW_R.csv,THFR,Hyp,SNPP,3.6641600000000003,43.43485999999999,3.6872670000000003,43.421196,2.41,2.25,2025-10-11T10:45:00Z,2025-10-11T10:48:01Z,3,30,4,0.7971,1.1251,0.379,0.8318,1.8258,-0.008389,-0.001572,0.001535,NA,FALSE,FALSE,0.002916,0.002725,42.9526,-0.492254,-0.407649,-0.344921,0.344921,0.407649,0.492254,-100.3291,-69.1094,-53.0512,53.0512,69.1094,100.3291
SNPP_20251011T124801_vs_HYPERNETS_20251011T130000_RHOW_R.csv,THFR,Hyp,SNPP,3.6641600000000003,43.43485999999999,3.6872670000000003,43.421196,2.41,2.25,2025-10-11T11:00:00Z,2025-10-11T10:48:01Z,12,30,4,0.7609,1.0457,0.3482,0.7991,1.8337,-0.00858,-0.001406,0.00172,NA,FALSE,FALSE,0.003038,0.002799,42.5869,-0.503265,-0.391202,-0.313807,0.313807,0.391202,0.503265,-104.66,-65.1722,-45.8133,45.8133,65.1722,104.66
SNPP_20251011T124801_vs_HYPERNETS_20251011T131500_RHOW_R.csv,THFR,Hyp,SNPP,3.6641600000000003,43.43485999999999,3.6872670000000003,43.421196,2.41,2.25,2025-10-11T11:15:00Z,2025-10-11T10:48:01Z,27,30,4,0.7621,1.1175,0.3448,0.802,1.8651,-0.009373,-0.001674,0.001637,NA,FALSE,FALSE,0.003327,0.003108,45.907,-0.524391,-0.439366,-0.374045,0.374045,0.439366,0.524391,-114.0653,-78.7621,-60.2161,60.2161,78.7621,114.0653
SNPP_20251012T122401_vs_HYPERNETS_20251012T120000_RHOW_R.csv,THFR,Hyp,SNPP,3.6641600000000003,43.43485999999999,3.6931960000000004,43.426693,2.52,2.25,2025-10-12T10:00:00Z,2025-10-12T10:24:01Z,24,30,1,NA,NA,NA,NA,NA,NA,NA,NA,NA,NA,NA,NA,NA,NA,NA,NA,NA,NA,NA,NA,NA,NA,NA,NA,NA,NA
SNPP_20251012T122401_vs_HYPERNETS_20251012T121500_RHOW_R.csv,THFR,Hyp,SNPP,3.6641600000000003,43.43485999999999,3.6931960000000004,43.426693,2.52,2.25,2025-10-12T10:15:00Z,2025-10-12T10:24:01Z,9,30,1,NA,NA,NA,NA,NA,NA,NA,NA,NA,NA,NA,NA,NA,NA,NA,NA,NA,NA,NA,NA,NA,NA,NA,NA,NA,NA
SNPP_20251012T122401_vs_HYPERNETS_20251012T123000_RHOW_R.csv,THFR,Hyp,SNPP,3.6641600000000003,43.43485999999999,3.6931960000000004,43.426693,2.52,2.25,2025-10-12T10:30:00Z,2025-10-12T10:24:01Z,6,30,1,NA,NA,NA,NA,NA,NA,NA,NA,NA,NA,NA,NA,NA,NA,NA,NA,NA,NA,NA,NA,NA,NA,NA,NA,NA,NA
SNPP_20251013T120601_vs_HYPERNETS_20251013T114500_RHOW_R.csv,THFR,Hyp,SNPP,3.6641600000000003,43.43485999999999,3.69217,43.422871,2.63,2.25,2025-10-13T09:45:00Z,2025-10-13T10:06:01Z,21,30,2,2.1074,12.221,NA,2.1074,NA,NA,-0.020274,NA,NA,NA,NA,0.008013,0.007842,73.0819,-0.852507,-0.730819,-0.609131,0.609131,0.730819,0.852507,-1735.6273,-769.5123,-311.8764,311.8764,769.5123,1735.6273
SNPP_20251013T120601_vs_HYPERNETS_20251013T120000_RHOW_R.csv,THFR,Hyp,SNPP,3.6641600000000003,43.43485999999999,3.69217,43.422871,2.63,2.25,2025-10-13T10:00:00Z,2025-10-13T10:06:01Z,6,30,2,2.1632,12.7091,NA,2.1632,NA,NA,-0.021208,NA,NA,NA,NA,0.00816,0.007985,73.3133,-0.853899,-0.733133,-0.612368,0.612368,0.733133,0.853899,-1764.8957,-781.1202,-316.309,316.309,781.1202,1764.8957
SNPP_20251013T120601_vs_HYPERNETS_20251013T121500_RHOW_R.csv,THFR,Hyp,SNPP,3.6641600000000003,43.43485999999999,3.69217,43.422871,2.63,2.25,2025-10-13T10:15:00Z,2025-10-13T10:06:01Z,9,30,2,2.2186,13.7433,NA,2.2186,NA,NA,-0.023188,NA,NA,NA,NA,0.008764,0.008593,74.4776,-0.860493,-0.744776,-0.629059,0.629059,0.744776,0.860493,-1876.566,-829.3928,-337.0059,337.0059,829.3928,1876.566
SNPP_20251013T120601_vs_HYPERNETS_20251013T123000_RHOW_R.csv,THFR,Hyp,SNPP,3.6641600000000003,43.43485999999999,3.69217,43.422871,2.63,2.25,2025-10-13T10:30:00Z,2025-10-13T10:06:01Z,24,30,2,2.218,12.664,NA,2.218,NA,NA,-0.021121,NA,NA,NA,NA,0.007855,0.007665,72.5506,-0.849712,-0.725506,-0.6013,0.6013,0.725506,0.849712,-1711.914,-756.2827,-304.666,304.666,756.2827,1711.914
SNPP_20251015T131201_vs_HYPERNETS_20251015T124500_RHOW_R.csv,THFR,Hyp,SNPP,3.6641600000000003,43.43485999999999,3.692564,43.426334000000004,2.48,2.25,2025-10-15T10:45:00Z,2025-10-15T11:12:01Z,27,30,4,0.8621,1.2669,0.2874,1.0238,3.647,-0.020887,-0.003285,0.001656,NA,FALSE,FALSE,0.00363,0.003126,50.0022,-0.686368,-0.414149,-0.227804,0.227804,0.414149,0.686368,-418.2344,-78.7885,-29.5471,29.5471,78.7885,418.2344
SNPP_20251015T131201_vs_HYPERNETS_20251015T130000_RHOW_R.csv,THFR,Hyp,SNPP,3.6641600000000003,43.43485999999999,3.692564,43.426334000000004,2.48,2.25,2025-10-15T11:00:00Z,2025-10-15T11:12:01Z,12,30,4,0.8704,1.3414,0.294,1.022,3.5534,-0.020267,-0.003276,0.001611,NA,FALSE,FALSE,0.003604,0.003128,50.5121,-0.684979,-0.422422,-0.242565,0.242565,0.422422,0.684979,-414.6627,-80.5959,-32.1062,32.1062,80.5959,414.6627
SNPP_20251015T131201_vs_HYPERNETS_20251015T131500_RHOW_R.csv,THFR,Hyp,SNPP,3.6641600000000003,43.43485999999999,3.692564,43.426334000000004,2.48,2.25,2025-10-15T11:15:00Z,2025-10-15T11:12:01Z,3,30,4,0.8678,1.3724,0.292,1.022,3.5769,-0.020797,-0.003382,0.001594,NA,FALSE,FALSE,0.003702,0.003232,51.4923,-0.690355,-0.438957,-0.263525,0.263525,0.438957,0.690355,-423.9708,-85.4356,-35.9367,35.9367,85.4356,423.9708
SNPP_20251015T131201_vs_HYPERNETS_20251015T133000_RHOW_R.csv,THFR,Hyp,SNPP,3.6641600000000003,43.43485999999999,3.692564,43.426334000000004,2.48,2.25,2025-10-15T11:30:00Z,2025-10-15T11:12:01Z,18,30,4,0.8684,1.2539,0.2863,1.0423,3.7945,-0.021756,-0.003377,0.001672,NA,FALSE,FALSE,0.003622,0.003094,49.693,-0.687383,-0.414389,-0.223935,0.223935,0.414389,0.687383,-420.1026,-78.9773,-28.9263,28.9263,78.9773,420.1026
SNPP_20251016T125400_vs_HYPERNETS_20251016T123000_RHOW_R.csv,THFR,Hyp,SNPP,3.6641600000000003,43.43485999999999,3.690839,43.423199000000004,2.52,2.25,2025-10-16T10:30:00Z,2025-10-16T10:54:00Z,24,30,5,0.9493,1.7114,0.5367,1.025,1.9577,-0.007276,-0.001945,8.47e-4,NA,FALSE,FALSE,0.00216,0.001898,40.3721,-0.499714,-0.346387,-0.111592,0.111592,0.346387,0.499714,-99.8857,-52.9957,-12.5609,12.5609,52.9957,99.8857
SNPP_20251016T125400_vs_HYPERNETS_20251016T124500_RHOW_R.csv,THFR,Hyp,SNPP,3.6641600000000003,43.43485999999999,3.690839,43.423199000000004,2.52,2.25,2025-10-16T10:45:00Z,2025-10-16T10:54:00Z,9,30,5,0.9526,1.7291,0.544,1.0245,1.9295,-0.006976,-0.001868,8.44e-4,NA,FALSE,FALSE,0.0020830000000000002,0.001836,40.1832,-0.492533,-0.339237,-0.106824,0.115447,0.339237,0.492533,-97.057,-51.3402,-11.96,11.96,51.3402,97.057
SNPP_20251016T125400_vs_HYPERNETS_20251016T130000_RHOW_R.csv,THFR,Hyp,SNPP,3.6641600000000003,43.43485999999999,3.690839,43.423199000000004,2.52,2.25,2025-10-16T11:00:00Z,2025-10-16T10:54:00Z,6,30,5,0.9478,1.7417,0.544,1.0174,1.9029,-0.006876,-0.001855,8.3e-4,NA,FALSE,FALSE,0.002099,0.001851,40.091,-0.492149,-0.34183,-0.113134,0.113134,0.34183,0.492149,-96.908,-51.9365,-12.7566,12.7566,51.9365,96.908
SNPP_20251016T125400_vs_HYPERNETS_20251016T131500_RHOW_R.csv,THFR,Hyp,SNPP,3.6641600000000003,43.43485999999999,3.690839,43.423199000000004,2.52,2.25,2025-10-16T11:15:00Z,2025-10-16T10:54:00Z,21,30,5,0.9406,1.7204,0.5529,1.0012,1.8128,-0.00603,-0.001578,8.81e-4,NA,FALSE,FALSE,0.001911,0.001715,40.1937,-0.462619,-0.325653,-0.108059,0.163159,0.325653,0.462619,-86.0877,-48.2917,-12.1151,16.3159,48.2917,86.0877
SNPP_20251017T123600_vs_HYPERNETS_20251017T121500_RHOW_R.csv,THFR,Hyp,SNPP,3.6641600000000003,43.43485999999999,3.690558,43.428230000000006,2.26,2.25,2025-10-17T10:15:00Z,2025-10-17T10:36:00Z,21,30,5,0.8373,0.9654,0.5364,0.8706,1.4131,-0.003938,-6.32e-4,0.001405,NA,FALSE,FALSE,0.001674,0.001499,26.0503,-0.30152,-0.286837,-0.138518,0.138518,0.286837,0.30152,-43.1681,-40.2203,-16.0791,16.0791,40.2203,43.1681
SNPP_20251017T123600_vs_HYPERNETS_20251017T123000_RHOW_R.csv,THFR,Hyp,SNPP,3.6641600000000003,43.43485999999999,3.690558,43.428230000000006,2.26,2.25,2025-10-17T10:30:00Z,2025-10-17T10:36:00Z,6,30,5,0.8707,0.9666,0.5494,0.9085,1.5023,-0.004204,-6.95e-4,0.001427,NA,FALSE,FALSE,0.001501,0.001344,25.1031,-0.281784,-0.27061,-0.102783,0.113534,0.27061,0.281784,-39.2339,-37.1009,-11.4558,11.4558,37.1009,39.2339
SNPP_20251017T123600_vs_HYPERNETS_20251017T124500_RHOW_R.csv,THFR,Hyp,SNPP,3.6641600000000003,43.43485999999999,3.690558,43.428230000000006,2.26,2.25,2025-10-17T10:45:00Z,2025-10-17T10:36:00Z,9,30,5,0.8958,0.9437,0.5788,0.9298,1.4937,-0.003605,-4.8e-4,0.001466,NA,FALSE,FALSE,0.001164,0.001053,22.9504,-0.241706,-0.210299,-0.063465,0.209051,0.210299,0.241706,-31.875,-26.6302,-6.7766,20.9051,26.6302,31.875
SNPP_20251017T123600_vs_HYPERNETS_20251017T130000_RHOW_R.csv,THFR,Hyp,SNPP,3.6641600000000003,43.43485999999999,3.690558,43.428230000000006,2.26,2.25,2025-10-17T11:00:00Z,2025-10-17T10:36:00Z,24,30,5,0.9075,0.9243,0.6183,0.9325,1.4064,-0.002618,-1.61e-4,0.001468,NA,FALSE,FALSE,8.42e-4,7.48e-4,19.1601,-0.200867,-0.12663,-0.034102,0.12663,0.200867,0.284936,-25.1357,-14.499,-3.5306,14.499,25.1357,28.4936
SNPP_20251018T121200_vs_HYPERNETS_20251018T114500_RHOW_R.csv,THFR,Hyp,SNPP,3.6641600000000003,43.43485999999999,3.6895140000000004,43.425682,2.29,2.25,2025-10-18T09:45:00Z,2025-10-18T10:12:00Z,27,30,5,0.6567,0.7655,0.4653,0.6708,0.967,-0.001186,7.05e-4,0.002017,NA,TRUE,FALSE,0.001841,0.001574,23.7668,-0.292227,-0.252346,-0.1478,0.181547,0.252346,0.292227,-41.2882,-33.7518,-17.3434,18.1547,33.7518,41.2882
SNPP_20251018T121200_vs_HYPERNETS_20251018T120000_RHOW_R.csv,THFR,Hyp,SNPP,3.6641600000000003,43.43485999999999,3.6895140000000004,43.425682,2.29,2.25,2025-10-18T10:00:00Z,2025-10-18T10:12:00Z,12,30,5,0.6733,0.7744,0.4696,0.6893,1.0117,-0.001448,6.03e-4,0.002,NA,FALSE,FALSE,0.00178,0.001548,23.8027,-0.287174,-0.239009,-0.15413,0.178583,0.239009,0.287174,-40.2867,-31.4077,-18.2214,18.2214,31.4077,40.2867
SNPP_20251018T121200_vs_HYPERNETS_20251018T121500_RHOW_R.csv,THFR,Hyp,SNPP,3.6641600000000003,43.43485999999999,3.6895140000000004,43.425682,2.29,2.25,2025-10-18T10:15:00Z,2025-10-18T10:12:00Z,3,30,5,0.6917,0.7591,0.4926,0.706,1.0118,-0.001055,7.71e-4,0.002046,NA,FALSE,FALSE,0.001436,0.001227,21.0643,-0.248954,-0.2063,-0.079551,0.2063,0.248954,0.251204,-33.1477,-25.9921,-8.6426,25.9921,26.7204,33.1477
SNPP_20251018T121200_vs_HYPERNETS_20251018T123000_RHOW_R.csv,THFR,Hyp,SNPP,3.6641600000000003,43.43485999999999,3.6895140000000004,43.425682,2.29,2.25,2025-10-18T10:30:00Z,2025-10-18T10:12:00Z,18,30,5,0.6919,0.7634,0.4856,0.7077,1.0313,-0.001293,6.78e-4,0.00203,NA,FALSE,FALSE,0.001524,0.001331,22.3561,-0.259507,-0.211572,-0.111282,0.211572,0.247282,0.259507,-35.0451,-26.8347,-12.5217,24.7282,26.8347,35.0451
SNPP_20251026T130600_vs_HYPERNETS_20251026T124500_RHOW_R.csv,THFR,Hyp,SNPP,3.6641600000000003,43.43485999999999,3.6830220000000002,43.418091,2.41,2.25,2025-10-26T11:45:00Z,2025-10-26T12:06:00Z,21,30,4,0.4189,1.4739,0.1436,0.4864,1.6478,-0.011736,-0.002075,7.77e-4,NA,FALSE,FALSE,0.006811,0.006347,79.1043,-0.865107,-0.778379,-0.704315,0.704315,0.778379,0.865107,-921.0049,-361.9955,-241.8961,241.8961,361.9955,921.0049
SNPP_20251026T130600_vs_HYPERNETS_20251026T130000_RHOW_R.csv,THFR,Hyp,SNPP,3.6641600000000003,43.43485999999999,3.6830220000000002,43.418091,2.41,2.25,2025-10-26T12:00:00Z,2025-10-26T12:06:00Z,6,30,4,0.402,1.4727,0.1328,0.4818,1.7488,-0.01408,-0.002451,7.53e-4,NA,FALSE,FALSE,0.007656,0.007207,81.0145,-0.876926,-0.805226,-0.738446,0.738446,0.805226,0.876926,-1039.9996,-422.1946,-289.5879,289.5879,422.1946,1039.9996
SNPP_20251026T130600_vs_HYPERNETS_20251026T131500_RHOW_R.csv,THFR,Hyp,SNPP,3.6641600000000003,43.43485999999999,3.6830220000000002,43.418091,2.41,2.25,2025-10-26T12:15:00Z,2025-10-26T12:06:00Z,9,30,4,0.4137,1.4575,0.143,0.4776,1.5949,-0.011316,-0.002007,7.8e-4,NA,FALSE,FALSE,0.006841,0.00636,79.1088,-0.864909,-0.776418,-0.702598,0.702598,0.776418,0.864909,-918.0644,-358.5619,-239.3741,239.3741,358.5619,918.0644
SNPP_20251026T130600_vs_HYPERNETS_20251026T133000_RHOW_R.csv,THFR,Hyp,SNPP,3.6641600000000003,43.43485999999999,3.6830220000000002,43.418091,2.41,2.25,2025-10-26T12:30:00Z,2025-10-26T12:06:00Z,24,30,4,0.4181,1.5616,0.1477,0.4763,1.5357,-0.010957,-0.002038,7.28e-4,NA,FALSE,FALSE,0.006914,0.006448,79.5825,-0.86489,-0.783415,-0.71435,0.71435,0.783415,0.86489,-917.4271,-370.7862,-254.2504,254.2504,370.7862,917.4271
SNPP_20251027T124800_vs_HYPERNETS_20251027T123000_RHOW_R.csv,THFR,Hyp,SNPP,3.6641600000000003,43.43485999999999,3.6884930000000002,43.423798000000005,2.32,2.25,2025-10-27T11:30:00Z,2025-10-27T11:48:00Z,18,30,5,0.796,1.1552,0.5678,0.8122,1.162,-0.002817,-7.02e-4,7.76e-4,NA,FALSE,FALSE,0.002008,0.001838,32.9547,-0.36387,-0.256139,-0.253349,0.253349,0.256139,0.36387,-57.2005,-34.4338,-33.9313,33.9313,34.4338,57.2005
SNPP_20251027T124800_vs_HYPERNETS_20251027T124500_RHOW_R.csv,THFR,Hyp,SNPP,3.6641600000000003,43.43485999999999,3.6884930000000002,43.423798000000005,2.32,2.25,2025-10-27T11:45:00Z,2025-10-27T11:48:00Z,3,30,5,0.8188,1.1629,0.5521,0.8429,1.287,-0.003745,-0.001001,7.97e-4,NA,FALSE,FALSE,0.002131,0.001972,34.5523,-0.367669,-0.296398,-0.236826,0.236826,0.296398,0.367669,-58.1451,-42.1258,-31.0317,31.0317,42.1258,58.1451
SNPP_20251027T124800_vs_HYPERNETS_20251027T130000_RHOW_R.csv,THFR,Hyp,SNPP,3.6641600000000003,43.43485999999999,3.6884930000000002,43.423798000000005,2.32,2.25,2025-10-27T12:00:00Z,2025-10-27T11:48:00Z,12,30,5,0.8326,1.067,0.6063,0.8473,1.1841,-0.002104,-3.08e-4,9.76e-4,NA,FALSE,FALSE,0.001315,0.001123,22.2948,-0.287213,-0.157311,-0.123526,0.123526,0.157311,0.287213,-40.2943,-18.6677,-14.0935,14.0935,18.6677,40.2943
SNPP_20251027T124800_vs_HYPERNETS_20251027T131500_RHOW_R.csv,THFR,Hyp,SNPP,3.6641600000000003,43.43485999999999,3.6884930000000002,43.423798000000005,2.32,2.25,2025-10-27T12:15:00Z,2025-10-27T11:48:00Z,27,30,5,0.8325,1.1113,0.6088,0.8468,1.178,-0.002283,-4.58e-4,8.54e-4,NA,FALSE,FALSE,0.00147,0.001302,25.6751,-0.303222,-0.172765,-0.166352,0.166352,0.172765,0.303222,-43.5178,-20.8846,-19.9547,19.9547,20.8846,43.5178
SNPP_20251028T123001_vs_HYPERNETS_20251028T121500_RHOW_R.csv,THFR,Hyp,SNPP,3.6641600000000003,43.43485999999999,3.692163,43.42512500000001,2.51,2.25,2025-10-28T11:15:00Z,2025-10-28T11:30:01Z,15,30,4,0.7501,1.2586,0.2682,0.849,2.6874,-0.017152,-0.002964,0.001518,NA,FALSE,FALSE,0.0044470000000000004,0.00413,57.7123,-0.665929,-0.54194,-0.453133,0.453133,0.54194,0.665929,-245.7407,-119.4195,-84.4046,84.4046,119.4195,245.7407
SNPP_20251028T123001_vs_HYPERNETS_20251028T124500_RHOW_R.csv,THFR,Hyp,SNPP,3.6641600000000003,43.43485999999999,3.692163,43.42512500000001,2.51,2.25,2025-10-28T11:45:00Z,2025-10-28T11:30:01Z,15,30,4,0.6998,1.3227,0.2529,0.7878,2.4541,-0.017183,-0.00308,0.001447,NA,FALSE,FALSE,0.00519,0.004876,61.7668,-0.693926,-0.590338,-0.514079,0.514079,0.590338,0.693926,-277.4305,-144.8555,-108.112,108.112,144.8555,277.4305
SNPP_20251028T123001_vs_HYPERNETS_20251028T130000_RHOW_R.csv,THFR,Hyp,SNPP,3.6641600000000003,43.43485999999999,3.692163,43.42512500000001,2.51,2.25,2025-10-28T12:00:00Z,2025-10-28T11:30:01Z,30,30,4,0.6977,1.3709,0.2609,0.7735,2.2934,-0.015895,-0.002983,0.001372,NA,FALSE,FALSE,0.005205,0.004907,62.1735,-0.69323,-0.594629,-0.523134,0.523134,0.594629,0.69323,-275.0008,-147.262,-112.1187,112.1187,147.262,275.0008
SNPP_20251103T121200_vs_HYPERNETS_20251103T114500_RHOW_R.csv,THFR,Hyp,SNPP,3.6641600000000003,43.43485999999999,3.690793,43.419838,2.73,2.25,2025-11-03T10:45:00Z,2025-11-03T11:12:00Z,27,30,2,2.2498,9.6289,NA,2.2498,NA,NA,-0.013551,NA,NA,NA,NA,0.00483,0.004702,69.4411,-0.815771,-0.694411,-0.573052,0.573052,0.694411,0.815771,-825.5825,-438.6027,-213.4166,213.4166,438.6027,825.5825
SNPP_20251103T121200_vs_HYPERNETS_20251103T120000_RHOW_R.csv,THFR,Hyp,SNPP,3.6641600000000003,43.43485999999999,3.690793,43.419838,2.73,2.25,2025-11-03T11:00:00Z,2025-11-03T11:12:00Z,12,30,2,2.2418,9.3958,NA,2.2418,NA,NA,-0.01317,NA,NA,NA,NA,0.004688,0.004557,68.8671,-0.812131,-0.688671,-0.565211,0.565211,0.688671,0.812131,-804.8652,-427.3673,-207.3565,207.3565,427.3673,804.8652
SNPP_20251103T121200_vs_HYPERNETS_20251103T121500_RHOW_R.csv,THFR,Hyp,SNPP,3.6641600000000003,43.43485999999999,3.690793,43.419838,2.73,2.25,2025-11-03T11:15:00Z,2025-11-03T11:12:00Z,3,30,2,2.1951,8.9666,NA,2.1951,NA,NA,-0.012467,NA,NA,NA,NA,0.004517,0.004385,68.2042,-0.807766,-0.682042,-0.556318,0.556318,0.682042,0.807766,-778.9792,-413.8601,-200.4078,200.4078,413.8601,778.9792
SNPP_20251103T121200_vs_HYPERNETS_20251103T123000_RHOW_R.csv,THFR,Hyp,SNPP,3.6641600000000003,43.43485999999999,3.690793,43.419838,2.73,2.25,2025-11-03T11:30:00Z,2025-11-03T11:12:00Z,18,30,2,2.2547,9.3849,NA,2.2547,NA,NA,-0.013152,NA,NA,NA,NA,0.004643,0.00451,68.6558,-0.810847,-0.686558,-0.562268,0.562268,0.686558,0.810847,-798.5908,-423.7497,-205.271,205.271,423.7497,798.5908
SNPP_20251104T115400_vs_HYPERNETS_20251104T113000_RHOW_R.csv,THFR,Hyp,SNPP,3.6641600000000003,43.43485999999999,3.6926779999999995,43.423866,2.61,2.25,2025-11-04T10:30:00Z,2025-11-04T10:54:00Z,24,30,5,0.4162,0.5115,0.2412,0.8389,2.9177,-0.009213,0.003139,0.00669,NA,FALSE,FALSE,0.003524,0.002544,64.1158,0.033511,0.435237,0.695711,0.08845,0.435237,0.695711,3.3511,43.5237,69.5711,9.7032,43.5237,69.5711
SNPP_20251104T115400_vs_HYPERNETS_20251104T114500_RHOW_R.csv,THFR,Hyp,SNPP,3.6641600000000003,43.43485999999999,3.6926779999999995,43.423866,2.61,2.25,2025-11-04T10:45:00Z,2025-11-04T10:54:00Z,9,30,5,0.3639,0.4869,0.2145,0.7508,2.6279,-0.008863,0.00327,0.006736,NA,FALSE,FALSE,0.003454,0.002653,59.4089,-0.062755,0.345456,0.565067,0.169592,0.345456,0.565067,-6.6957,34.5456,56.5067,20.4227,34.5456,56.5067
SNPP_20251109T120001_vs_HYPERNETS_20251109T114500_RHOW_R.csv,THFR,Hyp,SNPP,3.6641600000000003,43.43485999999999,3.693951,43.422501000000004,2.77,2.25,2025-11-09T10:45:00Z,2025-11-09T11:00:01Z,15,30,4,0.5787,0.656,0.2363,0.6231,1.6433,-0.005222,-2e-6,0.001978,NA,FALSE,FALSE,0.002317,0.00203,36.5831,-0.487875,-0.396266,-0.207071,0.274222,0.396266,0.487875,-95.5719,-66.9431,-29.5238,37.9474,66.9431,95.5719
SNPP_20251109T120001_vs_HYPERNETS_20251109T120000_RHOW_R.csv,THFR,Hyp,SNPP,3.6641600000000003,43.43485999999999,3.693951,43.422501000000004,2.77,2.25,2025-11-09T11:00:00Z,2025-11-09T11:00:01Z,0,30,4,0.5715,0.6715,0.2223,0.6245,1.7548,-0.006188,-1.5e-4,0.002,NA,FALSE,FALSE,0.002529,0.002189,36.0336,-0.5132,-0.41186,-0.238407,0.258996,0.41186,0.5132,-106.0397,-71.6332,-33.9191,36.6485,71.6332,106.0397
SNPP_20251109T120001_vs_HYPERNETS_20251109T121500_RHOW_R.csv,THFR,Hyp,SNPP,3.6641600000000003,43.43485999999999,3.693951,43.422501000000004,2.77,2.25,2025-11-09T11:15:00Z,2025-11-09T11:00:01Z,15,30,4,0.5834,0.6581,0.2337,0.6317,1.7072,-0.005538,-4.1e-5,0.001993,NA,FALSE,FALSE,0.002304,0.002018,36.3567,-0.489736,-0.392995,-0.203543,0.266826,0.392995,0.489736,-96.3331,-66.1716,-28.7118,36.6144,66.1716,96.3331
SNPP_20251109T120001_vs_HYPERNETS_20251109T123000_RHOW_R.csv,THFR,Hyp,SNPP,3.6641600000000003,43.43485999999999,3.693951,43.422501000000004,2.77,2.25,2025-11-09T11:30:00Z,2025-11-09T11:00:01Z,30,30,4,0.6095,0.6532,0.2679,0.6451,1.553,-0.004123,1.51e-4,0.001926,NA,FALSE,FALSE,0.001902,0.001693,35.7484,-0.435127,-0.35585,-0.149011,0.278207,0.35585,0.435127,-77.0885,-56.196,-21.4034,36.188,56.196,77.0885
SNPP_20251116T131200_vs_HYPERNETS_20251116T124500_RHOW_R.csv,THFR,Hyp,SNPP,3.6641600000000003,43.43485999999999,3.6855070000000003,43.42141,2.28,2.25,2025-11-16T11:45:00Z,2025-11-16T12:12:00Z,27,30,3,0.471,0.6445,0.037,0.6543,11.5802,-0.079457,-0.001415,0.002995,NA,FALSE,FALSE,0.004608,0.003884,50.4214,-0.592604,-0.385382,-0.356407,0.356407,0.385382,0.592604,-185.098,-62.7027,-55.5355,55.5355,62.7027,185.098
SNPP_20251116T131200_vs_HYPERNETS_20251116T130000_RHOW_R.csv,THFR,Hyp,SNPP,3.6641600000000003,43.43485999999999,3.6855070000000003,43.42141,2.28,2.25,2025-11-16T12:00:00Z,2025-11-16T12:12:00Z,12,30,3,0.4916,0.6556,0.0387,0.6688,11.5619,-0.077223,-0.001397,0.00299,NA,FALSE,FALSE,0.004395,0.003702,49.3252,-0.58343,-0.374797,-0.343846,0.343846,0.374797,0.58343,-177.3473,-59.948,-52.5731,52.5731,59.948,177.3473
SNPP_20251116T131200_vs_HYPERNETS_20251116T131500_RHOW_R.csv,THFR,Hyp,SNPP,3.6641600000000003,43.43485999999999,3.6855070000000003,43.42141,2.28,2.25,2025-11-16T12:15:00Z,2025-11-16T12:12:00Z,3,30,3,0.5213,0.6866,0.0411,0.6997,11.9024,-0.077294,-0.001477,0.00298,NA,FALSE,FALSE,0.004154,0.003509,48.792,-0.570057,-0.356362,-0.340005,0.340005,0.356362,0.570057,-168.0415,-55.3669,-51.5628,51.5628,55.3669,168.0415
SNPP_20251116T131200_vs_HYPERNETS_20251116T133000_RHOW_R.csv,THFR,Hyp,SNPP,3.6641600000000003,43.43485999999999,3.6855070000000003,43.42141,2.28,2.25,2025-11-16T12:30:00Z,2025-11-16T12:12:00Z,18,30,3,0.5508,0.6891,0.0436,0.7294,12.1936,-0.075304,-0.00144,0.002978,NA,FALSE,FALSE,0.00381,0.003184,46.1725,-0.549988,-0.328939,-0.307068,0.307068,0.328939,0.549988,-155.1151,-49.0178,-44.3863,44.3863,49.0178,155.1151
SNPP_20251118T123600_vs_HYPERNETS_20251118T121500_RHOW_C.csv,THFR,Hyp,SNPP,3.6641600000000003,43.43485999999999,3.690385,43.424309,2.42,2.25,2025-11-18T11:15:00Z,2025-11-18T11:36:00Z,21,30,4,0.7331,0.924,0.3713,0.7582,1.5481,-0.004081,-3.15e-4,0.00153,NA,FALSE,FALSE,0.001698,0.001468,29.8237,-0.369552,-0.286316,-0.215,0.215,0.286316,0.369552,-58.8154,-40.7102,-27.3993,27.3993,40.7102,58.8154
SNPP_20251118T123600_vs_HYPERNETS_20251118T123000_RHOW_C.csv,THFR,Hyp,SNPP,3.6641600000000003,43.43485999999999,3.690385,43.424309,2.42,2.25,2025-11-18T11:30:00Z,2025-11-18T11:36:00Z,6,30,4,0.7403,0.9849,0.3908,0.7619,1.4853,-0.003846,-3.65e-4,0.00142,NA,FALSE,FALSE,0.001717,0.001511,31.8168,-0.35779,-0.310196,-0.270574,0.270574,0.310196,0.35779,-55.9909,-45.0715,-37.1646,37.1646,45.0715,55.9909
SNPP_20251118T123600_vs_HYPERNETS_20251118T124500_RHOW_C.csv,THFR,Hyp,SNPP,3.6641600000000003,43.43485999999999,3.690385,43.424309,2.42,2.25,2025-11-18T11:45:00Z,2025-11-18T11:36:00Z,9,30,4,0.7466,0.9833,0.3954,0.768,1.4919,-0.003813,-3.62e-4,0.001415,NA,FALSE,FALSE,0.00167,0.001468,31.1601,-0.352246,-0.303133,-0.262488,0.262488,0.303133,0.352246,-54.6485,-43.6118,-35.6536,35.6536,43.6118,54.6485
SNPP_20251118T123600_vs_HYPERNETS_20251118T130000_RHOW_C.csv,THFR,Hyp,SNPP,3.6641600000000003,43.43485999999999,3.690385,43.424309,2.42,2.25,2025-11-18T12:00:00Z,2025-11-18T11:36:00Z,24,30,4,0.7451,1.0261,0.3715,0.7721,1.6048,-0.004742,-5.69e-4,0.001439,NA,FALSE,FALSE,0.001901,0.001711,35.5145,-0.411279,-0.369716,-0.313582,0.313582,0.369716,0.411279,-69.9569,-58.8414,-45.9812,45.9812,58.8414,69.9569
SNPP_20251121T131801_vs_HYPERNETS_20251121T130000_RHOW_R.csv,THFR,Hyp,SNPP,3.6641600000000003,43.43485999999999,3.6933190000000002,43.424685999999994,2.62,2.25,2025-11-21T12:00:00Z,2025-11-21T12:18:01Z,18,30,3,0.6969,0.956,0.062,0.8112,10.6102,-0.05969,-0.001279,0.003187,NA,FALSE,FALSE,0.002814,0.002405,41.1297,-0.497612,-0.373611,-0.306139,0.306139,0.373611,0.497612,-105.4042,-59.6453,-44.8074,44.8074,59.6453,105.4042
SNPP_20251121T131801_vs_HYPERNETS_20251121T131500_RHOW_R.csv,THFR,Hyp,SNPP,3.6641600000000003,43.43485999999999,3.6933190000000002,43.424685999999994,2.62,2.25,2025-11-21T12:15:00Z,2025-11-21T12:18:01Z,3,30,3,0.7181,1.0182,0.0672,0.8158,9.9025,-0.056351,-0.001379,0.00315,NA,FALSE,FALSE,0.002838,0.002493,43.0004,-0.517674,-0.418351,-0.336507,0.336507,0.418351,0.517674,-111.8695,-71.9251,-51.8774,51.8774,71.9251,111.8695
SNPP_20251121T131801_vs_HYPERNETS_20251121T133000_RHOW_R.csv,THFR,Hyp,SNPP,3.6641600000000003,43.43485999999999,3.6933190000000002,43.424685999999994,2.62,2.25,2025-11-21T12:30:00Z,2025-11-21T12:18:01Z,12,30,3,0.7187,0.97,0.0625,0.8482,11.5105,-0.06329,-0.00137,0.003193,NA,FALSE,FALSE,0.002675,0.002251,39.8332,-0.493445,-0.371502,-0.289804,0.289804,0.371502,0.493445,-103.3934,-59.1094,-41.7473,41.7473,59.1094,103.3934
SNPP_20251121T131801_vs_HYPERNETS_20251121T134500_RHOW_R.csv,THFR,Hyp,SNPP,3.6641600000000003,43.43485999999999,3.6933190000000002,43.424685999999994,2.62,2.25,2025-11-21T12:45:00Z,2025-11-21T12:18:01Z,27,30,3,0.7887,0.9119,0.0706,0.9148,11.8497,-0.057154,-0.001131,0.003194,NA,FALSE,FALSE,0.002027,0.001567,30.4498,-0.394297,-0.228336,-0.176618,0.176618,0.228336,0.394297,-71.6673,-29.59,-21.6906,21.6906,29.59,71.6673
SNPP_20251122T130000_vs_HYPERNETS_20251122T123000_RHOW_R.csv,THFR,Hyp,SNPP,3.6641600000000003,43.43485999999999,3.6953419999999997,43.42113500000001,2.95,2.25,2025-11-22T11:30:00Z,2025-11-22T12:00:00Z,30,30,4,1.0304,0.825,0.3817,1.1468,3.445,-0.012408,-0.001379,0.002293,NA,FALSE,FALSE,0.001473,0.001303,35.3832,-0.37478,-0.103527,0.16615,0.238861,0.352257,0.467228,-65.5721,-14.06,15.8102,31.9949,41.1788,65.9417
SNPP_20251122T130000_vs_HYPERNETS_20251122T124500_RHOW_R.csv,THFR,Hyp,SNPP,3.6641600000000003,43.43485999999999,3.6953419999999997,43.42113500000001,2.95,2.25,2025-11-22T11:45:00Z,2025-11-22T12:00:00Z,15,30,4,1.0501,0.8445,0.3951,1.1614,3.414,-0.011964,-0.001348,0.002263,NA,FALSE,FALSE,0.001407,0.00127,35.0459,-0.361803,-0.090013,0.176894,0.233245,0.345576,0.46279,-61.8567,-12.3211,16.9624,30.7325,39.9146,64.2494
SNPP_20251122T130000_vs_HYPERNETS_20251122T130000_RHOW_R.csv,THFR,Hyp,SNPP,3.6641600000000003,43.43485999999999,3.6953419999999997,43.42113500000001,2.95,2.25,2025-11-22T12:00:00Z,2025-11-22T12:00:00Z,0,30,4,1.074,0.8297,0.4115,1.1798,3.3828,-0.011167,-0.001208,0.002265,NA,FALSE,FALSE,0.001308,0.001234,37.0687,-0.332854,-0.06034,0.226296,0.218633,0.38481,0.536865,-54.4097,-8.6288,21.5588,27.7244,42.2859,70.6269
SNPP_20251122T130000_vs_HYPERNETS_20251122T131500_RHOW_R.csv,THFR,Hyp,SNPP,3.6641600000000003,43.43485999999999,3.6953419999999997,43.42113500000001,2.95,2.25,2025-11-22T12:15:00Z,2025-11-22T12:00:00Z,15,30,4,1.084,0.846,0.4037,1.2039,3.5905,-0.012403,-0.001417,0.002267,NA,FALSE,FALSE,0.001396,0.001292,35.8732,-0.347019,-0.063652,0.207441,0.227555,0.346457,0.477634,-58.4965,-9.2105,20.0906,29.2031,39.1254,65.776
SNPP_20251122T130000_vs_HYPERNETS_20251122T133000_RHOW_R.csv,THFR,Hyp,SNPP,3.6641600000000003,43.43485999999999,3.6953419999999997,43.42113500000001,2.95,2.25,2025-11-22T12:30:00Z,2025-11-22T12:00:00Z,30,30,4,1.1808,0.859,0.4847,1.2698,3.3264,-0.00919,-9.58e-4,0.002185,NA,FALSE,FALSE,0.001181,0.001123,39.2092,-0.236601,0.040281,0.349943,0.214593,0.35931,0.53681,-33.7681,2.1945,33.6623,22.1404,44.6921,75.3079
SNPP_20251129T123000_vs_HYPERNETS_20251129T120000_RHOW_R.csv,THFR,Hyp,SNPP,3.6641600000000003,43.43485999999999,3.688056,43.423595000000006,2.3,2.25,2025-11-29T11:00:00Z,2025-11-29T11:30:00Z,30,30,4,0.4701,0.9342,0.226,0.4897,1.061,-0.004805,2.02e-4,0.002513,NA,FALSE,FALSE,0.004581,0.00427,48.2028,-0.503918,-0.481855,-0.459965,0.459965,0.481855,0.503918,-101.8781,-93.013,-85.3824,85.3824,93.013,101.8781
SNPP_20251129T123000_vs_HYPERNETS_20251129T121500_RHOW_R.csv,THFR,Hyp,SNPP,3.6641600000000003,43.43485999999999,3.688056,43.423595000000006,2.3,2.25,2025-11-29T11:15:00Z,2025-11-29T11:30:00Z,15,30,4,0.4662,0.9076,0.2238,0.4858,1.0547,-0.004606,3.03e-4,0.002563,NA,FALSE,FALSE,0.004463,0.004134,47.1628,-0.488882,-0.469457,-0.452203,0.452203,0.469457,0.488882,-96.0623,-88.4864,-82.7887,82.7887,88.4864,96.0623
SNPP_20251129T123000_vs_HYPERNETS_20251129T123000_RHOW_R.csv,THFR,Hyp,SNPP,3.6641600000000003,43.43485999999999,3.688056,43.423595000000006,2.3,2.25,2025-11-29T11:30:00Z,2025-11-29T11:30:00Z,0,30,4,0.4621,0.8788,0.2207,0.4818,1.052,-0.004437,4.03e-4,0.00262,NA,FALSE,FALSE,0.004347,0.003996,46.0376,-0.483468,-0.454646,-0.431554,0.431554,0.454646,0.483468,-94.0184,-83.3963,-76.0603,76.0603,83.3963,94.0184
SNPP_20251129T123000_vs_HYPERNETS_20251129T124500_RHOW_R.csv,THFR,Hyp,SNPP,3.6641600000000003,43.43485999999999,3.688056,43.423595000000006,2.3,2.25,2025-11-29T11:45:00Z,2025-11-29T11:30:00Z,15,30,4,0.4562,0.873,0.2158,0.4764,1.0521,-0.004504,4.2e-4,0.002649,NA,FALSE,FALSE,0.004418,0.004058,46.3729,-0.487319,-0.457008,-0.433418,0.433418,0.457008,0.487319,-95.5007,-84.2012,-76.6277,76.6277,84.2012,95.5007
SNPP_20251205T121801_vs_HYPERNETS_20251205T120000_RHOW_R.csv,THFR,Hyp,SNPP,3.6641600000000003,43.43485999999999,3.6947140000000003,43.421046999999994,2.91,2.25,2025-12-05T11:00:00Z,2025-12-05T11:18:01Z,18,30,1,NA,NA,NA,NA,NA,NA,NA,NA,NA,NA,NA,NA,NA,NA,NA,NA,NA,NA,NA,NA,NA,NA,NA,NA,NA,NA
SNPP_20251205T121801_vs_HYPERNETS_20251205T121500_RHOW_R.csv,THFR,Hyp,SNPP,3.6641600000000003,43.43485999999999,3.6947140000000003,43.421046999999994,2.91,2.25,2025-12-05T11:15:00Z,2025-12-05T11:18:01Z,3,30,1,NA,NA,NA,NA,NA,NA,NA,NA,NA,NA,NA,NA,NA,NA,NA,NA,NA,NA,NA,NA,NA,NA,NA,NA,NA,NA
SNPP_20251205T121801_vs_HYPERNETS_20251205T124500_RHOW_R.csv,THFR,Hyp,SNPP,3.6641600000000003,43.43485999999999,3.6947140000000003,43.421046999999994,2.91,2.25,2025-12-05T11:45:00Z,2025-12-05T11:18:01Z,27,30,1,NA,NA,NA,NA,NA,NA,NA,NA,NA,NA,NA,NA,NA,NA,NA,NA,NA,NA,NA,NA,NA,NA,NA,NA,NA,NA
SNPP_20251208T130001_vs_HYPERNETS_20251208T124500_RHOW_R.csv,THFR,Hyp,SNPP,3.6641600000000003,43.43485999999999,3.689505,43.418949,2.71,2.25,2025-12-08T11:45:00Z,2025-12-08T12:00:01Z,15,30,3,0.5593,0.6454,0.0439,0.7894,14.1996,-0.073861,-0.001665,0.002348,NA,FALSE,FALSE,0.003512,0.002799,48.2326,-0.576512,-0.294065,-0.294009,0.294009,0.294065,0.576512,-216.9172,-41.6562,-41.6449,41.6449,41.6562,216.9172
SNPP_20251208T130001_vs_HYPERNETS_20251208T130000_RHOW_R.csv,THFR,Hyp,SNPP,3.6641600000000003,43.43485999999999,3.689505,43.418949,2.71,2.25,2025-12-08T12:00:00Z,2025-12-08T12:00:01Z,0,30,3,0.5549,0.7111,0.0436,0.7953,14.52,-0.079515,-0.001912,0.002338,NA,FALSE,FALSE,0.003744,0.00307,53.2166,-0.642913,-0.420131,-0.365402,0.365402,0.420131,0.642913,-258.3333,-72.4528,-58.1694,58.1694,72.4528,258.3333
SNPP_20251208T130001_vs_HYPERNETS_20251208T131500_RHOW_R.csv,THFR,Hyp,SNPP,3.6641600000000003,43.43485999999999,3.689505,43.418949,2.71,2.25,2025-12-08T12:15:00Z,2025-12-08T12:00:01Z,15,30,3,0.5743,0.6985,0.0451,0.8171,14.8163,-0.077865,-0.001852,0.00234,NA,FALSE,FALSE,0.003524,0.002845,50.8287,-0.61881,-0.377765,-0.332502,0.332502,0.377765,0.61881,-238.6366,-60.711,-50.1589,50.1589,60.711,238.6366
SNPP_20251208T130001_vs_HYPERNETS_20251208T133000_RHOW_R.csv,THFR,Hyp,SNPP,3.6641600000000003,43.43485999999999,3.689505,43.418949,2.71,2.25,2025-12-08T12:30:00Z,2025-12-08T12:00:01Z,30,30,3,0.6266,0.6996,0.0492,0.8807,15.778,-0.076378,-0.001823,0.002338,NA,FALSE,FALSE,0.003099,0.00242,46.5857,-0.582936,-0.318888,-0.275294,0.275294,0.318888,0.582936,-209.7571,-46.8187,-38.2373,38.2373,46.8187,209.7571
SNPP_20251227T120600_vs_HYPERNETS_20251227T120000_RHOW_R.csv,THFR,Hyp,SNPP,3.6641600000000003,43.43485999999999,3.686424,43.41972,2.47,2.25,2025-12-27T11:00:00Z,2025-12-27T11:06:00Z,6,30,2,2.102,9.9183,NA,2.102,NA,NA,-0.025751,NA,NA,NA,NA,0.010101,0.009902,71.7359,-0.831937,-0.717359,-0.60278,0.60278,0.717359,0.831937,-963.0615,-504.4204,-243.6528,243.6528,504.4204,963.0615
SNPP_20251227T120600_vs_HYPERNETS_20251227T121500_RHOW_R.csv,THFR,Hyp,SNPP,3.6641600000000003,43.43485999999999,3.686424,43.41972,2.47,2.25,2025-12-27T11:15:00Z,2025-12-27T11:06:00Z,9,30,2,2.0715,9.8321,NA,2.0715,NA,NA,-0.025491,NA,NA,NA,NA,0.010181,0.009989,71.9269,-0.83302,-0.719269,-0.605518,0.605518,0.719269,0.83302,-968.7395,-507.98630000000003,-245.8722,245.8722,507.98630000000003,968.7395
SNPP_20251229T130601_vs_HYPERNETS_20251229T124500_RHOW_R.csv,THFR,Hyp,SNPP,3.6641600000000003,43.43485999999999,3.690854,43.422482,2.56,2.25,2025-12-29T11:45:00Z,2025-12-29T12:06:01Z,21,30,2,2.7963,6.1815,NA,2.7963,NA,NA,-0.018936,NA,NA,NA,NA,0.004303,0.003688,48.262,-0.64821,-0.48262,-0.317031,0.317031,0.48262,0.64821,-267.5741,-151.576,-72.1843,72.1843,151.576,267.5741
SNPP_20251229T130601_vs_HYPERNETS_20251229T130000_RHOW_R.csv,THFR,Hyp,SNPP,3.6641600000000003,43.43485999999999,3.690854,43.422482,2.56,2.25,2025-12-29T12:00:00Z,2025-12-29T12:06:01Z,6,30,2,2.6887,5.7653,NA,2.6887,NA,NA,-0.017362,NA,NA,NA,NA,0.004067,0.003442,46.9911,-0.63790500000000006,-0.469911,-0.301918,0.301918,0.469911,0.63790500000000006,-254.4772,-143.8973,-67.813,67.813,143.8973,254.4772
SNPP_20251229T130601_vs_HYPERNETS_20251229T131500_RHOW_R.csv,THFR,Hyp,SNPP,3.6641600000000003,43.43485999999999,3.690854,43.422482,2.56,2.25,2025-12-29T12:15:00Z,2025-12-29T12:06:01Z,9,30,2,2.5891,5.4862,NA,2.5891,NA,NA,-0.016307,NA,NA,NA,NA,0.003964,0.003352,46.6043,-0.633981,-0.466043,-0.298105,0.298105,0.466043,0.633981,-248.7453,-140.9131,-66.4226,66.4226,140.9131,248.7453
SNPP_20251229T130601_vs_HYPERNETS_20251229T133000_RHOW_R.csv,THFR,Hyp,SNPP,3.6641600000000003,43.43485999999999,3.690854,43.422482,2.56,2.25,2025-12-29T12:30:00Z,2025-12-29T12:06:01Z,24,30,2,2.5295,4.9637,NA,2.5295,NA,NA,-0.014334,NA,NA,NA,NA,0.003463,0.002764,42.9058,-0.6056,-0.429058,-0.252515,0.252515,0.429058,0.6056,-219.8529,-122.8804,-55.3079,55.3079,122.8804,219.8529
SNPP_20251231T123000_vs_HYPERNETS_20251231T120000_RHOW_R.csv,THFR,Hyp,SNPP,3.6641600000000003,43.43485999999999,3.689869,43.425526000000005,2.32,2.25,2025-12-31T11:00:00Z,2025-12-31T11:30:00Z,30,30,5,0.588,0.5354,0.3246,0.6417,1.2684,-9.68e-4,0.001724,0.003086,NA,FALSE,FALSE,0.001275,0.001155,40.0738,-0.151775,0.084286,0.403286,0.151775,0.188021,0.403286,-17.8932,8.4286,40.3286,17.8932,23.156,40.3286
SNPP_20251231T123000_vs_HYPERNETS_20251231T121500_RHOW_R.csv,THFR,Hyp,SNPP,3.6641600000000003,43.43485999999999,3.689869,43.425526000000005,2.32,2.25,2025-12-31T11:15:00Z,2025-12-31T11:30:00Z,15,30,5,0.5907,0.4496,0.3181,0.6529,1.34,-7.43e-4,0.001936,0.003241,NA,FALSE,FALSE,0.001392,0.00119,62.0599,-0.104946,0.19607,0.616054,0.120923,0.19607,0.616054,-11.7251,19.607,61.6054,13.7557,19.607,61.6054
SNPP_20251231T123000_vs_HYPERNETS_20251231T123000_RHOW_R.csv,THFR,Hyp,SNPP,3.6641600000000003,43.43485999999999,3.689869,43.425526000000005,2.32,2.25,2025-12-31T11:30:00Z,2025-12-31T11:30:00Z,0,30,5,0.5925,0.4089,0.3148,0.6601,1.3843,-6.71e-4,0.002024,0.00331,NA,FALSE,FALSE,0.001476,0.001195,76.2854,-0.080948,0.228522,0.748705,0.083674,0.228522,0.748705,-8.8078,22.8522,74.8705,9.1315,22.8522,74.8705
SNPP_20251231T123000_vs_HYPERNETS_20251231T124500_RHOW_R.csv,THFR,Hyp,SNPP,3.6641600000000003,43.43485999999999,3.689869,43.425526000000005,2.32,2.25,2025-12-31T11:45:00Z,2025-12-31T11:30:00Z,15,30,5,0.5903,0.3711,0.309,0.664,1.4268,-6.81e-4,0.002079,0.003363,NA,FALSE,FALSE,0.001545,0.001199,90.5548,-0.058573,0.22075,0.844659,0.069241,0.22075,0.844659,-6.2217,22.075,84.4659,7.4393,22.075,84.4659
SNPP_20251231T123000_vs_HYPERNETS_20251231T130000_RHOW_R.csv,THFR,Hyp,SNPP,3.6641600000000003,43.43485999999999,3.689869,43.425526000000005,2.32,2.25,2025-12-31T12:00:00Z,2025-12-31T11:30:00Z,30,30,5,0.5903,0.2964,0.3046,0.6713,1.4791,-4.88e-4,0.002226,0.003458,NA,FALSE,FALSE,0.00171,0.001224,144.7621,-0.006116,0.321333,1.078319,0.030772,0.321333,1.078319,-0.6153,32.1333,107.8319,3.1749,32.1333,107.8319
JPSS1_20250117T131201_vs_HYPERNETS_20250117T124500_RHOW_R.csv,THFR,Hyp,JPSS1,3.6641600000000003,43.43485999999999,3.6875440000000004,43.421539,2.4,2.25,2025-01-17T11:45:00Z,2025-01-17T12:12:01Z,27,30,1,NA,NA,NA,NA,NA,NA,NA,NA,NA,NA,NA,NA,NA,NA,NA,NA,NA,NA,NA,NA,NA,NA,NA,NA,NA,NA
JPSS1_20250117T131201_vs_HYPERNETS_20250117T130000_RHOW_R.csv,THFR,Hyp,JPSS1,3.6641600000000003,43.43485999999999,3.6875440000000004,43.421539,2.4,2.25,2025-01-17T12:00:00Z,2025-01-17T12:12:01Z,12,30,1,NA,NA,NA,NA,NA,NA,NA,NA,NA,NA,NA,NA,NA,NA,NA,NA,NA,NA,NA,NA,NA,NA,NA,NA,NA,NA
JPSS1_20250117T131201_vs_HYPERNETS_20250117T131500_RHOW_R.csv,THFR,Hyp,JPSS1,3.6641600000000003,43.43485999999999,3.6875440000000004,43.421539,2.4,2.25,2025-01-17T12:15:00Z,2025-01-17T12:12:01Z,3,30,1,NA,NA,NA,NA,NA,NA,NA,NA,NA,NA,NA,NA,NA,NA,NA,NA,NA,NA,NA,NA,NA,NA,NA,NA,NA,NA
JPSS1_20250117T131201_vs_HYPERNETS_20250117T133000_RHOW_R.csv,THFR,Hyp,JPSS1,3.6641600000000003,43.43485999999999,3.6875440000000004,43.421539,2.4,2.25,2025-01-17T12:30:00Z,2025-01-17T12:12:01Z,18,30,1,NA,NA,NA,NA,NA,NA,NA,NA,NA,NA,NA,NA,NA,NA,NA,NA,NA,NA,NA,NA,NA,NA,NA,NA,NA,NA
JPSS1_20250123T130001_vs_HYPERNETS_20250123T131500_RHOW_R.csv,THFR,Hyp,JPSS1,3.6641600000000003,43.43485999999999,3.6880479999999998,43.420757,2.49,2.25,2025-01-23T12:15:00Z,2025-01-23T12:00:01Z,15,30,1,NA,NA,NA,NA,NA,NA,NA,NA,NA,NA,NA,NA,NA,NA,NA,NA,NA,NA,NA,NA,NA,NA,NA,NA,NA,NA
JPSS1_20250123T130001_vs_HYPERNETS_20250123T133000_RHOW_R.csv,THFR,Hyp,JPSS1,3.6641600000000003,43.43485999999999,3.6880479999999998,43.420757,2.49,2.25,2025-01-23T12:30:00Z,2025-01-23T12:00:01Z,30,30,1,NA,NA,NA,NA,NA,NA,NA,NA,NA,NA,NA,NA,NA,NA,NA,NA,NA,NA,NA,NA,NA,NA,NA,NA,NA,NA
JPSS1_20250129T124801_vs_HYPERNETS_20250129T124500_RHOW_R.csv,THFR,Hyp,JPSS1,3.6641600000000003,43.43485999999999,3.68981,43.422966,2.46,2.25,2025-01-29T11:45:00Z,2025-01-29T11:48:01Z,3,30,2,4.8399,11.576,NA,4.8399,NA,NA,-0.053939,NA,NA,NA,NA,0.007046,0.006805,56.1016,-0.646311,-0.561016,-0.475721,0.475721,0.561016,0.646311,-203.5037,-147.2296,-101.3896,101.3896,147.2296,203.5037
JPSS1_20250129T124801_vs_HYPERNETS_20250129T130000_RHOW_R.csv,THFR,Hyp,JPSS1,3.6641600000000003,43.43485999999999,3.68981,43.422966,2.46,2.25,2025-01-29T12:00:00Z,2025-01-29T11:48:01Z,12,30,2,5.0981,12.0235,NA,5.0981,NA,NA,-0.056233,NA,NA,NA,NA,0.006887,0.006634,55.4572,-0.641392,-0.554572,-0.467752,0.467752,0.554572,0.641392,-199.497,-143.7898,-98.4443,98.4443,143.7898,199.497
JPSS1_20250129T124801_vs_HYPERNETS_20250129T131500_RHOW_R.csv,THFR,Hyp,JPSS1,3.6641600000000003,43.43485999999999,3.68981,43.422966,2.46,2.25,2025-01-29T12:15:00Z,2025-01-29T11:48:01Z,27,30,2,2.9457,9.1638,NA,2.9457,NA,NA,-0.041573,NA,NA,NA,NA,0.01061,0.0105,66.3764,-0.727632,-0.663764,-0.599896,0.599896,0.663764,0.727632,-292.6881,-221.5148,-163.2415,163.2415,221.5148,292.6881
JPSS1_20250203T125400_vs_HYPERNETS_20250203T123000_RHOW_R.csv,THFR,Hyp,JPSS1,3.6641600000000003,43.43485999999999,3.694214,43.424800999999995,2.68,2.25,2025-02-03T11:30:00Z,2025-02-03T11:54:00Z,24,30,2,6.1772,21.9577,NA,6.1772,NA,NA,-0.066668,NA,NA,NA,NA,0.00796,0.007794,68.978,-0.770463,-0.68978,-0.609096,0.609096,0.68978,0.770463,-403.5484,-277.4333,-182.9041,182.9041,277.4333,403.5484
JPSS1_20250203T125400_vs_HYPERNETS_20250203T124500_RHOW_R.csv,THFR,Hyp,JPSS1,3.6641600000000003,43.43485999999999,3.694214,43.424800999999995,2.68,2.25,2025-02-03T11:45:00Z,2025-02-03T11:54:00Z,9,30,2,5.7598,20.6181,NA,5.7598,NA,NA,-0.062385,NA,NA,NA,NA,0.008034,0.007874,69.2228,-0.772074,-0.692228,-0.612382,0.612382,0.692228,0.772074,-406.6292,-280.082,-185.1442,185.1442,280.082,406.6292
JPSS1_20250203T125400_vs_HYPERNETS_20250203T130000_RHOW_R.csv,THFR,Hyp,JPSS1,3.6641600000000003,43.43485999999999,3.694214,43.424800999999995,2.68,2.25,2025-02-03T12:00:00Z,2025-02-03T11:54:00Z,6,30,2,4.9931,17.1347,NA,4.9931,NA,NA,-0.051248,NA,NA,NA,NA,0.007562,0.007402,67.9922,-0.762262,-0.679922,-0.597582,0.597582,0.679922,0.762262,-384.2097,-264.346,-174.1539,174.1539,264.346,384.2097
JPSS1_20250203T125400_vs_HYPERNETS_20250203T131500_RHOW_R.csv,THFR,Hyp,JPSS1,3.6641600000000003,43.43485999999999,3.694214,43.424800999999995,2.68,2.25,2025-02-03T12:15:00Z,2025-02-03T11:54:00Z,21,30,2,4.7879,15.6794,NA,4.7879,NA,NA,-0.046595,NA,NA,NA,NA,0.007068,0.006901,66.5137,-0.750877,-0.665137,-0.579397,0.579397,0.665137,0.750877,-361.29880000000003,-247.6749,-162.0381,162.0381,247.6749,361.29880000000003
JPSS1_20250205T121801_vs_HYPERNETS_20250205T120000_RHOW_R.csv,THFR,Hyp,JPSS1,3.6641600000000003,43.43485999999999,3.693459,43.424019,2.66,2.25,2025-02-05T11:00:00Z,2025-02-05T11:18:01Z,18,30,4,0.9742,1.3796,0.3284,1.1456,3.9961,-0.013443,-0.002086,0.00117,NA,FALSE,FALSE,0.001893,0.001506,47.3907,-0.676406,-0.533687,-0.331188,0.331188,0.533687,0.676406,-219.8573,-119.4761,-54.1681,54.1681,119.4761,219.8573
JPSS1_20250205T121801_vs_HYPERNETS_20250205T121500_RHOW_R.csv,THFR,Hyp,JPSS1,3.6641600000000003,43.43485999999999,3.693459,43.424019,2.66,2.25,2025-02-05T11:15:00Z,2025-02-05T11:18:01Z,3,30,4,0.9434,1.3281,0.3183,1.1085,3.8601,-0.01314,-0.002006,0.001191,NA,FALSE,FALSE,0.001943,0.001567,47.8959,-0.666419,-0.531194,-0.343734,0.343734,0.531194,0.666419,-212.0531,-117.1125,-57.0049,57.0049,117.1125,212.0531
JPSS1_20250205T121801_vs_HYPERNETS_20250205T123000_RHOW_R.csv,THFR,Hyp,JPSS1,3.6641600000000003,43.43485999999999,3.693459,43.424019,2.66,2.25,2025-02-05T11:30:00Z,2025-02-05T11:18:01Z,12,30,4,0.9579,1.3394,0.3286,1.1116,3.7605,-0.012565,-0.001968,0.001164,NA,FALSE,FALSE,0.001882,0.001522,47.4961,-0.663108,-0.526316,-0.338168,0.338168,0.526316,0.663108,-208.2865,-114.9968,-55.4749,55.4749,114.9968,208.2865
JPSS1_20250205T121801_vs_HYPERNETS_20250205T124500_RHOW_R.csv,THFR,Hyp,JPSS1,3.6641600000000003,43.43485999999999,3.693459,43.424019,2.66,2.25,2025-02-05T11:45:00Z,2025-02-05T11:18:01Z,27,30,4,0.9783,1.307,0.334,1.1392,3.8856,-0.012564,-0.001932,0.001186,NA,FALSE,FALSE,0.001785,0.001393,45.4849,-0.641788,-0.504718,-0.317779,0.317779,0.504718,0.641788,-191.0876,-104.9304,-50.8781,50.8781,104.9304,191.0876
JPSS1_20250206T115400_vs_HYPERNETS_20250206T113000_RHOW_R.csv,THFR,Hyp,JPSS1,3.6641600000000003,43.43485999999999,3.694754,43.426273,2.65,2.25,2025-02-06T10:30:00Z,2025-02-06T10:54:00Z,24,30,1,NA,NA,NA,NA,NA,NA,NA,NA,NA,NA,NA,NA,NA,NA,NA,NA,NA,NA,NA,NA,NA,NA,NA,NA,NA,NA
JPSS1_20250206T115400_vs_HYPERNETS_20250206T114500_RHOW_R.csv,THFR,Hyp,JPSS1,3.6641600000000003,43.43485999999999,3.694754,43.426273,2.65,2.25,2025-02-06T10:45:00Z,2025-02-06T10:54:00Z,9,30,1,NA,NA,NA,NA,NA,NA,NA,NA,NA,NA,NA,NA,NA,NA,NA,NA,NA,NA,NA,NA,NA,NA,NA,NA,NA,NA
JPSS1_20250206T115400_vs_HYPERNETS_20250206T120000_RHOW_R.csv,THFR,Hyp,JPSS1,3.6641600000000003,43.43485999999999,3.694754,43.426273,2.65,2.25,2025-02-06T11:00:00Z,2025-02-06T10:54:00Z,6,30,1,NA,NA,NA,NA,NA,NA,NA,NA,NA,NA,NA,NA,NA,NA,NA,NA,NA,NA,NA,NA,NA,NA,NA,NA,NA,NA
JPSS1_20250206T115400_vs_HYPERNETS_20250206T121500_RHOW_R.csv,THFR,Hyp,JPSS1,3.6641600000000003,43.43485999999999,3.694754,43.426273,2.65,2.25,2025-02-06T11:15:00Z,2025-02-06T10:54:00Z,21,30,1,NA,NA,NA,NA,NA,NA,NA,NA,NA,NA,NA,NA,NA,NA,NA,NA,NA,NA,NA,NA,NA,NA,NA,NA,NA,NA
JPSS1_20250215T123000_vs_HYPERNETS_20250215T120000_RHOW_R.csv,THFR,Hyp,JPSS1,3.6641600000000003,43.43485999999999,3.694451,43.428490000000004,2.55,2.25,2025-02-15T11:00:00Z,2025-02-15T11:30:00Z,30,30,2,2.7848,9.9569,NA,2.7848,NA,NA,-0.026309,NA,NA,NA,NA,0.007471,0.00742,70.6384,-0.763875,-0.706384,-0.648893,0.648893,0.706384,0.763875,-355.2008,-270.1432,-200.9792,200.9792,270.1432,355.2008
JPSS1_20250215T123000_vs_HYPERNETS_20250215T121500_RHOW_R.csv,THFR,Hyp,JPSS1,3.6641600000000003,43.43485999999999,3.694451,43.428490000000004,2.55,2.25,2025-02-15T11:15:00Z,2025-02-15T11:30:00Z,15,30,2,2.6652,9.7832,NA,2.6652,NA,NA,-0.025796,NA,NA,NA,NA,0.007749,0.007702,71.4101,-0.76998200000000006,-0.714101,-0.65822,0.65822,0.714101,0.76998200000000006,-367.1467,-280.0126,-209.1311,209.1311,280.0126,367.1467
JPSS1_20250215T123000_vs_HYPERNETS_20250215T123000_RHOW_R.csv,THFR,Hyp,JPSS1,3.6641600000000003,43.43485999999999,3.694451,43.428490000000004,2.55,2.25,2025-02-15T11:30:00Z,2025-02-15T11:30:00Z,0,30,2,3.1497,11.8187,NA,3.1497,NA,NA,-0.031813,NA,NA,NA,NA,0.007995,0.007941,71.9456,-0.775249,-0.719456,-0.663663,0.663663,0.719456,0.775249,-379.5226,-288.5043,-214.7622,214.7622,288.5043,379.5226
JPSS1_20250215T123000_vs_HYPERNETS_20250215T124500_RHOW_R.csv,THFR,Hyp,JPSS1,3.6641600000000003,43.43485999999999,3.694451,43.428490000000004,2.55,2.25,2025-02-15T11:45:00Z,2025-02-15T11:30:00Z,15,30,2,3.041,11.5418,NA,3.041,NA,NA,-0.030994,NA,NA,NA,NA,0.008121,0.008069,72.2741,-0.777772,-0.722741,-0.66771,0.66771,0.722741,0.777772,-384.7976,-292.9614,-218.522,218.522,292.9614,384.7976
JPSS1_20250215T123000_vs_HYPERNETS_20250215T130000_RHOW_R.csv,THFR,Hyp,JPSS1,3.6641600000000003,43.43485999999999,3.694451,43.428490000000004,2.55,2.25,2025-02-15T12:00:00Z,2025-02-15T11:30:00Z,30,30,2,3.0496,12.6709,NA,3.0496,NA,NA,-0.034333,NA,NA,NA,NA,0.009178,0.009132,74.6386,-0.797103,-0.746386,-0.69567,0.69567,0.746386,0.797103,-431.6911,-330.2074,-248.0938,248.0938,330.2074,431.6911
JPSS1_20250530T113601_vs_HYPERNETS_20250530T111500_RHOW_R.csv,THFR,Hyp,JPSS1,3.6641600000000003,43.43485999999999,3.6940449999999996,43.422657,2.77,2.25,2025-05-30T09:15:00Z,2025-05-30T09:36:01Z,21,30,2,6.9174,22.0958,NA,6.9174,NA,NA,-0.060496,NA,NA,NA,NA,0.006036,0.005558,61.0666,-0.750536,-0.610666,-0.470797,0.470797,0.610666,0.750536,-480.4842,-269.2913,-134.935,134.935,269.2913,480.4842
JPSS1_20250619T120600_vs_HYPERNETS_20250619T114500_RHOW_R.csv,THFR,Hyp,JPSS1,3.6641600000000003,43.43485999999999,3.6924659999999996,43.420742000000004,2.78,2.25,2025-06-19T09:45:00Z,2025-06-19T10:06:00Z,21,30,2,2.4303,10.6582,NA,2.4303,NA,NA,-0.0216,NA,NA,NA,NA,0.00694,0.006645,67.324700000000007,-0.814074,-0.673247,-0.53242,0.53242,0.673247,0.814074,-1056.9741,-503.695,-215.0007,215.0007,503.695,1056.9741
JPSS1_20250619T120600_vs_HYPERNETS_20250619T120000_RHOW_R.csv,THFR,Hyp,JPSS1,3.6641600000000003,43.43485999999999,3.6924659999999996,43.420742000000004,2.78,2.25,2025-06-19T10:00:00Z,2025-06-19T10:06:00Z,6,30,2,2.4102,10.5624,NA,2.4102,NA,NA,-0.021374,NA,NA,NA,NA,0.006931,0.006638,67.3334,-0.814072,-0.673334,-0.532596,0.532596,0.673334,0.814072,-1055.3595,-503.2209,-214.9456,214.9456,503.2209,1055.3595
JPSS1_20250619T120600_vs_HYPERNETS_20250619T121500_RHOW_R.csv,THFR,Hyp,JPSS1,3.6641600000000003,43.43485999999999,3.6924659999999996,43.420742000000004,2.78,2.25,2025-06-19T10:15:00Z,2025-06-19T10:06:00Z,9,30,2,2.3299,9.7926,NA,2.3299,NA,NA,-0.019562,NA,NA,NA,NA,0.006517,0.006221,66.235,-0.807351,-0.66235,-0.517348,0.517348,0.66235,0.807351,-1001.6452,-478.2574,-203.5293,203.5293,478.2574,1001.6452
JPSS1_20250619T120600_vs_HYPERNETS_20250619T123000_RHOW_R.csv,THFR,Hyp,JPSS1,3.6641600000000003,43.43485999999999,3.6924659999999996,43.420742000000004,2.78,2.25,2025-06-19T10:30:00Z,2025-06-19T10:06:00Z,24,30,2,2.4875,10.496,NA,2.4875,NA,NA,-0.021218,NA,NA,NA,NA,0.006574,0.006251,66.0961,-0.806992,-0.660961,-0.514931,0.514931,0.660961,0.806992,-1011.8945,-480.7772,-203.3581,203.3581,480.7772,1011.8945
JPSS1_20250621T130601_vs_HYPERNETS_20250621T124500_RHOW_R.csv,THFR,Hyp,JPSS1,3.6641600000000003,43.43485999999999,3.690186,43.425648,2.34,2.25,2025-06-21T10:45:00Z,2025-06-21T11:06:01Z,21,30,4,1.3244,1.6121,0.7953,1.3467,2.2805,-0.007641,-0.002471,5.81e-4,NA,FALSE,FALSE,0.001148,0.001106,27.5044,-0.380569,-0.212724,-0.044109,0.119852,0.225378,0.380569,-63.7439,-28.3219,-5.1313,12.2665,29.1265,63.7439
JPSS1_20250621T130601_vs_HYPERNETS_20250621T130000_RHOW_R.csv,THFR,Hyp,JPSS1,3.6641600000000003,43.43485999999999,3.690186,43.425648,2.34,2.25,2025-06-21T11:00:00Z,2025-06-21T11:06:01Z,6,30,4,1.3498000000000001,1.6218,0.7701,1.3783,2.4665,-0.008591,-0.002601,7.46e-4,NA,FALSE,FALSE,0.001202,0.001141,27.9481,-0.390232,-0.213764,-0.031092,0.130232,0.240983,0.390232,-66.0681,-28.8098,-3.7322,13.2252,31.4604,66.0681
JPSS1_20250621T130601_vs_HYPERNETS_20250621T131500_RHOW_R.csv,THFR,Hyp,JPSS1,3.6641600000000003,43.43485999999999,3.690186,43.425648,2.34,2.25,2025-06-21T11:15:00Z,2025-06-21T11:06:01Z,9,30,4,1.3626,1.6505,0.7497,1.3961,2.5998,-0.009428,-0.002756,8.28e-4,NA,FALSE,FALSE,0.001263,0.001203,28.8887,-0.401917,-0.224166,-0.036343,0.136769,0.249799,0.401917,-69.3851,-30.6235,-4.3699,13.9312,32.9898,69.3851
JPSS1_20250621T130601_vs_HYPERNETS_20250621T133000_RHOW_R.csv,THFR,Hyp,JPSS1,3.6641600000000003,43.43485999999999,3.690186,43.425648,2.34,2.25,2025-06-21T11:30:00Z,2025-06-21T11:06:01Z,24,30,4,1.4085,1.6991,1.0901,1.4138,1.8337,-0.004073,-0.001999,-4e-4,NA,TRUE,TRUE,0.001008,9.62e-4,25.3871,-0.274491,-0.031157,0.130476,0.151549,0.172169,0.274491,-42.0771,-4.4944,13.0331,15.1402,19.2091,42.0771
JPSS1_20250622T124801_vs_HYPERNETS_20250622T123000_RHOW_R.csv,THFR,Hyp,JPSS1,3.6641600000000003,43.43485999999999,3.6915910000000003,43.42819600000001,2.34,2.25,2025-06-22T10:30:00Z,2025-06-22T10:48:01Z,18,30,2,1.239,3.7842,NA,1.239,NA,NA,-0.007082,NA,NA,NA,NA,0.005151,0.005141,65.7772,-0.732771,-0.657772,-0.582772,0.582772,0.657772,0.732771,-311.2392,-225.0931,-156.9928,156.9928,225.0931,311.2392
JPSS1_20250622T124801_vs_HYPERNETS_20250622T124500_RHOW_R.csv,THFR,Hyp,JPSS1,3.6641600000000003,43.43485999999999,3.6915910000000003,43.42819600000001,2.34,2.25,2025-06-22T10:45:00Z,2025-06-22T10:48:01Z,3,30,2,1.1938,3.5379,NA,1.1938,NA,NA,-0.00644,NA,NA,NA,NA,0.004918,0.00491,64.8851,-0.72413,-0.648851,-0.573573,0.573573,0.648851,0.72413,-296.4186,-215.2242,-150.66,150.66,215.2242,296.4186
JPSS1_20250622T124801_vs_HYPERNETS_20250622T130000_RHOW_R.csv,THFR,Hyp,JPSS1,3.6641600000000003,43.43485999999999,3.6915910000000003,43.42819600000001,2.34,2.25,2025-06-22T11:00:00Z,2025-06-22T10:48:01Z,12,30,2,1.1823,3.4408,NA,1.1823,NA,NA,-0.006187,NA,NA,NA,NA,0.00478,0.004773,64.3088,-0.718858,-0.643088,-0.567317,0.567317,0.643088,0.718858,-288.1794,-209.4601,-146.7044,146.7044,209.4601,288.1794
JPSS1_20250622T124801_vs_HYPERNETS_20250622T131500_RHOW_R.csv,THFR,Hyp,JPSS1,3.6641600000000003,43.43485999999999,3.6915910000000003,43.42819600000001,2.34,2.25,2025-06-22T11:15:00Z,2025-06-22T10:48:01Z,27,30,2,1.1173,3.3794,NA,1.1173,NA,NA,-0.006027,NA,NA,NA,NA,0.005084,0.005081,65.7003,-0.729344,-0.657003,-0.584661,0.584661,0.657003,0.729344,-302.6705,-221.5548,-156.7793,156.7793,221.5548,302.6705
JPSS1_20250710T121201_vs_HYPERNETS_20250710T114500_RHOW_C.csv,THFR,Hyp,JPSS1,3.6641600000000003,43.43485999999999,3.693353,43.421786999999995,2.77,2.25,2025-07-10T09:45:00Z,2025-07-10T10:12:01Z,27,30,5,1.2142,1.1599,0.6368,1.3644,2.9234,-0.013745,-0.002649,0.00253,NA,FALSE,FALSE,0.002019,0.001635,29.6788,-0.068232,0.094153,0.116315,0.094153,0.116315,0.480185,-7.3228,9.4153,11.6315,9.4153,11.6315,48.0185
JPSS1_20250710T121201_vs_HYPERNETS_20250710T120000_RHOW_C.csv,THFR,Hyp,JPSS1,3.6641600000000003,43.43485999999999,3.693353,43.421786999999995,2.77,2.25,2025-07-10T10:00:00Z,2025-07-10T10:12:01Z,12,30,5,1.2498,1.1441,0.6604,1.3973,2.9563,-0.012831,-0.00234,0.002618,NA,FALSE,FALSE,0.002042,0.001714,32.2767,-0.004588,0.155353,0.161997,0.155353,0.161997,0.588557,-0.4609,15.5353,16.1997,15.5353,16.1997,58.8557
JPSS1_20250710T121201_vs_HYPERNETS_20250710T121500_RHOW_C.csv,THFR,Hyp,JPSS1,3.6641600000000003,43.43485999999999,3.693353,43.421786999999995,2.77,2.25,2025-07-10T10:15:00Z,2025-07-10T10:12:01Z,3,30,5,1.2497,1.1228,0.6568,1.4021,2.9928,-0.013094,-0.002381,0.002638,NA,FALSE,FALSE,0.002064,0.001735,32.7948,-0.010986,0.146284,0.167105,0.146284,0.167105,0.610241,-1.1108,14.6284,16.7105,14.6284,16.7105,61.0241
JPSS1_20250710T121201_vs_HYPERNETS_20250710T123000_RHOW_C.csv,THFR,Hyp,JPSS1,3.6641600000000003,43.43485999999999,3.693353,43.421786999999995,2.77,2.25,2025-07-10T10:30:00Z,2025-07-10T10:12:01Z,18,30,5,1.2369,1.1058,0.6523,1.3846,2.9389,-0.012584,-0.002193,0.002702,NA,FALSE,FALSE,0.002047,0.001723,33.3094,-0.001003,0.152133,0.16514,0.152133,0.16514,0.64811,-0.1004,15.2133,16.514,15.2133,16.514,64.811
JPSS1_20250713T125400_vs_HYPERNETS_20250713T123000_RHOW_R.csv,THFR,Hyp,JPSS1,3.6641600000000003,43.43485999999999,3.692701,43.422421,2.69,2.25,2025-07-13T10:30:00Z,2025-07-13T10:54:00Z,24,30,5,1.2428,1.3975,0.7044,1.3405,2.551,-0.009531,-0.002879,6.17e-4,NA,FALSE,FALSE,0.001605,0.001128,25.2071,-0.185575,-0.139147,-0.105083,0.105083,0.139147,0.185575,-22.786,-16.1638,-11.7422,11.7422,16.1638,22.786
JPSS1_20250713T125400_vs_HYPERNETS_20250713T124500_RHOW_R.csv,THFR,Hyp,JPSS1,3.6641600000000003,43.43485999999999,3.692701,43.422421,2.69,2.25,2025-07-13T10:45:00Z,2025-07-13T10:54:00Z,9,30,5,1.2675,1.3522,0.7441,1.3496,2.4479,-0.007799,-0.002286,7.53e-4,NA,FALSE,FALSE,0.001303,8.11e-4,19.5192,-0.080782,-0.025705,-0.022923,0.025705,0.080232,0.080782,-8.7881,-2.6383,-2.3461,2.6383,8.0232,8.7881
JPSS1_20250713T125400_vs_HYPERNETS_20250713T130000_RHOW_R.csv,THFR,Hyp,JPSS1,3.6641600000000003,43.43485999999999,3.692701,43.422421,2.69,2.25,2025-07-13T11:00:00Z,2025-07-13T10:54:00Z,6,30,5,1.2826,1.4231,0.7489,1.3682,2.4994,-0.008503,-0.002623,5.95e-4,NA,FALSE,FALSE,0.001406,9.46e-4,22.3956,-0.122517,-0.100456,-0.050886,0.067048,0.100456,0.122517,-13.9623,-11.1674,-5.3615,6.7048,11.1674,13.9623
JPSS1_20250713T125400_vs_HYPERNETS_20250713T131500_RHOW_R.csv,THFR,Hyp,JPSS1,3.6641600000000003,43.43485999999999,3.692701,43.422421,2.69,2.25,2025-07-13T11:15:00Z,2025-07-13T10:54:00Z,21,30,5,1.326,1.4306,0.7499,1.4316,2.7331,-0.009814,-0.003004,5.64e-4,NA,FALSE,FALSE,0.001517,0.001048,23.7528,-0.143746,-0.117775,-0.048757,0.087749,0.117775,0.143746,-16.7877,-13.3498,-5.1256,8.7749,13.3498,16.7877
JPSS1_20250802T114200_vs_HYPERNETS_20250802T111500_RHOW_R.csv,THFR,Hyp,JPSS1,3.6641600000000003,43.43485999999999,3.69182,43.422157000000006,2.65,2.25,2025-08-02T09:15:00Z,2025-08-02T09:42:00Z,27,30,1,NA,NA,NA,NA,NA,NA,NA,NA,NA,NA,NA,NA,NA,NA,NA,NA,NA,NA,NA,NA,NA,NA,NA,NA,NA,NA
JPSS1_20250802T114200_vs_HYPERNETS_20250802T113000_RHOW_R.csv,THFR,Hyp,JPSS1,3.6641600000000003,43.43485999999999,3.69182,43.422157000000006,2.65,2.25,2025-08-02T09:30:00Z,2025-08-02T09:42:00Z,12,30,1,NA,NA,NA,NA,NA,NA,NA,NA,NA,NA,NA,NA,NA,NA,NA,NA,NA,NA,NA,NA,NA,NA,NA,NA,NA,NA
JPSS1_20250802T114200_vs_HYPERNETS_20250802T114500_RHOW_R.csv,THFR,Hyp,JPSS1,3.6641600000000003,43.43485999999999,3.69182,43.422157000000006,2.65,2.25,2025-08-02T09:45:00Z,2025-08-02T09:42:00Z,3,30,1,NA,NA,NA,NA,NA,NA,NA,NA,NA,NA,NA,NA,NA,NA,NA,NA,NA,NA,NA,NA,NA,NA,NA,NA,NA,NA
JPSS1_20250802T114200_vs_HYPERNETS_20250802T120000_RHOW_R.csv,THFR,Hyp,JPSS1,3.6641600000000003,43.43485999999999,3.69182,43.422157000000006,2.65,2.25,2025-08-02T10:00:00Z,2025-08-02T09:42:00Z,18,30,1,NA,NA,NA,NA,NA,NA,NA,NA,NA,NA,NA,NA,NA,NA,NA,NA,NA,NA,NA,NA,NA,NA,NA,NA,NA,NA
JPSS1_20250803T130000_vs_HYPERNETS_20250803T133000_RHOW_R.csv,THFR,Hyp,JPSS1,3.6641600000000003,43.43485999999999,3.6874890000000002,43.421516000000004,2.4,2.25,2025-08-03T11:30:00Z,2025-08-03T11:00:00Z,30,30,1,NA,NA,NA,NA,NA,NA,NA,NA,NA,NA,NA,NA,NA,NA,NA,NA,NA,NA,NA,NA,NA,NA,NA,NA,NA,NA
JPSS1_20250821T122400_vs_HYPERNETS_20250821T121500_RHOW_R.csv,THFR,Hyp,JPSS1,3.6641600000000003,43.43485999999999,3.6924149999999996,43.42477,2.55,2.25,2025-08-21T10:15:00Z,2025-08-21T10:24:00Z,9,30,2,3.7896,13.2197,NA,3.7896,NA,NA,-0.024438,NA,NA,NA,NA,0.004605,0.004178,60.6289,-0.768705,-0.606289,-0.443873,0.443873,0.606289,0.768705,-707.8385,-349.5025,-150.1149,150.1149,349.5025,707.8385
JPSS1_20250821T122400_vs_HYPERNETS_20250821T123000_RHOW_R.csv,THFR,Hyp,JPSS1,3.6641600000000003,43.43485999999999,3.6924149999999996,43.42477,2.55,2.25,2025-08-21T10:30:00Z,2025-08-21T10:24:00Z,6,30,2,3.5211,11.8128,NA,3.5211,NA,NA,-0.021528,NA,NA,NA,NA,0.004336,0.003905,59.4301,-0.760916,-0.594301,-0.427687,0.427687,0.594301,0.760916,-672.2033,-332.1361,-141.8296,141.8296,332.1361,672.2033
JPSS1_20250821T122400_vs_HYPERNETS_20250821T124500_RHOW_R.csv,THFR,Hyp,JPSS1,3.6641600000000003,43.43485999999999,3.6924149999999996,43.42477,2.55,2.25,2025-08-21T10:45:00Z,2025-08-21T10:24:00Z,21,30,2,3.5391,11.9219,NA,3.5391,NA,NA,-0.021753,NA,NA,NA,NA,0.004363,0.003933,59.5646,-0.761773,-0.595646,-0.429519,0.429519,0.595646,0.761773,-675.778,-333.9233,-142.7105,142.7105,333.9233,675.778
JPSS1_20250824T130601_vs_HYPERNETS_20250824T124500_RHOW_R.csv,THFR,Hyp,JPSS1,3.6641600000000003,43.43485999999999,3.690497,43.42577000000001,2.36,2.25,2025-08-24T10:45:00Z,2025-08-24T11:06:01Z,21,30,3,1.0063,1.9489,0.1103,1.0904,10.7826,-0.058777,-0.002713,0.002956,NA,FALSE,FALSE,0.002461,0.00219,49.6484,-0.68045,-0.565206,-0.346878,0.346878,0.565206,0.68045,-235.5199,-129.994,-62.4565,62.4565,129.994,235.5199
JPSS1_20250824T130601_vs_HYPERNETS_20250824T130000_RHOW_R.csv,THFR,Hyp,JPSS1,3.6641600000000003,43.43485999999999,3.690497,43.42577000000001,2.36,2.25,2025-08-24T11:00:00Z,2025-08-24T11:06:01Z,6,30,3,0.9976,2.0456,0.1133,1.0732,10.1659,-0.057751,-0.002882,0.00291,NA,FALSE,FALSE,0.002666,0.00244,51.7827,-0.695812,-0.577742,-0.3698,0.3698,0.577742,0.695812,-256.7113,-136.822,-68.0939,68.0939,136.822,256.7113
JPSS1_20250824T130601_vs_HYPERNETS_20250824T131500_RHOW_R.csv,THFR,Hyp,JPSS1,3.6641600000000003,43.43485999999999,3.690497,43.42577000000001,2.36,2.25,2025-08-24T11:15:00Z,2025-08-24T11:06:01Z,9,30,3,0.9861,1.9866,0.12,1.0482,9.1575,-0.051251,-0.002684,0.002875,NA,FALSE,FALSE,0.002591,0.002395,51.545,-0.687441,-0.568345,-0.369906,0.369906,0.568345,0.687441,-246.0459,-131.6663,-67.2155,67.2155,131.6663,246.0459
JPSS1_20250824T130601_vs_HYPERNETS_20250824T133000_RHOW_R.csv,THFR,Hyp,JPSS1,3.6641600000000003,43.43485999999999,3.690497,43.42577000000001,2.36,2.25,2025-08-24T11:30:00Z,2025-08-24T11:06:01Z,24,30,3,0.9621,1.9087,0.1205,1.0184,8.605,-0.047826,-0.002491,0.002874,NA,FALSE,FALSE,0.002568,0.002382,51.4695,-0.681482,-0.565583,-0.373352,0.373352,0.565583,0.681482,-237.0593,-130.1934,-67.6627,67.6627,130.1934,237.0593
JPSS1_20250830T125401_vs_HYPERNETS_20250830T124500_RHOW_R.csv,THFR,Hyp,JPSS1,3.6641600000000003,43.43485999999999,3.690422,43.42273300000001,2.52,2.25,2025-08-30T10:45:00Z,2025-08-30T10:54:01Z,9,30,2,1.3928,3.1465,NA,1.3928,NA,NA,-0.007309,NA,NA,NA,NA,0.004225,0.004202,55.0136,-0.616831,-0.550136,-0.48344,0.48344,0.550136,0.616831,-171.1954,-132.7566,-99.7661,99.7661,132.7566,171.1954
JPSS1_20250830T125401_vs_HYPERNETS_20250830T130000_RHOW_R.csv,THFR,Hyp,JPSS1,3.6641600000000003,43.43485999999999,3.690422,43.42273300000001,2.52,2.25,2025-08-30T11:00:00Z,2025-08-30T10:54:01Z,6,30,2,1.6494,3.6962,NA,1.6494,NA,NA,-0.009209,NA,NA,NA,NA,0.004169,0.004124,54.3967,-0.615953,-0.543967,-0.47198,0.47198,0.543967,0.615953,-172.1333,-131.1014,-96.2563,96.2563,131.1014,172.1333
JPSS1_20250830T125401_vs_HYPERNETS_20250830T131500_RHOW_R.csv,THFR,Hyp,JPSS1,3.6641600000000003,43.43485999999999,3.690422,43.42273300000001,2.52,2.25,2025-08-30T11:15:00Z,2025-08-30T10:54:01Z,21,30,2,1.7343,3.8131,NA,1.7343,NA,NA,-0.009613,NA,NA,NA,NA,0.004028,0.003974,53.4719,-0.608942,-0.53471900000000006,-0.460496,0.460496,0.53471900000000006,0.608942,-167.5356,-126.7754,-92.2251,92.2251,126.7754,167.5356
JPSS1_20250831T123601_vs_HYPERNETS_20250831T121500_RHOW_R.csv,THFR,Hyp,JPSS1,3.6641600000000003,43.43485999999999,3.6875340000000008,43.423347,2.28,2.25,2025-08-31T10:15:00Z,2025-08-31T10:36:01Z,21,30,2,1.6914,3.9797,NA,1.6914,NA,NA,-0.011149,NA,NA,NA,NA,0.004984,0.004936,56.4815,-0.634536,-0.564815,-0.495094,0.495094,0.564815,0.634536,-186.3964,-142.577,-105.4621,105.4621,142.577,186.3964
JPSS1_20250831T123601_vs_HYPERNETS_20250831T123000_RHOW_R.csv,THFR,Hyp,JPSS1,3.6641600000000003,43.43485999999999,3.6875340000000008,43.423347,2.28,2.25,2025-08-31T10:30:00Z,2025-08-31T10:36:01Z,6,30,2,1.4963,3.5936,NA,1.4963,NA,NA,-0.009687,NA,NA,NA,NA,0.005161,0.005131,57.506100000000004,-0.640848,-0.575061,-0.509273,0.509273,0.575061,0.640848,-190.453,-147.4905,-110.8827,110.8827,147.4905,190.453
JPSS1_20250831T123601_vs_HYPERNETS_20250831T124500_RHOW_R.csv,THFR,Hyp,JPSS1,3.6641600000000003,43.43485999999999,3.6875340000000008,43.423347,2.28,2.25,2025-08-31T10:45:00Z,2025-08-31T10:36:01Z,9,30,2,1.6561,3.8349,NA,1.6561,NA,NA,-0.010601,NA,NA,NA,NA,0.004843,0.004797,55.8337,-0.62826,-0.558337,-0.488413,0.488413,0.558337,0.62826,-181.2246,-138.6986,-102.6032,102.6032,138.6986,181.2246
JPSS1_20250905T124200_vs_HYPERNETS_20250905T121500_RHOW_R.csv,THFR,Hyp,JPSS1,3.6641600000000003,43.43485999999999,3.6898210000000002,43.424957,2.35,2.25,2025-09-05T10:15:00Z,2025-09-05T10:42:00Z,27,30,3,0.8396,1.6076,0.0886,0.9178,9.5095,-0.059918,-0.002604,0.002928,NA,FALSE,FALSE,0.003365,0.003152,54.4716,-0.68068,-0.648259,-0.460523,0.460523,0.648259,0.68068,-214.7919,-184.3,-97.7232,97.7232,184.3,214.7919
JPSS1_20250905T124200_vs_HYPERNETS_20250905T123000_RHOW_R.csv,THFR,Hyp,JPSS1,3.6641600000000003,43.43485999999999,3.6898210000000002,43.424957,2.35,2.25,2025-09-05T10:30:00Z,2025-09-05T10:42:00Z,12,30,3,0.8267,1.6068,0.0869,0.9045,9.415,-0.060248,-0.002607,0.00293,NA,FALSE,FALSE,0.003469,0.003254,55.1495,-0.685638,-0.653938,-0.468574,0.468574,0.653938,0.685638,-219.7342,-188.9653,-100.7829,100.7829,188.9653,219.7342
JPSS1_20250905T124200_vs_HYPERNETS_20250905T124500_RHOW_R.csv,THFR,Hyp,JPSS1,3.6641600000000003,43.43485999999999,3.6898210000000002,43.424957,2.35,2.25,2025-09-05T10:45:00Z,2025-09-05T10:42:00Z,3,30,3,0.8483,1.5851,0.0943,0.9164,8.9051,-0.054679,-0.002471,0.002902,NA,FALSE,FALSE,0.003213,0.003017,53.564,-0.669246,-0.635994,-0.452212,0.452212,0.635994,0.669246,-203.8787,-174.7206,-93.7839,93.7839,174.7206,203.8787
JPSS1_20250905T124200_vs_HYPERNETS_20250905T130000_RHOW_R.csv,THFR,Hyp,JPSS1,3.6641600000000003,43.43485999999999,3.6898210000000002,43.424957,2.35,2.25,2025-09-05T11:00:00Z,2025-09-05T10:42:00Z,18,30,3,0.8524,1.6146,0.0959,0.9187,8.7984000000000009,-0.054427,-0.002532,0.002887,NA,FALSE,FALSE,0.003254,0.003067,53.997,-0.673591,-0.637254,-0.454991,0.454991,0.637254,0.673591,-208.2806,-175.6751,-94.6929,94.6929,175.6751,208.2806
JPSS1_20250906T122401_vs_HYPERNETS_20250906T120000_RHOW_R.csv,THFR,Hyp,JPSS1,3.6641600000000003,43.43485999999999,3.6918589999999996,43.423569,2.57,2.25,2025-09-06T10:00:00Z,2025-09-06T10:24:01Z,24,30,5,1.433,1.8913,0.7624,1.5952,3.338,-0.012896,-0.003585,8.65e-4,NA,FALSE,FALSE,0.00193,0.001432,32.5085,-0.175261,0.018188,0.219,0.175261,0.219,0.227914,-21.2504,1.8188,21.9,21.2504,21.9,22.7914
JPSS1_20250906T122401_vs_HYPERNETS_20250906T121500_RHOW_R.csv,THFR,Hyp,JPSS1,3.6641600000000003,43.43485999999999,3.6918589999999996,43.423569,2.57,2.25,2025-09-06T10:15:00Z,2025-09-06T10:24:01Z,9,30,5,1.4402,1.9686,0.7855,1.5809,3.1819,-0.011624,-0.003291,8.5e-4,NA,FALSE,FALSE,0.001838,0.001396,33.0438,-0.142525,0.039704,0.226449,0.142525,0.226449,0.259485,-16.6214,3.9704,22.6449,16.6214,22.6449,25.9485
JPSS1_20250906T122401_vs_HYPERNETS_20250906T123000_RHOW_R.csv,THFR,Hyp,JPSS1,3.6641600000000003,43.43485999999999,3.6918589999999996,43.423569,2.57,2.25,2025-09-06T10:30:00Z,2025-09-06T10:24:01Z,6,30,5,1.4138,1.8607,0.7433,1.586,3.3838,-0.013642,-0.00377,8.57e-4,NA,FALSE,FALSE,0.001989,0.00144,31.6168,-0.204237,-0.002977,0.189247,0.189247,0.198606,0.204237,-25.6655,-0.2986,18.9247,18.9247,19.8606,25.6655
JPSS1_20250906T122401_vs_HYPERNETS_20250906T124500_RHOW_R.csv,THFR,Hyp,JPSS1,3.6641600000000003,43.43485999999999,3.6918589999999996,43.423569,2.57,2.25,2025-09-06T10:45:00Z,2025-09-06T10:24:01Z,21,30,5,1.4428,1.8568,0.7628,1.6125,3.4088,-0.013167,-0.003626,8.87e-4,NA,FALSE,FALSE,0.001952,0.001467,33.2322,-0.175544,0.026326,0.230245,0.175544,0.230245,0.244402,-21.2921,2.6326,23.0245,21.2921,23.0245,24.4402
JPSS1_20250911T123000_vs_HYPERNETS_20250911T124500_RHOW_R.csv,THFR,Hyp,JPSS1,3.6641600000000003,43.43485999999999,3.69262,43.427124,2.46,2.25,2025-09-11T10:45:00Z,2025-09-11T10:30:00Z,15,30,2,2.6085,7.3478,NA,2.6085,NA,NA,-0.009865,NA,NA,NA,NA,0.002748,0.002676,61.5503,-0.712285,-0.615503,-0.51872,0.51872,0.615503,0.712285,-297.0516,-201.0046,-128.1914,128.1914,201.0046,297.0516
JPSS1_20250922T122400_vs_HYPERNETS_20250922T120000_RHOW_R.csv,THFR,Hyp,JPSS1,3.6641600000000003,43.43485999999999,3.693001,43.42408,2.62,2.25,2025-09-22T10:00:00Z,2025-09-22T10:24:00Z,24,30,4,0.9147,1.2102,0.4016,0.9683,2.3348,-0.012093,-0.002339,0.001706,NA,FALSE,FALSE,0.002761,0.002565,39.8573,-0.468851,-0.37857,-0.308292,0.308292,0.37857,0.468851,-92.8763,-61.0968,-45.285,45.285,61.0968,92.8763
JPSS1_20250922T122400_vs_HYPERNETS_20250922T121500_RHOW_R.csv,THFR,Hyp,JPSS1,3.6641600000000003,43.43485999999999,3.693001,43.42408,2.62,2.25,2025-09-22T10:15:00Z,2025-09-22T10:24:00Z,9,30,4,0.9281,1.1923,0.3876,0.9937,2.5473,-0.01348,-0.00247,0.001826,NA,FALSE,FALSE,0.002743,0.002514,39.2655,-0.469274,-0.371808,-0.295189,0.295189,0.371808,0.469274,-93.4214,-59.4232,-42.6019,42.6019,59.4232,93.4214
JPSS1_20250922T122400_vs_HYPERNETS_20250922T123000_RHOW_R.csv,THFR,Hyp,JPSS1,3.6641600000000003,43.43485999999999,3.693001,43.42408,2.62,2.25,2025-09-22T10:30:00Z,2025-09-22T10:24:00Z,6,30,4,0.9229,1.241,0.3998,0.9798,2.401,-0.012822,-0.002525,0.001676,NA,FALSE,FALSE,0.002866,0.002672,40.957,-0.47612,-0.393753,-0.327203,0.327203,0.393753,0.47612,-95.8939,-65.0408,-49.6126,49.6126,65.0408,95.8939
JPSS1_20250922T122400_vs_HYPERNETS_20250922T124500_RHOW_R.csv,THFR,Hyp,JPSS1,3.6641600000000003,43.43485999999999,3.693001,43.42408,2.62,2.25,2025-09-22T10:45:00Z,2025-09-22T10:24:00Z,21,30,4,0.9306,1.2132,0.4086,0.9851,2.3752,-0.012133,-0.002356,0.001699,NA,FALSE,FALSE,0.00266,0.002461,38.9883,-0.460243,-0.369496,-0.299136,0.299136,0.369496,0.460243,-89.8799,-58.7618,-43.4049,43.4049,58.7618,89.8799
JPSS1_20251011T130600_vs_HYPERNETS_20251011T124500_RHOW_R.csv,THFR,Hyp,JPSS1,3.6641600000000003,43.43485999999999,3.693439,43.425426,2.59,2.25,2025-10-11T10:45:00Z,2025-10-11T11:06:00Z,21,30,3,0.93,3.1035,0.1105,0.9924,8.9119,-0.063013,-0.003397,0.003242,NA,FALSE,FALSE,0.003698,0.003454,60.6357,-0.798889,-0.629639,-0.425466,0.425466,0.629639,0.798889,-820.5836,-170.0066,-86.2088,86.2088,170.0066,820.5836
JPSS1_20251011T130600_vs_HYPERNETS_20251011T130000_RHOW_R.csv,THFR,Hyp,JPSS1,3.6641600000000003,43.43485999999999,3.693439,43.425426,2.59,2.25,2025-10-11T11:00:00Z,2025-10-11T11:06:00Z,6,30,3,0.8889,2.9363,0.1022,0.9541,8.9073,-0.063643,-0.00318,0.003297,NA,FALSE,FALSE,0.003801,0.003529,61.2491,-0.802029,-0.637934,-0.435675,0.435675,0.637934,0.802029,-802.9543,-176.1925,-89.813,89.813,176.1925,802.9543
JPSS1_20251011T130600_vs_HYPERNETS_20251011T131500_RHOW_R.csv,THFR,Hyp,JPSS1,3.6641600000000003,43.43485999999999,3.693439,43.425426,2.59,2.25,2025-10-11T11:15:00Z,2025-10-11T11:06:00Z,9,30,3,0.8882,3.1261,0.1001,0.9568,9.1403,-0.068183,-0.00349,0.003282,NA,FALSE,FALSE,0.004095,0.003832,62.3924,-0.810955,-0.652025,-0.450944,0.450944,0.652025,0.810955,-876.8523,-187.3768,-95.7293,95.7293,187.3768,876.8523
JPSS1_20251011T130600_vs_HYPERNETS_20251011T133000_RHOW_R.csv,THFR,Hyp,JPSS1,3.6641600000000003,43.43485999999999,3.693439,43.425426,2.59,2.25,2025-10-11T11:30:00Z,2025-10-11T11:06:00Z,24,30,3,0.8671,3.067,0.0963,0.937,9.1168,-0.068806,-0.003417,0.003304,NA,FALSE,FALSE,0.004197,0.00392,62.8765,-0.813675,-0.657851,-0.458397,0.458397,0.657851,0.813675,-878.9043,-192.2701,-98.5943,98.5943,192.2701,878.9043
JPSS1_20251012T124800_vs_HYPERNETS_20251012T123000_RHOW_R.csv,THFR,Hyp,JPSS1,3.6641600000000003,43.43485999999999,3.6932,43.421329,2.79,2.25,2025-10-12T10:30:00Z,2025-10-12T10:48:00Z,18,30,4,1.0857,1.231,0.4798,1.1478,2.7455,-0.013678,-0.002687,0.001908,NA,FALSE,FALSE,0.002151,0.00167,32.3489,-0.429266,-0.324807,-0.21903,0.21903,0.324807,0.429266,-80.3905,-48.2849,-29.5509,29.5509,48.2849,80.3905
JPSS1_20251012T124800_vs_HYPERNETS_20251012T130000_RHOW_R.csv,THFR,Hyp,JPSS1,3.6641600000000003,43.43485999999999,3.6932,43.421329,2.79,2.25,2025-10-12T11:00:00Z,2025-10-12T10:48:00Z,12,30,4,1.0964,1.3312,0.4709,1.1661,2.8873,-0.015466,-0.003141,0.001837,NA,FALSE,FALSE,0.002418,0.001952,35.9529,-0.497775,-0.380936,-0.24269,0.24269,0.380936,0.497775,-103.5546,-62.3337,-33.8843,33.8843,62.3337,103.5546
JPSS1_20251012T124800_vs_HYPERNETS_20251012T131500_RHOW_R.csv,THFR,Hyp,JPSS1,3.6641600000000003,43.43485999999999,3.6932,43.421329,2.79,2.25,2025-10-12T11:15:00Z,2025-10-12T10:48:00Z,27,30,4,1.0933,1.3043,0.4655,1.1651,2.9162,-0.015509,-0.003069,0.001902,NA,FALSE,FALSE,0.002383,0.001896,35.2094,-0.483288,-0.370686,-0.239492,0.239492,0.370686,0.483288,-98.2576,-59.4738,-33.3576,33.3576,59.4738,98.2576
JPSS1_20251013T123001_vs_HYPERNETS_20251013T121500_RHOW_R.csv,THFR,Hyp,JPSS1,3.6641600000000003,43.43485999999999,3.691598,43.424278,2.51,2.25,2025-10-13T10:15:00Z,2025-10-13T10:30:01Z,15,30,1,NA,NA,NA,NA,NA,NA,NA,NA,NA,NA,NA,NA,NA,NA,NA,NA,NA,NA,NA,NA,NA,NA,NA,NA,NA,NA
JPSS1_20251013T123001_vs_HYPERNETS_20251013T123000_RHOW_R.csv,THFR,Hyp,JPSS1,3.6641600000000003,43.43485999999999,3.691598,43.424278,2.51,2.25,2025-10-13T10:30:00Z,2025-10-13T10:30:01Z,0,30,1,NA,NA,NA,NA,NA,NA,NA,NA,NA,NA,NA,NA,NA,NA,NA,NA,NA,NA,NA,NA,NA,NA,NA,NA,NA,NA
JPSS1_20251013T123001_vs_HYPERNETS_20251013T124500_RHOW_R.csv,THFR,Hyp,JPSS1,3.6641600000000003,43.43485999999999,3.691598,43.424278,2.51,2.25,2025-10-13T10:45:00Z,2025-10-13T10:30:01Z,15,30,1,NA,NA,NA,NA,NA,NA,NA,NA,NA,NA,NA,NA,NA,NA,NA,NA,NA,NA,NA,NA,NA,NA,NA,NA,NA,NA
JPSS1_20251013T123001_vs_HYPERNETS_20251013T130000_RHOW_R.csv,THFR,Hyp,JPSS1,3.6641600000000003,43.43485999999999,3.691598,43.424278,2.51,2.25,2025-10-13T11:00:00Z,2025-10-13T10:30:01Z,30,30,1,NA,NA,NA,NA,NA,NA,NA,NA,NA,NA,NA,NA,NA,NA,NA,NA,NA,NA,NA,NA,NA,NA,NA,NA,NA,NA
JPSS1_20251017T125400_vs_HYPERNETS_20251017T123000_RHOW_R.csv,THFR,Hyp,JPSS1,3.6641600000000003,43.43485999999999,3.69322,43.426849,2.51,2.25,2025-10-17T10:30:00Z,2025-10-17T10:54:00Z,24,30,1,NA,NA,NA,NA,NA,NA,NA,NA,NA,NA,NA,NA,NA,NA,NA,NA,NA,NA,NA,NA,NA,NA,NA,NA,NA,NA
JPSS1_20251017T125400_vs_HYPERNETS_20251017T124500_RHOW_R.csv,THFR,Hyp,JPSS1,3.6641600000000003,43.43485999999999,3.69322,43.426849,2.51,2.25,2025-10-17T10:45:00Z,2025-10-17T10:54:00Z,9,30,1,NA,NA,NA,NA,NA,NA,NA,NA,NA,NA,NA,NA,NA,NA,NA,NA,NA,NA,NA,NA,NA,NA,NA,NA,NA,NA
JPSS1_20251017T125400_vs_HYPERNETS_20251017T130000_RHOW_R.csv,THFR,Hyp,JPSS1,3.6641600000000003,43.43485999999999,3.69322,43.426849,2.51,2.25,2025-10-17T11:00:00Z,2025-10-17T10:54:00Z,6,30,1,NA,NA,NA,NA,NA,NA,NA,NA,NA,NA,NA,NA,NA,NA,NA,NA,NA,NA,NA,NA,NA,NA,NA,NA,NA,NA
JPSS1_20251017T125400_vs_HYPERNETS_20251017T131500_RHOW_R.csv,THFR,Hyp,JPSS1,3.6641600000000003,43.43485999999999,3.69322,43.426849,2.51,2.25,2025-10-17T11:15:00Z,2025-10-17T10:54:00Z,21,30,1,NA,NA,NA,NA,NA,NA,NA,NA,NA,NA,NA,NA,NA,NA,NA,NA,NA,NA,NA,NA,NA,NA,NA,NA,NA,NA
JPSS1_20251027T130601_vs_HYPERNETS_20251027T124500_RHOW_R.csv,THFR,Hyp,JPSS1,3.6641600000000003,43.43485999999999,3.6875850000000003,43.421574,2.4,2.25,2025-10-27T11:45:00Z,2025-10-27T12:06:01Z,21,30,2,2.1953,6.6239,NA,2.1953,NA,NA,-0.017395,NA,NA,NA,NA,0.005988,0.00582,62.8,-0.739012,-0.628,-0.516988,0.516988,0.628,0.739012,-372.6413,-235.0322,-137.4879,137.4879,235.0322,372.6413
JPSS1_20251027T130601_vs_HYPERNETS_20251027T130000_RHOW_R.csv,THFR,Hyp,JPSS1,3.6641600000000003,43.43485999999999,3.6875850000000003,43.421574,2.4,2.25,2025-10-27T12:00:00Z,2025-10-27T12:06:01Z,6,30,2,2.0254,5.576,NA,2.0254,NA,NA,-0.014068,NA,NA,NA,NA,0.005159,0.004989,59.7367,-0.714499,-0.597367,-0.480236,0.480236,0.597367,0.714499,-325.8782,-205.3754,-118.9691,118.9691,205.3754,325.8782
JPSS1_20251027T130601_vs_HYPERNETS_20251027T131500_RHOW_R.csv,THFR,Hyp,JPSS1,3.6641600000000003,43.43485999999999,3.6875850000000003,43.421574,2.4,2.25,2025-10-27T12:15:00Z,2025-10-27T12:06:01Z,9,30,2,2.0055,5.6349,NA,2.0055,NA,NA,-0.014255,NA,NA,NA,NA,0.005331,0.005171,60.5189,-0.720243,-0.605189,-0.490134,0.490134,0.605189,0.720243,-335.0303,-211.7009,-123.3349,123.3349,211.7009,335.0303
JPSS1_20251027T130601_vs_HYPERNETS_20251027T133000_RHOW_R.csv,THFR,Hyp,JPSS1,3.6641600000000003,43.43485999999999,3.6875850000000003,43.421574,2.4,2.25,2025-10-27T12:30:00Z,2025-10-27T12:06:01Z,24,30,2,2.0264,5.5896,NA,2.0264,NA,NA,-0.014111,NA,NA,NA,NA,0.005175,0.005006,59.8073,-0.715046,-0.598073,-0.4811,0.4811,0.598073,0.715046,-326.7894,-205.9747,-119.36,119.36,205.9747,326.7894
JPSS1_20251030T121200_vs_HYPERNETS_20251030T114500_RHOW_R.csv,THFR,Hyp,JPSS1,3.6641600000000003,43.43485999999999,3.686145,43.421719,2.3,2.25,2025-10-30T10:45:00Z,2025-10-30T11:12:00Z,27,30,2,2.136,8.4253,NA,2.136,NA,NA,-0.021572,NA,NA,NA,NA,0.008366,0.008299,72.2041,-0.795607,-0.722041,-0.648476,0.648476,0.722041,0.795607,-469.3168,-324.0424,-215.8381,215.8381,324.0424,469.3168
JPSS1_20251030T121200_vs_HYPERNETS_20251030T121500_RHOW_R.csv,THFR,Hyp,JPSS1,3.6641600000000003,43.43485999999999,3.686145,43.421719,2.3,2.25,2025-10-30T11:15:00Z,2025-10-30T11:12:00Z,3,30,2,2.1578,8.3901,NA,2.1578,NA,NA,-0.021468,NA,NA,NA,NA,0.008202,0.008134,71.8081,-0.792661,-0.718081,-0.643502,0.643502,0.718081,0.792661,-461.1276,-318.0125,-211.3988,211.3988,318.0125,461.1276
JPSS1_20251030T121200_vs_HYPERNETS_20251030T123000_RHOW_R.csv,THFR,Hyp,JPSS1,3.6641600000000003,43.43485999999999,3.686145,43.421719,2.3,2.25,2025-10-30T11:30:00Z,2025-10-30T11:12:00Z,18,30,2,2.1596,8.4889,NA,2.1596,NA,NA,-0.021759,NA,NA,NA,NA,0.008327,0.008259,72.0993,-0.794895,-0.720993,-0.64709,0.64709,0.720993,0.794895,-467.5242,-322.5817,-214.6566,214.6566,322.5817,467.5242
JPSS1_20251103T123600_vs_HYPERNETS_20251103T121500_RHOW_R.csv,THFR,Hyp,JPSS1,3.6641600000000003,43.43485999999999,3.689406,43.423187,2.42,2.25,2025-11-03T11:15:00Z,2025-11-03T11:36:00Z,21,30,2,1.9488,4.8664,NA,1.9488,NA,NA,-0.010307,NA,NA,NA,NA,0.003886,0.003804,57.788,-0.671414,-0.57788,-0.484346,0.484346,0.57788,0.671414,-235.304,-164.2664,-108.2789,108.2789,164.2664,235.304
JPSS1_20251103T123600_vs_HYPERNETS_20251103T123000_RHOW_R.csv,THFR,Hyp,JPSS1,3.6641600000000003,43.43485999999999,3.689406,43.423187,2.42,2.25,2025-11-03T11:30:00Z,2025-11-03T11:36:00Z,6,30,2,2.0124,5.1181,NA,2.0124,NA,NA,-0.010991,NA,NA,NA,NA,0.004013,0.003927,58.4526,-0.677595,-0.584526,-0.491456,0.491456,0.584526,0.677595,-242.624,-169.2192,-111.5409,111.5409,169.2192,242.624
JPSS1_20251103T123600_vs_HYPERNETS_20251103T124500_RHOW_R.csv,THFR,Hyp,JPSS1,3.6641600000000003,43.43485999999999,3.689406,43.423187,2.42,2.25,2025-11-03T11:45:00Z,2025-11-03T11:36:00Z,9,30,2,2.0495,4.9618,NA,2.0495,NA,NA,-0.010567,NA,NA,NA,NA,0.00369,0.003594,56.4194,-0.661175,-0.564194,-0.467214,0.467214,0.564194,0.661175,-225.5015,-156.2372,-101.7118,101.7118,156.2372,225.5015
JPSS1_20251103T123600_vs_HYPERNETS_20251103T130000_RHOW_R.csv,THFR,Hyp,JPSS1,3.6641600000000003,43.43485999999999,3.689406,43.423187,2.42,2.25,2025-11-03T12:00:00Z,2025-11-03T11:36:00Z,24,30,2,1.8598,4.5047,NA,1.8598,NA,NA,-0.009325,NA,NA,NA,NA,0.003682,0.003604,56.6512,-0.660835,-0.566512,-0.472189,0.472189,0.566512,0.660835,-223.4924,-156.221,-102.939,102.939,156.221,223.4924
JPSS1_20251109T122400_vs_HYPERNETS_20251109T120000_RHOW_R.csv,THFR,Hyp,JPSS1,3.6641600000000003,43.43485999999999,3.6924789999999996,43.424229,2.58,2.25,2025-11-09T11:00:00Z,2025-11-09T11:24:00Z,24,30,3,0.7288,1.6359,0.0698,0.8203,9.638,-0.052378,-0.001733,0.002577,NA,FALSE,FALSE,0.003103,0.002765,58.3345,-0.73789,-0.664938,-0.469596,0.469596,0.664938,0.73789,-297.2139,-198.4518,-102.7893,102.7893,198.4518,297.2139
JPSS1_20251109T122400_vs_HYPERNETS_20251109T121500_RHOW_R.csv,THFR,Hyp,JPSS1,3.6641600000000003,43.43485999999999,3.6924789999999996,43.424229,2.58,2.25,2025-11-09T11:15:00Z,2025-11-09T11:24:00Z,9,30,3,0.7446,1.5878,0.0723,0.8343,9.6322,-0.050422,-0.001647,0.002578,NA,FALSE,FALSE,0.002903,0.002566,56.7467,-0.72355,-0.652154,-0.453727,0.453727,0.652154,0.72355,-274.4322,-187.4837,-96.479,96.479,187.4837,274.4322
JPSS1_20251109T122400_vs_HYPERNETS_20251109T123000_RHOW_R.csv,THFR,Hyp,JPSS1,3.6641600000000003,43.43485999999999,3.6924789999999996,43.424229,2.58,2.25,2025-11-09T11:30:00Z,2025-11-09T11:24:00Z,6,30,3,0.7835,1.5333,0.0803,0.8631,9.2819,-0.045359,-0.001516,0.00256,NA,FALSE,FALSE,0.00254,0.002229,53.9007,-0.696087,-0.623463,-0.424155,0.424155,0.623463,0.696087,-238.859,-165.5779,-85.0982,85.0982,165.5779,238.859
JPSS1_20251109T122400_vs_HYPERNETS_20251109T124500_RHOW_R.csv,THFR,Hyp,JPSS1,3.6641600000000003,43.43485999999999,3.6924789999999996,43.424229,2.58,2.25,2025-11-09T11:45:00Z,2025-11-09T11:24:00Z,21,30,3,0.7812,1.5932,0.079,0.8637,9.4372,-0.047244,-0.001618,0.002558,NA,FALSE,FALSE,0.002649,0.002343,55.0717,-0.709382,-0.631934,-0.43266,0.43266,0.631934,0.709382,-257.0044,-171.6901,-88.256,88.256,171.6901,257.0044
JPSS1_20251126T120601_vs_HYPERNETS_20251126T114500_RHOW_R.csv,THFR,Hyp,JPSS1,3.6641600000000003,43.43485999999999,3.692511,43.421181,2.75,2.25,2025-11-26T10:45:00Z,2025-11-26T11:06:01Z,21,30,4,0.4509,0.7515,0.175,0.4931,1.3897,-0.004243,8.36e-4,0.002637,NA,FALSE,FALSE,0.00255,0.002036,31.3155,-0.427849,-0.345457,-0.230764,0.230764,0.345457,0.427849,-74.9248,-53.6372,-30.6386,30.6386,53.6372,74.9248
JPSS1_20251126T120601_vs_HYPERNETS_20251126T120000_RHOW_R.csv,THFR,Hyp,JPSS1,3.6641600000000003,43.43485999999999,3.692511,43.421181,2.75,2.25,2025-11-26T11:00:00Z,2025-11-26T11:06:01Z,6,30,4,0.4495,0.7166,0.1747,0.4913,1.3817,-0.003947,9.35e-4,0.002671,NA,FALSE,FALSE,0.002412,0.001854,27.9274,-0.41595,-0.304771,-0.168095,0.168095,0.304771,0.41595,-71.3478,-45.2961,-20.5701,20.5701,45.2961,71.3478
JPSS1_20251126T120601_vs_HYPERNETS_20251126T121500_RHOW_R.csv,THFR,Hyp,JPSS1,3.6641600000000003,43.43485999999999,3.692511,43.421181,2.75,2.25,2025-11-26T11:15:00Z,2025-11-26T11:06:01Z,9,30,4,0.4601,0.733,0.1794,0.5025,1.4074,-0.004074,8.79e-4,0.002647,NA,FALSE,FALSE,0.002369,0.001844,28.3712,-0.409865,-0.30848,-0.182327,0.182327,0.30848,0.409865,-69.6125,-45.7629,-22.6989,22.6989,45.7629,69.6125
JPSS1_20251126T120601_vs_HYPERNETS_20251126T123000_RHOW_R.csv,THFR,Hyp,JPSS1,3.6641600000000003,43.43485999999999,3.692511,43.421181,2.75,2.25,2025-11-26T11:30:00Z,2025-11-26T11:06:01Z,24,30,4,0.4381,0.6214,0.1711,0.478,1.3355,-0.003159,0.001199,0.002759,NA,FALSE,FALSE,0.002168,0.001601,22.8599,-0.392832,-0.169222,0.048958,0.058937,0.223169,0.392832,-64.7735,-24.5394,4.8922,5.8901,31.2521,64.7735
JPSS1_20251205T123600_vs_HYPERNETS_20251205T121500_RHOW_R.csv,THFR,Hyp,JPSS1,3.6641600000000003,43.43485999999999,3.690561,43.426785,2.32,2.25,2025-12-05T11:15:00Z,2025-12-05T11:36:00Z,21,30,1,NA,NA,NA,NA,NA,NA,NA,NA,NA,NA,NA,NA,NA,NA,NA,NA,NA,NA,NA,NA,NA,NA,NA,NA,NA,NA
JPSS1_20251205T123600_vs_HYPERNETS_20251205T124500_RHOW_R.csv,THFR,Hyp,JPSS1,3.6641600000000003,43.43485999999999,3.690561,43.426785,2.32,2.25,2025-12-05T11:45:00Z,2025-12-05T11:36:00Z,9,30,1,NA,NA,NA,NA,NA,NA,NA,NA,NA,NA,NA,NA,NA,NA,NA,NA,NA,NA,NA,NA,NA,NA,NA,NA,NA,NA
JPSS1_20251205T123600_vs_HYPERNETS_20251205T130000_RHOW_R.csv,THFR,Hyp,JPSS1,3.6641600000000003,43.43485999999999,3.690561,43.426785,2.32,2.25,2025-12-05T12:00:00Z,2025-12-05T11:36:00Z,24,30,1,NA,NA,NA,NA,NA,NA,NA,NA,NA,NA,NA,NA,NA,NA,NA,NA,NA,NA,NA,NA,NA,NA,NA,NA,NA,NA
JPSS1_20251208T114201_vs_HYPERNETS_20251208T111500_RHOW_R.csv,THFR,Hyp,JPSS1,3.6641600000000003,43.43485999999999,3.6891040000000004,43.423187,2.4,2.25,2025-12-08T10:15:00Z,2025-12-08T10:42:01Z,27,30,1,NA,NA,NA,NA,NA,NA,NA,NA,NA,NA,NA,NA,NA,NA,NA,NA,NA,NA,NA,NA,NA,NA,NA,NA,NA,NA
JPSS1_20251208T114201_vs_HYPERNETS_20251208T113000_RHOW_R.csv,THFR,Hyp,JPSS1,3.6641600000000003,43.43485999999999,3.6891040000000004,43.423187,2.4,2.25,2025-12-08T10:30:00Z,2025-12-08T10:42:01Z,12,30,1,NA,NA,NA,NA,NA,NA,NA,NA,NA,NA,NA,NA,NA,NA,NA,NA,NA,NA,NA,NA,NA,NA,NA,NA,NA,NA
JPSS1_20251208T114201_vs_HYPERNETS_20251208T114500_RHOW_R.csv,THFR,Hyp,JPSS1,3.6641600000000003,43.43485999999999,3.6891040000000004,43.423187,2.4,2.25,2025-12-08T10:45:00Z,2025-12-08T10:42:01Z,3,30,1,NA,NA,NA,NA,NA,NA,NA,NA,NA,NA,NA,NA,NA,NA,NA,NA,NA,NA,NA,NA,NA,NA,NA,NA,NA,NA
JPSS1_20251208T114201_vs_HYPERNETS_20251208T120000_RHOW_R.csv,THFR,Hyp,JPSS1,3.6641600000000003,43.43485999999999,3.6891040000000004,43.423187,2.4,2.25,2025-12-08T11:00:00Z,2025-12-08T10:42:01Z,18,30,1,NA,NA,NA,NA,NA,NA,NA,NA,NA,NA,NA,NA,NA,NA,NA,NA,NA,NA,NA,NA,NA,NA,NA,NA,NA,NA
JPSS1_20251227T122401_vs_HYPERNETS_20251227T120000_RHOW_R.csv,THFR,Hyp,JPSS1,3.6641600000000003,43.43485999999999,3.6974489999999998,43.426243,2.86,2.25,2025-12-27T11:00:00Z,2025-12-27T11:24:01Z,24,30,3,0.3008,1.1398,0.0467,0.3112,2.074,-0.019921,-5.75e-4,0.002327,NA,FALSE,FALSE,0.008932,0.008134,75.3607,-0.779461,-0.779407,-0.740653,0.740653,0.779407,0.779461,-353.4338,-353.3237,-289.9618,289.9618,353.3237,353.4338
JPSS1_20251227T122401_vs_HYPERNETS_20251227T121500_RHOW_R.csv,THFR,Hyp,JPSS1,3.6641600000000003,43.43485999999999,3.6974489999999998,43.426243,2.86,2.25,2025-12-27T11:15:00Z,2025-12-27T11:24:01Z,9,30,3,0.2989,1.139,0.0467,0.3091,2.0435,-0.019717,-5.72e-4,0.002324,NA,FALSE,FALSE,0.009005,0.008199,75.5,-0.780524,-0.780465,-0.742209,0.742209,0.780465,0.780524,-355.6307,-355.5074,-292.2537,292.2537,355.5074,355.6307
JPSS1_20251229T114800_vs_HYPERNETS_20251229T113000_RHOW_C.csv,THFR,Hyp,JPSS1,3.6641600000000003,43.43485999999999,3.6873900000000006,43.422031000000004,2.36,2.25,2025-12-29T10:30:00Z,2025-12-29T10:48:00Z,18,30,4,0.6431,0.7624,0.2774,0.6833,1.6832,-0.006921,-9e-5,0.002684,NA,FALSE,FALSE,0.002634,0.002282,30.1733,-0.419906,-0.336974,-0.207992,0.218801,0.336974,0.419906,-73.1596,-51.2977,-27.8598,29.2344,51.2977,73.1596
JPSS1_20251229T114800_vs_HYPERNETS_20251229T114500_RHOW_C.csv,THFR,Hyp,JPSS1,3.6641600000000003,43.43485999999999,3.6873900000000006,43.422031000000004,2.36,2.25,2025-12-29T10:45:00Z,2025-12-29T10:48:00Z,3,30,4,0.6516,0.7665,0.2805,0.6927,1.7105,-0.00701,-1.14e-4,0.002679,NA,FALSE,FALSE,0.002567,0.002228,29.8458,-0.414659,-0.330152,-0.201786,0.213951,0.330152,0.414659,-71.647,-49.757,-26.7966,28.3298,49.757,71.647
JPSS1_20251229T114800_vs_HYPERNETS_20251229T120000_RHOW_C.csv,THFR,Hyp,JPSS1,3.6641600000000003,43.43485999999999,3.6873900000000006,43.422031000000004,2.36,2.25,2025-12-29T11:00:00Z,2025-12-29T10:48:00Z,12,30,4,0.686,0.7806,0.3063,0.7237,1.7098,-0.006414,-7.4e-5,0.002609,NA,FALSE,FALSE,0.002194,0.00193,28.1683,-0.378652,-0.296145,-0.167926,0.199177,0.296145,0.378652,-61.5926,-42.4553,-21.5747,25.3165,42.4553,61.5926
JPSS1_20251229T114800_vs_HYPERNETS_20251229T121500_RHOW_C.csv,THFR,Hyp,JPSS1,3.6641600000000003,43.43485999999999,3.6873900000000006,43.422031000000004,2.36,2.25,2025-12-29T11:15:00Z,2025-12-29T10:48:00Z,27,30,4,0.6979,0.787,0.3089,0.7375,1.7606,-0.006644,-1.22e-4,0.00261,NA,FALSE,FALSE,0.002129,0.001875,27.741,-0.373915,-0.287854,-0.160253,0.191349,0.287854,0.373915,-60.4264,-40.8179,-20.3506,24.0366,40.8179,60.4264
JPSS2_20250116T124200_vs_HYPERNETS_20250116T121600_RHOW_R.csv,THFR,Hyp,JPSS2,3.6641600000000003,43.43485999999999,3.691054,43.423374,2.52,2.25,2025-01-16T11:16:00Z,2025-01-16T11:42:00Z,26,30,0,NA,NA,NA,NA,NA,NA,NA,NA,NA,NA,NA,NA,NA,NA,NA,NA,NA,NA,NA,NA,NA,NA,NA,NA,NA,NA
JPSS2_20250116T124200_vs_HYPERNETS_20250116T123000_RHOW_R.csv,THFR,Hyp,JPSS2,3.6641600000000003,43.43485999999999,3.691054,43.423374,2.52,2.25,2025-01-16T11:30:00Z,2025-01-16T11:42:00Z,12,30,0,NA,NA,NA,NA,NA,NA,NA,NA,NA,NA,NA,NA,NA,NA,NA,NA,NA,NA,NA,NA,NA,NA,NA,NA,NA,NA
JPSS2_20250116T124200_vs_HYPERNETS_20250116T124500_RHOW_R.csv,THFR,Hyp,JPSS2,3.6641600000000003,43.43485999999999,3.691054,43.423374,2.52,2.25,2025-01-16T11:45:00Z,2025-01-16T11:42:00Z,3,30,0,NA,NA,NA,NA,NA,NA,NA,NA,NA,NA,NA,NA,NA,NA,NA,NA,NA,NA,NA,NA,NA,NA,NA,NA,NA,NA
JPSS2_20250116T124200_vs_HYPERNETS_20250116T130000_RHOW_R.csv,THFR,Hyp,JPSS2,3.6641600000000003,43.43485999999999,3.691054,43.423374,2.52,2.25,2025-01-16T12:00:00Z,2025-01-16T11:42:00Z,18,30,4,1.3419,1.2101,0.4965,1.4942,4.4968,-0.013968,-0.002134,0.001799,NA,FALSE,FALSE,0.001443,0.001183,31.5155,-0.331609,-0.166156,0.018467,0.205489,0.290581,0.400247,-54.4505,-20.4639,0.3823,26.3001,33.0252,55.512
JPSS2_20250131T130000_vs_HYPERNETS_20250131T124500_RHOW_R.csv,THFR,Hyp,JPSS2,3.6641600000000003,43.43485999999999,3.6839820000000003,43.418739,2.41,2.25,2025-01-31T11:45:00Z,2025-01-31T12:00:00Z,15,30,4,0.8336,1.1431,0.2924,0.9537,3.1107,-0.01074,-0.001596,0.001208,NA,FALSE,FALSE,0.002064,0.001792,47.8951,-0.571022,-0.462825,-0.370754,0.370754,0.462825,0.571022,-154.235,-86.3509,-61.393,61.393,86.3509,154.235
JPSS2_20250131T130000_vs_HYPERNETS_20250131T130000_RHOW_R.csv,THFR,Hyp,JPSS2,3.6641600000000003,43.43485999999999,3.6839820000000003,43.418739,2.41,2.25,2025-01-31T12:00:00Z,2025-01-31T12:00:00Z,0,30,4,0.797,1.1431,0.2664,0.944,3.3443,-0.012473,-0.001764,0.001259,NA,FALSE,FALSE,0.002317,0.002014,50.3545,-0.605944,-0.495435,-0.393036,0.393036,0.495435,0.605944,-177.6872,-98.6009,-67.6817,67.6817,98.6009,177.6872
JPSS2_20250131T130000_vs_HYPERNETS_20250131T131500_RHOW_R.csv,THFR,Hyp,JPSS2,3.6641600000000003,43.43485999999999,3.6839820000000003,43.418739,2.41,2.25,2025-01-31T12:15:00Z,2025-01-31T12:00:00Z,15,30,4,0.7889,1.1212,0.2591,0.9511,3.4915,-0.013157,-0.001803,0.001289,NA,FALSE,FALSE,0.002347,0.002022,50.1546,-0.603996,-0.493298,-0.390847,0.390847,0.493298,0.603996,-177.7296,-97.7159,-67.2083,67.2083,97.7159,177.7296
JPSS2_20250131T130000_vs_HYPERNETS_20250131T133000_RHOW_R.csv,THFR,Hyp,JPSS2,3.6641600000000003,43.43485999999999,3.6839820000000003,43.418739,2.41,2.25,2025-01-31T12:30:00Z,2025-01-31T12:00:00Z,30,30,4,0.782,1.1269,0.2557,0.9472,3.5087,-0.013387,-0.001827,0.001293,NA,FALSE,FALSE,0.002393,0.002065,50.6733,-0.611423,-0.500892,-0.396202,0.396202,0.500892,0.611423,-182.7657,-100.7768,-68.795,68.795,100.7768,182.7657
JPSS2_20250203T120600_vs_HYPERNETS_20250203T114500_RHOW_R.csv,THFR,Hyp,JPSS2,3.6641600000000003,43.43485999999999,3.692921,43.427485999999995,2.47,2.25,2025-02-03T10:45:00Z,2025-02-03T11:06:00Z,21,30,1,NA,NA,NA,NA,NA,NA,NA,NA,NA,NA,NA,NA,NA,NA,NA,NA,NA,NA,NA,NA,NA,NA,NA,NA,NA,NA
JPSS2_20250206T124800_vs_HYPERNETS_20250206T123000_RHOW_R.csv,THFR,Hyp,JPSS2,3.6641600000000003,43.43485999999999,3.690419,43.424236,2.43,2.25,2025-02-06T11:30:00Z,2025-02-06T11:48:00Z,18,30,1,NA,NA,NA,NA,NA,NA,NA,NA,NA,NA,NA,NA,NA,NA,NA,NA,NA,NA,NA,NA,NA,NA,NA,NA,NA,NA
JPSS2_20250206T124800_vs_HYPERNETS_20250206T124500_RHOW_R.csv,THFR,Hyp,JPSS2,3.6641600000000003,43.43485999999999,3.690419,43.424236,2.43,2.25,2025-02-06T11:45:00Z,2025-02-06T11:48:00Z,3,30,1,NA,NA,NA,NA,NA,NA,NA,NA,NA,NA,NA,NA,NA,NA,NA,NA,NA,NA,NA,NA,NA,NA,NA,NA,NA,NA
JPSS2_20250206T124800_vs_HYPERNETS_20250206T130000_RHOW_R.csv,THFR,Hyp,JPSS2,3.6641600000000003,43.43485999999999,3.690419,43.424236,2.43,2.25,2025-02-06T12:00:00Z,2025-02-06T11:48:00Z,12,30,1,NA,NA,NA,NA,NA,NA,NA,NA,NA,NA,NA,NA,NA,NA,NA,NA,NA,NA,NA,NA,NA,NA,NA,NA,NA,NA
JPSS2_20250206T124800_vs_HYPERNETS_20250206T131500_RHOW_R.csv,THFR,Hyp,JPSS2,3.6641600000000003,43.43485999999999,3.690419,43.424236,2.43,2.25,2025-02-06T12:15:00Z,2025-02-06T11:48:00Z,27,30,1,NA,NA,NA,NA,NA,NA,NA,NA,NA,NA,NA,NA,NA,NA,NA,NA,NA,NA,NA,NA,NA,NA,NA,NA,NA,NA
JPSS2_20250530T123000_vs_HYPERNETS_20250530T120000_RHOW_R.csv,THFR,Hyp,JPSS2,3.6641600000000003,43.43485999999999,3.6903040000000003,43.424004,2.43,2.25,2025-05-30T10:00:00Z,2025-05-30T10:30:00Z,30,30,5,1.3513,0.595,0.6461,1.8185,5.1179,-0.024162,-0.003092,0.004395,NA,FALSE,FALSE,0.003818,0.003591,72.8534,0.233652,0.409448,0.604434,0.409448,0.604434,0.66106,23.3652,40.9448,60.4434,40.9448,60.4434,173.4075
JPSS2_20250530T123000_vs_HYPERNETS_20250530T121500_RHOW_R.csv,THFR,Hyp,JPSS2,3.6641600000000003,43.43485999999999,3.6903040000000003,43.424004,2.43,2.25,2025-05-30T10:15:00Z,2025-05-30T10:30:00Z,15,30,5,1.4254,0.6543,0.6824,1.8473,5.0005,-0.022495,-0.002937,0.004288,NA,FALSE,FALSE,0.00385,0.00363,74.4329,0.278549,0.437929,0.632124,0.437929,0.632124,0.637308,27.8549,43.7929,63.2124,43.7929,63.2124,173.5737
JPSS2_20250530T123000_vs_HYPERNETS_20250530T123000_RHOW_R.csv,THFR,Hyp,JPSS2,3.6641600000000003,43.43485999999999,3.6903040000000003,43.424004,2.43,2.25,2025-05-30T10:30:00Z,2025-05-30T10:30:00Z,0,30,5,1.365,0.5778,0.6534,1.8647,5.3218,-0.024793,-0.003152,0.004431,NA,FALSE,FALSE,0.003935,0.003687,76.334,0.244434,0.430253,0.659113,0.430253,0.656371,0.659113,24.4434,43.0253,65.9113,43.0253,65.9113,182.653
JPSS2_20250530T123000_vs_HYPERNETS_20250530T124500_RHOW_R.csv,THFR,Hyp,JPSS2,3.6641600000000003,43.43485999999999,3.6903040000000003,43.424004,2.43,2.25,2025-05-30T10:45:00Z,2025-05-30T10:30:00Z,15,30,5,1.4717,0.5975,0.7036,1.9405,5.3517,-0.022549,-0.002745,0.004436,NA,FALSE,FALSE,0.004167,0.003922,87.0704,0.364709,0.526453,0.744881,0.526453,0.61776,0.744881,36.4709,52.6453,74.4881,52.6453,74.4881,161.6157
JPSS2_20250530T123000_vs_HYPERNETS_20250530T130000_RHOW_R.csv,THFR,Hyp,JPSS2,3.6641600000000003,43.43485999999999,3.6903040000000003,43.424004,2.43,2.25,2025-05-30T11:00:00Z,2025-05-30T10:30:00Z,30,30,5,1.5121,0.6109,0.7239,1.9611,5.3128,-0.021579,-0.00259,0.00442,NA,FALSE,FALSE,0.004235,0.003988,90.3479,0.405059,0.573833,0.758323,0.573833,0.602704,0.758323,40.5059,57.3833,75.8323,57.3833,75.8323,151.7016
JPSS2_20250610T122401_vs_HYPERNETS_20250610T120000_RHOW_R.csv,THFR,Hyp,JPSS2,3.6641600000000003,43.43485999999999,3.691696,43.423203,2.58,2.25,2025-06-10T10:00:00Z,2025-06-10T10:24:01Z,24,30,3,0.7249,1.7157,0.2555,0.7285,2.0774,-0.018517,-0.003353,0.001964,NA,FALSE,FALSE,0.006449,0.006405,58.6457,-0.632318,-0.5958,-0.545267,0.545267,0.5958,0.632318,-173.3254,-147.4024,-121.28,121.28,147.4024,173.3254
JPSS2_20250610T122401_vs_HYPERNETS_20250610T121500_RHOW_R.csv,THFR,Hyp,JPSS2,3.6641600000000003,43.43485999999999,3.691696,43.423203,2.58,2.25,2025-06-10T10:15:00Z,2025-06-10T10:24:01Z,9,30,3,0.7248,1.6139,0.2447,0.7287,2.1701,-0.018231,-0.00291,0.002235,NA,FALSE,FALSE,0.005842,0.005794,56.2142,-0.607187,-0.573197,-0.522625,0.522625,0.573197,0.607187,-155.5322,-134.3001,-110.6643,110.6643,134.3001,155.5322
JPSS2_20250610T122401_vs_HYPERNETS_20250610T123000_RHOW_R.csv,THFR,Hyp,JPSS2,3.6641600000000003,43.43485999999999,3.691696,43.423203,2.58,2.25,2025-06-10T10:30:00Z,2025-06-10T10:24:01Z,6,30,3,0.7568,1.7004,0.2299,0.7621,2.5266,-0.022242,-0.003332,0.002372,NA,FALSE,FALSE,0.005917,0.005881,56.6149,-0.61474,-0.57887,-0.523919,0.523919,0.57887,0.61474,-160.6973,-137.4564,-111.4615,111.4615,137.4564,160.6973
JPSS2_20250610T122401_vs_HYPERNETS_20250610T124500_RHOW_R.csv,THFR,Hyp,JPSS2,3.6641600000000003,43.43485999999999,3.691696,43.423203,2.58,2.25,2025-06-10T10:45:00Z,2025-06-10T10:24:01Z,21,30,3,0.7828,1.7026,0.2362,0.7885,2.6322,-0.022475,-0.003345,0.002386,NA,FALSE,FALSE,0.005569,0.00554,55.1873,-0.602198,-0.565151,-0.50818700000000006,0.50818700000000006,0.565151,0.602198,-152.4784,-129.9646,-104.7072,104.7072,129.9646,152.4784
JPSS2_20250619T125400_vs_HYPERNETS_20250619T123000_RHOW_R.csv,THFR,Hyp,JPSS2,3.6641600000000003,43.43485999999999,3.693428,43.420925000000004,2.83,2.25,2025-06-19T10:30:00Z,2025-06-19T10:54:00Z,24,30,2,2.2329,8.6188,NA,2.2329,NA,NA,-0.018737,NA,NA,NA,NA,0.006574,0.006353,66.7808,-0.79733,-0.667808,-0.538285,0.538285,0.667808,0.79733,-710.7942,-380.86130000000003,-185.1865,185.1865,380.86130000000003,710.7942
JPSS2_20250619T125400_vs_HYPERNETS_20250619T124500_RHOW_R.csv,THFR,Hyp,JPSS2,3.6641600000000003,43.43485999999999,3.693428,43.420925000000004,2.83,2.25,2025-06-19T10:45:00Z,2025-06-19T10:54:00Z,9,30,2,2.0975,8.2672,NA,2.0975,NA,NA,-0.017834,NA,NA,NA,NA,0.006763,0.006571,67.6057,-0.801991,-0.676057,-0.550123,0.550123,0.676057,0.801991,-725.2629,-390.8718,-191.9738,191.9738,390.8718,725.2629
JPSS2_20250619T125400_vs_HYPERNETS_20250619T130000_RHOW_R.csv,THFR,Hyp,JPSS2,3.6641600000000003,43.43485999999999,3.693428,43.420925000000004,2.83,2.25,2025-06-19T11:00:00Z,2025-06-19T10:54:00Z,6,30,2,2.0344,7.8992000000000004,NA,2.0344,NA,NA,-0.016889,NA,NA,NA,NA,0.00661,0.006425,67.2754,-0.799539,-0.672754,-0.545969,0.545969,0.672754,0.799539,-710.0195,-383.4121,-188.4958,188.4958,383.4121,710.0195
JPSS2_20250619T125400_vs_HYPERNETS_20250619T131500_RHOW_R.csv,THFR,Hyp,JPSS2,3.6641600000000003,43.43485999999999,3.693428,43.420925000000004,2.83,2.25,2025-06-19T11:15:00Z,2025-06-19T10:54:00Z,21,30,2,1.8959,7.3929,NA,1.8959,NA,NA,-0.01559,NA,NA,NA,NA,0.006637,0.006478,67.6546,-0.801194,-0.676546,-0.551898,0.551898,0.676546,0.801194,-708.8947,-385.221,-191.0632,191.0632,385.221,708.8947
JPSS2_20250626T122400_vs_HYPERNETS_20250626T120000_RHOW_R.csv,THFR,Hyp,JPSS2,3.6641600000000003,43.43485999999999,3.685672,43.420609,2.35,2.25,2025-06-26T10:00:00Z,2025-06-26T10:24:00Z,24,30,5,1.0565,0.3988,0.5762,1.1599,2.3351,0.005135,0.014456,0.019086,NA,FALSE,TRUE,0.015818,0.015724,231.4253,1.94802,2.489086,2.770347,1.94802,2.489086,2.770347,194.802,248.9086,277.0347,194.802,248.9086,277.0347
JPSS2_20250626T122400_vs_HYPERNETS_20250626T121500_RHOW_R.csv,THFR,Hyp,JPSS2,3.6641600000000003,43.43485999999999,3.685672,43.420609,2.35,2.25,2025-06-26T10:15:00Z,2025-06-26T10:24:00Z,9,30,5,1.0591,0.3856,0.574,1.1664,2.3703,0.005753,0.014846,0.019321,NA,FALSE,TRUE,0.016197,0.016103,251.5953,2.092474,2.792302,3.038578,2.092474,2.792302,3.038578,209.2474,279.2302,303.8578,209.2474,279.2302,303.8578
JPSS2_20250626T122400_vs_HYPERNETS_20250626T123000_RHOW_R.csv,THFR,Hyp,JPSS2,3.6641600000000003,43.43485999999999,3.685672,43.420609,2.35,2.25,2025-06-26T10:30:00Z,2025-06-26T10:24:00Z,6,30,5,1.0836,0.3895,0.5848,1.1962,2.4467,0.005475,0.014767,0.01931,NA,FALSE,TRUE,0.016322,0.016225,256.2214,2.161798,2.82695,3.101594,2.161798,2.82695,3.101594,216.1798,282.695,310.1594,216.1798,282.695,310.1594
JPSS2_20250626T122400_vs_HYPERNETS_20250626T124500_RHOW_R.csv,THFR,Hyp,JPSS2,3.6641600000000003,43.43485999999999,3.685672,43.420609,2.35,2.25,2025-06-26T10:45:00Z,2025-06-26T10:24:00Z,21,30,5,1.0803,0.3888,0.5799,1.1962,2.4672,0.005504,0.014856,0.019389,NA,FALSE,TRUE,0.016398,0.016299,260.0674,2.201317,2.948872,3.189623,2.201317,2.948872,3.189623,220.1317,294.8872,318.9623,220.1317,294.8872,318.9623
JPSS2_20250628T114800_vs_HYPERNETS_20250628T113000_RHOW_R.csv,THFR,Hyp,JPSS2,3.6641600000000003,43.43485999999999,3.691901,43.41968899999999,2.81,2.25,2025-06-28T09:30:00Z,2025-06-28T09:48:00Z,18,30,3,0.7266,1.8473,0.1428,0.7411,3.8452,-0.026391,-0.002362,0.002269,NA,FALSE,FALSE,0.004514,0.004367,63.9912,-0.746189,-0.679537,-0.553448,0.553448,0.679537,0.746189,-308.3245,-212.0482,-133.4369,133.4369,212.0482,308.3245
JPSS2_20250628T114800_vs_HYPERNETS_20250628T114500_RHOW_R.csv,THFR,Hyp,JPSS2,3.6641600000000003,43.43485999999999,3.691901,43.41968899999999,2.81,2.25,2025-06-28T09:45:00Z,2025-06-28T09:48:00Z,3,30,3,0.7144,1.8033,0.1385,0.7291,3.8383,-0.026331,-0.002269,0.002302,NA,FALSE,FALSE,0.004528,0.004365,63.9532,-0.74407,-0.67995,-0.555203,0.555203,0.67995,0.74407,-303.6041,-212.4514,-134.2221,134.2221,212.4514,303.6041
JPSS2_20250628T114800_vs_HYPERNETS_20250628T120000_RHOW_R.csv,THFR,Hyp,JPSS2,3.6641600000000003,43.43485999999999,3.691901,43.41968899999999,2.81,2.25,2025-06-28T10:00:00Z,2025-06-28T09:48:00Z,12,30,3,0.7314,1.8069,0.1406,0.7467,3.9659,-0.026669000000000002,-0.002283,0.002309,NA,FALSE,FALSE,0.00435,0.004201,63.1752,-0.738942,-0.673517,-0.545444,0.545444,0.673517,0.738942,-295.6836,-206.2943,-129.284,129.284,206.2943,295.6836
JPSS2_20250628T114800_vs_HYPERNETS_20250628T121500_RHOW_R.csv,THFR,Hyp,JPSS2,3.6641600000000003,43.43485999999999,3.691901,43.41968899999999,2.81,2.25,2025-06-28T10:15:00Z,2025-06-28T09:48:00Z,27,30,3,0.7241,1.8118,0.1319,0.7413,4.1653,-0.028697,-0.002333,0.002358,NA,FALSE,FALSE,0.004482,0.004326,63.7622,-0.744725,-0.681775,-0.552596,0.552596,0.681775,0.744725,-304.2176,-214.2434,-133.4542,133.4542,214.2434,304.2176
JPSS2_20250708T120001_vs_HYPERNETS_20250708T114500_RHOW_R.csv,THFR,Hyp,JPSS2,3.6641600000000003,43.43485999999999,3.690905,43.422504000000004,2.56,2.25,2025-07-08T09:45:00Z,2025-07-08T10:00:01Z,15,30,4,0.848,0.8648,0.3016,0.9625,3.0718,-0.01844,-9.54e-4,0.004525,NA,FALSE,FALSE,0.001834,0.001678,22.0765,-0.253507,-0.152295,-0.0393,0.146854,0.179596,0.253507,-35.1797,-18.1426,-4.7851,14.9844,20.3434,35.1797
JPSS2_20250708T120001_vs_HYPERNETS_20250708T120000_RHOW_R.csv,THFR,Hyp,JPSS2,3.6641600000000003,43.43485999999999,3.690905,43.422504000000004,2.56,2.25,2025-07-08T10:00:00Z,2025-07-08T10:00:01Z,0,30,4,0.8634,0.888,0.3236,0.9563,2.8256,-0.015659,-6.52e-4,0.004426,NA,FALSE,FALSE,0.001569,0.001472,20.627,-0.222959,-0.132479,-0.022767,0.152533,0.179317,0.233053,-29.5918,-15.3944,-3.049,16.4392,19.7263,29.5918
JPSS2_20250708T120001_vs_HYPERNETS_20250708T121500_RHOW_R.csv,THFR,Hyp,JPSS2,3.6641600000000003,43.43485999999999,3.690905,43.422504000000004,2.56,2.25,2025-07-08T10:15:00Z,2025-07-08T10:00:01Z,15,30,4,0.793,0.799,0.2617,0.951,3.4564,-0.023745,-0.001442,0.004695,NA,FALSE,FALSE,0.002454,0.002171,25.0766,-0.324022,-0.204126,-0.076319,0.130871,0.204126,0.324022,-49.5416,-26.0823,-8.9367,14.7256,26.0823,49.5416
JPSS2_20250708T120001_vs_HYPERNETS_20250708T123000_RHOW_R.csv,THFR,Hyp,JPSS2,3.6641600000000003,43.43485999999999,3.690905,43.422504000000004,2.56,2.25,2025-07-08T10:30:00Z,2025-07-08T10:00:01Z,30,30,4,0.8265,0.8547,0.2911,0.9431,3.0552,-0.018925,-9.86e-4,0.004552,NA,FALSE,FALSE,0.002011,0.00184,23.103,-0.280947,-0.176464,-0.055768,0.136556,0.186472,0.280947,-40.1779,-21.6985,-6.6191,14.0759,21.8694,40.1779
JPSS2_20250710T130001_vs_HYPERNETS_20250710T124500_RHOW_R.csv,THFR,Hyp,JPSS2,3.6641600000000003,43.43485999999999,3.685826,43.418507,2.53,2.25,2025-07-10T10:45:00Z,2025-07-10T11:00:01Z,15,30,4,0.9622,1.2001,0.4068,1.0271,2.5933,-0.013778,-0.002537,0.001915,NA,FALSE,FALSE,0.002606,0.002342,36.1899,-0.440242,-0.290698,-0.212355,0.212355,0.290698,0.440242,-87.8013,-41.5176,-27.0449,27.0449,41.5176,87.8013
JPSS2_20250710T130001_vs_HYPERNETS_20250710T130000_RHOW_R.csv,THFR,Hyp,JPSS2,3.6641600000000003,43.43485999999999,3.685826,43.418507,2.53,2.25,2025-07-10T11:00:00Z,2025-07-10T11:00:01Z,0,30,4,1.0196,1.1728,0.4132,1.1003,2.9298,-0.015157,-0.002673,0.002015,NA,FALSE,FALSE,0.002335,0.001989,32.6527,-0.419583,-0.252438,-0.159382,0.159382,0.252438,0.419583,-81.2597,-34.4524,-19.0374,19.0374,34.4524,81.2597
JPSS2_20250710T130001_vs_HYPERNETS_20250710T131500_RHOW_R.csv,THFR,Hyp,JPSS2,3.6641600000000003,43.43485999999999,3.685826,43.418507,2.53,2.25,2025-07-10T11:15:00Z,2025-07-10T11:00:01Z,15,30,4,1.0786,1.3261,0.6122,1.1019,1.9833,-0.006982,-0.00173,0.001187,NA,FALSE,FALSE,0.001325,0.001123,24.3303,-0.271068,-0.163595,-0.135831,0.135831,0.163595,0.271068,-42.6998,-19.5606,-15.8477,15.8477,19.5606,42.6998
JPSS2_20250710T130001_vs_HYPERNETS_20250710T133000_RHOW_R.csv,THFR,Hyp,JPSS2,3.6641600000000003,43.43485999999999,3.685826,43.418507,2.53,2.25,2025-07-10T11:30:00Z,2025-07-10T11:00:01Z,30,30,4,1.0695,1.15,0.4512,1.1422,2.8914,-0.013281,-0.002322,0.002008,NA,FALSE,FALSE,0.00184,0.001431,26.3841,-0.369124,-0.177454,-0.072172,0.072172,0.177454,0.369124,-65.7903,-22.4245,-7.7919,7.7919,22.4245,65.7903
JPSS2_20250711T124201_vs_HYPERNETS_20250711T121500_RHOW_R.csv,THFR,Hyp,JPSS2,3.6641600000000003,43.43485999999999,3.6875180000000003,43.422901,2.31,2.25,2025-07-11T10:15:00Z,2025-07-11T10:42:01Z,27,30,5,1.2167,0.9947,0.6793,1.3209,2.5685,-0.010095,-0.001905,0.002308,NA,FALSE,FALSE,0.001453,0.001198,22.0024,0.050364,0.05266,0.164014,0.05266,0.164014,0.348753,5.0364,5.266,16.4014,5.266,16.4014,34.8753
JPSS2_20250711T124201_vs_HYPERNETS_20250711T123000_RHOW_R.csv,THFR,Hyp,JPSS2,3.6641600000000003,43.43485999999999,3.6875180000000003,43.422901,2.31,2.25,2025-07-11T10:30:00Z,2025-07-11T10:42:01Z,12,30,5,1.251,1.0118,0.7163,1.3441,2.522,-0.009071,-0.001673,0.002269,NA,FALSE,FALSE,0.001481,0.001349,25.0817,0.100173,0.122382,0.193257,0.122382,0.193257,0.389996,10.0173,12.2382,19.3257,12.2382,19.3257,38.9996
JPSS2_20250711T124201_vs_HYPERNETS_20250711T124500_RHOW_R.csv,THFR,Hyp,JPSS2,3.6641600000000003,43.43485999999999,3.6875180000000003,43.422901,2.31,2.25,2025-07-11T10:45:00Z,2025-07-11T10:42:01Z,3,30,5,1.2534,1.005,0.7071,1.3547,2.5951,-0.009658,-0.001807,0.002292,NA,FALSE,FALSE,0.001506,0.001349,24.8271,0.098281,0.103256,0.193219,0.103256,0.193219,0.384546,9.8281,10.3256,19.3219,10.3256,19.3219,38.4546
JPSS2_20250711T124201_vs_HYPERNETS_20250711T130000_RHOW_R.csv,THFR,Hyp,JPSS2,3.6641600000000003,43.43485999999999,3.6875180000000003,43.422901,2.31,2.25,2025-07-11T11:00:00Z,2025-07-11T10:42:01Z,18,30,5,1.2363,1.0752,0.7164,1.3224,2.4409,-0.009247,-0.001909,0.002067,NA,FALSE,FALSE,0.001369,0.00116,20.5767,0.071102,0.074085,0.146599,0.074085,0.146599,0.263562,7.1102,7.4085,14.6599,7.4085,14.6599,26.3562
JPSS2_20250713T120601_vs_HYPERNETS_20250713T114500_RHOW_C.csv,THFR,Hyp,JPSS2,3.6641600000000003,43.43485999999999,3.691187,43.420181,2.73,2.25,2025-07-13T09:45:00Z,2025-07-13T10:06:01Z,21,30,5,1.1441,0.9668,0.5519,1.4307,3.7088,-0.015865,-0.002511,0.002641,NA,FALSE,FALSE,0.001965,0.001499,34.4173,-0.004946,0.079661,0.135133,0.079661,0.135133,0.706919,-0.4971,7.9661,13.5133,7.9661,13.5133,70.6919
JPSS2_20250713T120601_vs_HYPERNETS_20250713T120000_RHOW_C.csv,THFR,Hyp,JPSS2,3.6641600000000003,43.43485999999999,3.691187,43.420181,2.73,2.25,2025-07-13T10:00:00Z,2025-07-13T10:06:01Z,6,30,5,1.1331,0.9786,0.5479,1.4071,3.6137,-0.015405,-0.00241,0.00265,NA,FALSE,FALSE,0.001938,0.001461,33.8217,-0.004001,0.07475,0.121542,0.07475,0.121542,0.697544,-0.4017,7.475,12.1542,7.475,12.1542,69.7544
JPSS2_20250713T120601_vs_HYPERNETS_20250713T121500_RHOW_C.csv,THFR,Hyp,JPSS2,3.6641600000000003,43.43485999999999,3.691187,43.420181,2.73,2.25,2025-07-13T10:15:00Z,2025-07-13T10:06:01Z,9,30,5,1.1216,0.9418,0.5407,1.4061,3.657,-0.015739,-0.002435,0.00268,NA,FALSE,FALSE,0.001967,0.00149,34.5739,-0.017286,0.068185,0.123816,0.068185,0.123816,0.723828,-1.759,6.8185,12.3816,6.8185,12.3816,72.3828
JPSS2_20250713T120601_vs_HYPERNETS_20250713T123000_RHOW_C.csv,THFR,Hyp,JPSS2,3.6641600000000003,43.43485999999999,3.691187,43.420181,2.73,2.25,2025-07-13T10:30:00Z,2025-07-13T10:06:01Z,24,30,5,1.2004,1.0147,0.5841,1.468,3.6899,-0.014471,-0.002219,0.002655,NA,FALSE,FALSE,0.001944,0.001676,39.5319,0.078909000000000007,0.150767,0.17836,0.150767,0.17836,0.774745,7.8909,15.0767,17.836,15.0767,17.836,79.3812
JPSS2_20250715T130600_vs_HYPERNETS_20250715T124500_RHOW_R.csv,THFR,Hyp,JPSS2,3.6641600000000003,43.43485999999999,3.687828,43.423737,2.28,2.25,2025-07-15T10:45:00Z,2025-07-15T11:06:00Z,21,30,5,0.9923,1.3138,0.588,1.0534,1.8873,-0.007982,-0.001561,0.002023,NA,FALSE,FALSE,0.001714,0.001207,19.1081,-0.112362,-0.108179,-0.049886,0.049886,0.108179,0.112362,-12.6586,-12.1301,-5.2506,5.2506,12.1301,12.6586
JPSS2_20250715T130600_vs_HYPERNETS_20250715T130000_RHOW_R.csv,THFR,Hyp,JPSS2,3.6641600000000003,43.43485999999999,3.687828,43.423737,2.28,2.25,2025-07-15T11:00:00Z,2025-07-15T11:06:00Z,6,30,5,0.9889,1.2555,0.5929,1.046,1.8454,-0.007069,-0.001169,0.002174,NA,FALSE,FALSE,0.001488,0.001011,17.1146,-0.088994,-0.034503,-0.021938,0.034503,0.076621,0.088994,-9.7687,-3.5736,-2.243,3.5736,7.6621,9.7687
JPSS2_20250715T130600_vs_HYPERNETS_20250715T131500_RHOW_R.csv,THFR,Hyp,JPSS2,3.6641600000000003,43.43485999999999,3.687828,43.423737,2.28,2.25,2025-07-15T11:15:00Z,2025-07-15T11:06:00Z,9,30,5,0.9958,1.2603,0.5963,1.0536,1.8615,-0.007163,-0.001212,0.002157,NA,FALSE,FALSE,0.001483,0.001003,17.1101,-0.084735,-0.036232,-0.021085,0.036232,0.078848,0.084735,-9.2579,-3.7595,-2.1539,3.7595,7.8848,9.2579
JPSS2_20250715T130600_vs_HYPERNETS_20250715T133000_RHOW_R.csv,THFR,Hyp,JPSS2,3.6641600000000003,43.43485999999999,3.687828,43.423737,2.28,2.25,2025-07-15T11:30:00Z,2025-07-15T11:06:00Z,24,30,5,1.0352,1.2714,0.6216,1.0945,1.9272,-0.007179,-0.001247,0.002122,NA,FALSE,FALSE,0.001362,8.77e-4,16.2216,-0.051819,-0.010855,0.014088,0.014088,0.051819,0.112568,-5.4651,-1.0974,1.4088,1.4088,5.4651,11.2568
JPSS2_20250716T124800_vs_HYPERNETS_20250716T123000_RHOW_R.csv,THFR,Hyp,JPSS2,3.6641600000000003,43.43485999999999,3.6910449999999995,43.427528,2.32,2.25,2025-07-16T10:30:00Z,2025-07-16T10:48:00Z,18,30,4,0.878,1.028,0.3689,0.9386,2.3884,-0.013272,-0.002029,0.00239,NA,FALSE,FALSE,0.00277,0.002505,33.9277,-0.440432,-0.298036,-0.196881,0.196881,0.298036,0.440432,-81.0271,-43.7519,-24.5292,24.5292,43.7519,81.0271
JPSS2_20250716T124800_vs_HYPERNETS_20250716T124500_RHOW_R.csv,THFR,Hyp,JPSS2,3.6641600000000003,43.43485999999999,3.6910449999999995,43.427528,2.32,2.25,2025-07-16T10:45:00Z,2025-07-16T10:48:00Z,3,30,4,0.8859,1.0305,0.3814,0.9418,2.3254,-0.012488,-0.001933,0.002342,NA,FALSE,FALSE,0.002633,0.002377,32.8258,-0.427969,-0.285319,-0.185609,0.185609,0.285319,0.427969,-76.9906,-41.1515,-22.7997,22.7997,41.1515,76.9906
JPSS2_20250716T124800_vs_HYPERNETS_20250716T130000_RHOW_R.csv,THFR,Hyp,JPSS2,3.6641600000000003,43.43485999999999,3.6910449999999995,43.427528,2.32,2.25,2025-07-16T11:00:00Z,2025-07-16T10:48:00Z,12,30,4,0.8527,1.0655,0.3311,0.9323,2.625,-0.016953,-0.002635,0.00245,NA,FALSE,FALSE,0.003486,0.003208,39.8646,-0.491593,-0.370417,-0.27747,0.27747,0.370417,0.491593,-100.0281,-59.8693,-38.5791,38.5791,59.8693,100.0281
JPSS2_20250716T124800_vs_HYPERNETS_20250716T131500_RHOW_R.csv,THFR,Hyp,JPSS2,3.6641600000000003,43.43485999999999,3.6910449999999995,43.427528,2.32,2.25,2025-07-16T11:15:00Z,2025-07-16T10:48:00Z,27,30,4,0.8999,1.0555,0.392,0.9542,2.3227,-0.012424,-0.00201,0.002268,NA,FALSE,FALSE,0.0026,0.002358,32.9522,-0.423988,-0.290212,-0.195746,0.195746,0.290212,0.423988,-75.833,-41.8895,-24.3686,24.3686,41.8895,75.833
JPSS2_20250718T121200_vs_HYPERNETS_20250718T114500_RHOW_R.csv,THFR,Hyp,JPSS2,3.6641600000000003,43.43485999999999,3.6899290000000002,43.423504,2.44,2.25,2025-07-18T09:45:00Z,2025-07-18T10:12:00Z,27,30,4,0.8142,0.7359,0.4056,0.8439,1.7561,-0.006071,3.41e-4,0.003423,NA,FALSE,FALSE,0.001211,0.001188,20.6279,-0.186917,-0.128343,0.004283,0.144707,0.212762,0.274334,-23.1838,-14.805,-0.9061,16.9817,24.673,31.7649
JPSS2_20250718T121200_vs_HYPERNETS_20250718T120000_RHOW_R.csv,THFR,Hyp,JPSS2,3.6641600000000003,43.43485999999999,3.6899290000000002,43.423504,2.44,2.25,2025-07-18T10:00:00Z,2025-07-18T10:12:00Z,12,30,4,0.8245,0.7448,0.4198,0.8521,1.7295,-0.005748,3.51e-4,0.003356,NA,FALSE,FALSE,0.001125,0.001108,19.7554,-0.174953,-0.118983,0.010009,0.134616,0.199657,0.262594,-21.3754,-13.5767,-0.2654,15.610900000000001,23.8391,31.025
JPSS2_20250718T121200_vs_HYPERNETS_20250718T121500_RHOW_R.csv,THFR,Hyp,JPSS2,3.6641600000000003,43.43485999999999,3.6899290000000002,43.423504,2.44,2.25,2025-07-18T10:15:00Z,2025-07-18T10:12:00Z,3,30,4,0.819,0.7604,0.4329,0.8427,1.6402,-0.005236,3.6e-4,0.003236,NA,FALSE,FALSE,0.001151,0.001131,19.1167,-0.179339,-0.128666,-0.008463,0.143346,0.200651,0.248472,-21.9809,-14.8317,-2.0057,16.7835,22.5279,27.818
JPSS2_20250718T121200_vs_HYPERNETS_20250718T123000_RHOW_R.csv,THFR,Hyp,JPSS2,3.6641600000000003,43.43485999999999,3.6899290000000002,43.423504,2.44,2.25,2025-07-18T10:30:00Z,2025-07-18T10:12:00Z,18,30,4,0.7939,0.7591,0.4263,0.8154,1.5596,-0.004945,4.08e-4,0.003207,NA,FALSE,FALSE,0.001314,0.001272,19.8509,-0.196626,-0.151138,-0.035549,0.16385,0.205753,0.240412,-24.5957,-17.8576,-4.9174,19.6365,22.464,26.1715
JPSS2_20250802T123001_vs_HYPERNETS_20250802T121500_RHOW_R.csv,THFR,Hyp,JPSS2,3.6641600000000003,43.43485999999999,3.6845320000000004,43.420658,2.28,2.25,2025-08-02T10:15:00Z,2025-08-02T10:30:01Z,15,30,3,0.6458,1.1841,0.0645,0.7169,7.9743,-0.046401,-0.001198,0.002866,NA,FALSE,FALSE,0.003254,0.002961,50.8096,-0.59569,-0.578198,-0.455552,0.455552,0.578198,0.59569,-147.567,-137.078,-88.5177,88.5177,137.078,147.567
JPSS2_20250802T123001_vs_HYPERNETS_20250802T123000_RHOW_R.csv,THFR,Hyp,JPSS2,3.6641600000000003,43.43485999999999,3.6845320000000004,43.420658,2.28,2.25,2025-08-02T10:30:00Z,2025-08-02T10:30:01Z,0,30,3,0.6635,1.1685,0.0674,0.7327,7.9697,-0.044742,-0.001147,0.002861,NA,FALSE,FALSE,0.00304,0.002757,49.0141,-0.577612,-0.556611,-0.435905,0.435905,0.556611,0.577612,-137.0422,-125.5357,-81.4787,81.4787,125.5357,137.0422
JPSS2_20250802T123001_vs_HYPERNETS_20250802T124500_RHOW_R.csv,THFR,Hyp,JPSS2,3.6641600000000003,43.43485999999999,3.6845320000000004,43.420658,2.28,2.25,2025-08-02T10:45:00Z,2025-08-02T10:30:01Z,15,30,3,0.6678,1.1723,0.0678,0.7376,8.0235,-0.044848,-0.001156,0.002861,NA,FALSE,FALSE,0.00301,0.00273,48.8181,-0.57645,-0.556239,-0.43394,0.43394,0.556239,0.57645,-136.3691,-125.3467,-80.9331,80.9331,125.3467,136.3691
JPSS2_20250802T123001_vs_HYPERNETS_20250802T130000_RHOW_R.csv,THFR,Hyp,JPSS2,3.6641600000000003,43.43485999999999,3.6845320000000004,43.420658,2.28,2.25,2025-08-02T11:00:00Z,2025-08-02T10:30:01Z,30,30,3,0.6704,1.1614,0.0696,0.7359,7.781,-0.043043,-0.001112,0.002853,NA,FALSE,FALSE,0.00296,0.002684,48.3427,-0.569333,-0.547226,-0.429422,0.429422,0.547226,0.569333,-132.5043,-120.861,-79.1201,79.1201,120.861,132.5043
JPSS2_20250803T121201_vs_HYPERNETS_20250803T114500_RHOW_R.csv,THFR,Hyp,JPSS2,3.6641600000000003,43.43485999999999,3.6933640000000003,43.422157000000006,2.75,2.25,2025-08-03T09:45:00Z,2025-08-03T10:12:01Z,27,30,3,0.7532,1.1944,0.0658,0.8862,11.9316,-0.062136,-0.001577,0.002921,NA,FALSE,FALSE,0.002593,0.002201,44.6992,-0.576836,-0.542311,-0.364808,0.364808,0.542311,0.576836,-137.1056,-118.489,-63.9649,63.9649,118.489,137.1056
JPSS2_20250803T121201_vs_HYPERNETS_20250803T120000_RHOW_R.csv,THFR,Hyp,JPSS2,3.6641600000000003,43.43485999999999,3.6933640000000003,43.422157000000006,2.75,2.25,2025-08-03T10:00:00Z,2025-08-03T10:12:01Z,12,30,3,0.728,1.2462,0.0629,0.8633,11.8518,-0.065455,-0.001725,0.002917,NA,FALSE,FALSE,0.002897,0.002518,48.1158,-0.611025,-0.589226,-0.405325,0.405325,0.589226,0.611025,-157.4904,-143.4428,-76.8267,76.8267,143.4428,157.4904
JPSS2_20250803T121201_vs_HYPERNETS_20250803T121500_RHOW_R.csv,THFR,Hyp,JPSS2,3.6641600000000003,43.43485999999999,3.6933640000000003,43.422157000000006,2.75,2.25,2025-08-03T10:15:00Z,2025-08-03T10:12:01Z,3,30,3,0.7634,1.2431,0.0684,0.8851,11.4545,-0.060713,-0.001663,0.0029,NA,FALSE,FALSE,0.002655,0.002305,46.2244,-0.590874,-0.569134,-0.387059,0.387059,0.569134,0.590874,-144.7691,-132.0908,-70.8603,70.8603,132.0908,144.7691
JPSS2_20250803T121201_vs_HYPERNETS_20250803T123000_RHOW_R.csv,THFR,Hyp,JPSS2,3.6641600000000003,43.43485999999999,3.6933640000000003,43.422157000000006,2.75,2.25,2025-08-03T10:30:00Z,2025-08-03T10:12:01Z,18,30,3,0.7539,1.1972,0.0677,0.8733,11.2723,-0.059043,-0.001547,0.002908,NA,FALSE,FALSE,0.002611,0.002247,45.258,-0.577409,-0.544938,-0.373931,0.373931,0.544938,0.577409,-137.3371,-119.7501,-66.0407,66.0407,119.7501,137.3371
JPSS2_20250823T123601_vs_HYPERNETS_20250823T121500_RHOW_R.csv,THFR,Hyp,JPSS2,3.6641600000000003,43.43485999999999,3.69141,43.42437,2.49,2.25,2025-08-23T10:15:00Z,2025-08-23T10:36:01Z,21,30,4,1.2637,1.1138,0.5917,1.322,2.9535,-0.010664999999999999,-0.001818,0.002142,NA,FALSE,FALSE,0.001095,9.21e-4,15.2845,-0.146876,-0.077157,0.017132,0.093737,0.155417,0.214526,-17.5603,-8.4308,1.2015,10.3973,16.1627,23.5132
JPSS2_20250823T123601_vs_HYPERNETS_20250823T123000_RHOW_R.csv,THFR,Hyp,JPSS2,3.6641600000000003,43.43485999999999,3.69141,43.42437,2.49,2.25,2025-08-23T10:30:00Z,2025-08-23T10:36:01Z,6,30,4,1.2588,1.105,0.5498,1.334,3.2367,-0.012445,-0.001984,0.002327,NA,FALSE,FALSE,0.00119,0.001017,16.7682,-0.166888,-0.087394,0.014877,0.106654,0.166022,0.22705,-20.501,-9.6741,0.9316,12.0147,17.4681,25.3724
JPSS2_20250823T123601_vs_HYPERNETS_20250823T124500_RHOW_R.csv,THFR,Hyp,JPSS2,3.6641600000000003,43.43485999999999,3.69141,43.42437,2.49,2.25,2025-08-23T10:45:00Z,2025-08-23T10:36:01Z,9,30,4,1.286,1.0923,0.5696,1.3589,3.2423,-0.011897,-0.001878,0.00232,NA,FALSE,FALSE,0.001187,9.47e-4,15.0142,-0.13888,-0.052221,0.055599,0.075703,0.168675,0.243114,-16.5245,-5.6396,5.0698,8.2918,17.2388,26.4671
JPSS2_20250823T123601_vs_HYPERNETS_20250823T130000_RHOW_R.csv,THFR,Hyp,JPSS2,3.6641600000000003,43.43485999999999,3.69141,43.42437,2.49,2.25,2025-08-23T11:00:00Z,2025-08-23T10:36:01Z,24,30,4,1.2546,1.0655,0.4998,1.3607,3.7044,-0.014958,-0.002109,0.00261,NA,FALSE,FALSE,0.001329,0.001107,17.4662,-0.177355,-0.072202,0.049246,0.101549,0.184203,0.257315,-22.1936,-7.9985,4.4016,11.4738,19.3269,29.0517
JPSS2_20250824T121801_vs_HYPERNETS_20250824T120000_RHOW_R.csv,THFR,Hyp,JPSS2,3.6641600000000003,43.43485999999999,3.691316,43.422451,2.59,2.25,2025-08-24T10:00:00Z,2025-08-24T10:18:01Z,18,30,4,0.7613,0.5718,0.2531,0.9063,3.2451,-0.013606,8.1e-5,0.003903,NA,FALSE,FALSE,0.001354,0.001169,28.3188,-0.198308,-0.079467,0.120192,0.104482,0.267118,0.445824,-26.3268,-8.7935,9.4407,11.7935,34.2572,59.6088
JPSS2_20250824T121801_vs_HYPERNETS_20250824T121500_RHOW_R.csv,THFR,Hyp,JPSS2,3.6641600000000003,43.43485999999999,3.691316,43.422451,2.59,2.25,2025-08-24T10:15:00Z,2025-08-24T10:18:01Z,3,30,4,0.765,0.5726,0.2565,0.9036,3.1825,-0.013075,1.44e-4,0.003897,NA,FALSE,FALSE,0.001315,0.001135,28.3856,-0.190932,-0.075206,0.127863,0.099386,0.258297,0.442767,-25.0744,-8.2803,10.0579,11.1515,34.7752,60.5691
JPSS2_20250824T121801_vs_HYPERNETS_20250824T123000_RHOW_R.csv,THFR,Hyp,JPSS2,3.6641600000000003,43.43485999999999,3.691316,43.422451,2.59,2.25,2025-08-24T10:30:00Z,2025-08-24T10:18:01Z,12,30,4,0.807,0.584,0.2737,0.9445,3.2594,-0.012647,1.6e-4,0.003871,NA,FALSE,FALSE,0.001185,9.73e-4,27.5598,-0.147576,-0.031406,0.174144,0.061825,0.217623,0.431396,-18.6735,-3.3597,14.6276,6.628,29.9154,58.0289
JPSS2_20250824T121801_vs_HYPERNETS_20250824T124500_RHOW_R.csv,THFR,Hyp,JPSS2,3.6641600000000003,43.43485999999999,3.691316,43.422451,2.59,2.25,2025-08-24T10:45:00Z,2025-08-24T10:18:01Z,27,30,4,0.7834,0.5651,0.2665,0.9148,3.1399,-0.012108,2.88e-4,0.0039,NA,FALSE,FALSE,0.001211,9.78e-4,28.4841,-0.154334,-0.044271,0.171379,0.065273,0.222393,0.441961,-19.5614,-4.7333,13.8626,7.0618,30.6163,59.1212
JPSS2_20250831T114801_vs_HYPERNETS_20250831T113000_RHOW_R.csv,THFR,Hyp,JPSS2,3.6641600000000003,43.43485999999999,3.6916599999999997,43.420086,2.77,2.25,2025-08-31T09:30:00Z,2025-08-31T09:48:01Z,18,30,4,0.8506,1.5697,0.3858,0.8948,2.0752,-0.009081,-0.002131,8.66e-4,NA,FALSE,FALSE,0.002848,0.00275,52.4941,-0.66801,-0.57077,-0.427701,0.427701,0.57077,0.66801,-201.2322,-138.9158,-76.414,76.414,138.9158,201.2322
JPSS2_20250831T114801_vs_HYPERNETS_20250831T114500_RHOW_R.csv,THFR,Hyp,JPSS2,3.6641600000000003,43.43485999999999,3.6916599999999997,43.420086,2.77,2.25,2025-08-31T09:45:00Z,2025-08-31T09:48:01Z,3,30,4,0.83,1.5805,0.3792,0.872,2.0051,-0.009009,-0.002145,8.41e-4,NA,FALSE,FALSE,0.003018,0.00292,53.8519,-0.677565,-0.582068,-0.443023,0.443023,0.582068,0.677565,-210.1726,-145.4005,-81.2369,81.2369,145.4005,210.1726
JPSS2_20250831T114801_vs_HYPERNETS_20250831T120000_RHOW_R.csv,THFR,Hyp,JPSS2,3.6641600000000003,43.43485999999999,3.6916599999999997,43.420086,2.77,2.25,2025-08-31T10:00:00Z,2025-08-31T09:48:01Z,12,30,4,0.8032,1.6203,0.3865,0.8367,1.8114,-0.008316,-0.002152,6.95e-4,NA,FALSE,FALSE,0.003276,0.003185,55.8921,-0.689389,-0.595465,-0.464997,0.464997,0.595465,0.689389,-222.1125,-153.2952,-88.5177,88.5177,153.2952,222.1125
JPSS2_20250831T114801_vs_HYPERNETS_20250831T121500_RHOW_R.csv,THFR,Hyp,JPSS2,3.6641600000000003,43.43485999999999,3.6916599999999997,43.420086,2.77,2.25,2025-08-31T10:15:00Z,2025-08-31T09:48:01Z,27,30,4,0.7637,1.6183,0.3582,0.7987,1.7807,-0.008744,-0.002191,7.48e-4,NA,FALSE,FALSE,0.003641,0.003534,58.1759,-0.707676,-0.618266,-0.492349,0.492349,0.618266,0.707676,-242.2107,-168.6946,-98.7508,98.7508,168.6946,242.2107
JPSS2_20250903T123000_vs_HYPERNETS_20250903T120000_RHOW_R.csv,THFR,Hyp,JPSS2,3.6641600000000003,43.43485999999999,3.6895810000000004,43.424060999999995,2.38,2.25,2025-09-03T10:00:00Z,2025-09-03T10:30:00Z,30,30,2,1.9316,4.83,NA,1.9316,NA,NA,-0.011122,NA,NA,NA,NA,0.004233,0.004137,57.6729,-0.673899,-0.576729,-0.47956,0.47956,0.576729,0.673899,-240.8332,-165.9439,-107.5095,107.5095,165.9439,240.8332
JPSS2_20250903T123000_vs_HYPERNETS_20250903T121500_RHOW_R.csv,THFR,Hyp,JPSS2,3.6641600000000003,43.43485999999999,3.6895810000000004,43.424060999999995,2.38,2.25,2025-09-03T10:15:00Z,2025-09-03T10:30:00Z,15,30,2,1.7986,4.5248,NA,1.7986,NA,NA,-0.010218,NA,NA,NA,NA,0.004269,0.004188,58.0806,-0.675589,-0.580806,-0.486023,0.486023,0.580806,0.675589,-241.2864,-167.4632,-109.6087,109.6087,167.4632,241.2864
JPSS2_20250903T123000_vs_HYPERNETS_20250903T123000_RHOW_R.csv,THFR,Hyp,JPSS2,3.6641600000000003,43.43485999999999,3.6895810000000004,43.424060999999995,2.38,2.25,2025-09-03T10:30:00Z,2025-09-03T10:30:00Z,0,30,2,1.9669,4.82,NA,1.9669,NA,NA,-0.011093,NA,NA,NA,NA,0.004091,0.003987,56.8163,-0.667254,-0.568163,-0.469073,0.469073,0.568163,0.667254,-233.9864,-160.6365,-103.3956,103.3956,160.6365,233.9864
JPSS2_20250903T123000_vs_HYPERNETS_20250903T124500_RHOW_R.csv,THFR,Hyp,JPSS2,3.6641600000000003,43.43485999999999,3.6895810000000004,43.424060999999995,2.38,2.25,2025-09-03T10:45:00Z,2025-09-03T10:30:00Z,15,30,2,2.1313,5.1504,NA,2.1313,NA,NA,-0.012073,NA,NA,NA,NA,0.004005,0.00388,56.0548,-0.662825,-0.560548,-0.45827,0.45827,0.560548,0.662825,-230.8396,-157.1076,-99.8077,99.8077,157.1076,230.8396
JPSS2_20250903T123000_vs_HYPERNETS_20250903T130000_RHOW_R.csv,THFR,Hyp,JPSS2,3.6641600000000003,43.43485999999999,3.6895810000000004,43.424060999999995,2.38,2.25,2025-09-03T11:00:00Z,2025-09-03T10:30:00Z,30,30,2,2.2728,5.3972,NA,2.2728,NA,NA,-0.012805,NA,NA,NA,NA,0.003894,0.003752,55.173,-0.657032,-0.55173,-0.446428,0.446428,0.55173,0.657032,-226.0801,-152.7059,-95.8423,95.8423,152.7059,226.0801
JPSS2_20250915T120600_vs_HYPERNETS_20250915T114500_RHOW_R.csv,THFR,Hyp,JPSS2,3.6641600000000003,43.43485999999999,3.692913,43.422997,2.67,2.25,2025-09-15T09:45:00Z,2025-09-15T10:06:00Z,21,30,3,0.7281,1.8702,0.0915,0.7703,6.4819,-0.034758,-0.002005,0.001888,NA,FALSE,FALSE,0.003445,0.003322,64.6698,-0.760812,-0.707223,-0.562846,0.562846,0.707223,0.760812,-328.9858,-241.5573,-142.3514,142.3514,241.5573,328.9858
JPSS2_20250915T120600_vs_HYPERNETS_20250915T120000_RHOW_R.csv,THFR,Hyp,JPSS2,3.6641600000000003,43.43485999999999,3.692913,43.422997,2.67,2.25,2025-09-15T10:00:00Z,2025-09-15T10:06:00Z,6,30,3,0.7119,1.7744,0.0809,0.7656,7.243,-0.038623,-0.001925,0.001954,NA,FALSE,FALSE,0.003403,0.003253,64.0934,-0.757137,-0.711399,-0.559963,0.559963,0.711399,0.757137,-319.2578,-246.4987,-142.0381,142.0381,246.4987,319.2578
JPSS2_20250915T120600_vs_HYPERNETS_20250915T121500_RHOW_R.csv,THFR,Hyp,JPSS2,3.6641600000000003,43.43485999999999,3.692913,43.422997,2.67,2.25,2025-09-15T10:15:00Z,2025-09-15T10:06:00Z,9,30,3,0.7064,1.8115,0.0814,0.7578,7.0566,-0.038467,-0.001977,0.001941,NA,FALSE,FALSE,0.003527,0.00338,64.9192,-0.763686,-0.716488,-0.568346,0.568346,0.716488,0.763686,-331.867,-252.7193,-146.6474,146.6474,252.7193,331.867
JPSS2_20250915T120600_vs_HYPERNETS_20250915T123000_RHOW_R.csv,THFR,Hyp,JPSS2,3.6641600000000003,43.43485999999999,3.692913,43.422997,2.67,2.25,2025-09-15T10:30:00Z,2025-09-15T10:06:00Z,24,30,3,0.6905,1.7581,0.0784,0.7428,7.0379,-0.038429,-0.001898,0.001958,NA,FALSE,FALSE,0.003551,0.00339,64.9324,-0.762163,-0.718476,-0.571061,0.571061,0.718476,0.762163,-327.7331,-255.2094,-148.2547,148.2547,255.2094,327.7331
JPSS2_20250923T125400_vs_HYPERNETS_20250923T123000_RHOW_R.csv,THFR,Hyp,JPSS2,3.6641600000000003,43.43485999999999,3.691567,43.42095200000001,2.7,2.25,2025-09-23T10:30:00Z,2025-09-23T10:54:00Z,24,30,2,2.118,7.9993,NA,2.118,NA,NA,-0.01602,NA,NA,NA,NA,0.006023,0.005879,67.81,-0.794109,-0.6781,-0.562092,0.562092,0.6781,0.794109,-606.1249,-348.1666,-184.4444,184.4444,348.1666,606.1249
JPSS2_20250923T125400_vs_HYPERNETS_20250923T124500_RHOW_R.csv,THFR,Hyp,JPSS2,3.6641600000000003,43.43485999999999,3.691567,43.42095200000001,2.7,2.25,2025-09-23T10:45:00Z,2025-09-23T10:54:00Z,9,30,2,2.1539,7.9175,NA,2.1539,NA,NA,-0.015826,NA,NA,NA,NA,0.005792,0.005638,66.9559,-0.788539,-0.669559,-0.550579,0.550579,0.669559,0.788539,-586.7465,-336.1601,-177.01,177.01,336.1601,586.7465
JPSS2_20250923T125400_vs_HYPERNETS_20250923T130000_RHOW_R.csv,THFR,Hyp,JPSS2,3.6641600000000003,43.43485999999999,3.691567,43.42095200000001,2.7,2.25,2025-09-23T11:00:00Z,2025-09-23T10:54:00Z,6,30,2,2.2647,9.1206,NA,2.2647,NA,NA,-0.018685,NA,NA,NA,NA,0.006615,0.006468,69.4794,-0.805944,-0.694794,-0.583644,0.583644,0.694794,0.805944,-659.4564,-378.1815,-201.0806,201.0806,378.1815,659.4564
JPSS2_20250923T125400_vs_HYPERNETS_20250923T131500_RHOW_R.csv,THFR,Hyp,JPSS2,3.6641600000000003,43.43485999999999,3.691567,43.42095200000001,2.7,2.25,2025-09-23T11:15:00Z,2025-09-23T10:54:00Z,21,30,2,2.0052,7.4479,NA,2.0052,NA,NA,-0.014711,NA,NA,NA,NA,0.00587,0.005736,67.4786,-0.791232,-0.674786,-0.55834,0.55834,0.674786,0.791232,-590.7871,-340.5453,-180.9551,180.9551,340.5453,590.7871
JPSS2_20250925T121800_vs_HYPERNETS_20250925T120000_RHOW_R.csv,THFR,Hyp,JPSS2,3.6641600000000003,43.43485999999999,3.694238,43.433495,2.44,2.25,2025-09-25T10:00:00Z,2025-09-25T10:18:00Z,18,30,2,1.8726,6.6713,NA,1.8726,NA,NA,-0.013079,NA,NA,NA,NA,0.005679,0.005594,67.8874,-0.780828,-0.678874,-0.576921,0.576921,0.678874,0.780828,-486.4144,-303.0954,-177.0837,177.0837,303.0954,486.4144
JPSS2_20250925T121800_vs_HYPERNETS_20250925T121500_RHOW_R.csv,THFR,Hyp,JPSS2,3.6641600000000003,43.43485999999999,3.694238,43.433495,2.44,2.25,2025-09-25T10:15:00Z,2025-09-25T10:18:00Z,3,30,2,1.81,6.3743,NA,1.81,NA,NA,-0.012372,NA,NA,NA,NA,0.00558,0.0055,67.6313,-0.778482,-0.676313,-0.574144,0.574144,0.676313,0.778482,-477.7275,-298.3491,-174.6659,174.6659,298.3491,477.7275
JPSS2_20250925T121800_vs_HYPERNETS_20250925T124500_RHOW_R.csv,THFR,Hyp,JPSS2,3.6641600000000003,43.43485999999999,3.694238,43.433495,2.44,2.25,2025-09-25T10:45:00Z,2025-09-25T10:18:00Z,27,30,2,1.8949,6.4536,NA,1.8949,NA,NA,-0.012561,NA,NA,NA,NA,0.005314,0.005219,66.4969,-0.77089,-0.664969,-0.559048,0.559048,0.664969,0.77089,-459.2401,-285.2742,-165.4248,165.4248,285.2742,459.2401
JPSS2_20250929T124201_vs_HYPERNETS_20250929T121500_RHOW_R.csv,THFR,Hyp,JPSS2,3.6641600000000003,43.43485999999999,3.6914519999999995,43.424068,2.51,2.25,2025-09-29T10:15:00Z,2025-09-29T10:42:01Z,27,30,3,0.8455,1.7638,0.091,0.9198,9.2955,-0.053071,-0.002171,0.002865,NA,FALSE,FALSE,0.002932,0.002659,55.3217,-0.71808399999999994,-0.625309,-0.424396,0.424396,0.625309,0.71808399999999994,-275.64,-166.8862,-85.3905,85.3905,166.8862,275.64
JPSS2_20250929T124201_vs_HYPERNETS_20250929T123000_RHOW_R.csv,THFR,Hyp,JPSS2,3.6641600000000003,43.43485999999999,3.6914519999999995,43.424068,2.51,2.25,2025-09-29T10:30:00Z,2025-09-29T10:42:01Z,12,30,3,0.8534,1.7757,0.0934,0.92490000000000006,9.1555,-0.051955,-0.002176,0.002853,NA,FALSE,FALSE,0.002892,0.00263,55.1554,-0.71646,-0.621375,-0.42156,0.42156,0.621375,0.71646,-274.3609,-164.1137,-84.2189,84.2189,164.1137,274.3609
JPSS2_20250929T124201_vs_HYPERNETS_20250929T124500_RHOW_R.csv,THFR,Hyp,JPSS2,3.6641600000000003,43.43485999999999,3.6914519999999995,43.424068,2.51,2.25,2025-09-29T10:45:00Z,2025-09-29T10:42:01Z,3,30,3,0.8689,1.8065,0.0963,0.9393,9.1667,-0.05161,-0.002221,0.00284,NA,FALSE,FALSE,0.002837,0.002585,54.872,-0.715506,-0.616713,-0.41593,0.41593,0.616713,0.715506,-274.8271,-160.9008,-82.324,82.324,160.9008,274.8271
JPSS2_20250929T124201_vs_HYPERNETS_20250929T130000_RHOW_R.csv,THFR,Hyp,JPSS2,3.6641600000000003,43.43485999999999,3.6914519999999995,43.424068,2.51,2.25,2025-09-29T11:00:00Z,2025-09-29T10:42:01Z,18,30,3,0.8712,1.8847,0.0972,0.9405,9.1053,-0.052527,-0.002361,0.002821,NA,FALSE,FALSE,0.002961,0.002726,55.967,-0.725833,-0.623641,-0.425492,0.425492,0.623641,0.725833,-293.0657,-165.704,-85.441,85.441,165.704,293.0657
JPSS2_20250930T122401_vs_HYPERNETS_20250930T120000_RHOW_R.csv,THFR,Hyp,JPSS2,3.6641600000000003,43.43485999999999,3.6930300000000003,43.427193,2.49,2.25,2025-09-30T10:00:00Z,2025-09-30T10:24:01Z,24,30,2,1.6543,5.5039,NA,1.6543,NA,NA,-0.013114,NA,NA,NA,NA,0.006634,0.006591,67.8854,-0.756043,-0.678854,-0.601665,0.601665,0.678854,0.756043,-361.4471,-255.1054,-173.2705,173.2705,255.1054,361.4471
JPSS2_20250930T122401_vs_HYPERNETS_20250930T121500_RHOW_R.csv,THFR,Hyp,JPSS2,3.6641600000000003,43.43485999999999,3.6930300000000003,43.427193,2.49,2.25,2025-09-30T10:15:00Z,2025-09-30T10:24:01Z,9,30,2,1.6306,5.7166,NA,1.6306,NA,NA,-0.013746,NA,NA,NA,NA,0.007161,0.007123,69.4638,-0.76854,-0.694638,-0.620736,0.620736,0.694638,0.76854,-387.3668,-274.241,-187.3736,187.3736,274.241,387.3668
JPSS2_20250930T122401_vs_HYPERNETS_20250930T123000_RHOW_R.csv,THFR,Hyp,JPSS2,3.6641600000000003,43.43485999999999,3.6930300000000003,43.427193,2.49,2.25,2025-09-30T10:30:00Z,2025-09-30T10:24:01Z,6,30,2,1.6345,5.9529,NA,1.6345,NA,NA,-0.014448,NA,NA,NA,NA,0.007564,0.007527,70.547,-0.777251,-0.70547,-0.633689,0.633689,0.70547,0.777251,-407.5096,-288.843,-197.9232,197.9232,288.843,407.5096
JPSS2_20250930T122401_vs_HYPERNETS_20250930T124500_RHOW_R.csv,THFR,Hyp,JPSS2,3.6641600000000003,43.43485999999999,3.6930300000000003,43.427193,2.49,2.25,2025-09-30T10:45:00Z,2025-09-30T10:24:01Z,21,30,2,1.6981,6.0559,NA,1.6981,NA,NA,-0.014754,NA,NA,NA,NA,0.007341,0.007299,69.8962,-0.772538,-0.698962,-0.625385,0.625385,0.698962,0.772538,-397.4357,-280.7764,-191.4762,191.4762,280.7764,397.4357
JPSS2_20251002T114800_vs_HYPERNETS_20251002T113000_RHOW_R.csv,THFR,Hyp,JPSS2,3.6641600000000003,43.43485999999999,3.6879200000000005,43.419315000000005,2.59,2.25,2025-10-02T09:30:00Z,2025-10-02T09:48:00Z,18,30,4,0.5263,1.0299,0.262,0.5456,1.1362,-0.004276,-6.36e-4,0.001112,NA,FALSE,FALSE,0.003727,0.003437,56.8861,-0.603491,-0.560752,-0.526122,0.526122,0.560752,0.603491,-153.5785,-127.8946,-111.3208,111.3208,127.8946,153.5785
JPSS2_20251002T114800_vs_HYPERNETS_20251002T114500_RHOW_R.csv,THFR,Hyp,JPSS2,3.6641600000000003,43.43485999999999,3.6879200000000005,43.419315000000005,2.59,2.25,2025-10-02T09:45:00Z,2025-10-02T09:48:00Z,3,30,4,0.518,1.0148,0.2625,0.5357,1.0931,-0.004041,-5.89e-4,0.001102,NA,FALSE,FALSE,0.00377,0.003464,56.899,-0.604295,-0.558079,-0.522774,0.522774,0.558079,0.604295,-154.0336,-126.6156,-109.7195,109.7195,126.6156,154.0336
JPSS2_20251002T114800_vs_HYPERNETS_20251002T120000_RHOW_R.csv,THFR,Hyp,JPSS2,3.6641600000000003,43.43485999999999,3.6879200000000005,43.419315000000005,2.59,2.25,2025-10-02T10:00:00Z,2025-10-02T09:48:00Z,12,30,4,0.5139,0.9902,0.28,0.5271,0.9923,-0.003281,-4.64e-4,0.001032,NA,TRUE,FALSE,0.003653,0.003328,55.5486,-0.59288,-0.541041,-0.503647,0.503647,0.541041,0.59288,-146.5169,-118.434,-101.4983,101.4983,118.434,146.5169
JPSS2_20251002T114800_vs_HYPERNETS_20251002T121500_RHOW_R.csv,THFR,Hyp,JPSS2,3.6641600000000003,43.43485999999999,3.6879200000000005,43.419315000000005,2.59,2.25,2025-10-02T10:15:00Z,2025-10-02T09:48:00Z,27,30,4,0.4976,1.0279,0.2661,0.5113,0.9825,-0.003612,-5.72e-4,0.00101,NA,TRUE,FALSE,0.004056,0.003725,58.7635,-0.611851,-0.573745,-0.549529,0.549529,0.573745,0.611851,-159.3512,-134.7186,-122.1731,122.1731,134.7186,159.3512
JPSS2_20251004T124800_vs_HYPERNETS_20251004T123000_RHOW_R.csv,THFR,Hyp,JPSS2,3.6641600000000003,43.43485999999999,3.6916789999999997,43.426369,2.42,2.25,2025-10-04T10:30:00Z,2025-10-04T10:48:00Z,18,30,1,NA,NA,NA,NA,NA,NA,NA,NA,NA,NA,NA,NA,NA,NA,NA,NA,NA,NA,NA,NA,NA,NA,NA,NA,NA,NA
JPSS2_20251011T121800_vs_HYPERNETS_20251011T120000_RHOW_R.csv,THFR,Hyp,JPSS2,3.6641600000000003,43.43485999999999,3.6927049999999997,43.425526000000005,2.53,2.25,2025-10-11T10:00:00Z,2025-10-11T10:18:00Z,18,30,2,1.7578,6.6027,NA,1.7578,NA,NA,-0.014986,NA,NA,NA,NA,0.00708,0.00699,69.1159,-0.793249,-0.691159,-0.589068,0.589068,0.691159,0.793249,-542.1393,-331.5596,-190.0363,190.0363,331.5596,542.1393
JPSS2_20251011T121800_vs_HYPERNETS_20251011T121500_RHOW_R.csv,THFR,Hyp,JPSS2,3.6641600000000003,43.43485999999999,3.6927049999999997,43.425526000000005,2.53,2.25,2025-10-11T10:15:00Z,2025-10-11T10:18:00Z,3,30,2,1.7565,6.3366,NA,1.7565,NA,NA,-0.014249,NA,NA,NA,NA,0.006673,0.006578,67.9601,-0.784972,-0.679601,-0.574229,0.574229,0.679601,0.784972,-514.7141,-314.3605,-179.308,179.308,314.3605,514.7141
JPSS2_20251011T121800_vs_HYPERNETS_20251011T123000_RHOW_R.csv,THFR,Hyp,JPSS2,3.6641600000000003,43.43485999999999,3.6927049999999997,43.425526000000005,2.53,2.25,2025-10-11T10:30:00Z,2025-10-11T10:18:00Z,12,30,2,1.6596,5.9595,NA,1.6596,NA,NA,-0.013204,NA,NA,NA,NA,0.006622,0.00654,67.9928,-0.784338,-0.679928,-0.575518,0.575518,0.679928,0.784338,-508.7306,-312.2505,-179.1883,179.1883,312.2505,508.7306
JPSS2_20251011T121800_vs_HYPERNETS_20251011T124500_RHOW_R.csv,THFR,Hyp,JPSS2,3.6641600000000003,43.43485999999999,3.6927049999999997,43.425526000000005,2.53,2.25,2025-10-11T10:45:00Z,2025-10-11T10:18:00Z,27,30,2,1.6693,5.925,NA,1.6693,NA,NA,-0.013109,NA,NA,NA,NA,0.006509,0.006424,67.6358,-0.781847,-0.676358,-0.570868,0.570868,0.676358,0.781847,-501.3819,-307.46,-176.0702,176.0702,307.46,501.3819
JPSS2_20251015T124201_vs_HYPERNETS_20251015T121500_RHOW_R.csv,THFR,Hyp,JPSS2,3.6641600000000003,43.43485999999999,3.685436,43.420254,2.37,2.25,2025-10-15T10:15:00Z,2025-10-15T10:42:01Z,27,30,2,1.3876,5.2436,NA,1.3876,NA,NA,-0.010382,NA,NA,NA,NA,0.006646,0.006621,70.8126,-0.792114,-0.708126,-0.624137,0.624137,0.708126,0.792114,-481.4985,-318.9479,-201.8363,201.8363,318.9479,481.4985
JPSS2_20251015T124201_vs_HYPERNETS_20251015T124500_RHOW_R.csv,THFR,Hyp,JPSS2,3.6641600000000003,43.43485999999999,3.685436,43.420254,2.37,2.25,2025-10-15T10:45:00Z,2025-10-15T10:42:01Z,3,30,2,1.4681,5.5927,NA,1.4681,NA,NA,-0.011265,NA,NA,NA,NA,0.006722,0.00669,70.8983,-0.793658,-0.708983,-0.624307,0.624307,0.708983,0.793658,-489.3099,-322.5333,-202.955,202.955,322.5333,489.3099
JPSS2_20251015T124201_vs_HYPERNETS_20251015T130000_RHOW_R.csv,THFR,Hyp,JPSS2,3.6641600000000003,43.43485999999999,3.685436,43.420254,2.37,2.25,2025-10-15T11:00:00Z,2025-10-15T10:42:01Z,18,30,2,1.4215,5.4188,NA,1.4215,NA,NA,-0.010825,NA,NA,NA,NA,0.006729,0.006701,70.9903,-0.793863,-0.709903,-0.625942,0.625942,0.709903,0.793863,-488.2166,-322.731,-203.8022,203.8022,322.731,488.2166
JPSS2_20251017T120601_vs_HYPERNETS_20251017T114500_RHOW_R.csv,THFR,Hyp,JPSS2,3.6641600000000003,43.43485999999999,3.690422,43.42291600000001,2.51,2.25,2025-10-17T09:45:00Z,2025-10-17T10:06:01Z,21,30,5,0.6904,0.6224,0.3882,0.7472,1.4381,-0.001877,0.002433,0.004672,NA,FALSE,FALSE,0.001595,0.001319,31.4045,0.02864,0.160733,0.501854,0.104446,0.160733,0.501854,2.864,16.0733,50.1854,11.6627,16.0733,50.1854
JPSS2_20251017T120601_vs_HYPERNETS_20251017T120000_RHOW_R.csv,THFR,Hyp,JPSS2,3.6641600000000003,43.43485999999999,3.690422,43.42291600000001,2.51,2.25,2025-10-17T10:00:00Z,2025-10-17T10:06:01Z,6,30,5,0.6876,0.6288,0.388,0.7431,1.4233,-0.002161,0.002262,0.004571,NA,FALSE,FALSE,0.001475,0.001161,26.224,-0.003697,0.04984,0.410141,0.04984,0.122947,0.410141,-0.3711,4.984,41.0141,4.984,14.0182,41.0141
JPSS2_20251017T120601_vs_HYPERNETS_20251017T121500_RHOW_R.csv,THFR,Hyp,JPSS2,3.6641600000000003,43.43485999999999,3.690422,43.42291600000001,2.51,2.25,2025-10-17T10:15:00Z,2025-10-17T10:06:01Z,9,30,5,0.7196,0.6434,0.4083,0.7758,1.4741,-0.002007,0.002304,0.004573,NA,FALSE,FALSE,0.001545,0.001276,30.2863,0.04572,0.157717,0.496619,0.08239,0.157717,0.496619,4.572,15.7717,49.6619,8.9787,15.7717,49.6619
JPSS2_20251017T120601_vs_HYPERNETS_20251017T123000_RHOW_R.csv,THFR,Hyp,JPSS2,3.6641600000000003,43.43485999999999,3.690422,43.42291600000001,2.51,2.25,2025-10-17T10:30:00Z,2025-10-17T10:06:01Z,24,30,5,0.7521,0.6468,0.4294,0.8089,1.5235,-0.002027,0.002251,0.004523,NA,FALSE,FALSE,0.001592,0.001293,32.4476,0.075079,0.182646,0.531676,0.075079,0.182646,0.531676,7.5079,18.2646,53.1676,7.5079,18.2646,53.1676
JPSS2_20251018T114801_vs_HYPERNETS_20251018T113000_RHOW_R.csv,THFR,Hyp,JPSS2,3.6641600000000003,43.43485999999999,3.69047,43.42305,2.5,2.25,2025-10-18T09:30:00Z,2025-10-18T09:48:01Z,18,30,4,0.5394,0.5579,0.2619,0.5611,1.2022,-0.003233,0.001264,0.003363,NA,FALSE,FALSE,0.002422,0.002207,31.9009,-0.318646,-0.295208,-0.130047,0.300939,0.318859,0.336929,-46.8364,-41.9046,-19.5779,37.9583,41.9046,46.8364
JPSS2_20251018T114801_vs_HYPERNETS_20251018T114500_RHOW_R.csv,THFR,Hyp,JPSS2,3.6641600000000003,43.43485999999999,3.69047,43.42305,2.5,2.25,2025-10-18T09:45:00Z,2025-10-18T09:48:01Z,3,30,4,0.5335,0.5635,0.2618,0.5541,1.1728,-0.003149,0.001255,0.003336,NA,FALSE,FALSE,0.002523,0.00228,31.7267,-0.32684,-0.304913,-0.146996,0.29624,0.305812,0.32684,-48.6244,-43.8818,-21.7864,38.6809,43.8818,48.6244
JPSS2_20251018T114801_vs_HYPERNETS_20251018T120000_RHOW_R.csv,THFR,Hyp,JPSS2,3.6641600000000003,43.43485999999999,3.69047,43.42305,2.5,2.25,2025-10-18T10:00:00Z,2025-10-18T09:48:01Z,12,30,4,0.544,0.568,0.2598,0.5673,1.2388,-0.003549,0.001193,0.003364,NA,FALSE,FALSE,0.002442,0.002221,31.3182,-0.328991,-0.300952,-0.138367,0.290748,0.306557,0.328991,-49.0742,-43.1023,-20.2583,36.775,43.1023,49.0742
JPSS2_20251018T114801_vs_HYPERNETS_20251018T121500_RHOW_R.csv,THFR,Hyp,JPSS2,3.6641600000000003,43.43485999999999,3.69047,43.42305,2.5,2.25,2025-10-18T10:15:00Z,2025-10-18T09:48:01Z,27,30,4,0.5634,0.5605,0.2802,0.5841,1.2173,-0.002935,0.001297,0.003327,NA,FALSE,FALSE,0.002086,0.001925,30.6776,-0.276262,-0.256527,-0.091773,0.258519,0.292013,0.34027,-38.2728,-34.5058,-14.5552,34.8667,37.1277,41.1958
JPSS2_20251028T120001_vs_HYPERNETS_20251028T114500_RHOW_R.csv,THFR,Hyp,JPSS2,3.6641600000000003,43.43485999999999,3.695097,43.426003,2.69,2.25,2025-10-28T10:45:00Z,2025-10-28T11:00:01Z,15,30,3,0.4407,1.8278,0.0493,0.4755,4.5877,-0.034278,-0.001501,0.001896,NA,FALSE,FALSE,0.006109,0.005682,76.6359,-0.846348,-0.794096,-0.700238,0.700238,0.794096,0.846348,-592.0676,-385.6639,-251.2607,251.2607,385.6639,592.0676
JPSS2_20251028T120001_vs_HYPERNETS_20251028T120000_RHOW_R.csv,THFR,Hyp,JPSS2,3.6641600000000003,43.43485999999999,3.695097,43.426003,2.69,2.25,2025-10-28T11:00:00Z,2025-10-28T11:00:01Z,0,30,3,0.4353,1.8438,0.0481,0.4708,4.6051,-0.035059,-0.001529,0.001899,NA,FALSE,FALSE,0.006255,0.005821,77.033,-0.849738,-0.798094,-0.704804,0.704804,0.798094,0.849738,-608.6753,-395.2796,-257.0572,257.0572,395.2796,608.6753
JPSS2_20251028T120001_vs_HYPERNETS_20251028T121500_RHOW_R.csv,THFR,Hyp,JPSS2,3.6641600000000003,43.43485999999999,3.695097,43.426003,2.69,2.25,2025-10-28T11:15:00Z,2025-10-28T11:00:01Z,15,30,3,0.4261,1.8702,0.0461,0.4629,4.6441,-0.036503,-0.001578,0.001904,NA,FALSE,FALSE,0.006509,0.006064,77.6882,-0.855336,-0.804809,-0.712393,0.712393,0.804809,0.855336,-637.7131,-412.3195,-267.1681,267.1681,412.3195,637.7131
JPSS2_20251030T130000_vs_HYPERNETS_20251030T123000_RHOW_R.csv,THFR,Hyp,JPSS2,3.6641600000000003,43.43485999999999,3.6870060000000002,43.422070000000005,2.33,2.25,2025-10-30T11:30:00Z,2025-10-30T12:00:00Z,30,30,3,0.5803,1.0701,0.064,0.628,6.1676,-0.04913,-9.89e-4,0.003914,NA,FALSE,FALSE,0.004693,0.004221,50.3375,-0.566006,-0.531878,-0.454995,0.454995,0.531878,0.566006,-131.1337,-113.6194,-85.3379,85.3379,113.6194,131.1337
JPSS2_20251030T130000_vs_HYPERNETS_20251030T124500_RHOW_R.csv,THFR,Hyp,JPSS2,3.6641600000000003,43.43485999999999,3.6870060000000002,43.422070000000005,2.33,2.25,2025-10-30T11:45:00Z,2025-10-30T12:00:00Z,15,30,3,0.5538,1.0602,0.0594,0.6029,6.1144,-0.050766,-9.77e-4,0.003932,NA,FALSE,FALSE,0.005082,0.004564,52.0861,-0.581746,-0.545212,-0.472152,0.472152,0.545212,0.581746,-140.0067,-119.8827,-91.2896,91.2896,119.8827,140.0067
JPSS2_20251030T130000_vs_HYPERNETS_20251030T130000_RHOW_R.csv,THFR,Hyp,JPSS2,3.6641600000000003,43.43485999999999,3.6870060000000002,43.422070000000005,2.33,2.25,2025-10-30T12:00:00Z,2025-10-30T12:00:00Z,0,30,3,0.5688,1.0642,0.0623,0.6165,6.1037,-0.049434,-9.75e-4,0.00392,NA,FALSE,FALSE,0.004853,0.004362,51.0484,-0.571863,-0.536318,-0.462022,0.462022,0.536318,0.571863,-134.379,-115.665,-87.6795,87.6795,115.665,134.379
JPSS2_20251030T130000_vs_HYPERNETS_20251030T131500_RHOW_R.csv,THFR,Hyp,JPSS2,3.6641600000000003,43.43485999999999,3.6870060000000002,43.422070000000005,2.33,2.25,2025-10-30T12:15:00Z,2025-10-30T12:00:00Z,15,30,3,0.5553,1.0767,0.0605,0.6026,6.0052,-0.050208,-0.001017,0.003919,NA,FALSE,FALSE,0.00514,0.004636,52.6787,-0.58812,-0.557017,-0.480569,0.480569,0.557017,0.58812,-143.4841,-125.7423,-94.638,94.638,125.7423,143.4841
JPSS2_20251030T130000_vs_HYPERNETS_20251030T133000_RHOW_R.csv,THFR,Hyp,JPSS2,3.6641600000000003,43.43485999999999,3.6870060000000002,43.422070000000005,2.33,2.25,2025-10-30T12:30:00Z,2025-10-30T12:00:00Z,30,30,3,0.5659,1.0738,0.0624,0.6123,6.0093,-0.049199,-9.99e-4,0.003912,NA,FALSE,FALSE,0.00495,0.004461,51.7225,-0.578564,-0.546434,-0.470491,0.470491,0.546434,0.578564,-137.9763,-120.4752,-90.8271,90.8271,120.4752,137.9763
JPSS2_20251117T122400_vs_HYPERNETS_20251117T120000_RHOW_R.csv,THFR,Hyp,JPSS2,3.6641600000000003,43.43485999999999,3.69345,43.425365000000006,2.59,2.25,2025-11-17T11:00:00Z,2025-11-17T11:24:00Z,24,30,2,1.7507,5.9393,NA,1.7507,NA,NA,-0.011457,NA,NA,NA,NA,0.005437,0.005401,68.5022,-0.759907,-0.685022,-0.610136,0.610136,0.685022,0.759907,-367.3829,-260.8907,-178.6625,178.6625,260.8907,367.3829
JPSS2_20251117T122400_vs_HYPERNETS_20251117T121500_RHOW_R.csv,THFR,Hyp,JPSS2,3.6641600000000003,43.43485999999999,3.69345,43.425365000000006,2.59,2.25,2025-11-17T11:15:00Z,2025-11-17T11:24:00Z,9,30,2,1.8018,6.0334,NA,1.8018,NA,NA,-0.011679,NA,NA,NA,NA,0.005336,0.005295,68.0656,-0.756781,-0.680656,-0.604531,0.604531,0.680656,0.756781,-361.729,-256.234,-174.8423,174.8423,256.234,361.729
JPSS2_20251117T122400_vs_HYPERNETS_20251117T123100_RHOW_R.csv,THFR,Hyp,JPSS2,3.6641600000000003,43.43485999999999,3.69345,43.425365000000006,2.59,2.25,2025-11-17T11:31:00Z,2025-11-17T11:24:00Z,7,30,2,1.6444,5.2157,NA,1.6444,NA,NA,-0.009749,NA,NA,NA,NA,0.004917,0.004883,66.5197,-0.742901,-0.665197,-0.587493,0.587493,0.665197,0.742901,-333.5566,-237.2118,-162.2768,162.2768,237.2118,333.5566
JPSS2_20251117T122400_vs_HYPERNETS_20251117T124500_RHOW_R.csv,THFR,Hyp,JPSS2,3.6641600000000003,43.43485999999999,3.69345,43.425365000000006,2.59,2.25,2025-11-17T11:45:00Z,2025-11-17T11:24:00Z,21,30,2,1.592,5.0026,NA,1.592,NA,NA,-0.009247,NA,NA,NA,NA,0.004848,0.004817,66.2799,-0.740386,-0.662799,-0.585212,0.585212,0.662799,0.740386,-328.3746,-234.0286,-160.4616,160.4616,234.0286,328.3746
JPSS2_20251118T120600_vs_HYPERNETS_20251118T114500_RHOW_R.csv,THFR,Hyp,JPSS2,3.6641600000000003,43.43485999999999,3.693811,43.423389,2.72,2.25,2025-11-18T10:45:00Z,2025-11-18T11:06:00Z,21,30,4,0.7437,1.4573,0.475,0.7531,1.194,-0.003052,-8.75e-4,4.98e-4,NA,FALSE,FALSE,0.002223,0.002094,49.8157,-0.562587,-0.484776,-0.420345,0.420345,0.484776,0.562587,-134.0015,-94.3841,-73.4522,73.4522,94.3841,134.0015
JPSS2_20251119T132401_vs_HYPERNETS_20251119T130000_RHOW_R.csv,THFR,Hyp,JPSS2,3.6641600000000003,43.43485999999999,3.6853730000000002,43.420876,2.32,2.25,2025-11-19T12:00:00Z,2025-11-19T12:24:01Z,24,30,1,NA,NA,NA,NA,NA,NA,NA,NA,NA,NA,NA,NA,NA,NA,NA,NA,NA,NA,NA,NA,NA,NA,NA,NA,NA,NA
JPSS2_20251119T132401_vs_HYPERNETS_20251119T131500_RHOW_R.csv,THFR,Hyp,JPSS2,3.6641600000000003,43.43485999999999,3.6853730000000002,43.420876,2.32,2.25,2025-11-19T12:15:00Z,2025-11-19T12:24:01Z,9,30,1,NA,NA,NA,NA,NA,NA,NA,NA,NA,NA,NA,NA,NA,NA,NA,NA,NA,NA,NA,NA,NA,NA,NA,NA,NA,NA
JPSS2_20251119T132401_vs_HYPERNETS_20251119T133000_RHOW_R.csv,THFR,Hyp,JPSS2,3.6641600000000003,43.43485999999999,3.6853730000000002,43.420876,2.32,2.25,2025-11-19T12:30:00Z,2025-11-19T12:24:01Z,6,30,1,NA,NA,NA,NA,NA,NA,NA,NA,NA,NA,NA,NA,NA,NA,NA,NA,NA,NA,NA,NA,NA,NA,NA,NA,NA,NA
JPSS2_20251119T132401_vs_HYPERNETS_20251119T134500_RHOW_R.csv,THFR,Hyp,JPSS2,3.6641600000000003,43.43485999999999,3.6853730000000002,43.420876,2.32,2.25,2025-11-19T12:45:00Z,2025-11-19T12:24:01Z,21,30,1,NA,NA,NA,NA,NA,NA,NA,NA,NA,NA,NA,NA,NA,NA,NA,NA,NA,NA,NA,NA,NA,NA,NA,NA,NA,NA
JPSS2_20251121T124800_vs_HYPERNETS_20251121T123000_RHOW_R.csv,THFR,Hyp,JPSS2,3.6641600000000003,43.43485999999999,3.689919,43.420616,2.62,2.25,2025-11-21T11:30:00Z,2025-11-21T11:48:00Z,18,30,2,1.5207,4.8741,NA,1.5207,NA,NA,-0.008701,NA,NA,NA,NA,0.004873,0.004853,67.27,-0.742081,-0.6727,-0.60332,0.60332,0.6727,0.742081,-322.9979,-237.3481,-169.0409,169.0409,237.3481,322.9979
JPSS2_20251121T124800_vs_HYPERNETS_20251121T124500_RHOW_R.csv,THFR,Hyp,JPSS2,3.6641600000000003,43.43485999999999,3.689919,43.420616,2.62,2.25,2025-11-21T11:45:00Z,2025-11-21T11:48:00Z,3,30,2,1.4899,4.8392,NA,1.4899,NA,NA,-0.008622,NA,NA,NA,NA,0.004971,0.004952,67.7116,-0.745449,-0.677116,-0.608784,0.608784,0.677116,0.745449,-328.4496,-241.8398,-172.738,172.738,241.8398,328.4496
JPSS2_20251121T124800_vs_HYPERNETS_20251121T130000_RHOW_R.csv,THFR,Hyp,JPSS2,3.6641600000000003,43.43485999999999,3.689919,43.420616,2.62,2.25,2025-11-21T12:00:00Z,2025-11-21T11:48:00Z,12,30,2,1.5043,5.2098,NA,1.5043,NA,NA,-0.009469,NA,NA,NA,NA,0.005461,0.005443,69.6196,-0.761531,-0.696196,-0.630862,0.630862,0.696196,0.761531,-358.903,-264.6082,-189.6889,189.6889,264.6082,358.903
JPSS2_20251121T124800_vs_HYPERNETS_20251121T131500_RHOW_R.csv,THFR,Hyp,JPSS2,3.6641600000000003,43.43485999999999,3.689919,43.420616,2.62,2.25,2025-11-21T12:15:00Z,2025-11-21T11:48:00Z,27,30,2,1.2856,4.4849,NA,1.2856,NA,NA,-0.007812,NA,NA,NA,NA,0.00552,0.005513,70.0432,-0.762683,-0.700432,-0.638181,0.638181,0.700432,0.762683,-357.867,-267.0121,-194.1857,194.1857,267.0121,357.867
JPSS2_20251126T125401_vs_HYPERNETS_20251126T123000_RHOW_R.csv,THFR,Hyp,JPSS2,3.6641600000000003,43.43485999999999,3.693312,43.420017,2.88,2.25,2025-11-26T11:30:00Z,2025-11-26T11:54:01Z,24,30,4,-0.2226,-0.3642,-1.2274,-0.2928,-0.0698,0.002726,0.00386,0.008616,NA,TRUE,TRUE,0.004306,0.0032,53.6076,-0.722685,-0.345991,0.14283,0.456076,0.642686,0.722685,-277.1984,-78.024,11.6132,42.9532,124.2481,277.1984
JPSS2_20251126T125401_vs_HYPERNETS_20251126T124500_RHOW_R.csv,THFR,Hyp,JPSS2,3.6641600000000003,43.43485999999999,3.693312,43.420017,2.88,2.25,2025-11-26T11:45:00Z,2025-11-26T11:54:01Z,9,30,4,-0.2282,-0.3809,-1.2562,-0.3,-0.0716,0.002734,0.003894,0.00875,NA,TRUE,TRUE,0.00425,0.003151,51.8594,-0.719709,-0.348702,0.117636,0.402827,0.603942,0.719709,-273.2749,-77.8577,9.5557,38.294,117.8221,273.2749
JPSS2_20251126T125401_vs_HYPERNETS_20251126T130000_RHOW_R.csv,THFR,Hyp,JPSS2,3.6641600000000003,43.43485999999999,3.693312,43.420017,2.88,2.25,2025-11-26T12:00:00Z,2025-11-26T11:54:01Z,6,30,4,-0.2174,-0.3344,-1.1969,-0.2858,-0.0682,0.002711,0.003795,0.008338,NA,TRUE,TRUE,0.004294,0.003234,59.1083,-0.71882,-0.324806,0.223184,0.513325,0.74505999999999994,0.822818,-272.7575,-73.3593,18.3259,57.3429,136.5433,272.7575
JPSS2_20251214T121801_vs_HYPERNETS_20251214T120000_RHOW_R.csv,THFR,Hyp,JPSS2,3.6641600000000003,43.43485999999999,3.6893260000000003,43.423763,2.38,2.25,2025-12-14T11:00:00Z,2025-12-14T11:18:01Z,18,30,5,0.4877,0.3794,0.2381,0.7262,2.215,-0.002276,0.00362,0.005553,NA,FALSE,FALSE,0.003049,0.002535,106.8834,0.263946,1.298358,1.407559,0.263946,1.298358,1.407559,26.3946,129.8358,140.7559,26.3946,129.8358,140.7559
JPSS2_20251214T121801_vs_HYPERNETS_20251214T121500_RHOW_R.csv,THFR,Hyp,JPSS2,3.6641600000000003,43.43485999999999,3.6893260000000003,43.423763,2.38,2.25,2025-12-14T11:15:00Z,2025-12-14T11:18:01Z,3,30,5,0.4749,0.4023,0.2297,0.6861,2.049,-0.002438,0.003504,0.005494,NA,FALSE,FALSE,0.002755,0.002254,85.251,0.155746,1.077298,1.108926,0.155746,1.077298,1.108926,15.5746,107.7298,110.8926,15.5746,107.7298,110.8926
JPSS2_20251228T125400_vs_HYPERNETS_20251228T123000_RHOW_R.csv,THFR,Hyp,JPSS2,3.6641600000000003,43.43485999999999,3.690125,43.418858,2.75,2.25,2025-12-28T11:30:00Z,2025-12-28T11:54:00Z,24,30,4,0.7233,0.9455,0.4233,0.737,1.283,-0.004134,-3.72e-4,0.001788,NA,FALSE,FALSE,0.002427,0.002184,31.3115,-0.384049,-0.316127,-0.245193,0.245193,0.316127,0.384049,-62.4102,-46.7617,-32.538,32.538,46.7617,62.4102
JPSS2_20251228T125400_vs_HYPERNETS_20251228T130000_RHOW_R.csv,THFR,Hyp,JPSS2,3.6641600000000003,43.43485999999999,3.690125,43.418858,2.75,2.25,2025-12-28T12:00:00Z,2025-12-28T11:54:00Z,6,30,4,0.7603,0.9308,0.4682,0.7717,1.2719,-0.003414,-2.21e-4,0.001716,NA,FALSE,FALSE,0.0019,0.001678,25.4021,-0.32993,-0.269542,-0.193632,0.193632,0.269542,0.32993,-49.2428,-37.3243,-24.1086,24.1086,37.3243,49.2428
JPSS2_20251228T125400_vs_HYPERNETS_20251228T131500_RHOW_R.csv,THFR,Hyp,JPSS2,3.6641600000000003,43.43485999999999,3.690125,43.418858,2.75,2.25,2025-12-28T12:15:00Z,2025-12-28T11:54:00Z,21,30,4,0.7734,0.928,0.4846,0.7841,1.2687,-0.003201,-1.81e-4,0.001685,NA,FALSE,FALSE,0.00174,0.001526,23.4717,-0.311401,-0.25368,-0.176995,0.176995,0.25368,0.311401,-45.2229,-34.3787,-21.6106,21.6106,34.3787,45.2229
JPSS2_20251231T120000_vs_HYPERNETS_20251231T113000_RHOW_R.csv,THFR,Hyp,JPSS2,3.6641600000000003,43.43485999999999,3.693067,43.429943,2.4,2.25,2025-12-31T10:30:00Z,2025-12-31T11:00:00Z,30,30,5,0.7901,1.4366,0.5156,0.8183,1.2987,-0.002469,-3.51e-4,9.84e-4,NA,FALSE,FALSE,0.001406,0.001216,34.4742,-0.437906,-0.280773,-0.252901,0.252901,0.280773,0.437906,-77.9062,-39.0382,-33.851,33.851,39.0382,77.9062
JPSS2_20251231T120000_vs_HYPERNETS_20251231T114500_RHOW_R.csv,THFR,Hyp,JPSS2,3.6641600000000003,43.43485999999999,3.693067,43.429943,2.4,2.25,2025-12-31T10:45:00Z,2025-12-31T11:00:00Z,15,30,5,0.8079,1.4474,0.5285,0.8364,1.3237,-0.002493,-3.75e-4,9.62e-4,NA,FALSE,FALSE,0.001328,0.00116,33.7819,-0.412545,-0.269326,-0.238525,0.238525,0.269326,0.412545,-70.2258,-36.8599,-31.324,31.324,36.8599,70.2258
JPSS2_20251231T120000_vs_HYPERNETS_20251231T120000_RHOW_R.csv,THFR,Hyp,JPSS2,3.6641600000000003,43.43485999999999,3.693067,43.429943,2.4,2.25,2025-12-31T11:00:00Z,2025-12-31T11:00:00Z,0,30,5,0.8151,1.4732,0.5322,0.8442,1.3391,-0.002587,-4.27e-4,9.35e-4,NA,FALSE,FALSE,0.001337,0.00117,33.964,-0.418808,-0.268075,-0.237895,0.237895,0.268075,0.418808,-72.0602,-36.626,-31.2156,31.2156,36.626,72.0602
JPSS2_20251231T120000_vs_HYPERNETS_20251231T121500_RHOW_R.csv,THFR,Hyp,JPSS2,3.6641600000000003,43.43485999999999,3.693067,43.429943,2.4,2.25,2025-12-31T11:15:00Z,2025-12-31T11:00:00Z,15,30,5,0.8274,1.3318,0.5346,0.8587,1.3793,-0.002208,-1.45e-4,0.00114,NA,FALSE,FALSE,0.001021,9.49e-4,31.6346,-0.358551,-0.209387,-0.195395,0.199802,0.209387,0.358551,-55.8971,-26.4842,-24.2846,24.2846,26.4842,55.8971
JPSS2_20251231T120000_vs_HYPERNETS_20251231T123000_RHOW_R.csv,THFR,Hyp,JPSS2,3.6641600000000003,43.43485999999999,3.693067,43.429943,2.4,2.25,2025-12-31T11:30:00Z,2025-12-31T11:00:00Z,30,30,5,0.8328,1.2632,0.5296,0.8674,1.4204,-0.00212,-2.5e-5,0.001253,NA,FALSE,FALSE,9.17e-4,8.64e-4,30.7037,-0.341653,-0.177067,-0.174556,0.177067,0.297283,0.341653,-51.8956,-21.5166,-21.147,21.5166,29.7283,51.8956
