file_name,site_name,sensor_X,sensor_Y,comp_sensors,dateTime_X,dateTime_Y,Slope_II,Error_50,Bias_50,val_filter
AQUA_20250123T133000_vs_HYPERNETS_20250123T131500_RHOW_R.csv,THFR,Hyp,AQUA,Hyp vs AQUA,2025-01-23T12:15:00Z,2025-01-23T12:30:00Z,1.1956,82.5106,-82.5106,CV >= 30%
AQUA_20250123T133000_vs_HYPERNETS_20250123T133000_RHOW_R.csv,THFR,Hyp,AQUA,Hyp vs AQUA,2025-01-23T12:30:00Z,2025-01-23T12:30:00Z,1.2608,92.6129,-92.6129,CV >= 30%
AQUA_20250123T133000_vs_HYPERNETS_20250123T134500_RHOW_R.csv,THFR,Hyp,AQUA,Hyp vs AQUA,2025-01-23T12:45:00Z,2025-01-23T12:30:00Z,1.1867,60.4428,-60.4428,CV >= 30%
AQUA_20250123T133000_vs_HYPERNETS_20250123T140000_RHOW_R.csv,THFR,Hyp,AQUA,Hyp vs AQUA,2025-01-23T13:00:00Z,2025-01-23T12:30:00Z,1.209,50.3683,-50.3683,CV >= 30%
AQUA_20250131T135000_vs_HYPERNETS_20250131T133000_RHOW_R.csv,THFR,Hyp,AQUA,Hyp vs AQUA,2025-01-31T12:30:00Z,2025-01-31T12:50:00Z,0.9868,127.8798,-127.8798,CV >= 30%
AQUA_20250131T135000_vs_HYPERNETS_20250131T134500_RHOW_R.csv,THFR,Hyp,AQUA,Hyp vs AQUA,2025-01-31T12:45:00Z,2025-01-31T12:50:00Z,0.9713,139.4099,-139.4099,CV >= 30%
AQUA_20250131T135000_vs_HYPERNETS_20250131T140000_RHOW_R.csv,THFR,Hyp,AQUA,Hyp vs AQUA,2025-01-31T13:00:00Z,2025-01-31T12:50:00Z,1.0133,110.2409,-110.2409,CV >= 30%
AQUA_20250205T135001_vs_HYPERNETS_20250205T133000_RHOW_R.csv,THFR,Hyp,AQUA,Hyp vs AQUA,2025-02-05T12:30:00Z,2025-02-05T12:50:01Z,NA,57.8435,-57.8435,CV >= 30%
AQUA_20250205T135001_vs_HYPERNETS_20250205T134500_RHOW_R.csv,THFR,Hyp,AQUA,Hyp vs AQUA,2025-02-05T12:45:00Z,2025-02-05T12:50:01Z,NA,55.8262,-55.8262,CV >= 30%
AQUA_20250205T135001_vs_HYPERNETS_20250205T140000_RHOW_R.csv,THFR,Hyp,AQUA,Hyp vs AQUA,2025-02-05T13:00:00Z,2025-02-05T12:50:01Z,NA,54.712,-54.712,CV >= 30%
AQUA_20250205T135001_vs_HYPERNETS_20250205T141500_RHOW_R.csv,THFR,Hyp,AQUA,Hyp vs AQUA,2025-02-05T13:15:00Z,2025-02-05T12:50:01Z,NA,49.9094,-49.9094,CV >= 30%
AQUA_20250529T135000_vs_HYPERNETS_20250529T133000_RHOW_R.csv,THFR,Hyp,AQUA,Hyp vs AQUA,2025-05-29T11:30:00Z,2025-05-29T11:50:00Z,1.3481,23.2276,2.7854,CV >= 30%
AQUA_20250529T135000_vs_HYPERNETS_20250529T134500_RHOW_R.csv,THFR,Hyp,AQUA,Hyp vs AQUA,2025-05-29T11:45:00Z,2025-05-29T11:50:00Z,1.3468,21.8203,-0.7984,CV >= 30%
AQUA_20250529T135000_vs_HYPERNETS_20250529T140100_RHOW_R.csv,THFR,Hyp,AQUA,Hyp vs AQUA,2025-05-29T12:01:00Z,2025-05-29T11:50:00Z,1.3661,22.2378,-2.5102,CV >= 30%
AQUA_20250529T135000_vs_HYPERNETS_20250529T141500_RHOW_R.csv,THFR,Hyp,AQUA,Hyp vs AQUA,2025-05-29T12:15:00Z,2025-05-29T11:50:00Z,1.3203,17.6043,-17.6043,CV >= 30%
AQUA_20250616T140500_vs_HYPERNETS_20250616T134500_RHOW_R.csv,THFR,Hyp,AQUA,Hyp vs AQUA,2025-06-16T11:45:00Z,2025-06-16T12:05:00Z,1.2101,106.7829,-106.7829,CV >= 30%
AQUA_20250616T140500_vs_HYPERNETS_20250616T140000_RHOW_R.csv,THFR,Hyp,AQUA,Hyp vs AQUA,2025-06-16T12:00:00Z,2025-06-16T12:05:00Z,1.2184,104.3959,-104.3959,CV >= 30%
AQUA_20250616T140500_vs_HYPERNETS_20250616T141500_RHOW_R.csv,THFR,Hyp,AQUA,Hyp vs AQUA,2025-06-16T12:15:00Z,2025-06-16T12:05:00Z,1.2539,97.7458,-97.7458,CV >= 30%
AQUA_20250616T140500_vs_HYPERNETS_20250616T143000_RHOW_R.csv,THFR,Hyp,AQUA,Hyp vs AQUA,2025-06-16T12:30:00Z,2025-06-16T12:05:00Z,1.2772,92.2296,-92.2296,CV >= 30%
AQUA_20250621T140001_vs_HYPERNETS_20250621T134500_RHOW_R.csv,THFR,Hyp,AQUA,Hyp vs AQUA,2025-06-21T11:45:00Z,2025-06-21T12:00:01Z,1.1825,11.6374,-3.7291,CV >= 30%
AQUA_20250621T140001_vs_HYPERNETS_20250621T140000_RHOW_R.csv,THFR,Hyp,AQUA,Hyp vs AQUA,2025-06-21T12:00:00Z,2025-06-21T12:00:01Z,1.1618,8.7422,-4.0905,CV >= 30%
AQUA_20250621T140001_vs_HYPERNETS_20250621T141500_RHOW_R.csv,THFR,Hyp,AQUA,Hyp vs AQUA,2025-06-21T12:15:00Z,2025-06-21T12:00:01Z,1.2278,7.2138,3.9272,CV >= 30%
AQUA_20250711T135001_vs_HYPERNETS_20250711T133000_RHOW_R.csv,THFR,Hyp,AQUA,Hyp vs AQUA,2025-07-11T11:30:00Z,2025-07-11T11:50:01Z,1.444,18.5444,-9.045,CV >= 30%
AQUA_20250711T135001_vs_HYPERNETS_20250711T134500_RHOW_R.csv,THFR,Hyp,AQUA,Hyp vs AQUA,2025-07-11T11:45:00Z,2025-07-11T11:50:01Z,1.4355,15.7361,-10.7334,CV >= 30%
AQUA_20250711T135001_vs_HYPERNETS_20250711T140000_RHOW_R.csv,THFR,Hyp,AQUA,Hyp vs AQUA,2025-07-11T12:00:00Z,2025-07-11T11:50:01Z,1.4395,20.8996,-1.0079,CV >= 30%
AQUA_20250711T135001_vs_HYPERNETS_20250711T141500_RHOW_R.csv,THFR,Hyp,AQUA,Hyp vs AQUA,2025-07-11T12:15:00Z,2025-07-11T11:50:01Z,1.2263,15.2048,-12.9762,CV >= 30%
AQUA_20250716T135000_vs_HYPERNETS_20250716T133000_RHOW_R.csv,THFR,Hyp,AQUA,Hyp vs AQUA,2025-07-16T11:30:00Z,2025-07-16T11:50:00Z,1.3239,39.0041,39.0041,CV >= 30%
AQUA_20250716T135000_vs_HYPERNETS_20250716T134500_RHOW_R.csv,THFR,Hyp,AQUA,Hyp vs AQUA,2025-07-16T11:45:00Z,2025-07-16T11:50:00Z,1.3509,42.9257,42.9257,CV >= 30%
AQUA_20250716T135000_vs_HYPERNETS_20250716T140000_RHOW_R.csv,THFR,Hyp,AQUA,Hyp vs AQUA,2025-07-16T12:00:00Z,2025-07-16T11:50:00Z,1.3466,44.8541,44.8541,CV >= 30%
AQUA_20250716T135000_vs_HYPERNETS_20250716T141500_RHOW_R.csv,THFR,Hyp,AQUA,Hyp vs AQUA,2025-07-16T12:15:00Z,2025-07-16T11:50:00Z,1.3613,42.926,42.926,CV >= 30%
AQUA_20250803T140000_vs_HYPERNETS_20250803T133000_RHOW_R.csv,THFR,Hyp,AQUA,Hyp vs AQUA,2025-08-03T11:30:00Z,2025-08-03T12:00:00Z,1.1271,77.0448,-77.0448,CV >= 30%
AQUA_20250803T140000_vs_HYPERNETS_20250803T134500_RHOW_R.csv,THFR,Hyp,AQUA,Hyp vs AQUA,2025-08-03T11:45:00Z,2025-08-03T12:00:00Z,1.1393,76.2446,-76.2446,CV >= 30%
AQUA_20250803T140000_vs_HYPERNETS_20250803T140000_RHOW_R.csv,THFR,Hyp,AQUA,Hyp vs AQUA,2025-08-03T12:00:00Z,2025-08-03T12:00:00Z,1.1865,64.3343,-64.3343,CV >= 30%
AQUA_20250803T140000_vs_HYPERNETS_20250803T141500_RHOW_R.csv,THFR,Hyp,AQUA,Hyp vs AQUA,2025-08-03T12:15:00Z,2025-08-03T12:00:00Z,1.2062,70.4702,-70.4702,CV >= 30%
AQUA_20250803T140000_vs_HYPERNETS_20250803T143000_RHOW_R.csv,THFR,Hyp,AQUA,Hyp vs AQUA,2025-08-03T12:30:00Z,2025-08-03T12:00:00Z,1.225,70.9761,-70.9761,CV >= 30%
AQUA_20250811T141501_vs_HYPERNETS_20250811T140000_RHOW_R.csv,THFR,Hyp,AQUA,Hyp vs AQUA,2025-08-11T12:00:00Z,2025-08-11T12:15:01Z,1.3075,15.2768,4.5671,CV >= 30%
AQUA_20250811T141501_vs_HYPERNETS_20250811T141500_RHOW_R.csv,THFR,Hyp,AQUA,Hyp vs AQUA,2025-08-11T12:15:00Z,2025-08-11T12:15:01Z,1.2532,13.9322,-1.2064,CV >= 30%
AQUA_20250811T141501_vs_HYPERNETS_20250811T143000_RHOW_R.csv,THFR,Hyp,AQUA,Hyp vs AQUA,2025-08-11T12:30:00Z,2025-08-11T12:15:01Z,1.2231,14.1845,3.9529,CV >= 30%
AQUA_20250811T141501_vs_HYPERNETS_20250811T144500_RHOW_R.csv,THFR,Hyp,AQUA,Hyp vs AQUA,2025-08-11T12:45:00Z,2025-08-11T12:15:01Z,1.2741,17.5842,10.3966,CV >= 30%
AQUA_20250905T140500_vs_HYPERNETS_20250905T134500_RHOW_R.csv,THFR,Hyp,AQUA,Hyp vs AQUA,2025-09-05T11:45:00Z,2025-09-05T12:05:00Z,1.0731,132.7036,-132.7036,CV >= 30%
AQUA_20250905T140500_vs_HYPERNETS_20250905T140000_RHOW_R.csv,THFR,Hyp,AQUA,Hyp vs AQUA,2025-09-05T12:00:00Z,2025-09-05T12:05:00Z,1.047,135.9773,-135.9773,CV >= 30%
AQUA_20250905T140500_vs_HYPERNETS_20250905T141500_RHOW_R.csv,THFR,Hyp,AQUA,Hyp vs AQUA,2025-09-05T12:15:00Z,2025-09-05T12:05:00Z,1.0605,138.7221,-138.7221,CV >= 30%
AQUA_20250905T140500_vs_HYPERNETS_20250905T143000_RHOW_R.csv,THFR,Hyp,AQUA,Hyp vs AQUA,2025-09-05T12:30:00Z,2025-09-05T12:05:00Z,1.0615,147.0794,-147.0794,CV >= 30%
AQUA_20250910T140001_vs_HYPERNETS_20250910T141500_RHOW_R.csv,THFR,Hyp,AQUA,Hyp vs AQUA,2025-09-10T12:15:00Z,2025-09-10T12:00:01Z,1.6704,39.4179,34.0006,CV >= 30%
AQUA_20250910T140001_vs_HYPERNETS_20250910T143000_RHOW_R.csv,THFR,Hyp,AQUA,Hyp vs AQUA,2025-09-10T12:30:00Z,2025-09-10T12:00:01Z,2.8509,130.678,130.678,CV >= 30%
AQUA_20250915T135501_vs_HYPERNETS_20250915T133000_RHOW_R.csv,THFR,Hyp,AQUA,Hyp vs AQUA,2025-09-15T11:30:00Z,2025-09-15T11:55:01Z,0.9818,21.064,-8.7599,CV >= 30%
AQUA_20250915T135501_vs_HYPERNETS_20250915T134500_RHOW_R.csv,THFR,Hyp,AQUA,Hyp vs AQUA,2025-09-15T11:45:00Z,2025-09-15T11:55:01Z,0.9919,19.2756,-8.3728,CV >= 30%
AQUA_20250915T135501_vs_HYPERNETS_20250915T140000_RHOW_R.csv,THFR,Hyp,AQUA,Hyp vs AQUA,2025-09-15T12:00:00Z,2025-09-15T11:55:01Z,0.9998,14.1672,-9.685,CV >= 30%
AQUA_20250915T135501_vs_HYPERNETS_20250915T141500_RHOW_R.csv,THFR,Hyp,AQUA,Hyp vs AQUA,2025-09-15T12:15:00Z,2025-09-15T11:55:01Z,1.0187,14.7456,-8.1957,CV >= 30%
AQUA_20250918T141501_vs_HYPERNETS_20250918T140000_RHOW_R.csv,THFR,Hyp,AQUA,Hyp vs AQUA,2025-09-18T12:00:00Z,2025-09-18T12:15:01Z,0.6123,81.2097,-81.2097,CV >= 30%
AQUA_20250918T141501_vs_HYPERNETS_20250918T141500_RHOW_R.csv,THFR,Hyp,AQUA,Hyp vs AQUA,2025-09-18T12:15:00Z,2025-09-18T12:15:01Z,0.6138,80.9251,-80.9251,CV >= 30%
AQUA_20250918T141501_vs_HYPERNETS_20250918T143000_RHOW_R.csv,THFR,Hyp,AQUA,Hyp vs AQUA,2025-09-18T12:30:00Z,2025-09-18T12:15:01Z,0.6314,60.9016,-60.9016,CV >= 30%
AQUA_20250918T141501_vs_HYPERNETS_20250918T144500_RHOW_R.csv,THFR,Hyp,AQUA,Hyp vs AQUA,2025-09-18T12:45:00Z,2025-09-18T12:15:01Z,0.6343,76.1227,-76.1227,CV >= 30%
AQUA_20251006T142001_vs_HYPERNETS_20251006T140000_RHOW_R.csv,THFR,Hyp,AQUA,Hyp vs AQUA,2025-10-06T12:00:00Z,2025-10-06T12:20:01Z,0.8694,77.4813,-77.4813,CV >= 30%
AQUA_20251006T142001_vs_HYPERNETS_20251006T141500_RHOW_R.csv,THFR,Hyp,AQUA,Hyp vs AQUA,2025-10-06T12:15:00Z,2025-10-06T12:20:01Z,0.896,74.5852,-74.5852,CV >= 30%
AQUA_20251006T142001_vs_HYPERNETS_20251006T143000_RHOW_R.csv,THFR,Hyp,AQUA,Hyp vs AQUA,2025-10-06T12:30:00Z,2025-10-06T12:20:01Z,0.9232,66.1082,-66.1082,CV >= 30%
AQUA_20251006T142001_vs_HYPERNETS_20251006T144500_RHOW_R.csv,THFR,Hyp,AQUA,Hyp vs AQUA,2025-10-06T12:45:00Z,2025-10-06T12:20:01Z,0.9585,62.0331,-62.0331,CV >= 30%
AQUA_20251008T140000_vs_HYPERNETS_20251008T133000_RHOW_R.csv,THFR,Hyp,AQUA,Hyp vs AQUA,2025-10-08T11:30:00Z,2025-10-08T12:00:00Z,2.3291,111.8716,-111.8716,CV >= 30%
AQUA_20251008T140000_vs_HYPERNETS_20251008T134500_RHOW_R.csv,THFR,Hyp,AQUA,Hyp vs AQUA,2025-10-08T11:45:00Z,2025-10-08T12:00:00Z,2.1392,104.7265,-104.7265,CV >= 30%
AQUA_20251008T140000_vs_HYPERNETS_20251008T140000_RHOW_R.csv,THFR,Hyp,AQUA,Hyp vs AQUA,2025-10-08T12:00:00Z,2025-10-08T12:00:00Z,2.2359,108.0575,-108.0575,CV >= 30%
AQUA_20251008T140000_vs_HYPERNETS_20251008T141500_RHOW_R.csv,THFR,Hyp,AQUA,Hyp vs AQUA,2025-10-08T12:15:00Z,2025-10-08T12:00:00Z,2.232,98.5479,-98.5479,CV >= 30%
AQUA_20251008T140000_vs_HYPERNETS_20251008T143000_RHOW_R.csv,THFR,Hyp,AQUA,Hyp vs AQUA,2025-10-08T12:30:00Z,2025-10-08T12:00:00Z,2.3041,87.5467,-87.5467,CV >= 30%
AQUA_20251018T135501_vs_HYPERNETS_20251018T133000_RHOW_R.csv,THFR,Hyp,AQUA,Hyp vs AQUA,2025-10-18T11:30:00Z,2025-10-18T11:55:01Z,2.1767,97.0502,-97.0502,CV >= 30%
AQUA_20251018T135501_vs_HYPERNETS_20251018T134500_RHOW_R.csv,THFR,Hyp,AQUA,Hyp vs AQUA,2025-10-18T11:45:00Z,2025-10-18T11:55:01Z,2.1426,93.6808,-93.6808,CV >= 30%
AQUA_20251018T135501_vs_HYPERNETS_20251018T140000_RHOW_R.csv,THFR,Hyp,AQUA,Hyp vs AQUA,2025-10-18T12:00:00Z,2025-10-18T11:55:01Z,2.1708,91.0954,-91.0954,CV >= 30%
AQUA_20251018T135501_vs_HYPERNETS_20251018T141500_RHOW_R.csv,THFR,Hyp,AQUA,Hyp vs AQUA,2025-10-18T12:15:00Z,2025-10-18T11:55:01Z,2.1986,91.7854,-91.7854,CV >= 30%
AQUA_20251023T135000_vs_HYPERNETS_20251023T133000_RHOW_R.csv,THFR,Hyp,AQUA,Hyp vs AQUA,2025-10-23T11:30:00Z,2025-10-23T11:50:00Z,1.253,208.7765,-208.7765,CV >= 30%
AQUA_20251023T135000_vs_HYPERNETS_20251023T134500_RHOW_R.csv,THFR,Hyp,AQUA,Hyp vs AQUA,2025-10-23T11:45:00Z,2025-10-23T11:50:00Z,1.2828,203.3573,-203.3573,CV >= 30%
AQUA_20251023T135000_vs_HYPERNETS_20251023T140000_RHOW_R.csv,THFR,Hyp,AQUA,Hyp vs AQUA,2025-10-23T12:00:00Z,2025-10-23T11:50:00Z,1.2792,226.9597,-226.9597,CV >= 30%
AQUA_20251023T135000_vs_HYPERNETS_20251023T141500_RHOW_R.csv,THFR,Hyp,AQUA,Hyp vs AQUA,2025-10-23T12:15:00Z,2025-10-23T11:50:00Z,1.239,202.5358,-202.5358,CV >= 30%
AQUA_20251026T141001_vs_HYPERNETS_20251026T134500_RHOW_R.csv,THFR,Hyp,AQUA,Hyp vs AQUA,2025-10-26T12:45:00Z,2025-10-26T13:10:01Z,0.5142,415.7453,-415.7453,CV >= 30%
AQUA_20251026T141001_vs_HYPERNETS_20251026T143000_RHOW_R.csv,THFR,Hyp,AQUA,Hyp vs AQUA,2025-10-26T13:30:00Z,2025-10-26T13:10:01Z,0.5205,322.7691,-322.7691,CV >= 30%
AQUA_20251103T142001_vs_HYPERNETS_20251103T140000_RHOW_R.csv,THFR,Hyp,AQUA,Hyp vs AQUA,2025-11-03T13:00:00Z,2025-11-03T13:20:01Z,0.4572,173.0448,-173.0448,CV >= 30%
AQUA_20251103T142001_vs_HYPERNETS_20251103T141500_RHOW_R.csv,THFR,Hyp,AQUA,Hyp vs AQUA,2025-11-03T13:15:00Z,2025-11-03T13:20:01Z,0.5036,154.1307,-154.1307,CV >= 30%
AQUA_20251103T142001_vs_HYPERNETS_20251103T143000_RHOW_R.csv,THFR,Hyp,AQUA,Hyp vs AQUA,2025-11-03T13:30:00Z,2025-11-03T13:20:01Z,0.5518,134.7311,-134.7311,CV >= 30%
AQUA_20251103T142001_vs_HYPERNETS_20251103T144500_RHOW_R.csv,THFR,Hyp,AQUA,Hyp vs AQUA,2025-11-03T13:45:00Z,2025-11-03T13:20:01Z,0.6102,111.1729,-111.1729,CV >= 30%
AQUA_20251118T141001_vs_HYPERNETS_20251118T134500_RHOW_R.csv,THFR,Hyp,AQUA,Hyp vs AQUA,2025-11-18T12:45:00Z,2025-11-18T13:10:01Z,0.7628,182.6041,-182.6041,CV >= 30%
AQUA_20251118T141001_vs_HYPERNETS_20251118T140000_RHOW_R.csv,THFR,Hyp,AQUA,Hyp vs AQUA,2025-11-18T13:00:00Z,2025-11-18T13:10:01Z,0.8308,114.9495,-114.9495,CV >= 30%
AQUA_20251118T141001_vs_HYPERNETS_20251118T141500_RHOW_R.csv,THFR,Hyp,AQUA,Hyp vs AQUA,2025-11-18T13:15:00Z,2025-11-18T13:10:01Z,0.8904,94.3689,-94.3689,CV >= 30%
AQUA_20251118T141001_vs_HYPERNETS_20251118T143000_RHOW_R.csv,THFR,Hyp,AQUA,Hyp vs AQUA,2025-11-18T13:30:00Z,2025-11-18T13:10:01Z,0.9513,57.7691,-57.7691,CV >= 30%
AQUA_20251120T135000_vs_HYPERNETS_20251120T140000_RHOW_R.csv,THFR,Hyp,AQUA,Hyp vs AQUA,2025-11-20T13:00:00Z,2025-11-20T12:50:00Z,NA,NA,NA,CV >= 30%
AQUA_20251120T135000_vs_HYPERNETS_20251120T141500_RHOW_R.csv,THFR,Hyp,AQUA,Hyp vs AQUA,2025-11-20T13:15:00Z,2025-11-20T12:50:00Z,NA,NA,NA,CV >= 30%
AQUA_20251121T142501_vs_HYPERNETS_20251121T140000_RHOW_R.csv,THFR,Hyp,AQUA,Hyp vs AQUA,2025-11-21T13:00:00Z,2025-11-21T13:25:01Z,0.3718,103.5425,-103.5425,CV >= 30%
AQUA_20251121T142501_vs_HYPERNETS_20251121T141500_RHOW_R.csv,THFR,Hyp,AQUA,Hyp vs AQUA,2025-11-21T13:15:00Z,2025-11-21T13:25:01Z,0.3499,137.1753,-137.1753,CV >= 30%
AQUA_20251121T142501_vs_HYPERNETS_20251121T143000_RHOW_R.csv,THFR,Hyp,AQUA,Hyp vs AQUA,2025-11-21T13:30:00Z,2025-11-21T13:25:01Z,0.3851,125.5081,-125.5081,CV >= 30%
AQUA_20251121T142501_vs_HYPERNETS_20251121T144500_RHOW_R.csv,THFR,Hyp,AQUA,Hyp vs AQUA,2025-11-21T13:45:00Z,2025-11-21T13:25:01Z,0.3742,164.8361,-164.8361,CV >= 30%
AQUA_20250123T133000_vs_HYPERNETS_20250123T131500_RHOW_pixel.csv,THFR_pixel,Hyp,AQUA,Hyp vs AQUA,2025-01-23T12:15:00Z,2025-01-23T12:30:00Z,0.8669,75.2538,-75.2538,CV >= 30%
AQUA_20250123T133000_vs_HYPERNETS_20250123T133000_RHOW_pixel.csv,THFR_pixel,Hyp,AQUA,Hyp vs AQUA,2025-01-23T12:30:00Z,2025-01-23T12:30:00Z,0.9142,76.3629,-76.3629,CV >= 30%
AQUA_20250123T133000_vs_HYPERNETS_20250123T134500_RHOW_pixel.csv,THFR_pixel,Hyp,AQUA,Hyp vs AQUA,2025-01-23T12:45:00Z,2025-01-23T12:30:00Z,0.859,64.514,-64.514,CV >= 30%
AQUA_20250123T133000_vs_HYPERNETS_20250123T140000_RHOW_pixel.csv,THFR_pixel,Hyp,AQUA,Hyp vs AQUA,2025-01-23T13:00:00Z,2025-01-23T12:30:00Z,0.875,58.2799,-58.2799,CV >= 30%
AQUA_20250131T135000_vs_HYPERNETS_20250131T133000_RHOW_pixel.csv,THFR_pixel,Hyp,AQUA,Hyp vs AQUA,2025-01-31T12:30:00Z,2025-01-31T12:50:00Z,0.8572,38.8943,-38.8943,CV >= 30%
AQUA_20250131T135000_vs_HYPERNETS_20250131T134500_RHOW_pixel.csv,THFR_pixel,Hyp,AQUA,Hyp vs AQUA,2025-01-31T12:45:00Z,2025-01-31T12:50:00Z,0.8422,47.6156,-47.6156,CV >= 30%
AQUA_20250131T135000_vs_HYPERNETS_20250131T140000_RHOW_pixel.csv,THFR_pixel,Hyp,AQUA,Hyp vs AQUA,2025-01-31T13:00:00Z,2025-01-31T12:50:00Z,0.8701,27.6821,-27.6821,CV >= 30%
AQUA_20250529T135000_vs_HYPERNETS_20250529T133000_RHOW_pixel.csv,THFR_pixel,Hyp,AQUA,Hyp vs AQUA,2025-05-29T11:30:00Z,2025-05-29T11:50:00Z,2.5128,4.2692,-4.2692,CV >= 30%
AQUA_20250529T135000_vs_HYPERNETS_20250529T134500_RHOW_pixel.csv,THFR_pixel,Hyp,AQUA,Hyp vs AQUA,2025-05-29T11:45:00Z,2025-05-29T11:50:00Z,3.1811,4.8108,-4.8108,CV >= 30%
AQUA_20250529T135000_vs_HYPERNETS_20250529T140100_RHOW_pixel.csv,THFR_pixel,Hyp,AQUA,Hyp vs AQUA,2025-05-29T12:01:00Z,2025-05-29T11:50:00Z,3.505,4.239,-4.239,CV >= 30%
AQUA_20250529T135000_vs_HYPERNETS_20250529T141500_RHOW_pixel.csv,THFR_pixel,Hyp,AQUA,Hyp vs AQUA,2025-05-29T12:15:00Z,2025-05-29T11:50:00Z,5.1978,11.4389,-11.4389,CV >= 30%
AQUA_20250621T140001_vs_HYPERNETS_20250621T133000_RHOW_pixel.csv,THFR_pixel,Hyp,AQUA,Hyp vs AQUA,2025-06-21T11:30:00Z,2025-06-21T12:00:01Z,1.5044,31.601,-31.601,CV >= 30%
AQUA_20250621T140001_vs_HYPERNETS_20250621T134500_RHOW_pixel.csv,THFR_pixel,Hyp,AQUA,Hyp vs AQUA,2025-06-21T11:45:00Z,2025-06-21T12:00:01Z,1.7095,31.6145,-31.6145,CV >= 30%
AQUA_20250621T140001_vs_HYPERNETS_20250621T140000_RHOW_pixel.csv,THFR_pixel,Hyp,AQUA,Hyp vs AQUA,2025-06-21T12:00:00Z,2025-06-21T12:00:01Z,1.7196,33.1487,-33.1487,CV >= 30%
AQUA_20250621T140001_vs_HYPERNETS_20250621T141500_RHOW_pixel.csv,THFR_pixel,Hyp,AQUA,Hyp vs AQUA,2025-06-21T12:15:00Z,2025-06-21T12:00:01Z,1.9612,24.0804,-24.0804,CV >= 30%
AQUA_20250716T135000_vs_HYPERNETS_20250716T133000_RHOW_pixel.csv,THFR_pixel,Hyp,AQUA,Hyp vs AQUA,2025-07-16T11:30:00Z,2025-07-16T11:50:00Z,0.9996,17.1474,17.1474,CV >= 30%
AQUA_20250716T135000_vs_HYPERNETS_20250716T134500_RHOW_pixel.csv,THFR_pixel,Hyp,AQUA,Hyp vs AQUA,2025-07-16T11:45:00Z,2025-07-16T11:50:00Z,1.0197,20.1633,20.1633,CV >= 30%
AQUA_20250716T135000_vs_HYPERNETS_20250716T140000_RHOW_pixel.csv,THFR_pixel,Hyp,AQUA,Hyp vs AQUA,2025-07-16T12:00:00Z,2025-07-16T11:50:00Z,1.0238,21.3724,21.3724,CV >= 30%
AQUA_20250716T135000_vs_HYPERNETS_20250716T141500_RHOW_pixel.csv,THFR_pixel,Hyp,AQUA,Hyp vs AQUA,2025-07-16T12:15:00Z,2025-07-16T11:50:00Z,1.0333,20.153,20.153,CV >= 30%
AQUA_20250918T141501_vs_HYPERNETS_20250918T134500_RHOW_pixel.csv,THFR_pixel,Hyp,AQUA,Hyp vs AQUA,2025-09-18T11:45:00Z,2025-09-18T12:15:01Z,0.6304,84.6031,-84.6031,CV >= 30%
AQUA_20250918T141501_vs_HYPERNETS_20250918T140000_RHOW_pixel.csv,THFR_pixel,Hyp,AQUA,Hyp vs AQUA,2025-09-18T12:00:00Z,2025-09-18T12:15:01Z,0.6242,89.4747,-89.4747,CV >= 30%
AQUA_20250918T141501_vs_HYPERNETS_20250918T141500_RHOW_pixel.csv,THFR_pixel,Hyp,AQUA,Hyp vs AQUA,2025-09-18T12:15:00Z,2025-09-18T12:15:01Z,0.6248,89.1771,-89.1771,CV >= 30%
AQUA_20250918T141501_vs_HYPERNETS_20250918T143000_RHOW_pixel.csv,THFR_pixel,Hyp,AQUA,Hyp vs AQUA,2025-09-18T12:30:00Z,2025-09-18T12:15:01Z,0.6419,78.1392,-78.1392,CV >= 30%
AQUA_20250918T141501_vs_HYPERNETS_20250918T144500_RHOW_pixel.csv,THFR_pixel,Hyp,AQUA,Hyp vs AQUA,2025-09-18T12:45:00Z,2025-09-18T12:15:01Z,0.6439,84.1557,-84.1557,CV >= 30%
AQUA_20251008T140000_vs_HYPERNETS_20251008T133000_RHOW_pixel.csv,THFR_pixel,Hyp,AQUA,Hyp vs AQUA,2025-10-08T11:30:00Z,2025-10-08T12:00:00Z,1.5534,99.7527,-99.7527,CV >= 30%
AQUA_20251008T140000_vs_HYPERNETS_20251008T134500_RHOW_pixel.csv,THFR_pixel,Hyp,AQUA,Hyp vs AQUA,2025-10-08T11:45:00Z,2025-10-08T12:00:00Z,1.2751,95.044,-95.044,CV >= 30%
AQUA_20251008T140000_vs_HYPERNETS_20251008T140000_RHOW_pixel.csv,THFR_pixel,Hyp,AQUA,Hyp vs AQUA,2025-10-08T12:00:00Z,2025-10-08T12:00:00Z,1.3174,97.6394,-97.6394,CV >= 30%
AQUA_20251008T140000_vs_HYPERNETS_20251008T141500_RHOW_pixel.csv,THFR_pixel,Hyp,AQUA,Hyp vs AQUA,2025-10-08T12:15:00Z,2025-10-08T12:00:00Z,1.3662,88.6741,-88.6741,CV >= 30%
AQUA_20251008T140000_vs_HYPERNETS_20251008T143000_RHOW_pixel.csv,THFR_pixel,Hyp,AQUA,Hyp vs AQUA,2025-10-08T12:30:00Z,2025-10-08T12:00:00Z,1.481,77.9335,-77.9335,CV >= 30%
AQUA_20251026T141001_vs_HYPERNETS_20251026T134500_RHOW_pixel.csv,THFR_pixel,Hyp,AQUA,Hyp vs AQUA,2025-10-26T12:45:00Z,2025-10-26T13:10:01Z,0.5756,125.644,-125.644,CV >= 30%
AQUA_20251026T141001_vs_HYPERNETS_20251026T143000_RHOW_pixel.csv,THFR_pixel,Hyp,AQUA,Hyp vs AQUA,2025-10-26T13:30:00Z,2025-10-26T13:10:01Z,0.6152,112.1032,-112.1032,CV >= 30%
AQUA_20251118T141001_vs_HYPERNETS_20251118T134500_RHOW_pixel.csv,THFR_pixel,Hyp,AQUA,Hyp vs AQUA,2025-11-18T12:45:00Z,2025-11-18T13:10:01Z,0.6573,68.1232,-68.1232,CV >= 30%
AQUA_20251118T141001_vs_HYPERNETS_20251118T140000_RHOW_pixel.csv,THFR_pixel,Hyp,AQUA,Hyp vs AQUA,2025-11-18T13:00:00Z,2025-11-18T13:10:01Z,0.7268,50.5267,-50.5267,CV >= 30%
AQUA_20251118T141001_vs_HYPERNETS_20251118T141500_RHOW_pixel.csv,THFR_pixel,Hyp,AQUA,Hyp vs AQUA,2025-11-18T13:15:00Z,2025-11-18T13:10:01Z,0.7887,41.6196,-41.6196,CV >= 30%
AQUA_20251118T141001_vs_HYPERNETS_20251118T143000_RHOW_pixel.csv,THFR_pixel,Hyp,AQUA,Hyp vs AQUA,2025-11-18T13:30:00Z,2025-11-18T13:10:01Z,0.86240000000000006,27.2346,-27.2346,CV >= 30%
AQUA_20250123T133000_vs_HYPERNETS_20250123T131500_RHOW_raw.csv,THFR_raw,Hyp,AQUA,Hyp vs AQUA,2025-01-23T12:15:00Z,2025-01-23T12:30:00Z,0.9737,75.2538,-75.2538,CV >= 30%
AQUA_20250123T133000_vs_HYPERNETS_20250123T133000_RHOW_raw.csv,THFR_raw,Hyp,AQUA,Hyp vs AQUA,2025-01-23T12:30:00Z,2025-01-23T12:30:00Z,1.0267,76.3629,-76.3629,CV >= 30%
AQUA_20250123T133000_vs_HYPERNETS_20250123T134500_RHOW_raw.csv,THFR_raw,Hyp,AQUA,Hyp vs AQUA,2025-01-23T12:45:00Z,2025-01-23T12:30:00Z,0.9647,64.514,-64.514,CV >= 30%
AQUA_20250123T133000_vs_HYPERNETS_20250123T140000_RHOW_raw.csv,THFR_raw,Hyp,AQUA,Hyp vs AQUA,2025-01-23T13:00:00Z,2025-01-23T12:30:00Z,0.9827,58.2799,-58.2799,CV >= 30%
AQUA_20250131T135000_vs_HYPERNETS_20250131T133000_RHOW_raw.csv,THFR_raw,Hyp,AQUA,Hyp vs AQUA,2025-01-31T12:30:00Z,2025-01-31T12:50:00Z,0.895,68.2408,-68.2408,CV >= 30%
AQUA_20250131T135000_vs_HYPERNETS_20250131T134500_RHOW_raw.csv,THFR_raw,Hyp,AQUA,Hyp vs AQUA,2025-01-31T12:45:00Z,2025-01-31T12:50:00Z,0.8824,75.28,-75.28,CV >= 30%
AQUA_20250131T135000_vs_HYPERNETS_20250131T140000_RHOW_raw.csv,THFR_raw,Hyp,AQUA,Hyp vs AQUA,2025-01-31T13:00:00Z,2025-01-31T12:50:00Z,0.9216,37.4806,-37.4806,CV >= 30%
AQUA_20250529T135000_vs_HYPERNETS_20250529T133000_RHOW_raw.csv,THFR_raw,Hyp,AQUA,Hyp vs AQUA,2025-05-29T11:30:00Z,2025-05-29T11:50:00Z,1.2113,128.3806,-128.3806,CV >= 30%
AQUA_20250529T135000_vs_HYPERNETS_20250529T134500_RHOW_raw.csv,THFR_raw,Hyp,AQUA,Hyp vs AQUA,2025-05-29T11:45:00Z,2025-05-29T11:50:00Z,1.211,134.7841,-134.7841,CV >= 30%
AQUA_20250529T135000_vs_HYPERNETS_20250529T140100_RHOW_raw.csv,THFR_raw,Hyp,AQUA,Hyp vs AQUA,2025-05-29T12:01:00Z,2025-05-29T11:50:00Z,1.2288,138.4065,-138.4065,CV >= 30%
AQUA_20250529T135000_vs_HYPERNETS_20250529T141500_RHOW_raw.csv,THFR_raw,Hyp,AQUA,Hyp vs AQUA,2025-05-29T12:15:00Z,2025-05-29T11:50:00Z,1.1868,172.1702,-172.1702,CV >= 30%
AQUA_20250621T140001_vs_HYPERNETS_20250621T133000_RHOW_raw.csv,THFR_raw,Hyp,AQUA,Hyp vs AQUA,2025-06-21T11:30:00Z,2025-06-21T12:00:01Z,1.117,41.6913,-41.6913,CV >= 30%
AQUA_20250621T140001_vs_HYPERNETS_20250621T134500_RHOW_raw.csv,THFR_raw,Hyp,AQUA,Hyp vs AQUA,2025-06-21T11:45:00Z,2025-06-21T12:00:01Z,1.1391,43.3769,-43.3769,CV >= 30%
AQUA_20250621T140001_vs_HYPERNETS_20250621T140000_RHOW_raw.csv,THFR_raw,Hyp,AQUA,Hyp vs AQUA,2025-06-21T12:00:00Z,2025-06-21T12:00:01Z,1.1279,45.1272,-45.1272,CV >= 30%
AQUA_20250621T140001_vs_HYPERNETS_20250621T141500_RHOW_raw.csv,THFR_raw,Hyp,AQUA,Hyp vs AQUA,2025-06-21T12:15:00Z,2025-06-21T12:00:01Z,1.1999,36.0289,-36.0289,CV >= 30%
AQUA_20250716T135000_vs_HYPERNETS_20250716T133000_RHOW_raw.csv,THFR_raw,Hyp,AQUA,Hyp vs AQUA,2025-07-16T11:30:00Z,2025-07-16T11:50:00Z,1.1712,18.5909,14.511,CV >= 30%
AQUA_20250716T135000_vs_HYPERNETS_20250716T134500_RHOW_raw.csv,THFR_raw,Hyp,AQUA,Hyp vs AQUA,2025-07-16T11:45:00Z,2025-07-16T11:50:00Z,1.1955,21.7086,17.3789,CV >= 30%
AQUA_20250716T135000_vs_HYPERNETS_20250716T140000_RHOW_raw.csv,THFR_raw,Hyp,AQUA,Hyp vs AQUA,2025-07-16T12:00:00Z,2025-07-16T11:50:00Z,1.1955,22.8497,18.5358,CV >= 30%
AQUA_20250716T135000_vs_HYPERNETS_20250716T141500_RHOW_raw.csv,THFR_raw,Hyp,AQUA,Hyp vs AQUA,2025-07-16T12:15:00Z,2025-07-16T11:50:00Z,1.207,21.6624,17.3112,CV >= 30%
AQUA_20250915T135501_vs_HYPERNETS_20250915T133000_RHOW_raw.csv,THFR_raw,Hyp,AQUA,Hyp vs AQUA,2025-09-15T11:30:00Z,2025-09-15T11:55:01Z,1.0072,28.2782,-28.2782,CV >= 30%
AQUA_20250915T135501_vs_HYPERNETS_20250915T134500_RHOW_raw.csv,THFR_raw,Hyp,AQUA,Hyp vs AQUA,2025-09-15T11:45:00Z,2025-09-15T11:55:01Z,1.0178,31.1891,-31.1891,CV >= 30%
AQUA_20250915T135501_vs_HYPERNETS_20250915T140000_RHOW_raw.csv,THFR_raw,Hyp,AQUA,Hyp vs AQUA,2025-09-15T12:00:00Z,2025-09-15T11:55:01Z,1.0249,38.7961,-38.7961,CV >= 30%
AQUA_20250915T135501_vs_HYPERNETS_20250915T141500_RHOW_raw.csv,THFR_raw,Hyp,AQUA,Hyp vs AQUA,2025-09-15T12:15:00Z,2025-09-15T11:55:01Z,1.0454,39.8685,-39.8685,CV >= 30%
AQUA_20250918T141501_vs_HYPERNETS_20250918T134500_RHOW_raw.csv,THFR_raw,Hyp,AQUA,Hyp vs AQUA,2025-09-18T11:45:00Z,2025-09-18T12:15:01Z,0.6304,84.6031,-84.6031,CV >= 30%
AQUA_20250918T141501_vs_HYPERNETS_20250918T140000_RHOW_raw.csv,THFR_raw,Hyp,AQUA,Hyp vs AQUA,2025-09-18T12:00:00Z,2025-09-18T12:15:01Z,0.6242,89.4747,-89.4747,CV >= 30%
AQUA_20250918T141501_vs_HYPERNETS_20250918T141500_RHOW_raw.csv,THFR_raw,Hyp,AQUA,Hyp vs AQUA,2025-09-18T12:15:00Z,2025-09-18T12:15:01Z,0.6248,89.1771,-89.1771,CV >= 30%
AQUA_20250918T141501_vs_HYPERNETS_20250918T143000_RHOW_raw.csv,THFR_raw,Hyp,AQUA,Hyp vs AQUA,2025-09-18T12:30:00Z,2025-09-18T12:15:01Z,0.6419,78.1392,-78.1392,CV >= 30%
AQUA_20250918T141501_vs_HYPERNETS_20250918T144500_RHOW_raw.csv,THFR_raw,Hyp,AQUA,Hyp vs AQUA,2025-09-18T12:45:00Z,2025-09-18T12:15:01Z,0.6439,84.1557,-84.1557,CV >= 30%
AQUA_20251008T140000_vs_HYPERNETS_20251008T133000_RHOW_raw.csv,THFR_raw,Hyp,AQUA,Hyp vs AQUA,2025-10-08T11:30:00Z,2025-10-08T12:00:00Z,0.6903,235.0667,-235.0667,CV >= 30%
AQUA_20251008T140000_vs_HYPERNETS_20251008T134500_RHOW_raw.csv,THFR_raw,Hyp,AQUA,Hyp vs AQUA,2025-10-08T11:45:00Z,2025-10-08T12:00:00Z,0.7076,220.1888,-220.1888,CV >= 30%
AQUA_20251008T140000_vs_HYPERNETS_20251008T140000_RHOW_raw.csv,THFR_raw,Hyp,AQUA,Hyp vs AQUA,2025-10-08T12:00:00Z,2025-10-08T12:00:00Z,0.7004,227.6482,-227.6482,CV >= 30%
AQUA_20251008T140000_vs_HYPERNETS_20251008T141500_RHOW_raw.csv,THFR_raw,Hyp,AQUA,Hyp vs AQUA,2025-10-08T12:15:00Z,2025-10-08T12:00:00Z,0.7383,210.6875,-210.6875,CV >= 30%
AQUA_20251008T140000_vs_HYPERNETS_20251008T143000_RHOW_raw.csv,THFR_raw,Hyp,AQUA,Hyp vs AQUA,2025-10-08T12:30:00Z,2025-10-08T12:00:00Z,0.7682,192.2293,-192.2293,CV >= 30%
AQUA_20251026T141001_vs_HYPERNETS_20251026T134500_RHOW_raw.csv,THFR_raw,Hyp,AQUA,Hyp vs AQUA,2025-10-26T12:45:00Z,2025-10-26T13:10:01Z,0.6262,438.869,-438.869,CV >= 30%
AQUA_20251026T141001_vs_HYPERNETS_20251026T143000_RHOW_raw.csv,THFR_raw,Hyp,AQUA,Hyp vs AQUA,2025-10-26T13:30:00Z,2025-10-26T13:10:01Z,0.6652,384.442,-384.442,CV >= 30%
AQUA_20251118T141001_vs_HYPERNETS_20251118T134500_RHOW_raw.csv,THFR_raw,Hyp,AQUA,Hyp vs AQUA,2025-11-18T12:45:00Z,2025-11-18T13:10:01Z,0.9049,69.237,-69.237,CV >= 30%
AQUA_20251118T141001_vs_HYPERNETS_20251118T140000_RHOW_raw.csv,THFR_raw,Hyp,AQUA,Hyp vs AQUA,2025-11-18T13:00:00Z,2025-11-18T13:10:01Z,1.0046,51.3235,-51.3235,CV >= 30%
AQUA_20251118T141001_vs_HYPERNETS_20251118T141500_RHOW_raw.csv,THFR_raw,Hyp,AQUA,Hyp vs AQUA,2025-11-18T13:15:00Z,2025-11-18T13:10:01Z,1.0959,42.5745,-42.5745,CV >= 30%
AQUA_20251118T141001_vs_HYPERNETS_20251118T143000_RHOW_raw.csv,THFR_raw,Hyp,AQUA,Hyp vs AQUA,2025-11-18T13:30:00Z,2025-11-18T13:10:01Z,1.2012,27.7375,-27.7375,CV >= 30%
AQUA_20251120T135000_vs_HYPERNETS_20251120T140000_RHOW_raw.csv,THFR_raw,Hyp,AQUA,Hyp vs AQUA,2025-11-20T13:00:00Z,2025-11-20T12:50:00Z,NA,NA,NA,CV >= 30%
AQUA_20251120T135000_vs_HYPERNETS_20251120T141500_RHOW_raw.csv,THFR_raw,Hyp,AQUA,Hyp vs AQUA,2025-11-20T13:15:00Z,2025-11-20T12:50:00Z,NA,NA,NA,CV >= 30%
JPSS1_20240915T120001_vs_HYPERNETS_20240915T114500_RHOW_R.csv,MAFR,Hyp,JPSS1,Hyp vs JPSS1,2024-09-15T09:45:00Z,2024-09-15T10:00:01Z,0.7386,59.0503,-59.0503,CV >= 30%
JPSS1_20240915T120001_vs_HYPERNETS_20240915T120000_RHOW_R.csv,MAFR,Hyp,JPSS1,Hyp vs JPSS1,2024-09-15T10:00:00Z,2024-09-15T10:00:01Z,0.7397,65.0632,-65.0632,CV >= 30%
JPSS1_20240915T120001_vs_HYPERNETS_20240915T121500_RHOW_R.csv,MAFR,Hyp,JPSS1,Hyp vs JPSS1,2024-09-15T10:15:00Z,2024-09-15T10:00:01Z,0.7469,56.6514,-56.6514,CV >= 30%
JPSS1_20240915T120001_vs_HYPERNETS_20240915T123000_RHOW_R.csv,MAFR,Hyp,JPSS1,Hyp vs JPSS1,2024-09-15T10:30:00Z,2024-09-15T10:00:01Z,0.8063,52.4176,-52.4176,CV >= 30%
JPSS1_20241024T130601_vs_HYPERNETS_20241024T124500_RHOW_R.csv,MAFR,Hyp,JPSS1,Hyp vs JPSS1,2024-10-24T10:45:00Z,2024-10-24T11:06:01Z,0.5597,125.5867,-125.5867,CV >= 30%
JPSS1_20241024T130601_vs_HYPERNETS_20241024T130000_RHOW_R.csv,MAFR,Hyp,JPSS1,Hyp vs JPSS1,2024-10-24T11:00:00Z,2024-10-24T11:06:01Z,0.5587,121.1709,-121.1709,CV >= 30%
JPSS1_20250618T122400_vs_HYPERNETS_20250618T120000_RHOW_R.csv,MAFR,Hyp,JPSS1,Hyp vs JPSS1,2025-06-18T10:00:00Z,2025-06-18T10:24:00Z,0.6819,148.1057,-148.1057,CV >= 30%
JPSS1_20250618T122400_vs_HYPERNETS_20250618T121500_RHOW_R.csv,MAFR,Hyp,JPSS1,Hyp vs JPSS1,2025-06-18T10:15:00Z,2025-06-18T10:24:00Z,0.5563,262.6894,-262.6894,CV >= 30%
JPSS1_20250618T122400_vs_HYPERNETS_20250618T123000_RHOW_R.csv,MAFR,Hyp,JPSS1,Hyp vs JPSS1,2025-06-18T10:30:00Z,2025-06-18T10:24:00Z,0.4658,291.0126,-291.0126,CV >= 30%
JPSS1_20250926T124801_vs_HYPERNETS_20250926T130000_RHOW_R.csv,MAFR,Hyp,JPSS1,Hyp vs JPSS1,2025-09-26T11:00:00Z,2025-09-26T10:48:01Z,0.5791,46.6006,-46.6006,CV >= 30%
JPSS1_20250926T124801_vs_HYPERNETS_20250926T131500_RHOW_R.csv,MAFR,Hyp,JPSS1,Hyp vs JPSS1,2025-09-26T11:15:00Z,2025-09-26T10:48:01Z,0.8728,9.569,-9.569,CV >= 30%
JPSS2_20240802T131200_vs_HYPERNETS_20240802T124500_RHOW_R.csv,MAFR,Hyp,JPSS2,Hyp vs JPSS2,2024-08-02T10:45:00Z,2024-08-02T11:12:00Z,0.8057,78.0083,-78.0083,CV >= 30%
JPSS2_20240802T131200_vs_HYPERNETS_20240802T130000_RHOW_R.csv,MAFR,Hyp,JPSS2,Hyp vs JPSS2,2024-08-02T11:00:00Z,2024-08-02T11:12:00Z,0.8676,50.0453,-50.0453,CV >= 30%
JPSS2_20240802T131200_vs_HYPERNETS_20240802T131500_RHOW_R.csv,MAFR,Hyp,JPSS2,Hyp vs JPSS2,2024-08-02T11:15:00Z,2024-08-02T11:12:00Z,0.9793,42.5567,-42.5567,CV >= 30%
JPSS2_20240802T131200_vs_HYPERNETS_20240802T133000_RHOW_R.csv,MAFR,Hyp,JPSS2,Hyp vs JPSS2,2024-08-02T11:30:00Z,2024-08-02T11:12:00Z,1.1027,29.0553,-29.0553,CV >= 30%
JPSS2_20240907T134200_vs_HYPERNETS_20240907T131500_RHOW_C.csv,MAFR,Hyp,JPSS2,Hyp vs JPSS2,2024-09-07T11:15:00Z,2024-09-07T11:42:00Z,0.9306,62.2993,-62.2993,CV >= 30%
JPSS2_20240907T134200_vs_HYPERNETS_20240907T133000_RHOW_C.csv,MAFR,Hyp,JPSS2,Hyp vs JPSS2,2024-09-07T11:30:00Z,2024-09-07T11:42:00Z,0.9879,57.7796,-57.7796,CV >= 30%
JPSS2_20240907T134200_vs_HYPERNETS_20240907T134500_RHOW_C.csv,MAFR,Hyp,JPSS2,Hyp vs JPSS2,2024-09-07T11:45:00Z,2024-09-07T11:42:00Z,1.0607,48.3583,-48.3583,CV >= 30%
JPSS2_20240907T134200_vs_HYPERNETS_20240907T140000_RHOW_C.csv,MAFR,Hyp,JPSS2,Hyp vs JPSS2,2024-09-07T12:00:00Z,2024-09-07T11:42:00Z,1.3984,14.6558,0.1661,CV >= 30%
JPSS2_20241210T123601_vs_HYPERNETS_20241210T130000_RHOW_R.csv,MAFR,Hyp,JPSS2,Hyp vs JPSS2,2024-12-10T12:00:00Z,2024-12-10T11:36:01Z,-0.1814,261.0696,-261.0696,CV >= 30%
JPSS2_20250618T131200_vs_HYPERNETS_20250618T130000_RHOW_R.csv,MAFR,Hyp,JPSS2,Hyp vs JPSS2,2025-06-18T11:00:00Z,2025-06-18T11:12:00Z,0.7502,67.2785,-67.2785,CV >= 30%
JPSS2_20250618T131200_vs_HYPERNETS_20250618T131500_RHOW_R.csv,MAFR,Hyp,JPSS2,Hyp vs JPSS2,2025-06-18T11:15:00Z,2025-06-18T11:12:00Z,0.9701,32.0969,-32.0969,CV >= 30%
JPSS2_20250619T125400_vs_HYPERNETS_20250619T131500_RHOW_R.csv,MAFR,Hyp,JPSS2,Hyp vs JPSS2,2025-06-19T11:15:00Z,2025-06-19T10:54:00Z,0.7596,116.0877,-116.0877,CV >= 30%
JPSS2_20250623T132400_vs_HYPERNETS_20250623T130000_RHOW_R.csv,MAFR,Hyp,JPSS2,Hyp vs JPSS2,2025-06-23T11:00:00Z,2025-06-23T11:24:00Z,1.265,84.7222,-42.2604,CV >= 30%
JPSS2_20250807T123600_vs_HYPERNETS_20250807T121500_RHOW_R.csv,MAFR,Hyp,JPSS2,Hyp vs JPSS2,2025-08-07T10:15:00Z,2025-08-07T10:36:00Z,0.7548,57.5186,-57.5186,CV >= 30%
JPSS2_20251125T131201_vs_HYPERNETS_20251125T133000_RHOW_R.csv,MAFR,Hyp,JPSS2,Hyp vs JPSS2,2025-11-25T12:30:00Z,2025-11-25T12:12:01Z,0.3648,351.5965,-351.5965,CV >= 30%
JPSS1_20241024T130601_vs_HYPERNETS_20241024T124500_RHOW_pixel.csv,MAFR_pixel,Hyp,JPSS1,Hyp vs JPSS1,2024-10-24T10:45:00Z,2024-10-24T11:06:01Z,0.5095,138.0468,-138.0468,CV >= 30%
JPSS1_20241024T130601_vs_HYPERNETS_20241024T130000_RHOW_pixel.csv,MAFR_pixel,Hyp,JPSS1,Hyp vs JPSS1,2024-10-24T11:00:00Z,2024-10-24T11:06:01Z,0.5086,137.218,-137.218,CV >= 30%
JPSS1_20250926T124801_vs_HYPERNETS_20250926T130000_RHOW_pixel.csv,MAFR_pixel,Hyp,JPSS1,Hyp vs JPSS1,2025-09-26T11:00:00Z,2025-09-26T10:48:01Z,0.5372,37.2061,-37.2061,CV >= 30%
JPSS1_20250926T124801_vs_HYPERNETS_20250926T131500_RHOW_pixel.csv,MAFR_pixel,Hyp,JPSS1,Hyp vs JPSS1,2025-09-26T11:15:00Z,2025-09-26T10:48:01Z,0.8107,6.013,4.5534,CV >= 30%
JPSS2_20241210T123601_vs_HYPERNETS_20241210T130000_RHOW_pixel.csv,MAFR_pixel,Hyp,JPSS2,Hyp vs JPSS2,2024-12-10T12:00:00Z,2024-12-10T11:36:01Z,0.1748,115.3683,-115.3683,CV >= 30%
JPSS2_20250619T125400_vs_HYPERNETS_20250619T123000_RHOW_pixel.csv,MAFR_pixel,Hyp,JPSS2,Hyp vs JPSS2,2025-06-19T10:30:00Z,2025-06-19T10:54:00Z,0.9827,70.8698,-70.8698,CV >= 30%
JPSS2_20250619T125400_vs_HYPERNETS_20250619T124500_RHOW_pixel.csv,MAFR_pixel,Hyp,JPSS2,Hyp vs JPSS2,2025-06-19T10:45:00Z,2025-06-19T10:54:00Z,0.8706,50.8884,-50.8884,CV >= 30%
JPSS2_20250619T125400_vs_HYPERNETS_20250619T130000_RHOW_pixel.csv,MAFR_pixel,Hyp,JPSS2,Hyp vs JPSS2,2025-06-19T11:00:00Z,2025-06-19T10:54:00Z,0.7605,76.753,-76.753,CV >= 30%
JPSS2_20250619T125400_vs_HYPERNETS_20250619T131500_RHOW_pixel.csv,MAFR_pixel,Hyp,JPSS2,Hyp vs JPSS2,2025-06-19T11:15:00Z,2025-06-19T10:54:00Z,0.7782,110.8703,-110.8703,CV >= 30%
JPSS2_20250708T120001_vs_HYPERNETS_20250708T113000_RHOW_pixel.csv,MAFR_pixel,Hyp,JPSS2,Hyp vs JPSS2,2025-07-08T09:30:00Z,2025-07-08T10:00:01Z,0.6404,159.4445,-159.4445,CV >= 30%
JPSS2_20250708T120001_vs_HYPERNETS_20250708T114500_RHOW_pixel.csv,MAFR_pixel,Hyp,JPSS2,Hyp vs JPSS2,2025-07-08T09:45:00Z,2025-07-08T10:00:01Z,0.7195,138.3913,-138.3913,CV >= 30%
JPSS2_20250708T120001_vs_HYPERNETS_20250708T120000_RHOW_pixel.csv,MAFR_pixel,Hyp,JPSS2,Hyp vs JPSS2,2025-07-08T10:00:00Z,2025-07-08T10:00:01Z,0.7472,118.2247,-118.2247,CV >= 30%
JPSS2_20250708T120001_vs_HYPERNETS_20250708T121500_RHOW_pixel.csv,MAFR_pixel,Hyp,JPSS2,Hyp vs JPSS2,2025-07-08T10:15:00Z,2025-07-08T10:00:01Z,0.7085,139.1929,-139.1929,CV >= 30%
JPSS2_20250708T120001_vs_HYPERNETS_20250708T123000_RHOW_pixel.csv,MAFR_pixel,Hyp,JPSS2,Hyp vs JPSS2,2025-07-08T10:30:00Z,2025-07-08T10:00:01Z,0.8935,88.1569,-88.1569,CV >= 30%
JPSS1_20241024T130601_vs_HYPERNETS_20241024T124500_RHOW_raw.csv,MAFR_raw,Hyp,JPSS1,Hyp vs JPSS1,2024-10-24T10:45:00Z,2024-10-24T11:06:01Z,0.5559,138.0468,-138.0468,CV >= 30%
JPSS1_20241024T130601_vs_HYPERNETS_20241024T130000_RHOW_raw.csv,MAFR_raw,Hyp,JPSS1,Hyp vs JPSS1,2024-10-24T11:00:00Z,2024-10-24T11:06:01Z,0.5549,137.218,-137.218,CV >= 30%
JPSS1_20250926T124801_vs_HYPERNETS_20250926T130000_RHOW_raw.csv,MAFR_raw,Hyp,JPSS1,Hyp vs JPSS1,2025-09-26T11:00:00Z,2025-09-26T10:48:01Z,0.5372,37.2061,-37.2061,CV >= 30%
JPSS1_20250926T124801_vs_HYPERNETS_20250926T131500_RHOW_raw.csv,MAFR_raw,Hyp,JPSS1,Hyp vs JPSS1,2025-09-26T11:15:00Z,2025-09-26T10:48:01Z,0.8107,6.013,4.5534,CV >= 30%
JPSS2_20241210T123601_vs_HYPERNETS_20241210T130000_RHOW_raw.csv,MAFR_raw,Hyp,JPSS2,Hyp vs JPSS2,2024-12-10T12:00:00Z,2024-12-10T11:36:01Z,0.1748,115.3683,-115.3683,CV >= 30%
JPSS2_20250619T125400_vs_HYPERNETS_20250619T123000_RHOW_raw.csv,MAFR_raw,Hyp,JPSS2,Hyp vs JPSS2,2025-06-19T10:30:00Z,2025-06-19T10:54:00Z,0.9827,70.8698,-70.8698,CV >= 30%
JPSS2_20250619T125400_vs_HYPERNETS_20250619T124500_RHOW_raw.csv,MAFR_raw,Hyp,JPSS2,Hyp vs JPSS2,2025-06-19T10:45:00Z,2025-06-19T10:54:00Z,0.8706,50.8884,-50.8884,CV >= 30%
JPSS2_20250619T125400_vs_HYPERNETS_20250619T130000_RHOW_raw.csv,MAFR_raw,Hyp,JPSS2,Hyp vs JPSS2,2025-06-19T11:00:00Z,2025-06-19T10:54:00Z,0.7605,76.753,-76.753,CV >= 30%
JPSS2_20250619T125400_vs_HYPERNETS_20250619T131500_RHOW_raw.csv,MAFR_raw,Hyp,JPSS2,Hyp vs JPSS2,2025-06-19T11:15:00Z,2025-06-19T10:54:00Z,0.7782,110.8703,-110.8703,CV >= 30%
JPSS2_20250708T120001_vs_HYPERNETS_20250708T113000_RHOW_raw.csv,MAFR_raw,Hyp,JPSS2,Hyp vs JPSS2,2025-07-08T09:30:00Z,2025-07-08T10:00:01Z,0.6404,159.4445,-159.4445,CV >= 30%
JPSS2_20250708T120001_vs_HYPERNETS_20250708T114500_RHOW_raw.csv,MAFR_raw,Hyp,JPSS2,Hyp vs JPSS2,2025-07-08T09:45:00Z,2025-07-08T10:00:01Z,0.7195,138.3913,-138.3913,CV >= 30%
JPSS2_20250708T120001_vs_HYPERNETS_20250708T120000_RHOW_raw.csv,MAFR_raw,Hyp,JPSS2,Hyp vs JPSS2,2025-07-08T10:00:00Z,2025-07-08T10:00:01Z,0.7472,118.2247,-118.2247,CV >= 30%
JPSS2_20250708T120001_vs_HYPERNETS_20250708T121500_RHOW_raw.csv,MAFR_raw,Hyp,JPSS2,Hyp vs JPSS2,2025-07-08T10:15:00Z,2025-07-08T10:00:01Z,0.7085,139.1929,-139.1929,CV >= 30%
JPSS2_20250708T120001_vs_HYPERNETS_20250708T123000_RHOW_raw.csv,MAFR_raw,Hyp,JPSS2,Hyp vs JPSS2,2025-07-08T10:30:00Z,2025-07-08T10:00:01Z,0.8935,88.1569,-88.1569,CV >= 30%
SNPP_20250117T124800_vs_HYPERNETS_20250117T123000_RHOW_R.csv,THFR,Hyp,SNPP,Hyp vs SNPP,2025-01-17T11:30:00Z,2025-01-17T11:48:00Z,1.1392,59.2069,-59.2069,CV >= 30%
SNPP_20250117T124800_vs_HYPERNETS_20250117T124500_RHOW_R.csv,THFR,Hyp,SNPP,Hyp vs SNPP,2025-01-17T11:45:00Z,2025-01-17T11:48:00Z,1.1556,51.6022,-51.6022,CV >= 30%
SNPP_20250117T124800_vs_HYPERNETS_20250117T130000_RHOW_R.csv,THFR,Hyp,SNPP,Hyp vs SNPP,2025-01-17T12:00:00Z,2025-01-17T11:48:00Z,1.1645,47.8956,-47.8956,CV >= 30%
SNPP_20250117T124800_vs_HYPERNETS_20250117T131500_RHOW_R.csv,THFR,Hyp,SNPP,Hyp vs SNPP,2025-01-17T12:15:00Z,2025-01-17T11:48:00Z,1.1745,47.8419,-47.8419,CV >= 30%
SNPP_20250119T121201_vs_HYPERNETS_20250119T114500_RHOW_R.csv,THFR,Hyp,SNPP,Hyp vs SNPP,2025-01-19T10:45:00Z,2025-01-19T11:12:01Z,-0.764,108.2703,-59.5744,CV >= 30%
SNPP_20250119T121201_vs_HYPERNETS_20250119T120000_RHOW_R.csv,THFR,Hyp,SNPP,Hyp vs SNPP,2025-01-19T11:00:00Z,2025-01-19T11:12:01Z,-0.7633,101.6248,-69.0761,CV >= 30%
SNPP_20250119T121201_vs_HYPERNETS_20250119T121500_RHOW_R.csv,THFR,Hyp,SNPP,Hyp vs SNPP,2025-01-19T11:15:00Z,2025-01-19T11:12:01Z,-0.7562,91.9127,-85.4456,CV >= 30%
SNPP_20250128T124201_vs_HYPERNETS_20250128T123000_RHOW_R.csv,THFR,Hyp,SNPP,Hyp vs SNPP,2025-01-28T11:30:00Z,2025-01-28T11:42:01Z,0.9263,353.4348,-353.4348,CV >= 30%
SNPP_20250129T122401_vs_HYPERNETS_20250129T120000_RHOW_R.csv,THFR,Hyp,SNPP,Hyp vs SNPP,2025-01-29T11:00:00Z,2025-01-29T11:24:01Z,0.7576,107.2241,-107.2241,CV >= 30%
SNPP_20250129T122401_vs_HYPERNETS_20250129T121500_RHOW_R.csv,THFR,Hyp,SNPP,Hyp vs SNPP,2025-01-29T11:15:00Z,2025-01-29T11:24:01Z,0.9336,181.0038,-181.0038,CV >= 30%
SNPP_20250129T122401_vs_HYPERNETS_20250129T124500_RHOW_R.csv,THFR,Hyp,SNPP,Hyp vs SNPP,2025-01-29T11:45:00Z,2025-01-29T11:24:01Z,0.8046,230.8396,-230.8396,CV >= 30%
SNPP_20250131T114800_vs_HYPERNETS_20250131T113000_RHOW_R.csv,THFR,Hyp,SNPP,Hyp vs SNPP,2025-01-31T10:30:00Z,2025-01-31T10:48:00Z,0.8581,36.3168,36.3168,CV >= 30%
SNPP_20250131T114800_vs_HYPERNETS_20250131T114500_RHOW_R.csv,THFR,Hyp,SNPP,Hyp vs SNPP,2025-01-31T10:45:00Z,2025-01-31T10:48:00Z,0.8847,41.3514,41.3514,CV >= 30%
SNPP_20250131T114800_vs_HYPERNETS_20250131T120000_RHOW_R.csv,THFR,Hyp,SNPP,Hyp vs SNPP,2025-01-31T11:00:00Z,2025-01-31T10:48:00Z,0.9033,46.2769,46.2769,CV >= 30%
SNPP_20250131T114800_vs_HYPERNETS_20250131T121500_RHOW_R.csv,THFR,Hyp,SNPP,Hyp vs SNPP,2025-01-31T11:15:00Z,2025-01-31T10:48:00Z,0.9194,49.0596,49.0596,CV >= 30%
SNPP_20250203T123000_vs_HYPERNETS_20250203T120000_RHOW_R.csv,THFR,Hyp,SNPP,Hyp vs SNPP,2025-02-03T11:00:00Z,2025-02-03T11:30:00Z,NA,524.432,-524.432,CV >= 30%
SNPP_20250203T123000_vs_HYPERNETS_20250203T121500_RHOW_R.csv,THFR,Hyp,SNPP,Hyp vs SNPP,2025-02-03T11:15:00Z,2025-02-03T11:30:00Z,NA,527.876,-527.876,CV >= 30%
SNPP_20250203T123000_vs_HYPERNETS_20250203T123000_RHOW_R.csv,THFR,Hyp,SNPP,Hyp vs SNPP,2025-02-03T11:30:00Z,2025-02-03T11:30:00Z,NA,517.3857,-517.3857,CV >= 30%
SNPP_20250203T123000_vs_HYPERNETS_20250203T124500_RHOW_R.csv,THFR,Hyp,SNPP,Hyp vs SNPP,2025-02-03T11:45:00Z,2025-02-03T11:30:00Z,NA,521.2171,-521.2171,CV >= 30%
SNPP_20250203T123000_vs_HYPERNETS_20250203T130000_RHOW_R.csv,THFR,Hyp,SNPP,Hyp vs SNPP,2025-02-03T12:00:00Z,2025-02-03T11:30:00Z,NA,495.137,-495.137,CV >= 30%
SNPP_20250204T121201_vs_HYPERNETS_20250204T114500_RHOW_R.csv,THFR,Hyp,SNPP,Hyp vs SNPP,2025-02-04T10:45:00Z,2025-02-04T11:12:01Z,NA,NA,NA,CV >= 30%
SNPP_20250204T121201_vs_HYPERNETS_20250204T120000_RHOW_R.csv,THFR,Hyp,SNPP,Hyp vs SNPP,2025-02-04T11:00:00Z,2025-02-04T11:12:01Z,NA,NA,NA,CV >= 30%
SNPP_20250204T121201_vs_HYPERNETS_20250204T121500_RHOW_R.csv,THFR,Hyp,SNPP,Hyp vs SNPP,2025-02-04T11:15:00Z,2025-02-04T11:12:01Z,NA,NA,NA,CV >= 30%
SNPP_20250204T121201_vs_HYPERNETS_20250204T123000_RHOW_R.csv,THFR,Hyp,SNPP,Hyp vs SNPP,2025-02-04T11:30:00Z,2025-02-04T11:12:01Z,NA,NA,NA,CV >= 30%
SNPP_20250205T115401_vs_HYPERNETS_20250205T113000_RHOW_R.csv,THFR,Hyp,SNPP,Hyp vs SNPP,2025-02-05T10:30:00Z,2025-02-05T10:54:01Z,0.7976,194.4951,-194.4951,CV >= 30%
SNPP_20250205T115401_vs_HYPERNETS_20250205T114500_RHOW_R.csv,THFR,Hyp,SNPP,Hyp vs SNPP,2025-02-05T10:45:00Z,2025-02-05T10:54:01Z,0.8047,181.9976,-181.9976,CV >= 30%
SNPP_20250205T115401_vs_HYPERNETS_20250205T120000_RHOW_R.csv,THFR,Hyp,SNPP,Hyp vs SNPP,2025-02-05T11:00:00Z,2025-02-05T10:54:01Z,0.8032,206.6834,-206.6834,CV >= 30%
SNPP_20250205T115401_vs_HYPERNETS_20250205T121500_RHOW_R.csv,THFR,Hyp,SNPP,Hyp vs SNPP,2025-02-05T11:15:00Z,2025-02-05T10:54:01Z,0.7779,202.9951,-202.9951,CV >= 30%
SNPP_20250214T122401_vs_HYPERNETS_20250214T120000_RHOW_R.csv,THFR,Hyp,SNPP,Hyp vs SNPP,2025-02-14T11:00:00Z,2025-02-14T11:24:01Z,0.4805,377.2476,-377.2476,CV >= 30%
SNPP_20250214T122401_vs_HYPERNETS_20250214T123000_RHOW_R.csv,THFR,Hyp,SNPP,Hyp vs SNPP,2025-02-14T11:30:00Z,2025-02-14T11:24:01Z,0.5479,313.702,-313.702,CV >= 30%
SNPP_20250214T122401_vs_HYPERNETS_20250214T124500_RHOW_R.csv,THFR,Hyp,SNPP,Hyp vs SNPP,2025-02-14T11:45:00Z,2025-02-14T11:24:01Z,0.5687,304.4534,-304.4534,CV >= 30%
SNPP_20250215T120600_vs_HYPERNETS_20250215T114500_RHOW_R.csv,THFR,Hyp,SNPP,Hyp vs SNPP,2025-02-15T10:45:00Z,2025-02-15T11:06:00Z,0.7872,122.2182,-122.2182,CV >= 30%
SNPP_20250215T120600_vs_HYPERNETS_20250215T120000_RHOW_R.csv,THFR,Hyp,SNPP,Hyp vs SNPP,2025-02-15T11:00:00Z,2025-02-15T11:06:00Z,0.7804,118.5019,-118.5019,CV >= 30%
SNPP_20250215T120600_vs_HYPERNETS_20250215T121500_RHOW_R.csv,THFR,Hyp,SNPP,Hyp vs SNPP,2025-02-15T11:15:00Z,2025-02-15T11:06:00Z,0.7575,124.1504,-124.1504,CV >= 30%
SNPP_20250215T120600_vs_HYPERNETS_20250215T123000_RHOW_R.csv,THFR,Hyp,SNPP,Hyp vs SNPP,2025-02-15T11:30:00Z,2025-02-15T11:06:00Z,0.7616,131.1227,-131.1227,CV >= 30%
SNPP_20250531T123601_vs_HYPERNETS_20250531T121500_RHOW_R.csv,THFR,Hyp,SNPP,Hyp vs SNPP,2025-05-31T10:15:00Z,2025-05-31T10:36:01Z,NA,NA,NA,CV >= 30%
SNPP_20250531T123601_vs_HYPERNETS_20250531T123000_RHOW_R.csv,THFR,Hyp,SNPP,Hyp vs SNPP,2025-05-31T10:30:00Z,2025-05-31T10:36:01Z,NA,NA,NA,CV >= 30%
SNPP_20250531T123601_vs_HYPERNETS_20250531T124500_RHOW_R.csv,THFR,Hyp,SNPP,Hyp vs SNPP,2025-05-31T10:45:00Z,2025-05-31T10:36:01Z,NA,NA,NA,CV >= 30%
SNPP_20250531T123601_vs_HYPERNETS_20250531T130000_RHOW_R.csv,THFR,Hyp,SNPP,Hyp vs SNPP,2025-05-31T11:00:00Z,2025-05-31T10:36:01Z,NA,NA,NA,CV >= 30%
SNPP_20250616T123601_vs_HYPERNETS_20250616T121500_RHOW_R.csv,THFR,Hyp,SNPP,Hyp vs SNPP,2025-06-16T10:15:00Z,2025-06-16T10:36:01Z,NA,212.1552,-212.1552,CV >= 30%
SNPP_20250616T123601_vs_HYPERNETS_20250616T123000_RHOW_R.csv,THFR,Hyp,SNPP,Hyp vs SNPP,2025-06-16T10:30:00Z,2025-06-16T10:36:01Z,NA,213.6654,-213.6654,CV >= 30%
SNPP_20250616T123601_vs_HYPERNETS_20250616T124500_RHOW_R.csv,THFR,Hyp,SNPP,Hyp vs SNPP,2025-06-16T10:45:00Z,2025-06-16T10:36:01Z,NA,203.8159,-203.8159,CV >= 30%
SNPP_20250616T123601_vs_HYPERNETS_20250616T130000_RHOW_R.csv,THFR,Hyp,SNPP,Hyp vs SNPP,2025-06-16T11:00:00Z,2025-06-16T10:36:01Z,NA,198.1105,-198.1105,CV >= 30%
SNPP_20250619T132401_vs_HYPERNETS_20250619T134500_RHOW_R.csv,THFR,Hyp,SNPP,Hyp vs SNPP,2025-06-19T11:45:00Z,2025-06-19T11:24:01Z,1.2099,65.4777,-65.4777,CV >= 30%
SNPP_20250620T130001_vs_HYPERNETS_20250620T124500_RHOW_R.csv,THFR,Hyp,SNPP,Hyp vs SNPP,2025-06-20T10:45:00Z,2025-06-20T11:00:01Z,1.4247,39.6708,39.6708,CV >= 30%
SNPP_20250620T130001_vs_HYPERNETS_20250620T130000_RHOW_R.csv,THFR,Hyp,SNPP,Hyp vs SNPP,2025-06-20T11:00:00Z,2025-06-20T11:00:01Z,1.4267,46.1225,46.1225,CV >= 30%
SNPP_20250620T130001_vs_HYPERNETS_20250620T131500_RHOW_R.csv,THFR,Hyp,SNPP,Hyp vs SNPP,2025-06-20T11:15:00Z,2025-06-20T11:00:01Z,1.4096,44.5876,44.5876,CV >= 30%
SNPP_20250620T130001_vs_HYPERNETS_20250620T133000_RHOW_R.csv,THFR,Hyp,SNPP,Hyp vs SNPP,2025-06-20T11:30:00Z,2025-06-20T11:00:01Z,1.4888,44.4695,44.4695,CV >= 30%
SNPP_20250621T124200_vs_HYPERNETS_20250621T121500_RHOW_R.csv,THFR,Hyp,SNPP,Hyp vs SNPP,2025-06-21T10:15:00Z,2025-06-21T10:42:00Z,1.351,254.6784,-254.6784,CV >= 30%
SNPP_20250621T124200_vs_HYPERNETS_20250621T123000_RHOW_R.csv,THFR,Hyp,SNPP,Hyp vs SNPP,2025-06-21T10:30:00Z,2025-06-21T10:42:00Z,1.4491,256.0497,-256.0497,CV >= 30%
SNPP_20250621T124200_vs_HYPERNETS_20250621T124500_RHOW_R.csv,THFR,Hyp,SNPP,Hyp vs SNPP,2025-06-21T10:45:00Z,2025-06-21T10:42:00Z,1.3731,228.6667,-228.6667,CV >= 30%
SNPP_20250621T124200_vs_HYPERNETS_20250621T130000_RHOW_R.csv,THFR,Hyp,SNPP,Hyp vs SNPP,2025-06-21T11:00:00Z,2025-06-21T10:42:00Z,1.4592,225.1291,-225.1291,CV >= 30%
SNPP_20250622T122400_vs_HYPERNETS_20250622T120000_RHOW_R.csv,THFR,Hyp,SNPP,Hyp vs SNPP,2025-06-22T10:00:00Z,2025-06-22T10:24:00Z,NA,281.774,-281.774,CV >= 30%
SNPP_20250622T122400_vs_HYPERNETS_20250622T121500_RHOW_R.csv,THFR,Hyp,SNPP,Hyp vs SNPP,2025-06-22T10:15:00Z,2025-06-22T10:24:00Z,NA,271.2934,-271.2934,CV >= 30%
SNPP_20250622T122400_vs_HYPERNETS_20250622T123000_RHOW_R.csv,THFR,Hyp,SNPP,Hyp vs SNPP,2025-06-22T10:30:00Z,2025-06-22T10:24:00Z,NA,273.1215,-273.1215,CV >= 30%
SNPP_20250622T122400_vs_HYPERNETS_20250622T124500_RHOW_R.csv,THFR,Hyp,SNPP,Hyp vs SNPP,2025-06-22T10:45:00Z,2025-06-22T10:24:00Z,NA,261.4362,-261.4362,CV >= 30%
SNPP_20250629T115400_vs_HYPERNETS_20250629T113000_RHOW_R.csv,THFR,Hyp,SNPP,Hyp vs SNPP,2025-06-29T09:30:00Z,2025-06-29T09:54:00Z,0.9797,369.1172,-369.1172,CV >= 30%
SNPP_20250702T123601_vs_HYPERNETS_20250702T121500_RHOW_R.csv,THFR,Hyp,SNPP,Hyp vs SNPP,2025-07-02T10:15:00Z,2025-07-02T10:36:01Z,NA,183.3225,-183.3225,CV >= 30%
SNPP_20250702T123601_vs_HYPERNETS_20250702T123000_RHOW_R.csv,THFR,Hyp,SNPP,Hyp vs SNPP,2025-07-02T10:30:00Z,2025-07-02T10:36:01Z,NA,178.5014,-178.5014,CV >= 30%
SNPP_20250702T123601_vs_HYPERNETS_20250702T124500_RHOW_R.csv,THFR,Hyp,SNPP,Hyp vs SNPP,2025-07-02T10:45:00Z,2025-07-02T10:36:01Z,NA,185.4906,-185.4906,CV >= 30%
SNPP_20250702T123601_vs_HYPERNETS_20250702T130000_RHOW_R.csv,THFR,Hyp,SNPP,Hyp vs SNPP,2025-07-02T11:00:00Z,2025-07-02T10:36:01Z,NA,169.5058,-169.5058,CV >= 30%
SNPP_20250708T122400_vs_HYPERNETS_20250708T120000_RHOW_R.csv,THFR,Hyp,SNPP,Hyp vs SNPP,2025-07-08T10:00:00Z,2025-07-08T10:24:00Z,1.511,100.9323,100.9323,CV >= 30%
SNPP_20250708T122400_vs_HYPERNETS_20250708T121500_RHOW_R.csv,THFR,Hyp,SNPP,Hyp vs SNPP,2025-07-08T10:15:00Z,2025-07-08T10:24:00Z,1.5508,72.4441,72.4441,CV >= 30%
SNPP_20250708T122400_vs_HYPERNETS_20250708T123000_RHOW_R.csv,THFR,Hyp,SNPP,Hyp vs SNPP,2025-07-08T10:30:00Z,2025-07-08T10:24:00Z,1.4984,86.4413,86.4413,CV >= 30%
SNPP_20250708T122400_vs_HYPERNETS_20250708T124500_RHOW_R.csv,THFR,Hyp,SNPP,Hyp vs SNPP,2025-07-08T10:45:00Z,2025-07-08T10:24:00Z,1.4934,87.6864,87.6864,CV >= 30%
SNPP_20250709T120601_vs_HYPERNETS_20250709T114500_RHOW_R.csv,THFR,Hyp,SNPP,Hyp vs SNPP,2025-07-09T09:45:00Z,2025-07-09T10:06:01Z,1.1447,29.3137,-27.105,CV >= 30%
SNPP_20250709T120601_vs_HYPERNETS_20250709T120000_RHOW_R.csv,THFR,Hyp,SNPP,Hyp vs SNPP,2025-07-09T10:00:00Z,2025-07-09T10:06:01Z,1.1207,28.3578,-27.0743,CV >= 30%
SNPP_20250709T120601_vs_HYPERNETS_20250709T121500_RHOW_R.csv,THFR,Hyp,SNPP,Hyp vs SNPP,2025-07-09T10:15:00Z,2025-07-09T10:06:01Z,1.1091,37.6838,-37.6838,CV >= 30%
SNPP_20250709T120601_vs_HYPERNETS_20250709T123000_RHOW_R.csv,THFR,Hyp,SNPP,Hyp vs SNPP,2025-07-09T10:30:00Z,2025-07-09T10:06:01Z,1.1063,34.1838,-34.1838,CV >= 30%
SNPP_20250716T131800_vs_HYPERNETS_20250716T134500_RHOW_R.csv,THFR,Hyp,SNPP,Hyp vs SNPP,2025-07-16T11:45:00Z,2025-07-16T11:18:00Z,NA,56.7576,-56.7576,CV >= 30%
SNPP_20250718T123601_vs_HYPERNETS_20250718T121500_RHOW_R.csv,THFR,Hyp,SNPP,Hyp vs SNPP,2025-07-18T10:15:00Z,2025-07-18T10:36:01Z,1.2967,49.5952,-49.5952,CV >= 30%
SNPP_20250718T123601_vs_HYPERNETS_20250718T123000_RHOW_R.csv,THFR,Hyp,SNPP,Hyp vs SNPP,2025-07-18T10:30:00Z,2025-07-18T10:36:01Z,1.2516,53.1473,-53.1473,CV >= 30%
SNPP_20250718T123601_vs_HYPERNETS_20250718T124500_RHOW_R.csv,THFR,Hyp,SNPP,Hyp vs SNPP,2025-07-18T10:45:00Z,2025-07-18T10:36:01Z,1.2576,44.658,-44.658,CV >= 30%
SNPP_20250718T123601_vs_HYPERNETS_20250718T130000_RHOW_R.csv,THFR,Hyp,SNPP,Hyp vs SNPP,2025-07-18T11:00:00Z,2025-07-18T10:36:01Z,1.2406,43.3676,-43.3676,CV >= 30%
SNPP_20250720T120000_vs_HYPERNETS_20250720T113000_RHOW_R.csv,THFR,Hyp,SNPP,Hyp vs SNPP,2025-07-20T09:30:00Z,2025-07-20T10:00:00Z,NA,1086.9409,-1086.9409,CV >= 30%
SNPP_20250720T120000_vs_HYPERNETS_20250720T114500_RHOW_R.csv,THFR,Hyp,SNPP,Hyp vs SNPP,2025-07-20T09:45:00Z,2025-07-20T10:00:00Z,NA,1101.3752,-1101.3752,CV >= 30%
SNPP_20250720T120000_vs_HYPERNETS_20250720T120000_RHOW_R.csv,THFR,Hyp,SNPP,Hyp vs SNPP,2025-07-20T10:00:00Z,2025-07-20T10:00:00Z,NA,1014.7925,-1014.7925,CV >= 30%
SNPP_20250720T120000_vs_HYPERNETS_20250720T121500_RHOW_R.csv,THFR,Hyp,SNPP,Hyp vs SNPP,2025-07-20T10:15:00Z,2025-07-20T10:00:00Z,NA,1032.2801,-1032.2801,CV >= 30%
SNPP_20250720T120000_vs_HYPERNETS_20250720T123000_RHOW_R.csv,THFR,Hyp,SNPP,Hyp vs SNPP,2025-07-20T10:30:00Z,2025-07-20T10:00:00Z,NA,995.5608,-995.5608,CV >= 30%
SNPP_20250722T130600_vs_HYPERNETS_20250722T124500_RHOW_R.csv,THFR,Hyp,SNPP,Hyp vs SNPP,2025-07-22T10:45:00Z,2025-07-22T11:06:00Z,1.0738,47.9242,-47.9242,CV >= 30%
SNPP_20250722T130600_vs_HYPERNETS_20250722T130000_RHOW_R.csv,THFR,Hyp,SNPP,Hyp vs SNPP,2025-07-22T11:00:00Z,2025-07-22T11:06:00Z,1.0802,41.3308,-41.3308,CV >= 30%
SNPP_20250728T124801_vs_HYPERNETS_20250728T123000_RHOW_R.csv,THFR,Hyp,SNPP,Hyp vs SNPP,2025-07-28T10:30:00Z,2025-07-28T10:48:01Z,1.2386,65.5428,1.8209,CV >= 30%
SNPP_20250728T124801_vs_HYPERNETS_20250728T124500_RHOW_R.csv,THFR,Hyp,SNPP,Hyp vs SNPP,2025-07-28T10:45:00Z,2025-07-28T10:48:01Z,1.2722,23.8265,-6.9792,CV >= 30%
SNPP_20250728T124801_vs_HYPERNETS_20250728T130000_RHOW_R.csv,THFR,Hyp,SNPP,Hyp vs SNPP,2025-07-28T11:00:00Z,2025-07-28T10:48:01Z,1.2818,65.5769,3.6052,CV >= 30%
SNPP_20250728T124801_vs_HYPERNETS_20250728T131500_RHOW_R.csv,THFR,Hyp,SNPP,Hyp vs SNPP,2025-07-28T11:15:00Z,2025-07-28T10:48:01Z,1.3203,36.5846,-0.6412,CV >= 30%
SNPP_20250731T115401_vs_HYPERNETS_20250731T113000_RHOW_R.csv,THFR,Hyp,SNPP,Hyp vs SNPP,2025-07-31T09:30:00Z,2025-07-31T09:54:01Z,1.11,115.9506,-115.9506,CV >= 30%
SNPP_20250731T115401_vs_HYPERNETS_20250731T114500_RHOW_R.csv,THFR,Hyp,SNPP,Hyp vs SNPP,2025-07-31T09:45:00Z,2025-07-31T09:54:01Z,1.1036,126.1687,-126.1687,CV >= 30%
SNPP_20250731T115401_vs_HYPERNETS_20250731T120000_RHOW_R.csv,THFR,Hyp,SNPP,Hyp vs SNPP,2025-07-31T10:00:00Z,2025-07-31T09:54:01Z,1.1054,121.7852,-121.7852,CV >= 30%
SNPP_20250731T115401_vs_HYPERNETS_20250731T121500_RHOW_R.csv,THFR,Hyp,SNPP,Hyp vs SNPP,2025-07-31T10:15:00Z,2025-07-31T09:54:01Z,1.1196,113.4944,-113.4944,CV >= 30%
SNPP_20250802T125400_vs_HYPERNETS_20250802T123000_RHOW_R.csv,THFR,Hyp,SNPP,Hyp vs SNPP,2025-08-02T10:30:00Z,2025-08-02T10:54:00Z,1.1897,61.28,-61.28,CV >= 30%
SNPP_20250802T125400_vs_HYPERNETS_20250802T124500_RHOW_R.csv,THFR,Hyp,SNPP,Hyp vs SNPP,2025-08-02T10:45:00Z,2025-08-02T10:54:00Z,1.1973,60.7883,-60.7883,CV >= 30%
SNPP_20250802T125400_vs_HYPERNETS_20250802T130000_RHOW_R.csv,THFR,Hyp,SNPP,Hyp vs SNPP,2025-08-02T11:00:00Z,2025-08-02T10:54:00Z,1.1907,58.2111,-58.2111,CV >= 30%
SNPP_20250802T125400_vs_HYPERNETS_20250802T131500_RHOW_R.csv,THFR,Hyp,SNPP,Hyp vs SNPP,2025-08-02T11:15:00Z,2025-08-02T10:54:00Z,1.2048,52.4894,-52.4894,CV >= 30%
SNPP_20250803T123601_vs_HYPERNETS_20250803T121500_RHOW_R.csv,THFR,Hyp,SNPP,Hyp vs SNPP,2025-08-03T10:15:00Z,2025-08-03T10:36:01Z,1.1814,85.4222,-85.4222,CV >= 30%
SNPP_20250803T123601_vs_HYPERNETS_20250803T123000_RHOW_R.csv,THFR,Hyp,SNPP,Hyp vs SNPP,2025-08-03T10:30:00Z,2025-08-03T10:36:01Z,1.1664,79.8061,-79.8061,CV >= 30%
SNPP_20250803T123601_vs_HYPERNETS_20250803T124500_RHOW_R.csv,THFR,Hyp,SNPP,Hyp vs SNPP,2025-08-03T10:45:00Z,2025-08-03T10:36:01Z,1.1707,88.7862,-88.7862,CV >= 30%
SNPP_20250803T123601_vs_HYPERNETS_20250803T130000_RHOW_R.csv,THFR,Hyp,SNPP,Hyp vs SNPP,2025-08-03T11:00:00Z,2025-08-03T10:36:01Z,1.1826,79.333,-79.333,CV >= 30%
SNPP_20250805T120000_vs_HYPERNETS_20250805T113000_RHOW_R.csv,THFR,Hyp,SNPP,Hyp vs SNPP,2025-08-05T09:30:00Z,2025-08-05T10:00:00Z,1.2247,23.5198,-15.5564,CV >= 30%
SNPP_20250805T120000_vs_HYPERNETS_20250805T114500_RHOW_R.csv,THFR,Hyp,SNPP,Hyp vs SNPP,2025-08-05T09:45:00Z,2025-08-05T10:00:00Z,1.2325,22.9268,-12.5904,CV >= 30%
SNPP_20250805T120000_vs_HYPERNETS_20250805T120000_RHOW_R.csv,THFR,Hyp,SNPP,Hyp vs SNPP,2025-08-05T10:00:00Z,2025-08-05T10:00:00Z,1.2297,22.0293,-14.077,CV >= 30%
SNPP_20250805T120000_vs_HYPERNETS_20250805T121500_RHOW_R.csv,THFR,Hyp,SNPP,Hyp vs SNPP,2025-08-05T10:15:00Z,2025-08-05T10:00:00Z,1.2457,23.6091,-12.6035,CV >= 30%
SNPP_20250805T120000_vs_HYPERNETS_20250805T123000_RHOW_R.csv,THFR,Hyp,SNPP,Hyp vs SNPP,2025-08-05T10:30:00Z,2025-08-05T10:00:00Z,1.2374,15.686,-15.686,CV >= 30%
SNPP_20250808T124200_vs_HYPERNETS_20250808T121500_RHOW_R.csv,THFR,Hyp,SNPP,Hyp vs SNPP,2025-08-08T10:15:00Z,2025-08-08T10:42:00Z,1.4914,97.4029,97.4029,CV >= 30%
SNPP_20250808T124200_vs_HYPERNETS_20250808T123000_RHOW_R.csv,THFR,Hyp,SNPP,Hyp vs SNPP,2025-08-08T10:30:00Z,2025-08-08T10:42:00Z,1.5627,332.0825,332.0825,CV >= 30%
SNPP_20250808T124200_vs_HYPERNETS_20250808T124500_RHOW_R.csv,THFR,Hyp,SNPP,Hyp vs SNPP,2025-08-08T10:45:00Z,2025-08-08T10:42:00Z,1.4924,121.92,121.92,CV >= 30%
SNPP_20250808T124200_vs_HYPERNETS_20250808T130000_RHOW_R.csv,THFR,Hyp,SNPP,Hyp vs SNPP,2025-08-08T11:00:00Z,2025-08-08T10:42:00Z,1.4568,130.8028,130.8028,CV >= 30%
SNPP_20250813T124800_vs_HYPERNETS_20250813T123000_RHOW_R.csv,THFR,Hyp,SNPP,Hyp vs SNPP,2025-08-13T10:30:00Z,2025-08-13T10:48:00Z,NA,NA,NA,CV >= 30%
SNPP_20250813T124800_vs_HYPERNETS_20250813T124500_RHOW_R.csv,THFR,Hyp,SNPP,Hyp vs SNPP,2025-08-13T10:45:00Z,2025-08-13T10:48:00Z,NA,NA,NA,CV >= 30%
SNPP_20250813T124800_vs_HYPERNETS_20250813T130000_RHOW_R.csv,THFR,Hyp,SNPP,Hyp vs SNPP,2025-08-13T11:00:00Z,2025-08-13T10:48:00Z,NA,NA,NA,CV >= 30%
SNPP_20250813T124800_vs_HYPERNETS_20250813T131500_RHOW_R.csv,THFR,Hyp,SNPP,Hyp vs SNPP,2025-08-13T11:15:00Z,2025-08-13T10:48:00Z,NA,NA,NA,CV >= 30%
SNPP_20250831T121201_vs_HYPERNETS_20250831T114500_RHOW_R.csv,THFR,Hyp,SNPP,Hyp vs SNPP,2025-08-31T09:45:00Z,2025-08-31T10:12:01Z,0.9762,18.9462,-18.9462,CV >= 30%
SNPP_20250831T121201_vs_HYPERNETS_20250831T120000_RHOW_R.csv,THFR,Hyp,SNPP,Hyp vs SNPP,2025-08-31T10:00:00Z,2025-08-31T10:12:01Z,0.9321,23.2308,-23.2308,CV >= 30%
SNPP_20250831T121201_vs_HYPERNETS_20250831T121500_RHOW_R.csv,THFR,Hyp,SNPP,Hyp vs SNPP,2025-08-31T10:15:00Z,2025-08-31T10:12:01Z,0.8913,30.1612,-30.1612,CV >= 30%
SNPP_20250831T121201_vs_HYPERNETS_20250831T123000_RHOW_R.csv,THFR,Hyp,SNPP,Hyp vs SNPP,2025-08-31T10:30:00Z,2025-08-31T10:12:01Z,0.8513,30.3593,-30.3593,CV >= 30%
SNPP_20250905T121800_vs_HYPERNETS_20250905T120000_RHOW_R.csv,THFR,Hyp,SNPP,Hyp vs SNPP,2025-09-05T10:00:00Z,2025-09-05T10:18:00Z,1.262,21.854,-14.9211,CV >= 30%
SNPP_20250905T121800_vs_HYPERNETS_20250905T121500_RHOW_R.csv,THFR,Hyp,SNPP,Hyp vs SNPP,2025-09-05T10:15:00Z,2025-09-05T10:18:00Z,1.2536,17.4462,-17.4462,CV >= 30%
SNPP_20250905T121800_vs_HYPERNETS_20250905T123000_RHOW_R.csv,THFR,Hyp,SNPP,Hyp vs SNPP,2025-09-05T10:30:00Z,2025-09-05T10:18:00Z,1.231,19.3067,-19.3067,CV >= 30%
SNPP_20250905T121800_vs_HYPERNETS_20250905T124500_RHOW_R.csv,THFR,Hyp,SNPP,Hyp vs SNPP,2025-09-05T10:45:00Z,2025-09-05T10:18:00Z,1.2132,21.3499,-13.1617,CV >= 30%
SNPP_20250906T120000_vs_HYPERNETS_20250906T113000_RHOW_R.csv,THFR,Hyp,SNPP,Hyp vs SNPP,2025-09-06T09:30:00Z,2025-09-06T10:00:00Z,NA,NA,NA,CV >= 30%
SNPP_20250910T122401_vs_HYPERNETS_20250910T123000_RHOW_R.csv,THFR,Hyp,SNPP,Hyp vs SNPP,2025-09-10T10:30:00Z,2025-09-10T10:24:01Z,1.054,424.5158,-424.5158,CV >= 30%
SNPP_20250915T123000_vs_HYPERNETS_20250915T120000_RHOW_R.csv,THFR,Hyp,SNPP,Hyp vs SNPP,2025-09-15T10:00:00Z,2025-09-15T10:30:00Z,1.2552,66.3793,-66.3793,CV >= 30%
SNPP_20250915T123000_vs_HYPERNETS_20250915T121500_RHOW_R.csv,THFR,Hyp,SNPP,Hyp vs SNPP,2025-09-15T10:15:00Z,2025-09-15T10:30:00Z,1.2392,71.3162,-71.3162,CV >= 30%
SNPP_20250915T123000_vs_HYPERNETS_20250915T123000_RHOW_R.csv,THFR,Hyp,SNPP,Hyp vs SNPP,2025-09-15T10:30:00Z,2025-09-15T10:30:00Z,1.2115,69.6891,-69.6891,CV >= 30%
SNPP_20250915T123000_vs_HYPERNETS_20250915T124500_RHOW_R.csv,THFR,Hyp,SNPP,Hyp vs SNPP,2025-09-15T10:45:00Z,2025-09-15T10:30:00Z,1.2264,63.6337,-63.6337,CV >= 30%
SNPP_20250915T123000_vs_HYPERNETS_20250915T130000_RHOW_R.csv,THFR,Hyp,SNPP,Hyp vs SNPP,2025-09-15T11:00:00Z,2025-09-15T10:30:00Z,1.2055,62.795,-62.795,CV >= 30%
SNPP_20250917T115401_vs_HYPERNETS_20250917T113000_RHOW_R.csv,THFR,Hyp,SNPP,Hyp vs SNPP,2025-09-17T09:30:00Z,2025-09-17T09:54:01Z,0.9377,89.0683,-89.0683,CV >= 30%
SNPP_20250917T115401_vs_HYPERNETS_20250917T114500_RHOW_R.csv,THFR,Hyp,SNPP,Hyp vs SNPP,2025-09-17T09:45:00Z,2025-09-17T09:54:01Z,0.9319,87.201,-87.201,CV >= 30%
SNPP_20250917T115401_vs_HYPERNETS_20250917T120000_RHOW_R.csv,THFR,Hyp,SNPP,Hyp vs SNPP,2025-09-17T10:00:00Z,2025-09-17T09:54:01Z,0.9213,86.2313,-86.2313,CV >= 30%
SNPP_20250917T115401_vs_HYPERNETS_20250917T121500_RHOW_R.csv,THFR,Hyp,SNPP,Hyp vs SNPP,2025-09-17T10:15:00Z,2025-09-17T09:54:01Z,0.9094,90.4004,-90.4004,CV >= 30%
SNPP_20250919T130000_vs_HYPERNETS_20250919T123000_RHOW_R.csv,THFR,Hyp,SNPP,Hyp vs SNPP,2025-09-19T10:30:00Z,2025-09-19T11:00:00Z,0.9693,13.2402,-13.2402,CV >= 30%
SNPP_20250919T130000_vs_HYPERNETS_20250919T124500_RHOW_R.csv,THFR,Hyp,SNPP,Hyp vs SNPP,2025-09-19T10:45:00Z,2025-09-19T11:00:00Z,0.9668,17.5856,-17.5856,CV >= 30%
SNPP_20250919T130000_vs_HYPERNETS_20250919T130000_RHOW_R.csv,THFR,Hyp,SNPP,Hyp vs SNPP,2025-09-19T11:00:00Z,2025-09-19T11:00:00Z,1.0019,11.597,-11.597,CV >= 30%
SNPP_20250922T120000_vs_HYPERNETS_20250922T113000_RHOW_R.csv,THFR,Hyp,SNPP,Hyp vs SNPP,2025-09-22T09:30:00Z,2025-09-22T10:00:00Z,0.8598,69.5302,-69.5302,CV >= 30%
SNPP_20250922T120000_vs_HYPERNETS_20250922T114500_RHOW_R.csv,THFR,Hyp,SNPP,Hyp vs SNPP,2025-09-22T09:45:00Z,2025-09-22T10:00:00Z,0.8545,73.7239,-73.7239,CV >= 30%
SNPP_20250922T120000_vs_HYPERNETS_20250922T120000_RHOW_R.csv,THFR,Hyp,SNPP,Hyp vs SNPP,2025-09-22T10:00:00Z,2025-09-22T10:00:00Z,0.8426,62.1974,-62.1974,CV >= 30%
SNPP_20250922T120000_vs_HYPERNETS_20250922T121500_RHOW_R.csv,THFR,Hyp,SNPP,Hyp vs SNPP,2025-09-22T10:15:00Z,2025-09-22T10:00:00Z,0.8743,61.9224,-61.9224,CV >= 30%
SNPP_20250922T120000_vs_HYPERNETS_20250922T123000_RHOW_R.csv,THFR,Hyp,SNPP,Hyp vs SNPP,2025-09-22T10:30:00Z,2025-09-22T10:00:00Z,0.8566,64.0906,-64.0906,CV >= 30%
SNPP_20250923T114201_vs_HYPERNETS_20250923T111500_RHOW_R.csv,THFR,Hyp,SNPP,Hyp vs SNPP,2025-09-23T09:15:00Z,2025-09-23T09:42:01Z,NA,NA,NA,CV >= 30%
SNPP_20250923T132400_vs_HYPERNETS_20250923T130000_RHOW_R.csv,THFR,Hyp,SNPP,Hyp vs SNPP,2025-09-23T11:00:00Z,2025-09-23T11:24:00Z,1.0714,120.7693,-120.7693,CV >= 30%
SNPP_20250923T132400_vs_HYPERNETS_20250923T131500_RHOW_R.csv,THFR,Hyp,SNPP,Hyp vs SNPP,2025-09-23T11:15:00Z,2025-09-23T11:24:00Z,1.1057,99.2186,-99.2186,CV >= 30%
SNPP_20250923T132400_vs_HYPERNETS_20250923T133000_RHOW_R.csv,THFR,Hyp,SNPP,Hyp vs SNPP,2025-09-23T11:30:00Z,2025-09-23T11:24:00Z,1.1211,98.455,-98.455,CV >= 30%
SNPP_20250923T132400_vs_HYPERNETS_20250923T134500_RHOW_R.csv,THFR,Hyp,SNPP,Hyp vs SNPP,2025-09-23T11:45:00Z,2025-09-23T11:24:00Z,1.075,108.115,-108.115,CV >= 30%
SNPP_20250925T124801_vs_HYPERNETS_20250925T124500_RHOW_R.csv,THFR,Hyp,SNPP,Hyp vs SNPP,2025-09-25T10:45:00Z,2025-09-25T10:48:01Z,0.9935,111.1725,-111.1725,CV >= 30%
SNPP_20250925T124801_vs_HYPERNETS_20250925T130000_RHOW_R.csv,THFR,Hyp,SNPP,Hyp vs SNPP,2025-09-25T11:00:00Z,2025-09-25T10:48:01Z,1.0086,108.7734,-108.7734,CV >= 30%
SNPP_20250925T124801_vs_HYPERNETS_20250925T131500_RHOW_R.csv,THFR,Hyp,SNPP,Hyp vs SNPP,2025-09-25T11:15:00Z,2025-09-25T10:48:01Z,1.0256,106.2106,-106.2106,CV >= 30%
SNPP_20250929T131200_vs_HYPERNETS_20250929T124500_RHOW_R.csv,THFR,Hyp,SNPP,Hyp vs SNPP,2025-09-29T10:45:00Z,2025-09-29T11:12:00Z,NA,690.8182,-690.8182,CV >= 30%
SNPP_20250929T131200_vs_HYPERNETS_20250929T130000_RHOW_R.csv,THFR,Hyp,SNPP,Hyp vs SNPP,2025-09-29T11:00:00Z,2025-09-29T11:12:00Z,NA,727.7809,-727.7809,CV >= 30%
SNPP_20250929T131200_vs_HYPERNETS_20250929T131500_RHOW_R.csv,THFR,Hyp,SNPP,Hyp vs SNPP,2025-09-29T11:15:00Z,2025-09-29T11:12:00Z,NA,734.0479,-734.0479,CV >= 30%
SNPP_20250929T131200_vs_HYPERNETS_20250929T133000_RHOW_R.csv,THFR,Hyp,SNPP,Hyp vs SNPP,2025-09-29T11:30:00Z,2025-09-29T11:12:00Z,NA,744.0871,-744.0871,CV >= 30%
SNPP_20250930T125400_vs_HYPERNETS_20250930T123000_RHOW_R.csv,THFR,Hyp,SNPP,Hyp vs SNPP,2025-09-30T10:30:00Z,2025-09-30T10:54:00Z,NA,398.2719,-398.2719,CV >= 30%
SNPP_20250930T125400_vs_HYPERNETS_20250930T124500_RHOW_R.csv,THFR,Hyp,SNPP,Hyp vs SNPP,2025-09-30T10:45:00Z,2025-09-30T10:54:00Z,NA,387.8455,-387.8455,CV >= 30%
SNPP_20250930T125400_vs_HYPERNETS_20250930T130000_RHOW_R.csv,THFR,Hyp,SNPP,Hyp vs SNPP,2025-09-30T11:00:00Z,2025-09-30T10:54:00Z,NA,372.6611,-372.6611,CV >= 30%
SNPP_20250930T125400_vs_HYPERNETS_20250930T131500_RHOW_R.csv,THFR,Hyp,SNPP,Hyp vs SNPP,2025-09-30T11:15:00Z,2025-09-30T10:54:00Z,NA,392.7375,-392.7375,CV >= 30%
SNPP_20251001T123000_vs_HYPERNETS_20251001T120000_RHOW_R.csv,THFR,Hyp,SNPP,Hyp vs SNPP,2025-10-01T10:00:00Z,2025-10-01T10:30:00Z,0.7002,88.6018,-88.6018,CV >= 30%
SNPP_20251001T123000_vs_HYPERNETS_20251001T121500_RHOW_R.csv,THFR,Hyp,SNPP,Hyp vs SNPP,2025-10-01T10:15:00Z,2025-10-01T10:30:00Z,0.6857,106.9609,-106.9609,CV >= 30%
SNPP_20251001T123000_vs_HYPERNETS_20251001T123000_RHOW_R.csv,THFR,Hyp,SNPP,Hyp vs SNPP,2025-10-01T10:30:00Z,2025-10-01T10:30:00Z,0.6884,96.0977,-96.0977,CV >= 30%
SNPP_20251001T123000_vs_HYPERNETS_20251001T124500_RHOW_R.csv,THFR,Hyp,SNPP,Hyp vs SNPP,2025-10-01T10:45:00Z,2025-10-01T10:30:00Z,0.6786,107.5771,-107.5771,CV >= 30%
SNPP_20251001T123000_vs_HYPERNETS_20251001T130000_RHOW_R.csv,THFR,Hyp,SNPP,Hyp vs SNPP,2025-10-01T11:00:00Z,2025-10-01T10:30:00Z,0.6639,105.2154,-105.2154,CV >= 30%
SNPP_20251002T121201_vs_HYPERNETS_20251002T114500_RHOW_R.csv,THFR,Hyp,SNPP,Hyp vs SNPP,2025-10-02T09:45:00Z,2025-10-02T10:12:01Z,0.8071,198.2288,-198.2288,CV >= 30%
SNPP_20251002T121201_vs_HYPERNETS_20251002T120000_RHOW_R.csv,THFR,Hyp,SNPP,Hyp vs SNPP,2025-10-02T10:00:00Z,2025-10-02T10:12:01Z,0.7949,186.0096,-186.0096,CV >= 30%
SNPP_20251002T121201_vs_HYPERNETS_20251002T121500_RHOW_R.csv,THFR,Hyp,SNPP,Hyp vs SNPP,2025-10-02T10:15:00Z,2025-10-02T10:12:01Z,0.7717,206.7661,-206.7661,CV >= 30%
SNPP_20251002T121201_vs_HYPERNETS_20251002T123000_RHOW_R.csv,THFR,Hyp,SNPP,Hyp vs SNPP,2025-10-02T10:30:00Z,2025-10-02T10:12:01Z,0.8029,193.4906,-193.4906,CV >= 30%
SNPP_20251005T130001_vs_HYPERNETS_20251005T124500_RHOW_R.csv,THFR,Hyp,SNPP,Hyp vs SNPP,2025-10-05T10:45:00Z,2025-10-05T11:00:01Z,0.7721,58.6148,-58.6148,CV >= 30%
SNPP_20251005T130001_vs_HYPERNETS_20251005T130000_RHOW_R.csv,THFR,Hyp,SNPP,Hyp vs SNPP,2025-10-05T11:00:00Z,2025-10-05T11:00:01Z,0.7766,55.419,-55.419,CV >= 30%
SNPP_20251005T130001_vs_HYPERNETS_20251005T131500_RHOW_R.csv,THFR,Hyp,SNPP,Hyp vs SNPP,2025-10-05T11:15:00Z,2025-10-05T11:00:01Z,0.7794,49.8696,-49.8696,CV >= 30%
SNPP_20251005T130001_vs_HYPERNETS_20251005T133000_RHOW_R.csv,THFR,Hyp,SNPP,Hyp vs SNPP,2025-10-05T11:30:00Z,2025-10-05T11:00:01Z,0.7919,52.1781,-52.1781,CV >= 30%
SNPP_20251010T130600_vs_HYPERNETS_20251010T124500_RHOW_R.csv,THFR,Hyp,SNPP,Hyp vs SNPP,2025-10-10T10:45:00Z,2025-10-10T11:06:00Z,0.9027,88.099,-88.099,CV >= 30%
SNPP_20251010T130600_vs_HYPERNETS_20251010T130000_RHOW_R.csv,THFR,Hyp,SNPP,Hyp vs SNPP,2025-10-10T11:00:00Z,2025-10-10T11:06:00Z,0.9286,79.2855,-79.2855,CV >= 30%
SNPP_20251010T130600_vs_HYPERNETS_20251010T131500_RHOW_R.csv,THFR,Hyp,SNPP,Hyp vs SNPP,2025-10-10T11:15:00Z,2025-10-10T11:06:00Z,0.939,76.0749,-76.0749,CV >= 30%
SNPP_20251010T130600_vs_HYPERNETS_20251010T133000_RHOW_R.csv,THFR,Hyp,SNPP,Hyp vs SNPP,2025-10-10T11:30:00Z,2025-10-10T11:06:00Z,0.9776,69.0721,-69.0721,CV >= 30%
SNPP_20251011T124801_vs_HYPERNETS_20251011T123000_RHOW_R.csv,THFR,Hyp,SNPP,Hyp vs SNPP,2025-10-11T10:30:00Z,2025-10-11T10:48:01Z,0.8176,67.8921,-67.8921,CV >= 30%
SNPP_20251011T124801_vs_HYPERNETS_20251011T124500_RHOW_R.csv,THFR,Hyp,SNPP,Hyp vs SNPP,2025-10-11T10:45:00Z,2025-10-11T10:48:01Z,0.8318,69.1094,-69.1094,CV >= 30%
SNPP_20251011T124801_vs_HYPERNETS_20251011T130000_RHOW_R.csv,THFR,Hyp,SNPP,Hyp vs SNPP,2025-10-11T11:00:00Z,2025-10-11T10:48:01Z,0.7991,65.1722,-65.1722,CV >= 30%
SNPP_20251011T124801_vs_HYPERNETS_20251011T131500_RHOW_R.csv,THFR,Hyp,SNPP,Hyp vs SNPP,2025-10-11T11:15:00Z,2025-10-11T10:48:01Z,0.802,78.7621,-78.7621,CV >= 30%
SNPP_20251012T122401_vs_HYPERNETS_20251012T120000_RHOW_R.csv,THFR,Hyp,SNPP,Hyp vs SNPP,2025-10-12T10:00:00Z,2025-10-12T10:24:01Z,NA,NA,NA,CV >= 30%
SNPP_20251012T122401_vs_HYPERNETS_20251012T121500_RHOW_R.csv,THFR,Hyp,SNPP,Hyp vs SNPP,2025-10-12T10:15:00Z,2025-10-12T10:24:01Z,NA,NA,NA,CV >= 30%
SNPP_20251012T122401_vs_HYPERNETS_20251012T123000_RHOW_R.csv,THFR,Hyp,SNPP,Hyp vs SNPP,2025-10-12T10:30:00Z,2025-10-12T10:24:01Z,NA,NA,NA,CV >= 30%
SNPP_20251013T120601_vs_HYPERNETS_20251013T114500_RHOW_R.csv,THFR,Hyp,SNPP,Hyp vs SNPP,2025-10-13T09:45:00Z,2025-10-13T10:06:01Z,NA,769.5123,-769.5123,CV >= 30%
SNPP_20251013T120601_vs_HYPERNETS_20251013T120000_RHOW_R.csv,THFR,Hyp,SNPP,Hyp vs SNPP,2025-10-13T10:00:00Z,2025-10-13T10:06:01Z,NA,781.1202,-781.1202,CV >= 30%
SNPP_20251013T120601_vs_HYPERNETS_20251013T121500_RHOW_R.csv,THFR,Hyp,SNPP,Hyp vs SNPP,2025-10-13T10:15:00Z,2025-10-13T10:06:01Z,NA,829.3928,-829.3928,CV >= 30%
SNPP_20251013T120601_vs_HYPERNETS_20251013T123000_RHOW_R.csv,THFR,Hyp,SNPP,Hyp vs SNPP,2025-10-13T10:30:00Z,2025-10-13T10:06:01Z,NA,756.2827,-756.2827,CV >= 30%
SNPP_20251015T131201_vs_HYPERNETS_20251015T124500_RHOW_R.csv,THFR,Hyp,SNPP,Hyp vs SNPP,2025-10-15T10:45:00Z,2025-10-15T11:12:01Z,1.0238,78.7885,-78.7885,CV >= 30%
SNPP_20251015T131201_vs_HYPERNETS_20251015T130000_RHOW_R.csv,THFR,Hyp,SNPP,Hyp vs SNPP,2025-10-15T11:00:00Z,2025-10-15T11:12:01Z,1.022,80.5959,-80.5959,CV >= 30%
SNPP_20251015T131201_vs_HYPERNETS_20251015T131500_RHOW_R.csv,THFR,Hyp,SNPP,Hyp vs SNPP,2025-10-15T11:15:00Z,2025-10-15T11:12:01Z,1.022,85.4356,-85.4356,CV >= 30%
SNPP_20251015T131201_vs_HYPERNETS_20251015T133000_RHOW_R.csv,THFR,Hyp,SNPP,Hyp vs SNPP,2025-10-15T11:30:00Z,2025-10-15T11:12:01Z,1.0423,78.9773,-78.9773,CV >= 30%
SNPP_20251016T125400_vs_HYPERNETS_20251016T123000_RHOW_R.csv,THFR,Hyp,SNPP,Hyp vs SNPP,2025-10-16T10:30:00Z,2025-10-16T10:54:00Z,1.025,52.9957,-52.9957,CV >= 30%
SNPP_20251016T125400_vs_HYPERNETS_20251016T124500_RHOW_R.csv,THFR,Hyp,SNPP,Hyp vs SNPP,2025-10-16T10:45:00Z,2025-10-16T10:54:00Z,1.0245,51.3402,-51.3402,CV >= 30%
SNPP_20251016T125400_vs_HYPERNETS_20251016T130000_RHOW_R.csv,THFR,Hyp,SNPP,Hyp vs SNPP,2025-10-16T11:00:00Z,2025-10-16T10:54:00Z,1.0174,51.9365,-51.9365,CV >= 30%
SNPP_20251016T125400_vs_HYPERNETS_20251016T131500_RHOW_R.csv,THFR,Hyp,SNPP,Hyp vs SNPP,2025-10-16T11:15:00Z,2025-10-16T10:54:00Z,1.0012,48.2917,-48.2917,CV >= 30%
SNPP_20251017T123600_vs_HYPERNETS_20251017T121500_RHOW_R.csv,THFR,Hyp,SNPP,Hyp vs SNPP,2025-10-17T10:15:00Z,2025-10-17T10:36:00Z,0.8706,40.2203,-40.2203,CV >= 30%
SNPP_20251017T123600_vs_HYPERNETS_20251017T123000_RHOW_R.csv,THFR,Hyp,SNPP,Hyp vs SNPP,2025-10-17T10:30:00Z,2025-10-17T10:36:00Z,0.9085,37.1009,-37.1009,CV >= 30%
SNPP_20251017T123600_vs_HYPERNETS_20251017T124500_RHOW_R.csv,THFR,Hyp,SNPP,Hyp vs SNPP,2025-10-17T10:45:00Z,2025-10-17T10:36:00Z,0.9298,26.6302,-26.6302,CV >= 30%
SNPP_20251017T123600_vs_HYPERNETS_20251017T130000_RHOW_R.csv,THFR,Hyp,SNPP,Hyp vs SNPP,2025-10-17T11:00:00Z,2025-10-17T10:36:00Z,0.9325,25.1357,-14.499,CV >= 30%
SNPP_20251018T121200_vs_HYPERNETS_20251018T114500_RHOW_R.csv,THFR,Hyp,SNPP,Hyp vs SNPP,2025-10-18T09:45:00Z,2025-10-18T10:12:00Z,0.6708,33.7518,-33.7518,CV >= 30%
SNPP_20251018T121200_vs_HYPERNETS_20251018T120000_RHOW_R.csv,THFR,Hyp,SNPP,Hyp vs SNPP,2025-10-18T10:00:00Z,2025-10-18T10:12:00Z,0.6893,31.4077,-31.4077,CV >= 30%
SNPP_20251018T121200_vs_HYPERNETS_20251018T121500_RHOW_R.csv,THFR,Hyp,SNPP,Hyp vs SNPP,2025-10-18T10:15:00Z,2025-10-18T10:12:00Z,0.706,26.7204,-25.9921,CV >= 30%
SNPP_20251018T121200_vs_HYPERNETS_20251018T123000_RHOW_R.csv,THFR,Hyp,SNPP,Hyp vs SNPP,2025-10-18T10:30:00Z,2025-10-18T10:12:00Z,0.7077,26.8347,-26.8347,CV >= 30%
SNPP_20251023T121801_vs_HYPERNETS_20251023T120000_RHOW_R.csv,THFR,Hyp,SNPP,Hyp vs SNPP,2025-10-23T10:00:00Z,2025-10-23T10:18:01Z,0.7126,251.0398,-251.0398,CV >= 30%
SNPP_20251023T121801_vs_HYPERNETS_20251023T121500_RHOW_R.csv,THFR,Hyp,SNPP,Hyp vs SNPP,2025-10-23T10:15:00Z,2025-10-23T10:18:01Z,0.7092,264.5397,-264.5397,CV >= 30%
SNPP_20251023T121801_vs_HYPERNETS_20251023T123000_RHOW_R.csv,THFR,Hyp,SNPP,Hyp vs SNPP,2025-10-23T10:30:00Z,2025-10-23T10:18:01Z,0.6874,259.6692,-259.6692,CV >= 30%
SNPP_20251026T130600_vs_HYPERNETS_20251026T124500_RHOW_R.csv,THFR,Hyp,SNPP,Hyp vs SNPP,2025-10-26T11:45:00Z,2025-10-26T12:06:00Z,0.4864,361.9955,-361.9955,CV >= 30%
SNPP_20251026T130600_vs_HYPERNETS_20251026T130000_RHOW_R.csv,THFR,Hyp,SNPP,Hyp vs SNPP,2025-10-26T12:00:00Z,2025-10-26T12:06:00Z,0.4818,422.1946,-422.1946,CV >= 30%
SNPP_20251026T130600_vs_HYPERNETS_20251026T131500_RHOW_R.csv,THFR,Hyp,SNPP,Hyp vs SNPP,2025-10-26T12:15:00Z,2025-10-26T12:06:00Z,0.4776,358.5619,-358.5619,CV >= 30%
SNPP_20251026T130600_vs_HYPERNETS_20251026T133000_RHOW_R.csv,THFR,Hyp,SNPP,Hyp vs SNPP,2025-10-26T12:30:00Z,2025-10-26T12:06:00Z,0.4763,370.7862,-370.7862,CV >= 30%
SNPP_20251027T124800_vs_HYPERNETS_20251027T123000_RHOW_R.csv,THFR,Hyp,SNPP,Hyp vs SNPP,2025-10-27T11:30:00Z,2025-10-27T11:48:00Z,0.8122,34.4338,-34.4338,CV >= 30%
SNPP_20251027T124800_vs_HYPERNETS_20251027T124500_RHOW_R.csv,THFR,Hyp,SNPP,Hyp vs SNPP,2025-10-27T11:45:00Z,2025-10-27T11:48:00Z,0.8429,42.1258,-42.1258,CV >= 30%
SNPP_20251027T124800_vs_HYPERNETS_20251027T130000_RHOW_R.csv,THFR,Hyp,SNPP,Hyp vs SNPP,2025-10-27T12:00:00Z,2025-10-27T11:48:00Z,0.8473,18.6677,-18.6677,CV >= 30%
SNPP_20251027T124800_vs_HYPERNETS_20251027T131500_RHOW_R.csv,THFR,Hyp,SNPP,Hyp vs SNPP,2025-10-27T12:15:00Z,2025-10-27T11:48:00Z,0.8468,20.8846,-20.8846,CV >= 30%
SNPP_20251028T123001_vs_HYPERNETS_20251028T121500_RHOW_R.csv,THFR,Hyp,SNPP,Hyp vs SNPP,2025-10-28T11:15:00Z,2025-10-28T11:30:01Z,0.849,119.4195,-119.4195,CV >= 30%
SNPP_20251028T123001_vs_HYPERNETS_20251028T124500_RHOW_R.csv,THFR,Hyp,SNPP,Hyp vs SNPP,2025-10-28T11:45:00Z,2025-10-28T11:30:01Z,0.7878,144.8555,-144.8555,CV >= 30%
SNPP_20251028T123001_vs_HYPERNETS_20251028T130000_RHOW_R.csv,THFR,Hyp,SNPP,Hyp vs SNPP,2025-10-28T12:00:00Z,2025-10-28T11:30:01Z,0.7735,147.262,-147.262,CV >= 30%
SNPP_20251103T121200_vs_HYPERNETS_20251103T114500_RHOW_R.csv,THFR,Hyp,SNPP,Hyp vs SNPP,2025-11-03T10:45:00Z,2025-11-03T11:12:00Z,NA,438.6027,-438.6027,CV >= 30%
SNPP_20251103T121200_vs_HYPERNETS_20251103T120000_RHOW_R.csv,THFR,Hyp,SNPP,Hyp vs SNPP,2025-11-03T11:00:00Z,2025-11-03T11:12:00Z,NA,427.3673,-427.3673,CV >= 30%
SNPP_20251103T121200_vs_HYPERNETS_20251103T121500_RHOW_R.csv,THFR,Hyp,SNPP,Hyp vs SNPP,2025-11-03T11:15:00Z,2025-11-03T11:12:00Z,NA,413.8601,-413.8601,CV >= 30%
SNPP_20251103T121200_vs_HYPERNETS_20251103T123000_RHOW_R.csv,THFR,Hyp,SNPP,Hyp vs SNPP,2025-11-03T11:30:00Z,2025-11-03T11:12:00Z,NA,423.7497,-423.7497,CV >= 30%
SNPP_20251104T115400_vs_HYPERNETS_20251104T113000_RHOW_R.csv,THFR,Hyp,SNPP,Hyp vs SNPP,2025-11-04T10:30:00Z,2025-11-04T10:54:00Z,0.8389,43.5237,43.5237,CV >= 30%
SNPP_20251104T115400_vs_HYPERNETS_20251104T114500_RHOW_R.csv,THFR,Hyp,SNPP,Hyp vs SNPP,2025-11-04T10:45:00Z,2025-11-04T10:54:00Z,0.7508,34.5456,34.5456,CV >= 30%
SNPP_20251107T124201_vs_HYPERNETS_20251107T121500_RHOW_R.csv,THFR,Hyp,SNPP,Hyp vs SNPP,2025-11-07T11:15:00Z,2025-11-07T11:42:01Z,0.6955,216.6037,-216.6037,CV >= 30%
SNPP_20251107T124201_vs_HYPERNETS_20251107T123000_RHOW_R.csv,THFR,Hyp,SNPP,Hyp vs SNPP,2025-11-07T11:30:00Z,2025-11-07T11:42:01Z,0.6865,223.9272,-223.9272,CV >= 30%
SNPP_20251107T124201_vs_HYPERNETS_20251107T124500_RHOW_R.csv,THFR,Hyp,SNPP,Hyp vs SNPP,2025-11-07T11:45:00Z,2025-11-07T11:42:01Z,0.6794,216.5282,-216.5282,CV >= 30%
SNPP_20251107T124201_vs_HYPERNETS_20251107T130000_RHOW_R.csv,THFR,Hyp,SNPP,Hyp vs SNPP,2025-11-07T12:00:00Z,2025-11-07T11:42:01Z,0.6746,212.6704,-212.6704,CV >= 30%
SNPP_20251108T122401_vs_HYPERNETS_20251108T123000_RHOW_R.csv,THFR,Hyp,SNPP,Hyp vs SNPP,2025-11-08T11:30:00Z,2025-11-08T11:24:01Z,0.6762,77.1362,-77.1362,CV >= 30%
SNPP_20251108T122401_vs_HYPERNETS_20251108T124500_RHOW_R.csv,THFR,Hyp,SNPP,Hyp vs SNPP,2025-11-08T11:45:00Z,2025-11-08T11:24:01Z,0.69,70.0004,-70.0004,CV >= 30%
SNPP_20251109T120001_vs_HYPERNETS_20251109T114500_RHOW_R.csv,THFR,Hyp,SNPP,Hyp vs SNPP,2025-11-09T10:45:00Z,2025-11-09T11:00:01Z,0.6231,66.9431,-66.9431,CV >= 30%
SNPP_20251109T120001_vs_HYPERNETS_20251109T120000_RHOW_R.csv,THFR,Hyp,SNPP,Hyp vs SNPP,2025-11-09T11:00:00Z,2025-11-09T11:00:01Z,0.6245,71.6332,-71.6332,CV >= 30%
SNPP_20251109T120001_vs_HYPERNETS_20251109T121500_RHOW_R.csv,THFR,Hyp,SNPP,Hyp vs SNPP,2025-11-09T11:15:00Z,2025-11-09T11:00:01Z,0.6317,66.1716,-66.1716,CV >= 30%
SNPP_20251109T120001_vs_HYPERNETS_20251109T123000_RHOW_R.csv,THFR,Hyp,SNPP,Hyp vs SNPP,2025-11-09T11:30:00Z,2025-11-09T11:00:01Z,0.6451,56.196,-56.196,CV >= 30%
SNPP_20251116T131200_vs_HYPERNETS_20251116T124500_RHOW_R.csv,THFR,Hyp,SNPP,Hyp vs SNPP,2025-11-16T11:45:00Z,2025-11-16T12:12:00Z,0.6543,62.7027,-62.7027,CV >= 30%
SNPP_20251116T131200_vs_HYPERNETS_20251116T130000_RHOW_R.csv,THFR,Hyp,SNPP,Hyp vs SNPP,2025-11-16T12:00:00Z,2025-11-16T12:12:00Z,0.6688,59.948,-59.948,CV >= 30%
SNPP_20251116T131200_vs_HYPERNETS_20251116T131500_RHOW_R.csv,THFR,Hyp,SNPP,Hyp vs SNPP,2025-11-16T12:15:00Z,2025-11-16T12:12:00Z,0.6997,55.3669,-55.3669,CV >= 30%
SNPP_20251116T131200_vs_HYPERNETS_20251116T133000_RHOW_R.csv,THFR,Hyp,SNPP,Hyp vs SNPP,2025-11-16T12:30:00Z,2025-11-16T12:12:00Z,0.7294,49.0178,-49.0178,CV >= 30%
SNPP_20251117T125401_vs_HYPERNETS_20251117T123100_RHOW_R.csv,THFR,Hyp,SNPP,Hyp vs SNPP,2025-11-17T11:31:00Z,2025-11-17T11:54:01Z,NA,1180.1828,-1180.1828,CV >= 30%
SNPP_20251117T125401_vs_HYPERNETS_20251117T124500_RHOW_R.csv,THFR,Hyp,SNPP,Hyp vs SNPP,2025-11-17T11:45:00Z,2025-11-17T11:54:01Z,NA,1166.8551,-1166.8551,CV >= 30%
SNPP_20251117T125401_vs_HYPERNETS_20251117T131500_RHOW_R.csv,THFR,Hyp,SNPP,Hyp vs SNPP,2025-11-17T12:15:00Z,2025-11-17T11:54:01Z,NA,1143.6031,-1143.6031,CV >= 30%
SNPP_20251121T131801_vs_HYPERNETS_20251121T130000_RHOW_R.csv,THFR,Hyp,SNPP,Hyp vs SNPP,2025-11-21T12:00:00Z,2025-11-21T12:18:01Z,0.8112,59.6453,-59.6453,CV >= 30%
SNPP_20251121T131801_vs_HYPERNETS_20251121T131500_RHOW_R.csv,THFR,Hyp,SNPP,Hyp vs SNPP,2025-11-21T12:15:00Z,2025-11-21T12:18:01Z,0.8158,71.9251,-71.9251,CV >= 30%
SNPP_20251121T131801_vs_HYPERNETS_20251121T133000_RHOW_R.csv,THFR,Hyp,SNPP,Hyp vs SNPP,2025-11-21T12:30:00Z,2025-11-21T12:18:01Z,0.8482,59.1094,-59.1094,CV >= 30%
SNPP_20251121T131801_vs_HYPERNETS_20251121T134500_RHOW_R.csv,THFR,Hyp,SNPP,Hyp vs SNPP,2025-11-21T12:45:00Z,2025-11-21T12:18:01Z,0.9148,29.59,-29.59,CV >= 30%
SNPP_20251122T130000_vs_HYPERNETS_20251122T123000_RHOW_R.csv,THFR,Hyp,SNPP,Hyp vs SNPP,2025-11-22T11:30:00Z,2025-11-22T12:00:00Z,1.1468,41.1788,-14.06,CV >= 30%
SNPP_20251122T130000_vs_HYPERNETS_20251122T124500_RHOW_R.csv,THFR,Hyp,SNPP,Hyp vs SNPP,2025-11-22T11:45:00Z,2025-11-22T12:00:00Z,1.1614,39.9146,-12.3211,CV >= 30%
SNPP_20251122T130000_vs_HYPERNETS_20251122T130000_RHOW_R.csv,THFR,Hyp,SNPP,Hyp vs SNPP,2025-11-22T12:00:00Z,2025-11-22T12:00:00Z,1.1798,42.2859,-8.6288,CV >= 30%
SNPP_20251122T130000_vs_HYPERNETS_20251122T131500_RHOW_R.csv,THFR,Hyp,SNPP,Hyp vs SNPP,2025-11-22T12:15:00Z,2025-11-22T12:00:00Z,1.2039,39.1254,-9.2105,CV >= 30%
SNPP_20251122T130000_vs_HYPERNETS_20251122T133000_RHOW_R.csv,THFR,Hyp,SNPP,Hyp vs SNPP,2025-11-22T12:30:00Z,2025-11-22T12:00:00Z,1.2698,44.6921,2.1945,CV >= 30%
SNPP_20251127T130601_vs_HYPERNETS_20251127T124500_RHOW_R.csv,THFR,Hyp,SNPP,Hyp vs SNPP,2025-11-27T11:45:00Z,2025-11-27T12:06:01Z,0.7308,31.6187,-31.6187,CV >= 30%
SNPP_20251127T130601_vs_HYPERNETS_20251127T130000_RHOW_R.csv,THFR,Hyp,SNPP,Hyp vs SNPP,2025-11-27T12:00:00Z,2025-11-27T12:06:01Z,0.7565,26.3494,-26.3494,CV >= 30%
SNPP_20251127T130601_vs_HYPERNETS_20251127T131500_RHOW_R.csv,THFR,Hyp,SNPP,Hyp vs SNPP,2025-11-27T12:15:00Z,2025-11-27T12:06:01Z,0.7481,29.0192,-29.0192,CV >= 30%
SNPP_20251127T130601_vs_HYPERNETS_20251127T133000_RHOW_R.csv,THFR,Hyp,SNPP,Hyp vs SNPP,2025-11-27T12:30:00Z,2025-11-27T12:06:01Z,0.8187,16.5686,-16.5686,CV >= 30%
SNPP_20251201T114800_vs_HYPERNETS_20251201T113000_RHOW_R.csv,THFR,Hyp,SNPP,Hyp vs SNPP,2025-12-01T10:30:00Z,2025-12-01T10:48:00Z,NA,NA,NA,CV >= 30%
SNPP_20251201T114800_vs_HYPERNETS_20251201T114500_RHOW_R.csv,THFR,Hyp,SNPP,Hyp vs SNPP,2025-12-01T10:45:00Z,2025-12-01T10:48:00Z,NA,NA,NA,CV >= 30%
SNPP_20251201T114800_vs_HYPERNETS_20251201T120000_RHOW_R.csv,THFR,Hyp,SNPP,Hyp vs SNPP,2025-12-01T11:00:00Z,2025-12-01T10:48:00Z,NA,NA,NA,CV >= 30%
SNPP_20251201T114800_vs_HYPERNETS_20251201T121500_RHOW_R.csv,THFR,Hyp,SNPP,Hyp vs SNPP,2025-12-01T11:15:00Z,2025-12-01T10:48:00Z,NA,NA,NA,CV >= 30%
SNPP_20251205T121801_vs_HYPERNETS_20251205T120000_RHOW_R.csv,THFR,Hyp,SNPP,Hyp vs SNPP,2025-12-05T11:00:00Z,2025-12-05T11:18:01Z,NA,NA,NA,CV >= 30%
SNPP_20251205T121801_vs_HYPERNETS_20251205T121500_RHOW_R.csv,THFR,Hyp,SNPP,Hyp vs SNPP,2025-12-05T11:15:00Z,2025-12-05T11:18:01Z,NA,NA,NA,CV >= 30%
SNPP_20251205T121801_vs_HYPERNETS_20251205T124500_RHOW_R.csv,THFR,Hyp,SNPP,Hyp vs SNPP,2025-12-05T11:45:00Z,2025-12-05T11:18:01Z,NA,NA,NA,CV >= 30%
SNPP_20251208T130001_vs_HYPERNETS_20251208T124500_RHOW_R.csv,THFR,Hyp,SNPP,Hyp vs SNPP,2025-12-08T11:45:00Z,2025-12-08T12:00:01Z,0.7894,41.6562,-41.6562,CV >= 30%
SNPP_20251208T130001_vs_HYPERNETS_20251208T130000_RHOW_R.csv,THFR,Hyp,SNPP,Hyp vs SNPP,2025-12-08T12:00:00Z,2025-12-08T12:00:01Z,0.7953,72.4528,-72.4528,CV >= 30%
SNPP_20251208T130001_vs_HYPERNETS_20251208T131500_RHOW_R.csv,THFR,Hyp,SNPP,Hyp vs SNPP,2025-12-08T12:15:00Z,2025-12-08T12:00:01Z,0.8171,60.711,-60.711,CV >= 30%
SNPP_20251208T130001_vs_HYPERNETS_20251208T133000_RHOW_R.csv,THFR,Hyp,SNPP,Hyp vs SNPP,2025-12-08T12:30:00Z,2025-12-08T12:00:01Z,0.8807,46.8187,-46.8187,CV >= 30%
SNPP_20251227T120600_vs_HYPERNETS_20251227T120000_RHOW_R.csv,THFR,Hyp,SNPP,Hyp vs SNPP,2025-12-27T11:00:00Z,2025-12-27T11:06:00Z,NA,504.4204,-504.4204,CV >= 30%
SNPP_20251227T120600_vs_HYPERNETS_20251227T121500_RHOW_R.csv,THFR,Hyp,SNPP,Hyp vs SNPP,2025-12-27T11:15:00Z,2025-12-27T11:06:00Z,NA,507.98630000000003,-507.98630000000003,CV >= 30%
SNPP_20251229T130601_vs_HYPERNETS_20251229T124500_RHOW_R.csv,THFR,Hyp,SNPP,Hyp vs SNPP,2025-12-29T11:45:00Z,2025-12-29T12:06:01Z,NA,151.576,-151.576,CV >= 30%
SNPP_20251229T130601_vs_HYPERNETS_20251229T130000_RHOW_R.csv,THFR,Hyp,SNPP,Hyp vs SNPP,2025-12-29T12:00:00Z,2025-12-29T12:06:01Z,NA,143.8973,-143.8973,CV >= 30%
SNPP_20251229T130601_vs_HYPERNETS_20251229T131500_RHOW_R.csv,THFR,Hyp,SNPP,Hyp vs SNPP,2025-12-29T12:15:00Z,2025-12-29T12:06:01Z,NA,140.9131,-140.9131,CV >= 30%
SNPP_20251229T130601_vs_HYPERNETS_20251229T133000_RHOW_R.csv,THFR,Hyp,SNPP,Hyp vs SNPP,2025-12-29T12:30:00Z,2025-12-29T12:06:01Z,NA,122.8804,-122.8804,CV >= 30%
SNPP_20251230T124800_vs_HYPERNETS_20251230T123000_RHOW_R.csv,THFR,Hyp,SNPP,Hyp vs SNPP,2025-12-30T11:30:00Z,2025-12-30T11:48:00Z,0.6995,61.145,-61.145,CV >= 30%
SNPP_20251230T124800_vs_HYPERNETS_20251230T124500_RHOW_R.csv,THFR,Hyp,SNPP,Hyp vs SNPP,2025-12-30T11:45:00Z,2025-12-30T11:48:00Z,0.6969,51.1915,-51.1915,CV >= 30%
SNPP_20251230T124800_vs_HYPERNETS_20251230T130000_RHOW_R.csv,THFR,Hyp,SNPP,Hyp vs SNPP,2025-12-30T12:00:00Z,2025-12-30T11:48:00Z,0.7021,50.2616,-50.2616,CV >= 30%
SNPP_20251230T124800_vs_HYPERNETS_20251230T131500_RHOW_R.csv,THFR,Hyp,SNPP,Hyp vs SNPP,2025-12-30T12:15:00Z,2025-12-30T11:48:00Z,0.6975,61.5935,-61.5935,CV >= 30%
JPSS1_20250117T131201_vs_HYPERNETS_20250117T124500_RHOW_R.csv,THFR,Hyp,JPSS1,Hyp vs JPSS1,2025-01-17T11:45:00Z,2025-01-17T12:12:01Z,NA,NA,NA,CV >= 30%
JPSS1_20250117T131201_vs_HYPERNETS_20250117T130000_RHOW_R.csv,THFR,Hyp,JPSS1,Hyp vs JPSS1,2025-01-17T12:00:00Z,2025-01-17T12:12:01Z,NA,NA,NA,CV >= 30%
JPSS1_20250117T131201_vs_HYPERNETS_20250117T131500_RHOW_R.csv,THFR,Hyp,JPSS1,Hyp vs JPSS1,2025-01-17T12:15:00Z,2025-01-17T12:12:01Z,NA,NA,NA,CV >= 30%
JPSS1_20250117T131201_vs_HYPERNETS_20250117T133000_RHOW_R.csv,THFR,Hyp,JPSS1,Hyp vs JPSS1,2025-01-17T12:30:00Z,2025-01-17T12:12:01Z,NA,NA,NA,CV >= 30%
JPSS1_20250123T130001_vs_HYPERNETS_20250123T131500_RHOW_R.csv,THFR,Hyp,JPSS1,Hyp vs JPSS1,2025-01-23T12:15:00Z,2025-01-23T12:00:01Z,NA,NA,NA,CV >= 30%
JPSS1_20250123T130001_vs_HYPERNETS_20250123T133000_RHOW_R.csv,THFR,Hyp,JPSS1,Hyp vs JPSS1,2025-01-23T12:30:00Z,2025-01-23T12:00:01Z,NA,NA,NA,CV >= 30%
JPSS1_20250129T124801_vs_HYPERNETS_20250129T124500_RHOW_R.csv,THFR,Hyp,JPSS1,Hyp vs JPSS1,2025-01-29T11:45:00Z,2025-01-29T11:48:01Z,NA,147.2296,-147.2296,CV >= 30%
JPSS1_20250129T124801_vs_HYPERNETS_20250129T130000_RHOW_R.csv,THFR,Hyp,JPSS1,Hyp vs JPSS1,2025-01-29T12:00:00Z,2025-01-29T11:48:01Z,NA,143.7898,-143.7898,CV >= 30%
JPSS1_20250129T124801_vs_HYPERNETS_20250129T131500_RHOW_R.csv,THFR,Hyp,JPSS1,Hyp vs JPSS1,2025-01-29T12:15:00Z,2025-01-29T11:48:01Z,NA,221.5148,-221.5148,CV >= 30%
JPSS1_20250203T125400_vs_HYPERNETS_20250203T123000_RHOW_R.csv,THFR,Hyp,JPSS1,Hyp vs JPSS1,2025-02-03T11:30:00Z,2025-02-03T11:54:00Z,NA,277.4333,-277.4333,CV >= 30%
JPSS1_20250203T125400_vs_HYPERNETS_20250203T124500_RHOW_R.csv,THFR,Hyp,JPSS1,Hyp vs JPSS1,2025-02-03T11:45:00Z,2025-02-03T11:54:00Z,NA,280.082,-280.082,CV >= 30%
JPSS1_20250203T125400_vs_HYPERNETS_20250203T130000_RHOW_R.csv,THFR,Hyp,JPSS1,Hyp vs JPSS1,2025-02-03T12:00:00Z,2025-02-03T11:54:00Z,NA,264.346,-264.346,CV >= 30%
JPSS1_20250203T125400_vs_HYPERNETS_20250203T131500_RHOW_R.csv,THFR,Hyp,JPSS1,Hyp vs JPSS1,2025-02-03T12:15:00Z,2025-02-03T11:54:00Z,NA,247.6749,-247.6749,CV >= 30%
JPSS1_20250204T123601_vs_HYPERNETS_20250204T121500_RHOW_R.csv,THFR,Hyp,JPSS1,Hyp vs JPSS1,2025-02-04T11:15:00Z,2025-02-04T11:36:01Z,NA,504.5848,-504.5848,CV >= 30%
JPSS1_20250204T123601_vs_HYPERNETS_20250204T123000_RHOW_R.csv,THFR,Hyp,JPSS1,Hyp vs JPSS1,2025-02-04T11:30:00Z,2025-02-04T11:36:01Z,NA,517.6212,-517.6212,CV >= 30%
JPSS1_20250204T123601_vs_HYPERNETS_20250204T124500_RHOW_R.csv,THFR,Hyp,JPSS1,Hyp vs JPSS1,2025-02-04T11:45:00Z,2025-02-04T11:36:01Z,NA,506.3231,-506.3231,CV >= 30%
JPSS1_20250204T123601_vs_HYPERNETS_20250204T130000_RHOW_R.csv,THFR,Hyp,JPSS1,Hyp vs JPSS1,2025-02-04T12:00:00Z,2025-02-04T11:36:01Z,NA,510.1978,-510.1978,CV >= 30%
JPSS1_20250205T121801_vs_HYPERNETS_20250205T120000_RHOW_R.csv,THFR,Hyp,JPSS1,Hyp vs JPSS1,2025-02-05T11:00:00Z,2025-02-05T11:18:01Z,1.1456,119.4761,-119.4761,CV >= 30%
JPSS1_20250205T121801_vs_HYPERNETS_20250205T121500_RHOW_R.csv,THFR,Hyp,JPSS1,Hyp vs JPSS1,2025-02-05T11:15:00Z,2025-02-05T11:18:01Z,1.1085,117.1125,-117.1125,CV >= 30%
JPSS1_20250205T121801_vs_HYPERNETS_20250205T123000_RHOW_R.csv,THFR,Hyp,JPSS1,Hyp vs JPSS1,2025-02-05T11:30:00Z,2025-02-05T11:18:01Z,1.1116,114.9968,-114.9968,CV >= 30%
JPSS1_20250205T121801_vs_HYPERNETS_20250205T124500_RHOW_R.csv,THFR,Hyp,JPSS1,Hyp vs JPSS1,2025-02-05T11:45:00Z,2025-02-05T11:18:01Z,1.1392,104.9304,-104.9304,CV >= 30%
JPSS1_20250206T115400_vs_HYPERNETS_20250206T113000_RHOW_R.csv,THFR,Hyp,JPSS1,Hyp vs JPSS1,2025-02-06T10:30:00Z,2025-02-06T10:54:00Z,NA,NA,NA,CV >= 30%
JPSS1_20250206T115400_vs_HYPERNETS_20250206T114500_RHOW_R.csv,THFR,Hyp,JPSS1,Hyp vs JPSS1,2025-02-06T10:45:00Z,2025-02-06T10:54:00Z,NA,NA,NA,CV >= 30%
JPSS1_20250206T115400_vs_HYPERNETS_20250206T120000_RHOW_R.csv,THFR,Hyp,JPSS1,Hyp vs JPSS1,2025-02-06T11:00:00Z,2025-02-06T10:54:00Z,NA,NA,NA,CV >= 30%
JPSS1_20250206T115400_vs_HYPERNETS_20250206T121500_RHOW_R.csv,THFR,Hyp,JPSS1,Hyp vs JPSS1,2025-02-06T11:15:00Z,2025-02-06T10:54:00Z,NA,NA,NA,CV >= 30%
JPSS1_20250215T123000_vs_HYPERNETS_20250215T120000_RHOW_R.csv,THFR,Hyp,JPSS1,Hyp vs JPSS1,2025-02-15T11:00:00Z,2025-02-15T11:30:00Z,NA,270.1432,-270.1432,CV >= 30%
JPSS1_20250215T123000_vs_HYPERNETS_20250215T121500_RHOW_R.csv,THFR,Hyp,JPSS1,Hyp vs JPSS1,2025-02-15T11:15:00Z,2025-02-15T11:30:00Z,NA,280.0126,-280.0126,CV >= 30%
JPSS1_20250215T123000_vs_HYPERNETS_20250215T123000_RHOW_R.csv,THFR,Hyp,JPSS1,Hyp vs JPSS1,2025-02-15T11:30:00Z,2025-02-15T11:30:00Z,NA,288.5043,-288.5043,CV >= 30%
JPSS1_20250215T123000_vs_HYPERNETS_20250215T124500_RHOW_R.csv,THFR,Hyp,JPSS1,Hyp vs JPSS1,2025-02-15T11:45:00Z,2025-02-15T11:30:00Z,NA,292.9614,-292.9614,CV >= 30%
JPSS1_20250215T123000_vs_HYPERNETS_20250215T130000_RHOW_R.csv,THFR,Hyp,JPSS1,Hyp vs JPSS1,2025-02-15T12:00:00Z,2025-02-15T11:30:00Z,NA,330.2074,-330.2074,CV >= 30%
JPSS1_20250530T113601_vs_HYPERNETS_20250530T111500_RHOW_R.csv,THFR,Hyp,JPSS1,Hyp vs JPSS1,2025-05-30T09:15:00Z,2025-05-30T09:36:01Z,NA,269.2913,-269.2913,CV >= 30%
JPSS1_20250616T130000_vs_HYPERNETS_20250616T123000_RHOW_R.csv,THFR,Hyp,JPSS1,Hyp vs JPSS1,2025-06-16T10:30:00Z,2025-06-16T11:00:00Z,0.9774,129.2667,-129.2667,CV >= 30%
JPSS1_20250616T130000_vs_HYPERNETS_20250616T124500_RHOW_R.csv,THFR,Hyp,JPSS1,Hyp vs JPSS1,2025-06-16T10:45:00Z,2025-06-16T11:00:00Z,1.0099,123.6276,-123.6276,CV >= 30%
JPSS1_20250616T130000_vs_HYPERNETS_20250616T130000_RHOW_R.csv,THFR,Hyp,JPSS1,Hyp vs JPSS1,2025-06-16T11:00:00Z,2025-06-16T11:00:00Z,1.027,119.6578,-119.6578,CV >= 30%
JPSS1_20250616T130000_vs_HYPERNETS_20250616T131500_RHOW_R.csv,THFR,Hyp,JPSS1,Hyp vs JPSS1,2025-06-16T11:15:00Z,2025-06-16T11:00:00Z,1.0358,120.3643,-120.3643,CV >= 30%
JPSS1_20250616T130000_vs_HYPERNETS_20250616T133000_RHOW_R.csv,THFR,Hyp,JPSS1,Hyp vs JPSS1,2025-06-16T11:30:00Z,2025-06-16T11:00:00Z,1.0644,110.28,-110.28,CV >= 30%
JPSS1_20250619T120600_vs_HYPERNETS_20250619T114500_RHOW_R.csv,THFR,Hyp,JPSS1,Hyp vs JPSS1,2025-06-19T09:45:00Z,2025-06-19T10:06:00Z,NA,503.695,-503.695,CV >= 30%
JPSS1_20250619T120600_vs_HYPERNETS_20250619T120000_RHOW_R.csv,THFR,Hyp,JPSS1,Hyp vs JPSS1,2025-06-19T10:00:00Z,2025-06-19T10:06:00Z,NA,503.2209,-503.2209,CV >= 30%
JPSS1_20250619T120600_vs_HYPERNETS_20250619T121500_RHOW_R.csv,THFR,Hyp,JPSS1,Hyp vs JPSS1,2025-06-19T10:15:00Z,2025-06-19T10:06:00Z,NA,478.2574,-478.2574,CV >= 30%
JPSS1_20250619T120600_vs_HYPERNETS_20250619T123000_RHOW_R.csv,THFR,Hyp,JPSS1,Hyp vs JPSS1,2025-06-19T10:30:00Z,2025-06-19T10:06:00Z,NA,480.7772,-480.7772,CV >= 30%
JPSS1_20250621T130601_vs_HYPERNETS_20250621T124500_RHOW_R.csv,THFR,Hyp,JPSS1,Hyp vs JPSS1,2025-06-21T10:45:00Z,2025-06-21T11:06:01Z,1.3467,29.1265,-28.3219,CV >= 30%
JPSS1_20250621T130601_vs_HYPERNETS_20250621T130000_RHOW_R.csv,THFR,Hyp,JPSS1,Hyp vs JPSS1,2025-06-21T11:00:00Z,2025-06-21T11:06:01Z,1.3783,31.4604,-28.8098,CV >= 30%
JPSS1_20250621T130601_vs_HYPERNETS_20250621T131500_RHOW_R.csv,THFR,Hyp,JPSS1,Hyp vs JPSS1,2025-06-21T11:15:00Z,2025-06-21T11:06:01Z,1.3961,32.9898,-30.6235,CV >= 30%
JPSS1_20250621T130601_vs_HYPERNETS_20250621T133000_RHOW_R.csv,THFR,Hyp,JPSS1,Hyp vs JPSS1,2025-06-21T11:30:00Z,2025-06-21T11:06:01Z,1.4138,19.2091,-4.4944,CV >= 30%
JPSS1_20250622T124801_vs_HYPERNETS_20250622T123000_RHOW_R.csv,THFR,Hyp,JPSS1,Hyp vs JPSS1,2025-06-22T10:30:00Z,2025-06-22T10:48:01Z,NA,225.0931,-225.0931,CV >= 30%
JPSS1_20250622T124801_vs_HYPERNETS_20250622T124500_RHOW_R.csv,THFR,Hyp,JPSS1,Hyp vs JPSS1,2025-06-22T10:45:00Z,2025-06-22T10:48:01Z,NA,215.2242,-215.2242,CV >= 30%
JPSS1_20250622T124801_vs_HYPERNETS_20250622T130000_RHOW_R.csv,THFR,Hyp,JPSS1,Hyp vs JPSS1,2025-06-22T11:00:00Z,2025-06-22T10:48:01Z,NA,209.4601,-209.4601,CV >= 30%
JPSS1_20250622T124801_vs_HYPERNETS_20250622T131500_RHOW_R.csv,THFR,Hyp,JPSS1,Hyp vs JPSS1,2025-06-22T11:15:00Z,2025-06-22T10:48:01Z,NA,221.5548,-221.5548,CV >= 30%
JPSS1_20250630T120000_vs_HYPERNETS_20250630T113000_RHOW_R.csv,THFR,Hyp,JPSS1,Hyp vs JPSS1,2025-06-30T09:30:00Z,2025-06-30T10:00:00Z,NA,316.2248,-316.2248,CV >= 30%
JPSS1_20250630T120000_vs_HYPERNETS_20250630T114500_RHOW_R.csv,THFR,Hyp,JPSS1,Hyp vs JPSS1,2025-06-30T09:45:00Z,2025-06-30T10:00:00Z,NA,304.5536,-304.5536,CV >= 30%
JPSS1_20250630T120000_vs_HYPERNETS_20250630T120000_RHOW_R.csv,THFR,Hyp,JPSS1,Hyp vs JPSS1,2025-06-30T10:00:00Z,2025-06-30T10:00:00Z,NA,301.5955,-301.5955,CV >= 30%
JPSS1_20250630T120000_vs_HYPERNETS_20250630T121500_RHOW_R.csv,THFR,Hyp,JPSS1,Hyp vs JPSS1,2025-06-30T10:15:00Z,2025-06-30T10:00:00Z,NA,299.4539,-299.4539,CV >= 30%
JPSS1_20250630T120000_vs_HYPERNETS_20250630T123000_RHOW_R.csv,THFR,Hyp,JPSS1,Hyp vs JPSS1,2025-06-30T10:30:00Z,2025-06-30T10:00:00Z,NA,293.6915,-293.6915,CV >= 30%
JPSS1_20250703T124201_vs_HYPERNETS_20250703T121500_RHOW_R.csv,THFR,Hyp,JPSS1,Hyp vs JPSS1,2025-07-03T10:15:00Z,2025-07-03T10:42:01Z,0.7209,180.1622,-180.1622,CV >= 30%
JPSS1_20250703T124201_vs_HYPERNETS_20250703T123000_RHOW_R.csv,THFR,Hyp,JPSS1,Hyp vs JPSS1,2025-07-03T10:30:00Z,2025-07-03T10:42:01Z,0.7305,179.717,-179.717,CV >= 30%
JPSS1_20250703T124201_vs_HYPERNETS_20250703T124500_RHOW_R.csv,THFR,Hyp,JPSS1,Hyp vs JPSS1,2025-07-03T10:45:00Z,2025-07-03T10:42:01Z,0.7644,178.8772,-178.8772,CV >= 30%
JPSS1_20250703T124201_vs_HYPERNETS_20250703T130000_RHOW_R.csv,THFR,Hyp,JPSS1,Hyp vs JPSS1,2025-07-03T11:00:00Z,2025-07-03T10:42:01Z,0.7833,162.466,-162.466,CV >= 30%
JPSS1_20250708T124800_vs_HYPERNETS_20250708T123000_RHOW_R.csv,THFR,Hyp,JPSS1,Hyp vs JPSS1,2025-07-08T10:30:00Z,2025-07-08T10:48:00Z,0.927,618.5378,-618.5378,CV >= 30%
JPSS1_20250708T124800_vs_HYPERNETS_20250708T124500_RHOW_R.csv,THFR,Hyp,JPSS1,Hyp vs JPSS1,2025-07-08T10:45:00Z,2025-07-08T10:48:00Z,0.921,614.3004,-614.3004,CV >= 30%
JPSS1_20250708T124800_vs_HYPERNETS_20250708T130000_RHOW_R.csv,THFR,Hyp,JPSS1,Hyp vs JPSS1,2025-07-08T11:00:00Z,2025-07-08T10:48:00Z,0.9571,561.8953,-561.8953,CV >= 30%
JPSS1_20250708T124800_vs_HYPERNETS_20250708T131500_RHOW_R.csv,THFR,Hyp,JPSS1,Hyp vs JPSS1,2025-07-08T11:15:00Z,2025-07-08T10:48:00Z,0.9873,548.4338,-548.4338,CV >= 30%
JPSS1_20250713T125400_vs_HYPERNETS_20250713T123000_RHOW_R.csv,THFR,Hyp,JPSS1,Hyp vs JPSS1,2025-07-13T10:30:00Z,2025-07-13T10:54:00Z,1.3405,16.1638,-16.1638,CV >= 30%
JPSS1_20250713T125400_vs_HYPERNETS_20250713T124500_RHOW_R.csv,THFR,Hyp,JPSS1,Hyp vs JPSS1,2025-07-13T10:45:00Z,2025-07-13T10:54:00Z,1.3496,8.0232,-2.6383,CV >= 30%
JPSS1_20250713T125400_vs_HYPERNETS_20250713T130000_RHOW_R.csv,THFR,Hyp,JPSS1,Hyp vs JPSS1,2025-07-13T11:00:00Z,2025-07-13T10:54:00Z,1.3682,11.1674,-11.1674,CV >= 30%
JPSS1_20250713T125400_vs_HYPERNETS_20250713T131500_RHOW_R.csv,THFR,Hyp,JPSS1,Hyp vs JPSS1,2025-07-13T11:15:00Z,2025-07-13T10:54:00Z,1.4316,13.3498,-13.3498,CV >= 30%
JPSS1_20250717T131801_vs_HYPERNETS_20250717T134500_RHOW_R.csv,THFR,Hyp,JPSS1,Hyp vs JPSS1,2025-07-17T11:45:00Z,2025-07-17T11:18:01Z,0.9535,148.544,-148.544,CV >= 30%
JPSS1_20250720T122400_vs_HYPERNETS_20250720T120000_RHOW_R.csv,THFR,Hyp,JPSS1,Hyp vs JPSS1,2025-07-20T10:00:00Z,2025-07-20T10:24:00Z,0.9013,56.4646,-56.4646,CV >= 30%
JPSS1_20250720T122400_vs_HYPERNETS_20250720T121500_RHOW_R.csv,THFR,Hyp,JPSS1,Hyp vs JPSS1,2025-07-20T10:15:00Z,2025-07-20T10:24:00Z,0.894,58.6328,-58.6328,CV >= 30%
JPSS1_20250720T122400_vs_HYPERNETS_20250720T123000_RHOW_R.csv,THFR,Hyp,JPSS1,Hyp vs JPSS1,2025-07-20T10:30:00Z,2025-07-20T10:24:00Z,0.8895,51.9361,-51.9361,CV >= 30%
JPSS1_20250720T122400_vs_HYPERNETS_20250720T124500_RHOW_R.csv,THFR,Hyp,JPSS1,Hyp vs JPSS1,2025-07-20T10:45:00Z,2025-07-20T10:24:00Z,0.8854,50.427,-50.427,CV >= 30%
JPSS1_20250725T123000_vs_HYPERNETS_20250725T120000_RHOW_R.csv,THFR,Hyp,JPSS1,Hyp vs JPSS1,2025-07-25T10:00:00Z,2025-07-25T10:30:00Z,NA,138.1064,-138.1064,CV >= 30%
JPSS1_20250725T123000_vs_HYPERNETS_20250725T121500_RHOW_R.csv,THFR,Hyp,JPSS1,Hyp vs JPSS1,2025-07-25T10:15:00Z,2025-07-25T10:30:00Z,NA,104.4243,-104.4243,CV >= 30%
JPSS1_20250725T123000_vs_HYPERNETS_20250725T123000_RHOW_R.csv,THFR,Hyp,JPSS1,Hyp vs JPSS1,2025-07-25T10:30:00Z,2025-07-25T10:30:00Z,NA,22967888256678423e25,-22967888256678423e25,CV >= 30%
JPSS1_20250725T123000_vs_HYPERNETS_20250725T124500_RHOW_R.csv,THFR,Hyp,JPSS1,Hyp vs JPSS1,2025-07-25T10:45:00Z,2025-07-25T10:30:00Z,NA,98.8748,-98.8748,CV >= 30%
JPSS1_20250725T123000_vs_HYPERNETS_20250725T130000_RHOW_R.csv,THFR,Hyp,JPSS1,Hyp vs JPSS1,2025-07-25T11:00:00Z,2025-07-25T10:30:00Z,NA,93.3405,-93.3405,CV >= 30%
JPSS1_20250726T121200_vs_HYPERNETS_20250726T114500_RHOW_R.csv,THFR,Hyp,JPSS1,Hyp vs JPSS1,2025-07-26T09:45:00Z,2025-07-26T10:12:00Z,NA,178.6292,-178.6292,CV >= 30%
JPSS1_20250726T121200_vs_HYPERNETS_20250726T120000_RHOW_R.csv,THFR,Hyp,JPSS1,Hyp vs JPSS1,2025-07-26T10:00:00Z,2025-07-26T10:12:00Z,NA,130.22,7.7144,CV >= 30%
JPSS1_20250726T121200_vs_HYPERNETS_20250726T121500_RHOW_R.csv,THFR,Hyp,JPSS1,Hyp vs JPSS1,2025-07-26T10:15:00Z,2025-07-26T10:12:00Z,NA,190.9808,-190.9808,CV >= 30%
JPSS1_20250726T121200_vs_HYPERNETS_20250726T123000_RHOW_R.csv,THFR,Hyp,JPSS1,Hyp vs JPSS1,2025-07-26T10:30:00Z,2025-07-26T10:12:00Z,NA,194.339,-194.339,CV >= 30%
JPSS1_20250730T123601_vs_HYPERNETS_20250730T121500_RHOW_R.csv,THFR,Hyp,JPSS1,Hyp vs JPSS1,2025-07-30T10:15:00Z,2025-07-30T10:36:01Z,1.1115,54.8657,-54.8657,CV >= 30%
JPSS1_20250730T123601_vs_HYPERNETS_20250730T123000_RHOW_R.csv,THFR,Hyp,JPSS1,Hyp vs JPSS1,2025-07-30T10:30:00Z,2025-07-30T10:36:01Z,1.1123,49.8054,-49.8054,CV >= 30%
JPSS1_20250730T123601_vs_HYPERNETS_20250730T124500_RHOW_R.csv,THFR,Hyp,JPSS1,Hyp vs JPSS1,2025-07-30T10:45:00Z,2025-07-30T10:36:01Z,1.0896,56.4028,-56.4028,CV >= 30%
JPSS1_20250730T123601_vs_HYPERNETS_20250730T130000_RHOW_R.csv,THFR,Hyp,JPSS1,Hyp vs JPSS1,2025-07-30T11:00:00Z,2025-07-30T10:36:01Z,1.085,47.3359,-47.3359,CV >= 30%
JPSS1_20250802T114200_vs_HYPERNETS_20250802T111500_RHOW_R.csv,THFR,Hyp,JPSS1,Hyp vs JPSS1,2025-08-02T09:15:00Z,2025-08-02T09:42:00Z,NA,NA,NA,CV >= 30%
JPSS1_20250802T114200_vs_HYPERNETS_20250802T113000_RHOW_R.csv,THFR,Hyp,JPSS1,Hyp vs JPSS1,2025-08-02T09:30:00Z,2025-08-02T09:42:00Z,NA,NA,NA,CV >= 30%
JPSS1_20250802T114200_vs_HYPERNETS_20250802T114500_RHOW_R.csv,THFR,Hyp,JPSS1,Hyp vs JPSS1,2025-08-02T09:45:00Z,2025-08-02T09:42:00Z,NA,NA,NA,CV >= 30%
JPSS1_20250802T114200_vs_HYPERNETS_20250802T120000_RHOW_R.csv,THFR,Hyp,JPSS1,Hyp vs JPSS1,2025-08-02T10:00:00Z,2025-08-02T09:42:00Z,NA,NA,NA,CV >= 30%
JPSS1_20250803T130000_vs_HYPERNETS_20250803T133000_RHOW_R.csv,THFR,Hyp,JPSS1,Hyp vs JPSS1,2025-08-03T11:30:00Z,2025-08-03T11:00:00Z,NA,NA,NA,CV >= 30%
JPSS1_20250804T124201_vs_HYPERNETS_20250804T121500_RHOW_R.csv,THFR,Hyp,JPSS1,Hyp vs JPSS1,2025-08-04T10:15:00Z,2025-08-04T10:42:01Z,NA,213.9091,-213.9091,CV >= 30%
JPSS1_20250804T124201_vs_HYPERNETS_20250804T123000_RHOW_R.csv,THFR,Hyp,JPSS1,Hyp vs JPSS1,2025-08-04T10:30:00Z,2025-08-04T10:42:01Z,NA,204.7676,-204.7676,CV >= 30%
JPSS1_20250804T124201_vs_HYPERNETS_20250804T124500_RHOW_R.csv,THFR,Hyp,JPSS1,Hyp vs JPSS1,2025-08-04T10:45:00Z,2025-08-04T10:42:01Z,NA,203.2539,-203.2539,CV >= 30%
JPSS1_20250804T124201_vs_HYPERNETS_20250804T130000_RHOW_R.csv,THFR,Hyp,JPSS1,Hyp vs JPSS1,2025-08-04T11:00:00Z,2025-08-04T10:42:01Z,NA,199.1733,-199.1733,CV >= 30%
JPSS1_20250805T122401_vs_HYPERNETS_20250805T120000_RHOW_R.csv,THFR,Hyp,JPSS1,Hyp vs JPSS1,2025-08-05T10:00:00Z,2025-08-05T10:24:01Z,NA,667.306,-667.306,CV >= 30%
JPSS1_20250805T122401_vs_HYPERNETS_20250805T121500_RHOW_R.csv,THFR,Hyp,JPSS1,Hyp vs JPSS1,2025-08-05T10:15:00Z,2025-08-05T10:24:01Z,NA,657.5361,-657.5361,CV >= 30%
JPSS1_20250805T122401_vs_HYPERNETS_20250805T123000_RHOW_R.csv,THFR,Hyp,JPSS1,Hyp vs JPSS1,2025-08-05T10:30:00Z,2025-08-05T10:24:01Z,NA,676.2847,-676.2847,CV >= 30%
JPSS1_20250805T122401_vs_HYPERNETS_20250805T124500_RHOW_R.csv,THFR,Hyp,JPSS1,Hyp vs JPSS1,2025-08-05T10:45:00Z,2025-08-05T10:24:01Z,NA,679.1788,-679.1788,CV >= 30%
JPSS1_20250821T122400_vs_HYPERNETS_20250821T121500_RHOW_R.csv,THFR,Hyp,JPSS1,Hyp vs JPSS1,2025-08-21T10:15:00Z,2025-08-21T10:24:00Z,NA,349.5025,-349.5025,CV >= 30%
JPSS1_20250821T122400_vs_HYPERNETS_20250821T123000_RHOW_R.csv,THFR,Hyp,JPSS1,Hyp vs JPSS1,2025-08-21T10:30:00Z,2025-08-21T10:24:00Z,NA,332.1361,-332.1361,CV >= 30%
JPSS1_20250821T122400_vs_HYPERNETS_20250821T124500_RHOW_R.csv,THFR,Hyp,JPSS1,Hyp vs JPSS1,2025-08-21T10:45:00Z,2025-08-21T10:24:00Z,NA,333.9233,-333.9233,CV >= 30%
JPSS1_20250824T130601_vs_HYPERNETS_20250824T124500_RHOW_R.csv,THFR,Hyp,JPSS1,Hyp vs JPSS1,2025-08-24T10:45:00Z,2025-08-24T11:06:01Z,1.0904,129.994,-129.994,CV >= 30%
JPSS1_20250824T130601_vs_HYPERNETS_20250824T130000_RHOW_R.csv,THFR,Hyp,JPSS1,Hyp vs JPSS1,2025-08-24T11:00:00Z,2025-08-24T11:06:01Z,1.0732,136.822,-136.822,CV >= 30%
JPSS1_20250824T130601_vs_HYPERNETS_20250824T131500_RHOW_R.csv,THFR,Hyp,JPSS1,Hyp vs JPSS1,2025-08-24T11:15:00Z,2025-08-24T11:06:01Z,1.0482,131.6663,-131.6663,CV >= 30%
JPSS1_20250824T130601_vs_HYPERNETS_20250824T133000_RHOW_R.csv,THFR,Hyp,JPSS1,Hyp vs JPSS1,2025-08-24T11:30:00Z,2025-08-24T11:06:01Z,1.0184,130.1934,-130.1934,CV >= 30%
JPSS1_20250830T125401_vs_HYPERNETS_20250830T124500_RHOW_R.csv,THFR,Hyp,JPSS1,Hyp vs JPSS1,2025-08-30T10:45:00Z,2025-08-30T10:54:01Z,NA,132.7566,-132.7566,CV >= 30%
JPSS1_20250830T125401_vs_HYPERNETS_20250830T130000_RHOW_R.csv,THFR,Hyp,JPSS1,Hyp vs JPSS1,2025-08-30T11:00:00Z,2025-08-30T10:54:01Z,NA,131.1014,-131.1014,CV >= 30%
JPSS1_20250830T125401_vs_HYPERNETS_20250830T131500_RHOW_R.csv,THFR,Hyp,JPSS1,Hyp vs JPSS1,2025-08-30T11:15:00Z,2025-08-30T10:54:01Z,NA,126.7754,-126.7754,CV >= 30%
JPSS1_20250831T123601_vs_HYPERNETS_20250831T121500_RHOW_R.csv,THFR,Hyp,JPSS1,Hyp vs JPSS1,2025-08-31T10:15:00Z,2025-08-31T10:36:01Z,NA,142.577,-142.577,CV >= 30%
JPSS1_20250831T123601_vs_HYPERNETS_20250831T123000_RHOW_R.csv,THFR,Hyp,JPSS1,Hyp vs JPSS1,2025-08-31T10:30:00Z,2025-08-31T10:36:01Z,NA,147.4905,-147.4905,CV >= 30%
JPSS1_20250831T123601_vs_HYPERNETS_20250831T124500_RHOW_R.csv,THFR,Hyp,JPSS1,Hyp vs JPSS1,2025-08-31T10:45:00Z,2025-08-31T10:36:01Z,NA,138.6986,-138.6986,CV >= 30%
JPSS1_20250905T124200_vs_HYPERNETS_20250905T121500_RHOW_R.csv,THFR,Hyp,JPSS1,Hyp vs JPSS1,2025-09-05T10:15:00Z,2025-09-05T10:42:00Z,0.9178,184.3,-184.3,CV >= 30%
JPSS1_20250905T124200_vs_HYPERNETS_20250905T123000_RHOW_R.csv,THFR,Hyp,JPSS1,Hyp vs JPSS1,2025-09-05T10:30:00Z,2025-09-05T10:42:00Z,0.9045,188.9653,-188.9653,CV >= 30%
JPSS1_20250905T124200_vs_HYPERNETS_20250905T124500_RHOW_R.csv,THFR,Hyp,JPSS1,Hyp vs JPSS1,2025-09-05T10:45:00Z,2025-09-05T10:42:00Z,0.9164,174.7206,-174.7206,CV >= 30%
JPSS1_20250905T124200_vs_HYPERNETS_20250905T130000_RHOW_R.csv,THFR,Hyp,JPSS1,Hyp vs JPSS1,2025-09-05T11:00:00Z,2025-09-05T10:42:00Z,0.9187,175.6751,-175.6751,CV >= 30%
JPSS1_20250906T122401_vs_HYPERNETS_20250906T120000_RHOW_R.csv,THFR,Hyp,JPSS1,Hyp vs JPSS1,2025-09-06T10:00:00Z,2025-09-06T10:24:01Z,1.5952,21.9,1.8188,CV >= 30%
JPSS1_20250906T122401_vs_HYPERNETS_20250906T121500_RHOW_R.csv,THFR,Hyp,JPSS1,Hyp vs JPSS1,2025-09-06T10:15:00Z,2025-09-06T10:24:01Z,1.5809,22.6449,3.9704,CV >= 30%
JPSS1_20250906T122401_vs_HYPERNETS_20250906T123000_RHOW_R.csv,THFR,Hyp,JPSS1,Hyp vs JPSS1,2025-09-06T10:30:00Z,2025-09-06T10:24:01Z,1.586,19.8606,-0.2986,CV >= 30%
JPSS1_20250906T122401_vs_HYPERNETS_20250906T124500_RHOW_R.csv,THFR,Hyp,JPSS1,Hyp vs JPSS1,2025-09-06T10:45:00Z,2025-09-06T10:24:01Z,1.6125,23.0245,2.6326,CV >= 30%
JPSS1_20250911T123000_vs_HYPERNETS_20250911T124500_RHOW_R.csv,THFR,Hyp,JPSS1,Hyp vs JPSS1,2025-09-11T10:45:00Z,2025-09-11T10:30:00Z,NA,201.0046,-201.0046,CV >= 30%
JPSS1_20250917T121800_vs_HYPERNETS_20250917T120000_RHOW_R.csv,THFR,Hyp,JPSS1,Hyp vs JPSS1,2025-09-17T10:00:00Z,2025-09-17T10:18:00Z,NA,456.7899,-456.7899,CV >= 30%
JPSS1_20250917T121800_vs_HYPERNETS_20250917T121500_RHOW_R.csv,THFR,Hyp,JPSS1,Hyp vs JPSS1,2025-09-17T10:15:00Z,2025-09-17T10:18:00Z,NA,466.7151,-466.7151,CV >= 30%
JPSS1_20250917T121800_vs_HYPERNETS_20250917T123000_RHOW_R.csv,THFR,Hyp,JPSS1,Hyp vs JPSS1,2025-09-17T10:30:00Z,2025-09-17T10:18:00Z,NA,450.3042,-450.3042,CV >= 30%
JPSS1_20250917T121800_vs_HYPERNETS_20250917T124500_RHOW_R.csv,THFR,Hyp,JPSS1,Hyp vs JPSS1,2025-09-17T10:45:00Z,2025-09-17T10:18:00Z,NA,450.5423,-450.5423,CV >= 30%
JPSS1_20250921T124200_vs_HYPERNETS_20250921T123000_RHOW_R.csv,THFR,Hyp,JPSS1,Hyp vs JPSS1,2025-09-21T10:30:00Z,2025-09-21T10:42:00Z,NA,229.4404,-229.4404,CV >= 30%
JPSS1_20250921T124200_vs_HYPERNETS_20250921T124500_RHOW_R.csv,THFR,Hyp,JPSS1,Hyp vs JPSS1,2025-09-21T10:45:00Z,2025-09-21T10:42:00Z,NA,213.7233,-213.7233,CV >= 30%
JPSS1_20250921T124200_vs_HYPERNETS_20250921T130000_RHOW_R.csv,THFR,Hyp,JPSS1,Hyp vs JPSS1,2025-09-21T11:00:00Z,2025-09-21T10:42:00Z,NA,218.7648,-218.7648,CV >= 30%
JPSS1_20250922T122400_vs_HYPERNETS_20250922T120000_RHOW_R.csv,THFR,Hyp,JPSS1,Hyp vs JPSS1,2025-09-22T10:00:00Z,2025-09-22T10:24:00Z,0.9683,61.0968,-61.0968,CV >= 30%
JPSS1_20250922T122400_vs_HYPERNETS_20250922T121500_RHOW_R.csv,THFR,Hyp,JPSS1,Hyp vs JPSS1,2025-09-22T10:15:00Z,2025-09-22T10:24:00Z,0.9937,59.4232,-59.4232,CV >= 30%
JPSS1_20250922T122400_vs_HYPERNETS_20250922T123000_RHOW_R.csv,THFR,Hyp,JPSS1,Hyp vs JPSS1,2025-09-22T10:30:00Z,2025-09-22T10:24:00Z,0.9798,65.0408,-65.0408,CV >= 30%
JPSS1_20250922T122400_vs_HYPERNETS_20250922T124500_RHOW_R.csv,THFR,Hyp,JPSS1,Hyp vs JPSS1,2025-09-22T10:45:00Z,2025-09-22T10:24:00Z,0.9851,58.7618,-58.7618,CV >= 30%
JPSS1_20250929T115400_vs_HYPERNETS_20250929T113000_RHOW_R.csv,THFR,Hyp,JPSS1,Hyp vs JPSS1,2025-09-29T09:30:00Z,2025-09-29T09:54:00Z,NA,NA,NA,CV >= 30%
JPSS1_20250929T115400_vs_HYPERNETS_20250929T114500_RHOW_R.csv,THFR,Hyp,JPSS1,Hyp vs JPSS1,2025-09-29T09:45:00Z,2025-09-29T09:54:00Z,NA,NA,NA,CV >= 30%
JPSS1_20250929T115400_vs_HYPERNETS_20250929T120000_RHOW_R.csv,THFR,Hyp,JPSS1,Hyp vs JPSS1,2025-09-29T10:00:00Z,2025-09-29T09:54:00Z,NA,NA,NA,CV >= 30%
JPSS1_20250929T115400_vs_HYPERNETS_20250929T121500_RHOW_R.csv,THFR,Hyp,JPSS1,Hyp vs JPSS1,2025-09-29T10:15:00Z,2025-09-29T09:54:00Z,NA,NA,NA,CV >= 30%
JPSS1_20251002T123601_vs_HYPERNETS_20251002T121500_RHOW_R.csv,THFR,Hyp,JPSS1,Hyp vs JPSS1,2025-10-02T10:15:00Z,2025-10-02T10:36:01Z,NA,291.6787,-291.6787,CV >= 30%
JPSS1_20251002T123601_vs_HYPERNETS_20251002T123000_RHOW_R.csv,THFR,Hyp,JPSS1,Hyp vs JPSS1,2025-10-02T10:30:00Z,2025-10-02T10:36:01Z,NA,279.0092,-279.0092,CV >= 30%
JPSS1_20251002T123601_vs_HYPERNETS_20251002T124500_RHOW_R.csv,THFR,Hyp,JPSS1,Hyp vs JPSS1,2025-10-02T10:45:00Z,2025-10-02T10:36:01Z,NA,271.295,-271.295,CV >= 30%
JPSS1_20251002T123601_vs_HYPERNETS_20251002T130000_RHOW_R.csv,THFR,Hyp,JPSS1,Hyp vs JPSS1,2025-10-02T11:00:00Z,2025-10-02T10:36:01Z,NA,260.3997,-260.3997,CV >= 30%
JPSS1_20251004T120000_vs_HYPERNETS_20251004T120000_RHOW_R.csv,THFR,Hyp,JPSS1,Hyp vs JPSS1,2025-10-04T10:00:00Z,2025-10-04T10:00:00Z,0.675,171.1242,-171.1242,CV >= 30%
JPSS1_20251004T120000_vs_HYPERNETS_20251004T123000_RHOW_R.csv,THFR,Hyp,JPSS1,Hyp vs JPSS1,2025-10-04T10:30:00Z,2025-10-04T10:00:00Z,0.6472,156.2698,-156.2698,CV >= 30%
JPSS1_20251011T130600_vs_HYPERNETS_20251011T124500_RHOW_R.csv,THFR,Hyp,JPSS1,Hyp vs JPSS1,2025-10-11T10:45:00Z,2025-10-11T11:06:00Z,0.9924,170.0066,-170.0066,CV >= 30%
JPSS1_20251011T130600_vs_HYPERNETS_20251011T130000_RHOW_R.csv,THFR,Hyp,JPSS1,Hyp vs JPSS1,2025-10-11T11:00:00Z,2025-10-11T11:06:00Z,0.9541,176.1925,-176.1925,CV >= 30%
JPSS1_20251011T130600_vs_HYPERNETS_20251011T131500_RHOW_R.csv,THFR,Hyp,JPSS1,Hyp vs JPSS1,2025-10-11T11:15:00Z,2025-10-11T11:06:00Z,0.9568,187.3768,-187.3768,CV >= 30%
JPSS1_20251011T130600_vs_HYPERNETS_20251011T133000_RHOW_R.csv,THFR,Hyp,JPSS1,Hyp vs JPSS1,2025-10-11T11:30:00Z,2025-10-11T11:06:00Z,0.937,192.2701,-192.2701,CV >= 30%
JPSS1_20251012T124800_vs_HYPERNETS_20251012T123000_RHOW_R.csv,THFR,Hyp,JPSS1,Hyp vs JPSS1,2025-10-12T10:30:00Z,2025-10-12T10:48:00Z,1.1478,48.2849,-48.2849,CV >= 30%
JPSS1_20251012T124800_vs_HYPERNETS_20251012T130000_RHOW_R.csv,THFR,Hyp,JPSS1,Hyp vs JPSS1,2025-10-12T11:00:00Z,2025-10-12T10:48:00Z,1.1661,62.3337,-62.3337,CV >= 30%
JPSS1_20251012T124800_vs_HYPERNETS_20251012T131500_RHOW_R.csv,THFR,Hyp,JPSS1,Hyp vs JPSS1,2025-10-12T11:15:00Z,2025-10-12T10:48:00Z,1.1651,59.4738,-59.4738,CV >= 30%
JPSS1_20251013T123001_vs_HYPERNETS_20251013T121500_RHOW_R.csv,THFR,Hyp,JPSS1,Hyp vs JPSS1,2025-10-13T10:15:00Z,2025-10-13T10:30:01Z,NA,NA,NA,CV >= 30%
JPSS1_20251013T123001_vs_HYPERNETS_20251013T123000_RHOW_R.csv,THFR,Hyp,JPSS1,Hyp vs JPSS1,2025-10-13T10:30:00Z,2025-10-13T10:30:01Z,NA,NA,NA,CV >= 30%
JPSS1_20251013T123001_vs_HYPERNETS_20251013T124500_RHOW_R.csv,THFR,Hyp,JPSS1,Hyp vs JPSS1,2025-10-13T10:45:00Z,2025-10-13T10:30:01Z,NA,NA,NA,CV >= 30%
JPSS1_20251013T123001_vs_HYPERNETS_20251013T130000_RHOW_R.csv,THFR,Hyp,JPSS1,Hyp vs JPSS1,2025-10-13T11:00:00Z,2025-10-13T10:30:01Z,NA,NA,NA,CV >= 30%
JPSS1_20251017T125400_vs_HYPERNETS_20251017T123000_RHOW_R.csv,THFR,Hyp,JPSS1,Hyp vs JPSS1,2025-10-17T10:30:00Z,2025-10-17T10:54:00Z,NA,NA,NA,CV >= 30%
JPSS1_20251017T125400_vs_HYPERNETS_20251017T124500_RHOW_R.csv,THFR,Hyp,JPSS1,Hyp vs JPSS1,2025-10-17T10:45:00Z,2025-10-17T10:54:00Z,NA,NA,NA,CV >= 30%
JPSS1_20251017T125400_vs_HYPERNETS_20251017T130000_RHOW_R.csv,THFR,Hyp,JPSS1,Hyp vs JPSS1,2025-10-17T11:00:00Z,2025-10-17T10:54:00Z,NA,NA,NA,CV >= 30%
JPSS1_20251017T125400_vs_HYPERNETS_20251017T131500_RHOW_R.csv,THFR,Hyp,JPSS1,Hyp vs JPSS1,2025-10-17T11:15:00Z,2025-10-17T10:54:00Z,NA,NA,NA,CV >= 30%
JPSS1_20251018T123600_vs_HYPERNETS_20251018T121500_RHOW_R.csv,THFR,Hyp,JPSS1,Hyp vs JPSS1,2025-10-18T10:15:00Z,2025-10-18T10:36:00Z,NA,349.6153,-349.6153,CV >= 30%
JPSS1_20251018T123600_vs_HYPERNETS_20251018T123000_RHOW_R.csv,THFR,Hyp,JPSS1,Hyp vs JPSS1,2025-10-18T10:30:00Z,2025-10-18T10:36:00Z,NA,354.282,-354.282,CV >= 30%
JPSS1_20251018T123600_vs_HYPERNETS_20251018T124500_RHOW_R.csv,THFR,Hyp,JPSS1,Hyp vs JPSS1,2025-10-18T10:45:00Z,2025-10-18T10:36:00Z,NA,345.3294,-345.3294,CV >= 30%
JPSS1_20251018T123600_vs_HYPERNETS_20251018T130000_RHOW_R.csv,THFR,Hyp,JPSS1,Hyp vs JPSS1,2025-10-18T11:00:00Z,2025-10-18T10:36:00Z,NA,334.5774,-334.5774,CV >= 30%
JPSS1_20251023T124200_vs_HYPERNETS_20251023T121500_RHOW_R.csv,THFR,Hyp,JPSS1,Hyp vs JPSS1,2025-10-23T10:15:00Z,2025-10-23T10:42:00Z,0.6924,120.1594,-120.1594,CV >= 30%
JPSS1_20251023T124200_vs_HYPERNETS_20251023T123000_RHOW_R.csv,THFR,Hyp,JPSS1,Hyp vs JPSS1,2025-10-23T10:30:00Z,2025-10-23T10:42:00Z,0.6706,117.4413,-117.4413,CV >= 30%
JPSS1_20251023T124200_vs_HYPERNETS_20251023T130000_RHOW_R.csv,THFR,Hyp,JPSS1,Hyp vs JPSS1,2025-10-23T11:00:00Z,2025-10-23T10:42:00Z,0.6116,123.1405,-123.1405,CV >= 30%
JPSS1_20251027T130601_vs_HYPERNETS_20251027T124500_RHOW_R.csv,THFR,Hyp,JPSS1,Hyp vs JPSS1,2025-10-27T11:45:00Z,2025-10-27T12:06:01Z,NA,235.0322,-235.0322,CV >= 30%
JPSS1_20251027T130601_vs_HYPERNETS_20251027T130000_RHOW_R.csv,THFR,Hyp,JPSS1,Hyp vs JPSS1,2025-10-27T12:00:00Z,2025-10-27T12:06:01Z,NA,205.3754,-205.3754,CV >= 30%
JPSS1_20251027T130601_vs_HYPERNETS_20251027T131500_RHOW_R.csv,THFR,Hyp,JPSS1,Hyp vs JPSS1,2025-10-27T12:15:00Z,2025-10-27T12:06:01Z,NA,211.7009,-211.7009,CV >= 30%
JPSS1_20251027T130601_vs_HYPERNETS_20251027T133000_RHOW_R.csv,THFR,Hyp,JPSS1,Hyp vs JPSS1,2025-10-27T12:30:00Z,2025-10-27T12:06:01Z,NA,205.9747,-205.9747,CV >= 30%
JPSS1_20251028T124800_vs_HYPERNETS_20251028T124500_RHOW_R.csv,THFR,Hyp,JPSS1,Hyp vs JPSS1,2025-10-28T11:45:00Z,2025-10-28T11:48:00Z,0.7095,223.9855,-223.9855,CV >= 30%
JPSS1_20251028T124800_vs_HYPERNETS_20251028T130000_RHOW_R.csv,THFR,Hyp,JPSS1,Hyp vs JPSS1,2025-10-28T12:00:00Z,2025-10-28T11:48:00Z,0.6959,226.8639,-226.8639,CV >= 30%
JPSS1_20251028T124800_vs_HYPERNETS_20251028T131500_RHOW_R.csv,THFR,Hyp,JPSS1,Hyp vs JPSS1,2025-10-28T12:15:00Z,2025-10-28T11:48:00Z,0.6843,230.21190000000001,-230.21190000000001,CV >= 30%
JPSS1_20251030T121200_vs_HYPERNETS_20251030T114500_RHOW_R.csv,THFR,Hyp,JPSS1,Hyp vs JPSS1,2025-10-30T10:45:00Z,2025-10-30T11:12:00Z,NA,324.0424,-324.0424,CV >= 30%
JPSS1_20251030T121200_vs_HYPERNETS_20251030T121500_RHOW_R.csv,THFR,Hyp,JPSS1,Hyp vs JPSS1,2025-10-30T11:15:00Z,2025-10-30T11:12:00Z,NA,318.0125,-318.0125,CV >= 30%
JPSS1_20251030T121200_vs_HYPERNETS_20251030T123000_RHOW_R.csv,THFR,Hyp,JPSS1,Hyp vs JPSS1,2025-10-30T11:30:00Z,2025-10-30T11:12:00Z,NA,322.5817,-322.5817,CV >= 30%
JPSS1_20251103T123600_vs_HYPERNETS_20251103T121500_RHOW_R.csv,THFR,Hyp,JPSS1,Hyp vs JPSS1,2025-11-03T11:15:00Z,2025-11-03T11:36:00Z,NA,164.2664,-164.2664,CV >= 30%
JPSS1_20251103T123600_vs_HYPERNETS_20251103T123000_RHOW_R.csv,THFR,Hyp,JPSS1,Hyp vs JPSS1,2025-11-03T11:30:00Z,2025-11-03T11:36:00Z,NA,169.2192,-169.2192,CV >= 30%
JPSS1_20251103T123600_vs_HYPERNETS_20251103T124500_RHOW_R.csv,THFR,Hyp,JPSS1,Hyp vs JPSS1,2025-11-03T11:45:00Z,2025-11-03T11:36:00Z,NA,156.2372,-156.2372,CV >= 30%
JPSS1_20251103T123600_vs_HYPERNETS_20251103T130000_RHOW_R.csv,THFR,Hyp,JPSS1,Hyp vs JPSS1,2025-11-03T12:00:00Z,2025-11-03T11:36:00Z,NA,156.221,-156.221,CV >= 30%
JPSS1_20251108T124201_vs_HYPERNETS_20251108T123000_RHOW_R.csv,THFR,Hyp,JPSS1,Hyp vs JPSS1,2025-11-08T11:30:00Z,2025-11-08T11:42:01Z,0.7437,52.6463,-52.6463,CV >= 30%
JPSS1_20251108T124201_vs_HYPERNETS_20251108T124500_RHOW_R.csv,THFR,Hyp,JPSS1,Hyp vs JPSS1,2025-11-08T11:45:00Z,2025-11-08T11:42:01Z,0.7579,45.2638,-45.2638,CV >= 30%
JPSS1_20251109T122400_vs_HYPERNETS_20251109T120000_RHOW_R.csv,THFR,Hyp,JPSS1,Hyp vs JPSS1,2025-11-09T11:00:00Z,2025-11-09T11:24:00Z,0.8203,198.4518,-198.4518,CV >= 30%
JPSS1_20251109T122400_vs_HYPERNETS_20251109T121500_RHOW_R.csv,THFR,Hyp,JPSS1,Hyp vs JPSS1,2025-11-09T11:15:00Z,2025-11-09T11:24:00Z,0.8343,187.4837,-187.4837,CV >= 30%
JPSS1_20251109T122400_vs_HYPERNETS_20251109T123000_RHOW_R.csv,THFR,Hyp,JPSS1,Hyp vs JPSS1,2025-11-09T11:30:00Z,2025-11-09T11:24:00Z,0.8631,165.5779,-165.5779,CV >= 30%
JPSS1_20251109T122400_vs_HYPERNETS_20251109T124500_RHOW_R.csv,THFR,Hyp,JPSS1,Hyp vs JPSS1,2025-11-09T11:45:00Z,2025-11-09T11:24:00Z,0.8637,171.6901,-171.6901,CV >= 30%
JPSS1_20251115T121201_vs_HYPERNETS_20251115T114500_RHOW_R.csv,THFR,Hyp,JPSS1,Hyp vs JPSS1,2025-11-15T10:45:00Z,2025-11-15T11:12:01Z,NA,160.5311,-160.5311,CV >= 30%
JPSS1_20251115T121201_vs_HYPERNETS_20251115T120000_RHOW_R.csv,THFR,Hyp,JPSS1,Hyp vs JPSS1,2025-11-15T11:00:00Z,2025-11-15T11:12:01Z,NA,160.3109,-160.3109,CV >= 30%
JPSS1_20251115T121201_vs_HYPERNETS_20251115T121500_RHOW_R.csv,THFR,Hyp,JPSS1,Hyp vs JPSS1,2025-11-15T11:15:00Z,2025-11-15T11:12:01Z,NA,150.8893,-150.8893,CV >= 30%
JPSS1_20251118T125400_vs_HYPERNETS_20251118T123000_RHOW_R.csv,THFR,Hyp,JPSS1,Hyp vs JPSS1,2025-11-18T11:30:00Z,2025-11-18T11:54:00Z,0.6452,114.5206,-114.5206,CV >= 30%
JPSS1_20251118T125400_vs_HYPERNETS_20251118T124500_RHOW_R.csv,THFR,Hyp,JPSS1,Hyp vs JPSS1,2025-11-18T11:45:00Z,2025-11-18T11:54:00Z,0.649,112.44,-112.44,CV >= 30%
JPSS1_20251118T125400_vs_HYPERNETS_20251118T130000_RHOW_R.csv,THFR,Hyp,JPSS1,Hyp vs JPSS1,2025-11-18T12:00:00Z,2025-11-18T11:54:00Z,0.6476,122.8974,-122.8974,CV >= 30%
JPSS1_20251118T125400_vs_HYPERNETS_20251118T131500_RHOW_R.csv,THFR,Hyp,JPSS1,Hyp vs JPSS1,2025-11-18T12:15:00Z,2025-11-18T11:54:00Z,0.6963,92.9529,-92.9529,CV >= 30%
JPSS1_20251119T123601_vs_HYPERNETS_20251119T124500_RHOW_R.csv,THFR,Hyp,JPSS1,Hyp vs JPSS1,2025-11-19T11:45:00Z,2025-11-19T11:36:01Z,NA,279.2197,-279.2197,CV >= 30%
JPSS1_20251119T123601_vs_HYPERNETS_20251119T130000_RHOW_R.csv,THFR,Hyp,JPSS1,Hyp vs JPSS1,2025-11-19T12:00:00Z,2025-11-19T11:36:01Z,NA,265.2646,-265.2646,CV >= 30%
JPSS1_20251126T120601_vs_HYPERNETS_20251126T114500_RHOW_R.csv,THFR,Hyp,JPSS1,Hyp vs JPSS1,2025-11-26T10:45:00Z,2025-11-26T11:06:01Z,0.4931,53.6372,-53.6372,CV >= 30%
JPSS1_20251126T120601_vs_HYPERNETS_20251126T120000_RHOW_R.csv,THFR,Hyp,JPSS1,Hyp vs JPSS1,2025-11-26T11:00:00Z,2025-11-26T11:06:01Z,0.4913,45.2961,-45.2961,CV >= 30%
JPSS1_20251126T120601_vs_HYPERNETS_20251126T121500_RHOW_R.csv,THFR,Hyp,JPSS1,Hyp vs JPSS1,2025-11-26T11:15:00Z,2025-11-26T11:06:01Z,0.5025,45.7629,-45.7629,CV >= 30%
JPSS1_20251126T120601_vs_HYPERNETS_20251126T123000_RHOW_R.csv,THFR,Hyp,JPSS1,Hyp vs JPSS1,2025-11-26T11:30:00Z,2025-11-26T11:06:01Z,0.478,31.2521,-24.5394,CV >= 30%
JPSS1_20251201T121201_vs_HYPERNETS_20251201T114500_RHOW_R.csv,THFR,Hyp,JPSS1,Hyp vs JPSS1,2025-12-01T10:45:00Z,2025-12-01T11:12:01Z,NA,187.1066,-187.1066,CV >= 30%
JPSS1_20251201T121201_vs_HYPERNETS_20251201T120000_RHOW_R.csv,THFR,Hyp,JPSS1,Hyp vs JPSS1,2025-12-01T11:00:00Z,2025-12-01T11:12:01Z,NA,181.7386,-181.7386,CV >= 30%
JPSS1_20251201T121201_vs_HYPERNETS_20251201T121500_RHOW_R.csv,THFR,Hyp,JPSS1,Hyp vs JPSS1,2025-12-01T11:15:00Z,2025-12-01T11:12:01Z,NA,178.1515,-178.1515,CV >= 30%
JPSS1_20251201T121201_vs_HYPERNETS_20251201T123000_RHOW_R.csv,THFR,Hyp,JPSS1,Hyp vs JPSS1,2025-12-01T11:30:00Z,2025-12-01T11:12:01Z,NA,169.0129,-169.0129,CV >= 30%
JPSS1_20251205T123600_vs_HYPERNETS_20251205T121500_RHOW_R.csv,THFR,Hyp,JPSS1,Hyp vs JPSS1,2025-12-05T11:15:00Z,2025-12-05T11:36:00Z,NA,NA,NA,CV >= 30%
JPSS1_20251205T123600_vs_HYPERNETS_20251205T124500_RHOW_R.csv,THFR,Hyp,JPSS1,Hyp vs JPSS1,2025-12-05T11:45:00Z,2025-12-05T11:36:00Z,NA,NA,NA,CV >= 30%
JPSS1_20251205T123600_vs_HYPERNETS_20251205T130000_RHOW_R.csv,THFR,Hyp,JPSS1,Hyp vs JPSS1,2025-12-05T12:00:00Z,2025-12-05T11:36:00Z,NA,NA,NA,CV >= 30%
JPSS1_20251208T114201_vs_HYPERNETS_20251208T111500_RHOW_R.csv,THFR,Hyp,JPSS1,Hyp vs JPSS1,2025-12-08T10:15:00Z,2025-12-08T10:42:01Z,NA,NA,NA,CV >= 30%
JPSS1_20251208T114201_vs_HYPERNETS_20251208T113000_RHOW_R.csv,THFR,Hyp,JPSS1,Hyp vs JPSS1,2025-12-08T10:30:00Z,2025-12-08T10:42:01Z,NA,NA,NA,CV >= 30%
JPSS1_20251208T114201_vs_HYPERNETS_20251208T114500_RHOW_R.csv,THFR,Hyp,JPSS1,Hyp vs JPSS1,2025-12-08T10:45:00Z,2025-12-08T10:42:01Z,NA,NA,NA,CV >= 30%
JPSS1_20251208T114201_vs_HYPERNETS_20251208T120000_RHOW_R.csv,THFR,Hyp,JPSS1,Hyp vs JPSS1,2025-12-08T11:00:00Z,2025-12-08T10:42:01Z,NA,NA,NA,CV >= 30%
JPSS1_20251227T122401_vs_HYPERNETS_20251227T120000_RHOW_R.csv,THFR,Hyp,JPSS1,Hyp vs JPSS1,2025-12-27T11:00:00Z,2025-12-27T11:24:01Z,0.3112,353.3237,-353.3237,CV >= 30%
JPSS1_20251227T122401_vs_HYPERNETS_20251227T121500_RHOW_R.csv,THFR,Hyp,JPSS1,Hyp vs JPSS1,2025-12-27T11:15:00Z,2025-12-27T11:24:01Z,0.3091,355.5074,-355.5074,CV >= 30%
JPSS2_20250116T124200_vs_HYPERNETS_20250116T121600_RHOW_R.csv,THFR,Hyp,JPSS2,Hyp vs JPSS2,2025-01-16T11:16:00Z,2025-01-16T11:42:00Z,NA,NA,NA,CV >= 30%
JPSS2_20250116T124200_vs_HYPERNETS_20250116T123000_RHOW_R.csv,THFR,Hyp,JPSS2,Hyp vs JPSS2,2025-01-16T11:30:00Z,2025-01-16T11:42:00Z,NA,NA,NA,CV >= 30%
JPSS2_20250116T124200_vs_HYPERNETS_20250116T124500_RHOW_R.csv,THFR,Hyp,JPSS2,Hyp vs JPSS2,2025-01-16T11:45:00Z,2025-01-16T11:42:00Z,NA,NA,NA,CV >= 30%
JPSS2_20250116T124200_vs_HYPERNETS_20250116T130000_RHOW_R.csv,THFR,Hyp,JPSS2,Hyp vs JPSS2,2025-01-16T12:00:00Z,2025-01-16T11:42:00Z,1.4942,33.0252,-20.4639,CV >= 30%
JPSS2_20250117T122400_vs_HYPERNETS_20250117T120000_RHOW_R.csv,THFR,Hyp,JPSS2,Hyp vs JPSS2,2025-01-17T11:00:00Z,2025-01-17T11:24:00Z,0.7987,128.4865,-128.4865,CV >= 30%
JPSS2_20250117T122400_vs_HYPERNETS_20250117T121500_RHOW_R.csv,THFR,Hyp,JPSS2,Hyp vs JPSS2,2025-01-17T11:15:00Z,2025-01-17T11:24:00Z,0.7991,123.0449,-123.0449,CV >= 30%
JPSS2_20250117T122400_vs_HYPERNETS_20250117T123000_RHOW_R.csv,THFR,Hyp,JPSS2,Hyp vs JPSS2,2025-01-17T11:30:00Z,2025-01-17T11:24:00Z,0.8077,123.8139,-123.8139,CV >= 30%
JPSS2_20250117T122400_vs_HYPERNETS_20250117T124500_RHOW_R.csv,THFR,Hyp,JPSS2,Hyp vs JPSS2,2025-01-17T11:45:00Z,2025-01-17T11:24:00Z,0.8221,116.8694,-116.8694,CV >= 30%
JPSS2_20250129T120001_vs_HYPERNETS_20250129T120000_RHOW_R.csv,THFR,Hyp,JPSS2,Hyp vs JPSS2,2025-01-29T11:00:00Z,2025-01-29T11:00:01Z,NA,219.609,-219.609,CV >= 30%
JPSS2_20250129T120001_vs_HYPERNETS_20250129T121500_RHOW_R.csv,THFR,Hyp,JPSS2,Hyp vs JPSS2,2025-01-29T11:15:00Z,2025-01-29T11:00:01Z,NA,307.902,-307.902,CV >= 30%
JPSS2_20250131T130000_vs_HYPERNETS_20250131T124500_RHOW_R.csv,THFR,Hyp,JPSS2,Hyp vs JPSS2,2025-01-31T11:45:00Z,2025-01-31T12:00:00Z,0.9537,86.3509,-86.3509,CV >= 30%
JPSS2_20250131T130000_vs_HYPERNETS_20250131T130000_RHOW_R.csv,THFR,Hyp,JPSS2,Hyp vs JPSS2,2025-01-31T12:00:00Z,2025-01-31T12:00:00Z,0.944,98.6009,-98.6009,CV >= 30%
JPSS2_20250131T130000_vs_HYPERNETS_20250131T131500_RHOW_R.csv,THFR,Hyp,JPSS2,Hyp vs JPSS2,2025-01-31T12:15:00Z,2025-01-31T12:00:00Z,0.9511,97.7159,-97.7159,CV >= 30%
JPSS2_20250131T130000_vs_HYPERNETS_20250131T133000_RHOW_R.csv,THFR,Hyp,JPSS2,Hyp vs JPSS2,2025-01-31T12:30:00Z,2025-01-31T12:00:00Z,0.9472,100.7768,-100.7768,CV >= 30%
JPSS2_20250203T120600_vs_HYPERNETS_20250203T114500_RHOW_R.csv,THFR,Hyp,JPSS2,Hyp vs JPSS2,2025-02-03T10:45:00Z,2025-02-03T11:06:00Z,NA,NA,NA,CV >= 30%
JPSS2_20250206T124800_vs_HYPERNETS_20250206T123000_RHOW_R.csv,THFR,Hyp,JPSS2,Hyp vs JPSS2,2025-02-06T11:30:00Z,2025-02-06T11:48:00Z,NA,NA,NA,CV >= 30%
JPSS2_20250206T124800_vs_HYPERNETS_20250206T124500_RHOW_R.csv,THFR,Hyp,JPSS2,Hyp vs JPSS2,2025-02-06T11:45:00Z,2025-02-06T11:48:00Z,NA,NA,NA,CV >= 30%
JPSS2_20250206T124800_vs_HYPERNETS_20250206T130000_RHOW_R.csv,THFR,Hyp,JPSS2,Hyp vs JPSS2,2025-02-06T12:00:00Z,2025-02-06T11:48:00Z,NA,NA,NA,CV >= 30%
JPSS2_20250206T124800_vs_HYPERNETS_20250206T131500_RHOW_R.csv,THFR,Hyp,JPSS2,Hyp vs JPSS2,2025-02-06T12:15:00Z,2025-02-06T11:48:00Z,NA,NA,NA,CV >= 30%
JPSS2_20250529T124800_vs_HYPERNETS_20250529T123000_RHOW_R.csv,THFR,Hyp,JPSS2,Hyp vs JPSS2,2025-05-29T10:30:00Z,2025-05-29T10:48:00Z,-157.9577,1301.2362,1301.2362,CV >= 30%
JPSS2_20250529T124800_vs_HYPERNETS_20250529T124500_RHOW_R.csv,THFR,Hyp,JPSS2,Hyp vs JPSS2,2025-05-29T10:45:00Z,2025-05-29T10:48:00Z,1.6617,175.1373,-175.1373,CV >= 30%
JPSS2_20250529T124800_vs_HYPERNETS_20250529T130000_RHOW_R.csv,THFR,Hyp,JPSS2,Hyp vs JPSS2,2025-05-29T11:00:00Z,2025-05-29T10:48:00Z,1.5795,178.0189,-178.0189,CV >= 30%
JPSS2_20250529T124800_vs_HYPERNETS_20250529T131500_RHOW_R.csv,THFR,Hyp,JPSS2,Hyp vs JPSS2,2025-05-29T11:15:00Z,2025-05-29T10:48:00Z,1.556,173.7918,-173.7918,CV >= 30%
JPSS2_20250530T123000_vs_HYPERNETS_20250530T120000_RHOW_R.csv,THFR,Hyp,JPSS2,Hyp vs JPSS2,2025-05-30T10:00:00Z,2025-05-30T10:30:00Z,1.8185,60.4434,40.9448,CV >= 30%
JPSS2_20250530T123000_vs_HYPERNETS_20250530T121500_RHOW_R.csv,THFR,Hyp,JPSS2,Hyp vs JPSS2,2025-05-30T10:15:00Z,2025-05-30T10:30:00Z,1.8473,63.2124,43.7929,CV >= 30%
JPSS2_20250530T123000_vs_HYPERNETS_20250530T123000_RHOW_R.csv,THFR,Hyp,JPSS2,Hyp vs JPSS2,2025-05-30T10:30:00Z,2025-05-30T10:30:00Z,1.8647,65.9113,43.0253,CV >= 30%
JPSS2_20250530T123000_vs_HYPERNETS_20250530T124500_RHOW_R.csv,THFR,Hyp,JPSS2,Hyp vs JPSS2,2025-05-30T10:45:00Z,2025-05-30T10:30:00Z,1.9405,74.4881,52.6453,CV >= 30%
JPSS2_20250530T123000_vs_HYPERNETS_20250530T130000_RHOW_R.csv,THFR,Hyp,JPSS2,Hyp vs JPSS2,2025-05-30T11:00:00Z,2025-05-30T10:30:00Z,1.9611,75.8323,57.3833,CV >= 30%
JPSS2_20250610T122401_vs_HYPERNETS_20250610T120000_RHOW_R.csv,THFR,Hyp,JPSS2,Hyp vs JPSS2,2025-06-10T10:00:00Z,2025-06-10T10:24:01Z,0.7285,147.4024,-147.4024,CV >= 30%
JPSS2_20250610T122401_vs_HYPERNETS_20250610T121500_RHOW_R.csv,THFR,Hyp,JPSS2,Hyp vs JPSS2,2025-06-10T10:15:00Z,2025-06-10T10:24:01Z,0.7287,134.3001,-134.3001,CV >= 30%
JPSS2_20250610T122401_vs_HYPERNETS_20250610T123000_RHOW_R.csv,THFR,Hyp,JPSS2,Hyp vs JPSS2,2025-06-10T10:30:00Z,2025-06-10T10:24:01Z,0.7621,137.4564,-137.4564,CV >= 30%
JPSS2_20250610T122401_vs_HYPERNETS_20250610T124500_RHOW_R.csv,THFR,Hyp,JPSS2,Hyp vs JPSS2,2025-06-10T10:45:00Z,2025-06-10T10:24:01Z,0.7885,129.9646,-129.9646,CV >= 30%
JPSS2_20250616T121201_vs_HYPERNETS_20250616T114500_RHOW_R.csv,THFR,Hyp,JPSS2,Hyp vs JPSS2,2025-06-16T09:45:00Z,2025-06-16T10:12:01Z,0.8073,34.1823,-34.1823,CV >= 30%
JPSS2_20250616T121201_vs_HYPERNETS_20250616T120000_RHOW_R.csv,THFR,Hyp,JPSS2,Hyp vs JPSS2,2025-06-16T10:00:00Z,2025-06-16T10:12:01Z,0.8051,37.7258,-30.6701,CV >= 30%
JPSS2_20250616T121201_vs_HYPERNETS_20250616T121500_RHOW_R.csv,THFR,Hyp,JPSS2,Hyp vs JPSS2,2025-06-16T10:15:00Z,2025-06-16T10:12:01Z,0.8211,37.8045,-27.884,CV >= 30%
JPSS2_20250616T121201_vs_HYPERNETS_20250616T123000_RHOW_R.csv,THFR,Hyp,JPSS2,Hyp vs JPSS2,2025-06-16T10:30:00Z,2025-06-16T10:12:01Z,0.8324,37.3418,-28.3603,CV >= 30%
JPSS2_20250617T115401_vs_HYPERNETS_20250617T113000_RHOW_R.csv,THFR,Hyp,JPSS2,Hyp vs JPSS2,2025-06-17T09:30:00Z,2025-06-17T09:54:01Z,NA,NA,NA,CV >= 30%
JPSS2_20250617T115401_vs_HYPERNETS_20250617T114500_RHOW_R.csv,THFR,Hyp,JPSS2,Hyp vs JPSS2,2025-06-17T09:45:00Z,2025-06-17T09:54:01Z,NA,NA,NA,CV >= 30%
JPSS2_20250617T115401_vs_HYPERNETS_20250617T120000_RHOW_R.csv,THFR,Hyp,JPSS2,Hyp vs JPSS2,2025-06-17T10:00:00Z,2025-06-17T09:54:01Z,NA,NA,NA,CV >= 30%
JPSS2_20250617T115401_vs_HYPERNETS_20250617T121500_RHOW_R.csv,THFR,Hyp,JPSS2,Hyp vs JPSS2,2025-06-17T10:15:00Z,2025-06-17T09:54:01Z,NA,NA,NA,CV >= 30%
JPSS2_20250619T125400_vs_HYPERNETS_20250619T123000_RHOW_R.csv,THFR,Hyp,JPSS2,Hyp vs JPSS2,2025-06-19T10:30:00Z,2025-06-19T10:54:00Z,NA,380.86130000000003,-380.86130000000003,CV >= 30%
JPSS2_20250619T125400_vs_HYPERNETS_20250619T124500_RHOW_R.csv,THFR,Hyp,JPSS2,Hyp vs JPSS2,2025-06-19T10:45:00Z,2025-06-19T10:54:00Z,NA,390.8718,-390.8718,CV >= 30%
JPSS2_20250619T125400_vs_HYPERNETS_20250619T130000_RHOW_R.csv,THFR,Hyp,JPSS2,Hyp vs JPSS2,2025-06-19T11:00:00Z,2025-06-19T10:54:00Z,NA,383.4121,-383.4121,CV >= 30%
JPSS2_20250619T125400_vs_HYPERNETS_20250619T131500_RHOW_R.csv,THFR,Hyp,JPSS2,Hyp vs JPSS2,2025-06-19T11:15:00Z,2025-06-19T10:54:00Z,NA,385.221,-385.221,CV >= 30%
JPSS2_20250625T124200_vs_HYPERNETS_20250625T121500_RHOW_R.csv,THFR,Hyp,JPSS2,Hyp vs JPSS2,2025-06-25T10:15:00Z,2025-06-25T10:42:00Z,NA,165.2955,-165.2955,CV >= 30%
JPSS2_20250625T124200_vs_HYPERNETS_20250625T123000_RHOW_R.csv,THFR,Hyp,JPSS2,Hyp vs JPSS2,2025-06-25T10:30:00Z,2025-06-25T10:42:00Z,NA,180.6963,-180.6963,CV >= 30%
JPSS2_20250625T124200_vs_HYPERNETS_20250625T124500_RHOW_R.csv,THFR,Hyp,JPSS2,Hyp vs JPSS2,2025-06-25T10:45:00Z,2025-06-25T10:42:00Z,NA,165.1208,-165.1208,CV >= 30%
JPSS2_20250625T124200_vs_HYPERNETS_20250625T130000_RHOW_R.csv,THFR,Hyp,JPSS2,Hyp vs JPSS2,2025-06-25T11:00:00Z,2025-06-25T10:42:00Z,NA,179.3388,-179.3388,CV >= 30%
JPSS2_20250626T122400_vs_HYPERNETS_20250626T120000_RHOW_R.csv,THFR,Hyp,JPSS2,Hyp vs JPSS2,2025-06-26T10:00:00Z,2025-06-26T10:24:00Z,1.1599,248.9086,248.9086,CV >= 30%
JPSS2_20250626T122400_vs_HYPERNETS_20250626T121500_RHOW_R.csv,THFR,Hyp,JPSS2,Hyp vs JPSS2,2025-06-26T10:15:00Z,2025-06-26T10:24:00Z,1.1664,279.2302,279.2302,CV >= 30%
JPSS2_20250626T122400_vs_HYPERNETS_20250626T123000_RHOW_R.csv,THFR,Hyp,JPSS2,Hyp vs JPSS2,2025-06-26T10:30:00Z,2025-06-26T10:24:00Z,1.1962,282.695,282.695,CV >= 30%
JPSS2_20250626T122400_vs_HYPERNETS_20250626T124500_RHOW_R.csv,THFR,Hyp,JPSS2,Hyp vs JPSS2,2025-06-26T10:45:00Z,2025-06-26T10:24:00Z,1.1962,294.8872,294.8872,CV >= 30%
JPSS2_20250628T114800_vs_HYPERNETS_20250628T113000_RHOW_R.csv,THFR,Hyp,JPSS2,Hyp vs JPSS2,2025-06-28T09:30:00Z,2025-06-28T09:48:00Z,0.7411,212.0482,-212.0482,CV >= 30%
JPSS2_20250628T114800_vs_HYPERNETS_20250628T114500_RHOW_R.csv,THFR,Hyp,JPSS2,Hyp vs JPSS2,2025-06-28T09:45:00Z,2025-06-28T09:48:00Z,0.7291,212.4514,-212.4514,CV >= 30%
JPSS2_20250628T114800_vs_HYPERNETS_20250628T120000_RHOW_R.csv,THFR,Hyp,JPSS2,Hyp vs JPSS2,2025-06-28T10:00:00Z,2025-06-28T09:48:00Z,0.7467,206.2943,-206.2943,CV >= 30%
JPSS2_20250628T114800_vs_HYPERNETS_20250628T121500_RHOW_R.csv,THFR,Hyp,JPSS2,Hyp vs JPSS2,2025-06-28T10:15:00Z,2025-06-28T09:48:00Z,0.7413,214.2434,-214.2434,CV >= 30%
JPSS2_20250629T130600_vs_HYPERNETS_20250629T124500_RHOW_R.csv,THFR,Hyp,JPSS2,Hyp vs JPSS2,2025-06-29T10:45:00Z,2025-06-29T11:06:00Z,1.0293,50.3523,-50.3523,CV >= 30%
JPSS2_20250629T130600_vs_HYPERNETS_20250629T130000_RHOW_R.csv,THFR,Hyp,JPSS2,Hyp vs JPSS2,2025-06-29T11:00:00Z,2025-06-29T11:06:00Z,1.0261,45.7006,-45.7006,CV >= 30%
JPSS2_20250629T130600_vs_HYPERNETS_20250629T131500_RHOW_R.csv,THFR,Hyp,JPSS2,Hyp vs JPSS2,2025-06-29T11:15:00Z,2025-06-29T11:06:00Z,1.0517,41.5615,-41.5615,CV >= 30%
JPSS2_20250629T130600_vs_HYPERNETS_20250629T133000_RHOW_R.csv,THFR,Hyp,JPSS2,Hyp vs JPSS2,2025-06-29T11:30:00Z,2025-06-29T11:06:00Z,1.0941,35.7991,-35.7991,CV >= 30%
JPSS2_20250630T124800_vs_HYPERNETS_20250630T123000_RHOW_R.csv,THFR,Hyp,JPSS2,Hyp vs JPSS2,2025-06-30T10:30:00Z,2025-06-30T10:48:00Z,1.0785,46.9411,46.9411,CV >= 30%
JPSS2_20250630T124800_vs_HYPERNETS_20250630T124500_RHOW_R.csv,THFR,Hyp,JPSS2,Hyp vs JPSS2,2025-06-30T10:45:00Z,2025-06-30T10:48:00Z,1.1053,98.2757,98.2757,CV >= 30%
JPSS2_20250630T124800_vs_HYPERNETS_20250630T130000_RHOW_R.csv,THFR,Hyp,JPSS2,Hyp vs JPSS2,2025-06-30T11:00:00Z,2025-06-30T10:48:00Z,1.104,62.3885,62.3885,CV >= 30%
JPSS2_20250630T124800_vs_HYPERNETS_20250630T131500_RHOW_R.csv,THFR,Hyp,JPSS2,Hyp vs JPSS2,2025-06-30T11:15:00Z,2025-06-30T10:48:00Z,1.1178,72.0452,72.0452,CV >= 30%
JPSS2_20250708T120001_vs_HYPERNETS_20250708T114500_RHOW_R.csv,THFR,Hyp,JPSS2,Hyp vs JPSS2,2025-07-08T09:45:00Z,2025-07-08T10:00:01Z,0.9625,20.3434,-18.1426,CV >= 30%
JPSS2_20250708T120001_vs_HYPERNETS_20250708T120000_RHOW_R.csv,THFR,Hyp,JPSS2,Hyp vs JPSS2,2025-07-08T10:00:00Z,2025-07-08T10:00:01Z,0.9563,19.7263,-15.3944,CV >= 30%
JPSS2_20250708T120001_vs_HYPERNETS_20250708T121500_RHOW_R.csv,THFR,Hyp,JPSS2,Hyp vs JPSS2,2025-07-08T10:15:00Z,2025-07-08T10:00:01Z,0.951,26.0823,-26.0823,CV >= 30%
JPSS2_20250708T120001_vs_HYPERNETS_20250708T123000_RHOW_R.csv,THFR,Hyp,JPSS2,Hyp vs JPSS2,2025-07-08T10:30:00Z,2025-07-08T10:00:01Z,0.9431,21.8694,-21.6985,CV >= 30%
JPSS2_20250711T124201_vs_HYPERNETS_20250711T121500_RHOW_R.csv,THFR,Hyp,JPSS2,Hyp vs JPSS2,2025-07-11T10:15:00Z,2025-07-11T10:42:01Z,1.3209,16.4014,5.266,CV >= 30%
JPSS2_20250711T124201_vs_HYPERNETS_20250711T123000_RHOW_R.csv,THFR,Hyp,JPSS2,Hyp vs JPSS2,2025-07-11T10:30:00Z,2025-07-11T10:42:01Z,1.3441,19.3257,12.2382,CV >= 30%
JPSS2_20250711T124201_vs_HYPERNETS_20250711T124500_RHOW_R.csv,THFR,Hyp,JPSS2,Hyp vs JPSS2,2025-07-11T10:45:00Z,2025-07-11T10:42:01Z,1.3547,19.3219,10.3256,CV >= 30%
JPSS2_20250711T124201_vs_HYPERNETS_20250711T130000_RHOW_R.csv,THFR,Hyp,JPSS2,Hyp vs JPSS2,2025-07-11T11:00:00Z,2025-07-11T10:42:01Z,1.3224,14.6599,7.4085,CV >= 30%
JPSS2_20250715T130600_vs_HYPERNETS_20250715T124500_RHOW_R.csv,THFR,Hyp,JPSS2,Hyp vs JPSS2,2025-07-15T10:45:00Z,2025-07-15T11:06:00Z,1.0534,12.1301,-12.1301,CV >= 30%
JPSS2_20250715T130600_vs_HYPERNETS_20250715T130000_RHOW_R.csv,THFR,Hyp,JPSS2,Hyp vs JPSS2,2025-07-15T11:00:00Z,2025-07-15T11:06:00Z,1.046,7.6621,-3.5736,CV >= 30%
JPSS2_20250715T130600_vs_HYPERNETS_20250715T131500_RHOW_R.csv,THFR,Hyp,JPSS2,Hyp vs JPSS2,2025-07-15T11:15:00Z,2025-07-15T11:06:00Z,1.0536,7.8848,-3.7595,CV >= 30%
JPSS2_20250715T130600_vs_HYPERNETS_20250715T133000_RHOW_R.csv,THFR,Hyp,JPSS2,Hyp vs JPSS2,2025-07-15T11:30:00Z,2025-07-15T11:06:00Z,1.0945,5.4651,-1.0974,CV >= 30%
JPSS2_20250716T124800_vs_HYPERNETS_20250716T123000_RHOW_R.csv,THFR,Hyp,JPSS2,Hyp vs JPSS2,2025-07-16T10:30:00Z,2025-07-16T10:48:00Z,0.9386,43.7519,-43.7519,CV >= 30%
JPSS2_20250716T124800_vs_HYPERNETS_20250716T124500_RHOW_R.csv,THFR,Hyp,JPSS2,Hyp vs JPSS2,2025-07-16T10:45:00Z,2025-07-16T10:48:00Z,0.9418,41.1515,-41.1515,CV >= 30%
JPSS2_20250716T124800_vs_HYPERNETS_20250716T130000_RHOW_R.csv,THFR,Hyp,JPSS2,Hyp vs JPSS2,2025-07-16T11:00:00Z,2025-07-16T10:48:00Z,0.9323,59.8693,-59.8693,CV >= 30%
JPSS2_20250716T124800_vs_HYPERNETS_20250716T131500_RHOW_R.csv,THFR,Hyp,JPSS2,Hyp vs JPSS2,2025-07-16T11:15:00Z,2025-07-16T10:48:00Z,0.9542,41.8895,-41.8895,CV >= 30%
JPSS2_20250718T121200_vs_HYPERNETS_20250718T114500_RHOW_R.csv,THFR,Hyp,JPSS2,Hyp vs JPSS2,2025-07-18T09:45:00Z,2025-07-18T10:12:00Z,0.8439,24.673,-14.805,CV >= 30%
JPSS2_20250718T121200_vs_HYPERNETS_20250718T120000_RHOW_R.csv,THFR,Hyp,JPSS2,Hyp vs JPSS2,2025-07-18T10:00:00Z,2025-07-18T10:12:00Z,0.8521,23.8391,-13.5767,CV >= 30%
JPSS2_20250718T121200_vs_HYPERNETS_20250718T121500_RHOW_R.csv,THFR,Hyp,JPSS2,Hyp vs JPSS2,2025-07-18T10:15:00Z,2025-07-18T10:12:00Z,0.8427,22.5279,-14.8317,CV >= 30%
JPSS2_20250718T121200_vs_HYPERNETS_20250718T123000_RHOW_R.csv,THFR,Hyp,JPSS2,Hyp vs JPSS2,2025-07-18T10:30:00Z,2025-07-18T10:12:00Z,0.8154,22.464,-17.8576,CV >= 30%
JPSS2_20250722T123600_vs_HYPERNETS_20250722T121500_RHOW_R.csv,THFR,Hyp,JPSS2,Hyp vs JPSS2,2025-07-22T10:15:00Z,2025-07-22T10:36:00Z,1.0737,24.1705,-24.1705,CV >= 30%
JPSS2_20250722T123600_vs_HYPERNETS_20250722T123000_RHOW_R.csv,THFR,Hyp,JPSS2,Hyp vs JPSS2,2025-07-22T10:30:00Z,2025-07-22T10:36:00Z,1.0565,25.1867,-25.1867,CV >= 30%
JPSS2_20250722T123600_vs_HYPERNETS_20250722T124500_RHOW_R.csv,THFR,Hyp,JPSS2,Hyp vs JPSS2,2025-07-22T10:45:00Z,2025-07-22T10:36:00Z,1.0418,26.3461,-26.3461,CV >= 30%
JPSS2_20250722T123600_vs_HYPERNETS_20250722T130000_RHOW_R.csv,THFR,Hyp,JPSS2,Hyp vs JPSS2,2025-07-22T11:00:00Z,2025-07-22T10:36:00Z,1.0424,22.8946,-22.8946,CV >= 30%
JPSS2_20250726T130001_vs_HYPERNETS_20250726T124500_RHOW_R.csv,THFR,Hyp,JPSS2,Hyp vs JPSS2,2025-07-26T10:45:00Z,2025-07-26T11:00:01Z,5.9571,163.8493,163.8493,CV >= 30%
JPSS2_20250726T130001_vs_HYPERNETS_20250726T130000_RHOW_R.csv,THFR,Hyp,JPSS2,Hyp vs JPSS2,2025-07-26T11:00:00Z,2025-07-26T11:00:01Z,1.2437,20.0311,9.5358,CV >= 30%
JPSS2_20250726T130001_vs_HYPERNETS_20250726T131500_RHOW_R.csv,THFR,Hyp,JPSS2,Hyp vs JPSS2,2025-07-26T11:15:00Z,2025-07-26T11:00:01Z,1.2819,2.5982,-2.5982,CV >= 30%
JPSS2_20250726T130001_vs_HYPERNETS_20250726T133000_RHOW_R.csv,THFR,Hyp,JPSS2,Hyp vs JPSS2,2025-07-26T11:30:00Z,2025-07-26T11:00:01Z,1.2578,3.3328,-3.1257,CV >= 30%
JPSS2_20250728T122401_vs_HYPERNETS_20250728T120000_RHOW_R.csv,THFR,Hyp,JPSS2,Hyp vs JPSS2,2025-07-28T10:00:00Z,2025-07-28T10:24:01Z,1.1869,51.9998,51.9998,CV >= 30%
JPSS2_20250728T122401_vs_HYPERNETS_20250728T121500_RHOW_R.csv,THFR,Hyp,JPSS2,Hyp vs JPSS2,2025-07-28T10:15:00Z,2025-07-28T10:24:01Z,1.0847,48.9387,48.9387,CV >= 30%
JPSS2_20250728T122401_vs_HYPERNETS_20250728T123000_RHOW_R.csv,THFR,Hyp,JPSS2,Hyp vs JPSS2,2025-07-28T10:30:00Z,2025-07-28T10:24:01Z,1.1336,58.1295,58.1295,CV >= 30%
JPSS2_20250728T122401_vs_HYPERNETS_20250728T124500_RHOW_R.csv,THFR,Hyp,JPSS2,Hyp vs JPSS2,2025-07-28T10:45:00Z,2025-07-28T10:24:01Z,1.1653,36.4088,36.4088,CV >= 30%
JPSS2_20250802T123001_vs_HYPERNETS_20250802T121500_RHOW_R.csv,THFR,Hyp,JPSS2,Hyp vs JPSS2,2025-08-02T10:15:00Z,2025-08-02T10:30:01Z,0.7169,137.078,-137.078,CV >= 30%
JPSS2_20250802T123001_vs_HYPERNETS_20250802T123000_RHOW_R.csv,THFR,Hyp,JPSS2,Hyp vs JPSS2,2025-08-02T10:30:00Z,2025-08-02T10:30:01Z,0.7327,125.5357,-125.5357,CV >= 30%
JPSS2_20250802T123001_vs_HYPERNETS_20250802T124500_RHOW_R.csv,THFR,Hyp,JPSS2,Hyp vs JPSS2,2025-08-02T10:45:00Z,2025-08-02T10:30:01Z,0.7376,125.3467,-125.3467,CV >= 30%
JPSS2_20250802T123001_vs_HYPERNETS_20250802T130000_RHOW_R.csv,THFR,Hyp,JPSS2,Hyp vs JPSS2,2025-08-02T11:00:00Z,2025-08-02T10:30:01Z,0.7359,120.861,-120.861,CV >= 30%
JPSS2_20250803T121201_vs_HYPERNETS_20250803T114500_RHOW_R.csv,THFR,Hyp,JPSS2,Hyp vs JPSS2,2025-08-03T09:45:00Z,2025-08-03T10:12:01Z,0.8862,118.489,-118.489,CV >= 30%
JPSS2_20250803T121201_vs_HYPERNETS_20250803T120000_RHOW_R.csv,THFR,Hyp,JPSS2,Hyp vs JPSS2,2025-08-03T10:00:00Z,2025-08-03T10:12:01Z,0.8633,143.4428,-143.4428,CV >= 30%
JPSS2_20250803T121201_vs_HYPERNETS_20250803T121500_RHOW_R.csv,THFR,Hyp,JPSS2,Hyp vs JPSS2,2025-08-03T10:15:00Z,2025-08-03T10:12:01Z,0.8851,132.0908,-132.0908,CV >= 30%
JPSS2_20250803T121201_vs_HYPERNETS_20250803T123000_RHOW_R.csv,THFR,Hyp,JPSS2,Hyp vs JPSS2,2025-08-03T10:30:00Z,2025-08-03T10:12:01Z,0.8733,119.7501,-119.7501,CV >= 30%
JPSS2_20250807T123600_vs_HYPERNETS_20250807T121500_RHOW_R.csv,THFR,Hyp,JPSS2,Hyp vs JPSS2,2025-08-07T10:15:00Z,2025-08-07T10:36:00Z,1.6244,42.1769,39.7192,CV >= 30%
JPSS2_20250807T123600_vs_HYPERNETS_20250807T123000_RHOW_R.csv,THFR,Hyp,JPSS2,Hyp vs JPSS2,2025-08-07T10:30:00Z,2025-08-07T10:36:00Z,1.6365,44.3676,40.1883,CV >= 30%
JPSS2_20250807T123600_vs_HYPERNETS_20250807T124500_RHOW_R.csv,THFR,Hyp,JPSS2,Hyp vs JPSS2,2025-08-07T10:45:00Z,2025-08-07T10:36:00Z,1.645,44.9141,44.0215,CV >= 30%
JPSS2_20250807T123600_vs_HYPERNETS_20250807T130000_RHOW_R.csv,THFR,Hyp,JPSS2,Hyp vs JPSS2,2025-08-07T11:00:00Z,2025-08-07T10:36:00Z,1.5941,40.2394,38.5689,CV >= 30%
JPSS2_20250811T130000_vs_HYPERNETS_20250811T123000_RHOW_R.csv,THFR,Hyp,JPSS2,Hyp vs JPSS2,2025-08-11T10:30:00Z,2025-08-11T11:00:00Z,0.9231,11.4812,-11.4812,CV >= 30%
JPSS2_20250811T130000_vs_HYPERNETS_20250811T124500_RHOW_R.csv,THFR,Hyp,JPSS2,Hyp vs JPSS2,2025-08-11T10:45:00Z,2025-08-11T11:00:00Z,0.9357,10.0671,-10.0671,CV >= 30%
JPSS2_20250811T130000_vs_HYPERNETS_20250811T130000_RHOW_R.csv,THFR,Hyp,JPSS2,Hyp vs JPSS2,2025-08-11T11:00:00Z,2025-08-11T11:00:00Z,0.9508,8.6636,-6.5613,CV >= 30%
JPSS2_20250811T130000_vs_HYPERNETS_20250811T131500_RHOW_R.csv,THFR,Hyp,JPSS2,Hyp vs JPSS2,2025-08-11T11:15:00Z,2025-08-11T11:00:00Z,0.992,6.9413,-2.8619,CV >= 30%
JPSS2_20250811T130000_vs_HYPERNETS_20250811T133000_RHOW_R.csv,THFR,Hyp,JPSS2,Hyp vs JPSS2,2025-08-11T11:30:00Z,2025-08-11T11:00:00Z,1.028,7.4748,2.3578,CV >= 30%
JPSS2_20250823T123601_vs_HYPERNETS_20250823T121500_RHOW_R.csv,THFR,Hyp,JPSS2,Hyp vs JPSS2,2025-08-23T10:15:00Z,2025-08-23T10:36:01Z,1.322,16.1627,-8.4308,CV >= 30%
JPSS2_20250823T123601_vs_HYPERNETS_20250823T123000_RHOW_R.csv,THFR,Hyp,JPSS2,Hyp vs JPSS2,2025-08-23T10:30:00Z,2025-08-23T10:36:01Z,1.334,17.4681,-9.6741,CV >= 30%
JPSS2_20250823T123601_vs_HYPERNETS_20250823T124500_RHOW_R.csv,THFR,Hyp,JPSS2,Hyp vs JPSS2,2025-08-23T10:45:00Z,2025-08-23T10:36:01Z,1.3589,17.2388,-5.6396,CV >= 30%
JPSS2_20250823T123601_vs_HYPERNETS_20250823T130000_RHOW_R.csv,THFR,Hyp,JPSS2,Hyp vs JPSS2,2025-08-23T11:00:00Z,2025-08-23T10:36:01Z,1.3607,19.3269,-7.9985,CV >= 30%
JPSS2_20250824T121801_vs_HYPERNETS_20250824T120000_RHOW_R.csv,THFR,Hyp,JPSS2,Hyp vs JPSS2,2025-08-24T10:00:00Z,2025-08-24T10:18:01Z,0.9063,34.2572,-8.7935,CV >= 30%
JPSS2_20250824T121801_vs_HYPERNETS_20250824T121500_RHOW_R.csv,THFR,Hyp,JPSS2,Hyp vs JPSS2,2025-08-24T10:15:00Z,2025-08-24T10:18:01Z,0.9036,34.7752,-8.2803,CV >= 30%
JPSS2_20250824T121801_vs_HYPERNETS_20250824T123000_RHOW_R.csv,THFR,Hyp,JPSS2,Hyp vs JPSS2,2025-08-24T10:30:00Z,2025-08-24T10:18:01Z,0.9445,29.9154,-3.3597,CV >= 30%
JPSS2_20250824T121801_vs_HYPERNETS_20250824T124500_RHOW_R.csv,THFR,Hyp,JPSS2,Hyp vs JPSS2,2025-08-24T10:45:00Z,2025-08-24T10:18:01Z,0.9148,30.6163,-4.7333,CV >= 30%
JPSS2_20250831T114801_vs_HYPERNETS_20250831T113000_RHOW_R.csv,THFR,Hyp,JPSS2,Hyp vs JPSS2,2025-08-31T09:30:00Z,2025-08-31T09:48:01Z,0.8948,138.9158,-138.9158,CV >= 30%
JPSS2_20250831T114801_vs_HYPERNETS_20250831T114500_RHOW_R.csv,THFR,Hyp,JPSS2,Hyp vs JPSS2,2025-08-31T09:45:00Z,2025-08-31T09:48:01Z,0.872,145.4005,-145.4005,CV >= 30%
JPSS2_20250831T114801_vs_HYPERNETS_20250831T120000_RHOW_R.csv,THFR,Hyp,JPSS2,Hyp vs JPSS2,2025-08-31T10:00:00Z,2025-08-31T09:48:01Z,0.8367,153.2952,-153.2952,CV >= 30%
JPSS2_20250831T114801_vs_HYPERNETS_20250831T121500_RHOW_R.csv,THFR,Hyp,JPSS2,Hyp vs JPSS2,2025-08-31T10:15:00Z,2025-08-31T09:48:01Z,0.7987,168.6946,-168.6946,CV >= 30%
JPSS2_20250902T124800_vs_HYPERNETS_20250902T123000_RHOW_R.csv,THFR,Hyp,JPSS2,Hyp vs JPSS2,2025-09-02T10:30:00Z,2025-09-02T10:48:00Z,0.9267,14.2091,-14.2091,CV >= 30%
JPSS2_20250902T124800_vs_HYPERNETS_20250902T130000_RHOW_R.csv,THFR,Hyp,JPSS2,Hyp vs JPSS2,2025-09-02T11:00:00Z,2025-09-02T10:48:00Z,0.9281,9.6324,-7.8028,CV >= 30%
JPSS2_20250903T123000_vs_HYPERNETS_20250903T120000_RHOW_R.csv,THFR,Hyp,JPSS2,Hyp vs JPSS2,2025-09-03T10:00:00Z,2025-09-03T10:30:00Z,NA,165.9439,-165.9439,CV >= 30%
JPSS2_20250903T123000_vs_HYPERNETS_20250903T121500_RHOW_R.csv,THFR,Hyp,JPSS2,Hyp vs JPSS2,2025-09-03T10:15:00Z,2025-09-03T10:30:00Z,NA,167.4632,-167.4632,CV >= 30%
JPSS2_20250903T123000_vs_HYPERNETS_20250903T123000_RHOW_R.csv,THFR,Hyp,JPSS2,Hyp vs JPSS2,2025-09-03T10:30:00Z,2025-09-03T10:30:00Z,NA,160.6365,-160.6365,CV >= 30%
JPSS2_20250903T123000_vs_HYPERNETS_20250903T124500_RHOW_R.csv,THFR,Hyp,JPSS2,Hyp vs JPSS2,2025-09-03T10:45:00Z,2025-09-03T10:30:00Z,NA,157.1076,-157.1076,CV >= 30%
JPSS2_20250903T123000_vs_HYPERNETS_20250903T130000_RHOW_R.csv,THFR,Hyp,JPSS2,Hyp vs JPSS2,2025-09-03T11:00:00Z,2025-09-03T10:30:00Z,NA,152.7059,-152.7059,CV >= 30%
JPSS2_20250905T115400_vs_HYPERNETS_20250905T113000_RHOW_R.csv,THFR,Hyp,JPSS2,Hyp vs JPSS2,2025-09-05T09:30:00Z,2025-09-05T09:54:00Z,0.8505,168.3965,-168.3965,CV >= 30%
JPSS2_20250906T131200_vs_HYPERNETS_20250906T124500_RHOW_R.csv,THFR,Hyp,JPSS2,Hyp vs JPSS2,2025-09-06T10:45:00Z,2025-09-06T11:12:00Z,NA,NA,NA,CV >= 30%
JPSS2_20250906T131200_vs_HYPERNETS_20250906T130000_RHOW_R.csv,THFR,Hyp,JPSS2,Hyp vs JPSS2,2025-09-06T11:00:00Z,2025-09-06T11:12:00Z,NA,NA,NA,CV >= 30%
JPSS2_20250906T131200_vs_HYPERNETS_20250906T131500_RHOW_R.csv,THFR,Hyp,JPSS2,Hyp vs JPSS2,2025-09-06T11:15:00Z,2025-09-06T11:12:00Z,NA,NA,NA,CV >= 30%
JPSS2_20250906T131200_vs_HYPERNETS_20250906T133000_RHOW_R.csv,THFR,Hyp,JPSS2,Hyp vs JPSS2,2025-09-06T11:30:00Z,2025-09-06T11:12:00Z,NA,NA,NA,CV >= 30%
JPSS2_20250915T120600_vs_HYPERNETS_20250915T114500_RHOW_R.csv,THFR,Hyp,JPSS2,Hyp vs JPSS2,2025-09-15T09:45:00Z,2025-09-15T10:06:00Z,0.7703,241.5573,-241.5573,CV >= 30%
JPSS2_20250915T120600_vs_HYPERNETS_20250915T120000_RHOW_R.csv,THFR,Hyp,JPSS2,Hyp vs JPSS2,2025-09-15T10:00:00Z,2025-09-15T10:06:00Z,0.7656,246.4987,-246.4987,CV >= 30%
JPSS2_20250915T120600_vs_HYPERNETS_20250915T121500_RHOW_R.csv,THFR,Hyp,JPSS2,Hyp vs JPSS2,2025-09-15T10:15:00Z,2025-09-15T10:06:00Z,0.7578,252.7193,-252.7193,CV >= 30%
JPSS2_20250915T120600_vs_HYPERNETS_20250915T123000_RHOW_R.csv,THFR,Hyp,JPSS2,Hyp vs JPSS2,2025-09-15T10:30:00Z,2025-09-15T10:06:00Z,0.7428,255.2094,-255.2094,CV >= 30%
JPSS2_20250918T124800_vs_HYPERNETS_20250918T123000_RHOW_R.csv,THFR,Hyp,JPSS2,Hyp vs JPSS2,2025-09-18T10:30:00Z,2025-09-18T10:48:00Z,0.8412,65.2973,-65.2973,CV >= 30%
JPSS2_20250918T124800_vs_HYPERNETS_20250918T124500_RHOW_R.csv,THFR,Hyp,JPSS2,Hyp vs JPSS2,2025-09-18T10:45:00Z,2025-09-18T10:48:00Z,0.8539,51.7982,-51.7982,CV >= 30%
JPSS2_20250918T124800_vs_HYPERNETS_20250918T130000_RHOW_R.csv,THFR,Hyp,JPSS2,Hyp vs JPSS2,2025-09-18T11:00:00Z,2025-09-18T10:48:00Z,0.8475,56.5275,-56.5275,CV >= 30%
JPSS2_20250918T124800_vs_HYPERNETS_20250918T131500_RHOW_R.csv,THFR,Hyp,JPSS2,Hyp vs JPSS2,2025-09-18T11:15:00Z,2025-09-18T10:48:00Z,0.8287,62.3561,-62.3561,CV >= 30%
JPSS2_20250919T123000_vs_HYPERNETS_20250919T120000_RHOW_R.csv,THFR,Hyp,JPSS2,Hyp vs JPSS2,2025-09-19T10:00:00Z,2025-09-19T10:30:00Z,NA,234.6385,-234.6385,CV >= 30%
JPSS2_20250919T123000_vs_HYPERNETS_20250919T121500_RHOW_R.csv,THFR,Hyp,JPSS2,Hyp vs JPSS2,2025-09-19T10:15:00Z,2025-09-19T10:30:00Z,NA,236.3134,-236.3134,CV >= 30%
JPSS2_20250919T123000_vs_HYPERNETS_20250919T123000_RHOW_R.csv,THFR,Hyp,JPSS2,Hyp vs JPSS2,2025-09-19T10:30:00Z,2025-09-19T10:30:00Z,NA,231.5307,-231.5307,CV >= 30%
JPSS2_20250919T123000_vs_HYPERNETS_20250919T124500_RHOW_R.csv,THFR,Hyp,JPSS2,Hyp vs JPSS2,2025-09-19T10:45:00Z,2025-09-19T10:30:00Z,NA,238.1005,-238.1005,CV >= 30%
JPSS2_20250919T123000_vs_HYPERNETS_20250919T130000_RHOW_R.csv,THFR,Hyp,JPSS2,Hyp vs JPSS2,2025-09-19T11:00:00Z,2025-09-19T10:30:00Z,NA,226.6865,-226.6865,CV >= 30%
JPSS2_20250923T125400_vs_HYPERNETS_20250923T123000_RHOW_R.csv,THFR,Hyp,JPSS2,Hyp vs JPSS2,2025-09-23T10:30:00Z,2025-09-23T10:54:00Z,NA,348.1666,-348.1666,CV >= 30%
JPSS2_20250923T125400_vs_HYPERNETS_20250923T124500_RHOW_R.csv,THFR,Hyp,JPSS2,Hyp vs JPSS2,2025-09-23T10:45:00Z,2025-09-23T10:54:00Z,NA,336.1601,-336.1601,CV >= 30%
JPSS2_20250923T125400_vs_HYPERNETS_20250923T130000_RHOW_R.csv,THFR,Hyp,JPSS2,Hyp vs JPSS2,2025-09-23T11:00:00Z,2025-09-23T10:54:00Z,NA,378.1815,-378.1815,CV >= 30%
JPSS2_20250923T125400_vs_HYPERNETS_20250923T131500_RHOW_R.csv,THFR,Hyp,JPSS2,Hyp vs JPSS2,2025-09-23T11:15:00Z,2025-09-23T10:54:00Z,NA,340.5453,-340.5453,CV >= 30%
JPSS2_20250925T121800_vs_HYPERNETS_20250925T120000_RHOW_R.csv,THFR,Hyp,JPSS2,Hyp vs JPSS2,2025-09-25T10:00:00Z,2025-09-25T10:18:00Z,NA,303.0954,-303.0954,CV >= 30%
JPSS2_20250925T121800_vs_HYPERNETS_20250925T121500_RHOW_R.csv,THFR,Hyp,JPSS2,Hyp vs JPSS2,2025-09-25T10:15:00Z,2025-09-25T10:18:00Z,NA,298.3491,-298.3491,CV >= 30%
JPSS2_20250925T121800_vs_HYPERNETS_20250925T124500_RHOW_R.csv,THFR,Hyp,JPSS2,Hyp vs JPSS2,2025-09-25T10:45:00Z,2025-09-25T10:18:00Z,NA,285.2742,-285.2742,CV >= 30%
JPSS2_20250929T124201_vs_HYPERNETS_20250929T121500_RHOW_R.csv,THFR,Hyp,JPSS2,Hyp vs JPSS2,2025-09-29T10:15:00Z,2025-09-29T10:42:01Z,0.9198,166.8862,-166.8862,CV >= 30%
JPSS2_20250929T124201_vs_HYPERNETS_20250929T123000_RHOW_R.csv,THFR,Hyp,JPSS2,Hyp vs JPSS2,2025-09-29T10:30:00Z,2025-09-29T10:42:01Z,0.92490000000000006,164.1137,-164.1137,CV >= 30%
JPSS2_20250929T124201_vs_HYPERNETS_20250929T124500_RHOW_R.csv,THFR,Hyp,JPSS2,Hyp vs JPSS2,2025-09-29T10:45:00Z,2025-09-29T10:42:01Z,0.9393,160.9008,-160.9008,CV >= 30%
JPSS2_20250929T124201_vs_HYPERNETS_20250929T130000_RHOW_R.csv,THFR,Hyp,JPSS2,Hyp vs JPSS2,2025-09-29T11:00:00Z,2025-09-29T10:42:01Z,0.9405,165.704,-165.704,CV >= 30%
JPSS2_20250930T122401_vs_HYPERNETS_20250930T120000_RHOW_R.csv,THFR,Hyp,JPSS2,Hyp vs JPSS2,2025-09-30T10:00:00Z,2025-09-30T10:24:01Z,NA,255.1054,-255.1054,CV >= 30%
JPSS2_20250930T122401_vs_HYPERNETS_20250930T121500_RHOW_R.csv,THFR,Hyp,JPSS2,Hyp vs JPSS2,2025-09-30T10:15:00Z,2025-09-30T10:24:01Z,NA,274.241,-274.241,CV >= 30%
JPSS2_20250930T122401_vs_HYPERNETS_20250930T123000_RHOW_R.csv,THFR,Hyp,JPSS2,Hyp vs JPSS2,2025-09-30T10:30:00Z,2025-09-30T10:24:01Z,NA,288.843,-288.843,CV >= 30%
JPSS2_20250930T122401_vs_HYPERNETS_20250930T124500_RHOW_R.csv,THFR,Hyp,JPSS2,Hyp vs JPSS2,2025-09-30T10:45:00Z,2025-09-30T10:24:01Z,NA,280.7764,-280.7764,CV >= 30%
JPSS2_20251001T120600_vs_HYPERNETS_20251001T114500_RHOW_R.csv,THFR,Hyp,JPSS2,Hyp vs JPSS2,2025-10-01T09:45:00Z,2025-10-01T10:06:00Z,NA,905.485,-905.485,CV >= 30%
JPSS2_20251001T120600_vs_HYPERNETS_20251001T120000_RHOW_R.csv,THFR,Hyp,JPSS2,Hyp vs JPSS2,2025-10-01T10:00:00Z,2025-10-01T10:06:00Z,NA,907.8537,-907.8537,CV >= 30%
JPSS2_20251001T120600_vs_HYPERNETS_20251001T121500_RHOW_R.csv,THFR,Hyp,JPSS2,Hyp vs JPSS2,2025-10-01T10:15:00Z,2025-10-01T10:06:00Z,NA,945.646,-945.646,CV >= 30%
JPSS2_20251001T120600_vs_HYPERNETS_20251001T123000_RHOW_R.csv,THFR,Hyp,JPSS2,Hyp vs JPSS2,2025-10-01T10:30:00Z,2025-10-01T10:06:00Z,NA,925.0299,-925.0299,CV >= 30%
JPSS2_20251002T114800_vs_HYPERNETS_20251002T113000_RHOW_R.csv,THFR,Hyp,JPSS2,Hyp vs JPSS2,2025-10-02T09:30:00Z,2025-10-02T09:48:00Z,0.5456,127.8946,-127.8946,CV >= 30%
JPSS2_20251002T114800_vs_HYPERNETS_20251002T114500_RHOW_R.csv,THFR,Hyp,JPSS2,Hyp vs JPSS2,2025-10-02T09:45:00Z,2025-10-02T09:48:00Z,0.5357,126.6156,-126.6156,CV >= 30%
JPSS2_20251002T114800_vs_HYPERNETS_20251002T120000_RHOW_R.csv,THFR,Hyp,JPSS2,Hyp vs JPSS2,2025-10-02T10:00:00Z,2025-10-02T09:48:00Z,0.5271,118.434,-118.434,CV >= 30%
JPSS2_20251002T114800_vs_HYPERNETS_20251002T121500_RHOW_R.csv,THFR,Hyp,JPSS2,Hyp vs JPSS2,2025-10-02T10:15:00Z,2025-10-02T09:48:00Z,0.5113,134.7186,-134.7186,CV >= 30%
JPSS2_20251004T124800_vs_HYPERNETS_20251004T123000_RHOW_R.csv,THFR,Hyp,JPSS2,Hyp vs JPSS2,2025-10-04T10:30:00Z,2025-10-04T10:48:00Z,NA,NA,NA,CV >= 30%
JPSS2_20251005T123000_vs_HYPERNETS_20251005T120000_RHOW_R.csv,THFR,Hyp,JPSS2,Hyp vs JPSS2,2025-10-05T10:00:00Z,2025-10-05T10:30:00Z,0.8324,59.0618,-59.0618,CV >= 30%
JPSS2_20251005T123000_vs_HYPERNETS_20251005T121500_RHOW_R.csv,THFR,Hyp,JPSS2,Hyp vs JPSS2,2025-10-05T10:15:00Z,2025-10-05T10:30:00Z,0.8303,59.6697,-59.6697,CV >= 30%
JPSS2_20251005T123000_vs_HYPERNETS_20251005T123000_RHOW_R.csv,THFR,Hyp,JPSS2,Hyp vs JPSS2,2025-10-05T10:30:00Z,2025-10-05T10:30:00Z,0.8422,58.2145,-58.2145,CV >= 30%
JPSS2_20251005T123000_vs_HYPERNETS_20251005T124500_RHOW_R.csv,THFR,Hyp,JPSS2,Hyp vs JPSS2,2025-10-05T10:45:00Z,2025-10-05T10:30:00Z,0.8203,63.8901,-63.8901,CV >= 30%
JPSS2_20251005T123000_vs_HYPERNETS_20251005T130000_RHOW_R.csv,THFR,Hyp,JPSS2,Hyp vs JPSS2,2025-10-05T11:00:00Z,2025-10-05T10:30:00Z,0.8165,60.7643,-60.7643,CV >= 30%
JPSS2_20251006T121200_vs_HYPERNETS_20251006T114500_RHOW_R.csv,THFR,Hyp,JPSS2,Hyp vs JPSS2,2025-10-06T09:45:00Z,2025-10-06T10:12:00Z,NA,NA,NA,CV >= 30%
JPSS2_20251006T121200_vs_HYPERNETS_20251006T120000_RHOW_R.csv,THFR,Hyp,JPSS2,Hyp vs JPSS2,2025-10-06T10:00:00Z,2025-10-06T10:12:00Z,NA,NA,NA,CV >= 30%
JPSS2_20251006T121200_vs_HYPERNETS_20251006T121500_RHOW_R.csv,THFR,Hyp,JPSS2,Hyp vs JPSS2,2025-10-06T10:15:00Z,2025-10-06T10:12:00Z,NA,NA,NA,CV >= 30%
JPSS2_20251006T121200_vs_HYPERNETS_20251006T123000_RHOW_R.csv,THFR,Hyp,JPSS2,Hyp vs JPSS2,2025-10-06T10:30:00Z,2025-10-06T10:12:00Z,NA,NA,NA,CV >= 30%
JPSS2_20251008T131201_vs_HYPERNETS_20251008T124500_RHOW_R.csv,THFR,Hyp,JPSS2,Hyp vs JPSS2,2025-10-08T10:45:00Z,2025-10-08T11:12:01Z,0.782,43.0669,-43.0669,CV >= 30%
JPSS2_20251008T131201_vs_HYPERNETS_20251008T130000_RHOW_R.csv,THFR,Hyp,JPSS2,Hyp vs JPSS2,2025-10-08T11:00:00Z,2025-10-08T11:12:01Z,0.7623,55.3754,-55.3754,CV >= 30%
JPSS2_20251008T131201_vs_HYPERNETS_20251008T131500_RHOW_R.csv,THFR,Hyp,JPSS2,Hyp vs JPSS2,2025-10-08T11:15:00Z,2025-10-08T11:12:01Z,0.8087,34.516,-34.516,CV >= 30%
JPSS2_20251008T131201_vs_HYPERNETS_20251008T133000_RHOW_R.csv,THFR,Hyp,JPSS2,Hyp vs JPSS2,2025-10-08T11:30:00Z,2025-10-08T11:12:01Z,0.8424,28.8126,-28.8126,CV >= 30%
JPSS2_20251010T123601_vs_HYPERNETS_20251010T121500_RHOW_R.csv,THFR,Hyp,JPSS2,Hyp vs JPSS2,2025-10-10T10:15:00Z,2025-10-10T10:36:01Z,NA,251.8724,-251.8724,CV >= 30%
JPSS2_20251010T123601_vs_HYPERNETS_20251010T123000_RHOW_R.csv,THFR,Hyp,JPSS2,Hyp vs JPSS2,2025-10-10T10:30:00Z,2025-10-10T10:36:01Z,NA,241.6578,-241.6578,CV >= 30%
JPSS2_20251010T123601_vs_HYPERNETS_20251010T124500_RHOW_R.csv,THFR,Hyp,JPSS2,Hyp vs JPSS2,2025-10-10T10:45:00Z,2025-10-10T10:36:01Z,NA,238.7476,-238.7476,CV >= 30%
JPSS2_20251010T123601_vs_HYPERNETS_20251010T130000_RHOW_R.csv,THFR,Hyp,JPSS2,Hyp vs JPSS2,2025-10-10T11:00:00Z,2025-10-10T10:36:01Z,NA,223.0563,-223.0563,CV >= 30%
JPSS2_20251011T121800_vs_HYPERNETS_20251011T120000_RHOW_R.csv,THFR,Hyp,JPSS2,Hyp vs JPSS2,2025-10-11T10:00:00Z,2025-10-11T10:18:00Z,NA,331.5596,-331.5596,CV >= 30%
JPSS2_20251011T121800_vs_HYPERNETS_20251011T121500_RHOW_R.csv,THFR,Hyp,JPSS2,Hyp vs JPSS2,2025-10-11T10:15:00Z,2025-10-11T10:18:00Z,NA,314.3605,-314.3605,CV >= 30%
JPSS2_20251011T121800_vs_HYPERNETS_20251011T123000_RHOW_R.csv,THFR,Hyp,JPSS2,Hyp vs JPSS2,2025-10-11T10:30:00Z,2025-10-11T10:18:00Z,NA,312.2505,-312.2505,CV >= 30%
JPSS2_20251011T121800_vs_HYPERNETS_20251011T124500_RHOW_R.csv,THFR,Hyp,JPSS2,Hyp vs JPSS2,2025-10-11T10:45:00Z,2025-10-11T10:18:00Z,NA,307.46,-307.46,CV >= 30%
JPSS2_20251014T130001_vs_HYPERNETS_20251014T124500_RHOW_R.csv,THFR,Hyp,JPSS2,Hyp vs JPSS2,2025-10-14T10:45:00Z,2025-10-14T11:00:01Z,NA,231.39940000000001,-231.39940000000001,CV >= 30%
JPSS2_20251014T130001_vs_HYPERNETS_20251014T130000_RHOW_R.csv,THFR,Hyp,JPSS2,Hyp vs JPSS2,2025-10-14T11:00:00Z,2025-10-14T11:00:01Z,NA,229.5171,-229.5171,CV >= 30%
JPSS2_20251014T130001_vs_HYPERNETS_20251014T131500_RHOW_R.csv,THFR,Hyp,JPSS2,Hyp vs JPSS2,2025-10-14T11:15:00Z,2025-10-14T11:00:01Z,NA,231.9825,-231.9825,CV >= 30%
JPSS2_20251014T130001_vs_HYPERNETS_20251014T133000_RHOW_R.csv,THFR,Hyp,JPSS2,Hyp vs JPSS2,2025-10-14T11:30:00Z,2025-10-14T11:00:01Z,NA,221.0606,-221.0606,CV >= 30%
JPSS2_20251015T124201_vs_HYPERNETS_20251015T121500_RHOW_R.csv,THFR,Hyp,JPSS2,Hyp vs JPSS2,2025-10-15T10:15:00Z,2025-10-15T10:42:01Z,NA,318.9479,-318.9479,CV >= 30%
JPSS2_20251015T124201_vs_HYPERNETS_20251015T124500_RHOW_R.csv,THFR,Hyp,JPSS2,Hyp vs JPSS2,2025-10-15T10:45:00Z,2025-10-15T10:42:01Z,NA,322.5333,-322.5333,CV >= 30%
JPSS2_20251015T124201_vs_HYPERNETS_20251015T130000_RHOW_R.csv,THFR,Hyp,JPSS2,Hyp vs JPSS2,2025-10-15T11:00:00Z,2025-10-15T10:42:01Z,NA,322.731,-322.731,CV >= 30%
JPSS2_20251016T122401_vs_HYPERNETS_20251016T120000_RHOW_R.csv,THFR,Hyp,JPSS2,Hyp vs JPSS2,2025-10-16T10:00:00Z,2025-10-16T10:24:01Z,NA,354.5933,-354.5933,CV >= 30%
JPSS2_20251016T122401_vs_HYPERNETS_20251016T123000_RHOW_R.csv,THFR,Hyp,JPSS2,Hyp vs JPSS2,2025-10-16T10:30:00Z,2025-10-16T10:24:01Z,NA,355.9443,-355.9443,CV >= 30%
JPSS2_20251016T122401_vs_HYPERNETS_20251016T124500_RHOW_R.csv,THFR,Hyp,JPSS2,Hyp vs JPSS2,2025-10-16T10:45:00Z,2025-10-16T10:24:01Z,NA,352.3778,-352.3778,CV >= 30%
JPSS2_20251017T120601_vs_HYPERNETS_20251017T114500_RHOW_R.csv,THFR,Hyp,JPSS2,Hyp vs JPSS2,2025-10-17T09:45:00Z,2025-10-17T10:06:01Z,0.7472,16.0733,16.0733,CV >= 30%
JPSS2_20251017T120601_vs_HYPERNETS_20251017T120000_RHOW_R.csv,THFR,Hyp,JPSS2,Hyp vs JPSS2,2025-10-17T10:00:00Z,2025-10-17T10:06:01Z,0.7431,14.0182,4.984,CV >= 30%
JPSS2_20251017T120601_vs_HYPERNETS_20251017T121500_RHOW_R.csv,THFR,Hyp,JPSS2,Hyp vs JPSS2,2025-10-17T10:15:00Z,2025-10-17T10:06:01Z,0.7758,15.7717,15.7717,CV >= 30%
JPSS2_20251017T120601_vs_HYPERNETS_20251017T123000_RHOW_R.csv,THFR,Hyp,JPSS2,Hyp vs JPSS2,2025-10-17T10:30:00Z,2025-10-17T10:06:01Z,0.8089,18.2646,18.2646,CV >= 30%
JPSS2_20251018T114801_vs_HYPERNETS_20251018T113000_RHOW_R.csv,THFR,Hyp,JPSS2,Hyp vs JPSS2,2025-10-18T09:30:00Z,2025-10-18T09:48:01Z,0.5611,41.9046,-41.9046,CV >= 30%
JPSS2_20251018T114801_vs_HYPERNETS_20251018T114500_RHOW_R.csv,THFR,Hyp,JPSS2,Hyp vs JPSS2,2025-10-18T09:45:00Z,2025-10-18T09:48:01Z,0.5541,43.8818,-43.8818,CV >= 30%
JPSS2_20251018T114801_vs_HYPERNETS_20251018T120000_RHOW_R.csv,THFR,Hyp,JPSS2,Hyp vs JPSS2,2025-10-18T10:00:00Z,2025-10-18T09:48:01Z,0.5673,43.1023,-43.1023,CV >= 30%
JPSS2_20251018T114801_vs_HYPERNETS_20251018T121500_RHOW_R.csv,THFR,Hyp,JPSS2,Hyp vs JPSS2,2025-10-18T10:15:00Z,2025-10-18T09:48:01Z,0.5841,37.1277,-34.5058,CV >= 30%
JPSS2_20251026T123601_vs_HYPERNETS_20251026T121500_RHOW_R.csv,THFR,Hyp,JPSS2,Hyp vs JPSS2,2025-10-26T11:15:00Z,2025-10-26T11:36:01Z,0.7237,255.0306,-255.0306,CV >= 30%
JPSS2_20251026T123601_vs_HYPERNETS_20251026T123000_RHOW_R.csv,THFR,Hyp,JPSS2,Hyp vs JPSS2,2025-10-26T11:30:00Z,2025-10-26T11:36:01Z,0.7347,261.3429,-261.3429,CV >= 30%
JPSS2_20251026T123601_vs_HYPERNETS_20251026T124500_RHOW_R.csv,THFR,Hyp,JPSS2,Hyp vs JPSS2,2025-10-26T11:45:00Z,2025-10-26T11:36:01Z,0.7299,263.4884,-263.4884,CV >= 30%
JPSS2_20251026T123601_vs_HYPERNETS_20251026T130000_RHOW_R.csv,THFR,Hyp,JPSS2,Hyp vs JPSS2,2025-10-26T12:00:00Z,2025-10-26T11:36:01Z,0.7232,310.3947,-310.3947,CV >= 30%
JPSS2_20251028T120001_vs_HYPERNETS_20251028T114500_RHOW_R.csv,THFR,Hyp,JPSS2,Hyp vs JPSS2,2025-10-28T10:45:00Z,2025-10-28T11:00:01Z,0.4755,385.6639,-385.6639,CV >= 30%
JPSS2_20251028T120001_vs_HYPERNETS_20251028T120000_RHOW_R.csv,THFR,Hyp,JPSS2,Hyp vs JPSS2,2025-10-28T11:00:00Z,2025-10-28T11:00:01Z,0.4708,395.2796,-395.2796,CV >= 30%
JPSS2_20251028T120001_vs_HYPERNETS_20251028T121500_RHOW_R.csv,THFR,Hyp,JPSS2,Hyp vs JPSS2,2025-10-28T11:15:00Z,2025-10-28T11:00:01Z,0.4629,412.3195,-412.3195,CV >= 30%
JPSS2_20251030T130000_vs_HYPERNETS_20251030T123000_RHOW_R.csv,THFR,Hyp,JPSS2,Hyp vs JPSS2,2025-10-30T11:30:00Z,2025-10-30T12:00:00Z,0.628,113.6194,-113.6194,CV >= 30%
JPSS2_20251030T130000_vs_HYPERNETS_20251030T124500_RHOW_R.csv,THFR,Hyp,JPSS2,Hyp vs JPSS2,2025-10-30T11:45:00Z,2025-10-30T12:00:00Z,0.6029,119.8827,-119.8827,CV >= 30%
JPSS2_20251030T130000_vs_HYPERNETS_20251030T130000_RHOW_R.csv,THFR,Hyp,JPSS2,Hyp vs JPSS2,2025-10-30T12:00:00Z,2025-10-30T12:00:00Z,0.6165,115.665,-115.665,CV >= 30%
JPSS2_20251030T130000_vs_HYPERNETS_20251030T131500_RHOW_R.csv,THFR,Hyp,JPSS2,Hyp vs JPSS2,2025-10-30T12:15:00Z,2025-10-30T12:00:00Z,0.6026,125.7423,-125.7423,CV >= 30%
JPSS2_20251030T130000_vs_HYPERNETS_20251030T133000_RHOW_R.csv,THFR,Hyp,JPSS2,Hyp vs JPSS2,2025-10-30T12:30:00Z,2025-10-30T12:00:00Z,0.6123,120.4752,-120.4752,CV >= 30%
JPSS2_20251103T114801_vs_HYPERNETS_20251103T113000_RHOW_R.csv,THFR,Hyp,JPSS2,Hyp vs JPSS2,2025-11-03T10:30:00Z,2025-11-03T10:48:01Z,0.6805,184.1589,-184.1589,CV >= 30%
JPSS2_20251103T114801_vs_HYPERNETS_20251103T114500_RHOW_R.csv,THFR,Hyp,JPSS2,Hyp vs JPSS2,2025-11-03T10:45:00Z,2025-11-03T10:48:01Z,0.6823,180.9232,-180.9232,CV >= 30%
JPSS2_20251103T114801_vs_HYPERNETS_20251103T120000_RHOW_R.csv,THFR,Hyp,JPSS2,Hyp vs JPSS2,2025-11-03T11:00:00Z,2025-11-03T10:48:01Z,0.6898,172.1662,-172.1662,CV >= 30%
JPSS2_20251103T114801_vs_HYPERNETS_20251103T121500_RHOW_R.csv,THFR,Hyp,JPSS2,Hyp vs JPSS2,2025-11-03T11:15:00Z,2025-11-03T10:48:01Z,0.6974,162.0351,-162.0351,CV >= 30%
JPSS2_20251107T121200_vs_HYPERNETS_20251107T114500_RHOW_R.csv,THFR,Hyp,JPSS2,Hyp vs JPSS2,2025-11-07T10:45:00Z,2025-11-07T11:12:00Z,NA,515.3317,-515.3317,CV >= 30%
JPSS2_20251107T121200_vs_HYPERNETS_20251107T120000_RHOW_R.csv,THFR,Hyp,JPSS2,Hyp vs JPSS2,2025-11-07T11:00:00Z,2025-11-07T11:12:00Z,NA,515.7797,-515.7797,CV >= 30%
JPSS2_20251107T121200_vs_HYPERNETS_20251107T121500_RHOW_R.csv,THFR,Hyp,JPSS2,Hyp vs JPSS2,2025-11-07T11:15:00Z,2025-11-07T11:12:00Z,NA,509.4956,-509.4956,CV >= 30%
JPSS2_20251107T121200_vs_HYPERNETS_20251107T123000_RHOW_R.csv,THFR,Hyp,JPSS2,Hyp vs JPSS2,2025-11-07T11:30:00Z,2025-11-07T11:12:00Z,NA,523.6523,-523.6523,CV >= 30%
JPSS2_20251111T123600_vs_HYPERNETS_20251111T121500_RHOW_R.csv,THFR,Hyp,JPSS2,Hyp vs JPSS2,2025-11-11T11:15:00Z,2025-11-11T11:36:00Z,0.6426,50.8222,-50.8222,CV >= 30%
JPSS2_20251111T123600_vs_HYPERNETS_20251111T123000_RHOW_R.csv,THFR,Hyp,JPSS2,Hyp vs JPSS2,2025-11-11T11:30:00Z,2025-11-11T11:36:00Z,0.6686,46.6101,-46.6101,CV >= 30%
JPSS2_20251111T123600_vs_HYPERNETS_20251111T124500_RHOW_R.csv,THFR,Hyp,JPSS2,Hyp vs JPSS2,2025-11-11T11:45:00Z,2025-11-11T11:36:00Z,0.6712,44.7814,-44.7814,CV >= 30%
JPSS2_20251111T123600_vs_HYPERNETS_20251111T130000_RHOW_R.csv,THFR,Hyp,JPSS2,Hyp vs JPSS2,2025-11-11T12:00:00Z,2025-11-11T11:36:00Z,0.6804,42.5706,-42.5706,CV >= 30%
JPSS2_20251115T130000_vs_HYPERNETS_20251115T124500_RHOW_R.csv,THFR,Hyp,JPSS2,Hyp vs JPSS2,2025-11-15T11:45:00Z,2025-11-15T12:00:00Z,0.764,78.4265,-70.1487,CV >= 30%
JPSS2_20251115T130000_vs_HYPERNETS_20251115T130000_RHOW_R.csv,THFR,Hyp,JPSS2,Hyp vs JPSS2,2025-11-15T12:00:00Z,2025-11-15T12:00:00Z,0.7709,76.0279,-68.8919,CV >= 30%
JPSS2_20251115T130000_vs_HYPERNETS_20251115T131500_RHOW_R.csv,THFR,Hyp,JPSS2,Hyp vs JPSS2,2025-11-15T12:15:00Z,2025-11-15T12:00:00Z,0.7089,82.5913,-82.5913,CV >= 30%
JPSS2_20251115T130000_vs_HYPERNETS_20251115T133000_RHOW_R.csv,THFR,Hyp,JPSS2,Hyp vs JPSS2,2025-11-15T12:30:00Z,2025-11-15T12:00:00Z,0.7744,70.7849,-70.7849,CV >= 30%
JPSS2_20251116T124200_vs_HYPERNETS_20251116T121500_RHOW_R.csv,THFR,Hyp,JPSS2,Hyp vs JPSS2,2025-11-16T11:15:00Z,2025-11-16T11:42:00Z,NA,284.6923,-284.6923,CV >= 30%
JPSS2_20251116T124200_vs_HYPERNETS_20251116T123000_RHOW_R.csv,THFR,Hyp,JPSS2,Hyp vs JPSS2,2025-11-16T11:30:00Z,2025-11-16T11:42:00Z,NA,277.9744,-277.9744,CV >= 30%
JPSS2_20251116T124200_vs_HYPERNETS_20251116T124500_RHOW_R.csv,THFR,Hyp,JPSS2,Hyp vs JPSS2,2025-11-16T11:45:00Z,2025-11-16T11:42:00Z,NA,281.1517,-281.1517,CV >= 30%
JPSS2_20251116T124200_vs_HYPERNETS_20251116T130000_RHOW_R.csv,THFR,Hyp,JPSS2,Hyp vs JPSS2,2025-11-16T12:00:00Z,2025-11-16T11:42:00Z,NA,271.1451,-271.1451,CV >= 30%
JPSS2_20251117T122400_vs_HYPERNETS_20251117T120000_RHOW_R.csv,THFR,Hyp,JPSS2,Hyp vs JPSS2,2025-11-17T11:00:00Z,2025-11-17T11:24:00Z,NA,260.8907,-260.8907,CV >= 30%
JPSS2_20251117T122400_vs_HYPERNETS_20251117T121500_RHOW_R.csv,THFR,Hyp,JPSS2,Hyp vs JPSS2,2025-11-17T11:15:00Z,2025-11-17T11:24:00Z,NA,256.234,-256.234,CV >= 30%
JPSS2_20251117T122400_vs_HYPERNETS_20251117T123100_RHOW_R.csv,THFR,Hyp,JPSS2,Hyp vs JPSS2,2025-11-17T11:31:00Z,2025-11-17T11:24:00Z,NA,237.2118,-237.2118,CV >= 30%
JPSS2_20251117T122400_vs_HYPERNETS_20251117T124500_RHOW_R.csv,THFR,Hyp,JPSS2,Hyp vs JPSS2,2025-11-17T11:45:00Z,2025-11-17T11:24:00Z,NA,234.0286,-234.0286,CV >= 30%
JPSS2_20251118T120600_vs_HYPERNETS_20251118T114500_RHOW_R.csv,THFR,Hyp,JPSS2,Hyp vs JPSS2,2025-11-18T10:45:00Z,2025-11-18T11:06:00Z,0.7531,94.3841,-94.3841,CV >= 30%
JPSS2_20251119T132401_vs_HYPERNETS_20251119T130000_RHOW_R.csv,THFR,Hyp,JPSS2,Hyp vs JPSS2,2025-11-19T12:00:00Z,2025-11-19T12:24:01Z,NA,NA,NA,CV >= 30%
JPSS2_20251119T132401_vs_HYPERNETS_20251119T131500_RHOW_R.csv,THFR,Hyp,JPSS2,Hyp vs JPSS2,2025-11-19T12:15:00Z,2025-11-19T12:24:01Z,NA,NA,NA,CV >= 30%
JPSS2_20251119T132401_vs_HYPERNETS_20251119T133000_RHOW_R.csv,THFR,Hyp,JPSS2,Hyp vs JPSS2,2025-11-19T12:30:00Z,2025-11-19T12:24:01Z,NA,NA,NA,CV >= 30%
JPSS2_20251119T132401_vs_HYPERNETS_20251119T134500_RHOW_R.csv,THFR,Hyp,JPSS2,Hyp vs JPSS2,2025-11-19T12:45:00Z,2025-11-19T12:24:01Z,NA,NA,NA,CV >= 30%
JPSS2_20251121T124800_vs_HYPERNETS_20251121T123000_RHOW_R.csv,THFR,Hyp,JPSS2,Hyp vs JPSS2,2025-11-21T11:30:00Z,2025-11-21T11:48:00Z,NA,237.3481,-237.3481,CV >= 30%
JPSS2_20251121T124800_vs_HYPERNETS_20251121T124500_RHOW_R.csv,THFR,Hyp,JPSS2,Hyp vs JPSS2,2025-11-21T11:45:00Z,2025-11-21T11:48:00Z,NA,241.8398,-241.8398,CV >= 30%
JPSS2_20251121T124800_vs_HYPERNETS_20251121T130000_RHOW_R.csv,THFR,Hyp,JPSS2,Hyp vs JPSS2,2025-11-21T12:00:00Z,2025-11-21T11:48:00Z,NA,264.6082,-264.6082,CV >= 30%
JPSS2_20251121T124800_vs_HYPERNETS_20251121T131500_RHOW_R.csv,THFR,Hyp,JPSS2,Hyp vs JPSS2,2025-11-21T12:15:00Z,2025-11-21T11:48:00Z,NA,267.0121,-267.0121,CV >= 30%
JPSS2_20251122T123000_vs_HYPERNETS_20251122T120000_RHOW_R.csv,THFR,Hyp,JPSS2,Hyp vs JPSS2,2025-11-22T11:00:00Z,2025-11-22T11:30:00Z,0.6769,80.9958,-80.9958,CV >= 30%
JPSS2_20251122T123000_vs_HYPERNETS_20251122T121500_RHOW_R.csv,THFR,Hyp,JPSS2,Hyp vs JPSS2,2025-11-22T11:15:00Z,2025-11-22T11:30:00Z,0.7061,64.5464,-64.5464,CV >= 30%
JPSS2_20251122T123000_vs_HYPERNETS_20251122T123000_RHOW_R.csv,THFR,Hyp,JPSS2,Hyp vs JPSS2,2025-11-22T11:30:00Z,2025-11-22T11:30:00Z,0.7249,58.8785,-58.8785,CV >= 30%
JPSS2_20251122T123000_vs_HYPERNETS_20251122T124500_RHOW_R.csv,THFR,Hyp,JPSS2,Hyp vs JPSS2,2025-11-22T11:45:00Z,2025-11-22T11:30:00Z,0.7342,56.5029,-56.5029,CV >= 30%
JPSS2_20251122T123000_vs_HYPERNETS_20251122T130000_RHOW_R.csv,THFR,Hyp,JPSS2,Hyp vs JPSS2,2025-11-22T12:00:00Z,2025-11-22T11:30:00Z,0.7461,51.3668,-51.3668,CV >= 30%
JPSS2_20251126T125401_vs_HYPERNETS_20251126T123000_RHOW_R.csv,THFR,Hyp,JPSS2,Hyp vs JPSS2,2025-11-26T11:30:00Z,2025-11-26T11:54:01Z,-0.2928,124.2481,-78.024,CV >= 30%
JPSS2_20251126T125401_vs_HYPERNETS_20251126T124500_RHOW_R.csv,THFR,Hyp,JPSS2,Hyp vs JPSS2,2025-11-26T11:45:00Z,2025-11-26T11:54:01Z,-0.3,117.8221,-77.8577,CV >= 30%
JPSS2_20251126T125401_vs_HYPERNETS_20251126T130000_RHOW_R.csv,THFR,Hyp,JPSS2,Hyp vs JPSS2,2025-11-26T12:00:00Z,2025-11-26T11:54:01Z,-0.2858,136.5433,-73.3593,CV >= 30%
JPSS2_20251127T123601_vs_HYPERNETS_20251127T121500_RHOW_R.csv,THFR,Hyp,JPSS2,Hyp vs JPSS2,2025-11-27T11:15:00Z,2025-11-27T11:36:01Z,NA,179.5419,-179.5419,CV >= 30%
JPSS2_20251127T123601_vs_HYPERNETS_20251127T123000_RHOW_R.csv,THFR,Hyp,JPSS2,Hyp vs JPSS2,2025-11-27T11:30:00Z,2025-11-27T11:36:01Z,NA,178.0171,-178.0171,CV >= 30%
JPSS2_20251127T123601_vs_HYPERNETS_20251127T124500_RHOW_R.csv,THFR,Hyp,JPSS2,Hyp vs JPSS2,2025-11-27T11:45:00Z,2025-11-27T11:36:01Z,NA,179.1165,-179.1165,CV >= 30%
JPSS2_20251127T123601_vs_HYPERNETS_20251127T130000_RHOW_R.csv,THFR,Hyp,JPSS2,Hyp vs JPSS2,2025-11-27T12:00:00Z,2025-11-27T11:36:01Z,NA,163.781,-163.781,CV >= 30%
JPSS2_20251201T130001_vs_HYPERNETS_20251201T133000_RHOW_R.csv,THFR,Hyp,JPSS2,Hyp vs JPSS2,2025-12-01T12:30:00Z,2025-12-01T12:00:01Z,1.022,51.3527,-8.4361,CV >= 30%
JPSS2_20251208T123001_vs_HYPERNETS_20251208T121500_RHOW_R.csv,THFR,Hyp,JPSS2,Hyp vs JPSS2,2025-12-08T11:15:00Z,2025-12-08T11:30:01Z,NA,429.1569,-429.1569,CV >= 30%
JPSS2_20251208T123001_vs_HYPERNETS_20251208T123000_RHOW_R.csv,THFR,Hyp,JPSS2,Hyp vs JPSS2,2025-12-08T11:30:00Z,2025-12-08T11:30:01Z,NA,426.1261,-426.1261,CV >= 30%
JPSS2_20251208T123001_vs_HYPERNETS_20251208T124500_RHOW_R.csv,THFR,Hyp,JPSS2,Hyp vs JPSS2,2025-12-08T11:45:00Z,2025-12-08T11:30:01Z,NA,400.5893,-400.5893,CV >= 30%
JPSS2_20251208T123001_vs_HYPERNETS_20251208T130000_RHOW_R.csv,THFR,Hyp,JPSS2,Hyp vs JPSS2,2025-12-08T12:00:00Z,2025-12-08T11:30:01Z,NA,418.6114,-418.6114,CV >= 30%
JPSS2_20251214T121801_vs_HYPERNETS_20251214T120000_RHOW_R.csv,THFR,Hyp,JPSS2,Hyp vs JPSS2,2025-12-14T11:00:00Z,2025-12-14T11:18:01Z,0.7262,129.8358,129.8358,CV >= 30%
JPSS2_20251214T121801_vs_HYPERNETS_20251214T121500_RHOW_R.csv,THFR,Hyp,JPSS2,Hyp vs JPSS2,2025-12-14T11:15:00Z,2025-12-14T11:18:01Z,0.6861,107.7298,107.7298,CV >= 30%
JPSS2_20251228T125400_vs_HYPERNETS_20251228T123000_RHOW_R.csv,THFR,Hyp,JPSS2,Hyp vs JPSS2,2025-12-28T11:30:00Z,2025-12-28T11:54:00Z,0.737,46.7617,-46.7617,CV >= 30%
JPSS2_20251228T125400_vs_HYPERNETS_20251228T130000_RHOW_R.csv,THFR,Hyp,JPSS2,Hyp vs JPSS2,2025-12-28T12:00:00Z,2025-12-28T11:54:00Z,0.7717,37.3243,-37.3243,CV >= 30%
JPSS2_20251228T125400_vs_HYPERNETS_20251228T131500_RHOW_R.csv,THFR,Hyp,JPSS2,Hyp vs JPSS2,2025-12-28T12:15:00Z,2025-12-28T11:54:00Z,0.7841,34.3787,-34.3787,CV >= 30%
JPSS2_20251229T123600_vs_HYPERNETS_20251229T121500_RHOW_R.csv,THFR,Hyp,JPSS2,Hyp vs JPSS2,2025-12-29T11:15:00Z,2025-12-29T11:36:00Z,0.5896,411.3237,-411.3237,CV >= 30%
JPSS2_20251229T123600_vs_HYPERNETS_20251229T123000_RHOW_R.csv,THFR,Hyp,JPSS2,Hyp vs JPSS2,2025-12-29T11:30:00Z,2025-12-29T11:36:00Z,0.61,391.9345,-391.9345,CV >= 30%
JPSS2_20251229T123600_vs_HYPERNETS_20251229T124500_RHOW_R.csv,THFR,Hyp,JPSS2,Hyp vs JPSS2,2025-12-29T11:45:00Z,2025-12-29T11:36:00Z,0.6152,375.8554,-375.8554,CV >= 30%
JPSS2_20251229T123600_vs_HYPERNETS_20251229T130000_RHOW_R.csv,THFR,Hyp,JPSS2,Hyp vs JPSS2,2025-12-29T12:00:00Z,2025-12-29T11:36:00Z,0.627,357.2161,-357.2161,CV >= 30%
JPSS2_20251230T121800_vs_HYPERNETS_20251230T120000_RHOW_R.csv,THFR,Hyp,JPSS2,Hyp vs JPSS2,2025-12-30T11:00:00Z,2025-12-30T11:18:00Z,0.5754,64.3831,-64.3831,CV >= 30%
JPSS2_20251230T121800_vs_HYPERNETS_20251230T121500_RHOW_R.csv,THFR,Hyp,JPSS2,Hyp vs JPSS2,2025-12-30T11:15:00Z,2025-12-30T11:18:00Z,0.5835,56.723,-56.723,CV >= 30%
JPSS2_20251230T121800_vs_HYPERNETS_20251230T123000_RHOW_R.csv,THFR,Hyp,JPSS2,Hyp vs JPSS2,2025-12-30T11:30:00Z,2025-12-30T11:18:00Z,0.588,61.4128,-61.4128,CV >= 30%
JPSS2_20251230T121800_vs_HYPERNETS_20251230T124500_RHOW_R.csv,THFR,Hyp,JPSS2,Hyp vs JPSS2,2025-12-30T11:45:00Z,2025-12-30T11:18:00Z,0.586,55.3734,-55.3734,CV >= 30%
JPSS2_20251231T120000_vs_HYPERNETS_20251231T113000_RHOW_R.csv,THFR,Hyp,JPSS2,Hyp vs JPSS2,2025-12-31T10:30:00Z,2025-12-31T11:00:00Z,0.8183,39.0382,-39.0382,CV >= 30%
JPSS2_20251231T120000_vs_HYPERNETS_20251231T114500_RHOW_R.csv,THFR,Hyp,JPSS2,Hyp vs JPSS2,2025-12-31T10:45:00Z,2025-12-31T11:00:00Z,0.8364,36.8599,-36.8599,CV >= 30%
JPSS2_20251231T120000_vs_HYPERNETS_20251231T120000_RHOW_R.csv,THFR,Hyp,JPSS2,Hyp vs JPSS2,2025-12-31T11:00:00Z,2025-12-31T11:00:00Z,0.8442,36.626,-36.626,CV >= 30%
JPSS2_20251231T120000_vs_HYPERNETS_20251231T121500_RHOW_R.csv,THFR,Hyp,JPSS2,Hyp vs JPSS2,2025-12-31T11:15:00Z,2025-12-31T11:00:00Z,0.8587,26.4842,-26.4842,CV >= 30%
JPSS2_20251231T120000_vs_HYPERNETS_20251231T123000_RHOW_R.csv,THFR,Hyp,JPSS2,Hyp vs JPSS2,2025-12-31T11:30:00Z,2025-12-31T11:00:00Z,0.8674,29.7283,-21.5166,CV >= 30%
SNPP_20250117T124800_vs_HYPERNETS_20250117T123000_RHOW_pixel.csv,THFR_pixel,Hyp,SNPP,Hyp vs SNPP,2025-01-17T11:30:00Z,2025-01-17T11:48:00Z,NA,77.5395,-57.5511,CV >= 30%
SNPP_20250117T124800_vs_HYPERNETS_20250117T124500_RHOW_pixel.csv,THFR_pixel,Hyp,SNPP,Hyp vs SNPP,2025-01-17T11:45:00Z,2025-01-17T11:48:00Z,NA,76.8713,-53.1675,CV >= 30%
SNPP_20250117T124800_vs_HYPERNETS_20250117T130000_RHOW_pixel.csv,THFR_pixel,Hyp,SNPP,Hyp vs SNPP,2025-01-17T12:00:00Z,2025-01-17T11:48:00Z,NA,76.1643,-50.8144,CV >= 30%
SNPP_20250117T124800_vs_HYPERNETS_20250117T131500_RHOW_pixel.csv,THFR_pixel,Hyp,SNPP,Hyp vs SNPP,2025-01-17T12:15:00Z,2025-01-17T11:48:00Z,NA,75.4774,-49.3693,CV >= 30%
SNPP_20250119T121201_vs_HYPERNETS_20250119T114500_RHOW_pixel.csv,THFR_pixel,Hyp,SNPP,Hyp vs SNPP,2025-01-19T10:45:00Z,2025-01-19T11:12:01Z,-0.3939,64.6497,-0.9549,CV >= 30%
SNPP_20250119T121201_vs_HYPERNETS_20250119T120000_RHOW_pixel.csv,THFR_pixel,Hyp,SNPP,Hyp vs SNPP,2025-01-19T11:00:00Z,2025-01-19T11:12:01Z,-0.3942,71.6063,-8.741,CV >= 30%
SNPP_20250119T121201_vs_HYPERNETS_20250119T121500_RHOW_pixel.csv,THFR_pixel,Hyp,SNPP,Hyp vs SNPP,2025-01-19T11:15:00Z,2025-01-19T11:12:01Z,-0.3947,68.5119,-22.0438,CV >= 30%
SNPP_20250128T124201_vs_HYPERNETS_20250128T123000_RHOW_pixel.csv,THFR_pixel,Hyp,SNPP,Hyp vs SNPP,2025-01-28T11:30:00Z,2025-01-28T11:42:01Z,NA,NA,NA,CV >= 30%
SNPP_20250129T122401_vs_HYPERNETS_20250129T120000_RHOW_pixel.csv,THFR_pixel,Hyp,SNPP,Hyp vs SNPP,2025-01-29T11:00:00Z,2025-01-29T11:24:01Z,NA,122.6909,-122.6909,CV >= 30%
SNPP_20250129T122401_vs_HYPERNETS_20250129T121500_RHOW_pixel.csv,THFR_pixel,Hyp,SNPP,Hyp vs SNPP,2025-01-29T11:15:00Z,2025-01-29T11:24:01Z,NA,185.4863,-185.4863,CV >= 30%
SNPP_20250129T122401_vs_HYPERNETS_20250129T124500_RHOW_pixel.csv,THFR_pixel,Hyp,SNPP,Hyp vs SNPP,2025-01-29T11:45:00Z,2025-01-29T11:24:01Z,NA,235.02440000000001,-235.02440000000001,CV >= 30%
SNPP_20250203T123000_vs_HYPERNETS_20250203T120000_RHOW_pixel.csv,THFR_pixel,Hyp,SNPP,Hyp vs SNPP,2025-02-03T11:00:00Z,2025-02-03T11:30:00Z,NA,296.5941,-296.5941,CV >= 30%
SNPP_20250203T123000_vs_HYPERNETS_20250203T121500_RHOW_pixel.csv,THFR_pixel,Hyp,SNPP,Hyp vs SNPP,2025-02-03T11:15:00Z,2025-02-03T11:30:00Z,NA,298.7814,-298.7814,CV >= 30%
SNPP_20250203T123000_vs_HYPERNETS_20250203T123000_RHOW_pixel.csv,THFR_pixel,Hyp,SNPP,Hyp vs SNPP,2025-02-03T11:30:00Z,2025-02-03T11:30:00Z,NA,292.1187,-292.1187,CV >= 30%
SNPP_20250203T123000_vs_HYPERNETS_20250203T124500_RHOW_pixel.csv,THFR_pixel,Hyp,SNPP,Hyp vs SNPP,2025-02-03T11:45:00Z,2025-02-03T11:30:00Z,NA,294.5522,-294.5522,CV >= 30%
SNPP_20250203T123000_vs_HYPERNETS_20250203T130000_RHOW_pixel.csv,THFR_pixel,Hyp,SNPP,Hyp vs SNPP,2025-02-03T12:00:00Z,2025-02-03T11:30:00Z,NA,277.988,-277.988,CV >= 30%
SNPP_20250204T121201_vs_HYPERNETS_20250204T114500_RHOW_pixel.csv,THFR_pixel,Hyp,SNPP,Hyp vs SNPP,2025-02-04T10:45:00Z,2025-02-04T11:12:01Z,0.6651,43.0587,-43.0587,CV >= 30%
SNPP_20250204T121201_vs_HYPERNETS_20250204T120000_RHOW_pixel.csv,THFR_pixel,Hyp,SNPP,Hyp vs SNPP,2025-02-04T11:00:00Z,2025-02-04T11:12:01Z,0.6728,42.8567,-42.8567,CV >= 30%
SNPP_20250204T121201_vs_HYPERNETS_20250204T121500_RHOW_pixel.csv,THFR_pixel,Hyp,SNPP,Hyp vs SNPP,2025-02-04T11:15:00Z,2025-02-04T11:12:01Z,0.6687,42.9914,-42.9914,CV >= 30%
SNPP_20250204T121201_vs_HYPERNETS_20250204T123000_RHOW_pixel.csv,THFR_pixel,Hyp,SNPP,Hyp vs SNPP,2025-02-04T11:30:00Z,2025-02-04T11:12:01Z,0.6604,50.9424,-50.9424,CV >= 30%
SNPP_20250205T115401_vs_HYPERNETS_20250205T113000_RHOW_pixel.csv,THFR_pixel,Hyp,SNPP,Hyp vs SNPP,2025-02-05T10:30:00Z,2025-02-05T10:54:01Z,NA,NA,NA,CV >= 30%
SNPP_20250205T115401_vs_HYPERNETS_20250205T114500_RHOW_pixel.csv,THFR_pixel,Hyp,SNPP,Hyp vs SNPP,2025-02-05T10:45:00Z,2025-02-05T10:54:01Z,NA,NA,NA,CV >= 30%
SNPP_20250205T115401_vs_HYPERNETS_20250205T120000_RHOW_pixel.csv,THFR_pixel,Hyp,SNPP,Hyp vs SNPP,2025-02-05T11:00:00Z,2025-02-05T10:54:01Z,NA,NA,NA,CV >= 30%
SNPP_20250205T115401_vs_HYPERNETS_20250205T121500_RHOW_pixel.csv,THFR_pixel,Hyp,SNPP,Hyp vs SNPP,2025-02-05T11:15:00Z,2025-02-05T10:54:01Z,NA,NA,NA,CV >= 30%
SNPP_20250214T122401_vs_HYPERNETS_20250214T120000_RHOW_pixel.csv,THFR_pixel,Hyp,SNPP,Hyp vs SNPP,2025-02-14T11:00:00Z,2025-02-14T11:24:01Z,NA,NA,NA,CV >= 30%
SNPP_20250214T122401_vs_HYPERNETS_20250214T123000_RHOW_pixel.csv,THFR_pixel,Hyp,SNPP,Hyp vs SNPP,2025-02-14T11:30:00Z,2025-02-14T11:24:01Z,NA,NA,NA,CV >= 30%
SNPP_20250214T122401_vs_HYPERNETS_20250214T124500_RHOW_pixel.csv,THFR_pixel,Hyp,SNPP,Hyp vs SNPP,2025-02-14T11:45:00Z,2025-02-14T11:24:01Z,NA,NA,NA,CV >= 30%
SNPP_20250215T120600_vs_HYPERNETS_20250215T114500_RHOW_pixel.csv,THFR_pixel,Hyp,SNPP,Hyp vs SNPP,2025-02-15T10:45:00Z,2025-02-15T11:06:00Z,NA,174.9844,-174.9844,CV >= 30%
SNPP_20250215T120600_vs_HYPERNETS_20250215T120000_RHOW_pixel.csv,THFR_pixel,Hyp,SNPP,Hyp vs SNPP,2025-02-15T11:00:00Z,2025-02-15T11:06:00Z,NA,171.9178,-171.9178,CV >= 30%
SNPP_20250215T120600_vs_HYPERNETS_20250215T121500_RHOW_pixel.csv,THFR_pixel,Hyp,SNPP,Hyp vs SNPP,2025-02-15T11:15:00Z,2025-02-15T11:06:00Z,NA,179.2373,-179.2373,CV >= 30%
SNPP_20250215T120600_vs_HYPERNETS_20250215T123000_RHOW_pixel.csv,THFR_pixel,Hyp,SNPP,Hyp vs SNPP,2025-02-15T11:30:00Z,2025-02-15T11:06:00Z,NA,185.3951,-185.3951,CV >= 30%
SNPP_20250531T123601_vs_HYPERNETS_20250531T121500_RHOW_pixel.csv,THFR_pixel,Hyp,SNPP,Hyp vs SNPP,2025-05-31T10:15:00Z,2025-05-31T10:36:01Z,NA,NA,NA,CV >= 30%
SNPP_20250531T123601_vs_HYPERNETS_20250531T123000_RHOW_pixel.csv,THFR_pixel,Hyp,SNPP,Hyp vs SNPP,2025-05-31T10:30:00Z,2025-05-31T10:36:01Z,NA,NA,NA,CV >= 30%
SNPP_20250531T123601_vs_HYPERNETS_20250531T124500_RHOW_pixel.csv,THFR_pixel,Hyp,SNPP,Hyp vs SNPP,2025-05-31T10:45:00Z,2025-05-31T10:36:01Z,NA,NA,NA,CV >= 30%
SNPP_20250531T123601_vs_HYPERNETS_20250531T130000_RHOW_pixel.csv,THFR_pixel,Hyp,SNPP,Hyp vs SNPP,2025-05-31T11:00:00Z,2025-05-31T10:36:01Z,NA,NA,NA,CV >= 30%
SNPP_20250616T123601_vs_HYPERNETS_20250616T121500_RHOW_pixel.csv,THFR_pixel,Hyp,SNPP,Hyp vs SNPP,2025-06-16T10:15:00Z,2025-06-16T10:36:01Z,NA,88.6375,-88.6375,CV >= 30%
SNPP_20250616T123601_vs_HYPERNETS_20250616T123000_RHOW_pixel.csv,THFR_pixel,Hyp,SNPP,Hyp vs SNPP,2025-06-16T10:30:00Z,2025-06-16T10:36:01Z,NA,89.5501,-89.5501,CV >= 30%
SNPP_20250616T123601_vs_HYPERNETS_20250616T124500_RHOW_pixel.csv,THFR_pixel,Hyp,SNPP,Hyp vs SNPP,2025-06-16T10:45:00Z,2025-06-16T10:36:01Z,NA,83.5979,-83.5979,CV >= 30%
SNPP_20250616T123601_vs_HYPERNETS_20250616T130000_RHOW_pixel.csv,THFR_pixel,Hyp,SNPP,Hyp vs SNPP,2025-06-16T11:00:00Z,2025-06-16T10:36:01Z,NA,80.1502,-80.1502,CV >= 30%
SNPP_20250622T122400_vs_HYPERNETS_20250622T120000_RHOW_pixel.csv,THFR_pixel,Hyp,SNPP,Hyp vs SNPP,2025-06-22T10:00:00Z,2025-06-22T10:24:00Z,NA,89.284,-89.284,CV >= 30%
SNPP_20250622T122400_vs_HYPERNETS_20250622T121500_RHOW_pixel.csv,THFR_pixel,Hyp,SNPP,Hyp vs SNPP,2025-06-22T10:15:00Z,2025-06-22T10:24:00Z,NA,84.0877,-84.0877,CV >= 30%
SNPP_20250622T122400_vs_HYPERNETS_20250622T123000_RHOW_pixel.csv,THFR_pixel,Hyp,SNPP,Hyp vs SNPP,2025-06-22T10:30:00Z,2025-06-22T10:24:00Z,NA,84.9941,-84.9941,CV >= 30%
SNPP_20250622T122400_vs_HYPERNETS_20250622T124500_RHOW_pixel.csv,THFR_pixel,Hyp,SNPP,Hyp vs SNPP,2025-06-22T10:45:00Z,2025-06-22T10:24:00Z,NA,79.2005,-79.2005,CV >= 30%
SNPP_20250702T123601_vs_HYPERNETS_20250702T121500_RHOW_pixel.csv,THFR_pixel,Hyp,SNPP,Hyp vs SNPP,2025-07-02T10:15:00Z,2025-07-02T10:36:01Z,NA,124.7895,-124.7895,CV >= 30%
SNPP_20250702T123601_vs_HYPERNETS_20250702T123000_RHOW_pixel.csv,THFR_pixel,Hyp,SNPP,Hyp vs SNPP,2025-07-02T10:30:00Z,2025-07-02T10:36:01Z,NA,120.9644,-120.9644,CV >= 30%
SNPP_20250702T123601_vs_HYPERNETS_20250702T124500_RHOW_pixel.csv,THFR_pixel,Hyp,SNPP,Hyp vs SNPP,2025-07-02T10:45:00Z,2025-07-02T10:36:01Z,NA,126.5096,-126.5096,CV >= 30%
SNPP_20250702T123601_vs_HYPERNETS_20250702T130000_RHOW_pixel.csv,THFR_pixel,Hyp,SNPP,Hyp vs SNPP,2025-07-02T11:00:00Z,2025-07-02T10:36:01Z,NA,113.8272,-113.8272,CV >= 30%
SNPP_20250708T122400_vs_HYPERNETS_20250708T120000_RHOW_pixel.csv,THFR_pixel,Hyp,SNPP,Hyp vs SNPP,2025-07-08T10:00:00Z,2025-07-08T10:24:00Z,0.9689,3.9456,3.9456,CV >= 30%
SNPP_20250708T122400_vs_HYPERNETS_20250708T121500_RHOW_pixel.csv,THFR_pixel,Hyp,SNPP,Hyp vs SNPP,2025-07-08T10:15:00Z,2025-07-08T10:24:00Z,0.9607,5.4467,-5.4467,CV >= 30%
SNPP_20250708T122400_vs_HYPERNETS_20250708T123000_RHOW_pixel.csv,THFR_pixel,Hyp,SNPP,Hyp vs SNPP,2025-07-08T10:30:00Z,2025-07-08T10:24:00Z,0.9541,4.7193,-1.5859,CV >= 30%
SNPP_20250708T122400_vs_HYPERNETS_20250708T124500_RHOW_pixel.csv,THFR_pixel,Hyp,SNPP,Hyp vs SNPP,2025-07-08T10:45:00Z,2025-07-08T10:24:00Z,0.9485,5.2069,-1.2346,CV >= 30%
SNPP_20250728T124801_vs_HYPERNETS_20250728T123000_RHOW_pixel.csv,THFR_pixel,Hyp,SNPP,Hyp vs SNPP,2025-07-28T10:30:00Z,2025-07-28T10:48:01Z,0.637,44.9263,44.9263,CV >= 30%
SNPP_20250728T124801_vs_HYPERNETS_20250728T124500_RHOW_pixel.csv,THFR_pixel,Hyp,SNPP,Hyp vs SNPP,2025-07-28T10:45:00Z,2025-07-28T10:48:01Z,0.7352,20.0966,20.0966,CV >= 30%
SNPP_20250728T124801_vs_HYPERNETS_20250728T130000_RHOW_pixel.csv,THFR_pixel,Hyp,SNPP,Hyp vs SNPP,2025-07-28T11:00:00Z,2025-07-28T10:48:01Z,0.6695,46.2056,46.2056,CV >= 30%
SNPP_20250728T124801_vs_HYPERNETS_20250728T131500_RHOW_pixel.csv,THFR_pixel,Hyp,SNPP,Hyp vs SNPP,2025-07-28T11:15:00Z,2025-07-28T10:48:01Z,0.7435,30.0428,30.0428,CV >= 30%
SNPP_20250803T123601_vs_HYPERNETS_20250803T121500_RHOW_pixel.csv,THFR_pixel,Hyp,SNPP,Hyp vs SNPP,2025-08-03T10:15:00Z,2025-08-03T10:36:01Z,NA,39.7065,-39.7065,CV >= 30%
SNPP_20250803T123601_vs_HYPERNETS_20250803T123000_RHOW_pixel.csv,THFR_pixel,Hyp,SNPP,Hyp vs SNPP,2025-08-03T10:30:00Z,2025-08-03T10:36:01Z,NA,39.0426,-39.0426,CV >= 30%
SNPP_20250803T123601_vs_HYPERNETS_20250803T124500_RHOW_pixel.csv,THFR_pixel,Hyp,SNPP,Hyp vs SNPP,2025-08-03T10:45:00Z,2025-08-03T10:36:01Z,NA,41.4219,-41.4219,CV >= 30%
SNPP_20250803T123601_vs_HYPERNETS_20250803T130000_RHOW_pixel.csv,THFR_pixel,Hyp,SNPP,Hyp vs SNPP,2025-08-03T11:00:00Z,2025-08-03T10:36:01Z,NA,36.7959,-36.7959,CV >= 30%
SNPP_20250808T124200_vs_HYPERNETS_20250808T121500_RHOW_pixel.csv,THFR_pixel,Hyp,SNPP,Hyp vs SNPP,2025-08-08T10:15:00Z,2025-08-08T10:42:00Z,NA,14.5076,4.3789,CV >= 30%
SNPP_20250808T124200_vs_HYPERNETS_20250808T123000_RHOW_pixel.csv,THFR_pixel,Hyp,SNPP,Hyp vs SNPP,2025-08-08T10:30:00Z,2025-08-08T10:42:00Z,NA,52.1801,52.1801,CV >= 30%
SNPP_20250808T124200_vs_HYPERNETS_20250808T124500_RHOW_pixel.csv,THFR_pixel,Hyp,SNPP,Hyp vs SNPP,2025-08-08T10:45:00Z,2025-08-08T10:42:00Z,NA,14.2229,7.6978,CV >= 30%
SNPP_20250808T124200_vs_HYPERNETS_20250808T130000_RHOW_pixel.csv,THFR_pixel,Hyp,SNPP,Hyp vs SNPP,2025-08-08T11:00:00Z,2025-08-08T10:42:00Z,NA,12.6339,8.9955,CV >= 30%
SNPP_20250813T124800_vs_HYPERNETS_20250813T123000_RHOW_pixel.csv,THFR_pixel,Hyp,SNPP,Hyp vs SNPP,2025-08-13T10:30:00Z,2025-08-13T10:48:00Z,NA,NA,NA,CV >= 30%
SNPP_20250813T124800_vs_HYPERNETS_20250813T124500_RHOW_pixel.csv,THFR_pixel,Hyp,SNPP,Hyp vs SNPP,2025-08-13T10:45:00Z,2025-08-13T10:48:00Z,NA,NA,NA,CV >= 30%
SNPP_20250813T124800_vs_HYPERNETS_20250813T130000_RHOW_pixel.csv,THFR_pixel,Hyp,SNPP,Hyp vs SNPP,2025-08-13T11:00:00Z,2025-08-13T10:48:00Z,NA,NA,NA,CV >= 30%
SNPP_20250813T124800_vs_HYPERNETS_20250813T131500_RHOW_pixel.csv,THFR_pixel,Hyp,SNPP,Hyp vs SNPP,2025-08-13T11:15:00Z,2025-08-13T10:48:00Z,NA,NA,NA,CV >= 30%
SNPP_20250905T121800_vs_HYPERNETS_20250905T120000_RHOW_pixel.csv,THFR_pixel,Hyp,SNPP,Hyp vs SNPP,2025-09-05T10:00:00Z,2025-09-05T10:18:00Z,1.0819,20.7627,-6.8354,CV >= 30%
SNPP_20250905T121800_vs_HYPERNETS_20250905T121500_RHOW_pixel.csv,THFR_pixel,Hyp,SNPP,Hyp vs SNPP,2025-09-05T10:15:00Z,2025-09-05T10:18:00Z,1.0736,19.7344,-8.9852,CV >= 30%
SNPP_20250905T121800_vs_HYPERNETS_20250905T123000_RHOW_pixel.csv,THFR_pixel,Hyp,SNPP,Hyp vs SNPP,2025-09-05T10:30:00Z,2025-09-05T10:18:00Z,1.056,19.7195,-10.652,CV >= 30%
SNPP_20250905T121800_vs_HYPERNETS_20250905T124500_RHOW_pixel.csv,THFR_pixel,Hyp,SNPP,Hyp vs SNPP,2025-09-05T10:45:00Z,2025-09-05T10:18:00Z,1.0579,19.5867,-6.603,CV >= 30%
SNPP_20250906T120000_vs_HYPERNETS_20250906T113000_RHOW_pixel.csv,THFR_pixel,Hyp,SNPP,Hyp vs SNPP,2025-09-06T09:30:00Z,2025-09-06T10:00:00Z,NA,NA,NA,CV >= 30%
SNPP_20250910T122401_vs_HYPERNETS_20250910T123000_RHOW_pixel.csv,THFR_pixel,Hyp,SNPP,Hyp vs SNPP,2025-09-10T10:30:00Z,2025-09-10T10:24:01Z,NA,85.6213,-85.6213,CV >= 30%
SNPP_20250919T130000_vs_HYPERNETS_20250919T123000_RHOW_pixel.csv,THFR_pixel,Hyp,SNPP,Hyp vs SNPP,2025-09-19T10:30:00Z,2025-09-19T11:00:00Z,0.922,47.1559,-47.1559,CV >= 30%
SNPP_20250919T130000_vs_HYPERNETS_20250919T124500_RHOW_pixel.csv,THFR_pixel,Hyp,SNPP,Hyp vs SNPP,2025-09-19T10:45:00Z,2025-09-19T11:00:00Z,0.9196,55.4871,-55.4871,CV >= 30%
SNPP_20250919T130000_vs_HYPERNETS_20250919T130000_RHOW_pixel.csv,THFR_pixel,Hyp,SNPP,Hyp vs SNPP,2025-09-19T11:00:00Z,2025-09-19T11:00:00Z,0.9639,56.7264,-56.7264,CV >= 30%
SNPP_20250922T120000_vs_HYPERNETS_20250922T113000_RHOW_pixel.csv,THFR_pixel,Hyp,SNPP,Hyp vs SNPP,2025-09-22T09:30:00Z,2025-09-22T10:00:00Z,0.74,31.8569,-31.8569,CV >= 30%
SNPP_20250922T120000_vs_HYPERNETS_20250922T114500_RHOW_pixel.csv,THFR_pixel,Hyp,SNPP,Hyp vs SNPP,2025-09-22T09:45:00Z,2025-09-22T10:00:00Z,0.7376,36.4851,-36.4851,CV >= 30%
SNPP_20250922T120000_vs_HYPERNETS_20250922T120000_RHOW_pixel.csv,THFR_pixel,Hyp,SNPP,Hyp vs SNPP,2025-09-22T10:00:00Z,2025-09-22T10:00:00Z,0.7481,29.7742,-29.7742,CV >= 30%
SNPP_20250922T120000_vs_HYPERNETS_20250922T121500_RHOW_pixel.csv,THFR_pixel,Hyp,SNPP,Hyp vs SNPP,2025-09-22T10:15:00Z,2025-09-22T10:00:00Z,0.7617,27.1356,-27.1356,CV >= 30%
SNPP_20250922T120000_vs_HYPERNETS_20250922T123000_RHOW_pixel.csv,THFR_pixel,Hyp,SNPP,Hyp vs SNPP,2025-09-22T10:30:00Z,2025-09-22T10:00:00Z,0.7559,30.3304,-30.3304,CV >= 30%
SNPP_20250925T124801_vs_HYPERNETS_20250925T124500_RHOW_pixel.csv,THFR_pixel,Hyp,SNPP,Hyp vs SNPP,2025-09-25T10:45:00Z,2025-09-25T10:48:01Z,1.0063,27.5273,-27.5273,CV >= 30%
SNPP_20250925T124801_vs_HYPERNETS_20250925T130000_RHOW_pixel.csv,THFR_pixel,Hyp,SNPP,Hyp vs SNPP,2025-09-25T11:00:00Z,2025-09-25T10:48:01Z,1.0199,25.9462,-25.9462,CV >= 30%
SNPP_20250925T124801_vs_HYPERNETS_20250925T131500_RHOW_pixel.csv,THFR_pixel,Hyp,SNPP,Hyp vs SNPP,2025-09-25T11:15:00Z,2025-09-25T10:48:01Z,1.0444,26.1277,-26.1277,CV >= 30%
SNPP_20250930T125400_vs_HYPERNETS_20250930T123000_RHOW_pixel.csv,THFR_pixel,Hyp,SNPP,Hyp vs SNPP,2025-09-30T10:30:00Z,2025-09-30T10:54:00Z,NA,111.1683,-111.1683,CV >= 30%
SNPP_20250930T125400_vs_HYPERNETS_20250930T124500_RHOW_pixel.csv,THFR_pixel,Hyp,SNPP,Hyp vs SNPP,2025-09-30T10:45:00Z,2025-09-30T10:54:00Z,NA,106.7496,-106.7496,CV >= 30%
SNPP_20250930T125400_vs_HYPERNETS_20250930T130000_RHOW_pixel.csv,THFR_pixel,Hyp,SNPP,Hyp vs SNPP,2025-09-30T11:00:00Z,2025-09-30T10:54:00Z,NA,100.3144,-100.3144,CV >= 30%
SNPP_20250930T125400_vs_HYPERNETS_20250930T131500_RHOW_pixel.csv,THFR_pixel,Hyp,SNPP,Hyp vs SNPP,2025-09-30T11:15:00Z,2025-09-30T10:54:00Z,NA,108.8229,-108.8229,CV >= 30%
SNPP_20251002T121201_vs_HYPERNETS_20251002T114500_RHOW_pixel.csv,THFR_pixel,Hyp,SNPP,Hyp vs SNPP,2025-10-02T09:45:00Z,2025-10-02T10:12:01Z,NA,100.7881,-100.7881,CV >= 30%
SNPP_20251002T121201_vs_HYPERNETS_20251002T120000_RHOW_pixel.csv,THFR_pixel,Hyp,SNPP,Hyp vs SNPP,2025-10-02T10:00:00Z,2025-10-02T10:12:01Z,NA,98.6913,-98.6913,CV >= 30%
SNPP_20251002T121201_vs_HYPERNETS_20251002T121500_RHOW_pixel.csv,THFR_pixel,Hyp,SNPP,Hyp vs SNPP,2025-10-02T10:15:00Z,2025-10-02T10:12:01Z,NA,107.7884,-107.7884,CV >= 30%
SNPP_20251002T121201_vs_HYPERNETS_20251002T123000_RHOW_pixel.csv,THFR_pixel,Hyp,SNPP,Hyp vs SNPP,2025-10-02T10:30:00Z,2025-10-02T10:12:01Z,NA,101.1033,-101.1033,CV >= 30%
SNPP_20251011T124801_vs_HYPERNETS_20251011T123000_RHOW_pixel.csv,THFR_pixel,Hyp,SNPP,Hyp vs SNPP,2025-10-11T10:30:00Z,2025-10-11T10:48:01Z,0.7012,102.3474,-102.3474,CV >= 30%
SNPP_20251011T124801_vs_HYPERNETS_20251011T124500_RHOW_pixel.csv,THFR_pixel,Hyp,SNPP,Hyp vs SNPP,2025-10-11T10:45:00Z,2025-10-11T10:48:01Z,0.7174,108.1137,-108.1137,CV >= 30%
SNPP_20251011T124801_vs_HYPERNETS_20251011T130000_RHOW_pixel.csv,THFR_pixel,Hyp,SNPP,Hyp vs SNPP,2025-10-11T11:00:00Z,2025-10-11T10:48:01Z,0.6862,93.9791,-93.9791,CV >= 30%
SNPP_20251011T124801_vs_HYPERNETS_20251011T131500_RHOW_pixel.csv,THFR_pixel,Hyp,SNPP,Hyp vs SNPP,2025-10-11T11:15:00Z,2025-10-11T10:48:01Z,0.6885,118.3099,-118.3099,CV >= 30%
SNPP_20251012T122401_vs_HYPERNETS_20251012T120000_RHOW_pixel.csv,THFR_pixel,Hyp,SNPP,Hyp vs SNPP,2025-10-12T10:00:00Z,2025-10-12T10:24:01Z,NA,143.4034,-143.4034,CV >= 30%
SNPP_20251012T122401_vs_HYPERNETS_20251012T121500_RHOW_pixel.csv,THFR_pixel,Hyp,SNPP,Hyp vs SNPP,2025-10-12T10:15:00Z,2025-10-12T10:24:01Z,NA,143.1221,-143.1221,CV >= 30%
SNPP_20251012T122401_vs_HYPERNETS_20251012T123000_RHOW_pixel.csv,THFR_pixel,Hyp,SNPP,Hyp vs SNPP,2025-10-12T10:30:00Z,2025-10-12T10:24:01Z,NA,132.4454,-132.4454,CV >= 30%
SNPP_20251013T120601_vs_HYPERNETS_20251013T114500_RHOW_pixel.csv,THFR_pixel,Hyp,SNPP,Hyp vs SNPP,2025-10-13T09:45:00Z,2025-10-13T10:06:01Z,NA,NA,NA,CV >= 30%
SNPP_20251013T120601_vs_HYPERNETS_20251013T120000_RHOW_pixel.csv,THFR_pixel,Hyp,SNPP,Hyp vs SNPP,2025-10-13T10:00:00Z,2025-10-13T10:06:01Z,NA,NA,NA,CV >= 30%
SNPP_20251013T120601_vs_HYPERNETS_20251013T121500_RHOW_pixel.csv,THFR_pixel,Hyp,SNPP,Hyp vs SNPP,2025-10-13T10:15:00Z,2025-10-13T10:06:01Z,NA,NA,NA,CV >= 30%
SNPP_20251013T120601_vs_HYPERNETS_20251013T123000_RHOW_pixel.csv,THFR_pixel,Hyp,SNPP,Hyp vs SNPP,2025-10-13T10:30:00Z,2025-10-13T10:06:01Z,NA,NA,NA,CV >= 30%
SNPP_20251023T121801_vs_HYPERNETS_20251023T120000_RHOW_pixel.csv,THFR_pixel,Hyp,SNPP,Hyp vs SNPP,2025-10-23T10:00:00Z,2025-10-23T10:18:01Z,0.8341,73.2562,-73.2562,CV >= 30%
SNPP_20251023T121801_vs_HYPERNETS_20251023T121500_RHOW_pixel.csv,THFR_pixel,Hyp,SNPP,Hyp vs SNPP,2025-10-23T10:15:00Z,2025-10-23T10:18:01Z,0.8301,83.3523,-83.3523,CV >= 30%
SNPP_20251023T121801_vs_HYPERNETS_20251023T123000_RHOW_pixel.csv,THFR_pixel,Hyp,SNPP,Hyp vs SNPP,2025-10-23T10:30:00Z,2025-10-23T10:18:01Z,0.8045,78.0494,-78.0494,CV >= 30%
SNPP_20251026T130600_vs_HYPERNETS_20251026T124500_RHOW_pixel.csv,THFR_pixel,Hyp,SNPP,Hyp vs SNPP,2025-10-26T11:45:00Z,2025-10-26T12:06:00Z,0.6728,130.1166,-130.1166,CV >= 30%
SNPP_20251026T130600_vs_HYPERNETS_20251026T130000_RHOW_pixel.csv,THFR_pixel,Hyp,SNPP,Hyp vs SNPP,2025-10-26T12:00:00Z,2025-10-26T12:06:00Z,0.6665,160.1013,-160.1013,CV >= 30%
SNPP_20251026T130600_vs_HYPERNETS_20251026T131500_RHOW_pixel.csv,THFR_pixel,Hyp,SNPP,Hyp vs SNPP,2025-10-26T12:15:00Z,2025-10-26T12:06:00Z,0.6606,128.4063,-128.4063,CV >= 30%
SNPP_20251026T130600_vs_HYPERNETS_20251026T133000_RHOW_pixel.csv,THFR_pixel,Hyp,SNPP,Hyp vs SNPP,2025-10-26T12:30:00Z,2025-10-26T12:06:00Z,0.6588,134.4952,-134.4952,CV >= 30%
SNPP_20251027T124800_vs_HYPERNETS_20251027T123000_RHOW_pixel.csv,THFR_pixel,Hyp,SNPP,Hyp vs SNPP,2025-10-27T11:30:00Z,2025-10-27T11:48:00Z,0.8329,59.3391,-59.3391,CV >= 30%
SNPP_20251027T124800_vs_HYPERNETS_20251027T124500_RHOW_pixel.csv,THFR_pixel,Hyp,SNPP,Hyp vs SNPP,2025-10-27T11:45:00Z,2025-10-27T11:48:00Z,0.8339,55.8893,-55.8893,CV >= 30%
SNPP_20251027T124800_vs_HYPERNETS_20251027T130000_RHOW_pixel.csv,THFR_pixel,Hyp,SNPP,Hyp vs SNPP,2025-10-27T12:00:00Z,2025-10-27T11:48:00Z,0.8759,32.1496,-32.1496,CV >= 30%
SNPP_20251027T124800_vs_HYPERNETS_20251027T131500_RHOW_pixel.csv,THFR_pixel,Hyp,SNPP,Hyp vs SNPP,2025-10-27T12:15:00Z,2025-10-27T11:48:00Z,0.8756,42.7108,-42.7108,CV >= 30%
SNPP_20251028T123001_vs_HYPERNETS_20251028T120000_RHOW_pixel.csv,THFR_pixel,Hyp,SNPP,Hyp vs SNPP,2025-10-28T11:00:00Z,2025-10-28T11:30:01Z,0.7887,84.4295,-84.4295,CV >= 30%
SNPP_20251028T123001_vs_HYPERNETS_20251028T121500_RHOW_pixel.csv,THFR_pixel,Hyp,SNPP,Hyp vs SNPP,2025-10-28T11:15:00Z,2025-10-28T11:30:01Z,0.7747,93.1354,-93.1354,CV >= 30%
SNPP_20251028T123001_vs_HYPERNETS_20251028T124500_RHOW_pixel.csv,THFR_pixel,Hyp,SNPP,Hyp vs SNPP,2025-10-28T11:45:00Z,2025-10-28T11:30:01Z,0.7207,120.3692,-120.3692,CV >= 30%
SNPP_20251028T123001_vs_HYPERNETS_20251028T130000_RHOW_pixel.csv,THFR_pixel,Hyp,SNPP,Hyp vs SNPP,2025-10-28T12:00:00Z,2025-10-28T11:30:01Z,0.7131,124.8249,-124.8249,CV >= 30%
SNPP_20251103T121200_vs_HYPERNETS_20251103T114500_RHOW_pixel.csv,THFR_pixel,Hyp,SNPP,Hyp vs SNPP,2025-11-03T10:45:00Z,2025-11-03T11:12:00Z,NA,101.043,-101.043,CV >= 30%
SNPP_20251103T121200_vs_HYPERNETS_20251103T120000_RHOW_pixel.csv,THFR_pixel,Hyp,SNPP,Hyp vs SNPP,2025-11-03T11:00:00Z,2025-11-03T11:12:00Z,NA,96.8492,-96.8492,CV >= 30%
SNPP_20251103T121200_vs_HYPERNETS_20251103T121500_RHOW_pixel.csv,THFR_pixel,Hyp,SNPP,Hyp vs SNPP,2025-11-03T11:15:00Z,2025-11-03T11:12:00Z,NA,91.8074,-91.8074,CV >= 30%
SNPP_20251103T121200_vs_HYPERNETS_20251103T123000_RHOW_pixel.csv,THFR_pixel,Hyp,SNPP,Hyp vs SNPP,2025-11-03T11:30:00Z,2025-11-03T11:12:00Z,NA,95.4989,-95.4989,CV >= 30%
SNPP_20251107T124201_vs_HYPERNETS_20251107T121500_RHOW_pixel.csv,THFR_pixel,Hyp,SNPP,Hyp vs SNPP,2025-11-07T11:15:00Z,2025-11-07T11:42:01Z,0.8777,90.651,-90.651,CV >= 30%
SNPP_20251107T124201_vs_HYPERNETS_20251107T123000_RHOW_pixel.csv,THFR_pixel,Hyp,SNPP,Hyp vs SNPP,2025-11-07T11:30:00Z,2025-11-07T11:42:01Z,0.8573,95.0662,-95.0662,CV >= 30%
SNPP_20251107T124201_vs_HYPERNETS_20251107T124500_RHOW_pixel.csv,THFR_pixel,Hyp,SNPP,Hyp vs SNPP,2025-11-07T11:45:00Z,2025-11-07T11:42:01Z,0.817,88.4657,-88.4657,CV >= 30%
SNPP_20251107T124201_vs_HYPERNETS_20251107T130000_RHOW_pixel.csv,THFR_pixel,Hyp,SNPP,Hyp vs SNPP,2025-11-07T12:00:00Z,2025-11-07T11:42:01Z,0.8027,84.8865,-84.8865,CV >= 30%
SNPP_20251108T122401_vs_HYPERNETS_20251108T123000_RHOW_pixel.csv,THFR_pixel,Hyp,SNPP,Hyp vs SNPP,2025-11-08T11:30:00Z,2025-11-08T11:24:01Z,-0.2474,70.0091,-57.1829,CV >= 30%
SNPP_20251108T122401_vs_HYPERNETS_20251108T124500_RHOW_pixel.csv,THFR_pixel,Hyp,SNPP,Hyp vs SNPP,2025-11-08T11:45:00Z,2025-11-08T11:24:01Z,-0.2473,76.8445,-48.0423,CV >= 30%
SNPP_20251109T120001_vs_HYPERNETS_20251109T113000_RHOW_pixel.csv,THFR_pixel,Hyp,SNPP,Hyp vs SNPP,2025-11-09T10:30:00Z,2025-11-09T11:00:01Z,0.7334,48.8533,-48.8533,CV >= 30%
SNPP_20251109T120001_vs_HYPERNETS_20251109T114500_RHOW_pixel.csv,THFR_pixel,Hyp,SNPP,Hyp vs SNPP,2025-11-09T10:45:00Z,2025-11-09T11:00:01Z,0.729,48.7679,-48.7679,CV >= 30%
SNPP_20251109T120001_vs_HYPERNETS_20251109T120000_RHOW_pixel.csv,THFR_pixel,Hyp,SNPP,Hyp vs SNPP,2025-11-09T11:00:00Z,2025-11-09T11:00:01Z,0.7306,52.9474,-52.9474,CV >= 30%
SNPP_20251109T120001_vs_HYPERNETS_20251109T121500_RHOW_pixel.csv,THFR_pixel,Hyp,SNPP,Hyp vs SNPP,2025-11-09T11:15:00Z,2025-11-09T11:00:01Z,0.739,48.0804,-48.0804,CV >= 30%
SNPP_20251109T120001_vs_HYPERNETS_20251109T123000_RHOW_pixel.csv,THFR_pixel,Hyp,SNPP,Hyp vs SNPP,2025-11-09T11:30:00Z,2025-11-09T11:00:01Z,0.7547,40.7925,-39.1909,CV >= 30%
SNPP_20251117T125401_vs_HYPERNETS_20251117T123100_RHOW_pixel.csv,THFR_pixel,Hyp,SNPP,Hyp vs SNPP,2025-11-17T11:31:00Z,2025-11-17T11:54:01Z,NA,84.1856,-84.1856,CV >= 30%
SNPP_20251117T125401_vs_HYPERNETS_20251117T124500_RHOW_pixel.csv,THFR_pixel,Hyp,SNPP,Hyp vs SNPP,2025-11-17T11:45:00Z,2025-11-17T11:54:01Z,NA,82.2681,-82.2681,CV >= 30%
SNPP_20251117T125401_vs_HYPERNETS_20251117T131500_RHOW_pixel.csv,THFR_pixel,Hyp,SNPP,Hyp vs SNPP,2025-11-17T12:15:00Z,2025-11-17T11:54:01Z,NA,78.9228,-78.9228,CV >= 30%
SNPP_20251122T130000_vs_HYPERNETS_20251122T123000_RHOW_pixel.csv,THFR_pixel,Hyp,SNPP,Hyp vs SNPP,2025-11-22T11:30:00Z,2025-11-22T12:00:00Z,NA,50.7949,-50.7949,CV >= 30%
SNPP_20251122T130000_vs_HYPERNETS_20251122T124500_RHOW_pixel.csv,THFR_pixel,Hyp,SNPP,Hyp vs SNPP,2025-11-22T11:45:00Z,2025-11-22T12:00:00Z,NA,48.496,-48.496,CV >= 30%
SNPP_20251122T130000_vs_HYPERNETS_20251122T130000_RHOW_pixel.csv,THFR_pixel,Hyp,SNPP,Hyp vs SNPP,2025-11-22T12:00:00Z,2025-11-22T12:00:00Z,NA,44.8812,-43.6145,CV >= 30%
SNPP_20251122T130000_vs_HYPERNETS_20251122T131500_RHOW_pixel.csv,THFR_pixel,Hyp,SNPP,Hyp vs SNPP,2025-11-22T12:15:00Z,2025-11-22T12:00:00Z,NA,46.1676,-44.3836,CV >= 30%
SNPP_20251122T130000_vs_HYPERNETS_20251122T133000_RHOW_pixel.csv,THFR_pixel,Hyp,SNPP,Hyp vs SNPP,2025-11-22T12:30:00Z,2025-11-22T12:00:00Z,NA,42.842,-29.3676,CV >= 30%
SNPP_20251127T130601_vs_HYPERNETS_20251127T124500_RHOW_pixel.csv,THFR_pixel,Hyp,SNPP,Hyp vs SNPP,2025-11-27T11:45:00Z,2025-11-27T12:06:01Z,NA,11.8848,-11.8848,CV >= 30%
SNPP_20251127T130601_vs_HYPERNETS_20251127T130000_RHOW_pixel.csv,THFR_pixel,Hyp,SNPP,Hyp vs SNPP,2025-11-27T12:00:00Z,2025-11-27T12:06:01Z,NA,3.2212,-3.2212,CV >= 30%
SNPP_20251127T130601_vs_HYPERNETS_20251127T131500_RHOW_pixel.csv,THFR_pixel,Hyp,SNPP,Hyp vs SNPP,2025-11-27T12:15:00Z,2025-11-27T12:06:01Z,NA,11.2937,-11.2937,CV >= 30%
SNPP_20251127T130601_vs_HYPERNETS_20251127T133000_RHOW_pixel.csv,THFR_pixel,Hyp,SNPP,Hyp vs SNPP,2025-11-27T12:30:00Z,2025-11-27T12:06:01Z,NA,6.0579,6.0579,CV >= 30%
SNPP_20251129T123000_vs_HYPERNETS_20251129T120000_RHOW_pixel.csv,THFR_pixel,Hyp,SNPP,Hyp vs SNPP,2025-11-29T11:00:00Z,2025-11-29T11:30:00Z,0.6099,139.2776,-139.2776,CV >= 30%
SNPP_20251129T123000_vs_HYPERNETS_20251129T121500_RHOW_pixel.csv,THFR_pixel,Hyp,SNPP,Hyp vs SNPP,2025-11-29T11:15:00Z,2025-11-29T11:30:00Z,0.6055,134.4655,-134.4655,CV >= 30%
SNPP_20251129T123000_vs_HYPERNETS_20251129T123000_RHOW_pixel.csv,THFR_pixel,Hyp,SNPP,Hyp vs SNPP,2025-11-29T11:30:00Z,2025-11-29T11:30:00Z,0.6044,130.1074,-130.1074,CV >= 30%
SNPP_20251129T123000_vs_HYPERNETS_20251129T124500_RHOW_pixel.csv,THFR_pixel,Hyp,SNPP,Hyp vs SNPP,2025-11-29T11:45:00Z,2025-11-29T11:30:00Z,0.5987,131.5056,-131.5056,CV >= 30%
SNPP_20251205T121801_vs_HYPERNETS_20251205T120000_RHOW_pixel.csv,THFR_pixel,Hyp,SNPP,Hyp vs SNPP,2025-12-05T11:00:00Z,2025-12-05T11:18:01Z,NA,49.9947,-49.9947,CV >= 30%
SNPP_20251205T121801_vs_HYPERNETS_20251205T121500_RHOW_pixel.csv,THFR_pixel,Hyp,SNPP,Hyp vs SNPP,2025-12-05T11:15:00Z,2025-12-05T11:18:01Z,NA,43.0981,-43.0981,CV >= 30%
SNPP_20251205T121801_vs_HYPERNETS_20251205T124500_RHOW_pixel.csv,THFR_pixel,Hyp,SNPP,Hyp vs SNPP,2025-12-05T11:45:00Z,2025-12-05T11:18:01Z,NA,44.0353,-44.0353,CV >= 30%
SNPP_20251208T130001_vs_HYPERNETS_20251208T123000_RHOW_pixel.csv,THFR_pixel,Hyp,SNPP,Hyp vs SNPP,2025-12-08T11:30:00Z,2025-12-08T12:00:01Z,NA,152.3365,-152.3365,CV >= 30%
SNPP_20251208T130001_vs_HYPERNETS_20251208T124500_RHOW_pixel.csv,THFR_pixel,Hyp,SNPP,Hyp vs SNPP,2025-12-08T11:45:00Z,2025-12-08T12:00:01Z,NA,128.109,-128.109,CV >= 30%
SNPP_20251208T130001_vs_HYPERNETS_20251208T130000_RHOW_pixel.csv,THFR_pixel,Hyp,SNPP,Hyp vs SNPP,2025-12-08T12:00:00Z,2025-12-08T12:00:01Z,NA,154.7206,-154.7206,CV >= 30%
SNPP_20251208T130001_vs_HYPERNETS_20251208T131500_RHOW_pixel.csv,THFR_pixel,Hyp,SNPP,Hyp vs SNPP,2025-12-08T12:15:00Z,2025-12-08T12:00:01Z,NA,141.8203,-141.8203,CV >= 30%
SNPP_20251208T130001_vs_HYPERNETS_20251208T133000_RHOW_pixel.csv,THFR_pixel,Hyp,SNPP,Hyp vs SNPP,2025-12-08T12:30:00Z,2025-12-08T12:00:01Z,NA,122.6214,-122.6214,CV >= 30%
JPSS1_20250203T125400_vs_HYPERNETS_20250203T123000_RHOW_pixel.csv,THFR_pixel,Hyp,JPSS1,Hyp vs JPSS1,2025-02-03T11:30:00Z,2025-02-03T11:54:00Z,NA,NA,NA,CV >= 30%
JPSS1_20250203T125400_vs_HYPERNETS_20250203T124500_RHOW_pixel.csv,THFR_pixel,Hyp,JPSS1,Hyp vs JPSS1,2025-02-03T11:45:00Z,2025-02-03T11:54:00Z,NA,NA,NA,CV >= 30%
JPSS1_20250203T125400_vs_HYPERNETS_20250203T130000_RHOW_pixel.csv,THFR_pixel,Hyp,JPSS1,Hyp vs JPSS1,2025-02-03T12:00:00Z,2025-02-03T11:54:00Z,NA,NA,NA,CV >= 30%
JPSS1_20250203T125400_vs_HYPERNETS_20250203T131500_RHOW_pixel.csv,THFR_pixel,Hyp,JPSS1,Hyp vs JPSS1,2025-02-03T12:15:00Z,2025-02-03T11:54:00Z,NA,NA,NA,CV >= 30%
JPSS1_20250204T123601_vs_HYPERNETS_20250204T121500_RHOW_pixel.csv,THFR_pixel,Hyp,JPSS1,Hyp vs JPSS1,2025-02-04T11:15:00Z,2025-02-04T11:36:01Z,NA,NA,NA,CV >= 30%
JPSS1_20250204T123601_vs_HYPERNETS_20250204T123000_RHOW_pixel.csv,THFR_pixel,Hyp,JPSS1,Hyp vs JPSS1,2025-02-04T11:30:00Z,2025-02-04T11:36:01Z,NA,NA,NA,CV >= 30%
JPSS1_20250204T123601_vs_HYPERNETS_20250204T124500_RHOW_pixel.csv,THFR_pixel,Hyp,JPSS1,Hyp vs JPSS1,2025-02-04T11:45:00Z,2025-02-04T11:36:01Z,NA,NA,NA,CV >= 30%
JPSS1_20250204T123601_vs_HYPERNETS_20250204T130000_RHOW_pixel.csv,THFR_pixel,Hyp,JPSS1,Hyp vs JPSS1,2025-02-04T12:00:00Z,2025-02-04T11:36:01Z,NA,NA,NA,CV >= 30%
JPSS1_20250215T123000_vs_HYPERNETS_20250215T120000_RHOW_pixel.csv,THFR_pixel,Hyp,JPSS1,Hyp vs JPSS1,2025-02-15T11:00:00Z,2025-02-15T11:30:00Z,NA,164.4082,-164.4082,CV >= 30%
JPSS1_20250215T123000_vs_HYPERNETS_20250215T121500_RHOW_pixel.csv,THFR_pixel,Hyp,JPSS1,Hyp vs JPSS1,2025-02-15T11:15:00Z,2025-02-15T11:30:00Z,NA,171.4583,-171.4583,CV >= 30%
JPSS1_20250215T123000_vs_HYPERNETS_20250215T123000_RHOW_pixel.csv,THFR_pixel,Hyp,JPSS1,Hyp vs JPSS1,2025-02-15T11:30:00Z,2025-02-15T11:30:00Z,NA,177.5243,-177.5243,CV >= 30%
JPSS1_20250215T123000_vs_HYPERNETS_20250215T124500_RHOW_pixel.csv,THFR_pixel,Hyp,JPSS1,Hyp vs JPSS1,2025-02-15T11:45:00Z,2025-02-15T11:30:00Z,NA,180.7082,-180.7082,CV >= 30%
JPSS1_20250215T123000_vs_HYPERNETS_20250215T130000_RHOW_pixel.csv,THFR_pixel,Hyp,JPSS1,Hyp vs JPSS1,2025-02-15T12:00:00Z,2025-02-15T11:30:00Z,NA,207.3145,-207.3145,CV >= 30%
JPSS1_20250703T124201_vs_HYPERNETS_20250703T121500_RHOW_pixel.csv,THFR_pixel,Hyp,JPSS1,Hyp vs JPSS1,2025-07-03T10:15:00Z,2025-07-03T10:42:01Z,NA,103.5868,-103.5868,CV >= 30%
JPSS1_20250703T124201_vs_HYPERNETS_20250703T123000_RHOW_pixel.csv,THFR_pixel,Hyp,JPSS1,Hyp vs JPSS1,2025-07-03T10:30:00Z,2025-07-03T10:42:01Z,NA,102.8391,-102.8391,CV >= 30%
JPSS1_20250703T124201_vs_HYPERNETS_20250703T124500_RHOW_pixel.csv,THFR_pixel,Hyp,JPSS1,Hyp vs JPSS1,2025-07-03T10:45:00Z,2025-07-03T10:42:01Z,NA,100.252,-100.252,CV >= 30%
JPSS1_20250703T124201_vs_HYPERNETS_20250703T130000_RHOW_pixel.csv,THFR_pixel,Hyp,JPSS1,Hyp vs JPSS1,2025-07-03T11:00:00Z,2025-07-03T10:42:01Z,NA,89.9066,-89.9066,CV >= 30%
JPSS1_20250708T124800_vs_HYPERNETS_20250708T123000_RHOW_pixel.csv,THFR_pixel,Hyp,JPSS1,Hyp vs JPSS1,2025-07-08T10:30:00Z,2025-07-08T10:48:00Z,0.9849,246.2812,-246.2812,CV >= 30%
JPSS1_20250708T124800_vs_HYPERNETS_20250708T124500_RHOW_pixel.csv,THFR_pixel,Hyp,JPSS1,Hyp vs JPSS1,2025-07-08T10:45:00Z,2025-07-08T10:48:00Z,0.9784,244.2391,-244.2391,CV >= 30%
JPSS1_20250708T124800_vs_HYPERNETS_20250708T130000_RHOW_pixel.csv,THFR_pixel,Hyp,JPSS1,Hyp vs JPSS1,2025-07-08T11:00:00Z,2025-07-08T10:48:00Z,1.0168,218.9837,-218.9837,CV >= 30%
JPSS1_20250708T124800_vs_HYPERNETS_20250708T131500_RHOW_pixel.csv,THFR_pixel,Hyp,JPSS1,Hyp vs JPSS1,2025-07-08T11:15:00Z,2025-07-08T10:48:00Z,1.0489,212.4963,-212.4963,CV >= 30%
JPSS1_20250713T125400_vs_HYPERNETS_20250713T123000_RHOW_pixel.csv,THFR_pixel,Hyp,JPSS1,Hyp vs JPSS1,2025-07-13T10:30:00Z,2025-07-13T10:54:00Z,1.2358,19.2249,-19.2249,CV >= 30%
JPSS1_20250713T125400_vs_HYPERNETS_20250713T124500_RHOW_pixel.csv,THFR_pixel,Hyp,JPSS1,Hyp vs JPSS1,2025-07-13T10:45:00Z,2025-07-13T10:54:00Z,1.2614,17.7675,-5.3429,CV >= 30%
JPSS1_20250713T125400_vs_HYPERNETS_20250713T130000_RHOW_pixel.csv,THFR_pixel,Hyp,JPSS1,Hyp vs JPSS1,2025-07-13T11:00:00Z,2025-07-13T10:54:00Z,1.2756,16.3302,-14.0969,CV >= 30%
JPSS1_20250713T125400_vs_HYPERNETS_20250713T131500_RHOW_pixel.csv,THFR_pixel,Hyp,JPSS1,Hyp vs JPSS1,2025-07-13T11:15:00Z,2025-07-13T10:54:00Z,1.3178,18.587,-16.3367,CV >= 30%
JPSS1_20250716T120001_vs_HYPERNETS_20250716T113000_RHOW_pixel.csv,THFR_pixel,Hyp,JPSS1,Hyp vs JPSS1,2025-07-16T09:30:00Z,2025-07-16T10:00:01Z,0.9848,32.6665,-32.6665,CV >= 30%
JPSS1_20250717T131801_vs_HYPERNETS_20250717T134500_RHOW_pixel.csv,THFR_pixel,Hyp,JPSS1,Hyp vs JPSS1,2025-07-17T11:45:00Z,2025-07-17T11:18:01Z,1.0887,144.0428,-144.0428,CV >= 30%
JPSS1_20250720T122400_vs_HYPERNETS_20250720T120000_RHOW_pixel.csv,THFR_pixel,Hyp,JPSS1,Hyp vs JPSS1,2025-07-20T10:00:00Z,2025-07-20T10:24:00Z,1.0345,65.0564,-65.0564,CV >= 30%
JPSS1_20250720T122400_vs_HYPERNETS_20250720T121500_RHOW_pixel.csv,THFR_pixel,Hyp,JPSS1,Hyp vs JPSS1,2025-07-20T10:15:00Z,2025-07-20T10:24:00Z,1.0227,67.3436,-67.3436,CV >= 30%
JPSS1_20250720T122400_vs_HYPERNETS_20250720T123000_RHOW_pixel.csv,THFR_pixel,Hyp,JPSS1,Hyp vs JPSS1,2025-07-20T10:30:00Z,2025-07-20T10:24:00Z,0.9953,60.2791,-60.2791,CV >= 30%
JPSS1_20250720T122400_vs_HYPERNETS_20250720T124500_RHOW_pixel.csv,THFR_pixel,Hyp,JPSS1,Hyp vs JPSS1,2025-07-20T10:45:00Z,2025-07-20T10:24:00Z,0.9799,58.6872,-58.6872,CV >= 30%
JPSS1_20250726T121200_vs_HYPERNETS_20250726T114500_RHOW_pixel.csv,THFR_pixel,Hyp,JPSS1,Hyp vs JPSS1,2025-07-26T09:45:00Z,2025-07-26T10:12:00Z,NA,22.7352,-22.7352,CV >= 30%
JPSS1_20250726T121200_vs_HYPERNETS_20250726T120000_RHOW_pixel.csv,THFR_pixel,Hyp,JPSS1,Hyp vs JPSS1,2025-07-26T10:00:00Z,2025-07-26T10:12:00Z,NA,144.5294,144.5294,CV >= 30%
JPSS1_20250726T121200_vs_HYPERNETS_20250726T121500_RHOW_pixel.csv,THFR_pixel,Hyp,JPSS1,Hyp vs JPSS1,2025-07-26T10:15:00Z,2025-07-26T10:12:00Z,NA,28.1761,-28.1761,CV >= 30%
JPSS1_20250726T121200_vs_HYPERNETS_20250726T123000_RHOW_pixel.csv,THFR_pixel,Hyp,JPSS1,Hyp vs JPSS1,2025-07-26T10:30:00Z,2025-07-26T10:12:00Z,NA,29.6553,-29.6553,CV >= 30%
JPSS1_20250730T123601_vs_HYPERNETS_20250730T121500_RHOW_pixel.csv,THFR_pixel,Hyp,JPSS1,Hyp vs JPSS1,2025-07-30T10:15:00Z,2025-07-30T10:36:01Z,1.2103,28.0218,-28.0218,CV >= 30%
JPSS1_20250730T123601_vs_HYPERNETS_20250730T123000_RHOW_pixel.csv,THFR_pixel,Hyp,JPSS1,Hyp vs JPSS1,2025-07-30T10:30:00Z,2025-07-30T10:36:01Z,1.2111,23.8386,-23.8386,CV >= 30%
JPSS1_20250730T123601_vs_HYPERNETS_20250730T124500_RHOW_pixel.csv,THFR_pixel,Hyp,JPSS1,Hyp vs JPSS1,2025-07-30T10:45:00Z,2025-07-30T10:36:01Z,1.1865,29.2924,-29.2924,CV >= 30%
JPSS1_20250730T123601_vs_HYPERNETS_20250730T130000_RHOW_pixel.csv,THFR_pixel,Hyp,JPSS1,Hyp vs JPSS1,2025-07-30T11:00:00Z,2025-07-30T10:36:01Z,1.1816,23.0853,-23.0853,CV >= 30%
JPSS1_20250803T130000_vs_HYPERNETS_20250803T133000_RHOW_pixel.csv,THFR_pixel,Hyp,JPSS1,Hyp vs JPSS1,2025-08-03T11:30:00Z,2025-08-03T11:00:00Z,NA,NA,NA,CV >= 30%
JPSS1_20250805T122401_vs_HYPERNETS_20250805T120000_RHOW_pixel.csv,THFR_pixel,Hyp,JPSS1,Hyp vs JPSS1,2025-08-05T10:00:00Z,2025-08-05T10:24:01Z,NA,19.3256,-3.2316,CV >= 30%
JPSS1_20250805T122401_vs_HYPERNETS_20250805T121500_RHOW_pixel.csv,THFR_pixel,Hyp,JPSS1,Hyp vs JPSS1,2025-08-05T10:15:00Z,2025-08-05T10:24:01Z,NA,19.2821,-1.9171,CV >= 30%
JPSS1_20250805T122401_vs_HYPERNETS_20250805T123000_RHOW_pixel.csv,THFR_pixel,Hyp,JPSS1,Hyp vs JPSS1,2025-08-05T10:30:00Z,2025-08-05T10:24:01Z,NA,19.5525,-4.4395,CV >= 30%
JPSS1_20250805T122401_vs_HYPERNETS_20250805T124500_RHOW_pixel.csv,THFR_pixel,Hyp,JPSS1,Hyp vs JPSS1,2025-08-05T10:45:00Z,2025-08-05T10:24:01Z,NA,19.6201,-4.8289,CV >= 30%
JPSS1_20250821T122400_vs_HYPERNETS_20250821T121500_RHOW_pixel.csv,THFR_pixel,Hyp,JPSS1,Hyp vs JPSS1,2025-08-21T10:15:00Z,2025-08-21T10:24:00Z,NA,52.6102,-52.6102,CV >= 30%
JPSS1_20250821T122400_vs_HYPERNETS_20250821T123000_RHOW_pixel.csv,THFR_pixel,Hyp,JPSS1,Hyp vs JPSS1,2025-08-21T10:30:00Z,2025-08-21T10:24:00Z,NA,46.7141,-46.7141,CV >= 30%
JPSS1_20250821T122400_vs_HYPERNETS_20250821T124500_RHOW_pixel.csv,THFR_pixel,Hyp,JPSS1,Hyp vs JPSS1,2025-08-21T10:45:00Z,2025-08-21T10:24:00Z,NA,47.3209,-47.3209,CV >= 30%
JPSS1_20250830T125401_vs_HYPERNETS_20250830T124500_RHOW_pixel.csv,THFR_pixel,Hyp,JPSS1,Hyp vs JPSS1,2025-08-30T10:45:00Z,2025-08-30T10:54:01Z,NA,64.1667,-64.1667,CV >= 30%
JPSS1_20250830T125401_vs_HYPERNETS_20250830T130000_RHOW_pixel.csv,THFR_pixel,Hyp,JPSS1,Hyp vs JPSS1,2025-08-30T11:00:00Z,2025-08-30T10:54:01Z,NA,62.9993,-62.9993,CV >= 30%
JPSS1_20250830T125401_vs_HYPERNETS_20250830T131500_RHOW_pixel.csv,THFR_pixel,Hyp,JPSS1,Hyp vs JPSS1,2025-08-30T11:15:00Z,2025-08-30T10:54:01Z,NA,59.948,-59.948,CV >= 30%
JPSS1_20250831T123601_vs_HYPERNETS_20250831T121500_RHOW_pixel.csv,THFR_pixel,Hyp,JPSS1,Hyp vs JPSS1,2025-08-31T10:15:00Z,2025-08-31T10:36:01Z,NA,131.8249,-131.8249,CV >= 30%
JPSS1_20250831T123601_vs_HYPERNETS_20250831T123000_RHOW_pixel.csv,THFR_pixel,Hyp,JPSS1,Hyp vs JPSS1,2025-08-31T10:30:00Z,2025-08-31T10:36:01Z,NA,136.5205,-136.5205,CV >= 30%
JPSS1_20250831T123601_vs_HYPERNETS_20250831T124500_RHOW_pixel.csv,THFR_pixel,Hyp,JPSS1,Hyp vs JPSS1,2025-08-31T10:45:00Z,2025-08-31T10:36:01Z,NA,128.1183,-128.1183,CV >= 30%
JPSS1_20250906T122401_vs_HYPERNETS_20250906T120000_RHOW_pixel.csv,THFR_pixel,Hyp,JPSS1,Hyp vs JPSS1,2025-09-06T10:00:00Z,2025-09-06T10:24:01Z,NA,25.1456,-25.1456,CV >= 30%
JPSS1_20250906T122401_vs_HYPERNETS_20250906T121500_RHOW_pixel.csv,THFR_pixel,Hyp,JPSS1,Hyp vs JPSS1,2025-09-06T10:15:00Z,2025-09-06T10:24:01Z,NA,23.4673,-23.4673,CV >= 30%
JPSS1_20250906T122401_vs_HYPERNETS_20250906T123000_RHOW_pixel.csv,THFR_pixel,Hyp,JPSS1,Hyp vs JPSS1,2025-09-06T10:30:00Z,2025-09-06T10:24:01Z,NA,27.5383,-27.5383,CV >= 30%
JPSS1_20250906T122401_vs_HYPERNETS_20250906T124500_RHOW_pixel.csv,THFR_pixel,Hyp,JPSS1,Hyp vs JPSS1,2025-09-06T10:45:00Z,2025-09-06T10:24:01Z,NA,24.0775,-24.0775,CV >= 30%
JPSS1_20250911T123000_vs_HYPERNETS_20250911T124500_RHOW_pixel.csv,THFR_pixel,Hyp,JPSS1,Hyp vs JPSS1,2025-09-11T10:45:00Z,2025-09-11T10:30:00Z,NA,286.7819,-286.7819,CV >= 30%
JPSS1_20250921T124200_vs_HYPERNETS_20250921T123000_RHOW_pixel.csv,THFR_pixel,Hyp,JPSS1,Hyp vs JPSS1,2025-09-21T10:30:00Z,2025-09-21T10:42:00Z,NA,130.2468,-130.2468,CV >= 30%
JPSS1_20250921T124200_vs_HYPERNETS_20250921T124500_RHOW_pixel.csv,THFR_pixel,Hyp,JPSS1,Hyp vs JPSS1,2025-09-21T10:45:00Z,2025-09-21T10:42:00Z,NA,119.2621,-119.2621,CV >= 30%
JPSS1_20250921T124200_vs_HYPERNETS_20250921T130000_RHOW_pixel.csv,THFR_pixel,Hyp,JPSS1,Hyp vs JPSS1,2025-09-21T11:00:00Z,2025-09-21T10:42:00Z,NA,122.7857,-122.7857,CV >= 30%
JPSS1_20250922T122400_vs_HYPERNETS_20250922T120000_RHOW_pixel.csv,THFR_pixel,Hyp,JPSS1,Hyp vs JPSS1,2025-09-22T10:00:00Z,2025-09-22T10:24:00Z,0.7933,128.3568,-128.3568,CV >= 30%
JPSS1_20250922T122400_vs_HYPERNETS_20250922T121500_RHOW_pixel.csv,THFR_pixel,Hyp,JPSS1,Hyp vs JPSS1,2025-09-22T10:15:00Z,2025-09-22T10:24:00Z,0.8081,126.1596,-126.1596,CV >= 30%
JPSS1_20250922T122400_vs_HYPERNETS_20250922T123000_RHOW_pixel.csv,THFR_pixel,Hyp,JPSS1,Hyp vs JPSS1,2025-09-22T10:30:00Z,2025-09-22T10:24:00Z,0.8004,130.7778,-130.7778,CV >= 30%
JPSS1_20250922T122400_vs_HYPERNETS_20250922T124500_RHOW_pixel.csv,THFR_pixel,Hyp,JPSS1,Hyp vs JPSS1,2025-09-22T10:45:00Z,2025-09-22T10:24:00Z,0.8065,124.5369,-124.5369,CV >= 30%
JPSS1_20251002T123601_vs_HYPERNETS_20251002T121500_RHOW_pixel.csv,THFR_pixel,Hyp,JPSS1,Hyp vs JPSS1,2025-10-02T10:15:00Z,2025-10-02T10:36:01Z,NA,168.5212,-168.5212,CV >= 30%
JPSS1_20251002T123601_vs_HYPERNETS_20251002T123000_RHOW_pixel.csv,THFR_pixel,Hyp,JPSS1,Hyp vs JPSS1,2025-10-02T10:30:00Z,2025-10-02T10:36:01Z,NA,159.8355,-159.8355,CV >= 30%
JPSS1_20251002T123601_vs_HYPERNETS_20251002T124500_RHOW_pixel.csv,THFR_pixel,Hyp,JPSS1,Hyp vs JPSS1,2025-10-02T10:45:00Z,2025-10-02T10:36:01Z,NA,154.5468,-154.5468,CV >= 30%
JPSS1_20251002T123601_vs_HYPERNETS_20251002T130000_RHOW_pixel.csv,THFR_pixel,Hyp,JPSS1,Hyp vs JPSS1,2025-10-02T11:00:00Z,2025-10-02T10:36:01Z,NA,147.0774,-147.0774,CV >= 30%
JPSS1_20251011T130600_vs_HYPERNETS_20251011T124500_RHOW_pixel.csv,THFR_pixel,Hyp,JPSS1,Hyp vs JPSS1,2025-10-11T10:45:00Z,2025-10-11T11:06:00Z,0.8694,135.8319,-135.8319,CV >= 30%
JPSS1_20251011T130600_vs_HYPERNETS_20251011T130000_RHOW_pixel.csv,THFR_pixel,Hyp,JPSS1,Hyp vs JPSS1,2025-10-11T11:00:00Z,2025-10-11T11:06:00Z,0.8358,141.2349,-141.2349,CV >= 30%
JPSS1_20251011T130600_vs_HYPERNETS_20251011T131500_RHOW_pixel.csv,THFR_pixel,Hyp,JPSS1,Hyp vs JPSS1,2025-10-11T11:15:00Z,2025-10-11T11:06:00Z,0.8381,151.0036,-151.0036,CV >= 30%
JPSS1_20251011T130600_vs_HYPERNETS_20251011T133000_RHOW_pixel.csv,THFR_pixel,Hyp,JPSS1,Hyp vs JPSS1,2025-10-11T11:30:00Z,2025-10-11T11:06:00Z,0.8208,155.2775,-155.2775,CV >= 30%
JPSS1_20251012T124800_vs_HYPERNETS_20251012T123000_RHOW_pixel.csv,THFR_pixel,Hyp,JPSS1,Hyp vs JPSS1,2025-10-12T10:30:00Z,2025-10-12T10:48:00Z,NA,61.0363,-61.0363,CV >= 30%
JPSS1_20251012T124800_vs_HYPERNETS_20251012T130000_RHOW_pixel.csv,THFR_pixel,Hyp,JPSS1,Hyp vs JPSS1,2025-10-12T11:00:00Z,2025-10-12T10:48:00Z,NA,65.2076,-65.2076,CV >= 30%
JPSS1_20251012T124800_vs_HYPERNETS_20251012T131500_RHOW_pixel.csv,THFR_pixel,Hyp,JPSS1,Hyp vs JPSS1,2025-10-12T11:15:00Z,2025-10-12T10:48:00Z,NA,64.4117,-64.4117,CV >= 30%
JPSS1_20251013T123001_vs_HYPERNETS_20251013T120000_RHOW_pixel.csv,THFR_pixel,Hyp,JPSS1,Hyp vs JPSS1,2025-10-13T10:00:00Z,2025-10-13T10:30:01Z,NA,179.3755,-179.3755,CV >= 30%
JPSS1_20251013T123001_vs_HYPERNETS_20251013T121500_RHOW_pixel.csv,THFR_pixel,Hyp,JPSS1,Hyp vs JPSS1,2025-10-13T10:15:00Z,2025-10-13T10:30:01Z,NA,194.1991,-194.1991,CV >= 30%
JPSS1_20251013T123001_vs_HYPERNETS_20251013T123000_RHOW_pixel.csv,THFR_pixel,Hyp,JPSS1,Hyp vs JPSS1,2025-10-13T10:30:00Z,2025-10-13T10:30:01Z,NA,171.4925,-171.4925,CV >= 30%
JPSS1_20251013T123001_vs_HYPERNETS_20251013T124500_RHOW_pixel.csv,THFR_pixel,Hyp,JPSS1,Hyp vs JPSS1,2025-10-13T10:45:00Z,2025-10-13T10:30:01Z,NA,171.0602,-171.0602,CV >= 30%
JPSS1_20251013T123001_vs_HYPERNETS_20251013T130000_RHOW_pixel.csv,THFR_pixel,Hyp,JPSS1,Hyp vs JPSS1,2025-10-13T11:00:00Z,2025-10-13T10:30:01Z,NA,169.1571,-169.1571,CV >= 30%
JPSS1_20251018T123600_vs_HYPERNETS_20251018T121500_RHOW_pixel.csv,THFR_pixel,Hyp,JPSS1,Hyp vs JPSS1,2025-10-18T10:15:00Z,2025-10-18T10:36:00Z,NA,183.3167,-183.3167,CV >= 30%
JPSS1_20251018T123600_vs_HYPERNETS_20251018T123000_RHOW_pixel.csv,THFR_pixel,Hyp,JPSS1,Hyp vs JPSS1,2025-10-18T10:30:00Z,2025-10-18T10:36:00Z,NA,186.2573,-186.2573,CV >= 30%
JPSS1_20251018T123600_vs_HYPERNETS_20251018T124500_RHOW_pixel.csv,THFR_pixel,Hyp,JPSS1,Hyp vs JPSS1,2025-10-18T10:45:00Z,2025-10-18T10:36:00Z,NA,180.616,-180.616,CV >= 30%
JPSS1_20251018T123600_vs_HYPERNETS_20251018T130000_RHOW_pixel.csv,THFR_pixel,Hyp,JPSS1,Hyp vs JPSS1,2025-10-18T11:00:00Z,2025-10-18T10:36:00Z,NA,173.8408,-173.8408,CV >= 30%
JPSS1_20251023T124200_vs_HYPERNETS_20251023T121500_RHOW_pixel.csv,THFR_pixel,Hyp,JPSS1,Hyp vs JPSS1,2025-10-23T10:15:00Z,2025-10-23T10:42:00Z,NA,50.0682,-50.0682,CV >= 30%
JPSS1_20251023T124200_vs_HYPERNETS_20251023T123000_RHOW_pixel.csv,THFR_pixel,Hyp,JPSS1,Hyp vs JPSS1,2025-10-23T10:30:00Z,2025-10-23T10:42:00Z,NA,49.3384,-49.3384,CV >= 30%
JPSS1_20251023T124200_vs_HYPERNETS_20251023T130000_RHOW_pixel.csv,THFR_pixel,Hyp,JPSS1,Hyp vs JPSS1,2025-10-23T11:00:00Z,2025-10-23T10:42:00Z,NA,55.1169,-55.1169,CV >= 30%
JPSS1_20251028T124800_vs_HYPERNETS_20251028T124500_RHOW_pixel.csv,THFR_pixel,Hyp,JPSS1,Hyp vs JPSS1,2025-10-28T11:45:00Z,2025-10-28T11:48:00Z,0.7057,141.1784,-141.1784,CV >= 30%
JPSS1_20251028T124800_vs_HYPERNETS_20251028T130000_RHOW_pixel.csv,THFR_pixel,Hyp,JPSS1,Hyp vs JPSS1,2025-10-28T12:00:00Z,2025-10-28T11:48:00Z,0.6971,141.2167,-141.2167,CV >= 30%
JPSS1_20251028T124800_vs_HYPERNETS_20251028T131500_RHOW_pixel.csv,THFR_pixel,Hyp,JPSS1,Hyp vs JPSS1,2025-10-28T12:15:00Z,2025-10-28T11:48:00Z,0.686,143.9448,-143.9448,CV >= 30%
JPSS1_20251030T121200_vs_HYPERNETS_20251030T114500_RHOW_pixel.csv,THFR_pixel,Hyp,JPSS1,Hyp vs JPSS1,2025-10-30T10:45:00Z,2025-10-30T11:12:00Z,NA,112.1693,-112.1693,CV >= 30%
JPSS1_20251030T121200_vs_HYPERNETS_20251030T121500_RHOW_pixel.csv,THFR_pixel,Hyp,JPSS1,Hyp vs JPSS1,2025-10-30T11:15:00Z,2025-10-30T11:12:00Z,NA,109.1522,-109.1522,CV >= 30%
JPSS1_20251030T121200_vs_HYPERNETS_20251030T123000_RHOW_pixel.csv,THFR_pixel,Hyp,JPSS1,Hyp vs JPSS1,2025-10-30T11:30:00Z,2025-10-30T11:12:00Z,NA,111.4384,-111.4384,CV >= 30%
JPSS1_20251103T123600_vs_HYPERNETS_20251103T121500_RHOW_pixel.csv,THFR_pixel,Hyp,JPSS1,Hyp vs JPSS1,2025-11-03T11:15:00Z,2025-11-03T11:36:00Z,NA,117.7046,-117.7046,CV >= 30%
JPSS1_20251103T123600_vs_HYPERNETS_20251103T123000_RHOW_pixel.csv,THFR_pixel,Hyp,JPSS1,Hyp vs JPSS1,2025-11-03T11:30:00Z,2025-11-03T11:36:00Z,NA,121.7847,-121.7847,CV >= 30%
JPSS1_20251103T123600_vs_HYPERNETS_20251103T124500_RHOW_pixel.csv,THFR_pixel,Hyp,JPSS1,Hyp vs JPSS1,2025-11-03T11:45:00Z,2025-11-03T11:36:00Z,NA,111.09,-111.09,CV >= 30%
JPSS1_20251103T123600_vs_HYPERNETS_20251103T130000_RHOW_pixel.csv,THFR_pixel,Hyp,JPSS1,Hyp vs JPSS1,2025-11-03T12:00:00Z,2025-11-03T11:36:00Z,NA,111.0767,-111.0767,CV >= 30%
JPSS1_20251109T122400_vs_HYPERNETS_20251109T120000_RHOW_pixel.csv,THFR_pixel,Hyp,JPSS1,Hyp vs JPSS1,2025-11-09T11:00:00Z,2025-11-09T11:24:00Z,0.781,136.2607,-136.2607,CV >= 30%
JPSS1_20251109T122400_vs_HYPERNETS_20251109T121500_RHOW_pixel.csv,THFR_pixel,Hyp,JPSS1,Hyp vs JPSS1,2025-11-09T11:15:00Z,2025-11-09T11:24:00Z,0.7943,117.9466,-117.9466,CV >= 30%
JPSS1_20251109T122400_vs_HYPERNETS_20251109T123000_RHOW_pixel.csv,THFR_pixel,Hyp,JPSS1,Hyp vs JPSS1,2025-11-09T11:30:00Z,2025-11-09T11:24:00Z,0.8217,93.2249,-93.2249,CV >= 30%
JPSS1_20251109T122400_vs_HYPERNETS_20251109T124500_RHOW_pixel.csv,THFR_pixel,Hyp,JPSS1,Hyp vs JPSS1,2025-11-09T11:45:00Z,2025-11-09T11:24:00Z,0.8223,109.6478,-109.6478,CV >= 30%
JPSS1_20251115T121201_vs_HYPERNETS_20251115T114500_RHOW_pixel.csv,THFR_pixel,Hyp,JPSS1,Hyp vs JPSS1,2025-11-15T10:45:00Z,2025-11-15T11:12:01Z,NA,98.5171,-98.5171,CV >= 30%
JPSS1_20251115T121201_vs_HYPERNETS_20251115T120000_RHOW_pixel.csv,THFR_pixel,Hyp,JPSS1,Hyp vs JPSS1,2025-11-15T11:00:00Z,2025-11-15T11:12:01Z,NA,98.3494,-98.3494,CV >= 30%
JPSS1_20251115T121201_vs_HYPERNETS_20251115T121500_RHOW_pixel.csv,THFR_pixel,Hyp,JPSS1,Hyp vs JPSS1,2025-11-15T11:15:00Z,2025-11-15T11:12:01Z,NA,91.1703,-91.1703,CV >= 30%
JPSS1_20251118T125400_vs_HYPERNETS_20251118T123000_RHOW_pixel.csv,THFR_pixel,Hyp,JPSS1,Hyp vs JPSS1,2025-11-18T11:30:00Z,2025-11-18T11:54:00Z,NA,143.99,-143.99,CV >= 30%
JPSS1_20251118T125400_vs_HYPERNETS_20251118T124500_RHOW_pixel.csv,THFR_pixel,Hyp,JPSS1,Hyp vs JPSS1,2025-11-18T11:45:00Z,2025-11-18T11:54:00Z,NA,142.006,-142.006,CV >= 30%
JPSS1_20251118T125400_vs_HYPERNETS_20251118T130000_RHOW_pixel.csv,THFR_pixel,Hyp,JPSS1,Hyp vs JPSS1,2025-11-18T12:00:00Z,2025-11-18T11:54:00Z,NA,149.6039,-149.6039,CV >= 30%
JPSS1_20251118T125400_vs_HYPERNETS_20251118T131500_RHOW_pixel.csv,THFR_pixel,Hyp,JPSS1,Hyp vs JPSS1,2025-11-18T12:15:00Z,2025-11-18T11:54:00Z,NA,122.8706,-122.8706,CV >= 30%
JPSS1_20251119T123601_vs_HYPERNETS_20251119T124500_RHOW_pixel.csv,THFR_pixel,Hyp,JPSS1,Hyp vs JPSS1,2025-11-19T11:45:00Z,2025-11-19T11:36:01Z,NA,129.9891,-129.9891,CV >= 30%
JPSS1_20251119T123601_vs_HYPERNETS_20251119T130000_RHOW_pixel.csv,THFR_pixel,Hyp,JPSS1,Hyp vs JPSS1,2025-11-19T12:00:00Z,2025-11-19T11:36:01Z,NA,121.5256,-121.5256,CV >= 30%
JPSS1_20251205T123600_vs_HYPERNETS_20251205T121500_RHOW_pixel.csv,THFR_pixel,Hyp,JPSS1,Hyp vs JPSS1,2025-12-05T11:15:00Z,2025-12-05T11:36:00Z,NA,NA,NA,CV >= 30%
JPSS1_20251205T123600_vs_HYPERNETS_20251205T124500_RHOW_pixel.csv,THFR_pixel,Hyp,JPSS1,Hyp vs JPSS1,2025-12-05T11:45:00Z,2025-12-05T11:36:00Z,NA,NA,NA,CV >= 30%
JPSS1_20251205T123600_vs_HYPERNETS_20251205T130000_RHOW_pixel.csv,THFR_pixel,Hyp,JPSS1,Hyp vs JPSS1,2025-12-05T12:00:00Z,2025-12-05T11:36:00Z,NA,NA,NA,CV >= 30%
JPSS1_20251227T122401_vs_HYPERNETS_20251227T120000_RHOW_pixel.csv,THFR_pixel,Hyp,JPSS1,Hyp vs JPSS1,2025-12-27T11:00:00Z,2025-12-27T11:24:01Z,NA,383.2766,-383.2766,CV >= 30%
JPSS1_20251227T122401_vs_HYPERNETS_20251227T121500_RHOW_pixel.csv,THFR_pixel,Hyp,JPSS1,Hyp vs JPSS1,2025-12-27T11:15:00Z,2025-12-27T11:24:01Z,NA,386.1168,-386.1168,CV >= 30%
JPSS2_20250116T124200_vs_HYPERNETS_20250116T123000_RHOW_pixel.csv,THFR_pixel,Hyp,JPSS2,Hyp vs JPSS2,2025-01-16T11:30:00Z,2025-01-16T11:42:00Z,NA,48.1954,-48.1954,CV >= 30%
JPSS2_20250116T124200_vs_HYPERNETS_20250116T124500_RHOW_pixel.csv,THFR_pixel,Hyp,JPSS2,Hyp vs JPSS2,2025-01-16T11:45:00Z,2025-01-16T11:42:00Z,NA,57.8386,-57.8386,CV >= 30%
JPSS2_20250116T124200_vs_HYPERNETS_20250116T130000_RHOW_pixel.csv,THFR_pixel,Hyp,JPSS2,Hyp vs JPSS2,2025-01-16T12:00:00Z,2025-01-16T11:42:00Z,NA,39.0359,-39.0359,CV >= 30%
JPSS2_20250117T122400_vs_HYPERNETS_20250117T120000_RHOW_pixel.csv,THFR_pixel,Hyp,JPSS2,Hyp vs JPSS2,2025-01-17T11:00:00Z,2025-01-17T11:24:00Z,NA,99.4699,-99.4699,CV >= 30%
JPSS2_20250117T122400_vs_HYPERNETS_20250117T121500_RHOW_pixel.csv,THFR_pixel,Hyp,JPSS2,Hyp vs JPSS2,2025-01-17T11:15:00Z,2025-01-17T11:24:00Z,NA,96.313,-96.313,CV >= 30%
JPSS2_20250117T122400_vs_HYPERNETS_20250117T123000_RHOW_pixel.csv,THFR_pixel,Hyp,JPSS2,Hyp vs JPSS2,2025-01-17T11:30:00Z,2025-01-17T11:24:00Z,NA,97,-97,CV >= 30%
JPSS2_20250117T122400_vs_HYPERNETS_20250117T124500_RHOW_pixel.csv,THFR_pixel,Hyp,JPSS2,Hyp vs JPSS2,2025-01-17T11:45:00Z,2025-01-17T11:24:00Z,NA,91.7054,-91.7054,CV >= 30%
JPSS2_20250131T130000_vs_HYPERNETS_20250131T124500_RHOW_pixel.csv,THFR_pixel,Hyp,JPSS2,Hyp vs JPSS2,2025-01-31T11:45:00Z,2025-01-31T12:00:00Z,NA,NA,NA,CV >= 30%
JPSS2_20250131T130000_vs_HYPERNETS_20250131T130000_RHOW_pixel.csv,THFR_pixel,Hyp,JPSS2,Hyp vs JPSS2,2025-01-31T12:00:00Z,2025-01-31T12:00:00Z,NA,NA,NA,CV >= 30%
JPSS2_20250131T130000_vs_HYPERNETS_20250131T131500_RHOW_pixel.csv,THFR_pixel,Hyp,JPSS2,Hyp vs JPSS2,2025-01-31T12:15:00Z,2025-01-31T12:00:00Z,NA,NA,NA,CV >= 30%
JPSS2_20250131T130000_vs_HYPERNETS_20250131T133000_RHOW_pixel.csv,THFR_pixel,Hyp,JPSS2,Hyp vs JPSS2,2025-01-31T12:30:00Z,2025-01-31T12:00:00Z,NA,NA,NA,CV >= 30%
JPSS2_20250206T124800_vs_HYPERNETS_20250206T123000_RHOW_pixel.csv,THFR_pixel,Hyp,JPSS2,Hyp vs JPSS2,2025-02-06T11:30:00Z,2025-02-06T11:48:00Z,NA,111.4941,-111.4941,CV >= 30%
JPSS2_20250206T124800_vs_HYPERNETS_20250206T124500_RHOW_pixel.csv,THFR_pixel,Hyp,JPSS2,Hyp vs JPSS2,2025-02-06T11:45:00Z,2025-02-06T11:48:00Z,NA,103.2661,-103.2661,CV >= 30%
JPSS2_20250206T124800_vs_HYPERNETS_20250206T130000_RHOW_pixel.csv,THFR_pixel,Hyp,JPSS2,Hyp vs JPSS2,2025-02-06T12:00:00Z,2025-02-06T11:48:00Z,NA,101.5131,-101.5131,CV >= 30%
JPSS2_20250206T124800_vs_HYPERNETS_20250206T131500_RHOW_pixel.csv,THFR_pixel,Hyp,JPSS2,Hyp vs JPSS2,2025-02-06T12:15:00Z,2025-02-06T11:48:00Z,NA,99.2521,-99.2521,CV >= 30%
JPSS2_20250529T124800_vs_HYPERNETS_20250529T123000_RHOW_pixel.csv,THFR_pixel,Hyp,JPSS2,Hyp vs JPSS2,2025-05-29T10:30:00Z,2025-05-29T10:48:00Z,NA,2511.8503,2511.8503,CV >= 30%
JPSS2_20250529T124800_vs_HYPERNETS_20250529T124500_RHOW_pixel.csv,THFR_pixel,Hyp,JPSS2,Hyp vs JPSS2,2025-05-29T10:45:00Z,2025-05-29T10:48:00Z,NA,69.3017,-69.3017,CV >= 30%
JPSS2_20250529T124800_vs_HYPERNETS_20250529T130000_RHOW_pixel.csv,THFR_pixel,Hyp,JPSS2,Hyp vs JPSS2,2025-05-29T11:00:00Z,2025-05-29T10:48:00Z,NA,71.9467,-71.9467,CV >= 30%
JPSS2_20250529T124800_vs_HYPERNETS_20250529T131500_RHOW_pixel.csv,THFR_pixel,Hyp,JPSS2,Hyp vs JPSS2,2025-05-29T11:15:00Z,2025-05-29T10:48:00Z,NA,69.9278,-69.9278,CV >= 30%
JPSS2_20250530T123000_vs_HYPERNETS_20250530T120000_RHOW_pixel.csv,THFR_pixel,Hyp,JPSS2,Hyp vs JPSS2,2025-05-30T10:00:00Z,2025-05-30T10:30:00Z,1.1608,44.8123,44.8123,CV >= 30%
JPSS2_20250530T123000_vs_HYPERNETS_20250530T121500_RHOW_pixel.csv,THFR_pixel,Hyp,JPSS2,Hyp vs JPSS2,2025-05-30T10:15:00Z,2025-05-30T10:30:00Z,1.1886,47.5248,47.5248,CV >= 30%
JPSS2_20250530T123000_vs_HYPERNETS_20250530T123000_RHOW_pixel.csv,THFR_pixel,Hyp,JPSS2,Hyp vs JPSS2,2025-05-30T10:30:00Z,2025-05-30T10:30:00Z,1.1891,48.3421,48.3421,CV >= 30%
JPSS2_20250530T123000_vs_HYPERNETS_20250530T124500_RHOW_pixel.csv,THFR_pixel,Hyp,JPSS2,Hyp vs JPSS2,2025-05-30T10:45:00Z,2025-05-30T10:30:00Z,1.2438,57.1609,57.1609,CV >= 30%
JPSS2_20250530T123000_vs_HYPERNETS_20250530T130000_RHOW_pixel.csv,THFR_pixel,Hyp,JPSS2,Hyp vs JPSS2,2025-05-30T11:00:00Z,2025-05-30T10:30:00Z,1.2602,60.1949,60.1949,CV >= 30%
JPSS2_20250610T122401_vs_HYPERNETS_20250610T120000_RHOW_pixel.csv,THFR_pixel,Hyp,JPSS2,Hyp vs JPSS2,2025-06-10T10:00:00Z,2025-06-10T10:24:01Z,0.6386,133.0297,-133.0297,CV >= 30%
JPSS2_20250610T122401_vs_HYPERNETS_20250610T121500_RHOW_pixel.csv,THFR_pixel,Hyp,JPSS2,Hyp vs JPSS2,2025-06-10T10:15:00Z,2025-06-10T10:24:01Z,0.6388,118.7302,-118.7302,CV >= 30%
JPSS2_20250610T122401_vs_HYPERNETS_20250610T123000_RHOW_pixel.csv,THFR_pixel,Hyp,JPSS2,Hyp vs JPSS2,2025-06-10T10:30:00Z,2025-06-10T10:24:01Z,0.6681,123.6616,-123.6616,CV >= 30%
JPSS2_20250610T122401_vs_HYPERNETS_20250610T124500_RHOW_pixel.csv,THFR_pixel,Hyp,JPSS2,Hyp vs JPSS2,2025-06-10T10:45:00Z,2025-06-10T10:24:01Z,0.6912,116.605,-116.605,CV >= 30%
JPSS2_20250619T125400_vs_HYPERNETS_20250619T123000_RHOW_pixel.csv,THFR_pixel,Hyp,JPSS2,Hyp vs JPSS2,2025-06-19T10:30:00Z,2025-06-19T10:54:00Z,NA,99.8078,-99.8078,CV >= 30%
JPSS2_20250619T125400_vs_HYPERNETS_20250619T124500_RHOW_pixel.csv,THFR_pixel,Hyp,JPSS2,Hyp vs JPSS2,2025-06-19T10:45:00Z,2025-06-19T10:54:00Z,NA,103.9674,-103.9674,CV >= 30%
JPSS2_20250619T125400_vs_HYPERNETS_20250619T130000_RHOW_pixel.csv,THFR_pixel,Hyp,JPSS2,Hyp vs JPSS2,2025-06-19T11:00:00Z,2025-06-19T10:54:00Z,NA,100.8678,-100.8678,CV >= 30%
JPSS2_20250619T125400_vs_HYPERNETS_20250619T131500_RHOW_pixel.csv,THFR_pixel,Hyp,JPSS2,Hyp vs JPSS2,2025-06-19T11:15:00Z,2025-06-19T10:54:00Z,NA,101.6194,-101.6194,CV >= 30%
JPSS2_20250626T122400_vs_HYPERNETS_20250626T120000_RHOW_pixel.csv,THFR_pixel,Hyp,JPSS2,Hyp vs JPSS2,2025-06-26T10:00:00Z,2025-06-26T10:24:00Z,1.0614,123.9086,123.9086,CV >= 30%
JPSS2_20250626T122400_vs_HYPERNETS_20250626T121500_RHOW_pixel.csv,THFR_pixel,Hyp,JPSS2,Hyp vs JPSS2,2025-06-26T10:15:00Z,2025-06-26T10:24:00Z,1.0673,143.3716,143.3716,CV >= 30%
JPSS2_20250626T122400_vs_HYPERNETS_20250626T123000_RHOW_pixel.csv,THFR_pixel,Hyp,JPSS2,Hyp vs JPSS2,2025-06-26T10:30:00Z,2025-06-26T10:24:00Z,1.0945,145.6033,145.6033,CV >= 30%
JPSS2_20250626T122400_vs_HYPERNETS_20250626T124500_RHOW_pixel.csv,THFR_pixel,Hyp,JPSS2,Hyp vs JPSS2,2025-06-26T10:45:00Z,2025-06-26T10:24:00Z,1.0945,153.4269,153.4269,CV >= 30%
JPSS2_20250630T124800_vs_HYPERNETS_20250630T123000_RHOW_pixel.csv,THFR_pixel,Hyp,JPSS2,Hyp vs JPSS2,2025-06-30T10:30:00Z,2025-06-30T10:48:00Z,NA,NA,NA,CV >= 30%
JPSS2_20250630T124800_vs_HYPERNETS_20250630T124500_RHOW_pixel.csv,THFR_pixel,Hyp,JPSS2,Hyp vs JPSS2,2025-06-30T10:45:00Z,2025-06-30T10:48:00Z,NA,NA,NA,CV >= 30%
JPSS2_20250630T124800_vs_HYPERNETS_20250630T130000_RHOW_pixel.csv,THFR_pixel,Hyp,JPSS2,Hyp vs JPSS2,2025-06-30T11:00:00Z,2025-06-30T10:48:00Z,NA,NA,NA,CV >= 30%
JPSS2_20250630T124800_vs_HYPERNETS_20250630T131500_RHOW_pixel.csv,THFR_pixel,Hyp,JPSS2,Hyp vs JPSS2,2025-06-30T11:15:00Z,2025-06-30T10:48:00Z,NA,NA,NA,CV >= 30%
JPSS2_20250708T120001_vs_HYPERNETS_20250708T113000_RHOW_pixel.csv,THFR_pixel,Hyp,JPSS2,Hyp vs JPSS2,2025-07-08T09:30:00Z,2025-07-08T10:00:01Z,1.473,102.0727,102.0727,CV >= 30%
JPSS2_20250708T120001_vs_HYPERNETS_20250708T114500_RHOW_pixel.csv,THFR_pixel,Hyp,JPSS2,Hyp vs JPSS2,2025-07-08T09:45:00Z,2025-07-08T10:00:01Z,1.2457,19.6609,14.74,CV >= 30%
JPSS2_20250708T120001_vs_HYPERNETS_20250708T120000_RHOW_pixel.csv,THFR_pixel,Hyp,JPSS2,Hyp vs JPSS2,2025-07-08T10:00:00Z,2025-07-08T10:00:01Z,1.2377,17.4726,17.4726,CV >= 30%
JPSS2_20250708T120001_vs_HYPERNETS_20250708T121500_RHOW_pixel.csv,THFR_pixel,Hyp,JPSS2,Hyp vs JPSS2,2025-07-08T10:15:00Z,2025-07-08T10:00:01Z,1.2309,24.9832,7.5145,CV >= 30%
JPSS2_20250708T120001_vs_HYPERNETS_20250708T123000_RHOW_pixel.csv,THFR_pixel,Hyp,JPSS2,Hyp vs JPSS2,2025-07-08T10:30:00Z,2025-07-08T10:00:01Z,1.2206,19.8165,11.3874,CV >= 30%
JPSS2_20250711T124201_vs_HYPERNETS_20250711T121500_RHOW_pixel.csv,THFR_pixel,Hyp,JPSS2,Hyp vs JPSS2,2025-07-11T10:15:00Z,2025-07-11T10:42:01Z,1.1433,14.1652,-14.1652,CV >= 30%
JPSS2_20250711T124201_vs_HYPERNETS_20250711T123000_RHOW_pixel.csv,THFR_pixel,Hyp,JPSS2,Hyp vs JPSS2,2025-07-11T10:30:00Z,2025-07-11T10:42:01Z,1.1747,10.7778,-10.7778,CV >= 30%
JPSS2_20250711T124201_vs_HYPERNETS_20250711T124500_RHOW_pixel.csv,THFR_pixel,Hyp,JPSS2,Hyp vs JPSS2,2025-07-11T10:45:00Z,2025-07-11T10:42:01Z,1.1762,11.2138,-11.2138,CV >= 30%
JPSS2_20250711T124201_vs_HYPERNETS_20250711T130000_RHOW_pixel.csv,THFR_pixel,Hyp,JPSS2,Hyp vs JPSS2,2025-07-11T11:00:00Z,2025-07-11T10:42:01Z,1.1588,21.8624,-21.8624,CV >= 30%
JPSS2_20250715T130600_vs_HYPERNETS_20250715T124500_RHOW_pixel.csv,THFR_pixel,Hyp,JPSS2,Hyp vs JPSS2,2025-07-15T10:45:00Z,2025-07-15T11:06:00Z,0.9697,14.305,14.305,CV >= 30%
JPSS2_20250715T130600_vs_HYPERNETS_20250715T130000_RHOW_pixel.csv,THFR_pixel,Hyp,JPSS2,Hyp vs JPSS2,2025-07-15T11:00:00Z,2025-07-15T11:06:00Z,0.9663,17.2148,17.2148,CV >= 30%
JPSS2_20250715T130600_vs_HYPERNETS_20250715T131500_RHOW_pixel.csv,THFR_pixel,Hyp,JPSS2,Hyp vs JPSS2,2025-07-15T11:15:00Z,2025-07-15T11:06:00Z,0.973,17.5397,17.5397,CV >= 30%
JPSS2_20250715T130600_vs_HYPERNETS_20250715T133000_RHOW_pixel.csv,THFR_pixel,Hyp,JPSS2,Hyp vs JPSS2,2025-07-15T11:30:00Z,2025-07-15T11:06:00Z,1.0117,21.7649,21.7649,CV >= 30%
JPSS2_20250716T124800_vs_HYPERNETS_20250716T123000_RHOW_pixel.csv,THFR_pixel,Hyp,JPSS2,Hyp vs JPSS2,2025-07-16T10:30:00Z,2025-07-16T10:48:00Z,0.7992,75.5656,-75.5656,CV >= 30%
JPSS2_20250716T124800_vs_HYPERNETS_20250716T124500_RHOW_pixel.csv,THFR_pixel,Hyp,JPSS2,Hyp vs JPSS2,2025-07-16T10:45:00Z,2025-07-16T10:48:00Z,0.8039,72.781,-72.781,CV >= 30%
JPSS2_20250716T124800_vs_HYPERNETS_20250716T130000_RHOW_pixel.csv,THFR_pixel,Hyp,JPSS2,Hyp vs JPSS2,2025-07-16T11:00:00Z,2025-07-16T10:48:00Z,0.7851,99.327,-99.327,CV >= 30%
JPSS2_20250716T124800_vs_HYPERNETS_20250716T131500_RHOW_pixel.csv,THFR_pixel,Hyp,JPSS2,Hyp vs JPSS2,2025-07-16T11:15:00Z,2025-07-16T10:48:00Z,0.8151,75.9973,-75.9973,CV >= 30%
JPSS2_20250726T130001_vs_HYPERNETS_20250726T123000_RHOW_pixel.csv,THFR_pixel,Hyp,JPSS2,Hyp vs JPSS2,2025-07-26T10:30:00Z,2025-07-26T11:00:01Z,1.0566,12.51,-12.51,CV >= 30%
JPSS2_20250726T130001_vs_HYPERNETS_20250726T130000_RHOW_pixel.csv,THFR_pixel,Hyp,JPSS2,Hyp vs JPSS2,2025-07-26T11:00:00Z,2025-07-26T11:00:01Z,1.0966,2.3672,-0.1584,CV >= 30%
JPSS2_20250726T130001_vs_HYPERNETS_20250726T131500_RHOW_pixel.csv,THFR_pixel,Hyp,JPSS2,Hyp vs JPSS2,2025-07-26T11:15:00Z,2025-07-26T11:00:01Z,1.0664,15.042,-15.042,CV >= 30%
JPSS2_20250726T130001_vs_HYPERNETS_20250726T133000_RHOW_pixel.csv,THFR_pixel,Hyp,JPSS2,Hyp vs JPSS2,2025-07-26T11:30:00Z,2025-07-26T11:00:01Z,1.0389,9.7224,-9.7224,CV >= 30%
JPSS2_20250728T122401_vs_HYPERNETS_20250728T120000_RHOW_pixel.csv,THFR_pixel,Hyp,JPSS2,Hyp vs JPSS2,2025-07-28T10:00:00Z,2025-07-28T10:24:01Z,0.3958,28.6458,24.1554,CV >= 30%
JPSS2_20250728T122401_vs_HYPERNETS_20250728T121500_RHOW_pixel.csv,THFR_pixel,Hyp,JPSS2,Hyp vs JPSS2,2025-07-28T10:15:00Z,2025-07-28T10:24:01Z,0.3357,37.2168,28.8375,CV >= 30%
JPSS2_20250728T122401_vs_HYPERNETS_20250728T123000_RHOW_pixel.csv,THFR_pixel,Hyp,JPSS2,Hyp vs JPSS2,2025-07-28T10:30:00Z,2025-07-28T10:24:01Z,0.3473,38.4056,37.8407,CV >= 30%
JPSS2_20250728T122401_vs_HYPERNETS_20250728T124500_RHOW_pixel.csv,THFR_pixel,Hyp,JPSS2,Hyp vs JPSS2,2025-07-28T10:45:00Z,2025-07-28T10:24:01Z,0.4012,25.4259,11.2326,CV >= 30%
JPSS2_20250802T123001_vs_HYPERNETS_20250802T120000_RHOW_pixel.csv,THFR_pixel,Hyp,JPSS2,Hyp vs JPSS2,2025-08-02T10:00:00Z,2025-08-02T10:30:01Z,0.8371,90.0353,-90.0353,CV >= 30%
JPSS2_20250802T123001_vs_HYPERNETS_20250802T121500_RHOW_pixel.csv,THFR_pixel,Hyp,JPSS2,Hyp vs JPSS2,2025-08-02T10:15:00Z,2025-08-02T10:30:01Z,0.8236,96.2028,-96.2028,CV >= 30%
JPSS2_20250802T123001_vs_HYPERNETS_20250802T123000_RHOW_pixel.csv,THFR_pixel,Hyp,JPSS2,Hyp vs JPSS2,2025-08-02T10:30:00Z,2025-08-02T10:30:01Z,0.8418,86.6506,-86.6506,CV >= 30%
JPSS2_20250802T123001_vs_HYPERNETS_20250802T124500_RHOW_pixel.csv,THFR_pixel,Hyp,JPSS2,Hyp vs JPSS2,2025-08-02T10:45:00Z,2025-08-02T10:30:01Z,0.8473,86.4942,-86.4942,CV >= 30%
JPSS2_20250802T123001_vs_HYPERNETS_20250802T130000_RHOW_pixel.csv,THFR_pixel,Hyp,JPSS2,Hyp vs JPSS2,2025-08-02T11:00:00Z,2025-08-02T10:30:01Z,0.8454,82.7818,-82.7818,CV >= 30%
JPSS2_20250803T121201_vs_HYPERNETS_20250803T114500_RHOW_pixel.csv,THFR_pixel,Hyp,JPSS2,Hyp vs JPSS2,2025-08-03T09:45:00Z,2025-08-03T10:12:01Z,0.9691,1.8809,0.6237,CV >= 30%
JPSS2_20250803T121201_vs_HYPERNETS_20250803T120000_RHOW_pixel.csv,THFR_pixel,Hyp,JPSS2,Hyp vs JPSS2,2025-08-03T10:00:00Z,2025-08-03T10:12:01Z,0.944,10.7304,-10.7304,CV >= 30%
JPSS2_20250803T121201_vs_HYPERNETS_20250803T121500_RHOW_pixel.csv,THFR_pixel,Hyp,JPSS2,Hyp vs JPSS2,2025-08-03T10:15:00Z,2025-08-03T10:12:01Z,0.9679,5.567,-5.567,CV >= 30%
JPSS2_20250803T121201_vs_HYPERNETS_20250803T123000_RHOW_pixel.csv,THFR_pixel,Hyp,JPSS2,Hyp vs JPSS2,2025-08-03T10:30:00Z,2025-08-03T10:12:01Z,0.955,0.0772,-0.0772,CV >= 30%
JPSS2_20250807T123600_vs_HYPERNETS_20250807T121500_RHOW_pixel.csv,THFR_pixel,Hyp,JPSS2,Hyp vs JPSS2,2025-08-07T10:15:00Z,2025-08-07T10:36:00Z,NA,NA,NA,CV >= 30%
JPSS2_20250807T123600_vs_HYPERNETS_20250807T123000_RHOW_pixel.csv,THFR_pixel,Hyp,JPSS2,Hyp vs JPSS2,2025-08-07T10:30:00Z,2025-08-07T10:36:00Z,NA,NA,NA,CV >= 30%
JPSS2_20250807T123600_vs_HYPERNETS_20250807T124500_RHOW_pixel.csv,THFR_pixel,Hyp,JPSS2,Hyp vs JPSS2,2025-08-07T10:45:00Z,2025-08-07T10:36:00Z,NA,NA,NA,CV >= 30%
JPSS2_20250807T123600_vs_HYPERNETS_20250807T130000_RHOW_pixel.csv,THFR_pixel,Hyp,JPSS2,Hyp vs JPSS2,2025-08-07T11:00:00Z,2025-08-07T10:36:00Z,NA,NA,NA,CV >= 30%
JPSS2_20250811T130000_vs_HYPERNETS_20250811T123000_RHOW_pixel.csv,THFR_pixel,Hyp,JPSS2,Hyp vs JPSS2,2025-08-11T10:30:00Z,2025-08-11T11:00:00Z,NA,23.3497,-23.3497,CV >= 30%
JPSS2_20250811T130000_vs_HYPERNETS_20250811T124500_RHOW_pixel.csv,THFR_pixel,Hyp,JPSS2,Hyp vs JPSS2,2025-08-11T10:45:00Z,2025-08-11T11:00:00Z,NA,21.7851,-21.7851,CV >= 30%
JPSS2_20250811T130000_vs_HYPERNETS_20250811T130000_RHOW_pixel.csv,THFR_pixel,Hyp,JPSS2,Hyp vs JPSS2,2025-08-11T11:00:00Z,2025-08-11T11:00:00Z,NA,17.906,-17.906,CV >= 30%
JPSS2_20250811T130000_vs_HYPERNETS_20250811T131500_RHOW_pixel.csv,THFR_pixel,Hyp,JPSS2,Hyp vs JPSS2,2025-08-11T11:15:00Z,2025-08-11T11:00:00Z,NA,13.8129,-13.8129,CV >= 30%
JPSS2_20250811T130000_vs_HYPERNETS_20250811T133000_RHOW_pixel.csv,THFR_pixel,Hyp,JPSS2,Hyp vs JPSS2,2025-08-11T11:30:00Z,2025-08-11T11:00:00Z,NA,10.7541,-8.0975,CV >= 30%
JPSS2_20250823T123601_vs_HYPERNETS_20250823T121500_RHOW_pixel.csv,THFR_pixel,Hyp,JPSS2,Hyp vs JPSS2,2025-08-23T10:15:00Z,2025-08-23T10:36:01Z,1.0847,18.2567,-8.7049,CV >= 30%
JPSS2_20250823T123601_vs_HYPERNETS_20250823T123000_RHOW_pixel.csv,THFR_pixel,Hyp,JPSS2,Hyp vs JPSS2,2025-08-23T10:30:00Z,2025-08-23T10:36:01Z,1.0946,19.0023,-9.4149,CV >= 30%
JPSS2_20250823T123601_vs_HYPERNETS_20250823T124500_RHOW_pixel.csv,THFR_pixel,Hyp,JPSS2,Hyp vs JPSS2,2025-08-23T10:45:00Z,2025-08-23T10:36:01Z,1.1151,19.8813,-6.3761,CV >= 30%
JPSS2_20250823T123601_vs_HYPERNETS_20250823T130000_RHOW_pixel.csv,THFR_pixel,Hyp,JPSS2,Hyp vs JPSS2,2025-08-23T11:00:00Z,2025-08-23T10:36:01Z,1.1165,21.5415,-8.328,CV >= 30%
JPSS2_20250902T124800_vs_HYPERNETS_20250902T123000_RHOW_pixel.csv,THFR_pixel,Hyp,JPSS2,Hyp vs JPSS2,2025-09-02T10:30:00Z,2025-09-02T10:48:00Z,NA,25.6693,-7.374,CV >= 30%
JPSS2_20250902T124800_vs_HYPERNETS_20250902T130000_RHOW_pixel.csv,THFR_pixel,Hyp,JPSS2,Hyp vs JPSS2,2025-09-02T11:00:00Z,2025-09-02T10:48:00Z,NA,24.107,-1.351,CV >= 30%
JPSS2_20250915T120600_vs_HYPERNETS_20250915T114500_RHOW_pixel.csv,THFR_pixel,Hyp,JPSS2,Hyp vs JPSS2,2025-09-15T09:45:00Z,2025-09-15T10:06:00Z,0.8371,81.9305,-81.9305,CV >= 30%
JPSS2_20250915T120600_vs_HYPERNETS_20250915T120000_RHOW_pixel.csv,THFR_pixel,Hyp,JPSS2,Hyp vs JPSS2,2025-09-15T10:00:00Z,2025-09-15T10:06:00Z,0.832,84.5626,-84.5626,CV >= 30%
JPSS2_20250915T120600_vs_HYPERNETS_20250915T121500_RHOW_pixel.csv,THFR_pixel,Hyp,JPSS2,Hyp vs JPSS2,2025-09-15T10:15:00Z,2025-09-15T10:06:00Z,0.8235,87.876,-87.876,CV >= 30%
JPSS2_20250915T120600_vs_HYPERNETS_20250915T123000_RHOW_pixel.csv,THFR_pixel,Hyp,JPSS2,Hyp vs JPSS2,2025-09-15T10:30:00Z,2025-09-15T10:06:00Z,0.8072,89.2024,-89.2024,CV >= 30%
JPSS2_20250918T124800_vs_HYPERNETS_20250918T123000_RHOW_pixel.csv,THFR_pixel,Hyp,JPSS2,Hyp vs JPSS2,2025-09-18T10:30:00Z,2025-09-18T10:48:00Z,0.8635,105.6897,-105.6897,CV >= 30%
JPSS2_20250918T124800_vs_HYPERNETS_20250918T124500_RHOW_pixel.csv,THFR_pixel,Hyp,JPSS2,Hyp vs JPSS2,2025-09-18T10:45:00Z,2025-09-18T10:48:00Z,0.8765,88.892,-88.892,CV >= 30%
JPSS2_20250918T124800_vs_HYPERNETS_20250918T130000_RHOW_pixel.csv,THFR_pixel,Hyp,JPSS2,Hyp vs JPSS2,2025-09-18T11:00:00Z,2025-09-18T10:48:00Z,0.8699,94.7769,-94.7769,CV >= 30%
JPSS2_20250918T124800_vs_HYPERNETS_20250918T131500_RHOW_pixel.csv,THFR_pixel,Hyp,JPSS2,Hyp vs JPSS2,2025-09-18T11:15:00Z,2025-09-18T10:48:00Z,0.8506,102.0299,-102.0299,CV >= 30%
JPSS2_20250919T123000_vs_HYPERNETS_20250919T120000_RHOW_pixel.csv,THFR_pixel,Hyp,JPSS2,Hyp vs JPSS2,2025-09-19T10:00:00Z,2025-09-19T10:30:00Z,NA,86.4521,-86.4521,CV >= 30%
JPSS2_20250919T123000_vs_HYPERNETS_20250919T121500_RHOW_pixel.csv,THFR_pixel,Hyp,JPSS2,Hyp vs JPSS2,2025-09-19T10:15:00Z,2025-09-19T10:30:00Z,NA,87.3853,-87.3853,CV >= 30%
JPSS2_20250919T123000_vs_HYPERNETS_20250919T123000_RHOW_pixel.csv,THFR_pixel,Hyp,JPSS2,Hyp vs JPSS2,2025-09-19T10:30:00Z,2025-09-19T10:30:00Z,NA,84.7205,-84.7205,CV >= 30%
JPSS2_20250919T123000_vs_HYPERNETS_20250919T124500_RHOW_pixel.csv,THFR_pixel,Hyp,JPSS2,Hyp vs JPSS2,2025-09-19T10:45:00Z,2025-09-19T10:30:00Z,NA,88.381,-88.381,CV >= 30%
JPSS2_20250919T123000_vs_HYPERNETS_20250919T130000_RHOW_pixel.csv,THFR_pixel,Hyp,JPSS2,Hyp vs JPSS2,2025-09-19T11:00:00Z,2025-09-19T10:30:00Z,NA,82.0214,-82.0214,CV >= 30%
JPSS2_20250923T125400_vs_HYPERNETS_20250923T123000_RHOW_pixel.csv,THFR_pixel,Hyp,JPSS2,Hyp vs JPSS2,2025-09-23T10:30:00Z,2025-09-23T10:54:00Z,NA,101.8793,-101.8793,CV >= 30%
JPSS2_20250923T125400_vs_HYPERNETS_20250923T124500_RHOW_pixel.csv,THFR_pixel,Hyp,JPSS2,Hyp vs JPSS2,2025-09-23T10:45:00Z,2025-09-23T10:54:00Z,NA,96.4709,-96.4709,CV >= 30%
JPSS2_20250923T125400_vs_HYPERNETS_20250923T130000_RHOW_pixel.csv,THFR_pixel,Hyp,JPSS2,Hyp vs JPSS2,2025-09-23T11:00:00Z,2025-09-23T10:54:00Z,NA,115.3997,-115.3997,CV >= 30%
JPSS2_20250923T125400_vs_HYPERNETS_20250923T131500_RHOW_pixel.csv,THFR_pixel,Hyp,JPSS2,Hyp vs JPSS2,2025-09-23T11:15:00Z,2025-09-23T10:54:00Z,NA,98.4463,-98.4463,CV >= 30%
JPSS2_20250925T121800_vs_HYPERNETS_20250925T120000_RHOW_pixel.csv,THFR_pixel,Hyp,JPSS2,Hyp vs JPSS2,2025-09-25T10:00:00Z,2025-09-25T10:18:00Z,NA,79.7451,-79.7451,CV >= 30%
JPSS2_20250925T121800_vs_HYPERNETS_20250925T121500_RHOW_pixel.csv,THFR_pixel,Hyp,JPSS2,Hyp vs JPSS2,2025-09-25T10:15:00Z,2025-09-25T10:18:00Z,NA,77.6287,-77.6287,CV >= 30%
JPSS2_20250925T121800_vs_HYPERNETS_20250925T124500_RHOW_pixel.csv,THFR_pixel,Hyp,JPSS2,Hyp vs JPSS2,2025-09-25T10:45:00Z,2025-09-25T10:18:00Z,NA,71.7984,-71.7984,CV >= 30%
JPSS2_20250929T124201_vs_HYPERNETS_20250929T121500_RHOW_pixel.csv,THFR_pixel,Hyp,JPSS2,Hyp vs JPSS2,2025-09-29T10:15:00Z,2025-09-29T10:42:01Z,0.773,176.7463,-176.7463,CV >= 30%
JPSS2_20250929T124201_vs_HYPERNETS_20250929T123000_RHOW_pixel.csv,THFR_pixel,Hyp,JPSS2,Hyp vs JPSS2,2025-09-29T10:30:00Z,2025-09-29T10:42:01Z,0.7773,173.8714,-173.8714,CV >= 30%
JPSS2_20250929T124201_vs_HYPERNETS_20250929T124500_RHOW_pixel.csv,THFR_pixel,Hyp,JPSS2,Hyp vs JPSS2,2025-09-29T10:45:00Z,2025-09-29T10:42:01Z,0.7894,170.5397,-170.5397,CV >= 30%
JPSS2_20250929T124201_vs_HYPERNETS_20250929T130000_RHOW_pixel.csv,THFR_pixel,Hyp,JPSS2,Hyp vs JPSS2,2025-09-29T11:00:00Z,2025-09-29T10:42:01Z,0.7904,175.5204,-175.5204,CV >= 30%
JPSS2_20250930T122401_vs_HYPERNETS_20250930T120000_RHOW_pixel.csv,THFR_pixel,Hyp,JPSS2,Hyp vs JPSS2,2025-09-30T10:00:00Z,2025-09-30T10:24:01Z,NA,107.2774,-107.2774,CV >= 30%
JPSS2_20250930T122401_vs_HYPERNETS_20250930T121500_RHOW_pixel.csv,THFR_pixel,Hyp,JPSS2,Hyp vs JPSS2,2025-09-30T10:15:00Z,2025-09-30T10:24:01Z,NA,118.447,-118.447,CV >= 30%
JPSS2_20250930T122401_vs_HYPERNETS_20250930T123000_RHOW_pixel.csv,THFR_pixel,Hyp,JPSS2,Hyp vs JPSS2,2025-09-30T10:30:00Z,2025-09-30T10:24:01Z,NA,126.9703,-126.9703,CV >= 30%
JPSS2_20250930T122401_vs_HYPERNETS_20250930T124500_RHOW_pixel.csv,THFR_pixel,Hyp,JPSS2,Hyp vs JPSS2,2025-09-30T10:45:00Z,2025-09-30T10:24:01Z,NA,122.2617,-122.2617,CV >= 30%
JPSS2_20251001T120600_vs_HYPERNETS_20251001T114500_RHOW_pixel.csv,THFR_pixel,Hyp,JPSS2,Hyp vs JPSS2,2025-10-01T09:45:00Z,2025-10-01T10:06:00Z,NA,180.367,-180.367,CV >= 30%
JPSS2_20251001T120600_vs_HYPERNETS_20251001T120000_RHOW_pixel.csv,THFR_pixel,Hyp,JPSS2,Hyp vs JPSS2,2025-10-01T10:00:00Z,2025-10-01T10:06:00Z,NA,181.0275,-181.0275,CV >= 30%
JPSS2_20251001T120600_vs_HYPERNETS_20251001T121500_RHOW_pixel.csv,THFR_pixel,Hyp,JPSS2,Hyp vs JPSS2,2025-10-01T10:15:00Z,2025-10-01T10:06:00Z,NA,191.5654,-191.5654,CV >= 30%
JPSS2_20251001T120600_vs_HYPERNETS_20251001T123000_RHOW_pixel.csv,THFR_pixel,Hyp,JPSS2,Hyp vs JPSS2,2025-10-01T10:30:00Z,2025-10-01T10:06:00Z,NA,185.8169,-185.8169,CV >= 30%
JPSS2_20251005T123000_vs_HYPERNETS_20251005T120000_RHOW_pixel.csv,THFR_pixel,Hyp,JPSS2,Hyp vs JPSS2,2025-10-05T10:00:00Z,2025-10-05T10:30:00Z,0.748,74.3153,-74.3153,CV >= 30%
JPSS2_20251005T123000_vs_HYPERNETS_20251005T121500_RHOW_pixel.csv,THFR_pixel,Hyp,JPSS2,Hyp vs JPSS2,2025-10-05T10:15:00Z,2025-10-05T10:30:00Z,0.7488,77.9658,-77.9658,CV >= 30%
JPSS2_20251005T123000_vs_HYPERNETS_20251005T123000_RHOW_pixel.csv,THFR_pixel,Hyp,JPSS2,Hyp vs JPSS2,2025-10-05T10:30:00Z,2025-10-05T10:30:00Z,0.7602,78.5644,-78.5644,CV >= 30%
JPSS2_20251005T123000_vs_HYPERNETS_20251005T124500_RHOW_pixel.csv,THFR_pixel,Hyp,JPSS2,Hyp vs JPSS2,2025-10-05T10:45:00Z,2025-10-05T10:30:00Z,0.7408,88.7656,-88.7656,CV >= 30%
JPSS2_20251005T123000_vs_HYPERNETS_20251005T130000_RHOW_pixel.csv,THFR_pixel,Hyp,JPSS2,Hyp vs JPSS2,2025-10-05T11:00:00Z,2025-10-05T10:30:00Z,0.7449,84.8982,-84.8982,CV >= 30%
JPSS2_20251008T131201_vs_HYPERNETS_20251008T124500_RHOW_pixel.csv,THFR_pixel,Hyp,JPSS2,Hyp vs JPSS2,2025-10-08T10:45:00Z,2025-10-08T11:12:01Z,NA,65.5557,-57.3464,CV >= 30%
JPSS2_20251008T131201_vs_HYPERNETS_20251008T130000_RHOW_pixel.csv,THFR_pixel,Hyp,JPSS2,Hyp vs JPSS2,2025-10-08T11:00:00Z,2025-10-08T11:12:01Z,NA,64.2459,-63.2064,CV >= 30%
JPSS2_20251008T131201_vs_HYPERNETS_20251008T131500_RHOW_pixel.csv,THFR_pixel,Hyp,JPSS2,Hyp vs JPSS2,2025-10-08T11:15:00Z,2025-10-08T11:12:01Z,NA,62.4419,-49.743,CV >= 30%
JPSS2_20251008T131201_vs_HYPERNETS_20251008T133000_RHOW_pixel.csv,THFR_pixel,Hyp,JPSS2,Hyp vs JPSS2,2025-10-08T11:30:00Z,2025-10-08T11:12:01Z,NA,61.606,-43.0033,CV >= 30%
JPSS2_20251010T123601_vs_HYPERNETS_20251010T121500_RHOW_pixel.csv,THFR_pixel,Hyp,JPSS2,Hyp vs JPSS2,2025-10-10T10:15:00Z,2025-10-10T10:36:01Z,NA,178.9635,-178.9635,CV >= 30%
JPSS2_20251010T123601_vs_HYPERNETS_20251010T123000_RHOW_pixel.csv,THFR_pixel,Hyp,JPSS2,Hyp vs JPSS2,2025-10-10T10:30:00Z,2025-10-10T10:36:01Z,NA,170.8655,-170.8655,CV >= 30%
JPSS2_20251010T123601_vs_HYPERNETS_20251010T124500_RHOW_pixel.csv,THFR_pixel,Hyp,JPSS2,Hyp vs JPSS2,2025-10-10T10:45:00Z,2025-10-10T10:36:01Z,NA,168.5583,-168.5583,CV >= 30%
JPSS2_20251010T123601_vs_HYPERNETS_20251010T130000_RHOW_pixel.csv,THFR_pixel,Hyp,JPSS2,Hyp vs JPSS2,2025-10-10T11:00:00Z,2025-10-10T10:36:01Z,NA,156.1182,-156.1182,CV >= 30%
JPSS2_20251011T121800_vs_HYPERNETS_20251011T120000_RHOW_pixel.csv,THFR_pixel,Hyp,JPSS2,Hyp vs JPSS2,2025-10-11T10:00:00Z,2025-10-11T10:18:00Z,NA,158.7726,-158.7726,CV >= 30%
JPSS2_20251011T121800_vs_HYPERNETS_20251011T121500_RHOW_pixel.csv,THFR_pixel,Hyp,JPSS2,Hyp vs JPSS2,2025-10-11T10:15:00Z,2025-10-11T10:18:00Z,NA,148.4597,-148.4597,CV >= 30%
JPSS2_20251011T121800_vs_HYPERNETS_20251011T123000_RHOW_pixel.csv,THFR_pixel,Hyp,JPSS2,Hyp vs JPSS2,2025-10-11T10:30:00Z,2025-10-11T10:18:00Z,NA,147.1945,-147.1945,CV >= 30%
JPSS2_20251011T121800_vs_HYPERNETS_20251011T124500_RHOW_pixel.csv,THFR_pixel,Hyp,JPSS2,Hyp vs JPSS2,2025-10-11T10:45:00Z,2025-10-11T10:18:00Z,NA,144.322,-144.322,CV >= 30%
JPSS2_20251015T124201_vs_HYPERNETS_20251015T121500_RHOW_pixel.csv,THFR_pixel,Hyp,JPSS2,Hyp vs JPSS2,2025-10-15T10:15:00Z,2025-10-15T10:42:01Z,NA,125.9417,-125.9417,CV >= 30%
JPSS2_20251015T124201_vs_HYPERNETS_20251015T124500_RHOW_pixel.csv,THFR_pixel,Hyp,JPSS2,Hyp vs JPSS2,2025-10-15T10:45:00Z,2025-10-15T10:42:01Z,NA,127.8753,-127.8753,CV >= 30%
JPSS2_20251015T124201_vs_HYPERNETS_20251015T130000_RHOW_pixel.csv,THFR_pixel,Hyp,JPSS2,Hyp vs JPSS2,2025-10-15T11:00:00Z,2025-10-15T10:42:01Z,NA,127.9819,-127.9819,CV >= 30%
JPSS2_20251016T122401_vs_HYPERNETS_20251016T120000_RHOW_pixel.csv,THFR_pixel,Hyp,JPSS2,Hyp vs JPSS2,2025-10-16T10:00:00Z,2025-10-16T10:24:01Z,NA,106.4097,-106.4097,CV >= 30%
JPSS2_20251016T122401_vs_HYPERNETS_20251016T123000_RHOW_pixel.csv,THFR_pixel,Hyp,JPSS2,Hyp vs JPSS2,2025-10-16T10:30:00Z,2025-10-16T10:24:01Z,NA,107.0231,-107.0231,CV >= 30%
JPSS2_20251016T122401_vs_HYPERNETS_20251016T124500_RHOW_pixel.csv,THFR_pixel,Hyp,JPSS2,Hyp vs JPSS2,2025-10-16T10:45:00Z,2025-10-16T10:24:01Z,NA,105.4037,-105.4037,CV >= 30%
JPSS2_20251017T120601_vs_HYPERNETS_20251017T114500_RHOW_pixel.csv,THFR_pixel,Hyp,JPSS2,Hyp vs JPSS2,2025-10-17T09:45:00Z,2025-10-17T10:06:01Z,NA,NA,NA,CV >= 30%
JPSS2_20251017T120601_vs_HYPERNETS_20251017T120000_RHOW_pixel.csv,THFR_pixel,Hyp,JPSS2,Hyp vs JPSS2,2025-10-17T10:00:00Z,2025-10-17T10:06:01Z,NA,NA,NA,CV >= 30%
JPSS2_20251017T120601_vs_HYPERNETS_20251017T121500_RHOW_pixel.csv,THFR_pixel,Hyp,JPSS2,Hyp vs JPSS2,2025-10-17T10:15:00Z,2025-10-17T10:06:01Z,NA,NA,NA,CV >= 30%
JPSS2_20251017T120601_vs_HYPERNETS_20251017T123000_RHOW_pixel.csv,THFR_pixel,Hyp,JPSS2,Hyp vs JPSS2,2025-10-17T10:30:00Z,2025-10-17T10:06:01Z,NA,NA,NA,CV >= 30%
JPSS2_20251026T123601_vs_HYPERNETS_20251026T121500_RHOW_pixel.csv,THFR_pixel,Hyp,JPSS2,Hyp vs JPSS2,2025-10-26T11:15:00Z,2025-10-26T11:36:01Z,NA,99.7484,-99.7484,CV >= 30%
JPSS2_20251026T123601_vs_HYPERNETS_20251026T123000_RHOW_pixel.csv,THFR_pixel,Hyp,JPSS2,Hyp vs JPSS2,2025-10-26T11:30:00Z,2025-10-26T11:36:01Z,NA,98.7714,-98.7714,CV >= 30%
JPSS2_20251026T123601_vs_HYPERNETS_20251026T124500_RHOW_pixel.csv,THFR_pixel,Hyp,JPSS2,Hyp vs JPSS2,2025-10-26T11:45:00Z,2025-10-26T11:36:01Z,NA,101.1106,-101.1106,CV >= 30%
JPSS2_20251026T123601_vs_HYPERNETS_20251026T130000_RHOW_pixel.csv,THFR_pixel,Hyp,JPSS2,Hyp vs JPSS2,2025-10-26T12:00:00Z,2025-10-26T11:36:01Z,NA,115.7361,-115.7361,CV >= 30%
JPSS2_20251028T120001_vs_HYPERNETS_20251028T113000_RHOW_pixel.csv,THFR_pixel,Hyp,JPSS2,Hyp vs JPSS2,2025-10-28T10:30:00Z,2025-10-28T11:00:01Z,0.7071,187.7522,-187.7522,CV >= 30%
JPSS2_20251028T120001_vs_HYPERNETS_20251028T114500_RHOW_pixel.csv,THFR_pixel,Hyp,JPSS2,Hyp vs JPSS2,2025-10-28T10:45:00Z,2025-10-28T11:00:01Z,0.6792,200.1436,-200.1436,CV >= 30%
JPSS2_20251028T120001_vs_HYPERNETS_20251028T120000_RHOW_pixel.csv,THFR_pixel,Hyp,JPSS2,Hyp vs JPSS2,2025-10-28T11:00:00Z,2025-10-28T11:00:01Z,0.6724,206.0862,-206.0862,CV >= 30%
JPSS2_20251028T120001_vs_HYPERNETS_20251028T121500_RHOW_pixel.csv,THFR_pixel,Hyp,JPSS2,Hyp vs JPSS2,2025-10-28T11:15:00Z,2025-10-28T11:00:01Z,0.6611,216.6169,-216.6169,CV >= 30%
JPSS2_20251030T130000_vs_HYPERNETS_20251030T123000_RHOW_pixel.csv,THFR_pixel,Hyp,JPSS2,Hyp vs JPSS2,2025-10-30T11:30:00Z,2025-10-30T12:00:00Z,0.6745,151.269,-151.269,CV >= 30%
JPSS2_20251030T130000_vs_HYPERNETS_20251030T124500_RHOW_pixel.csv,THFR_pixel,Hyp,JPSS2,Hyp vs JPSS2,2025-10-30T11:45:00Z,2025-10-30T12:00:00Z,0.6475,158.6362,-158.6362,CV >= 30%
JPSS2_20251030T130000_vs_HYPERNETS_20251030T130000_RHOW_pixel.csv,THFR_pixel,Hyp,JPSS2,Hyp vs JPSS2,2025-10-30T12:00:00Z,2025-10-30T12:00:00Z,0.6621,153.6752,-153.6752,CV >= 30%
JPSS2_20251030T130000_vs_HYPERNETS_20251030T131500_RHOW_pixel.csv,THFR_pixel,Hyp,JPSS2,Hyp vs JPSS2,2025-10-30T12:15:00Z,2025-10-30T12:00:00Z,0.6472,165.5286,-165.5286,CV >= 30%
JPSS2_20251030T130000_vs_HYPERNETS_20251030T133000_RHOW_pixel.csv,THFR_pixel,Hyp,JPSS2,Hyp vs JPSS2,2025-10-30T12:30:00Z,2025-10-30T12:00:00Z,0.6577,159.3331,-159.3331,CV >= 30%
JPSS2_20251107T121200_vs_HYPERNETS_20251107T114500_RHOW_pixel.csv,THFR_pixel,Hyp,JPSS2,Hyp vs JPSS2,2025-11-07T10:45:00Z,2025-11-07T11:12:00Z,NA,179.3524,-179.3524,CV >= 30%
JPSS2_20251107T121200_vs_HYPERNETS_20251107T120000_RHOW_pixel.csv,THFR_pixel,Hyp,JPSS2,Hyp vs JPSS2,2025-11-07T11:00:00Z,2025-11-07T11:12:00Z,NA,179.5558,-179.5558,CV >= 30%
JPSS2_20251107T121200_vs_HYPERNETS_20251107T121500_RHOW_pixel.csv,THFR_pixel,Hyp,JPSS2,Hyp vs JPSS2,2025-11-07T11:15:00Z,2025-11-07T11:12:00Z,NA,176.7029,-176.7029,CV >= 30%
JPSS2_20251107T121200_vs_HYPERNETS_20251107T123000_RHOW_pixel.csv,THFR_pixel,Hyp,JPSS2,Hyp vs JPSS2,2025-11-07T11:30:00Z,2025-11-07T11:12:00Z,NA,183.1299,-183.1299,CV >= 30%
JPSS2_20251111T123600_vs_HYPERNETS_20251111T121500_RHOW_pixel.csv,THFR_pixel,Hyp,JPSS2,Hyp vs JPSS2,2025-11-11T11:15:00Z,2025-11-11T11:36:00Z,NA,209.7386,-209.7386,CV >= 30%
JPSS2_20251111T123600_vs_HYPERNETS_20251111T123000_RHOW_pixel.csv,THFR_pixel,Hyp,JPSS2,Hyp vs JPSS2,2025-11-11T11:30:00Z,2025-11-11T11:36:00Z,NA,201.0883,-201.0883,CV >= 30%
JPSS2_20251111T123600_vs_HYPERNETS_20251111T124500_RHOW_pixel.csv,THFR_pixel,Hyp,JPSS2,Hyp vs JPSS2,2025-11-11T11:45:00Z,2025-11-11T11:36:00Z,NA,197.3329,-197.3329,CV >= 30%
JPSS2_20251111T123600_vs_HYPERNETS_20251111T130000_RHOW_pixel.csv,THFR_pixel,Hyp,JPSS2,Hyp vs JPSS2,2025-11-11T12:00:00Z,2025-11-11T11:36:00Z,NA,192.7926,-192.7926,CV >= 30%
JPSS2_20251116T124200_vs_HYPERNETS_20251116T121500_RHOW_pixel.csv,THFR_pixel,Hyp,JPSS2,Hyp vs JPSS2,2025-11-16T11:15:00Z,2025-11-16T11:42:00Z,NA,147.9907,-147.9907,CV >= 30%
JPSS2_20251116T124200_vs_HYPERNETS_20251116T123000_RHOW_pixel.csv,THFR_pixel,Hyp,JPSS2,Hyp vs JPSS2,2025-11-16T11:30:00Z,2025-11-16T11:42:00Z,NA,143.6601,-143.6601,CV >= 30%
JPSS2_20251116T124200_vs_HYPERNETS_20251116T124500_RHOW_pixel.csv,THFR_pixel,Hyp,JPSS2,Hyp vs JPSS2,2025-11-16T11:45:00Z,2025-11-16T11:42:00Z,NA,145.7083,-145.7083,CV >= 30%
JPSS2_20251116T124200_vs_HYPERNETS_20251116T130000_RHOW_pixel.csv,THFR_pixel,Hyp,JPSS2,Hyp vs JPSS2,2025-11-16T12:00:00Z,2025-11-16T11:42:00Z,NA,139.2576,-139.2576,CV >= 30%
JPSS2_20251117T122400_vs_HYPERNETS_20251117T120000_RHOW_pixel.csv,THFR_pixel,Hyp,JPSS2,Hyp vs JPSS2,2025-11-17T11:00:00Z,2025-11-17T11:24:00Z,NA,127.2674,-127.2674,CV >= 30%
JPSS2_20251117T122400_vs_HYPERNETS_20251117T121500_RHOW_pixel.csv,THFR_pixel,Hyp,JPSS2,Hyp vs JPSS2,2025-11-17T11:15:00Z,2025-11-17T11:24:00Z,NA,124.3349,-124.3349,CV >= 30%
JPSS2_20251117T122400_vs_HYPERNETS_20251117T123100_RHOW_pixel.csv,THFR_pixel,Hyp,JPSS2,Hyp vs JPSS2,2025-11-17T11:31:00Z,2025-11-17T11:24:00Z,NA,112.3559,-112.3559,CV >= 30%
JPSS2_20251117T122400_vs_HYPERNETS_20251117T124500_RHOW_pixel.csv,THFR_pixel,Hyp,JPSS2,Hyp vs JPSS2,2025-11-17T11:45:00Z,2025-11-17T11:24:00Z,NA,110.3513,-110.3513,CV >= 30%
JPSS2_20251121T124800_vs_HYPERNETS_20251121T123000_RHOW_pixel.csv,THFR_pixel,Hyp,JPSS2,Hyp vs JPSS2,2025-11-21T11:30:00Z,2025-11-21T11:48:00Z,NA,184.7339,-184.7339,CV >= 30%
JPSS2_20251121T124800_vs_HYPERNETS_20251121T124500_RHOW_pixel.csv,THFR_pixel,Hyp,JPSS2,Hyp vs JPSS2,2025-11-21T11:45:00Z,2025-11-21T11:48:00Z,NA,188.5251,-188.5251,CV >= 30%
JPSS2_20251121T124800_vs_HYPERNETS_20251121T130000_RHOW_pixel.csv,THFR_pixel,Hyp,JPSS2,Hyp vs JPSS2,2025-11-21T12:00:00Z,2025-11-21T11:48:00Z,NA,207.7424,-207.7424,CV >= 30%
JPSS2_20251121T124800_vs_HYPERNETS_20251121T131500_RHOW_pixel.csv,THFR_pixel,Hyp,JPSS2,Hyp vs JPSS2,2025-11-21T12:15:00Z,2025-11-21T11:48:00Z,NA,209.7714,-209.7714,CV >= 30%
JPSS2_20251122T123000_vs_HYPERNETS_20251122T120000_RHOW_pixel.csv,THFR_pixel,Hyp,JPSS2,Hyp vs JPSS2,2025-11-22T11:00:00Z,2025-11-22T11:30:00Z,0.6596,88.3254,-88.3254,CV >= 30%
JPSS2_20251122T123000_vs_HYPERNETS_20251122T121500_RHOW_pixel.csv,THFR_pixel,Hyp,JPSS2,Hyp vs JPSS2,2025-11-22T11:15:00Z,2025-11-22T11:30:00Z,0.6881,71.2099,-71.2099,CV >= 30%
JPSS2_20251122T123000_vs_HYPERNETS_20251122T123000_RHOW_pixel.csv,THFR_pixel,Hyp,JPSS2,Hyp vs JPSS2,2025-11-22T11:30:00Z,2025-11-22T11:30:00Z,0.7064,65.3125,-65.3125,CV >= 30%
JPSS2_20251122T123000_vs_HYPERNETS_20251122T124500_RHOW_pixel.csv,THFR_pixel,Hyp,JPSS2,Hyp vs JPSS2,2025-11-22T11:45:00Z,2025-11-22T11:30:00Z,0.7155,62.8407,-62.8407,CV >= 30%
JPSS2_20251122T123000_vs_HYPERNETS_20251122T130000_RHOW_pixel.csv,THFR_pixel,Hyp,JPSS2,Hyp vs JPSS2,2025-11-22T12:00:00Z,2025-11-22T11:30:00Z,0.7271,57.4966,-57.4966,CV >= 30%
JPSS2_20251126T125401_vs_HYPERNETS_20251126T123000_RHOW_pixel.csv,THFR_pixel,Hyp,JPSS2,Hyp vs JPSS2,2025-11-26T11:30:00Z,2025-11-26T11:54:01Z,0.1629,104.5464,-104.5464,CV >= 30%
JPSS2_20251126T125401_vs_HYPERNETS_20251126T124500_RHOW_pixel.csv,THFR_pixel,Hyp,JPSS2,Hyp vs JPSS2,2025-11-26T11:45:00Z,2025-11-26T11:54:01Z,0.1669,104.3553,-104.3553,CV >= 30%
JPSS2_20251126T125401_vs_HYPERNETS_20251126T130000_RHOW_pixel.csv,THFR_pixel,Hyp,JPSS2,Hyp vs JPSS2,2025-11-26T12:00:00Z,2025-11-26T11:54:01Z,0.1589,99.1867,-99.1867,CV >= 30%
JPSS2_20251127T123601_vs_HYPERNETS_20251127T121500_RHOW_pixel.csv,THFR_pixel,Hyp,JPSS2,Hyp vs JPSS2,2025-11-27T11:15:00Z,2025-11-27T11:36:01Z,NA,86.5421,-86.5421,CV >= 30%
JPSS2_20251127T123601_vs_HYPERNETS_20251127T123000_RHOW_pixel.csv,THFR_pixel,Hyp,JPSS2,Hyp vs JPSS2,2025-11-27T11:30:00Z,2025-11-27T11:36:01Z,NA,85.5245,-85.5245,CV >= 30%
JPSS2_20251127T123601_vs_HYPERNETS_20251127T124500_RHOW_pixel.csv,THFR_pixel,Hyp,JPSS2,Hyp vs JPSS2,2025-11-27T11:45:00Z,2025-11-27T11:36:01Z,NA,86.2582,-86.2582,CV >= 30%
JPSS2_20251127T123601_vs_HYPERNETS_20251127T130000_RHOW_pixel.csv,THFR_pixel,Hyp,JPSS2,Hyp vs JPSS2,2025-11-27T12:00:00Z,2025-11-27T11:36:01Z,NA,76.0246,-76.0246,CV >= 30%
JPSS2_20251208T123001_vs_HYPERNETS_20251208T120000_RHOW_pixel.csv,THFR_pixel,Hyp,JPSS2,Hyp vs JPSS2,2025-12-08T11:00:00Z,2025-12-08T11:30:01Z,NA,193.3659,-193.3659,CV >= 30%
JPSS2_20251208T123001_vs_HYPERNETS_20251208T121500_RHOW_pixel.csv,THFR_pixel,Hyp,JPSS2,Hyp vs JPSS2,2025-12-08T11:15:00Z,2025-12-08T11:30:01Z,NA,195.7573,-195.7573,CV >= 30%
JPSS2_20251208T123001_vs_HYPERNETS_20251208T123000_RHOW_pixel.csv,THFR_pixel,Hyp,JPSS2,Hyp vs JPSS2,2025-12-08T11:30:00Z,2025-12-08T11:30:01Z,NA,194.0634,-194.0634,CV >= 30%
JPSS2_20251208T123001_vs_HYPERNETS_20251208T124500_RHOW_pixel.csv,THFR_pixel,Hyp,JPSS2,Hyp vs JPSS2,2025-12-08T11:45:00Z,2025-12-08T11:30:01Z,NA,179.7902,-179.7902,CV >= 30%
JPSS2_20251208T123001_vs_HYPERNETS_20251208T130000_RHOW_pixel.csv,THFR_pixel,Hyp,JPSS2,Hyp vs JPSS2,2025-12-08T12:00:00Z,2025-12-08T11:30:01Z,NA,189.8632,-189.8632,CV >= 30%
JPSS2_20251214T121801_vs_HYPERNETS_20251214T120000_RHOW_pixel.csv,THFR_pixel,Hyp,JPSS2,Hyp vs JPSS2,2025-12-14T11:00:00Z,2025-12-14T11:18:01Z,NA,NA,NA,CV >= 30%
JPSS2_20251214T121801_vs_HYPERNETS_20251214T121500_RHOW_pixel.csv,THFR_pixel,Hyp,JPSS2,Hyp vs JPSS2,2025-12-14T11:15:00Z,2025-12-14T11:18:01Z,NA,NA,NA,CV >= 30%
JPSS2_20251228T125400_vs_HYPERNETS_20251228T123000_RHOW_pixel.csv,THFR_pixel,Hyp,JPSS2,Hyp vs JPSS2,2025-12-28T11:30:00Z,2025-12-28T11:54:00Z,NA,93.3433,-93.3433,CV >= 30%
JPSS2_20251228T125400_vs_HYPERNETS_20251228T130000_RHOW_pixel.csv,THFR_pixel,Hyp,JPSS2,Hyp vs JPSS2,2025-12-28T12:00:00Z,2025-12-28T11:54:00Z,NA,80.9106,-80.9106,CV >= 30%
JPSS2_20251228T125400_vs_HYPERNETS_20251228T131500_RHOW_pixel.csv,THFR_pixel,Hyp,JPSS2,Hyp vs JPSS2,2025-12-28T12:15:00Z,2025-12-28T11:54:00Z,NA,77.0299,-77.0299,CV >= 30%
JPSS2_20251229T123600_vs_HYPERNETS_20251229T121500_RHOW_pixel.csv,THFR_pixel,Hyp,JPSS2,Hyp vs JPSS2,2025-12-29T11:15:00Z,2025-12-29T11:36:00Z,NA,113.3959,-113.3959,CV >= 30%
JPSS2_20251229T123600_vs_HYPERNETS_20251229T123000_RHOW_pixel.csv,THFR_pixel,Hyp,JPSS2,Hyp vs JPSS2,2025-12-29T11:30:00Z,2025-12-29T11:36:00Z,NA,105.7383,-105.7383,CV >= 30%
JPSS2_20251229T123600_vs_HYPERNETS_20251229T124500_RHOW_pixel.csv,THFR_pixel,Hyp,JPSS2,Hyp vs JPSS2,2025-12-29T11:45:00Z,2025-12-29T11:36:00Z,NA,100.6868,-100.6868,CV >= 30%
JPSS2_20251229T123600_vs_HYPERNETS_20251229T130000_RHOW_pixel.csv,THFR_pixel,Hyp,JPSS2,Hyp vs JPSS2,2025-12-29T12:00:00Z,2025-12-29T11:36:00Z,NA,94.6948,-94.6948,CV >= 30%
JPSS2_20251230T121800_vs_HYPERNETS_20251230T120000_RHOW_pixel.csv,THFR_pixel,Hyp,JPSS2,Hyp vs JPSS2,2025-12-30T11:00:00Z,2025-12-30T11:18:00Z,NA,123.6378,-123.6378,CV >= 30%
JPSS2_20251230T121800_vs_HYPERNETS_20251230T121500_RHOW_pixel.csv,THFR_pixel,Hyp,JPSS2,Hyp vs JPSS2,2025-12-30T11:15:00Z,2025-12-30T11:18:00Z,NA,115.4162,-115.4162,CV >= 30%
JPSS2_20251230T121800_vs_HYPERNETS_20251230T123000_RHOW_pixel.csv,THFR_pixel,Hyp,JPSS2,Hyp vs JPSS2,2025-12-30T11:30:00Z,2025-12-30T11:18:00Z,NA,119.597,-119.597,CV >= 30%
JPSS2_20251230T121800_vs_HYPERNETS_20251230T124500_RHOW_pixel.csv,THFR_pixel,Hyp,JPSS2,Hyp vs JPSS2,2025-12-30T11:45:00Z,2025-12-30T11:18:00Z,NA,114.7022,-114.7022,CV >= 30%
JPSS2_20251231T120000_vs_HYPERNETS_20251231T113000_RHOW_pixel.csv,THFR_pixel,Hyp,JPSS2,Hyp vs JPSS2,2025-12-31T10:30:00Z,2025-12-31T11:00:00Z,NA,61.9174,-61.9174,CV >= 30%
JPSS2_20251231T120000_vs_HYPERNETS_20251231T114500_RHOW_pixel.csv,THFR_pixel,Hyp,JPSS2,Hyp vs JPSS2,2025-12-31T10:45:00Z,2025-12-31T11:00:00Z,NA,59.1205,-59.1205,CV >= 30%
JPSS2_20251231T120000_vs_HYPERNETS_20251231T120000_RHOW_pixel.csv,THFR_pixel,Hyp,JPSS2,Hyp vs JPSS2,2025-12-31T11:00:00Z,2025-12-31T11:00:00Z,NA,58.9188,-58.9188,CV >= 30%
JPSS2_20251231T120000_vs_HYPERNETS_20251231T121500_RHOW_pixel.csv,THFR_pixel,Hyp,JPSS2,Hyp vs JPSS2,2025-12-31T11:15:00Z,2025-12-31T11:00:00Z,NA,48.8135,-48.8135,CV >= 30%
JPSS2_20251231T120000_vs_HYPERNETS_20251231T123000_RHOW_pixel.csv,THFR_pixel,Hyp,JPSS2,Hyp vs JPSS2,2025-12-31T11:30:00Z,2025-12-31T11:00:00Z,NA,44.0091,-44.0091,CV >= 30%
SNPP_20251012T122401_vs_HYPERNETS_20251012T120000_RHOW_NE.csv,THFR_NE,Hyp,SNPP,Hyp vs SNPP,2025-10-12T10:00:00Z,2025-10-12T10:24:01Z,0.5669,114.7711,-114.7711,CV >= 30%
SNPP_20251012T122401_vs_HYPERNETS_20251012T121500_RHOW_NE.csv,THFR_NE,Hyp,SNPP,Hyp vs SNPP,2025-10-12T10:15:00Z,2025-10-12T10:24:01Z,0.5705,114.5229,-114.5229,CV >= 30%
SNPP_20251012T122401_vs_HYPERNETS_20251012T123000_RHOW_NE.csv,THFR_NE,Hyp,SNPP,Hyp vs SNPP,2025-10-12T10:30:00Z,2025-10-12T10:24:01Z,0.5717,105.1022,-105.1022,CV >= 30%
JPSS1_20250905T124200_vs_HYPERNETS_20250905T121500_RHOW_NE.csv,THFR_NE,Hyp,JPSS1,Hyp vs JPSS1,2025-09-05T10:15:00Z,2025-09-05T10:42:00Z,1.0846,121.7316,-121.7316,CV >= 30%
JPSS1_20250905T124200_vs_HYPERNETS_20250905T123000_RHOW_NE.csv,THFR_NE,Hyp,JPSS1,Hyp vs JPSS1,2025-09-05T10:30:00Z,2025-09-05T10:42:00Z,1.0666,125.2128,-125.2128,CV >= 30%
JPSS1_20250905T124200_vs_HYPERNETS_20250905T124500_RHOW_NE.csv,THFR_NE,Hyp,JPSS1,Hyp vs JPSS1,2025-09-05T10:45:00Z,2025-09-05T10:42:00Z,1.0687,114.0445,-114.0445,CV >= 30%
JPSS1_20250905T124200_vs_HYPERNETS_20250905T130000_RHOW_NE.csv,THFR_NE,Hyp,JPSS1,Hyp vs JPSS1,2025-09-05T11:00:00Z,2025-09-05T10:42:00Z,1.069,117.1452,-117.1452,CV >= 30%
JPSS1_20251205T123600_vs_HYPERNETS_20251205T121500_RHOW_NE.csv,THFR_NE,Hyp,JPSS1,Hyp vs JPSS1,2025-12-05T11:15:00Z,2025-12-05T11:36:00Z,NA,NA,NA,CV >= 30%
JPSS1_20251205T123600_vs_HYPERNETS_20251205T124500_RHOW_NE.csv,THFR_NE,Hyp,JPSS1,Hyp vs JPSS1,2025-12-05T11:45:00Z,2025-12-05T11:36:00Z,NA,NA,NA,CV >= 30%
JPSS1_20251205T123600_vs_HYPERNETS_20251205T130000_RHOW_NE.csv,THFR_NE,Hyp,JPSS1,Hyp vs JPSS1,2025-12-05T12:00:00Z,2025-12-05T11:36:00Z,NA,NA,NA,CV >= 30%
JPSS2_20250616T121201_vs_HYPERNETS_20250616T114500_RHOW_NE.csv,THFR_NE,Hyp,JPSS2,Hyp vs JPSS2,2025-06-16T09:45:00Z,2025-06-16T10:12:01Z,-0.9525,79.3682,-33.3911,CV >= 30%
JPSS2_20250616T121201_vs_HYPERNETS_20250616T120000_RHOW_NE.csv,THFR_NE,Hyp,JPSS2,Hyp vs JPSS2,2025-06-16T10:00:00Z,2025-06-16T10:12:01Z,-0.9499,74.0525,-29.8996,CV >= 30%
JPSS2_20250616T121201_vs_HYPERNETS_20250616T121500_RHOW_NE.csv,THFR_NE,Hyp,JPSS2,Hyp vs JPSS2,2025-06-16T10:15:00Z,2025-06-16T10:12:01Z,-0.9688,69.8405,-27.1299,CV >= 30%
JPSS2_20250616T121201_vs_HYPERNETS_20250616T123000_RHOW_NE.csv,THFR_NE,Hyp,JPSS2,Hyp vs JPSS2,2025-06-16T10:30:00Z,2025-06-16T10:12:01Z,-0.9821,74.3535,-27.6034,CV >= 30%
JPSS2_20250930T122401_vs_HYPERNETS_20250930T120000_RHOW_NE.csv,THFR_NE,Hyp,JPSS2,Hyp vs JPSS2,2025-09-30T10:00:00Z,2025-09-30T10:24:01Z,0.604,93.6379,-93.6379,CV >= 30%
JPSS2_20250930T122401_vs_HYPERNETS_20250930T121500_RHOW_NE.csv,THFR_NE,Hyp,JPSS2,Hyp vs JPSS2,2025-09-30T10:15:00Z,2025-09-30T10:24:01Z,0.5712,104.878,-104.878,CV >= 30%
JPSS2_20250930T122401_vs_HYPERNETS_20250930T123000_RHOW_NE.csv,THFR_NE,Hyp,JPSS2,Hyp vs JPSS2,2025-09-30T10:30:00Z,2025-09-30T10:24:01Z,0.5522,111.7915,-111.7915,CV >= 30%
JPSS2_20250930T122401_vs_HYPERNETS_20250930T124500_RHOW_NE.csv,THFR_NE,Hyp,JPSS2,Hyp vs JPSS2,2025-09-30T10:45:00Z,2025-09-30T10:24:01Z,0.5652,106.1167,-106.1167,CV >= 30%
JPSS2_20251005T123000_vs_HYPERNETS_20251005T120000_RHOW_NE.csv,THFR_NE,Hyp,JPSS2,Hyp vs JPSS2,2025-10-05T10:00:00Z,2025-10-05T10:30:00Z,0.8781,67.2346,-67.2346,CV >= 30%
JPSS2_20251005T123000_vs_HYPERNETS_20251005T121500_RHOW_NE.csv,THFR_NE,Hyp,JPSS2,Hyp vs JPSS2,2025-10-05T10:15:00Z,2025-10-05T10:30:00Z,0.8759,66.7063,-66.7063,CV >= 30%
JPSS2_20251005T123000_vs_HYPERNETS_20251005T123000_RHOW_NE.csv,THFR_NE,Hyp,JPSS2,Hyp vs JPSS2,2025-10-05T10:30:00Z,2025-10-05T10:30:00Z,0.8884,64.9142,-64.9142,CV >= 30%
JPSS2_20251005T123000_vs_HYPERNETS_20251005T124500_RHOW_NE.csv,THFR_NE,Hyp,JPSS2,Hyp vs JPSS2,2025-10-05T10:45:00Z,2025-10-05T10:30:00Z,0.8653,70.7652,-70.7652,CV >= 30%
JPSS2_20251005T123000_vs_HYPERNETS_20251005T130000_RHOW_NE.csv,THFR_NE,Hyp,JPSS2,Hyp vs JPSS2,2025-10-05T11:00:00Z,2025-10-05T10:30:00Z,0.8613,64.4811,-64.4811,CV >= 30%
SNPP_20250910T122401_vs_HYPERNETS_20250910T123000_RHOW_poly.csv,THFR_poly,Hyp,SNPP,Hyp vs SNPP,2025-09-10T10:30:00Z,2025-09-10T10:24:01Z,0.9532,62.3742,24.4977,CV >= 30%
SNPP_20251012T122401_vs_HYPERNETS_20251012T120000_RHOW_poly.csv,THFR_poly,Hyp,SNPP,Hyp vs SNPP,2025-10-12T10:00:00Z,2025-10-12T10:24:01Z,0.5669,114.7711,-114.7711,CV >= 30%
SNPP_20251012T122401_vs_HYPERNETS_20251012T121500_RHOW_poly.csv,THFR_poly,Hyp,SNPP,Hyp vs SNPP,2025-10-12T10:15:00Z,2025-10-12T10:24:01Z,0.5705,114.5229,-114.5229,CV >= 30%
SNPP_20251012T122401_vs_HYPERNETS_20251012T123000_RHOW_poly.csv,THFR_poly,Hyp,SNPP,Hyp vs SNPP,2025-10-12T10:30:00Z,2025-10-12T10:24:01Z,0.5717,105.1022,-105.1022,CV >= 30%
JPSS1_20250905T124200_vs_HYPERNETS_20250905T121500_RHOW_poly.csv,THFR_poly,Hyp,JPSS1,Hyp vs JPSS1,2025-09-05T10:15:00Z,2025-09-05T10:42:00Z,1.0846,121.7316,-121.7316,CV >= 30%
JPSS1_20250905T124200_vs_HYPERNETS_20250905T123000_RHOW_poly.csv,THFR_poly,Hyp,JPSS1,Hyp vs JPSS1,2025-09-05T10:30:00Z,2025-09-05T10:42:00Z,1.0666,125.2128,-125.2128,CV >= 30%
JPSS1_20250905T124200_vs_HYPERNETS_20250905T124500_RHOW_poly.csv,THFR_poly,Hyp,JPSS1,Hyp vs JPSS1,2025-09-05T10:45:00Z,2025-09-05T10:42:00Z,1.0687,114.0445,-114.0445,CV >= 30%
JPSS1_20250905T124200_vs_HYPERNETS_20250905T130000_RHOW_poly.csv,THFR_poly,Hyp,JPSS1,Hyp vs JPSS1,2025-09-05T11:00:00Z,2025-09-05T10:42:00Z,1.069,117.1452,-117.1452,CV >= 30%
JPSS1_20251205T123600_vs_HYPERNETS_20251205T121500_RHOW_poly.csv,THFR_poly,Hyp,JPSS1,Hyp vs JPSS1,2025-12-05T11:15:00Z,2025-12-05T11:36:00Z,NA,NA,NA,CV >= 30%
JPSS1_20251205T123600_vs_HYPERNETS_20251205T124500_RHOW_poly.csv,THFR_poly,Hyp,JPSS1,Hyp vs JPSS1,2025-12-05T11:45:00Z,2025-12-05T11:36:00Z,NA,NA,NA,CV >= 30%
JPSS1_20251205T123600_vs_HYPERNETS_20251205T130000_RHOW_poly.csv,THFR_poly,Hyp,JPSS1,Hyp vs JPSS1,2025-12-05T12:00:00Z,2025-12-05T11:36:00Z,NA,NA,NA,CV >= 30%
JPSS2_20250930T122401_vs_HYPERNETS_20250930T120000_RHOW_poly.csv,THFR_poly,Hyp,JPSS2,Hyp vs JPSS2,2025-09-30T10:00:00Z,2025-09-30T10:24:01Z,0.604,93.6379,-93.6379,CV >= 30%
JPSS2_20250930T122401_vs_HYPERNETS_20250930T121500_RHOW_poly.csv,THFR_poly,Hyp,JPSS2,Hyp vs JPSS2,2025-09-30T10:15:00Z,2025-09-30T10:24:01Z,0.5712,104.878,-104.878,CV >= 30%
JPSS2_20250930T122401_vs_HYPERNETS_20250930T123000_RHOW_poly.csv,THFR_poly,Hyp,JPSS2,Hyp vs JPSS2,2025-09-30T10:30:00Z,2025-09-30T10:24:01Z,0.5522,111.7915,-111.7915,CV >= 30%
JPSS2_20250930T122401_vs_HYPERNETS_20250930T124500_RHOW_poly.csv,THFR_poly,Hyp,JPSS2,Hyp vs JPSS2,2025-09-30T10:45:00Z,2025-09-30T10:24:01Z,0.5652,106.1167,-106.1167,CV >= 30%
SNPP_20250117T124800_vs_HYPERNETS_20250117T123000_RHOW_raw.csv,THFR_raw,Hyp,SNPP,Hyp vs SNPP,2025-01-17T11:30:00Z,2025-01-17T11:48:00Z,1.2559,179.7153,-179.7153,CV >= 30%
SNPP_20250117T124800_vs_HYPERNETS_20250117T124500_RHOW_raw.csv,THFR_raw,Hyp,SNPP,Hyp vs SNPP,2025-01-17T11:45:00Z,2025-01-17T11:48:00Z,1.2796,170.9093,-170.9093,CV >= 30%
SNPP_20250117T124800_vs_HYPERNETS_20250117T130000_RHOW_raw.csv,THFR_raw,Hyp,SNPP,Hyp vs SNPP,2025-01-17T12:00:00Z,2025-01-17T11:48:00Z,1.2936,165.6812,-165.6812,CV >= 30%
SNPP_20250117T124800_vs_HYPERNETS_20250117T131500_RHOW_raw.csv,THFR_raw,Hyp,SNPP,Hyp vs SNPP,2025-01-17T12:15:00Z,2025-01-17T11:48:00Z,1.31,162.1093,-162.1093,CV >= 30%
SNPP_20250119T121201_vs_HYPERNETS_20250119T114500_RHOW_raw.csv,THFR_raw,Hyp,SNPP,Hyp vs SNPP,2025-01-19T10:45:00Z,2025-01-19T11:12:01Z,-0.745,91.146,-28.9271,CV >= 30%
SNPP_20250119T121201_vs_HYPERNETS_20250119T120000_RHOW_raw.csv,THFR_raw,Hyp,SNPP,Hyp vs SNPP,2025-01-19T11:00:00Z,2025-01-19T11:12:01Z,-0.746,84.9182,-36.6039,CV >= 30%
SNPP_20250119T121201_vs_HYPERNETS_20250119T121500_RHOW_raw.csv,THFR_raw,Hyp,SNPP,Hyp vs SNPP,2025-01-19T11:15:00Z,2025-01-19T11:12:01Z,-0.7409,76.0577,-49.8296,CV >= 30%
SNPP_20250128T124201_vs_HYPERNETS_20250128T123000_RHOW_raw.csv,THFR_raw,Hyp,SNPP,Hyp vs SNPP,2025-01-28T11:30:00Z,2025-01-28T11:42:01Z,1.2413,196.8895,-196.8895,CV >= 30%
SNPP_20250129T122401_vs_HYPERNETS_20250129T120000_RHOW_raw.csv,THFR_raw,Hyp,SNPP,Hyp vs SNPP,2025-01-29T11:00:00Z,2025-01-29T11:24:01Z,0.7961,175.1078,-175.1078,CV >= 30%
SNPP_20250129T122401_vs_HYPERNETS_20250129T121500_RHOW_raw.csv,THFR_raw,Hyp,SNPP,Hyp vs SNPP,2025-01-29T11:15:00Z,2025-01-29T11:24:01Z,0.9811,273.0568,-273.0568,CV >= 30%
SNPP_20250129T122401_vs_HYPERNETS_20250129T124500_RHOW_raw.csv,THFR_raw,Hyp,SNPP,Hyp vs SNPP,2025-01-29T11:45:00Z,2025-01-29T11:24:01Z,0.8455,339.2181,-339.2181,CV >= 30%
SNPP_20250131T114800_vs_HYPERNETS_20250131T113000_RHOW_raw.csv,THFR_raw,Hyp,SNPP,Hyp vs SNPP,2025-01-31T10:30:00Z,2025-01-31T10:48:00Z,0.8373,40.274,-40.274,CV >= 30%
SNPP_20250131T114800_vs_HYPERNETS_20250131T114500_RHOW_raw.csv,THFR_raw,Hyp,SNPP,Hyp vs SNPP,2025-01-31T10:45:00Z,2025-01-31T10:48:00Z,0.8634,42.0652,-42.0652,CV >= 30%
SNPP_20250131T114800_vs_HYPERNETS_20250131T120000_RHOW_raw.csv,THFR_raw,Hyp,SNPP,Hyp vs SNPP,2025-01-31T11:00:00Z,2025-01-31T10:48:00Z,0.8817,42.8294,-42.8294,CV >= 30%
SNPP_20250131T114800_vs_HYPERNETS_20250131T121500_RHOW_raw.csv,THFR_raw,Hyp,SNPP,Hyp vs SNPP,2025-01-31T11:15:00Z,2025-01-31T10:48:00Z,0.8972,40.1631,-40.1631,CV >= 30%
SNPP_20250203T123000_vs_HYPERNETS_20250203T120000_RHOW_raw.csv,THFR_raw,Hyp,SNPP,Hyp vs SNPP,2025-02-03T11:00:00Z,2025-02-03T11:30:00Z,NA,296.5941,-296.5941,CV >= 30%
SNPP_20250203T123000_vs_HYPERNETS_20250203T121500_RHOW_raw.csv,THFR_raw,Hyp,SNPP,Hyp vs SNPP,2025-02-03T11:15:00Z,2025-02-03T11:30:00Z,NA,298.7814,-298.7814,CV >= 30%
SNPP_20250203T123000_vs_HYPERNETS_20250203T123000_RHOW_raw.csv,THFR_raw,Hyp,SNPP,Hyp vs SNPP,2025-02-03T11:30:00Z,2025-02-03T11:30:00Z,NA,292.1187,-292.1187,CV >= 30%
SNPP_20250203T123000_vs_HYPERNETS_20250203T124500_RHOW_raw.csv,THFR_raw,Hyp,SNPP,Hyp vs SNPP,2025-02-03T11:45:00Z,2025-02-03T11:30:00Z,NA,294.5522,-294.5522,CV >= 30%
SNPP_20250203T123000_vs_HYPERNETS_20250203T130000_RHOW_raw.csv,THFR_raw,Hyp,SNPP,Hyp vs SNPP,2025-02-03T12:00:00Z,2025-02-03T11:30:00Z,NA,277.988,-277.988,CV >= 30%
SNPP_20250204T121201_vs_HYPERNETS_20250204T114500_RHOW_raw.csv,THFR_raw,Hyp,SNPP,Hyp vs SNPP,2025-02-04T10:45:00Z,2025-02-04T11:12:01Z,0.8711,172.1406,-172.1406,CV >= 30%
SNPP_20250204T121201_vs_HYPERNETS_20250204T120000_RHOW_raw.csv,THFR_raw,Hyp,SNPP,Hyp vs SNPP,2025-02-04T11:00:00Z,2025-02-04T11:12:01Z,0.8812,170.5083,-170.5083,CV >= 30%
SNPP_20250204T121201_vs_HYPERNETS_20250204T121500_RHOW_raw.csv,THFR_raw,Hyp,SNPP,Hyp vs SNPP,2025-02-04T11:15:00Z,2025-02-04T11:12:01Z,0.8756,171.0687,-171.0687,CV >= 30%
SNPP_20250204T121201_vs_HYPERNETS_20250204T123000_RHOW_raw.csv,THFR_raw,Hyp,SNPP,Hyp vs SNPP,2025-02-04T11:30:00Z,2025-02-04T11:12:01Z,0.864,181.0026,-181.0026,CV >= 30%
SNPP_20250205T115401_vs_HYPERNETS_20250205T113000_RHOW_raw.csv,THFR_raw,Hyp,SNPP,Hyp vs SNPP,2025-02-05T10:30:00Z,2025-02-05T10:54:01Z,NA,76.2351,-76.2351,CV >= 30%
SNPP_20250205T115401_vs_HYPERNETS_20250205T114500_RHOW_raw.csv,THFR_raw,Hyp,SNPP,Hyp vs SNPP,2025-02-05T10:45:00Z,2025-02-05T10:54:01Z,NA,73.0792,-73.0792,CV >= 30%
SNPP_20250205T115401_vs_HYPERNETS_20250205T120000_RHOW_raw.csv,THFR_raw,Hyp,SNPP,Hyp vs SNPP,2025-02-05T11:00:00Z,2025-02-05T10:54:01Z,NA,77.7945,-77.7945,CV >= 30%
SNPP_20250205T115401_vs_HYPERNETS_20250205T121500_RHOW_raw.csv,THFR_raw,Hyp,SNPP,Hyp vs SNPP,2025-02-05T11:15:00Z,2025-02-05T10:54:01Z,NA,81.1404,-81.1404,CV >= 30%
SNPP_20250214T122401_vs_HYPERNETS_20250214T120000_RHOW_raw.csv,THFR_raw,Hyp,SNPP,Hyp vs SNPP,2025-02-14T11:00:00Z,2025-02-14T11:24:01Z,0.7132,698.3022,-698.3022,CV >= 30%
SNPP_20250214T122401_vs_HYPERNETS_20250214T123000_RHOW_raw.csv,THFR_raw,Hyp,SNPP,Hyp vs SNPP,2025-02-14T11:30:00Z,2025-02-14T11:24:01Z,0.8357,593.0877,-593.0877,CV >= 30%
SNPP_20250214T122401_vs_HYPERNETS_20250214T124500_RHOW_raw.csv,THFR_raw,Hyp,SNPP,Hyp vs SNPP,2025-02-14T11:45:00Z,2025-02-14T11:24:01Z,0.8863,575.6262,-575.6262,CV >= 30%
SNPP_20250215T120600_vs_HYPERNETS_20250215T114500_RHOW_raw.csv,THFR_raw,Hyp,SNPP,Hyp vs SNPP,2025-02-15T10:45:00Z,2025-02-15T11:06:00Z,0.6202,306.0331,-306.0331,CV >= 30%
SNPP_20250215T120600_vs_HYPERNETS_20250215T120000_RHOW_raw.csv,THFR_raw,Hyp,SNPP,Hyp vs SNPP,2025-02-15T11:00:00Z,2025-02-15T11:06:00Z,0.616,299.2428,-299.2428,CV >= 30%
SNPP_20250215T120600_vs_HYPERNETS_20250215T121500_RHOW_raw.csv,THFR_raw,Hyp,SNPP,Hyp vs SNPP,2025-02-15T11:15:00Z,2025-02-15T11:06:00Z,0.5993,309.5636,-309.5636,CV >= 30%
SNPP_20250215T120600_vs_HYPERNETS_20250215T123000_RHOW_raw.csv,THFR_raw,Hyp,SNPP,Hyp vs SNPP,2025-02-15T11:30:00Z,2025-02-15T11:06:00Z,0.6031,322.3034,-322.3034,CV >= 30%
SNPP_20250531T123601_vs_HYPERNETS_20250531T121500_RHOW_raw.csv,THFR_raw,Hyp,SNPP,Hyp vs SNPP,2025-05-31T10:15:00Z,2025-05-31T10:36:01Z,NA,124.7891,-124.7891,CV >= 30%
SNPP_20250531T123601_vs_HYPERNETS_20250531T123000_RHOW_raw.csv,THFR_raw,Hyp,SNPP,Hyp vs SNPP,2025-05-31T10:30:00Z,2025-05-31T10:36:01Z,NA,130.5339,-130.5339,CV >= 30%
SNPP_20250531T123601_vs_HYPERNETS_20250531T124500_RHOW_raw.csv,THFR_raw,Hyp,SNPP,Hyp vs SNPP,2025-05-31T10:45:00Z,2025-05-31T10:36:01Z,NA,130.6776,-130.6776,CV >= 30%
SNPP_20250531T123601_vs_HYPERNETS_20250531T130000_RHOW_raw.csv,THFR_raw,Hyp,SNPP,Hyp vs SNPP,2025-05-31T11:00:00Z,2025-05-31T10:36:01Z,NA,132.8769,-132.8769,CV >= 30%
SNPP_20250616T123601_vs_HYPERNETS_20250616T121500_RHOW_raw.csv,THFR_raw,Hyp,SNPP,Hyp vs SNPP,2025-06-16T10:15:00Z,2025-06-16T10:36:01Z,1.0742,789.8961,-789.8961,CV >= 30%
SNPP_20250616T123601_vs_HYPERNETS_20250616T123000_RHOW_raw.csv,THFR_raw,Hyp,SNPP,Hyp vs SNPP,2025-06-16T10:30:00Z,2025-06-16T10:36:01Z,1.0876,806.3561,-806.3561,CV >= 30%
SNPP_20250616T123601_vs_HYPERNETS_20250616T124500_RHOW_raw.csv,THFR_raw,Hyp,SNPP,Hyp vs SNPP,2025-06-16T10:45:00Z,2025-06-16T10:36:01Z,1.1257,785.175,-785.175,CV >= 30%
SNPP_20250616T123601_vs_HYPERNETS_20250616T130000_RHOW_raw.csv,THFR_raw,Hyp,SNPP,Hyp vs SNPP,2025-06-16T11:00:00Z,2025-06-16T10:36:01Z,1.1446,769.2163,-769.2163,CV >= 30%
SNPP_20250619T132401_vs_HYPERNETS_20250619T134500_RHOW_raw.csv,THFR_raw,Hyp,SNPP,Hyp vs SNPP,2025-06-19T11:45:00Z,2025-06-19T11:24:01Z,1.143,152.5455,-152.5455,CV >= 30%
SNPP_20250621T124200_vs_HYPERNETS_20250621T121500_RHOW_raw.csv,THFR_raw,Hyp,SNPP,Hyp vs SNPP,2025-06-21T10:15:00Z,2025-06-21T10:42:00Z,NA,140.5734,-140.5734,CV >= 30%
SNPP_20250621T124200_vs_HYPERNETS_20250621T123000_RHOW_raw.csv,THFR_raw,Hyp,SNPP,Hyp vs SNPP,2025-06-21T10:30:00Z,2025-06-21T10:42:00Z,NA,138.7316,-138.7316,CV >= 30%
SNPP_20250621T124200_vs_HYPERNETS_20250621T124500_RHOW_raw.csv,THFR_raw,Hyp,SNPP,Hyp vs SNPP,2025-06-21T10:45:00Z,2025-06-21T10:42:00Z,NA,123.7106,-123.7106,CV >= 30%
SNPP_20250621T124200_vs_HYPERNETS_20250621T130000_RHOW_raw.csv,THFR_raw,Hyp,SNPP,Hyp vs SNPP,2025-06-21T11:00:00Z,2025-06-21T10:42:00Z,NA,120.6665,-120.6665,CV >= 30%
SNPP_20250622T122400_vs_HYPERNETS_20250622T120000_RHOW_raw.csv,THFR_raw,Hyp,SNPP,Hyp vs SNPP,2025-06-22T10:00:00Z,2025-06-22T10:24:00Z,1.3362,139.4143,-139.4143,CV >= 30%
SNPP_20250622T122400_vs_HYPERNETS_20250622T121500_RHOW_raw.csv,THFR_raw,Hyp,SNPP,Hyp vs SNPP,2025-06-22T10:15:00Z,2025-06-22T10:24:00Z,1.2871,130.3847,-130.3847,CV >= 30%
SNPP_20250622T122400_vs_HYPERNETS_20250622T123000_RHOW_raw.csv,THFR_raw,Hyp,SNPP,Hyp vs SNPP,2025-06-22T10:30:00Z,2025-06-22T10:24:00Z,1.2837,131.6048,-131.6048,CV >= 30%
SNPP_20250622T122400_vs_HYPERNETS_20250622T124500_RHOW_raw.csv,THFR_raw,Hyp,SNPP,Hyp vs SNPP,2025-06-22T10:45:00Z,2025-06-22T10:24:00Z,1.2379,121.823,-121.823,CV >= 30%
SNPP_20250702T123601_vs_HYPERNETS_20250702T121500_RHOW_raw.csv,THFR_raw,Hyp,SNPP,Hyp vs SNPP,2025-07-02T10:15:00Z,2025-07-02T10:36:01Z,NA,124.7895,-124.7895,CV >= 30%
SNPP_20250702T123601_vs_HYPERNETS_20250702T123000_RHOW_raw.csv,THFR_raw,Hyp,SNPP,Hyp vs SNPP,2025-07-02T10:30:00Z,2025-07-02T10:36:01Z,NA,120.9644,-120.9644,CV >= 30%
SNPP_20250702T123601_vs_HYPERNETS_20250702T124500_RHOW_raw.csv,THFR_raw,Hyp,SNPP,Hyp vs SNPP,2025-07-02T10:45:00Z,2025-07-02T10:36:01Z,NA,126.5096,-126.5096,CV >= 30%
SNPP_20250702T123601_vs_HYPERNETS_20250702T130000_RHOW_raw.csv,THFR_raw,Hyp,SNPP,Hyp vs SNPP,2025-07-02T11:00:00Z,2025-07-02T10:36:01Z,NA,113.8272,-113.8272,CV >= 30%
SNPP_20250708T122400_vs_HYPERNETS_20250708T120000_RHOW_raw.csv,THFR_raw,Hyp,SNPP,Hyp vs SNPP,2025-07-08T10:00:00Z,2025-07-08T10:24:00Z,1.4974,15.0235,-15.0235,CV >= 30%
SNPP_20250708T122400_vs_HYPERNETS_20250708T121500_RHOW_raw.csv,THFR_raw,Hyp,SNPP,Hyp vs SNPP,2025-07-08T10:15:00Z,2025-07-08T10:24:00Z,1.5374,25.5615,-25.5615,CV >= 30%
SNPP_20250708T122400_vs_HYPERNETS_20250708T123000_RHOW_raw.csv,THFR_raw,Hyp,SNPP,Hyp vs SNPP,2025-07-08T10:30:00Z,2025-07-08T10:24:00Z,1.4856,19.5344,-19.5344,CV >= 30%
SNPP_20250708T122400_vs_HYPERNETS_20250708T124500_RHOW_raw.csv,THFR_raw,Hyp,SNPP,Hyp vs SNPP,2025-07-08T10:45:00Z,2025-07-08T10:24:00Z,1.4803,18.3966,-18.3966,CV >= 30%
SNPP_20250728T124801_vs_HYPERNETS_20250728T123000_RHOW_raw.csv,THFR_raw,Hyp,SNPP,Hyp vs SNPP,2025-07-28T10:30:00Z,2025-07-28T10:48:01Z,1.3249,82.5143,15.0793,CV >= 30%
SNPP_20250728T124801_vs_HYPERNETS_20250728T124500_RHOW_raw.csv,THFR_raw,Hyp,SNPP,Hyp vs SNPP,2025-07-28T10:45:00Z,2025-07-28T10:48:01Z,1.3635,36.5212,5.6479,CV >= 30%
SNPP_20250728T124801_vs_HYPERNETS_20250728T130000_RHOW_raw.csv,THFR_raw,Hyp,SNPP,Hyp vs SNPP,2025-07-28T11:00:00Z,2025-07-28T10:48:01Z,1.3719,82.5519,17.0959,CV >= 30%
SNPP_20250728T124801_vs_HYPERNETS_20250728T131500_RHOW_raw.csv,THFR_raw,Hyp,SNPP,Hyp vs SNPP,2025-07-28T11:15:00Z,2025-07-28T10:48:01Z,1.415,50.5873,12.3012,CV >= 30%
SNPP_20250731T115401_vs_HYPERNETS_20250731T113000_RHOW_raw.csv,THFR_raw,Hyp,SNPP,Hyp vs SNPP,2025-07-31T09:30:00Z,2025-07-31T09:54:01Z,NA,108.23,-108.23,CV >= 30%
SNPP_20250731T115401_vs_HYPERNETS_20250731T114500_RHOW_raw.csv,THFR_raw,Hyp,SNPP,Hyp vs SNPP,2025-07-31T09:45:00Z,2025-07-31T09:54:01Z,NA,113.6955,-113.6955,CV >= 30%
SNPP_20250731T115401_vs_HYPERNETS_20250731T120000_RHOW_raw.csv,THFR_raw,Hyp,SNPP,Hyp vs SNPP,2025-07-31T10:00:00Z,2025-07-31T09:54:01Z,NA,111.7888,-111.7888,CV >= 30%
SNPP_20250731T115401_vs_HYPERNETS_20250731T121500_RHOW_raw.csv,THFR_raw,Hyp,SNPP,Hyp vs SNPP,2025-07-31T10:15:00Z,2025-07-31T09:54:01Z,NA,105.9878,-105.9878,CV >= 30%
SNPP_20250803T123601_vs_HYPERNETS_20250803T121500_RHOW_raw.csv,THFR_raw,Hyp,SNPP,Hyp vs SNPP,2025-08-03T10:15:00Z,2025-08-03T10:36:01Z,1.1406,152.1765,-152.1765,CV >= 30%
SNPP_20250803T123601_vs_HYPERNETS_20250803T123000_RHOW_raw.csv,THFR_raw,Hyp,SNPP,Hyp vs SNPP,2025-08-03T10:30:00Z,2025-08-03T10:36:01Z,1.1253,150.4452,-150.4452,CV >= 30%
SNPP_20250803T123601_vs_HYPERNETS_20250803T124500_RHOW_raw.csv,THFR_raw,Hyp,SNPP,Hyp vs SNPP,2025-08-03T10:45:00Z,2025-08-03T10:36:01Z,1.1299,154.0572,-154.0572,CV >= 30%
SNPP_20250803T123601_vs_HYPERNETS_20250803T130000_RHOW_raw.csv,THFR_raw,Hyp,SNPP,Hyp vs SNPP,2025-08-03T11:00:00Z,2025-08-03T10:36:01Z,1.1473,141.9345,-141.9345,CV >= 30%
SNPP_20250808T124200_vs_HYPERNETS_20250808T121500_RHOW_raw.csv,THFR_raw,Hyp,SNPP,Hyp vs SNPP,2025-08-08T10:15:00Z,2025-08-08T10:42:00Z,1.5124,29.6113,-29.6113,CV >= 30%
SNPP_20250808T124200_vs_HYPERNETS_20250808T123000_RHOW_raw.csv,THFR_raw,Hyp,SNPP,Hyp vs SNPP,2025-08-08T10:30:00Z,2025-08-08T10:42:00Z,1.5792,49.6873,49.6873,CV >= 30%
SNPP_20250808T124200_vs_HYPERNETS_20250808T124500_RHOW_raw.csv,THFR_raw,Hyp,SNPP,Hyp vs SNPP,2025-08-08T10:45:00Z,2025-08-08T10:42:00Z,1.5126,23.468,-23.468,CV >= 30%
SNPP_20250808T124200_vs_HYPERNETS_20250808T130000_RHOW_raw.csv,THFR_raw,Hyp,SNPP,Hyp vs SNPP,2025-08-08T11:00:00Z,2025-08-08T10:42:00Z,1.4764,18.7161,-18.2336,CV >= 30%
SNPP_20250813T124800_vs_HYPERNETS_20250813T123000_RHOW_raw.csv,THFR_raw,Hyp,SNPP,Hyp vs SNPP,2025-08-13T10:30:00Z,2025-08-13T10:48:00Z,1.3965,45.9123,-45.9123,CV >= 30%
SNPP_20250813T124800_vs_HYPERNETS_20250813T124500_RHOW_raw.csv,THFR_raw,Hyp,SNPP,Hyp vs SNPP,2025-08-13T10:45:00Z,2025-08-13T10:48:00Z,1.3681,56.861,-56.861,CV >= 30%
SNPP_20250813T124800_vs_HYPERNETS_20250813T130000_RHOW_raw.csv,THFR_raw,Hyp,SNPP,Hyp vs SNPP,2025-08-13T11:00:00Z,2025-08-13T10:48:00Z,1.4326,24.4567,-24.4567,CV >= 30%
SNPP_20250813T124800_vs_HYPERNETS_20250813T131500_RHOW_raw.csv,THFR_raw,Hyp,SNPP,Hyp vs SNPP,2025-08-13T11:15:00Z,2025-08-13T10:48:00Z,1.4085,40.757,-40.757,CV >= 30%
SNPP_20250905T121800_vs_HYPERNETS_20250905T120000_RHOW_raw.csv,THFR_raw,Hyp,SNPP,Hyp vs SNPP,2025-09-05T10:00:00Z,2025-09-05T10:18:00Z,1.3744,23.405,-18.1771,CV >= 30%
SNPP_20250905T121800_vs_HYPERNETS_20250905T121500_RHOW_raw.csv,THFR_raw,Hyp,SNPP,Hyp vs SNPP,2025-09-05T10:15:00Z,2025-09-05T10:18:00Z,1.3656,20.7737,-20.7737,CV >= 30%
SNPP_20250905T121800_vs_HYPERNETS_20250905T123000_RHOW_raw.csv,THFR_raw,Hyp,SNPP,Hyp vs SNPP,2025-09-05T10:30:00Z,2025-09-05T10:18:00Z,1.3409,22.687,-22.687,CV >= 30%
SNPP_20250905T121800_vs_HYPERNETS_20250905T124500_RHOW_raw.csv,THFR_raw,Hyp,SNPP,Hyp vs SNPP,2025-09-05T10:45:00Z,2025-09-05T10:18:00Z,1.3207,22.8945,-16.3679,CV >= 30%
SNPP_20250906T120000_vs_HYPERNETS_20250906T113000_RHOW_raw.csv,THFR_raw,Hyp,SNPP,Hyp vs SNPP,2025-09-06T09:30:00Z,2025-09-06T10:00:00Z,NA,198.0035,-198.0035,CV >= 30%
SNPP_20250910T122401_vs_HYPERNETS_20250910T123000_RHOW_raw.csv,THFR_raw,Hyp,SNPP,Hyp vs SNPP,2025-09-10T10:30:00Z,2025-09-10T10:24:01Z,1.3044,163.5009,-163.5009,CV >= 30%
SNPP_20250915T123000_vs_HYPERNETS_20250915T120000_RHOW_raw.csv,THFR_raw,Hyp,SNPP,Hyp vs SNPP,2025-09-15T10:00:00Z,2025-09-15T10:30:00Z,1.1682,45.9858,-45.9858,CV >= 30%
SNPP_20250915T123000_vs_HYPERNETS_20250915T121500_RHOW_raw.csv,THFR_raw,Hyp,SNPP,Hyp vs SNPP,2025-09-15T10:15:00Z,2025-09-15T10:30:00Z,1.1534,50.3176,-50.3176,CV >= 30%
SNPP_20250915T123000_vs_HYPERNETS_20250915T123000_RHOW_raw.csv,THFR_raw,Hyp,SNPP,Hyp vs SNPP,2025-09-15T10:30:00Z,2025-09-15T10:30:00Z,1.1275,48.89,-48.89,CV >= 30%
SNPP_20250915T123000_vs_HYPERNETS_20250915T124500_RHOW_raw.csv,THFR_raw,Hyp,SNPP,Hyp vs SNPP,2025-09-15T10:45:00Z,2025-09-15T10:30:00Z,1.1414,43.5767,-43.5767,CV >= 30%
SNPP_20250915T123000_vs_HYPERNETS_20250915T130000_RHOW_raw.csv,THFR_raw,Hyp,SNPP,Hyp vs SNPP,2025-09-15T11:00:00Z,2025-09-15T10:30:00Z,1.122,42.8408,-42.8408,CV >= 30%
SNPP_20250917T115401_vs_HYPERNETS_20250917T113000_RHOW_raw.csv,THFR_raw,Hyp,SNPP,Hyp vs SNPP,2025-09-17T09:30:00Z,2025-09-17T09:54:01Z,0.9251,227.2751,-227.2751,CV >= 30%
SNPP_20250917T115401_vs_HYPERNETS_20250917T114500_RHOW_raw.csv,THFR_raw,Hyp,SNPP,Hyp vs SNPP,2025-09-17T09:45:00Z,2025-09-17T09:54:01Z,0.9211,224.9256,-224.9256,CV >= 30%
SNPP_20250917T115401_vs_HYPERNETS_20250917T120000_RHOW_raw.csv,THFR_raw,Hyp,SNPP,Hyp vs SNPP,2025-09-17T10:00:00Z,2025-09-17T09:54:01Z,0.9105,225.8464,-225.8464,CV >= 30%
SNPP_20250917T115401_vs_HYPERNETS_20250917T121500_RHOW_raw.csv,THFR_raw,Hyp,SNPP,Hyp vs SNPP,2025-09-17T10:15:00Z,2025-09-17T09:54:01Z,0.8963,231.3052,-231.3052,CV >= 30%
SNPP_20250919T130000_vs_HYPERNETS_20250919T123000_RHOW_raw.csv,THFR_raw,Hyp,SNPP,Hyp vs SNPP,2025-09-19T10:30:00Z,2025-09-19T11:00:00Z,1.0225,62.5601,-62.5601,CV >= 30%
SNPP_20250919T130000_vs_HYPERNETS_20250919T124500_RHOW_raw.csv,THFR_raw,Hyp,SNPP,Hyp vs SNPP,2025-09-19T10:45:00Z,2025-09-19T11:00:00Z,1.0212,69.1114,-69.1114,CV >= 30%
SNPP_20250919T130000_vs_HYPERNETS_20250919T130000_RHOW_raw.csv,THFR_raw,Hyp,SNPP,Hyp vs SNPP,2025-09-19T11:00:00Z,2025-09-19T11:00:00Z,1.0642,66.6101,-66.6101,CV >= 30%
SNPP_20250922T120000_vs_HYPERNETS_20250922T113000_RHOW_raw.csv,THFR_raw,Hyp,SNPP,Hyp vs SNPP,2025-09-22T09:30:00Z,2025-09-22T10:00:00Z,0.9183,61.017,-61.017,CV >= 30%
SNPP_20250922T120000_vs_HYPERNETS_20250922T114500_RHOW_raw.csv,THFR_raw,Hyp,SNPP,Hyp vs SNPP,2025-09-22T09:45:00Z,2025-09-22T10:00:00Z,0.9131,65.0001,-65.0001,CV >= 30%
SNPP_20250922T120000_vs_HYPERNETS_20250922T120000_RHOW_raw.csv,THFR_raw,Hyp,SNPP,Hyp vs SNPP,2025-09-22T10:00:00Z,2025-09-22T10:00:00Z,0.8995,54.0524,-54.0524,CV >= 30%
SNPP_20250922T120000_vs_HYPERNETS_20250922T121500_RHOW_raw.csv,THFR_raw,Hyp,SNPP,Hyp vs SNPP,2025-09-22T10:15:00Z,2025-09-22T10:00:00Z,0.9336,53.7912,-53.7912,CV >= 30%
SNPP_20250922T120000_vs_HYPERNETS_20250922T123000_RHOW_raw.csv,THFR_raw,Hyp,SNPP,Hyp vs SNPP,2025-09-22T10:30:00Z,2025-09-22T10:00:00Z,0.9147,55.8506,-55.8506,CV >= 30%
SNPP_20250925T124801_vs_HYPERNETS_20250925T124500_RHOW_raw.csv,THFR_raw,Hyp,SNPP,Hyp vs SNPP,2025-09-25T10:45:00Z,2025-09-25T10:48:01Z,1.1516,66.7506,-66.7506,CV >= 30%
SNPP_20250925T124801_vs_HYPERNETS_20250925T130000_RHOW_raw.csv,THFR_raw,Hyp,SNPP,Hyp vs SNPP,2025-09-25T11:00:00Z,2025-09-25T10:48:01Z,1.1704,65.0294,-65.0294,CV >= 30%
SNPP_20250925T124801_vs_HYPERNETS_20250925T131500_RHOW_raw.csv,THFR_raw,Hyp,SNPP,Hyp vs SNPP,2025-09-25T11:15:00Z,2025-09-25T10:48:01Z,1.1777,60.771,-60.771,CV >= 30%
SNPP_20250930T125400_vs_HYPERNETS_20250930T123000_RHOW_raw.csv,THFR_raw,Hyp,SNPP,Hyp vs SNPP,2025-09-30T10:30:00Z,2025-09-30T10:54:00Z,0.8401,213.7452,-213.7452,CV >= 30%
SNPP_20250930T125400_vs_HYPERNETS_20250930T124500_RHOW_raw.csv,THFR_raw,Hyp,SNPP,Hyp vs SNPP,2025-09-30T10:45:00Z,2025-09-30T10:54:00Z,0.8616,207.5424,-207.5424,CV >= 30%
SNPP_20250930T125400_vs_HYPERNETS_20250930T130000_RHOW_raw.csv,THFR_raw,Hyp,SNPP,Hyp vs SNPP,2025-09-30T11:00:00Z,2025-09-30T10:54:00Z,0.8776,196.4758,-196.4758,CV >= 30%
SNPP_20250930T125400_vs_HYPERNETS_20250930T131500_RHOW_raw.csv,THFR_raw,Hyp,SNPP,Hyp vs SNPP,2025-09-30T11:15:00Z,2025-09-30T10:54:00Z,0.8528,212.3973,-212.3973,CV >= 30%
SNPP_20251002T121201_vs_HYPERNETS_20251002T114500_RHOW_raw.csv,THFR_raw,Hyp,SNPP,Hyp vs SNPP,2025-10-02T09:45:00Z,2025-10-02T10:12:01Z,0.86,157.7874,-157.7874,CV >= 30%
SNPP_20251002T121201_vs_HYPERNETS_20251002T120000_RHOW_raw.csv,THFR_raw,Hyp,SNPP,Hyp vs SNPP,2025-10-02T10:00:00Z,2025-10-02T10:12:01Z,0.847,148.3405,-148.3405,CV >= 30%
SNPP_20251002T121201_vs_HYPERNETS_20251002T121500_RHOW_raw.csv,THFR_raw,Hyp,SNPP,Hyp vs SNPP,2025-10-02T10:15:00Z,2025-10-02T10:12:01Z,0.8222,166.9583,-166.9583,CV >= 30%
SNPP_20251002T121201_vs_HYPERNETS_20251002T123000_RHOW_raw.csv,THFR_raw,Hyp,SNPP,Hyp vs SNPP,2025-10-02T10:30:00Z,2025-10-02T10:12:01Z,0.8555,160.802,-160.802,CV >= 30%
SNPP_20251005T130001_vs_HYPERNETS_20251005T123000_RHOW_raw.csv,THFR_raw,Hyp,SNPP,Hyp vs SNPP,2025-10-05T10:30:00Z,2025-10-05T11:00:01Z,0.9561,236.8993,-236.8993,CV >= 30%
SNPP_20251005T130001_vs_HYPERNETS_20251005T124500_RHOW_raw.csv,THFR_raw,Hyp,SNPP,Hyp vs SNPP,2025-10-05T10:45:00Z,2025-10-05T11:00:01Z,0.9313,256.1869,-256.1869,CV >= 30%
SNPP_20251005T130001_vs_HYPERNETS_20251005T130000_RHOW_raw.csv,THFR_raw,Hyp,SNPP,Hyp vs SNPP,2025-10-05T11:00:00Z,2025-10-05T11:00:01Z,0.9367,249.0106,-249.0106,CV >= 30%
SNPP_20251005T130001_vs_HYPERNETS_20251005T131500_RHOW_raw.csv,THFR_raw,Hyp,SNPP,Hyp vs SNPP,2025-10-05T11:15:00Z,2025-10-05T11:00:01Z,0.9401,236.5487,-236.5487,CV >= 30%
SNPP_20251005T130001_vs_HYPERNETS_20251005T133000_RHOW_raw.csv,THFR_raw,Hyp,SNPP,Hyp vs SNPP,2025-10-05T11:30:00Z,2025-10-05T11:00:01Z,0.9552,241.7326,-241.7326,CV >= 30%
SNPP_20251010T130600_vs_HYPERNETS_20251010T124500_RHOW_raw.csv,THFR_raw,Hyp,SNPP,Hyp vs SNPP,2025-10-10T10:45:00Z,2025-10-10T11:06:00Z,0.8153,30.4896,-30.4896,CV >= 30%
SNPP_20251010T130600_vs_HYPERNETS_20251010T130000_RHOW_raw.csv,THFR_raw,Hyp,SNPP,Hyp vs SNPP,2025-10-10T11:00:00Z,2025-10-10T11:06:00Z,0.8423,21.6116,-21.6116,CV >= 30%
SNPP_20251010T130600_vs_HYPERNETS_20251010T131500_RHOW_raw.csv,THFR_raw,Hyp,SNPP,Hyp vs SNPP,2025-10-10T11:15:00Z,2025-10-10T11:06:00Z,0.8559,19.9549,-19.9549,CV >= 30%
SNPP_20251010T130600_vs_HYPERNETS_20251010T133000_RHOW_raw.csv,THFR_raw,Hyp,SNPP,Hyp vs SNPP,2025-10-10T11:30:00Z,2025-10-10T11:06:00Z,0.8969,17.3755,-17.3755,CV >= 30%
SNPP_20251011T124801_vs_HYPERNETS_20251011T123000_RHOW_raw.csv,THFR_raw,Hyp,SNPP,Hyp vs SNPP,2025-10-11T10:30:00Z,2025-10-11T10:48:01Z,0.8441,157.5697,-157.5697,CV >= 30%
SNPP_20251011T124801_vs_HYPERNETS_20251011T124500_RHOW_raw.csv,THFR_raw,Hyp,SNPP,Hyp vs SNPP,2025-10-11T10:45:00Z,2025-10-11T10:48:01Z,0.8588,159.4373,-159.4373,CV >= 30%
SNPP_20251011T124801_vs_HYPERNETS_20251011T130000_RHOW_raw.csv,THFR_raw,Hyp,SNPP,Hyp vs SNPP,2025-10-11T11:00:00Z,2025-10-11T10:48:01Z,0.825,153.3971,-153.3971,CV >= 30%
SNPP_20251011T124801_vs_HYPERNETS_20251011T131500_RHOW_raw.csv,THFR_raw,Hyp,SNPP,Hyp vs SNPP,2025-10-11T11:15:00Z,2025-10-11T10:48:01Z,0.828,174.2459,-174.2459,CV >= 30%
SNPP_20251012T122401_vs_HYPERNETS_20251012T120000_RHOW_raw.csv,THFR_raw,Hyp,SNPP,Hyp vs SNPP,2025-10-12T10:00:00Z,2025-10-12T10:24:01Z,0.6748,353.7123,-353.7123,CV >= 30%
SNPP_20251012T122401_vs_HYPERNETS_20251012T121500_RHOW_raw.csv,THFR_raw,Hyp,SNPP,Hyp vs SNPP,2025-10-12T10:15:00Z,2025-10-12T10:24:01Z,0.6788,354.3619,-354.3619,CV >= 30%
SNPP_20251012T122401_vs_HYPERNETS_20251012T123000_RHOW_raw.csv,THFR_raw,Hyp,SNPP,Hyp vs SNPP,2025-10-12T10:30:00Z,2025-10-12T10:24:01Z,0.6844,328.2848,-328.2848,CV >= 30%
SNPP_20251013T120601_vs_HYPERNETS_20251013T114500_RHOW_raw.csv,THFR_raw,Hyp,SNPP,Hyp vs SNPP,2025-10-13T09:45:00Z,2025-10-13T10:06:01Z,NA,NA,NA,CV >= 30%
SNPP_20251013T120601_vs_HYPERNETS_20251013T120000_RHOW_raw.csv,THFR_raw,Hyp,SNPP,Hyp vs SNPP,2025-10-13T10:00:00Z,2025-10-13T10:06:01Z,NA,NA,NA,CV >= 30%
SNPP_20251013T120601_vs_HYPERNETS_20251013T121500_RHOW_raw.csv,THFR_raw,Hyp,SNPP,Hyp vs SNPP,2025-10-13T10:15:00Z,2025-10-13T10:06:01Z,NA,NA,NA,CV >= 30%
SNPP_20251013T120601_vs_HYPERNETS_20251013T123000_RHOW_raw.csv,THFR_raw,Hyp,SNPP,Hyp vs SNPP,2025-10-13T10:30:00Z,2025-10-13T10:06:01Z,NA,NA,NA,CV >= 30%
SNPP_20251017T123600_vs_HYPERNETS_20251017T121500_RHOW_raw.csv,THFR_raw,Hyp,SNPP,Hyp vs SNPP,2025-10-17T10:15:00Z,2025-10-17T10:36:00Z,0.9776,47.6422,-47.6422,CV >= 30%
SNPP_20251017T123600_vs_HYPERNETS_20251017T123000_RHOW_raw.csv,THFR_raw,Hyp,SNPP,Hyp vs SNPP,2025-10-17T10:30:00Z,2025-10-17T10:36:00Z,1.0203,43.585,-43.585,CV >= 30%
SNPP_20251017T123600_vs_HYPERNETS_20251017T124500_RHOW_raw.csv,THFR_raw,Hyp,SNPP,Hyp vs SNPP,2025-10-17T10:45:00Z,2025-10-17T10:36:00Z,1.0438,35.9961,-35.9961,CV >= 30%
SNPP_20251017T123600_vs_HYPERNETS_20251017T130000_RHOW_raw.csv,THFR_raw,Hyp,SNPP,Hyp vs SNPP,2025-10-17T11:00:00Z,2025-10-17T10:36:00Z,1.046,29.0462,-29.0462,CV >= 30%
SNPP_20251018T121200_vs_HYPERNETS_20251018T114500_RHOW_raw.csv,THFR_raw,Hyp,SNPP,Hyp vs SNPP,2025-10-18T09:45:00Z,2025-10-18T10:12:00Z,0.7904,37.7918,-37.7918,CV >= 30%
SNPP_20251018T121200_vs_HYPERNETS_20251018T120000_RHOW_raw.csv,THFR_raw,Hyp,SNPP,Hyp vs SNPP,2025-10-18T10:00:00Z,2025-10-18T10:12:00Z,0.8124,38.8228,-38.8228,CV >= 30%
SNPP_20251018T121200_vs_HYPERNETS_20251018T121500_RHOW_raw.csv,THFR_raw,Hyp,SNPP,Hyp vs SNPP,2025-10-18T10:15:00Z,2025-10-18T10:12:00Z,0.8318,27.5748,-27.5748,CV >= 30%
SNPP_20251018T121200_vs_HYPERNETS_20251018T123000_RHOW_raw.csv,THFR_raw,Hyp,SNPP,Hyp vs SNPP,2025-10-18T10:30:00Z,2025-10-18T10:12:00Z,0.8339,32.1299,-32.1299,CV >= 30%
SNPP_20251023T121801_vs_HYPERNETS_20251023T120000_RHOW_raw.csv,THFR_raw,Hyp,SNPP,Hyp vs SNPP,2025-10-23T10:00:00Z,2025-10-23T10:18:01Z,0.8022,104.948,-104.948,CV >= 30%
SNPP_20251023T121801_vs_HYPERNETS_20251023T121500_RHOW_raw.csv,THFR_raw,Hyp,SNPP,Hyp vs SNPP,2025-10-23T10:15:00Z,2025-10-23T10:18:01Z,0.7872,116.3607,-116.3607,CV >= 30%
SNPP_20251023T121801_vs_HYPERNETS_20251023T123000_RHOW_raw.csv,THFR_raw,Hyp,SNPP,Hyp vs SNPP,2025-10-23T10:30:00Z,2025-10-23T10:18:01Z,0.7782,111.701,-111.701,CV >= 30%
SNPP_20251026T130600_vs_HYPERNETS_20251026T124500_RHOW_raw.csv,THFR_raw,Hyp,SNPP,Hyp vs SNPP,2025-10-26T11:45:00Z,2025-10-26T12:06:00Z,0.7126,130.1166,-130.1166,CV >= 30%
SNPP_20251026T130600_vs_HYPERNETS_20251026T130000_RHOW_raw.csv,THFR_raw,Hyp,SNPP,Hyp vs SNPP,2025-10-26T12:00:00Z,2025-10-26T12:06:00Z,0.7059,160.1013,-160.1013,CV >= 30%
SNPP_20251026T130600_vs_HYPERNETS_20251026T131500_RHOW_raw.csv,THFR_raw,Hyp,SNPP,Hyp vs SNPP,2025-10-26T12:15:00Z,2025-10-26T12:06:00Z,0.6996,128.4063,-128.4063,CV >= 30%
SNPP_20251026T130600_vs_HYPERNETS_20251026T133000_RHOW_raw.csv,THFR_raw,Hyp,SNPP,Hyp vs SNPP,2025-10-26T12:30:00Z,2025-10-26T12:06:00Z,0.6978,134.4952,-134.4952,CV >= 30%
SNPP_20251027T124800_vs_HYPERNETS_20251027T123000_RHOW_raw.csv,THFR_raw,Hyp,SNPP,Hyp vs SNPP,2025-10-27T11:30:00Z,2025-10-27T11:48:00Z,0.9077,75.0197,-75.0197,CV >= 30%
SNPP_20251027T124800_vs_HYPERNETS_20251027T124500_RHOW_raw.csv,THFR_raw,Hyp,SNPP,Hyp vs SNPP,2025-10-27T11:45:00Z,2025-10-27T11:48:00Z,0.9207,73.634,-73.634,CV >= 30%
SNPP_20251027T124800_vs_HYPERNETS_20251027T130000_RHOW_raw.csv,THFR_raw,Hyp,SNPP,Hyp vs SNPP,2025-10-27T12:00:00Z,2025-10-27T11:48:00Z,0.9477,50.5746,-50.5746,CV >= 30%
SNPP_20251027T124800_vs_HYPERNETS_20251027T131500_RHOW_raw.csv,THFR_raw,Hyp,SNPP,Hyp vs SNPP,2025-10-27T12:15:00Z,2025-10-27T11:48:00Z,0.9479,58.2633,-58.2633,CV >= 30%
SNPP_20251028T123001_vs_HYPERNETS_20251028T120000_RHOW_raw.csv,THFR_raw,Hyp,SNPP,Hyp vs SNPP,2025-10-28T11:00:00Z,2025-10-28T11:30:01Z,0.9387,102.7464,-102.7464,CV >= 30%
SNPP_20251028T123001_vs_HYPERNETS_20251028T121500_RHOW_raw.csv,THFR_raw,Hyp,SNPP,Hyp vs SNPP,2025-10-28T11:15:00Z,2025-10-28T11:30:01Z,0.9254,111.1348,-111.1348,CV >= 30%
SNPP_20251028T123001_vs_HYPERNETS_20251028T124500_RHOW_raw.csv,THFR_raw,Hyp,SNPP,Hyp vs SNPP,2025-10-28T11:45:00Z,2025-10-28T11:30:01Z,0.8586,135.6105,-135.6105,CV >= 30%
SNPP_20251028T123001_vs_HYPERNETS_20251028T130000_RHOW_raw.csv,THFR_raw,Hyp,SNPP,Hyp vs SNPP,2025-10-28T12:00:00Z,2025-10-28T11:30:01Z,0.8431,137.9261,-137.9261,CV >= 30%
SNPP_20251103T121200_vs_HYPERNETS_20251103T114500_RHOW_raw.csv,THFR_raw,Hyp,SNPP,Hyp vs SNPP,2025-11-03T10:45:00Z,2025-11-03T11:12:00Z,0.8284,148.4957,-148.4957,CV >= 30%
SNPP_20251103T121200_vs_HYPERNETS_20251103T120000_RHOW_raw.csv,THFR_raw,Hyp,SNPP,Hyp vs SNPP,2025-11-03T11:00:00Z,2025-11-03T11:12:00Z,0.8373,140.8342,-140.8342,CV >= 30%
SNPP_20251103T121200_vs_HYPERNETS_20251103T121500_RHOW_raw.csv,THFR_raw,Hyp,SNPP,Hyp vs SNPP,2025-11-03T11:15:00Z,2025-11-03T11:12:00Z,0.8467,131.7023,-131.7023,CV >= 30%
SNPP_20251103T121200_vs_HYPERNETS_20251103T123000_RHOW_raw.csv,THFR_raw,Hyp,SNPP,Hyp vs SNPP,2025-11-03T11:30:00Z,2025-11-03T11:12:00Z,0.8392,137.3851,-137.3851,CV >= 30%
SNPP_20251107T124201_vs_HYPERNETS_20251107T121500_RHOW_raw.csv,THFR_raw,Hyp,SNPP,Hyp vs SNPP,2025-11-07T11:15:00Z,2025-11-07T11:42:01Z,0.7992,155.4018,-155.4018,CV >= 30%
SNPP_20251107T124201_vs_HYPERNETS_20251107T123000_RHOW_raw.csv,THFR_raw,Hyp,SNPP,Hyp vs SNPP,2025-11-07T11:30:00Z,2025-11-07T11:42:01Z,0.789,161.3097,-161.3097,CV >= 30%
SNPP_20251107T124201_vs_HYPERNETS_20251107T124500_RHOW_raw.csv,THFR_raw,Hyp,SNPP,Hyp vs SNPP,2025-11-07T11:45:00Z,2025-11-07T11:42:01Z,0.7808,155.3409,-155.3409,CV >= 30%
SNPP_20251107T124201_vs_HYPERNETS_20251107T130000_RHOW_raw.csv,THFR_raw,Hyp,SNPP,Hyp vs SNPP,2025-11-07T12:00:00Z,2025-11-07T11:42:01Z,0.7752,152.2289,-152.2289,CV >= 30%
SNPP_20251108T122401_vs_HYPERNETS_20251108T123000_RHOW_raw.csv,THFR_raw,Hyp,SNPP,Hyp vs SNPP,2025-11-08T11:30:00Z,2025-11-08T11:24:01Z,-0.2474,70.0091,-57.1829,CV >= 30%
SNPP_20251108T122401_vs_HYPERNETS_20251108T124500_RHOW_raw.csv,THFR_raw,Hyp,SNPP,Hyp vs SNPP,2025-11-08T11:45:00Z,2025-11-08T11:24:01Z,-0.2473,76.8445,-48.0423,CV >= 30%
SNPP_20251109T120001_vs_HYPERNETS_20251109T113000_RHOW_raw.csv,THFR_raw,Hyp,SNPP,Hyp vs SNPP,2025-11-09T10:30:00Z,2025-11-09T11:00:01Z,0.7334,48.8533,-48.8533,CV >= 30%
SNPP_20251109T120001_vs_HYPERNETS_20251109T114500_RHOW_raw.csv,THFR_raw,Hyp,SNPP,Hyp vs SNPP,2025-11-09T10:45:00Z,2025-11-09T11:00:01Z,0.729,48.7679,-48.7679,CV >= 30%
SNPP_20251109T120001_vs_HYPERNETS_20251109T120000_RHOW_raw.csv,THFR_raw,Hyp,SNPP,Hyp vs SNPP,2025-11-09T11:00:00Z,2025-11-09T11:00:01Z,0.7306,52.9474,-52.9474,CV >= 30%
SNPP_20251109T120001_vs_HYPERNETS_20251109T121500_RHOW_raw.csv,THFR_raw,Hyp,SNPP,Hyp vs SNPP,2025-11-09T11:15:00Z,2025-11-09T11:00:01Z,0.739,48.0804,-48.0804,CV >= 30%
SNPP_20251109T120001_vs_HYPERNETS_20251109T123000_RHOW_raw.csv,THFR_raw,Hyp,SNPP,Hyp vs SNPP,2025-11-09T11:30:00Z,2025-11-09T11:00:01Z,0.7547,40.7925,-39.1909,CV >= 30%
SNPP_20251117T125401_vs_HYPERNETS_20251117T123100_RHOW_raw.csv,THFR_raw,Hyp,SNPP,Hyp vs SNPP,2025-11-17T11:31:00Z,2025-11-17T11:54:01Z,0.8942,203.0791,-203.0791,CV >= 30%
SNPP_20251117T125401_vs_HYPERNETS_20251117T124500_RHOW_raw.csv,THFR_raw,Hyp,SNPP,Hyp vs SNPP,2025-11-17T11:45:00Z,2025-11-17T11:54:01Z,0.8988,202.0743,-202.0743,CV >= 30%
SNPP_20251117T125401_vs_HYPERNETS_20251117T131500_RHOW_raw.csv,THFR_raw,Hyp,SNPP,Hyp vs SNPP,2025-11-17T12:15:00Z,2025-11-17T11:54:01Z,0.9309,211.6942,-211.6942,CV >= 30%
SNPP_20251118T123600_vs_HYPERNETS_20251118T121500_RHOW_raw.csv,THFR_raw,Hyp,SNPP,Hyp vs SNPP,2025-11-18T11:15:00Z,2025-11-18T11:36:00Z,0.8104,47.8918,-47.8918,CV >= 30%
SNPP_20251118T123600_vs_HYPERNETS_20251118T123000_RHOW_raw.csv,THFR_raw,Hyp,SNPP,Hyp vs SNPP,2025-11-18T11:30:00Z,2025-11-18T11:36:00Z,0.8143,48.6812,-48.6812,CV >= 30%
SNPP_20251118T123600_vs_HYPERNETS_20251118T124500_RHOW_raw.csv,THFR_raw,Hyp,SNPP,Hyp vs SNPP,2025-11-18T11:45:00Z,2025-11-18T11:36:00Z,0.8209,47.3342,-47.3342,CV >= 30%
SNPP_20251118T123600_vs_HYPERNETS_20251118T130000_RHOW_raw.csv,THFR_raw,Hyp,SNPP,Hyp vs SNPP,2025-11-18T12:00:00Z,2025-11-18T11:36:00Z,0.8253,53.2306,-53.2306,CV >= 30%
SNPP_20251122T130000_vs_HYPERNETS_20251122T123000_RHOW_raw.csv,THFR_raw,Hyp,SNPP,Hyp vs SNPP,2025-11-22T11:30:00Z,2025-11-22T12:00:00Z,1.0441,59.2267,-59.2267,CV >= 30%
SNPP_20251122T130000_vs_HYPERNETS_20251122T124500_RHOW_raw.csv,THFR_raw,Hyp,SNPP,Hyp vs SNPP,2025-11-22T11:45:00Z,2025-11-22T12:00:00Z,1.0625,59.338,-59.338,CV >= 30%
SNPP_20251122T130000_vs_HYPERNETS_20251122T130000_RHOW_raw.csv,THFR_raw,Hyp,SNPP,Hyp vs SNPP,2025-11-22T12:00:00Z,2025-11-22T12:00:00Z,1.0836,48.0315,-48.0315,CV >= 30%
SNPP_20251122T130000_vs_HYPERNETS_20251122T131500_RHOW_raw.csv,THFR_raw,Hyp,SNPP,Hyp vs SNPP,2025-11-22T12:15:00Z,2025-11-22T12:00:00Z,1.098,57.0447,-57.0447,CV >= 30%
SNPP_20251122T130000_vs_HYPERNETS_20251122T133000_RHOW_raw.csv,THFR_raw,Hyp,SNPP,Hyp vs SNPP,2025-11-22T12:30:00Z,2025-11-22T12:00:00Z,1.1882,32.7744,-32.7744,CV >= 30%
SNPP_20251127T130601_vs_HYPERNETS_20251127T124500_RHOW_raw.csv,THFR_raw,Hyp,SNPP,Hyp vs SNPP,2025-11-27T11:45:00Z,2025-11-27T12:06:01Z,1.0057,17.0113,-17.0113,CV >= 30%
SNPP_20251127T130601_vs_HYPERNETS_20251127T130000_RHOW_raw.csv,THFR_raw,Hyp,SNPP,Hyp vs SNPP,2025-11-27T12:00:00Z,2025-11-27T12:06:01Z,1.041,3.7451,-3.7451,CV >= 30%
SNPP_20251127T130601_vs_HYPERNETS_20251127T131500_RHOW_raw.csv,THFR_raw,Hyp,SNPP,Hyp vs SNPP,2025-11-27T12:15:00Z,2025-11-27T12:06:01Z,1.0295,18.1108,-18.1108,CV >= 30%
SNPP_20251127T130601_vs_HYPERNETS_20251127T133000_RHOW_raw.csv,THFR_raw,Hyp,SNPP,Hyp vs SNPP,2025-11-27T12:30:00Z,2025-11-27T12:06:01Z,1.1266,6.5773,5.5411,CV >= 30%
SNPP_20251129T123000_vs_HYPERNETS_20251129T120000_RHOW_raw.csv,THFR_raw,Hyp,SNPP,Hyp vs SNPP,2025-11-29T11:00:00Z,2025-11-29T11:30:00Z,0.5432,154.9904,-154.9904,CV >= 30%
SNPP_20251129T123000_vs_HYPERNETS_20251129T121500_RHOW_raw.csv,THFR_raw,Hyp,SNPP,Hyp vs SNPP,2025-11-29T11:15:00Z,2025-11-29T11:30:00Z,0.5385,151.0812,-151.0812,CV >= 30%
SNPP_20251129T123000_vs_HYPERNETS_20251129T123000_RHOW_raw.csv,THFR_raw,Hyp,SNPP,Hyp vs SNPP,2025-11-29T11:30:00Z,2025-11-29T11:30:00Z,0.5337,145.0885,-145.0885,CV >= 30%
SNPP_20251129T123000_vs_HYPERNETS_20251129T124500_RHOW_raw.csv,THFR_raw,Hyp,SNPP,Hyp vs SNPP,2025-11-29T11:45:00Z,2025-11-29T11:30:00Z,0.5276,146.1148,-146.1148,CV >= 30%
SNPP_20251205T121801_vs_HYPERNETS_20251205T120000_RHOW_raw.csv,THFR_raw,Hyp,SNPP,Hyp vs SNPP,2025-12-05T11:00:00Z,2025-12-05T11:18:01Z,0.7994,74.6519,-74.6519,CV >= 30%
SNPP_20251205T121801_vs_HYPERNETS_20251205T121500_RHOW_raw.csv,THFR_raw,Hyp,SNPP,Hyp vs SNPP,2025-12-05T11:15:00Z,2025-12-05T11:18:01Z,0.8199,69.4733,-69.4733,CV >= 30%
SNPP_20251205T121801_vs_HYPERNETS_20251205T124500_RHOW_raw.csv,THFR_raw,Hyp,SNPP,Hyp vs SNPP,2025-12-05T11:45:00Z,2025-12-05T11:18:01Z,0.8299,72.199,-72.199,CV >= 30%
SNPP_20251208T130001_vs_HYPERNETS_20251208T123000_RHOW_raw.csv,THFR_raw,Hyp,SNPP,Hyp vs SNPP,2025-12-08T11:30:00Z,2025-12-08T12:00:01Z,0.8058,491.4641,-491.4641,CV >= 30%
SNPP_20251208T130001_vs_HYPERNETS_20251208T124500_RHOW_raw.csv,THFR_raw,Hyp,SNPP,Hyp vs SNPP,2025-12-08T11:45:00Z,2025-12-08T12:00:01Z,0.817,399.1821,-399.1821,CV >= 30%
SNPP_20251208T130001_vs_HYPERNETS_20251208T130000_RHOW_raw.csv,THFR_raw,Hyp,SNPP,Hyp vs SNPP,2025-12-08T12:00:00Z,2025-12-08T12:00:01Z,0.8231,507.7069,-507.7069,CV >= 30%
SNPP_20251208T130001_vs_HYPERNETS_20251208T131500_RHOW_raw.csv,THFR_raw,Hyp,SNPP,Hyp vs SNPP,2025-12-08T12:15:00Z,2025-12-08T12:00:01Z,0.8457,466.3298,-466.3298,CV >= 30%
SNPP_20251208T130001_vs_HYPERNETS_20251208T133000_RHOW_raw.csv,THFR_raw,Hyp,SNPP,Hyp vs SNPP,2025-12-08T12:30:00Z,2025-12-08T12:00:01Z,0.9115,417.3748,-417.3748,CV >= 30%
SNPP_20251227T120600_vs_HYPERNETS_20251227T120000_RHOW_raw.csv,THFR_raw,Hyp,SNPP,Hyp vs SNPP,2025-12-27T11:00:00Z,2025-12-27T11:06:00Z,NA,252.0657,-252.0657,CV >= 30%
SNPP_20251227T120600_vs_HYPERNETS_20251227T121500_RHOW_raw.csv,THFR_raw,Hyp,SNPP,Hyp vs SNPP,2025-12-27T11:15:00Z,2025-12-27T11:06:00Z,NA,254.1427,-254.1427,CV >= 30%
SNPP_20251231T123000_vs_HYPERNETS_20251231T120000_RHOW_raw.csv,THFR_raw,Hyp,SNPP,Hyp vs SNPP,2025-12-31T11:00:00Z,2025-12-31T11:30:00Z,0.7178,19.8875,-7.391,CV >= 30%
SNPP_20251231T123000_vs_HYPERNETS_20251231T121500_RHOW_raw.csv,THFR_raw,Hyp,SNPP,Hyp vs SNPP,2025-12-31T11:15:00Z,2025-12-31T11:30:00Z,0.7294,25.1809,2.7176,CV >= 30%
SNPP_20251231T123000_vs_HYPERNETS_20251231T123000_RHOW_raw.csv,THFR_raw,Hyp,SNPP,Hyp vs SNPP,2025-12-31T11:30:00Z,2025-12-31T11:30:00Z,0.7372,19.736,5.5046,CV >= 30%
SNPP_20251231T123000_vs_HYPERNETS_20251231T124500_RHOW_raw.csv,THFR_raw,Hyp,SNPP,Hyp vs SNPP,2025-12-31T11:45:00Z,2025-12-31T11:30:00Z,0.7413,16.8903,4.8371,CV >= 30%
SNPP_20251231T123000_vs_HYPERNETS_20251231T130000_RHOW_raw.csv,THFR_raw,Hyp,SNPP,Hyp vs SNPP,2025-12-31T12:00:00Z,2025-12-31T11:30:00Z,0.7487,13.4751,13.4751,CV >= 30%
JPSS1_20250123T130001_vs_HYPERNETS_20250123T131500_RHOW_raw.csv,THFR_raw,Hyp,JPSS1,Hyp vs JPSS1,2025-01-23T12:15:00Z,2025-01-23T12:00:01Z,NA,NA,NA,CV >= 30%
JPSS1_20250123T130001_vs_HYPERNETS_20250123T133000_RHOW_raw.csv,THFR_raw,Hyp,JPSS1,Hyp vs JPSS1,2025-01-23T12:30:00Z,2025-01-23T12:00:01Z,NA,NA,NA,CV >= 30%
JPSS1_20250203T125400_vs_HYPERNETS_20250203T123000_RHOW_raw.csv,THFR_raw,Hyp,JPSS1,Hyp vs JPSS1,2025-02-03T11:30:00Z,2025-02-03T11:54:00Z,NA,285.2823,-285.2823,CV >= 30%
JPSS1_20250203T125400_vs_HYPERNETS_20250203T124500_RHOW_raw.csv,THFR_raw,Hyp,JPSS1,Hyp vs JPSS1,2025-02-03T11:45:00Z,2025-02-03T11:54:00Z,NA,287.9862,-287.9862,CV >= 30%
JPSS1_20250203T125400_vs_HYPERNETS_20250203T130000_RHOW_raw.csv,THFR_raw,Hyp,JPSS1,Hyp vs JPSS1,2025-02-03T12:00:00Z,2025-02-03T11:54:00Z,NA,271.9228,-271.9228,CV >= 30%
JPSS1_20250203T125400_vs_HYPERNETS_20250203T131500_RHOW_raw.csv,THFR_raw,Hyp,JPSS1,Hyp vs JPSS1,2025-02-03T12:15:00Z,2025-02-03T11:54:00Z,NA,254.9051,-254.9051,CV >= 30%
JPSS1_20250204T123601_vs_HYPERNETS_20250204T121500_RHOW_raw.csv,THFR_raw,Hyp,JPSS1,Hyp vs JPSS1,2025-02-04T11:15:00Z,2025-02-04T11:36:01Z,NA,241.415,-241.415,CV >= 30%
JPSS1_20250204T123601_vs_HYPERNETS_20250204T123000_RHOW_raw.csv,THFR_raw,Hyp,JPSS1,Hyp vs JPSS1,2025-02-04T11:30:00Z,2025-02-04T11:36:01Z,NA,248.7769,-248.7769,CV >= 30%
JPSS1_20250204T123601_vs_HYPERNETS_20250204T124500_RHOW_raw.csv,THFR_raw,Hyp,JPSS1,Hyp vs JPSS1,2025-02-04T11:45:00Z,2025-02-04T11:36:01Z,NA,242.3967,-242.3967,CV >= 30%
JPSS1_20250204T123601_vs_HYPERNETS_20250204T130000_RHOW_raw.csv,THFR_raw,Hyp,JPSS1,Hyp vs JPSS1,2025-02-04T12:00:00Z,2025-02-04T11:36:01Z,NA,244.5848,-244.5848,CV >= 30%
JPSS1_20250205T121801_vs_HYPERNETS_20250205T120000_RHOW_raw.csv,THFR_raw,Hyp,JPSS1,Hyp vs JPSS1,2025-02-05T11:00:00Z,2025-02-05T11:18:01Z,2.0548,119.3604,-119.3604,CV >= 30%
JPSS1_20250205T121801_vs_HYPERNETS_20250205T121500_RHOW_raw.csv,THFR_raw,Hyp,JPSS1,Hyp vs JPSS1,2025-02-05T11:15:00Z,2025-02-05T11:18:01Z,1.995,123.0556,-123.0556,CV >= 30%
JPSS1_20250205T121801_vs_HYPERNETS_20250205T123000_RHOW_raw.csv,THFR_raw,Hyp,JPSS1,Hyp vs JPSS1,2025-02-05T11:30:00Z,2025-02-05T11:18:01Z,1.9261,120.2242,-120.2242,CV >= 30%
JPSS1_20250205T121801_vs_HYPERNETS_20250205T124500_RHOW_raw.csv,THFR_raw,Hyp,JPSS1,Hyp vs JPSS1,2025-02-05T11:45:00Z,2025-02-05T11:18:01Z,1.9934,113.871,-113.871,CV >= 30%
JPSS1_20250215T123000_vs_HYPERNETS_20250215T120000_RHOW_raw.csv,THFR_raw,Hyp,JPSS1,Hyp vs JPSS1,2025-02-15T11:00:00Z,2025-02-15T11:30:00Z,NA,164.4082,-164.4082,CV >= 30%
JPSS1_20250215T123000_vs_HYPERNETS_20250215T121500_RHOW_raw.csv,THFR_raw,Hyp,JPSS1,Hyp vs JPSS1,2025-02-15T11:15:00Z,2025-02-15T11:30:00Z,NA,171.4583,-171.4583,CV >= 30%
JPSS1_20250215T123000_vs_HYPERNETS_20250215T123000_RHOW_raw.csv,THFR_raw,Hyp,JPSS1,Hyp vs JPSS1,2025-02-15T11:30:00Z,2025-02-15T11:30:00Z,NA,177.5243,-177.5243,CV >= 30%
JPSS1_20250215T123000_vs_HYPERNETS_20250215T124500_RHOW_raw.csv,THFR_raw,Hyp,JPSS1,Hyp vs JPSS1,2025-02-15T11:45:00Z,2025-02-15T11:30:00Z,NA,180.7082,-180.7082,CV >= 30%
JPSS1_20250215T123000_vs_HYPERNETS_20250215T130000_RHOW_raw.csv,THFR_raw,Hyp,JPSS1,Hyp vs JPSS1,2025-02-15T12:00:00Z,2025-02-15T11:30:00Z,NA,207.3145,-207.3145,CV >= 30%
JPSS1_20250616T130000_vs_HYPERNETS_20250616T123000_RHOW_raw.csv,THFR_raw,Hyp,JPSS1,Hyp vs JPSS1,2025-06-16T10:30:00Z,2025-06-16T11:00:00Z,NA,137.6124,-137.6124,CV >= 30%
JPSS1_20250616T130000_vs_HYPERNETS_20250616T124500_RHOW_raw.csv,THFR_raw,Hyp,JPSS1,Hyp vs JPSS1,2025-06-16T10:45:00Z,2025-06-16T11:00:00Z,NA,130.2607,-130.2607,CV >= 30%
JPSS1_20250616T130000_vs_HYPERNETS_20250616T130000_RHOW_raw.csv,THFR_raw,Hyp,JPSS1,Hyp vs JPSS1,2025-06-16T11:00:00Z,2025-06-16T11:00:00Z,NA,125.9926,-125.9926,CV >= 30%
JPSS1_20250616T130000_vs_HYPERNETS_20250616T131500_RHOW_raw.csv,THFR_raw,Hyp,JPSS1,Hyp vs JPSS1,2025-06-16T11:15:00Z,2025-06-16T11:00:00Z,NA,125.1598,-125.1598,CV >= 30%
JPSS1_20250616T130000_vs_HYPERNETS_20250616T133000_RHOW_raw.csv,THFR_raw,Hyp,JPSS1,Hyp vs JPSS1,2025-06-16T11:30:00Z,2025-06-16T11:00:00Z,NA,117.3048,-117.3048,CV >= 30%
JPSS1_20250703T124201_vs_HYPERNETS_20250703T121500_RHOW_raw.csv,THFR_raw,Hyp,JPSS1,Hyp vs JPSS1,2025-07-03T10:15:00Z,2025-07-03T10:42:01Z,0.7603,136.6095,-136.6095,CV >= 30%
JPSS1_20250703T124201_vs_HYPERNETS_20250703T123000_RHOW_raw.csv,THFR_raw,Hyp,JPSS1,Hyp vs JPSS1,2025-07-03T10:30:00Z,2025-07-03T10:42:01Z,0.7704,136.2335,-136.2335,CV >= 30%
JPSS1_20250703T124201_vs_HYPERNETS_20250703T124500_RHOW_raw.csv,THFR_raw,Hyp,JPSS1,Hyp vs JPSS1,2025-07-03T10:45:00Z,2025-07-03T10:42:01Z,0.8062,135.5242,-135.5242,CV >= 30%
JPSS1_20250703T124201_vs_HYPERNETS_20250703T130000_RHOW_raw.csv,THFR_raw,Hyp,JPSS1,Hyp vs JPSS1,2025-07-03T11:00:00Z,2025-07-03T10:42:01Z,0.8261,121.6643,-121.6643,CV >= 30%
JPSS1_20250708T124800_vs_HYPERNETS_20250708T123000_RHOW_raw.csv,THFR_raw,Hyp,JPSS1,Hyp vs JPSS1,2025-07-08T10:30:00Z,2025-07-08T10:48:00Z,0.9849,246.2812,-246.2812,CV >= 30%
JPSS1_20250708T124800_vs_HYPERNETS_20250708T124500_RHOW_raw.csv,THFR_raw,Hyp,JPSS1,Hyp vs JPSS1,2025-07-08T10:45:00Z,2025-07-08T10:48:00Z,0.9784,244.2391,-244.2391,CV >= 30%
JPSS1_20250708T124800_vs_HYPERNETS_20250708T130000_RHOW_raw.csv,THFR_raw,Hyp,JPSS1,Hyp vs JPSS1,2025-07-08T11:00:00Z,2025-07-08T10:48:00Z,1.0168,218.9837,-218.9837,CV >= 30%
JPSS1_20250708T124800_vs_HYPERNETS_20250708T131500_RHOW_raw.csv,THFR_raw,Hyp,JPSS1,Hyp vs JPSS1,2025-07-08T11:15:00Z,2025-07-08T10:48:00Z,1.0489,212.4963,-212.4963,CV >= 30%
JPSS1_20250713T125400_vs_HYPERNETS_20250713T123000_RHOW_raw.csv,THFR_raw,Hyp,JPSS1,Hyp vs JPSS1,2025-07-13T10:30:00Z,2025-07-13T10:54:00Z,1.348,24.1266,-24.1266,CV >= 30%
JPSS1_20250713T125400_vs_HYPERNETS_20250713T124500_RHOW_raw.csv,THFR_raw,Hyp,JPSS1,Hyp vs JPSS1,2025-07-13T10:45:00Z,2025-07-13T10:54:00Z,1.3665,18.065,-11.6635,CV >= 30%
JPSS1_20250713T125400_vs_HYPERNETS_20250713T130000_RHOW_raw.csv,THFR_raw,Hyp,JPSS1,Hyp vs JPSS1,2025-07-13T11:00:00Z,2025-07-13T10:54:00Z,1.3841,19.0584,-17.91,CV >= 30%
JPSS1_20250713T125400_vs_HYPERNETS_20250713T131500_RHOW_raw.csv,THFR_raw,Hyp,JPSS1,Hyp vs JPSS1,2025-07-13T11:15:00Z,2025-07-13T10:54:00Z,1.437,20.0731,-18.9284,CV >= 30%
JPSS1_20250716T120001_vs_HYPERNETS_20250716T113000_RHOW_raw.csv,THFR_raw,Hyp,JPSS1,Hyp vs JPSS1,2025-07-16T09:30:00Z,2025-07-16T10:00:01Z,1.0164,32.6665,-32.6665,CV >= 30%
JPSS1_20250717T131801_vs_HYPERNETS_20250717T134500_RHOW_raw.csv,THFR_raw,Hyp,JPSS1,Hyp vs JPSS1,2025-07-17T11:45:00Z,2025-07-17T11:18:01Z,1.0887,144.0428,-144.0428,CV >= 30%
JPSS1_20250720T122400_vs_HYPERNETS_20250720T120000_RHOW_raw.csv,THFR_raw,Hyp,JPSS1,Hyp vs JPSS1,2025-07-20T10:00:00Z,2025-07-20T10:24:00Z,1.0825,70.0952,-70.0952,CV >= 30%
JPSS1_20250720T122400_vs_HYPERNETS_20250720T121500_RHOW_raw.csv,THFR_raw,Hyp,JPSS1,Hyp vs JPSS1,2025-07-20T10:15:00Z,2025-07-20T10:24:00Z,1.0738,74.4443,-74.4443,CV >= 30%
JPSS1_20250720T122400_vs_HYPERNETS_20250720T123000_RHOW_raw.csv,THFR_raw,Hyp,JPSS1,Hyp vs JPSS1,2025-07-20T10:30:00Z,2025-07-20T10:24:00Z,1.0682,63.486,-63.486,CV >= 30%
JPSS1_20250720T122400_vs_HYPERNETS_20250720T124500_RHOW_raw.csv,THFR_raw,Hyp,JPSS1,Hyp vs JPSS1,2025-07-20T10:45:00Z,2025-07-20T10:24:00Z,1.0633,60.7848,-60.7848,CV >= 30%
JPSS1_20250725T123000_vs_HYPERNETS_20250725T120000_RHOW_raw.csv,THFR_raw,Hyp,JPSS1,Hyp vs JPSS1,2025-07-25T10:00:00Z,2025-07-25T10:30:00Z,1.9746,161.1752,-161.1752,CV >= 30%
JPSS1_20250725T123000_vs_HYPERNETS_20250725T121500_RHOW_raw.csv,THFR_raw,Hyp,JPSS1,Hyp vs JPSS1,2025-07-25T10:15:00Z,2025-07-25T10:30:00Z,1.5602,113.3108,-113.3108,CV >= 30%
JPSS1_20250725T123000_vs_HYPERNETS_20250725T123000_RHOW_raw.csv,THFR_raw,Hyp,JPSS1,Hyp vs JPSS1,2025-07-25T10:30:00Z,2025-07-25T10:30:00Z,NA,28140359074560243e25,-28140359074560243e25,CV >= 30%
JPSS1_20250725T123000_vs_HYPERNETS_20250725T124500_RHOW_raw.csv,THFR_raw,Hyp,JPSS1,Hyp vs JPSS1,2025-07-25T10:45:00Z,2025-07-25T10:30:00Z,1.553,106.9586,-106.9586,CV >= 30%
JPSS1_20250725T123000_vs_HYPERNETS_20250725T130000_RHOW_raw.csv,THFR_raw,Hyp,JPSS1,Hyp vs JPSS1,2025-07-25T11:00:00Z,2025-07-25T10:30:00Z,1.5516,100.1924,-100.1924,CV >= 30%
JPSS1_20250726T121200_vs_HYPERNETS_20250726T114500_RHOW_raw.csv,THFR_raw,Hyp,JPSS1,Hyp vs JPSS1,2025-07-26T09:45:00Z,2025-07-26T10:12:00Z,1.2197,44.8444,-44.8444,CV >= 30%
JPSS1_20250726T121200_vs_HYPERNETS_20250726T120000_RHOW_raw.csv,THFR_raw,Hyp,JPSS1,Hyp vs JPSS1,2025-07-26T10:00:00Z,2025-07-26T10:12:00Z,4.0677,103.1022,103.1022,CV >= 30%
JPSS1_20250726T121200_vs_HYPERNETS_20250726T121500_RHOW_raw.csv,THFR_raw,Hyp,JPSS1,Hyp vs JPSS1,2025-07-26T10:15:00Z,2025-07-26T10:12:00Z,1.2426,60.6716,-60.6716,CV >= 30%
JPSS1_20250726T121200_vs_HYPERNETS_20250726T123000_RHOW_raw.csv,THFR_raw,Hyp,JPSS1,Hyp vs JPSS1,2025-07-26T10:30:00Z,2025-07-26T10:12:00Z,1.2014,56.2546,-56.2546,CV >= 30%
JPSS1_20250730T123601_vs_HYPERNETS_20250730T121500_RHOW_raw.csv,THFR_raw,Hyp,JPSS1,Hyp vs JPSS1,2025-07-30T10:15:00Z,2025-07-30T10:36:01Z,1.2483,28.0218,-28.0218,CV >= 30%
JPSS1_20250730T123601_vs_HYPERNETS_20250730T123000_RHOW_raw.csv,THFR_raw,Hyp,JPSS1,Hyp vs JPSS1,2025-07-30T10:30:00Z,2025-07-30T10:36:01Z,1.2491,23.8386,-23.8386,CV >= 30%
JPSS1_20250730T123601_vs_HYPERNETS_20250730T124500_RHOW_raw.csv,THFR_raw,Hyp,JPSS1,Hyp vs JPSS1,2025-07-30T10:45:00Z,2025-07-30T10:36:01Z,1.2237,29.2924,-29.2924,CV >= 30%
JPSS1_20250730T123601_vs_HYPERNETS_20250730T130000_RHOW_raw.csv,THFR_raw,Hyp,JPSS1,Hyp vs JPSS1,2025-07-30T11:00:00Z,2025-07-30T10:36:01Z,1.2186,23.0853,-23.0853,CV >= 30%
JPSS1_20250803T130000_vs_HYPERNETS_20250803T133000_RHOW_raw.csv,THFR_raw,Hyp,JPSS1,Hyp vs JPSS1,2025-08-03T11:30:00Z,2025-08-03T11:00:00Z,NA,154.1477,-154.1477,CV >= 30%
JPSS1_20250805T122401_vs_HYPERNETS_20250805T120000_RHOW_raw.csv,THFR_raw,Hyp,JPSS1,Hyp vs JPSS1,2025-08-05T10:00:00Z,2025-08-05T10:24:01Z,1.3765,20.9046,-20.9046,CV >= 30%
JPSS1_20250805T122401_vs_HYPERNETS_20250805T121500_RHOW_raw.csv,THFR_raw,Hyp,JPSS1,Hyp vs JPSS1,2025-08-05T10:15:00Z,2025-08-05T10:24:01Z,1.392,19.2821,-19.1501,CV >= 30%
JPSS1_20250805T122401_vs_HYPERNETS_20250805T123000_RHOW_raw.csv,THFR_raw,Hyp,JPSS1,Hyp vs JPSS1,2025-08-05T10:30:00Z,2025-08-05T10:24:01Z,1.3849,25.1381,-25.1381,CV >= 30%
JPSS1_20250805T122401_vs_HYPERNETS_20250805T124500_RHOW_raw.csv,THFR_raw,Hyp,JPSS1,Hyp vs JPSS1,2025-08-05T10:45:00Z,2025-08-05T10:24:01Z,1.3724,24.6643,-24.6643,CV >= 30%
JPSS1_20250821T122400_vs_HYPERNETS_20250821T121500_RHOW_raw.csv,THFR_raw,Hyp,JPSS1,Hyp vs JPSS1,2025-08-21T10:15:00Z,2025-08-21T10:24:00Z,1.4574,85.615,-85.615,CV >= 30%
JPSS1_20250821T122400_vs_HYPERNETS_20250821T123000_RHOW_raw.csv,THFR_raw,Hyp,JPSS1,Hyp vs JPSS1,2025-08-21T10:30:00Z,2025-08-21T10:24:00Z,1.3946,76.4163,-76.4163,CV >= 30%
JPSS1_20250821T122400_vs_HYPERNETS_20250821T124500_RHOW_raw.csv,THFR_raw,Hyp,JPSS1,Hyp vs JPSS1,2025-08-21T10:45:00Z,2025-08-21T10:24:00Z,1.3937,77.3201,-77.3201,CV >= 30%
JPSS1_20250830T125401_vs_HYPERNETS_20250830T124500_RHOW_raw.csv,THFR_raw,Hyp,JPSS1,Hyp vs JPSS1,2025-08-30T10:45:00Z,2025-08-30T10:54:01Z,1.0225,189.0068,-189.0068,CV >= 30%
JPSS1_20250830T125401_vs_HYPERNETS_20250830T130000_RHOW_raw.csv,THFR_raw,Hyp,JPSS1,Hyp vs JPSS1,2025-08-30T11:00:00Z,2025-08-30T10:54:01Z,1.0543,202.0402,-202.0402,CV >= 30%
JPSS1_20250830T125401_vs_HYPERNETS_20250830T131500_RHOW_raw.csv,THFR_raw,Hyp,JPSS1,Hyp vs JPSS1,2025-08-30T11:15:00Z,2025-08-30T10:54:01Z,1.0747,196.0827,-196.0827,CV >= 30%
JPSS1_20250831T123601_vs_HYPERNETS_20250831T121500_RHOW_raw.csv,THFR_raw,Hyp,JPSS1,Hyp vs JPSS1,2025-08-31T10:15:00Z,2025-08-31T10:36:01Z,NA,131.8249,-131.8249,CV >= 30%
JPSS1_20250831T123601_vs_HYPERNETS_20250831T123000_RHOW_raw.csv,THFR_raw,Hyp,JPSS1,Hyp vs JPSS1,2025-08-31T10:30:00Z,2025-08-31T10:36:01Z,NA,136.5205,-136.5205,CV >= 30%
JPSS1_20250831T123601_vs_HYPERNETS_20250831T124500_RHOW_raw.csv,THFR_raw,Hyp,JPSS1,Hyp vs JPSS1,2025-08-31T10:45:00Z,2025-08-31T10:36:01Z,NA,128.1183,-128.1183,CV >= 30%
JPSS1_20250905T124200_vs_HYPERNETS_20250905T121500_RHOW_raw.csv,THFR_raw,Hyp,JPSS1,Hyp vs JPSS1,2025-09-05T10:15:00Z,2025-09-05T10:42:00Z,0.9803,138.3486,-138.3486,CV >= 30%
JPSS1_20250905T124200_vs_HYPERNETS_20250905T123000_RHOW_raw.csv,THFR_raw,Hyp,JPSS1,Hyp vs JPSS1,2025-09-05T10:30:00Z,2025-09-05T10:42:00Z,0.966,142.2598,-142.2598,CV >= 30%
JPSS1_20250905T124200_vs_HYPERNETS_20250905T124500_RHOW_raw.csv,THFR_raw,Hyp,JPSS1,Hyp vs JPSS1,2025-09-05T10:45:00Z,2025-09-05T10:42:00Z,0.9788,130.3175,-130.3175,CV >= 30%
JPSS1_20250905T124200_vs_HYPERNETS_20250905T130000_RHOW_raw.csv,THFR_raw,Hyp,JPSS1,Hyp vs JPSS1,2025-09-05T11:00:00Z,2025-09-05T10:42:00Z,0.9812,131.1178,-131.1178,CV >= 30%
JPSS1_20250906T122401_vs_HYPERNETS_20250906T120000_RHOW_raw.csv,THFR_raw,Hyp,JPSS1,Hyp vs JPSS1,2025-09-06T10:00:00Z,2025-09-06T10:24:01Z,1.1697,51.7337,-51.7337,CV >= 30%
JPSS1_20250906T122401_vs_HYPERNETS_20250906T121500_RHOW_raw.csv,THFR_raw,Hyp,JPSS1,Hyp vs JPSS1,2025-09-06T10:15:00Z,2025-09-06T10:24:01Z,1.1687,48.2615,-48.2615,CV >= 30%
JPSS1_20250906T122401_vs_HYPERNETS_20250906T123000_RHOW_raw.csv,THFR_raw,Hyp,JPSS1,Hyp vs JPSS1,2025-09-06T10:30:00Z,2025-09-06T10:24:01Z,1.1581,55.8085,-55.8085,CV >= 30%
JPSS1_20250906T122401_vs_HYPERNETS_20250906T124500_RHOW_raw.csv,THFR_raw,Hyp,JPSS1,Hyp vs JPSS1,2025-09-06T10:45:00Z,2025-09-06T10:24:01Z,1.1802,50.1263,-50.1263,CV >= 30%
JPSS1_20250911T123000_vs_HYPERNETS_20250911T124500_RHOW_raw.csv,THFR_raw,Hyp,JPSS1,Hyp vs JPSS1,2025-09-11T10:45:00Z,2025-09-11T10:30:00Z,NA,286.7819,-286.7819,CV >= 30%
JPSS1_20250921T124200_vs_HYPERNETS_20250921T123000_RHOW_raw.csv,THFR_raw,Hyp,JPSS1,Hyp vs JPSS1,2025-09-21T10:30:00Z,2025-09-21T10:42:00Z,NA,130.2468,-130.2468,CV >= 30%
JPSS1_20250921T124200_vs_HYPERNETS_20250921T124500_RHOW_raw.csv,THFR_raw,Hyp,JPSS1,Hyp vs JPSS1,2025-09-21T10:45:00Z,2025-09-21T10:42:00Z,NA,119.2621,-119.2621,CV >= 30%
JPSS1_20250921T124200_vs_HYPERNETS_20250921T130000_RHOW_raw.csv,THFR_raw,Hyp,JPSS1,Hyp vs JPSS1,2025-09-21T11:00:00Z,2025-09-21T10:42:00Z,NA,122.7857,-122.7857,CV >= 30%
JPSS1_20250922T122400_vs_HYPERNETS_20250922T120000_RHOW_raw.csv,THFR_raw,Hyp,JPSS1,Hyp vs JPSS1,2025-09-22T10:00:00Z,2025-09-22T10:24:00Z,0.9374,129.3034,-129.3034,CV >= 30%
JPSS1_20250922T122400_vs_HYPERNETS_20250922T121500_RHOW_raw.csv,THFR_raw,Hyp,JPSS1,Hyp vs JPSS1,2025-09-22T10:15:00Z,2025-09-22T10:24:00Z,0.9619,126.9212,-126.9212,CV >= 30%
JPSS1_20250922T122400_vs_HYPERNETS_20250922T123000_RHOW_raw.csv,THFR_raw,Hyp,JPSS1,Hyp vs JPSS1,2025-09-22T10:30:00Z,2025-09-22T10:24:00Z,0.9484,134.9174,-134.9174,CV >= 30%
JPSS1_20250922T122400_vs_HYPERNETS_20250922T124500_RHOW_raw.csv,THFR_raw,Hyp,JPSS1,Hyp vs JPSS1,2025-09-22T10:45:00Z,2025-09-22T10:24:00Z,0.9536,125.9799,-125.9799,CV >= 30%
JPSS1_20250929T115400_vs_HYPERNETS_20250929T113000_RHOW_raw.csv,THFR_raw,Hyp,JPSS1,Hyp vs JPSS1,2025-09-29T09:30:00Z,2025-09-29T09:54:00Z,NA,207.8713,-207.8713,CV >= 30%
JPSS1_20250929T115400_vs_HYPERNETS_20250929T114500_RHOW_raw.csv,THFR_raw,Hyp,JPSS1,Hyp vs JPSS1,2025-09-29T09:45:00Z,2025-09-29T09:54:00Z,NA,200.8617,-200.8617,CV >= 30%
JPSS1_20250929T115400_vs_HYPERNETS_20250929T120000_RHOW_raw.csv,THFR_raw,Hyp,JPSS1,Hyp vs JPSS1,2025-09-29T10:00:00Z,2025-09-29T09:54:00Z,NA,205.3878,-205.3878,CV >= 30%
JPSS1_20250929T115400_vs_HYPERNETS_20250929T121500_RHOW_raw.csv,THFR_raw,Hyp,JPSS1,Hyp vs JPSS1,2025-09-29T10:15:00Z,2025-09-29T09:54:00Z,NA,198.2708,-198.2708,CV >= 30%
JPSS1_20251002T123601_vs_HYPERNETS_20251002T121500_RHOW_raw.csv,THFR_raw,Hyp,JPSS1,Hyp vs JPSS1,2025-10-02T10:15:00Z,2025-10-02T10:36:01Z,NA,168.5212,-168.5212,CV >= 30%
JPSS1_20251002T123601_vs_HYPERNETS_20251002T123000_RHOW_raw.csv,THFR_raw,Hyp,JPSS1,Hyp vs JPSS1,2025-10-02T10:30:00Z,2025-10-02T10:36:01Z,NA,159.8355,-159.8355,CV >= 30%
JPSS1_20251002T123601_vs_HYPERNETS_20251002T124500_RHOW_raw.csv,THFR_raw,Hyp,JPSS1,Hyp vs JPSS1,2025-10-02T10:45:00Z,2025-10-02T10:36:01Z,NA,154.5468,-154.5468,CV >= 30%
JPSS1_20251002T123601_vs_HYPERNETS_20251002T130000_RHOW_raw.csv,THFR_raw,Hyp,JPSS1,Hyp vs JPSS1,2025-10-02T11:00:00Z,2025-10-02T10:36:01Z,NA,147.0774,-147.0774,CV >= 30%
JPSS1_20251011T130600_vs_HYPERNETS_20251011T124500_RHOW_raw.csv,THFR_raw,Hyp,JPSS1,Hyp vs JPSS1,2025-10-11T10:45:00Z,2025-10-11T11:06:00Z,0.8694,135.8319,-135.8319,CV >= 30%
JPSS1_20251011T130600_vs_HYPERNETS_20251011T130000_RHOW_raw.csv,THFR_raw,Hyp,JPSS1,Hyp vs JPSS1,2025-10-11T11:00:00Z,2025-10-11T11:06:00Z,0.8358,141.2349,-141.2349,CV >= 30%
JPSS1_20251011T130600_vs_HYPERNETS_20251011T131500_RHOW_raw.csv,THFR_raw,Hyp,JPSS1,Hyp vs JPSS1,2025-10-11T11:15:00Z,2025-10-11T11:06:00Z,0.8381,151.0036,-151.0036,CV >= 30%
JPSS1_20251011T130600_vs_HYPERNETS_20251011T133000_RHOW_raw.csv,THFR_raw,Hyp,JPSS1,Hyp vs JPSS1,2025-10-11T11:30:00Z,2025-10-11T11:06:00Z,0.8208,155.2775,-155.2775,CV >= 30%
JPSS1_20251012T124800_vs_HYPERNETS_20251012T123000_RHOW_raw.csv,THFR_raw,Hyp,JPSS1,Hyp vs JPSS1,2025-10-12T10:30:00Z,2025-10-12T10:48:00Z,0.8506,149.1487,-149.1487,CV >= 30%
JPSS1_20251012T124800_vs_HYPERNETS_20251012T130000_RHOW_raw.csv,THFR_raw,Hyp,JPSS1,Hyp vs JPSS1,2025-10-12T11:00:00Z,2025-10-12T10:48:00Z,0.8632,159.3766,-159.3766,CV >= 30%
JPSS1_20251012T124800_vs_HYPERNETS_20251012T131500_RHOW_raw.csv,THFR_raw,Hyp,JPSS1,Hyp vs JPSS1,2025-10-12T11:15:00Z,2025-10-12T10:48:00Z,0.862,158.5853,-158.5853,CV >= 30%
JPSS1_20251013T123001_vs_HYPERNETS_20251013T120000_RHOW_raw.csv,THFR_raw,Hyp,JPSS1,Hyp vs JPSS1,2025-10-13T10:00:00Z,2025-10-13T10:30:01Z,NA,203.6193,-203.6193,CV >= 30%
JPSS1_20251013T123001_vs_HYPERNETS_20251013T121500_RHOW_raw.csv,THFR_raw,Hyp,JPSS1,Hyp vs JPSS1,2025-10-13T10:15:00Z,2025-10-13T10:30:01Z,NA,219.7292,-219.7292,CV >= 30%
JPSS1_20251013T123001_vs_HYPERNETS_20251013T123000_RHOW_raw.csv,THFR_raw,Hyp,JPSS1,Hyp vs JPSS1,2025-10-13T10:30:00Z,2025-10-13T10:30:01Z,NA,195.0522,-195.0522,CV >= 30%
JPSS1_20251013T123001_vs_HYPERNETS_20251013T124500_RHOW_raw.csv,THFR_raw,Hyp,JPSS1,Hyp vs JPSS1,2025-10-13T10:45:00Z,2025-10-13T10:30:01Z,NA,194.5823,-194.5823,CV >= 30%
JPSS1_20251013T123001_vs_HYPERNETS_20251013T130000_RHOW_raw.csv,THFR_raw,Hyp,JPSS1,Hyp vs JPSS1,2025-10-13T11:00:00Z,2025-10-13T10:30:01Z,NA,192.5141,-192.5141,CV >= 30%
JPSS1_20251018T123600_vs_HYPERNETS_20251018T121500_RHOW_raw.csv,THFR_raw,Hyp,JPSS1,Hyp vs JPSS1,2025-10-18T10:15:00Z,2025-10-18T10:36:00Z,NA,183.3167,-183.3167,CV >= 30%
JPSS1_20251018T123600_vs_HYPERNETS_20251018T123000_RHOW_raw.csv,THFR_raw,Hyp,JPSS1,Hyp vs JPSS1,2025-10-18T10:30:00Z,2025-10-18T10:36:00Z,NA,186.2573,-186.2573,CV >= 30%
JPSS1_20251018T123600_vs_HYPERNETS_20251018T124500_RHOW_raw.csv,THFR_raw,Hyp,JPSS1,Hyp vs JPSS1,2025-10-18T10:45:00Z,2025-10-18T10:36:00Z,NA,180.616,-180.616,CV >= 30%
JPSS1_20251018T123600_vs_HYPERNETS_20251018T130000_RHOW_raw.csv,THFR_raw,Hyp,JPSS1,Hyp vs JPSS1,2025-10-18T11:00:00Z,2025-10-18T10:36:00Z,NA,173.8408,-173.8408,CV >= 30%
JPSS1_20251023T124200_vs_HYPERNETS_20251023T121500_RHOW_raw.csv,THFR_raw,Hyp,JPSS1,Hyp vs JPSS1,2025-10-23T10:15:00Z,2025-10-23T10:42:00Z,0.8802,112.538,-112.538,CV >= 30%
JPSS1_20251023T124200_vs_HYPERNETS_20251023T123000_RHOW_raw.csv,THFR_raw,Hyp,JPSS1,Hyp vs JPSS1,2025-10-23T10:30:00Z,2025-10-23T10:42:00Z,0.8742,109.5751,-109.5751,CV >= 30%
JPSS1_20251023T124200_vs_HYPERNETS_20251023T130000_RHOW_raw.csv,THFR_raw,Hyp,JPSS1,Hyp vs JPSS1,2025-10-23T11:00:00Z,2025-10-23T10:42:00Z,0.8403,114.3124,-114.3124,CV >= 30%
JPSS1_20251028T124800_vs_HYPERNETS_20251028T124500_RHOW_raw.csv,THFR_raw,Hyp,JPSS1,Hyp vs JPSS1,2025-10-28T11:45:00Z,2025-10-28T11:48:00Z,0.7057,141.1784,-141.1784,CV >= 30%
JPSS1_20251028T124800_vs_HYPERNETS_20251028T130000_RHOW_raw.csv,THFR_raw,Hyp,JPSS1,Hyp vs JPSS1,2025-10-28T12:00:00Z,2025-10-28T11:48:00Z,0.6971,141.2167,-141.2167,CV >= 30%
JPSS1_20251028T124800_vs_HYPERNETS_20251028T131500_RHOW_raw.csv,THFR_raw,Hyp,JPSS1,Hyp vs JPSS1,2025-10-28T12:15:00Z,2025-10-28T11:48:00Z,0.686,143.9448,-143.9448,CV >= 30%
JPSS1_20251030T121200_vs_HYPERNETS_20251030T114500_RHOW_raw.csv,THFR_raw,Hyp,JPSS1,Hyp vs JPSS1,2025-10-30T10:45:00Z,2025-10-30T11:12:00Z,0.7556,289.1951,-289.1951,CV >= 30%
JPSS1_20251030T121200_vs_HYPERNETS_20251030T121500_RHOW_raw.csv,THFR_raw,Hyp,JPSS1,Hyp vs JPSS1,2025-10-30T11:15:00Z,2025-10-30T11:12:00Z,0.7582,277.9405,-277.9405,CV >= 30%
JPSS1_20251030T121200_vs_HYPERNETS_20251030T123000_RHOW_raw.csv,THFR_raw,Hyp,JPSS1,Hyp vs JPSS1,2025-10-30T11:30:00Z,2025-10-30T11:12:00Z,0.7522,284.3948,-284.3948,CV >= 30%
JPSS1_20251103T123600_vs_HYPERNETS_20251103T121500_RHOW_raw.csv,THFR_raw,Hyp,JPSS1,Hyp vs JPSS1,2025-11-03T11:15:00Z,2025-11-03T11:36:00Z,NA,117.7046,-117.7046,CV >= 30%
JPSS1_20251103T123600_vs_HYPERNETS_20251103T123000_RHOW_raw.csv,THFR_raw,Hyp,JPSS1,Hyp vs JPSS1,2025-11-03T11:30:00Z,2025-11-03T11:36:00Z,NA,121.7847,-121.7847,CV >= 30%
JPSS1_20251103T123600_vs_HYPERNETS_20251103T124500_RHOW_raw.csv,THFR_raw,Hyp,JPSS1,Hyp vs JPSS1,2025-11-03T11:45:00Z,2025-11-03T11:36:00Z,NA,111.09,-111.09,CV >= 30%
JPSS1_20251103T123600_vs_HYPERNETS_20251103T130000_RHOW_raw.csv,THFR_raw,Hyp,JPSS1,Hyp vs JPSS1,2025-11-03T12:00:00Z,2025-11-03T11:36:00Z,NA,111.0767,-111.0767,CV >= 30%
JPSS1_20251109T122400_vs_HYPERNETS_20251109T120000_RHOW_raw.csv,THFR_raw,Hyp,JPSS1,Hyp vs JPSS1,2025-11-09T11:00:00Z,2025-11-09T11:24:00Z,0.8023,149.6022,-149.6022,CV >= 30%
JPSS1_20251109T122400_vs_HYPERNETS_20251109T121500_RHOW_raw.csv,THFR_raw,Hyp,JPSS1,Hyp vs JPSS1,2025-11-09T11:15:00Z,2025-11-09T11:24:00Z,0.8159,140.4293,-140.4293,CV >= 30%
JPSS1_20251109T122400_vs_HYPERNETS_20251109T123000_RHOW_raw.csv,THFR_raw,Hyp,JPSS1,Hyp vs JPSS1,2025-11-09T11:30:00Z,2025-11-09T11:24:00Z,0.8441,122.109,-122.109,CV >= 30%
JPSS1_20251109T122400_vs_HYPERNETS_20251109T124500_RHOW_raw.csv,THFR_raw,Hyp,JPSS1,Hyp vs JPSS1,2025-11-09T11:45:00Z,2025-11-09T11:24:00Z,0.8447,127.2208,-127.2208,CV >= 30%
JPSS1_20251115T121201_vs_HYPERNETS_20251115T114500_RHOW_raw.csv,THFR_raw,Hyp,JPSS1,Hyp vs JPSS1,2025-11-15T10:45:00Z,2025-11-15T11:12:01Z,0.6651,136.8157,-136.8157,CV >= 30%
JPSS1_20251115T121201_vs_HYPERNETS_20251115T120000_RHOW_raw.csv,THFR_raw,Hyp,JPSS1,Hyp vs JPSS1,2025-11-15T11:00:00Z,2025-11-15T11:12:01Z,0.6751,136.292,-136.292,CV >= 30%
JPSS1_20251115T121201_vs_HYPERNETS_20251115T121500_RHOW_raw.csv,THFR_raw,Hyp,JPSS1,Hyp vs JPSS1,2025-11-15T11:15:00Z,2025-11-15T11:12:01Z,0.6954,127.2908,-127.2908,CV >= 30%
JPSS1_20251118T125400_vs_HYPERNETS_20251118T123000_RHOW_raw.csv,THFR_raw,Hyp,JPSS1,Hyp vs JPSS1,2025-11-18T11:30:00Z,2025-11-18T11:54:00Z,NA,143.99,-143.99,CV >= 30%
JPSS1_20251118T125400_vs_HYPERNETS_20251118T124500_RHOW_raw.csv,THFR_raw,Hyp,JPSS1,Hyp vs JPSS1,2025-11-18T11:45:00Z,2025-11-18T11:54:00Z,NA,142.006,-142.006,CV >= 30%
JPSS1_20251118T125400_vs_HYPERNETS_20251118T130000_RHOW_raw.csv,THFR_raw,Hyp,JPSS1,Hyp vs JPSS1,2025-11-18T12:00:00Z,2025-11-18T11:54:00Z,NA,149.6039,-149.6039,CV >= 30%
JPSS1_20251118T125400_vs_HYPERNETS_20251118T131500_RHOW_raw.csv,THFR_raw,Hyp,JPSS1,Hyp vs JPSS1,2025-11-18T12:15:00Z,2025-11-18T11:54:00Z,NA,122.8706,-122.8706,CV >= 30%
JPSS1_20251119T123601_vs_HYPERNETS_20251119T124500_RHOW_raw.csv,THFR_raw,Hyp,JPSS1,Hyp vs JPSS1,2025-11-19T11:45:00Z,2025-11-19T11:36:01Z,NA,161.8035,-161.8035,CV >= 30%
JPSS1_20251119T123601_vs_HYPERNETS_20251119T130000_RHOW_raw.csv,THFR_raw,Hyp,JPSS1,Hyp vs JPSS1,2025-11-19T12:00:00Z,2025-11-19T11:36:01Z,NA,152.1693,-152.1693,CV >= 30%
JPSS1_20251205T123600_vs_HYPERNETS_20251205T121500_RHOW_raw.csv,THFR_raw,Hyp,JPSS1,Hyp vs JPSS1,2025-12-05T11:15:00Z,2025-12-05T11:36:00Z,NA,154.6006,-154.6006,CV >= 30%
JPSS1_20251205T123600_vs_HYPERNETS_20251205T124500_RHOW_raw.csv,THFR_raw,Hyp,JPSS1,Hyp vs JPSS1,2025-12-05T11:45:00Z,2025-12-05T11:36:00Z,NA,155.9684,-155.9684,CV >= 30%
JPSS1_20251205T123600_vs_HYPERNETS_20251205T130000_RHOW_raw.csv,THFR_raw,Hyp,JPSS1,Hyp vs JPSS1,2025-12-05T12:00:00Z,2025-12-05T11:36:00Z,NA,151.4809,-151.4809,CV >= 30%
JPSS1_20251227T122401_vs_HYPERNETS_20251227T120000_RHOW_raw.csv,THFR_raw,Hyp,JPSS1,Hyp vs JPSS1,2025-12-27T11:00:00Z,2025-12-27T11:24:01Z,0.3728,633.7582,-633.7582,CV >= 30%
JPSS1_20251227T122401_vs_HYPERNETS_20251227T121500_RHOW_raw.csv,THFR_raw,Hyp,JPSS1,Hyp vs JPSS1,2025-12-27T11:15:00Z,2025-12-27T11:24:01Z,0.3702,637.2928,-637.2928,CV >= 30%
JPSS2_20250116T124200_vs_HYPERNETS_20250116T121600_RHOW_raw.csv,THFR_raw,Hyp,JPSS2,Hyp vs JPSS2,2025-01-16T11:16:00Z,2025-01-16T11:42:00Z,NA,NA,NA,CV >= 30%
JPSS2_20250116T124200_vs_HYPERNETS_20250116T123000_RHOW_raw.csv,THFR_raw,Hyp,JPSS2,Hyp vs JPSS2,2025-01-16T11:30:00Z,2025-01-16T11:42:00Z,NA,NA,NA,CV >= 30%
JPSS2_20250116T124200_vs_HYPERNETS_20250116T124500_RHOW_raw.csv,THFR_raw,Hyp,JPSS2,Hyp vs JPSS2,2025-01-16T11:45:00Z,2025-01-16T11:42:00Z,NA,NA,NA,CV >= 30%
JPSS2_20250116T124200_vs_HYPERNETS_20250116T130000_RHOW_raw.csv,THFR_raw,Hyp,JPSS2,Hyp vs JPSS2,2025-01-16T12:00:00Z,2025-01-16T11:42:00Z,NA,50.6255,-50.6255,CV >= 30%
JPSS2_20250117T122400_vs_HYPERNETS_20250117T120000_RHOW_raw.csv,THFR_raw,Hyp,JPSS2,Hyp vs JPSS2,2025-01-17T11:00:00Z,2025-01-17T11:24:00Z,NA,135.6788,-135.6788,CV >= 30%
JPSS2_20250117T122400_vs_HYPERNETS_20250117T121500_RHOW_raw.csv,THFR_raw,Hyp,JPSS2,Hyp vs JPSS2,2025-01-17T11:15:00Z,2025-01-17T11:24:00Z,NA,131.949,-131.949,CV >= 30%
JPSS2_20250117T122400_vs_HYPERNETS_20250117T123000_RHOW_raw.csv,THFR_raw,Hyp,JPSS2,Hyp vs JPSS2,2025-01-17T11:30:00Z,2025-01-17T11:24:00Z,NA,132.7606,-132.7606,CV >= 30%
JPSS2_20250117T122400_vs_HYPERNETS_20250117T124500_RHOW_raw.csv,THFR_raw,Hyp,JPSS2,Hyp vs JPSS2,2025-01-17T11:45:00Z,2025-01-17T11:24:00Z,NA,126.5049,-126.5049,CV >= 30%
JPSS2_20250131T130000_vs_HYPERNETS_20250131T124500_RHOW_raw.csv,THFR_raw,Hyp,JPSS2,Hyp vs JPSS2,2025-01-31T11:45:00Z,2025-01-31T12:00:00Z,NA,213.2014,-213.2014,CV >= 30%
JPSS2_20250131T130000_vs_HYPERNETS_20250131T130000_RHOW_raw.csv,THFR_raw,Hyp,JPSS2,Hyp vs JPSS2,2025-01-31T12:00:00Z,2025-01-31T12:00:00Z,NA,223.2974,-223.2974,CV >= 30%
JPSS2_20250131T130000_vs_HYPERNETS_20250131T131500_RHOW_raw.csv,THFR_raw,Hyp,JPSS2,Hyp vs JPSS2,2025-01-31T12:15:00Z,2025-01-31T12:00:00Z,NA,221.6739,-221.6739,CV >= 30%
JPSS2_20250131T130000_vs_HYPERNETS_20250131T133000_RHOW_raw.csv,THFR_raw,Hyp,JPSS2,Hyp vs JPSS2,2025-01-31T12:30:00Z,2025-01-31T12:00:00Z,NA,224.1674,-224.1674,CV >= 30%
JPSS2_20250206T124800_vs_HYPERNETS_20250206T123000_RHOW_raw.csv,THFR_raw,Hyp,JPSS2,Hyp vs JPSS2,2025-02-06T11:30:00Z,2025-02-06T11:48:00Z,NA,147.686,-147.686,CV >= 30%
JPSS2_20250206T124800_vs_HYPERNETS_20250206T124500_RHOW_raw.csv,THFR_raw,Hyp,JPSS2,Hyp vs JPSS2,2025-02-06T11:45:00Z,2025-02-06T11:48:00Z,NA,138.0499,-138.0499,CV >= 30%
JPSS2_20250206T124800_vs_HYPERNETS_20250206T130000_RHOW_raw.csv,THFR_raw,Hyp,JPSS2,Hyp vs JPSS2,2025-02-06T12:00:00Z,2025-02-06T11:48:00Z,NA,135.997,-135.997,CV >= 30%
JPSS2_20250206T124800_vs_HYPERNETS_20250206T131500_RHOW_raw.csv,THFR_raw,Hyp,JPSS2,Hyp vs JPSS2,2025-02-06T12:15:00Z,2025-02-06T11:48:00Z,NA,133.3491,-133.3491,CV >= 30%
JPSS2_20250529T124800_vs_HYPERNETS_20250529T123000_RHOW_raw.csv,THFR_raw,Hyp,JPSS2,Hyp vs JPSS2,2025-05-29T10:30:00Z,2025-05-29T10:48:00Z,-198.3769,1690.8281,1690.8281,CV >= 30%
JPSS2_20250529T124800_vs_HYPERNETS_20250529T124500_RHOW_raw.csv,THFR_raw,Hyp,JPSS2,Hyp vs JPSS2,2025-05-29T10:45:00Z,2025-05-29T10:48:00Z,2.0869,115.2822,-115.2822,CV >= 30%
JPSS2_20250529T124800_vs_HYPERNETS_20250529T130000_RHOW_raw.csv,THFR_raw,Hyp,JPSS2,Hyp vs JPSS2,2025-05-29T11:00:00Z,2025-05-29T10:48:00Z,1.9837,117.5369,-117.5369,CV >= 30%
JPSS2_20250529T124800_vs_HYPERNETS_20250529T131500_RHOW_raw.csv,THFR_raw,Hyp,JPSS2,Hyp vs JPSS2,2025-05-29T11:15:00Z,2025-05-29T10:48:00Z,1.9542,114.2294,-114.2294,CV >= 30%
JPSS2_20250530T123000_vs_HYPERNETS_20250530T120000_RHOW_raw.csv,THFR_raw,Hyp,JPSS2,Hyp vs JPSS2,2025-05-30T10:00:00Z,2025-05-30T10:30:00Z,1.7517,52.3216,37.6732,CV >= 30%
JPSS2_20250530T123000_vs_HYPERNETS_20250530T121500_RHOW_raw.csv,THFR_raw,Hyp,JPSS2,Hyp vs JPSS2,2025-05-30T10:15:00Z,2025-05-30T10:30:00Z,1.7799,54.9504,40.4552,CV >= 30%
JPSS2_20250530T123000_vs_HYPERNETS_20250530T123000_RHOW_raw.csv,THFR_raw,Hyp,JPSS2,Hyp vs JPSS2,2025-05-30T10:30:00Z,2025-05-30T10:30:00Z,1.7962,57.5127,39.7054,CV >= 30%
JPSS2_20250530T123000_vs_HYPERNETS_20250530T124500_RHOW_raw.csv,THFR_raw,Hyp,JPSS2,Hyp vs JPSS2,2025-05-30T10:45:00Z,2025-05-30T10:30:00Z,1.8694,65.6553,49.1021,CV >= 30%
JPSS2_20250530T123000_vs_HYPERNETS_20250530T130000_RHOW_raw.csv,THFR_raw,Hyp,JPSS2,Hyp vs JPSS2,2025-05-30T11:00:00Z,2025-05-30T10:30:00Z,1.8893,66.9315,53.7301,CV >= 30%
JPSS2_20250610T122401_vs_HYPERNETS_20250610T120000_RHOW_raw.csv,THFR_raw,Hyp,JPSS2,Hyp vs JPSS2,2025-06-10T10:00:00Z,2025-06-10T10:24:01Z,0.7215,133.0297,-133.0297,CV >= 30%
JPSS2_20250610T122401_vs_HYPERNETS_20250610T121500_RHOW_raw.csv,THFR_raw,Hyp,JPSS2,Hyp vs JPSS2,2025-06-10T10:15:00Z,2025-06-10T10:24:01Z,0.7218,120.6886,-120.6886,CV >= 30%
JPSS2_20250610T122401_vs_HYPERNETS_20250610T123000_RHOW_raw.csv,THFR_raw,Hyp,JPSS2,Hyp vs JPSS2,2025-06-10T10:30:00Z,2025-06-10T10:24:01Z,0.7549,123.6616,-123.6616,CV >= 30%
JPSS2_20250610T122401_vs_HYPERNETS_20250610T124500_RHOW_raw.csv,THFR_raw,Hyp,JPSS2,Hyp vs JPSS2,2025-06-10T10:45:00Z,2025-06-10T10:24:01Z,0.7809,116.605,-116.605,CV >= 30%
JPSS2_20250619T125400_vs_HYPERNETS_20250619T123000_RHOW_raw.csv,THFR_raw,Hyp,JPSS2,Hyp vs JPSS2,2025-06-19T10:30:00Z,2025-06-19T10:54:00Z,NA,117.9295,-117.9295,CV >= 30%
JPSS2_20250619T125400_vs_HYPERNETS_20250619T124500_RHOW_raw.csv,THFR_raw,Hyp,JPSS2,Hyp vs JPSS2,2025-06-19T10:45:00Z,2025-06-19T10:54:00Z,NA,122.4663,-122.4663,CV >= 30%
JPSS2_20250619T125400_vs_HYPERNETS_20250619T130000_RHOW_raw.csv,THFR_raw,Hyp,JPSS2,Hyp vs JPSS2,2025-06-19T11:00:00Z,2025-06-19T10:54:00Z,NA,119.0855,-119.0855,CV >= 30%
JPSS2_20250619T125400_vs_HYPERNETS_20250619T131500_RHOW_raw.csv,THFR_raw,Hyp,JPSS2,Hyp vs JPSS2,2025-06-19T11:15:00Z,2025-06-19T10:54:00Z,NA,119.9053,-119.9053,CV >= 30%
JPSS2_20250626T122400_vs_HYPERNETS_20250626T120000_RHOW_raw.csv,THFR_raw,Hyp,JPSS2,Hyp vs JPSS2,2025-06-26T10:00:00Z,2025-06-26T10:24:00Z,1.1881,104.4163,104.4163,CV >= 30%
JPSS2_20250626T122400_vs_HYPERNETS_20250626T121500_RHOW_raw.csv,THFR_raw,Hyp,JPSS2,Hyp vs JPSS2,2025-06-26T10:15:00Z,2025-06-26T10:24:00Z,1.1947,114.4328,114.4328,CV >= 30%
JPSS2_20250626T122400_vs_HYPERNETS_20250626T123000_RHOW_raw.csv,THFR_raw,Hyp,JPSS2,Hyp vs JPSS2,2025-06-26T10:30:00Z,2025-06-26T10:24:00Z,1.2252,119.2398,119.2398,CV >= 30%
JPSS2_20250626T122400_vs_HYPERNETS_20250626T124500_RHOW_raw.csv,THFR_raw,Hyp,JPSS2,Hyp vs JPSS2,2025-06-26T10:45:00Z,2025-06-26T10:24:00Z,1.2251,121.98,121.98,CV >= 30%
JPSS2_20250630T124800_vs_HYPERNETS_20250630T123000_RHOW_raw.csv,THFR_raw,Hyp,JPSS2,Hyp vs JPSS2,2025-06-30T10:30:00Z,2025-06-30T10:48:00Z,1.2717,125.1773,-125.1773,CV >= 30%
JPSS2_20250630T124800_vs_HYPERNETS_20250630T124500_RHOW_raw.csv,THFR_raw,Hyp,JPSS2,Hyp vs JPSS2,2025-06-30T10:45:00Z,2025-06-30T10:48:00Z,1.2706,93.9514,-93.9514,CV >= 30%
JPSS2_20250630T124800_vs_HYPERNETS_20250630T130000_RHOW_raw.csv,THFR_raw,Hyp,JPSS2,Hyp vs JPSS2,2025-06-30T11:00:00Z,2025-06-30T10:48:00Z,1.2975,113.0725,-113.0725,CV >= 30%
JPSS2_20250630T124800_vs_HYPERNETS_20250630T131500_RHOW_raw.csv,THFR_raw,Hyp,JPSS2,Hyp vs JPSS2,2025-06-30T11:15:00Z,2025-06-30T10:48:00Z,1.3154,108.4624,-108.4624,CV >= 30%
JPSS2_20250708T120001_vs_HYPERNETS_20250708T113000_RHOW_raw.csv,THFR_raw,Hyp,JPSS2,Hyp vs JPSS2,2025-07-08T09:30:00Z,2025-07-08T10:00:01Z,1.473,102.0727,102.0727,CV >= 30%
JPSS2_20250708T120001_vs_HYPERNETS_20250708T114500_RHOW_raw.csv,THFR_raw,Hyp,JPSS2,Hyp vs JPSS2,2025-07-08T09:45:00Z,2025-07-08T10:00:01Z,1.2457,19.6609,14.74,CV >= 30%
JPSS2_20250708T120001_vs_HYPERNETS_20250708T120000_RHOW_raw.csv,THFR_raw,Hyp,JPSS2,Hyp vs JPSS2,2025-07-08T10:00:00Z,2025-07-08T10:00:01Z,1.2377,17.4726,17.4726,CV >= 30%
JPSS2_20250708T120001_vs_HYPERNETS_20250708T121500_RHOW_raw.csv,THFR_raw,Hyp,JPSS2,Hyp vs JPSS2,2025-07-08T10:15:00Z,2025-07-08T10:00:01Z,1.2309,24.9832,7.5145,CV >= 30%
JPSS2_20250708T120001_vs_HYPERNETS_20250708T123000_RHOW_raw.csv,THFR_raw,Hyp,JPSS2,Hyp vs JPSS2,2025-07-08T10:30:00Z,2025-07-08T10:00:01Z,1.2206,19.8165,11.3874,CV >= 30%
JPSS2_20250711T124201_vs_HYPERNETS_20250711T121500_RHOW_raw.csv,THFR_raw,Hyp,JPSS2,Hyp vs JPSS2,2025-07-11T10:15:00Z,2025-07-11T10:42:01Z,1.2574,25.4586,-25.4586,CV >= 30%
JPSS2_20250711T124201_vs_HYPERNETS_20250711T123000_RHOW_raw.csv,THFR_raw,Hyp,JPSS2,Hyp vs JPSS2,2025-07-11T10:30:00Z,2025-07-11T10:42:01Z,1.2853,20.7533,-20.7533,CV >= 30%
JPSS2_20250711T124201_vs_HYPERNETS_20250711T124500_RHOW_raw.csv,THFR_raw,Hyp,JPSS2,Hyp vs JPSS2,2025-07-11T10:45:00Z,2025-07-11T10:42:01Z,1.2905,21.0949,-21.0949,CV >= 30%
JPSS2_20250711T124201_vs_HYPERNETS_20250711T130000_RHOW_raw.csv,THFR_raw,Hyp,JPSS2,Hyp vs JPSS2,2025-07-11T11:00:00Z,2025-07-11T10:42:01Z,1.2667,28.358,-28.358,CV >= 30%
JPSS2_20250715T130600_vs_HYPERNETS_20250715T124500_RHOW_raw.csv,THFR_raw,Hyp,JPSS2,Hyp vs JPSS2,2025-07-15T10:45:00Z,2025-07-15T11:06:00Z,1.4244,16.1583,12.4813,CV >= 30%
JPSS2_20250715T130600_vs_HYPERNETS_20250715T130000_RHOW_raw.csv,THFR_raw,Hyp,JPSS2,Hyp vs JPSS2,2025-07-15T11:00:00Z,2025-07-15T11:06:00Z,1.4141,18.6571,15.7901,CV >= 30%
JPSS2_20250715T130600_vs_HYPERNETS_20250715T131500_RHOW_raw.csv,THFR_raw,Hyp,JPSS2,Hyp vs JPSS2,2025-07-15T11:15:00Z,2025-07-15T11:06:00Z,1.4244,19.2119,15.891,CV >= 30%
JPSS2_20250715T130600_vs_HYPERNETS_20250715T133000_RHOW_raw.csv,THFR_raw,Hyp,JPSS2,Hyp vs JPSS2,2025-07-15T11:30:00Z,2025-07-15T11:06:00Z,1.4797,23.4991,20.0551,CV >= 30%
JPSS2_20250716T124800_vs_HYPERNETS_20250716T123000_RHOW_raw.csv,THFR_raw,Hyp,JPSS2,Hyp vs JPSS2,2025-07-16T10:30:00Z,2025-07-16T10:48:00Z,0.9464,102.9882,-102.9882,CV >= 30%
JPSS2_20250716T124800_vs_HYPERNETS_20250716T124500_RHOW_raw.csv,THFR_raw,Hyp,JPSS2,Hyp vs JPSS2,2025-07-16T10:45:00Z,2025-07-16T10:48:00Z,0.9495,99.3163,-99.3163,CV >= 30%
JPSS2_20250716T124800_vs_HYPERNETS_20250716T130000_RHOW_raw.csv,THFR_raw,Hyp,JPSS2,Hyp vs JPSS2,2025-07-16T11:00:00Z,2025-07-16T10:48:00Z,0.94,125.7471,-125.7471,CV >= 30%
JPSS2_20250716T124800_vs_HYPERNETS_20250716T131500_RHOW_raw.csv,THFR_raw,Hyp,JPSS2,Hyp vs JPSS2,2025-07-16T11:15:00Z,2025-07-16T10:48:00Z,0.9621,100.3584,-100.3584,CV >= 30%
JPSS2_20250718T121200_vs_HYPERNETS_20250718T114500_RHOW_raw.csv,THFR_raw,Hyp,JPSS2,Hyp vs JPSS2,2025-07-18T09:45:00Z,2025-07-18T10:12:00Z,1.0873,35.0181,0.6791,CV >= 30%
JPSS2_20250718T121200_vs_HYPERNETS_20250718T120000_RHOW_raw.csv,THFR_raw,Hyp,JPSS2,Hyp vs JPSS2,2025-07-18T10:00:00Z,2025-07-18T10:12:00Z,1.0979,34.2096,1.7678,CV >= 30%
JPSS2_20250718T121200_vs_HYPERNETS_20250718T121500_RHOW_raw.csv,THFR_raw,Hyp,JPSS2,Hyp vs JPSS2,2025-07-18T10:15:00Z,2025-07-18T10:12:00Z,1.0857,32.8435,0.6556,CV >= 30%
JPSS2_20250718T121200_vs_HYPERNETS_20250718T123000_RHOW_raw.csv,THFR_raw,Hyp,JPSS2,Hyp vs JPSS2,2025-07-18T10:30:00Z,2025-07-18T10:12:00Z,1.0506,34.6656,-1.9666,CV >= 30%
JPSS2_20250726T130001_vs_HYPERNETS_20250726T123000_RHOW_raw.csv,THFR_raw,Hyp,JPSS2,Hyp vs JPSS2,2025-07-26T10:30:00Z,2025-07-26T11:00:01Z,1.1319,16.6558,-16.6558,CV >= 30%
JPSS2_20250726T130001_vs_HYPERNETS_20250726T124500_RHOW_raw.csv,THFR_raw,Hyp,JPSS2,Hyp vs JPSS2,2025-07-26T10:45:00Z,2025-07-26T11:00:01Z,NA,194.075,194.075,CV >= 30%
JPSS2_20250726T130001_vs_HYPERNETS_20250726T130000_RHOW_raw.csv,THFR_raw,Hyp,JPSS2,Hyp vs JPSS2,2025-07-26T11:00:00Z,2025-07-26T11:00:01Z,1.1262,4.4819,-1.2568,CV >= 30%
JPSS2_20250726T130001_vs_HYPERNETS_20250726T131500_RHOW_raw.csv,THFR_raw,Hyp,JPSS2,Hyp vs JPSS2,2025-07-26T11:15:00Z,2025-07-26T11:00:01Z,1.1237,16.3555,-16.3555,CV >= 30%
JPSS2_20250726T130001_vs_HYPERNETS_20250726T133000_RHOW_raw.csv,THFR_raw,Hyp,JPSS2,Hyp vs JPSS2,2025-07-26T11:30:00Z,2025-07-26T11:00:01Z,1.0953,12.6392,-12.6392,CV >= 30%
JPSS2_20250728T122401_vs_HYPERNETS_20250728T120000_RHOW_raw.csv,THFR_raw,Hyp,JPSS2,Hyp vs JPSS2,2025-07-28T10:00:00Z,2025-07-28T10:24:01Z,0.9396,42.8327,1.879,CV >= 30%
JPSS2_20250728T122401_vs_HYPERNETS_20250728T121500_RHOW_raw.csv,THFR_raw,Hyp,JPSS2,Hyp vs JPSS2,2025-07-28T10:15:00Z,2025-07-28T10:24:01Z,0.8584,53.6057,-0.173,CV >= 30%
JPSS2_20250728T122401_vs_HYPERNETS_20250728T123000_RHOW_raw.csv,THFR_raw,Hyp,JPSS2,Hyp vs JPSS2,2025-07-28T10:30:00Z,2025-07-28T10:24:01Z,0.8969,44.9787,5.9875,CV >= 30%
JPSS2_20250728T122401_vs_HYPERNETS_20250728T124500_RHOW_raw.csv,THFR_raw,Hyp,JPSS2,Hyp vs JPSS2,2025-07-28T10:45:00Z,2025-07-28T10:24:01Z,0.9227,35.3256,-9.3745,CV >= 30%
JPSS2_20250802T123001_vs_HYPERNETS_20250802T120000_RHOW_raw.csv,THFR_raw,Hyp,JPSS2,Hyp vs JPSS2,2025-08-02T10:00:00Z,2025-08-02T10:30:01Z,0.955,181.0654,-181.0654,CV >= 30%
JPSS2_20250802T123001_vs_HYPERNETS_20250802T121500_RHOW_raw.csv,THFR_raw,Hyp,JPSS2,Hyp vs JPSS2,2025-08-02T10:15:00Z,2025-08-02T10:30:01Z,0.9395,190.6777,-190.6777,CV >= 30%
JPSS2_20250802T123001_vs_HYPERNETS_20250802T123000_RHOW_raw.csv,THFR_raw,Hyp,JPSS2,Hyp vs JPSS2,2025-08-02T10:30:00Z,2025-08-02T10:30:01Z,0.9603,180.1261,-180.1261,CV >= 30%
JPSS2_20250802T123001_vs_HYPERNETS_20250802T124500_RHOW_raw.csv,THFR_raw,Hyp,JPSS2,Hyp vs JPSS2,2025-08-02T10:45:00Z,2025-08-02T10:30:01Z,0.9666,178.7709,-178.7709,CV >= 30%
JPSS2_20250802T123001_vs_HYPERNETS_20250802T130000_RHOW_raw.csv,THFR_raw,Hyp,JPSS2,Hyp vs JPSS2,2025-08-02T11:00:00Z,2025-08-02T10:30:01Z,0.9644,175.2075,-175.2075,CV >= 30%
JPSS2_20250803T121201_vs_HYPERNETS_20250803T114500_RHOW_raw.csv,THFR_raw,Hyp,JPSS2,Hyp vs JPSS2,2025-08-03T09:45:00Z,2025-08-03T10:12:01Z,1.1842,27.3694,-25.7965,CV >= 30%
JPSS2_20250803T121201_vs_HYPERNETS_20250803T120000_RHOW_raw.csv,THFR_raw,Hyp,JPSS2,Hyp vs JPSS2,2025-08-03T10:00:00Z,2025-08-03T10:12:01Z,1.1557,36.6116,-36.6116,CV >= 30%
JPSS2_20250803T121201_vs_HYPERNETS_20250803T121500_RHOW_raw.csv,THFR_raw,Hyp,JPSS2,Hyp vs JPSS2,2025-08-03T10:15:00Z,2025-08-03T10:12:01Z,1.1802,29.8624,-29.8624,CV >= 30%
JPSS2_20250803T121201_vs_HYPERNETS_20250803T123000_RHOW_raw.csv,THFR_raw,Hyp,JPSS2,Hyp vs JPSS2,2025-08-03T10:30:00Z,2025-08-03T10:12:01Z,1.1652,25.997,-25.997,CV >= 30%
JPSS2_20250807T123600_vs_HYPERNETS_20250807T121500_RHOW_raw.csv,THFR_raw,Hyp,JPSS2,Hyp vs JPSS2,2025-08-07T10:15:00Z,2025-08-07T10:36:00Z,1.9414,43.8828,23.1185,CV >= 30%
JPSS2_20250807T123600_vs_HYPERNETS_20250807T123000_RHOW_raw.csv,THFR_raw,Hyp,JPSS2,Hyp vs JPSS2,2025-08-07T10:30:00Z,2025-08-07T10:36:00Z,1.9555,46.0998,24.2365,CV >= 30%
JPSS2_20250807T123600_vs_HYPERNETS_20250807T124500_RHOW_raw.csv,THFR_raw,Hyp,JPSS2,Hyp vs JPSS2,2025-08-07T10:45:00Z,2025-08-07T10:36:00Z,1.9661,46.6528,25.891,CV >= 30%
JPSS2_20250807T123600_vs_HYPERNETS_20250807T130000_RHOW_raw.csv,THFR_raw,Hyp,JPSS2,Hyp vs JPSS2,2025-08-07T11:00:00Z,2025-08-07T10:36:00Z,1.9051,41.922,21.9212,CV >= 30%
JPSS2_20250811T130000_vs_HYPERNETS_20250811T123000_RHOW_raw.csv,THFR_raw,Hyp,JPSS2,Hyp vs JPSS2,2025-08-11T10:30:00Z,2025-08-11T11:00:00Z,1.0343,39.3353,-39.3353,CV >= 30%
JPSS2_20250811T130000_vs_HYPERNETS_20250811T124500_RHOW_raw.csv,THFR_raw,Hyp,JPSS2,Hyp vs JPSS2,2025-08-11T10:45:00Z,2025-08-11T11:00:00Z,1.0483,37.1602,-37.1602,CV >= 30%
JPSS2_20250811T130000_vs_HYPERNETS_20250811T130000_RHOW_raw.csv,THFR_raw,Hyp,JPSS2,Hyp vs JPSS2,2025-08-11T11:00:00Z,2025-08-11T11:00:00Z,1.0653,30.9497,-30.9497,CV >= 30%
JPSS2_20250811T130000_vs_HYPERNETS_20250811T131500_RHOW_raw.csv,THFR_raw,Hyp,JPSS2,Hyp vs JPSS2,2025-08-11T11:15:00Z,2025-08-11T11:00:00Z,1.1115,28.1481,-28.1481,CV >= 30%
JPSS2_20250811T130000_vs_HYPERNETS_20250811T133000_RHOW_raw.csv,THFR_raw,Hyp,JPSS2,Hyp vs JPSS2,2025-08-11T11:30:00Z,2025-08-11T11:00:00Z,1.1518,20.0713,-20.0713,CV >= 30%
JPSS2_20250823T123601_vs_HYPERNETS_20250823T121500_RHOW_raw.csv,THFR_raw,Hyp,JPSS2,Hyp vs JPSS2,2025-08-23T10:15:00Z,2025-08-23T10:36:01Z,1.1447,18.2567,-8.7049,CV >= 30%
JPSS2_20250823T123601_vs_HYPERNETS_20250823T123000_RHOW_raw.csv,THFR_raw,Hyp,JPSS2,Hyp vs JPSS2,2025-08-23T10:30:00Z,2025-08-23T10:36:01Z,1.1551,19.0023,-9.4149,CV >= 30%
JPSS2_20250823T123601_vs_HYPERNETS_20250823T124500_RHOW_raw.csv,THFR_raw,Hyp,JPSS2,Hyp vs JPSS2,2025-08-23T10:45:00Z,2025-08-23T10:36:01Z,1.1767,19.8813,-6.3761,CV >= 30%
JPSS2_20250823T123601_vs_HYPERNETS_20250823T130000_RHOW_raw.csv,THFR_raw,Hyp,JPSS2,Hyp vs JPSS2,2025-08-23T11:00:00Z,2025-08-23T10:36:01Z,1.1782,21.5415,-8.328,CV >= 30%
JPSS2_20250902T124800_vs_HYPERNETS_20250902T123000_RHOW_raw.csv,THFR_raw,Hyp,JPSS2,Hyp vs JPSS2,2025-09-02T10:30:00Z,2025-09-02T10:48:00Z,1.3148,67.582,-7.374,CV >= 30%
JPSS2_20250902T124800_vs_HYPERNETS_20250902T130000_RHOW_raw.csv,THFR_raw,Hyp,JPSS2,Hyp vs JPSS2,2025-09-02T11:00:00Z,2025-09-02T10:48:00Z,1.3168,74.6849,-1.351,CV >= 30%
JPSS2_20250903T123000_vs_HYPERNETS_20250903T120000_RHOW_raw.csv,THFR_raw,Hyp,JPSS2,Hyp vs JPSS2,2025-09-03T10:00:00Z,2025-09-03T10:30:00Z,0.856,198.2513,-198.2513,CV >= 30%
JPSS2_20250903T123000_vs_HYPERNETS_20250903T121500_RHOW_raw.csv,THFR_raw,Hyp,JPSS2,Hyp vs JPSS2,2025-09-03T10:15:00Z,2025-09-03T10:30:00Z,0.8364,197.3461,-197.3461,CV >= 30%
JPSS2_20250903T123000_vs_HYPERNETS_20250903T123000_RHOW_raw.csv,THFR_raw,Hyp,JPSS2,Hyp vs JPSS2,2025-09-03T10:30:00Z,2025-09-03T10:30:00Z,0.8737,192.2205,-192.2205,CV >= 30%
JPSS2_20250903T123000_vs_HYPERNETS_20250903T124500_RHOW_raw.csv,THFR_raw,Hyp,JPSS2,Hyp vs JPSS2,2025-09-03T10:45:00Z,2025-09-03T10:30:00Z,0.9118,190.6755,-190.6755,CV >= 30%
JPSS2_20250903T123000_vs_HYPERNETS_20250903T130000_RHOW_raw.csv,THFR_raw,Hyp,JPSS2,Hyp vs JPSS2,2025-09-03T11:00:00Z,2025-09-03T10:30:00Z,0.923,187.2907,-187.2907,CV >= 30%
JPSS2_20250905T115400_vs_HYPERNETS_20250905T113000_RHOW_raw.csv,THFR_raw,Hyp,JPSS2,Hyp vs JPSS2,2025-09-05T09:30:00Z,2025-09-05T09:54:00Z,0.8177,194.1266,-194.1266,CV >= 30%
JPSS2_20250915T120600_vs_HYPERNETS_20250915T114500_RHOW_raw.csv,THFR_raw,Hyp,JPSS2,Hyp vs JPSS2,2025-09-15T09:45:00Z,2025-09-15T10:06:00Z,0.9785,102.1591,-102.1591,CV >= 30%
JPSS2_20250915T120600_vs_HYPERNETS_20250915T120000_RHOW_raw.csv,THFR_raw,Hyp,JPSS2,Hyp vs JPSS2,2025-09-15T10:00:00Z,2025-09-15T10:06:00Z,0.9726,97.5748,-97.5748,CV >= 30%
JPSS2_20250915T120600_vs_HYPERNETS_20250915T121500_RHOW_raw.csv,THFR_raw,Hyp,JPSS2,Hyp vs JPSS2,2025-09-15T10:15:00Z,2025-09-15T10:06:00Z,0.9595,103.5168,-103.5168,CV >= 30%
JPSS2_20250915T120600_vs_HYPERNETS_20250915T123000_RHOW_raw.csv,THFR_raw,Hyp,JPSS2,Hyp vs JPSS2,2025-09-15T10:30:00Z,2025-09-15T10:06:00Z,0.9396,101.5688,-101.5688,CV >= 30%
JPSS2_20250918T124800_vs_HYPERNETS_20250918T123000_RHOW_raw.csv,THFR_raw,Hyp,JPSS2,Hyp vs JPSS2,2025-09-18T10:30:00Z,2025-09-18T10:48:00Z,0.901,105.6897,-105.6897,CV >= 30%
JPSS2_20250918T124800_vs_HYPERNETS_20250918T124500_RHOW_raw.csv,THFR_raw,Hyp,JPSS2,Hyp vs JPSS2,2025-09-18T10:45:00Z,2025-09-18T10:48:00Z,0.9145,88.892,-88.892,CV >= 30%
JPSS2_20250918T124800_vs_HYPERNETS_20250918T130000_RHOW_raw.csv,THFR_raw,Hyp,JPSS2,Hyp vs JPSS2,2025-09-18T11:00:00Z,2025-09-18T10:48:00Z,0.9077,94.7769,-94.7769,CV >= 30%
JPSS2_20250918T124800_vs_HYPERNETS_20250918T131500_RHOW_raw.csv,THFR_raw,Hyp,JPSS2,Hyp vs JPSS2,2025-09-18T11:15:00Z,2025-09-18T10:48:00Z,0.8875,102.0299,-102.0299,CV >= 30%
JPSS2_20250919T123000_vs_HYPERNETS_20250919T120000_RHOW_raw.csv,THFR_raw,Hyp,JPSS2,Hyp vs JPSS2,2025-09-19T10:00:00Z,2025-09-19T10:30:00Z,0.8566,145.0872,-145.0872,CV >= 30%
JPSS2_20250919T123000_vs_HYPERNETS_20250919T121500_RHOW_raw.csv,THFR_raw,Hyp,JPSS2,Hyp vs JPSS2,2025-09-19T10:15:00Z,2025-09-19T10:30:00Z,0.8637,148.2807,-148.2807,CV >= 30%
JPSS2_20250919T123000_vs_HYPERNETS_20250919T123000_RHOW_raw.csv,THFR_raw,Hyp,JPSS2,Hyp vs JPSS2,2025-09-19T10:30:00Z,2025-09-19T10:30:00Z,0.8783,146.2438,-146.2438,CV >= 30%
JPSS2_20250919T123000_vs_HYPERNETS_20250919T124500_RHOW_raw.csv,THFR_raw,Hyp,JPSS2,Hyp vs JPSS2,2025-09-19T10:45:00Z,2025-09-19T10:30:00Z,0.8767,156.1229,-156.1229,CV >= 30%
JPSS2_20250919T123000_vs_HYPERNETS_20250919T130000_RHOW_raw.csv,THFR_raw,Hyp,JPSS2,Hyp vs JPSS2,2025-09-19T11:00:00Z,2025-09-19T10:30:00Z,0.914,152.2691,-152.2691,CV >= 30%
JPSS2_20250923T125400_vs_HYPERNETS_20250923T123000_RHOW_raw.csv,THFR_raw,Hyp,JPSS2,Hyp vs JPSS2,2025-09-23T10:30:00Z,2025-09-23T10:54:00Z,0.8799,183.4287,-183.4287,CV >= 30%
JPSS2_20250923T125400_vs_HYPERNETS_20250923T124500_RHOW_raw.csv,THFR_raw,Hyp,JPSS2,Hyp vs JPSS2,2025-09-23T10:45:00Z,2025-09-23T10:54:00Z,0.8912,175.4655,-175.4655,CV >= 30%
JPSS2_20250923T125400_vs_HYPERNETS_20250923T130000_RHOW_raw.csv,THFR_raw,Hyp,JPSS2,Hyp vs JPSS2,2025-09-23T11:00:00Z,2025-09-23T10:54:00Z,0.8524,207.2792,-207.2792,CV >= 30%
JPSS2_20250923T125400_vs_HYPERNETS_20250923T131500_RHOW_raw.csv,THFR_raw,Hyp,JPSS2,Hyp vs JPSS2,2025-09-23T11:15:00Z,2025-09-23T10:54:00Z,0.899,175.9423,-175.9423,CV >= 30%
JPSS2_20250925T121800_vs_HYPERNETS_20250925T120000_RHOW_raw.csv,THFR_raw,Hyp,JPSS2,Hyp vs JPSS2,2025-09-25T10:00:00Z,2025-09-25T10:18:00Z,0.9059,125.7703,-125.7703,CV >= 30%
JPSS2_20250925T121800_vs_HYPERNETS_20250925T121500_RHOW_raw.csv,THFR_raw,Hyp,JPSS2,Hyp vs JPSS2,2025-09-25T10:15:00Z,2025-09-25T10:18:00Z,0.9174,125.74,-125.74,CV >= 30%
JPSS2_20250925T121800_vs_HYPERNETS_20250925T124500_RHOW_raw.csv,THFR_raw,Hyp,JPSS2,Hyp vs JPSS2,2025-09-25T10:45:00Z,2025-09-25T10:18:00Z,0.9395,115.7005,-115.7005,CV >= 30%
JPSS2_20250929T124201_vs_HYPERNETS_20250929T121500_RHOW_raw.csv,THFR_raw,Hyp,JPSS2,Hyp vs JPSS2,2025-09-29T10:15:00Z,2025-09-29T10:42:01Z,0.7862,176.7463,-176.7463,CV >= 30%
JPSS2_20250929T124201_vs_HYPERNETS_20250929T123000_RHOW_raw.csv,THFR_raw,Hyp,JPSS2,Hyp vs JPSS2,2025-09-29T10:30:00Z,2025-09-29T10:42:01Z,0.7905,173.8714,-173.8714,CV >= 30%
JPSS2_20250929T124201_vs_HYPERNETS_20250929T124500_RHOW_raw.csv,THFR_raw,Hyp,JPSS2,Hyp vs JPSS2,2025-09-29T10:45:00Z,2025-09-29T10:42:01Z,0.8029,170.5397,-170.5397,CV >= 30%
JPSS2_20250929T124201_vs_HYPERNETS_20250929T130000_RHOW_raw.csv,THFR_raw,Hyp,JPSS2,Hyp vs JPSS2,2025-09-29T11:00:00Z,2025-09-29T10:42:01Z,0.8039,175.5204,-175.5204,CV >= 30%
JPSS2_20250930T122401_vs_HYPERNETS_20250930T120000_RHOW_raw.csv,THFR_raw,Hyp,JPSS2,Hyp vs JPSS2,2025-09-30T10:00:00Z,2025-09-30T10:24:01Z,0.826,218.5077,-218.5077,CV >= 30%
JPSS2_20250930T122401_vs_HYPERNETS_20250930T121500_RHOW_raw.csv,THFR_raw,Hyp,JPSS2,Hyp vs JPSS2,2025-09-30T10:15:00Z,2025-09-30T10:24:01Z,0.7812,231.6909,-231.6909,CV >= 30%
JPSS2_20250930T122401_vs_HYPERNETS_20250930T123000_RHOW_raw.csv,THFR_raw,Hyp,JPSS2,Hyp vs JPSS2,2025-09-30T10:30:00Z,2025-09-30T10:24:01Z,0.7551,246.6671,-246.6671,CV >= 30%
JPSS2_20250930T122401_vs_HYPERNETS_20250930T124500_RHOW_raw.csv,THFR_raw,Hyp,JPSS2,Hyp vs JPSS2,2025-09-30T10:45:00Z,2025-09-30T10:24:01Z,0.773,241.4099,-241.4099,CV >= 30%
JPSS2_20251001T120600_vs_HYPERNETS_20251001T114500_RHOW_raw.csv,THFR_raw,Hyp,JPSS2,Hyp vs JPSS2,2025-10-01T09:45:00Z,2025-10-01T10:06:00Z,NA,180.367,-180.367,CV >= 30%
JPSS2_20251001T120600_vs_HYPERNETS_20251001T120000_RHOW_raw.csv,THFR_raw,Hyp,JPSS2,Hyp vs JPSS2,2025-10-01T10:00:00Z,2025-10-01T10:06:00Z,NA,181.0275,-181.0275,CV >= 30%
JPSS2_20251001T120600_vs_HYPERNETS_20251001T121500_RHOW_raw.csv,THFR_raw,Hyp,JPSS2,Hyp vs JPSS2,2025-10-01T10:15:00Z,2025-10-01T10:06:00Z,NA,191.5654,-191.5654,CV >= 30%
JPSS2_20251001T120600_vs_HYPERNETS_20251001T123000_RHOW_raw.csv,THFR_raw,Hyp,JPSS2,Hyp vs JPSS2,2025-10-01T10:30:00Z,2025-10-01T10:06:00Z,NA,185.8169,-185.8169,CV >= 30%
JPSS2_20251005T123000_vs_HYPERNETS_20251005T120000_RHOW_raw.csv,THFR_raw,Hyp,JPSS2,Hyp vs JPSS2,2025-10-05T10:00:00Z,2025-10-05T10:30:00Z,0.7658,98.274,-98.274,CV >= 30%
JPSS2_20251005T123000_vs_HYPERNETS_20251005T121500_RHOW_raw.csv,THFR_raw,Hyp,JPSS2,Hyp vs JPSS2,2025-10-05T10:15:00Z,2025-10-05T10:30:00Z,0.7667,102.4261,-102.4261,CV >= 30%
JPSS2_20251005T123000_vs_HYPERNETS_20251005T123000_RHOW_raw.csv,THFR_raw,Hyp,JPSS2,Hyp vs JPSS2,2025-10-05T10:30:00Z,2025-10-05T10:30:00Z,0.7783,103.107,-103.107,CV >= 30%
JPSS2_20251005T123000_vs_HYPERNETS_20251005T124500_RHOW_raw.csv,THFR_raw,Hyp,JPSS2,Hyp vs JPSS2,2025-10-05T10:45:00Z,2025-10-05T10:30:00Z,0.7584,114.7104,-114.7104,CV >= 30%
JPSS2_20251005T123000_vs_HYPERNETS_20251005T130000_RHOW_raw.csv,THFR_raw,Hyp,JPSS2,Hyp vs JPSS2,2025-10-05T11:00:00Z,2025-10-05T10:30:00Z,0.7626,110.3114,-110.3114,CV >= 30%
JPSS2_20251006T121200_vs_HYPERNETS_20251006T114500_RHOW_raw.csv,THFR_raw,Hyp,JPSS2,Hyp vs JPSS2,2025-10-06T09:45:00Z,2025-10-06T10:12:00Z,0.706,187.4587,-187.4587,CV >= 30%
JPSS2_20251006T121200_vs_HYPERNETS_20251006T120000_RHOW_raw.csv,THFR_raw,Hyp,JPSS2,Hyp vs JPSS2,2025-10-06T10:00:00Z,2025-10-06T10:12:00Z,0.7044,189.7237,-189.7237,CV >= 30%
JPSS2_20251006T121200_vs_HYPERNETS_20251006T121500_RHOW_raw.csv,THFR_raw,Hyp,JPSS2,Hyp vs JPSS2,2025-10-06T10:15:00Z,2025-10-06T10:12:00Z,0.7178,189.3299,-189.3299,CV >= 30%
JPSS2_20251006T121200_vs_HYPERNETS_20251006T123000_RHOW_raw.csv,THFR_raw,Hyp,JPSS2,Hyp vs JPSS2,2025-10-06T10:30:00Z,2025-10-06T10:12:00Z,0.7203,188.4402,-188.4402,CV >= 30%
JPSS2_20251008T131201_vs_HYPERNETS_20251008T124500_RHOW_raw.csv,THFR_raw,Hyp,JPSS2,Hyp vs JPSS2,2025-10-08T10:45:00Z,2025-10-08T11:12:01Z,0.9177,160.4958,5.2173,CV >= 30%
JPSS2_20251008T131201_vs_HYPERNETS_20251008T130000_RHOW_raw.csv,THFR_raw,Hyp,JPSS2,Hyp vs JPSS2,2025-10-08T11:00:00Z,2025-10-08T11:12:01Z,0.8946,168.0598,0.6369,CV >= 30%
JPSS2_20251008T131201_vs_HYPERNETS_20251008T131500_RHOW_raw.csv,THFR_raw,Hyp,JPSS2,Hyp vs JPSS2,2025-10-08T11:15:00Z,2025-10-08T11:12:01Z,0.9491,143.2453,8.4805,CV >= 30%
JPSS2_20251008T131201_vs_HYPERNETS_20251008T133000_RHOW_raw.csv,THFR_raw,Hyp,JPSS2,Hyp vs JPSS2,2025-10-08T11:30:00Z,2025-10-08T11:12:01Z,0.9886,131.102,13.0086,CV >= 30%
JPSS2_20251010T123601_vs_HYPERNETS_20251010T121500_RHOW_raw.csv,THFR_raw,Hyp,JPSS2,Hyp vs JPSS2,2025-10-10T10:15:00Z,2025-10-10T10:36:01Z,NA,211.0241,-211.0241,CV >= 30%
JPSS2_20251010T123601_vs_HYPERNETS_20251010T123000_RHOW_raw.csv,THFR_raw,Hyp,JPSS2,Hyp vs JPSS2,2025-10-10T10:30:00Z,2025-10-10T10:36:01Z,NA,201.9953,-201.9953,CV >= 30%
JPSS2_20251010T123601_vs_HYPERNETS_20251010T124500_RHOW_raw.csv,THFR_raw,Hyp,JPSS2,Hyp vs JPSS2,2025-10-10T10:45:00Z,2025-10-10T10:36:01Z,NA,199.4229,-199.4229,CV >= 30%
JPSS2_20251010T123601_vs_HYPERNETS_20251010T130000_RHOW_raw.csv,THFR_raw,Hyp,JPSS2,Hyp vs JPSS2,2025-10-10T11:00:00Z,2025-10-10T10:36:01Z,NA,185.5532,-185.5532,CV >= 30%
JPSS2_20251011T121800_vs_HYPERNETS_20251011T120000_RHOW_raw.csv,THFR_raw,Hyp,JPSS2,Hyp vs JPSS2,2025-10-11T10:00:00Z,2025-10-11T10:18:00Z,NA,179.7305,-179.7305,CV >= 30%
JPSS2_20251011T121800_vs_HYPERNETS_20251011T121500_RHOW_raw.csv,THFR_raw,Hyp,JPSS2,Hyp vs JPSS2,2025-10-11T10:15:00Z,2025-10-11T10:18:00Z,NA,168.5823,-168.5823,CV >= 30%
JPSS2_20251011T121800_vs_HYPERNETS_20251011T123000_RHOW_raw.csv,THFR_raw,Hyp,JPSS2,Hyp vs JPSS2,2025-10-11T10:30:00Z,2025-10-11T10:18:00Z,NA,167.2147,-167.2147,CV >= 30%
JPSS2_20251011T121800_vs_HYPERNETS_20251011T124500_RHOW_raw.csv,THFR_raw,Hyp,JPSS2,Hyp vs JPSS2,2025-10-11T10:45:00Z,2025-10-11T10:18:00Z,NA,164.1095,-164.1095,CV >= 30%
JPSS2_20251015T124201_vs_HYPERNETS_20251015T121500_RHOW_raw.csv,THFR_raw,Hyp,JPSS2,Hyp vs JPSS2,2025-10-15T10:15:00Z,2025-10-15T10:42:01Z,0.7162,258.5092,-258.5092,CV >= 30%
JPSS2_20251015T124201_vs_HYPERNETS_20251015T124500_RHOW_raw.csv,THFR_raw,Hyp,JPSS2,Hyp vs JPSS2,2025-10-15T10:45:00Z,2025-10-15T10:42:01Z,0.7157,265.0814,-265.0814,CV >= 30%
JPSS2_20251015T124201_vs_HYPERNETS_20251015T130000_RHOW_raw.csv,THFR_raw,Hyp,JPSS2,Hyp vs JPSS2,2025-10-15T11:00:00Z,2025-10-15T10:42:01Z,0.7177,263.558,-263.558,CV >= 30%
JPSS2_20251016T122401_vs_HYPERNETS_20251016T120000_RHOW_raw.csv,THFR_raw,Hyp,JPSS2,Hyp vs JPSS2,2025-10-16T10:00:00Z,2025-10-16T10:24:01Z,0.8008,268.7263,-268.7263,CV >= 30%
JPSS2_20251016T122401_vs_HYPERNETS_20251016T123000_RHOW_raw.csv,THFR_raw,Hyp,JPSS2,Hyp vs JPSS2,2025-10-16T10:30:00Z,2025-10-16T10:24:01Z,0.8111,282.2941,-282.2941,CV >= 30%
JPSS2_20251016T122401_vs_HYPERNETS_20251016T124500_RHOW_raw.csv,THFR_raw,Hyp,JPSS2,Hyp vs JPSS2,2025-10-16T10:45:00Z,2025-10-16T10:24:01Z,0.8145,278.4017,-278.4017,CV >= 30%
JPSS2_20251017T120601_vs_HYPERNETS_20251017T114500_RHOW_raw.csv,THFR_raw,Hyp,JPSS2,Hyp vs JPSS2,2025-10-17T09:45:00Z,2025-10-17T10:06:01Z,0.6766,185.3399,-185.3399,CV >= 30%
JPSS2_20251017T120601_vs_HYPERNETS_20251017T120000_RHOW_raw.csv,THFR_raw,Hyp,JPSS2,Hyp vs JPSS2,2025-10-17T10:00:00Z,2025-10-17T10:06:01Z,0.6663,194.105,-194.105,CV >= 30%
JPSS2_20251017T120601_vs_HYPERNETS_20251017T121500_RHOW_raw.csv,THFR_raw,Hyp,JPSS2,Hyp vs JPSS2,2025-10-17T10:15:00Z,2025-10-17T10:06:01Z,0.7038,186.4664,-186.4664,CV >= 30%
JPSS2_20251017T120601_vs_HYPERNETS_20251017T123000_RHOW_raw.csv,THFR_raw,Hyp,JPSS2,Hyp vs JPSS2,2025-10-17T10:30:00Z,2025-10-17T10:06:01Z,0.7333,178.0383,-178.0383,CV >= 30%
JPSS2_20251026T123601_vs_HYPERNETS_20251026T121500_RHOW_raw.csv,THFR_raw,Hyp,JPSS2,Hyp vs JPSS2,2025-10-26T11:15:00Z,2025-10-26T11:36:01Z,0.7735,198.8318,-198.8318,CV >= 30%
JPSS2_20251026T123601_vs_HYPERNETS_20251026T123000_RHOW_raw.csv,THFR_raw,Hyp,JPSS2,Hyp vs JPSS2,2025-10-26T11:30:00Z,2025-10-26T11:36:01Z,0.7852,204.1448,-204.1448,CV >= 30%
JPSS2_20251026T123601_vs_HYPERNETS_20251026T124500_RHOW_raw.csv,THFR_raw,Hyp,JPSS2,Hyp vs JPSS2,2025-10-26T11:45:00Z,2025-10-26T11:36:01Z,0.7801,205.9507,-205.9507,CV >= 30%
JPSS2_20251026T123601_vs_HYPERNETS_20251026T130000_RHOW_raw.csv,THFR_raw,Hyp,JPSS2,Hyp vs JPSS2,2025-10-26T12:00:00Z,2025-10-26T11:36:01Z,0.7729,245.4321,-245.4321,CV >= 30%
JPSS2_20251028T120001_vs_HYPERNETS_20251028T113000_RHOW_raw.csv,THFR_raw,Hyp,JPSS2,Hyp vs JPSS2,2025-10-28T10:30:00Z,2025-10-28T11:00:01Z,0.7071,187.7522,-187.7522,CV >= 30%
JPSS2_20251028T120001_vs_HYPERNETS_20251028T114500_RHOW_raw.csv,THFR_raw,Hyp,JPSS2,Hyp vs JPSS2,2025-10-28T10:45:00Z,2025-10-28T11:00:01Z,0.6792,200.1436,-200.1436,CV >= 30%
JPSS2_20251028T120001_vs_HYPERNETS_20251028T120000_RHOW_raw.csv,THFR_raw,Hyp,JPSS2,Hyp vs JPSS2,2025-10-28T11:00:00Z,2025-10-28T11:00:01Z,0.6724,206.0862,-206.0862,CV >= 30%
JPSS2_20251028T120001_vs_HYPERNETS_20251028T121500_RHOW_raw.csv,THFR_raw,Hyp,JPSS2,Hyp vs JPSS2,2025-10-28T11:15:00Z,2025-10-28T11:00:01Z,0.6611,216.6169,-216.6169,CV >= 30%
JPSS2_20251030T130000_vs_HYPERNETS_20251030T123000_RHOW_raw.csv,THFR_raw,Hyp,JPSS2,Hyp vs JPSS2,2025-10-30T11:30:00Z,2025-10-30T12:00:00Z,0.6745,151.269,-151.269,CV >= 30%
JPSS2_20251030T130000_vs_HYPERNETS_20251030T124500_RHOW_raw.csv,THFR_raw,Hyp,JPSS2,Hyp vs JPSS2,2025-10-30T11:45:00Z,2025-10-30T12:00:00Z,0.6475,158.6362,-158.6362,CV >= 30%
JPSS2_20251030T130000_vs_HYPERNETS_20251030T130000_RHOW_raw.csv,THFR_raw,Hyp,JPSS2,Hyp vs JPSS2,2025-10-30T12:00:00Z,2025-10-30T12:00:00Z,0.6621,153.6752,-153.6752,CV >= 30%
JPSS2_20251030T130000_vs_HYPERNETS_20251030T131500_RHOW_raw.csv,THFR_raw,Hyp,JPSS2,Hyp vs JPSS2,2025-10-30T12:15:00Z,2025-10-30T12:00:00Z,0.6472,165.5286,-165.5286,CV >= 30%
JPSS2_20251030T130000_vs_HYPERNETS_20251030T133000_RHOW_raw.csv,THFR_raw,Hyp,JPSS2,Hyp vs JPSS2,2025-10-30T12:30:00Z,2025-10-30T12:00:00Z,0.6577,159.3331,-159.3331,CV >= 30%
JPSS2_20251107T121200_vs_HYPERNETS_20251107T114500_RHOW_raw.csv,THFR_raw,Hyp,JPSS2,Hyp vs JPSS2,2025-11-07T10:45:00Z,2025-11-07T11:12:00Z,0.8341,237.4914,-237.4914,CV >= 30%
JPSS2_20251107T121200_vs_HYPERNETS_20251107T120000_RHOW_raw.csv,THFR_raw,Hyp,JPSS2,Hyp vs JPSS2,2025-11-07T11:00:00Z,2025-11-07T11:12:00Z,0.8395,237.9497,-237.9497,CV >= 30%
JPSS2_20251107T121200_vs_HYPERNETS_20251107T121500_RHOW_raw.csv,THFR_raw,Hyp,JPSS2,Hyp vs JPSS2,2025-11-07T11:15:00Z,2025-11-07T11:12:00Z,0.8336,234.0679,-234.0679,CV >= 30%
JPSS2_20251107T121200_vs_HYPERNETS_20251107T123000_RHOW_raw.csv,THFR_raw,Hyp,JPSS2,Hyp vs JPSS2,2025-11-07T11:30:00Z,2025-11-07T11:12:00Z,0.8137,241.8283,-241.8283,CV >= 30%
JPSS2_20251111T123600_vs_HYPERNETS_20251111T121500_RHOW_raw.csv,THFR_raw,Hyp,JPSS2,Hyp vs JPSS2,2025-11-11T11:15:00Z,2025-11-11T11:36:00Z,NA,233.477,-233.477,CV >= 30%
JPSS2_20251111T123600_vs_HYPERNETS_20251111T123000_RHOW_raw.csv,THFR_raw,Hyp,JPSS2,Hyp vs JPSS2,2025-11-11T11:30:00Z,2025-11-11T11:36:00Z,NA,224.1637,-224.1637,CV >= 30%
JPSS2_20251111T123600_vs_HYPERNETS_20251111T124500_RHOW_raw.csv,THFR_raw,Hyp,JPSS2,Hyp vs JPSS2,2025-11-11T11:45:00Z,2025-11-11T11:36:00Z,NA,220.1205,-220.1205,CV >= 30%
JPSS2_20251111T123600_vs_HYPERNETS_20251111T130000_RHOW_raw.csv,THFR_raw,Hyp,JPSS2,Hyp vs JPSS2,2025-11-11T12:00:00Z,2025-11-11T11:36:00Z,NA,215.2322,-215.2322,CV >= 30%
JPSS2_20251116T124200_vs_HYPERNETS_20251116T121500_RHOW_raw.csv,THFR_raw,Hyp,JPSS2,Hyp vs JPSS2,2025-11-16T11:15:00Z,2025-11-16T11:42:00Z,0.6646,240.671,-240.671,CV >= 30%
JPSS2_20251116T124200_vs_HYPERNETS_20251116T123000_RHOW_raw.csv,THFR_raw,Hyp,JPSS2,Hyp vs JPSS2,2025-11-16T11:30:00Z,2025-11-16T11:42:00Z,0.6752,233.0174,-233.0174,CV >= 30%
JPSS2_20251116T124200_vs_HYPERNETS_20251116T124500_RHOW_raw.csv,THFR_raw,Hyp,JPSS2,Hyp vs JPSS2,2025-11-16T11:45:00Z,2025-11-16T11:42:00Z,0.6735,237.0556,-237.0556,CV >= 30%
JPSS2_20251116T124200_vs_HYPERNETS_20251116T130000_RHOW_raw.csv,THFR_raw,Hyp,JPSS2,Hyp vs JPSS2,2025-11-16T12:00:00Z,2025-11-16T11:42:00Z,0.6882,224.9518,-224.9518,CV >= 30%
JPSS2_20251117T122400_vs_HYPERNETS_20251117T120000_RHOW_raw.csv,THFR_raw,Hyp,JPSS2,Hyp vs JPSS2,2025-11-17T11:00:00Z,2025-11-17T11:24:00Z,NA,127.2674,-127.2674,CV >= 30%
JPSS2_20251117T122400_vs_HYPERNETS_20251117T121500_RHOW_raw.csv,THFR_raw,Hyp,JPSS2,Hyp vs JPSS2,2025-11-17T11:15:00Z,2025-11-17T11:24:00Z,NA,124.3349,-124.3349,CV >= 30%
JPSS2_20251117T122400_vs_HYPERNETS_20251117T123100_RHOW_raw.csv,THFR_raw,Hyp,JPSS2,Hyp vs JPSS2,2025-11-17T11:31:00Z,2025-11-17T11:24:00Z,NA,112.3559,-112.3559,CV >= 30%
JPSS2_20251117T122400_vs_HYPERNETS_20251117T124500_RHOW_raw.csv,THFR_raw,Hyp,JPSS2,Hyp vs JPSS2,2025-11-17T11:45:00Z,2025-11-17T11:24:00Z,NA,110.3513,-110.3513,CV >= 30%
JPSS2_20251118T120600_vs_HYPERNETS_20251118T114500_RHOW_raw.csv,THFR_raw,Hyp,JPSS2,Hyp vs JPSS2,2025-11-18T10:45:00Z,2025-11-18T11:06:00Z,0.6597,165.2733,-165.2733,CV >= 30%
JPSS2_20251121T124800_vs_HYPERNETS_20251121T123000_RHOW_raw.csv,THFR_raw,Hyp,JPSS2,Hyp vs JPSS2,2025-11-21T11:30:00Z,2025-11-21T11:48:00Z,NA,205.8703,-205.8703,CV >= 30%
JPSS2_20251121T124800_vs_HYPERNETS_20251121T124500_RHOW_raw.csv,THFR_raw,Hyp,JPSS2,Hyp vs JPSS2,2025-11-21T11:45:00Z,2025-11-21T11:48:00Z,NA,209.9429,-209.9429,CV >= 30%
JPSS2_20251121T124800_vs_HYPERNETS_20251121T130000_RHOW_raw.csv,THFR_raw,Hyp,JPSS2,Hyp vs JPSS2,2025-11-21T12:00:00Z,2025-11-21T11:48:00Z,NA,230.5868,-230.5868,CV >= 30%
JPSS2_20251121T124800_vs_HYPERNETS_20251121T131500_RHOW_raw.csv,THFR_raw,Hyp,JPSS2,Hyp vs JPSS2,2025-11-21T12:15:00Z,2025-11-21T11:48:00Z,NA,232.7664,-232.7664,CV >= 30%
JPSS2_20251122T123000_vs_HYPERNETS_20251122T120000_RHOW_raw.csv,THFR_raw,Hyp,JPSS2,Hyp vs JPSS2,2025-11-22T11:00:00Z,2025-11-22T11:30:00Z,0.7693,88.3254,-88.3254,CV >= 30%
JPSS2_20251122T123000_vs_HYPERNETS_20251122T121500_RHOW_raw.csv,THFR_raw,Hyp,JPSS2,Hyp vs JPSS2,2025-11-22T11:15:00Z,2025-11-22T11:30:00Z,0.8025,71.2099,-71.2099,CV >= 30%
JPSS2_20251122T123000_vs_HYPERNETS_20251122T123000_RHOW_raw.csv,THFR_raw,Hyp,JPSS2,Hyp vs JPSS2,2025-11-22T11:30:00Z,2025-11-22T11:30:00Z,0.8238,65.3125,-65.3125,CV >= 30%
JPSS2_20251122T123000_vs_HYPERNETS_20251122T124500_RHOW_raw.csv,THFR_raw,Hyp,JPSS2,Hyp vs JPSS2,2025-11-22T11:45:00Z,2025-11-22T11:30:00Z,0.8344,62.8407,-62.8407,CV >= 30%
JPSS2_20251122T123000_vs_HYPERNETS_20251122T130000_RHOW_raw.csv,THFR_raw,Hyp,JPSS2,Hyp vs JPSS2,2025-11-22T12:00:00Z,2025-11-22T11:30:00Z,0.848,57.4966,-57.4966,CV >= 30%
JPSS2_20251126T125401_vs_HYPERNETS_20251126T123000_RHOW_raw.csv,THFR_raw,Hyp,JPSS2,Hyp vs JPSS2,2025-11-26T11:30:00Z,2025-11-26T11:54:01Z,0.2749,169.9367,-169.9367,CV >= 30%
JPSS2_20251126T125401_vs_HYPERNETS_20251126T124500_RHOW_raw.csv,THFR_raw,Hyp,JPSS2,Hyp vs JPSS2,2025-11-26T11:45:00Z,2025-11-26T11:54:01Z,0.2817,174.9023,-174.9023,CV >= 30%
JPSS2_20251126T125401_vs_HYPERNETS_20251126T130000_RHOW_raw.csv,THFR_raw,Hyp,JPSS2,Hyp vs JPSS2,2025-11-26T12:00:00Z,2025-11-26T11:54:01Z,0.2682,151.6907,-151.6907,CV >= 30%
JPSS2_20251127T123601_vs_HYPERNETS_20251127T121500_RHOW_raw.csv,THFR_raw,Hyp,JPSS2,Hyp vs JPSS2,2025-11-27T11:15:00Z,2025-11-27T11:36:01Z,0.8623,163.0365,-163.0365,CV >= 30%
JPSS2_20251127T123601_vs_HYPERNETS_20251127T123000_RHOW_raw.csv,THFR_raw,Hyp,JPSS2,Hyp vs JPSS2,2025-11-27T11:30:00Z,2025-11-27T11:36:01Z,0.8773,163.8222,-163.8222,CV >= 30%
JPSS2_20251127T123601_vs_HYPERNETS_20251127T124500_RHOW_raw.csv,THFR_raw,Hyp,JPSS2,Hyp vs JPSS2,2025-11-27T11:45:00Z,2025-11-27T11:36:01Z,0.8776,164.9017,-164.9017,CV >= 30%
JPSS2_20251127T123601_vs_HYPERNETS_20251127T130000_RHOW_raw.csv,THFR_raw,Hyp,JPSS2,Hyp vs JPSS2,2025-11-27T12:00:00Z,2025-11-27T11:36:01Z,0.9062,145.8462,-145.8462,CV >= 30%
JPSS2_20251201T130001_vs_HYPERNETS_20251201T133000_RHOW_raw.csv,THFR_raw,Hyp,JPSS2,Hyp vs JPSS2,2025-12-01T12:30:00Z,2025-12-01T12:00:01Z,NA,NA,NA,CV >= 30%
JPSS2_20251208T123001_vs_HYPERNETS_20251208T120000_RHOW_raw.csv,THFR_raw,Hyp,JPSS2,Hyp vs JPSS2,2025-12-08T11:00:00Z,2025-12-08T11:30:01Z,NA,231.3864,-231.3864,CV >= 30%
JPSS2_20251208T123001_vs_HYPERNETS_20251208T121500_RHOW_raw.csv,THFR_raw,Hyp,JPSS2,Hyp vs JPSS2,2025-12-08T11:15:00Z,2025-12-08T11:30:01Z,NA,234.0877,-234.0877,CV >= 30%
JPSS2_20251208T123001_vs_HYPERNETS_20251208T123000_RHOW_raw.csv,THFR_raw,Hyp,JPSS2,Hyp vs JPSS2,2025-12-08T11:30:00Z,2025-12-08T11:30:01Z,NA,232.1743,-232.1743,CV >= 30%
JPSS2_20251208T123001_vs_HYPERNETS_20251208T124500_RHOW_raw.csv,THFR_raw,Hyp,JPSS2,Hyp vs JPSS2,2025-12-08T11:45:00Z,2025-12-08T11:30:01Z,NA,216.0513,-216.0513,CV >= 30%
JPSS2_20251208T123001_vs_HYPERNETS_20251208T130000_RHOW_raw.csv,THFR_raw,Hyp,JPSS2,Hyp vs JPSS2,2025-12-08T12:00:00Z,2025-12-08T11:30:01Z,NA,227.4298,-227.4298,CV >= 30%
JPSS2_20251214T121801_vs_HYPERNETS_20251214T120000_RHOW_raw.csv,THFR_raw,Hyp,JPSS2,Hyp vs JPSS2,2025-12-14T11:00:00Z,2025-12-14T11:18:01Z,0.585,119.7443,-119.7443,CV >= 30%
JPSS2_20251214T121801_vs_HYPERNETS_20251214T121500_RHOW_raw.csv,THFR_raw,Hyp,JPSS2,Hyp vs JPSS2,2025-12-14T11:15:00Z,2025-12-14T11:18:01Z,0.5517,138.0307,-138.0307,CV >= 30%
JPSS2_20251228T125400_vs_HYPERNETS_20251228T123000_RHOW_raw.csv,THFR_raw,Hyp,JPSS2,Hyp vs JPSS2,2025-12-28T11:30:00Z,2025-12-28T11:54:00Z,0.8564,158.4786,-158.4786,CV >= 30%
JPSS2_20251228T125400_vs_HYPERNETS_20251228T130000_RHOW_raw.csv,THFR_raw,Hyp,JPSS2,Hyp vs JPSS2,2025-12-28T12:00:00Z,2025-12-28T11:54:00Z,0.8967,138.9041,-138.9041,CV >= 30%
JPSS2_20251228T125400_vs_HYPERNETS_20251228T131500_RHOW_raw.csv,THFR_raw,Hyp,JPSS2,Hyp vs JPSS2,2025-12-28T12:15:00Z,2025-12-28T11:54:00Z,0.9112,133.1938,-133.1938,CV >= 30%
JPSS2_20251229T123600_vs_HYPERNETS_20251229T121500_RHOW_raw.csv,THFR_raw,Hyp,JPSS2,Hyp vs JPSS2,2025-12-29T11:15:00Z,2025-12-29T11:36:00Z,0.6973,177.1328,-177.1328,CV >= 30%
JPSS2_20251229T123600_vs_HYPERNETS_20251229T123000_RHOW_raw.csv,THFR_raw,Hyp,JPSS2,Hyp vs JPSS2,2025-12-29T11:30:00Z,2025-12-29T11:36:00Z,0.7214,166.624,-166.624,CV >= 30%
JPSS2_20251229T123600_vs_HYPERNETS_20251229T124500_RHOW_raw.csv,THFR_raw,Hyp,JPSS2,Hyp vs JPSS2,2025-12-29T11:45:00Z,2025-12-29T11:36:00Z,0.7276,157.9093,-157.9093,CV >= 30%
JPSS2_20251229T123600_vs_HYPERNETS_20251229T130000_RHOW_raw.csv,THFR_raw,Hyp,JPSS2,Hyp vs JPSS2,2025-12-29T12:00:00Z,2025-12-29T11:36:00Z,0.7415,147.807,-147.807,CV >= 30%
JPSS2_20251230T121800_vs_HYPERNETS_20251230T120000_RHOW_raw.csv,THFR_raw,Hyp,JPSS2,Hyp vs JPSS2,2025-12-30T11:00:00Z,2025-12-30T11:18:00Z,0.627,212.9503,-212.9503,CV >= 30%
JPSS2_20251230T121800_vs_HYPERNETS_20251230T121500_RHOW_raw.csv,THFR_raw,Hyp,JPSS2,Hyp vs JPSS2,2025-12-30T11:15:00Z,2025-12-30T11:18:00Z,0.6357,198.0943,-198.0943,CV >= 30%
JPSS2_20251230T121800_vs_HYPERNETS_20251230T123000_RHOW_raw.csv,THFR_raw,Hyp,JPSS2,Hyp vs JPSS2,2025-12-30T11:30:00Z,2025-12-30T11:18:00Z,0.6407,211.4484,-211.4484,CV >= 30%
JPSS2_20251230T121800_vs_HYPERNETS_20251230T124500_RHOW_raw.csv,THFR_raw,Hyp,JPSS2,Hyp vs JPSS2,2025-12-30T11:45:00Z,2025-12-30T11:18:00Z,0.6385,199.0748,-199.0748,CV >= 30%
JPSS2_20251231T120000_vs_HYPERNETS_20251231T113000_RHOW_raw.csv,THFR_raw,Hyp,JPSS2,Hyp vs JPSS2,2025-12-31T10:30:00Z,2025-12-31T11:00:00Z,0.6529,59.5817,-59.5817,CV >= 30%
JPSS2_20251231T120000_vs_HYPERNETS_20251231T114500_RHOW_raw.csv,THFR_raw,Hyp,JPSS2,Hyp vs JPSS2,2025-12-31T10:45:00Z,2025-12-31T11:00:00Z,0.6625,54.6185,-54.6185,CV >= 30%
JPSS2_20251231T120000_vs_HYPERNETS_20251231T120000_RHOW_raw.csv,THFR_raw,Hyp,JPSS2,Hyp vs JPSS2,2025-12-31T11:00:00Z,2025-12-31T11:00:00Z,0.6663,55.3851,-55.3851,CV >= 30%
JPSS2_20251231T120000_vs_HYPERNETS_20251231T121500_RHOW_raw.csv,THFR_raw,Hyp,JPSS2,Hyp vs JPSS2,2025-12-31T11:15:00Z,2025-12-31T11:00:00Z,0.6882,43.9475,-43.9475,CV >= 30%
JPSS2_20251231T120000_vs_HYPERNETS_20251231T123000_RHOW_raw.csv,THFR_raw,Hyp,JPSS2,Hyp vs JPSS2,2025-12-31T11:30:00Z,2025-12-31T11:00:00Z,0.6991,40.497,-40.497,CV >= 30%
S3A_20240612T100545_vs_HYPERNETS_20240612T094500_RHOW_R.csv,MAFR,Hyp,S3A,Hyp vs S3A,2024-06-12T07:45:00Z,2024-06-12T08:05:45Z,0.8882,22.3446,-6.088,CV >= 30%
S3A_20240612T100545_vs_HYPERNETS_20240612T100000_RHOW_R.csv,MAFR,Hyp,S3A,Hyp vs S3A,2024-06-12T08:00:00Z,2024-06-12T08:05:45Z,0.8138,31.9608,-28.964,CV >= 30%
S3A_20240612T100545_vs_HYPERNETS_20240612T101500_RHOW_R.csv,MAFR,Hyp,S3A,Hyp vs S3A,2024-06-12T08:15:00Z,2024-06-12T08:05:45Z,0.8175,28.7133,-25.9931,CV >= 30%
S3A_20240612T100545_vs_HYPERNETS_20240612T103000_RHOW_R.csv,MAFR,Hyp,S3A,Hyp vs S3A,2024-06-12T08:30:00Z,2024-06-12T08:05:45Z,0.7986,43.2888,-42.1022,CV >= 30%
S3A_20240630T103924_vs_HYPERNETS_20240630T103000_RHOW_R.csv,MAFR,Hyp,S3A,Hyp vs S3A,2024-06-30T08:30:00Z,2024-06-30T08:39:24Z,0.6496,72.3989,-67.4512,CV >= 30%
S3A_20240630T103924_vs_HYPERNETS_20240630T104500_RHOW_R.csv,MAFR,Hyp,S3A,Hyp vs S3A,2024-06-30T08:45:00Z,2024-06-30T08:39:24Z,0.6147,92.8952,-88.4146,CV >= 30%
S3A_20240630T103924_vs_HYPERNETS_20240630T110000_RHOW_R.csv,MAFR,Hyp,S3A,Hyp vs S3A,2024-06-30T09:00:00Z,2024-06-30T08:39:24Z,0.5819,120.426,-108.1283,CV >= 30%
S3A_20240701T101313_vs_HYPERNETS_20240701T094500_RHOW_R.csv,MAFR,Hyp,S3A,Hyp vs S3A,2024-07-01T07:45:00Z,2024-07-01T08:13:13Z,0.3928,344.9707,344.9707,CV >= 30%
S3A_20240701T101313_vs_HYPERNETS_20240701T103000_RHOW_R.csv,MAFR,Hyp,S3A,Hyp vs S3A,2024-07-01T08:30:00Z,2024-07-01T08:13:13Z,0.3856,356.9717,356.9717,CV >= 30%
S3A_20240712T102808_vs_HYPERNETS_20240712T100000_RHOW_R.csv,MAFR,Hyp,S3A,Hyp vs S3A,2024-07-12T08:00:00Z,2024-07-12T08:28:08Z,0.985,17.1843,12.3259,CV >= 30%
S3A_20240712T102808_vs_HYPERNETS_20240712T101500_RHOW_R.csv,MAFR,Hyp,S3A,Hyp vs S3A,2024-07-12T08:15:00Z,2024-07-12T08:28:08Z,0.9786,12.4619,8.4539,CV >= 30%
S3A_20240712T102808_vs_HYPERNETS_20240712T103000_RHOW_R.csv,MAFR,Hyp,S3A,Hyp vs S3A,2024-07-12T08:30:00Z,2024-07-12T08:28:08Z,0.9304,8.6153,-3.7172,CV >= 30%
S3A_20240712T102808_vs_HYPERNETS_20240712T104600_RHOW_R.csv,MAFR,Hyp,S3A,Hyp vs S3A,2024-07-12T08:46:00Z,2024-07-12T08:28:08Z,0.9126,12.9493,-11.6917,CV >= 30%
S3A_20240719T104651_vs_HYPERNETS_20240719T103100_RHOW_R.csv,MAFR,Hyp,S3A,Hyp vs S3A,2024-07-19T08:31:00Z,2024-07-19T08:46:51Z,0.643,101.8147,-101.8147,CV >= 30%
S3A_20240719T104651_vs_HYPERNETS_20240719T104600_RHOW_R.csv,MAFR,Hyp,S3A,Hyp vs S3A,2024-07-19T08:46:00Z,2024-07-19T08:46:51Z,0.6308,113.8331,-113.8331,CV >= 30%
S3A_20240719T104651_vs_HYPERNETS_20240719T110100_RHOW_R.csv,MAFR,Hyp,S3A,Hyp vs S3A,2024-07-19T09:01:00Z,2024-07-19T08:46:51Z,0.6688,107.0104,-107.0104,CV >= 30%
S3A_20240719T104651_vs_HYPERNETS_20240719T111500_RHOW_R.csv,MAFR,Hyp,S3A,Hyp vs S3A,2024-07-19T09:15:00Z,2024-07-19T08:46:51Z,0.7601,66.7837,-63.2787,CV >= 30%
S3A_20240724T101654_vs_HYPERNETS_20240724T100000_RHOW_R.csv,MAFR,Hyp,S3A,Hyp vs S3A,2024-07-24T08:00:00Z,2024-07-24T08:16:54Z,0.8849,15.9441,-15.6738,CV >= 30%
S3A_20240724T101654_vs_HYPERNETS_20240724T101500_RHOW_R.csv,MAFR,Hyp,S3A,Hyp vs S3A,2024-07-24T08:15:00Z,2024-07-24T08:16:54Z,0.9033,14.7141,-14.404,CV >= 30%
S3A_20240724T101654_vs_HYPERNETS_20240724T103000_RHOW_R.csv,MAFR,Hyp,S3A,Hyp vs S3A,2024-07-24T08:30:00Z,2024-07-24T08:16:54Z,0.8824,20.4633,-19.7507,CV >= 30%
S3A_20240724T101654_vs_HYPERNETS_20240724T104600_RHOW_R.csv,MAFR,Hyp,S3A,Hyp vs S3A,2024-07-24T08:46:00Z,2024-07-24T08:16:54Z,0.8911,23.6336,-21.0465,CV >= 30%
S3A_20240725T095043_vs_HYPERNETS_20240725T093100_RHOW_C.csv,MAFR,Hyp,S3A,Hyp vs S3A,2024-07-25T07:31:00Z,2024-07-25T07:50:43Z,0.9458,5.8175,-4.3632,CV >= 30%
S3A_20240725T095043_vs_HYPERNETS_20240725T094500_RHOW_C.csv,MAFR,Hyp,S3A,Hyp vs S3A,2024-07-25T07:45:00Z,2024-07-25T07:50:43Z,0.9112,10.7443,-10.2503,CV >= 30%
S3A_20240725T095043_vs_HYPERNETS_20240725T100000_RHOW_C.csv,MAFR,Hyp,S3A,Hyp vs S3A,2024-07-25T08:00:00Z,2024-07-25T07:50:43Z,0.7827,27.61,-27.0448,CV >= 30%
S3A_20240725T095043_vs_HYPERNETS_20240725T101500_RHOW_C.csv,MAFR,Hyp,S3A,Hyp vs S3A,2024-07-25T08:15:00Z,2024-07-25T07:50:43Z,0.8081,33.2895,-29.8203,CV >= 30%
S3A_20240816T102036_vs_HYPERNETS_20240816T101500_RHOW_R.csv,MAFR,Hyp,S3A,Hyp vs S3A,2024-08-16T08:15:00Z,2024-08-16T08:20:36Z,0.7271,63.1551,-62.5893,CV >= 30%
S3A_20240816T102036_vs_HYPERNETS_20240816T103000_RHOW_R.csv,MAFR,Hyp,S3A,Hyp vs S3A,2024-08-16T08:30:00Z,2024-08-16T08:20:36Z,0.7481,58.333,-56.3513,CV >= 30%
S3A_20240821T095040_vs_HYPERNETS_20240821T093000_RHOW_R.csv,MAFR,Hyp,S3A,Hyp vs S3A,2024-08-21T07:30:00Z,2024-08-21T07:50:40Z,0.98740000000000006,4.5544,1.7335,CV >= 30%
S3A_20240821T095040_vs_HYPERNETS_20240821T094500_RHOW_R.csv,MAFR,Hyp,S3A,Hyp vs S3A,2024-08-21T07:45:00Z,2024-08-21T07:50:40Z,1.033,23.392,23.392,CV >= 30%
S3A_20240821T095040_vs_HYPERNETS_20240821T100000_RHOW_R.csv,MAFR,Hyp,S3A,Hyp vs S3A,2024-08-21T08:00:00Z,2024-08-21T07:50:40Z,1.0596,32.1794,32.1794,CV >= 30%
S3A_20240821T095040_vs_HYPERNETS_20240821T101500_RHOW_R.csv,MAFR,Hyp,S3A,Hyp vs S3A,2024-08-21T08:15:00Z,2024-08-21T07:50:40Z,0.9354,19.1258,19.1258,CV >= 30%
S3A_20240824T101307_vs_HYPERNETS_20240824T094500_RHOW_R.csv,MAFR,Hyp,S3A,Hyp vs S3A,2024-08-24T07:45:00Z,2024-08-24T08:13:07Z,0.9522,11.889,-4.4615,CV >= 30%
S3A_20240824T101307_vs_HYPERNETS_20240824T100100_RHOW_R.csv,MAFR,Hyp,S3A,Hyp vs S3A,2024-08-24T08:01:00Z,2024-08-24T08:13:07Z,0.8884,15.5105,-15.2108,CV >= 30%
S3A_20240824T101307_vs_HYPERNETS_20240824T101500_RHOW_R.csv,MAFR,Hyp,S3A,Hyp vs S3A,2024-08-24T08:15:00Z,2024-08-24T08:13:07Z,0.8957,16.5983,-16.3008,CV >= 30%
S3A_20240824T101307_vs_HYPERNETS_20240824T103000_RHOW_R.csv,MAFR,Hyp,S3A,Hyp vs S3A,2024-08-24T08:30:00Z,2024-08-24T08:13:07Z,0.8226,27.8648,-27.0106,CV >= 30%
S3A_20240827T103533_vs_HYPERNETS_20240827T101600_RHOW_R.csv,MAFR,Hyp,S3A,Hyp vs S3A,2024-08-27T08:16:00Z,2024-08-27T08:35:33Z,0.6907,65.6334,-63.3026,CV >= 30%
S3A_20240827T103533_vs_HYPERNETS_20240827T103000_RHOW_R.csv,MAFR,Hyp,S3A,Hyp vs S3A,2024-08-27T08:30:00Z,2024-08-27T08:35:33Z,0.6611,84.0221,-76.3386,CV >= 30%
S3A_20240827T103533_vs_HYPERNETS_20240827T104500_RHOW_R.csv,MAFR,Hyp,S3A,Hyp vs S3A,2024-08-27T08:45:00Z,2024-08-27T08:35:33Z,0.6898,72.0406,-66.2694,CV >= 30%
S3A_20240827T103533_vs_HYPERNETS_20240827T110100_RHOW_R.csv,MAFR,Hyp,S3A,Hyp vs S3A,2024-08-27T09:01:00Z,2024-08-27T08:35:33Z,0.6843,75.6759,-68.2113,CV >= 30%
S3A_20240901T100536_vs_HYPERNETS_20240901T094500_RHOW_R.csv,MAFR,Hyp,S3A,Hyp vs S3A,2024-09-01T07:45:00Z,2024-09-01T08:05:36Z,1.0088,18.0178,18.0178,CV >= 30%
S3A_20240912T102034_vs_HYPERNETS_20240912T100000_RHOW_R.csv,MAFR,Hyp,S3A,Hyp vs S3A,2024-09-12T08:00:00Z,2024-09-12T08:20:34Z,0.6634,72.3454,-66.3228,CV >= 30%
S3A_20240912T102034_vs_HYPERNETS_20240912T101500_RHOW_R.csv,MAFR,Hyp,S3A,Hyp vs S3A,2024-09-12T08:15:00Z,2024-09-12T08:20:34Z,0.6818,64.3267,-61.3796,CV >= 30%
S3A_20240912T102034_vs_HYPERNETS_20240912T103000_RHOW_R.csv,MAFR,Hyp,S3A,Hyp vs S3A,2024-09-12T08:30:00Z,2024-09-12T08:20:34Z,0.6799,68.1672,-53.8874,CV >= 30%
S3A_20240913T095423_vs_HYPERNETS_20240913T093000_RHOW_R.csv,MAFR,Hyp,S3A,Hyp vs S3A,2024-09-13T07:30:00Z,2024-09-13T07:54:23Z,0.6598,51.6077,-42.2891,CV >= 30%
S3A_20240913T095423_vs_HYPERNETS_20240913T094500_RHOW_R.csv,MAFR,Hyp,S3A,Hyp vs S3A,2024-09-13T07:45:00Z,2024-09-13T07:54:23Z,0.6684,49.5226,-40.4966,CV >= 30%
S3A_20240913T095423_vs_HYPERNETS_20240913T100000_RHOW_R.csv,MAFR,Hyp,S3A,Hyp vs S3A,2024-09-13T08:00:00Z,2024-09-13T07:54:23Z,0.6877,45.5962,-31.9008,CV >= 30%
S3A_20240913T095423_vs_HYPERNETS_20240913T101500_RHOW_R.csv,MAFR,Hyp,S3A,Hyp vs S3A,2024-09-13T08:15:00Z,2024-09-13T07:54:23Z,0.7085,38.9648,-25.2695,CV >= 30%
S3A_20240915T104301_vs_HYPERNETS_20240915T101500_RHOW_R.csv,MAFR,Hyp,S3A,Hyp vs S3A,2024-09-15T08:15:00Z,2024-09-15T08:43:01Z,0.5896,147.567,-147.567,CV >= 30%
S3A_20240915T104301_vs_HYPERNETS_20240915T103000_RHOW_R.csv,MAFR,Hyp,S3A,Hyp vs S3A,2024-09-15T08:30:00Z,2024-09-15T08:43:01Z,0.6931,83.6691,-83.6691,CV >= 30%
S3A_20240915T104301_vs_HYPERNETS_20240915T104500_RHOW_R.csv,MAFR,Hyp,S3A,Hyp vs S3A,2024-09-15T08:45:00Z,2024-09-15T08:43:01Z,0.7528,52.8172,-52.8172,CV >= 30%
S3A_20240915T104301_vs_HYPERNETS_20240915T110000_RHOW_R.csv,MAFR,Hyp,S3A,Hyp vs S3A,2024-09-15T09:00:00Z,2024-09-15T08:43:01Z,0.8441,10.4589,-8.43,CV >= 30%
S3A_20241005T102421_vs_HYPERNETS_20241005T100000_RHOW_R.csv,MAFR,Hyp,S3A,Hyp vs S3A,2024-10-05T08:00:00Z,2024-10-05T08:24:21Z,0.7767,34.0287,-33.717,CV >= 30%
S3A_20241005T102421_vs_HYPERNETS_20241005T101600_RHOW_R.csv,MAFR,Hyp,S3A,Hyp vs S3A,2024-10-05T08:16:00Z,2024-10-05T08:24:21Z,0.9421,19.0712,-19.0712,CV >= 30%
S3A_20241005T102421_vs_HYPERNETS_20241005T103000_RHOW_R.csv,MAFR,Hyp,S3A,Hyp vs S3A,2024-10-05T08:30:00Z,2024-10-05T08:24:21Z,0.9365,23.0894,-9.6086,CV >= 30%
S3A_20241005T102421_vs_HYPERNETS_20241005T104500_RHOW_R.csv,MAFR,Hyp,S3A,Hyp vs S3A,2024-10-05T08:45:00Z,2024-10-05T08:24:21Z,0.8618,20.4706,-20.4022,CV >= 30%
S3A_20241010T095427_vs_HYPERNETS_20241010T101500_RHOW_R.csv,MAFR,Hyp,S3A,Hyp vs S3A,2024-10-10T08:15:00Z,2024-10-10T07:54:27Z,0.7089,46.8685,-43.189,CV >= 30%
S3A_20241104T104649_vs_HYPERNETS_20241104T103000_RHOW_R.csv,MAFR,Hyp,S3A,Hyp vs S3A,2024-11-04T09:30:00Z,2024-11-04T09:46:49Z,0.8805,24.5422,-21.7941,CV >= 30%
S3A_20241104T104649_vs_HYPERNETS_20241104T104500_RHOW_R.csv,MAFR,Hyp,S3A,Hyp vs S3A,2024-11-04T09:45:00Z,2024-11-04T09:46:49Z,0.9036,22.8586,-22.3899,CV >= 30%
S3A_20241104T104649_vs_HYPERNETS_20241104T110000_RHOW_R.csv,MAFR,Hyp,S3A,Hyp vs S3A,2024-11-04T10:00:00Z,2024-11-04T09:46:49Z,0.9578,29.3938,-26.7758,CV >= 30%
S3A_20241104T104649_vs_HYPERNETS_20241104T111500_RHOW_R.csv,MAFR,Hyp,S3A,Hyp vs S3A,2024-11-04T10:15:00Z,2024-11-04T09:46:49Z,0.8641,44.7865,-40.4167,CV >= 30%
S3A_20241113T101307_vs_HYPERNETS_20241113T094500_RHOW_R.csv,MAFR,Hyp,S3A,Hyp vs S3A,2024-11-13T08:45:00Z,2024-11-13T09:13:07Z,0.903,52.1707,-52.1707,CV >= 30%
S3A_20241113T101307_vs_HYPERNETS_20241113T100000_RHOW_R.csv,MAFR,Hyp,S3A,Hyp vs S3A,2024-11-13T09:00:00Z,2024-11-13T09:13:07Z,0.8029,63.4898,-61.2447,CV >= 30%
S3A_20241113T101307_vs_HYPERNETS_20241113T101500_RHOW_R.csv,MAFR,Hyp,S3A,Hyp vs S3A,2024-11-13T09:15:00Z,2024-11-13T09:13:07Z,0.7808,69.5905,-63.881,CV >= 30%
S3A_20241113T101307_vs_HYPERNETS_20241113T103000_RHOW_R.csv,MAFR,Hyp,S3A,Hyp vs S3A,2024-11-13T09:30:00Z,2024-11-13T09:13:07Z,0.7375,77.0606,-70.8335,CV >= 30%
S3A_20241128T102419_vs_HYPERNETS_20241128T100000_RHOW_C.csv,MAFR,Hyp,S3A,Hyp vs S3A,2024-11-28T09:00:00Z,2024-11-28T09:24:19Z,0.6461,74.7953,-74.7953,CV >= 30%
S3A_20241128T102419_vs_HYPERNETS_20241128T101500_RHOW_C.csv,MAFR,Hyp,S3A,Hyp vs S3A,2024-11-28T09:15:00Z,2024-11-28T09:24:19Z,0.6135,85.5571,-85.5571,CV >= 30%
S3A_20241128T102419_vs_HYPERNETS_20241128T103000_RHOW_C.csv,MAFR,Hyp,S3A,Hyp vs S3A,2024-11-28T09:30:00Z,2024-11-28T09:24:19Z,0.5291,130.3239,-130.3239,CV >= 30%
S3A_20241128T102419_vs_HYPERNETS_20241128T104500_RHOW_C.csv,MAFR,Hyp,S3A,Hyp vs S3A,2024-11-28T09:45:00Z,2024-11-28T09:24:19Z,0.6325,85.3133,-85.3133,CV >= 30%
S3A_20241210T101304_vs_HYPERNETS_20241210T101500_RHOW_R.csv,MAFR,Hyp,S3A,Hyp vs S3A,2024-12-10T09:15:00Z,2024-12-10T09:13:04Z,0.8509,57.0774,-57.0774,CV >= 30%
S3A_20250616T103927_vs_HYPERNETS_20250616T101500_RHOW_C.csv,MAFR,Hyp,S3A,Hyp vs S3A,2025-06-16T08:15:00Z,2025-06-16T08:39:27Z,0.8199,14.4422,-5.9795,CV >= 30%
S3A_20250616T103927_vs_HYPERNETS_20250616T103000_RHOW_C.csv,MAFR,Hyp,S3A,Hyp vs S3A,2025-06-16T08:30:00Z,2025-06-16T08:39:27Z,0.6739,55.045,-55.045,CV >= 30%
S3A_20250616T103927_vs_HYPERNETS_20250616T104500_RHOW_C.csv,MAFR,Hyp,S3A,Hyp vs S3A,2025-06-16T08:45:00Z,2025-06-16T08:39:27Z,0.6447,57.4416,-57.4416,CV >= 30%
S3A_20250616T103927_vs_HYPERNETS_20250616T110100_RHOW_C.csv,MAFR,Hyp,S3A,Hyp vs S3A,2025-06-16T09:01:00Z,2025-06-16T08:39:27Z,0.7204,17.412,-16.703,CV >= 30%
S3A_20250617T101316_vs_HYPERNETS_20250617T103000_RHOW_R.csv,MAFR,Hyp,S3A,Hyp vs S3A,2025-06-17T08:30:00Z,2025-06-17T08:13:16Z,0.5352,69.6175,-63.3579,CV >= 30%
S3A_20250710T101700_vs_HYPERNETS_20250710T100000_RHOW_R.csv,MAFR,Hyp,S3A,Hyp vs S3A,2025-07-10T08:00:00Z,2025-07-10T08:17:00Z,0.7643,46.4414,-41.4903,CV >= 30%
S3A_20250710T101700_vs_HYPERNETS_20250710T101500_RHOW_R.csv,MAFR,Hyp,S3A,Hyp vs S3A,2025-07-10T08:15:00Z,2025-07-10T08:17:00Z,0.9378,22.3477,2.3946,CV >= 30%
S3A_20250710T101700_vs_HYPERNETS_20250710T103000_RHOW_R.csv,MAFR,Hyp,S3A,Hyp vs S3A,2025-07-10T08:30:00Z,2025-07-10T08:17:00Z,0.8813,24.3752,-6.8075,CV >= 30%
S3A_20250710T101700_vs_HYPERNETS_20250710T104500_RHOW_R.csv,MAFR,Hyp,S3A,Hyp vs S3A,2025-07-10T08:45:00Z,2025-07-10T08:17:00Z,0.9084,21.6816,-3.0447,CV >= 30%
S3A_20250717T103544_vs_HYPERNETS_20250717T110000_RHOW_R.csv,MAFR,Hyp,S3A,Hyp vs S3A,2025-07-17T09:00:00Z,2025-07-17T08:35:44Z,0.6811,67.4015,-59.0766,CV >= 30%
S3A_20250724T105426_vs_HYPERNETS_20250724T103000_RHOW_C.csv,MAFR,Hyp,S3A,Hyp vs S3A,2025-07-24T08:30:00Z,2025-07-24T08:54:26Z,0.2031,116.517,-110.8352,CV >= 30%
S3A_20250724T105426_vs_HYPERNETS_20250724T104500_RHOW_C.csv,MAFR,Hyp,S3A,Hyp vs S3A,2025-07-24T08:45:00Z,2025-07-24T08:54:26Z,0.207,104.9273,-97.3548,CV >= 30%
S3A_20250724T105426_vs_HYPERNETS_20250724T110000_RHOW_C.csv,MAFR,Hyp,S3A,Hyp vs S3A,2025-07-24T09:00:00Z,2025-07-24T08:54:26Z,0.1995,114.1407,-106.2856,CV >= 30%
S3A_20250724T105426_vs_HYPERNETS_20250724T111500_RHOW_C.csv,MAFR,Hyp,S3A,Hyp vs S3A,2025-07-24T09:15:00Z,2025-07-24T08:54:26Z,0.2084,106.0093,-97.411,CV >= 30%
S3A_20250726T100204_vs_HYPERNETS_20250726T094500_RHOW_R.csv,MAFR,Hyp,S3A,Hyp vs S3A,2025-07-26T07:45:00Z,2025-07-26T08:02:04Z,0.9207,11.7648,-8.9455,CV >= 30%
S3A_20250726T100204_vs_HYPERNETS_20250726T100000_RHOW_R.csv,MAFR,Hyp,S3A,Hyp vs S3A,2025-07-26T08:00:00Z,2025-07-26T08:02:04Z,0.9085,12.5164,-12.3919,CV >= 30%
S3A_20250726T100204_vs_HYPERNETS_20250726T101500_RHOW_R.csv,MAFR,Hyp,S3A,Hyp vs S3A,2025-07-26T08:15:00Z,2025-07-26T08:02:04Z,0.8901,22.8179,-18.5806,CV >= 30%
S3A_20250726T100204_vs_HYPERNETS_20250726T103000_RHOW_R.csv,MAFR,Hyp,S3A,Hyp vs S3A,2025-07-26T08:30:00Z,2025-07-26T08:02:04Z,0.9041,21.9113,-21.9113,CV >= 30%
S3A_20250730T095819_vs_HYPERNETS_20250730T094500_RHOW_R.csv,MAFR,Hyp,S3A,Hyp vs S3A,2025-07-30T07:45:00Z,2025-07-30T07:58:19Z,1.0732,44.8149,44.8149,CV >= 30%
S3A_20250730T095819_vs_HYPERNETS_20250730T101500_RHOW_R.csv,MAFR,Hyp,S3A,Hyp vs S3A,2025-07-30T08:15:00Z,2025-07-30T07:58:19Z,0.8746,19.736,-3.1785,CV >= 30%
S3A_20250807T095049_vs_HYPERNETS_20250807T093000_RHOW_R.csv,MAFR,Hyp,S3A,Hyp vs S3A,2025-08-07T07:30:00Z,2025-08-07T07:50:49Z,0.8965,16.1287,-13.752,CV >= 30%
S3A_20250807T095049_vs_HYPERNETS_20250807T094500_RHOW_R.csv,MAFR,Hyp,S3A,Hyp vs S3A,2025-08-07T07:45:00Z,2025-08-07T07:50:49Z,0.9639,51.3134,27.0385,CV >= 30%
S3A_20250807T095049_vs_HYPERNETS_20250807T100000_RHOW_R.csv,MAFR,Hyp,S3A,Hyp vs S3A,2025-08-07T08:00:00Z,2025-08-07T07:50:49Z,1.1067,64.3739,63.0394,CV >= 30%
S3A_20250807T095049_vs_HYPERNETS_20250807T101500_RHOW_R.csv,MAFR,Hyp,S3A,Hyp vs S3A,2025-08-07T08:15:00Z,2025-08-07T07:50:49Z,1.0993,68.8425,64.1213,CV >= 30%
S3A_20250809T103926_vs_HYPERNETS_20250809T101500_RHOW_R.csv,MAFR,Hyp,S3A,Hyp vs S3A,2025-08-09T08:15:00Z,2025-08-09T08:39:26Z,0.7512,65.9769,-65.9769,CV >= 30%
S3A_20250809T103926_vs_HYPERNETS_20250809T103000_RHOW_R.csv,MAFR,Hyp,S3A,Hyp vs S3A,2025-08-09T08:30:00Z,2025-08-09T08:39:26Z,0.7393,45.8277,-45.8277,CV >= 30%
S3A_20250809T103926_vs_HYPERNETS_20250809T104500_RHOW_R.csv,MAFR,Hyp,S3A,Hyp vs S3A,2025-08-09T08:45:00Z,2025-08-09T08:39:26Z,0.7282,38.7264,-38.7264,CV >= 30%
S3A_20250809T103926_vs_HYPERNETS_20250809T110000_RHOW_R.csv,MAFR,Hyp,S3A,Hyp vs S3A,2025-08-09T09:00:00Z,2025-08-09T08:39:26Z,0.7293,37.191,-37.191,CV >= 30%
S3A_20250810T101315_vs_HYPERNETS_20250810T094500_RHOW_C.csv,MAFR,Hyp,S3A,Hyp vs S3A,2025-08-10T07:45:00Z,2025-08-10T08:13:15Z,0.9015,13.1805,-12.6288,CV >= 30%
S3A_20250810T101315_vs_HYPERNETS_20250810T100000_RHOW_C.csv,MAFR,Hyp,S3A,Hyp vs S3A,2025-08-10T08:00:00Z,2025-08-10T08:13:15Z,0.9771,10.3778,-10.3778,CV >= 30%
S3A_20250810T101315_vs_HYPERNETS_20250810T101500_RHOW_C.csv,MAFR,Hyp,S3A,Hyp vs S3A,2025-08-10T08:15:00Z,2025-08-10T08:13:15Z,0.8715,22.5612,-22.3964,CV >= 30%
S3A_20250810T101315_vs_HYPERNETS_20250810T103000_RHOW_C.csv,MAFR,Hyp,S3A,Hyp vs S3A,2025-08-10T08:30:00Z,2025-08-10T08:13:15Z,0.8909,18.8518,-18.2484,CV >= 30%
S3A_20250820T105423_vs_HYPERNETS_20250820T103000_RHOW_R.csv,MAFR,Hyp,S3A,Hyp vs S3A,2025-08-20T08:30:00Z,2025-08-20T08:54:23Z,0.7907,65.9122,-65.9122,CV >= 30%
S3A_20250820T105423_vs_HYPERNETS_20250820T104500_RHOW_R.csv,MAFR,Hyp,S3A,Hyp vs S3A,2025-08-20T08:45:00Z,2025-08-20T08:54:23Z,0.8236,77.0187,-77.0187,CV >= 30%
S3A_20250820T105423_vs_HYPERNETS_20250820T110000_RHOW_R.csv,MAFR,Hyp,S3A,Hyp vs S3A,2025-08-20T09:00:00Z,2025-08-20T08:54:23Z,0.8824,14.7599,-13.6393,CV >= 30%
S3A_20250821T102812_vs_HYPERNETS_20250821T101500_RHOW_R.csv,MAFR,Hyp,S3A,Hyp vs S3A,2025-08-21T08:15:00Z,2025-08-21T08:28:12Z,1.038,16.9549,-4.2634,CV >= 30%
S3A_20250821T102812_vs_HYPERNETS_20250821T103000_RHOW_R.csv,MAFR,Hyp,S3A,Hyp vs S3A,2025-08-21T08:30:00Z,2025-08-21T08:28:12Z,1.2248000000000001,18.9583,18.9583,CV >= 30%
S3A_20250822T100201_vs_HYPERNETS_20250822T094500_RHOW_R.csv,MAFR,Hyp,S3A,Hyp vs S3A,2025-08-22T07:45:00Z,2025-08-22T08:02:01Z,0.789,22.8697,-21.6389,CV >= 30%
S3A_20250822T100201_vs_HYPERNETS_20250822T100000_RHOW_R.csv,MAFR,Hyp,S3A,Hyp vs S3A,2025-08-22T08:00:00Z,2025-08-22T08:02:01Z,0.8163,16.2084,-12.8469,CV >= 30%
S3A_20250822T100201_vs_HYPERNETS_20250822T101500_RHOW_R.csv,MAFR,Hyp,S3A,Hyp vs S3A,2025-08-22T08:15:00Z,2025-08-22T08:02:01Z,0.848,17.3902,2.0191,CV >= 30%
S3A_20250822T100201_vs_HYPERNETS_20250822T103000_RHOW_R.csv,MAFR,Hyp,S3A,Hyp vs S3A,2025-08-22T08:30:00Z,2025-08-22T08:02:01Z,0.8463,16.9186,4.5139,CV >= 30%
S3A_20250828T104653_vs_HYPERNETS_20250828T104500_RHOW_R.csv,MAFR,Hyp,S3A,Hyp vs S3A,2025-08-28T08:45:00Z,2025-08-28T08:46:53Z,0.8108,22.794,-22.4611,CV >= 30%
S3A_20250905T103922_vs_HYPERNETS_20250905T101500_RHOW_R.csv,MAFR,Hyp,S3A,Hyp vs S3A,2025-09-05T08:15:00Z,2025-09-05T08:39:22Z,0.8338,24.8157,-3.6194,CV >= 30%
S3A_20250905T103922_vs_HYPERNETS_20250905T103000_RHOW_R.csv,MAFR,Hyp,S3A,Hyp vs S3A,2025-09-05T08:30:00Z,2025-09-05T08:39:22Z,0.6863,80.922,-80.922,CV >= 30%
S3A_20250905T103922_vs_HYPERNETS_20250905T104500_RHOW_R.csv,MAFR,Hyp,S3A,Hyp vs S3A,2025-09-05T08:45:00Z,2025-09-05T08:39:22Z,0.7144,78.9345,-78.9345,CV >= 30%
S3A_20250905T103922_vs_HYPERNETS_20250905T110000_RHOW_R.csv,MAFR,Hyp,S3A,Hyp vs S3A,2025-09-05T09:00:00Z,2025-09-05T08:39:22Z,0.7122,80.4136,-80.4136,CV >= 30%
S3A_20250906T101311_vs_HYPERNETS_20250906T094500_RHOW_R.csv,MAFR,Hyp,S3A,Hyp vs S3A,2025-09-06T07:45:00Z,2025-09-06T08:13:11Z,0.7863,35.2176,-34.2038,CV >= 30%
S3A_20250906T101311_vs_HYPERNETS_20250906T100000_RHOW_R.csv,MAFR,Hyp,S3A,Hyp vs S3A,2025-09-06T08:00:00Z,2025-09-06T08:13:11Z,0.6927,52.7532,-51.835,CV >= 30%
S3A_20250906T101311_vs_HYPERNETS_20250906T101500_RHOW_R.csv,MAFR,Hyp,S3A,Hyp vs S3A,2025-09-06T08:15:00Z,2025-09-06T08:13:11Z,0.8537,36.5146,-10.6662,CV >= 30%
S3A_20250906T101311_vs_HYPERNETS_20250906T103000_RHOW_R.csv,MAFR,Hyp,S3A,Hyp vs S3A,2025-09-06T08:30:00Z,2025-09-06T08:13:11Z,0.9982,42.363,8.0217,CV >= 30%
S3A_20250909T103538_vs_HYPERNETS_20250909T101500_RHOW_R.csv,MAFR,Hyp,S3A,Hyp vs S3A,2025-09-09T08:15:00Z,2025-09-09T08:35:38Z,0.6494,50.3198,50.3198,CV >= 30%
S3A_20250909T103538_vs_HYPERNETS_20250909T104500_RHOW_R.csv,MAFR,Hyp,S3A,Hyp vs S3A,2025-09-09T08:45:00Z,2025-09-09T08:35:38Z,0.6482,61.328,61.328,CV >= 30%
S3A_20250918T100200_vs_HYPERNETS_20250918T094500_RHOW_R.csv,MAFR,Hyp,S3A,Hyp vs S3A,2025-09-18T07:45:00Z,2025-09-18T08:02:00Z,0.935,25.8283,-2.0664,CV >= 30%
S3A_20250918T100200_vs_HYPERNETS_20250918T100000_RHOW_R.csv,MAFR,Hyp,S3A,Hyp vs S3A,2025-09-18T08:00:00Z,2025-09-18T08:02:00Z,0.7114,68.4964,-66.451,CV >= 30%
S3A_20250918T100200_vs_HYPERNETS_20250918T101500_RHOW_R.csv,MAFR,Hyp,S3A,Hyp vs S3A,2025-09-18T08:15:00Z,2025-09-18T08:02:00Z,0.7591,61.5417,-58.4628,CV >= 30%
S3A_20250918T100200_vs_HYPERNETS_20250918T103000_RHOW_R.csv,MAFR,Hyp,S3A,Hyp vs S3A,2025-09-18T08:30:00Z,2025-09-18T08:02:00Z,0.8067,50.4494,-48.2652,CV >= 30%
S3A_20250920T105038_vs_HYPERNETS_20250920T104500_RHOW_R.csv,MAFR,Hyp,S3A,Hyp vs S3A,2025-09-20T08:45:00Z,2025-09-20T08:50:38Z,0.6493,61.8336,-61.8336,CV >= 30%
S3A_20250920T105038_vs_HYPERNETS_20250920T110000_RHOW_R.csv,MAFR,Hyp,S3A,Hyp vs S3A,2025-09-20T09:00:00Z,2025-09-20T08:50:38Z,0.6892,51.2396,-51.2396,CV >= 30%
S3A_20250920T105038_vs_HYPERNETS_20250920T111500_RHOW_R.csv,MAFR,Hyp,S3A,Hyp vs S3A,2025-09-20T09:15:00Z,2025-09-20T08:50:38Z,0.6159,109.775,-109.775,CV >= 30%
S3A_20250930T095049_vs_HYPERNETS_20250930T093000_RHOW_R.csv,MAFR,Hyp,S3A,Hyp vs S3A,2025-09-30T07:30:00Z,2025-09-30T07:50:49Z,0.5857,185.3008,-175.9664,CV >= 30%
S3A_20250930T095049_vs_HYPERNETS_20250930T094500_RHOW_R.csv,MAFR,Hyp,S3A,Hyp vs S3A,2025-09-30T07:45:00Z,2025-09-30T07:50:49Z,0.6006,175.5463,-161.6898,CV >= 30%
S3A_20250930T095049_vs_HYPERNETS_20250930T100000_RHOW_R.csv,MAFR,Hyp,S3A,Hyp vs S3A,2025-09-30T08:00:00Z,2025-09-30T07:50:49Z,0.5961,178.3723,-170.6649,CV >= 30%
S3A_20250930T095049_vs_HYPERNETS_20250930T101500_RHOW_R.csv,MAFR,Hyp,S3A,Hyp vs S3A,2025-09-30T08:15:00Z,2025-09-30T07:50:49Z,0.5957,175.0596,-163.0798,CV >= 30%
S3A_20251007T100931_vs_HYPERNETS_20251007T094500_RHOW_C.csv,MAFR,Hyp,S3A,Hyp vs S3A,2025-10-07T07:45:00Z,2025-10-07T08:09:31Z,0.9666,8.7006,-8.7006,CV >= 30%
S3A_20251007T100931_vs_HYPERNETS_20251007T100000_RHOW_C.csv,MAFR,Hyp,S3A,Hyp vs S3A,2025-10-07T08:00:00Z,2025-10-07T08:09:31Z,0.9968,7.8513,-7.8513,CV >= 30%
S3A_20251007T100931_vs_HYPERNETS_20251007T101500_RHOW_C.csv,MAFR,Hyp,S3A,Hyp vs S3A,2025-10-07T08:15:00Z,2025-10-07T08:09:31Z,1.0379,3.991,-3.991,CV >= 30%
S3A_20251007T100931_vs_HYPERNETS_20251007T103000_RHOW_C.csv,MAFR,Hyp,S3A,Hyp vs S3A,2025-10-07T08:30:00Z,2025-10-07T08:09:31Z,0.9486,13.2,-13.2,CV >= 30%
S3A_20251011T100547_vs_HYPERNETS_20251011T094500_RHOW_R.csv,MAFR,Hyp,S3A,Hyp vs S3A,2025-10-11T07:45:00Z,2025-10-11T08:05:47Z,0.7144,65.3786,-55.3941,CV >= 30%
S3A_20251011T100547_vs_HYPERNETS_20251011T100000_RHOW_R.csv,MAFR,Hyp,S3A,Hyp vs S3A,2025-10-11T08:00:00Z,2025-10-11T08:05:47Z,0.7895,49.0321,-44.694,CV >= 30%
S3A_20251011T100547_vs_HYPERNETS_20251011T101500_RHOW_R.csv,MAFR,Hyp,S3A,Hyp vs S3A,2025-10-11T08:15:00Z,2025-10-11T08:05:47Z,0.804,43.2424,-38.0094,CV >= 30%
S3A_20251011T100547_vs_HYPERNETS_20251011T103000_RHOW_R.csv,MAFR,Hyp,S3A,Hyp vs S3A,2025-10-11T08:30:00Z,2025-10-11T08:05:47Z,0.8045,41.9283,-38.8859,CV >= 30%
S3A_20251014T102814_vs_HYPERNETS_20251014T100000_RHOW_C.csv,MAFR,Hyp,S3A,Hyp vs S3A,2025-10-14T08:00:00Z,2025-10-14T08:28:14Z,0.6671,93.8416,-86.8187,CV >= 30%
S3A_20251014T102814_vs_HYPERNETS_20251014T101500_RHOW_C.csv,MAFR,Hyp,S3A,Hyp vs S3A,2025-10-14T08:15:00Z,2025-10-14T08:28:14Z,0.6347,108.8938,-103.4378,CV >= 30%
S3A_20251014T102814_vs_HYPERNETS_20251014T103000_RHOW_C.csv,MAFR,Hyp,S3A,Hyp vs S3A,2025-10-14T08:30:00Z,2025-10-14T08:28:14Z,0.7042,80.4503,-77.2445,CV >= 30%
S3A_20251014T102814_vs_HYPERNETS_20251014T104500_RHOW_C.csv,MAFR,Hyp,S3A,Hyp vs S3A,2025-10-14T08:45:00Z,2025-10-14T08:28:14Z,0.6605,93.7951,-90.1839,CV >= 30%
S3A_20251015T100203_vs_HYPERNETS_20251015T100000_RHOW_R.csv,MAFR,Hyp,S3A,Hyp vs S3A,2025-10-15T08:00:00Z,2025-10-15T08:02:03Z,0.66,83.8506,-80.2174,CV >= 30%
S3A_20251015T100203_vs_HYPERNETS_20251015T101500_RHOW_R.csv,MAFR,Hyp,S3A,Hyp vs S3A,2025-10-15T08:15:00Z,2025-10-15T08:02:03Z,0.6289,94.0136,-89.4981,CV >= 30%
S3A_20251015T100203_vs_HYPERNETS_20251015T103000_RHOW_R.csv,MAFR,Hyp,S3A,Hyp vs S3A,2025-10-15T08:30:00Z,2025-10-15T08:02:03Z,0.726,60.3059,-53.6789,CV >= 30%
S3A_20251017T105040_vs_HYPERNETS_20251017T103000_RHOW_R.csv,MAFR,Hyp,S3A,Hyp vs S3A,2025-10-17T08:30:00Z,2025-10-17T08:50:40Z,0.7023,99.981,-99.981,CV >= 30%
S3A_20251017T105040_vs_HYPERNETS_20251017T104500_RHOW_R.csv,MAFR,Hyp,S3A,Hyp vs S3A,2025-10-17T08:45:00Z,2025-10-17T08:50:40Z,0.7586,44.3818,-44.3818,CV >= 30%
S3A_20251017T105040_vs_HYPERNETS_20251017T110000_RHOW_R.csv,MAFR,Hyp,S3A,Hyp vs S3A,2025-10-17T09:00:00Z,2025-10-17T08:50:40Z,0.8101,21.2534,-20.6679,CV >= 30%
S3A_20251017T105040_vs_HYPERNETS_20251017T111500_RHOW_R.csv,MAFR,Hyp,S3A,Hyp vs S3A,2025-10-17T09:15:00Z,2025-10-17T08:50:40Z,0.8973,22.8658,6.2287,CV >= 30%
S3A_20251026T101701_vs_HYPERNETS_20251026T103000_RHOW_R.csv,MAFR,Hyp,S3A,Hyp vs S3A,2025-10-26T09:30:00Z,2025-10-26T09:17:01Z,0.4775,182.26,-182.26,CV >= 30%
S3A_20251026T101701_vs_HYPERNETS_20251026T104500_RHOW_R.csv,MAFR,Hyp,S3A,Hyp vs S3A,2025-10-26T09:45:00Z,2025-10-26T09:17:01Z,0.4932,169.9856,-169.9856,CV >= 30%
S3A_20251030T101317_vs_HYPERNETS_20251030T103000_RHOW_R.csv,MAFR,Hyp,S3A,Hyp vs S3A,2025-10-30T09:30:00Z,2025-10-30T09:13:17Z,0.7282,40.8021,-10.8324,CV >= 30%
S3A_20251103T100933_vs_HYPERNETS_20251103T094500_RHOW_C.csv,MAFR,Hyp,S3A,Hyp vs S3A,2025-11-03T08:45:00Z,2025-11-03T09:09:33Z,0.7573,47.1906,-46.3324,CV >= 30%
S3A_20251103T100933_vs_HYPERNETS_20251103T100000_RHOW_C.csv,MAFR,Hyp,S3A,Hyp vs S3A,2025-11-03T09:00:00Z,2025-11-03T09:09:33Z,0.7612,48.7179,-47.952,CV >= 30%
S3A_20251103T100933_vs_HYPERNETS_20251103T101500_RHOW_C.csv,MAFR,Hyp,S3A,Hyp vs S3A,2025-11-03T09:15:00Z,2025-11-03T09:09:33Z,0.7575,59.6953,-58.7215,CV >= 30%
S3A_20251103T100933_vs_HYPERNETS_20251103T103000_RHOW_C.csv,MAFR,Hyp,S3A,Hyp vs S3A,2025-11-03T09:30:00Z,2025-11-03T09:09:33Z,0.7626,63.9678,-61.5254,CV >= 30%
S3A_20251121T104310_vs_HYPERNETS_20251121T101500_RHOW_C.csv,MAFR,Hyp,S3A,Hyp vs S3A,2025-11-21T09:15:00Z,2025-11-21T09:43:10Z,0.7414,45.3447,-43.6632,CV >= 30%
S3A_20251121T104310_vs_HYPERNETS_20251121T103000_RHOW_C.csv,MAFR,Hyp,S3A,Hyp vs S3A,2025-11-21T09:30:00Z,2025-11-21T09:43:10Z,0.6386,68.9917,-66.49,CV >= 30%
S3A_20251121T104310_vs_HYPERNETS_20251121T104500_RHOW_C.csv,MAFR,Hyp,S3A,Hyp vs S3A,2025-11-21T09:45:00Z,2025-11-21T09:43:10Z,0.6929,47.7495,-45.9651,CV >= 30%
S3A_20251121T104310_vs_HYPERNETS_20251121T110000_RHOW_C.csv,MAFR,Hyp,S3A,Hyp vs S3A,2025-11-21T10:00:00Z,2025-11-21T09:43:10Z,0.6864,49.8202,-48.0094,CV >= 30%
S3A_20251130T100930_vs_HYPERNETS_20251130T094500_RHOW_C.csv,MAFR,Hyp,S3A,Hyp vs S3A,2025-11-30T08:45:00Z,2025-11-30T09:09:30Z,0.8103,49.0317,-34.2765,CV >= 30%
S3A_20251130T100930_vs_HYPERNETS_20251130T100000_RHOW_C.csv,MAFR,Hyp,S3A,Hyp vs S3A,2025-11-30T09:00:00Z,2025-11-30T09:09:30Z,0.7252,75.0538,-52.2424,CV >= 30%
S3A_20251130T100930_vs_HYPERNETS_20251130T101500_RHOW_C.csv,MAFR,Hyp,S3A,Hyp vs S3A,2025-11-30T09:15:00Z,2025-11-30T09:09:30Z,0.7811,42.9529,-40.0474,CV >= 30%
S3A_20251130T100930_vs_HYPERNETS_20251130T103000_RHOW_C.csv,MAFR,Hyp,S3A,Hyp vs S3A,2025-11-30T09:30:00Z,2025-11-30T09:09:30Z,0.7864,47.8843,-42.722,CV >= 30%
S3A_20251218T104308_vs_HYPERNETS_20251218T101500_RHOW_R.csv,MAFR,Hyp,S3A,Hyp vs S3A,2025-12-18T09:15:00Z,2025-12-18T09:43:08Z,0.776,58.3497,-58.3497,CV >= 30%
S3A_20251218T104308_vs_HYPERNETS_20251218T103000_RHOW_R.csv,MAFR,Hyp,S3A,Hyp vs S3A,2025-12-18T09:30:00Z,2025-12-18T09:43:08Z,0.6426,79.8665,-79.8665,CV >= 30%
S3A_20251218T104308_vs_HYPERNETS_20251218T104500_RHOW_R.csv,MAFR,Hyp,S3A,Hyp vs S3A,2025-12-18T09:45:00Z,2025-12-18T09:43:08Z,0.82,45.0944,-38.8769,CV >= 30%
S3A_20251218T104308_vs_HYPERNETS_20251218T110000_RHOW_R.csv,MAFR,Hyp,S3A,Hyp vs S3A,2025-12-18T10:00:00Z,2025-12-18T09:43:08Z,0.7053,62.7785,-62.7785,CV >= 30%
S3A_20251230T103156_vs_HYPERNETS_20251230T110000_RHOW_R.csv,MAFR,Hyp,S3A,Hyp vs S3A,2025-12-30T10:00:00Z,2025-12-30T09:31:56Z,0.837,19.9789,-18.7898,CV >= 30%
S3B_20240606T102300_vs_HYPERNETS_20240606T103000_RHOW_R.csv,MAFR,Hyp,S3B,Hyp vs S3B,2024-06-06T08:30:00Z,2024-06-06T08:23:00Z,0.877,23.0153,-20.5145,CV >= 30%
S3B_20240617T103756_vs_HYPERNETS_20240617T110000_RHOW_R.csv,MAFR,Hyp,S3B,Hyp vs S3B,2024-06-17T09:00:00Z,2024-06-17T08:37:56Z,0.2887,502.5017,-255.2087,CV >= 30%
S3B_20240626T100418_vs_HYPERNETS_20240626T094500_RHOW_R.csv,MAFR,Hyp,S3B,Hyp vs S3B,2024-06-26T07:45:00Z,2024-06-26T08:04:18Z,0.8839,30.0753,0.2687,CV >= 30%
S3B_20240626T100418_vs_HYPERNETS_20240626T100000_RHOW_R.csv,MAFR,Hyp,S3B,Hyp vs S3B,2024-06-26T08:00:00Z,2024-06-26T08:04:18Z,0.8669,25.3966,-22.5749,CV >= 30%
S3B_20240626T100418_vs_HYPERNETS_20240626T101500_RHOW_R.csv,MAFR,Hyp,S3B,Hyp vs S3B,2024-06-26T08:15:00Z,2024-06-26T08:04:18Z,0.7705,38.3344,-34.9369,CV >= 30%
S3B_20240626T100418_vs_HYPERNETS_20240626T103000_RHOW_R.csv,MAFR,Hyp,S3B,Hyp vs S3B,2024-06-26T08:30:00Z,2024-06-26T08:04:18Z,0.7922,33.7647,-30.5303,CV >= 30%
S3B_20240719T100804_vs_HYPERNETS_20240719T100000_RHOW_C.csv,MAFR,Hyp,S3B,Hyp vs S3B,2024-07-19T08:00:00Z,2024-07-19T08:08:04Z,0.6914,75.045,-60.1501,CV >= 30%
S3B_20240719T100804_vs_HYPERNETS_20240719T101600_RHOW_C.csv,MAFR,Hyp,S3B,Hyp vs S3B,2024-07-19T08:16:00Z,2024-07-19T08:08:04Z,0.733,65.1726,-64.7964,CV >= 30%
S3B_20240719T100804_vs_HYPERNETS_20240719T103100_RHOW_C.csv,MAFR,Hyp,S3B,Hyp vs S3B,2024-07-19T08:31:00Z,2024-07-19T08:08:04Z,0.7305,69.1001,-63.8219,CV >= 30%
S3B_20240725T105256_vs_HYPERNETS_20240725T103000_RHOW_C.csv,MAFR,Hyp,S3B,Hyp vs S3B,2024-07-25T08:30:00Z,2024-07-25T08:52:56Z,0.9521,19.5958,-16.2671,CV >= 30%
S3B_20240725T105256_vs_HYPERNETS_20240725T104500_RHOW_C.csv,MAFR,Hyp,S3B,Hyp vs S3B,2024-07-25T08:45:00Z,2024-07-25T08:52:56Z,0.9187,30.8106,-23.4184,CV >= 30%
S3B_20240725T105256_vs_HYPERNETS_20240725T110000_RHOW_C.csv,MAFR,Hyp,S3B,Hyp vs S3B,2024-07-25T09:00:00Z,2024-07-25T08:52:56Z,0.8946,40.6035,-28.4705,CV >= 30%
S3B_20240725T105256_vs_HYPERNETS_20240725T111500_RHOW_C.csv,MAFR,Hyp,S3B,Hyp vs S3B,2024-07-25T09:15:00Z,2024-07-25T08:52:56Z,0.9148,37.1926,-25.5864,CV >= 30%
S3B_20240729T104913_vs_HYPERNETS_20240729T103000_RHOW_C.csv,MAFR,Hyp,S3B,Hyp vs S3B,2024-07-29T08:30:00Z,2024-07-29T08:49:13Z,-7.9667,145.3659,-119.6506,CV >= 30%
S3B_20240729T104913_vs_HYPERNETS_20240729T104500_RHOW_C.csv,MAFR,Hyp,S3B,Hyp vs S3B,2024-07-29T08:45:00Z,2024-07-29T08:49:13Z,-7.9019,119.4669,-86.7743,CV >= 30%
S3B_20240729T104913_vs_HYPERNETS_20240729T110000_RHOW_C.csv,MAFR,Hyp,S3B,Hyp vs S3B,2024-07-29T09:00:00Z,2024-07-29T08:49:13Z,-8.1198,156.2136,-136.5725,CV >= 30%
S3B_20240729T104913_vs_HYPERNETS_20240729T111600_RHOW_C.csv,MAFR,Hyp,S3B,Hyp vs S3B,2024-07-29T09:16:00Z,2024-07-29T08:49:13Z,-9.5777,103.7828,-81.912,CV >= 30%
S3B_20240806T104144_vs_HYPERNETS_20240806T110100_RHOW_R.csv,MAFR,Hyp,S3B,Hyp vs S3B,2024-08-06T09:01:00Z,2024-08-06T08:41:44Z,0.6058,36.6538,-31.9443,CV >= 30%
S3B_20240819T100418_vs_HYPERNETS_20240819T094500_RHOW_R.csv,MAFR,Hyp,S3B,Hyp vs S3B,2024-08-19T07:45:00Z,2024-08-19T08:04:18Z,0.7854,27.3274,-22.6535,CV >= 30%
S3B_20240819T100418_vs_HYPERNETS_20240819T100000_RHOW_R.csv,MAFR,Hyp,S3B,Hyp vs S3B,2024-08-19T08:00:00Z,2024-08-19T08:04:18Z,0.7595,12.5901,-6.6128,CV >= 30%
S3B_20240819T100418_vs_HYPERNETS_20240819T101500_RHOW_R.csv,MAFR,Hyp,S3B,Hyp vs S3B,2024-08-19T08:15:00Z,2024-08-19T08:04:18Z,0.7868,11.6409,-5.8884,CV >= 30%
S3B_20240819T100418_vs_HYPERNETS_20240819T103000_RHOW_R.csv,MAFR,Hyp,S3B,Hyp vs S3B,2024-08-19T08:30:00Z,2024-08-19T08:04:18Z,0.8041,10.487,-1.2003,CV >= 30%
S3B_20240826T102302_vs_HYPERNETS_20240826T100000_RHOW_R.csv,MAFR,Hyp,S3B,Hyp vs S3B,2024-08-26T08:00:00Z,2024-08-26T08:23:02Z,0.7926,31.1131,-15.4479,CV >= 30%
S3B_20240826T102302_vs_HYPERNETS_20240826T101500_RHOW_R.csv,MAFR,Hyp,S3B,Hyp vs S3B,2024-08-26T08:15:00Z,2024-08-26T08:23:02Z,0.7861,26.8982,-21.3542,CV >= 30%
S3B_20240826T102302_vs_HYPERNETS_20240826T103000_RHOW_R.csv,MAFR,Hyp,S3B,Hyp vs S3B,2024-08-26T08:30:00Z,2024-08-26T08:23:02Z,0.8031,26.1032,-16.5929,CV >= 30%
S3B_20240826T102302_vs_HYPERNETS_20240826T104500_RHOW_R.csv,MAFR,Hyp,S3B,Hyp vs S3B,2024-08-26T08:45:00Z,2024-08-26T08:23:02Z,0.7222,53.8535,-49.7648,CV >= 30%
S3B_20240827T095651_vs_HYPERNETS_20240827T093000_RHOW_R.csv,MAFR,Hyp,S3B,Hyp vs S3B,2024-08-27T07:30:00Z,2024-08-27T07:56:51Z,0.7418,42.1474,-40.7251,CV >= 30%
S3B_20240827T095651_vs_HYPERNETS_20240827T094500_RHOW_R.csv,MAFR,Hyp,S3B,Hyp vs S3B,2024-08-27T07:45:00Z,2024-08-27T07:56:51Z,0.7878,24.1298,-22.6971,CV >= 30%
S3B_20240827T095651_vs_HYPERNETS_20240827T100000_RHOW_R.csv,MAFR,Hyp,S3B,Hyp vs S3B,2024-08-27T08:00:00Z,2024-08-27T07:56:51Z,0.847,13.5639,-10.9649,CV >= 30%
S3B_20240827T095651_vs_HYPERNETS_20240827T101600_RHOW_R.csv,MAFR,Hyp,S3B,Hyp vs S3B,2024-08-27T08:16:00Z,2024-08-27T07:56:51Z,0.8239,14.9775,-12.9951,CV >= 30%
S3B_20240902T104144_vs_HYPERNETS_20240902T103000_RHOW_R.csv,MAFR,Hyp,S3B,Hyp vs S3B,2024-09-02T08:30:00Z,2024-09-02T08:41:44Z,0.4731,69.343,69.343,CV >= 30%
S3B_20240915T100417_vs_HYPERNETS_20240915T094500_RHOW_R.csv,MAFR,Hyp,S3B,Hyp vs S3B,2024-09-15T07:45:00Z,2024-09-15T08:04:17Z,0.6981,86.1058,-81.828,CV >= 30%
S3B_20240915T100417_vs_HYPERNETS_20240915T100000_RHOW_R.csv,MAFR,Hyp,S3B,Hyp vs S3B,2024-09-15T08:00:00Z,2024-09-15T08:04:17Z,0.7197,88.9761,-86.5484,CV >= 30%
S3B_20240915T100417_vs_HYPERNETS_20240915T101500_RHOW_R.csv,MAFR,Hyp,S3B,Hyp vs S3B,2024-09-15T08:15:00Z,2024-09-15T08:04:17Z,0.6746,109.269,-109.269,CV >= 30%
S3B_20240915T100417_vs_HYPERNETS_20240915T103000_RHOW_R.csv,MAFR,Hyp,S3B,Hyp vs S3B,2024-09-15T08:30:00Z,2024-09-15T08:04:17Z,0.7931,58.2828,-55.256,CV >= 30%
S3B_20241011T103025_vs_HYPERNETS_20241011T101500_RHOW_R.csv,MAFR,Hyp,S3B,Hyp vs S3B,2024-10-11T08:15:00Z,2024-10-11T08:30:25Z,0.7212,47.9614,-47.2909,CV >= 30%
S3B_20241011T103025_vs_HYPERNETS_20241011T103000_RHOW_R.csv,MAFR,Hyp,S3B,Hyp vs S3B,2024-10-11T08:30:00Z,2024-10-11T08:30:25Z,0.7521,39.1134,-35.3271,CV >= 30%
S3B_20241011T103025_vs_HYPERNETS_20241011T104500_RHOW_R.csv,MAFR,Hyp,S3B,Hyp vs S3B,2024-10-11T08:45:00Z,2024-10-11T08:30:25Z,0.7428,40.89,-36.8427,CV >= 30%
S3B_20241011T103025_vs_HYPERNETS_20241011T110000_RHOW_R.csv,MAFR,Hyp,S3B,Hyp vs S3B,2024-10-11T09:00:00Z,2024-10-11T08:30:25Z,0.7405,42.3648,-37.9404,CV >= 30%
S3B_20241030T103757_vs_HYPERNETS_20241030T110000_RHOW_R.csv,MAFR,Hyp,S3B,Hyp vs S3B,2024-10-30T10:00:00Z,2024-10-30T09:37:57Z,0.539,94.1187,-86.4768,CV >= 30%
S3B_20241103T103414_vs_HYPERNETS_20241103T104500_RHOW_R.csv,MAFR,Hyp,S3B,Hyp vs S3B,2024-11-03T09:45:00Z,2024-11-03T09:34:14Z,0.8649,26.8638,-24.7066,CV >= 30%
S3B_20241103T103414_vs_HYPERNETS_20241103T110000_RHOW_R.csv,MAFR,Hyp,S3B,Hyp vs S3B,2024-11-03T10:00:00Z,2024-11-03T09:34:14Z,0.8706,36.0514,-36.0514,CV >= 30%
S3B_20241110T105255_vs_HYPERNETS_20241110T110000_RHOW_R.csv,MAFR,Hyp,S3B,Hyp vs S3B,2024-11-10T10:00:00Z,2024-11-10T09:52:55Z,0.5825,730.213,730.213,CV >= 30%
S3B_20241111T102643_vs_HYPERNETS_20241111T104500_RHOW_R.csv,MAFR,Hyp,S3B,Hyp vs S3B,2024-11-11T09:45:00Z,2024-11-11T09:26:43Z,-0.4134,692.7407,-432.4119,CV >= 30%
S3B_20241112T100032_vs_HYPERNETS_20241112T094500_RHOW_C.csv,MAFR,Hyp,S3B,Hyp vs S3B,2024-11-12T08:45:00Z,2024-11-12T09:00:32Z,0.5999,124.7612,-107.4354,CV >= 30%
S3B_20241112T100032_vs_HYPERNETS_20241112T100000_RHOW_C.csv,MAFR,Hyp,S3B,Hyp vs S3B,2024-11-12T09:00:00Z,2024-11-12T09:00:32Z,0.6689,82.5904,-70.534,CV >= 30%
S3B_20241112T100032_vs_HYPERNETS_20241112T101500_RHOW_C.csv,MAFR,Hyp,S3B,Hyp vs S3B,2024-11-12T09:15:00Z,2024-11-12T09:00:32Z,0.6603,74.0178,-64.1612,CV >= 30%
S3B_20241114T104910_vs_HYPERNETS_20241114T103000_RHOW_R.csv,MAFR,Hyp,S3B,Hyp vs S3B,2024-11-14T09:30:00Z,2024-11-14T09:49:10Z,0.603,162.263,162.263,CV >= 30%
S3B_20241114T104910_vs_HYPERNETS_20241114T104500_RHOW_R.csv,MAFR,Hyp,S3B,Hyp vs S3B,2024-11-14T09:45:00Z,2024-11-14T09:49:10Z,0.6102,165.758,165.758,CV >= 30%
S3B_20241114T104910_vs_HYPERNETS_20241114T110000_RHOW_R.csv,MAFR,Hyp,S3B,Hyp vs S3B,2024-11-14T10:00:00Z,2024-11-14T09:49:10Z,0.4906,113.3896,113.3896,CV >= 30%
S3B_20241114T104910_vs_HYPERNETS_20241114T111500_RHOW_R.csv,MAFR,Hyp,S3B,Hyp vs S3B,2024-11-14T10:15:00Z,2024-11-14T09:49:10Z,0.5466,111.6629,111.6629,CV >= 30%
S3B_20241204T103028_vs_HYPERNETS_20241204T101500_RHOW_R.csv,MAFR,Hyp,S3B,Hyp vs S3B,2024-12-04T09:15:00Z,2024-12-04T09:30:28Z,0.8373,28.2394,-26.8847,CV >= 30%
S3B_20241204T103028_vs_HYPERNETS_20241204T103000_RHOW_R.csv,MAFR,Hyp,S3B,Hyp vs S3B,2024-12-04T09:30:00Z,2024-12-04T09:30:28Z,0.7844,37.108,-35.5345,CV >= 30%
S3B_20241204T103028_vs_HYPERNETS_20241204T104500_RHOW_R.csv,MAFR,Hyp,S3B,Hyp vs S3B,2024-12-04T09:45:00Z,2024-12-04T09:30:28Z,0.8015,34.2248,-32.4428,CV >= 30%
S3B_20241204T103028_vs_HYPERNETS_20241204T110000_RHOW_R.csv,MAFR,Hyp,S3B,Hyp vs S3B,2024-12-04T10:00:00Z,2024-12-04T09:30:28Z,0.8811,28.3894,-28.3894,CV >= 30%
S3B_20241211T104911_vs_HYPERNETS_20241211T104500_RHOW_R.csv,MAFR,Hyp,S3B,Hyp vs S3B,2024-12-11T09:45:00Z,2024-12-11T09:49:11Z,0.8612,22.7131,22.7131,CV >= 30%
S3B_20241211T104911_vs_HYPERNETS_20241211T110000_RHOW_R.csv,MAFR,Hyp,S3B,Hyp vs S3B,2024-12-11T10:00:00Z,2024-12-11T09:49:11Z,0.9146,30.8835,30.8835,CV >= 30%
S3B_20241212T102300_vs_HYPERNETS_20241212T100000_RHOW_R.csv,MAFR,Hyp,S3B,Hyp vs S3B,2024-12-12T09:00:00Z,2024-12-12T09:23:00Z,0.8329,72.1767,-56.5818,CV >= 30%
S3B_20241212T102300_vs_HYPERNETS_20241212T101500_RHOW_R.csv,MAFR,Hyp,S3B,Hyp vs S3B,2024-12-12T09:15:00Z,2024-12-12T09:23:00Z,0.8368,71.642,-60.0951,CV >= 30%
S3B_20241212T102300_vs_HYPERNETS_20241212T103000_RHOW_R.csv,MAFR,Hyp,S3B,Hyp vs S3B,2024-12-12T09:30:00Z,2024-12-12T09:23:00Z,0.8207,72.9229,-61.1987,CV >= 30%
S3B_20241212T102300_vs_HYPERNETS_20241212T104500_RHOW_R.csv,MAFR,Hyp,S3B,Hyp vs S3B,2024-12-12T09:45:00Z,2024-12-12T09:23:00Z,0.8623,48.6861,-47.2029,CV >= 30%
S3B_20241219T104141_vs_HYPERNETS_20241219T110000_RHOW_R.csv,MAFR,Hyp,S3B,Hyp vs S3B,2024-12-19T10:00:00Z,2024-12-19T09:41:41Z,1.2244,14.5938,13.452,CV >= 30%
S3B_20241223T103757_vs_HYPERNETS_20241223T101500_RHOW_R.csv,MAFR,Hyp,S3B,Hyp vs S3B,2024-12-23T09:15:00Z,2024-12-23T09:37:57Z,0.7901,61.4652,-61.4652,CV >= 30%
S3B_20241223T103757_vs_HYPERNETS_20241223T103000_RHOW_R.csv,MAFR,Hyp,S3B,Hyp vs S3B,2024-12-23T09:30:00Z,2024-12-23T09:37:57Z,0.5491,137.8154,-137.8154,CV >= 30%
S3B_20241223T103757_vs_HYPERNETS_20241223T104500_RHOW_R.csv,MAFR,Hyp,S3B,Hyp vs S3B,2024-12-23T09:45:00Z,2024-12-23T09:37:57Z,0.6437,108.8009,-108.8009,CV >= 30%
S3B_20241223T103757_vs_HYPERNETS_20241223T110000_RHOW_R.csv,MAFR,Hyp,S3B,Hyp vs S3B,2024-12-23T10:00:00Z,2024-12-23T09:37:57Z,0.5619,137.3803,-137.3803,CV >= 30%
S3B_20250611T103037_vs_HYPERNETS_20250611T101500_RHOW_R.csv,MAFR,Hyp,S3B,Hyp vs S3B,2025-06-11T08:15:00Z,2025-06-11T08:30:37Z,0.8127,33.4453,-33.4453,CV >= 30%
S3B_20250611T103037_vs_HYPERNETS_20250611T103000_RHOW_R.csv,MAFR,Hyp,S3B,Hyp vs S3B,2025-06-11T08:30:00Z,2025-06-11T08:30:37Z,0.7929,34.2571,-34.2571,CV >= 30%
S3B_20250616T100043_vs_HYPERNETS_20250616T094500_RHOW_R.csv,MAFR,Hyp,S3B,Hyp vs S3B,2025-06-16T07:45:00Z,2025-06-16T08:00:43Z,0.8103,22.7204,-21.5234,CV >= 30%
S3B_20250616T100043_vs_HYPERNETS_20250616T100000_RHOW_R.csv,MAFR,Hyp,S3B,Hyp vs S3B,2025-06-16T08:00:00Z,2025-06-16T08:00:43Z,0.6777,56.6472,-53.4307,CV >= 30%
S3B_20250616T100043_vs_HYPERNETS_20250616T101500_RHOW_R.csv,MAFR,Hyp,S3B,Hyp vs S3B,2025-06-16T08:15:00Z,2025-06-16T08:00:43Z,0.7593,34.6179,-33.6393,CV >= 30%
S3B_20250616T100043_vs_HYPERNETS_20250616T103000_RHOW_R.csv,MAFR,Hyp,S3B,Hyp vs S3B,2025-06-16T08:30:00Z,2025-06-16T08:00:43Z,0.6199,82.8915,-72.1862,CV >= 30%
S3B_20250618T104920_vs_HYPERNETS_20250618T111500_RHOW_R.csv,MAFR,Hyp,S3B,Hyp vs S3B,2025-06-18T09:15:00Z,2025-06-18T08:49:20Z,0.3452,130.9517,-122.5814,CV >= 30%
S3B_20250623T101926_vs_HYPERNETS_20250623T103000_RHOW_R.csv,MAFR,Hyp,S3B,Hyp vs S3B,2025-06-23T08:30:00Z,2025-06-23T08:19:26Z,0.4977,154.0051,-154.0051,CV >= 30%
S3B_20250623T101926_vs_HYPERNETS_20250623T104500_RHOW_R.csv,MAFR,Hyp,S3B,Hyp vs S3B,2025-06-23T08:45:00Z,2025-06-23T08:19:26Z,0.5145,132.1454,-116.4863,CV >= 30%
S3B_20250708T103041_vs_HYPERNETS_20250708T101500_RHOW_R.csv,MAFR,Hyp,S3B,Hyp vs S3B,2025-07-08T08:15:00Z,2025-07-08T08:30:41Z,0.8869,19.7832,6.4514,CV >= 30%
S3B_20250708T103041_vs_HYPERNETS_20250708T103000_RHOW_R.csv,MAFR,Hyp,S3B,Hyp vs S3B,2025-07-08T08:30:00Z,2025-07-08T08:30:41Z,0.7045,61.3396,-51.8224,CV >= 30%
S3B_20250708T103041_vs_HYPERNETS_20250708T104500_RHOW_R.csv,MAFR,Hyp,S3B,Hyp vs S3B,2025-07-08T08:45:00Z,2025-07-08T08:30:41Z,0.7268,59.4179,-45.7304,CV >= 30%
S3B_20250708T103041_vs_HYPERNETS_20250708T110000_RHOW_R.csv,MAFR,Hyp,S3B,Hyp vs S3B,2025-07-08T09:00:00Z,2025-07-08T08:30:41Z,0.7261,62.8901,-45.1338,CV >= 30%
S3B_20250712T102657_vs_HYPERNETS_20250712T100000_RHOW_R.csv,MAFR,Hyp,S3B,Hyp vs S3B,2025-07-12T08:00:00Z,2025-07-12T08:26:57Z,1.0287,16.7786,8.3618,CV >= 30%
S3B_20250712T102657_vs_HYPERNETS_20250712T101500_RHOW_R.csv,MAFR,Hyp,S3B,Hyp vs S3B,2025-07-12T08:15:00Z,2025-07-12T08:26:57Z,1.0044,4.7437,-3.4409,CV >= 30%
S3B_20250712T102657_vs_HYPERNETS_20250712T103000_RHOW_R.csv,MAFR,Hyp,S3B,Hyp vs S3B,2025-07-12T08:30:00Z,2025-07-12T08:26:57Z,0.9236,23.4329,-22.4059,CV >= 30%
S3B_20250712T102657_vs_HYPERNETS_20250712T104500_RHOW_R.csv,MAFR,Hyp,S3B,Hyp vs S3B,2025-07-12T08:45:00Z,2025-07-12T08:26:57Z,0.886,35.6047,-31.812,CV >= 30%
S3B_20250715T104924_vs_HYPERNETS_20250715T111500_RHOW_R.csv,MAFR,Hyp,S3B,Hyp vs S3B,2025-07-15T09:15:00Z,2025-07-15T08:49:24Z,-0.1521,783.278,-673.5042,CV >= 30%
S3B_20250731T103426_vs_HYPERNETS_20250731T110000_RHOW_R.csv,MAFR,Hyp,S3B,Hyp vs S3B,2025-07-31T09:00:00Z,2025-07-31T08:34:26Z,0.6973,38.3507,-35.3326,CV >= 30%
S3B_20250809T100047_vs_HYPERNETS_20250809T094500_RHOW_R.csv,MAFR,Hyp,S3B,Hyp vs S3B,2025-08-09T07:45:00Z,2025-08-09T08:00:47Z,0.7825,34.5802,-33.5,CV >= 30%
S3B_20250809T100047_vs_HYPERNETS_20250809T100000_RHOW_R.csv,MAFR,Hyp,S3B,Hyp vs S3B,2025-08-09T08:00:00Z,2025-08-09T08:00:47Z,0.7766,35.8706,-34.1278,CV >= 30%
S3B_20250809T100047_vs_HYPERNETS_20250809T101500_RHOW_R.csv,MAFR,Hyp,S3B,Hyp vs S3B,2025-08-09T08:15:00Z,2025-08-09T08:00:47Z,0.7765,30.7365,-28.2978,CV >= 30%
S3B_20250809T100047_vs_HYPERNETS_20250809T103000_RHOW_R.csv,MAFR,Hyp,S3B,Hyp vs S3B,2025-08-09T08:30:00Z,2025-08-09T08:00:47Z,0.7575,22.6466,-22.1256,CV >= 30%
S3B_20250815T104540_vs_HYPERNETS_20250815T103000_RHOW_R.csv,MAFR,Hyp,S3B,Hyp vs S3B,2025-08-15T08:30:00Z,2025-08-15T08:45:40Z,0.6648,54.0885,-54.0885,CV >= 30%
S3B_20250815T104540_vs_HYPERNETS_20250815T104500_RHOW_R.csv,MAFR,Hyp,S3B,Hyp vs S3B,2025-08-15T08:45:00Z,2025-08-15T08:45:40Z,0.6459,61.6338,-61.6338,CV >= 30%
S3B_20250815T104540_vs_HYPERNETS_20250815T110000_RHOW_R.csv,MAFR,Hyp,S3B,Hyp vs S3B,2025-08-15T09:00:00Z,2025-08-15T08:45:40Z,0.5246,120.5382,-120.5382,CV >= 30%
S3B_20250815T104540_vs_HYPERNETS_20250815T111500_RHOW_R.csv,MAFR,Hyp,S3B,Hyp vs S3B,2025-08-15T09:15:00Z,2025-08-15T08:45:40Z,0.5367,121.4658,-121.4658,CV >= 30%
S3B_20250930T105306_vs_HYPERNETS_20250930T103000_RHOW_R.csv,MAFR,Hyp,S3B,Hyp vs S3B,2025-09-30T08:30:00Z,2025-09-30T08:53:06Z,0.7542,46.3803,-43.4515,CV >= 30%
S3B_20250930T105306_vs_HYPERNETS_20250930T104500_RHOW_R.csv,MAFR,Hyp,S3B,Hyp vs S3B,2025-09-30T08:45:00Z,2025-09-30T08:53:06Z,0.7549,47.4688,-43.7809,CV >= 30%
S3B_20250930T105306_vs_HYPERNETS_20250930T110000_RHOW_R.csv,MAFR,Hyp,S3B,Hyp vs S3B,2025-09-30T09:00:00Z,2025-09-30T08:53:06Z,0.7556,50.9596,-46.1774,CV >= 30%
S3B_20250930T105306_vs_HYPERNETS_20250930T111500_RHOW_R.csv,MAFR,Hyp,S3B,Hyp vs S3B,2025-09-30T09:15:00Z,2025-09-30T08:53:06Z,0.6751,99.9477,-91.7967,CV >= 30%
S3B_20251001T102655_vs_HYPERNETS_20251001T100000_RHOW_R.csv,MAFR,Hyp,S3B,Hyp vs S3B,2025-10-01T08:00:00Z,2025-10-01T08:26:55Z,0.5744,484.5348,-484.5348,CV >= 30%
S3B_20251001T102655_vs_HYPERNETS_20251001T101500_RHOW_R.csv,MAFR,Hyp,S3B,Hyp vs S3B,2025-10-01T08:15:00Z,2025-10-01T08:26:55Z,0.5736,479.9628,-479.9628,CV >= 30%
S3B_20251001T102655_vs_HYPERNETS_20251001T103000_RHOW_R.csv,MAFR,Hyp,S3B,Hyp vs S3B,2025-10-01T08:30:00Z,2025-10-01T08:26:55Z,0.6516,375.7749,-375.7749,CV >= 30%
S3B_20251001T102655_vs_HYPERNETS_20251001T104500_RHOW_R.csv,MAFR,Hyp,S3B,Hyp vs S3B,2025-10-01T08:45:00Z,2025-10-01T08:26:55Z,0.6205,408.2515,-408.2515,CV >= 30%
S3B_20251002T100044_vs_HYPERNETS_20251002T094500_RHOW_R.csv,MAFR,Hyp,S3B,Hyp vs S3B,2025-10-02T07:45:00Z,2025-10-02T08:00:44Z,0.6524,81.6721,-72.8276,CV >= 30%
S3B_20251002T100044_vs_HYPERNETS_20251002T100000_RHOW_R.csv,MAFR,Hyp,S3B,Hyp vs S3B,2025-10-02T08:00:00Z,2025-10-02T08:00:44Z,0.6638,78.0869,-69.1092,CV >= 30%
S3B_20251002T100044_vs_HYPERNETS_20251002T101500_RHOW_R.csv,MAFR,Hyp,S3B,Hyp vs S3B,2025-10-02T08:15:00Z,2025-10-02T08:00:44Z,0.661,84.2047,-73.6063,CV >= 30%
S3B_20251002T100044_vs_HYPERNETS_20251002T103000_RHOW_R.csv,MAFR,Hyp,S3B,Hyp vs S3B,2025-10-02T08:30:00Z,2025-10-02T08:00:44Z,0.6669,75.7305,-67.9595,CV >= 30%
S3B_20251006T095658_vs_HYPERNETS_20251006T093000_RHOW_R.csv,MAFR,Hyp,S3B,Hyp vs S3B,2025-10-06T07:30:00Z,2025-10-06T07:56:58Z,0.9421,30.4388,-30.4388,CV >= 30%
S3B_20251006T095658_vs_HYPERNETS_20251006T094500_RHOW_R.csv,MAFR,Hyp,S3B,Hyp vs S3B,2025-10-06T07:45:00Z,2025-10-06T07:56:58Z,0.939,29.7733,-29.7733,CV >= 30%
S3B_20251006T095658_vs_HYPERNETS_20251006T100000_RHOW_R.csv,MAFR,Hyp,S3B,Hyp vs S3B,2025-10-06T08:00:00Z,2025-10-06T07:56:58Z,0.918,16.2005,-14.5268,CV >= 30%
S3B_20251006T095658_vs_HYPERNETS_20251006T101500_RHOW_R.csv,MAFR,Hyp,S3B,Hyp vs S3B,2025-10-06T08:15:00Z,2025-10-06T07:56:58Z,0.9312,17.6018,-8.3907,CV >= 30%
S3B_20251010T095314_vs_HYPERNETS_20251010T093000_RHOW_R.csv,MAFR,Hyp,S3B,Hyp vs S3B,2025-10-10T07:30:00Z,2025-10-10T07:53:14Z,0.8474,33.0101,-0.4258,CV >= 30%
S3B_20251010T095314_vs_HYPERNETS_20251010T094500_RHOW_R.csv,MAFR,Hyp,S3B,Hyp vs S3B,2025-10-10T07:45:00Z,2025-10-10T07:53:14Z,0.8639,25.9042,-0.878,CV >= 30%
S3B_20251010T095314_vs_HYPERNETS_20251010T100000_RHOW_R.csv,MAFR,Hyp,S3B,Hyp vs S3B,2025-10-10T08:00:00Z,2025-10-10T07:53:14Z,0.7812,39.0799,-12.2118,CV >= 30%
S3B_20251010T095314_vs_HYPERNETS_20251010T101500_RHOW_R.csv,MAFR,Hyp,S3B,Hyp vs S3B,2025-10-10T08:15:00Z,2025-10-10T07:53:14Z,0.8452,13.9988,-10.5368,CV >= 30%
S3B_20251013T101542_vs_HYPERNETS_20251013T100000_RHOW_C.csv,MAFR,Hyp,S3B,Hyp vs S3B,2025-10-13T08:00:00Z,2025-10-13T08:15:42Z,0.6882,69.895,-69.5535,CV >= 30%
S3B_20251013T101542_vs_HYPERNETS_20251013T101500_RHOW_C.csv,MAFR,Hyp,S3B,Hyp vs S3B,2025-10-13T08:15:00Z,2025-10-13T08:15:42Z,0.6692,71.2449,-55.8224,CV >= 30%
S3B_20251013T101542_vs_HYPERNETS_20251013T103000_RHOW_C.csv,MAFR,Hyp,S3B,Hyp vs S3B,2025-10-13T08:30:00Z,2025-10-13T08:15:42Z,0.6534,174.287,-166.4061,CV >= 30%
S3B_20251013T101542_vs_HYPERNETS_20251013T104500_RHOW_C.csv,MAFR,Hyp,S3B,Hyp vs S3B,2025-10-13T08:45:00Z,2025-10-13T08:15:42Z,0.6128,190.0614,-181.6834,CV >= 30%
S3B_20251016T103808_vs_HYPERNETS_20251016T101500_RHOW_R.csv,MAFR,Hyp,S3B,Hyp vs S3B,2025-10-16T08:15:00Z,2025-10-16T08:38:08Z,0.6551,100.1399,-96.7474,CV >= 30%
S3B_20251016T103808_vs_HYPERNETS_20251016T103000_RHOW_R.csv,MAFR,Hyp,S3B,Hyp vs S3B,2025-10-16T08:30:00Z,2025-10-16T08:38:08Z,0.6595,87.0966,-86.5601,CV >= 30%
S3B_20251016T103808_vs_HYPERNETS_20251016T104500_RHOW_R.csv,MAFR,Hyp,S3B,Hyp vs S3B,2025-10-16T08:45:00Z,2025-10-16T08:38:08Z,0.693,69.2181,-59.573,CV >= 30%
S3B_20251016T103808_vs_HYPERNETS_20251016T110000_RHOW_R.csv,MAFR,Hyp,S3B,Hyp vs S3B,2025-10-16T09:00:00Z,2025-10-16T08:38:08Z,0.7929,26.6658,-15.9479,CV >= 30%
S3B_20251121T100432_vs_HYPERNETS_20251121T094500_RHOW_C.csv,MAFR,Hyp,S3B,Hyp vs S3B,2025-11-21T08:45:00Z,2025-11-21T09:04:32Z,0.7662,48.0773,-48.0773,CV >= 30%
S3B_20251121T100432_vs_HYPERNETS_20251121T100000_RHOW_C.csv,MAFR,Hyp,S3B,Hyp vs S3B,2025-11-21T09:00:00Z,2025-11-21T09:04:32Z,0.9186,22.1874,-22.1874,CV >= 30%
S3B_20251121T100432_vs_HYPERNETS_20251121T101500_RHOW_C.csv,MAFR,Hyp,S3B,Hyp vs S3B,2025-11-21T09:15:00Z,2025-11-21T09:04:32Z,0.7481,32.3474,-31.1328,CV >= 30%
S3B_20251121T100432_vs_HYPERNETS_20251121T103000_RHOW_C.csv,MAFR,Hyp,S3B,Hyp vs S3B,2025-11-21T09:30:00Z,2025-11-21T09:04:32Z,0.6453,54.1914,-53.4179,CV >= 30%
S3B_20251125T100049_vs_HYPERNETS_20251125T094500_RHOW_R.csv,MAFR,Hyp,S3B,Hyp vs S3B,2025-11-25T08:45:00Z,2025-11-25T09:00:49Z,0.833,95.7467,-47.828,CV >= 30%
S3B_20251125T100049_vs_HYPERNETS_20251125T100000_RHOW_R.csv,MAFR,Hyp,S3B,Hyp vs S3B,2025-11-25T09:00:00Z,2025-11-25T09:00:49Z,0.7572,114.716,-61.2493,CV >= 30%
S3B_20251203T095321_vs_HYPERNETS_20251203T094500_RHOW_R.csv,MAFR,Hyp,S3B,Hyp vs S3B,2025-12-03T08:45:00Z,2025-12-03T08:53:21Z,0.8758,42.0693,-33.9003,CV >= 30%
S3B_20251203T095321_vs_HYPERNETS_20251203T100000_RHOW_R.csv,MAFR,Hyp,S3B,Hyp vs S3B,2025-12-03T09:00:00Z,2025-12-03T08:53:21Z,0.7791,59.2975,-50.6066,CV >= 30%
S3B_20251203T095321_vs_HYPERNETS_20251203T101500_RHOW_R.csv,MAFR,Hyp,S3B,Hyp vs S3B,2025-12-03T09:15:00Z,2025-12-03T08:53:21Z,0.9328,25.4317,-22.6797,CV >= 30%
S3B_20251213T103429_vs_HYPERNETS_20251213T101500_RHOW_C.csv,MAFR,Hyp,S3B,Hyp vs S3B,2025-12-13T09:15:00Z,2025-12-13T09:34:29Z,0.759,51.6598,-51.6598,CV >= 30%
S3B_20251213T103429_vs_HYPERNETS_20251213T103000_RHOW_C.csv,MAFR,Hyp,S3B,Hyp vs S3B,2025-12-13T09:30:00Z,2025-12-13T09:34:29Z,0.7558,51.8348,-51.8348,CV >= 30%
S3B_20251213T103429_vs_HYPERNETS_20251213T104500_RHOW_C.csv,MAFR,Hyp,S3B,Hyp vs S3B,2025-12-13T09:45:00Z,2025-12-13T09:34:29Z,0.6963,62.5694,-62.5694,CV >= 30%
S3B_20251213T103429_vs_HYPERNETS_20251213T110000_RHOW_C.csv,MAFR,Hyp,S3B,Hyp vs S3B,2025-12-13T10:00:00Z,2025-12-13T09:34:29Z,0.7303,46.3609,-46.3609,CV >= 30%
S3B_20251218T100434_vs_HYPERNETS_20251218T094500_RHOW_R.csv,MAFR,Hyp,S3B,Hyp vs S3B,2025-12-18T08:45:00Z,2025-12-18T09:04:34Z,0.9173,18.3014,-18.1984,CV >= 30%
S3B_20251218T100434_vs_HYPERNETS_20251218T100000_RHOW_R.csv,MAFR,Hyp,S3B,Hyp vs S3B,2025-12-18T09:00:00Z,2025-12-18T09:04:34Z,0,27850546114363934e24,-27850546114363934e24,CV >= 30%
S3B_20251218T100434_vs_HYPERNETS_20251218T101500_RHOW_R.csv,MAFR,Hyp,S3B,Hyp vs S3B,2025-12-18T09:15:00Z,2025-12-18T09:04:34Z,0.8833,23.4595,-22.786,CV >= 30%
S3B_20251218T100434_vs_HYPERNETS_20251218T103000_RHOW_R.csv,MAFR,Hyp,S3B,Hyp vs S3B,2025-12-18T09:30:00Z,2025-12-18T09:04:34Z,0.7314,47.7295,-46.6991,CV >= 30%
S3B_20251228T104542_vs_HYPERNETS_20251228T103000_RHOW_R.csv,MAFR,Hyp,S3B,Hyp vs S3B,2025-12-28T09:30:00Z,2025-12-28T09:45:42Z,0.8765,48.6898,-37.8035,CV >= 30%
S3B_20251228T104542_vs_HYPERNETS_20251228T104500_RHOW_R.csv,MAFR,Hyp,S3B,Hyp vs S3B,2025-12-28T09:45:00Z,2025-12-28T09:45:42Z,0.6022,111.6247,-111.6247,CV >= 30%
S3B_20251228T104542_vs_HYPERNETS_20251228T110000_RHOW_R.csv,MAFR,Hyp,S3B,Hyp vs S3B,2025-12-28T10:00:00Z,2025-12-28T09:45:42Z,0.7566,70.5314,-70.5314,CV >= 30%
S3B_20251228T104542_vs_HYPERNETS_20251228T111500_RHOW_R.csv,MAFR,Hyp,S3B,Hyp vs S3B,2025-12-28T10:15:00Z,2025-12-28T09:45:42Z,0.8291,45.1742,-45.1742,CV >= 30%
S3A_20240623T102042_vs_HYPERNETS_20240623T100000_RHOW_pixel.csv,MAFR_pixel,Hyp,S3A,Hyp vs S3A,2024-06-23T08:00:00Z,2024-06-23T08:20:42Z,0.4928,149.8476,149.8476,CV >= 30%
S3A_20240623T102042_vs_HYPERNETS_20240623T103100_RHOW_pixel.csv,MAFR_pixel,Hyp,S3A,Hyp vs S3A,2024-06-23T08:31:00Z,2024-06-23T08:20:42Z,0.597,173.4506,173.4506,CV >= 30%
S3A_20240623T102042_vs_HYPERNETS_20240623T104600_RHOW_pixel.csv,MAFR_pixel,Hyp,S3A,Hyp vs S3A,2024-06-23T08:46:00Z,2024-06-23T08:20:42Z,0.537,184.6767,184.6767,CV >= 30%
S3A_20240712T102808_vs_HYPERNETS_20240712T100000_RHOW_pixel.csv,MAFR_pixel,Hyp,S3A,Hyp vs S3A,2024-07-12T08:00:00Z,2024-07-12T08:28:08Z,0.8965,14.2812,7.312,CV >= 30%
S3A_20240712T102808_vs_HYPERNETS_20240712T101500_RHOW_pixel.csv,MAFR_pixel,Hyp,S3A,Hyp vs S3A,2024-07-12T08:15:00Z,2024-07-12T08:28:08Z,0.8913,15.054,4.0179,CV >= 30%
S3A_20240712T102808_vs_HYPERNETS_20240712T103000_RHOW_pixel.csv,MAFR_pixel,Hyp,S3A,Hyp vs S3A,2024-07-12T08:30:00Z,2024-07-12T08:28:08Z,0.8473,20.0521,-7.4316,CV >= 30%
S3A_20240712T102808_vs_HYPERNETS_20240712T104600_RHOW_pixel.csv,MAFR_pixel,Hyp,S3A,Hyp vs S3A,2024-07-12T08:46:00Z,2024-07-12T08:28:08Z,0.8326,21.7616,-15.3002,CV >= 30%
S3A_20240717T095814_vs_HYPERNETS_20240717T093000_RHOW_pixel.csv,MAFR_pixel,Hyp,S3A,Hyp vs S3A,2024-07-17T07:30:00Z,2024-07-17T07:58:14Z,0.5424,84.4163,-29.2422,CV >= 30%
S3A_20240717T095814_vs_HYPERNETS_20240717T094500_RHOW_pixel.csv,MAFR_pixel,Hyp,S3A,Hyp vs S3A,2024-07-17T07:45:00Z,2024-07-17T07:58:14Z,0.5575,76.4261,-25.8566,CV >= 30%
S3A_20240717T095814_vs_HYPERNETS_20240717T100000_RHOW_pixel.csv,MAFR_pixel,Hyp,S3A,Hyp vs S3A,2024-07-17T08:00:00Z,2024-07-17T07:58:14Z,0.5684,72.875,-22.9162,CV >= 30%
S3A_20240717T095814_vs_HYPERNETS_20240717T101500_RHOW_pixel.csv,MAFR_pixel,Hyp,S3A,Hyp vs S3A,2024-07-17T08:15:00Z,2024-07-17T07:58:14Z,0.6049,56.0553,-15.266,CV >= 30%
S3A_20240731T103536_vs_HYPERNETS_20240731T101600_RHOW_pixel.csv,MAFR_pixel,Hyp,S3A,Hyp vs S3A,2024-07-31T08:16:00Z,2024-07-31T08:35:36Z,0.6519,79.8035,-77.9124,CV >= 30%
S3A_20240731T103536_vs_HYPERNETS_20240731T103000_RHOW_pixel.csv,MAFR_pixel,Hyp,S3A,Hyp vs S3A,2024-07-31T08:30:00Z,2024-07-31T08:35:36Z,0.6873,69.3453,-61.5471,CV >= 30%
S3A_20240731T103536_vs_HYPERNETS_20240731T104500_RHOW_pixel.csv,MAFR_pixel,Hyp,S3A,Hyp vs S3A,2024-07-31T08:45:00Z,2024-07-31T08:35:36Z,0.703,66.1274,-55.9,CV >= 30%
S3A_20240807T105417_vs_HYPERNETS_20240807T103000_RHOW_pixel.csv,MAFR_pixel,Hyp,S3A,Hyp vs S3A,2024-08-07T08:30:00Z,2024-08-07T08:54:17Z,0.8931,41.9214,-33.1137,CV >= 30%
S3A_20240807T105417_vs_HYPERNETS_20240807T104600_RHOW_pixel.csv,MAFR_pixel,Hyp,S3A,Hyp vs S3A,2024-08-07T08:46:00Z,2024-08-07T08:54:17Z,0.8855,47.1085,-36.112,CV >= 30%
S3A_20240807T105417_vs_HYPERNETS_20240807T110100_RHOW_pixel.csv,MAFR_pixel,Hyp,S3A,Hyp vs S3A,2024-08-07T09:01:00Z,2024-08-07T08:54:17Z,0.8779,37.0636,-37.0636,CV >= 30%
S3A_20240807T105417_vs_HYPERNETS_20240807T111600_RHOW_pixel.csv,MAFR_pixel,Hyp,S3A,Hyp vs S3A,2024-08-07T09:16:00Z,2024-08-07T08:54:17Z,0.9248,6.8249,-6.3798,CV >= 30%
S3A_20240816T102036_vs_HYPERNETS_20240816T100000_RHOW_pixel.csv,MAFR_pixel,Hyp,S3A,Hyp vs S3A,2024-08-16T08:00:00Z,2024-08-16T08:20:36Z,0.7484,60.0866,-55.8839,CV >= 30%
S3A_20240816T102036_vs_HYPERNETS_20240816T101500_RHOW_pixel.csv,MAFR_pixel,Hyp,S3A,Hyp vs S3A,2024-08-16T08:15:00Z,2024-08-16T08:20:36Z,0.7002,80.1699,-72.3417,CV >= 30%
S3A_20240816T102036_vs_HYPERNETS_20240816T103000_RHOW_pixel.csv,MAFR_pixel,Hyp,S3A,Hyp vs S3A,2024-08-16T08:30:00Z,2024-08-16T08:20:36Z,0.7186,73.9696,-68.7515,CV >= 30%
S3A_20240816T102036_vs_HYPERNETS_20240816T104500_RHOW_pixel.csv,MAFR_pixel,Hyp,S3A,Hyp vs S3A,2024-08-16T08:45:00Z,2024-08-16T08:20:36Z,0.7497,61.1766,-56.092,CV >= 30%
S3A_20240831T103147_vs_HYPERNETS_20240831T101500_RHOW_pixel.csv,MAFR_pixel,Hyp,S3A,Hyp vs S3A,2024-08-31T08:15:00Z,2024-08-31T08:31:47Z,0.3297,181.4916,-173.2248,CV >= 30%
S3A_20240901T100536_vs_HYPERNETS_20240901T094500_RHOW_pixel.csv,MAFR_pixel,Hyp,S3A,Hyp vs S3A,2024-09-01T07:45:00Z,2024-09-01T08:05:36Z,0.8884,74.9015,74.9015,CV >= 30%
S3A_20240912T102034_vs_HYPERNETS_20240912T100000_RHOW_pixel.csv,MAFR_pixel,Hyp,S3A,Hyp vs S3A,2024-09-12T08:00:00Z,2024-09-12T08:20:34Z,0.4704,95.1342,-46.0838,CV >= 30%
S3A_20240912T102034_vs_HYPERNETS_20240912T101500_RHOW_pixel.csv,MAFR_pixel,Hyp,S3A,Hyp vs S3A,2024-09-12T08:15:00Z,2024-09-12T08:20:34Z,0.4835,90.3568,-53.4711,CV >= 30%
S3A_20240912T102034_vs_HYPERNETS_20240912T103000_RHOW_pixel.csv,MAFR_pixel,Hyp,S3A,Hyp vs S3A,2024-09-12T08:30:00Z,2024-09-12T08:20:34Z,0.4829,89.397,-30.2445,CV >= 30%
S3A_20240913T095423_vs_HYPERNETS_20240913T093000_RHOW_pixel.csv,MAFR_pixel,Hyp,S3A,Hyp vs S3A,2024-09-13T07:30:00Z,2024-09-13T07:54:23Z,0.5924,163.0174,163.0174,CV >= 30%
S3A_20240913T095423_vs_HYPERNETS_20240913T094500_RHOW_pixel.csv,MAFR_pixel,Hyp,S3A,Hyp vs S3A,2024-09-13T07:45:00Z,2024-09-13T07:54:23Z,0.6014,166.5822,166.5822,CV >= 30%
S3A_20240913T095423_vs_HYPERNETS_20240913T100000_RHOW_pixel.csv,MAFR_pixel,Hyp,S3A,Hyp vs S3A,2024-09-13T08:00:00Z,2024-09-13T07:54:23Z,0.6222,196.5619,196.5619,CV >= 30%
S3A_20240913T095423_vs_HYPERNETS_20240913T101500_RHOW_pixel.csv,MAFR_pixel,Hyp,S3A,Hyp vs S3A,2024-09-13T08:15:00Z,2024-09-13T07:54:23Z,0.6479,233.0703,233.0703,CV >= 30%
S3A_20240915T104301_vs_HYPERNETS_20240915T101500_RHOW_pixel.csv,MAFR_pixel,Hyp,S3A,Hyp vs S3A,2024-09-15T08:15:00Z,2024-09-15T08:43:01Z,0.5439,173.8026,-173.8026,CV >= 30%
S3A_20240915T104301_vs_HYPERNETS_20240915T103000_RHOW_pixel.csv,MAFR_pixel,Hyp,S3A,Hyp vs S3A,2024-09-15T08:30:00Z,2024-09-15T08:43:01Z,0.6392,103.9519,-103.9519,CV >= 30%
S3A_20240915T104301_vs_HYPERNETS_20240915T104500_RHOW_pixel.csv,MAFR_pixel,Hyp,S3A,Hyp vs S3A,2024-09-15T08:45:00Z,2024-09-15T08:43:01Z,0.6941,69.611,-67.9219,CV >= 30%
S3A_20240915T104301_vs_HYPERNETS_20240915T110000_RHOW_pixel.csv,MAFR_pixel,Hyp,S3A,Hyp vs S3A,2024-09-15T09:00:00Z,2024-09-15T08:43:01Z,0.778,21.8349,-20.7877,CV >= 30%
S3A_20241010T095427_vs_HYPERNETS_20241010T101500_RHOW_pixel.csv,MAFR_pixel,Hyp,S3A,Hyp vs S3A,2024-10-10T08:15:00Z,2024-10-10T07:54:27Z,0.5437,87.0293,-81.4759,CV >= 30%
S3A_20241128T102419_vs_HYPERNETS_20241128T100000_RHOW_pixel.csv,MAFR_pixel,Hyp,S3A,Hyp vs S3A,2024-11-28T09:00:00Z,2024-11-28T09:24:19Z,0.7746,41.5067,-40.1116,CV >= 30%
S3A_20241128T102419_vs_HYPERNETS_20241128T101500_RHOW_pixel.csv,MAFR_pixel,Hyp,S3A,Hyp vs S3A,2024-11-28T09:15:00Z,2024-11-28T09:24:19Z,0.7365,51.119,-51.119,CV >= 30%
S3A_20241128T102419_vs_HYPERNETS_20241128T103000_RHOW_pixel.csv,MAFR_pixel,Hyp,S3A,Hyp vs S3A,2024-11-28T09:30:00Z,2024-11-28T09:24:19Z,0.6398,84.6515,-84.6515,CV >= 30%
S3A_20241128T102419_vs_HYPERNETS_20241128T104500_RHOW_pixel.csv,MAFR_pixel,Hyp,S3A,Hyp vs S3A,2024-11-28T09:45:00Z,2024-11-28T09:24:19Z,0.7618,53.2732,-53.2732,CV >= 30%
S3A_20250609T102044_vs_HYPERNETS_20250609T100000_RHOW_pixel.csv,MAFR_pixel,Hyp,S3A,Hyp vs S3A,2025-06-09T08:00:00Z,2025-06-09T08:20:44Z,0.5006,84.9139,-84.9139,CV >= 30%
S3A_20250609T102044_vs_HYPERNETS_20250609T101500_RHOW_pixel.csv,MAFR_pixel,Hyp,S3A,Hyp vs S3A,2025-06-09T08:15:00Z,2025-06-09T08:20:44Z,0.4178,116.6244,-116.6244,CV >= 30%
S3A_20250609T102044_vs_HYPERNETS_20250609T103000_RHOW_pixel.csv,MAFR_pixel,Hyp,S3A,Hyp vs S3A,2025-06-09T08:30:00Z,2025-06-09T08:20:44Z,0.4154,109.1377,-109.1377,CV >= 30%
S3A_20250609T102044_vs_HYPERNETS_20250609T104500_RHOW_pixel.csv,MAFR_pixel,Hyp,S3A,Hyp vs S3A,2025-06-09T08:45:00Z,2025-06-09T08:20:44Z,0.4083,119.9248,-119.9248,CV >= 30%
S3A_20250616T103927_vs_HYPERNETS_20250616T101500_RHOW_pixel.csv,MAFR_pixel,Hyp,S3A,Hyp vs S3A,2025-06-16T08:15:00Z,2025-06-16T08:39:27Z,0.7649,22.2745,-20.8739,CV >= 30%
S3A_20250616T103927_vs_HYPERNETS_20250616T103000_RHOW_pixel.csv,MAFR_pixel,Hyp,S3A,Hyp vs S3A,2025-06-16T08:30:00Z,2025-06-16T08:39:27Z,0.6265,65.9182,-53.1079,CV >= 30%
S3A_20250616T103927_vs_HYPERNETS_20250616T104500_RHOW_pixel.csv,MAFR_pixel,Hyp,S3A,Hyp vs S3A,2025-06-16T08:45:00Z,2025-06-16T08:39:27Z,0.602,71.5363,-61.7048,CV >= 30%
S3A_20250616T103927_vs_HYPERNETS_20250616T110100_RHOW_pixel.csv,MAFR_pixel,Hyp,S3A,Hyp vs S3A,2025-06-16T09:01:00Z,2025-06-16T08:39:27Z,0.6753,34.6319,-33.2609,CV >= 30%
S3A_20250620T103543_vs_HYPERNETS_20250620T101500_RHOW_pixel.csv,MAFR_pixel,Hyp,S3A,Hyp vs S3A,2025-06-20T08:15:00Z,2025-06-20T08:35:43Z,0.7341,99.126,-49.5863,CV >= 30%
S3A_20250620T103543_vs_HYPERNETS_20250620T110000_RHOW_pixel.csv,MAFR_pixel,Hyp,S3A,Hyp vs S3A,2025-06-20T09:00:00Z,2025-06-20T08:35:43Z,0.5763,105.8801,-100.8573,CV >= 30%
S3A_20250705T104656_vs_HYPERNETS_20250705T103000_RHOW_pixel.csv,MAFR_pixel,Hyp,S3A,Hyp vs S3A,2025-07-05T08:30:00Z,2025-07-05T08:46:56Z,0.8177,26.3917,-24.1934,CV >= 30%
S3A_20250705T104656_vs_HYPERNETS_20250705T104500_RHOW_pixel.csv,MAFR_pixel,Hyp,S3A,Hyp vs S3A,2025-07-05T08:45:00Z,2025-07-05T08:46:56Z,0.9475,30.4688,-30.4688,CV >= 30%
S3A_20250705T104656_vs_HYPERNETS_20250705T110000_RHOW_pixel.csv,MAFR_pixel,Hyp,S3A,Hyp vs S3A,2025-07-05T09:00:00Z,2025-07-05T08:46:56Z,0.7422,81.8745,-23.8393,CV >= 30%
S3A_20250705T104656_vs_HYPERNETS_20250705T111500_RHOW_pixel.csv,MAFR_pixel,Hyp,S3A,Hyp vs S3A,2025-07-05T09:15:00Z,2025-07-05T08:46:56Z,0.66,122.0188,-40.0376,CV >= 30%
S3A_20250724T105426_vs_HYPERNETS_20250724T103000_RHOW_pixel.csv,MAFR_pixel,Hyp,S3A,Hyp vs S3A,2025-07-24T08:30:00Z,2025-07-24T08:54:26Z,0.7519,16.9005,-2.4473,CV >= 30%
S3A_20250724T105426_vs_HYPERNETS_20250724T104500_RHOW_pixel.csv,MAFR_pixel,Hyp,S3A,Hyp vs S3A,2025-07-24T08:45:00Z,2025-07-24T08:54:26Z,0.7592,20.1269,3.3197,CV >= 30%
S3A_20250724T105426_vs_HYPERNETS_20250724T110000_RHOW_pixel.csv,MAFR_pixel,Hyp,S3A,Hyp vs S3A,2025-07-24T09:00:00Z,2025-07-24T08:54:26Z,0.7315,22.6247,-0.978,CV >= 30%
S3A_20250724T105426_vs_HYPERNETS_20250724T111500_RHOW_pixel.csv,MAFR_pixel,Hyp,S3A,Hyp vs S3A,2025-07-24T09:15:00Z,2025-07-24T08:54:26Z,0.7659,18.9036,3.7689,CV >= 30%
S3A_20250726T100204_vs_HYPERNETS_20250726T094500_RHOW_pixel.csv,MAFR_pixel,Hyp,S3A,Hyp vs S3A,2025-07-26T07:45:00Z,2025-07-26T08:02:04Z,0.8326,9.3152,5.2312,CV >= 30%
S3A_20250726T100204_vs_HYPERNETS_20250726T100000_RHOW_pixel.csv,MAFR_pixel,Hyp,S3A,Hyp vs S3A,2025-07-26T08:00:00Z,2025-07-26T08:02:04Z,0.823,7.5897,2.0868,CV >= 30%
S3A_20250726T100204_vs_HYPERNETS_20250726T101500_RHOW_pixel.csv,MAFR_pixel,Hyp,S3A,Hyp vs S3A,2025-07-26T08:15:00Z,2025-07-26T08:02:04Z,0.8105,5.674,0.784,CV >= 30%
S3A_20250726T100204_vs_HYPERNETS_20250726T103000_RHOW_pixel.csv,MAFR_pixel,Hyp,S3A,Hyp vs S3A,2025-07-26T08:30:00Z,2025-07-26T08:02:04Z,0.8488,5.2769,1.62,CV >= 30%
S3A_20250728T105041_vs_HYPERNETS_20250728T104500_RHOW_pixel.csv,MAFR_pixel,Hyp,S3A,Hyp vs S3A,2025-07-28T08:45:00Z,2025-07-28T08:50:41Z,0.8038,12.7756,-8.7974,CV >= 30%
S3A_20250728T105041_vs_HYPERNETS_20250728T110000_RHOW_pixel.csv,MAFR_pixel,Hyp,S3A,Hyp vs S3A,2025-07-28T09:00:00Z,2025-07-28T08:50:41Z,0.8358,9.4098,-5.936,CV >= 30%
S3A_20250728T105041_vs_HYPERNETS_20250728T111500_RHOW_pixel.csv,MAFR_pixel,Hyp,S3A,Hyp vs S3A,2025-07-28T09:15:00Z,2025-07-28T08:50:41Z,0.8772,15.3587,-14.6504,CV >= 30%
S3A_20250730T095819_vs_HYPERNETS_20250730T094500_RHOW_pixel.csv,MAFR_pixel,Hyp,S3A,Hyp vs S3A,2025-07-30T07:45:00Z,2025-07-30T07:58:19Z,0.7433,96.8531,96.8531,CV >= 30%
S3A_20250730T095819_vs_HYPERNETS_20250730T101500_RHOW_pixel.csv,MAFR_pixel,Hyp,S3A,Hyp vs S3A,2025-07-30T08:15:00Z,2025-07-30T07:58:19Z,0.6059,32.8547,32.8547,CV >= 30%
S3A_20250806T101700_vs_HYPERNETS_20250806T100000_RHOW_pixel.csv,MAFR_pixel,Hyp,S3A,Hyp vs S3A,2025-08-06T08:00:00Z,2025-08-06T08:17:00Z,0.5221,119.5584,1.4947,CV >= 30%
S3A_20250806T101700_vs_HYPERNETS_20250806T101500_RHOW_pixel.csv,MAFR_pixel,Hyp,S3A,Hyp vs S3A,2025-08-06T08:15:00Z,2025-08-06T08:17:00Z,0.3444,234.7427,-234.7427,CV >= 30%
S3A_20250806T101700_vs_HYPERNETS_20250806T103000_RHOW_pixel.csv,MAFR_pixel,Hyp,S3A,Hyp vs S3A,2025-08-06T08:30:00Z,2025-08-06T08:17:00Z,0.3953,146.5822,-121.994,CV >= 30%
S3A_20250806T101700_vs_HYPERNETS_20250806T104500_RHOW_pixel.csv,MAFR_pixel,Hyp,S3A,Hyp vs S3A,2025-08-06T08:45:00Z,2025-08-06T08:17:00Z,0.4003,130.4385,-130.4385,CV >= 30%
S3A_20250820T105423_vs_HYPERNETS_20250820T103000_RHOW_pixel.csv,MAFR_pixel,Hyp,S3A,Hyp vs S3A,2025-08-20T08:30:00Z,2025-08-20T08:54:23Z,0.7092,46.8941,-41.0233,CV >= 30%
S3A_20250820T105423_vs_HYPERNETS_20250820T104500_RHOW_pixel.csv,MAFR_pixel,Hyp,S3A,Hyp vs S3A,2025-08-20T08:45:00Z,2025-08-20T08:54:23Z,0.7388,52.4426,-46.6776,CV >= 30%
S3A_20250820T105423_vs_HYPERNETS_20250820T110000_RHOW_pixel.csv,MAFR_pixel,Hyp,S3A,Hyp vs S3A,2025-08-20T09:00:00Z,2025-08-20T08:54:23Z,0.7913,23.3825,-19.6234,CV >= 30%
S3A_20250828T104653_vs_HYPERNETS_20250828T104500_RHOW_pixel.csv,MAFR_pixel,Hyp,S3A,Hyp vs S3A,2025-08-28T08:45:00Z,2025-08-28T08:46:53Z,0.7693,13.7518,-12.8736,CV >= 30%
S3A_20250906T101311_vs_HYPERNETS_20250906T094500_RHOW_pixel.csv,MAFR_pixel,Hyp,S3A,Hyp vs S3A,2025-09-06T07:45:00Z,2025-09-06T08:13:11Z,0.7229,42.0867,-40.7304,CV >= 30%
S3A_20250906T101311_vs_HYPERNETS_20250906T100000_RHOW_pixel.csv,MAFR_pixel,Hyp,S3A,Hyp vs S3A,2025-09-06T08:00:00Z,2025-09-06T08:13:11Z,0.637,59.3206,-58.2457,CV >= 30%
S3A_20250906T101311_vs_HYPERNETS_20250906T101500_RHOW_pixel.csv,MAFR_pixel,Hyp,S3A,Hyp vs S3A,2025-09-06T08:15:00Z,2025-09-06T08:13:11Z,0.7846,28.109,-17.2233,CV >= 30%
S3A_20250906T101311_vs_HYPERNETS_20250906T103000_RHOW_pixel.csv,MAFR_pixel,Hyp,S3A,Hyp vs S3A,2025-09-06T08:30:00Z,2025-09-06T08:13:11Z,0.9174,24.293,1.9725,CV >= 30%
S3A_20250909T103538_vs_HYPERNETS_20250909T101500_RHOW_pixel.csv,MAFR_pixel,Hyp,S3A,Hyp vs S3A,2025-09-09T08:15:00Z,2025-09-09T08:35:38Z,0.7893,6.9083,4.956,CV >= 30%
S3A_20250909T103538_vs_HYPERNETS_20250909T104500_RHOW_pixel.csv,MAFR_pixel,Hyp,S3A,Hyp vs S3A,2025-09-09T08:45:00Z,2025-09-09T08:35:38Z,0.8058,7.2016,3.509,CV >= 30%
S3A_20250918T100200_vs_HYPERNETS_20250918T094500_RHOW_pixel.csv,MAFR_pixel,Hyp,S3A,Hyp vs S3A,2025-09-18T07:45:00Z,2025-09-18T08:02:00Z,0.7127,29.271,-22.6272,CV >= 30%
S3A_20250918T100200_vs_HYPERNETS_20250918T100000_RHOW_pixel.csv,MAFR_pixel,Hyp,S3A,Hyp vs S3A,2025-09-18T08:00:00Z,2025-09-18T08:02:00Z,0.5496,101.2541,-93.3503,CV >= 30%
S3A_20250918T100200_vs_HYPERNETS_20250918T101500_RHOW_pixel.csv,MAFR_pixel,Hyp,S3A,Hyp vs S3A,2025-09-18T08:15:00Z,2025-09-18T08:02:00Z,0.586,93.0786,-85.2145,CV >= 30%
S3A_20250918T100200_vs_HYPERNETS_20250918T103000_RHOW_pixel.csv,MAFR_pixel,Hyp,S3A,Hyp vs S3A,2025-09-18T08:30:00Z,2025-09-18T08:02:00Z,0.6217,80.7091,-74.603,CV >= 30%
S3A_20250930T095049_vs_HYPERNETS_20250930T093000_RHOW_pixel.csv,MAFR_pixel,Hyp,S3A,Hyp vs S3A,2025-09-30T07:30:00Z,2025-09-30T07:50:49Z,0.5548,54.8866,-31.2992,CV >= 30%
S3A_20250930T095049_vs_HYPERNETS_20250930T094500_RHOW_pixel.csv,MAFR_pixel,Hyp,S3A,Hyp vs S3A,2025-09-30T07:45:00Z,2025-09-30T07:50:49Z,0.5687,61.2032,-5.8257,CV >= 30%
S3A_20250930T095049_vs_HYPERNETS_20250930T100000_RHOW_pixel.csv,MAFR_pixel,Hyp,S3A,Hyp vs S3A,2025-09-30T08:00:00Z,2025-09-30T07:50:49Z,0.5639,52.7124,-17.6687,CV >= 30%
S3A_20250930T095049_vs_HYPERNETS_20250930T101500_RHOW_pixel.csv,MAFR_pixel,Hyp,S3A,Hyp vs S3A,2025-09-30T08:15:00Z,2025-09-30T07:50:49Z,0.5652,49.8525,-21.4876,CV >= 30%
S3A_20251017T105040_vs_HYPERNETS_20251017T103000_RHOW_pixel.csv,MAFR_pixel,Hyp,S3A,Hyp vs S3A,2025-10-17T08:30:00Z,2025-10-17T08:50:40Z,0.697,81.5125,-81.5125,CV >= 30%
S3A_20251017T105040_vs_HYPERNETS_20251017T104500_RHOW_pixel.csv,MAFR_pixel,Hyp,S3A,Hyp vs S3A,2025-10-17T08:45:00Z,2025-10-17T08:50:40Z,0.7525,39.0188,-38.0922,CV >= 30%
S3A_20251017T105040_vs_HYPERNETS_20251017T110000_RHOW_pixel.csv,MAFR_pixel,Hyp,S3A,Hyp vs S3A,2025-10-17T09:00:00Z,2025-10-17T08:50:40Z,0.8036,17.685,-16.5684,CV >= 30%
S3A_20251017T105040_vs_HYPERNETS_20251017T111500_RHOW_pixel.csv,MAFR_pixel,Hyp,S3A,Hyp vs S3A,2025-10-17T09:15:00Z,2025-10-17T08:50:40Z,0.8899,24.0427,9.3674,CV >= 30%
S3A_20251026T101701_vs_HYPERNETS_20251026T103000_RHOW_pixel.csv,MAFR_pixel,Hyp,S3A,Hyp vs S3A,2025-10-26T09:30:00Z,2025-10-26T09:17:01Z,0.3044,168.5483,-168.5483,CV >= 30%
S3A_20251026T101701_vs_HYPERNETS_20251026T104500_RHOW_pixel.csv,MAFR_pixel,Hyp,S3A,Hyp vs S3A,2025-10-26T09:45:00Z,2025-10-26T09:17:01Z,0.3331,152.7941,-152.7941,CV >= 30%
S3A_20251030T101317_vs_HYPERNETS_20251030T103000_RHOW_pixel.csv,MAFR_pixel,Hyp,S3A,Hyp vs S3A,2025-10-30T09:30:00Z,2025-10-30T09:13:17Z,0.6221,376.7163,376.7163,CV >= 30%
S3A_20251103T100933_vs_HYPERNETS_20251103T094500_RHOW_pixel.csv,MAFR_pixel,Hyp,S3A,Hyp vs S3A,2025-11-03T08:45:00Z,2025-11-03T09:09:33Z,0.6446,63.3304,-63.3162,CV >= 30%
S3A_20251103T100933_vs_HYPERNETS_20251103T100000_RHOW_pixel.csv,MAFR_pixel,Hyp,S3A,Hyp vs S3A,2025-11-03T09:00:00Z,2025-11-03T09:09:33Z,0.6477,62.1948,-61.9911,CV >= 30%
S3A_20251103T100933_vs_HYPERNETS_20251103T101500_RHOW_pixel.csv,MAFR_pixel,Hyp,S3A,Hyp vs S3A,2025-11-03T09:15:00Z,2025-11-03T09:09:33Z,0.6445,80.3568,-78.2177,CV >= 30%
S3A_20251103T100933_vs_HYPERNETS_20251103T103000_RHOW_pixel.csv,MAFR_pixel,Hyp,S3A,Hyp vs S3A,2025-11-03T09:30:00Z,2025-11-03T09:09:33Z,0.6491,83.3555,-80.7278,CV >= 30%
S3A_20251230T103156_vs_HYPERNETS_20251230T110000_RHOW_pixel.csv,MAFR_pixel,Hyp,S3A,Hyp vs S3A,2025-12-30T10:00:00Z,2025-12-30T09:31:56Z,0.7044,28.9203,-26.7705,CV >= 30%
S3B_20240611T095304_vs_HYPERNETS_20240611T101500_RHOW_pixel.csv,MAFR_pixel,Hyp,S3B,Hyp vs S3B,2024-06-11T08:15:00Z,2024-06-11T07:53:04Z,0.8066,10.4818,4.1497,CV >= 30%
S3B_20240729T104913_vs_HYPERNETS_20240729T103000_RHOW_pixel.csv,MAFR_pixel,Hyp,S3B,Hyp vs S3B,2024-07-29T08:30:00Z,2024-07-29T08:49:13Z,0.4775,257.2904,-144.1633,CV >= 30%
S3B_20240729T104913_vs_HYPERNETS_20240729T104500_RHOW_pixel.csv,MAFR_pixel,Hyp,S3B,Hyp vs S3B,2024-07-29T08:45:00Z,2024-07-29T08:49:13Z,0.4845,249.9838,-125.1333,CV >= 30%
S3B_20240729T104913_vs_HYPERNETS_20240729T110000_RHOW_pixel.csv,MAFR_pixel,Hyp,S3B,Hyp vs S3B,2024-07-29T09:00:00Z,2024-07-29T08:49:13Z,0.4925,248.6427,-148.535,CV >= 30%
S3B_20240729T104913_vs_HYPERNETS_20240729T111600_RHOW_pixel.csv,MAFR_pixel,Hyp,S3B,Hyp vs S3B,2024-07-29T09:16:00Z,2024-07-29T08:49:13Z,0.4901,231.5401,-113.9786,CV >= 30%
S3B_20240815T100803_vs_HYPERNETS_20240815T094500_RHOW_pixel.csv,MAFR_pixel,Hyp,S3B,Hyp vs S3B,2024-08-15T07:45:00Z,2024-08-15T08:08:03Z,0.6373,57.4508,-25.9811,CV >= 30%
S3B_20240815T100803_vs_HYPERNETS_20240815T100000_RHOW_pixel.csv,MAFR_pixel,Hyp,S3B,Hyp vs S3B,2024-08-15T08:00:00Z,2024-08-15T08:08:03Z,0.629,61.2284,-25.741,CV >= 30%
S3B_20240815T100803_vs_HYPERNETS_20240815T101500_RHOW_pixel.csv,MAFR_pixel,Hyp,S3B,Hyp vs S3B,2024-08-15T08:15:00Z,2024-08-15T08:08:03Z,0.6498,54.8373,-29.0822,CV >= 30%
S3B_20240815T100803_vs_HYPERNETS_20240815T103000_RHOW_pixel.csv,MAFR_pixel,Hyp,S3B,Hyp vs S3B,2024-08-15T08:30:00Z,2024-08-15T08:08:03Z,0.6913,59.3477,-16.4198,CV >= 30%
S3B_20240819T100418_vs_HYPERNETS_20240819T094500_RHOW_pixel.csv,MAFR_pixel,Hyp,S3B,Hyp vs S3B,2024-08-19T07:45:00Z,2024-08-19T08:04:18Z,0.7401,59.0498,-59.0498,CV >= 30%
S3B_20240819T100418_vs_HYPERNETS_20240819T100000_RHOW_pixel.csv,MAFR_pixel,Hyp,S3B,Hyp vs S3B,2024-08-19T08:00:00Z,2024-08-19T08:04:18Z,0.6364,56.4317,-54.3151,CV >= 30%
S3B_20240819T100418_vs_HYPERNETS_20240819T101500_RHOW_pixel.csv,MAFR_pixel,Hyp,S3B,Hyp vs S3B,2024-08-19T08:15:00Z,2024-08-19T08:04:18Z,0.6307,33.8441,-25.7839,CV >= 30%
S3B_20240819T100418_vs_HYPERNETS_20240819T103000_RHOW_pixel.csv,MAFR_pixel,Hyp,S3B,Hyp vs S3B,2024-08-19T08:30:00Z,2024-08-19T08:04:18Z,0.6439,33.6231,-18.0048,CV >= 30%
S3B_20240826T102302_vs_HYPERNETS_20240826T100000_RHOW_pixel.csv,MAFR_pixel,Hyp,S3B,Hyp vs S3B,2024-08-26T08:00:00Z,2024-08-26T08:23:02Z,0.7843,47.941,-1.9473,CV >= 30%
S3B_20240826T102302_vs_HYPERNETS_20240826T101500_RHOW_pixel.csv,MAFR_pixel,Hyp,S3B,Hyp vs S3B,2024-08-26T08:15:00Z,2024-08-26T08:23:02Z,0.7784,45.1904,-7.1553,CV >= 30%
S3B_20240826T102302_vs_HYPERNETS_20240826T103000_RHOW_pixel.csv,MAFR_pixel,Hyp,S3B,Hyp vs S3B,2024-08-26T08:30:00Z,2024-08-26T08:23:02Z,0.7941,41.4889,-2.8807,CV >= 30%
S3B_20240826T102302_vs_HYPERNETS_20240826T104500_RHOW_pixel.csv,MAFR_pixel,Hyp,S3B,Hyp vs S3B,2024-08-26T08:45:00Z,2024-08-26T08:23:02Z,0.716,40.6355,-36.6379,CV >= 30%
S3B_20240827T095651_vs_HYPERNETS_20240827T093000_RHOW_pixel.csv,MAFR_pixel,Hyp,S3B,Hyp vs S3B,2024-08-27T07:30:00Z,2024-08-27T07:56:51Z,0.5905,42.4398,-40.8309,CV >= 30%
S3B_20240827T095651_vs_HYPERNETS_20240827T094500_RHOW_pixel.csv,MAFR_pixel,Hyp,S3B,Hyp vs S3B,2024-08-27T07:45:00Z,2024-08-27T07:56:51Z,0.6263,37.5298,-22.7479,CV >= 30%
S3B_20240827T095651_vs_HYPERNETS_20240827T100000_RHOW_pixel.csv,MAFR_pixel,Hyp,S3B,Hyp vs S3B,2024-08-27T08:00:00Z,2024-08-27T07:56:51Z,0.6734,40.1873,-9.6387,CV >= 30%
S3B_20240827T095651_vs_HYPERNETS_20240827T101600_RHOW_pixel.csv,MAFR_pixel,Hyp,S3B,Hyp vs S3B,2024-08-27T08:16:00Z,2024-08-27T07:56:51Z,0.6549,43.575,-10.9113,CV >= 30%
S3B_20240914T103028_vs_HYPERNETS_20240914T100000_RHOW_pixel.csv,MAFR_pixel,Hyp,S3B,Hyp vs S3B,2024-09-14T08:00:00Z,2024-09-14T08:30:28Z,0.6072,222.3707,-222.3707,CV >= 30%
S3B_20240914T103028_vs_HYPERNETS_20240914T101500_RHOW_pixel.csv,MAFR_pixel,Hyp,S3B,Hyp vs S3B,2024-09-14T08:15:00Z,2024-09-14T08:30:28Z,0.6237,182.1912,-182.1912,CV >= 30%
S3B_20240914T103028_vs_HYPERNETS_20240914T103000_RHOW_pixel.csv,MAFR_pixel,Hyp,S3B,Hyp vs S3B,2024-09-14T08:30:00Z,2024-09-14T08:30:28Z,0.6393,145.1242,-145.1242,CV >= 30%
S3B_20240914T103028_vs_HYPERNETS_20240914T104500_RHOW_pixel.csv,MAFR_pixel,Hyp,S3B,Hyp vs S3B,2024-09-14T08:45:00Z,2024-09-14T08:30:28Z,0.6529,136.7322,-136.7322,CV >= 30%
S3B_20240914T103028_vs_HYPERNETS_20240914T110000_RHOW_pixel.csv,MAFR_pixel,Hyp,S3B,Hyp vs S3B,2024-09-14T09:00:00Z,2024-09-14T08:30:28Z,0.726,114.3608,-114.3608,CV >= 30%
S3B_20241110T105255_vs_HYPERNETS_20241110T110000_RHOW_pixel.csv,MAFR_pixel,Hyp,S3B,Hyp vs S3B,2024-11-10T10:00:00Z,2024-11-10T09:52:55Z,0.976,477.7774,477.7774,CV >= 30%
S3B_20241111T102643_vs_HYPERNETS_20241111T104500_RHOW_pixel.csv,MAFR_pixel,Hyp,S3B,Hyp vs S3B,2024-11-11T09:45:00Z,2024-11-11T09:26:43Z,0.249,1310.5333,1310.5333,CV >= 30%
S3B_20241112T100032_vs_HYPERNETS_20241112T094500_RHOW_pixel.csv,MAFR_pixel,Hyp,S3B,Hyp vs S3B,2024-11-12T08:45:00Z,2024-11-12T09:00:32Z,0.5591,97.1953,-92.9283,CV >= 30%
S3B_20241112T100032_vs_HYPERNETS_20241112T100000_RHOW_pixel.csv,MAFR_pixel,Hyp,S3B,Hyp vs S3B,2024-11-12T09:00:00Z,2024-11-12T09:00:32Z,0.6232,60.8071,-59.3829,CV >= 30%
S3B_20241112T100032_vs_HYPERNETS_20241112T101500_RHOW_pixel.csv,MAFR_pixel,Hyp,S3B,Hyp vs S3B,2024-11-12T09:15:00Z,2024-11-12T09:00:32Z,0.6164,53.6965,-51.9985,CV >= 30%
S3B_20241211T104911_vs_HYPERNETS_20241211T104500_RHOW_pixel.csv,MAFR_pixel,Hyp,S3B,Hyp vs S3B,2024-12-11T09:45:00Z,2024-12-11T09:49:11Z,0.7284,59.6962,59.6962,CV >= 30%
S3B_20241211T104911_vs_HYPERNETS_20241211T110000_RHOW_pixel.csv,MAFR_pixel,Hyp,S3B,Hyp vs S3B,2024-12-11T10:00:00Z,2024-12-11T09:49:11Z,0.7735,70.6255,70.6255,CV >= 30%
S3B_20250616T100043_vs_HYPERNETS_20250616T094500_RHOW_pixel.csv,MAFR_pixel,Hyp,S3B,Hyp vs S3B,2025-06-16T07:45:00Z,2025-06-16T08:00:43Z,-1.4123000000000001,43.011,-30.9024,CV >= 30%
S3B_20250616T100043_vs_HYPERNETS_20250616T100000_RHOW_pixel.csv,MAFR_pixel,Hyp,S3B,Hyp vs S3B,2025-06-16T08:00:00Z,2025-06-16T08:00:43Z,-1.1764,70.385,-57.2693,CV >= 30%
S3B_20250616T100043_vs_HYPERNETS_20250616T101500_RHOW_pixel.csv,MAFR_pixel,Hyp,S3B,Hyp vs S3B,2025-06-16T08:15:00Z,2025-06-16T08:00:43Z,-1.431,36.8228,-26.755,CV >= 30%
S3B_20250616T100043_vs_HYPERNETS_20250616T103000_RHOW_pixel.csv,MAFR_pixel,Hyp,S3B,Hyp vs S3B,2025-06-16T08:30:00Z,2025-06-16T08:00:43Z,-0.7803,149.9802,-130.7902,CV >= 30%
S3B_20250618T104920_vs_HYPERNETS_20250618T103000_RHOW_pixel.csv,MAFR_pixel,Hyp,S3B,Hyp vs S3B,2025-06-18T08:30:00Z,2025-06-18T08:49:20Z,0.7347,38.2095,1.3911,CV >= 30%
S3B_20250618T104920_vs_HYPERNETS_20250618T104500_RHOW_pixel.csv,MAFR_pixel,Hyp,S3B,Hyp vs S3B,2025-06-18T08:45:00Z,2025-06-18T08:49:20Z,0.6164,71.051,-14.2083,CV >= 30%
S3B_20250618T104920_vs_HYPERNETS_20250618T110000_RHOW_pixel.csv,MAFR_pixel,Hyp,S3B,Hyp vs S3B,2025-06-18T09:00:00Z,2025-06-18T08:49:20Z,0.5724,62.8096,-32.6342,CV >= 30%
S3B_20250618T104920_vs_HYPERNETS_20250618T111500_RHOW_pixel.csv,MAFR_pixel,Hyp,S3B,Hyp vs S3B,2025-06-18T09:15:00Z,2025-06-18T08:49:20Z,0.3567,125.3762,-125.3762,CV >= 30%
S3B_20250619T102310_vs_HYPERNETS_20250619T100000_RHOW_pixel.csv,MAFR_pixel,Hyp,S3B,Hyp vs S3B,2025-06-19T08:00:00Z,2025-06-19T08:23:10Z,0.6905,95.9863,-54.9301,CV >= 30%
S3B_20250619T102310_vs_HYPERNETS_20250619T101500_RHOW_pixel.csv,MAFR_pixel,Hyp,S3B,Hyp vs S3B,2025-06-19T08:15:00Z,2025-06-19T08:23:10Z,0.6865,93.9862,-59.7819,CV >= 30%
S3B_20250619T102310_vs_HYPERNETS_20250619T104500_RHOW_pixel.csv,MAFR_pixel,Hyp,S3B,Hyp vs S3B,2025-06-19T08:45:00Z,2025-06-19T08:23:10Z,0.5632,103.9446,-98.008,CV >= 30%
S3B_20250620T095659_vs_HYPERNETS_20250620T093000_RHOW_pixel.csv,MAFR_pixel,Hyp,S3B,Hyp vs S3B,2025-06-20T07:30:00Z,2025-06-20T07:56:59Z,0.3487,569.3276,569.3276,CV >= 30%
S3B_20250620T095659_vs_HYPERNETS_20250620T101500_RHOW_pixel.csv,MAFR_pixel,Hyp,S3B,Hyp vs S3B,2025-06-20T08:15:00Z,2025-06-20T07:56:59Z,0.4514,493.5995,493.5995,CV >= 30%
S3B_20250623T101926_vs_HYPERNETS_20250623T103000_RHOW_pixel.csv,MAFR_pixel,Hyp,S3B,Hyp vs S3B,2025-06-23T08:30:00Z,2025-06-23T08:19:26Z,0.6404,24.395,24.395,CV >= 30%
S3B_20250623T101926_vs_HYPERNETS_20250623T104500_RHOW_pixel.csv,MAFR_pixel,Hyp,S3B,Hyp vs S3B,2025-06-23T08:45:00Z,2025-06-23T08:19:26Z,0.6618,34.9237,34.9237,CV >= 30%
S3B_20250705T100815_vs_HYPERNETS_20250705T094500_RHOW_pixel.csv,MAFR_pixel,Hyp,S3B,Hyp vs S3B,2025-07-05T07:45:00Z,2025-07-05T08:08:15Z,NA,317.2551,317.2551,CV >= 30%
S3B_20250705T100815_vs_HYPERNETS_20250705T100000_RHOW_pixel.csv,MAFR_pixel,Hyp,S3B,Hyp vs S3B,2025-07-05T08:00:00Z,2025-07-05T08:08:15Z,NA,600.0793,600.0793,CV >= 30%
S3B_20250705T100815_vs_HYPERNETS_20250705T101500_RHOW_pixel.csv,MAFR_pixel,Hyp,S3B,Hyp vs S3B,2025-07-05T08:15:00Z,2025-07-05T08:08:15Z,NA,551.1379,551.1379,CV >= 30%
S3B_20250705T100815_vs_HYPERNETS_20250705T103000_RHOW_pixel.csv,MAFR_pixel,Hyp,S3B,Hyp vs S3B,2025-07-05T08:30:00Z,2025-07-05T08:08:15Z,NA,378.6897,378.6897,CV >= 30%
S3B_20250715T104924_vs_HYPERNETS_20250715T111500_RHOW_pixel.csv,MAFR_pixel,Hyp,S3B,Hyp vs S3B,2025-07-15T09:15:00Z,2025-07-15T08:49:24Z,0.2968,167.604,-158.1417,CV >= 30%
S3B_20250717T095702_vs_HYPERNETS_20250717T093000_RHOW_pixel.csv,MAFR_pixel,Hyp,S3B,Hyp vs S3B,2025-07-17T07:30:00Z,2025-07-17T07:57:02Z,0.8105,154.4124,154.4124,CV >= 30%
S3B_20250717T095702_vs_HYPERNETS_20250717T094500_RHOW_pixel.csv,MAFR_pixel,Hyp,S3B,Hyp vs S3B,2025-07-17T07:45:00Z,2025-07-17T07:57:02Z,0.7927,93.9135,93.9135,CV >= 30%
S3B_20250717T095702_vs_HYPERNETS_20250717T100000_RHOW_pixel.csv,MAFR_pixel,Hyp,S3B,Hyp vs S3B,2025-07-17T08:00:00Z,2025-07-17T07:57:02Z,0.8305,119.6694,119.6694,CV >= 30%
S3B_20250717T095702_vs_HYPERNETS_20250717T101500_RHOW_pixel.csv,MAFR_pixel,Hyp,S3B,Hyp vs S3B,2025-07-17T08:15:00Z,2025-07-17T07:57:02Z,0.7826,75.942,75.942,CV >= 30%
S3B_20250719T104539_vs_HYPERNETS_20250719T104500_RHOW_pixel.csv,MAFR_pixel,Hyp,S3B,Hyp vs S3B,2025-07-19T08:45:00Z,2025-07-19T08:45:39Z,0.842,55.7297,-30.8715,CV >= 30%
S3B_20250719T104539_vs_HYPERNETS_20250719T110000_RHOW_pixel.csv,MAFR_pixel,Hyp,S3B,Hyp vs S3B,2025-07-19T09:00:00Z,2025-07-19T08:45:39Z,0.8348,57.2793,-29.7481,CV >= 30%
S3B_20250731T103426_vs_HYPERNETS_20250731T110000_RHOW_pixel.csv,MAFR_pixel,Hyp,S3B,Hyp vs S3B,2025-07-31T09:00:00Z,2025-07-31T08:34:26Z,0.6392,28.5361,27.0432,CV >= 30%
S3B_20250801T100815_vs_HYPERNETS_20250801T094500_RHOW_pixel.csv,MAFR_pixel,Hyp,S3B,Hyp vs S3B,2025-08-01T07:45:00Z,2025-08-01T08:08:15Z,0.929,33.2566,18.5355,CV >= 30%
S3B_20250801T100815_vs_HYPERNETS_20250801T100000_RHOW_pixel.csv,MAFR_pixel,Hyp,S3B,Hyp vs S3B,2025-08-01T08:00:00Z,2025-08-01T08:08:15Z,0.877,36.7784,11.3699,CV >= 30%
S3B_20250801T100815_vs_HYPERNETS_20250801T101500_RHOW_pixel.csv,MAFR_pixel,Hyp,S3B,Hyp vs S3B,2025-08-01T08:15:00Z,2025-08-01T08:08:15Z,0.999,29.4655,23.3561,CV >= 30%
S3B_20250804T103042_vs_HYPERNETS_20250804T103000_RHOW_pixel.csv,MAFR_pixel,Hyp,S3B,Hyp vs S3B,2025-08-04T08:30:00Z,2025-08-04T08:30:42Z,0.8548,12.5606,-3.5636,CV >= 30%
S3B_20250804T103042_vs_HYPERNETS_20250804T104500_RHOW_pixel.csv,MAFR_pixel,Hyp,S3B,Hyp vs S3B,2025-08-04T08:45:00Z,2025-08-04T08:30:42Z,0.867,12.8259,-2.3515,CV >= 30%
S3B_20250804T103042_vs_HYPERNETS_20250804T110000_RHOW_pixel.csv,MAFR_pixel,Hyp,S3B,Hyp vs S3B,2025-08-04T09:00:00Z,2025-08-04T08:30:42Z,0.8935,13.16,3.1606,CV >= 30%
S3B_20250809T100047_vs_HYPERNETS_20250809T094500_RHOW_pixel.csv,MAFR_pixel,Hyp,S3B,Hyp vs S3B,2025-08-09T07:45:00Z,2025-08-09T08:00:47Z,0.6959,6.698,2.9533,CV >= 30%
S3B_20250809T100047_vs_HYPERNETS_20250809T100000_RHOW_pixel.csv,MAFR_pixel,Hyp,S3B,Hyp vs S3B,2025-08-09T08:00:00Z,2025-08-09T08:00:47Z,0.6913,5.3566,2.4272,CV >= 30%
S3B_20250809T100047_vs_HYPERNETS_20250809T101500_RHOW_pixel.csv,MAFR_pixel,Hyp,S3B,Hyp vs S3B,2025-08-09T08:15:00Z,2025-08-09T08:00:47Z,0.695,13.7906,-0.403,CV >= 30%
S3B_20250809T100047_vs_HYPERNETS_20250809T103000_RHOW_pixel.csv,MAFR_pixel,Hyp,S3B,Hyp vs S3B,2025-08-09T08:30:00Z,2025-08-09T08:00:47Z,0.6839,32.1956,7.1594,CV >= 30%
S3B_20250920T101159_vs_HYPERNETS_20250920T100000_RHOW_pixel.csv,MAFR_pixel,Hyp,S3B,Hyp vs S3B,2025-09-20T08:00:00Z,2025-09-20T08:11:59Z,0.5152,66.5165,-64.2313,CV >= 30%
S3B_20250920T101159_vs_HYPERNETS_20250920T101500_RHOW_pixel.csv,MAFR_pixel,Hyp,S3B,Hyp vs S3B,2025-09-20T08:15:00Z,2025-09-20T08:11:59Z,0.5235,61.3817,-58.9578,CV >= 30%
S3B_20251001T102655_vs_HYPERNETS_20251001T100000_RHOW_pixel.csv,MAFR_pixel,Hyp,S3B,Hyp vs S3B,2025-10-01T08:00:00Z,2025-10-01T08:26:55Z,0.6294,146.6901,-146.6901,CV >= 30%
S3B_20251001T102655_vs_HYPERNETS_20251001T101500_RHOW_pixel.csv,MAFR_pixel,Hyp,S3B,Hyp vs S3B,2025-10-01T08:15:00Z,2025-10-01T08:26:55Z,0.6297,136.3168,-136.3168,CV >= 30%
S3B_20251001T102655_vs_HYPERNETS_20251001T103000_RHOW_pixel.csv,MAFR_pixel,Hyp,S3B,Hyp vs S3B,2025-10-01T08:30:00Z,2025-10-01T08:26:55Z,0.7178,92.7573,-88.4095,CV >= 30%
S3B_20251001T102655_vs_HYPERNETS_20251001T104500_RHOW_pixel.csv,MAFR_pixel,Hyp,S3B,Hyp vs S3B,2025-10-01T08:45:00Z,2025-10-01T08:26:55Z,0.683,109.3276,-103.5073,CV >= 30%
S3B_20251002T100044_vs_HYPERNETS_20251002T094500_RHOW_pixel.csv,MAFR_pixel,Hyp,S3B,Hyp vs S3B,2025-10-02T07:45:00Z,2025-10-02T08:00:44Z,0.4174,534.8729,534.8729,CV >= 30%
S3B_20251002T100044_vs_HYPERNETS_20251002T100000_RHOW_pixel.csv,MAFR_pixel,Hyp,S3B,Hyp vs S3B,2025-10-02T08:00:00Z,2025-10-02T08:00:44Z,0.427,542.7666,542.7666,CV >= 30%
S3B_20251002T100044_vs_HYPERNETS_20251002T101500_RHOW_pixel.csv,MAFR_pixel,Hyp,S3B,Hyp vs S3B,2025-10-02T08:15:00Z,2025-10-02T08:00:44Z,0.4249,500.75,500.75,CV >= 30%
S3B_20251002T100044_vs_HYPERNETS_20251002T103000_RHOW_pixel.csv,MAFR_pixel,Hyp,S3B,Hyp vs S3B,2025-10-02T08:30:00Z,2025-10-02T08:00:44Z,0.4288,507.9619,507.9619,CV >= 30%
S3B_20251010T095314_vs_HYPERNETS_20251010T093000_RHOW_pixel.csv,MAFR_pixel,Hyp,S3B,Hyp vs S3B,2025-10-10T07:30:00Z,2025-10-10T07:53:14Z,0.4254,29.2005,4.4693,CV >= 30%
S3B_20251010T095314_vs_HYPERNETS_20251010T094500_RHOW_pixel.csv,MAFR_pixel,Hyp,S3B,Hyp vs S3B,2025-10-10T07:45:00Z,2025-10-10T07:53:14Z,0.4384,22.7659,2.4841,CV >= 30%
S3B_20251010T095314_vs_HYPERNETS_20251010T100000_RHOW_pixel.csv,MAFR_pixel,Hyp,S3B,Hyp vs S3B,2025-10-10T08:00:00Z,2025-10-10T07:53:14Z,0.3974,35.2268,-9.1758,CV >= 30%
S3B_20251010T095314_vs_HYPERNETS_20251010T101500_RHOW_pixel.csv,MAFR_pixel,Hyp,S3B,Hyp vs S3B,2025-10-10T08:15:00Z,2025-10-10T07:53:14Z,0.4418,20.9148,-17.3733,CV >= 30%
S3B_20251013T101542_vs_HYPERNETS_20251013T100000_RHOW_pixel.csv,MAFR_pixel,Hyp,S3B,Hyp vs S3B,2025-10-13T08:00:00Z,2025-10-13T08:15:42Z,0.7842,12.442,-11.6208,CV >= 30%
S3B_20251013T101542_vs_HYPERNETS_20251013T101500_RHOW_pixel.csv,MAFR_pixel,Hyp,S3B,Hyp vs S3B,2025-10-13T08:15:00Z,2025-10-13T08:15:42Z,0.7655,15.7336,-2.5086,CV >= 30%
S3B_20251013T101542_vs_HYPERNETS_20251013T103000_RHOW_pixel.csv,MAFR_pixel,Hyp,S3B,Hyp vs S3B,2025-10-13T08:30:00Z,2025-10-13T08:15:42Z,0.7326,80.0457,-78.9082,CV >= 30%
S3B_20251013T101542_vs_HYPERNETS_20251013T104500_RHOW_pixel.csv,MAFR_pixel,Hyp,S3B,Hyp vs S3B,2025-10-13T08:45:00Z,2025-10-13T08:15:42Z,0.6851,88.83,-83.165,CV >= 30%
S3B_20251125T100049_vs_HYPERNETS_20251125T094500_RHOW_pixel.csv,MAFR_pixel,Hyp,S3B,Hyp vs S3B,2025-11-25T08:45:00Z,2025-11-25T09:00:49Z,0.6941,44.6341,-43.4462,CV >= 30%
S3B_20251125T100049_vs_HYPERNETS_20251125T100000_RHOW_pixel.csv,MAFR_pixel,Hyp,S3B,Hyp vs S3B,2025-11-25T09:00:00Z,2025-11-25T09:00:49Z,0.6305,56.5237,-56.2505,CV >= 30%
S3B_20251228T104542_vs_HYPERNETS_20251228T103000_RHOW_pixel.csv,MAFR_pixel,Hyp,S3B,Hyp vs S3B,2025-12-28T09:30:00Z,2025-12-28T09:45:42Z,0.9359,6.3487,-6.0893,CV >= 30%
S3B_20251228T104542_vs_HYPERNETS_20251228T104500_RHOW_pixel.csv,MAFR_pixel,Hyp,S3B,Hyp vs S3B,2025-12-28T09:45:00Z,2025-12-28T09:45:42Z,0.6448,66.1722,-66.1722,CV >= 30%
S3B_20251228T104542_vs_HYPERNETS_20251228T110000_RHOW_pixel.csv,MAFR_pixel,Hyp,S3B,Hyp vs S3B,2025-12-28T10:00:00Z,2025-12-28T09:45:42Z,0.8107,36.482,-32.0475,CV >= 30%
S3B_20251228T104542_vs_HYPERNETS_20251228T111500_RHOW_pixel.csv,MAFR_pixel,Hyp,S3B,Hyp vs S3B,2025-12-28T10:15:00Z,2025-12-28T09:45:42Z,0.8862,12.8842,-12.3271,CV >= 30%
S3A_20240623T102042_vs_HYPERNETS_20240623T100000_RHOW_raw.csv,MAFR_raw,Hyp,S3A,Hyp vs S3A,2024-06-23T08:00:00Z,2024-06-23T08:20:42Z,0.4928,149.8476,149.8476,CV >= 30%
S3A_20240623T102042_vs_HYPERNETS_20240623T103100_RHOW_raw.csv,MAFR_raw,Hyp,S3A,Hyp vs S3A,2024-06-23T08:31:00Z,2024-06-23T08:20:42Z,0.597,173.4506,173.4506,CV >= 30%
S3A_20240623T102042_vs_HYPERNETS_20240623T104600_RHOW_raw.csv,MAFR_raw,Hyp,S3A,Hyp vs S3A,2024-06-23T08:46:00Z,2024-06-23T08:20:42Z,0.537,184.6767,184.6767,CV >= 30%
S3A_20240712T102808_vs_HYPERNETS_20240712T100000_RHOW_raw.csv,MAFR_raw,Hyp,S3A,Hyp vs S3A,2024-07-12T08:00:00Z,2024-07-12T08:28:08Z,0.9429,27.8481,4.7526,CV >= 30%
S3A_20240712T102808_vs_HYPERNETS_20240712T101500_RHOW_raw.csv,MAFR_raw,Hyp,S3A,Hyp vs S3A,2024-07-12T08:15:00Z,2024-07-12T08:28:08Z,0.9369,24.3683,0.753,CV >= 30%
S3A_20240712T102808_vs_HYPERNETS_20240712T103000_RHOW_raw.csv,MAFR_raw,Hyp,S3A,Hyp vs S3A,2024-07-12T08:30:00Z,2024-07-12T08:28:08Z,0.8907,20.0598,-10.0059,CV >= 30%
S3A_20240712T102808_vs_HYPERNETS_20240712T104600_RHOW_raw.csv,MAFR_raw,Hyp,S3A,Hyp vs S3A,2024-07-12T08:46:00Z,2024-07-12T08:28:08Z,0.8738,23.4574,-20.183,CV >= 30%
S3A_20240717T095814_vs_HYPERNETS_20240717T093000_RHOW_raw.csv,MAFR_raw,Hyp,S3A,Hyp vs S3A,2024-07-17T07:30:00Z,2024-07-17T07:58:14Z,0.5424,84.4163,-29.2422,CV >= 30%
S3A_20240717T095814_vs_HYPERNETS_20240717T094500_RHOW_raw.csv,MAFR_raw,Hyp,S3A,Hyp vs S3A,2024-07-17T07:45:00Z,2024-07-17T07:58:14Z,0.5575,76.4261,-25.8566,CV >= 30%
S3A_20240717T095814_vs_HYPERNETS_20240717T100000_RHOW_raw.csv,MAFR_raw,Hyp,S3A,Hyp vs S3A,2024-07-17T08:00:00Z,2024-07-17T07:58:14Z,0.5684,72.875,-22.9162,CV >= 30%
S3A_20240717T095814_vs_HYPERNETS_20240717T101500_RHOW_raw.csv,MAFR_raw,Hyp,S3A,Hyp vs S3A,2024-07-17T08:15:00Z,2024-07-17T07:58:14Z,0.6049,56.0553,-15.266,CV >= 30%
S3A_20240719T104651_vs_HYPERNETS_20240719T103100_RHOW_raw.csv,MAFR_raw,Hyp,S3A,Hyp vs S3A,2024-07-19T08:31:00Z,2024-07-19T08:46:51Z,0.6764,69.8406,-62.5745,CV >= 30%
S3A_20240719T104651_vs_HYPERNETS_20240719T104600_RHOW_raw.csv,MAFR_raw,Hyp,S3A,Hyp vs S3A,2024-07-19T08:46:00Z,2024-07-19T08:46:51Z,0.6646,72.3479,-72.3479,CV >= 30%
S3A_20240719T104651_vs_HYPERNETS_20240719T110100_RHOW_raw.csv,MAFR_raw,Hyp,S3A,Hyp vs S3A,2024-07-19T09:01:00Z,2024-07-19T08:46:51Z,0.7037,70.1971,-70.1971,CV >= 30%
S3A_20240719T104651_vs_HYPERNETS_20240719T111500_RHOW_raw.csv,MAFR_raw,Hyp,S3A,Hyp vs S3A,2024-07-19T09:15:00Z,2024-07-19T08:46:51Z,0.798,37.3688,-30.6505,CV >= 30%
S3A_20240731T103536_vs_HYPERNETS_20240731T101600_RHOW_raw.csv,MAFR_raw,Hyp,S3A,Hyp vs S3A,2024-07-31T08:16:00Z,2024-07-31T08:35:36Z,0.6613,79.8035,-77.9124,CV >= 30%
S3A_20240731T103536_vs_HYPERNETS_20240731T103000_RHOW_raw.csv,MAFR_raw,Hyp,S3A,Hyp vs S3A,2024-07-31T08:30:00Z,2024-07-31T08:35:36Z,0.6972,69.3453,-61.5471,CV >= 30%
S3A_20240731T103536_vs_HYPERNETS_20240731T104500_RHOW_raw.csv,MAFR_raw,Hyp,S3A,Hyp vs S3A,2024-07-31T08:45:00Z,2024-07-31T08:35:36Z,0.7131,66.1274,-55.9,CV >= 30%
S3A_20240805T100540_vs_HYPERNETS_20240805T094600_RHOW_raw.csv,MAFR_raw,Hyp,S3A,Hyp vs S3A,2024-08-05T07:46:00Z,2024-08-05T08:05:40Z,0.9298,29.6007,8.9343,CV >= 30%
S3A_20240805T100540_vs_HYPERNETS_20240805T100100_RHOW_raw.csv,MAFR_raw,Hyp,S3A,Hyp vs S3A,2024-08-05T08:01:00Z,2024-08-05T08:05:40Z,0.8636,34.5705,-2.6508,CV >= 30%
S3A_20240805T100540_vs_HYPERNETS_20240805T101500_RHOW_raw.csv,MAFR_raw,Hyp,S3A,Hyp vs S3A,2024-08-05T08:15:00Z,2024-08-05T08:05:40Z,0.9437,24.5356,8.3139,CV >= 30%
S3A_20240805T100540_vs_HYPERNETS_20240805T103000_RHOW_raw.csv,MAFR_raw,Hyp,S3A,Hyp vs S3A,2024-08-05T08:30:00Z,2024-08-05T08:05:40Z,0.9496,7.396,5.3952,CV >= 30%
S3A_20240807T105417_vs_HYPERNETS_20240807T103000_RHOW_raw.csv,MAFR_raw,Hyp,S3A,Hyp vs S3A,2024-08-07T08:30:00Z,2024-08-07T08:54:17Z,0.9114,41.9214,-33.1137,CV >= 30%
S3A_20240807T105417_vs_HYPERNETS_20240807T104600_RHOW_raw.csv,MAFR_raw,Hyp,S3A,Hyp vs S3A,2024-08-07T08:46:00Z,2024-08-07T08:54:17Z,0.9037,47.1085,-36.112,CV >= 30%
S3A_20240807T105417_vs_HYPERNETS_20240807T110100_RHOW_raw.csv,MAFR_raw,Hyp,S3A,Hyp vs S3A,2024-08-07T09:01:00Z,2024-08-07T08:54:17Z,0.896,37.0636,-37.0636,CV >= 30%
S3A_20240807T105417_vs_HYPERNETS_20240807T111600_RHOW_raw.csv,MAFR_raw,Hyp,S3A,Hyp vs S3A,2024-08-07T09:16:00Z,2024-08-07T08:54:17Z,0.9438,6.8249,-6.3798,CV >= 30%
S3A_20240816T102036_vs_HYPERNETS_20240816T100000_RHOW_raw.csv,MAFR_raw,Hyp,S3A,Hyp vs S3A,2024-08-16T08:00:00Z,2024-08-16T08:20:36Z,0.7449,66.3817,-65.2817,CV >= 30%
S3A_20240816T102036_vs_HYPERNETS_20240816T101500_RHOW_raw.csv,MAFR_raw,Hyp,S3A,Hyp vs S3A,2024-08-16T08:15:00Z,2024-08-16T08:20:36Z,0.6922,91.9496,-89.881,CV >= 30%
S3A_20240816T102036_vs_HYPERNETS_20240816T103000_RHOW_raw.csv,MAFR_raw,Hyp,S3A,Hyp vs S3A,2024-08-16T08:30:00Z,2024-08-16T08:20:36Z,0.7117,86.2008,-81.6039,CV >= 30%
S3A_20240816T102036_vs_HYPERNETS_20240816T104500_RHOW_raw.csv,MAFR_raw,Hyp,S3A,Hyp vs S3A,2024-08-16T08:45:00Z,2024-08-16T08:20:36Z,0.7453,65.7938,-64.2063,CV >= 30%
S3A_20240831T103147_vs_HYPERNETS_20240831T101500_RHOW_raw.csv,MAFR_raw,Hyp,S3A,Hyp vs S3A,2024-08-31T08:15:00Z,2024-08-31T08:31:47Z,0.3345,187.4794,-177.3274,CV >= 30%
S3A_20240901T100536_vs_HYPERNETS_20240901T094500_RHOW_raw.csv,MAFR_raw,Hyp,S3A,Hyp vs S3A,2024-09-01T07:45:00Z,2024-09-01T08:05:36Z,0.8884,74.9015,74.9015,CV >= 30%
S3A_20240912T102034_vs_HYPERNETS_20240912T100000_RHOW_raw.csv,MAFR_raw,Hyp,S3A,Hyp vs S3A,2024-09-12T08:00:00Z,2024-09-12T08:20:34Z,0.5109,163.1756,-134.1376,CV >= 30%
S3A_20240912T102034_vs_HYPERNETS_20240912T101500_RHOW_raw.csv,MAFR_raw,Hyp,S3A,Hyp vs S3A,2024-09-12T08:15:00Z,2024-09-12T08:20:34Z,0.5242,155.3539,-130.2393,CV >= 30%
S3A_20240912T102034_vs_HYPERNETS_20240912T103000_RHOW_raw.csv,MAFR_raw,Hyp,S3A,Hyp vs S3A,2024-09-12T08:30:00Z,2024-09-12T08:20:34Z,0.5226,149.5821,-128.6024,CV >= 30%
S3A_20240913T095423_vs_HYPERNETS_20240913T093000_RHOW_raw.csv,MAFR_raw,Hyp,S3A,Hyp vs S3A,2024-09-13T07:30:00Z,2024-09-13T07:54:23Z,0.3566,352.147,-113.743,CV >= 30%
S3A_20240913T095423_vs_HYPERNETS_20240913T094500_RHOW_raw.csv,MAFR_raw,Hyp,S3A,Hyp vs S3A,2024-09-13T07:45:00Z,2024-09-13T07:54:23Z,0.3614,347.52,-110.5458,CV >= 30%
S3A_20240913T095423_vs_HYPERNETS_20240913T100000_RHOW_raw.csv,MAFR_raw,Hyp,S3A,Hyp vs S3A,2024-09-13T08:00:00Z,2024-09-13T07:54:23Z,0.3726,335.4339,-103.1945,CV >= 30%
S3A_20240913T095423_vs_HYPERNETS_20240913T101500_RHOW_raw.csv,MAFR_raw,Hyp,S3A,Hyp vs S3A,2024-09-13T08:15:00Z,2024-09-13T07:54:23Z,0.3846,324.2958,-94.7817,CV >= 30%
S3A_20240915T104301_vs_HYPERNETS_20240915T101500_RHOW_raw.csv,MAFR_raw,Hyp,S3A,Hyp vs S3A,2024-09-15T08:15:00Z,2024-09-15T08:43:01Z,0.5482,164.521,-164.521,CV >= 30%
S3A_20240915T104301_vs_HYPERNETS_20240915T103000_RHOW_raw.csv,MAFR_raw,Hyp,S3A,Hyp vs S3A,2024-09-15T08:30:00Z,2024-09-15T08:43:01Z,0.6417,101.7487,-101.7487,CV >= 30%
S3A_20240915T104301_vs_HYPERNETS_20240915T104500_RHOW_raw.csv,MAFR_raw,Hyp,S3A,Hyp vs S3A,2024-09-15T08:45:00Z,2024-09-15T08:43:01Z,0.6983,70.9865,-70.2101,CV >= 30%
S3A_20240915T104301_vs_HYPERNETS_20240915T110000_RHOW_raw.csv,MAFR_raw,Hyp,S3A,Hyp vs S3A,2024-09-15T09:00:00Z,2024-09-15T08:43:01Z,0.7745,22.5929,-21.0817,CV >= 30%
S3A_20241010T095427_vs_HYPERNETS_20241010T101500_RHOW_raw.csv,MAFR_raw,Hyp,S3A,Hyp vs S3A,2024-10-10T08:15:00Z,2024-10-10T07:54:27Z,0.5762,91.1321,-83.0146,CV >= 30%
S3A_20241128T102419_vs_HYPERNETS_20241128T100000_RHOW_raw.csv,MAFR_raw,Hyp,S3A,Hyp vs S3A,2024-11-28T09:00:00Z,2024-11-28T09:24:19Z,0.8059,54.8111,-54.8111,CV >= 30%
S3A_20241128T102419_vs_HYPERNETS_20241128T101500_RHOW_raw.csv,MAFR_raw,Hyp,S3A,Hyp vs S3A,2024-11-28T09:15:00Z,2024-11-28T09:24:19Z,0.7653,65.1239,-65.1239,CV >= 30%
S3A_20241128T102419_vs_HYPERNETS_20241128T103000_RHOW_raw.csv,MAFR_raw,Hyp,S3A,Hyp vs S3A,2024-11-28T09:30:00Z,2024-11-28T09:24:19Z,0.6609,100.9636,-100.9636,CV >= 30%
S3A_20241128T102419_vs_HYPERNETS_20241128T104500_RHOW_raw.csv,MAFR_raw,Hyp,S3A,Hyp vs S3A,2024-11-28T09:45:00Z,2024-11-28T09:24:19Z,0.79,64.4803,-64.4803,CV >= 30%
S3A_20241210T101304_vs_HYPERNETS_20241210T101500_RHOW_raw.csv,MAFR_raw,Hyp,S3A,Hyp vs S3A,2024-12-10T09:15:00Z,2024-12-10T09:13:04Z,0.8912,17.7137,-16.1547,CV >= 30%
S3A_20241221T102802_vs_HYPERNETS_20241221T100000_RHOW_raw.csv,MAFR_raw,Hyp,S3A,Hyp vs S3A,2024-12-21T09:00:00Z,2024-12-21T09:28:02Z,0.9621,16.5949,-15.456,CV >= 30%
S3A_20241221T102802_vs_HYPERNETS_20241221T101500_RHOW_raw.csv,MAFR_raw,Hyp,S3A,Hyp vs S3A,2024-12-21T09:15:00Z,2024-12-21T09:28:02Z,0.7416,45.3205,-44.868,CV >= 30%
S3A_20241221T102802_vs_HYPERNETS_20241221T103000_RHOW_raw.csv,MAFR_raw,Hyp,S3A,Hyp vs S3A,2024-12-21T09:30:00Z,2024-12-21T09:28:02Z,0.7858,32.4408,-32.0626,CV >= 30%
S3A_20250609T102044_vs_HYPERNETS_20250609T100000_RHOW_raw.csv,MAFR_raw,Hyp,S3A,Hyp vs S3A,2025-06-09T08:00:00Z,2025-06-09T08:20:44Z,0.5006,84.9139,-84.9139,CV >= 30%
S3A_20250609T102044_vs_HYPERNETS_20250609T101500_RHOW_raw.csv,MAFR_raw,Hyp,S3A,Hyp vs S3A,2025-06-09T08:15:00Z,2025-06-09T08:20:44Z,0.4178,116.6244,-116.6244,CV >= 30%
S3A_20250609T102044_vs_HYPERNETS_20250609T103000_RHOW_raw.csv,MAFR_raw,Hyp,S3A,Hyp vs S3A,2025-06-09T08:30:00Z,2025-06-09T08:20:44Z,0.4154,109.1377,-109.1377,CV >= 30%
S3A_20250609T102044_vs_HYPERNETS_20250609T104500_RHOW_raw.csv,MAFR_raw,Hyp,S3A,Hyp vs S3A,2025-06-09T08:45:00Z,2025-06-09T08:20:44Z,0.4083,119.9248,-119.9248,CV >= 30%
S3A_20250616T103927_vs_HYPERNETS_20250616T101500_RHOW_raw.csv,MAFR_raw,Hyp,S3A,Hyp vs S3A,2025-06-16T08:15:00Z,2025-06-16T08:39:27Z,0.7417,21.9189,-21.1163,CV >= 30%
S3A_20250616T103927_vs_HYPERNETS_20250616T103000_RHOW_raw.csv,MAFR_raw,Hyp,S3A,Hyp vs S3A,2025-06-16T08:30:00Z,2025-06-16T08:39:27Z,0.6099,73.4507,-72.6172,CV >= 30%
S3A_20250616T103927_vs_HYPERNETS_20250616T104500_RHOW_raw.csv,MAFR_raw,Hyp,S3A,Hyp vs S3A,2025-06-16T08:45:00Z,2025-06-16T08:39:27Z,0.5835,78.2453,-76.8371,CV >= 30%
S3A_20250616T103927_vs_HYPERNETS_20250616T110100_RHOW_raw.csv,MAFR_raw,Hyp,S3A,Hyp vs S3A,2025-06-16T09:01:00Z,2025-06-16T08:39:27Z,0.6516,33.9447,-33.1901,CV >= 30%
S3A_20250620T103543_vs_HYPERNETS_20250620T101500_RHOW_raw.csv,MAFR_raw,Hyp,S3A,Hyp vs S3A,2025-06-20T08:15:00Z,2025-06-20T08:35:43Z,0.7543,122.091,-60.9319,CV >= 30%
S3A_20250620T103543_vs_HYPERNETS_20250620T110000_RHOW_raw.csv,MAFR_raw,Hyp,S3A,Hyp vs S3A,2025-06-20T09:00:00Z,2025-06-20T08:35:43Z,0.5922,140.945,-116.0917,CV >= 30%
S3A_20250705T104656_vs_HYPERNETS_20250705T103000_RHOW_raw.csv,MAFR_raw,Hyp,S3A,Hyp vs S3A,2025-07-05T08:30:00Z,2025-07-05T08:46:56Z,0.7567,111.3999,-68.762200000000007,CV >= 30%
S3A_20250705T104656_vs_HYPERNETS_20250705T104500_RHOW_raw.csv,MAFR_raw,Hyp,S3A,Hyp vs S3A,2025-07-05T08:45:00Z,2025-07-05T08:46:56Z,0.9136,92.6116,-92.6116,CV >= 30%
S3A_20250705T104656_vs_HYPERNETS_20250705T110000_RHOW_raw.csv,MAFR_raw,Hyp,S3A,Hyp vs S3A,2025-07-05T09:00:00Z,2025-07-05T08:46:56Z,0.6294,255.0759,4.5789,CV >= 30%
S3A_20250705T104656_vs_HYPERNETS_20250705T111500_RHOW_raw.csv,MAFR_raw,Hyp,S3A,Hyp vs S3A,2025-07-05T09:15:00Z,2025-07-05T08:46:56Z,0.5602,203.7089,-72.1632,CV >= 30%
S3A_20250709T104311_vs_HYPERNETS_20250709T103000_RHOW_raw.csv,MAFR_raw,Hyp,S3A,Hyp vs S3A,2025-07-09T08:30:00Z,2025-07-09T08:43:11Z,0.7943,33.2615,-32.2248,CV >= 30%
S3A_20250709T104311_vs_HYPERNETS_20250709T104500_RHOW_raw.csv,MAFR_raw,Hyp,S3A,Hyp vs S3A,2025-07-09T08:45:00Z,2025-07-09T08:43:11Z,0.789,36.7285,-35.2312,CV >= 30%
S3A_20250709T104311_vs_HYPERNETS_20250709T110000_RHOW_raw.csv,MAFR_raw,Hyp,S3A,Hyp vs S3A,2025-07-09T09:00:00Z,2025-07-09T08:43:11Z,0.7435,46.4027,-46.3533,CV >= 30%
S3A_20250711T095050_vs_HYPERNETS_20250711T093000_RHOW_raw.csv,MAFR_raw,Hyp,S3A,Hyp vs S3A,2025-07-11T07:30:00Z,2025-07-11T07:50:50Z,0.8888,19.0707,-13.9476,CV >= 30%
S3A_20250711T095050_vs_HYPERNETS_20250711T094500_RHOW_raw.csv,MAFR_raw,Hyp,S3A,Hyp vs S3A,2025-07-11T07:45:00Z,2025-07-11T07:50:50Z,0.9125,17.2851,-14.0497,CV >= 30%
S3A_20250711T095050_vs_HYPERNETS_20250711T101500_RHOW_raw.csv,MAFR_raw,Hyp,S3A,Hyp vs S3A,2025-07-11T08:15:00Z,2025-07-11T07:50:50Z,0.881,32.9479,-10.0202,CV >= 30%
S3A_20250717T103544_vs_HYPERNETS_20250717T101500_RHOW_raw.csv,MAFR_raw,Hyp,S3A,Hyp vs S3A,2025-07-17T08:15:00Z,2025-07-17T08:35:44Z,0.923,12.4713,0.6431,CV >= 30%
S3A_20250717T103544_vs_HYPERNETS_20250717T103000_RHOW_raw.csv,MAFR_raw,Hyp,S3A,Hyp vs S3A,2025-07-17T08:30:00Z,2025-07-17T08:35:44Z,0.8748,22.1207,-10.2099,CV >= 30%
S3A_20250717T103544_vs_HYPERNETS_20250717T104500_RHOW_raw.csv,MAFR_raw,Hyp,S3A,Hyp vs S3A,2025-07-17T08:45:00Z,2025-07-17T08:35:44Z,0.895,14.3428,-9.0378,CV >= 30%
S3A_20250717T103544_vs_HYPERNETS_20250717T110000_RHOW_raw.csv,MAFR_raw,Hyp,S3A,Hyp vs S3A,2025-07-17T09:00:00Z,2025-07-17T08:35:44Z,0.7448,46.9508,-42.8532,CV >= 30%
S3A_20250724T105426_vs_HYPERNETS_20250724T103000_RHOW_raw.csv,MAFR_raw,Hyp,S3A,Hyp vs S3A,2025-07-24T08:30:00Z,2025-07-24T08:54:26Z,0.8024,42.3152,-2.4473,CV >= 30%
S3A_20250724T105426_vs_HYPERNETS_20250724T104500_RHOW_raw.csv,MAFR_raw,Hyp,S3A,Hyp vs S3A,2025-07-24T08:45:00Z,2025-07-24T08:54:26Z,0.8102,49.6489,3.3197,CV >= 30%
S3A_20250724T105426_vs_HYPERNETS_20250724T110000_RHOW_raw.csv,MAFR_raw,Hyp,S3A,Hyp vs S3A,2025-07-24T09:00:00Z,2025-07-24T08:54:26Z,0.7807,52.4867,-0.978,CV >= 30%
S3A_20250724T105426_vs_HYPERNETS_20250724T111500_RHOW_raw.csv,MAFR_raw,Hyp,S3A,Hyp vs S3A,2025-07-24T09:15:00Z,2025-07-24T08:54:26Z,0.8174,46.9723,3.7689,CV >= 30%
S3A_20250726T100204_vs_HYPERNETS_20250726T094500_RHOW_raw.csv,MAFR_raw,Hyp,S3A,Hyp vs S3A,2025-07-26T07:45:00Z,2025-07-26T08:02:04Z,0.8963,15.6293,5.1134,CV >= 30%
S3A_20250726T100204_vs_HYPERNETS_20250726T100000_RHOW_raw.csv,MAFR_raw,Hyp,S3A,Hyp vs S3A,2025-07-26T08:00:00Z,2025-07-26T08:02:04Z,0.8842,12.8305,1.9233,CV >= 30%
S3A_20250726T100204_vs_HYPERNETS_20250726T101500_RHOW_raw.csv,MAFR_raw,Hyp,S3A,Hyp vs S3A,2025-07-26T08:15:00Z,2025-07-26T08:02:04Z,0.8658,6.2612,-0.9792,CV >= 30%
S3A_20250726T100204_vs_HYPERNETS_20250726T103000_RHOW_raw.csv,MAFR_raw,Hyp,S3A,Hyp vs S3A,2025-07-26T08:30:00Z,2025-07-26T08:02:04Z,0.8965,5.1303,0.6955,CV >= 30%
S3A_20250728T105041_vs_HYPERNETS_20250728T104500_RHOW_raw.csv,MAFR_raw,Hyp,S3A,Hyp vs S3A,2025-07-28T08:45:00Z,2025-07-28T08:50:41Z,0.8639,15.2782,-9.0672,CV >= 30%
S3A_20250728T105041_vs_HYPERNETS_20250728T110000_RHOW_raw.csv,MAFR_raw,Hyp,S3A,Hyp vs S3A,2025-07-28T09:00:00Z,2025-07-28T08:50:41Z,0.898,11.3471,-6.0226,CV >= 30%
S3A_20250728T105041_vs_HYPERNETS_20250728T111500_RHOW_raw.csv,MAFR_raw,Hyp,S3A,Hyp vs S3A,2025-07-28T09:15:00Z,2025-07-28T08:50:41Z,0.9415,16.0105,-14.7105,CV >= 30%
S3A_20250730T095819_vs_HYPERNETS_20250730T094500_RHOW_raw.csv,MAFR_raw,Hyp,S3A,Hyp vs S3A,2025-07-30T07:45:00Z,2025-07-30T07:58:19Z,0.7028,44.8889,23.971,CV >= 30%
S3A_20250730T095819_vs_HYPERNETS_20250730T101500_RHOW_raw.csv,MAFR_raw,Hyp,S3A,Hyp vs S3A,2025-07-30T08:15:00Z,2025-07-30T07:58:19Z,0.5729,59.1588,-35.7963,CV >= 30%
S3A_20250802T102045_vs_HYPERNETS_20250802T100000_RHOW_raw.csv,MAFR_raw,Hyp,S3A,Hyp vs S3A,2025-08-02T08:00:00Z,2025-08-02T08:20:45Z,0.8711,65.8578,-28.865,CV >= 30%
S3A_20250802T102045_vs_HYPERNETS_20250802T101500_RHOW_raw.csv,MAFR_raw,Hyp,S3A,Hyp vs S3A,2025-08-02T08:15:00Z,2025-08-02T08:20:45Z,0.8469,57.1459,-28.9812,CV >= 30%
S3A_20250802T102045_vs_HYPERNETS_20250802T103000_RHOW_raw.csv,MAFR_raw,Hyp,S3A,Hyp vs S3A,2025-08-02T08:30:00Z,2025-08-02T08:20:45Z,0.7731,61.5598,-41.8687,CV >= 30%
S3A_20250802T102045_vs_HYPERNETS_20250802T104500_RHOW_raw.csv,MAFR_raw,Hyp,S3A,Hyp vs S3A,2025-08-02T08:45:00Z,2025-08-02T08:20:45Z,0.7862,51.4322,-39.4752,CV >= 30%
S3A_20250806T101700_vs_HYPERNETS_20250806T100000_RHOW_raw.csv,MAFR_raw,Hyp,S3A,Hyp vs S3A,2025-08-06T08:00:00Z,2025-08-06T08:17:00Z,0.5,138.8255,-116.4934,CV >= 30%
S3A_20250806T101700_vs_HYPERNETS_20250806T101500_RHOW_raw.csv,MAFR_raw,Hyp,S3A,Hyp vs S3A,2025-08-06T08:15:00Z,2025-08-06T08:17:00Z,0.3387,306.71,-306.71,CV >= 30%
S3A_20250806T101700_vs_HYPERNETS_20250806T103000_RHOW_raw.csv,MAFR_raw,Hyp,S3A,Hyp vs S3A,2025-08-06T08:30:00Z,2025-08-06T08:17:00Z,0.388,238.0687,-238.0687,CV >= 30%
S3A_20250806T101700_vs_HYPERNETS_20250806T104500_RHOW_raw.csv,MAFR_raw,Hyp,S3A,Hyp vs S3A,2025-08-06T08:45:00Z,2025-08-06T08:17:00Z,0.393,235.6834,-235.6834,CV >= 30%
S3A_20250810T101315_vs_HYPERNETS_20250810T094500_RHOW_raw.csv,MAFR_raw,Hyp,S3A,Hyp vs S3A,2025-08-10T07:45:00Z,2025-08-10T08:13:15Z,0.7233,19.6976,-16.9879,CV >= 30%
S3A_20250810T101315_vs_HYPERNETS_20250810T100000_RHOW_raw.csv,MAFR_raw,Hyp,S3A,Hyp vs S3A,2025-08-10T08:00:00Z,2025-08-10T08:13:15Z,0.7458,17.5328,-12.3164,CV >= 30%
S3A_20250810T101315_vs_HYPERNETS_20250810T101500_RHOW_raw.csv,MAFR_raw,Hyp,S3A,Hyp vs S3A,2025-08-10T08:15:00Z,2025-08-10T08:13:15Z,0.6995,26.2589,-23.003,CV >= 30%
S3A_20250810T101315_vs_HYPERNETS_20250810T103000_RHOW_raw.csv,MAFR_raw,Hyp,S3A,Hyp vs S3A,2025-08-10T08:30:00Z,2025-08-10T08:13:15Z,0.715,23.0267,-19.3908,CV >= 30%
S3A_20250820T105423_vs_HYPERNETS_20250820T103000_RHOW_raw.csv,MAFR_raw,Hyp,S3A,Hyp vs S3A,2025-08-20T08:30:00Z,2025-08-20T08:54:23Z,0.721,81.4835,-69.5102,CV >= 30%
S3A_20250820T105423_vs_HYPERNETS_20250820T104500_RHOW_raw.csv,MAFR_raw,Hyp,S3A,Hyp vs S3A,2025-08-20T08:45:00Z,2025-08-20T08:54:23Z,0.7524,88.5065,-71.4437,CV >= 30%
S3A_20250820T105423_vs_HYPERNETS_20250820T110000_RHOW_raw.csv,MAFR_raw,Hyp,S3A,Hyp vs S3A,2025-08-20T09:00:00Z,2025-08-20T08:54:23Z,0.8003,29.8986,-19.8509,CV >= 30%
S3A_20250821T102812_vs_HYPERNETS_20250821T101500_RHOW_raw.csv,MAFR_raw,Hyp,S3A,Hyp vs S3A,2025-08-21T08:15:00Z,2025-08-21T08:28:12Z,0.8423,25.6734,12.93,CV >= 30%
S3A_20250821T102812_vs_HYPERNETS_20250821T103000_RHOW_raw.csv,MAFR_raw,Hyp,S3A,Hyp vs S3A,2025-08-21T08:30:00Z,2025-08-21T08:28:12Z,0.9936,34.457,34.457,CV >= 30%
S3A_20250828T104653_vs_HYPERNETS_20250828T104500_RHOW_raw.csv,MAFR_raw,Hyp,S3A,Hyp vs S3A,2025-08-28T08:45:00Z,2025-08-28T08:46:53Z,0.8084,24.2231,-24.1234,CV >= 30%
S3A_20250906T101311_vs_HYPERNETS_20250906T094500_RHOW_raw.csv,MAFR_raw,Hyp,S3A,Hyp vs S3A,2025-09-06T07:45:00Z,2025-09-06T08:13:11Z,0.745,43.064,-42.9933,CV >= 30%
S3A_20250906T101311_vs_HYPERNETS_20250906T100000_RHOW_raw.csv,MAFR_raw,Hyp,S3A,Hyp vs S3A,2025-09-06T08:00:00Z,2025-09-06T08:13:11Z,0.6542,61.941,-60.2943,CV >= 30%
S3A_20250906T101311_vs_HYPERNETS_20250906T101500_RHOW_raw.csv,MAFR_raw,Hyp,S3A,Hyp vs S3A,2025-09-06T08:15:00Z,2025-09-06T08:13:11Z,0.7989,27.3508,-16.8825,CV >= 30%
S3A_20250906T101311_vs_HYPERNETS_20250906T103000_RHOW_raw.csv,MAFR_raw,Hyp,S3A,Hyp vs S3A,2025-09-06T08:30:00Z,2025-09-06T08:13:11Z,0.9344,45.7944,2.2428,CV >= 30%
S3A_20250909T103538_vs_HYPERNETS_20250909T101500_RHOW_raw.csv,MAFR_raw,Hyp,S3A,Hyp vs S3A,2025-09-09T08:15:00Z,2025-09-09T08:35:38Z,0.793,9.0489,6.9083,CV >= 30%
S3A_20250909T103538_vs_HYPERNETS_20250909T104500_RHOW_raw.csv,MAFR_raw,Hyp,S3A,Hyp vs S3A,2025-09-09T08:45:00Z,2025-09-09T08:35:38Z,0.7916,13.5609,13.5609,CV >= 30%
S3A_20250918T100200_vs_HYPERNETS_20250918T094500_RHOW_raw.csv,MAFR_raw,Hyp,S3A,Hyp vs S3A,2025-09-18T07:45:00Z,2025-09-18T08:02:00Z,0.7189,30.0153,-26.69,CV >= 30%
S3A_20250918T100200_vs_HYPERNETS_20250918T100000_RHOW_raw.csv,MAFR_raw,Hyp,S3A,Hyp vs S3A,2025-09-18T08:00:00Z,2025-09-18T08:02:00Z,0.5544,108.6112,-106.6667,CV >= 30%
S3A_20250918T100200_vs_HYPERNETS_20250918T101500_RHOW_raw.csv,MAFR_raw,Hyp,S3A,Hyp vs S3A,2025-09-18T08:15:00Z,2025-09-18T08:02:00Z,0.5911,98.7706,-96.4653,CV >= 30%
S3A_20250918T100200_vs_HYPERNETS_20250918T103000_RHOW_raw.csv,MAFR_raw,Hyp,S3A,Hyp vs S3A,2025-09-18T08:30:00Z,2025-09-18T08:02:00Z,0.6271,86.2453,-84.0773,CV >= 30%
S3A_20250930T095049_vs_HYPERNETS_20250930T093000_RHOW_raw.csv,MAFR_raw,Hyp,S3A,Hyp vs S3A,2025-09-30T07:30:00Z,2025-09-30T07:50:49Z,0.5828,147.501,-138.2847,CV >= 30%
S3A_20250930T095049_vs_HYPERNETS_20250930T094500_RHOW_raw.csv,MAFR_raw,Hyp,S3A,Hyp vs S3A,2025-09-30T07:45:00Z,2025-09-30T07:50:49Z,0.597,138.9127,-111.272,CV >= 30%
S3A_20250930T095049_vs_HYPERNETS_20250930T100000_RHOW_raw.csv,MAFR_raw,Hyp,S3A,Hyp vs S3A,2025-09-30T08:00:00Z,2025-09-30T07:50:49Z,0.5922,142.8858,-132.7704,CV >= 30%
S3A_20250930T095049_vs_HYPERNETS_20250930T101500_RHOW_raw.csv,MAFR_raw,Hyp,S3A,Hyp vs S3A,2025-09-30T08:15:00Z,2025-09-30T07:50:49Z,0.5924,141.6396,-126.244,CV >= 30%
S3A_20251014T102814_vs_HYPERNETS_20251014T100000_RHOW_raw.csv,MAFR_raw,Hyp,S3A,Hyp vs S3A,2025-10-14T08:00:00Z,2025-10-14T08:28:14Z,0.7667,57.5289,-48.4118,CV >= 30%
S3A_20251014T102814_vs_HYPERNETS_20251014T101500_RHOW_raw.csv,MAFR_raw,Hyp,S3A,Hyp vs S3A,2025-10-14T08:15:00Z,2025-10-14T08:28:14Z,0.7282,83.4503,-63.2051,CV >= 30%
S3A_20251014T102814_vs_HYPERNETS_20251014T103000_RHOW_raw.csv,MAFR_raw,Hyp,S3A,Hyp vs S3A,2025-10-14T08:30:00Z,2025-10-14T08:28:14Z,0.8136,54.6837,-38.2229,CV >= 30%
S3A_20251014T102814_vs_HYPERNETS_20251014T104500_RHOW_raw.csv,MAFR_raw,Hyp,S3A,Hyp vs S3A,2025-10-14T08:45:00Z,2025-10-14T08:28:14Z,0.7619,62.9196,-48.0819,CV >= 30%
S3A_20251015T100203_vs_HYPERNETS_20251015T100000_RHOW_raw.csv,MAFR_raw,Hyp,S3A,Hyp vs S3A,2025-10-15T08:00:00Z,2025-10-15T08:02:03Z,0.6773,50.8156,-46.4476,CV >= 30%
S3A_20251015T100203_vs_HYPERNETS_20251015T101500_RHOW_raw.csv,MAFR_raw,Hyp,S3A,Hyp vs S3A,2025-10-15T08:15:00Z,2025-10-15T08:02:03Z,0.6453,56.7577,-51.1235,CV >= 30%
S3A_20251015T100203_vs_HYPERNETS_20251015T103000_RHOW_raw.csv,MAFR_raw,Hyp,S3A,Hyp vs S3A,2025-10-15T08:30:00Z,2025-10-15T08:02:03Z,0.7484,25.8604,-22.1222,CV >= 30%
S3A_20251017T105040_vs_HYPERNETS_20251017T103000_RHOW_raw.csv,MAFR_raw,Hyp,S3A,Hyp vs S3A,2025-10-17T08:30:00Z,2025-10-17T08:50:40Z,0.7122,94.2314,-94.2314,CV >= 30%
S3A_20251017T105040_vs_HYPERNETS_20251017T104500_RHOW_raw.csv,MAFR_raw,Hyp,S3A,Hyp vs S3A,2025-10-17T08:45:00Z,2025-10-17T08:50:40Z,0.7689,40.6382,-40.0136,CV >= 30%
S3A_20251017T105040_vs_HYPERNETS_20251017T110000_RHOW_raw.csv,MAFR_raw,Hyp,S3A,Hyp vs S3A,2025-10-17T09:00:00Z,2025-10-17T08:50:40Z,0.8211,17.685,-16.5684,CV >= 30%
S3A_20251017T105040_vs_HYPERNETS_20251017T111500_RHOW_raw.csv,MAFR_raw,Hyp,S3A,Hyp vs S3A,2025-10-17T09:15:00Z,2025-10-17T08:50:40Z,0.9093,24.0427,9.3674,CV >= 30%
S3A_20251026T101701_vs_HYPERNETS_20251026T103000_RHOW_raw.csv,MAFR_raw,Hyp,S3A,Hyp vs S3A,2025-10-26T09:30:00Z,2025-10-26T09:17:01Z,0.4608,145.1005,-145.1005,CV >= 30%
S3A_20251026T101701_vs_HYPERNETS_20251026T104500_RHOW_raw.csv,MAFR_raw,Hyp,S3A,Hyp vs S3A,2025-10-26T09:45:00Z,2025-10-26T09:17:01Z,0.4761,134.0433,-134.0433,CV >= 30%
S3A_20251030T101317_vs_HYPERNETS_20251030T103000_RHOW_raw.csv,MAFR_raw,Hyp,S3A,Hyp vs S3A,2025-10-30T09:30:00Z,2025-10-30T09:13:17Z,0.4854,376.7163,376.7163,CV >= 30%
S3A_20251103T100933_vs_HYPERNETS_20251103T094500_RHOW_raw.csv,MAFR_raw,Hyp,S3A,Hyp vs S3A,2025-11-03T08:45:00Z,2025-11-03T09:09:33Z,0.6318,64.8697,-63.8472,CV >= 30%
S3A_20251103T100933_vs_HYPERNETS_20251103T100000_RHOW_raw.csv,MAFR_raw,Hyp,S3A,Hyp vs S3A,2025-11-03T09:00:00Z,2025-11-03T09:09:33Z,0.6353,64.8257,-63.1468,CV >= 30%
S3A_20251103T100933_vs_HYPERNETS_20251103T101500_RHOW_raw.csv,MAFR_raw,Hyp,S3A,Hyp vs S3A,2025-11-03T09:15:00Z,2025-11-03T09:09:33Z,0.6368,93.718,-82.0163,CV >= 30%
S3A_20251103T100933_vs_HYPERNETS_20251103T103000_RHOW_raw.csv,MAFR_raw,Hyp,S3A,Hyp vs S3A,2025-11-03T09:30:00Z,2025-11-03T09:09:33Z,0.6419,100.6758,-86.5317,CV >= 30%
S3A_20251130T100930_vs_HYPERNETS_20251130T094500_RHOW_raw.csv,MAFR_raw,Hyp,S3A,Hyp vs S3A,2025-11-30T08:45:00Z,2025-11-30T09:09:30Z,0.8017,52.2336,-37.6287,CV >= 30%
S3A_20251130T100930_vs_HYPERNETS_20251130T100000_RHOW_raw.csv,MAFR_raw,Hyp,S3A,Hyp vs S3A,2025-11-30T09:00:00Z,2025-11-30T09:09:30Z,0.7175,77.1341,-56.043,CV >= 30%
S3A_20251130T100930_vs_HYPERNETS_20251130T101500_RHOW_raw.csv,MAFR_raw,Hyp,S3A,Hyp vs S3A,2025-11-30T09:15:00Z,2025-11-30T09:09:30Z,0.7727,47.4773,-44.3776,CV >= 30%
S3A_20251130T100930_vs_HYPERNETS_20251130T103000_RHOW_raw.csv,MAFR_raw,Hyp,S3A,Hyp vs S3A,2025-11-30T09:30:00Z,2025-11-30T09:09:30Z,0.7781,52.5648,-47.1349,CV >= 30%
S3A_20251230T103156_vs_HYPERNETS_20251230T110000_RHOW_raw.csv,MAFR_raw,Hyp,S3A,Hyp vs S3A,2025-12-30T10:00:00Z,2025-12-30T09:31:56Z,0.7092,29.0305,-27.1392,CV >= 30%
S3B_20240611T095304_vs_HYPERNETS_20240611T101500_RHOW_raw.csv,MAFR_raw,Hyp,S3B,Hyp vs S3B,2024-06-11T08:15:00Z,2024-06-11T07:53:04Z,0.7793,18.5119,16.7602,CV >= 30%
S3B_20240719T100804_vs_HYPERNETS_20240719T100000_RHOW_raw.csv,MAFR_raw,Hyp,S3B,Hyp vs S3B,2024-07-19T08:00:00Z,2024-07-19T08:08:04Z,0.6248,89.12,-76.5695,CV >= 30%
S3B_20240719T100804_vs_HYPERNETS_20240719T101600_RHOW_raw.csv,MAFR_raw,Hyp,S3B,Hyp vs S3B,2024-07-19T08:16:00Z,2024-07-19T08:08:04Z,0.6622,75.0966,-62.8132,CV >= 30%
S3B_20240719T100804_vs_HYPERNETS_20240719T103100_RHOW_raw.csv,MAFR_raw,Hyp,S3B,Hyp vs S3B,2024-07-19T08:31:00Z,2024-07-19T08:08:04Z,0.6603,84.8796,-70.3631,CV >= 30%
S3B_20240729T104913_vs_HYPERNETS_20240729T103000_RHOW_raw.csv,MAFR_raw,Hyp,S3B,Hyp vs S3B,2024-07-29T08:30:00Z,2024-07-29T08:49:13Z,0.3706,127.529,-101.2118,CV >= 30%
S3B_20240729T104913_vs_HYPERNETS_20240729T104500_RHOW_raw.csv,MAFR_raw,Hyp,S3B,Hyp vs S3B,2024-07-29T08:45:00Z,2024-07-29T08:49:13Z,0.3756,110.0429,-75.6242,CV >= 30%
S3B_20240729T104913_vs_HYPERNETS_20240729T110000_RHOW_raw.csv,MAFR_raw,Hyp,S3B,Hyp vs S3B,2024-07-29T09:00:00Z,2024-07-29T08:49:13Z,0.3818,131.8315,-116.7132,CV >= 30%
S3B_20240729T104913_vs_HYPERNETS_20240729T111600_RHOW_raw.csv,MAFR_raw,Hyp,S3B,Hyp vs S3B,2024-07-29T09:16:00Z,2024-07-29T08:49:13Z,0.3827,103.554,-66.6413,CV >= 30%
S3B_20240731T095651_vs_HYPERNETS_20240731T093000_RHOW_raw.csv,MAFR_raw,Hyp,S3B,Hyp vs S3B,2024-07-31T07:30:00Z,2024-07-31T07:56:51Z,0.5419,111.2904,-104.9001,CV >= 30%
S3B_20240731T095651_vs_HYPERNETS_20240731T094500_RHOW_raw.csv,MAFR_raw,Hyp,S3B,Hyp vs S3B,2024-07-31T07:45:00Z,2024-07-31T07:56:51Z,0.5346,114.4537,-110.1888,CV >= 30%
S3B_20240731T095651_vs_HYPERNETS_20240731T100000_RHOW_raw.csv,MAFR_raw,Hyp,S3B,Hyp vs S3B,2024-07-31T08:00:00Z,2024-07-31T07:56:51Z,0.5446,111.0844,-103.8578,CV >= 30%
S3B_20240731T095651_vs_HYPERNETS_20240731T101600_RHOW_raw.csv,MAFR_raw,Hyp,S3B,Hyp vs S3B,2024-07-31T08:16:00Z,2024-07-31T07:56:51Z,0.5777,101.2745,-85.4033,CV >= 30%
S3B_20240815T100803_vs_HYPERNETS_20240815T094500_RHOW_raw.csv,MAFR_raw,Hyp,S3B,Hyp vs S3B,2024-08-15T07:45:00Z,2024-08-15T08:08:03Z,0.6653,85.9058,-69.7024,CV >= 30%
S3B_20240815T100803_vs_HYPERNETS_20240815T100000_RHOW_raw.csv,MAFR_raw,Hyp,S3B,Hyp vs S3B,2024-08-15T08:00:00Z,2024-08-15T08:08:03Z,0.6563,88.4397,-71.6161,CV >= 30%
S3B_20240815T100803_vs_HYPERNETS_20240815T101500_RHOW_raw.csv,MAFR_raw,Hyp,S3B,Hyp vs S3B,2024-08-15T08:15:00Z,2024-08-15T08:08:03Z,0.6771,81.9426,-65.5255,CV >= 30%
S3B_20240815T100803_vs_HYPERNETS_20240815T103000_RHOW_raw.csv,MAFR_raw,Hyp,S3B,Hyp vs S3B,2024-08-15T08:30:00Z,2024-08-15T08:08:03Z,0.7179,68.3727,-51.4416,CV >= 30%
S3B_20240819T100418_vs_HYPERNETS_20240819T094500_RHOW_raw.csv,MAFR_raw,Hyp,S3B,Hyp vs S3B,2024-08-19T07:45:00Z,2024-08-19T08:04:18Z,0.7629,64.4059,-64.4059,CV >= 30%
S3B_20240819T100418_vs_HYPERNETS_20240819T100000_RHOW_raw.csv,MAFR_raw,Hyp,S3B,Hyp vs S3B,2024-08-19T08:00:00Z,2024-08-19T08:04:18Z,0.691,58.5502,-57.2378,CV >= 30%
S3B_20240819T100418_vs_HYPERNETS_20240819T101500_RHOW_raw.csv,MAFR_raw,Hyp,S3B,Hyp vs S3B,2024-08-19T08:15:00Z,2024-08-19T08:04:18Z,0.7047,34.739,-34.4097,CV >= 30%
S3B_20240819T100418_vs_HYPERNETS_20240819T103000_RHOW_raw.csv,MAFR_raw,Hyp,S3B,Hyp vs S3B,2024-08-19T08:30:00Z,2024-08-19T08:04:18Z,0.7196,40.1087,-28.3063,CV >= 30%
S3B_20240826T102302_vs_HYPERNETS_20240826T100000_RHOW_raw.csv,MAFR_raw,Hyp,S3B,Hyp vs S3B,2024-08-26T08:00:00Z,2024-08-26T08:23:02Z,0.797,47.941,-1.9473,CV >= 30%
S3B_20240826T102302_vs_HYPERNETS_20240826T101500_RHOW_raw.csv,MAFR_raw,Hyp,S3B,Hyp vs S3B,2024-08-26T08:15:00Z,2024-08-26T08:23:02Z,0.791,45.1904,-7.1553,CV >= 30%
S3B_20240826T102302_vs_HYPERNETS_20240826T103000_RHOW_raw.csv,MAFR_raw,Hyp,S3B,Hyp vs S3B,2024-08-26T08:30:00Z,2024-08-26T08:23:02Z,0.8069,41.4889,-2.8807,CV >= 30%
S3B_20240826T102302_vs_HYPERNETS_20240826T104500_RHOW_raw.csv,MAFR_raw,Hyp,S3B,Hyp vs S3B,2024-08-26T08:45:00Z,2024-08-26T08:23:02Z,0.7276,40.6355,-36.6379,CV >= 30%
S3B_20240827T095651_vs_HYPERNETS_20240827T093000_RHOW_raw.csv,MAFR_raw,Hyp,S3B,Hyp vs S3B,2024-08-27T07:30:00Z,2024-08-27T07:56:51Z,0.6099,77.9911,-68.1182,CV >= 30%
S3B_20240827T095651_vs_HYPERNETS_20240827T094500_RHOW_raw.csv,MAFR_raw,Hyp,S3B,Hyp vs S3B,2024-08-27T07:45:00Z,2024-08-27T07:56:51Z,0.647,61.502,-53.8479,CV >= 30%
S3B_20240827T095651_vs_HYPERNETS_20240827T100000_RHOW_raw.csv,MAFR_raw,Hyp,S3B,Hyp vs S3B,2024-08-27T08:00:00Z,2024-08-27T07:56:51Z,0.6956,48.0744,-38.4663,CV >= 30%
S3B_20240827T095651_vs_HYPERNETS_20240827T101600_RHOW_raw.csv,MAFR_raw,Hyp,S3B,Hyp vs S3B,2024-08-27T08:16:00Z,2024-08-27T07:56:51Z,0.6765,49.0844,-40.992,CV >= 30%
S3B_20240914T103028_vs_HYPERNETS_20240914T100000_RHOW_raw.csv,MAFR_raw,Hyp,S3B,Hyp vs S3B,2024-09-14T08:00:00Z,2024-09-14T08:30:28Z,0.5896,291.6709,-291.6709,CV >= 30%
S3B_20240914T103028_vs_HYPERNETS_20240914T101500_RHOW_raw.csv,MAFR_raw,Hyp,S3B,Hyp vs S3B,2024-09-14T08:15:00Z,2024-09-14T08:30:28Z,0.6079,241.5646,-241.5646,CV >= 30%
S3B_20240914T103028_vs_HYPERNETS_20240914T103000_RHOW_raw.csv,MAFR_raw,Hyp,S3B,Hyp vs S3B,2024-09-14T08:30:00Z,2024-09-14T08:30:28Z,0.6253,192.0935,-192.0935,CV >= 30%
S3B_20240914T103028_vs_HYPERNETS_20240914T104500_RHOW_raw.csv,MAFR_raw,Hyp,S3B,Hyp vs S3B,2024-09-14T08:45:00Z,2024-09-14T08:30:28Z,0.6401,179.6905,-179.6905,CV >= 30%
S3B_20240914T103028_vs_HYPERNETS_20240914T110000_RHOW_raw.csv,MAFR_raw,Hyp,S3B,Hyp vs S3B,2024-09-14T09:00:00Z,2024-09-14T08:30:28Z,0.7109,162.1132,-162.1132,CV >= 30%
S3B_20241011T103025_vs_HYPERNETS_20241011T100000_RHOW_raw.csv,MAFR_raw,Hyp,S3B,Hyp vs S3B,2024-10-11T08:00:00Z,2024-10-11T08:30:25Z,0.6987,87.8484,-75.375,CV >= 30%
S3B_20241011T103025_vs_HYPERNETS_20241011T101500_RHOW_raw.csv,MAFR_raw,Hyp,S3B,Hyp vs S3B,2024-10-11T08:15:00Z,2024-10-11T08:30:25Z,0.6941,90.9648,-77.8729,CV >= 30%
S3B_20241011T103025_vs_HYPERNETS_20241011T103000_RHOW_raw.csv,MAFR_raw,Hyp,S3B,Hyp vs S3B,2024-10-11T08:30:00Z,2024-10-11T08:30:25Z,0.7239,68.9711,-63.7781,CV >= 30%
S3B_20241011T103025_vs_HYPERNETS_20241011T104500_RHOW_raw.csv,MAFR_raw,Hyp,S3B,Hyp vs S3B,2024-10-11T08:45:00Z,2024-10-11T08:30:25Z,0.7149,70.0414,-66.3219,CV >= 30%
S3B_20241011T103025_vs_HYPERNETS_20241011T110000_RHOW_raw.csv,MAFR_raw,Hyp,S3B,Hyp vs S3B,2024-10-11T09:00:00Z,2024-10-11T08:30:25Z,0.7127,72.8249,-68.2368,CV >= 30%
S3B_20241031T101146_vs_HYPERNETS_20241031T094500_RHOW_raw.csv,MAFR_raw,Hyp,S3B,Hyp vs S3B,2024-10-31T08:45:00Z,2024-10-31T09:11:46Z,0.7584,22.7122,-20.634,CV >= 30%
S3B_20241031T101146_vs_HYPERNETS_20241031T100000_RHOW_raw.csv,MAFR_raw,Hyp,S3B,Hyp vs S3B,2024-10-31T09:00:00Z,2024-10-31T09:11:46Z,0.7425,26.2695,-26.0397,CV >= 30%
S3B_20241031T101146_vs_HYPERNETS_20241031T101500_RHOW_raw.csv,MAFR_raw,Hyp,S3B,Hyp vs S3B,2024-10-31T09:15:00Z,2024-10-31T09:11:46Z,0.7791,21.9258,-13.3433,CV >= 30%
S3B_20241031T101146_vs_HYPERNETS_20241031T103000_RHOW_raw.csv,MAFR_raw,Hyp,S3B,Hyp vs S3B,2024-10-31T09:30:00Z,2024-10-31T09:11:46Z,0.7483,24.1766,-21.6013,CV >= 30%
S3B_20241110T105255_vs_HYPERNETS_20241110T110000_RHOW_raw.csv,MAFR_raw,Hyp,S3B,Hyp vs S3B,2024-11-10T10:00:00Z,2024-11-10T09:52:55Z,0.976,477.7774,477.7774,CV >= 30%
S3B_20241111T102643_vs_HYPERNETS_20241111T104500_RHOW_raw.csv,MAFR_raw,Hyp,S3B,Hyp vs S3B,2024-11-11T09:45:00Z,2024-11-11T09:26:43Z,0.3356,134.3277,134.3277,CV >= 30%
S3B_20241112T100032_vs_HYPERNETS_20241112T094500_RHOW_raw.csv,MAFR_raw,Hyp,S3B,Hyp vs S3B,2024-11-12T08:45:00Z,2024-11-12T09:00:32Z,0.6009,103.8863,-101.2904,CV >= 30%
S3B_20241112T100032_vs_HYPERNETS_20241112T100000_RHOW_raw.csv,MAFR_raw,Hyp,S3B,Hyp vs S3B,2024-11-12T09:00:00Z,2024-11-12T09:00:32Z,0.677,69.1124,-63.9827,CV >= 30%
S3B_20241112T100032_vs_HYPERNETS_20241112T101500_RHOW_raw.csv,MAFR_raw,Hyp,S3B,Hyp vs S3B,2024-11-12T09:15:00Z,2024-11-12T09:00:32Z,0.6711,62.4008,-57.5516,CV >= 30%
S3B_20241211T104911_vs_HYPERNETS_20241211T104500_RHOW_raw.csv,MAFR_raw,Hyp,S3B,Hyp vs S3B,2024-12-11T09:45:00Z,2024-12-11T09:49:11Z,0.7284,59.6962,59.6962,CV >= 30%
S3B_20241211T104911_vs_HYPERNETS_20241211T110000_RHOW_raw.csv,MAFR_raw,Hyp,S3B,Hyp vs S3B,2024-12-11T10:00:00Z,2024-12-11T09:49:11Z,0.7735,70.6255,70.6255,CV >= 30%
S3B_20241223T103757_vs_HYPERNETS_20241223T101500_RHOW_raw.csv,MAFR_raw,Hyp,S3B,Hyp vs S3B,2024-12-23T09:15:00Z,2024-12-23T09:37:57Z,0.9668,24.8693,-20.0332,CV >= 30%
S3B_20241223T103757_vs_HYPERNETS_20241223T103000_RHOW_raw.csv,MAFR_raw,Hyp,S3B,Hyp vs S3B,2024-12-23T09:30:00Z,2024-12-23T09:37:57Z,0.6678,70.9657,-70.9657,CV >= 30%
S3B_20241223T103757_vs_HYPERNETS_20241223T104500_RHOW_raw.csv,MAFR_raw,Hyp,S3B,Hyp vs S3B,2024-12-23T09:45:00Z,2024-12-23T09:37:57Z,0.7848,55.0547,-46.4456,CV >= 30%
S3B_20241223T103757_vs_HYPERNETS_20241223T110000_RHOW_raw.csv,MAFR_raw,Hyp,S3B,Hyp vs S3B,2024-12-23T10:00:00Z,2024-12-23T09:37:57Z,0.6845,67.0712,-67.0712,CV >= 30%
S3B_20250616T100043_vs_HYPERNETS_20250616T094500_RHOW_raw.csv,MAFR_raw,Hyp,S3B,Hyp vs S3B,2025-06-16T07:45:00Z,2025-06-16T08:00:43Z,0.3534,268.3387,-220.1268,CV >= 30%
S3B_20250616T100043_vs_HYPERNETS_20250616T100000_RHOW_raw.csv,MAFR_raw,Hyp,S3B,Hyp vs S3B,2025-06-16T08:00:00Z,2025-06-16T08:00:43Z,0.2939,377.9955,-306.8043,CV >= 30%
S3B_20250616T100043_vs_HYPERNETS_20250616T101500_RHOW_raw.csv,MAFR_raw,Hyp,S3B,Hyp vs S3B,2025-06-16T08:15:00Z,2025-06-16T08:00:43Z,0.3305,312.3127,-254.1239,CV >= 30%
S3B_20250616T100043_vs_HYPERNETS_20250616T103000_RHOW_raw.csv,MAFR_raw,Hyp,S3B,Hyp vs S3B,2025-06-16T08:30:00Z,2025-06-16T08:00:43Z,0.2703,468.9586,-382.7104,CV >= 30%
S3B_20250618T104920_vs_HYPERNETS_20250618T103000_RHOW_raw.csv,MAFR_raw,Hyp,S3B,Hyp vs S3B,2025-06-18T08:30:00Z,2025-06-18T08:49:20Z,0.7754,54.3231,1.2601,CV >= 30%
S3B_20250618T104920_vs_HYPERNETS_20250618T104500_RHOW_raw.csv,MAFR_raw,Hyp,S3B,Hyp vs S3B,2025-06-18T08:45:00Z,2025-06-18T08:49:20Z,0.6461,90.0471,-14.8461,CV >= 30%
S3B_20250618T104920_vs_HYPERNETS_20250618T110000_RHOW_raw.csv,MAFR_raw,Hyp,S3B,Hyp vs S3B,2025-06-18T09:00:00Z,2025-06-18T08:49:20Z,0.6005,69.5419,-33.6741,CV >= 30%
S3B_20250618T104920_vs_HYPERNETS_20250618T111500_RHOW_raw.csv,MAFR_raw,Hyp,S3B,Hyp vs S3B,2025-06-18T09:15:00Z,2025-06-18T08:49:20Z,0.3752,139.4436,-139.4436,CV >= 30%
S3B_20250619T102310_vs_HYPERNETS_20250619T100000_RHOW_raw.csv,MAFR_raw,Hyp,S3B,Hyp vs S3B,2025-06-19T08:00:00Z,2025-06-19T08:23:10Z,0.7054,95.9863,-54.9301,CV >= 30%
S3B_20250619T102310_vs_HYPERNETS_20250619T101500_RHOW_raw.csv,MAFR_raw,Hyp,S3B,Hyp vs S3B,2025-06-19T08:15:00Z,2025-06-19T08:23:10Z,0.7,93.9862,-59.7819,CV >= 30%
S3B_20250619T102310_vs_HYPERNETS_20250619T104500_RHOW_raw.csv,MAFR_raw,Hyp,S3B,Hyp vs S3B,2025-06-19T08:45:00Z,2025-06-19T08:23:10Z,0.5718,116.6898,-103.9446,CV >= 30%
S3B_20250620T095659_vs_HYPERNETS_20250620T093000_RHOW_raw.csv,MAFR_raw,Hyp,S3B,Hyp vs S3B,2025-06-20T07:30:00Z,2025-06-20T07:56:59Z,0.4015,569.3276,569.3276,CV >= 30%
S3B_20250620T095659_vs_HYPERNETS_20250620T101500_RHOW_raw.csv,MAFR_raw,Hyp,S3B,Hyp vs S3B,2025-06-20T08:15:00Z,2025-06-20T07:56:59Z,0.5207,372.7647,372.7647,CV >= 30%
S3B_20250623T101926_vs_HYPERNETS_20250623T103000_RHOW_raw.csv,MAFR_raw,Hyp,S3B,Hyp vs S3B,2025-06-23T08:30:00Z,2025-06-23T08:19:26Z,0.6404,24.395,24.395,CV >= 30%
S3B_20250623T101926_vs_HYPERNETS_20250623T104500_RHOW_raw.csv,MAFR_raw,Hyp,S3B,Hyp vs S3B,2025-06-23T08:45:00Z,2025-06-23T08:19:26Z,0.6618,34.9237,34.9237,CV >= 30%
S3B_20250701T101158_vs_HYPERNETS_20250701T100000_RHOW_raw.csv,MAFR_raw,Hyp,S3B,Hyp vs S3B,2025-07-01T08:00:00Z,2025-07-01T08:11:58Z,0.6827,85.0426,-70.7152,CV >= 30%
S3B_20250701T101158_vs_HYPERNETS_20250701T103000_RHOW_raw.csv,MAFR_raw,Hyp,S3B,Hyp vs S3B,2025-07-01T08:30:00Z,2025-07-01T08:11:58Z,0.4586,268.4622,-171.999,CV >= 30%
S3B_20250705T100815_vs_HYPERNETS_20250705T094500_RHOW_raw.csv,MAFR_raw,Hyp,S3B,Hyp vs S3B,2025-07-05T07:45:00Z,2025-07-05T08:08:15Z,1.0303,85.8311,85.8311,CV >= 30%
S3B_20250705T100815_vs_HYPERNETS_20250705T100000_RHOW_raw.csv,MAFR_raw,Hyp,S3B,Hyp vs S3B,2025-07-05T08:00:00Z,2025-07-05T08:08:15Z,0.9913,44.0194,43.9525,CV >= 30%
S3B_20250705T100815_vs_HYPERNETS_20250705T101500_RHOW_raw.csv,MAFR_raw,Hyp,S3B,Hyp vs S3B,2025-07-05T08:15:00Z,2025-07-05T08:08:15Z,0.9584,25.8614,20.3335,CV >= 30%
S3B_20250705T100815_vs_HYPERNETS_20250705T103000_RHOW_raw.csv,MAFR_raw,Hyp,S3B,Hyp vs S3B,2025-07-05T08:30:00Z,2025-07-05T08:08:15Z,0.9171,11.1299,3.8955,CV >= 30%
S3B_20250709T100431_vs_HYPERNETS_20250709T094500_RHOW_raw.csv,MAFR_raw,Hyp,S3B,Hyp vs S3B,2025-07-09T07:45:00Z,2025-07-09T08:04:31Z,0.7572,37.4444,-23.941,CV >= 30%
S3B_20250709T100431_vs_HYPERNETS_20250709T100000_RHOW_raw.csv,MAFR_raw,Hyp,S3B,Hyp vs S3B,2025-07-09T08:00:00Z,2025-07-09T08:04:31Z,0.7519,41.4563,-30.0894,CV >= 30%
S3B_20250709T100431_vs_HYPERNETS_20250709T103000_RHOW_raw.csv,MAFR_raw,Hyp,S3B,Hyp vs S3B,2025-07-09T08:30:00Z,2025-07-09T08:04:31Z,0.7413,42.0471,-29.8937,CV >= 30%
S3B_20250715T104924_vs_HYPERNETS_20250715T111500_RHOW_raw.csv,MAFR_raw,Hyp,S3B,Hyp vs S3B,2025-07-15T09:15:00Z,2025-07-15T08:49:24Z,0.321,184.6939,-179.6776,CV >= 30%
S3B_20250717T095702_vs_HYPERNETS_20250717T093000_RHOW_raw.csv,MAFR_raw,Hyp,S3B,Hyp vs S3B,2025-07-17T07:30:00Z,2025-07-17T07:57:02Z,0.7331,117.7299,-46.9807,CV >= 30%
S3B_20250717T095702_vs_HYPERNETS_20250717T094500_RHOW_raw.csv,MAFR_raw,Hyp,S3B,Hyp vs S3B,2025-07-17T07:45:00Z,2025-07-17T07:57:02Z,0.7124,104.8522,-58.6538,CV >= 30%
S3B_20250717T095702_vs_HYPERNETS_20250717T100000_RHOW_raw.csv,MAFR_raw,Hyp,S3B,Hyp vs S3B,2025-07-17T08:00:00Z,2025-07-17T07:57:02Z,0.7346,106.3922,-44.9932,CV >= 30%
S3B_20250717T095702_vs_HYPERNETS_20250717T101500_RHOW_raw.csv,MAFR_raw,Hyp,S3B,Hyp vs S3B,2025-07-17T08:15:00Z,2025-07-17T07:57:02Z,0.6941,114.7049,-63.2069,CV >= 30%
S3B_20250719T104539_vs_HYPERNETS_20250719T104500_RHOW_raw.csv,MAFR_raw,Hyp,S3B,Hyp vs S3B,2025-07-19T08:45:00Z,2025-07-19T08:45:39Z,0.8517,55.7297,-30.8715,CV >= 30%
S3B_20250719T104539_vs_HYPERNETS_20250719T110000_RHOW_raw.csv,MAFR_raw,Hyp,S3B,Hyp vs S3B,2025-07-19T09:00:00Z,2025-07-19T08:45:39Z,0.8445,57.2793,-29.9465,CV >= 30%
S3B_20250731T103426_vs_HYPERNETS_20250731T110000_RHOW_raw.csv,MAFR_raw,Hyp,S3B,Hyp vs S3B,2025-07-31T09:00:00Z,2025-07-31T08:34:26Z,0.6542,13.3943,-1.441,CV >= 30%
S3B_20250801T100815_vs_HYPERNETS_20250801T094500_RHOW_raw.csv,MAFR_raw,Hyp,S3B,Hyp vs S3B,2025-08-01T07:45:00Z,2025-08-01T08:08:15Z,0.7312,179.22,-34.8552,CV >= 30%
S3B_20250801T100815_vs_HYPERNETS_20250801T100000_RHOW_raw.csv,MAFR_raw,Hyp,S3B,Hyp vs S3B,2025-08-01T08:00:00Z,2025-08-01T08:08:15Z,0.6905,131.1055,-44.2551,CV >= 30%
S3B_20250801T100815_vs_HYPERNETS_20250801T101500_RHOW_raw.csv,MAFR_raw,Hyp,S3B,Hyp vs S3B,2025-08-01T08:15:00Z,2025-08-01T08:08:15Z,0.7866,136.8285,-31.7084,CV >= 30%
S3B_20250804T103042_vs_HYPERNETS_20250804T103000_RHOW_raw.csv,MAFR_raw,Hyp,S3B,Hyp vs S3B,2025-08-04T08:30:00Z,2025-08-04T08:30:42Z,0.6331,283.6873,-75.9037,CV >= 30%
S3B_20250804T103042_vs_HYPERNETS_20250804T104500_RHOW_raw.csv,MAFR_raw,Hyp,S3B,Hyp vs S3B,2025-08-04T08:45:00Z,2025-08-04T08:30:42Z,0.6428,163.9333,-75.7657,CV >= 30%
S3B_20250804T103042_vs_HYPERNETS_20250804T110000_RHOW_raw.csv,MAFR_raw,Hyp,S3B,Hyp vs S3B,2025-08-04T09:00:00Z,2025-08-04T08:30:42Z,0.6635,255.5624,-69.291,CV >= 30%
S3B_20250809T100047_vs_HYPERNETS_20250809T094500_RHOW_raw.csv,MAFR_raw,Hyp,S3B,Hyp vs S3B,2025-08-09T07:45:00Z,2025-08-09T08:00:47Z,0.8434,11.4099,0.7566,CV >= 30%
S3B_20250809T100047_vs_HYPERNETS_20250809T100000_RHOW_raw.csv,MAFR_raw,Hyp,S3B,Hyp vs S3B,2025-08-09T08:00:00Z,2025-08-09T08:00:47Z,0.8383,11.5067,0.1888,CV >= 30%
S3B_20250809T100047_vs_HYPERNETS_20250809T101500_RHOW_raw.csv,MAFR_raw,Hyp,S3B,Hyp vs S3B,2025-08-09T08:15:00Z,2025-08-09T08:00:47Z,0.8468,19.1781,-0.4056,CV >= 30%
S3B_20250809T100047_vs_HYPERNETS_20250809T103000_RHOW_raw.csv,MAFR_raw,Hyp,S3B,Hyp vs S3B,2025-08-09T08:30:00Z,2025-08-09T08:00:47Z,0.84,35.1851,6.9379,CV >= 30%
S3B_20250815T104540_vs_HYPERNETS_20250815T103000_RHOW_raw.csv,MAFR_raw,Hyp,S3B,Hyp vs S3B,2025-08-15T08:30:00Z,2025-08-15T08:45:40Z,0.4811,94.0049,-89.0553,CV >= 30%
S3B_20250815T104540_vs_HYPERNETS_20250815T104500_RHOW_raw.csv,MAFR_raw,Hyp,S3B,Hyp vs S3B,2025-08-15T08:45:00Z,2025-08-15T08:45:40Z,0.4677,102.3409,-96.9563,CV >= 30%
S3B_20250815T104540_vs_HYPERNETS_20250815T110000_RHOW_raw.csv,MAFR_raw,Hyp,S3B,Hyp vs S3B,2025-08-15T09:00:00Z,2025-08-15T08:45:40Z,0.3796,175.8007,-168.6458,CV >= 30%
S3B_20250815T104540_vs_HYPERNETS_20250815T111500_RHOW_raw.csv,MAFR_raw,Hyp,S3B,Hyp vs S3B,2025-08-15T09:15:00Z,2025-08-15T08:45:40Z,0.3879,185.1752,-175.6745,CV >= 30%
S3B_20250920T101159_vs_HYPERNETS_20250920T100000_RHOW_raw.csv,MAFR_raw,Hyp,S3B,Hyp vs S3B,2025-09-20T08:00:00Z,2025-09-20T08:11:59Z,0.5855,67.4629,-66.5165,CV >= 30%
S3B_20250920T101159_vs_HYPERNETS_20250920T101500_RHOW_raw.csv,MAFR_raw,Hyp,S3B,Hyp vs S3B,2025-09-20T08:15:00Z,2025-09-20T08:11:59Z,0.5979,61.4594,-61.3817,CV >= 30%
S3B_20250930T105306_vs_HYPERNETS_20250930T103000_RHOW_raw.csv,MAFR_raw,Hyp,S3B,Hyp vs S3B,2025-09-30T08:30:00Z,2025-09-30T08:53:06Z,0.6599,105.4664,-80.8424,CV >= 30%
S3B_20250930T105306_vs_HYPERNETS_20250930T104500_RHOW_raw.csv,MAFR_raw,Hyp,S3B,Hyp vs S3B,2025-09-30T08:45:00Z,2025-09-30T08:53:06Z,0.6607,107.3964,-81.7916,CV >= 30%
S3B_20250930T105306_vs_HYPERNETS_20250930T110000_RHOW_raw.csv,MAFR_raw,Hyp,S3B,Hyp vs S3B,2025-09-30T09:00:00Z,2025-09-30T08:53:06Z,0.6609,105.6679,-80.5533,CV >= 30%
S3B_20250930T105306_vs_HYPERNETS_20250930T111500_RHOW_raw.csv,MAFR_raw,Hyp,S3B,Hyp vs S3B,2025-09-30T09:15:00Z,2025-09-30T08:53:06Z,0.5914,169.6751,-123.3166,CV >= 30%
S3B_20251001T102655_vs_HYPERNETS_20251001T100000_RHOW_raw.csv,MAFR_raw,Hyp,S3B,Hyp vs S3B,2025-10-01T08:00:00Z,2025-10-01T08:26:55Z,0.6365,172.0705,-172.0705,CV >= 30%
S3B_20251001T102655_vs_HYPERNETS_20251001T101500_RHOW_raw.csv,MAFR_raw,Hyp,S3B,Hyp vs S3B,2025-10-01T08:15:00Z,2025-10-01T08:26:55Z,0.6368,163.7146,-163.7146,CV >= 30%
S3B_20251001T102655_vs_HYPERNETS_20251001T103000_RHOW_raw.csv,MAFR_raw,Hyp,S3B,Hyp vs S3B,2025-10-01T08:30:00Z,2025-10-01T08:26:55Z,0.7258,106.844,-106.844,CV >= 30%
S3B_20251001T102655_vs_HYPERNETS_20251001T104500_RHOW_raw.csv,MAFR_raw,Hyp,S3B,Hyp vs S3B,2025-10-01T08:45:00Z,2025-10-01T08:26:55Z,0.691,123.8566,-123.8566,CV >= 30%
S3B_20251002T100044_vs_HYPERNETS_20251002T094500_RHOW_raw.csv,MAFR_raw,Hyp,S3B,Hyp vs S3B,2025-10-02T07:45:00Z,2025-10-02T08:00:44Z,0.4678,588.4999,-233.0603,CV >= 30%
S3B_20251002T100044_vs_HYPERNETS_20251002T100000_RHOW_raw.csv,MAFR_raw,Hyp,S3B,Hyp vs S3B,2025-10-02T08:00:00Z,2025-10-02T08:00:44Z,0.4762,586.9779,-228.6009,CV >= 30%
S3B_20251002T100044_vs_HYPERNETS_20251002T101500_RHOW_raw.csv,MAFR_raw,Hyp,S3B,Hyp vs S3B,2025-10-02T08:15:00Z,2025-10-02T08:00:44Z,0.4745,563.4064,-230.3153,CV >= 30%
S3B_20251002T100044_vs_HYPERNETS_20251002T103000_RHOW_raw.csv,MAFR_raw,Hyp,S3B,Hyp vs S3B,2025-10-02T08:30:00Z,2025-10-02T08:00:44Z,0.4787,589.7525,-227.2255,CV >= 30%
S3B_20251006T095658_vs_HYPERNETS_20251006T093000_RHOW_raw.csv,MAFR_raw,Hyp,S3B,Hyp vs S3B,2025-10-06T07:30:00Z,2025-10-06T07:56:58Z,0.8493,32.6242,-32.6242,CV >= 30%
S3B_20251006T095658_vs_HYPERNETS_20251006T094500_RHOW_raw.csv,MAFR_raw,Hyp,S3B,Hyp vs S3B,2025-10-06T07:45:00Z,2025-10-06T07:56:58Z,0.8373,32.1366,-32.1366,CV >= 30%
S3B_20251006T095658_vs_HYPERNETS_20251006T100000_RHOW_raw.csv,MAFR_raw,Hyp,S3B,Hyp vs S3B,2025-10-06T08:00:00Z,2025-10-06T07:56:58Z,0.7455,23.5554,-23.1449,CV >= 30%
S3B_20251006T095658_vs_HYPERNETS_20251006T101500_RHOW_raw.csv,MAFR_raw,Hyp,S3B,Hyp vs S3B,2025-10-06T08:15:00Z,2025-10-06T07:56:58Z,0.7501,36.2812,-16.3531,CV >= 30%
S3B_20251010T095314_vs_HYPERNETS_20251010T093000_RHOW_raw.csv,MAFR_raw,Hyp,S3B,Hyp vs S3B,2025-10-10T07:30:00Z,2025-10-10T07:53:14Z,0.7689,54.4361,-6.1435,CV >= 30%
S3B_20251010T095314_vs_HYPERNETS_20251010T094500_RHOW_raw.csv,MAFR_raw,Hyp,S3B,Hyp vs S3B,2025-10-10T07:45:00Z,2025-10-10T07:53:14Z,0.7862,46.0877,-6.8142,CV >= 30%
S3B_20251010T095314_vs_HYPERNETS_20251010T100000_RHOW_raw.csv,MAFR_raw,Hyp,S3B,Hyp vs S3B,2025-10-10T08:00:00Z,2025-10-10T07:53:14Z,0.7115,55.6893,-18.7852,CV >= 30%
S3B_20251010T095314_vs_HYPERNETS_20251010T101500_RHOW_raw.csv,MAFR_raw,Hyp,S3B,Hyp vs S3B,2025-10-10T08:15:00Z,2025-10-10T07:53:14Z,0.8037,22.7665,-20.3347,CV >= 30%
S3B_20251013T101542_vs_HYPERNETS_20251013T100000_RHOW_raw.csv,MAFR_raw,Hyp,S3B,Hyp vs S3B,2025-10-13T08:00:00Z,2025-10-13T08:15:42Z,0.8383,18.9114,-14.9887,CV >= 30%
S3B_20251013T101542_vs_HYPERNETS_20251013T101500_RHOW_raw.csv,MAFR_raw,Hyp,S3B,Hyp vs S3B,2025-10-13T08:15:00Z,2025-10-13T08:15:42Z,0.8252,15.7336,-4.672,CV >= 30%
S3B_20251013T101542_vs_HYPERNETS_20251013T103000_RHOW_raw.csv,MAFR_raw,Hyp,S3B,Hyp vs S3B,2025-10-13T08:30:00Z,2025-10-13T08:15:42Z,0.7525,96.275,-86.7167,CV >= 30%
S3B_20251013T101542_vs_HYPERNETS_20251013T104500_RHOW_raw.csv,MAFR_raw,Hyp,S3B,Hyp vs S3B,2025-10-13T08:45:00Z,2025-10-13T08:15:42Z,0.7035,99.106,-93.5318,CV >= 30%
S3B_20251016T103808_vs_HYPERNETS_20251016T101500_RHOW_raw.csv,MAFR_raw,Hyp,S3B,Hyp vs S3B,2025-10-16T08:15:00Z,2025-10-16T08:38:08Z,0.7101,90.9091,-77.9519,CV >= 30%
S3B_20251016T103808_vs_HYPERNETS_20251016T103000_RHOW_raw.csv,MAFR_raw,Hyp,S3B,Hyp vs S3B,2025-10-16T08:30:00Z,2025-10-16T08:38:08Z,0.7196,85.0964,-65.7883,CV >= 30%
S3B_20251016T103808_vs_HYPERNETS_20251016T104500_RHOW_raw.csv,MAFR_raw,Hyp,S3B,Hyp vs S3B,2025-10-16T08:45:00Z,2025-10-16T08:38:08Z,0.7621,57.0897,-47.5924,CV >= 30%
S3B_20251016T103808_vs_HYPERNETS_20251016T110000_RHOW_raw.csv,MAFR_raw,Hyp,S3B,Hyp vs S3B,2025-10-16T09:00:00Z,2025-10-16T08:38:08Z,0.8881,16.9557,-8.9244,CV >= 30%
S3B_20251125T100049_vs_HYPERNETS_20251125T094500_RHOW_raw.csv,MAFR_raw,Hyp,S3B,Hyp vs S3B,2025-11-25T08:45:00Z,2025-11-25T09:00:49Z,0.6971,48.2034,-46.2808,CV >= 30%
S3B_20251125T100049_vs_HYPERNETS_20251125T100000_RHOW_raw.csv,MAFR_raw,Hyp,S3B,Hyp vs S3B,2025-11-25T09:00:00Z,2025-11-25T09:00:49Z,0.6333,60.0324,-57.7109,CV >= 30%
S3B_20251203T095321_vs_HYPERNETS_20251203T094500_RHOW_raw.csv,MAFR_raw,Hyp,S3B,Hyp vs S3B,2025-12-03T08:45:00Z,2025-12-03T08:53:21Z,0.7729,21.2353,-20.385,CV >= 30%
S3B_20251203T095321_vs_HYPERNETS_20251203T100000_RHOW_raw.csv,MAFR_raw,Hyp,S3B,Hyp vs S3B,2025-12-03T09:00:00Z,2025-12-03T08:53:21Z,0.6877,35.4836,-35.0879,CV >= 30%
S3B_20251203T095321_vs_HYPERNETS_20251203T101500_RHOW_raw.csv,MAFR_raw,Hyp,S3B,Hyp vs S3B,2025-12-03T09:15:00Z,2025-12-03T08:53:21Z,0.8231,19.5099,-11.1485,CV >= 30%
S3B_20251228T104542_vs_HYPERNETS_20251228T103000_RHOW_raw.csv,MAFR_raw,Hyp,S3B,Hyp vs S3B,2025-12-28T09:30:00Z,2025-12-28T09:45:42Z,0.9659,25.3709,-16.2748,CV >= 30%
S3B_20251228T104542_vs_HYPERNETS_20251228T104500_RHOW_raw.csv,MAFR_raw,Hyp,S3B,Hyp vs S3B,2025-12-28T09:45:00Z,2025-12-28T09:45:42Z,0.6614,72.477,-72.477,CV >= 30%
S3B_20251228T104542_vs_HYPERNETS_20251228T110000_RHOW_raw.csv,MAFR_raw,Hyp,S3B,Hyp vs S3B,2025-12-28T10:00:00Z,2025-12-28T09:45:42Z,0.8342,48.629,-39.7997,CV >= 30%
S3B_20251228T104542_vs_HYPERNETS_20251228T111500_RHOW_raw.csv,MAFR_raw,Hyp,S3B,Hyp vs S3B,2025-12-28T10:15:00Z,2025-12-28T09:45:42Z,0.9154,35.6942,-24.8725,CV >= 30%
S3A_20250117T102808_vs_HYPERNETS_20250117T100000_RHOW_R.csv,THFR,Hyp,S3A,Hyp vs S3A,2025-01-17T09:00:00Z,2025-01-17T09:28:08Z,2.4027,193.0072,193.0072,CV >= 30%
S3A_20250117T102808_vs_HYPERNETS_20250117T101500_RHOW_R.csv,THFR,Hyp,S3A,Hyp vs S3A,2025-01-17T09:15:00Z,2025-01-17T09:28:08Z,2.4476,200.4453,200.4453,CV >= 30%
S3A_20250117T102808_vs_HYPERNETS_20250117T103000_RHOW_R.csv,THFR,Hyp,S3A,Hyp vs S3A,2025-01-17T09:30:00Z,2025-01-17T09:28:08Z,2.396,250.0973,250.0973,CV >= 30%
S3A_20250117T102808_vs_HYPERNETS_20250117T104500_RHOW_R.csv,THFR,Hyp,S3A,Hyp vs S3A,2025-01-17T09:45:00Z,2025-01-17T09:28:08Z,2.3259,140.3579,140.3579,CV >= 30%
S3A_20250118T100157_vs_HYPERNETS_20250118T094500_RHOW_R.csv,THFR,Hyp,S3A,Hyp vs S3A,2025-01-18T08:45:00Z,2025-01-18T09:01:57Z,1.5314,137.3373,26.0549,CV >= 30%
S3A_20250118T100157_vs_HYPERNETS_20250118T100000_RHOW_R.csv,THFR,Hyp,S3A,Hyp vs S3A,2025-01-18T09:00:00Z,2025-01-18T09:01:57Z,1.5357,326.3721,83.1709,CV >= 30%
S3A_20250118T100157_vs_HYPERNETS_20250118T101500_RHOW_R.csv,THFR,Hyp,S3A,Hyp vs S3A,2025-01-18T09:15:00Z,2025-01-18T09:01:57Z,1.5475,303.6042,21.644,CV >= 30%
S3A_20250118T100157_vs_HYPERNETS_20250118T103000_RHOW_R.csv,THFR,Hyp,S3A,Hyp vs S3A,2025-01-18T09:30:00Z,2025-01-18T09:01:57Z,1.5395,308.6564,18.2554,CV >= 30%
S3A_20250129T101654_vs_HYPERNETS_20250129T101500_RHOW_R.csv,THFR,Hyp,S3A,Hyp vs S3A,2025-01-29T09:15:00Z,2025-01-29T09:16:54Z,1.5262,173.1613,-6.5284,CV >= 30%
S3A_20250129T101654_vs_HYPERNETS_20250129T103000_RHOW_R.csv,THFR,Hyp,S3A,Hyp vs S3A,2025-01-29T09:30:00Z,2025-01-29T09:16:54Z,1.5385,91.7892,-21.5805,CV >= 30%
S3A_20250129T101654_vs_HYPERNETS_20250129T104500_RHOW_R.csv,THFR,Hyp,S3A,Hyp vs S3A,2025-01-29T09:45:00Z,2025-01-29T09:16:54Z,1.4167,89.9476,-23.4919,CV >= 30%
S3A_20250206T100925_vs_HYPERNETS_20250206T094500_RHOW_R.csv,THFR,Hyp,S3A,Hyp vs S3A,2025-02-06T08:45:00Z,2025-02-06T09:09:25Z,2.2147,98.0461,68.1654,CV >= 30%
S3A_20250206T100925_vs_HYPERNETS_20250206T100000_RHOW_R.csv,THFR,Hyp,S3A,Hyp vs S3A,2025-02-06T09:00:00Z,2025-02-06T09:09:25Z,2.2248,98.499,69.1254,CV >= 30%
S3A_20250206T100925_vs_HYPERNETS_20250206T101500_RHOW_R.csv,THFR,Hyp,S3A,Hyp vs S3A,2025-02-06T09:15:00Z,2025-02-06T09:09:25Z,2.2169,90.8952,83.9155,CV >= 30%
S3A_20250206T100925_vs_HYPERNETS_20250206T103000_RHOW_R.csv,THFR,Hyp,S3A,Hyp vs S3A,2025-02-06T09:30:00Z,2025-02-06T09:09:25Z,2.2534,129.0472,125.8343,CV >= 30%
S3A_20250209T103153_vs_HYPERNETS_20250209T103000_RHOW_R.csv,THFR,Hyp,S3A,Hyp vs S3A,2025-02-09T09:30:00Z,2025-02-09T09:31:53Z,1.8348,72.5212,-33.0596,CV >= 30%
S3A_20250209T103153_vs_HYPERNETS_20250209T104500_RHOW_R.csv,THFR,Hyp,S3A,Hyp vs S3A,2025-02-09T09:45:00Z,2025-02-09T09:31:53Z,1.9063,93.6995,-27.3379,CV >= 30%
S3A_20250209T103153_vs_HYPERNETS_20250209T110000_RHOW_R.csv,THFR,Hyp,S3A,Hyp vs S3A,2025-02-09T10:00:00Z,2025-02-09T09:31:53Z,2.0632,89.2477,-24.34,CV >= 30%
S3A_20250213T102809_vs_HYPERNETS_20250213T100000_RHOW_R.csv,THFR,Hyp,S3A,Hyp vs S3A,2025-02-13T09:00:00Z,2025-02-13T09:28:09Z,3.9531,138.6681,69.4894,CV >= 30%
S3A_20250213T102809_vs_HYPERNETS_20250213T101500_RHOW_R.csv,THFR,Hyp,S3A,Hyp vs S3A,2025-02-13T09:15:00Z,2025-02-13T09:28:09Z,4.0398,194.6403,72.3976,CV >= 30%
S3A_20250213T102809_vs_HYPERNETS_20250213T103000_RHOW_R.csv,THFR,Hyp,S3A,Hyp vs S3A,2025-02-13T09:30:00Z,2025-02-13T09:28:09Z,3.8443,108.0342,66.1857,CV >= 30%
S3A_20250213T102809_vs_HYPERNETS_20250213T104500_RHOW_R.csv,THFR,Hyp,S3A,Hyp vs S3A,2025-02-13T09:45:00Z,2025-02-13T09:28:09Z,3.8526,106.8283,65.8277,CV >= 30%
S3A_20250529T100548_vs_HYPERNETS_20250529T094500_RHOW_R.csv,THFR,Hyp,S3A,Hyp vs S3A,2025-05-29T07:45:00Z,2025-05-29T08:05:48Z,0.6266,57.1516,-1.6785,CV >= 30%
S3A_20250529T100548_vs_HYPERNETS_20250529T100000_RHOW_R.csv,THFR,Hyp,S3A,Hyp vs S3A,2025-05-29T08:00:00Z,2025-05-29T08:05:48Z,0.626,57.4555,20.0428,CV >= 30%
S3A_20250529T100548_vs_HYPERNETS_20250529T101500_RHOW_R.csv,THFR,Hyp,S3A,Hyp vs S3A,2025-05-29T08:15:00Z,2025-05-29T08:05:48Z,0.6282,57.9352,-25.0649,CV >= 30%
S3A_20250529T100548_vs_HYPERNETS_20250529T103000_RHOW_R.csv,THFR,Hyp,S3A,Hyp vs S3A,2025-05-29T08:30:00Z,2025-05-29T08:05:48Z,0.6375,54.2833,0.8914,CV >= 30%
S3A_20250601T102815_vs_HYPERNETS_20250601T100000_RHOW_R.csv,THFR,Hyp,S3A,Hyp vs S3A,2025-06-01T08:00:00Z,2025-06-01T08:28:15Z,-2.6348,2707.8429,2707.8429,CV >= 30%
S3A_20250601T102815_vs_HYPERNETS_20250601T101500_RHOW_R.csv,THFR,Hyp,S3A,Hyp vs S3A,2025-06-01T08:15:00Z,2025-06-01T08:28:15Z,-2.8952,3020.9394,3020.9394,CV >= 30%
S3A_20250601T102815_vs_HYPERNETS_20250601T103000_RHOW_R.csv,THFR,Hyp,S3A,Hyp vs S3A,2025-06-01T08:30:00Z,2025-06-01T08:28:15Z,-2.6935,2612.7351,2612.7351,CV >= 30%
S3A_20250601T102815_vs_HYPERNETS_20250601T104600_RHOW_R.csv,THFR,Hyp,S3A,Hyp vs S3A,2025-06-01T08:46:00Z,2025-06-01T08:28:15Z,-2.6729,2705.1373,2705.1373,CV >= 30%
S3A_20250609T102044_vs_HYPERNETS_20250609T100000_RHOW_R.csv,THFR,Hyp,S3A,Hyp vs S3A,2025-06-09T08:00:00Z,2025-06-09T08:20:44Z,0.2484,381.5168,-264.4049,CV >= 30%
S3A_20250609T102044_vs_HYPERNETS_20250609T101500_RHOW_R.csv,THFR,Hyp,S3A,Hyp vs S3A,2025-06-09T08:15:00Z,2025-06-09T08:20:44Z,0.2484,445.6749,-262.4392,CV >= 30%
S3A_20250609T102044_vs_HYPERNETS_20250609T103000_RHOW_R.csv,THFR,Hyp,S3A,Hyp vs S3A,2025-06-09T08:30:00Z,2025-06-09T08:20:44Z,0.2484,355.8655,-262.8748,CV >= 30%
S3A_20250609T102044_vs_HYPERNETS_20250609T104500_RHOW_R.csv,THFR,Hyp,S3A,Hyp vs S3A,2025-06-09T08:45:00Z,2025-06-09T08:20:44Z,0.2425,478.512,-271.5667,CV >= 30%
S3A_20250610T095433_vs_HYPERNETS_20250610T093000_RHOW_R.csv,THFR,Hyp,S3A,Hyp vs S3A,2025-06-10T07:30:00Z,2025-06-10T07:54:33Z,0.149,85.1642,-31.0488,CV >= 30%
S3A_20250610T095433_vs_HYPERNETS_20250610T094500_RHOW_R.csv,THFR,Hyp,S3A,Hyp vs S3A,2025-06-10T07:45:00Z,2025-06-10T07:54:33Z,0.1449,62.5087,-19.3859,CV >= 30%
S3A_20250610T095433_vs_HYPERNETS_20250610T100000_RHOW_R.csv,THFR,Hyp,S3A,Hyp vs S3A,2025-06-10T08:00:00Z,2025-06-10T07:54:33Z,0.1451,104.2474,-48.7778,CV >= 30%
S3A_20250610T095433_vs_HYPERNETS_20250610T101500_RHOW_R.csv,THFR,Hyp,S3A,Hyp vs S3A,2025-06-10T08:15:00Z,2025-06-10T07:54:33Z,0.1539,78.9173,-17.2293,CV >= 30%
S3A_20250613T101700_vs_HYPERNETS_20250613T100000_RHOW_R.csv,THFR,Hyp,S3A,Hyp vs S3A,2025-06-13T08:00:00Z,2025-06-13T08:17:00Z,-0.0621,113.132,75.5558,CV >= 30%
S3A_20250613T101700_vs_HYPERNETS_20250613T101500_RHOW_R.csv,THFR,Hyp,S3A,Hyp vs S3A,2025-06-13T08:15:00Z,2025-06-13T08:17:00Z,-0.0635,155.3792,148.7725,CV >= 30%
S3A_20250613T101700_vs_HYPERNETS_20250613T103000_RHOW_R.csv,THFR,Hyp,S3A,Hyp vs S3A,2025-06-13T08:30:00Z,2025-06-13T08:17:00Z,-0.0649,124.8144,108.9617,CV >= 30%
S3A_20250613T101700_vs_HYPERNETS_20250613T104500_RHOW_R.csv,THFR,Hyp,S3A,Hyp vs S3A,2025-06-13T08:45:00Z,2025-06-13T08:17:00Z,-0.0656,169.5256,144.6568,CV >= 30%
S3A_20250617T101316_vs_HYPERNETS_20250617T094500_RHOW_R.csv,THFR,Hyp,S3A,Hyp vs S3A,2025-06-17T07:45:00Z,2025-06-17T08:13:16Z,0.2792,1124.8605,-364.3195,CV >= 30%
S3A_20250617T101316_vs_HYPERNETS_20250617T100000_RHOW_R.csv,THFR,Hyp,S3A,Hyp vs S3A,2025-06-17T08:00:00Z,2025-06-17T08:13:16Z,0.2718,2301.8356,-334.9043,CV >= 30%
S3A_20250617T101316_vs_HYPERNETS_20250617T101500_RHOW_R.csv,THFR,Hyp,S3A,Hyp vs S3A,2025-06-17T08:15:00Z,2025-06-17T08:13:16Z,0.2711,972.8882,-379.5896,CV >= 30%
S3A_20250617T101316_vs_HYPERNETS_20250617T103000_RHOW_R.csv,THFR,Hyp,S3A,Hyp vs S3A,2025-06-17T08:30:00Z,2025-06-17T08:13:16Z,0.2701,1483.383,-348.018,CV >= 30%
S3A_20250621T100932_vs_HYPERNETS_20250621T094500_RHOW_R.csv,THFR,Hyp,S3A,Hyp vs S3A,2025-06-21T07:45:00Z,2025-06-21T08:09:32Z,2.4577,204.4549,90.5039,CV >= 30%
S3A_20250621T100932_vs_HYPERNETS_20250621T100000_RHOW_R.csv,THFR,Hyp,S3A,Hyp vs S3A,2025-06-21T08:00:00Z,2025-06-21T08:09:32Z,2.356,234.9268,91.5913,CV >= 30%
S3A_20250621T100932_vs_HYPERNETS_20250621T101500_RHOW_R.csv,THFR,Hyp,S3A,Hyp vs S3A,2025-06-21T08:15:00Z,2025-06-21T08:09:32Z,2.2171,190.2127,82.7503,CV >= 30%
S3A_20250621T100932_vs_HYPERNETS_20250621T103000_RHOW_R.csv,THFR,Hyp,S3A,Hyp vs S3A,2025-06-21T08:30:00Z,2025-06-21T08:09:32Z,2.2768,176.9544,83.2363,CV >= 30%
S3A_20250625T100548_vs_HYPERNETS_20250625T094500_RHOW_R.csv,THFR,Hyp,S3A,Hyp vs S3A,2025-06-25T07:45:00Z,2025-06-25T08:05:48Z,3.1394,271.0355,66.3058,CV >= 30%
S3A_20250625T100548_vs_HYPERNETS_20250625T100000_RHOW_R.csv,THFR,Hyp,S3A,Hyp vs S3A,2025-06-25T08:00:00Z,2025-06-25T08:05:48Z,3.1404,265.5408,70.1552,CV >= 30%
S3A_20250625T100548_vs_HYPERNETS_20250625T103000_RHOW_R.csv,THFR,Hyp,S3A,Hyp vs S3A,2025-06-25T08:30:00Z,2025-06-25T08:05:48Z,3.2398,251.6242,71.972,CV >= 30%
S3A_20250628T102815_vs_HYPERNETS_20250628T100000_RHOW_R.csv,THFR,Hyp,S3A,Hyp vs S3A,2025-06-28T08:00:00Z,2025-06-28T08:28:15Z,-4.9175,3115.2405,3115.2405,CV >= 30%
S3A_20250628T102815_vs_HYPERNETS_20250628T101500_RHOW_R.csv,THFR,Hyp,S3A,Hyp vs S3A,2025-06-28T08:15:00Z,2025-06-28T08:28:15Z,-4.7211,3061.489,3061.489,CV >= 30%
S3A_20250628T102815_vs_HYPERNETS_20250628T103000_RHOW_R.csv,THFR,Hyp,S3A,Hyp vs S3A,2025-06-28T08:30:00Z,2025-06-28T08:28:15Z,-4.6768,3059.8086,3059.8086,CV >= 30%
S3A_20250628T102815_vs_HYPERNETS_20250628T104500_RHOW_R.csv,THFR,Hyp,S3A,Hyp vs S3A,2025-06-28T08:45:00Z,2025-06-28T08:28:15Z,-4.6186,3163.8669,3163.8669,CV >= 30%
S3A_20250629T100204_vs_HYPERNETS_20250629T094500_RHOW_R.csv,THFR,Hyp,S3A,Hyp vs S3A,2025-06-29T07:45:00Z,2025-06-29T08:02:04Z,0.9986,92.8222,-8.414,CV >= 30%
S3A_20250629T100204_vs_HYPERNETS_20250629T100000_RHOW_R.csv,THFR,Hyp,S3A,Hyp vs S3A,2025-06-29T08:00:00Z,2025-06-29T08:02:04Z,1.0048,73.5705,-11.4136,CV >= 30%
S3A_20250629T100204_vs_HYPERNETS_20250629T101500_RHOW_R.csv,THFR,Hyp,S3A,Hyp vs S3A,2025-06-29T08:15:00Z,2025-06-29T08:02:04Z,0.9795,62.0773,-14.7702,CV >= 30%
S3A_20250629T100204_vs_HYPERNETS_20250629T103000_RHOW_R.csv,THFR,Hyp,S3A,Hyp vs S3A,2025-06-29T08:30:00Z,2025-06-29T08:02:04Z,0.9872,68.8307,-17.1645,CV >= 30%
S3A_20250703T095819_vs_HYPERNETS_20250703T093000_RHOW_R.csv,THFR,Hyp,S3A,Hyp vs S3A,2025-07-03T07:30:00Z,2025-07-03T07:58:19Z,0.6857,267.9148,-111.6468,CV >= 30%
S3A_20250703T095819_vs_HYPERNETS_20250703T094500_RHOW_R.csv,THFR,Hyp,S3A,Hyp vs S3A,2025-07-03T07:45:00Z,2025-07-03T07:58:19Z,0.6937,198.4917,-108.9134,CV >= 30%
S3A_20250703T095819_vs_HYPERNETS_20250703T100000_RHOW_R.csv,THFR,Hyp,S3A,Hyp vs S3A,2025-07-03T08:00:00Z,2025-07-03T07:58:19Z,0.6588,298.2227,-118.182,CV >= 30%
S3A_20250703T095819_vs_HYPERNETS_20250703T101500_RHOW_R.csv,THFR,Hyp,S3A,Hyp vs S3A,2025-07-03T08:15:00Z,2025-07-03T07:58:19Z,0.5649,225.5386,-159.3968,CV >= 30%
S3A_20250707T095434_vs_HYPERNETS_20250707T101500_RHOW_R.csv,THFR,Hyp,S3A,Hyp vs S3A,2025-07-07T08:15:00Z,2025-07-07T07:54:34Z,1.6546,45.1562,6.1393,CV >= 30%
S3A_20250710T101700_vs_HYPERNETS_20250710T100000_RHOW_R.csv,THFR,Hyp,S3A,Hyp vs S3A,2025-07-10T08:00:00Z,2025-07-10T08:17:00Z,0.4408,250.6643,-148.2245,CV >= 30%
S3A_20250710T101700_vs_HYPERNETS_20250710T101500_RHOW_R.csv,THFR,Hyp,S3A,Hyp vs S3A,2025-07-10T08:15:00Z,2025-07-10T08:17:00Z,0.4563,241.6081,-129.3196,CV >= 30%
S3A_20250710T101700_vs_HYPERNETS_20250710T103000_RHOW_R.csv,THFR,Hyp,S3A,Hyp vs S3A,2025-07-10T08:30:00Z,2025-07-10T08:17:00Z,0.4501,260.4455,-166.8344,CV >= 30%
S3A_20250710T101700_vs_HYPERNETS_20250710T104500_RHOW_R.csv,THFR,Hyp,S3A,Hyp vs S3A,2025-07-10T08:45:00Z,2025-07-10T08:17:00Z,0.4572,251.4353,-136.9484,CV >= 30%
S3A_20250711T095050_vs_HYPERNETS_20250711T093000_RHOW_R.csv,THFR,Hyp,S3A,Hyp vs S3A,2025-07-11T07:30:00Z,2025-07-11T07:50:50Z,0.4408,145.9591,85.7707,CV >= 30%
S3A_20250711T095050_vs_HYPERNETS_20250711T094500_RHOW_R.csv,THFR,Hyp,S3A,Hyp vs S3A,2025-07-11T07:45:00Z,2025-07-11T07:50:50Z,0.4595,160.1551,15.5496,CV >= 30%
S3A_20250711T095050_vs_HYPERNETS_20250711T100000_RHOW_R.csv,THFR,Hyp,S3A,Hyp vs S3A,2025-07-11T08:00:00Z,2025-07-11T07:50:50Z,0.4802,129.095,62.7198,CV >= 30%
S3A_20250711T095050_vs_HYPERNETS_20250711T101500_RHOW_R.csv,THFR,Hyp,S3A,Hyp vs S3A,2025-07-11T08:15:00Z,2025-07-11T07:50:50Z,0.5503,114.3945,81.5787,CV >= 30%
S3A_20250714T101317_vs_HYPERNETS_20250714T094500_RHOW_R.csv,THFR,Hyp,S3A,Hyp vs S3A,2025-07-14T07:45:00Z,2025-07-14T08:13:17Z,0.3111,118.1282,30.6778,CV >= 30%
S3A_20250714T101317_vs_HYPERNETS_20250714T100000_RHOW_R.csv,THFR,Hyp,S3A,Hyp vs S3A,2025-07-14T08:00:00Z,2025-07-14T08:13:17Z,0.3142,100.2778,2.0183,CV >= 30%
S3A_20250714T101317_vs_HYPERNETS_20250714T101500_RHOW_R.csv,THFR,Hyp,S3A,Hyp vs S3A,2025-07-14T08:15:00Z,2025-07-14T08:13:17Z,0.3182,118.2431,28.8914,CV >= 30%
S3A_20250714T101317_vs_HYPERNETS_20250714T103000_RHOW_R.csv,THFR,Hyp,S3A,Hyp vs S3A,2025-07-14T08:30:00Z,2025-07-14T08:13:17Z,0.3232,116.5552,26.5244,CV >= 30%
S3A_20250718T100933_vs_HYPERNETS_20250718T094500_RHOW_R.csv,THFR,Hyp,S3A,Hyp vs S3A,2025-07-18T07:45:00Z,2025-07-18T08:09:33Z,3.064,146.2244,9.7649,CV >= 30%
S3A_20250718T100933_vs_HYPERNETS_20250718T100000_RHOW_R.csv,THFR,Hyp,S3A,Hyp vs S3A,2025-07-18T08:00:00Z,2025-07-18T08:09:33Z,3.0686,162.3766,8.0093,CV >= 30%
S3A_20250718T100933_vs_HYPERNETS_20250718T101500_RHOW_R.csv,THFR,Hyp,S3A,Hyp vs S3A,2025-07-18T08:15:00Z,2025-07-18T08:09:33Z,3.0104,175.8134,4.6248,CV >= 30%
S3A_20250718T100933_vs_HYPERNETS_20250718T103000_RHOW_R.csv,THFR,Hyp,S3A,Hyp vs S3A,2025-07-18T08:30:00Z,2025-07-18T08:09:33Z,3.107,157.2671,9.5966,CV >= 30%
S3A_20250722T100549_vs_HYPERNETS_20250722T094500_RHOW_R.csv,THFR,Hyp,S3A,Hyp vs S3A,2025-07-22T07:45:00Z,2025-07-22T08:05:49Z,0.7963,23.6054,-14.5564,CV >= 30%
S3A_20250722T100549_vs_HYPERNETS_20250722T100000_RHOW_R.csv,THFR,Hyp,S3A,Hyp vs S3A,2025-07-22T08:00:00Z,2025-07-22T08:05:49Z,0.8067,22.0112,-13.7666,CV >= 30%
S3A_20250722T100549_vs_HYPERNETS_20250722T101500_RHOW_R.csv,THFR,Hyp,S3A,Hyp vs S3A,2025-07-22T08:15:00Z,2025-07-22T08:05:49Z,0.8177,18.8381,-12.9514,CV >= 30%
S3A_20250722T100549_vs_HYPERNETS_20250722T103000_RHOW_R.csv,THFR,Hyp,S3A,Hyp vs S3A,2025-07-22T08:30:00Z,2025-07-22T08:05:49Z,0.81,23.1196,-15.8126,CV >= 30%
S3A_20250725T102815_vs_HYPERNETS_20250725T100000_RHOW_R.csv,THFR,Hyp,S3A,Hyp vs S3A,2025-07-25T08:00:00Z,2025-07-25T08:28:15Z,-0.6139,194.9602,-53.4983,CV >= 30%
S3A_20250725T102815_vs_HYPERNETS_20250725T101500_RHOW_R.csv,THFR,Hyp,S3A,Hyp vs S3A,2025-07-25T08:15:00Z,2025-07-25T08:28:15Z,-0.4762,259.3346,-84.4655,CV >= 30%
S3A_20250725T102815_vs_HYPERNETS_20250725T103000_RHOW_R.csv,THFR,Hyp,S3A,Hyp vs S3A,2025-07-25T08:30:00Z,2025-07-25T08:28:15Z,-0.6575,184.5167,-48.3426,CV >= 30%
S3A_20250726T100204_vs_HYPERNETS_20250726T094500_RHOW_R.csv,THFR,Hyp,S3A,Hyp vs S3A,2025-07-26T07:45:00Z,2025-07-26T08:02:04Z,1.3768,112.1733,-16.9691,CV >= 30%
S3A_20250726T100204_vs_HYPERNETS_20250726T100000_RHOW_R.csv,THFR,Hyp,S3A,Hyp vs S3A,2025-07-26T08:00:00Z,2025-07-26T08:02:04Z,1.4232,107.8566,-13.7781,CV >= 30%
S3A_20250726T100204_vs_HYPERNETS_20250726T101500_RHOW_R.csv,THFR,Hyp,S3A,Hyp vs S3A,2025-07-26T08:15:00Z,2025-07-26T08:02:04Z,1.4776,88.6274,-8.4617,CV >= 30%
S3A_20250726T100204_vs_HYPERNETS_20250726T103000_RHOW_R.csv,THFR,Hyp,S3A,Hyp vs S3A,2025-07-26T08:30:00Z,2025-07-26T08:02:04Z,1.5414,78.7011,-4.5091,CV >= 30%
S3A_20250729T102430_vs_HYPERNETS_20250729T104500_RHOW_R.csv,THFR,Hyp,S3A,Hyp vs S3A,2025-07-29T08:45:00Z,2025-07-29T08:24:30Z,NA,243.118,-243.118,CV >= 30%
S3A_20250730T095819_vs_HYPERNETS_20250730T094500_RHOW_R.csv,THFR,Hyp,S3A,Hyp vs S3A,2025-07-30T07:45:00Z,2025-07-30T07:58:19Z,2.3138,67.3296,49.8238,CV >= 30%
S3A_20250730T095819_vs_HYPERNETS_20250730T101600_RHOW_R.csv,THFR,Hyp,S3A,Hyp vs S3A,2025-07-30T08:16:00Z,2025-07-30T07:58:19Z,2.2597,51.9327,46.3601,CV >= 30%
S3A_20250802T102045_vs_HYPERNETS_20250802T101500_RHOW_R.csv,THFR,Hyp,S3A,Hyp vs S3A,2025-08-02T08:15:00Z,2025-08-02T08:20:45Z,0.4341,83.1775,-63.0749,CV >= 30%
S3A_20250802T102045_vs_HYPERNETS_20250802T104500_RHOW_R.csv,THFR,Hyp,S3A,Hyp vs S3A,2025-08-02T08:45:00Z,2025-08-02T08:20:45Z,1.1823,18.491,10.0779,CV >= 30%
S3A_20250806T101700_vs_HYPERNETS_20250806T100000_RHOW_R.csv,THFR,Hyp,S3A,Hyp vs S3A,2025-08-06T08:00:00Z,2025-08-06T08:17:00Z,0.384,67.8922,-7.1119,CV >= 30%
S3A_20250806T101700_vs_HYPERNETS_20250806T101500_RHOW_R.csv,THFR,Hyp,S3A,Hyp vs S3A,2025-08-06T08:15:00Z,2025-08-06T08:17:00Z,0.3653,75.0642,-9.1883,CV >= 30%
S3A_20250806T101700_vs_HYPERNETS_20250806T103000_RHOW_R.csv,THFR,Hyp,S3A,Hyp vs S3A,2025-08-06T08:30:00Z,2025-08-06T08:17:00Z,0.3854,75.3105,-19.277,CV >= 30%
S3A_20250806T101700_vs_HYPERNETS_20250806T104500_RHOW_R.csv,THFR,Hyp,S3A,Hyp vs S3A,2025-08-06T08:45:00Z,2025-08-06T08:17:00Z,0.3923,135.5759,28.0558,CV >= 30%
S3A_20250807T095049_vs_HYPERNETS_20250807T093000_RHOW_R.csv,THFR,Hyp,S3A,Hyp vs S3A,2025-08-07T07:30:00Z,2025-08-07T07:50:49Z,0.2561,248.5873,194.09,CV >= 30%
S3A_20250807T095049_vs_HYPERNETS_20250807T094500_RHOW_R.csv,THFR,Hyp,S3A,Hyp vs S3A,2025-08-07T07:45:00Z,2025-08-07T07:50:49Z,0.2534,237.1716,175.7491,CV >= 30%
S3A_20250807T095049_vs_HYPERNETS_20250807T100000_RHOW_R.csv,THFR,Hyp,S3A,Hyp vs S3A,2025-08-07T08:00:00Z,2025-08-07T07:50:49Z,0.2576,233.1289,181.759,CV >= 30%
S3A_20250807T095049_vs_HYPERNETS_20250807T101500_RHOW_R.csv,THFR,Hyp,S3A,Hyp vs S3A,2025-08-07T08:15:00Z,2025-08-07T07:50:49Z,0.2644,224.8716,183.1325,CV >= 30%
S3A_20250810T101315_vs_HYPERNETS_20250810T094500_RHOW_R.csv,THFR,Hyp,S3A,Hyp vs S3A,2025-08-10T07:45:00Z,2025-08-10T08:13:15Z,0.2322,185.7912,136.195,CV >= 30%
S3A_20250810T101315_vs_HYPERNETS_20250810T100000_RHOW_R.csv,THFR,Hyp,S3A,Hyp vs S3A,2025-08-10T08:00:00Z,2025-08-10T08:13:15Z,0.2318,179.5841,126.9358,CV >= 30%
S3A_20250810T101315_vs_HYPERNETS_20250810T101500_RHOW_R.csv,THFR,Hyp,S3A,Hyp vs S3A,2025-08-10T08:15:00Z,2025-08-10T08:13:15Z,0.235,145.1645,93.7601,CV >= 30%
S3A_20250810T101315_vs_HYPERNETS_20250810T103000_RHOW_R.csv,THFR,Hyp,S3A,Hyp vs S3A,2025-08-10T08:30:00Z,2025-08-10T08:13:15Z,0.2386,101.8036,55.8992,CV >= 30%
S3A_20250822T100201_vs_HYPERNETS_20250822T094500_RHOW_R.csv,THFR,Hyp,S3A,Hyp vs S3A,2025-08-22T07:45:00Z,2025-08-22T08:02:01Z,2.2326,117.4566,8.8696,CV >= 30%
S3A_20250822T100201_vs_HYPERNETS_20250822T100000_RHOW_R.csv,THFR,Hyp,S3A,Hyp vs S3A,2025-08-22T08:00:00Z,2025-08-22T08:02:01Z,2.3064,119.1265,12.0685,CV >= 30%
S3A_20250822T100201_vs_HYPERNETS_20250822T101500_RHOW_R.csv,THFR,Hyp,S3A,Hyp vs S3A,2025-08-22T08:15:00Z,2025-08-22T08:02:01Z,2.3528,118.5584,14.7067,CV >= 30%
S3A_20250822T100201_vs_HYPERNETS_20250822T103000_RHOW_R.csv,THFR,Hyp,S3A,Hyp vs S3A,2025-08-22T08:30:00Z,2025-08-22T08:02:01Z,2.3329,115.701,15.7247,CV >= 30%
S3A_20250902T101656_vs_HYPERNETS_20250902T100000_RHOW_R.csv,THFR,Hyp,S3A,Hyp vs S3A,2025-09-02T08:00:00Z,2025-09-02T08:16:56Z,1.015,70.0055,-18.3058,CV >= 30%
S3A_20250902T101656_vs_HYPERNETS_20250902T101500_RHOW_R.csv,THFR,Hyp,S3A,Hyp vs S3A,2025-09-02T08:15:00Z,2025-09-02T08:16:56Z,1.0146,69.4387,-18.7949,CV >= 30%
S3A_20250902T101656_vs_HYPERNETS_20250902T103000_RHOW_R.csv,THFR,Hyp,S3A,Hyp vs S3A,2025-09-02T08:30:00Z,2025-09-02T08:16:56Z,1.0382,72.6797,-15.4449,CV >= 30%
S3A_20250902T101656_vs_HYPERNETS_20250902T104500_RHOW_R.csv,THFR,Hyp,S3A,Hyp vs S3A,2025-09-02T08:45:00Z,2025-09-02T08:16:56Z,1.0411,74.8339,-15.1764,CV >= 30%
S3A_20250903T095044_vs_HYPERNETS_20250903T093000_RHOW_R.csv,THFR,Hyp,S3A,Hyp vs S3A,2025-09-03T07:30:00Z,2025-09-03T07:50:44Z,0.7039,70.4013,-54.7402,CV >= 30%
S3A_20250903T095044_vs_HYPERNETS_20250903T094500_RHOW_R.csv,THFR,Hyp,S3A,Hyp vs S3A,2025-09-03T07:45:00Z,2025-09-03T07:50:44Z,0.6714,70.6309,-50.7273,CV >= 30%
S3A_20250903T095044_vs_HYPERNETS_20250903T100000_RHOW_R.csv,THFR,Hyp,S3A,Hyp vs S3A,2025-09-03T08:00:00Z,2025-09-03T07:50:44Z,0.6837,76.378,-62.9506,CV >= 30%
S3A_20250903T095044_vs_HYPERNETS_20250903T101500_RHOW_R.csv,THFR,Hyp,S3A,Hyp vs S3A,2025-09-03T08:15:00Z,2025-09-03T07:50:44Z,0.6728,80.1065,-64.3104,CV >= 30%
S3A_20250906T101311_vs_HYPERNETS_20250906T094500_RHOW_R.csv,THFR,Hyp,S3A,Hyp vs S3A,2025-09-06T07:45:00Z,2025-09-06T08:13:11Z,1.5866,86.1995,-14.3139,CV >= 30%
S3A_20250906T101311_vs_HYPERNETS_20250906T100000_RHOW_R.csv,THFR,Hyp,S3A,Hyp vs S3A,2025-09-06T08:00:00Z,2025-09-06T08:13:11Z,1.6404,90.6261,-9.8423,CV >= 30%
S3A_20250906T101311_vs_HYPERNETS_20250906T101500_RHOW_R.csv,THFR,Hyp,S3A,Hyp vs S3A,2025-09-06T08:15:00Z,2025-09-06T08:13:11Z,1.6458,76.2668,-9.4942,CV >= 30%
S3A_20250906T101311_vs_HYPERNETS_20250906T103000_RHOW_R.csv,THFR,Hyp,S3A,Hyp vs S3A,2025-09-06T08:30:00Z,2025-09-06T08:13:11Z,1.719,85.1007,-6.07,CV >= 30%
S3A_20250910T100928_vs_HYPERNETS_20250910T094500_RHOW_R.csv,THFR,Hyp,S3A,Hyp vs S3A,2025-09-10T07:45:00Z,2025-09-10T08:09:28Z,1.1029,116.2902,-16.1268,CV >= 30%
S3A_20250910T100928_vs_HYPERNETS_20250910T100000_RHOW_R.csv,THFR,Hyp,S3A,Hyp vs S3A,2025-09-10T08:00:00Z,2025-09-10T08:09:28Z,1.0463,90.911,-23.1009,CV >= 30%
S3A_20250910T100928_vs_HYPERNETS_20250910T101500_RHOW_R.csv,THFR,Hyp,S3A,Hyp vs S3A,2025-09-10T08:15:00Z,2025-09-10T08:09:28Z,1.0935,99.8631,-15.8389,CV >= 30%
S3A_20250910T100928_vs_HYPERNETS_20250910T103000_RHOW_R.csv,THFR,Hyp,S3A,Hyp vs S3A,2025-09-10T08:30:00Z,2025-09-10T08:09:28Z,1.0785,82.8052,-17.1222,CV >= 30%
S3A_20250917T102811_vs_HYPERNETS_20250917T100000_RHOW_R.csv,THFR,Hyp,S3A,Hyp vs S3A,2025-09-17T08:00:00Z,2025-09-17T08:28:11Z,0.2712,558.1704,493.7394,CV >= 30%
S3A_20250917T102811_vs_HYPERNETS_20250917T101500_RHOW_R.csv,THFR,Hyp,S3A,Hyp vs S3A,2025-09-17T08:15:00Z,2025-09-17T08:28:11Z,0.273,582.9193,513.9338,CV >= 30%
S3A_20250917T102811_vs_HYPERNETS_20250917T103000_RHOW_R.csv,THFR,Hyp,S3A,Hyp vs S3A,2025-09-17T08:30:00Z,2025-09-17T08:28:11Z,0.2756,572.6767,518.9511,CV >= 30%
S3A_20250917T102811_vs_HYPERNETS_20250917T104500_RHOW_R.csv,THFR,Hyp,S3A,Hyp vs S3A,2025-09-17T08:45:00Z,2025-09-17T08:28:11Z,0.2771,705.2806,628.5034,CV >= 30%
S3A_20250918T100200_vs_HYPERNETS_20250918T094500_RHOW_R.csv,THFR,Hyp,S3A,Hyp vs S3A,2025-09-18T07:45:00Z,2025-09-18T08:02:00Z,1.0381,96.2036,-32.1208,CV >= 30%
S3A_20250918T100200_vs_HYPERNETS_20250918T100000_RHOW_R.csv,THFR,Hyp,S3A,Hyp vs S3A,2025-09-18T08:00:00Z,2025-09-18T08:02:00Z,1.0462,98.3183,-32.2923,CV >= 30%
S3A_20250918T100200_vs_HYPERNETS_20250918T101500_RHOW_R.csv,THFR,Hyp,S3A,Hyp vs S3A,2025-09-18T08:15:00Z,2025-09-18T08:02:00Z,1.0017,107.0199,-42.5366,CV >= 30%
S3A_20250918T100200_vs_HYPERNETS_20250918T103000_RHOW_R.csv,THFR,Hyp,S3A,Hyp vs S3A,2025-09-18T08:30:00Z,2025-09-18T08:02:00Z,0.995,95.7178,-43.6591,CV >= 30%
S3A_20250922T095817_vs_HYPERNETS_20250922T093000_RHOW_R.csv,THFR,Hyp,S3A,Hyp vs S3A,2025-09-22T07:30:00Z,2025-09-22T07:58:17Z,1.021,86.3552,-22.8292,CV >= 30%
S3A_20250922T095817_vs_HYPERNETS_20250922T094500_RHOW_R.csv,THFR,Hyp,S3A,Hyp vs S3A,2025-09-22T07:45:00Z,2025-09-22T07:58:17Z,1.0071,95.6675,-25.1478,CV >= 30%
S3A_20250922T095817_vs_HYPERNETS_20250922T100000_RHOW_R.csv,THFR,Hyp,S3A,Hyp vs S3A,2025-09-22T08:00:00Z,2025-09-22T07:58:17Z,1.0149,93.135,-22.9839,CV >= 30%
S3A_20250922T095817_vs_HYPERNETS_20250922T101500_RHOW_R.csv,THFR,Hyp,S3A,Hyp vs S3A,2025-09-22T08:15:00Z,2025-09-22T07:58:17Z,1.045,95.5666,-20.5037,CV >= 30%
S3A_20250925T102044_vs_HYPERNETS_20250925T100000_RHOW_R.csv,THFR,Hyp,S3A,Hyp vs S3A,2025-09-25T08:00:00Z,2025-09-25T08:20:44Z,1.0157,116.2082,-37.0098,CV >= 30%
S3A_20250925T102044_vs_HYPERNETS_20250925T101500_RHOW_R.csv,THFR,Hyp,S3A,Hyp vs S3A,2025-09-25T08:15:00Z,2025-09-25T08:20:44Z,1.0475,88.1648,-45.5811,CV >= 30%
S3A_20250925T102044_vs_HYPERNETS_20250925T104500_RHOW_R.csv,THFR,Hyp,S3A,Hyp vs S3A,2025-09-25T08:45:00Z,2025-09-25T08:20:44Z,1.0393,108.1903,-34.5315,CV >= 30%
S3A_20250926T095433_vs_HYPERNETS_20250926T093000_RHOW_R.csv,THFR,Hyp,S3A,Hyp vs S3A,2025-09-26T07:30:00Z,2025-09-26T07:54:33Z,2.7934,67.858,28.7257,CV >= 30%
S3A_20250926T095433_vs_HYPERNETS_20250926T100000_RHOW_R.csv,THFR,Hyp,S3A,Hyp vs S3A,2025-09-26T08:00:00Z,2025-09-26T07:54:33Z,2.8747,67.2746,31.7399,CV >= 30%
S3A_20250929T101700_vs_HYPERNETS_20250929T100000_RHOW_R.csv,THFR,Hyp,S3A,Hyp vs S3A,2025-09-29T08:00:00Z,2025-09-29T08:17:00Z,1.101,52.7108,-7.6486,CV >= 30%
S3A_20250929T101700_vs_HYPERNETS_20250929T101500_RHOW_R.csv,THFR,Hyp,S3A,Hyp vs S3A,2025-09-29T08:15:00Z,2025-09-29T08:17:00Z,1.0963,52.3568,-8.573,CV >= 30%
S3A_20250929T101700_vs_HYPERNETS_20250929T103000_RHOW_R.csv,THFR,Hyp,S3A,Hyp vs S3A,2025-09-29T08:30:00Z,2025-09-29T08:17:00Z,1.0989,45.6761,-1.6741,CV >= 30%
S3A_20250929T101700_vs_HYPERNETS_20250929T104500_RHOW_R.csv,THFR,Hyp,S3A,Hyp vs S3A,2025-09-29T08:45:00Z,2025-09-29T08:17:00Z,1.1209,28.7896,3.8108,CV >= 30%
S3A_20250930T095049_vs_HYPERNETS_20250930T093000_RHOW_R.csv,THFR,Hyp,S3A,Hyp vs S3A,2025-09-30T07:30:00Z,2025-09-30T07:50:49Z,0.8044,102.539,-38.1042,CV >= 30%
S3A_20250930T095049_vs_HYPERNETS_20250930T094500_RHOW_R.csv,THFR,Hyp,S3A,Hyp vs S3A,2025-09-30T07:45:00Z,2025-09-30T07:50:49Z,0.8066,95.2493,-40.5139,CV >= 30%
S3A_20250930T095049_vs_HYPERNETS_20250930T100000_RHOW_R.csv,THFR,Hyp,S3A,Hyp vs S3A,2025-09-30T08:00:00Z,2025-09-30T07:50:49Z,0.796,86.0429,-44.0829,CV >= 30%
S3A_20250930T095049_vs_HYPERNETS_20250930T101500_RHOW_R.csv,THFR,Hyp,S3A,Hyp vs S3A,2025-09-30T08:15:00Z,2025-09-30T07:50:49Z,0.794,88.0425,-43.1958,CV >= 30%
S3A_20251007T100931_vs_HYPERNETS_20251007T094500_RHOW_R.csv,THFR,Hyp,S3A,Hyp vs S3A,2025-10-07T07:45:00Z,2025-10-07T08:09:31Z,0.9009,78.9639,-27.5234,CV >= 30%
S3A_20251007T100931_vs_HYPERNETS_20251007T100000_RHOW_R.csv,THFR,Hyp,S3A,Hyp vs S3A,2025-10-07T08:00:00Z,2025-10-07T08:09:31Z,0.9041,75.0835,-26.9369,CV >= 30%
S3A_20251007T100931_vs_HYPERNETS_20251007T101500_RHOW_R.csv,THFR,Hyp,S3A,Hyp vs S3A,2025-10-07T08:15:00Z,2025-10-07T08:09:31Z,0.9105,51.0165,-24.5317,CV >= 30%
S3A_20251007T100931_vs_HYPERNETS_20251007T103000_RHOW_R.csv,THFR,Hyp,S3A,Hyp vs S3A,2025-10-07T08:30:00Z,2025-10-07T08:09:31Z,0.9605,41.0164,-20.6093,CV >= 30%
S3A_20251010T103157_vs_HYPERNETS_20251010T101500_RHOW_R.csv,THFR,Hyp,S3A,Hyp vs S3A,2025-10-10T08:15:00Z,2025-10-10T08:31:57Z,1.2375,37.7368,-4.3834,CV >= 30%
S3A_20251010T103157_vs_HYPERNETS_20251010T103000_RHOW_R.csv,THFR,Hyp,S3A,Hyp vs S3A,2025-10-10T08:30:00Z,2025-10-10T08:31:57Z,1.2683,36.3744,-2.3007,CV >= 30%
S3A_20251010T103157_vs_HYPERNETS_20251010T110000_RHOW_R.csv,THFR,Hyp,S3A,Hyp vs S3A,2025-10-10T09:00:00Z,2025-10-10T08:31:57Z,1.3179,26.7984,2.1649,CV >= 30%
S3A_20251011T100547_vs_HYPERNETS_20251011T094500_RHOW_R.csv,THFR,Hyp,S3A,Hyp vs S3A,2025-10-11T07:45:00Z,2025-10-11T08:05:47Z,0.9647,43.9824,-16.5998,CV >= 30%
S3A_20251011T100547_vs_HYPERNETS_20251011T100000_RHOW_R.csv,THFR,Hyp,S3A,Hyp vs S3A,2025-10-11T08:00:00Z,2025-10-11T08:05:47Z,0.9878,40.0883,-13.2232,CV >= 30%
S3A_20251011T100547_vs_HYPERNETS_20251011T101500_RHOW_R.csv,THFR,Hyp,S3A,Hyp vs S3A,2025-10-11T08:15:00Z,2025-10-11T08:05:47Z,1.0258,42.2345,-9.9554,CV >= 30%
S3A_20251011T100547_vs_HYPERNETS_20251011T103000_RHOW_R.csv,THFR,Hyp,S3A,Hyp vs S3A,2025-10-11T08:30:00Z,2025-10-11T08:05:47Z,1.0307,39.2219,-7.5184,CV >= 30%
S3A_20251014T102814_vs_HYPERNETS_20251014T100000_RHOW_R.csv,THFR,Hyp,S3A,Hyp vs S3A,2025-10-14T08:00:00Z,2025-10-14T08:28:14Z,-1.5758,3047.9746,3047.9746,CV >= 30%
S3A_20251014T102814_vs_HYPERNETS_20251014T101500_RHOW_R.csv,THFR,Hyp,S3A,Hyp vs S3A,2025-10-14T08:15:00Z,2025-10-14T08:28:14Z,-1.5756,3172.5623,3172.5623,CV >= 30%
S3A_20251014T102814_vs_HYPERNETS_20251014T103000_RHOW_R.csv,THFR,Hyp,S3A,Hyp vs S3A,2025-10-14T08:30:00Z,2025-10-14T08:28:14Z,-1.5908,3039.1547,3039.1547,CV >= 30%
S3A_20251014T102814_vs_HYPERNETS_20251014T104500_RHOW_R.csv,THFR,Hyp,S3A,Hyp vs S3A,2025-10-14T08:45:00Z,2025-10-14T08:28:14Z,-1.6073,3215.426,3215.426,CV >= 30%
S3A_20251015T100203_vs_HYPERNETS_20251015T094500_RHOW_R.csv,THFR,Hyp,S3A,Hyp vs S3A,2025-10-15T07:45:00Z,2025-10-15T08:02:03Z,1.8725,104.801,16.4598,CV >= 30%
S3A_20251015T100203_vs_HYPERNETS_20251015T100000_RHOW_R.csv,THFR,Hyp,S3A,Hyp vs S3A,2025-10-15T08:00:00Z,2025-10-15T08:02:03Z,1.8715,107.6193,15.8266,CV >= 30%
S3A_20251015T100203_vs_HYPERNETS_20251015T101500_RHOW_R.csv,THFR,Hyp,S3A,Hyp vs S3A,2025-10-15T08:15:00Z,2025-10-15T08:02:03Z,1.8534,108.001,14.395,CV >= 30%
S3A_20251015T100203_vs_HYPERNETS_20251015T103000_RHOW_R.csv,THFR,Hyp,S3A,Hyp vs S3A,2025-10-15T08:30:00Z,2025-10-15T08:02:03Z,1.9065,94.1247,18.1824,CV >= 30%
S3A_20251018T102430_vs_HYPERNETS_20251018T100000_RHOW_R.csv,THFR,Hyp,S3A,Hyp vs S3A,2025-10-18T08:00:00Z,2025-10-18T08:24:30Z,1.9091,47.1205,31.758,CV >= 30%
S3A_20251018T102430_vs_HYPERNETS_20251018T101500_RHOW_R.csv,THFR,Hyp,S3A,Hyp vs S3A,2025-10-18T08:15:00Z,2025-10-18T08:24:30Z,1.8973,47.0083,32.0772,CV >= 30%
S3A_20251018T102430_vs_HYPERNETS_20251018T103000_RHOW_R.csv,THFR,Hyp,S3A,Hyp vs S3A,2025-10-18T08:30:00Z,2025-10-18T08:24:30Z,1.9006,47.1265,32.2728,CV >= 30%
S3A_20251018T102430_vs_HYPERNETS_20251018T104500_RHOW_R.csv,THFR,Hyp,S3A,Hyp vs S3A,2025-10-18T08:45:00Z,2025-10-18T08:24:30Z,1.9653,54.1143,41.2625,CV >= 30%
S3A_20251023T095434_vs_HYPERNETS_20251023T094500_RHOW_R.csv,THFR,Hyp,S3A,Hyp vs S3A,2025-10-23T07:45:00Z,2025-10-23T07:54:34Z,3.535,78.8009,-4.7489,CV >= 30%
S3A_20251023T095434_vs_HYPERNETS_20251023T101500_RHOW_R.csv,THFR,Hyp,S3A,Hyp vs S3A,2025-10-23T08:15:00Z,2025-10-23T07:54:34Z,3.5894,71.0419,0.1329,CV >= 30%
S3A_20251030T101317_vs_HYPERNETS_20251030T094500_RHOW_R.csv,THFR,Hyp,S3A,Hyp vs S3A,2025-10-30T08:45:00Z,2025-10-30T09:13:17Z,0.7961,87.5911,-34.9114,CV >= 30%
S3A_20251030T101317_vs_HYPERNETS_20251030T100000_RHOW_R.csv,THFR,Hyp,S3A,Hyp vs S3A,2025-10-30T09:00:00Z,2025-10-30T09:13:17Z,0.8092,86.6196,-42.3684,CV >= 30%
S3A_20251030T101317_vs_HYPERNETS_20251030T101500_RHOW_R.csv,THFR,Hyp,S3A,Hyp vs S3A,2025-10-30T09:15:00Z,2025-10-30T09:13:17Z,0.8258,70.6819,-36.3422,CV >= 30%
S3A_20251030T101317_vs_HYPERNETS_20251030T103000_RHOW_R.csv,THFR,Hyp,S3A,Hyp vs S3A,2025-10-30T09:30:00Z,2025-10-30T09:13:17Z,0.8177,83.2637,-41.3474,CV >= 30%
S3A_20251103T100933_vs_HYPERNETS_20251103T094500_RHOW_R.csv,THFR,Hyp,S3A,Hyp vs S3A,2025-11-03T08:45:00Z,2025-11-03T09:09:33Z,1.2139,193.635,-24.5617,CV >= 30%
S3A_20251103T100933_vs_HYPERNETS_20251103T100000_RHOW_R.csv,THFR,Hyp,S3A,Hyp vs S3A,2025-11-03T09:00:00Z,2025-11-03T09:09:33Z,1.1751,201.3062,-20.067,CV >= 30%
S3A_20251103T100933_vs_HYPERNETS_20251103T101500_RHOW_R.csv,THFR,Hyp,S3A,Hyp vs S3A,2025-11-03T09:15:00Z,2025-11-03T09:09:33Z,1.1448,197.6572,-22.9962,CV >= 30%
S3A_20251103T100933_vs_HYPERNETS_20251103T103000_RHOW_R.csv,THFR,Hyp,S3A,Hyp vs S3A,2025-11-03T09:30:00Z,2025-11-03T09:09:33Z,1.2143,181.3595,-24.4736,CV >= 30%
S3A_20251107T100548_vs_HYPERNETS_20251107T094500_RHOW_R.csv,THFR,Hyp,S3A,Hyp vs S3A,2025-11-07T08:45:00Z,2025-11-07T09:05:48Z,1.1206,21.8518,9.1972,CV >= 30%
S3A_20251107T100548_vs_HYPERNETS_20251107T100000_RHOW_R.csv,THFR,Hyp,S3A,Hyp vs S3A,2025-11-07T09:00:00Z,2025-11-07T09:05:48Z,1.1759,21.1841,14.5799,CV >= 30%
S3A_20251107T100548_vs_HYPERNETS_20251107T101500_RHOW_R.csv,THFR,Hyp,S3A,Hyp vs S3A,2025-11-07T09:15:00Z,2025-11-07T09:05:48Z,1.1119,22.299,7.3703,CV >= 30%
S3A_20251107T100548_vs_HYPERNETS_20251107T103000_RHOW_R.csv,THFR,Hyp,S3A,Hyp vs S3A,2025-11-07T09:30:00Z,2025-11-07T09:05:48Z,1.1209,22.4276,11.0374,CV >= 30%
S3A_20251115T095817_vs_HYPERNETS_20251115T093000_RHOW_R.csv,THFR,Hyp,S3A,Hyp vs S3A,2025-11-15T08:30:00Z,2025-11-15T08:58:17Z,1.8222,73.8304,-2.4251,CV >= 30%
S3A_20251115T095817_vs_HYPERNETS_20251115T094500_RHOW_R.csv,THFR,Hyp,S3A,Hyp vs S3A,2025-11-15T08:45:00Z,2025-11-15T08:58:17Z,1.8127,73.8754,-2.5829,CV >= 30%
S3A_20251115T095817_vs_HYPERNETS_20251115T100000_RHOW_R.csv,THFR,Hyp,S3A,Hyp vs S3A,2025-11-15T09:00:00Z,2025-11-15T08:58:17Z,1.8354,83.4519,-2.3141,CV >= 30%
S3A_20251115T095817_vs_HYPERNETS_20251115T101500_RHOW_R.csv,THFR,Hyp,S3A,Hyp vs S3A,2025-11-15T09:15:00Z,2025-11-15T08:58:17Z,1.842,69.6911,-0.93,CV >= 30%
S3A_20251118T102044_vs_HYPERNETS_20251118T100000_RHOW_R.csv,THFR,Hyp,S3A,Hyp vs S3A,2025-11-18T09:00:00Z,2025-11-18T09:20:44Z,0.9264,63.4169,-20.0281,CV >= 30%
S3A_20251118T102044_vs_HYPERNETS_20251118T101500_RHOW_R.csv,THFR,Hyp,S3A,Hyp vs S3A,2025-11-18T09:15:00Z,2025-11-18T09:20:44Z,0.8904,42.0155,-24.3315,CV >= 30%
S3A_20251118T102044_vs_HYPERNETS_20251118T103000_RHOW_R.csv,THFR,Hyp,S3A,Hyp vs S3A,2025-11-18T09:30:00Z,2025-11-18T09:20:44Z,0.9069,71.9919,-15.8835,CV >= 30%
S3A_20251118T102044_vs_HYPERNETS_20251118T104500_RHOW_R.csv,THFR,Hyp,S3A,Hyp vs S3A,2025-11-18T09:45:00Z,2025-11-18T09:20:44Z,0.8163,72.5069,-45.4446,CV >= 30%
S3A_20251119T095433_vs_HYPERNETS_20251119T093000_RHOW_R.csv,THFR,Hyp,S3A,Hyp vs S3A,2025-11-19T08:30:00Z,2025-11-19T08:54:33Z,42.9586,1576.9112,1576.9112,CV >= 30%
S3A_20251119T095433_vs_HYPERNETS_20251119T100000_RHOW_R.csv,THFR,Hyp,S3A,Hyp vs S3A,2025-11-19T09:00:00Z,2025-11-19T08:54:33Z,16.5232,2046.8449,2046.8449,CV >= 30%
S3A_20251119T095433_vs_HYPERNETS_20251119T101500_RHOW_R.csv,THFR,Hyp,S3A,Hyp vs S3A,2025-11-19T09:15:00Z,2025-11-19T08:54:33Z,10.2124,861.3444,861.3444,CV >= 30%
S3A_20251122T101659_vs_HYPERNETS_20251122T100000_RHOW_R.csv,THFR,Hyp,S3A,Hyp vs S3A,2025-11-22T09:00:00Z,2025-11-22T09:16:59Z,1.1233,64.1701,-18.9645,CV >= 30%
S3A_20251122T101659_vs_HYPERNETS_20251122T101500_RHOW_R.csv,THFR,Hyp,S3A,Hyp vs S3A,2025-11-22T09:15:00Z,2025-11-22T09:16:59Z,1.0672,160.0529,-42.663,CV >= 30%
S3A_20251122T101659_vs_HYPERNETS_20251122T103000_RHOW_R.csv,THFR,Hyp,S3A,Hyp vs S3A,2025-11-22T09:30:00Z,2025-11-22T09:16:59Z,1.0611,80.8029,-29.0193,CV >= 30%
S3A_20251122T101659_vs_HYPERNETS_20251122T104500_RHOW_R.csv,THFR,Hyp,S3A,Hyp vs S3A,2025-11-22T09:45:00Z,2025-11-22T09:16:59Z,1.0211,148.8837,-49.0503,CV >= 30%
S3A_20251126T101315_vs_HYPERNETS_20251126T094500_RHOW_R.csv,THFR,Hyp,S3A,Hyp vs S3A,2025-11-26T08:45:00Z,2025-11-26T09:13:15Z,1.5683,145.7595,-28.1859,CV >= 30%
S3A_20251126T101315_vs_HYPERNETS_20251126T100000_RHOW_R.csv,THFR,Hyp,S3A,Hyp vs S3A,2025-11-26T09:00:00Z,2025-11-26T09:13:15Z,1.4516,105.7533,-25.5466,CV >= 30%
S3A_20251126T101315_vs_HYPERNETS_20251126T101500_RHOW_R.csv,THFR,Hyp,S3A,Hyp vs S3A,2025-11-26T09:15:00Z,2025-11-26T09:13:15Z,1.57,160.4022,-6.1384,CV >= 30%
S3A_20251126T101315_vs_HYPERNETS_20251126T103000_RHOW_R.csv,THFR,Hyp,S3A,Hyp vs S3A,2025-11-26T09:30:00Z,2025-11-26T09:13:15Z,1.4755,184.0437,-14.1616,CV >= 30%
S3A_20251130T100930_vs_HYPERNETS_20251130T094500_RHOW_R.csv,THFR,Hyp,S3A,Hyp vs S3A,2025-11-30T08:45:00Z,2025-11-30T09:09:30Z,0.242,159.4392,116.5176,CV >= 30%
S3A_20251130T100930_vs_HYPERNETS_20251130T100000_RHOW_R.csv,THFR,Hyp,S3A,Hyp vs S3A,2025-11-30T09:00:00Z,2025-11-30T09:09:30Z,0.2514,467.5416,467.5416,CV >= 30%
S3A_20251130T100930_vs_HYPERNETS_20251130T103000_RHOW_R.csv,THFR,Hyp,S3A,Hyp vs S3A,2025-11-30T09:30:00Z,2025-11-30T09:09:30Z,0.2409,992.2329,992.2329,CV >= 30%
S3A_20251203T103156_vs_HYPERNETS_20251203T101500_RHOW_R.csv,THFR,Hyp,S3A,Hyp vs S3A,2025-12-03T09:15:00Z,2025-12-03T09:31:56Z,1.3031,109.8363,94.6498,CV >= 30%
S3A_20251203T103156_vs_HYPERNETS_20251203T103000_RHOW_R.csv,THFR,Hyp,S3A,Hyp vs S3A,2025-12-03T09:30:00Z,2025-12-03T09:31:56Z,1.2394,85.874,65.8337,CV >= 30%
S3A_20251203T103156_vs_HYPERNETS_20251203T104500_RHOW_R.csv,THFR,Hyp,S3A,Hyp vs S3A,2025-12-03T09:45:00Z,2025-12-03T09:31:56Z,-1.116,126.3237,126.3237,CV >= 30%
S3A_20251203T103156_vs_HYPERNETS_20251203T110000_RHOW_R.csv,THFR,Hyp,S3A,Hyp vs S3A,2025-12-03T10:00:00Z,2025-12-03T09:31:56Z,1.2433,86.9022,36.7809,CV >= 30%
S3A_20251208T100159_vs_HYPERNETS_20251208T094500_RHOW_R.csv,THFR,Hyp,S3A,Hyp vs S3A,2025-12-08T08:45:00Z,2025-12-08T09:01:59Z,0.8525,221.2205,-36.5673,CV >= 30%
S3A_20251208T100159_vs_HYPERNETS_20251208T100000_RHOW_R.csv,THFR,Hyp,S3A,Hyp vs S3A,2025-12-08T09:00:00Z,2025-12-08T09:01:59Z,0.8637,152.3974,-44.282,CV >= 30%
S3A_20251208T100159_vs_HYPERNETS_20251208T101500_RHOW_R.csv,THFR,Hyp,S3A,Hyp vs S3A,2025-12-08T09:15:00Z,2025-12-08T09:01:59Z,0.8491,123.8857,-49.7451,CV >= 30%
S3A_20251208T100159_vs_HYPERNETS_20251208T103000_RHOW_R.csv,THFR,Hyp,S3A,Hyp vs S3A,2025-12-08T09:30:00Z,2025-12-08T09:01:59Z,0.8333,132.7949,-52.7285,CV >= 30%
S3A_20251230T103156_vs_HYPERNETS_20251230T101500_RHOW_R.csv,THFR,Hyp,S3A,Hyp vs S3A,2025-12-30T09:15:00Z,2025-12-30T09:31:56Z,2.1629,80.7257,61.4268,CV >= 30%
S3A_20251230T103156_vs_HYPERNETS_20251230T103000_RHOW_R.csv,THFR,Hyp,S3A,Hyp vs S3A,2025-12-30T09:30:00Z,2025-12-30T09:31:56Z,2.1728,65.8055,65.8055,CV >= 30%
S3A_20251230T103156_vs_HYPERNETS_20251230T104500_RHOW_R.csv,THFR,Hyp,S3A,Hyp vs S3A,2025-12-30T09:45:00Z,2025-12-30T09:31:56Z,2.0306,62.2829,44.4012,CV >= 30%
S3A_20251230T103156_vs_HYPERNETS_20251230T110000_RHOW_R.csv,THFR,Hyp,S3A,Hyp vs S3A,2025-12-30T10:00:00Z,2025-12-30T09:31:56Z,2.073,66.0838,48.7304,CV >= 30%
S3A_20251231T100545_vs_HYPERNETS_20251231T094500_RHOW_R.csv,THFR,Hyp,S3A,Hyp vs S3A,2025-12-31T08:45:00Z,2025-12-31T09:05:45Z,1.259,21.9885,12.3508,CV >= 30%
S3A_20251231T100545_vs_HYPERNETS_20251231T100000_RHOW_R.csv,THFR,Hyp,S3A,Hyp vs S3A,2025-12-31T09:00:00Z,2025-12-31T09:05:45Z,1.3657,48.266,6.0068,CV >= 30%
S3A_20251231T100545_vs_HYPERNETS_20251231T101500_RHOW_R.csv,THFR,Hyp,S3A,Hyp vs S3A,2025-12-31T09:15:00Z,2025-12-31T09:05:45Z,1.3424,43.2371,2.8239,CV >= 30%
S3A_20251231T100545_vs_HYPERNETS_20251231T103000_RHOW_R.csv,THFR,Hyp,S3A,Hyp vs S3A,2025-12-31T09:30:00Z,2025-12-31T09:05:45Z,1.3507,46.7972,2.2424,CV >= 30%
S3B_20250117T094918_vs_HYPERNETS_20250117T093000_RHOW_R.csv,THFR,Hyp,S3B,Hyp vs S3B,2025-01-17T08:30:00Z,2025-01-17T08:49:18Z,2.3296,88.5986,81.0696,CV >= 30%
S3B_20250117T094918_vs_HYPERNETS_20250117T094500_RHOW_R.csv,THFR,Hyp,S3B,Hyp vs S3B,2025-01-17T08:45:00Z,2025-01-17T08:49:18Z,NA,NA,NA,CV >= 30%
S3B_20250117T094918_vs_HYPERNETS_20250117T100000_RHOW_R.csv,THFR,Hyp,S3B,Hyp vs S3B,2025-01-17T09:00:00Z,2025-01-17T08:49:18Z,NA,NA,NA,CV >= 30%
S3B_20250117T094918_vs_HYPERNETS_20250117T101500_RHOW_R.csv,THFR,Hyp,S3B,Hyp vs S3B,2025-01-17T09:15:00Z,2025-01-17T08:49:18Z,-284.5783,13613.0094,13613.0094,CV >= 30%
S3B_20250204T102256_vs_HYPERNETS_20250204T100000_RHOW_R.csv,THFR,Hyp,S3B,Hyp vs S3B,2025-02-04T09:00:00Z,2025-02-04T09:22:56Z,2.338,48.7209,48.7209,CV >= 30%
S3B_20250204T102256_vs_HYPERNETS_20250204T103000_RHOW_R.csv,THFR,Hyp,S3B,Hyp vs S3B,2025-02-04T09:30:00Z,2025-02-04T09:22:56Z,2.2423,41.5832,39.492,CV >= 30%
S3B_20250204T102256_vs_HYPERNETS_20250204T104500_RHOW_R.csv,THFR,Hyp,S3B,Hyp vs S3B,2025-02-04T09:45:00Z,2025-02-04T09:22:56Z,2.2584,58.2281,58.2281,CV >= 30%
S3B_20250205T095645_vs_HYPERNETS_20250205T093000_RHOW_R.csv,THFR,Hyp,S3B,Hyp vs S3B,2025-02-05T08:30:00Z,2025-02-05T08:56:45Z,2.3187,64.3694,48.1551,CV >= 30%
S3B_20250205T095645_vs_HYPERNETS_20250205T094500_RHOW_R.csv,THFR,Hyp,S3B,Hyp vs S3B,2025-02-05T08:45:00Z,2025-02-05T08:56:45Z,2.228,101.9727,43.9995,CV >= 30%
S3B_20250205T095645_vs_HYPERNETS_20250205T100000_RHOW_R.csv,THFR,Hyp,S3B,Hyp vs S3B,2025-02-05T09:00:00Z,2025-02-05T08:56:45Z,2.244,93.6436,45.9693,CV >= 30%
S3B_20250205T095645_vs_HYPERNETS_20250205T101500_RHOW_R.csv,THFR,Hyp,S3B,Hyp vs S3B,2025-02-05T09:15:00Z,2025-02-05T08:56:45Z,2.2065,91.9273,43.4818,CV >= 30%
S3B_20250213T094920_vs_HYPERNETS_20250213T100000_RHOW_R.csv,THFR,Hyp,S3B,Hyp vs S3B,2025-02-13T09:00:00Z,2025-02-13T08:49:20Z,-14.9517,137.5606,137.5606,CV >= 30%
S3B_20250213T094920_vs_HYPERNETS_20250213T101500_RHOW_R.csv,THFR,Hyp,S3B,Hyp vs S3B,2025-02-13T09:15:00Z,2025-02-13T08:49:20Z,-18.6598,117.3015,117.3015,CV >= 30%
S3B_20250216T101147_vs_HYPERNETS_20250216T094500_RHOW_R.csv,THFR,Hyp,S3B,Hyp vs S3B,2025-02-16T08:45:00Z,2025-02-16T09:11:47Z,-0.1204,177.6123,158.6597,CV >= 30%
S3B_20250216T101147_vs_HYPERNETS_20250216T100000_RHOW_R.csv,THFR,Hyp,S3B,Hyp vs S3B,2025-02-16T09:00:00Z,2025-02-16T09:11:47Z,-0.1206,320.8073,245.3952,CV >= 30%
S3B_20250216T101147_vs_HYPERNETS_20250216T101500_RHOW_R.csv,THFR,Hyp,S3B,Hyp vs S3B,2025-02-16T09:15:00Z,2025-02-16T09:11:47Z,-0.1214,388.2648,318.0059,CV >= 30%
S3B_20250531T101538_vs_HYPERNETS_20250531T103100_RHOW_R.csv,THFR,Hyp,S3B,Hyp vs S3B,2025-05-31T08:31:00Z,2025-05-31T08:15:38Z,0.2067,286.9868,-42.2818,CV >= 30%
S3B_20250601T094927_vs_HYPERNETS_20250601T093000_RHOW_R.csv,THFR,Hyp,S3B,Hyp vs S3B,2025-06-01T07:30:00Z,2025-06-01T07:49:27Z,0.386,1377.2257,1377.2257,CV >= 30%
S3B_20250601T094927_vs_HYPERNETS_20250601T094500_RHOW_R.csv,THFR,Hyp,S3B,Hyp vs S3B,2025-06-01T07:45:00Z,2025-06-01T07:49:27Z,0.4016,1451.4577,1451.4577,CV >= 30%
S3B_20250601T094927_vs_HYPERNETS_20250601T100000_RHOW_R.csv,THFR,Hyp,S3B,Hyp vs S3B,2025-06-01T08:00:00Z,2025-06-01T07:49:27Z,0.3956,1093.0062,1093.0062,CV >= 30%
S3B_20250601T094927_vs_HYPERNETS_20250601T101500_RHOW_R.csv,THFR,Hyp,S3B,Hyp vs S3B,2025-06-01T08:15:00Z,2025-06-01T07:49:27Z,0.3563,1239.2454,1239.2454,CV >= 30%
S3B_20250604T101153_vs_HYPERNETS_20250604T101500_RHOW_R.csv,THFR,Hyp,S3B,Hyp vs S3B,2025-06-04T08:15:00Z,2025-06-04T08:11:53Z,5.4458,160.5371,85.9698,CV >= 30%
S3B_20250604T101153_vs_HYPERNETS_20250604T103000_RHOW_R.csv,THFR,Hyp,S3B,Hyp vs S3B,2025-06-04T08:30:00Z,2025-06-04T08:11:53Z,5.5112,157.2023,47.6257,CV >= 30%
S3B_20250608T100809_vs_HYPERNETS_20250608T094500_RHOW_R.csv,THFR,Hyp,S3B,Hyp vs S3B,2025-06-08T07:45:00Z,2025-06-08T08:08:09Z,1.4486,16.0945,16.0945,CV >= 30%
S3B_20250608T100809_vs_HYPERNETS_20250608T100000_RHOW_R.csv,THFR,Hyp,S3B,Hyp vs S3B,2025-06-08T08:00:00Z,2025-06-08T08:08:09Z,0.9448,24.8542,-8.9496,CV >= 30%
S3B_20250611T103037_vs_HYPERNETS_20250611T101500_RHOW_R.csv,THFR,Hyp,S3B,Hyp vs S3B,2025-06-11T08:15:00Z,2025-06-11T08:30:37Z,0.7393,29.0176,29.0176,CV >= 30%
S3B_20250611T103037_vs_HYPERNETS_20250611T103000_RHOW_R.csv,THFR,Hyp,S3B,Hyp vs S3B,2025-06-11T08:30:00Z,2025-06-11T08:30:37Z,0.7538,30.4015,30.4015,CV >= 30%
S3B_20250611T103037_vs_HYPERNETS_20250611T104500_RHOW_R.csv,THFR,Hyp,S3B,Hyp vs S3B,2025-06-11T08:45:00Z,2025-06-11T08:30:37Z,0.7642,28.3247,28.3247,CV >= 30%
S3B_20250611T103037_vs_HYPERNETS_20250611T110000_RHOW_R.csv,THFR,Hyp,S3B,Hyp vs S3B,2025-06-11T09:00:00Z,2025-06-11T08:30:37Z,0.7855,33.8661,33.8661,CV >= 30%
S3B_20250616T100043_vs_HYPERNETS_20250616T094500_RHOW_R.csv,THFR,Hyp,S3B,Hyp vs S3B,2025-06-16T07:45:00Z,2025-06-16T08:00:43Z,0.4361,170.0916,75.2969,CV >= 30%
S3B_20250616T100043_vs_HYPERNETS_20250616T100000_RHOW_R.csv,THFR,Hyp,S3B,Hyp vs S3B,2025-06-16T08:00:00Z,2025-06-16T08:00:43Z,0.4365,163.1998,44.4186,CV >= 30%
S3B_20250616T100043_vs_HYPERNETS_20250616T101500_RHOW_R.csv,THFR,Hyp,S3B,Hyp vs S3B,2025-06-16T08:15:00Z,2025-06-16T08:00:43Z,0.4381,141.8244,26.9527,CV >= 30%
S3B_20250616T100043_vs_HYPERNETS_20250616T103000_RHOW_R.csv,THFR,Hyp,S3B,Hyp vs S3B,2025-06-16T08:30:00Z,2025-06-16T08:00:43Z,0.427,140.4281,31.2642,CV >= 30%
S3B_20250619T102310_vs_HYPERNETS_20250619T100000_RHOW_R.csv,THFR,Hyp,S3B,Hyp vs S3B,2025-06-19T08:00:00Z,2025-06-19T08:23:10Z,0.077,1124.9295,-1124.9295,CV >= 30%
S3B_20250619T102310_vs_HYPERNETS_20250619T101500_RHOW_R.csv,THFR,Hyp,S3B,Hyp vs S3B,2025-06-19T08:15:00Z,2025-06-19T08:23:10Z,0.0764,1146.114,-1146.114,CV >= 30%
S3B_20250619T102310_vs_HYPERNETS_20250619T103000_RHOW_R.csv,THFR,Hyp,S3B,Hyp vs S3B,2025-06-19T08:30:00Z,2025-06-19T08:23:10Z,0.0732,1202.0651,-1202.0651,CV >= 30%
S3B_20250619T102310_vs_HYPERNETS_20250619T104500_RHOW_R.csv,THFR,Hyp,S3B,Hyp vs S3B,2025-06-19T08:45:00Z,2025-06-19T08:23:10Z,0.0743,1205.5722,-1170.2139,CV >= 30%
S3B_20250620T095659_vs_HYPERNETS_20250620T093000_RHOW_R.csv,THFR,Hyp,S3B,Hyp vs S3B,2025-06-20T07:30:00Z,2025-06-20T07:56:59Z,0.3456,1050.9813,1050.9813,CV >= 30%
S3B_20250620T095659_vs_HYPERNETS_20250620T094500_RHOW_R.csv,THFR,Hyp,S3B,Hyp vs S3B,2025-06-20T07:45:00Z,2025-06-20T07:56:59Z,0.3462,951.273,951.273,CV >= 30%
S3B_20250620T095659_vs_HYPERNETS_20250620T100000_RHOW_R.csv,THFR,Hyp,S3B,Hyp vs S3B,2025-06-20T08:00:00Z,2025-06-20T07:56:59Z,0.347,922.2958,922.2958,CV >= 30%
S3B_20250620T095659_vs_HYPERNETS_20250620T101500_RHOW_R.csv,THFR,Hyp,S3B,Hyp vs S3B,2025-06-20T08:15:00Z,2025-06-20T07:56:59Z,0.35,875.9532,875.9532,CV >= 30%
S3B_20250623T101926_vs_HYPERNETS_20250623T100000_RHOW_R.csv,THFR,Hyp,S3B,Hyp vs S3B,2025-06-23T08:00:00Z,2025-06-23T08:19:26Z,-0.5467,205.9355,-191.4012,CV >= 30%
S3B_20250623T101926_vs_HYPERNETS_20250623T101500_RHOW_R.csv,THFR,Hyp,S3B,Hyp vs S3B,2025-06-23T08:15:00Z,2025-06-23T08:19:26Z,-0.5408,673.6911,-138.4729,CV >= 30%
S3B_20250623T101926_vs_HYPERNETS_20250623T103000_RHOW_R.csv,THFR,Hyp,S3B,Hyp vs S3B,2025-06-23T08:30:00Z,2025-06-23T08:19:26Z,-0.524,477.2122,-158.4651,CV >= 30%
S3B_20250623T101926_vs_HYPERNETS_20250623T104500_RHOW_R.csv,THFR,Hyp,S3B,Hyp vs S3B,2025-06-23T08:45:00Z,2025-06-23T08:19:26Z,-0.5276,204.6296,-204.6296,CV >= 30%
S3B_20250624T095315_vs_HYPERNETS_20250624T093000_RHOW_R.csv,THFR,Hyp,S3B,Hyp vs S3B,2025-06-24T07:30:00Z,2025-06-24T07:53:15Z,0.2056,349.2734,297.6814,CV >= 30%
S3B_20250624T095315_vs_HYPERNETS_20250624T094500_RHOW_R.csv,THFR,Hyp,S3B,Hyp vs S3B,2025-06-24T07:45:00Z,2025-06-24T07:53:15Z,0.2087,373.5532,331.4962,CV >= 30%
S3B_20250624T095315_vs_HYPERNETS_20250624T100000_RHOW_R.csv,THFR,Hyp,S3B,Hyp vs S3B,2025-06-24T08:00:00Z,2025-06-24T07:53:15Z,0.2059,339.8669,288.5927,CV >= 30%
S3B_20250624T095315_vs_HYPERNETS_20250624T101500_RHOW_R.csv,THFR,Hyp,S3B,Hyp vs S3B,2025-06-24T08:15:00Z,2025-06-24T07:53:15Z,0.2068,481.5025,481.5025,CV >= 30%
S3B_20250627T101542_vs_HYPERNETS_20250627T100000_RHOW_R.csv,THFR,Hyp,S3B,Hyp vs S3B,2025-06-27T08:00:00Z,2025-06-27T08:15:42Z,0.5783,111.2438,-98.8855,CV >= 30%
S3B_20250627T101542_vs_HYPERNETS_20250627T101500_RHOW_R.csv,THFR,Hyp,S3B,Hyp vs S3B,2025-06-27T08:15:00Z,2025-06-27T08:15:42Z,0.5802,104.1733,-94.7981,CV >= 30%
S3B_20250627T101542_vs_HYPERNETS_20250627T103000_RHOW_R.csv,THFR,Hyp,S3B,Hyp vs S3B,2025-06-27T08:30:00Z,2025-06-27T08:15:42Z,0.5939,107.8039,-95.5635,CV >= 30%
S3B_20250627T101542_vs_HYPERNETS_20250627T104500_RHOW_R.csv,THFR,Hyp,S3B,Hyp vs S3B,2025-06-27T08:45:00Z,2025-06-27T08:15:42Z,0.6093,105.1293,-91.9206,CV >= 30%
S3B_20250628T094931_vs_HYPERNETS_20250628T093000_RHOW_R.csv,THFR,Hyp,S3B,Hyp vs S3B,2025-06-28T07:30:00Z,2025-06-28T07:49:31Z,0.5687,164.0569,-115.303,CV >= 30%
S3B_20250628T094931_vs_HYPERNETS_20250628T094500_RHOW_R.csv,THFR,Hyp,S3B,Hyp vs S3B,2025-06-28T07:45:00Z,2025-06-28T07:49:31Z,0.5585,171.3844,-119.3588,CV >= 30%
S3B_20250628T094931_vs_HYPERNETS_20250628T100000_RHOW_R.csv,THFR,Hyp,S3B,Hyp vs S3B,2025-06-28T08:00:00Z,2025-06-28T07:49:31Z,0.5873,79.5534,-79.5534,CV >= 30%
S3B_20250628T094931_vs_HYPERNETS_20250628T101500_RHOW_R.csv,THFR,Hyp,S3B,Hyp vs S3B,2025-06-28T08:15:00Z,2025-06-28T07:49:31Z,0.5551,176.916,-129.5691,CV >= 30%
S3B_20250701T101158_vs_HYPERNETS_20250701T094500_RHOW_R.csv,THFR,Hyp,S3B,Hyp vs S3B,2025-07-01T07:45:00Z,2025-07-01T08:11:58Z,0.4592,169.4857,91.3285,CV >= 30%
S3B_20250701T101158_vs_HYPERNETS_20250701T100000_RHOW_R.csv,THFR,Hyp,S3B,Hyp vs S3B,2025-07-01T08:00:00Z,2025-07-01T08:11:58Z,0.4609,121.415,-2.7673,CV >= 30%
S3B_20250701T101158_vs_HYPERNETS_20250701T101500_RHOW_R.csv,THFR,Hyp,S3B,Hyp vs S3B,2025-07-01T08:15:00Z,2025-07-01T08:11:58Z,0.4475,127.3524,5.1687,CV >= 30%
S3B_20250701T101158_vs_HYPERNETS_20250701T103000_RHOW_R.csv,THFR,Hyp,S3B,Hyp vs S3B,2025-07-01T08:30:00Z,2025-07-01T08:11:58Z,0.4498,182.1355,41.1549,CV >= 30%
S3B_20250705T100815_vs_HYPERNETS_20250705T094500_RHOW_R.csv,THFR,Hyp,S3B,Hyp vs S3B,2025-07-05T07:45:00Z,2025-07-05T08:08:15Z,0.3783,438.61,431.8317,CV >= 30%
S3B_20250705T100815_vs_HYPERNETS_20250705T100000_RHOW_R.csv,THFR,Hyp,S3B,Hyp vs S3B,2025-07-05T08:00:00Z,2025-07-05T08:08:15Z,0.3828,504.5261,471.6232,CV >= 30%
S3B_20250705T100815_vs_HYPERNETS_20250705T101500_RHOW_R.csv,THFR,Hyp,S3B,Hyp vs S3B,2025-07-05T08:15:00Z,2025-07-05T08:08:15Z,0.3842,393.068,318.7095,CV >= 30%
S3B_20250705T100815_vs_HYPERNETS_20250705T103000_RHOW_R.csv,THFR,Hyp,S3B,Hyp vs S3B,2025-07-05T08:30:00Z,2025-07-05T08:08:15Z,0.369,393.5544,333.3346,CV >= 30%
S3B_20250709T100431_vs_HYPERNETS_20250709T094500_RHOW_R.csv,THFR,Hyp,S3B,Hyp vs S3B,2025-07-09T07:45:00Z,2025-07-09T08:04:31Z,0.8884,16.402,-0.5958,CV >= 30%
S3B_20250709T100431_vs_HYPERNETS_20250709T100000_RHOW_R.csv,THFR,Hyp,S3B,Hyp vs S3B,2025-07-09T08:00:00Z,2025-07-09T08:04:31Z,0.8847,30.0489,-8.8253,CV >= 30%
S3B_20250709T100431_vs_HYPERNETS_20250709T101500_RHOW_R.csv,THFR,Hyp,S3B,Hyp vs S3B,2025-07-09T08:15:00Z,2025-07-09T08:04:31Z,0.8985,31.3232,-9.0616,CV >= 30%
S3B_20250709T100431_vs_HYPERNETS_20250709T103000_RHOW_R.csv,THFR,Hyp,S3B,Hyp vs S3B,2025-07-09T08:30:00Z,2025-07-09T08:04:31Z,0.9079,28.8313,-8.3219,CV >= 30%
S3B_20250713T100046_vs_HYPERNETS_20250713T094500_RHOW_R.csv,THFR,Hyp,S3B,Hyp vs S3B,2025-07-13T07:45:00Z,2025-07-13T08:00:46Z,2.1263,111.4294,-2.7374,CV >= 30%
S3B_20250713T100046_vs_HYPERNETS_20250713T100000_RHOW_R.csv,THFR,Hyp,S3B,Hyp vs S3B,2025-07-13T08:00:00Z,2025-07-13T08:00:46Z,2.1496,104.0697,-0.2176,CV >= 30%
S3B_20250713T100046_vs_HYPERNETS_20250713T101500_RHOW_R.csv,THFR,Hyp,S3B,Hyp vs S3B,2025-07-13T08:15:00Z,2025-07-13T08:00:46Z,2.2144,91.9813,6.1663,CV >= 30%
S3B_20250713T100046_vs_HYPERNETS_20250713T103000_RHOW_R.csv,THFR,Hyp,S3B,Hyp vs S3B,2025-07-13T08:30:00Z,2025-07-13T08:00:46Z,2.2192,100.9865,1.6876,CV >= 30%
S3B_20250716T102313_vs_HYPERNETS_20250716T100000_RHOW_R.csv,THFR,Hyp,S3B,Hyp vs S3B,2025-07-16T08:00:00Z,2025-07-16T08:23:13Z,0.1534,137.5765,-137.5765,CV >= 30%
S3B_20250716T102313_vs_HYPERNETS_20250716T101500_RHOW_R.csv,THFR,Hyp,S3B,Hyp vs S3B,2025-07-16T08:15:00Z,2025-07-16T08:23:13Z,0.1512,149.9305,-149.9305,CV >= 30%
S3B_20250716T102313_vs_HYPERNETS_20250716T103000_RHOW_R.csv,THFR,Hyp,S3B,Hyp vs S3B,2025-07-16T08:30:00Z,2025-07-16T08:23:13Z,0.1524,107.6839,-89.8715,CV >= 30%
S3B_20250716T102313_vs_HYPERNETS_20250716T104500_RHOW_R.csv,THFR,Hyp,S3B,Hyp vs S3B,2025-07-16T08:45:00Z,2025-07-16T08:23:13Z,0.1491,270.7225,-270.7225,CV >= 30%
S3B_20250717T095702_vs_HYPERNETS_20250717T093000_RHOW_R.csv,THFR,Hyp,S3B,Hyp vs S3B,2025-07-17T07:30:00Z,2025-07-17T07:57:02Z,0.8462,9.5075,0.2236,CV >= 30%
S3B_20250717T095702_vs_HYPERNETS_20250717T094500_RHOW_R.csv,THFR,Hyp,S3B,Hyp vs S3B,2025-07-17T07:45:00Z,2025-07-17T07:57:02Z,0.8358,10.9739,-0.194,CV >= 30%
S3B_20250717T095702_vs_HYPERNETS_20250717T100000_RHOW_R.csv,THFR,Hyp,S3B,Hyp vs S3B,2025-07-17T08:00:00Z,2025-07-17T07:57:02Z,0.853,9.0165,-0.5279,CV >= 30%
S3B_20250717T095702_vs_HYPERNETS_20250717T101500_RHOW_R.csv,THFR,Hyp,S3B,Hyp vs S3B,2025-07-17T08:15:00Z,2025-07-17T07:57:02Z,0.8387,11.4886,-3.0442,CV >= 30%
S3B_20250720T101928_vs_HYPERNETS_20250720T100000_RHOW_R.csv,THFR,Hyp,S3B,Hyp vs S3B,2025-07-20T08:00:00Z,2025-07-20T08:19:28Z,0.3702,267.8107,-178.321,CV >= 30%
S3B_20250720T101928_vs_HYPERNETS_20250720T101500_RHOW_R.csv,THFR,Hyp,S3B,Hyp vs S3B,2025-07-20T08:15:00Z,2025-07-20T08:19:28Z,0.3769,240.5378,-174.6476,CV >= 30%
S3B_20250720T101928_vs_HYPERNETS_20250720T103000_RHOW_R.csv,THFR,Hyp,S3B,Hyp vs S3B,2025-07-20T08:30:00Z,2025-07-20T08:19:28Z,0.3994,225.7509,-159.6899,CV >= 30%
S3B_20250720T101928_vs_HYPERNETS_20250720T104500_RHOW_R.csv,THFR,Hyp,S3B,Hyp vs S3B,2025-07-20T08:45:00Z,2025-07-20T08:19:28Z,0.41,171.8946,-153.7716,CV >= 30%
S3B_20250721T095317_vs_HYPERNETS_20250721T093000_RHOW_R.csv,THFR,Hyp,S3B,Hyp vs S3B,2025-07-21T07:30:00Z,2025-07-21T07:53:17Z,1.8467,35.1843,35.1843,CV >= 30%
S3B_20250721T095317_vs_HYPERNETS_20250721T094500_RHOW_R.csv,THFR,Hyp,S3B,Hyp vs S3B,2025-07-21T07:45:00Z,2025-07-21T07:53:17Z,1.8351,25.3823,22.8858,CV >= 30%
S3B_20250721T095317_vs_HYPERNETS_20250721T100000_RHOW_R.csv,THFR,Hyp,S3B,Hyp vs S3B,2025-07-21T08:00:00Z,2025-07-21T07:53:17Z,1.8238,29.7998,17.2186,CV >= 30%
S3B_20250721T095317_vs_HYPERNETS_20250721T101500_RHOW_R.csv,THFR,Hyp,S3B,Hyp vs S3B,2025-07-21T08:15:00Z,2025-07-21T07:53:17Z,1.8501,31.4235,15.4193,CV >= 30%
S3B_20250724T101543_vs_HYPERNETS_20250724T100000_RHOW_R.csv,THFR,Hyp,S3B,Hyp vs S3B,2025-07-24T08:00:00Z,2025-07-24T08:15:43Z,2.0471,272.9633,-137.609,CV >= 30%
S3B_20250724T101543_vs_HYPERNETS_20250724T101500_RHOW_R.csv,THFR,Hyp,S3B,Hyp vs S3B,2025-07-24T08:15:00Z,2025-07-24T08:15:43Z,2.2785,335.7554,-93.8152,CV >= 30%
S3B_20250724T101543_vs_HYPERNETS_20250724T103000_RHOW_R.csv,THFR,Hyp,S3B,Hyp vs S3B,2025-07-24T08:30:00Z,2025-07-24T08:15:43Z,2.5316,346.3173,-72.3928,CV >= 30%
S3B_20250724T101543_vs_HYPERNETS_20250724T104500_RHOW_R.csv,THFR,Hyp,S3B,Hyp vs S3B,2025-07-24T08:45:00Z,2025-07-24T08:15:43Z,2.2442,306.2676,-99.193,CV >= 30%
S3B_20250725T094932_vs_HYPERNETS_20250725T093000_RHOW_R.csv,THFR,Hyp,S3B,Hyp vs S3B,2025-07-25T07:30:00Z,2025-07-25T07:49:32Z,0.3837,85.3769,54.54,CV >= 30%
S3B_20250725T094932_vs_HYPERNETS_20250725T094500_RHOW_R.csv,THFR,Hyp,S3B,Hyp vs S3B,2025-07-25T07:45:00Z,2025-07-25T07:49:32Z,0.1836,153.2422,101.7796,CV >= 30%
S3B_20250725T094932_vs_HYPERNETS_20250725T100000_RHOW_R.csv,THFR,Hyp,S3B,Hyp vs S3B,2025-07-25T08:00:00Z,2025-07-25T07:49:32Z,0.3903,87.0724,48.4336,CV >= 30%
S3B_20250725T094932_vs_HYPERNETS_20250725T101500_RHOW_R.csv,THFR,Hyp,S3B,Hyp vs S3B,2025-07-25T08:15:00Z,2025-07-25T07:49:32Z,0.3671,79.7224,22.1952,CV >= 30%
S3B_20250728T101159_vs_HYPERNETS_20250728T101500_RHOW_R.csv,THFR,Hyp,S3B,Hyp vs S3B,2025-07-28T08:15:00Z,2025-07-28T08:11:59Z,0.5669,139.7172,-100.3069,CV >= 30%
S3B_20250728T101159_vs_HYPERNETS_20250728T103000_RHOW_R.csv,THFR,Hyp,S3B,Hyp vs S3B,2025-07-28T08:30:00Z,2025-07-28T08:11:59Z,0.5865,131.0199,-89.1785,CV >= 30%
S3B_20250801T100815_vs_HYPERNETS_20250801T094500_RHOW_R.csv,THFR,Hyp,S3B,Hyp vs S3B,2025-08-01T07:45:00Z,2025-08-01T08:08:15Z,2.4462,86.3016,70.5712,CV >= 30%
S3B_20250801T100815_vs_HYPERNETS_20250801T100000_RHOW_R.csv,THFR,Hyp,S3B,Hyp vs S3B,2025-08-01T08:00:00Z,2025-08-01T08:08:15Z,2.4629,65.1201,49.1088,CV >= 30%
S3B_20250801T100815_vs_HYPERNETS_20250801T101500_RHOW_R.csv,THFR,Hyp,S3B,Hyp vs S3B,2025-08-01T08:15:00Z,2025-08-01T08:08:15Z,2.4839,84.035,75.1321,CV >= 30%
S3B_20250801T100815_vs_HYPERNETS_20250801T103000_RHOW_R.csv,THFR,Hyp,S3B,Hyp vs S3B,2025-08-01T08:30:00Z,2025-08-01T08:08:15Z,2.5116,68.2061,52.3136,CV >= 30%
S3B_20250804T103042_vs_HYPERNETS_20250804T101500_RHOW_R.csv,THFR,Hyp,S3B,Hyp vs S3B,2025-08-04T08:15:00Z,2025-08-04T08:30:42Z,-36.5506,546.7763,546.7763,CV >= 30%
S3B_20250804T103042_vs_HYPERNETS_20250804T103000_RHOW_R.csv,THFR,Hyp,S3B,Hyp vs S3B,2025-08-04T08:30:00Z,2025-08-04T08:30:42Z,-31.4493,406.5515,406.5515,CV >= 30%
S3B_20250804T103042_vs_HYPERNETS_20250804T104500_RHOW_R.csv,THFR,Hyp,S3B,Hyp vs S3B,2025-08-04T08:45:00Z,2025-08-04T08:30:42Z,-39.393,570.461,570.461,CV >= 30%
S3B_20250804T103042_vs_HYPERNETS_20250804T110000_RHOW_R.csv,THFR,Hyp,S3B,Hyp vs S3B,2025-08-04T09:00:00Z,2025-08-04T08:30:42Z,-32.6392,643.5585,643.5585,CV >= 30%
S3B_20250805T100431_vs_HYPERNETS_20250805T094500_RHOW_R.csv,THFR,Hyp,S3B,Hyp vs S3B,2025-08-05T07:45:00Z,2025-08-05T08:04:31Z,1.3749,162.4384,-6.3651,CV >= 30%
S3B_20250805T100431_vs_HYPERNETS_20250805T100000_RHOW_R.csv,THFR,Hyp,S3B,Hyp vs S3B,2025-08-05T08:00:00Z,2025-08-05T08:04:31Z,1.3821,156.9318,-4.8253,CV >= 30%
S3B_20250805T100431_vs_HYPERNETS_20250805T101500_RHOW_R.csv,THFR,Hyp,S3B,Hyp vs S3B,2025-08-05T08:15:00Z,2025-08-05T08:04:31Z,1.3481,141.4229,-7.073,CV >= 30%
S3B_20250805T100431_vs_HYPERNETS_20250805T103000_RHOW_R.csv,THFR,Hyp,S3B,Hyp vs S3B,2025-08-05T08:30:00Z,2025-08-05T08:04:31Z,1.3618,146.1332,-5.2193,CV >= 30%
S3B_20250808T102658_vs_HYPERNETS_20250808T100000_RHOW_R.csv,THFR,Hyp,S3B,Hyp vs S3B,2025-08-08T08:00:00Z,2025-08-08T08:26:58Z,NA,121.7524,-121.7524,CV >= 30%
S3B_20250808T102658_vs_HYPERNETS_20250808T101500_RHOW_R.csv,THFR,Hyp,S3B,Hyp vs S3B,2025-08-08T08:15:00Z,2025-08-08T08:26:58Z,NA,265.5565,-265.5565,CV >= 30%
S3B_20250808T102658_vs_HYPERNETS_20250808T103000_RHOW_R.csv,THFR,Hyp,S3B,Hyp vs S3B,2025-08-08T08:30:00Z,2025-08-08T08:26:58Z,NA,222.0581,-222.0581,CV >= 30%
S3B_20250808T102658_vs_HYPERNETS_20250808T104500_RHOW_R.csv,THFR,Hyp,S3B,Hyp vs S3B,2025-08-08T08:45:00Z,2025-08-08T08:26:58Z,NA,186.1649,-186.1649,CV >= 30%
S3B_20250809T100047_vs_HYPERNETS_20250809T094500_RHOW_R.csv,THFR,Hyp,S3B,Hyp vs S3B,2025-08-09T07:45:00Z,2025-08-09T08:00:47Z,3.7134,236.1601,68.7696,CV >= 30%
S3B_20250809T100047_vs_HYPERNETS_20250809T100000_RHOW_R.csv,THFR,Hyp,S3B,Hyp vs S3B,2025-08-09T08:00:00Z,2025-08-09T08:00:47Z,3.794,212.3255,87.847,CV >= 30%
S3B_20250809T100047_vs_HYPERNETS_20250809T101500_RHOW_R.csv,THFR,Hyp,S3B,Hyp vs S3B,2025-08-09T08:15:00Z,2025-08-09T08:00:47Z,3.6539,239.1261,63.8343,CV >= 30%
S3B_20250809T100047_vs_HYPERNETS_20250809T103000_RHOW_R.csv,THFR,Hyp,S3B,Hyp vs S3B,2025-08-09T08:30:00Z,2025-08-09T08:00:47Z,3.7334,231.5534,68.3351,CV >= 30%
S3B_20250812T102313_vs_HYPERNETS_20250812T100000_RHOW_R.csv,THFR,Hyp,S3B,Hyp vs S3B,2025-08-12T08:00:00Z,2025-08-12T08:23:13Z,0.2425,315.4518,-315.4518,CV >= 30%
S3B_20250812T102313_vs_HYPERNETS_20250812T101500_RHOW_R.csv,THFR,Hyp,S3B,Hyp vs S3B,2025-08-12T08:15:00Z,2025-08-12T08:23:13Z,0.2181,895.593,-213.9652,CV >= 30%
S3B_20250812T102313_vs_HYPERNETS_20250812T103000_RHOW_R.csv,THFR,Hyp,S3B,Hyp vs S3B,2025-08-12T08:30:00Z,2025-08-12T08:23:13Z,0.2175,1010.1405,-222.7289,CV >= 30%
S3B_20250812T102313_vs_HYPERNETS_20250812T104500_RHOW_R.csv,THFR,Hyp,S3B,Hyp vs S3B,2025-08-12T08:45:00Z,2025-08-12T08:23:13Z,0.2238,1008.6602,-186.7206,CV >= 30%
S3B_20250813T095702_vs_HYPERNETS_20250813T093000_RHOW_R.csv,THFR,Hyp,S3B,Hyp vs S3B,2025-08-13T07:30:00Z,2025-08-13T07:57:02Z,3.3313,324.243,33.8269,CV >= 30%
S3B_20250813T095702_vs_HYPERNETS_20250813T094500_RHOW_R.csv,THFR,Hyp,S3B,Hyp vs S3B,2025-08-13T07:45:00Z,2025-08-13T07:57:02Z,3.4444,318.1427,38.345,CV >= 30%
S3B_20250813T095702_vs_HYPERNETS_20250813T100000_RHOW_R.csv,THFR,Hyp,S3B,Hyp vs S3B,2025-08-13T08:00:00Z,2025-08-13T07:57:02Z,3.5467,306.839,43.6799,CV >= 30%
S3B_20250813T095702_vs_HYPERNETS_20250813T101500_RHOW_R.csv,THFR,Hyp,S3B,Hyp vs S3B,2025-08-13T08:15:00Z,2025-08-13T07:57:02Z,3.5882,308.3505,45.2217,CV >= 30%
S3B_20250816T101929_vs_HYPERNETS_20250816T100000_RHOW_R.csv,THFR,Hyp,S3B,Hyp vs S3B,2025-08-16T08:00:00Z,2025-08-16T08:19:29Z,4.3616,144.8349,42.8253,CV >= 30%
S3B_20250816T101929_vs_HYPERNETS_20250816T101500_RHOW_R.csv,THFR,Hyp,S3B,Hyp vs S3B,2025-08-16T08:15:00Z,2025-08-16T08:19:29Z,4.4413,144.2978,42.2396,CV >= 30%
S3B_20250816T101929_vs_HYPERNETS_20250816T103000_RHOW_R.csv,THFR,Hyp,S3B,Hyp vs S3B,2025-08-16T08:30:00Z,2025-08-16T08:19:29Z,4.3412,138.6793,40.2873,CV >= 30%
S3B_20250816T101929_vs_HYPERNETS_20250816T104500_RHOW_R.csv,THFR,Hyp,S3B,Hyp vs S3B,2025-08-16T08:45:00Z,2025-08-16T08:19:29Z,4.3515,194.0898,38.1813,CV >= 30%
S3B_20250824T101201_vs_HYPERNETS_20250824T094500_RHOW_R.csv,THFR,Hyp,S3B,Hyp vs S3B,2025-08-24T07:45:00Z,2025-08-24T08:12:01Z,1.1572,97.4625,-5.7019,CV >= 30%
S3B_20250824T101201_vs_HYPERNETS_20250824T100000_RHOW_R.csv,THFR,Hyp,S3B,Hyp vs S3B,2025-08-24T08:00:00Z,2025-08-24T08:12:01Z,1.1418,98.5049,-9.5415,CV >= 30%
S3B_20250824T101201_vs_HYPERNETS_20250824T101500_RHOW_R.csv,THFR,Hyp,S3B,Hyp vs S3B,2025-08-24T08:15:00Z,2025-08-24T08:12:01Z,1.1172,72.4012,-20.8226,CV >= 30%
S3B_20250824T101201_vs_HYPERNETS_20250824T103000_RHOW_R.csv,THFR,Hyp,S3B,Hyp vs S3B,2025-08-24T08:30:00Z,2025-08-24T08:12:01Z,1.0786,64.9821,-17.5183,CV >= 30%
S3B_20250831T103044_vs_HYPERNETS_20250831T101500_RHOW_R.csv,THFR,Hyp,S3B,Hyp vs S3B,2025-08-31T08:15:00Z,2025-08-31T08:30:44Z,0.2583,361.7225,-191.5609,CV >= 30%
S3B_20250831T103044_vs_HYPERNETS_20250831T103000_RHOW_R.csv,THFR,Hyp,S3B,Hyp vs S3B,2025-08-31T08:30:00Z,2025-08-31T08:30:44Z,0.2555,422.9579,-211.1342,CV >= 30%
S3B_20250831T103044_vs_HYPERNETS_20250831T104500_RHOW_R.csv,THFR,Hyp,S3B,Hyp vs S3B,2025-08-31T08:45:00Z,2025-08-31T08:30:44Z,0.2564,326.2675,-190.1613,CV >= 30%
S3B_20250831T103044_vs_HYPERNETS_20250831T110000_RHOW_R.csv,THFR,Hyp,S3B,Hyp vs S3B,2025-08-31T09:00:00Z,2025-08-31T08:30:44Z,0.273,291.9122,-174.0546,CV >= 30%
S3B_20250908T102313_vs_HYPERNETS_20250908T100000_RHOW_R.csv,THFR,Hyp,S3B,Hyp vs S3B,2025-09-08T08:00:00Z,2025-09-08T08:23:13Z,5.2157,499.4245,499.4245,CV >= 30%
S3B_20250908T102313_vs_HYPERNETS_20250908T101500_RHOW_R.csv,THFR,Hyp,S3B,Hyp vs S3B,2025-09-08T08:15:00Z,2025-09-08T08:23:13Z,5.0416,411.6456,411.6456,CV >= 30%
S3B_20250908T102313_vs_HYPERNETS_20250908T104500_RHOW_R.csv,THFR,Hyp,S3B,Hyp vs S3B,2025-09-08T08:45:00Z,2025-09-08T08:23:13Z,4.8291,547.2117,547.2117,CV >= 30%
S3B_20250912T101927_vs_HYPERNETS_20250912T100000_RHOW_R.csv,THFR,Hyp,S3B,Hyp vs S3B,2025-09-12T08:00:00Z,2025-09-12T08:19:27Z,0.1006,60.2045,-30.2139,CV >= 30%
S3B_20250912T101927_vs_HYPERNETS_20250912T103000_RHOW_R.csv,THFR,Hyp,S3B,Hyp vs S3B,2025-09-12T08:30:00Z,2025-09-12T08:19:27Z,0.105,47.0025,-4.4314,CV >= 30%
S3B_20250912T101927_vs_HYPERNETS_20250912T104500_RHOW_R.csv,THFR,Hyp,S3B,Hyp vs S3B,2025-09-12T08:45:00Z,2025-09-12T08:19:27Z,0.1133,62.069,22.1501,CV >= 30%
S3B_20250916T101544_vs_HYPERNETS_20250916T100000_RHOW_R.csv,THFR,Hyp,S3B,Hyp vs S3B,2025-09-16T08:00:00Z,2025-09-16T08:15:44Z,1.8104,214.0313,-61.4129,CV >= 30%
S3B_20250916T101544_vs_HYPERNETS_20250916T101500_RHOW_R.csv,THFR,Hyp,S3B,Hyp vs S3B,2025-09-16T08:15:00Z,2025-09-16T08:15:44Z,1.8502,214.6492,-70.8325,CV >= 30%
S3B_20250916T101544_vs_HYPERNETS_20250916T103000_RHOW_R.csv,THFR,Hyp,S3B,Hyp vs S3B,2025-09-16T08:30:00Z,2025-09-16T08:15:44Z,1.8988,198.69,-48.0519,CV >= 30%
S3B_20250916T101544_vs_HYPERNETS_20250916T104500_RHOW_R.csv,THFR,Hyp,S3B,Hyp vs S3B,2025-09-16T08:45:00Z,2025-09-16T08:15:44Z,1.9366,186.9204,-48.433,CV >= 30%
S3B_20250917T094933_vs_HYPERNETS_20250917T093000_RHOW_R.csv,THFR,Hyp,S3B,Hyp vs S3B,2025-09-17T07:30:00Z,2025-09-17T07:49:33Z,-0.3878,1320.6856,1071.1106,CV >= 30%
S3B_20250917T094933_vs_HYPERNETS_20250917T094500_RHOW_R.csv,THFR,Hyp,S3B,Hyp vs S3B,2025-09-17T07:45:00Z,2025-09-17T07:49:33Z,-0.3827,1034.2122,811.7151,CV >= 30%
S3B_20250917T094933_vs_HYPERNETS_20250917T100000_RHOW_R.csv,THFR,Hyp,S3B,Hyp vs S3B,2025-09-17T08:00:00Z,2025-09-17T07:49:33Z,-0.3764,1087.3013,934.3517,CV >= 30%
S3B_20250917T094933_vs_HYPERNETS_20250917T101500_RHOW_R.csv,THFR,Hyp,S3B,Hyp vs S3B,2025-09-17T08:15:00Z,2025-09-17T07:49:33Z,-0.3783,1126.1661,1017.5415,CV >= 30%
S3B_20250924T100815_vs_HYPERNETS_20250924T100000_RHOW_R.csv,THFR,Hyp,S3B,Hyp vs S3B,2025-09-24T08:00:00Z,2025-09-24T08:08:15Z,2.2549,49.8647,30.918,CV >= 30%
S3B_20250924T100815_vs_HYPERNETS_20250924T101500_RHOW_R.csv,THFR,Hyp,S3B,Hyp vs S3B,2025-09-24T08:15:00Z,2025-09-24T08:08:15Z,2.1337,39.7249,23.3407,CV >= 30%
S3B_20250927T103041_vs_HYPERNETS_20250927T101500_RHOW_R.csv,THFR,Hyp,S3B,Hyp vs S3B,2025-09-27T08:15:00Z,2025-09-27T08:30:41Z,0.1907,316.6725,314.8288,CV >= 30%
S3B_20250927T103041_vs_HYPERNETS_20250927T103000_RHOW_R.csv,THFR,Hyp,S3B,Hyp vs S3B,2025-09-27T08:30:00Z,2025-09-27T08:30:41Z,0.182,249.9603,226.4103,CV >= 30%
S3B_20250927T103041_vs_HYPERNETS_20250927T104500_RHOW_R.csv,THFR,Hyp,S3B,Hyp vs S3B,2025-09-27T08:45:00Z,2025-09-27T08:30:41Z,0.1831,245.3337,182.0371,CV >= 30%
S3B_20250927T103041_vs_HYPERNETS_20250927T110000_RHOW_R.csv,THFR,Hyp,S3B,Hyp vs S3B,2025-09-27T09:00:00Z,2025-09-27T08:30:41Z,0.1811,172.5604,117.5437,CV >= 30%
S3B_20251001T102655_vs_HYPERNETS_20251001T100000_RHOW_R.csv,THFR,Hyp,S3B,Hyp vs S3B,2025-10-01T08:00:00Z,2025-10-01T08:26:55Z,1.563,32.1828,32.1828,CV >= 30%
S3B_20251001T102655_vs_HYPERNETS_20251001T101500_RHOW_R.csv,THFR,Hyp,S3B,Hyp vs S3B,2025-10-01T08:15:00Z,2025-10-01T08:26:55Z,1.5883,30.8347,30.8347,CV >= 30%
S3B_20251001T102655_vs_HYPERNETS_20251001T103000_RHOW_R.csv,THFR,Hyp,S3B,Hyp vs S3B,2025-10-01T08:30:00Z,2025-10-01T08:26:55Z,1.5798,29.831,29.831,CV >= 30%
S3B_20251001T102655_vs_HYPERNETS_20251001T104500_RHOW_R.csv,THFR,Hyp,S3B,Hyp vs S3B,2025-10-01T08:45:00Z,2025-10-01T08:26:55Z,1.5312,32.2253,26.8973,CV >= 30%
S3B_20251002T100044_vs_HYPERNETS_20251002T094500_RHOW_R.csv,THFR,Hyp,S3B,Hyp vs S3B,2025-10-02T07:45:00Z,2025-10-02T08:00:44Z,0.8805,83.4504,-23.655,CV >= 30%
S3B_20251002T100044_vs_HYPERNETS_20251002T100000_RHOW_R.csv,THFR,Hyp,S3B,Hyp vs S3B,2025-10-02T08:00:00Z,2025-10-02T08:00:44Z,0.8762,96.639,-28.2236,CV >= 30%
S3B_20251002T100044_vs_HYPERNETS_20251002T101500_RHOW_R.csv,THFR,Hyp,S3B,Hyp vs S3B,2025-10-02T08:15:00Z,2025-10-02T08:00:44Z,0.853,91.4727,-28.6565,CV >= 30%
S3B_20251002T100044_vs_HYPERNETS_20251002T103000_RHOW_R.csv,THFR,Hyp,S3B,Hyp vs S3B,2025-10-02T08:30:00Z,2025-10-02T08:00:44Z,0.8394,87.9488,-31.9887,CV >= 30%
S3B_20251005T102308_vs_HYPERNETS_20251005T101500_RHOW_R.csv,THFR,Hyp,S3B,Hyp vs S3B,2025-10-05T08:15:00Z,2025-10-05T08:23:08Z,1.6068,177.0417,-79.5629,CV >= 30%
S3B_20251005T102308_vs_HYPERNETS_20251005T103000_RHOW_R.csv,THFR,Hyp,S3B,Hyp vs S3B,2025-10-05T08:30:00Z,2025-10-05T08:23:08Z,1.6203,193.7079,-121.855,CV >= 30%
S3B_20251005T102308_vs_HYPERNETS_20251005T104500_RHOW_R.csv,THFR,Hyp,S3B,Hyp vs S3B,2025-10-05T08:45:00Z,2025-10-05T08:23:08Z,1.5927,221.351,-126.4056,CV >= 30%
S3B_20251006T095658_vs_HYPERNETS_20251006T094500_RHOW_R.csv,THFR,Hyp,S3B,Hyp vs S3B,2025-10-06T07:45:00Z,2025-10-06T07:56:58Z,1.0307,61.5652,3.3555,CV >= 30%
S3B_20251006T095658_vs_HYPERNETS_20251006T100000_RHOW_R.csv,THFR,Hyp,S3B,Hyp vs S3B,2025-10-06T08:00:00Z,2025-10-06T07:56:58Z,1.0298,55.0641,2.9119,CV >= 30%
S3B_20251006T095658_vs_HYPERNETS_20251006T101500_RHOW_R.csv,THFR,Hyp,S3B,Hyp vs S3B,2025-10-06T08:15:00Z,2025-10-06T07:56:58Z,1.0643,29.3587,1.9694,CV >= 30%
S3B_20251009T101925_vs_HYPERNETS_20251009T100000_RHOW_R.csv,THFR,Hyp,S3B,Hyp vs S3B,2025-10-09T08:00:00Z,2025-10-09T08:19:25Z,0.305,120.7015,14.4479,CV >= 30%
S3B_20251009T101925_vs_HYPERNETS_20251009T101500_RHOW_R.csv,THFR,Hyp,S3B,Hyp vs S3B,2025-10-09T08:15:00Z,2025-10-09T08:19:25Z,0.3019,217.7027,86.4061,CV >= 30%
S3B_20251009T101925_vs_HYPERNETS_20251009T103000_RHOW_R.csv,THFR,Hyp,S3B,Hyp vs S3B,2025-10-09T08:30:00Z,2025-10-09T08:19:25Z,0.2913,153.1046,47.703,CV >= 30%
S3B_20251009T101925_vs_HYPERNETS_20251009T104500_RHOW_R.csv,THFR,Hyp,S3B,Hyp vs S3B,2025-10-09T08:45:00Z,2025-10-09T08:19:25Z,0.2788,223.6316,112.3104,CV >= 30%
S3B_20251010T095314_vs_HYPERNETS_20251010T093000_RHOW_R.csv,THFR,Hyp,S3B,Hyp vs S3B,2025-10-10T07:30:00Z,2025-10-10T07:53:14Z,1.208,52.9499,-11.052,CV >= 30%
S3B_20251010T095314_vs_HYPERNETS_20251010T094500_RHOW_R.csv,THFR,Hyp,S3B,Hyp vs S3B,2025-10-10T07:45:00Z,2025-10-10T07:53:14Z,1.2033,45.991,-9.2912,CV >= 30%
S3B_20251010T095314_vs_HYPERNETS_20251010T100000_RHOW_R.csv,THFR,Hyp,S3B,Hyp vs S3B,2025-10-10T08:00:00Z,2025-10-10T07:53:14Z,1.2659,39.4087,-3.5522,CV >= 30%
S3B_20251010T095314_vs_HYPERNETS_20251010T101500_RHOW_R.csv,THFR,Hyp,S3B,Hyp vs S3B,2025-10-10T08:15:00Z,2025-10-10T07:53:14Z,1.284,40.4616,-1.0173,CV >= 30%
S3B_20251013T101542_vs_HYPERNETS_20251013T100000_RHOW_R.csv,THFR,Hyp,S3B,Hyp vs S3B,2025-10-13T08:00:00Z,2025-10-13T08:15:42Z,1.652,48.4161,12.8608,CV >= 30%
S3B_20251013T101542_vs_HYPERNETS_20251013T101500_RHOW_R.csv,THFR,Hyp,S3B,Hyp vs S3B,2025-10-13T08:15:00Z,2025-10-13T08:15:42Z,1.6438,53.5656,11.7767,CV >= 30%
S3B_20251013T101542_vs_HYPERNETS_20251013T103000_RHOW_R.csv,THFR,Hyp,S3B,Hyp vs S3B,2025-10-13T08:30:00Z,2025-10-13T08:15:42Z,1.6633,51.3934,13.2511,CV >= 30%
S3B_20251013T101542_vs_HYPERNETS_20251013T104500_RHOW_R.csv,THFR,Hyp,S3B,Hyp vs S3B,2025-10-13T08:45:00Z,2025-10-13T08:15:42Z,1.7137,41.4365,17.453,CV >= 30%
S3B_20251014T094931_vs_HYPERNETS_20251014T093000_RHOW_R.csv,THFR,Hyp,S3B,Hyp vs S3B,2025-10-14T07:30:00Z,2025-10-14T07:49:31Z,-2.9673,1295.2468,-95.5487,CV >= 30%
S3B_20251014T094931_vs_HYPERNETS_20251014T094500_RHOW_R.csv,THFR,Hyp,S3B,Hyp vs S3B,2025-10-14T07:45:00Z,2025-10-14T07:49:31Z,-3.5569,656.6296,-96.1586,CV >= 30%
S3B_20251014T094931_vs_HYPERNETS_20251014T100000_RHOW_R.csv,THFR,Hyp,S3B,Hyp vs S3B,2025-10-14T08:00:00Z,2025-10-14T07:49:31Z,-3.8137,629.2994,-85.2496,CV >= 30%
S3B_20251014T094931_vs_HYPERNETS_20251014T101500_RHOW_R.csv,THFR,Hyp,S3B,Hyp vs S3B,2025-10-14T08:15:00Z,2025-10-14T07:49:31Z,-4.5254,600.2353,-56.2342,CV >= 30%
S3B_20251028T102658_vs_HYPERNETS_20251028T100000_RHOW_R.csv,THFR,Hyp,S3B,Hyp vs S3B,2025-10-28T09:00:00Z,2025-10-28T09:26:58Z,0.9444,24.0839,16.1675,CV >= 30%
S3B_20251028T102658_vs_HYPERNETS_20251028T101500_RHOW_R.csv,THFR,Hyp,S3B,Hyp vs S3B,2025-10-28T09:15:00Z,2025-10-28T09:26:58Z,0.9281,24.2533,11.0607,CV >= 30%
S3B_20251028T102658_vs_HYPERNETS_20251028T103000_RHOW_R.csv,THFR,Hyp,S3B,Hyp vs S3B,2025-10-28T09:30:00Z,2025-10-28T09:26:58Z,0.903,19.6207,2.4909,CV >= 30%
S3B_20251028T102658_vs_HYPERNETS_20251028T104500_RHOW_R.csv,THFR,Hyp,S3B,Hyp vs S3B,2025-10-28T09:45:00Z,2025-10-28T09:26:58Z,0.8755,35.7323,-9.9602,CV >= 30%
S3B_20251109T101545_vs_HYPERNETS_20251109T100000_RHOW_R.csv,THFR,Hyp,S3B,Hyp vs S3B,2025-11-09T09:00:00Z,2025-11-09T09:15:45Z,0.7905,85.7475,-60.4068,CV >= 30%
S3B_20251109T101545_vs_HYPERNETS_20251109T101500_RHOW_R.csv,THFR,Hyp,S3B,Hyp vs S3B,2025-11-09T09:15:00Z,2025-11-09T09:15:45Z,0.829,82.1541,-50.5537,CV >= 30%
S3B_20251109T101545_vs_HYPERNETS_20251109T103000_RHOW_R.csv,THFR,Hyp,S3B,Hyp vs S3B,2025-11-09T09:30:00Z,2025-11-09T09:15:45Z,0.8407,77.6756,-56.1507,CV >= 30%
S3B_20251109T101545_vs_HYPERNETS_20251109T104500_RHOW_R.csv,THFR,Hyp,S3B,Hyp vs S3B,2025-11-09T09:45:00Z,2025-11-09T09:15:45Z,0.861,70.6952,-50.6212,CV >= 30%
S3B_20251117T100817_vs_HYPERNETS_20251117T094500_RHOW_R.csv,THFR,Hyp,S3B,Hyp vs S3B,2025-11-17T08:45:00Z,2025-11-17T09:08:17Z,1.3212,39.5593,14.3681,CV >= 30%
S3B_20251117T100817_vs_HYPERNETS_20251117T100000_RHOW_R.csv,THFR,Hyp,S3B,Hyp vs S3B,2025-11-17T09:00:00Z,2025-11-17T09:08:17Z,1.2533,60.5876,-1.615,CV >= 30%
S3B_20251117T100817_vs_HYPERNETS_20251117T101500_RHOW_R.csv,THFR,Hyp,S3B,Hyp vs S3B,2025-11-17T09:15:00Z,2025-11-17T09:08:17Z,1.2104,69.1138,-5.6032,CV >= 30%
S3B_20251121T100432_vs_HYPERNETS_20251121T101500_RHOW_R.csv,THFR,Hyp,S3B,Hyp vs S3B,2025-11-21T09:15:00Z,2025-11-21T09:04:32Z,2.0743,83.8591,-1.0098,CV >= 30%
S3B_20251121T100432_vs_HYPERNETS_20251121T103000_RHOW_R.csv,THFR,Hyp,S3B,Hyp vs S3B,2025-11-21T09:30:00Z,2025-11-21T09:04:32Z,2.1873,71.5349,-14.4015,CV >= 30%
S3B_20251125T100049_vs_HYPERNETS_20251125T094500_RHOW_R.csv,THFR,Hyp,S3B,Hyp vs S3B,2025-11-25T08:45:00Z,2025-11-25T09:00:49Z,3.4688,131.3584,72.3019,CV >= 30%
S3B_20251129T095705_vs_HYPERNETS_20251129T093000_RHOW_R.csv,THFR,Hyp,S3B,Hyp vs S3B,2025-11-29T08:30:00Z,2025-11-29T08:57:05Z,0.8791,186.4894,-82.6266,CV >= 30%
S3B_20251129T095705_vs_HYPERNETS_20251129T094500_RHOW_R.csv,THFR,Hyp,S3B,Hyp vs S3B,2025-11-29T08:45:00Z,2025-11-29T08:57:05Z,0.8631,126.7818,-103.9076,CV >= 30%
S3B_20251129T095705_vs_HYPERNETS_20251129T100000_RHOW_R.csv,THFR,Hyp,S3B,Hyp vs S3B,2025-11-29T09:00:00Z,2025-11-29T08:57:05Z,0.8288,213.1913,-105.3417,CV >= 30%
S3B_20251129T095705_vs_HYPERNETS_20251129T101500_RHOW_R.csv,THFR,Hyp,S3B,Hyp vs S3B,2025-11-29T09:15:00Z,2025-11-29T08:57:05Z,0.8291,216.0901,-104.8502,CV >= 30%
S3B_20251214T100818_vs_HYPERNETS_20251214T094500_RHOW_R.csv,THFR,Hyp,S3B,Hyp vs S3B,2025-12-14T08:45:00Z,2025-12-14T09:08:18Z,3.8273,80.1308,63.0869,CV >= 30%
S3B_20251214T100818_vs_HYPERNETS_20251214T100000_RHOW_R.csv,THFR,Hyp,S3B,Hyp vs S3B,2025-12-14T09:00:00Z,2025-12-14T09:08:18Z,3.8603,71.657,54.2036,CV >= 30%
S3B_20251214T100818_vs_HYPERNETS_20251214T101500_RHOW_R.csv,THFR,Hyp,S3B,Hyp vs S3B,2025-12-14T09:15:00Z,2025-12-14T09:08:18Z,3.8907,70.4132,54.344,CV >= 30%
S3B_20251217T103045_vs_HYPERNETS_20251217T101500_RHOW_R.csv,THFR,Hyp,S3B,Hyp vs S3B,2025-12-17T09:15:00Z,2025-12-17T09:30:45Z,1.7851,165.6193,-38.5237,CV >= 30%
S3B_20251217T103045_vs_HYPERNETS_20251217T103000_RHOW_R.csv,THFR,Hyp,S3B,Hyp vs S3B,2025-12-17T09:30:00Z,2025-12-17T09:30:45Z,1.7254,148.6547,-35.9471,CV >= 30%
S3B_20251217T103045_vs_HYPERNETS_20251217T110000_RHOW_R.csv,THFR,Hyp,S3B,Hyp vs S3B,2025-12-17T10:00:00Z,2025-12-17T09:30:45Z,1.692,133.2753,-39.0336,CV >= 30%
S3B_20251218T100434_vs_HYPERNETS_20251218T094500_RHOW_R.csv,THFR,Hyp,S3B,Hyp vs S3B,2025-12-18T08:45:00Z,2025-12-18T09:04:34Z,4.0187,111.6213,-2.5571,CV >= 30%
S3B_20251218T100434_vs_HYPERNETS_20251218T100000_RHOW_R.csv,THFR,Hyp,S3B,Hyp vs S3B,2025-12-18T09:00:00Z,2025-12-18T09:04:34Z,9.5036,264.9719,264.9719,CV >= 30%
S3B_20251229T101931_vs_HYPERNETS_20251229T100000_RHOW_R.csv,THFR,Hyp,S3B,Hyp vs S3B,2025-12-29T09:00:00Z,2025-12-29T09:19:31Z,1.5613,44.7119,-7.4627,CV >= 30%
S3B_20251229T101931_vs_HYPERNETS_20251229T101500_RHOW_R.csv,THFR,Hyp,S3B,Hyp vs S3B,2025-12-29T09:15:00Z,2025-12-29T09:19:31Z,1.5263,47.9363,-11.3992,CV >= 30%
S3B_20251229T101931_vs_HYPERNETS_20251229T103000_RHOW_R.csv,THFR,Hyp,S3B,Hyp vs S3B,2025-12-29T09:30:00Z,2025-12-29T09:19:31Z,1.5324,48.9776,-12.5619,CV >= 30%
S3B_20251229T101931_vs_HYPERNETS_20251229T104500_RHOW_R.csv,THFR,Hyp,S3B,Hyp vs S3B,2025-12-29T09:45:00Z,2025-12-29T09:19:31Z,1.52,49.5662,-13.8184,CV >= 30%
S3B_20251230T095319_vs_HYPERNETS_20251230T094500_RHOW_R.csv,THFR,Hyp,S3B,Hyp vs S3B,2025-12-30T08:45:00Z,2025-12-30T08:53:19Z,2.4158,59.8169,28.7069,CV >= 30%
S3B_20251230T095319_vs_HYPERNETS_20251230T100000_RHOW_R.csv,THFR,Hyp,S3B,Hyp vs S3B,2025-12-30T09:00:00Z,2025-12-30T08:53:19Z,2.4747,64.1695,42.0194,CV >= 30%
S3B_20251230T095319_vs_HYPERNETS_20251230T101500_RHOW_R.csv,THFR,Hyp,S3B,Hyp vs S3B,2025-12-30T09:15:00Z,2025-12-30T08:53:19Z,2.508,66.5547,42.4106,CV >= 30%
S3A_20250118T100157_vs_HYPERNETS_20250118T100000_RHOW_pixel.csv,THFR_pixel,Hyp,S3A,Hyp vs S3A,2025-01-18T09:00:00Z,2025-01-18T09:01:57Z,1.5319,87.6148,41.3391,CV >= 30%
S3A_20250206T100925_vs_HYPERNETS_20250206T094500_RHOW_pixel.csv,THFR_pixel,Hyp,S3A,Hyp vs S3A,2025-02-06T08:45:00Z,2025-02-06T09:09:25Z,1.7132,74.2714,66.7021,CV >= 30%
S3A_20250206T100925_vs_HYPERNETS_20250206T100000_RHOW_pixel.csv,THFR_pixel,Hyp,S3A,Hyp vs S3A,2025-02-06T09:00:00Z,2025-02-06T09:09:25Z,1.7227,71.8034,64.4159,CV >= 30%
S3A_20250206T100925_vs_HYPERNETS_20250206T101500_RHOW_pixel.csv,THFR_pixel,Hyp,S3A,Hyp vs S3A,2025-02-06T09:15:00Z,2025-02-06T09:09:25Z,1.7157,76.3507,72.3389,CV >= 30%
S3A_20250206T100925_vs_HYPERNETS_20250206T103000_RHOW_pixel.csv,THFR_pixel,Hyp,S3A,Hyp vs S3A,2025-02-06T09:30:00Z,2025-02-06T09:09:25Z,1.761,29.6236,29.6236,CV >= 30%
S3A_20250213T102809_vs_HYPERNETS_20250213T100000_RHOW_pixel.csv,THFR_pixel,Hyp,S3A,Hyp vs S3A,2025-02-13T09:00:00Z,2025-02-13T09:28:09Z,2.4718,38.8048,16.8532,CV >= 30%
S3A_20250213T102809_vs_HYPERNETS_20250213T101500_RHOW_pixel.csv,THFR_pixel,Hyp,S3A,Hyp vs S3A,2025-02-13T09:15:00Z,2025-02-13T09:28:09Z,2.5313,55.3344,18.5697,CV >= 30%
S3A_20250213T102809_vs_HYPERNETS_20250213T103000_RHOW_pixel.csv,THFR_pixel,Hyp,S3A,Hyp vs S3A,2025-02-13T09:30:00Z,2025-02-13T09:28:09Z,2.3961,34.2908,30.8908,CV >= 30%
S3A_20250213T102809_vs_HYPERNETS_20250213T104500_RHOW_pixel.csv,THFR_pixel,Hyp,S3A,Hyp vs S3A,2025-02-13T09:45:00Z,2025-02-13T09:28:09Z,2.4008,26.0002,15.5273,CV >= 30%
S3A_20250609T102044_vs_HYPERNETS_20250609T100000_RHOW_pixel.csv,THFR_pixel,Hyp,S3A,Hyp vs S3A,2025-06-09T08:00:00Z,2025-06-09T08:20:44Z,0.298,321.1188,-218.7878,CV >= 30%
S3A_20250609T102044_vs_HYPERNETS_20250609T101500_RHOW_pixel.csv,THFR_pixel,Hyp,S3A,Hyp vs S3A,2025-06-09T08:15:00Z,2025-06-09T08:20:44Z,0.2974,249.6731,-217.0682,CV >= 30%
S3A_20250609T102044_vs_HYPERNETS_20250609T103000_RHOW_pixel.csv,THFR_pixel,Hyp,S3A,Hyp vs S3A,2025-06-09T08:30:00Z,2025-06-09T08:20:44Z,0.2974,256.515,-217.4492,CV >= 30%
S3A_20250609T102044_vs_HYPERNETS_20250609T104500_RHOW_pixel.csv,THFR_pixel,Hyp,S3A,Hyp vs S3A,2025-06-09T08:45:00Z,2025-06-09T08:20:44Z,0.2907,263.3394,-225.053,CV >= 30%
S3A_20250610T095433_vs_HYPERNETS_20250610T093000_RHOW_pixel.csv,THFR_pixel,Hyp,S3A,Hyp vs S3A,2025-06-10T07:30:00Z,2025-06-10T07:54:33Z,0.848,39.3889,-4.3372,CV >= 30%
S3A_20250610T095433_vs_HYPERNETS_20250610T094500_RHOW_pixel.csv,THFR_pixel,Hyp,S3A,Hyp vs S3A,2025-06-10T07:45:00Z,2025-06-10T07:54:33Z,0.852,16.4048,-4.7536,CV >= 30%
S3A_20250610T095433_vs_HYPERNETS_20250610T100000_RHOW_pixel.csv,THFR_pixel,Hyp,S3A,Hyp vs S3A,2025-06-10T08:00:00Z,2025-06-10T07:54:33Z,0.8265,52.5382,-13.7331,CV >= 30%
S3A_20250610T095433_vs_HYPERNETS_20250610T101500_RHOW_pixel.csv,THFR_pixel,Hyp,S3A,Hyp vs S3A,2025-06-10T08:15:00Z,2025-06-10T07:54:33Z,0.8753,25.5391,9.2771,CV >= 30%
S3A_20250613T101700_vs_HYPERNETS_20250613T100000_RHOW_pixel.csv,THFR_pixel,Hyp,S3A,Hyp vs S3A,2025-06-13T08:00:00Z,2025-06-13T08:17:00Z,0.1698,99.7785,84.5944,CV >= 30%
S3A_20250613T101700_vs_HYPERNETS_20250613T101500_RHOW_pixel.csv,THFR_pixel,Hyp,S3A,Hyp vs S3A,2025-06-13T08:15:00Z,2025-06-13T08:17:00Z,0.1738,163.5632,136.7305,CV >= 30%
S3A_20250613T101700_vs_HYPERNETS_20250613T103000_RHOW_pixel.csv,THFR_pixel,Hyp,S3A,Hyp vs S3A,2025-06-13T08:30:00Z,2025-06-13T08:17:00Z,0.1772,131.3587,106.8388,CV >= 30%
S3A_20250613T101700_vs_HYPERNETS_20250613T104500_RHOW_pixel.csv,THFR_pixel,Hyp,S3A,Hyp vs S3A,2025-06-13T08:45:00Z,2025-06-13T08:17:00Z,0.1792,162.2797,144.0421,CV >= 30%
S3A_20250617T101316_vs_HYPERNETS_20250617T094500_RHOW_pixel.csv,THFR_pixel,Hyp,S3A,Hyp vs S3A,2025-06-17T07:45:00Z,2025-06-17T08:13:16Z,0.3022,319.9987,-75.7448,CV >= 30%
S3A_20250617T101316_vs_HYPERNETS_20250617T100000_RHOW_pixel.csv,THFR_pixel,Hyp,S3A,Hyp vs S3A,2025-06-17T08:00:00Z,2025-06-17T08:13:16Z,0.294,328.7376,-64.6114,CV >= 30%
S3A_20250617T101316_vs_HYPERNETS_20250617T101500_RHOW_pixel.csv,THFR_pixel,Hyp,S3A,Hyp vs S3A,2025-06-17T08:15:00Z,2025-06-17T08:13:16Z,0.2935,332.7792,-81.5244,CV >= 30%
S3A_20250617T101316_vs_HYPERNETS_20250617T103000_RHOW_pixel.csv,THFR_pixel,Hyp,S3A,Hyp vs S3A,2025-06-17T08:30:00Z,2025-06-17T08:13:16Z,0.2921,332.2925,-69.5746,CV >= 30%
S3A_20250621T100932_vs_HYPERNETS_20250621T094500_RHOW_pixel.csv,THFR_pixel,Hyp,S3A,Hyp vs S3A,2025-06-21T07:45:00Z,2025-06-21T08:09:32Z,2.4945,102.1367,36.7597,CV >= 30%
S3A_20250621T100932_vs_HYPERNETS_20250621T100000_RHOW_pixel.csv,THFR_pixel,Hyp,S3A,Hyp vs S3A,2025-06-21T08:00:00Z,2025-06-21T08:09:32Z,2.3967,102.9698,35.4613,CV >= 30%
S3A_20250621T100932_vs_HYPERNETS_20250621T101500_RHOW_pixel.csv,THFR_pixel,Hyp,S3A,Hyp vs S3A,2025-06-21T08:15:00Z,2025-06-21T08:09:32Z,2.2547,93.9096,28.8849,CV >= 30%
S3A_20250621T100932_vs_HYPERNETS_20250621T103000_RHOW_pixel.csv,THFR_pixel,Hyp,S3A,Hyp vs S3A,2025-06-21T08:30:00Z,2025-06-21T08:09:32Z,2.3128,96.0808,31.0979,CV >= 30%
S3A_20250625T100548_vs_HYPERNETS_20250625T094500_RHOW_pixel.csv,THFR_pixel,Hyp,S3A,Hyp vs S3A,2025-06-25T07:45:00Z,2025-06-25T08:05:48Z,0.6887,41.1654,41.1654,CV >= 30%
S3A_20250625T100548_vs_HYPERNETS_20250625T100000_RHOW_pixel.csv,THFR_pixel,Hyp,S3A,Hyp vs S3A,2025-06-25T08:00:00Z,2025-06-25T08:05:48Z,0.689,113.1938,113.1938,CV >= 30%
S3A_20250625T100548_vs_HYPERNETS_20250625T103000_RHOW_pixel.csv,THFR_pixel,Hyp,S3A,Hyp vs S3A,2025-06-25T08:30:00Z,2025-06-25T08:05:48Z,0.7179,63.8244,63.8244,CV >= 30%
S3A_20250703T095819_vs_HYPERNETS_20250703T093000_RHOW_pixel.csv,THFR_pixel,Hyp,S3A,Hyp vs S3A,2025-07-03T07:30:00Z,2025-07-03T07:58:19Z,0.5804,79.4068,56.1669,CV >= 30%
S3A_20250703T095819_vs_HYPERNETS_20250703T094500_RHOW_pixel.csv,THFR_pixel,Hyp,S3A,Hyp vs S3A,2025-07-03T07:45:00Z,2025-07-03T07:58:19Z,0.5881,79.9283,0.6317,CV >= 30%
S3A_20250703T095819_vs_HYPERNETS_20250703T100000_RHOW_pixel.csv,THFR_pixel,Hyp,S3A,Hyp vs S3A,2025-07-03T08:00:00Z,2025-07-03T07:58:19Z,0.5573,97.9794,91.23,CV >= 30%
S3A_20250703T095819_vs_HYPERNETS_20250703T101500_RHOW_pixel.csv,THFR_pixel,Hyp,S3A,Hyp vs S3A,2025-07-03T08:15:00Z,2025-07-03T07:58:19Z,0.4778,112.3382,34.2595,CV >= 30%
S3A_20250707T095434_vs_HYPERNETS_20250707T101500_RHOW_pixel.csv,THFR_pixel,Hyp,S3A,Hyp vs S3A,2025-07-07T08:15:00Z,2025-07-07T07:54:34Z,1.0163,34.3105,-28.3351,CV >= 30%
S3A_20250710T101700_vs_HYPERNETS_20250710T100000_RHOW_pixel.csv,THFR_pixel,Hyp,S3A,Hyp vs S3A,2025-07-10T08:00:00Z,2025-07-10T08:17:00Z,0.5032,75.3523,-59.7578,CV >= 30%
S3A_20250710T101700_vs_HYPERNETS_20250710T101500_RHOW_pixel.csv,THFR_pixel,Hyp,S3A,Hyp vs S3A,2025-07-10T08:15:00Z,2025-07-10T08:17:00Z,0.5229,66.4398,-49.3899,CV >= 30%
S3A_20250710T101700_vs_HYPERNETS_20250710T103000_RHOW_pixel.csv,THFR_pixel,Hyp,S3A,Hyp vs S3A,2025-07-10T08:30:00Z,2025-07-10T08:17:00Z,0.5162,73.2117,-63.0359,CV >= 30%
S3A_20250710T101700_vs_HYPERNETS_20250710T104500_RHOW_pixel.csv,THFR_pixel,Hyp,S3A,Hyp vs S3A,2025-07-10T08:45:00Z,2025-07-10T08:17:00Z,0.5275,65.0618,-51.6548,CV >= 30%
S3A_20250711T095050_vs_HYPERNETS_20250711T093000_RHOW_pixel.csv,THFR_pixel,Hyp,S3A,Hyp vs S3A,2025-07-11T07:30:00Z,2025-07-11T07:50:50Z,1.4329,47.8972,35.3828,CV >= 30%
S3A_20250711T095050_vs_HYPERNETS_20250711T094500_RHOW_pixel.csv,THFR_pixel,Hyp,S3A,Hyp vs S3A,2025-07-11T07:45:00Z,2025-07-11T07:50:50Z,1.4673,41.2859,-6.9935,CV >= 30%
S3A_20250711T095050_vs_HYPERNETS_20250711T100000_RHOW_pixel.csv,THFR_pixel,Hyp,S3A,Hyp vs S3A,2025-07-11T08:00:00Z,2025-07-11T07:50:50Z,1.5108,36.0469,30.5606,CV >= 30%
S3A_20250711T095050_vs_HYPERNETS_20250711T101500_RHOW_pixel.csv,THFR_pixel,Hyp,S3A,Hyp vs S3A,2025-07-11T08:15:00Z,2025-07-11T07:50:50Z,1.6682,41.6933,41.6933,CV >= 30%
S3A_20250718T100933_vs_HYPERNETS_20250718T094500_RHOW_pixel.csv,THFR_pixel,Hyp,S3A,Hyp vs S3A,2025-07-18T07:45:00Z,2025-07-18T08:09:33Z,0.5386,60.6703,48.7271,CV >= 30%
S3A_20250718T100933_vs_HYPERNETS_20250718T100000_RHOW_pixel.csv,THFR_pixel,Hyp,S3A,Hyp vs S3A,2025-07-18T08:00:00Z,2025-07-18T08:09:33Z,0.5388,55.9755,36.9388,CV >= 30%
S3A_20250718T100933_vs_HYPERNETS_20250718T101500_RHOW_pixel.csv,THFR_pixel,Hyp,S3A,Hyp vs S3A,2025-07-18T08:15:00Z,2025-07-18T08:09:33Z,0.5291,53.0855,31.4779,CV >= 30%
S3A_20250718T100933_vs_HYPERNETS_20250718T103000_RHOW_pixel.csv,THFR_pixel,Hyp,S3A,Hyp vs S3A,2025-07-18T08:30:00Z,2025-07-18T08:09:33Z,0.5489,57.5631,47.7787,CV >= 30%
S3A_20250725T102815_vs_HYPERNETS_20250725T100000_RHOW_pixel.csv,THFR_pixel,Hyp,S3A,Hyp vs S3A,2025-07-25T08:00:00Z,2025-07-25T08:28:15Z,NA,315.5536,315.5536,CV >= 30%
S3A_20250725T102815_vs_HYPERNETS_20250725T101500_RHOW_pixel.csv,THFR_pixel,Hyp,S3A,Hyp vs S3A,2025-07-25T08:15:00Z,2025-07-25T08:28:15Z,NA,406.4181,372.6924,CV >= 30%
S3A_20250725T102815_vs_HYPERNETS_20250725T103000_RHOW_pixel.csv,THFR_pixel,Hyp,S3A,Hyp vs S3A,2025-07-25T08:30:00Z,2025-07-25T08:28:15Z,NA,315.4656,315.4656,CV >= 30%
S3A_20250729T102430_vs_HYPERNETS_20250729T104500_RHOW_pixel.csv,THFR_pixel,Hyp,S3A,Hyp vs S3A,2025-07-29T08:45:00Z,2025-07-29T08:24:30Z,NA,196.8377,-196.8377,CV >= 30%
S3A_20250730T095819_vs_HYPERNETS_20250730T094500_RHOW_pixel.csv,THFR_pixel,Hyp,S3A,Hyp vs S3A,2025-07-30T07:45:00Z,2025-07-30T07:58:19Z,1.8501,55.5316,55.5316,CV >= 30%
S3A_20250730T095819_vs_HYPERNETS_20250730T101600_RHOW_pixel.csv,THFR_pixel,Hyp,S3A,Hyp vs S3A,2025-07-30T08:16:00Z,2025-07-30T07:58:19Z,1.8132,40.2792,40.2792,CV >= 30%
S3A_20250802T102045_vs_HYPERNETS_20250802T101500_RHOW_pixel.csv,THFR_pixel,Hyp,S3A,Hyp vs S3A,2025-08-02T08:15:00Z,2025-08-02T08:20:45Z,0.4378,88.7949,0.7792,CV >= 30%
S3A_20250802T102045_vs_HYPERNETS_20250802T104500_RHOW_pixel.csv,THFR_pixel,Hyp,S3A,Hyp vs S3A,2025-08-02T08:45:00Z,2025-08-02T08:20:45Z,1.1411,128.4289,102.0581,CV >= 30%
S3A_20250806T101700_vs_HYPERNETS_20250806T100000_RHOW_pixel.csv,THFR_pixel,Hyp,S3A,Hyp vs S3A,2025-08-06T08:00:00Z,2025-08-06T08:17:00Z,0.3769,70.2291,-1.3465,CV >= 30%
S3A_20250806T101700_vs_HYPERNETS_20250806T101500_RHOW_pixel.csv,THFR_pixel,Hyp,S3A,Hyp vs S3A,2025-08-06T08:15:00Z,2025-08-06T08:17:00Z,0.3548,76.7014,2.9698,CV >= 30%
S3A_20250806T101700_vs_HYPERNETS_20250806T103000_RHOW_pixel.csv,THFR_pixel,Hyp,S3A,Hyp vs S3A,2025-08-06T08:30:00Z,2025-08-06T08:17:00Z,0.3763,71.9241,3.1223,CV >= 30%
S3A_20250806T101700_vs_HYPERNETS_20250806T104500_RHOW_pixel.csv,THFR_pixel,Hyp,S3A,Hyp vs S3A,2025-08-06T08:45:00Z,2025-08-06T08:17:00Z,0.3836,96.1133,36.8862,CV >= 30%
S3A_20250807T095049_vs_HYPERNETS_20250807T093000_RHOW_pixel.csv,THFR_pixel,Hyp,S3A,Hyp vs S3A,2025-08-07T07:30:00Z,2025-08-07T07:50:49Z,0.5805,78.5862,78.5862,CV >= 30%
S3A_20250807T095049_vs_HYPERNETS_20250807T094500_RHOW_pixel.csv,THFR_pixel,Hyp,S3A,Hyp vs S3A,2025-08-07T07:45:00Z,2025-08-07T07:50:49Z,0.5747,71.2862,71.2862,CV >= 30%
S3A_20250807T095049_vs_HYPERNETS_20250807T100000_RHOW_pixel.csv,THFR_pixel,Hyp,S3A,Hyp vs S3A,2025-08-07T08:00:00Z,2025-08-07T07:50:49Z,0.584,75.6378,75.6378,CV >= 30%
S3A_20250807T095049_vs_HYPERNETS_20250807T101500_RHOW_pixel.csv,THFR_pixel,Hyp,S3A,Hyp vs S3A,2025-08-07T08:15:00Z,2025-08-07T07:50:49Z,0.5995,75.8576,75.8576,CV >= 30%
S3A_20250810T101315_vs_HYPERNETS_20250810T094500_RHOW_pixel.csv,THFR_pixel,Hyp,S3A,Hyp vs S3A,2025-08-10T07:45:00Z,2025-08-10T08:13:15Z,0.8271,71.5318,71.5318,CV >= 30%
S3A_20250810T101315_vs_HYPERNETS_20250810T100000_RHOW_pixel.csv,THFR_pixel,Hyp,S3A,Hyp vs S3A,2025-08-10T08:00:00Z,2025-08-10T08:13:15Z,0.8253,66.4218,66.4218,CV >= 30%
S3A_20250810T101315_vs_HYPERNETS_20250810T101500_RHOW_pixel.csv,THFR_pixel,Hyp,S3A,Hyp vs S3A,2025-08-10T08:15:00Z,2025-08-10T08:13:15Z,0.8362,48.6234,41.9414,CV >= 30%
S3A_20250810T101315_vs_HYPERNETS_20250810T103000_RHOW_pixel.csv,THFR_pixel,Hyp,S3A,Hyp vs S3A,2025-08-10T08:30:00Z,2025-08-10T08:13:15Z,0.8478,35.156,22.6242,CV >= 30%
S3A_20250822T100201_vs_HYPERNETS_20250822T094500_RHOW_pixel.csv,THFR_pixel,Hyp,S3A,Hyp vs S3A,2025-08-22T07:45:00Z,2025-08-22T08:02:01Z,2.4256,72.5759,-1.6721,CV >= 30%
S3A_20250822T100201_vs_HYPERNETS_20250822T100000_RHOW_pixel.csv,THFR_pixel,Hyp,S3A,Hyp vs S3A,2025-08-22T08:00:00Z,2025-08-22T08:02:01Z,2.506,67.333,1.5718,CV >= 30%
S3A_20250822T100201_vs_HYPERNETS_20250822T101500_RHOW_pixel.csv,THFR_pixel,Hyp,S3A,Hyp vs S3A,2025-08-22T08:15:00Z,2025-08-22T08:02:01Z,2.553,95.2574,4.5879,CV >= 30%
S3A_20250822T100201_vs_HYPERNETS_20250822T103000_RHOW_pixel.csv,THFR_pixel,Hyp,S3A,Hyp vs S3A,2025-08-22T08:30:00Z,2025-08-22T08:02:01Z,2.5344,118.1616,5.0158,CV >= 30%
S3A_20250906T101311_vs_HYPERNETS_20250906T094500_RHOW_pixel.csv,THFR_pixel,Hyp,S3A,Hyp vs S3A,2025-09-06T07:45:00Z,2025-09-06T08:13:11Z,1.5692,85.9587,-23.1653,CV >= 30%
S3A_20250906T101311_vs_HYPERNETS_20250906T100000_RHOW_pixel.csv,THFR_pixel,Hyp,S3A,Hyp vs S3A,2025-09-06T08:00:00Z,2025-09-06T08:13:11Z,1.6223,80.791,-18.3475,CV >= 30%
S3A_20250906T101311_vs_HYPERNETS_20250906T101500_RHOW_pixel.csv,THFR_pixel,Hyp,S3A,Hyp vs S3A,2025-09-06T08:15:00Z,2025-09-06T08:13:11Z,1.628,85.4214,-17.9724,CV >= 30%
S3A_20250906T101311_vs_HYPERNETS_20250906T103000_RHOW_pixel.csv,THFR_pixel,Hyp,S3A,Hyp vs S3A,2025-09-06T08:30:00Z,2025-09-06T08:13:11Z,1.7011,80.4775,-14.283,CV >= 30%
S3A_20250918T100200_vs_HYPERNETS_20250918T094500_RHOW_pixel.csv,THFR_pixel,Hyp,S3A,Hyp vs S3A,2025-09-18T07:45:00Z,2025-09-18T08:02:00Z,0.9748,112.0797,-34.6226,CV >= 30%
S3A_20250918T100200_vs_HYPERNETS_20250918T100000_RHOW_pixel.csv,THFR_pixel,Hyp,S3A,Hyp vs S3A,2025-09-18T08:00:00Z,2025-09-18T08:02:00Z,0.9825,102.7505,-34.1452,CV >= 30%
S3A_20250918T100200_vs_HYPERNETS_20250918T101500_RHOW_pixel.csv,THFR_pixel,Hyp,S3A,Hyp vs S3A,2025-09-18T08:15:00Z,2025-09-18T08:02:00Z,0.9407,97.2238,-40.6464,CV >= 30%
S3A_20250918T100200_vs_HYPERNETS_20250918T103000_RHOW_pixel.csv,THFR_pixel,Hyp,S3A,Hyp vs S3A,2025-09-18T08:30:00Z,2025-09-18T08:02:00Z,0.9345,93.996,-41.299,CV >= 30%
S3A_20250925T102044_vs_HYPERNETS_20250925T100000_RHOW_pixel.csv,THFR_pixel,Hyp,S3A,Hyp vs S3A,2025-09-25T08:00:00Z,2025-09-25T08:20:44Z,0.9451,100.2261,-35.1613,CV >= 30%
S3A_20250925T102044_vs_HYPERNETS_20250925T104500_RHOW_pixel.csv,THFR_pixel,Hyp,S3A,Hyp vs S3A,2025-09-25T08:45:00Z,2025-09-25T08:20:44Z,0.9675,94.0061,-32.0259,CV >= 30%
S3A_20250926T095433_vs_HYPERNETS_20250926T093000_RHOW_pixel.csv,THFR_pixel,Hyp,S3A,Hyp vs S3A,2025-09-26T07:30:00Z,2025-09-26T07:54:33Z,2.3945,42.7847,35.8427,CV >= 30%
S3A_20250926T095433_vs_HYPERNETS_20250926T100000_RHOW_pixel.csv,THFR_pixel,Hyp,S3A,Hyp vs S3A,2025-09-26T08:00:00Z,2025-09-26T07:54:33Z,2.4642,42.7431,36.5,CV >= 30%
S3A_20251007T100931_vs_HYPERNETS_20251007T103000_RHOW_pixel.csv,THFR_pixel,Hyp,S3A,Hyp vs S3A,2025-10-07T08:30:00Z,2025-10-07T08:09:31Z,0.8714,39.0414,-30.1694,CV >= 30%
S3A_20251010T103157_vs_HYPERNETS_20251010T101500_RHOW_pixel.csv,THFR_pixel,Hyp,S3A,Hyp vs S3A,2025-10-10T08:15:00Z,2025-10-10T08:31:57Z,0.98,76.1037,-37.394,CV >= 30%
S3A_20251010T103157_vs_HYPERNETS_20251010T103000_RHOW_pixel.csv,THFR_pixel,Hyp,S3A,Hyp vs S3A,2025-10-10T08:30:00Z,2025-10-10T08:31:57Z,1.0051,74.6775,-34.1427,CV >= 30%
S3A_20251010T103157_vs_HYPERNETS_20251010T110000_RHOW_pixel.csv,THFR_pixel,Hyp,S3A,Hyp vs S3A,2025-10-10T09:00:00Z,2025-10-10T08:31:57Z,1.0456,62.1665,-28.2477,CV >= 30%
S3A_20251030T101317_vs_HYPERNETS_20251030T094500_RHOW_pixel.csv,THFR_pixel,Hyp,S3A,Hyp vs S3A,2025-10-30T08:45:00Z,2025-10-30T09:13:17Z,0.7439,106.4958,-50.1161,CV >= 30%
S3A_20251030T101317_vs_HYPERNETS_20251030T100000_RHOW_pixel.csv,THFR_pixel,Hyp,S3A,Hyp vs S3A,2025-10-30T09:00:00Z,2025-10-30T09:13:17Z,0.756,104.7222,-48.6895,CV >= 30%
S3A_20251030T101317_vs_HYPERNETS_20251030T101500_RHOW_pixel.csv,THFR_pixel,Hyp,S3A,Hyp vs S3A,2025-10-30T09:15:00Z,2025-10-30T09:13:17Z,0.7763,81.8494,-46.1395,CV >= 30%
S3A_20251030T101317_vs_HYPERNETS_20251030T103000_RHOW_pixel.csv,THFR_pixel,Hyp,S3A,Hyp vs S3A,2025-10-30T09:30:00Z,2025-10-30T09:13:17Z,0.7641,100.7618,-46.7005,CV >= 30%
S3A_20251103T100933_vs_HYPERNETS_20251103T094500_RHOW_pixel.csv,THFR_pixel,Hyp,S3A,Hyp vs S3A,2025-11-03T08:45:00Z,2025-11-03T09:09:33Z,1.12,106.7365,-22.8665,CV >= 30%
S3A_20251103T100933_vs_HYPERNETS_20251103T100000_RHOW_pixel.csv,THFR_pixel,Hyp,S3A,Hyp vs S3A,2025-11-03T09:00:00Z,2025-11-03T09:09:33Z,1.0859,114.8184,-21.3368,CV >= 30%
S3A_20251103T100933_vs_HYPERNETS_20251103T101500_RHOW_pixel.csv,THFR_pixel,Hyp,S3A,Hyp vs S3A,2025-11-03T09:15:00Z,2025-11-03T09:09:33Z,1.0576,111.7406,-23.4173,CV >= 30%
S3A_20251103T100933_vs_HYPERNETS_20251103T103000_RHOW_pixel.csv,THFR_pixel,Hyp,S3A,Hyp vs S3A,2025-11-03T09:30:00Z,2025-11-03T09:09:33Z,1.1203,136.854,-22.1389,CV >= 30%
S3A_20251107T100548_vs_HYPERNETS_20251107T094500_RHOW_pixel.csv,THFR_pixel,Hyp,S3A,Hyp vs S3A,2025-11-07T08:45:00Z,2025-11-07T09:05:48Z,0.9269,29.2952,-0.9032,CV >= 30%
S3A_20251107T100548_vs_HYPERNETS_20251107T100000_RHOW_pixel.csv,THFR_pixel,Hyp,S3A,Hyp vs S3A,2025-11-07T09:00:00Z,2025-11-07T09:05:48Z,0.9998,17.1552,0.3322,CV >= 30%
S3A_20251107T100548_vs_HYPERNETS_20251107T101500_RHOW_pixel.csv,THFR_pixel,Hyp,S3A,Hyp vs S3A,2025-11-07T09:15:00Z,2025-11-07T09:05:48Z,0.92,26.815,-2.0394,CV >= 30%
S3A_20251107T100548_vs_HYPERNETS_20251107T103000_RHOW_pixel.csv,THFR_pixel,Hyp,S3A,Hyp vs S3A,2025-11-07T09:30:00Z,2025-11-07T09:05:48Z,0.9272,23.2454,1.2926,CV >= 30%
S3A_20251119T095433_vs_HYPERNETS_20251119T093000_RHOW_pixel.csv,THFR_pixel,Hyp,S3A,Hyp vs S3A,2025-11-19T08:30:00Z,2025-11-19T08:54:33Z,47.5136,2112.9746,2112.9746,CV >= 30%
S3A_20251119T095433_vs_HYPERNETS_20251119T100000_RHOW_pixel.csv,THFR_pixel,Hyp,S3A,Hyp vs S3A,2025-11-19T09:00:00Z,2025-11-19T08:54:33Z,16.7977,1956.5264,1956.5264,CV >= 30%
S3A_20251119T095433_vs_HYPERNETS_20251119T101500_RHOW_pixel.csv,THFR_pixel,Hyp,S3A,Hyp vs S3A,2025-11-19T09:15:00Z,2025-11-19T08:54:33Z,9.976,917.4014,917.4014,CV >= 30%
S3A_20251122T101659_vs_HYPERNETS_20251122T100000_RHOW_pixel.csv,THFR_pixel,Hyp,S3A,Hyp vs S3A,2025-11-22T09:00:00Z,2025-11-22T09:16:59Z,1.1374,51.0051,-7.7097,CV >= 30%
S3A_20251122T101659_vs_HYPERNETS_20251122T101500_RHOW_pixel.csv,THFR_pixel,Hyp,S3A,Hyp vs S3A,2025-11-22T09:15:00Z,2025-11-22T09:16:59Z,1.081,37.6919,-6.7806,CV >= 30%
S3A_20251122T101659_vs_HYPERNETS_20251122T103000_RHOW_pixel.csv,THFR_pixel,Hyp,S3A,Hyp vs S3A,2025-11-22T09:30:00Z,2025-11-22T09:16:59Z,1.0731,44.549,12.7073,CV >= 30%
S3A_20251122T101659_vs_HYPERNETS_20251122T104500_RHOW_pixel.csv,THFR_pixel,Hyp,S3A,Hyp vs S3A,2025-11-22T09:45:00Z,2025-11-22T09:16:59Z,1.0338,40.3352,-14.6911,CV >= 30%
S3A_20251126T101315_vs_HYPERNETS_20251126T094500_RHOW_pixel.csv,THFR_pixel,Hyp,S3A,Hyp vs S3A,2025-11-26T08:45:00Z,2025-11-26T09:13:15Z,1.7918,101.2147,0.0819,CV >= 30%
S3A_20251126T101315_vs_HYPERNETS_20251126T100000_RHOW_pixel.csv,THFR_pixel,Hyp,S3A,Hyp vs S3A,2025-11-26T09:00:00Z,2025-11-26T09:13:15Z,1.6693,93.6824,-18.2051,CV >= 30%
S3A_20251126T101315_vs_HYPERNETS_20251126T101500_RHOW_pixel.csv,THFR_pixel,Hyp,S3A,Hyp vs S3A,2025-11-26T09:15:00Z,2025-11-26T09:13:15Z,1.7978,126.5819,8.7289,CV >= 30%
S3A_20251126T101315_vs_HYPERNETS_20251126T103000_RHOW_pixel.csv,THFR_pixel,Hyp,S3A,Hyp vs S3A,2025-11-26T09:30:00Z,2025-11-26T09:13:15Z,1.692,107.5342,0.8878,CV >= 30%
S3A_20251130T100930_vs_HYPERNETS_20251130T094500_RHOW_pixel.csv,THFR_pixel,Hyp,S3A,Hyp vs S3A,2025-11-30T08:45:00Z,2025-11-30T09:09:30Z,0.1515,174.5209,127.096,CV >= 30%
S3A_20251130T100930_vs_HYPERNETS_20251130T100000_RHOW_pixel.csv,THFR_pixel,Hyp,S3A,Hyp vs S3A,2025-11-30T09:00:00Z,2025-11-30T09:09:30Z,0.1572,463.8229,452.5428,CV >= 30%
S3A_20251130T100930_vs_HYPERNETS_20251130T103000_RHOW_pixel.csv,THFR_pixel,Hyp,S3A,Hyp vs S3A,2025-11-30T09:30:00Z,2025-11-30T09:09:30Z,0.1505,881.7654,881.7654,CV >= 30%
S3A_20251203T103156_vs_HYPERNETS_20251203T101500_RHOW_pixel.csv,THFR_pixel,Hyp,S3A,Hyp vs S3A,2025-12-03T09:15:00Z,2025-12-03T09:31:56Z,2.5889,522.2293,522.2293,CV >= 30%
S3A_20251203T103156_vs_HYPERNETS_20251203T103000_RHOW_pixel.csv,THFR_pixel,Hyp,S3A,Hyp vs S3A,2025-12-03T09:30:00Z,2025-12-03T09:31:56Z,2.4653,469.2285,469.2285,CV >= 30%
S3A_20251203T103156_vs_HYPERNETS_20251203T104500_RHOW_pixel.csv,THFR_pixel,Hyp,S3A,Hyp vs S3A,2025-12-03T09:45:00Z,2025-12-03T09:31:56Z,-2.6403,286.0433,286.0433,CV >= 30%
S3A_20251203T103156_vs_HYPERNETS_20251203T110000_RHOW_pixel.csv,THFR_pixel,Hyp,S3A,Hyp vs S3A,2025-12-03T10:00:00Z,2025-12-03T09:31:56Z,2.4707,459.4657,459.4657,CV >= 30%
S3A_20251208T100159_vs_HYPERNETS_20251208T094500_RHOW_pixel.csv,THFR_pixel,Hyp,S3A,Hyp vs S3A,2025-12-08T08:45:00Z,2025-12-08T09:01:59Z,0.735,76.0894,5.7854,CV >= 30%
S3A_20251208T100159_vs_HYPERNETS_20251208T100000_RHOW_pixel.csv,THFR_pixel,Hyp,S3A,Hyp vs S3A,2025-12-08T09:00:00Z,2025-12-08T09:01:59Z,0.7531,60.158,-41.7648,CV >= 30%
S3A_20251208T100159_vs_HYPERNETS_20251208T101500_RHOW_pixel.csv,THFR_pixel,Hyp,S3A,Hyp vs S3A,2025-12-08T09:15:00Z,2025-12-08T09:01:59Z,0.7396,63.7984,-45.07,CV >= 30%
S3A_20251208T100159_vs_HYPERNETS_20251208T103000_RHOW_pixel.csv,THFR_pixel,Hyp,S3A,Hyp vs S3A,2025-12-08T09:30:00Z,2025-12-08T09:01:59Z,0.7254,68.1967,-47.7047,CV >= 30%
S3A_20251230T103156_vs_HYPERNETS_20251230T101500_RHOW_pixel.csv,THFR_pixel,Hyp,S3A,Hyp vs S3A,2025-12-30T09:15:00Z,2025-12-30T09:31:56Z,1.6482,32.7838,17.0909,CV >= 30%
S3A_20251230T103156_vs_HYPERNETS_20251230T103000_RHOW_pixel.csv,THFR_pixel,Hyp,S3A,Hyp vs S3A,2025-12-30T09:30:00Z,2025-12-30T09:31:56Z,1.6844,30.4816,15.3316,CV >= 30%
S3A_20251230T103156_vs_HYPERNETS_20251230T104500_RHOW_pixel.csv,THFR_pixel,Hyp,S3A,Hyp vs S3A,2025-12-30T09:45:00Z,2025-12-30T09:31:56Z,1.5554,35.7226,2.5998,CV >= 30%
S3A_20251230T103156_vs_HYPERNETS_20251230T110000_RHOW_pixel.csv,THFR_pixel,Hyp,S3A,Hyp vs S3A,2025-12-30T10:00:00Z,2025-12-30T09:31:56Z,1.5876,32.3681,7.6312,CV >= 30%
S3B_20250117T094918_vs_HYPERNETS_20250117T093000_RHOW_pixel.csv,THFR_pixel,Hyp,S3B,Hyp vs S3B,2025-01-17T08:30:00Z,2025-01-17T08:49:18Z,0.7548,162.569,162.569,CV >= 30%
S3B_20250117T094918_vs_HYPERNETS_20250117T094500_RHOW_pixel.csv,THFR_pixel,Hyp,S3B,Hyp vs S3B,2025-01-17T08:45:00Z,2025-01-17T08:49:18Z,NA,NA,NA,CV >= 30%
S3B_20250117T094918_vs_HYPERNETS_20250117T100000_RHOW_pixel.csv,THFR_pixel,Hyp,S3B,Hyp vs S3B,2025-01-17T09:00:00Z,2025-01-17T08:49:18Z,0.6872,120.7445,120.7445,CV >= 30%
S3B_20250117T094918_vs_HYPERNETS_20250117T101500_RHOW_pixel.csv,THFR_pixel,Hyp,S3B,Hyp vs S3B,2025-01-17T09:15:00Z,2025-01-17T08:49:18Z,0.6747,294.7907,294.7907,CV >= 30%
S3B_20250213T094920_vs_HYPERNETS_20250213T100000_RHOW_pixel.csv,THFR_pixel,Hyp,S3B,Hyp vs S3B,2025-02-13T09:00:00Z,2025-02-13T08:49:20Z,-16.4948,121.0033,121.0033,CV >= 30%
S3B_20250213T094920_vs_HYPERNETS_20250213T101500_RHOW_pixel.csv,THFR_pixel,Hyp,S3B,Hyp vs S3B,2025-02-13T09:15:00Z,2025-02-13T08:49:20Z,-21.4451,119.2273,119.2273,CV >= 30%
S3B_20250601T094927_vs_HYPERNETS_20250601T093000_RHOW_pixel.csv,THFR_pixel,Hyp,S3B,Hyp vs S3B,2025-06-01T07:30:00Z,2025-06-01T07:49:27Z,0.2352,1359.9994,1359.9994,CV >= 30%
S3B_20250601T094927_vs_HYPERNETS_20250601T094500_RHOW_pixel.csv,THFR_pixel,Hyp,S3B,Hyp vs S3B,2025-06-01T07:45:00Z,2025-06-01T07:49:27Z,0.2448,1393.3847,1393.3847,CV >= 30%
S3B_20250601T094927_vs_HYPERNETS_20250601T100000_RHOW_pixel.csv,THFR_pixel,Hyp,S3B,Hyp vs S3B,2025-06-01T08:00:00Z,2025-06-01T07:49:27Z,0.2412,958.2593,958.2593,CV >= 30%
S3B_20250601T094927_vs_HYPERNETS_20250601T101500_RHOW_pixel.csv,THFR_pixel,Hyp,S3B,Hyp vs S3B,2025-06-01T08:15:00Z,2025-06-01T07:49:27Z,0.2542,1283.2076,1283.2076,CV >= 30%
S3B_20250604T101153_vs_HYPERNETS_20250604T101500_RHOW_pixel.csv,THFR_pixel,Hyp,S3B,Hyp vs S3B,2025-06-04T08:15:00Z,2025-06-04T08:11:53Z,2.5393,124.0735,32.9923,CV >= 30%
S3B_20250604T101153_vs_HYPERNETS_20250604T103000_RHOW_pixel.csv,THFR_pixel,Hyp,S3B,Hyp vs S3B,2025-06-04T08:30:00Z,2025-06-04T08:11:53Z,2.5823,128.24,31.4877,CV >= 30%
S3B_20250608T100809_vs_HYPERNETS_20250608T094500_RHOW_pixel.csv,THFR_pixel,Hyp,S3B,Hyp vs S3B,2025-06-08T07:45:00Z,2025-06-08T08:08:09Z,5.276,20.0401,16.1888,CV >= 30%
S3B_20250608T100809_vs_HYPERNETS_20250608T100000_RHOW_pixel.csv,THFR_pixel,Hyp,S3B,Hyp vs S3B,2025-06-08T08:00:00Z,2025-06-08T08:08:09Z,3.7622,29.2922,-10.2298,CV >= 30%
S3B_20250616T100043_vs_HYPERNETS_20250616T094500_RHOW_pixel.csv,THFR_pixel,Hyp,S3B,Hyp vs S3B,2025-06-16T07:45:00Z,2025-06-16T08:00:43Z,1.1838,122.5084,-9.1465,CV >= 30%
S3B_20250616T100043_vs_HYPERNETS_20250616T100000_RHOW_pixel.csv,THFR_pixel,Hyp,S3B,Hyp vs S3B,2025-06-16T08:00:00Z,2025-06-16T08:00:43Z,1.1886,140.448,-9.3142,CV >= 30%
S3B_20250616T100043_vs_HYPERNETS_20250616T101500_RHOW_pixel.csv,THFR_pixel,Hyp,S3B,Hyp vs S3B,2025-06-16T08:15:00Z,2025-06-16T08:00:43Z,1.1916,128.831,-9.3458,CV >= 30%
S3B_20250616T100043_vs_HYPERNETS_20250616T103000_RHOW_pixel.csv,THFR_pixel,Hyp,S3B,Hyp vs S3B,2025-06-16T08:30:00Z,2025-06-16T08:00:43Z,1.1668,115.7328,-11.9015,CV >= 30%
S3B_20250619T102310_vs_HYPERNETS_20250619T100000_RHOW_pixel.csv,THFR_pixel,Hyp,S3B,Hyp vs S3B,2025-06-19T08:00:00Z,2025-06-19T08:23:10Z,0.3346,165.4983,165.4983,CV >= 30%
S3B_20250619T102310_vs_HYPERNETS_20250619T101500_RHOW_pixel.csv,THFR_pixel,Hyp,S3B,Hyp vs S3B,2025-06-19T08:15:00Z,2025-06-19T08:23:10Z,0.3322,124.0025,112.0839,CV >= 30%
S3B_20250619T102310_vs_HYPERNETS_20250619T103000_RHOW_pixel.csv,THFR_pixel,Hyp,S3B,Hyp vs S3B,2025-06-19T08:30:00Z,2025-06-19T08:23:10Z,0.3189,101.8085,87.6804,CV >= 30%
S3B_20250619T102310_vs_HYPERNETS_20250619T104500_RHOW_pixel.csv,THFR_pixel,Hyp,S3B,Hyp vs S3B,2025-06-19T08:45:00Z,2025-06-19T08:23:10Z,0.3229,154.0419,137.7832,CV >= 30%
S3B_20250623T101926_vs_HYPERNETS_20250623T100000_RHOW_pixel.csv,THFR_pixel,Hyp,S3B,Hyp vs S3B,2025-06-23T08:00:00Z,2025-06-23T08:19:26Z,NA,NA,NA,CV >= 30%
S3B_20250623T101926_vs_HYPERNETS_20250623T101500_RHOW_pixel.csv,THFR_pixel,Hyp,S3B,Hyp vs S3B,2025-06-23T08:15:00Z,2025-06-23T08:19:26Z,NA,NA,NA,CV >= 30%
S3B_20250623T101926_vs_HYPERNETS_20250623T103000_RHOW_pixel.csv,THFR_pixel,Hyp,S3B,Hyp vs S3B,2025-06-23T08:30:00Z,2025-06-23T08:19:26Z,NA,NA,NA,CV >= 30%
S3B_20250623T101926_vs_HYPERNETS_20250623T104500_RHOW_pixel.csv,THFR_pixel,Hyp,S3B,Hyp vs S3B,2025-06-23T08:45:00Z,2025-06-23T08:19:26Z,NA,NA,NA,CV >= 30%
S3B_20250624T095315_vs_HYPERNETS_20250624T093000_RHOW_pixel.csv,THFR_pixel,Hyp,S3B,Hyp vs S3B,2025-06-24T07:30:00Z,2025-06-24T07:53:15Z,0.5232,365.5807,365.5807,CV >= 30%
S3B_20250624T095315_vs_HYPERNETS_20250624T094500_RHOW_pixel.csv,THFR_pixel,Hyp,S3B,Hyp vs S3B,2025-06-24T07:45:00Z,2025-06-24T07:53:15Z,0.5312,398.0885,398.0885,CV >= 30%
S3B_20250624T095315_vs_HYPERNETS_20250624T100000_RHOW_pixel.csv,THFR_pixel,Hyp,S3B,Hyp vs S3B,2025-06-24T08:00:00Z,2025-06-24T07:53:15Z,0.524,339.8379,339.8379,CV >= 30%
S3B_20250624T095315_vs_HYPERNETS_20250624T101500_RHOW_pixel.csv,THFR_pixel,Hyp,S3B,Hyp vs S3B,2025-06-24T08:15:00Z,2025-06-24T07:53:15Z,0.5262,552.7814,552.7814,CV >= 30%
S3B_20250627T101542_vs_HYPERNETS_20250627T100000_RHOW_pixel.csv,THFR_pixel,Hyp,S3B,Hyp vs S3B,2025-06-27T08:00:00Z,2025-06-27T08:15:42Z,0.5457,125.8066,-113.2662,CV >= 30%
S3B_20250627T101542_vs_HYPERNETS_20250627T101500_RHOW_pixel.csv,THFR_pixel,Hyp,S3B,Hyp vs S3B,2025-06-27T08:15:00Z,2025-06-27T08:15:42Z,0.5475,118.2487,-108.8833,CV >= 30%
S3B_20250627T101542_vs_HYPERNETS_20250627T103000_RHOW_pixel.csv,THFR_pixel,Hyp,S3B,Hyp vs S3B,2025-06-27T08:30:00Z,2025-06-27T08:15:42Z,0.5603,122.1295,-109.704,CV >= 30%
S3B_20250627T101542_vs_HYPERNETS_20250627T104500_RHOW_pixel.csv,THFR_pixel,Hyp,S3B,Hyp vs S3B,2025-06-27T08:45:00Z,2025-06-27T08:15:42Z,0.575,119.2706,-105.7976,CV >= 30%
S3B_20250628T094931_vs_HYPERNETS_20250628T093000_RHOW_pixel.csv,THFR_pixel,Hyp,S3B,Hyp vs S3B,2025-06-28T07:30:00Z,2025-06-28T07:49:31Z,0.5615,102.2298,-13.9613,CV >= 30%
S3B_20250628T094931_vs_HYPERNETS_20250628T094500_RHOW_pixel.csv,THFR_pixel,Hyp,S3B,Hyp vs S3B,2025-06-28T07:45:00Z,2025-06-28T07:49:31Z,0.5515,109.3336,-19.6528,CV >= 30%
S3B_20250628T094931_vs_HYPERNETS_20250628T100000_RHOW_pixel.csv,THFR_pixel,Hyp,S3B,Hyp vs S3B,2025-06-28T08:00:00Z,2025-06-28T07:49:31Z,0.5835,86.6244,-30.7288,CV >= 30%
S3B_20250628T094931_vs_HYPERNETS_20250628T101500_RHOW_pixel.csv,THFR_pixel,Hyp,S3B,Hyp vs S3B,2025-06-28T08:15:00Z,2025-06-28T07:49:31Z,0.5485,112.2155,-31.5604,CV >= 30%
S3B_20250701T101158_vs_HYPERNETS_20250701T094500_RHOW_pixel.csv,THFR_pixel,Hyp,S3B,Hyp vs S3B,2025-07-01T07:45:00Z,2025-07-01T08:11:58Z,0.6821,99.3287,79.2576,CV >= 30%
S3B_20250701T101158_vs_HYPERNETS_20250701T100000_RHOW_pixel.csv,THFR_pixel,Hyp,S3B,Hyp vs S3B,2025-07-01T08:00:00Z,2025-07-01T08:11:58Z,0.6849,50.8585,1.3764,CV >= 30%
S3B_20250701T101158_vs_HYPERNETS_20250701T101500_RHOW_pixel.csv,THFR_pixel,Hyp,S3B,Hyp vs S3B,2025-07-01T08:15:00Z,2025-07-01T08:11:58Z,0.6648,53.7834,9.567,CV >= 30%
S3B_20250701T101158_vs_HYPERNETS_20250701T103000_RHOW_pixel.csv,THFR_pixel,Hyp,S3B,Hyp vs S3B,2025-07-01T08:30:00Z,2025-07-01T08:11:58Z,0.6681,62.0943,47.059,CV >= 30%
S3B_20250705T100815_vs_HYPERNETS_20250705T094500_RHOW_pixel.csv,THFR_pixel,Hyp,S3B,Hyp vs S3B,2025-07-05T07:45:00Z,2025-07-05T08:08:15Z,0.4833,305.7661,305.7661,CV >= 30%
S3B_20250705T100815_vs_HYPERNETS_20250705T100000_RHOW_pixel.csv,THFR_pixel,Hyp,S3B,Hyp vs S3B,2025-07-05T08:00:00Z,2025-07-05T08:08:15Z,0.4885,344.6985,344.6985,CV >= 30%
S3B_20250705T100815_vs_HYPERNETS_20250705T101500_RHOW_pixel.csv,THFR_pixel,Hyp,S3B,Hyp vs S3B,2025-07-05T08:15:00Z,2025-07-05T08:08:15Z,0.49,223.559,223.559,CV >= 30%
S3B_20250705T100815_vs_HYPERNETS_20250705T103000_RHOW_pixel.csv,THFR_pixel,Hyp,S3B,Hyp vs S3B,2025-07-05T08:30:00Z,2025-07-05T08:08:15Z,0.471,225.2468,225.2468,CV >= 30%
S3B_20250713T100046_vs_HYPERNETS_20250713T094500_RHOW_pixel.csv,THFR_pixel,Hyp,S3B,Hyp vs S3B,2025-07-13T07:45:00Z,2025-07-13T08:00:46Z,2.0749,91.7558,3.3712,CV >= 30%
S3B_20250713T100046_vs_HYPERNETS_20250713T100000_RHOW_pixel.csv,THFR_pixel,Hyp,S3B,Hyp vs S3B,2025-07-13T08:00:00Z,2025-07-13T08:00:46Z,2.0988,84.4799,5.4587,CV >= 30%
S3B_20250713T100046_vs_HYPERNETS_20250713T101500_RHOW_pixel.csv,THFR_pixel,Hyp,S3B,Hyp vs S3B,2025-07-13T08:15:00Z,2025-07-13T08:00:46Z,2.1594,73.2053,8.9878,CV >= 30%
S3B_20250713T100046_vs_HYPERNETS_20250713T103000_RHOW_pixel.csv,THFR_pixel,Hyp,S3B,Hyp vs S3B,2025-07-13T08:30:00Z,2025-07-13T08:00:46Z,2.1634,79.9494,7.4609,CV >= 30%
S3B_20250716T102313_vs_HYPERNETS_20250716T100000_RHOW_pixel.csv,THFR_pixel,Hyp,S3B,Hyp vs S3B,2025-07-16T08:00:00Z,2025-07-16T08:23:13Z,NA,101.5064,-87.85,CV >= 30%
S3B_20250716T102313_vs_HYPERNETS_20250716T101500_RHOW_pixel.csv,THFR_pixel,Hyp,S3B,Hyp vs S3B,2025-07-16T08:15:00Z,2025-07-16T08:23:13Z,NA,100.0015,-100.0015,CV >= 30%
S3B_20250716T102313_vs_HYPERNETS_20250716T103000_RHOW_pixel.csv,THFR_pixel,Hyp,S3B,Hyp vs S3B,2025-07-16T08:30:00Z,2025-07-16T08:23:13Z,NA,137.6498,-59.4796,CV >= 30%
S3B_20250716T102313_vs_HYPERNETS_20250716T104500_RHOW_pixel.csv,THFR_pixel,Hyp,S3B,Hyp vs S3B,2025-07-16T08:45:00Z,2025-07-16T08:23:13Z,NA,149.1309,-149.1309,CV >= 30%
S3B_20250720T101928_vs_HYPERNETS_20250720T100000_RHOW_pixel.csv,THFR_pixel,Hyp,S3B,Hyp vs S3B,2025-07-20T08:00:00Z,2025-07-20T08:19:28Z,0.3397,224.2494,-211.008,CV >= 30%
S3B_20250720T101928_vs_HYPERNETS_20250720T101500_RHOW_pixel.csv,THFR_pixel,Hyp,S3B,Hyp vs S3B,2025-07-20T08:15:00Z,2025-07-20T08:19:28Z,0.3462,283.7523,-270.2591,CV >= 30%
S3B_20250720T101928_vs_HYPERNETS_20250720T103000_RHOW_pixel.csv,THFR_pixel,Hyp,S3B,Hyp vs S3B,2025-07-20T08:30:00Z,2025-07-20T08:19:28Z,0.3666,265.4164,-258.6192,CV >= 30%
S3B_20250720T101928_vs_HYPERNETS_20250720T104500_RHOW_pixel.csv,THFR_pixel,Hyp,S3B,Hyp vs S3B,2025-07-20T08:45:00Z,2025-07-20T08:19:28Z,0.3762,273.6564,-261.3064,CV >= 30%
S3B_20250721T095317_vs_HYPERNETS_20250721T093000_RHOW_pixel.csv,THFR_pixel,Hyp,S3B,Hyp vs S3B,2025-07-21T07:30:00Z,2025-07-21T07:53:17Z,1.7795,29.6198,7.3654,CV >= 30%
S3B_20250721T095317_vs_HYPERNETS_20250721T094500_RHOW_pixel.csv,THFR_pixel,Hyp,S3B,Hyp vs S3B,2025-07-21T07:45:00Z,2025-07-21T07:53:17Z,1.7684,52.6602,-4.785,CV >= 30%
S3B_20250721T095317_vs_HYPERNETS_20250721T100000_RHOW_pixel.csv,THFR_pixel,Hyp,S3B,Hyp vs S3B,2025-07-21T08:00:00Z,2025-07-21T07:53:17Z,1.7572,59.3558,-9.8512,CV >= 30%
S3B_20250721T095317_vs_HYPERNETS_20250721T101500_RHOW_pixel.csv,THFR_pixel,Hyp,S3B,Hyp vs S3B,2025-07-21T08:15:00Z,2025-07-21T07:53:17Z,1.7827,60.5012,-11.3045,CV >= 30%
S3B_20250724T101543_vs_HYPERNETS_20250724T100000_RHOW_pixel.csv,THFR_pixel,Hyp,S3B,Hyp vs S3B,2025-07-24T08:00:00Z,2025-07-24T08:15:43Z,2.1565,154.0771,-54.6611,CV >= 30%
S3B_20250724T101543_vs_HYPERNETS_20250724T101500_RHOW_pixel.csv,THFR_pixel,Hyp,S3B,Hyp vs S3B,2025-07-24T08:15:00Z,2025-07-24T08:15:43Z,2.4011,108.7907,-2.818,CV >= 30%
S3B_20250724T101543_vs_HYPERNETS_20250724T103000_RHOW_pixel.csv,THFR_pixel,Hyp,S3B,Hyp vs S3B,2025-07-24T08:30:00Z,2025-07-24T08:15:43Z,2.6664,88.7404,10.406,CV >= 30%
S3B_20250724T101543_vs_HYPERNETS_20250724T104500_RHOW_pixel.csv,THFR_pixel,Hyp,S3B,Hyp vs S3B,2025-07-24T08:45:00Z,2025-07-24T08:15:43Z,2.3639,97.3135,-3.7499,CV >= 30%
S3B_20250725T094932_vs_HYPERNETS_20250725T093000_RHOW_pixel.csv,THFR_pixel,Hyp,S3B,Hyp vs S3B,2025-07-25T07:30:00Z,2025-07-25T07:49:32Z,0.6925,30.7158,18.0348,CV >= 30%
S3B_20250725T094932_vs_HYPERNETS_20250725T094500_RHOW_pixel.csv,THFR_pixel,Hyp,S3B,Hyp vs S3B,2025-07-25T07:45:00Z,2025-07-25T07:49:32Z,0.7572,59.2597,59.2597,CV >= 30%
S3B_20250725T094932_vs_HYPERNETS_20250725T100000_RHOW_pixel.csv,THFR_pixel,Hyp,S3B,Hyp vs S3B,2025-07-25T08:00:00Z,2025-07-25T07:49:32Z,0.7041,28.7002,14.4438,CV >= 30%
S3B_20250725T094932_vs_HYPERNETS_20250725T101500_RHOW_pixel.csv,THFR_pixel,Hyp,S3B,Hyp vs S3B,2025-07-25T08:15:00Z,2025-07-25T07:49:32Z,0.6628,37.3156,-5.266,CV >= 30%
S3B_20250728T101159_vs_HYPERNETS_20250728T101500_RHOW_pixel.csv,THFR_pixel,Hyp,S3B,Hyp vs S3B,2025-07-28T08:15:00Z,2025-07-28T08:11:59Z,2.259,78.9743,-3.6391,CV >= 30%
S3B_20250728T101159_vs_HYPERNETS_20250728T103000_RHOW_pixel.csv,THFR_pixel,Hyp,S3B,Hyp vs S3B,2025-07-28T08:30:00Z,2025-07-28T08:11:59Z,2.3348,66.6489,0.2189,CV >= 30%
S3B_20250804T103042_vs_HYPERNETS_20250804T101500_RHOW_pixel.csv,THFR_pixel,Hyp,S3B,Hyp vs S3B,2025-08-04T08:15:00Z,2025-08-04T08:30:42Z,-73.8647,1390.9086,1390.9086,CV >= 30%
S3B_20250804T103042_vs_HYPERNETS_20250804T103000_RHOW_pixel.csv,THFR_pixel,Hyp,S3B,Hyp vs S3B,2025-08-04T08:30:00Z,2025-08-04T08:30:42Z,-67.9169,1067.6707,1067.6707,CV >= 30%
S3B_20250804T103042_vs_HYPERNETS_20250804T104500_RHOW_pixel.csv,THFR_pixel,Hyp,S3B,Hyp vs S3B,2025-08-04T08:45:00Z,2025-08-04T08:30:42Z,-80.1425,1445.5028,1445.5028,CV >= 30%
S3B_20250804T103042_vs_HYPERNETS_20250804T110000_RHOW_pixel.csv,THFR_pixel,Hyp,S3B,Hyp vs S3B,2025-08-04T09:00:00Z,2025-08-04T08:30:42Z,-65.8347,1614.0074,1614.0074,CV >= 30%
S3B_20250805T100431_vs_HYPERNETS_20250805T094500_RHOW_pixel.csv,THFR_pixel,Hyp,S3B,Hyp vs S3B,2025-08-05T07:45:00Z,2025-08-05T08:04:31Z,1.3828,122.8734,-3.131,CV >= 30%
S3B_20250805T100431_vs_HYPERNETS_20250805T100000_RHOW_pixel.csv,THFR_pixel,Hyp,S3B,Hyp vs S3B,2025-08-05T08:00:00Z,2025-08-05T08:04:31Z,1.3897,105.251,-1.6366,CV >= 30%
S3B_20250805T100431_vs_HYPERNETS_20250805T101500_RHOW_pixel.csv,THFR_pixel,Hyp,S3B,Hyp vs S3B,2025-08-05T08:15:00Z,2025-08-05T08:04:31Z,1.36,136.8137,-4.4278,CV >= 30%
S3B_20250805T100431_vs_HYPERNETS_20250805T103000_RHOW_pixel.csv,THFR_pixel,Hyp,S3B,Hyp vs S3B,2025-08-05T08:30:00Z,2025-08-05T08:04:31Z,1.3732,111.7516,-2.5155,CV >= 30%
S3B_20250808T102658_vs_HYPERNETS_20250808T100000_RHOW_pixel.csv,THFR_pixel,Hyp,S3B,Hyp vs S3B,2025-08-08T08:00:00Z,2025-08-08T08:26:58Z,0.108,49.3221,-49.3221,CV >= 30%
S3B_20250808T102658_vs_HYPERNETS_20250808T101500_RHOW_pixel.csv,THFR_pixel,Hyp,S3B,Hyp vs S3B,2025-08-08T08:15:00Z,2025-08-08T08:26:58Z,0.1069,125.4789,-125.4789,CV >= 30%
S3B_20250808T102658_vs_HYPERNETS_20250808T103000_RHOW_pixel.csv,THFR_pixel,Hyp,S3B,Hyp vs S3B,2025-08-08T08:30:00Z,2025-08-08T08:26:58Z,0.1063,102.6706,-102.6706,CV >= 30%
S3B_20250808T102658_vs_HYPERNETS_20250808T104500_RHOW_pixel.csv,THFR_pixel,Hyp,S3B,Hyp vs S3B,2025-08-08T08:45:00Z,2025-08-08T08:26:58Z,0.1084,78.9084,-78.9084,CV >= 30%
S3B_20250812T102313_vs_HYPERNETS_20250812T100000_RHOW_pixel.csv,THFR_pixel,Hyp,S3B,Hyp vs S3B,2025-08-12T08:00:00Z,2025-08-12T08:23:13Z,0.2831,84.0935,-79.6093,CV >= 30%
S3B_20250812T102313_vs_HYPERNETS_20250812T101500_RHOW_pixel.csv,THFR_pixel,Hyp,S3B,Hyp vs S3B,2025-08-12T08:15:00Z,2025-08-12T08:23:13Z,0.2582,184.3406,-44.6395,CV >= 30%
S3B_20250812T102313_vs_HYPERNETS_20250812T103000_RHOW_pixel.csv,THFR_pixel,Hyp,S3B,Hyp vs S3B,2025-08-12T08:30:00Z,2025-08-12T08:23:13Z,0.2574,185.1882,-52.373,CV >= 30%
S3B_20250812T102313_vs_HYPERNETS_20250812T104500_RHOW_pixel.csv,THFR_pixel,Hyp,S3B,Hyp vs S3B,2025-08-12T08:45:00Z,2025-08-12T08:23:13Z,0.2646,175.6008,-24.4516,CV >= 30%
S3B_20250831T103044_vs_HYPERNETS_20250831T101500_RHOW_pixel.csv,THFR_pixel,Hyp,S3B,Hyp vs S3B,2025-08-31T08:15:00Z,2025-08-31T08:30:44Z,0.3032,170.0123,-47.3873,CV >= 30%
S3B_20250831T103044_vs_HYPERNETS_20250831T103000_RHOW_pixel.csv,THFR_pixel,Hyp,S3B,Hyp vs S3B,2025-08-31T08:30:00Z,2025-08-31T08:30:44Z,0.2999,173.7993,-65.5199,CV >= 30%
S3B_20250831T103044_vs_HYPERNETS_20250831T104500_RHOW_pixel.csv,THFR_pixel,Hyp,S3B,Hyp vs S3B,2025-08-31T08:45:00Z,2025-08-31T08:30:44Z,0.3011,171.1417,-45.3678,CV >= 30%
S3B_20250831T103044_vs_HYPERNETS_20250831T110000_RHOW_pixel.csv,THFR_pixel,Hyp,S3B,Hyp vs S3B,2025-08-31T09:00:00Z,2025-08-31T08:30:44Z,0.3203,154.3901,-38.2166,CV >= 30%
S3B_20250912T101927_vs_HYPERNETS_20250912T100000_RHOW_pixel.csv,THFR_pixel,Hyp,S3B,Hyp vs S3B,2025-09-12T08:00:00Z,2025-09-12T08:19:27Z,3.4897,141.8461,-12.6778,CV >= 30%
S3B_20250912T101927_vs_HYPERNETS_20250912T103000_RHOW_pixel.csv,THFR_pixel,Hyp,S3B,Hyp vs S3B,2025-09-12T08:30:00Z,2025-09-12T08:19:27Z,3.6386,145.4842,-3.308,CV >= 30%
S3B_20250912T101927_vs_HYPERNETS_20250912T104500_RHOW_pixel.csv,THFR_pixel,Hyp,S3B,Hyp vs S3B,2025-09-12T08:45:00Z,2025-09-12T08:19:27Z,3.9168,138.2829,7.8202,CV >= 30%
S3B_20250917T094933_vs_HYPERNETS_20250917T093000_RHOW_pixel.csv,THFR_pixel,Hyp,S3B,Hyp vs S3B,2025-09-17T07:30:00Z,2025-09-17T07:49:33Z,-0.4345,1909.1773,1909.1773,CV >= 30%
S3B_20250917T094933_vs_HYPERNETS_20250917T094500_RHOW_pixel.csv,THFR_pixel,Hyp,S3B,Hyp vs S3B,2025-09-17T07:45:00Z,2025-09-17T07:49:33Z,-0.4286,1508.9368,1508.9368,CV >= 30%
S3B_20250917T094933_vs_HYPERNETS_20250917T100000_RHOW_pixel.csv,THFR_pixel,Hyp,S3B,Hyp vs S3B,2025-09-17T08:00:00Z,2025-09-17T07:49:33Z,-0.4215,1564.6919,1564.6919,CV >= 30%
S3B_20250917T094933_vs_HYPERNETS_20250917T101500_RHOW_pixel.csv,THFR_pixel,Hyp,S3B,Hyp vs S3B,2025-09-17T08:15:00Z,2025-09-17T07:49:33Z,-0.4237,1706.8868,1706.8868,CV >= 30%
S3B_20250927T103041_vs_HYPERNETS_20250927T101500_RHOW_pixel.csv,THFR_pixel,Hyp,S3B,Hyp vs S3B,2025-09-27T08:15:00Z,2025-09-27T08:30:41Z,0.2007,436.0016,421.8121,CV >= 30%
S3B_20250927T103041_vs_HYPERNETS_20250927T103000_RHOW_pixel.csv,THFR_pixel,Hyp,S3B,Hyp vs S3B,2025-09-27T08:30:00Z,2025-09-27T08:30:41Z,0.1915,321.7602,316.3779,CV >= 30%
S3B_20250927T103041_vs_HYPERNETS_20250927T104500_RHOW_pixel.csv,THFR_pixel,Hyp,S3B,Hyp vs S3B,2025-09-27T08:45:00Z,2025-09-27T08:30:41Z,0.1927,253.2031,233.8771,CV >= 30%
S3B_20250927T103041_vs_HYPERNETS_20250927T110000_RHOW_pixel.csv,THFR_pixel,Hyp,S3B,Hyp vs S3B,2025-09-27T09:00:00Z,2025-09-27T08:30:41Z,0.1905,214.2249,163.5175,CV >= 30%
S3B_20251002T100044_vs_HYPERNETS_20251002T094500_RHOW_pixel.csv,THFR_pixel,Hyp,S3B,Hyp vs S3B,2025-10-02T07:45:00Z,2025-10-02T08:00:44Z,0.9329,34.5113,22.3463,CV >= 30%
S3B_20251002T100044_vs_HYPERNETS_20251002T100000_RHOW_pixel.csv,THFR_pixel,Hyp,S3B,Hyp vs S3B,2025-10-02T08:00:00Z,2025-10-02T08:00:44Z,0.9287,35.8979,14.362,CV >= 30%
S3B_20251002T100044_vs_HYPERNETS_20251002T101500_RHOW_pixel.csv,THFR_pixel,Hyp,S3B,Hyp vs S3B,2025-10-02T08:15:00Z,2025-10-02T08:00:44Z,0.904,33.9862,16.6209,CV >= 30%
S3B_20251002T100044_vs_HYPERNETS_20251002T103000_RHOW_pixel.csv,THFR_pixel,Hyp,S3B,Hyp vs S3B,2025-10-02T08:30:00Z,2025-10-02T08:00:44Z,0.8896,34.1884,11.1959,CV >= 30%
S3B_20251005T102308_vs_HYPERNETS_20251005T101500_RHOW_pixel.csv,THFR_pixel,Hyp,S3B,Hyp vs S3B,2025-10-05T08:15:00Z,2025-10-05T08:23:08Z,1.4597,100.5662,-32.385,CV >= 30%
S3B_20251005T102308_vs_HYPERNETS_20251005T103000_RHOW_pixel.csv,THFR_pixel,Hyp,S3B,Hyp vs S3B,2025-10-05T08:30:00Z,2025-10-05T08:23:08Z,1.4702,103.1672,-32.0617,CV >= 30%
S3B_20251005T102308_vs_HYPERNETS_20251005T104500_RHOW_pixel.csv,THFR_pixel,Hyp,S3B,Hyp vs S3B,2025-10-05T08:45:00Z,2025-10-05T08:23:08Z,1.4473,107.9781,-33.6956,CV >= 30%
S3B_20251006T095658_vs_HYPERNETS_20251006T094500_RHOW_pixel.csv,THFR_pixel,Hyp,S3B,Hyp vs S3B,2025-10-06T07:45:00Z,2025-10-06T07:56:58Z,0.763,64.1125,64.1125,CV >= 30%
S3B_20251006T095658_vs_HYPERNETS_20251006T100000_RHOW_pixel.csv,THFR_pixel,Hyp,S3B,Hyp vs S3B,2025-10-06T08:00:00Z,2025-10-06T07:56:58Z,0.7624,57.5088,57.5088,CV >= 30%
S3B_20251006T095658_vs_HYPERNETS_20251006T101500_RHOW_pixel.csv,THFR_pixel,Hyp,S3B,Hyp vs S3B,2025-10-06T08:15:00Z,2025-10-06T07:56:58Z,0.7901,52.0546,52.0546,CV >= 30%
S3B_20251009T101925_vs_HYPERNETS_20251009T100000_RHOW_pixel.csv,THFR_pixel,Hyp,S3B,Hyp vs S3B,2025-10-09T08:00:00Z,2025-10-09T08:19:25Z,0.4825,82.4011,59.3111,CV >= 30%
S3B_20251009T101925_vs_HYPERNETS_20251009T101500_RHOW_pixel.csv,THFR_pixel,Hyp,S3B,Hyp vs S3B,2025-10-09T08:15:00Z,2025-10-09T08:19:25Z,0.4767,137.2534,137.2534,CV >= 30%
S3B_20251009T101925_vs_HYPERNETS_20251009T103000_RHOW_pixel.csv,THFR_pixel,Hyp,S3B,Hyp vs S3B,2025-10-09T08:30:00Z,2025-10-09T08:19:25Z,0.4605,101.328,101.328,CV >= 30%
S3B_20251009T101925_vs_HYPERNETS_20251009T104500_RHOW_pixel.csv,THFR_pixel,Hyp,S3B,Hyp vs S3B,2025-10-09T08:45:00Z,2025-10-09T08:19:25Z,0.4401,152.9191,152.9191,CV >= 30%
S3B_20251014T094931_vs_HYPERNETS_20251014T093000_RHOW_pixel.csv,THFR_pixel,Hyp,S3B,Hyp vs S3B,2025-10-14T07:30:00Z,2025-10-14T07:49:31Z,-0.987,257.6188,257.6188,CV >= 30%
S3B_20251014T094931_vs_HYPERNETS_20251014T094500_RHOW_pixel.csv,THFR_pixel,Hyp,S3B,Hyp vs S3B,2025-10-14T07:45:00Z,2025-10-14T07:49:31Z,-1.248,256.5067,256.5067,CV >= 30%
S3B_20251014T094931_vs_HYPERNETS_20251014T100000_RHOW_pixel.csv,THFR_pixel,Hyp,S3B,Hyp vs S3B,2025-10-14T08:00:00Z,2025-10-14T07:49:31Z,-1.3074,277.501,277.501,CV >= 30%
S3B_20251014T094931_vs_HYPERNETS_20251014T101500_RHOW_pixel.csv,THFR_pixel,Hyp,S3B,Hyp vs S3B,2025-10-14T08:15:00Z,2025-10-14T07:49:31Z,-1.5919,347.609,347.609,CV >= 30%
S3B_20251028T102658_vs_HYPERNETS_20251028T100000_RHOW_pixel.csv,THFR_pixel,Hyp,S3B,Hyp vs S3B,2025-10-28T09:00:00Z,2025-10-28T09:26:58Z,0.8105,58.943600000000004,-16.1408,CV >= 30%
S3B_20251028T102658_vs_HYPERNETS_20251028T101500_RHOW_pixel.csv,THFR_pixel,Hyp,S3B,Hyp vs S3B,2025-10-28T09:15:00Z,2025-10-28T09:26:58Z,0.8312,37.3573,-16.8615,CV >= 30%
S3B_20251028T102658_vs_HYPERNETS_20251028T103000_RHOW_pixel.csv,THFR_pixel,Hyp,S3B,Hyp vs S3B,2025-10-28T09:30:00Z,2025-10-28T09:26:58Z,0.8117,28.3157,-24.8672,CV >= 30%
S3B_20251028T102658_vs_HYPERNETS_20251028T104500_RHOW_pixel.csv,THFR_pixel,Hyp,S3B,Hyp vs S3B,2025-10-28T09:45:00Z,2025-10-28T09:26:58Z,0.7562,41.6626,-31.0277,CV >= 30%
S3B_20251109T101545_vs_HYPERNETS_20251109T100000_RHOW_pixel.csv,THFR_pixel,Hyp,S3B,Hyp vs S3B,2025-11-09T09:00:00Z,2025-11-09T09:15:45Z,0.9082,136.5914,-50.8931,CV >= 30%
S3B_20251109T101545_vs_HYPERNETS_20251109T101500_RHOW_pixel.csv,THFR_pixel,Hyp,S3B,Hyp vs S3B,2025-11-09T09:15:00Z,2025-11-09T09:15:45Z,0.9518,134.1259,-34.9578,CV >= 30%
S3B_20251109T101545_vs_HYPERNETS_20251109T103000_RHOW_pixel.csv,THFR_pixel,Hyp,S3B,Hyp vs S3B,2025-11-09T09:30:00Z,2025-11-09T09:15:45Z,0.9669,132.855,-52.1234,CV >= 30%
S3B_20251109T101545_vs_HYPERNETS_20251109T104500_RHOW_pixel.csv,THFR_pixel,Hyp,S3B,Hyp vs S3B,2025-11-09T09:45:00Z,2025-11-09T09:15:45Z,0.9902,118.4395,-35.8965,CV >= 30%
S3B_20251117T100817_vs_HYPERNETS_20251117T094500_RHOW_pixel.csv,THFR_pixel,Hyp,S3B,Hyp vs S3B,2025-11-17T08:45:00Z,2025-11-17T09:08:17Z,1.2894,83.6803,83.6803,CV >= 30%
S3B_20251117T100817_vs_HYPERNETS_20251117T100000_RHOW_pixel.csv,THFR_pixel,Hyp,S3B,Hyp vs S3B,2025-11-17T09:00:00Z,2025-11-17T09:08:17Z,1.2222,96.6511,96.6511,CV >= 30%
S3B_20251117T100817_vs_HYPERNETS_20251117T101500_RHOW_pixel.csv,THFR_pixel,Hyp,S3B,Hyp vs S3B,2025-11-17T09:15:00Z,2025-11-17T09:08:17Z,1.1806,81.6363,81.6363,CV >= 30%
S3B_20251121T100432_vs_HYPERNETS_20251121T101500_RHOW_pixel.csv,THFR_pixel,Hyp,S3B,Hyp vs S3B,2025-11-21T09:15:00Z,2025-11-21T09:04:32Z,2.4915,111.6325,59.2383,CV >= 30%
S3B_20251121T100432_vs_HYPERNETS_20251121T103000_RHOW_pixel.csv,THFR_pixel,Hyp,S3B,Hyp vs S3B,2025-11-21T09:30:00Z,2025-11-21T09:04:32Z,2.6313,86.3976,46.6653,CV >= 30%
S3B_20251125T100049_vs_HYPERNETS_20251125T094500_RHOW_pixel.csv,THFR_pixel,Hyp,S3B,Hyp vs S3B,2025-11-25T08:45:00Z,2025-11-25T09:00:49Z,1.3485,285.1487,285.1487,CV >= 30%
S3B_20251129T095705_vs_HYPERNETS_20251129T093000_RHOW_pixel.csv,THFR_pixel,Hyp,S3B,Hyp vs S3B,2025-11-29T08:30:00Z,2025-11-29T08:57:05Z,1.0913,176.5747,-48.3541,CV >= 30%
S3B_20251217T103045_vs_HYPERNETS_20251217T101500_RHOW_pixel.csv,THFR_pixel,Hyp,S3B,Hyp vs S3B,2025-12-17T09:15:00Z,2025-12-17T09:30:45Z,1.5069,109.037,-64.3679,CV >= 30%
S3B_20251217T103045_vs_HYPERNETS_20251217T103000_RHOW_pixel.csv,THFR_pixel,Hyp,S3B,Hyp vs S3B,2025-12-17T09:30:00Z,2025-12-17T09:30:45Z,1.4564,101.982,-21.3615,CV >= 30%
S3B_20251217T103045_vs_HYPERNETS_20251217T110000_RHOW_pixel.csv,THFR_pixel,Hyp,S3B,Hyp vs S3B,2025-12-17T10:00:00Z,2025-12-17T09:30:45Z,1.4281,89.4893,-21.8854,CV >= 30%
S3B_20251230T095319_vs_HYPERNETS_20251230T094500_RHOW_pixel.csv,THFR_pixel,Hyp,S3B,Hyp vs S3B,2025-12-30T08:45:00Z,2025-12-30T08:53:19Z,2.0808,30.7582,30.7582,CV >= 30%
S3B_20251230T095319_vs_HYPERNETS_20251230T100000_RHOW_pixel.csv,THFR_pixel,Hyp,S3B,Hyp vs S3B,2025-12-30T09:00:00Z,2025-12-30T08:53:19Z,2.1312,35.4966,35.4966,CV >= 30%
S3B_20251230T095319_vs_HYPERNETS_20251230T101500_RHOW_pixel.csv,THFR_pixel,Hyp,S3B,Hyp vs S3B,2025-12-30T09:15:00Z,2025-12-30T08:53:19Z,2.1585,41.1426,41.1426,CV >= 30%
S3A_20250625T100548_vs_HYPERNETS_20250625T094500_RHOW_NE.csv,THFR_NE,Hyp,S3A,Hyp vs S3A,2025-06-25T07:45:00Z,2025-06-25T08:05:48Z,0.7362,70.3088,70.3088,CV >= 30%
S3A_20250625T100548_vs_HYPERNETS_20250625T100000_RHOW_NE.csv,THFR_NE,Hyp,S3A,Hyp vs S3A,2025-06-25T08:00:00Z,2025-06-25T08:05:48Z,0.7365,154.7244,154.7244,CV >= 30%
S3A_20250625T100548_vs_HYPERNETS_20250625T103000_RHOW_NE.csv,THFR_NE,Hyp,S3A,Hyp vs S3A,2025-06-25T08:30:00Z,2025-06-25T08:05:48Z,0.7674,98.5553,98.5553,CV >= 30%
S3A_20250707T095434_vs_HYPERNETS_20250707T101500_RHOW_NE.csv,THFR_NE,Hyp,S3A,Hyp vs S3A,2025-07-07T08:15:00Z,2025-07-07T07:54:34Z,0.8121,56.0991,-38.4302,CV >= 30%
S3A_20250714T101317_vs_HYPERNETS_20250714T094500_RHOW_NE.csv,THFR_NE,Hyp,S3A,Hyp vs S3A,2025-07-14T07:45:00Z,2025-07-14T08:13:17Z,0.8767,25.8657,-13.6285,CV >= 30%
S3A_20250714T101317_vs_HYPERNETS_20250714T100000_RHOW_NE.csv,THFR_NE,Hyp,S3A,Hyp vs S3A,2025-07-14T08:00:00Z,2025-07-14T08:13:17Z,0.8861,25.1739,-13.1949,CV >= 30%
S3A_20250714T101317_vs_HYPERNETS_20250714T101500_RHOW_NE.csv,THFR_NE,Hyp,S3A,Hyp vs S3A,2025-07-14T08:15:00Z,2025-07-14T08:13:17Z,0.8963,20.0344,-10.9274,CV >= 30%
S3A_20250714T101317_vs_HYPERNETS_20250714T103000_RHOW_NE.csv,THFR_NE,Hyp,S3A,Hyp vs S3A,2025-07-14T08:30:00Z,2025-07-14T08:13:17Z,0.908,17.0103,-9.5199,CV >= 30%
S3A_20250725T102815_vs_HYPERNETS_20250725T100000_RHOW_NE.csv,THFR_NE,Hyp,S3A,Hyp vs S3A,2025-07-25T08:00:00Z,2025-07-25T08:28:15Z,2.6346,228.2277,228.2277,CV >= 30%
S3A_20250725T102815_vs_HYPERNETS_20250725T101500_RHOW_NE.csv,THFR_NE,Hyp,S3A,Hyp vs S3A,2025-07-25T08:15:00Z,2025-07-25T08:28:15Z,2.0355,169.4259,169.4259,CV >= 30%
S3A_20250725T102815_vs_HYPERNETS_20250725T103000_RHOW_NE.csv,THFR_NE,Hyp,S3A,Hyp vs S3A,2025-07-25T08:30:00Z,2025-07-25T08:28:15Z,2.8243,240.2755,240.2755,CV >= 30%
S3A_20250729T102430_vs_HYPERNETS_20250729T104500_RHOW_NE.csv,THFR_NE,Hyp,S3A,Hyp vs S3A,2025-07-29T08:45:00Z,2025-07-29T08:24:30Z,NA,500.6097,-500.6097,CV >= 30%
S3A_20250802T102045_vs_HYPERNETS_20250802T101500_RHOW_NE.csv,THFR_NE,Hyp,S3A,Hyp vs S3A,2025-08-02T08:15:00Z,2025-08-02T08:20:45Z,0.4656,169.1776,109.2764,CV >= 30%
S3A_20250802T102045_vs_HYPERNETS_20250802T104500_RHOW_NE.csv,THFR_NE,Hyp,S3A,Hyp vs S3A,2025-08-02T08:45:00Z,2025-08-02T08:20:45Z,1.2673,254.5204,254.5204,CV >= 30%
S3A_20250810T101315_vs_HYPERNETS_20250810T094500_RHOW_NE.csv,THFR_NE,Hyp,S3A,Hyp vs S3A,2025-08-10T07:45:00Z,2025-08-10T08:13:15Z,0.6503,99.7919,99.7919,CV >= 30%
S3A_20250810T101315_vs_HYPERNETS_20250810T100000_RHOW_NE.csv,THFR_NE,Hyp,S3A,Hyp vs S3A,2025-08-10T08:00:00Z,2025-08-10T08:13:15Z,0.649,87.9521,87.9521,CV >= 30%
S3A_20250810T101315_vs_HYPERNETS_20250810T101500_RHOW_NE.csv,THFR_NE,Hyp,S3A,Hyp vs S3A,2025-08-10T08:15:00Z,2025-08-10T08:13:15Z,0.6576,73.0044,73.0044,CV >= 30%
S3A_20250810T101315_vs_HYPERNETS_20250810T103000_RHOW_NE.csv,THFR_NE,Hyp,S3A,Hyp vs S3A,2025-08-10T08:30:00Z,2025-08-10T08:13:15Z,0.6682,43.8748,43.8748,CV >= 30%
S3A_20250902T101656_vs_HYPERNETS_20250902T100000_RHOW_NE.csv,THFR_NE,Hyp,S3A,Hyp vs S3A,2025-09-02T08:00:00Z,2025-09-02T08:16:56Z,0.9644,85.511,-10.0872,CV >= 30%
S3A_20250902T101656_vs_HYPERNETS_20250902T101500_RHOW_NE.csv,THFR_NE,Hyp,S3A,Hyp vs S3A,2025-09-02T08:15:00Z,2025-09-02T08:16:56Z,0.9625,85.1833,-9.9445,CV >= 30%
S3A_20250902T101656_vs_HYPERNETS_20250902T103000_RHOW_NE.csv,THFR_NE,Hyp,S3A,Hyp vs S3A,2025-09-02T08:30:00Z,2025-09-02T08:16:56Z,0.9861,79.7647,-6.2908,CV >= 30%
S3A_20250902T101656_vs_HYPERNETS_20250902T104500_RHOW_NE.csv,THFR_NE,Hyp,S3A,Hyp vs S3A,2025-09-02T08:45:00Z,2025-09-02T08:16:56Z,0.9893,80.6673,-5.8827,CV >= 30%
S3A_20251007T100931_vs_HYPERNETS_20251007T094500_RHOW_NE.csv,THFR_NE,Hyp,S3A,Hyp vs S3A,2025-10-07T07:45:00Z,2025-10-07T08:09:31Z,0.5623,63.3072,-54.2309,CV >= 30%
S3A_20251007T100931_vs_HYPERNETS_20251007T100000_RHOW_NE.csv,THFR_NE,Hyp,S3A,Hyp vs S3A,2025-10-07T08:00:00Z,2025-10-07T08:09:31Z,0.5652,62.8917,-55.4252,CV >= 30%
S3A_20251007T100931_vs_HYPERNETS_20251007T101500_RHOW_NE.csv,THFR_NE,Hyp,S3A,Hyp vs S3A,2025-10-07T08:15:00Z,2025-10-07T08:09:31Z,0.5696,60.4578,-40.8756,CV >= 30%
S3A_20251007T100931_vs_HYPERNETS_20251007T103000_RHOW_NE.csv,THFR_NE,Hyp,S3A,Hyp vs S3A,2025-10-07T08:30:00Z,2025-10-07T08:09:31Z,0.6253,49.0128,-46.7622,CV >= 30%
S3A_20251107T100548_vs_HYPERNETS_20251107T094500_RHOW_NE.csv,THFR_NE,Hyp,S3A,Hyp vs S3A,2025-11-07T08:45:00Z,2025-11-07T09:05:48Z,0.9581,27.3847,27.3847,CV >= 30%
S3A_20251107T100548_vs_HYPERNETS_20251107T100000_RHOW_NE.csv,THFR_NE,Hyp,S3A,Hyp vs S3A,2025-11-07T09:00:00Z,2025-11-07T09:05:48Z,1.0324,32.9461,32.9461,CV >= 30%
S3A_20251107T100548_vs_HYPERNETS_20251107T101500_RHOW_NE.csv,THFR_NE,Hyp,S3A,Hyp vs S3A,2025-11-07T09:15:00Z,2025-11-07T09:05:48Z,0.9474,25.1283,25.1283,CV >= 30%
S3A_20251107T100548_vs_HYPERNETS_20251107T103000_RHOW_NE.csv,THFR_NE,Hyp,S3A,Hyp vs S3A,2025-11-07T09:30:00Z,2025-11-07T09:05:48Z,0.9541,28.7396,28.7396,CV >= 30%
S3A_20251122T101659_vs_HYPERNETS_20251122T100000_RHOW_NE.csv,THFR_NE,Hyp,S3A,Hyp vs S3A,2025-11-22T09:00:00Z,2025-11-22T09:16:59Z,1.2624,39.0573,39.0573,CV >= 30%
S3A_20251122T101659_vs_HYPERNETS_20251122T101500_RHOW_NE.csv,THFR_NE,Hyp,S3A,Hyp vs S3A,2025-11-22T09:15:00Z,2025-11-22T09:16:59Z,1.2042,20.5234,20.5234,CV >= 30%
S3A_20251122T101659_vs_HYPERNETS_20251122T103000_RHOW_NE.csv,THFR_NE,Hyp,S3A,Hyp vs S3A,2025-11-22T09:30:00Z,2025-11-22T09:16:59Z,1.1945,40.9933,40.9933,CV >= 30%
S3A_20251122T101659_vs_HYPERNETS_20251122T104500_RHOW_NE.csv,THFR_NE,Hyp,S3A,Hyp vs S3A,2025-11-22T09:45:00Z,2025-11-22T09:16:59Z,1.1518,13.4833,13.4833,CV >= 30%
S3A_20251208T100159_vs_HYPERNETS_20251208T094500_RHOW_NE.csv,THFR_NE,Hyp,S3A,Hyp vs S3A,2025-12-08T08:45:00Z,2025-12-08T09:01:59Z,-0.7055,125.4263,10.9243,CV >= 30%
S3A_20251208T100159_vs_HYPERNETS_20251208T100000_RHOW_NE.csv,THFR_NE,Hyp,S3A,Hyp vs S3A,2025-12-08T09:00:00Z,2025-12-08T09:01:59Z,0.6163,86.1708,0.0739,CV >= 30%
S3A_20251208T100159_vs_HYPERNETS_20251208T101500_RHOW_NE.csv,THFR_NE,Hyp,S3A,Hyp vs S3A,2025-12-08T09:15:00Z,2025-12-08T09:01:59Z,0.6013,91.9337,-3.2283,CV >= 30%
S3A_20251208T100159_vs_HYPERNETS_20251208T103000_RHOW_NE.csv,THFR_NE,Hyp,S3A,Hyp vs S3A,2025-12-08T09:30:00Z,2025-12-08T09:01:59Z,0.5876,96.9325,-5.0709,CV >= 30%
S3A_20251231T100545_vs_HYPERNETS_20251231T094500_RHOW_NE.csv,THFR_NE,Hyp,S3A,Hyp vs S3A,2025-12-31T08:45:00Z,2025-12-31T09:05:45Z,1.2511,18.4434,8.8897,CV >= 30%
S3A_20251231T100545_vs_HYPERNETS_20251231T100000_RHOW_NE.csv,THFR_NE,Hyp,S3A,Hyp vs S3A,2025-12-31T09:00:00Z,2025-12-31T09:05:45Z,1.3499,32.7829,20.5019,CV >= 30%
S3A_20251231T100545_vs_HYPERNETS_20251231T101500_RHOW_NE.csv,THFR_NE,Hyp,S3A,Hyp vs S3A,2025-12-31T09:15:00Z,2025-12-31T09:05:45Z,1.3267,39.9547,24.7607,CV >= 30%
S3A_20251231T100545_vs_HYPERNETS_20251231T103000_RHOW_NE.csv,THFR_NE,Hyp,S3A,Hyp vs S3A,2025-12-31T09:30:00Z,2025-12-31T09:05:45Z,1.3345,31.9119,15.437,CV >= 30%
S3B_20250117T094918_vs_HYPERNETS_20250117T093000_RHOW_NE.csv,THFR_NE,Hyp,S3B,Hyp vs S3B,2025-01-17T08:30:00Z,2025-01-17T08:49:18Z,4.4493,747.0746,747.0746,CV >= 30%
S3B_20250117T094918_vs_HYPERNETS_20250117T094500_RHOW_NE.csv,THFR_NE,Hyp,S3B,Hyp vs S3B,2025-01-17T08:45:00Z,2025-01-17T08:49:18Z,NA,NA,NA,CV >= 30%
S3B_20250117T094918_vs_HYPERNETS_20250117T100000_RHOW_NE.csv,THFR_NE,Hyp,S3B,Hyp vs S3B,2025-01-17T09:00:00Z,2025-01-17T08:49:18Z,NA,NA,NA,CV >= 30%
S3B_20250117T094918_vs_HYPERNETS_20250117T101500_RHOW_NE.csv,THFR_NE,Hyp,S3B,Hyp vs S3B,2025-01-17T09:15:00Z,2025-01-17T08:49:18Z,345.8173,48348.7718,48348.7718,CV >= 30%
S3B_20250601T094927_vs_HYPERNETS_20250601T093000_RHOW_NE.csv,THFR_NE,Hyp,S3B,Hyp vs S3B,2025-06-01T07:30:00Z,2025-06-01T07:49:27Z,-0.3045,1893.2124,1893.2124,CV >= 30%
S3B_20250601T094927_vs_HYPERNETS_20250601T094500_RHOW_NE.csv,THFR_NE,Hyp,S3B,Hyp vs S3B,2025-06-01T07:45:00Z,2025-06-01T07:49:27Z,-0.3178,2039.1553,2039.1553,CV >= 30%
S3B_20250601T094927_vs_HYPERNETS_20250601T100000_RHOW_NE.csv,THFR_NE,Hyp,S3B,Hyp vs S3B,2025-06-01T08:00:00Z,2025-06-01T07:49:27Z,-0.3142,1490.1842,1490.1842,CV >= 30%
S3B_20250601T094927_vs_HYPERNETS_20250601T101500_RHOW_NE.csv,THFR_NE,Hyp,S3B,Hyp vs S3B,2025-06-01T08:15:00Z,2025-06-01T07:49:27Z,-0.3299,1825.1035,1825.1035,CV >= 30%
S3B_20250624T095315_vs_HYPERNETS_20250624T093000_RHOW_NE.csv,THFR_NE,Hyp,S3B,Hyp vs S3B,2025-06-24T07:30:00Z,2025-06-24T07:53:15Z,1.0963,522.6327,522.6327,CV >= 30%
S3B_20250624T095315_vs_HYPERNETS_20250624T094500_RHOW_NE.csv,THFR_NE,Hyp,S3B,Hyp vs S3B,2025-06-24T07:45:00Z,2025-06-24T07:53:15Z,1.113,571.3234,571.3234,CV >= 30%
S3B_20250624T095315_vs_HYPERNETS_20250624T100000_RHOW_NE.csv,THFR_NE,Hyp,S3B,Hyp vs S3B,2025-06-24T08:00:00Z,2025-06-24T07:53:15Z,1.0979,492.8133,492.8133,CV >= 30%
S3B_20250624T095315_vs_HYPERNETS_20250624T101500_RHOW_NE.csv,THFR_NE,Hyp,S3B,Hyp vs S3B,2025-06-24T08:15:00Z,2025-06-24T07:53:15Z,1.1025,779.8184,779.8184,CV >= 30%
S3B_20250705T100815_vs_HYPERNETS_20250705T094500_RHOW_NE.csv,THFR_NE,Hyp,S3B,Hyp vs S3B,2025-07-05T07:45:00Z,2025-07-05T08:08:15Z,0.4715,452.1488,452.1488,CV >= 30%
S3B_20250705T100815_vs_HYPERNETS_20250705T100000_RHOW_NE.csv,THFR_NE,Hyp,S3B,Hyp vs S3B,2025-07-05T08:00:00Z,2025-07-05T08:08:15Z,0.4766,498.6166,498.6166,CV >= 30%
S3B_20250705T100815_vs_HYPERNETS_20250705T101500_RHOW_NE.csv,THFR_NE,Hyp,S3B,Hyp vs S3B,2025-07-05T08:15:00Z,2025-07-05T08:08:15Z,0.4781,364.811,352.5618,CV >= 30%
S3B_20250705T100815_vs_HYPERNETS_20250705T103000_RHOW_NE.csv,THFR_NE,Hyp,S3B,Hyp vs S3B,2025-07-05T08:30:00Z,2025-07-05T08:08:15Z,0.4595,354.4548,334.2893,CV >= 30%
S3B_20250717T095702_vs_HYPERNETS_20250717T093000_RHOW_NE.csv,THFR_NE,Hyp,S3B,Hyp vs S3B,2025-07-17T07:30:00Z,2025-07-17T07:57:02Z,-8.5876,809.8659,809.8659,CV >= 30%
S3B_20250717T095702_vs_HYPERNETS_20250717T094500_RHOW_NE.csv,THFR_NE,Hyp,S3B,Hyp vs S3B,2025-07-17T07:45:00Z,2025-07-17T07:57:02Z,-7.7935,767.3587,767.3587,CV >= 30%
S3B_20250717T095702_vs_HYPERNETS_20250717T100000_RHOW_NE.csv,THFR_NE,Hyp,S3B,Hyp vs S3B,2025-07-17T08:00:00Z,2025-07-17T07:57:02Z,-6.4687,681.5257,681.5257,CV >= 30%
S3B_20250717T095702_vs_HYPERNETS_20250717T101500_RHOW_NE.csv,THFR_NE,Hyp,S3B,Hyp vs S3B,2025-07-17T08:15:00Z,2025-07-17T07:57:02Z,-6.6433,517.1514,517.1514,CV >= 30%
S3B_20250805T100431_vs_HYPERNETS_20250805T094500_RHOW_NE.csv,THFR_NE,Hyp,S3B,Hyp vs S3B,2025-08-05T07:45:00Z,2025-08-05T08:04:31Z,1.125,31.5909,31.5909,CV >= 30%
S3B_20250805T100431_vs_HYPERNETS_20250805T100000_RHOW_NE.csv,THFR_NE,Hyp,S3B,Hyp vs S3B,2025-08-05T08:00:00Z,2025-08-05T08:04:31Z,1.1352,30.7264,30.7264,CV >= 30%
S3B_20250805T100431_vs_HYPERNETS_20250805T101500_RHOW_NE.csv,THFR_NE,Hyp,S3B,Hyp vs S3B,2025-08-05T08:15:00Z,2025-08-05T08:04:31Z,1.1128,40.2246,21.3574,CV >= 30%
S3B_20250805T100431_vs_HYPERNETS_20250805T103000_RHOW_NE.csv,THFR_NE,Hyp,S3B,Hyp vs S3B,2025-08-05T08:30:00Z,2025-08-05T08:04:31Z,1.1243,24.3641,24.3641,CV >= 30%
S3B_20250809T100047_vs_HYPERNETS_20250809T094500_RHOW_NE.csv,THFR_NE,Hyp,S3B,Hyp vs S3B,2025-08-09T07:45:00Z,2025-08-09T08:00:47Z,-5.5757,401.0855,401.0855,CV >= 30%
S3B_20250809T100047_vs_HYPERNETS_20250809T100000_RHOW_NE.csv,THFR_NE,Hyp,S3B,Hyp vs S3B,2025-08-09T08:00:00Z,2025-08-09T08:00:47Z,-5.5611,502.3369,502.3369,CV >= 30%
S3B_20250809T100047_vs_HYPERNETS_20250809T101500_RHOW_NE.csv,THFR_NE,Hyp,S3B,Hyp vs S3B,2025-08-09T08:15:00Z,2025-08-09T08:00:47Z,-5.236,377.1371,377.1371,CV >= 30%
S3B_20250809T100047_vs_HYPERNETS_20250809T103000_RHOW_NE.csv,THFR_NE,Hyp,S3B,Hyp vs S3B,2025-08-09T08:30:00Z,2025-08-09T08:00:47Z,-5.4193,408.3463,408.3463,CV >= 30%
S3B_20250812T102313_vs_HYPERNETS_20250812T100000_RHOW_NE.csv,THFR_NE,Hyp,S3B,Hyp vs S3B,2025-08-12T08:00:00Z,2025-08-12T08:23:13Z,NA,161.2992,-161.2992,CV >= 30%
S3B_20250831T103044_vs_HYPERNETS_20250831T101500_RHOW_NE.csv,THFR_NE,Hyp,S3B,Hyp vs S3B,2025-08-31T08:15:00Z,2025-08-31T08:30:44Z,0.2385,273.4256,-44.1099,CV >= 30%
S3B_20250831T103044_vs_HYPERNETS_20250831T103000_RHOW_NE.csv,THFR_NE,Hyp,S3B,Hyp vs S3B,2025-08-31T08:30:00Z,2025-08-31T08:30:44Z,0.236,278.663,-61.8393,CV >= 30%
S3B_20250831T103044_vs_HYPERNETS_20250831T104500_RHOW_NE.csv,THFR_NE,Hyp,S3B,Hyp vs S3B,2025-08-31T08:45:00Z,2025-08-31T08:30:44Z,0.2369,274.9875,-42.1353,CV >= 30%
S3B_20250831T103044_vs_HYPERNETS_20250831T110000_RHOW_NE.csv,THFR_NE,Hyp,S3B,Hyp vs S3B,2025-08-31T09:00:00Z,2025-08-31T08:30:44Z,0.252,251.8201,-35.1431,CV >= 30%
S3B_20250917T094933_vs_HYPERNETS_20250917T093000_RHOW_NE.csv,THFR_NE,Hyp,S3B,Hyp vs S3B,2025-09-17T07:30:00Z,2025-09-17T07:49:33Z,-1.2975,4414.2147,4414.2147,CV >= 30%
S3B_20250917T094933_vs_HYPERNETS_20250917T094500_RHOW_NE.csv,THFR_NE,Hyp,S3B,Hyp vs S3B,2025-09-17T07:45:00Z,2025-09-17T07:49:33Z,-1.2799,3514.9553,3514.9553,CV >= 30%
S3B_20250917T094933_vs_HYPERNETS_20250917T100000_RHOW_NE.csv,THFR_NE,Hyp,S3B,Hyp vs S3B,2025-09-17T08:00:00Z,2025-09-17T07:49:33Z,-1.2586,3713.4051,3713.4051,CV >= 30%
S3B_20250917T094933_vs_HYPERNETS_20250917T101500_RHOW_NE.csv,THFR_NE,Hyp,S3B,Hyp vs S3B,2025-09-17T08:15:00Z,2025-09-17T07:49:33Z,-1.2652,4039.1392,4039.1392,CV >= 30%
S3B_20250927T103041_vs_HYPERNETS_20250927T101500_RHOW_NE.csv,THFR_NE,Hyp,S3B,Hyp vs S3B,2025-09-27T08:15:00Z,2025-09-27T08:30:41Z,0.1854,473.9381,473.9381,CV >= 30%
S3B_20250927T103041_vs_HYPERNETS_20250927T103000_RHOW_NE.csv,THFR_NE,Hyp,S3B,Hyp vs S3B,2025-09-27T08:30:00Z,2025-09-27T08:30:41Z,0.1772,357.7742,357.7742,CV >= 30%
S3B_20250927T103041_vs_HYPERNETS_20250927T104500_RHOW_NE.csv,THFR_NE,Hyp,S3B,Hyp vs S3B,2025-09-27T08:45:00Z,2025-09-27T08:30:41Z,0.1784,305.431,297.198,CV >= 30%
S3B_20250927T103041_vs_HYPERNETS_20250927T110000_RHOW_NE.csv,THFR_NE,Hyp,S3B,Hyp vs S3B,2025-09-27T09:00:00Z,2025-09-27T08:30:41Z,0.1781,239.0851,209.9127,CV >= 30%
S3B_20251005T102308_vs_HYPERNETS_20251005T101500_RHOW_NE.csv,THFR_NE,Hyp,S3B,Hyp vs S3B,2025-10-05T08:15:00Z,2025-10-05T08:23:08Z,1.4999,63.901,-2.4405,CV >= 30%
S3B_20251005T102308_vs_HYPERNETS_20251005T103000_RHOW_NE.csv,THFR_NE,Hyp,S3B,Hyp vs S3B,2025-10-05T08:30:00Z,2025-10-05T08:23:08Z,1.5141,64.1927,-2.6566,CV >= 30%
S3B_20251005T102308_vs_HYPERNETS_20251005T104500_RHOW_NE.csv,THFR_NE,Hyp,S3B,Hyp vs S3B,2025-10-05T08:45:00Z,2025-10-05T08:23:08Z,1.4955,65.3055,-5.3885,CV >= 30%
S3B_20251006T095658_vs_HYPERNETS_20251006T094500_RHOW_NE.csv,THFR_NE,Hyp,S3B,Hyp vs S3B,2025-10-06T07:45:00Z,2025-10-06T07:56:58Z,0.5547,2262.1624,2262.1624,CV >= 30%
S3B_20251006T095658_vs_HYPERNETS_20251006T100000_RHOW_NE.csv,THFR_NE,Hyp,S3B,Hyp vs S3B,2025-10-06T08:00:00Z,2025-10-06T07:56:58Z,0.5549,2000.7457,2000.7457,CV >= 30%
S3B_20251006T095658_vs_HYPERNETS_20251006T101500_RHOW_NE.csv,THFR_NE,Hyp,S3B,Hyp vs S3B,2025-10-06T08:15:00Z,2025-10-06T07:56:58Z,0.5607,2276.078,2276.078,CV >= 30%
S3B_20251009T101925_vs_HYPERNETS_20251009T100000_RHOW_NE.csv,THFR_NE,Hyp,S3B,Hyp vs S3B,2025-10-09T08:00:00Z,2025-10-09T08:19:25Z,0.6126,69.3323,31.9843,CV >= 30%
S3B_20251009T101925_vs_HYPERNETS_20251009T101500_RHOW_NE.csv,THFR_NE,Hyp,S3B,Hyp vs S3B,2025-10-09T08:15:00Z,2025-10-09T08:19:25Z,0.6053,115.1141,115.1141,CV >= 30%
S3B_20251009T101925_vs_HYPERNETS_20251009T103000_RHOW_NE.csv,THFR_NE,Hyp,S3B,Hyp vs S3B,2025-10-09T08:30:00Z,2025-10-09T08:19:25Z,0.5847,78.1138,58.5503,CV >= 30%
S3B_20251009T101925_vs_HYPERNETS_20251009T104500_RHOW_NE.csv,THFR_NE,Hyp,S3B,Hyp vs S3B,2025-10-09T08:45:00Z,2025-10-09T08:19:25Z,0.5588,161.3318,161.3318,CV >= 30%
S3B_20251117T100817_vs_HYPERNETS_20251117T094500_RHOW_NE.csv,THFR_NE,Hyp,S3B,Hyp vs S3B,2025-11-17T08:45:00Z,2025-11-17T09:08:17Z,1.2597,62.1646,62.1646,CV >= 30%
S3B_20251117T100817_vs_HYPERNETS_20251117T100000_RHOW_NE.csv,THFR_NE,Hyp,S3B,Hyp vs S3B,2025-11-17T09:00:00Z,2025-11-17T09:08:17Z,1.1873,41.6593,41.6593,CV >= 30%
S3B_20251117T100817_vs_HYPERNETS_20251117T101500_RHOW_NE.csv,THFR_NE,Hyp,S3B,Hyp vs S3B,2025-11-17T09:15:00Z,2025-11-17T09:08:17Z,1.1468,46.7842,34.0657,CV >= 30%
S3B_20251217T103045_vs_HYPERNETS_20251217T101500_RHOW_NE.csv,THFR_NE,Hyp,S3B,Hyp vs S3B,2025-12-17T09:15:00Z,2025-12-17T09:30:45Z,1.0463,48.4851,-10.0435,CV >= 30%
S3B_20251217T103045_vs_HYPERNETS_20251217T103000_RHOW_NE.csv,THFR_NE,Hyp,S3B,Hyp vs S3B,2025-12-17T09:30:00Z,2025-12-17T09:30:45Z,1.0165,52.7185,40.6803,CV >= 30%
S3B_20251217T103045_vs_HYPERNETS_20251217T110000_RHOW_NE.csv,THFR_NE,Hyp,S3B,Hyp vs S3B,2025-12-17T10:00:00Z,2025-12-17T09:30:45Z,1.0029,57.0675,32.5675,CV >= 30%
S3A_20250117T102808_vs_HYPERNETS_20250117T100000_RHOW_poly.csv,THFR_poly,Hyp,S3A,Hyp vs S3A,2025-01-17T09:00:00Z,2025-01-17T09:28:08Z,1.7529,174.5864,174.5864,CV >= 30%
S3A_20250117T102808_vs_HYPERNETS_20250117T101500_RHOW_poly.csv,THFR_poly,Hyp,S3A,Hyp vs S3A,2025-01-17T09:15:00Z,2025-01-17T09:28:08Z,1.8964,199.5742,199.5742,CV >= 30%
S3A_20250117T102808_vs_HYPERNETS_20250117T103000_RHOW_poly.csv,THFR_poly,Hyp,S3A,Hyp vs S3A,2025-01-17T09:30:00Z,2025-01-17T09:28:08Z,1.8544,282.3626,282.3626,CV >= 30%
S3A_20250117T102808_vs_HYPERNETS_20250117T104500_RHOW_poly.csv,THFR_poly,Hyp,S3A,Hyp vs S3A,2025-01-17T09:45:00Z,2025-01-17T09:28:08Z,1.7962,146.0509,146.0509,CV >= 30%
S3A_20250118T100157_vs_HYPERNETS_20250118T094500_RHOW_poly.csv,THFR_poly,Hyp,S3A,Hyp vs S3A,2025-01-18T08:45:00Z,2025-01-18T09:01:57Z,1.7394,140.9893,140.9893,CV >= 30%
S3A_20250118T100157_vs_HYPERNETS_20250118T100000_RHOW_poly.csv,THFR_poly,Hyp,S3A,Hyp vs S3A,2025-01-18T09:00:00Z,2025-01-18T09:01:57Z,1.6767,120.9694,120.9694,CV >= 30%
S3A_20250118T100157_vs_HYPERNETS_20250118T101500_RHOW_poly.csv,THFR_poly,Hyp,S3A,Hyp vs S3A,2025-01-18T09:15:00Z,2025-01-18T09:01:57Z,1.7421,133.6942,133.6942,CV >= 30%
S3A_20250118T100157_vs_HYPERNETS_20250118T103000_RHOW_poly.csv,THFR_poly,Hyp,S3A,Hyp vs S3A,2025-01-18T09:30:00Z,2025-01-18T09:01:57Z,1.7259,132.4705,132.4705,CV >= 30%
S3A_20250129T101654_vs_HYPERNETS_20250129T101500_RHOW_poly.csv,THFR_poly,Hyp,S3A,Hyp vs S3A,2025-01-29T09:15:00Z,2025-01-29T09:16:54Z,1.5849,103.8267,-2.8951,CV >= 30%
S3A_20250129T101654_vs_HYPERNETS_20250129T103000_RHOW_poly.csv,THFR_poly,Hyp,S3A,Hyp vs S3A,2025-01-29T09:30:00Z,2025-01-29T09:16:54Z,1.5973,116.1578,-2.8161,CV >= 30%
S3A_20250129T101654_vs_HYPERNETS_20250129T104500_RHOW_poly.csv,THFR_poly,Hyp,S3A,Hyp vs S3A,2025-01-29T09:45:00Z,2025-01-29T09:16:54Z,1.4648,134.1553,-8.5057,CV >= 30%
S3A_20250206T100925_vs_HYPERNETS_20250206T094500_RHOW_poly.csv,THFR_poly,Hyp,S3A,Hyp vs S3A,2025-02-06T08:45:00Z,2025-02-06T09:09:25Z,1.3991,452.2014,452.2014,CV >= 30%
S3A_20250206T100925_vs_HYPERNETS_20250206T100000_RHOW_poly.csv,THFR_poly,Hyp,S3A,Hyp vs S3A,2025-02-06T09:00:00Z,2025-02-06T09:09:25Z,1.4058,440.2682,440.2682,CV >= 30%
S3A_20250206T100925_vs_HYPERNETS_20250206T101500_RHOW_poly.csv,THFR_poly,Hyp,S3A,Hyp vs S3A,2025-02-06T09:15:00Z,2025-02-06T09:09:25Z,1.4001,442.8338,442.8338,CV >= 30%
S3A_20250206T100925_vs_HYPERNETS_20250206T103000_RHOW_poly.csv,THFR_poly,Hyp,S3A,Hyp vs S3A,2025-02-06T09:30:00Z,2025-02-06T09:09:25Z,1.4253,420.997,420.997,CV >= 30%
S3A_20250209T103153_vs_HYPERNETS_20250209T103000_RHOW_poly.csv,THFR_poly,Hyp,S3A,Hyp vs S3A,2025-02-09T09:30:00Z,2025-02-09T09:31:53Z,1.932,151.7136,-14.6092,CV >= 30%
S3A_20250209T103153_vs_HYPERNETS_20250209T104500_RHOW_poly.csv,THFR_poly,Hyp,S3A,Hyp vs S3A,2025-02-09T09:45:00Z,2025-02-09T09:31:53Z,2.004,158.8029,-10.2389,CV >= 30%
S3A_20250209T103153_vs_HYPERNETS_20250209T110000_RHOW_poly.csv,THFR_poly,Hyp,S3A,Hyp vs S3A,2025-02-09T10:00:00Z,2025-02-09T09:31:53Z,2.1852,138.2769,-13.5837,CV >= 30%
S3A_20250609T102044_vs_HYPERNETS_20250609T100000_RHOW_poly.csv,THFR_poly,Hyp,S3A,Hyp vs S3A,2025-06-09T08:00:00Z,2025-06-09T08:20:44Z,0.1754,99.4402,-95.5715,CV >= 30%
S3A_20250609T102044_vs_HYPERNETS_20250609T101500_RHOW_poly.csv,THFR_poly,Hyp,S3A,Hyp vs S3A,2025-06-09T08:15:00Z,2025-06-09T08:20:44Z,0.1753,65.8654,-57.7913,CV >= 30%
S3A_20250609T102044_vs_HYPERNETS_20250609T103000_RHOW_poly.csv,THFR_poly,Hyp,S3A,Hyp vs S3A,2025-06-09T08:30:00Z,2025-06-09T08:20:44Z,0.1747,70.8171,-51.3345,CV >= 30%
S3A_20250609T102044_vs_HYPERNETS_20250609T104500_RHOW_poly.csv,THFR_poly,Hyp,S3A,Hyp vs S3A,2025-06-09T08:45:00Z,2025-06-09T08:20:44Z,0.1697,90.2846,-54.2314,CV >= 30%
S3A_20250617T101316_vs_HYPERNETS_20250617T094500_RHOW_poly.csv,THFR_poly,Hyp,S3A,Hyp vs S3A,2025-06-17T07:45:00Z,2025-06-17T08:13:16Z,0.3437,178.0502,-87.0095,CV >= 30%
S3A_20250617T101316_vs_HYPERNETS_20250617T100000_RHOW_poly.csv,THFR_poly,Hyp,S3A,Hyp vs S3A,2025-06-17T08:00:00Z,2025-06-17T08:13:16Z,0.3339,146.15,-60.3034,CV >= 30%
S3A_20250617T101316_vs_HYPERNETS_20250617T101500_RHOW_poly.csv,THFR_poly,Hyp,S3A,Hyp vs S3A,2025-06-17T08:15:00Z,2025-06-17T08:13:16Z,0.3333,205.7954,-93.2771,CV >= 30%
S3A_20250617T101316_vs_HYPERNETS_20250617T103000_RHOW_poly.csv,THFR_poly,Hyp,S3A,Hyp vs S3A,2025-06-17T08:30:00Z,2025-06-17T08:13:16Z,0.332,172.3214,-68.8152,CV >= 30%
S3A_20250621T100932_vs_HYPERNETS_20250621T094500_RHOW_poly.csv,THFR_poly,Hyp,S3A,Hyp vs S3A,2025-06-21T07:45:00Z,2025-06-21T08:09:32Z,2.6661,175.8288,24.9091,CV >= 30%
S3A_20250621T100932_vs_HYPERNETS_20250621T100000_RHOW_poly.csv,THFR_poly,Hyp,S3A,Hyp vs S3A,2025-06-21T08:00:00Z,2025-06-21T08:09:32Z,2.5618,173.1204,30.1376,CV >= 30%
S3A_20250621T100932_vs_HYPERNETS_20250621T101500_RHOW_poly.csv,THFR_poly,Hyp,S3A,Hyp vs S3A,2025-06-21T08:15:00Z,2025-06-21T08:09:32Z,2.409,173.4437,19.4042,CV >= 30%
S3A_20250621T100932_vs_HYPERNETS_20250621T103000_RHOW_poly.csv,THFR_poly,Hyp,S3A,Hyp vs S3A,2025-06-21T08:30:00Z,2025-06-21T08:09:32Z,2.4684,172.8989,17.7742,CV >= 30%
S3A_20250625T100548_vs_HYPERNETS_20250625T094500_RHOW_poly.csv,THFR_poly,Hyp,S3A,Hyp vs S3A,2025-06-25T07:45:00Z,2025-06-25T08:05:48Z,0.4432,245.1033,205.1345,CV >= 30%
S3A_20250625T100548_vs_HYPERNETS_20250625T100000_RHOW_poly.csv,THFR_poly,Hyp,S3A,Hyp vs S3A,2025-06-25T08:00:00Z,2025-06-25T08:05:48Z,0.443,497.5389,429.2414,CV >= 30%
S3A_20250625T100548_vs_HYPERNETS_20250625T103000_RHOW_poly.csv,THFR_poly,Hyp,S3A,Hyp vs S3A,2025-06-25T08:30:00Z,2025-06-25T08:05:48Z,0.4582,329.4832,288.629,CV >= 30%
S3A_20250629T100204_vs_HYPERNETS_20250629T094500_RHOW_poly.csv,THFR_poly,Hyp,S3A,Hyp vs S3A,2025-06-29T07:45:00Z,2025-06-29T08:02:04Z,1.007,127.9752,127.9752,CV >= 30%
S3A_20250629T100204_vs_HYPERNETS_20250629T100000_RHOW_poly.csv,THFR_poly,Hyp,S3A,Hyp vs S3A,2025-06-29T08:00:00Z,2025-06-29T08:02:04Z,1.0092,115.4077,115.4077,CV >= 30%
S3A_20250629T100204_vs_HYPERNETS_20250629T101500_RHOW_poly.csv,THFR_poly,Hyp,S3A,Hyp vs S3A,2025-06-29T08:15:00Z,2025-06-29T08:02:04Z,0.9789,103.4287,103.4287,CV >= 30%
S3A_20250629T100204_vs_HYPERNETS_20250629T103000_RHOW_poly.csv,THFR_poly,Hyp,S3A,Hyp vs S3A,2025-06-29T08:30:00Z,2025-06-29T08:02:04Z,0.9815,92.2593,92.2593,CV >= 30%
S3A_20250707T095434_vs_HYPERNETS_20250707T101500_RHOW_poly.csv,THFR_poly,Hyp,S3A,Hyp vs S3A,2025-07-07T08:15:00Z,2025-07-07T07:54:34Z,0.7635,57.3411,-36.264,CV >= 30%
S3A_20250711T095050_vs_HYPERNETS_20250711T093000_RHOW_poly.csv,THFR_poly,Hyp,S3A,Hyp vs S3A,2025-07-11T07:30:00Z,2025-07-11T07:50:50Z,1.633,83.9024,19.8204,CV >= 30%
S3A_20250711T095050_vs_HYPERNETS_20250711T094500_RHOW_poly.csv,THFR_poly,Hyp,S3A,Hyp vs S3A,2025-07-11T07:45:00Z,2025-07-11T07:50:50Z,1.6736,70.094,-7.1922,CV >= 30%
S3A_20250711T095050_vs_HYPERNETS_20250711T100000_RHOW_poly.csv,THFR_poly,Hyp,S3A,Hyp vs S3A,2025-07-11T08:00:00Z,2025-07-11T07:50:50Z,1.7183,77.8385,13.4565,CV >= 30%
S3A_20250711T095050_vs_HYPERNETS_20250711T101500_RHOW_poly.csv,THFR_poly,Hyp,S3A,Hyp vs S3A,2025-07-11T08:15:00Z,2025-07-11T07:50:50Z,1.9015,65.6559,30.6881,CV >= 30%
S3A_20250722T100549_vs_HYPERNETS_20250722T094500_RHOW_poly.csv,THFR_poly,Hyp,S3A,Hyp vs S3A,2025-07-22T07:45:00Z,2025-07-22T08:05:49Z,0.8013,20.4346,10.5901,CV >= 30%
S3A_20250722T100549_vs_HYPERNETS_20250722T100000_RHOW_poly.csv,THFR_poly,Hyp,S3A,Hyp vs S3A,2025-07-22T08:00:00Z,2025-07-22T08:05:49Z,0.8095,18.1589,9.945,CV >= 30%
S3A_20250722T100549_vs_HYPERNETS_20250722T101500_RHOW_poly.csv,THFR_poly,Hyp,S3A,Hyp vs S3A,2025-07-22T08:15:00Z,2025-07-22T08:05:49Z,0.8226,15.587,10.6553,CV >= 30%
S3A_20250722T100549_vs_HYPERNETS_20250722T103000_RHOW_poly.csv,THFR_poly,Hyp,S3A,Hyp vs S3A,2025-07-22T08:30:00Z,2025-07-22T08:05:49Z,0.8133,19.5335,6.3102,CV >= 30%
S3A_20250725T102815_vs_HYPERNETS_20250725T100000_RHOW_poly.csv,THFR_poly,Hyp,S3A,Hyp vs S3A,2025-07-25T08:00:00Z,2025-07-25T08:28:15Z,0.4907,194.8753,-63.5387,CV >= 30%
S3A_20250725T102815_vs_HYPERNETS_20250725T101500_RHOW_poly.csv,THFR_poly,Hyp,S3A,Hyp vs S3A,2025-07-25T08:15:00Z,2025-07-25T08:28:15Z,0.4586,166.3115,-74.4812,CV >= 30%
S3A_20250725T102815_vs_HYPERNETS_20250725T103000_RHOW_poly.csv,THFR_poly,Hyp,S3A,Hyp vs S3A,2025-07-25T08:30:00Z,2025-07-25T08:28:15Z,0.506,190.6612,-57.0694,CV >= 30%
S3A_20250726T100204_vs_HYPERNETS_20250726T094500_RHOW_poly.csv,THFR_poly,Hyp,S3A,Hyp vs S3A,2025-07-26T07:45:00Z,2025-07-26T08:02:04Z,2.0075,104.8674,-29.9674,CV >= 30%
S3A_20250726T100204_vs_HYPERNETS_20250726T100000_RHOW_poly.csv,THFR_poly,Hyp,S3A,Hyp vs S3A,2025-07-26T08:00:00Z,2025-07-26T08:02:04Z,2.0826,94.5832,-34.0365,CV >= 30%
S3A_20250726T100204_vs_HYPERNETS_20250726T101500_RHOW_poly.csv,THFR_poly,Hyp,S3A,Hyp vs S3A,2025-07-26T08:15:00Z,2025-07-26T08:02:04Z,2.1694,117.1088,-13.6355,CV >= 30%
S3A_20250726T100204_vs_HYPERNETS_20250726T103000_RHOW_poly.csv,THFR_poly,Hyp,S3A,Hyp vs S3A,2025-07-26T08:30:00Z,2025-07-26T08:02:04Z,2.2748,89.735,-21.6242,CV >= 30%
S3A_20250729T102430_vs_HYPERNETS_20250729T104500_RHOW_poly.csv,THFR_poly,Hyp,S3A,Hyp vs S3A,2025-07-29T08:45:00Z,2025-07-29T08:24:30Z,0.1761,199.4639,-180.7639,CV >= 30%
S3A_20250730T095819_vs_HYPERNETS_20250730T094500_RHOW_poly.csv,THFR_poly,Hyp,S3A,Hyp vs S3A,2025-07-30T07:45:00Z,2025-07-30T07:58:19Z,1.9405,88.5125,59.4868,CV >= 30%
S3A_20250730T095819_vs_HYPERNETS_20250730T101600_RHOW_poly.csv,THFR_poly,Hyp,S3A,Hyp vs S3A,2025-07-30T08:16:00Z,2025-07-30T07:58:19Z,1.8911,61.7976,46.0697,CV >= 30%
S3A_20250802T102045_vs_HYPERNETS_20250802T101500_RHOW_poly.csv,THFR_poly,Hyp,S3A,Hyp vs S3A,2025-08-02T08:15:00Z,2025-08-02T08:20:45Z,0.5359,136.2208,-112.7616,CV >= 30%
S3A_20250802T102045_vs_HYPERNETS_20250802T104500_RHOW_poly.csv,THFR_poly,Hyp,S3A,Hyp vs S3A,2025-08-02T08:45:00Z,2025-08-02T08:20:45Z,1.1911,129.9524,20.5871,CV >= 30%
S3A_20250806T101700_vs_HYPERNETS_20250806T100000_RHOW_poly.csv,THFR_poly,Hyp,S3A,Hyp vs S3A,2025-08-06T08:00:00Z,2025-08-06T08:17:00Z,0.412,151.5081,-2.9583,CV >= 30%
S3A_20250806T101700_vs_HYPERNETS_20250806T101500_RHOW_poly.csv,THFR_poly,Hyp,S3A,Hyp vs S3A,2025-08-06T08:15:00Z,2025-08-06T08:17:00Z,0.392,166.9417,-13.8758,CV >= 30%
S3A_20250806T101700_vs_HYPERNETS_20250806T103000_RHOW_poly.csv,THFR_poly,Hyp,S3A,Hyp vs S3A,2025-08-06T08:30:00Z,2025-08-06T08:17:00Z,0.4136,152.347,-18.7599,CV >= 30%
S3A_20250806T101700_vs_HYPERNETS_20250806T104500_RHOW_poly.csv,THFR_poly,Hyp,S3A,Hyp vs S3A,2025-08-06T08:45:00Z,2025-08-06T08:17:00Z,0.4207,144.3519,46.5644,CV >= 30%
S3A_20250807T095049_vs_HYPERNETS_20250807T093000_RHOW_poly.csv,THFR_poly,Hyp,S3A,Hyp vs S3A,2025-08-07T07:30:00Z,2025-08-07T07:50:49Z,2.7804,75.4629,35.1167,CV >= 30%
S3A_20250807T095049_vs_HYPERNETS_20250807T094500_RHOW_poly.csv,THFR_poly,Hyp,S3A,Hyp vs S3A,2025-08-07T07:45:00Z,2025-08-07T07:50:49Z,2.7319,75.4709,33.1245,CV >= 30%
S3A_20250807T095049_vs_HYPERNETS_20250807T100000_RHOW_poly.csv,THFR_poly,Hyp,S3A,Hyp vs S3A,2025-08-07T08:00:00Z,2025-08-07T07:50:49Z,2.7551,76.8774,35.0003,CV >= 30%
S3A_20250807T095049_vs_HYPERNETS_20250807T101500_RHOW_poly.csv,THFR_poly,Hyp,S3A,Hyp vs S3A,2025-08-07T08:15:00Z,2025-08-07T07:50:49Z,2.8181,76.179,38.0899,CV >= 30%
S3A_20250810T101315_vs_HYPERNETS_20250810T094500_RHOW_poly.csv,THFR_poly,Hyp,S3A,Hyp vs S3A,2025-08-10T07:45:00Z,2025-08-10T08:13:15Z,3.5221,91.6498,81.8104,CV >= 30%
S3A_20250810T101315_vs_HYPERNETS_20250810T100000_RHOW_poly.csv,THFR_poly,Hyp,S3A,Hyp vs S3A,2025-08-10T08:00:00Z,2025-08-10T08:13:15Z,3.4908,89.222,71.0362,CV >= 30%
S3A_20250810T101315_vs_HYPERNETS_20250810T101500_RHOW_poly.csv,THFR_poly,Hyp,S3A,Hyp vs S3A,2025-08-10T08:15:00Z,2025-08-10T08:13:15Z,3.5446,91.8933,57.4338,CV >= 30%
S3A_20250810T101315_vs_HYPERNETS_20250810T103000_RHOW_poly.csv,THFR_poly,Hyp,S3A,Hyp vs S3A,2025-08-10T08:30:00Z,2025-08-10T08:13:15Z,3.5767,90.5835,30.9259,CV >= 30%
S3A_20250821T102812_vs_HYPERNETS_20250821T100000_RHOW_poly.csv,THFR_poly,Hyp,S3A,Hyp vs S3A,2025-08-21T08:00:00Z,2025-08-21T08:28:12Z,0.2077,65.4143,23.4276,CV >= 30%
S3A_20250821T102812_vs_HYPERNETS_20250821T101500_RHOW_poly.csv,THFR_poly,Hyp,S3A,Hyp vs S3A,2025-08-21T08:15:00Z,2025-08-21T08:28:12Z,0.2004,46.5012,-0.9727,CV >= 30%
S3A_20250821T102812_vs_HYPERNETS_20250821T103000_RHOW_poly.csv,THFR_poly,Hyp,S3A,Hyp vs S3A,2025-08-21T08:30:00Z,2025-08-21T08:28:12Z,0.214,52.2463,-8.8702,CV >= 30%
S3A_20250821T102812_vs_HYPERNETS_20250821T104500_RHOW_poly.csv,THFR_poly,Hyp,S3A,Hyp vs S3A,2025-08-21T08:45:00Z,2025-08-21T08:28:12Z,0.2177,85.6496,38.3918,CV >= 30%
S3A_20250822T100201_vs_HYPERNETS_20250822T094500_RHOW_poly.csv,THFR_poly,Hyp,S3A,Hyp vs S3A,2025-08-22T07:45:00Z,2025-08-22T08:02:01Z,2.7261,135.3255,32.2996,CV >= 30%
S3A_20250822T100201_vs_HYPERNETS_20250822T100000_RHOW_poly.csv,THFR_poly,Hyp,S3A,Hyp vs S3A,2025-08-22T08:00:00Z,2025-08-22T08:02:01Z,2.8217,132.8497,42.1517,CV >= 30%
S3A_20250822T100201_vs_HYPERNETS_20250822T101500_RHOW_poly.csv,THFR_poly,Hyp,S3A,Hyp vs S3A,2025-08-22T08:15:00Z,2025-08-22T08:02:01Z,2.8816,122.6285,57.3429,CV >= 30%
S3A_20250822T100201_vs_HYPERNETS_20250822T103000_RHOW_poly.csv,THFR_poly,Hyp,S3A,Hyp vs S3A,2025-08-22T08:30:00Z,2025-08-22T08:02:01Z,2.8473,143.1515,75.3902,CV >= 30%
S3A_20250902T101656_vs_HYPERNETS_20250902T100000_RHOW_poly.csv,THFR_poly,Hyp,S3A,Hyp vs S3A,2025-09-02T08:00:00Z,2025-09-02T08:16:56Z,0.9551,79.0453,79.0453,CV >= 30%
S3A_20250902T101656_vs_HYPERNETS_20250902T101500_RHOW_poly.csv,THFR_poly,Hyp,S3A,Hyp vs S3A,2025-09-02T08:15:00Z,2025-09-02T08:16:56Z,0.9569,81.9635,81.9635,CV >= 30%
S3A_20250902T101656_vs_HYPERNETS_20250902T103000_RHOW_poly.csv,THFR_poly,Hyp,S3A,Hyp vs S3A,2025-09-02T08:30:00Z,2025-09-02T08:16:56Z,0.9766,84.6546,84.6546,CV >= 30%
S3A_20250902T101656_vs_HYPERNETS_20250902T104500_RHOW_poly.csv,THFR_poly,Hyp,S3A,Hyp vs S3A,2025-09-02T08:45:00Z,2025-09-02T08:16:56Z,0.9798,86.2788,86.2788,CV >= 30%
S3A_20250903T095044_vs_HYPERNETS_20250903T093000_RHOW_poly.csv,THFR_poly,Hyp,S3A,Hyp vs S3A,2025-09-03T07:30:00Z,2025-09-03T07:50:44Z,1.1165,154.0774,154.0774,CV >= 30%
S3A_20250903T095044_vs_HYPERNETS_20250903T094500_RHOW_poly.csv,THFR_poly,Hyp,S3A,Hyp vs S3A,2025-09-03T07:45:00Z,2025-09-03T07:50:44Z,1.1139,148.9759,148.9759,CV >= 30%
S3A_20250903T095044_vs_HYPERNETS_20250903T100000_RHOW_poly.csv,THFR_poly,Hyp,S3A,Hyp vs S3A,2025-09-03T08:00:00Z,2025-09-03T07:50:44Z,1.1325,141.9064,141.9064,CV >= 30%
S3A_20250903T095044_vs_HYPERNETS_20250903T101500_RHOW_poly.csv,THFR_poly,Hyp,S3A,Hyp vs S3A,2025-09-03T08:15:00Z,2025-09-03T07:50:44Z,1.1129,139.2556,139.2556,CV >= 30%
S3A_20250906T101311_vs_HYPERNETS_20250906T094500_RHOW_poly.csv,THFR_poly,Hyp,S3A,Hyp vs S3A,2025-09-06T07:45:00Z,2025-09-06T08:13:11Z,1.5235,63.5897,-9.1442,CV >= 30%
S3A_20250906T101311_vs_HYPERNETS_20250906T100000_RHOW_poly.csv,THFR_poly,Hyp,S3A,Hyp vs S3A,2025-09-06T08:00:00Z,2025-09-06T08:13:11Z,1.5744,62.7407,-5.2004,CV >= 30%
S3A_20250906T101311_vs_HYPERNETS_20250906T101500_RHOW_poly.csv,THFR_poly,Hyp,S3A,Hyp vs S3A,2025-09-06T08:15:00Z,2025-09-06T08:13:11Z,1.5783,70.1403,-5.6997,CV >= 30%
S3A_20250906T101311_vs_HYPERNETS_20250906T103000_RHOW_poly.csv,THFR_poly,Hyp,S3A,Hyp vs S3A,2025-09-06T08:30:00Z,2025-09-06T08:13:11Z,1.6513,66.4359,-2.1869,CV >= 30%
S3A_20250910T100928_vs_HYPERNETS_20250910T094500_RHOW_poly.csv,THFR_poly,Hyp,S3A,Hyp vs S3A,2025-09-10T07:45:00Z,2025-09-10T08:09:28Z,0.9674,67.9483,67.9483,CV >= 30%
S3A_20250910T100928_vs_HYPERNETS_20250910T100000_RHOW_poly.csv,THFR_poly,Hyp,S3A,Hyp vs S3A,2025-09-10T08:00:00Z,2025-09-10T08:09:28Z,0.9138,46.7267,46.7267,CV >= 30%
S3A_20250910T100928_vs_HYPERNETS_20250910T101500_RHOW_poly.csv,THFR_poly,Hyp,S3A,Hyp vs S3A,2025-09-10T08:15:00Z,2025-09-10T08:09:28Z,0.9593,61.9386,61.9386,CV >= 30%
S3A_20250910T100928_vs_HYPERNETS_20250910T103000_RHOW_poly.csv,THFR_poly,Hyp,S3A,Hyp vs S3A,2025-09-10T08:30:00Z,2025-09-10T08:09:28Z,0.9445,59.4964,59.4964,CV >= 30%
S3A_20250918T100200_vs_HYPERNETS_20250918T094500_RHOW_poly.csv,THFR_poly,Hyp,S3A,Hyp vs S3A,2025-09-18T07:45:00Z,2025-09-18T08:02:00Z,1.1279,130.2269,34.404,CV >= 30%
S3A_20250918T100200_vs_HYPERNETS_20250918T100000_RHOW_poly.csv,THFR_poly,Hyp,S3A,Hyp vs S3A,2025-09-18T08:00:00Z,2025-09-18T08:02:00Z,1.1335,111.6003,28.8276,CV >= 30%
S3A_20250918T100200_vs_HYPERNETS_20250918T101500_RHOW_poly.csv,THFR_poly,Hyp,S3A,Hyp vs S3A,2025-09-18T08:15:00Z,2025-09-18T08:02:00Z,1.0794,119.4174,13.9327,CV >= 30%
S3A_20250918T100200_vs_HYPERNETS_20250918T103000_RHOW_poly.csv,THFR_poly,Hyp,S3A,Hyp vs S3A,2025-09-18T08:30:00Z,2025-09-18T08:02:00Z,1.0711,102.6171,9.7256,CV >= 30%
S3A_20250926T095433_vs_HYPERNETS_20250926T093000_RHOW_poly.csv,THFR_poly,Hyp,S3A,Hyp vs S3A,2025-09-26T07:30:00Z,2025-09-26T07:54:33Z,1.803,356.7494,356.7494,CV >= 30%
S3A_20250926T095433_vs_HYPERNETS_20250926T100000_RHOW_poly.csv,THFR_poly,Hyp,S3A,Hyp vs S3A,2025-09-26T08:00:00Z,2025-09-26T07:54:33Z,1.8557,349.9952,349.9952,CV >= 30%
S3A_20251007T100931_vs_HYPERNETS_20251007T094500_RHOW_poly.csv,THFR_poly,Hyp,S3A,Hyp vs S3A,2025-10-07T07:45:00Z,2025-10-07T08:09:31Z,0.7071,88.0836,88.0836,CV >= 30%
S3A_20251007T100931_vs_HYPERNETS_20251007T100000_RHOW_poly.csv,THFR_poly,Hyp,S3A,Hyp vs S3A,2025-10-07T08:00:00Z,2025-10-07T08:09:31Z,0.7096,85.5713,85.5713,CV >= 30%
S3A_20251007T100931_vs_HYPERNETS_20251007T101500_RHOW_poly.csv,THFR_poly,Hyp,S3A,Hyp vs S3A,2025-10-07T08:15:00Z,2025-10-07T08:09:31Z,0.7148,94.2042,94.2042,CV >= 30%
S3A_20251007T100931_vs_HYPERNETS_20251007T103000_RHOW_poly.csv,THFR_poly,Hyp,S3A,Hyp vs S3A,2025-10-07T08:30:00Z,2025-10-07T08:09:31Z,0.7587,60.8896,60.8896,CV >= 30%
S3A_20251011T100547_vs_HYPERNETS_20251011T094500_RHOW_poly.csv,THFR_poly,Hyp,S3A,Hyp vs S3A,2025-10-11T07:45:00Z,2025-10-11T08:05:47Z,0.9977,119.0246,119.0246,CV >= 30%
S3A_20251011T100547_vs_HYPERNETS_20251011T100000_RHOW_poly.csv,THFR_poly,Hyp,S3A,Hyp vs S3A,2025-10-11T08:00:00Z,2025-10-11T08:05:47Z,1.0205,122.6858,122.6858,CV >= 30%
S3A_20251011T100547_vs_HYPERNETS_20251011T101500_RHOW_poly.csv,THFR_poly,Hyp,S3A,Hyp vs S3A,2025-10-11T08:15:00Z,2025-10-11T08:05:47Z,1.0591,126.7998,126.7998,CV >= 30%
S3A_20251011T100547_vs_HYPERNETS_20251011T103000_RHOW_poly.csv,THFR_poly,Hyp,S3A,Hyp vs S3A,2025-10-11T08:30:00Z,2025-10-11T08:05:47Z,1.0646,133.2208,133.2208,CV >= 30%
S3A_20251015T100203_vs_HYPERNETS_20251015T094500_RHOW_poly.csv,THFR_poly,Hyp,S3A,Hyp vs S3A,2025-10-15T07:45:00Z,2025-10-15T08:02:03Z,1.6522,136.6265,136.6265,CV >= 30%
S3A_20251015T100203_vs_HYPERNETS_20251015T100000_RHOW_poly.csv,THFR_poly,Hyp,S3A,Hyp vs S3A,2025-10-15T08:00:00Z,2025-10-15T08:02:03Z,1.6484,131.6233,131.6233,CV >= 30%
S3A_20251015T100203_vs_HYPERNETS_20251015T101500_RHOW_poly.csv,THFR_poly,Hyp,S3A,Hyp vs S3A,2025-10-15T08:15:00Z,2025-10-15T08:02:03Z,1.6307,125.806,125.806,CV >= 30%
S3A_20251015T100203_vs_HYPERNETS_20251015T103000_RHOW_poly.csv,THFR_poly,Hyp,S3A,Hyp vs S3A,2025-10-15T08:30:00Z,2025-10-15T08:02:03Z,1.675,139.0389,139.0389,CV >= 30%
S3A_20251030T101317_vs_HYPERNETS_20251030T094500_RHOW_poly.csv,THFR_poly,Hyp,S3A,Hyp vs S3A,2025-10-30T08:45:00Z,2025-10-30T09:13:17Z,0.8897,116.2657,116.2657,CV >= 30%
S3A_20251030T101317_vs_HYPERNETS_20251030T100000_RHOW_poly.csv,THFR_poly,Hyp,S3A,Hyp vs S3A,2025-10-30T09:00:00Z,2025-10-30T09:13:17Z,0.9042,115.4441,115.4441,CV >= 30%
S3A_20251030T101317_vs_HYPERNETS_20251030T101500_RHOW_poly.csv,THFR_poly,Hyp,S3A,Hyp vs S3A,2025-10-30T09:15:00Z,2025-10-30T09:13:17Z,0.9208,81.661,81.661,CV >= 30%
S3A_20251030T101317_vs_HYPERNETS_20251030T103000_RHOW_poly.csv,THFR_poly,Hyp,S3A,Hyp vs S3A,2025-10-30T09:30:00Z,2025-10-30T09:13:17Z,0.9141,115.7614,115.7614,CV >= 30%
S3A_20251103T100933_vs_HYPERNETS_20251103T094500_RHOW_poly.csv,THFR_poly,Hyp,S3A,Hyp vs S3A,2025-11-03T08:45:00Z,2025-11-03T09:09:33Z,0.9561,110.9846,33.3396,CV >= 30%
S3A_20251103T100933_vs_HYPERNETS_20251103T100000_RHOW_poly.csv,THFR_poly,Hyp,S3A,Hyp vs S3A,2025-11-03T09:00:00Z,2025-11-03T09:09:33Z,0.9531,116.5082,48.7862,CV >= 30%
S3A_20251103T100933_vs_HYPERNETS_20251103T101500_RHOW_poly.csv,THFR_poly,Hyp,S3A,Hyp vs S3A,2025-11-03T09:15:00Z,2025-11-03T09:09:33Z,0.9295,113.8008,50.3821,CV >= 30%
S3A_20251103T100933_vs_HYPERNETS_20251103T103000_RHOW_poly.csv,THFR_poly,Hyp,S3A,Hyp vs S3A,2025-11-03T09:30:00Z,2025-11-03T09:09:33Z,0.9551,100.2081,40.6608,CV >= 30%
S3A_20251107T100548_vs_HYPERNETS_20251107T094500_RHOW_poly.csv,THFR_poly,Hyp,S3A,Hyp vs S3A,2025-11-07T08:45:00Z,2025-11-07T09:05:48Z,0.9554,37.6735,37.6735,CV >= 30%
S3A_20251107T100548_vs_HYPERNETS_20251107T100000_RHOW_poly.csv,THFR_poly,Hyp,S3A,Hyp vs S3A,2025-11-07T09:00:00Z,2025-11-07T09:05:48Z,1.0249,42.6239,42.6239,CV >= 30%
S3A_20251107T100548_vs_HYPERNETS_20251107T101500_RHOW_poly.csv,THFR_poly,Hyp,S3A,Hyp vs S3A,2025-11-07T09:15:00Z,2025-11-07T09:05:48Z,0.945,32.4163,32.4163,CV >= 30%
S3A_20251107T100548_vs_HYPERNETS_20251107T103000_RHOW_poly.csv,THFR_poly,Hyp,S3A,Hyp vs S3A,2025-11-07T09:30:00Z,2025-11-07T09:05:48Z,0.9509,35.009,35.009,CV >= 30%
S3A_20251122T101659_vs_HYPERNETS_20251122T100000_RHOW_poly.csv,THFR_poly,Hyp,S3A,Hyp vs S3A,2025-11-22T09:00:00Z,2025-11-22T09:16:59Z,1.1898,76.3645,76.3645,CV >= 30%
S3A_20251122T101659_vs_HYPERNETS_20251122T101500_RHOW_poly.csv,THFR_poly,Hyp,S3A,Hyp vs S3A,2025-11-22T09:15:00Z,2025-11-22T09:16:59Z,1.1311,59.2668,42.2544,CV >= 30%
S3A_20251122T101659_vs_HYPERNETS_20251122T103000_RHOW_poly.csv,THFR_poly,Hyp,S3A,Hyp vs S3A,2025-11-22T09:30:00Z,2025-11-22T09:16:59Z,1.1252,52.6901,52.6901,CV >= 30%
S3A_20251122T101659_vs_HYPERNETS_20251122T104500_RHOW_poly.csv,THFR_poly,Hyp,S3A,Hyp vs S3A,2025-11-22T09:45:00Z,2025-11-22T09:16:59Z,1.0814,47.4923,31.7615,CV >= 30%
S3A_20251126T101315_vs_HYPERNETS_20251126T094500_RHOW_poly.csv,THFR_poly,Hyp,S3A,Hyp vs S3A,2025-11-26T08:45:00Z,2025-11-26T09:13:15Z,1.9334,24.3764,24.3764,CV >= 30%
S3A_20251126T101315_vs_HYPERNETS_20251126T100000_RHOW_poly.csv,THFR_poly,Hyp,S3A,Hyp vs S3A,2025-11-26T09:00:00Z,2025-11-26T09:13:15Z,1.8021,36.5932,14.4269,CV >= 30%
S3A_20251126T101315_vs_HYPERNETS_20251126T101500_RHOW_poly.csv,THFR_poly,Hyp,S3A,Hyp vs S3A,2025-11-26T09:15:00Z,2025-11-26T09:13:15Z,1.9486,94.8255,94.8255,CV >= 30%
S3A_20251126T101315_vs_HYPERNETS_20251126T103000_RHOW_poly.csv,THFR_poly,Hyp,S3A,Hyp vs S3A,2025-11-26T09:30:00Z,2025-11-26T09:13:15Z,1.8318,23.2601,23.2601,CV >= 30%
S3A_20251203T103156_vs_HYPERNETS_20251203T101500_RHOW_poly.csv,THFR_poly,Hyp,S3A,Hyp vs S3A,2025-12-03T09:15:00Z,2025-12-03T09:31:56Z,3.2512,134.9659,134.9659,CV >= 30%
S3A_20251203T103156_vs_HYPERNETS_20251203T103000_RHOW_poly.csv,THFR_poly,Hyp,S3A,Hyp vs S3A,2025-12-03T09:30:00Z,2025-12-03T09:31:56Z,3.082,118.304,118.304,CV >= 30%
S3A_20251203T103156_vs_HYPERNETS_20251203T104500_RHOW_poly.csv,THFR_poly,Hyp,S3A,Hyp vs S3A,2025-12-03T09:45:00Z,2025-12-03T09:31:56Z,3.4321,178.6725,178.6725,CV >= 30%
S3A_20251203T103156_vs_HYPERNETS_20251203T110000_RHOW_poly.csv,THFR_poly,Hyp,S3A,Hyp vs S3A,2025-12-03T10:00:00Z,2025-12-03T09:31:56Z,3.0966,124.8025,124.8025,CV >= 30%
S3A_20251208T100159_vs_HYPERNETS_20251208T094500_RHOW_poly.csv,THFR_poly,Hyp,S3A,Hyp vs S3A,2025-12-08T08:45:00Z,2025-12-08T09:01:59Z,0.6934,240.6223,240.6223,CV >= 30%
S3A_20251208T100159_vs_HYPERNETS_20251208T100000_RHOW_poly.csv,THFR_poly,Hyp,S3A,Hyp vs S3A,2025-12-08T09:00:00Z,2025-12-08T09:01:59Z,0.6193,119.3518,119.3518,CV >= 30%
S3A_20251208T100159_vs_HYPERNETS_20251208T101500_RHOW_poly.csv,THFR_poly,Hyp,S3A,Hyp vs S3A,2025-12-08T09:15:00Z,2025-12-08T09:01:59Z,0.6065,113.2736,113.2736,CV >= 30%
S3A_20251208T100159_vs_HYPERNETS_20251208T103000_RHOW_poly.csv,THFR_poly,Hyp,S3A,Hyp vs S3A,2025-12-08T09:30:00Z,2025-12-08T09:01:59Z,0.5939,111.9126,111.9126,CV >= 30%
S3A_20251230T103156_vs_HYPERNETS_20251230T101500_RHOW_poly.csv,THFR_poly,Hyp,S3A,Hyp vs S3A,2025-12-30T09:15:00Z,2025-12-30T09:31:56Z,1.4994,99.6309,-6.0324,CV >= 30%
S3A_20251230T103156_vs_HYPERNETS_20251230T103000_RHOW_poly.csv,THFR_poly,Hyp,S3A,Hyp vs S3A,2025-12-30T09:30:00Z,2025-12-30T09:31:56Z,1.5217,90.7868,-0.7202,CV >= 30%
S3A_20251230T103156_vs_HYPERNETS_20251230T104500_RHOW_poly.csv,THFR_poly,Hyp,S3A,Hyp vs S3A,2025-12-30T09:45:00Z,2025-12-30T09:31:56Z,1.4023,111.5229,-17.9907,CV >= 30%
S3A_20251230T103156_vs_HYPERNETS_20251230T110000_RHOW_poly.csv,THFR_poly,Hyp,S3A,Hyp vs S3A,2025-12-30T10:00:00Z,2025-12-30T09:31:56Z,1.4309,106.784,-12.806,CV >= 30%
S3A_20251231T100545_vs_HYPERNETS_20251231T094500_RHOW_poly.csv,THFR_poly,Hyp,S3A,Hyp vs S3A,2025-12-31T08:45:00Z,2025-12-31T09:05:45Z,1.3149,233.8345,233.8345,CV >= 30%
S3A_20251231T100545_vs_HYPERNETS_20251231T100000_RHOW_poly.csv,THFR_poly,Hyp,S3A,Hyp vs S3A,2025-12-31T09:00:00Z,2025-12-31T09:05:45Z,1.4021,274.8647,274.8647,CV >= 30%
S3A_20251231T100545_vs_HYPERNETS_20251231T101500_RHOW_poly.csv,THFR_poly,Hyp,S3A,Hyp vs S3A,2025-12-31T09:15:00Z,2025-12-31T09:05:45Z,1.3731,260.729,260.729,CV >= 30%
S3A_20251231T100545_vs_HYPERNETS_20251231T103000_RHOW_poly.csv,THFR_poly,Hyp,S3A,Hyp vs S3A,2025-12-31T09:30:00Z,2025-12-31T09:05:45Z,1.3782,242.9622,242.9622,CV >= 30%
S3B_20250117T094918_vs_HYPERNETS_20250117T094500_RHOW_poly.csv,THFR_poly,Hyp,S3B,Hyp vs S3B,2025-01-17T08:45:00Z,2025-01-17T08:49:18Z,NA,NA,NA,CV >= 30%
S3B_20250128T100413_vs_HYPERNETS_20250128T094500_RHOW_poly.csv,THFR_poly,Hyp,S3B,Hyp vs S3B,2025-01-28T08:45:00Z,2025-01-28T09:04:13Z,5.7174,193.9758,193.9758,CV >= 30%
S3B_20250128T100413_vs_HYPERNETS_20250128T100000_RHOW_poly.csv,THFR_poly,Hyp,S3B,Hyp vs S3B,2025-01-28T09:00:00Z,2025-01-28T09:04:13Z,5.5188,337.1617,337.1617,CV >= 30%
S3B_20250128T100413_vs_HYPERNETS_20250128T101500_RHOW_poly.csv,THFR_poly,Hyp,S3B,Hyp vs S3B,2025-01-28T09:15:00Z,2025-01-28T09:04:13Z,4.8869,212.1125,212.1125,CV >= 30%
S3B_20250128T100413_vs_HYPERNETS_20250128T103000_RHOW_poly.csv,THFR_poly,Hyp,S3B,Hyp vs S3B,2025-01-28T09:30:00Z,2025-01-28T09:04:13Z,5.0028,257.6909,257.6909,CV >= 30%
S3B_20250205T095645_vs_HYPERNETS_20250205T093000_RHOW_poly.csv,THFR_poly,Hyp,S3B,Hyp vs S3B,2025-02-05T08:30:00Z,2025-02-05T08:56:45Z,2.741,23.7543,23.7543,CV >= 30%
S3B_20250205T095645_vs_HYPERNETS_20250205T094500_RHOW_poly.csv,THFR_poly,Hyp,S3B,Hyp vs S3B,2025-02-05T08:45:00Z,2025-02-05T08:56:45Z,2.3705,302.3433,302.3433,CV >= 30%
S3B_20250205T095645_vs_HYPERNETS_20250205T100000_RHOW_poly.csv,THFR_poly,Hyp,S3B,Hyp vs S3B,2025-02-05T09:00:00Z,2025-02-05T08:56:45Z,2.3853,304.0745,304.0745,CV >= 30%
S3B_20250205T095645_vs_HYPERNETS_20250205T101500_RHOW_poly.csv,THFR_poly,Hyp,S3B,Hyp vs S3B,2025-02-05T09:15:00Z,2025-02-05T08:56:45Z,2.3419,295.0241,295.0241,CV >= 30%
S3B_20250601T094927_vs_HYPERNETS_20250601T093000_RHOW_poly.csv,THFR_poly,Hyp,S3B,Hyp vs S3B,2025-06-01T07:30:00Z,2025-06-01T07:49:27Z,-0.3671,1874.9271,1874.9271,CV >= 30%
S3B_20250601T094927_vs_HYPERNETS_20250601T094500_RHOW_poly.csv,THFR_poly,Hyp,S3B,Hyp vs S3B,2025-06-01T07:45:00Z,2025-06-01T07:49:27Z,-0.3812,2036.8998,2036.8998,CV >= 30%
S3B_20250601T094927_vs_HYPERNETS_20250601T100000_RHOW_poly.csv,THFR_poly,Hyp,S3B,Hyp vs S3B,2025-06-01T08:00:00Z,2025-06-01T07:49:27Z,-0.3744,1400.5276,1400.5276,CV >= 30%
S3B_20250601T094927_vs_HYPERNETS_20250601T101500_RHOW_poly.csv,THFR_poly,Hyp,S3B,Hyp vs S3B,2025-06-01T08:15:00Z,2025-06-01T07:49:27Z,-0.3959,1669.3695,1669.3695,CV >= 30%
S3B_20250604T101153_vs_HYPERNETS_20250604T101500_RHOW_poly.csv,THFR_poly,Hyp,S3B,Hyp vs S3B,2025-06-04T08:15:00Z,2025-06-04T08:11:53Z,3.0473,119.7385,59.1671,CV >= 30%
S3B_20250604T101153_vs_HYPERNETS_20250604T103000_RHOW_poly.csv,THFR_poly,Hyp,S3B,Hyp vs S3B,2025-06-04T08:30:00Z,2025-06-04T08:11:53Z,3.0848,119.1814,37.5546,CV >= 30%
S3B_20250616T100043_vs_HYPERNETS_20250616T094500_RHOW_poly.csv,THFR_poly,Hyp,S3B,Hyp vs S3B,2025-06-16T07:45:00Z,2025-06-16T08:00:43Z,1.1857,98.7714,-1.268,CV >= 30%
S3B_20250616T100043_vs_HYPERNETS_20250616T100000_RHOW_poly.csv,THFR_poly,Hyp,S3B,Hyp vs S3B,2025-06-16T08:00:00Z,2025-06-16T08:00:43Z,1.1906,114.7972,-9.0198,CV >= 30%
S3B_20250616T100043_vs_HYPERNETS_20250616T101500_RHOW_poly.csv,THFR_poly,Hyp,S3B,Hyp vs S3B,2025-06-16T08:15:00Z,2025-06-16T08:00:43Z,1.1936,127.454,-12.4509,CV >= 30%
S3B_20250616T100043_vs_HYPERNETS_20250616T103000_RHOW_poly.csv,THFR_poly,Hyp,S3B,Hyp vs S3B,2025-06-16T08:30:00Z,2025-06-16T08:00:43Z,1.1688,113.8405,-14.8978,CV >= 30%
S3B_20250623T101926_vs_HYPERNETS_20250623T100000_RHOW_poly.csv,THFR_poly,Hyp,S3B,Hyp vs S3B,2025-06-23T08:00:00Z,2025-06-23T08:19:26Z,0.1708,98.2311,-8.4092,CV >= 30%
S3B_20250623T101926_vs_HYPERNETS_20250623T101500_RHOW_poly.csv,THFR_poly,Hyp,S3B,Hyp vs S3B,2025-06-23T08:15:00Z,2025-06-23T08:19:26Z,0.1746,75.9994,10.0057,CV >= 30%
S3B_20250623T101926_vs_HYPERNETS_20250623T103000_RHOW_poly.csv,THFR_poly,Hyp,S3B,Hyp vs S3B,2025-06-23T08:30:00Z,2025-06-23T08:19:26Z,0.1723,78.3971,4.3297,CV >= 30%
S3B_20250623T101926_vs_HYPERNETS_20250623T104500_RHOW_poly.csv,THFR_poly,Hyp,S3B,Hyp vs S3B,2025-06-23T08:45:00Z,2025-06-23T08:19:26Z,0.1763,103.6738,-9.7441,CV >= 30%
S3B_20250627T101542_vs_HYPERNETS_20250627T100000_RHOW_poly.csv,THFR_poly,Hyp,S3B,Hyp vs S3B,2025-06-27T08:00:00Z,2025-06-27T08:15:42Z,0.5575,83.7714,-60.7981,CV >= 30%
S3B_20250627T101542_vs_HYPERNETS_20250627T101500_RHOW_poly.csv,THFR_poly,Hyp,S3B,Hyp vs S3B,2025-06-27T08:15:00Z,2025-06-27T08:15:42Z,0.5594,77.6205,-56.0851,CV >= 30%
S3B_20250627T101542_vs_HYPERNETS_20250627T103000_RHOW_poly.csv,THFR_poly,Hyp,S3B,Hyp vs S3B,2025-06-27T08:30:00Z,2025-06-27T08:15:42Z,0.5725,80.7788,-67.5802,CV >= 30%
S3B_20250627T101542_vs_HYPERNETS_20250627T104500_RHOW_poly.csv,THFR_poly,Hyp,S3B,Hyp vs S3B,2025-06-27T08:45:00Z,2025-06-27T08:15:42Z,0.5875,78.4521,-54.8993,CV >= 30%
S3B_20250628T094931_vs_HYPERNETS_20250628T093000_RHOW_poly.csv,THFR_poly,Hyp,S3B,Hyp vs S3B,2025-06-28T07:30:00Z,2025-06-28T07:49:31Z,0.7082,649.5647,-178.9282,CV >= 30%
S3B_20250628T094931_vs_HYPERNETS_20250628T094500_RHOW_poly.csv,THFR_poly,Hyp,S3B,Hyp vs S3B,2025-06-28T07:45:00Z,2025-06-28T07:49:31Z,0.696,597.3318,-196.7479,CV >= 30%
S3B_20250628T094931_vs_HYPERNETS_20250628T100000_RHOW_poly.csv,THFR_poly,Hyp,S3B,Hyp vs S3B,2025-06-28T08:00:00Z,2025-06-28T07:49:31Z,0.6081,411.2327,-238.1108,CV >= 30%
S3B_20250628T094931_vs_HYPERNETS_20250628T101500_RHOW_poly.csv,THFR_poly,Hyp,S3B,Hyp vs S3B,2025-06-28T08:15:00Z,2025-06-28T07:49:31Z,0.6899,559.9839,-195.4657,CV >= 30%
S3B_20250705T100815_vs_HYPERNETS_20250705T094500_RHOW_poly.csv,THFR_poly,Hyp,S3B,Hyp vs S3B,2025-07-05T07:45:00Z,2025-07-05T08:08:15Z,0.5512,491.3232,91.0262,CV >= 30%
S3B_20250705T100815_vs_HYPERNETS_20250705T100000_RHOW_poly.csv,THFR_poly,Hyp,S3B,Hyp vs S3B,2025-07-05T08:00:00Z,2025-07-05T08:08:15Z,0.5569,548.0596,98.0474,CV >= 30%
S3B_20250705T100815_vs_HYPERNETS_20250705T101500_RHOW_poly.csv,THFR_poly,Hyp,S3B,Hyp vs S3B,2025-07-05T08:15:00Z,2025-07-05T08:08:15Z,0.5586,394.0038,72.2252,CV >= 30%
S3B_20250705T100815_vs_HYPERNETS_20250705T103000_RHOW_poly.csv,THFR_poly,Hyp,S3B,Hyp vs S3B,2025-07-05T08:30:00Z,2025-07-05T08:08:15Z,0.5367,415.5145,64.3253,CV >= 30%
S3B_20250713T100046_vs_HYPERNETS_20250713T094500_RHOW_poly.csv,THFR_poly,Hyp,S3B,Hyp vs S3B,2025-07-13T07:45:00Z,2025-07-13T08:00:46Z,2.0688,61.7546,-14.1752,CV >= 30%
S3B_20250713T100046_vs_HYPERNETS_20250713T100000_RHOW_poly.csv,THFR_poly,Hyp,S3B,Hyp vs S3B,2025-07-13T08:00:00Z,2025-07-13T08:00:46Z,2.0893,68.8513,-0.0142,CV >= 30%
S3B_20250713T100046_vs_HYPERNETS_20250713T101500_RHOW_poly.csv,THFR_poly,Hyp,S3B,Hyp vs S3B,2025-07-13T08:15:00Z,2025-07-13T08:00:46Z,2.155,66.4477,15.9551,CV >= 30%
S3B_20250713T100046_vs_HYPERNETS_20250713T103000_RHOW_poly.csv,THFR_poly,Hyp,S3B,Hyp vs S3B,2025-07-13T08:30:00Z,2025-07-13T08:00:46Z,2.1613,64.548,-18.9825,CV >= 30%
S3B_20250716T102313_vs_HYPERNETS_20250716T100000_RHOW_poly.csv,THFR_poly,Hyp,S3B,Hyp vs S3B,2025-07-16T08:00:00Z,2025-07-16T08:23:13Z,0.3083,76.6353,-55.3159,CV >= 30%
S3B_20250716T102313_vs_HYPERNETS_20250716T101500_RHOW_poly.csv,THFR_poly,Hyp,S3B,Hyp vs S3B,2025-07-16T08:15:00Z,2025-07-16T08:23:13Z,0.3035,81.3361,-61.4634,CV >= 30%
S3B_20250716T102313_vs_HYPERNETS_20250716T103000_RHOW_poly.csv,THFR_poly,Hyp,S3B,Hyp vs S3B,2025-07-16T08:30:00Z,2025-07-16T08:23:13Z,0.306,72.7219,-37.5249,CV >= 30%
S3B_20250716T102313_vs_HYPERNETS_20250716T104500_RHOW_poly.csv,THFR_poly,Hyp,S3B,Hyp vs S3B,2025-07-16T08:45:00Z,2025-07-16T08:23:13Z,0.2992,108.6015,-99.274,CV >= 30%
S3B_20250717T095702_vs_HYPERNETS_20250717T093000_RHOW_poly.csv,THFR_poly,Hyp,S3B,Hyp vs S3B,2025-07-17T07:30:00Z,2025-07-17T07:57:02Z,0.7873,47.7347,-21.6984,CV >= 30%
S3B_20250717T095702_vs_HYPERNETS_20250717T094500_RHOW_poly.csv,THFR_poly,Hyp,S3B,Hyp vs S3B,2025-07-17T07:45:00Z,2025-07-17T07:57:02Z,0.7778,46.8871,-23.1822,CV >= 30%
S3B_20250717T095702_vs_HYPERNETS_20250717T100000_RHOW_poly.csv,THFR_poly,Hyp,S3B,Hyp vs S3B,2025-07-17T08:00:00Z,2025-07-17T07:57:02Z,0.7924,46.4062,-21.03,CV >= 30%
S3B_20250717T095702_vs_HYPERNETS_20250717T101500_RHOW_poly.csv,THFR_poly,Hyp,S3B,Hyp vs S3B,2025-07-17T08:15:00Z,2025-07-17T07:57:02Z,0.78,50.5814,-24.1788,CV >= 30%
S3B_20250720T101928_vs_HYPERNETS_20250720T100000_RHOW_poly.csv,THFR_poly,Hyp,S3B,Hyp vs S3B,2025-07-20T08:00:00Z,2025-07-20T08:19:28Z,0.4669,250.4873,-173.1704,CV >= 30%
S3B_20250720T101928_vs_HYPERNETS_20250720T101500_RHOW_poly.csv,THFR_poly,Hyp,S3B,Hyp vs S3B,2025-07-20T08:15:00Z,2025-07-20T08:19:28Z,0.4759,246.8876,-183.8025,CV >= 30%
S3B_20250720T101928_vs_HYPERNETS_20250720T103000_RHOW_poly.csv,THFR_poly,Hyp,S3B,Hyp vs S3B,2025-07-20T08:30:00Z,2025-07-20T08:19:28Z,0.5039,227.5354,-175.0712,CV >= 30%
S3B_20250720T101928_vs_HYPERNETS_20250720T104500_RHOW_poly.csv,THFR_poly,Hyp,S3B,Hyp vs S3B,2025-07-20T08:45:00Z,2025-07-20T08:19:28Z,0.5173,220.2347,-173.7565,CV >= 30%
S3B_20250724T101543_vs_HYPERNETS_20250724T100000_RHOW_poly.csv,THFR_poly,Hyp,S3B,Hyp vs S3B,2025-07-24T08:00:00Z,2025-07-24T08:15:43Z,1.8947,38.6521,-6.1602,CV >= 30%
S3B_20250724T101543_vs_HYPERNETS_20250724T101500_RHOW_poly.csv,THFR_poly,Hyp,S3B,Hyp vs S3B,2025-07-24T08:15:00Z,2025-07-24T08:15:43Z,2.119,25.5836,18.7947,CV >= 30%
S3B_20250724T101543_vs_HYPERNETS_20250724T103000_RHOW_poly.csv,THFR_poly,Hyp,S3B,Hyp vs S3B,2025-07-24T08:30:00Z,2025-07-24T08:15:43Z,2.3508,39.3831,39.3831,CV >= 30%
S3B_20250724T101543_vs_HYPERNETS_20250724T104500_RHOW_poly.csv,THFR_poly,Hyp,S3B,Hyp vs S3B,2025-07-24T08:45:00Z,2025-07-24T08:15:43Z,2.0842,21.9135,11.618,CV >= 30%
S3B_20250725T094932_vs_HYPERNETS_20250725T093000_RHOW_poly.csv,THFR_poly,Hyp,S3B,Hyp vs S3B,2025-07-25T07:30:00Z,2025-07-25T07:49:32Z,-0.264,290.9067,278.4865,CV >= 30%
S3B_20250725T094932_vs_HYPERNETS_20250725T094500_RHOW_poly.csv,THFR_poly,Hyp,S3B,Hyp vs S3B,2025-07-25T07:45:00Z,2025-07-25T07:49:32Z,0.1885,417.9764,417.9764,CV >= 30%
S3B_20250725T094932_vs_HYPERNETS_20250725T100000_RHOW_poly.csv,THFR_poly,Hyp,S3B,Hyp vs S3B,2025-07-25T08:00:00Z,2025-07-25T07:49:32Z,-0.2685,277.5129,263.5319,CV >= 30%
S3B_20250725T094932_vs_HYPERNETS_20250725T101500_RHOW_poly.csv,THFR_poly,Hyp,S3B,Hyp vs S3B,2025-07-25T08:15:00Z,2025-07-25T07:49:32Z,-0.2526,214.0696,199.2708,CV >= 30%
S3B_20250728T101159_vs_HYPERNETS_20250728T101500_RHOW_poly.csv,THFR_poly,Hyp,S3B,Hyp vs S3B,2025-07-28T08:15:00Z,2025-07-28T08:11:59Z,2.1405,49.0746,5.1474,CV >= 30%
S3B_20250728T101159_vs_HYPERNETS_20250728T103000_RHOW_poly.csv,THFR_poly,Hyp,S3B,Hyp vs S3B,2025-07-28T08:30:00Z,2025-07-28T08:11:59Z,2.2122,39.5894,13.896,CV >= 30%
S3B_20250801T100815_vs_HYPERNETS_20250801T094500_RHOW_poly.csv,THFR_poly,Hyp,S3B,Hyp vs S3B,2025-08-01T07:45:00Z,2025-08-01T08:08:15Z,2.1729,44.9011,44.9011,CV >= 30%
S3B_20250801T100815_vs_HYPERNETS_20250801T100000_RHOW_poly.csv,THFR_poly,Hyp,S3B,Hyp vs S3B,2025-08-01T08:00:00Z,2025-08-01T08:08:15Z,2.1882,27.6265,25.5392,CV >= 30%
S3B_20250801T100815_vs_HYPERNETS_20250801T101500_RHOW_poly.csv,THFR_poly,Hyp,S3B,Hyp vs S3B,2025-08-01T08:15:00Z,2025-08-01T08:08:15Z,2.2067,50.058,50.058,CV >= 30%
S3B_20250801T100815_vs_HYPERNETS_20250801T103000_RHOW_poly.csv,THFR_poly,Hyp,S3B,Hyp vs S3B,2025-08-01T08:30:00Z,2025-08-01T08:08:15Z,2.2316,29.9192,27.7747,CV >= 30%
S3B_20250804T103042_vs_HYPERNETS_20250804T101500_RHOW_poly.csv,THFR_poly,Hyp,S3B,Hyp vs S3B,2025-08-04T08:15:00Z,2025-08-04T08:30:42Z,-83.8292,1230.0228,1230.0228,CV >= 30%
S3B_20250804T103042_vs_HYPERNETS_20250804T103000_RHOW_poly.csv,THFR_poly,Hyp,S3B,Hyp vs S3B,2025-08-04T08:30:00Z,2025-08-04T08:30:42Z,-77.079,941.6659,941.6659,CV >= 30%
S3B_20250804T103042_vs_HYPERNETS_20250804T104500_RHOW_poly.csv,THFR_poly,Hyp,S3B,Hyp vs S3B,2025-08-04T08:45:00Z,2025-08-04T08:30:42Z,-90.9539,1278.7256,1278.7256,CV >= 30%
S3B_20250804T103042_vs_HYPERNETS_20250804T110000_RHOW_poly.csv,THFR_poly,Hyp,S3B,Hyp vs S3B,2025-08-04T09:00:00Z,2025-08-04T08:30:42Z,-74.7159,1429.0467,1429.0467,CV >= 30%
S3B_20250805T100431_vs_HYPERNETS_20250805T094500_RHOW_poly.csv,THFR_poly,Hyp,S3B,Hyp vs S3B,2025-08-05T07:45:00Z,2025-08-05T08:04:31Z,1.3216,123.8157,123.8157,CV >= 30%
S3B_20250805T100431_vs_HYPERNETS_20250805T100000_RHOW_poly.csv,THFR_poly,Hyp,S3B,Hyp vs S3B,2025-08-05T08:00:00Z,2025-08-05T08:04:31Z,1.3273,129.928,129.928,CV >= 30%
S3B_20250805T100431_vs_HYPERNETS_20250805T101500_RHOW_poly.csv,THFR_poly,Hyp,S3B,Hyp vs S3B,2025-08-05T08:15:00Z,2025-08-05T08:04:31Z,1.2916,103.1902,103.1902,CV >= 30%
S3B_20250805T100431_vs_HYPERNETS_20250805T103000_RHOW_poly.csv,THFR_poly,Hyp,S3B,Hyp vs S3B,2025-08-05T08:30:00Z,2025-08-05T08:04:31Z,1.3049,113.1713,113.1713,CV >= 30%
S3B_20250808T102658_vs_HYPERNETS_20250808T100000_RHOW_poly.csv,THFR_poly,Hyp,S3B,Hyp vs S3B,2025-08-08T08:00:00Z,2025-08-08T08:26:58Z,0.1435,25.5612,-6.3212,CV >= 30%
S3B_20250808T102658_vs_HYPERNETS_20250808T101500_RHOW_poly.csv,THFR_poly,Hyp,S3B,Hyp vs S3B,2025-08-08T08:15:00Z,2025-08-08T08:26:58Z,0.1419,123.8015,-75.2696,CV >= 30%
S3B_20250808T102658_vs_HYPERNETS_20250808T103000_RHOW_poly.csv,THFR_poly,Hyp,S3B,Hyp vs S3B,2025-08-08T08:30:00Z,2025-08-08T08:26:58Z,0.1416,99.3778,-54.4138,CV >= 30%
S3B_20250808T102658_vs_HYPERNETS_20250808T104500_RHOW_poly.csv,THFR_poly,Hyp,S3B,Hyp vs S3B,2025-08-08T08:45:00Z,2025-08-08T08:26:58Z,0.1441,70.8654,-37.2045,CV >= 30%
S3B_20250812T102313_vs_HYPERNETS_20250812T100000_RHOW_poly.csv,THFR_poly,Hyp,S3B,Hyp vs S3B,2025-08-12T08:00:00Z,2025-08-12T08:23:13Z,0.2866,29.2731,26.6931,CV >= 30%
S3B_20250812T102313_vs_HYPERNETS_20250812T101500_RHOW_poly.csv,THFR_poly,Hyp,S3B,Hyp vs S3B,2025-08-12T08:15:00Z,2025-08-12T08:23:13Z,0.3412,88.052,0.1191,CV >= 30%
S3B_20250812T102313_vs_HYPERNETS_20250812T103000_RHOW_poly.csv,THFR_poly,Hyp,S3B,Hyp vs S3B,2025-08-12T08:30:00Z,2025-08-12T08:23:13Z,0.3401,97.2503,-2.9019,CV >= 30%
S3B_20250812T102313_vs_HYPERNETS_20250812T104500_RHOW_poly.csv,THFR_poly,Hyp,S3B,Hyp vs S3B,2025-08-12T08:45:00Z,2025-08-12T08:23:13Z,0.3494,80.9653,17.8314,CV >= 30%
S3B_20250813T095702_vs_HYPERNETS_20250813T093000_RHOW_poly.csv,THFR_poly,Hyp,S3B,Hyp vs S3B,2025-08-13T07:30:00Z,2025-08-13T07:57:02Z,3.0979,214.7711,83.7354,CV >= 30%
S3B_20250813T095702_vs_HYPERNETS_20250813T094500_RHOW_poly.csv,THFR_poly,Hyp,S3B,Hyp vs S3B,2025-08-13T07:45:00Z,2025-08-13T07:57:02Z,3.1986,220.0472,87.3029,CV >= 30%
S3B_20250813T095702_vs_HYPERNETS_20250813T100000_RHOW_poly.csv,THFR_poly,Hyp,S3B,Hyp vs S3B,2025-08-13T08:00:00Z,2025-08-13T07:57:02Z,3.3024,228.4264,95.0298,CV >= 30%
S3B_20250813T095702_vs_HYPERNETS_20250813T101500_RHOW_poly.csv,THFR_poly,Hyp,S3B,Hyp vs S3B,2025-08-13T08:15:00Z,2025-08-13T07:57:02Z,3.3319,219.649,71.1774,CV >= 30%
S3B_20250831T103044_vs_HYPERNETS_20250831T101500_RHOW_poly.csv,THFR_poly,Hyp,S3B,Hyp vs S3B,2025-08-31T08:15:00Z,2025-08-31T08:30:44Z,0.3674,255.8178,-156.1917,CV >= 30%
S3B_20250831T103044_vs_HYPERNETS_20250831T103000_RHOW_poly.csv,THFR_poly,Hyp,S3B,Hyp vs S3B,2025-08-31T08:30:00Z,2025-08-31T08:30:44Z,0.3622,258.7814,-160.9057,CV >= 30%
S3B_20250831T103044_vs_HYPERNETS_20250831T104500_RHOW_poly.csv,THFR_poly,Hyp,S3B,Hyp vs S3B,2025-08-31T08:45:00Z,2025-08-31T08:30:44Z,0.3622,246.9381,-150.4539,CV >= 30%
S3B_20250831T103044_vs_HYPERNETS_20250831T110000_RHOW_poly.csv,THFR_poly,Hyp,S3B,Hyp vs S3B,2025-08-31T09:00:00Z,2025-08-31T08:30:44Z,0.3823,239.079,-142.0746,CV >= 30%
S3B_20250908T102313_vs_HYPERNETS_20250908T100000_RHOW_poly.csv,THFR_poly,Hyp,S3B,Hyp vs S3B,2025-09-08T08:00:00Z,2025-09-08T08:23:13Z,0.2745,287.0789,-127.0386,CV >= 30%
S3B_20250908T102313_vs_HYPERNETS_20250908T101500_RHOW_poly.csv,THFR_poly,Hyp,S3B,Hyp vs S3B,2025-09-08T08:15:00Z,2025-09-08T08:23:13Z,0.2709,283.5761,-129.3346,CV >= 30%
S3B_20250908T102313_vs_HYPERNETS_20250908T104500_RHOW_poly.csv,THFR_poly,Hyp,S3B,Hyp vs S3B,2025-09-08T08:45:00Z,2025-09-08T08:23:13Z,0.2691,294.5725,-130.1219,CV >= 30%
S3B_20250916T101544_vs_HYPERNETS_20250916T100000_RHOW_poly.csv,THFR_poly,Hyp,S3B,Hyp vs S3B,2025-09-16T08:00:00Z,2025-09-16T08:15:44Z,1.8116,56.6074,11.2615,CV >= 30%
S3B_20250916T101544_vs_HYPERNETS_20250916T101500_RHOW_poly.csv,THFR_poly,Hyp,S3B,Hyp vs S3B,2025-09-16T08:15:00Z,2025-09-16T08:15:44Z,1.8515,51.2912,2.9724,CV >= 30%
S3B_20250916T101544_vs_HYPERNETS_20250916T103000_RHOW_poly.csv,THFR_poly,Hyp,S3B,Hyp vs S3B,2025-09-16T08:30:00Z,2025-09-16T08:15:44Z,1.9001,44.0289,18.2963,CV >= 30%
S3B_20250916T101544_vs_HYPERNETS_20250916T104500_RHOW_poly.csv,THFR_poly,Hyp,S3B,Hyp vs S3B,2025-09-16T08:45:00Z,2025-09-16T08:15:44Z,1.9392,44.2032,13.6131,CV >= 30%
S3B_20250917T094933_vs_HYPERNETS_20250917T093000_RHOW_poly.csv,THFR_poly,Hyp,S3B,Hyp vs S3B,2025-09-17T07:30:00Z,2025-09-17T07:49:33Z,-1.2177,1560.0322,30.3429,CV >= 30%
S3B_20250917T094933_vs_HYPERNETS_20250917T094500_RHOW_poly.csv,THFR_poly,Hyp,S3B,Hyp vs S3B,2025-09-17T07:45:00Z,2025-09-17T07:49:33Z,-1.207,1430.9611,21.2799,CV >= 30%
S3B_20250917T094933_vs_HYPERNETS_20250917T100000_RHOW_poly.csv,THFR_poly,Hyp,S3B,Hyp vs S3B,2025-09-17T08:00:00Z,2025-09-17T07:49:33Z,-1.1912,1466.4408,14.8235,CV >= 30%
S3B_20250917T094933_vs_HYPERNETS_20250917T101500_RHOW_poly.csv,THFR_poly,Hyp,S3B,Hyp vs S3B,2025-09-17T08:15:00Z,2025-09-17T07:49:33Z,-1.1995,1479.1586,14.9052,CV >= 30%
S3B_20250924T100815_vs_HYPERNETS_20250924T100000_RHOW_poly.csv,THFR_poly,Hyp,S3B,Hyp vs S3B,2025-09-24T08:00:00Z,2025-09-24T08:08:15Z,1.7092,50.3194,45.8063,CV >= 30%
S3B_20250924T100815_vs_HYPERNETS_20250924T101500_RHOW_poly.csv,THFR_poly,Hyp,S3B,Hyp vs S3B,2025-09-24T08:15:00Z,2025-09-24T08:08:15Z,1.6228,51.9859,36.4123,CV >= 30%
S3B_20251001T102655_vs_HYPERNETS_20251001T100000_RHOW_poly.csv,THFR_poly,Hyp,S3B,Hyp vs S3B,2025-10-01T08:00:00Z,2025-10-01T08:26:55Z,1.9333,411.4719,411.4719,CV >= 30%
S3B_20251001T102655_vs_HYPERNETS_20251001T101500_RHOW_poly.csv,THFR_poly,Hyp,S3B,Hyp vs S3B,2025-10-01T08:15:00Z,2025-10-01T08:26:55Z,1.9151,392.2479,392.2479,CV >= 30%
S3B_20251001T102655_vs_HYPERNETS_20251001T103000_RHOW_poly.csv,THFR_poly,Hyp,S3B,Hyp vs S3B,2025-10-01T08:30:00Z,2025-10-01T08:26:55Z,1.9022,368.2847,368.2847,CV >= 30%
S3B_20251001T102655_vs_HYPERNETS_20251001T104500_RHOW_poly.csv,THFR_poly,Hyp,S3B,Hyp vs S3B,2025-10-01T08:45:00Z,2025-10-01T08:26:55Z,1.8912,373.0946,373.0946,CV >= 30%
S3B_20251002T100044_vs_HYPERNETS_20251002T094500_RHOW_poly.csv,THFR_poly,Hyp,S3B,Hyp vs S3B,2025-10-02T07:45:00Z,2025-10-02T08:00:44Z,1.2477,237.1054,237.1054,CV >= 30%
S3B_20251002T100044_vs_HYPERNETS_20251002T100000_RHOW_poly.csv,THFR_poly,Hyp,S3B,Hyp vs S3B,2025-10-02T08:00:00Z,2025-10-02T08:00:44Z,1.2386,201.2972,201.2972,CV >= 30%
S3B_20251002T100044_vs_HYPERNETS_20251002T101500_RHOW_poly.csv,THFR_poly,Hyp,S3B,Hyp vs S3B,2025-10-02T08:15:00Z,2025-10-02T08:00:44Z,1.2067,210.6014,210.6014,CV >= 30%
S3B_20251002T100044_vs_HYPERNETS_20251002T103000_RHOW_poly.csv,THFR_poly,Hyp,S3B,Hyp vs S3B,2025-10-02T08:30:00Z,2025-10-02T08:00:44Z,1.1847,187.743,187.743,CV >= 30%
S3B_20251005T102308_vs_HYPERNETS_20251005T101500_RHOW_poly.csv,THFR_poly,Hyp,S3B,Hyp vs S3B,2025-10-05T08:15:00Z,2025-10-05T08:23:08Z,1.4692,55.6024,-3.6082,CV >= 30%
S3B_20251005T102308_vs_HYPERNETS_20251005T103000_RHOW_poly.csv,THFR_poly,Hyp,S3B,Hyp vs S3B,2025-10-05T08:30:00Z,2025-10-05T08:23:08Z,1.4819,55.6536,-5.6667,CV >= 30%
S3B_20251005T102308_vs_HYPERNETS_20251005T104500_RHOW_poly.csv,THFR_poly,Hyp,S3B,Hyp vs S3B,2025-10-05T08:45:00Z,2025-10-05T08:23:08Z,1.4553,53.0396,-7.2362,CV >= 30%
S3B_20251006T095658_vs_HYPERNETS_20251006T094500_RHOW_poly.csv,THFR_poly,Hyp,S3B,Hyp vs S3B,2025-10-06T07:45:00Z,2025-10-06T07:56:58Z,1.183,219.5111,219.5111,CV >= 30%
S3B_20251006T095658_vs_HYPERNETS_20251006T100000_RHOW_poly.csv,THFR_poly,Hyp,S3B,Hyp vs S3B,2025-10-06T08:00:00Z,2025-10-06T07:56:58Z,1.181,203.3991,203.3991,CV >= 30%
S3B_20251006T095658_vs_HYPERNETS_20251006T101500_RHOW_poly.csv,THFR_poly,Hyp,S3B,Hyp vs S3B,2025-10-06T08:15:00Z,2025-10-06T07:56:58Z,1.2094,194.2444,194.2444,CV >= 30%
S3B_20251009T101925_vs_HYPERNETS_20251009T100000_RHOW_poly.csv,THFR_poly,Hyp,S3B,Hyp vs S3B,2025-10-09T08:00:00Z,2025-10-09T08:19:25Z,2.6115,102.0043,1.8339,CV >= 30%
S3B_20251009T101925_vs_HYPERNETS_20251009T101500_RHOW_poly.csv,THFR_poly,Hyp,S3B,Hyp vs S3B,2025-10-09T08:15:00Z,2025-10-09T08:19:25Z,2.5894,133.1042,30.5837,CV >= 30%
S3B_20251009T101925_vs_HYPERNETS_20251009T103000_RHOW_poly.csv,THFR_poly,Hyp,S3B,Hyp vs S3B,2025-10-09T08:30:00Z,2025-10-09T08:19:25Z,2.4947,126.8124,9.7008,CV >= 30%
S3B_20251009T101925_vs_HYPERNETS_20251009T104500_RHOW_poly.csv,THFR_poly,Hyp,S3B,Hyp vs S3B,2025-10-09T08:45:00Z,2025-10-09T08:19:25Z,2.3871000000000002,149.9697,38.5465,CV >= 30%
S3B_20251010T095314_vs_HYPERNETS_20251010T093000_RHOW_poly.csv,THFR_poly,Hyp,S3B,Hyp vs S3B,2025-10-10T07:30:00Z,2025-10-10T07:53:14Z,1.2289,77.7228,-28.2973,CV >= 30%
S3B_20251010T095314_vs_HYPERNETS_20251010T094500_RHOW_poly.csv,THFR_poly,Hyp,S3B,Hyp vs S3B,2025-10-10T07:45:00Z,2025-10-10T07:53:14Z,1.2281,60.0717,-15.6504,CV >= 30%
S3B_20251010T095314_vs_HYPERNETS_20251010T100000_RHOW_poly.csv,THFR_poly,Hyp,S3B,Hyp vs S3B,2025-10-10T08:00:00Z,2025-10-10T07:53:14Z,1.2902,63.8126,-8.6358,CV >= 30%
S3B_20251010T095314_vs_HYPERNETS_20251010T101500_RHOW_poly.csv,THFR_poly,Hyp,S3B,Hyp vs S3B,2025-10-10T08:15:00Z,2025-10-10T07:53:14Z,1.3121,63.6641,-5.132,CV >= 30%
S3B_20251014T094931_vs_HYPERNETS_20251014T093000_RHOW_poly.csv,THFR_poly,Hyp,S3B,Hyp vs S3B,2025-10-14T07:30:00Z,2025-10-14T07:49:31Z,0.2342,90.3532,-33.5052,CV >= 30%
S3B_20251014T094931_vs_HYPERNETS_20251014T094500_RHOW_poly.csv,THFR_poly,Hyp,S3B,Hyp vs S3B,2025-10-14T07:45:00Z,2025-10-14T07:49:31Z,0.2425,83.5963,-40.5874,CV >= 30%
S3B_20251014T094931_vs_HYPERNETS_20251014T100000_RHOW_poly.csv,THFR_poly,Hyp,S3B,Hyp vs S3B,2025-10-14T08:00:00Z,2025-10-14T07:49:31Z,0.2472,89.4959,-34.0912,CV >= 30%
S3B_20251014T094931_vs_HYPERNETS_20251014T101500_RHOW_poly.csv,THFR_poly,Hyp,S3B,Hyp vs S3B,2025-10-14T08:15:00Z,2025-10-14T07:49:31Z,0.2475,121.6476,-22.1597,CV >= 30%
S3B_20251028T102658_vs_HYPERNETS_20251028T100000_RHOW_poly.csv,THFR_poly,Hyp,S3B,Hyp vs S3B,2025-10-28T09:00:00Z,2025-10-28T09:26:58Z,0.9057,137.6894,137.6894,CV >= 30%
S3B_20251028T102658_vs_HYPERNETS_20251028T101500_RHOW_poly.csv,THFR_poly,Hyp,S3B,Hyp vs S3B,2025-10-28T09:15:00Z,2025-10-28T09:26:58Z,0.9115,92.2246,92.2246,CV >= 30%
S3B_20251028T102658_vs_HYPERNETS_20251028T103000_RHOW_poly.csv,THFR_poly,Hyp,S3B,Hyp vs S3B,2025-10-28T09:30:00Z,2025-10-28T09:26:58Z,0.8819,71.3426,71.3426,CV >= 30%
S3B_20251028T102658_vs_HYPERNETS_20251028T104500_RHOW_poly.csv,THFR_poly,Hyp,S3B,Hyp vs S3B,2025-10-28T09:45:00Z,2025-10-28T09:26:58Z,0.8315,73.738,73.738,CV >= 30%
S3B_20251109T101545_vs_HYPERNETS_20251109T100000_RHOW_poly.csv,THFR_poly,Hyp,S3B,Hyp vs S3B,2025-11-09T09:00:00Z,2025-11-09T09:15:45Z,0.9123,80.6664,-31.0973,CV >= 30%
S3B_20251109T101545_vs_HYPERNETS_20251109T101500_RHOW_poly.csv,THFR_poly,Hyp,S3B,Hyp vs S3B,2025-11-09T09:15:00Z,2025-11-09T09:15:45Z,0.9571,101.3059,-13.349,CV >= 30%
S3B_20251109T101545_vs_HYPERNETS_20251109T103000_RHOW_poly.csv,THFR_poly,Hyp,S3B,Hyp vs S3B,2025-11-09T09:30:00Z,2025-11-09T09:15:45Z,0.9651,80.5439,-28.6726,CV >= 30%
S3B_20251109T101545_vs_HYPERNETS_20251109T104500_RHOW_poly.csv,THFR_poly,Hyp,S3B,Hyp vs S3B,2025-11-09T09:45:00Z,2025-11-09T09:15:45Z,0.9889,96.6615,-23.4329,CV >= 30%
S3B_20251117T100817_vs_HYPERNETS_20251117T094500_RHOW_poly.csv,THFR_poly,Hyp,S3B,Hyp vs S3B,2025-11-17T08:45:00Z,2025-11-17T09:08:17Z,1.4103,170.1706,170.1706,CV >= 30%
S3B_20251117T100817_vs_HYPERNETS_20251117T100000_RHOW_poly.csv,THFR_poly,Hyp,S3B,Hyp vs S3B,2025-11-17T09:00:00Z,2025-11-17T09:08:17Z,1.3312,225.0829,225.0829,CV >= 30%
S3B_20251117T100817_vs_HYPERNETS_20251117T101500_RHOW_poly.csv,THFR_poly,Hyp,S3B,Hyp vs S3B,2025-11-17T09:15:00Z,2025-11-17T09:08:17Z,1.2848,196.7549,196.7549,CV >= 30%
S3B_20251129T095705_vs_HYPERNETS_20251129T093000_RHOW_poly.csv,THFR_poly,Hyp,S3B,Hyp vs S3B,2025-11-29T08:30:00Z,2025-11-29T08:57:05Z,1.023,76.7493,1.6752,CV >= 30%
S3B_20251129T095705_vs_HYPERNETS_20251129T094500_RHOW_poly.csv,THFR_poly,Hyp,S3B,Hyp vs S3B,2025-11-29T08:45:00Z,2025-11-29T08:57:05Z,0.9759,101.8556,-4.2891,CV >= 30%
S3B_20251129T095705_vs_HYPERNETS_20251129T100000_RHOW_poly.csv,THFR_poly,Hyp,S3B,Hyp vs S3B,2025-11-29T09:00:00Z,2025-11-29T08:57:05Z,0.9748,79.0438,-9.6285,CV >= 30%
S3B_20251129T095705_vs_HYPERNETS_20251129T101500_RHOW_poly.csv,THFR_poly,Hyp,S3B,Hyp vs S3B,2025-11-29T09:15:00Z,2025-11-29T08:57:05Z,0.9743,87.8744,-8.617,CV >= 30%
S3B_20251218T100434_vs_HYPERNETS_20251218T094500_RHOW_poly.csv,THFR_poly,Hyp,S3B,Hyp vs S3B,2025-12-18T08:45:00Z,2025-12-18T09:04:34Z,3.1613,191.0346,-5.3996,CV >= 30%
S3B_20251218T100434_vs_HYPERNETS_20251218T100000_RHOW_poly.csv,THFR_poly,Hyp,S3B,Hyp vs S3B,2025-12-18T09:00:00Z,2025-12-18T09:04:34Z,7.5571,483.0843,231.5916,CV >= 30%
S3B_20251230T095319_vs_HYPERNETS_20251230T094500_RHOW_poly.csv,THFR_poly,Hyp,S3B,Hyp vs S3B,2025-12-30T08:45:00Z,2025-12-30T08:53:19Z,1.7831,67.2517,46.0556,CV >= 30%
S3B_20251230T095319_vs_HYPERNETS_20251230T100000_RHOW_poly.csv,THFR_poly,Hyp,S3B,Hyp vs S3B,2025-12-30T09:00:00Z,2025-12-30T08:53:19Z,1.8271,73.4344,56.5152,CV >= 30%
S3B_20251230T095319_vs_HYPERNETS_20251230T101500_RHOW_poly.csv,THFR_poly,Hyp,S3B,Hyp vs S3B,2025-12-30T09:15:00Z,2025-12-30T08:53:19Z,1.8513,78.6024,70.0431,CV >= 30%
S3A_20250118T100157_vs_HYPERNETS_20250118T094500_RHOW_raw.csv,THFR_raw,Hyp,S3A,Hyp vs S3A,2025-01-18T08:45:00Z,2025-01-18T09:01:57Z,1.2248000000000001,101.2773,51.1048,CV >= 30%
S3A_20250118T100157_vs_HYPERNETS_20250118T100000_RHOW_raw.csv,THFR_raw,Hyp,S3A,Hyp vs S3A,2025-01-18T09:00:00Z,2025-01-18T09:01:57Z,1.2648,163.1713,106.5647,CV >= 30%
S3A_20250118T100157_vs_HYPERNETS_20250118T101500_RHOW_raw.csv,THFR_raw,Hyp,S3A,Hyp vs S3A,2025-01-18T09:15:00Z,2025-01-18T09:01:57Z,1.2448,167.7463,86.8854,CV >= 30%
S3A_20250118T100157_vs_HYPERNETS_20250118T103000_RHOW_raw.csv,THFR_raw,Hyp,S3A,Hyp vs S3A,2025-01-18T09:30:00Z,2025-01-18T09:01:57Z,1.2402,173.584,77.3485,CV >= 30%
S3A_20250129T101654_vs_HYPERNETS_20250129T101500_RHOW_raw.csv,THFR_raw,Hyp,S3A,Hyp vs S3A,2025-01-29T09:15:00Z,2025-01-29T09:16:54Z,1.5239,158.2782,-15.4608,CV >= 30%
S3A_20250129T101654_vs_HYPERNETS_20250129T103000_RHOW_raw.csv,THFR_raw,Hyp,S3A,Hyp vs S3A,2025-01-29T09:30:00Z,2025-01-29T09:16:54Z,1.5364,134.8681,-15.9131,CV >= 30%
S3A_20250129T101654_vs_HYPERNETS_20250129T104500_RHOW_raw.csv,THFR_raw,Hyp,S3A,Hyp vs S3A,2025-01-29T09:45:00Z,2025-01-29T09:16:54Z,1.4245,136.6563,-26.3991,CV >= 30%
S3A_20250206T100925_vs_HYPERNETS_20250206T094500_RHOW_raw.csv,THFR_raw,Hyp,S3A,Hyp vs S3A,2025-02-06T08:45:00Z,2025-02-06T09:09:25Z,1.7254,87.2717,66.7021,CV >= 30%
S3A_20250206T100925_vs_HYPERNETS_20250206T100000_RHOW_raw.csv,THFR_raw,Hyp,S3A,Hyp vs S3A,2025-02-06T09:00:00Z,2025-02-06T09:09:25Z,1.735,84.6196,64.4159,CV >= 30%
S3A_20250206T100925_vs_HYPERNETS_20250206T101500_RHOW_raw.csv,THFR_raw,Hyp,S3A,Hyp vs S3A,2025-02-06T09:15:00Z,2025-02-06T09:09:25Z,1.728,89.5061,72.3389,CV >= 30%
S3A_20250206T100925_vs_HYPERNETS_20250206T103000_RHOW_raw.csv,THFR_raw,Hyp,S3A,Hyp vs S3A,2025-02-06T09:30:00Z,2025-02-06T09:09:25Z,1.7745,47.5626,29.6236,CV >= 30%
S3A_20250209T103153_vs_HYPERNETS_20250209T103000_RHOW_raw.csv,THFR_raw,Hyp,S3A,Hyp vs S3A,2025-02-09T09:30:00Z,2025-02-09T09:31:53Z,1.8209,168.2345,0.1488,CV >= 30%
S3A_20250209T103153_vs_HYPERNETS_20250209T104500_RHOW_raw.csv,THFR_raw,Hyp,S3A,Hyp vs S3A,2025-02-09T09:45:00Z,2025-02-09T09:31:53Z,1.8917,150.1257,3.8858,CV >= 30%
S3A_20250209T103153_vs_HYPERNETS_20250209T110000_RHOW_raw.csv,THFR_raw,Hyp,S3A,Hyp vs S3A,2025-02-09T10:00:00Z,2025-02-09T09:31:53Z,2.0771,100.5836,2.3932,CV >= 30%
S3A_20250213T102809_vs_HYPERNETS_20250213T100000_RHOW_raw.csv,THFR_raw,Hyp,S3A,Hyp vs S3A,2025-02-13T09:00:00Z,2025-02-13T09:28:09Z,2.4957,158.52440000000001,16.8532,CV >= 30%
S3A_20250213T102809_vs_HYPERNETS_20250213T101500_RHOW_raw.csv,THFR_raw,Hyp,S3A,Hyp vs S3A,2025-02-13T09:15:00Z,2025-02-13T09:28:09Z,2.5558,184.7629,18.5697,CV >= 30%
S3A_20250213T102809_vs_HYPERNETS_20250213T103000_RHOW_raw.csv,THFR_raw,Hyp,S3A,Hyp vs S3A,2025-02-13T09:30:00Z,2025-02-13T09:28:09Z,2.4193,100.1155,21.6967,CV >= 30%
S3A_20250213T102809_vs_HYPERNETS_20250213T104500_RHOW_raw.csv,THFR_raw,Hyp,S3A,Hyp vs S3A,2025-02-13T09:45:00Z,2025-02-13T09:28:09Z,2.424,143.794,15.5273,CV >= 30%
S3A_20250601T102815_vs_HYPERNETS_20250601T100000_RHOW_raw.csv,THFR_raw,Hyp,S3A,Hyp vs S3A,2025-06-01T08:00:00Z,2025-06-01T08:28:15Z,-2.5135,2283.3251,2283.3251,CV >= 30%
S3A_20250601T102815_vs_HYPERNETS_20250601T101500_RHOW_raw.csv,THFR_raw,Hyp,S3A,Hyp vs S3A,2025-06-01T08:15:00Z,2025-06-01T08:28:15Z,-2.6629,2596.7716,2596.7716,CV >= 30%
S3A_20250601T102815_vs_HYPERNETS_20250601T103000_RHOW_raw.csv,THFR_raw,Hyp,S3A,Hyp vs S3A,2025-06-01T08:30:00Z,2025-06-01T08:28:15Z,-2.5704,2202.5986,2202.5986,CV >= 30%
S3A_20250601T102815_vs_HYPERNETS_20250601T104600_RHOW_raw.csv,THFR_raw,Hyp,S3A,Hyp vs S3A,2025-06-01T08:46:00Z,2025-06-01T08:28:15Z,-2.55,2281.0294,2281.0294,CV >= 30%
S3A_20250609T102044_vs_HYPERNETS_20250609T100000_RHOW_raw.csv,THFR_raw,Hyp,S3A,Hyp vs S3A,2025-06-09T08:00:00Z,2025-06-09T08:20:44Z,0.3053,247.9216,-232.6293,CV >= 30%
S3A_20250609T102044_vs_HYPERNETS_20250609T101500_RHOW_raw.csv,THFR_raw,Hyp,S3A,Hyp vs S3A,2025-06-09T08:15:00Z,2025-06-09T08:20:44Z,0.3047,254.2594,-197.9715,CV >= 30%
S3A_20250609T102044_vs_HYPERNETS_20250609T103000_RHOW_raw.csv,THFR_raw,Hyp,S3A,Hyp vs S3A,2025-06-09T08:30:00Z,2025-06-09T08:20:44Z,0.3045,227.6311,-190.7851,CV >= 30%
S3A_20250609T102044_vs_HYPERNETS_20250609T104500_RHOW_raw.csv,THFR_raw,Hyp,S3A,Hyp vs S3A,2025-06-09T08:45:00Z,2025-06-09T08:20:44Z,0.2975,265.6346,-192.9538,CV >= 30%
S3A_20250610T095433_vs_HYPERNETS_20250610T093000_RHOW_raw.csv,THFR_raw,Hyp,S3A,Hyp vs S3A,2025-06-10T07:30:00Z,2025-06-10T07:54:33Z,0.4902,98.7525,-46.1417,CV >= 30%
S3A_20250610T095433_vs_HYPERNETS_20250610T094500_RHOW_raw.csv,THFR_raw,Hyp,S3A,Hyp vs S3A,2025-06-10T07:45:00Z,2025-06-10T07:54:33Z,0.4896,98.3319,-79.3342,CV >= 30%
S3A_20250610T095433_vs_HYPERNETS_20250610T100000_RHOW_raw.csv,THFR_raw,Hyp,S3A,Hyp vs S3A,2025-06-10T08:00:00Z,2025-06-10T07:54:33Z,0.4744,107.7839,-58.8261,CV >= 30%
S3A_20250610T095433_vs_HYPERNETS_20250610T101500_RHOW_raw.csv,THFR_raw,Hyp,S3A,Hyp vs S3A,2025-06-10T08:15:00Z,2025-06-10T07:54:33Z,0.5064,91.5797,-44.3176,CV >= 30%
S3A_20250613T101700_vs_HYPERNETS_20250613T100000_RHOW_raw.csv,THFR_raw,Hyp,S3A,Hyp vs S3A,2025-06-13T08:00:00Z,2025-06-13T08:17:00Z,0.1829,92.8565,73.1709,CV >= 30%
S3A_20250613T101700_vs_HYPERNETS_20250613T101500_RHOW_raw.csv,THFR_raw,Hyp,S3A,Hyp vs S3A,2025-06-13T08:15:00Z,2025-06-13T08:17:00Z,0.1872,136.1616,125.6511,CV >= 30%
S3A_20250613T101700_vs_HYPERNETS_20250613T103000_RHOW_raw.csv,THFR_raw,Hyp,S3A,Hyp vs S3A,2025-06-13T08:30:00Z,2025-06-13T08:17:00Z,0.1909,117.0412,94.0387,CV >= 30%
S3A_20250613T101700_vs_HYPERNETS_20250613T104500_RHOW_raw.csv,THFR_raw,Hyp,S3A,Hyp vs S3A,2025-06-13T08:45:00Z,2025-06-13T08:17:00Z,0.1931,146.0487,129.8906,CV >= 30%
S3A_20250617T101316_vs_HYPERNETS_20250617T094500_RHOW_raw.csv,THFR_raw,Hyp,S3A,Hyp vs S3A,2025-06-17T07:45:00Z,2025-06-17T08:13:16Z,0.3247,148.4685,-99.5552,CV >= 30%
S3A_20250617T101316_vs_HYPERNETS_20250617T100000_RHOW_raw.csv,THFR_raw,Hyp,S3A,Hyp vs S3A,2025-06-17T08:00:00Z,2025-06-17T08:13:16Z,0.316,136.509,-61.3374,CV >= 30%
S3A_20250617T101316_vs_HYPERNETS_20250617T101500_RHOW_raw.csv,THFR_raw,Hyp,S3A,Hyp vs S3A,2025-06-17T08:15:00Z,2025-06-17T08:13:16Z,0.3154,164.7399,-109.5076,CV >= 30%
S3A_20250617T101316_vs_HYPERNETS_20250617T103000_RHOW_raw.csv,THFR_raw,Hyp,S3A,Hyp vs S3A,2025-06-17T08:30:00Z,2025-06-17T08:13:16Z,0.3141,149.721,-78.5822,CV >= 30%
S3A_20250621T100932_vs_HYPERNETS_20250621T094500_RHOW_raw.csv,THFR_raw,Hyp,S3A,Hyp vs S3A,2025-06-21T07:45:00Z,2025-06-21T08:09:32Z,1.7334,187.594,9.439,CV >= 30%
S3A_20250621T100932_vs_HYPERNETS_20250621T100000_RHOW_raw.csv,THFR_raw,Hyp,S3A,Hyp vs S3A,2025-06-21T08:00:00Z,2025-06-21T08:09:32Z,1.6659,143.9517,11.7184,CV >= 30%
S3A_20250621T100932_vs_HYPERNETS_20250621T101500_RHOW_raw.csv,THFR_raw,Hyp,S3A,Hyp vs S3A,2025-06-21T08:15:00Z,2025-06-21T08:09:32Z,1.5693,184.8211,3.1374,CV >= 30%
S3A_20250621T100932_vs_HYPERNETS_20250621T103000_RHOW_raw.csv,THFR_raw,Hyp,S3A,Hyp vs S3A,2025-06-21T08:30:00Z,2025-06-21T08:09:32Z,1.6073,172.1552,4.9083,CV >= 30%
S3A_20250625T100548_vs_HYPERNETS_20250625T094500_RHOW_raw.csv,THFR_raw,Hyp,S3A,Hyp vs S3A,2025-06-25T07:45:00Z,2025-06-25T08:05:48Z,0.8983,42.8877,3.924,CV >= 30%
S3A_20250625T100548_vs_HYPERNETS_20250625T100000_RHOW_raw.csv,THFR_raw,Hyp,S3A,Hyp vs S3A,2025-06-25T08:00:00Z,2025-06-25T08:05:48Z,0.8953,95.7582,36.3708,CV >= 30%
S3A_20250625T100548_vs_HYPERNETS_20250625T103000_RHOW_raw.csv,THFR_raw,Hyp,S3A,Hyp vs S3A,2025-06-25T08:30:00Z,2025-06-25T08:05:48Z,0.9214,64.2009,15.1412,CV >= 30%
S3A_20250629T100204_vs_HYPERNETS_20250629T094500_RHOW_raw.csv,THFR_raw,Hyp,S3A,Hyp vs S3A,2025-06-29T07:45:00Z,2025-06-29T08:02:04Z,1.0438,75.4921,-12.3023,CV >= 30%
S3A_20250629T100204_vs_HYPERNETS_20250629T100000_RHOW_raw.csv,THFR_raw,Hyp,S3A,Hyp vs S3A,2025-06-29T08:00:00Z,2025-06-29T08:02:04Z,1.0473,76.4903,-14.0077,CV >= 30%
S3A_20250629T100204_vs_HYPERNETS_20250629T101500_RHOW_raw.csv,THFR_raw,Hyp,S3A,Hyp vs S3A,2025-06-29T08:15:00Z,2025-06-29T08:02:04Z,1.017,74.4687,-15.9172,CV >= 30%
S3A_20250629T100204_vs_HYPERNETS_20250629T103000_RHOW_raw.csv,THFR_raw,Hyp,S3A,Hyp vs S3A,2025-06-29T08:30:00Z,2025-06-29T08:02:04Z,1.0212,78.7377,-14.8692,CV >= 30%
S3A_20250702T102430_vs_HYPERNETS_20250702T100000_RHOW_raw.csv,THFR_raw,Hyp,S3A,Hyp vs S3A,2025-07-02T08:00:00Z,2025-07-02T08:24:30Z,-2.4132,1670.9544,1670.9544,CV >= 30%
S3A_20250702T102430_vs_HYPERNETS_20250702T101500_RHOW_raw.csv,THFR_raw,Hyp,S3A,Hyp vs S3A,2025-07-02T08:15:00Z,2025-07-02T08:24:30Z,-2.4687,1636.8686,1636.8686,CV >= 30%
S3A_20250702T102430_vs_HYPERNETS_20250702T103000_RHOW_raw.csv,THFR_raw,Hyp,S3A,Hyp vs S3A,2025-07-02T08:30:00Z,2025-07-02T08:24:30Z,NA,NA,NA,CV >= 30%
S3A_20250702T102430_vs_HYPERNETS_20250702T104500_RHOW_raw.csv,THFR_raw,Hyp,S3A,Hyp vs S3A,2025-07-02T08:45:00Z,2025-07-02T08:24:30Z,-2.473,1608.3014,1608.3014,CV >= 30%
S3A_20250703T095819_vs_HYPERNETS_20250703T093000_RHOW_raw.csv,THFR_raw,Hyp,S3A,Hyp vs S3A,2025-07-03T07:30:00Z,2025-07-03T07:58:19Z,0.5815,73.3857,-23.6213,CV >= 30%
S3A_20250703T095819_vs_HYPERNETS_20250703T094500_RHOW_raw.csv,THFR_raw,Hyp,S3A,Hyp vs S3A,2025-07-03T07:45:00Z,2025-07-03T07:58:19Z,0.5892,76.1375,-29.0831,CV >= 30%
S3A_20250703T095819_vs_HYPERNETS_20250703T100000_RHOW_raw.csv,THFR_raw,Hyp,S3A,Hyp vs S3A,2025-07-03T08:00:00Z,2025-07-03T07:58:19Z,0.5586,88.4489,-27.7061,CV >= 30%
S3A_20250703T095819_vs_HYPERNETS_20250703T101500_RHOW_raw.csv,THFR_raw,Hyp,S3A,Hyp vs S3A,2025-07-03T08:15:00Z,2025-07-03T07:58:19Z,0.4791,99.8257,-42.9192,CV >= 30%
S3A_20250707T095434_vs_HYPERNETS_20250707T101500_RHOW_raw.csv,THFR_raw,Hyp,S3A,Hyp vs S3A,2025-07-07T08:15:00Z,2025-07-07T07:54:34Z,0.915,34.9856,-19.7562,CV >= 30%
S3A_20250710T101700_vs_HYPERNETS_20250710T100000_RHOW_raw.csv,THFR_raw,Hyp,S3A,Hyp vs S3A,2025-07-10T08:00:00Z,2025-07-10T08:17:00Z,0.4888,185.941,-182.9015,CV >= 30%
S3A_20250710T101700_vs_HYPERNETS_20250710T101500_RHOW_raw.csv,THFR_raw,Hyp,S3A,Hyp vs S3A,2025-07-10T08:15:00Z,2025-07-10T08:17:00Z,0.506,168.9286,-161.3555,CV >= 30%
S3A_20250710T101700_vs_HYPERNETS_20250710T103000_RHOW_raw.csv,THFR_raw,Hyp,S3A,Hyp vs S3A,2025-07-10T08:30:00Z,2025-07-10T08:17:00Z,0.4993,204.1112,-187.9805,CV >= 30%
S3A_20250710T101700_vs_HYPERNETS_20250710T104500_RHOW_raw.csv,THFR_raw,Hyp,S3A,Hyp vs S3A,2025-07-10T08:45:00Z,2025-07-10T08:17:00Z,0.507,170.05,-168.3909,CV >= 30%
S3A_20250711T095050_vs_HYPERNETS_20250711T093000_RHOW_raw.csv,THFR_raw,Hyp,S3A,Hyp vs S3A,2025-07-11T07:30:00Z,2025-07-11T07:50:50Z,0.7498,35.4654,-32.033,CV >= 30%
S3A_20250711T095050_vs_HYPERNETS_20250711T094500_RHOW_raw.csv,THFR_raw,Hyp,S3A,Hyp vs S3A,2025-07-11T07:45:00Z,2025-07-11T07:50:50Z,0.7678,57.9314,-36.1175,CV >= 30%
S3A_20250711T095050_vs_HYPERNETS_20250711T100000_RHOW_raw.csv,THFR_raw,Hyp,S3A,Hyp vs S3A,2025-07-11T08:00:00Z,2025-07-11T07:50:50Z,0.7905,31.3885,-25.7209,CV >= 30%
S3A_20250711T095050_vs_HYPERNETS_20250711T101500_RHOW_raw.csv,THFR_raw,Hyp,S3A,Hyp vs S3A,2025-07-11T08:15:00Z,2025-07-11T07:50:50Z,0.8729,24.7256,-7.3978,CV >= 30%
S3A_20250714T101317_vs_HYPERNETS_20250714T094500_RHOW_raw.csv,THFR_raw,Hyp,S3A,Hyp vs S3A,2025-07-14T07:45:00Z,2025-07-14T08:13:17Z,1.6691,62.3293,-9.7947,CV >= 30%
S3A_20250714T101317_vs_HYPERNETS_20250714T100000_RHOW_raw.csv,THFR_raw,Hyp,S3A,Hyp vs S3A,2025-07-14T08:00:00Z,2025-07-14T08:13:17Z,1.6803,69.6893,-9.3757,CV >= 30%
S3A_20250714T101317_vs_HYPERNETS_20250714T101500_RHOW_raw.csv,THFR_raw,Hyp,S3A,Hyp vs S3A,2025-07-14T08:15:00Z,2025-07-14T08:13:17Z,1.6995,57.0287,-7.1848,CV >= 30%
S3A_20250714T101317_vs_HYPERNETS_20250714T103000_RHOW_raw.csv,THFR_raw,Hyp,S3A,Hyp vs S3A,2025-07-14T08:30:00Z,2025-07-14T08:13:17Z,1.7224,57.4621,-5.8247,CV >= 30%
S3A_20250718T100933_vs_HYPERNETS_20250718T094500_RHOW_raw.csv,THFR_raw,Hyp,S3A,Hyp vs S3A,2025-07-18T07:45:00Z,2025-07-18T08:09:33Z,0.6492,74.0413,-25.9557,CV >= 30%
S3A_20250718T100933_vs_HYPERNETS_20250718T100000_RHOW_raw.csv,THFR_raw,Hyp,S3A,Hyp vs S3A,2025-07-18T08:00:00Z,2025-07-18T08:09:33Z,0.6492,80.9655,-32.9374,CV >= 30%
S3A_20250718T100933_vs_HYPERNETS_20250718T101500_RHOW_raw.csv,THFR_raw,Hyp,S3A,Hyp vs S3A,2025-07-18T08:15:00Z,2025-07-18T08:09:33Z,0.6349,79.5415,-37.9945,CV >= 30%
S3A_20250718T100933_vs_HYPERNETS_20250718T103000_RHOW_raw.csv,THFR_raw,Hyp,S3A,Hyp vs S3A,2025-07-18T08:30:00Z,2025-07-18T08:09:33Z,0.655,57.2648,-26.5368,CV >= 30%
S3A_20250721T103159_vs_HYPERNETS_20250721T101500_RHOW_raw.csv,THFR_raw,Hyp,S3A,Hyp vs S3A,2025-07-21T08:15:00Z,2025-07-21T08:31:59Z,-1.8502,2486.5515,2486.5515,CV >= 30%
S3A_20250721T103159_vs_HYPERNETS_20250721T103000_RHOW_raw.csv,THFR_raw,Hyp,S3A,Hyp vs S3A,2025-07-21T08:30:00Z,2025-07-21T08:31:59Z,-1.859,2420.653,2420.653,CV >= 30%
S3A_20250721T103159_vs_HYPERNETS_20250721T104500_RHOW_raw.csv,THFR_raw,Hyp,S3A,Hyp vs S3A,2025-07-21T08:45:00Z,2025-07-21T08:31:59Z,-1.9767,2698.7656,2698.7656,CV >= 30%
S3A_20250722T100549_vs_HYPERNETS_20250722T094500_RHOW_raw.csv,THFR_raw,Hyp,S3A,Hyp vs S3A,2025-07-22T07:45:00Z,2025-07-22T08:05:49Z,0.7866,36.2359,-29.8234,CV >= 30%
S3A_20250722T100549_vs_HYPERNETS_20250722T100000_RHOW_raw.csv,THFR_raw,Hyp,S3A,Hyp vs S3A,2025-07-22T08:00:00Z,2025-07-22T08:05:49Z,0.7968,36.0193,-28.1579,CV >= 30%
S3A_20250722T100549_vs_HYPERNETS_20250722T101500_RHOW_raw.csv,THFR_raw,Hyp,S3A,Hyp vs S3A,2025-07-22T08:15:00Z,2025-07-22T08:05:49Z,0.8079,34.2276,-25.6418,CV >= 30%
S3A_20250722T100549_vs_HYPERNETS_20250722T103000_RHOW_raw.csv,THFR_raw,Hyp,S3A,Hyp vs S3A,2025-07-22T08:30:00Z,2025-07-22T08:05:49Z,0.8006,37.848,-31.7305,CV >= 30%
S3A_20250725T102815_vs_HYPERNETS_20250725T100000_RHOW_raw.csv,THFR_raw,Hyp,S3A,Hyp vs S3A,2025-07-25T08:00:00Z,2025-07-25T08:28:15Z,-0.0657,117.3471,-53.0088,CV >= 30%
S3A_20250725T102815_vs_HYPERNETS_20250725T101500_RHOW_raw.csv,THFR_raw,Hyp,S3A,Hyp vs S3A,2025-07-25T08:15:00Z,2025-07-25T08:28:15Z,-0.0618,164.1229,-79.0204,CV >= 30%
S3A_20250725T102815_vs_HYPERNETS_20250725T103000_RHOW_raw.csv,THFR_raw,Hyp,S3A,Hyp vs S3A,2025-07-25T08:30:00Z,2025-07-25T08:28:15Z,-0.0684,111.378,-38.0283,CV >= 30%
S3A_20250726T100204_vs_HYPERNETS_20250726T094500_RHOW_raw.csv,THFR_raw,Hyp,S3A,Hyp vs S3A,2025-07-26T07:45:00Z,2025-07-26T08:02:04Z,0.9767,72.506,-34.05,CV >= 30%
S3A_20250726T100204_vs_HYPERNETS_20250726T100000_RHOW_raw.csv,THFR_raw,Hyp,S3A,Hyp vs S3A,2025-07-26T08:00:00Z,2025-07-26T08:02:04Z,1.0132,82.971,-32.6371,CV >= 30%
S3A_20250726T100204_vs_HYPERNETS_20250726T101500_RHOW_raw.csv,THFR_raw,Hyp,S3A,Hyp vs S3A,2025-07-26T08:15:00Z,2025-07-26T08:02:04Z,1.0555,72.8398,-18.7343,CV >= 30%
S3A_20250726T100204_vs_HYPERNETS_20250726T103000_RHOW_raw.csv,THFR_raw,Hyp,S3A,Hyp vs S3A,2025-07-26T08:30:00Z,2025-07-26T08:02:04Z,1.1067,87.4035,-20.386,CV >= 30%
S3A_20250730T095819_vs_HYPERNETS_20250730T094500_RHOW_raw.csv,THFR_raw,Hyp,S3A,Hyp vs S3A,2025-07-30T07:45:00Z,2025-07-30T07:58:19Z,1.5748,43.525,31.1107,CV >= 30%
S3A_20250730T095819_vs_HYPERNETS_20250730T101600_RHOW_raw.csv,THFR_raw,Hyp,S3A,Hyp vs S3A,2025-07-30T08:16:00Z,2025-07-30T07:58:19Z,1.5383,46.4753,24.966,CV >= 30%
S3A_20250802T102045_vs_HYPERNETS_20250802T101500_RHOW_raw.csv,THFR_raw,Hyp,S3A,Hyp vs S3A,2025-08-02T08:15:00Z,2025-08-02T08:20:45Z,0.474,148.321,-88.7146,CV >= 30%
S3A_20250802T102045_vs_HYPERNETS_20250802T104500_RHOW_raw.csv,THFR_raw,Hyp,S3A,Hyp vs S3A,2025-08-02T08:45:00Z,2025-08-02T08:20:45Z,1.2352,130.8307,26.9787,CV >= 30%
S3A_20250806T101700_vs_HYPERNETS_20250806T100000_RHOW_raw.csv,THFR_raw,Hyp,S3A,Hyp vs S3A,2025-08-06T08:00:00Z,2025-08-06T08:17:00Z,0.3622,139.8439,-59.4981,CV >= 30%
S3A_20250806T101700_vs_HYPERNETS_20250806T101500_RHOW_raw.csv,THFR_raw,Hyp,S3A,Hyp vs S3A,2025-08-06T08:15:00Z,2025-08-06T08:17:00Z,0.3447,154.5617,-52.7156,CV >= 30%
S3A_20250806T101700_vs_HYPERNETS_20250806T103000_RHOW_raw.csv,THFR_raw,Hyp,S3A,Hyp vs S3A,2025-08-06T08:30:00Z,2025-08-06T08:17:00Z,0.3637,140.6439,-52.4793,CV >= 30%
S3A_20250806T101700_vs_HYPERNETS_20250806T104500_RHOW_raw.csv,THFR_raw,Hyp,S3A,Hyp vs S3A,2025-08-06T08:45:00Z,2025-08-06T08:17:00Z,0.3699,133.0195,-16.2838,CV >= 30%
S3A_20250807T095049_vs_HYPERNETS_20250807T093000_RHOW_raw.csv,THFR_raw,Hyp,S3A,Hyp vs S3A,2025-08-07T07:30:00Z,2025-08-07T07:50:49Z,0.297,241.1905,1.0572,CV >= 30%
S3A_20250807T095049_vs_HYPERNETS_20250807T094500_RHOW_raw.csv,THFR_raw,Hyp,S3A,Hyp vs S3A,2025-08-07T07:45:00Z,2025-08-07T07:50:49Z,0.2931,245.2043,-4.0795,CV >= 30%
S3A_20250807T095049_vs_HYPERNETS_20250807T100000_RHOW_raw.csv,THFR_raw,Hyp,S3A,Hyp vs S3A,2025-08-07T08:00:00Z,2025-08-07T07:50:49Z,0.2969,239.2802,-2.8558,CV >= 30%
S3A_20250807T095049_vs_HYPERNETS_20250807T101500_RHOW_raw.csv,THFR_raw,Hyp,S3A,Hyp vs S3A,2025-08-07T08:15:00Z,2025-08-07T07:50:49Z,0.3044,231.0763,4.6441,CV >= 30%
S3A_20250810T101315_vs_HYPERNETS_20250810T094500_RHOW_raw.csv,THFR_raw,Hyp,S3A,Hyp vs S3A,2025-08-10T07:45:00Z,2025-08-10T08:13:15Z,1.4959,96.3852,55.1832,CV >= 30%
S3A_20250810T101315_vs_HYPERNETS_20250810T100000_RHOW_raw.csv,THFR_raw,Hyp,S3A,Hyp vs S3A,2025-08-10T08:00:00Z,2025-08-10T08:13:15Z,1.4838,98.3091,52.2836,CV >= 30%
S3A_20250810T101315_vs_HYPERNETS_20250810T101500_RHOW_raw.csv,THFR_raw,Hyp,S3A,Hyp vs S3A,2025-08-10T08:15:00Z,2025-08-10T08:13:15Z,1.507,119.5046,35.8973,CV >= 30%
S3A_20250810T101315_vs_HYPERNETS_20250810T103000_RHOW_raw.csv,THFR_raw,Hyp,S3A,Hyp vs S3A,2025-08-10T08:30:00Z,2025-08-10T08:13:15Z,1.5215,92.748,15.3841,CV >= 30%
S3A_20250822T100201_vs_HYPERNETS_20250822T094500_RHOW_raw.csv,THFR_raw,Hyp,S3A,Hyp vs S3A,2025-08-22T07:45:00Z,2025-08-22T08:02:01Z,1.8129,207.2399,-31.6992,CV >= 30%
S3A_20250822T100201_vs_HYPERNETS_20250822T100000_RHOW_raw.csv,THFR_raw,Hyp,S3A,Hyp vs S3A,2025-08-22T08:00:00Z,2025-08-22T08:02:01Z,1.8765,209.8311,-28.7601,CV >= 30%
S3A_20250822T100201_vs_HYPERNETS_20250822T101500_RHOW_raw.csv,THFR_raw,Hyp,S3A,Hyp vs S3A,2025-08-22T08:15:00Z,2025-08-22T08:02:01Z,1.9164,167.7809,-18.01,CV >= 30%
S3A_20250822T100201_vs_HYPERNETS_20250822T103000_RHOW_raw.csv,THFR_raw,Hyp,S3A,Hyp vs S3A,2025-08-22T08:30:00Z,2025-08-22T08:02:01Z,1.8935,167.9787,-10.8503,CV >= 30%
S3A_20250902T101656_vs_HYPERNETS_20250902T100000_RHOW_raw.csv,THFR_raw,Hyp,S3A,Hyp vs S3A,2025-09-02T08:00:00Z,2025-09-02T08:16:56Z,1.0203,90.6898,-14.9845,CV >= 30%
S3A_20250902T101656_vs_HYPERNETS_20250902T101500_RHOW_raw.csv,THFR_raw,Hyp,S3A,Hyp vs S3A,2025-09-02T08:15:00Z,2025-09-02T08:16:56Z,1.0213,90.2082,-15.9612,CV >= 30%
S3A_20250902T101656_vs_HYPERNETS_20250902T103000_RHOW_raw.csv,THFR_raw,Hyp,S3A,Hyp vs S3A,2025-09-02T08:30:00Z,2025-09-02T08:16:56Z,1.0433,85.6609,-12.097,CV >= 30%
S3A_20250902T101656_vs_HYPERNETS_20250902T104500_RHOW_raw.csv,THFR_raw,Hyp,S3A,Hyp vs S3A,2025-09-02T08:45:00Z,2025-09-02T08:16:56Z,1.0468,84.3077,-12.144,CV >= 30%
S3A_20250906T101311_vs_HYPERNETS_20250906T094500_RHOW_raw.csv,THFR_raw,Hyp,S3A,Hyp vs S3A,2025-09-06T07:45:00Z,2025-09-06T08:13:11Z,1.3392,124.5346,-23.1653,CV >= 30%
S3A_20250906T101311_vs_HYPERNETS_20250906T100000_RHOW_raw.csv,THFR_raw,Hyp,S3A,Hyp vs S3A,2025-09-06T08:00:00Z,2025-09-06T08:13:11Z,1.3845,118.4114,-18.3475,CV >= 30%
S3A_20250906T101311_vs_HYPERNETS_20250906T101500_RHOW_raw.csv,THFR_raw,Hyp,S3A,Hyp vs S3A,2025-09-06T08:15:00Z,2025-09-06T08:13:11Z,1.3894,112.5572,-17.9724,CV >= 30%
S3A_20250906T101311_vs_HYPERNETS_20250906T103000_RHOW_raw.csv,THFR_raw,Hyp,S3A,Hyp vs S3A,2025-09-06T08:30:00Z,2025-09-06T08:13:11Z,1.4518,118.0327,-14.283,CV >= 30%
S3A_20250910T100928_vs_HYPERNETS_20250910T094500_RHOW_raw.csv,THFR_raw,Hyp,S3A,Hyp vs S3A,2025-09-10T07:45:00Z,2025-09-10T08:09:28Z,1.1142,76.1208,-8.5103,CV >= 30%
S3A_20250910T100928_vs_HYPERNETS_20250910T100000_RHOW_raw.csv,THFR_raw,Hyp,S3A,Hyp vs S3A,2025-09-10T08:00:00Z,2025-09-10T08:09:28Z,1.0571,91.7676,-15.6505,CV >= 30%
S3A_20250910T100928_vs_HYPERNETS_20250910T101500_RHOW_raw.csv,THFR_raw,Hyp,S3A,Hyp vs S3A,2025-09-10T08:15:00Z,2025-09-10T08:09:28Z,1.1048,60.4107,-8.2413,CV >= 30%
S3A_20250910T100928_vs_HYPERNETS_20250910T103000_RHOW_raw.csv,THFR_raw,Hyp,S3A,Hyp vs S3A,2025-09-10T08:30:00Z,2025-09-10T08:09:28Z,1.0887,58.761,-9.4405,CV >= 30%
S3A_20250918T100200_vs_HYPERNETS_20250918T094500_RHOW_raw.csv,THFR_raw,Hyp,S3A,Hyp vs S3A,2025-09-18T07:45:00Z,2025-09-18T08:02:00Z,0.9981,155.7429,-42.9512,CV >= 30%
S3A_20250918T100200_vs_HYPERNETS_20250918T100000_RHOW_raw.csv,THFR_raw,Hyp,S3A,Hyp vs S3A,2025-09-18T08:00:00Z,2025-09-18T08:02:00Z,1.003,130.6749,-51.6015,CV >= 30%
S3A_20250918T100200_vs_HYPERNETS_20250918T101500_RHOW_raw.csv,THFR_raw,Hyp,S3A,Hyp vs S3A,2025-09-18T08:15:00Z,2025-09-18T08:02:00Z,0.9551,117.6497,-67.9341,CV >= 30%
S3A_20250918T100200_vs_HYPERNETS_20250918T103000_RHOW_raw.csv,THFR_raw,Hyp,S3A,Hyp vs S3A,2025-09-18T08:30:00Z,2025-09-18T08:02:00Z,0.9478,119.0174,-70.3884,CV >= 30%
S3A_20250925T102044_vs_HYPERNETS_20250925T100000_RHOW_raw.csv,THFR_raw,Hyp,S3A,Hyp vs S3A,2025-09-25T08:00:00Z,2025-09-25T08:20:44Z,0.9562,128.0531,-35.1613,CV >= 30%
S3A_20250925T102044_vs_HYPERNETS_20250925T101500_RHOW_raw.csv,THFR_raw,Hyp,S3A,Hyp vs S3A,2025-09-25T08:15:00Z,2025-09-25T08:20:44Z,0.9947,112.1286,-42.222,CV >= 30%
S3A_20250925T102044_vs_HYPERNETS_20250925T104500_RHOW_raw.csv,THFR_raw,Hyp,S3A,Hyp vs S3A,2025-09-25T08:45:00Z,2025-09-25T08:20:44Z,0.9789,125.1419,-32.0259,CV >= 30%
S3A_20250926T095433_vs_HYPERNETS_20250926T093000_RHOW_raw.csv,THFR_raw,Hyp,S3A,Hyp vs S3A,2025-09-26T07:30:00Z,2025-09-26T07:54:33Z,2.1186,66.0469,31.768,CV >= 30%
S3A_20250926T095433_vs_HYPERNETS_20250926T100000_RHOW_raw.csv,THFR_raw,Hyp,S3A,Hyp vs S3A,2025-09-26T08:00:00Z,2025-09-26T07:54:33Z,2.1804,57.9175,30.0022,CV >= 30%
S3A_20250930T095049_vs_HYPERNETS_20250930T093000_RHOW_raw.csv,THFR_raw,Hyp,S3A,Hyp vs S3A,2025-09-30T07:30:00Z,2025-09-30T07:50:49Z,0.8064,122.9522,-59.2884,CV >= 30%
S3A_20250930T095049_vs_HYPERNETS_20250930T094500_RHOW_raw.csv,THFR_raw,Hyp,S3A,Hyp vs S3A,2025-09-30T07:45:00Z,2025-09-30T07:50:49Z,0.8087,102.9899,-60.033,CV >= 30%
S3A_20250930T095049_vs_HYPERNETS_20250930T100000_RHOW_raw.csv,THFR_raw,Hyp,S3A,Hyp vs S3A,2025-09-30T08:00:00Z,2025-09-30T07:50:49Z,0.7984,104.326,-61.927,CV >= 30%
S3A_20250930T095049_vs_HYPERNETS_20250930T101500_RHOW_raw.csv,THFR_raw,Hyp,S3A,Hyp vs S3A,2025-09-30T08:15:00Z,2025-09-30T07:50:49Z,0.7967,100.6815,-62.0057,CV >= 30%
S3A_20251007T100931_vs_HYPERNETS_20251007T094500_RHOW_raw.csv,THFR_raw,Hyp,S3A,Hyp vs S3A,2025-10-07T07:45:00Z,2025-10-07T08:09:31Z,0.7917,82.8708,-40.2284,CV >= 30%
S3A_20251007T100931_vs_HYPERNETS_20251007T100000_RHOW_raw.csv,THFR_raw,Hyp,S3A,Hyp vs S3A,2025-10-07T08:00:00Z,2025-10-07T08:09:31Z,0.795,81.356,-39.3622,CV >= 30%
S3A_20251007T100931_vs_HYPERNETS_20251007T101500_RHOW_raw.csv,THFR_raw,Hyp,S3A,Hyp vs S3A,2025-10-07T08:15:00Z,2025-10-07T08:09:31Z,0.8005,75.1549,-35.8672,CV >= 30%
S3A_20251007T100931_vs_HYPERNETS_20251007T103000_RHOW_raw.csv,THFR_raw,Hyp,S3A,Hyp vs S3A,2025-10-07T08:30:00Z,2025-10-07T08:09:31Z,0.8583,70.1858,-32.7482,CV >= 30%
S3A_20251010T103157_vs_HYPERNETS_20251010T101500_RHOW_raw.csv,THFR_raw,Hyp,S3A,Hyp vs S3A,2025-10-10T08:15:00Z,2025-10-10T08:31:57Z,0.9047,102.2744,-37.4929,CV >= 30%
S3A_20251010T103157_vs_HYPERNETS_20251010T103000_RHOW_raw.csv,THFR_raw,Hyp,S3A,Hyp vs S3A,2025-10-10T08:30:00Z,2025-10-10T08:31:57Z,0.9273,95.1013,-34.6527,CV >= 30%
S3A_20251010T103157_vs_HYPERNETS_20251010T110000_RHOW_raw.csv,THFR_raw,Hyp,S3A,Hyp vs S3A,2025-10-10T09:00:00Z,2025-10-10T08:31:57Z,0.9634,97.6335,-28.8353,CV >= 30%
S3A_20251011T100547_vs_HYPERNETS_20251011T094500_RHOW_raw.csv,THFR_raw,Hyp,S3A,Hyp vs S3A,2025-10-11T07:45:00Z,2025-10-11T08:05:47Z,1.011,103.3929,-25.8293,CV >= 30%
S3A_20251011T100547_vs_HYPERNETS_20251011T100000_RHOW_raw.csv,THFR_raw,Hyp,S3A,Hyp vs S3A,2025-10-11T08:00:00Z,2025-10-11T08:05:47Z,1.035,94.8724,-22.2489,CV >= 30%
S3A_20251011T100547_vs_HYPERNETS_20251011T101500_RHOW_raw.csv,THFR_raw,Hyp,S3A,Hyp vs S3A,2025-10-11T08:15:00Z,2025-10-11T08:05:47Z,1.0748,93.6683,-18.3444,CV >= 30%
S3A_20251011T100547_vs_HYPERNETS_20251011T103000_RHOW_raw.csv,THFR_raw,Hyp,S3A,Hyp vs S3A,2025-10-11T08:30:00Z,2025-10-11T08:05:47Z,1.0798,83.4564,-16.9077,CV >= 30%
S3A_20251014T102814_vs_HYPERNETS_20251014T100000_RHOW_raw.csv,THFR_raw,Hyp,S3A,Hyp vs S3A,2025-10-14T08:00:00Z,2025-10-14T08:28:14Z,-1.6262,1735.8293,1735.8293,CV >= 30%
S3A_20251014T102814_vs_HYPERNETS_20251014T101500_RHOW_raw.csv,THFR_raw,Hyp,S3A,Hyp vs S3A,2025-10-14T08:15:00Z,2025-10-14T08:28:14Z,-1.6263,1808.4862,1808.4862,CV >= 30%
S3A_20251014T102814_vs_HYPERNETS_20251014T103000_RHOW_raw.csv,THFR_raw,Hyp,S3A,Hyp vs S3A,2025-10-14T08:30:00Z,2025-10-14T08:28:14Z,-1.6422,1730.6853,1730.6853,CV >= 30%
S3A_20251014T102814_vs_HYPERNETS_20251014T104500_RHOW_raw.csv,THFR_raw,Hyp,S3A,Hyp vs S3A,2025-10-14T08:45:00Z,2025-10-14T08:28:14Z,-1.6589,1833.4836,1833.4836,CV >= 30%
S3A_20251015T100203_vs_HYPERNETS_20251015T094500_RHOW_raw.csv,THFR_raw,Hyp,S3A,Hyp vs S3A,2025-10-15T07:45:00Z,2025-10-15T08:02:03Z,1.9913,128.3965,-13.6271,CV >= 30%
S3A_20251015T100203_vs_HYPERNETS_20251015T100000_RHOW_raw.csv,THFR_raw,Hyp,S3A,Hyp vs S3A,2025-10-15T08:00:00Z,2025-10-15T08:02:03Z,1.988,131.8328,-14.2902,CV >= 30%
S3A_20251015T100203_vs_HYPERNETS_20251015T101500_RHOW_raw.csv,THFR_raw,Hyp,S3A,Hyp vs S3A,2025-10-15T08:15:00Z,2025-10-15T08:02:03Z,1.9678,131.9849,-15.2515,CV >= 30%
S3A_20251015T100203_vs_HYPERNETS_20251015T103000_RHOW_raw.csv,THFR_raw,Hyp,S3A,Hyp vs S3A,2025-10-15T08:30:00Z,2025-10-15T08:02:03Z,2.0225,99.6446,-7.2401,CV >= 30%
S3A_20251018T102430_vs_HYPERNETS_20251018T100000_RHOW_raw.csv,THFR_raw,Hyp,S3A,Hyp vs S3A,2025-10-18T08:00:00Z,2025-10-18T08:24:30Z,1.8085,47.6257,21.8785,CV >= 30%
S3A_20251018T102430_vs_HYPERNETS_20251018T101500_RHOW_raw.csv,THFR_raw,Hyp,S3A,Hyp vs S3A,2025-10-18T08:15:00Z,2025-10-18T08:24:30Z,1.7971,55.2907,21.5008,CV >= 30%
S3A_20251018T102430_vs_HYPERNETS_20251018T103000_RHOW_raw.csv,THFR_raw,Hyp,S3A,Hyp vs S3A,2025-10-18T08:30:00Z,2025-10-18T08:24:30Z,1.8002,54.7243,21.799,CV >= 30%
S3A_20251018T102430_vs_HYPERNETS_20251018T104500_RHOW_raw.csv,THFR_raw,Hyp,S3A,Hyp vs S3A,2025-10-18T08:45:00Z,2025-10-18T08:24:30Z,1.8615,43.4019,27.0705,CV >= 30%
S3A_20251023T095434_vs_HYPERNETS_20251023T094500_RHOW_raw.csv,THFR_raw,Hyp,S3A,Hyp vs S3A,2025-10-23T07:45:00Z,2025-10-23T07:54:34Z,3.3104,47.1905,28.0268,CV >= 30%
S3A_20251023T095434_vs_HYPERNETS_20251023T101500_RHOW_raw.csv,THFR_raw,Hyp,S3A,Hyp vs S3A,2025-10-23T08:15:00Z,2025-10-23T07:54:34Z,3.371,40.0941,38.1753,CV >= 30%
S3A_20251030T101317_vs_HYPERNETS_20251030T094500_RHOW_raw.csv,THFR_raw,Hyp,S3A,Hyp vs S3A,2025-10-30T08:45:00Z,2025-10-30T09:13:17Z,0.69,76.048,-50.1161,CV >= 30%
S3A_20251030T101317_vs_HYPERNETS_20251030T100000_RHOW_raw.csv,THFR_raw,Hyp,S3A,Hyp vs S3A,2025-10-30T09:00:00Z,2025-10-30T09:13:17Z,0.7013,79.082,-48.6895,CV >= 30%
S3A_20251030T101317_vs_HYPERNETS_20251030T101500_RHOW_raw.csv,THFR_raw,Hyp,S3A,Hyp vs S3A,2025-10-30T09:15:00Z,2025-10-30T09:13:17Z,0.7223,67.4637,-56.4119,CV >= 30%
S3A_20251030T101317_vs_HYPERNETS_20251030T103000_RHOW_raw.csv,THFR_raw,Hyp,S3A,Hyp vs S3A,2025-10-30T09:30:00Z,2025-10-30T09:13:17Z,0.7088,74.1534,-46.7005,CV >= 30%
S3A_20251103T100933_vs_HYPERNETS_20251103T094500_RHOW_raw.csv,THFR_raw,Hyp,S3A,Hyp vs S3A,2025-11-03T08:45:00Z,2025-11-03T09:09:33Z,1.02,184.4267,-26.5092,CV >= 30%
S3A_20251103T100933_vs_HYPERNETS_20251103T100000_RHOW_raw.csv,THFR_raw,Hyp,S3A,Hyp vs S3A,2025-11-03T09:00:00Z,2025-11-03T09:09:33Z,0.999,192.3725,-24.5029,CV >= 30%
S3A_20251103T100933_vs_HYPERNETS_20251103T101500_RHOW_raw.csv,THFR_raw,Hyp,S3A,Hyp vs S3A,2025-11-03T09:15:00Z,2025-11-03T09:09:33Z,0.9742,191.8774,-27.5403,CV >= 30%
S3A_20251103T100933_vs_HYPERNETS_20251103T103000_RHOW_raw.csv,THFR_raw,Hyp,S3A,Hyp vs S3A,2025-11-03T09:30:00Z,2025-11-03T09:09:33Z,1.0189,144.0006,-26.4197,CV >= 30%
S3A_20251107T100548_vs_HYPERNETS_20251107T094500_RHOW_raw.csv,THFR_raw,Hyp,S3A,Hyp vs S3A,2025-11-07T08:45:00Z,2025-11-07T09:05:48Z,0.922,33.1336,-7.2701,CV >= 30%
S3A_20251107T100548_vs_HYPERNETS_20251107T100000_RHOW_raw.csv,THFR_raw,Hyp,S3A,Hyp vs S3A,2025-11-07T09:00:00Z,2025-11-07T09:05:48Z,0.9867,27.6346,-4.9108,CV >= 30%
S3A_20251107T100548_vs_HYPERNETS_20251107T101500_RHOW_raw.csv,THFR_raw,Hyp,S3A,Hyp vs S3A,2025-11-07T09:15:00Z,2025-11-07T09:05:48Z,0.9119,33.172,-8.9671,CV >= 30%
S3A_20251107T100548_vs_HYPERNETS_20251107T103000_RHOW_raw.csv,THFR_raw,Hyp,S3A,Hyp vs S3A,2025-11-07T09:30:00Z,2025-11-07T09:05:48Z,0.9176,23.2454,-6.8111,CV >= 30%
S3A_20251118T102044_vs_HYPERNETS_20251118T100000_RHOW_raw.csv,THFR_raw,Hyp,S3A,Hyp vs S3A,2025-11-18T09:00:00Z,2025-11-18T09:20:44Z,1.0634,50.0036,-15.1438,CV >= 30%
S3A_20251118T102044_vs_HYPERNETS_20251118T101500_RHOW_raw.csv,THFR_raw,Hyp,S3A,Hyp vs S3A,2025-11-18T09:15:00Z,2025-11-18T09:20:44Z,1.02,83.4225,-20.5588,CV >= 30%
S3A_20251118T102044_vs_HYPERNETS_20251118T103000_RHOW_raw.csv,THFR_raw,Hyp,S3A,Hyp vs S3A,2025-11-18T09:30:00Z,2025-11-18T09:20:44Z,1.0388,68.2197,-10.1193,CV >= 30%
S3A_20251118T102044_vs_HYPERNETS_20251118T104500_RHOW_raw.csv,THFR_raw,Hyp,S3A,Hyp vs S3A,2025-11-18T09:45:00Z,2025-11-18T09:20:44Z,0.9386,125.577,-33.7968,CV >= 30%
S3A_20251122T101659_vs_HYPERNETS_20251122T100000_RHOW_raw.csv,THFR_raw,Hyp,S3A,Hyp vs S3A,2025-11-22T09:00:00Z,2025-11-22T09:16:59Z,1.1629,56.41,-11.9988,CV >= 30%
S3A_20251122T101659_vs_HYPERNETS_20251122T101500_RHOW_raw.csv,THFR_raw,Hyp,S3A,Hyp vs S3A,2025-11-22T09:15:00Z,2025-11-22T09:16:59Z,1.1074,77.738,-15.3233,CV >= 30%
S3A_20251122T101659_vs_HYPERNETS_20251122T103000_RHOW_raw.csv,THFR_raw,Hyp,S3A,Hyp vs S3A,2025-11-22T09:30:00Z,2025-11-22T09:16:59Z,1.1007,71.943,-11.2451,CV >= 30%
S3A_20251122T101659_vs_HYPERNETS_20251122T104500_RHOW_raw.csv,THFR_raw,Hyp,S3A,Hyp vs S3A,2025-11-22T09:45:00Z,2025-11-22T09:16:59Z,1.059,83.7879,-27.2784,CV >= 30%
S3A_20251126T101315_vs_HYPERNETS_20251126T094500_RHOW_raw.csv,THFR_raw,Hyp,S3A,Hyp vs S3A,2025-11-26T08:45:00Z,2025-11-26T09:13:15Z,1.7862,110.2755,-20.3925,CV >= 30%
S3A_20251126T101315_vs_HYPERNETS_20251126T100000_RHOW_raw.csv,THFR_raw,Hyp,S3A,Hyp vs S3A,2025-11-26T09:00:00Z,2025-11-26T09:13:15Z,1.6647,129.0822,-30.6461,CV >= 30%
S3A_20251126T101315_vs_HYPERNETS_20251126T101500_RHOW_raw.csv,THFR_raw,Hyp,S3A,Hyp vs S3A,2025-11-26T09:15:00Z,2025-11-26T09:13:15Z,1.8001,86.8248,4.3465,CV >= 30%
S3A_20251126T101315_vs_HYPERNETS_20251126T103000_RHOW_raw.csv,THFR_raw,Hyp,S3A,Hyp vs S3A,2025-11-26T09:30:00Z,2025-11-26T09:13:15Z,1.6922,112.5009,-26.4799,CV >= 30%
S3A_20251130T100930_vs_HYPERNETS_20251130T094500_RHOW_raw.csv,THFR_raw,Hyp,S3A,Hyp vs S3A,2025-11-30T08:45:00Z,2025-11-30T09:09:30Z,-0.1577,148.4694,111.0696,CV >= 30%
S3A_20251130T100930_vs_HYPERNETS_20251130T100000_RHOW_raw.csv,THFR_raw,Hyp,S3A,Hyp vs S3A,2025-11-30T09:00:00Z,2025-11-30T09:09:30Z,-0.1637,588.5624,452.5428,CV >= 30%
S3A_20251130T100930_vs_HYPERNETS_20251130T103000_RHOW_raw.csv,THFR_raw,Hyp,S3A,Hyp vs S3A,2025-11-30T09:30:00Z,2025-11-30T09:09:30Z,-0.1567,881.7654,881.7654,CV >= 30%
S3A_20251203T103156_vs_HYPERNETS_20251203T101500_RHOW_raw.csv,THFR_raw,Hyp,S3A,Hyp vs S3A,2025-12-03T09:15:00Z,2025-12-03T09:31:56Z,3.1848,3172.8407,3172.8407,CV >= 30%
S3A_20251203T103156_vs_HYPERNETS_20251203T103000_RHOW_raw.csv,THFR_raw,Hyp,S3A,Hyp vs S3A,2025-12-03T09:30:00Z,2025-12-03T09:31:56Z,3.0191,2784.7705,2784.7705,CV >= 30%
S3A_20251203T103156_vs_HYPERNETS_20251203T104500_RHOW_raw.csv,THFR_raw,Hyp,S3A,Hyp vs S3A,2025-12-03T09:45:00Z,2025-12-03T09:31:56Z,3.805,3168.002,3168.002,CV >= 30%
S3A_20251203T103156_vs_HYPERNETS_20251203T110000_RHOW_raw.csv,THFR_raw,Hyp,S3A,Hyp vs S3A,2025-12-03T10:00:00Z,2025-12-03T09:31:56Z,3.0334,2901.8792,2901.8792,CV >= 30%
S3A_20251208T100159_vs_HYPERNETS_20251208T094500_RHOW_raw.csv,THFR_raw,Hyp,S3A,Hyp vs S3A,2025-12-08T08:45:00Z,2025-12-08T09:01:59Z,0.6631,177.5904,50.2107,CV >= 30%
S3A_20251208T100159_vs_HYPERNETS_20251208T100000_RHOW_raw.csv,THFR_raw,Hyp,S3A,Hyp vs S3A,2025-12-08T09:00:00Z,2025-12-08T09:01:59Z,0.6603,149.7436,21.0257,CV >= 30%
S3A_20251208T100159_vs_HYPERNETS_20251208T101500_RHOW_raw.csv,THFR_raw,Hyp,S3A,Hyp vs S3A,2025-12-08T09:15:00Z,2025-12-08T09:01:59Z,0.6466,150.6881,12.1539,CV >= 30%
S3A_20251208T100159_vs_HYPERNETS_20251208T103000_RHOW_raw.csv,THFR_raw,Hyp,S3A,Hyp vs S3A,2025-12-08T09:30:00Z,2025-12-08T09:01:59Z,0.6331,119.4365,6.5054,CV >= 30%
S3A_20251230T103156_vs_HYPERNETS_20251230T101500_RHOW_raw.csv,THFR_raw,Hyp,S3A,Hyp vs S3A,2025-12-30T09:15:00Z,2025-12-30T09:31:56Z,1.6482,32.7838,17.0909,CV >= 30%
S3A_20251230T103156_vs_HYPERNETS_20251230T103000_RHOW_raw.csv,THFR_raw,Hyp,S3A,Hyp vs S3A,2025-12-30T09:30:00Z,2025-12-30T09:31:56Z,1.6844,30.4816,15.3316,CV >= 30%
S3A_20251230T103156_vs_HYPERNETS_20251230T104500_RHOW_raw.csv,THFR_raw,Hyp,S3A,Hyp vs S3A,2025-12-30T09:45:00Z,2025-12-30T09:31:56Z,1.5554,35.7226,2.5998,CV >= 30%
S3A_20251230T103156_vs_HYPERNETS_20251230T110000_RHOW_raw.csv,THFR_raw,Hyp,S3A,Hyp vs S3A,2025-12-30T10:00:00Z,2025-12-30T09:31:56Z,1.5876,32.3681,7.6312,CV >= 30%
S3B_20250117T094918_vs_HYPERNETS_20250117T093000_RHOW_raw.csv,THFR_raw,Hyp,S3B,Hyp vs S3B,2025-01-17T08:30:00Z,2025-01-17T08:49:18Z,-0.5862,274.5751,132.8573,CV >= 30%
S3B_20250117T094918_vs_HYPERNETS_20250117T094500_RHOW_raw.csv,THFR_raw,Hyp,S3B,Hyp vs S3B,2025-01-17T08:45:00Z,2025-01-17T08:49:18Z,NA,NA,NA,CV >= 30%
S3B_20250117T094918_vs_HYPERNETS_20250117T100000_RHOW_raw.csv,THFR_raw,Hyp,S3B,Hyp vs S3B,2025-01-17T09:00:00Z,2025-01-17T08:49:18Z,0.7069,205.493,-26.3185,CV >= 30%
S3B_20250117T094918_vs_HYPERNETS_20250117T101500_RHOW_raw.csv,THFR_raw,Hyp,S3B,Hyp vs S3B,2025-01-17T09:15:00Z,2025-01-17T08:49:18Z,0.5751,723.5082,-26.3387,CV >= 30%
S3B_20250213T094920_vs_HYPERNETS_20250213T100000_RHOW_raw.csv,THFR_raw,Hyp,S3B,Hyp vs S3B,2025-02-13T09:00:00Z,2025-02-13T08:49:20Z,-0.7826,293.033,61.5378,CV >= 30%
S3B_20250213T094920_vs_HYPERNETS_20250213T101500_RHOW_raw.csv,THFR_raw,Hyp,S3B,Hyp vs S3B,2025-02-13T09:15:00Z,2025-02-13T08:49:20Z,-0.7995,286.9233,53.5503,CV >= 30%
S3B_20250601T094927_vs_HYPERNETS_20250601T093000_RHOW_raw.csv,THFR_raw,Hyp,S3B,Hyp vs S3B,2025-06-01T07:30:00Z,2025-06-01T07:49:27Z,-0.2822,1359.9994,1359.9994,CV >= 30%
S3B_20250601T094927_vs_HYPERNETS_20250601T094500_RHOW_raw.csv,THFR_raw,Hyp,S3B,Hyp vs S3B,2025-06-01T07:45:00Z,2025-06-01T07:49:27Z,-0.2936,1393.3847,1393.3847,CV >= 30%
S3B_20250601T094927_vs_HYPERNETS_20250601T100000_RHOW_raw.csv,THFR_raw,Hyp,S3B,Hyp vs S3B,2025-06-01T08:00:00Z,2025-06-01T07:49:27Z,-0.2893,958.2593,958.2593,CV >= 30%
S3B_20250601T094927_vs_HYPERNETS_20250601T101500_RHOW_raw.csv,THFR_raw,Hyp,S3B,Hyp vs S3B,2025-06-01T08:15:00Z,2025-06-01T07:49:27Z,-0.3049,1283.2076,1283.2076,CV >= 30%
S3B_20250604T101153_vs_HYPERNETS_20250604T101500_RHOW_raw.csv,THFR_raw,Hyp,S3B,Hyp vs S3B,2025-06-04T08:15:00Z,2025-06-04T08:11:53Z,4.3019,348.0562,130.5072,CV >= 30%
S3B_20250604T101153_vs_HYPERNETS_20250604T103000_RHOW_raw.csv,THFR_raw,Hyp,S3B,Hyp vs S3B,2025-06-04T08:30:00Z,2025-06-04T08:11:53Z,4.3581,128.24,77.9758,CV >= 30%
S3B_20250608T100809_vs_HYPERNETS_20250608T094500_RHOW_raw.csv,THFR_raw,Hyp,S3B,Hyp vs S3B,2025-06-08T07:45:00Z,2025-06-08T08:08:09Z,1.5859,58.1885,7.8088,CV >= 30%
S3B_20250608T100809_vs_HYPERNETS_20250608T100000_RHOW_raw.csv,THFR_raw,Hyp,S3B,Hyp vs S3B,2025-06-08T08:00:00Z,2025-06-08T08:08:09Z,1.5909,74.6914,-10.6447,CV >= 30%
S3B_20250611T103037_vs_HYPERNETS_20250611T101500_RHOW_raw.csv,THFR_raw,Hyp,S3B,Hyp vs S3B,2025-06-11T08:15:00Z,2025-06-11T08:30:37Z,-0.9969,1012.3222,1012.3222,CV >= 30%
S3B_20250611T103037_vs_HYPERNETS_20250611T103000_RHOW_raw.csv,THFR_raw,Hyp,S3B,Hyp vs S3B,2025-06-11T08:30:00Z,2025-06-11T08:30:37Z,-1.0164,1032.9284,1032.9284,CV >= 30%
S3B_20250611T103037_vs_HYPERNETS_20250611T104500_RHOW_raw.csv,THFR_raw,Hyp,S3B,Hyp vs S3B,2025-06-11T08:45:00Z,2025-06-11T08:30:37Z,-1.0305,1020.2858,1020.2858,CV >= 30%
S3B_20250611T103037_vs_HYPERNETS_20250611T110000_RHOW_raw.csv,THFR_raw,Hyp,S3B,Hyp vs S3B,2025-06-11T09:00:00Z,2025-06-11T08:30:37Z,-1.0593,1095.211,1095.211,CV >= 30%
S3B_20250616T100043_vs_HYPERNETS_20250616T094500_RHOW_raw.csv,THFR_raw,Hyp,S3B,Hyp vs S3B,2025-06-16T07:45:00Z,2025-06-16T08:00:43Z,0.8772,70.5048,-16.502,CV >= 30%
S3B_20250616T100043_vs_HYPERNETS_20250616T100000_RHOW_raw.csv,THFR_raw,Hyp,S3B,Hyp vs S3B,2025-06-16T08:00:00Z,2025-06-16T08:00:43Z,0.8802,56.3921,-17.2122,CV >= 30%
S3B_20250616T100043_vs_HYPERNETS_20250616T101500_RHOW_raw.csv,THFR_raw,Hyp,S3B,Hyp vs S3B,2025-06-16T08:15:00Z,2025-06-16T08:00:43Z,0.8809,46.8125,-18.8827,CV >= 30%
S3B_20250616T100043_vs_HYPERNETS_20250616T103000_RHOW_raw.csv,THFR_raw,Hyp,S3B,Hyp vs S3B,2025-06-16T08:30:00Z,2025-06-16T08:00:43Z,0.8594,41.7431,-22.3697,CV >= 30%
S3B_20250619T102310_vs_HYPERNETS_20250619T100000_RHOW_raw.csv,THFR_raw,Hyp,S3B,Hyp vs S3B,2025-06-19T08:00:00Z,2025-06-19T08:23:10Z,0.2742,139.4393,93.1004,CV >= 30%
S3B_20250619T102310_vs_HYPERNETS_20250619T101500_RHOW_raw.csv,THFR_raw,Hyp,S3B,Hyp vs S3B,2025-06-19T08:15:00Z,2025-06-19T08:23:10Z,0.2721,69.8232,42.1302,CV >= 30%
S3B_20250619T102310_vs_HYPERNETS_20250619T103000_RHOW_raw.csv,THFR_raw,Hyp,S3B,Hyp vs S3B,2025-06-19T08:30:00Z,2025-06-19T08:23:10Z,0.2604,51.6338,34.452,CV >= 30%
S3B_20250619T102310_vs_HYPERNETS_20250619T104500_RHOW_raw.csv,THFR_raw,Hyp,S3B,Hyp vs S3B,2025-06-19T08:45:00Z,2025-06-19T08:23:10Z,0.2645,135.9541,76.3775,CV >= 30%
S3B_20250624T095315_vs_HYPERNETS_20250624T093000_RHOW_raw.csv,THFR_raw,Hyp,S3B,Hyp vs S3B,2025-06-24T07:30:00Z,2025-06-24T07:53:15Z,-1.1147,2288.9647,2288.9647,CV >= 30%
S3B_20250624T095315_vs_HYPERNETS_20250624T094500_RHOW_raw.csv,THFR_raw,Hyp,S3B,Hyp vs S3B,2025-06-24T07:45:00Z,2025-06-24T07:53:15Z,-1.133,2418.0723,2418.0723,CV >= 30%
S3B_20250624T095315_vs_HYPERNETS_20250624T100000_RHOW_raw.csv,THFR_raw,Hyp,S3B,Hyp vs S3B,2025-06-24T08:00:00Z,2025-06-24T07:53:15Z,-1.1187,2238.9439,2238.9439,CV >= 30%
S3B_20250624T095315_vs_HYPERNETS_20250624T101500_RHOW_raw.csv,THFR_raw,Hyp,S3B,Hyp vs S3B,2025-06-24T08:15:00Z,2025-06-24T07:53:15Z,-1.1246,3099.6441,3099.6441,CV >= 30%
S3B_20250627T101542_vs_HYPERNETS_20250627T100000_RHOW_raw.csv,THFR_raw,Hyp,S3B,Hyp vs S3B,2025-06-27T08:00:00Z,2025-06-27T08:15:42Z,0.5523,160.9518,-125.8066,CV >= 30%
S3B_20250627T101542_vs_HYPERNETS_20250627T101500_RHOW_raw.csv,THFR_raw,Hyp,S3B,Hyp vs S3B,2025-06-27T08:15:00Z,2025-06-27T08:15:42Z,0.5541,152.0972,-118.2487,CV >= 30%
S3B_20250627T101542_vs_HYPERNETS_20250627T103000_RHOW_raw.csv,THFR_raw,Hyp,S3B,Hyp vs S3B,2025-06-27T08:30:00Z,2025-06-27T08:15:42Z,0.5671,156.5813,-122.1295,CV >= 30%
S3B_20250627T101542_vs_HYPERNETS_20250627T104500_RHOW_raw.csv,THFR_raw,Hyp,S3B,Hyp vs S3B,2025-06-27T08:45:00Z,2025-06-27T08:15:42Z,0.582,152.8313,-119.2706,CV >= 30%
S3B_20250628T094931_vs_HYPERNETS_20250628T093000_RHOW_raw.csv,THFR_raw,Hyp,S3B,Hyp vs S3B,2025-06-28T07:30:00Z,2025-06-28T07:49:31Z,0.4941,275.6991,114.1347,CV >= 30%
S3B_20250628T094931_vs_HYPERNETS_20250628T094500_RHOW_raw.csv,THFR_raw,Hyp,S3B,Hyp vs S3B,2025-06-28T07:45:00Z,2025-06-28T07:49:31Z,0.4849,249.4624,98.0255,CV >= 30%
S3B_20250628T094931_vs_HYPERNETS_20250628T100000_RHOW_raw.csv,THFR_raw,Hyp,S3B,Hyp vs S3B,2025-06-28T08:00:00Z,2025-06-28T07:49:31Z,0.4927,384.4216,57.7676,CV >= 30%
S3B_20250628T094931_vs_HYPERNETS_20250628T101500_RHOW_raw.csv,THFR_raw,Hyp,S3B,Hyp vs S3B,2025-06-28T08:15:00Z,2025-06-28T07:49:31Z,0.482,242.523,62.4428,CV >= 30%
S3B_20250701T101158_vs_HYPERNETS_20250701T094500_RHOW_raw.csv,THFR_raw,Hyp,S3B,Hyp vs S3B,2025-07-01T07:45:00Z,2025-07-01T08:11:58Z,0.7318,49.9671,43.7721,CV >= 30%
S3B_20250701T101158_vs_HYPERNETS_20250701T100000_RHOW_raw.csv,THFR_raw,Hyp,S3B,Hyp vs S3B,2025-07-01T08:00:00Z,2025-07-01T08:11:58Z,0.7346,44.903,-2.5579,CV >= 30%
S3B_20250701T101158_vs_HYPERNETS_20250701T101500_RHOW_raw.csv,THFR_raw,Hyp,S3B,Hyp vs S3B,2025-07-01T08:15:00Z,2025-07-01T08:11:58Z,0.7138,45.3491,-1.0019,CV >= 30%
S3B_20250701T101158_vs_HYPERNETS_20250701T103000_RHOW_raw.csv,THFR_raw,Hyp,S3B,Hyp vs S3B,2025-07-01T08:30:00Z,2025-07-01T08:11:58Z,0.7169,48.741,21.8602,CV >= 30%
S3B_20250705T100815_vs_HYPERNETS_20250705T094500_RHOW_raw.csv,THFR_raw,Hyp,S3B,Hyp vs S3B,2025-07-05T07:45:00Z,2025-07-05T08:08:15Z,0.4887,299.8016,268.2251,CV >= 30%
S3B_20250705T100815_vs_HYPERNETS_20250705T100000_RHOW_raw.csv,THFR_raw,Hyp,S3B,Hyp vs S3B,2025-07-05T08:00:00Z,2025-07-05T08:08:15Z,0.49370000000000003,354.4511,335.1553,CV >= 30%
S3B_20250705T100815_vs_HYPERNETS_20250705T101500_RHOW_raw.csv,THFR_raw,Hyp,S3B,Hyp vs S3B,2025-07-05T08:15:00Z,2025-07-05T08:08:15Z,0.4951,214.7621,213.4959,CV >= 30%
S3B_20250705T100815_vs_HYPERNETS_20250705T103000_RHOW_raw.csv,THFR_raw,Hyp,S3B,Hyp vs S3B,2025-07-05T08:30:00Z,2025-07-05T08:08:15Z,0.476,217.3524,195.6135,CV >= 30%
S3B_20250713T100046_vs_HYPERNETS_20250713T094500_RHOW_raw.csv,THFR_raw,Hyp,S3B,Hyp vs S3B,2025-07-13T07:45:00Z,2025-07-13T08:00:46Z,1.5324,88.4056,-1.1256,CV >= 30%
S3B_20250713T100046_vs_HYPERNETS_20250713T100000_RHOW_raw.csv,THFR_raw,Hyp,S3B,Hyp vs S3B,2025-07-13T08:00:00Z,2025-07-13T08:00:46Z,1.5488,80.6684,1.3733,CV >= 30%
S3B_20250713T100046_vs_HYPERNETS_20250713T101500_RHOW_raw.csv,THFR_raw,Hyp,S3B,Hyp vs S3B,2025-07-13T08:15:00Z,2025-07-13T08:00:46Z,1.596,73.8572,4.9897,CV >= 30%
S3B_20250713T100046_vs_HYPERNETS_20250713T103000_RHOW_raw.csv,THFR_raw,Hyp,S3B,Hyp vs S3B,2025-07-13T08:30:00Z,2025-07-13T08:00:46Z,1.5996,76.5318,3.3084,CV >= 30%
S3B_20250716T102313_vs_HYPERNETS_20250716T100000_RHOW_raw.csv,THFR_raw,Hyp,S3B,Hyp vs S3B,2025-07-16T08:00:00Z,2025-07-16T08:23:13Z,0.2591,278.5297,-278.5297,CV >= 30%
S3B_20250716T102313_vs_HYPERNETS_20250716T101500_RHOW_raw.csv,THFR_raw,Hyp,S3B,Hyp vs S3B,2025-07-16T08:15:00Z,2025-07-16T08:23:13Z,0.2554,284.542,-284.542,CV >= 30%
S3B_20250716T102313_vs_HYPERNETS_20250716T103000_RHOW_raw.csv,THFR_raw,Hyp,S3B,Hyp vs S3B,2025-07-16T08:30:00Z,2025-07-16T08:23:13Z,0.2575,279.003,-279.003,CV >= 30%
S3B_20250716T102313_vs_HYPERNETS_20250716T104500_RHOW_raw.csv,THFR_raw,Hyp,S3B,Hyp vs S3B,2025-07-16T08:45:00Z,2025-07-16T08:23:13Z,0.2519,294.1292,-294.1292,CV >= 30%
S3B_20250717T095702_vs_HYPERNETS_20250717T093000_RHOW_raw.csv,THFR_raw,Hyp,S3B,Hyp vs S3B,2025-07-17T07:30:00Z,2025-07-17T07:57:02Z,0.7379,129.1506,-41.5425,CV >= 30%
S3B_20250717T095702_vs_HYPERNETS_20250717T094500_RHOW_raw.csv,THFR_raw,Hyp,S3B,Hyp vs S3B,2025-07-17T07:45:00Z,2025-07-17T07:57:02Z,0.729,125.2104,-42.6282,CV >= 30%
S3B_20250717T095702_vs_HYPERNETS_20250717T100000_RHOW_raw.csv,THFR_raw,Hyp,S3B,Hyp vs S3B,2025-07-17T08:00:00Z,2025-07-17T07:57:02Z,0.7416,125.6716,-41.444,CV >= 30%
S3B_20250717T095702_vs_HYPERNETS_20250717T101500_RHOW_raw.csv,THFR_raw,Hyp,S3B,Hyp vs S3B,2025-07-17T08:15:00Z,2025-07-17T07:57:02Z,0.7306,126.8758,-44.7494,CV >= 30%
S3B_20250720T101928_vs_HYPERNETS_20250720T100000_RHOW_raw.csv,THFR_raw,Hyp,S3B,Hyp vs S3B,2025-07-20T08:00:00Z,2025-07-20T08:19:28Z,0.3563,325.0157,-311.3756,CV >= 30%
S3B_20250720T101928_vs_HYPERNETS_20250720T101500_RHOW_raw.csv,THFR_raw,Hyp,S3B,Hyp vs S3B,2025-07-20T08:15:00Z,2025-07-20T08:19:28Z,0.3631,421.0533,-346.5437,CV >= 30%
S3B_20250720T101928_vs_HYPERNETS_20250720T103000_RHOW_raw.csv,THFR_raw,Hyp,S3B,Hyp vs S3B,2025-07-20T08:30:00Z,2025-07-20T08:19:28Z,0.3844,420.7831,-327.0341,CV >= 30%
S3B_20250720T101928_vs_HYPERNETS_20250720T104500_RHOW_raw.csv,THFR_raw,Hyp,S3B,Hyp vs S3B,2025-07-20T08:45:00Z,2025-07-20T08:19:28Z,0.3945,427.7923,-323.8271,CV >= 30%
S3B_20250721T095317_vs_HYPERNETS_20250721T093000_RHOW_raw.csv,THFR_raw,Hyp,S3B,Hyp vs S3B,2025-07-21T07:30:00Z,2025-07-21T07:53:17Z,1.4116,46.8936,7.3654,CV >= 30%
S3B_20250721T095317_vs_HYPERNETS_20250721T094500_RHOW_raw.csv,THFR_raw,Hyp,S3B,Hyp vs S3B,2025-07-21T07:45:00Z,2025-07-21T07:53:17Z,1.4028,55.9028,-4.785,CV >= 30%
S3B_20250721T095317_vs_HYPERNETS_20250721T100000_RHOW_raw.csv,THFR_raw,Hyp,S3B,Hyp vs S3B,2025-07-21T08:00:00Z,2025-07-21T07:53:17Z,1.394,60.0017,-9.8512,CV >= 30%
S3B_20250721T095317_vs_HYPERNETS_20250721T101500_RHOW_raw.csv,THFR_raw,Hyp,S3B,Hyp vs S3B,2025-07-21T08:15:00Z,2025-07-21T07:53:17Z,1.4142,62.3217,-11.3045,CV >= 30%
S3B_20250724T101543_vs_HYPERNETS_20250724T100000_RHOW_raw.csv,THFR_raw,Hyp,S3B,Hyp vs S3B,2025-07-24T08:00:00Z,2025-07-24T08:15:43Z,1.872,178.3048,-61.5528,CV >= 30%
S3B_20250724T101543_vs_HYPERNETS_20250724T101500_RHOW_raw.csv,THFR_raw,Hyp,S3B,Hyp vs S3B,2025-07-24T08:15:00Z,2025-07-24T08:15:43Z,2.0935,100.2641,-18.9654,CV >= 30%
S3B_20250724T101543_vs_HYPERNETS_20250724T103000_RHOW_raw.csv,THFR_raw,Hyp,S3B,Hyp vs S3B,2025-07-24T08:30:00Z,2025-07-24T08:15:43Z,2.3226,95.6344,-5.3066,CV >= 30%
S3B_20250724T101543_vs_HYPERNETS_20250724T104500_RHOW_raw.csv,THFR_raw,Hyp,S3B,Hyp vs S3B,2025-07-24T08:45:00Z,2025-07-24T08:15:43Z,2.0592,108.789,-21.1499,CV >= 30%
S3B_20250725T094932_vs_HYPERNETS_20250725T093000_RHOW_raw.csv,THFR_raw,Hyp,S3B,Hyp vs S3B,2025-07-25T07:30:00Z,2025-07-25T07:49:32Z,0.6073,122.6962,-47.6974,CV >= 30%
S3B_20250725T094932_vs_HYPERNETS_20250725T094500_RHOW_raw.csv,THFR_raw,Hyp,S3B,Hyp vs S3B,2025-07-25T07:45:00Z,2025-07-25T07:49:32Z,0.669,91.2407,-56.1112,CV >= 30%
S3B_20250725T094932_vs_HYPERNETS_20250725T100000_RHOW_raw.csv,THFR_raw,Hyp,S3B,Hyp vs S3B,2025-07-25T08:00:00Z,2025-07-25T07:49:32Z,0.6098,122.3514,-45.4198,CV >= 30%
S3B_20250725T094932_vs_HYPERNETS_20250725T101500_RHOW_raw.csv,THFR_raw,Hyp,S3B,Hyp vs S3B,2025-07-25T08:15:00Z,2025-07-25T07:49:32Z,0.5677,102.5552,-55.1546,CV >= 30%
S3B_20250728T101159_vs_HYPERNETS_20250728T101500_RHOW_raw.csv,THFR_raw,Hyp,S3B,Hyp vs S3B,2025-07-28T08:15:00Z,2025-07-28T08:11:59Z,1.7766,87.733,-13.4346,CV >= 30%
S3B_20250728T101159_vs_HYPERNETS_20250728T103000_RHOW_raw.csv,THFR_raw,Hyp,S3B,Hyp vs S3B,2025-07-28T08:30:00Z,2025-07-28T08:11:59Z,1.8362,85.1447,-8.9878,CV >= 30%
S3B_20250804T103042_vs_HYPERNETS_20250804T101500_RHOW_raw.csv,THFR_raw,Hyp,S3B,Hyp vs S3B,2025-08-04T08:15:00Z,2025-08-04T08:30:42Z,-73.8647,1390.9086,1390.9086,CV >= 30%
S3B_20250804T103042_vs_HYPERNETS_20250804T103000_RHOW_raw.csv,THFR_raw,Hyp,S3B,Hyp vs S3B,2025-08-04T08:30:00Z,2025-08-04T08:30:42Z,-67.9169,1067.6707,1067.6707,CV >= 30%
S3B_20250804T103042_vs_HYPERNETS_20250804T104500_RHOW_raw.csv,THFR_raw,Hyp,S3B,Hyp vs S3B,2025-08-04T08:45:00Z,2025-08-04T08:30:42Z,-80.1425,1445.5028,1445.5028,CV >= 30%
S3B_20250804T103042_vs_HYPERNETS_20250804T110000_RHOW_raw.csv,THFR_raw,Hyp,S3B,Hyp vs S3B,2025-08-04T09:00:00Z,2025-08-04T08:30:42Z,-65.8347,1614.0074,1614.0074,CV >= 30%
S3B_20250805T100431_vs_HYPERNETS_20250805T094500_RHOW_raw.csv,THFR_raw,Hyp,S3B,Hyp vs S3B,2025-08-05T07:45:00Z,2025-08-05T08:04:31Z,1.4356,187.142,-3.131,CV >= 30%
S3B_20250805T100431_vs_HYPERNETS_20250805T100000_RHOW_raw.csv,THFR_raw,Hyp,S3B,Hyp vs S3B,2025-08-05T08:00:00Z,2025-08-05T08:04:31Z,1.4428,172.2387,-1.6366,CV >= 30%
S3B_20250805T100431_vs_HYPERNETS_20250805T101500_RHOW_raw.csv,THFR_raw,Hyp,S3B,Hyp vs S3B,2025-08-05T08:15:00Z,2025-08-05T08:04:31Z,1.4119,146.2719,-4.4278,CV >= 30%
S3B_20250805T100431_vs_HYPERNETS_20250805T103000_RHOW_raw.csv,THFR_raw,Hyp,S3B,Hyp vs S3B,2025-08-05T08:30:00Z,2025-08-05T08:04:31Z,1.4256,151.7197,-2.5155,CV >= 30%
S3B_20250808T102658_vs_HYPERNETS_20250808T100000_RHOW_raw.csv,THFR_raw,Hyp,S3B,Hyp vs S3B,2025-08-08T08:00:00Z,2025-08-08T08:26:58Z,0.0576,133.5137,-133.5137,CV >= 30%
S3B_20250808T102658_vs_HYPERNETS_20250808T101500_RHOW_raw.csv,THFR_raw,Hyp,S3B,Hyp vs S3B,2025-08-08T08:15:00Z,2025-08-08T08:26:58Z,0.0571,252.6097,-252.6097,CV >= 30%
S3B_20250808T102658_vs_HYPERNETS_20250808T103000_RHOW_raw.csv,THFR_raw,Hyp,S3B,Hyp vs S3B,2025-08-08T08:30:00Z,2025-08-08T08:26:58Z,0.0568,216.9415,-216.9415,CV >= 30%
S3B_20250808T102658_vs_HYPERNETS_20250808T104500_RHOW_raw.csv,THFR_raw,Hyp,S3B,Hyp vs S3B,2025-08-08T08:45:00Z,2025-08-08T08:26:58Z,0.0579,179.7815,-179.7815,CV >= 30%
S3B_20250809T100047_vs_HYPERNETS_20250809T094500_RHOW_raw.csv,THFR_raw,Hyp,S3B,Hyp vs S3B,2025-08-09T07:45:00Z,2025-08-09T08:00:47Z,2.038,78.2956,69.3373,CV >= 30%
S3B_20250809T100047_vs_HYPERNETS_20250809T100000_RHOW_raw.csv,THFR_raw,Hyp,S3B,Hyp vs S3B,2025-08-09T08:00:00Z,2025-08-09T08:00:47Z,2.0794,131.553,131.553,CV >= 30%
S3B_20250809T100047_vs_HYPERNETS_20250809T101500_RHOW_raw.csv,THFR_raw,Hyp,S3B,Hyp vs S3B,2025-08-09T08:15:00Z,2025-08-09T08:00:47Z,1.9995,82.1909,62.9603,CV >= 30%
S3B_20250809T100047_vs_HYPERNETS_20250809T103000_RHOW_raw.csv,THFR_raw,Hyp,S3B,Hyp vs S3B,2025-08-09T08:30:00Z,2025-08-09T08:00:47Z,2.0425,77.7166,75.433,CV >= 30%
S3B_20250812T102313_vs_HYPERNETS_20250812T100000_RHOW_raw.csv,THFR_raw,Hyp,S3B,Hyp vs S3B,2025-08-12T08:00:00Z,2025-08-12T08:23:13Z,0.2849,137.0944,-137.0944,CV >= 30%
S3B_20250812T102313_vs_HYPERNETS_20250812T101500_RHOW_raw.csv,THFR_raw,Hyp,S3B,Hyp vs S3B,2025-08-12T08:15:00Z,2025-08-12T08:23:13Z,0.2835,254.2008,-184.3406,CV >= 30%
S3B_20250812T102313_vs_HYPERNETS_20250812T103000_RHOW_raw.csv,THFR_raw,Hyp,S3B,Hyp vs S3B,2025-08-12T08:30:00Z,2025-08-12T08:23:13Z,0.2826,268.431,-185.1882,CV >= 30%
S3B_20250812T102313_vs_HYPERNETS_20250812T104500_RHOW_raw.csv,THFR_raw,Hyp,S3B,Hyp vs S3B,2025-08-12T08:45:00Z,2025-08-12T08:23:13Z,0.2905,175.6008,-146.1239,CV >= 30%
S3B_20250813T095702_vs_HYPERNETS_20250813T093000_RHOW_raw.csv,THFR_raw,Hyp,S3B,Hyp vs S3B,2025-08-13T07:30:00Z,2025-08-13T07:57:02Z,1.563,171.6358,6.0075,CV >= 30%
S3B_20250813T095702_vs_HYPERNETS_20250813T094500_RHOW_raw.csv,THFR_raw,Hyp,S3B,Hyp vs S3B,2025-08-13T07:45:00Z,2025-08-13T07:57:02Z,1.6146,168.545,8.486,CV >= 30%
S3B_20250813T095702_vs_HYPERNETS_20250813T100000_RHOW_raw.csv,THFR_raw,Hyp,S3B,Hyp vs S3B,2025-08-13T08:00:00Z,2025-08-13T07:57:02Z,1.6711,165.6241,13.1544,CV >= 30%
S3B_20250813T095702_vs_HYPERNETS_20250813T101500_RHOW_raw.csv,THFR_raw,Hyp,S3B,Hyp vs S3B,2025-08-13T08:15:00Z,2025-08-13T07:57:02Z,1.6871,177.2396,9.7284,CV >= 30%
S3B_20250831T103044_vs_HYPERNETS_20250831T101500_RHOW_raw.csv,THFR_raw,Hyp,S3B,Hyp vs S3B,2025-08-31T08:15:00Z,2025-08-31T08:30:44Z,0.3665,170.0123,-130.4391,CV >= 30%
S3B_20250831T103044_vs_HYPERNETS_20250831T103000_RHOW_raw.csv,THFR_raw,Hyp,S3B,Hyp vs S3B,2025-08-31T08:30:00Z,2025-08-31T08:30:44Z,0.3626,173.7993,-157.3989,CV >= 30%
S3B_20250831T103044_vs_HYPERNETS_20250831T104500_RHOW_raw.csv,THFR_raw,Hyp,S3B,Hyp vs S3B,2025-08-31T08:45:00Z,2025-08-31T08:30:44Z,0.3641,171.1417,-122.6938,CV >= 30%
S3B_20250831T103044_vs_HYPERNETS_20250831T110000_RHOW_raw.csv,THFR_raw,Hyp,S3B,Hyp vs S3B,2025-08-31T09:00:00Z,2025-08-31T08:30:44Z,0.3879,154.3901,-114.7817,CV >= 30%
S3B_20250908T102313_vs_HYPERNETS_20250908T100000_RHOW_raw.csv,THFR_raw,Hyp,S3B,Hyp vs S3B,2025-09-08T08:00:00Z,2025-09-08T08:23:13Z,0.1893,477.1698,320.2557,CV >= 30%
S3B_20250908T102313_vs_HYPERNETS_20250908T101500_RHOW_raw.csv,THFR_raw,Hyp,S3B,Hyp vs S3B,2025-09-08T08:15:00Z,2025-09-08T08:23:13Z,0.1881,359.8861,249.8762,CV >= 30%
S3B_20250908T102313_vs_HYPERNETS_20250908T104500_RHOW_raw.csv,THFR_raw,Hyp,S3B,Hyp vs S3B,2025-09-08T08:45:00Z,2025-09-08T08:23:13Z,0.1865,431.8289,297.2163,CV >= 30%
S3B_20250912T101927_vs_HYPERNETS_20250912T100000_RHOW_raw.csv,THFR_raw,Hyp,S3B,Hyp vs S3B,2025-09-12T08:00:00Z,2025-09-12T08:19:27Z,2.7756,159.6068,-0.0749,CV >= 30%
S3B_20250912T101927_vs_HYPERNETS_20250912T103000_RHOW_raw.csv,THFR_raw,Hyp,S3B,Hyp vs S3B,2025-09-12T08:30:00Z,2025-09-12T08:19:27Z,2.9076,172.0345,5.1889,CV >= 30%
S3B_20250912T101927_vs_HYPERNETS_20250912T104500_RHOW_raw.csv,THFR_raw,Hyp,S3B,Hyp vs S3B,2025-09-12T08:45:00Z,2025-09-12T08:19:27Z,3.148,132.8139,13.9439,CV >= 30%
S3B_20250916T101544_vs_HYPERNETS_20250916T100000_RHOW_raw.csv,THFR_raw,Hyp,S3B,Hyp vs S3B,2025-09-16T08:00:00Z,2025-09-16T08:15:44Z,1.5591,153.1095,-37.8249,CV >= 30%
S3B_20250916T101544_vs_HYPERNETS_20250916T101500_RHOW_raw.csv,THFR_raw,Hyp,S3B,Hyp vs S3B,2025-09-16T08:15:00Z,2025-09-16T08:15:44Z,1.5935,182.9666,-51.3173,CV >= 30%
S3B_20250916T101544_vs_HYPERNETS_20250916T103000_RHOW_raw.csv,THFR_raw,Hyp,S3B,Hyp vs S3B,2025-09-16T08:30:00Z,2025-09-16T08:15:44Z,1.6352,157.3666,-29.7327,CV >= 30%
S3B_20250916T101544_vs_HYPERNETS_20250916T104500_RHOW_raw.csv,THFR_raw,Hyp,S3B,Hyp vs S3B,2025-09-16T08:45:00Z,2025-09-16T08:15:44Z,1.6689,161.6629,-36.7041,CV >= 30%
S3B_20250917T094933_vs_HYPERNETS_20250917T093000_RHOW_raw.csv,THFR_raw,Hyp,S3B,Hyp vs S3B,2025-09-17T07:30:00Z,2025-09-17T07:49:33Z,-0.5568,1788.0398,1685.2984,CV >= 30%
S3B_20250917T094933_vs_HYPERNETS_20250917T094500_RHOW_raw.csv,THFR_raw,Hyp,S3B,Hyp vs S3B,2025-09-17T07:45:00Z,2025-09-17T07:49:33Z,-0.5511,1394.9724,1236.0282,CV >= 30%
S3B_20250917T094933_vs_HYPERNETS_20250917T100000_RHOW_raw.csv,THFR_raw,Hyp,S3B,Hyp vs S3B,2025-09-17T08:00:00Z,2025-09-17T07:49:33Z,-0.5428,1460.4083,1367.0086,CV >= 30%
S3B_20250917T094933_vs_HYPERNETS_20250917T101500_RHOW_raw.csv,THFR_raw,Hyp,S3B,Hyp vs S3B,2025-09-17T08:15:00Z,2025-09-17T07:49:33Z,-0.5458,1671.9164,1388.4485,CV >= 30%
S3B_20250927T103041_vs_HYPERNETS_20250927T101500_RHOW_raw.csv,THFR_raw,Hyp,S3B,Hyp vs S3B,2025-09-27T08:15:00Z,2025-09-27T08:30:41Z,0.2093,436.0016,421.8121,CV >= 30%
S3B_20250927T103041_vs_HYPERNETS_20250927T103000_RHOW_raw.csv,THFR_raw,Hyp,S3B,Hyp vs S3B,2025-09-27T08:30:00Z,2025-09-27T08:30:41Z,0.1998,321.7602,316.3779,CV >= 30%
S3B_20250927T103041_vs_HYPERNETS_20250927T104500_RHOW_raw.csv,THFR_raw,Hyp,S3B,Hyp vs S3B,2025-09-27T08:45:00Z,2025-09-27T08:30:41Z,0.2009,254.9611,233.8771,CV >= 30%
S3B_20250927T103041_vs_HYPERNETS_20250927T110000_RHOW_raw.csv,THFR_raw,Hyp,S3B,Hyp vs S3B,2025-09-27T09:00:00Z,2025-09-27T08:30:41Z,0.1987,220.0395,163.5175,CV >= 30%
S3B_20251002T100044_vs_HYPERNETS_20251002T094500_RHOW_raw.csv,THFR_raw,Hyp,S3B,Hyp vs S3B,2025-10-02T07:45:00Z,2025-10-02T08:00:44Z,0.8954,52.9772,50.0253,CV >= 30%
S3B_20251002T100044_vs_HYPERNETS_20251002T100000_RHOW_raw.csv,THFR_raw,Hyp,S3B,Hyp vs S3B,2025-10-02T08:00:00Z,2025-10-02T08:00:44Z,0.8888,35.8979,5.332,CV >= 30%
S3B_20251002T100044_vs_HYPERNETS_20251002T101500_RHOW_raw.csv,THFR_raw,Hyp,S3B,Hyp vs S3B,2025-10-02T08:15:00Z,2025-10-02T08:00:44Z,0.866,50.1394,40.0295,CV >= 30%
S3B_20251002T100044_vs_HYPERNETS_20251002T103000_RHOW_raw.csv,THFR_raw,Hyp,S3B,Hyp vs S3B,2025-10-02T08:30:00Z,2025-10-02T08:00:44Z,0.8501,38.8853,24.6541,CV >= 30%
S3B_20251005T102308_vs_HYPERNETS_20251005T101500_RHOW_raw.csv,THFR_raw,Hyp,S3B,Hyp vs S3B,2025-10-05T08:15:00Z,2025-10-05T08:23:08Z,1.185,185.9081,-45.7249,CV >= 30%
S3B_20251005T102308_vs_HYPERNETS_20251005T103000_RHOW_raw.csv,THFR_raw,Hyp,S3B,Hyp vs S3B,2025-10-05T08:30:00Z,2025-10-05T08:23:08Z,1.194,186.9185,-45.2502,CV >= 30%
S3B_20251005T102308_vs_HYPERNETS_20251005T104500_RHOW_raw.csv,THFR_raw,Hyp,S3B,Hyp vs S3B,2025-10-05T08:45:00Z,2025-10-05T08:23:08Z,1.1736,173.4046,-46.4278,CV >= 30%
S3B_20251006T095658_vs_HYPERNETS_20251006T094500_RHOW_raw.csv,THFR_raw,Hyp,S3B,Hyp vs S3B,2025-10-06T07:45:00Z,2025-10-06T07:56:58Z,0.6901,100.1023,-35.1309,CV >= 30%
S3B_20251006T095658_vs_HYPERNETS_20251006T100000_RHOW_raw.csv,THFR_raw,Hyp,S3B,Hyp vs S3B,2025-10-06T08:00:00Z,2025-10-06T07:56:58Z,0.689,98.4444,-35.1022,CV >= 30%
S3B_20251006T095658_vs_HYPERNETS_20251006T101500_RHOW_raw.csv,THFR_raw,Hyp,S3B,Hyp vs S3B,2025-10-06T08:15:00Z,2025-10-06T07:56:58Z,0.6786,96.3284,-45.1136,CV >= 30%
S3B_20251009T101925_vs_HYPERNETS_20251009T100000_RHOW_raw.csv,THFR_raw,Hyp,S3B,Hyp vs S3B,2025-10-09T08:00:00Z,2025-10-09T08:19:25Z,0.2776,173.2859,-132.5297,CV >= 30%
S3B_20251009T101925_vs_HYPERNETS_20251009T101500_RHOW_raw.csv,THFR_raw,Hyp,S3B,Hyp vs S3B,2025-10-09T08:15:00Z,2025-10-09T08:19:25Z,0.2753,194.2721,-111.0659,CV >= 30%
S3B_20251009T101925_vs_HYPERNETS_20251009T103000_RHOW_raw.csv,THFR_raw,Hyp,S3B,Hyp vs S3B,2025-10-09T08:30:00Z,2025-10-09T08:19:25Z,0.2654,184.3905,-126.0664,CV >= 30%
S3B_20251009T101925_vs_HYPERNETS_20251009T104500_RHOW_raw.csv,THFR_raw,Hyp,S3B,Hyp vs S3B,2025-10-09T08:45:00Z,2025-10-09T08:19:25Z,0.254,195.7698,-130.213,CV >= 30%
S3B_20251014T094931_vs_HYPERNETS_20251014T093000_RHOW_raw.csv,THFR_raw,Hyp,S3B,Hyp vs S3B,2025-10-14T07:30:00Z,2025-10-14T07:49:31Z,0.3552,229.572,61.196,CV >= 30%
S3B_20251014T094931_vs_HYPERNETS_20251014T094500_RHOW_raw.csv,THFR_raw,Hyp,S3B,Hyp vs S3B,2025-10-14T07:45:00Z,2025-10-14T07:49:31Z,0.3676,200.0177,68.958,CV >= 30%
S3B_20251014T094931_vs_HYPERNETS_20251014T100000_RHOW_raw.csv,THFR_raw,Hyp,S3B,Hyp vs S3B,2025-10-14T08:00:00Z,2025-10-14T07:49:31Z,0.3748,219.9788,73.588,CV >= 30%
S3B_20251014T094931_vs_HYPERNETS_20251014T101500_RHOW_raw.csv,THFR_raw,Hyp,S3B,Hyp vs S3B,2025-10-14T08:15:00Z,2025-10-14T07:49:31Z,0.3752,249.5324,87.374,CV >= 30%
S3B_20251028T102658_vs_HYPERNETS_20251028T100000_RHOW_raw.csv,THFR_raw,Hyp,S3B,Hyp vs S3B,2025-10-28T09:00:00Z,2025-10-28T09:26:58Z,0.8352,59.86,-17.4682,CV >= 30%
S3B_20251028T102658_vs_HYPERNETS_20251028T101500_RHOW_raw.csv,THFR_raw,Hyp,S3B,Hyp vs S3B,2025-10-28T09:15:00Z,2025-10-28T09:26:58Z,0.8476,37.3573,-16.8615,CV >= 30%
S3B_20251028T102658_vs_HYPERNETS_20251028T103000_RHOW_raw.csv,THFR_raw,Hyp,S3B,Hyp vs S3B,2025-10-28T09:30:00Z,2025-10-28T09:26:58Z,0.8221,38.4265,-26.6972,CV >= 30%
S3B_20251028T102658_vs_HYPERNETS_20251028T104500_RHOW_raw.csv,THFR_raw,Hyp,S3B,Hyp vs S3B,2025-10-28T09:45:00Z,2025-10-28T09:26:58Z,0.7699,75.1616,-31.2079,CV >= 30%
S3B_20251109T101545_vs_HYPERNETS_20251109T100000_RHOW_raw.csv,THFR_raw,Hyp,S3B,Hyp vs S3B,2025-11-09T09:00:00Z,2025-11-09T09:15:45Z,0.9125,145.2678,-56.7822,CV >= 30%
S3B_20251109T101545_vs_HYPERNETS_20251109T101500_RHOW_raw.csv,THFR_raw,Hyp,S3B,Hyp vs S3B,2025-11-09T09:15:00Z,2025-11-09T09:15:45Z,0.9569,147.9801,-37.0584,CV >= 30%
S3B_20251109T101545_vs_HYPERNETS_20251109T103000_RHOW_raw.csv,THFR_raw,Hyp,S3B,Hyp vs S3B,2025-11-09T09:30:00Z,2025-11-09T09:15:45Z,0.9674,135.4779,-56.933,CV >= 30%
S3B_20251109T101545_vs_HYPERNETS_20251109T104500_RHOW_raw.csv,THFR_raw,Hyp,S3B,Hyp vs S3B,2025-11-09T09:45:00Z,2025-11-09T09:15:45Z,0.9907,126.056,-41.2543,CV >= 30%
S3B_20251117T100817_vs_HYPERNETS_20251117T094500_RHOW_raw.csv,THFR_raw,Hyp,S3B,Hyp vs S3B,2025-11-17T08:45:00Z,2025-11-17T09:08:17Z,1.3223,119.8309,119.8309,CV >= 30%
S3B_20251117T100817_vs_HYPERNETS_20251117T100000_RHOW_raw.csv,THFR_raw,Hyp,S3B,Hyp vs S3B,2025-11-17T09:00:00Z,2025-11-17T09:08:17Z,1.2512,99.1297,99.1297,CV >= 30%
S3B_20251117T100817_vs_HYPERNETS_20251117T101500_RHOW_raw.csv,THFR_raw,Hyp,S3B,Hyp vs S3B,2025-11-17T09:15:00Z,2025-11-17T09:08:17Z,1.2076,66.5799,66.5799,CV >= 30%
S3B_20251121T100432_vs_HYPERNETS_20251121T101500_RHOW_raw.csv,THFR_raw,Hyp,S3B,Hyp vs S3B,2025-11-21T09:15:00Z,2025-11-21T09:04:32Z,1.7308,84.9237,-10.9616,CV >= 30%
S3B_20251121T100432_vs_HYPERNETS_20251121T103000_RHOW_raw.csv,THFR_raw,Hyp,S3B,Hyp vs S3B,2025-11-21T09:30:00Z,2025-11-21T09:04:32Z,1.8274,85.4906,-4.8761,CV >= 30%
S3B_20251125T100049_vs_HYPERNETS_20251125T094500_RHOW_raw.csv,THFR_raw,Hyp,S3B,Hyp vs S3B,2025-11-25T08:45:00Z,2025-11-25T09:00:49Z,-0.6719,431.4591,431.4591,CV >= 30%
S3B_20251129T095705_vs_HYPERNETS_20251129T093000_RHOW_raw.csv,THFR_raw,Hyp,S3B,Hyp vs S3B,2025-11-29T08:30:00Z,2025-11-29T08:57:05Z,1.1231,257.6437,-52.0049,CV >= 30%
S3B_20251129T095705_vs_HYPERNETS_20251129T094500_RHOW_raw.csv,THFR_raw,Hyp,S3B,Hyp vs S3B,2025-11-29T08:45:00Z,2025-11-29T08:57:05Z,1.0506,255.5076,-53.0351,CV >= 30%
S3B_20251129T095705_vs_HYPERNETS_20251129T100000_RHOW_raw.csv,THFR_raw,Hyp,S3B,Hyp vs S3B,2025-11-29T09:00:00Z,2025-11-29T08:57:05Z,1.0516,187.2181,-55.557,CV >= 30%
S3B_20251129T095705_vs_HYPERNETS_20251129T101500_RHOW_raw.csv,THFR_raw,Hyp,S3B,Hyp vs S3B,2025-11-29T09:15:00Z,2025-11-29T08:57:05Z,1.0519,192.408,-54.6394,CV >= 30%
S3B_20251217T103045_vs_HYPERNETS_20251217T101500_RHOW_raw.csv,THFR_raw,Hyp,S3B,Hyp vs S3B,2025-12-17T09:15:00Z,2025-12-17T09:30:45Z,1.5205,204.8477,-56.4609,CV >= 30%
S3B_20251217T103045_vs_HYPERNETS_20251217T103000_RHOW_raw.csv,THFR_raw,Hyp,S3B,Hyp vs S3B,2025-12-17T09:30:00Z,2025-12-17T09:30:45Z,1.4699,135.1331,-26.9152,CV >= 30%
S3B_20251217T103045_vs_HYPERNETS_20251217T110000_RHOW_raw.csv,THFR_raw,Hyp,S3B,Hyp vs S3B,2025-12-17T10:00:00Z,2025-12-17T09:30:45Z,1.442,135.9976,-31.9112,CV >= 30%
S3B_20251218T100434_vs_HYPERNETS_20251218T094500_RHOW_raw.csv,THFR_raw,Hyp,S3B,Hyp vs S3B,2025-12-18T08:45:00Z,2025-12-18T09:04:34Z,3.287,150.1692,8.6098,CV >= 30%
S3B_20251218T100434_vs_HYPERNETS_20251218T100000_RHOW_raw.csv,THFR_raw,Hyp,S3B,Hyp vs S3B,2025-12-18T09:00:00Z,2025-12-18T09:04:34Z,7.8957,217.214,217.214,CV >= 30%
S3B_20251230T095319_vs_HYPERNETS_20251230T094500_RHOW_raw.csv,THFR_raw,Hyp,S3B,Hyp vs S3B,2025-12-30T08:45:00Z,2025-12-30T08:53:19Z,2.0808,30.7582,30.7582,CV >= 30%
S3B_20251230T095319_vs_HYPERNETS_20251230T100000_RHOW_raw.csv,THFR_raw,Hyp,S3B,Hyp vs S3B,2025-12-30T09:00:00Z,2025-12-30T08:53:19Z,2.1312,35.4966,35.4966,CV >= 30%
S3B_20251230T095319_vs_HYPERNETS_20251230T101500_RHOW_raw.csv,THFR_raw,Hyp,S3B,Hyp vs S3B,2025-12-30T09:15:00Z,2025-12-30T08:53:19Z,2.1585,41.1426,41.1426,CV >= 30%
PACE_20241210T123329_vs_HYPERNETS_20241210T130000_RHOW_R.csv,MAFR,Hyp,PACE,Hyp vs PACE,2024-12-10T12:00:00Z,2024-12-10T11:33:29Z,0.2218,147.2518,-140.4038,CV >= 50
PACE_20250222T125522_vs_HYPERNETS_20250222T123000_RHOW_R.csv,MAFR,Hyp,PACE,Hyp vs PACE,2025-02-22T11:30:00Z,2025-02-22T11:55:22Z,0.7038,55.6918,-55.6918,CV >= 50
PACE_20250222T125522_vs_HYPERNETS_20250222T124500_RHOW_R.csv,MAFR,Hyp,PACE,Hyp vs PACE,2025-02-22T11:45:00Z,2025-02-22T11:55:22Z,0.8311,34.8015,-34.8015,CV >= 50
PACE_20250222T125522_vs_HYPERNETS_20250222T130000_RHOW_R.csv,MAFR,Hyp,PACE,Hyp vs PACE,2025-02-22T12:00:00Z,2025-02-22T11:55:22Z,0.7813,40.9758,-40.9758,CV >= 50
PACE_20250222T125522_vs_HYPERNETS_20250222T131500_RHOW_R.csv,MAFR,Hyp,PACE,Hyp vs PACE,2025-02-22T12:15:00Z,2025-02-22T11:55:22Z,0.7668,41.6925,-41.6925,CV >= 50
PACE_20250711T124139_vs_HYPERNETS_20250711T121500_RHOW_R.csv,MAFR,Hyp,PACE,Hyp vs PACE,2025-07-11T10:15:00Z,2025-07-11T10:41:39Z,0.7473,62.9943,-62.9943,CV >= 50
PACE_20250711T124139_vs_HYPERNETS_20250711T123000_RHOW_R.csv,MAFR,Hyp,PACE,Hyp vs PACE,2025-07-11T10:30:00Z,2025-07-11T10:41:39Z,0.7172,92.054,-92.054,CV >= 50
PACE_20250711T124139_vs_HYPERNETS_20250711T124500_RHOW_R.csv,MAFR,Hyp,PACE,Hyp vs PACE,2025-07-11T10:45:00Z,2025-07-11T10:41:39Z,0.7212,90.1589,-90.1589,CV >= 50
PACE_20250711T124139_vs_HYPERNETS_20250711T130000_RHOW_R.csv,MAFR,Hyp,PACE,Hyp vs PACE,2025-07-11T11:00:00Z,2025-07-11T10:41:39Z,0.6806,98.5506,-98.5506,CV >= 50
PACE_20251205T115252_vs_HYPERNETS_20251205T113000_RHOW_R.csv,THFR,Hyp,PACE,Hyp vs PACE,2025-12-05T10:30:00Z,2025-12-05T10:52:52Z,0.3984,907.3777,-907.3777,CV >= 50
PACE_20251205T115252_vs_HYPERNETS_20251205T114500_RHOW_R.csv,THFR,Hyp,PACE,Hyp vs PACE,2025-12-05T10:45:00Z,2025-12-05T10:52:52Z,0.3918,905.5252,-905.5252,CV >= 50
PACE_20251205T115252_vs_HYPERNETS_20251205T120000_RHOW_R.csv,THFR,Hyp,PACE,Hyp vs PACE,2025-12-05T11:00:00Z,2025-12-05T10:52:52Z,0.3946,882.6976,-882.6976,CV >= 50
PACE_20251205T115252_vs_HYPERNETS_20251205T121500_RHOW_R.csv,THFR,Hyp,PACE,Hyp vs PACE,2025-12-05T11:15:00Z,2025-12-05T10:52:52Z,0.4136,855.8471,-855.8471,CV >= 50
PACE_20251208T115918_vs_HYPERNETS_20251208T113000_RHOW_R.csv,THFR,Hyp,PACE,Hyp vs PACE,2025-12-08T10:30:00Z,2025-12-08T10:59:18Z,0.4357,141.0371,-138.49,CV >= 50
PACE_20251208T115918_vs_HYPERNETS_20251208T114500_RHOW_R.csv,THFR,Hyp,PACE,Hyp vs PACE,2025-12-08T10:45:00Z,2025-12-08T10:59:18Z,0.4461,113.9894,-112.5582,CV >= 50
PACE_20251208T115918_vs_HYPERNETS_20251208T120000_RHOW_R.csv,THFR,Hyp,PACE,Hyp vs PACE,2025-12-08T11:00:00Z,2025-12-08T10:59:18Z,0.4315,129.5705,-122.7837,CV >= 50
PACE_20251208T115918_vs_HYPERNETS_20251208T121500_RHOW_R.csv,THFR,Hyp,PACE,Hyp vs PACE,2025-12-08T11:15:00Z,2025-12-08T10:59:18Z,0.4383,140.1874,-138.3529,CV >= 50
PACE_20251002T121316_vs_HYPERNETS_20251002T114500_RHOW_pixel.csv,THFR_pixel,Hyp,PACE,Hyp vs PACE,2025-10-02T09:45:00Z,2025-10-02T10:13:16Z,0.8595,45.7074,-45.7074,CV >= 50
PACE_20251002T121316_vs_HYPERNETS_20251002T120000_RHOW_pixel.csv,THFR_pixel,Hyp,PACE,Hyp vs PACE,2025-10-02T10:00:00Z,2025-10-02T10:13:16Z,0.8479,45.5804,-45.5804,CV >= 50
PACE_20251002T121316_vs_HYPERNETS_20251002T121500_RHOW_pixel.csv,THFR_pixel,Hyp,PACE,Hyp vs PACE,2025-10-02T10:15:00Z,2025-10-02T10:13:16Z,0.8122,53.1901,-53.1901,CV >= 50
PACE_20251002T121316_vs_HYPERNETS_20251002T123000_RHOW_pixel.csv,THFR_pixel,Hyp,PACE,Hyp vs PACE,2025-10-02T10:30:00Z,2025-10-02T10:13:16Z,0.8565,46.626,-46.626,CV >= 50
PACE_20251107T115813_vs_HYPERNETS_20251107T113000_RHOW_pixel.csv,THFR_pixel,Hyp,PACE,Hyp vs PACE,2025-11-07T10:30:00Z,2025-11-07T10:58:13Z,0.7097,27.5544,-27.5544,CV >= 50
PACE_20251107T115813_vs_HYPERNETS_20251107T114500_RHOW_pixel.csv,THFR_pixel,Hyp,PACE,Hyp vs PACE,2025-11-07T10:45:00Z,2025-11-07T10:58:13Z,0.7056,28.4425,-28.4425,CV >= 50
PACE_20251107T115813_vs_HYPERNETS_20251107T120000_RHOW_pixel.csv,THFR_pixel,Hyp,PACE,Hyp vs PACE,2025-11-07T11:00:00Z,2025-11-07T10:58:13Z,0.7074,28.2751,-28.2751,CV >= 50
PACE_20251107T115813_vs_HYPERNETS_20251107T121500_RHOW_pixel.csv,THFR_pixel,Hyp,PACE,Hyp vs PACE,2025-11-07T11:15:00Z,2025-11-07T10:58:13Z,0.7117,27.1848,-27.1848,CV >= 50
PACE_20251214T121214_vs_HYPERNETS_20251214T114500_RHOW_pixel.csv,THFR_pixel,Hyp,PACE,Hyp vs PACE,2025-12-14T10:45:00Z,2025-12-14T11:12:14Z,0.4781,66.1433,-61.3803,CV >= 50
PACE_20251214T121214_vs_HYPERNETS_20251214T120000_RHOW_pixel.csv,THFR_pixel,Hyp,PACE,Hyp vs PACE,2025-12-14T11:00:00Z,2025-12-14T11:12:14Z,0.4432,66.8275,-61.7876,CV >= 50
PACE_20251214T121214_vs_HYPERNETS_20251214T121500_RHOW_pixel.csv,THFR_pixel,Hyp,PACE,Hyp vs PACE,2025-12-14T11:15:00Z,2025-12-14T11:12:14Z,0.4048,78.3548,-74.0587,CV >= 50
PACE_20251002T121316_vs_HYPERNETS_20251002T114500_RHOW_raw.csv,THFR_raw,Hyp,PACE,Hyp vs PACE,2025-10-02T09:45:00Z,2025-10-02T10:13:16Z,0.8215,119.1929,-119.1929,CV >= 50
PACE_20251002T121316_vs_HYPERNETS_20251002T120000_RHOW_raw.csv,THFR_raw,Hyp,PACE,Hyp vs PACE,2025-10-02T10:00:00Z,2025-10-02T10:13:16Z,0.8146,117.1491,-117.1491,CV >= 50
PACE_20251002T121316_vs_HYPERNETS_20251002T121500_RHOW_raw.csv,THFR_raw,Hyp,PACE,Hyp vs PACE,2025-10-02T10:15:00Z,2025-10-02T10:13:16Z,0.7844,126.4007,-126.4007,CV >= 50
PACE_20251002T121316_vs_HYPERNETS_20251002T123000_RHOW_raw.csv,THFR_raw,Hyp,PACE,Hyp vs PACE,2025-10-02T10:30:00Z,2025-10-02T10:13:16Z,0.8194,120.1115,-120.1115,CV >= 50
PACE_20251013T120434_vs_HYPERNETS_20251013T114500_RHOW_raw.csv,THFR_raw,Hyp,PACE,Hyp vs PACE,2025-10-13T09:45:00Z,2025-10-13T10:04:34Z,0.6803,158.3461,-158.3461,CV >= 50
PACE_20251013T120434_vs_HYPERNETS_20251013T120000_RHOW_raw.csv,THFR_raw,Hyp,PACE,Hyp vs PACE,2025-10-13T10:00:00Z,2025-10-13T10:04:34Z,0.671,166.2336,-166.2336,CV >= 50
PACE_20251013T120434_vs_HYPERNETS_20251013T121500_RHOW_raw.csv,THFR_raw,Hyp,PACE,Hyp vs PACE,2025-10-13T10:15:00Z,2025-10-13T10:04:34Z,0.6413,179.0676,-179.0676,CV >= 50
PACE_20251013T120434_vs_HYPERNETS_20251013T123000_RHOW_raw.csv,THFR_raw,Hyp,PACE,Hyp vs PACE,2025-10-13T10:30:00Z,2025-10-13T10:04:34Z,0.6867,156.0478,-156.0478,CV >= 50
PACE_20251107T115813_vs_HYPERNETS_20251107T113000_RHOW_raw.csv,THFR_raw,Hyp,PACE,Hyp vs PACE,2025-11-07T10:30:00Z,2025-11-07T10:58:13Z,0.8946,103.9296,-103.9296,CV >= 50
PACE_20251107T115813_vs_HYPERNETS_20251107T114500_RHOW_raw.csv,THFR_raw,Hyp,PACE,Hyp vs PACE,2025-11-07T10:45:00Z,2025-11-07T10:58:13Z,0.8881,106.8357,-106.8357,CV >= 50
PACE_20251107T115813_vs_HYPERNETS_20251107T120000_RHOW_raw.csv,THFR_raw,Hyp,PACE,Hyp vs PACE,2025-11-07T11:00:00Z,2025-11-07T10:58:13Z,0.8929,110.1133,-110.1133,CV >= 50
PACE_20251107T115813_vs_HYPERNETS_20251107T121500_RHOW_raw.csv,THFR_raw,Hyp,PACE,Hyp vs PACE,2025-11-07T11:15:00Z,2025-11-07T10:58:13Z,0.8995,105.6891,-105.6891,CV >= 50
PACE_20251127T120824_vs_HYPERNETS_20251127T114500_RHOW_raw.csv,THFR_raw,Hyp,PACE,Hyp vs PACE,2025-11-27T10:45:00Z,2025-11-27T11:08:24Z,0.8339,74.8485,-74.8485,CV >= 50
PACE_20251127T120824_vs_HYPERNETS_20251127T120000_RHOW_raw.csv,THFR_raw,Hyp,PACE,Hyp vs PACE,2025-11-27T11:00:00Z,2025-11-27T11:08:24Z,0.8654,62.2458,-62.2458,CV >= 50
PACE_20251127T120824_vs_HYPERNETS_20251127T121500_RHOW_raw.csv,THFR_raw,Hyp,PACE,Hyp vs PACE,2025-11-27T11:15:00Z,2025-11-27T11:08:24Z,0.8722,64.3324,-64.3324,CV >= 50
PACE_20251127T120824_vs_HYPERNETS_20251127T123000_RHOW_raw.csv,THFR_raw,Hyp,PACE,Hyp vs PACE,2025-11-27T11:30:00Z,2025-11-27T11:08:24Z,0.89,61.7923,-61.7923,CV >= 50
PACE_20251205T115252_vs_HYPERNETS_20251205T113000_RHOW_raw.csv,THFR_raw,Hyp,PACE,Hyp vs PACE,2025-12-05T10:30:00Z,2025-12-05T10:52:52Z,0.4462,192.7247,-192.7247,CV >= 50
PACE_20251205T115252_vs_HYPERNETS_20251205T114500_RHOW_raw.csv,THFR_raw,Hyp,PACE,Hyp vs PACE,2025-12-05T10:45:00Z,2025-12-05T10:52:52Z,0.4402,187.9476,-187.9476,CV >= 50
PACE_20251205T115252_vs_HYPERNETS_20251205T120000_RHOW_raw.csv,THFR_raw,Hyp,PACE,Hyp vs PACE,2025-12-05T11:00:00Z,2025-12-05T10:52:52Z,0.445,180.9911,-180.9911,CV >= 50
PACE_20251205T115252_vs_HYPERNETS_20251205T121500_RHOW_raw.csv,THFR_raw,Hyp,PACE,Hyp vs PACE,2025-12-05T11:15:00Z,2025-12-05T10:52:52Z,0.4621,174.8313,-174.8313,CV >= 50
PACE_20251208T115918_vs_HYPERNETS_20251208T113000_RHOW_raw.csv,THFR_raw,Hyp,PACE,Hyp vs PACE,2025-12-08T10:30:00Z,2025-12-08T10:59:18Z,0.6137,150.7103,-150.7103,CV >= 50
PACE_20251208T115918_vs_HYPERNETS_20251208T114500_RHOW_raw.csv,THFR_raw,Hyp,PACE,Hyp vs PACE,2025-12-08T10:45:00Z,2025-12-08T10:59:18Z,0.6336,137.2996,-137.2996,CV >= 50
PACE_20251208T115918_vs_HYPERNETS_20251208T120000_RHOW_raw.csv,THFR_raw,Hyp,PACE,Hyp vs PACE,2025-12-08T11:00:00Z,2025-12-08T10:59:18Z,0.6098,147.8913,-147.8913,CV >= 50
PACE_20251208T115918_vs_HYPERNETS_20251208T121500_RHOW_raw.csv,THFR_raw,Hyp,PACE,Hyp vs PACE,2025-12-08T11:15:00Z,2025-12-08T10:59:18Z,0.6155,149.2439,-149.2439,CV >= 50
PACE_20251214T121214_vs_HYPERNETS_20251214T114500_RHOW_raw.csv,THFR_raw,Hyp,PACE,Hyp vs PACE,2025-12-14T10:45:00Z,2025-12-14T11:12:14Z,0.6013,162.5592,-107.3423,CV >= 50
PACE_20251214T121214_vs_HYPERNETS_20251214T120000_RHOW_raw.csv,THFR_raw,Hyp,PACE,Hyp vs PACE,2025-12-14T11:00:00Z,2025-12-14T11:12:14Z,0.5918,157.5866,-97.2845,CV >= 50
PACE_20251214T121214_vs_HYPERNETS_20251214T121500_RHOW_raw.csv,THFR_raw,Hyp,PACE,Hyp vs PACE,2025-12-14T11:15:00Z,2025-12-14T11:12:14Z,0.5553,173.7308,-112.8759,CV >= 50
